{
	"format_version": "1.12.0",
	"minecraft:geometry": [
		{
			"description": {
				"identifier": "geometry.unknown",
				"texture_width": 256,
				"texture_height": 256,
				"visible_bounds_width": 5,
				"visible_bounds_height": 4.5,
				"visible_bounds_offset": [0, 1.75, 0]
			},
			"bones": [
				{
					"name": "LeftArm",
					"pivot": [2.75, 33.6, 0],
					"cubes": [
						{
							"origin": [1.75, 28.6, -1.25],
							"size": [1, 5, 2.5],
							"pivot": [1.75, 33.6, -1.25],
							"rotation": [0, 0, 10],
							"uv": {
								"north": {"uv": [41, 105], "uv_size": [-1, 5]},
								"east": {"uv": [6.5, 59], "uv_size": [-2.5, 5]},
								"south": {"uv": [106, 50], "uv_size": [-1, 5]},
								"west": {"uv": [2.5, 59], "uv_size": [-2.5, 5]},
								"up": {"uv": [95, 130], "uv_size": [-1, 2.5]},
								"down": {"uv": [131, 100.5], "uv_size": [-1, -2.5]}
							}
						},
						{
							"origin": [0.88176, 26.17596, -1.25],
							"size": [1, 2.5, 2.5],
							"uv": {
								"north": {"uv": [101, 130], "uv_size": [-1, 2.5]},
								"east": {"uv": [96.5, 43], "uv_size": [-2.5, 2.5]},
								"south": {"uv": [131, 102], "uv_size": [-1, 2.5]},
								"west": {"uv": [95.5, 64], "uv_size": [-2.5, 2.5]},
								"up": {"uv": [131, 106], "uv_size": [-1, 2.5]},
								"down": {"uv": [110, 132.5], "uv_size": [-1, -2.5]}
							}
						},
						{
							"origin": [1.75, 25.6, -1.25],
							"size": [2, 8, 2.5],
							"uv": {
								"north": {"uv": [26, 40], "uv_size": [-2, 8]},
								"east": {"uv": [25.5, 19], "uv_size": [-2.5, 8]},
								"south": {"uv": [43, 31], "uv_size": [-2, 8]},
								"west": {"uv": [6.5, 23], "uv_size": [-2.5, 8]},
								"up": {"uv": [107, 42], "uv_size": [-2, 2.5]},
								"down": {"uv": [59, 107.5], "uv_size": [-2, -2.5]}
							}
						},
						{
							"origin": [1.5, 28.1, -1.25],
							"size": [2.25, 5.5, 2.5],
							"pivot": [2.75, 33.6, -1.25],
							"rotation": [-6.5, 0, 0],
							"uv": {
								"north": {"uv": [41.5, 52], "uv_size": [-2.5, 5.5]},
								"east": {"uv": [56.5, 46], "uv_size": [-2.5, 5.5]},
								"south": {"uv": [56.5, 39], "uv_size": [-2.5, 5.5]},
								"west": {"uv": [52.5, 52], "uv_size": [-2.5, 5.5]},
								"up": {"uv": [49.5, 94], "uv_size": [-2.5, 2.5]},
								"down": {"uv": [97.5, 2.5], "uv_size": [-2.5, -2.5]}
							}
						},
						{
							"origin": [1.5, 25.13535, -1.87262],
							"size": [2.25, 3, 2.5],
							"pivot": [2.75, 28.13535, -1.87262],
							"rotation": [9.25, 0, 0],
							"uv": {
								"north": {"uv": [88.5, 16], "uv_size": [-2.5, 3]},
								"east": {"uv": [88.5, 24], "uv_size": [-2.5, 3]},
								"south": {"uv": [88.5, 20], "uv_size": [-2.5, 3]},
								"west": {"uv": [21.5, 86], "uv_size": [-2.5, 3]},
								"up": {"uv": [97.5, 4], "uv_size": [-2.5, 2.5]},
								"down": {"uv": [13.5, 97.5], "uv_size": [-2.5, -2.5]}
							}
						},
						{
							"origin": [0.88176, 24.92596, -1.25],
							"size": [2, 1.25, 2.5],
							"pivot": [0.88176, 26.17596, -1.25],
							"rotation": [0, 0, -30],
							"uv": {
								"north": {"uv": [92, 123], "uv_size": [-2, 1.5]},
								"east": {"uv": [66.5, 116], "uv_size": [-2.5, 1.5]},
								"south": {"uv": [95, 123], "uv_size": [-2, 1.5]},
								"west": {"uv": [62.5, 116], "uv_size": [-2.5, 1.5]},
								"up": {"uv": [107, 62], "uv_size": [-2, 2.5]},
								"down": {"uv": [66, 107.5], "uv_size": [-2, -2.5]}
							}
						},
						{
							"origin": [1.49, 27.1, -1.25],
							"size": [2.27, 6.5, 2.5],
							"pivot": [3.75, 33.6, 1.25],
							"rotation": [7.5, 0, 0],
							"uv": {
								"north": {"uv": [35.5, 34], "uv_size": [-2.5, 6.5]},
								"east": {"uv": [2.5, 37], "uv_size": [-2.5, 6.5]},
								"south": {"uv": [38.5, 15], "uv_size": [-2.5, 6.5]},
								"west": {"uv": [38.5, 7], "uv_size": [-2.5, 6.5]},
								"up": {"uv": [97.5, 17], "uv_size": [-2.5, 2.5]},
								"down": {"uv": [97.5, 23.5], "uv_size": [-2.5, -2.5]}
							}
						},
						{
							"origin": [1.51, 25.40561, -0.40158],
							"size": [2.23, 1.75, 2.5],
							"pivot": [2.75, 27.15561, 2.09842],
							"rotation": [-17.5, 0, 0],
							"uv": {
								"north": {"uv": [69.5, 105], "uv_size": [-2.5, 2]},
								"east": {"uv": [107.5, 93], "uv_size": [-2.5, 2]},
								"south": {"uv": [107.5, 90], "uv_size": [-2.5, 2]},
								"west": {"uv": [83.5, 105], "uv_size": [-2.5, 2]},
								"up": {"uv": [35.5, 95], "uv_size": [-2.5, 2.5]},
								"down": {"uv": [29.5, 98.5], "uv_size": [-2.5, -2.5]}
							}
						},
						{
							"origin": [1.75, 32.6, -1.25],
							"size": [2, 1, 2.5],
							"pivot": [3.75, 33.6, 0.5],
							"rotation": [0, 0, -45],
							"uv": {
								"north": {"uv": [104, 137], "uv_size": [-2, 1]},
								"east": {"uv": [132.5, 112], "uv_size": [-2.5, 1]},
								"south": {"uv": [139, 103], "uv_size": [-2, 1]},
								"west": {"uv": [132.5, 110], "uv_size": [-2.5, 1]},
								"up": {"uv": [73, 105], "uv_size": [-2, 2.5]},
								"down": {"uv": [107, 98.5], "uv_size": [-2, -2.5]}
							}
						},
						{
							"origin": [3.71882, 26.8986, -1.25],
							"size": [1, 6, 2.5],
							"pivot": [4.71882, 26.8986, 0.5],
							"rotation": [0, 0, -2.5],
							"uv": {
								"north": {"uv": [52, 94], "uv_size": [-1, 6]},
								"east": {"uv": [37.5, 42], "uv_size": [-2.5, 6]},
								"south": {"uv": [16, 95], "uv_size": [-1, 6]},
								"west": {"uv": [33.5, 42], "uv_size": [-2.5, 6]},
								"up": {"uv": [112, 130], "uv_size": [-1, 2.5]},
								"down": {"uv": [131, 116.5], "uv_size": [-1, -2.5]}
							}
						},
						{
							"origin": [2.71882, 24.8986, -1.25],
							"size": [2, 2, 2.5],
							"pivot": [4.71882, 26.8986, 0.5],
							"rotation": [0, 0, 27.5],
							"uv": {
								"north": {"uv": [114, 40], "uv_size": [-2, 2]},
								"east": {"uv": [108.5, 34], "uv_size": [-2.5, 2]},
								"south": {"uv": [54, 112], "uv_size": [-2, 2]},
								"west": {"uv": [108.5, 11], "uv_size": [-2.5, 2]},
								"up": {"uv": [26, 106], "uv_size": [-2, 2.5]},
								"down": {"uv": [108, 48.5], "uv_size": [-2, -2.5]}
							}
						}
					]
				},
				{
					"name": "LeftForeArm",
					"parent": "LeftArm",
					"pivot": [2.75, 26.1, 0],
					"cubes": [
						{
							"origin": [1.5, 25.1, -1.51],
							"size": [2.25, 1, 3.26],
							"uv": {
								"north": {"uv": [132.5, 62], "uv_size": [-2.5, 1]},
								"east": {"uv": [121.5, 84], "uv_size": [-3.5, 1]},
								"south": {"uv": [132.5, 64], "uv_size": [-2.5, 1]},
								"west": {"uv": [121.5, 60], "uv_size": [-3.5, 1]},
								"up": {"uv": [79.5, 5], "uv_size": [-2.5, 3.5]},
								"down": {"uv": [79.5, 13.5], "uv_size": [-2.5, -3.5]}
							}
						},
						{
							"origin": [1.25, 19.85, -1.75],
							"size": [3, 1.5, 3],
							"uv": {
								"north": {"uv": [70, 108], "uv_size": [-3, 1.5]},
								"east": {"uv": [111, 96], "uv_size": [-3, 1.5]},
								"south": {"uv": [111, 87], "uv_size": [-3, 1.5]},
								"west": {"uv": [83, 108], "uv_size": [-3, 1.5]},
								"up": {"uv": [77, 47], "uv_size": [-3, 3]},
								"down": {"uv": [77, 64], "uv_size": [-3, -3]}
							}
						},
						{
							"origin": [1.51, 20.35, -1.5],
							"size": [2.48, 1.25, 0.75],
							"pivot": [2.75, 20.35, -1.5],
							"rotation": [25, 0, 0],
							"uv": {
								"north": {"uv": [117.5, 97], "uv_size": [-2.5, 1.5]},
								"east": {"uv": [144, 34], "uv_size": [-1, 1.5]},
								"south": {"uv": [117.5, 100], "uv_size": [-2.5, 1.5]},
								"west": {"uv": [144, 31], "uv_size": [-1, 1.5]},
								"up": {"uv": [67.5, 130], "uv_size": [-2.5, 1]},
								"down": {"uv": [132.5, 67], "uv_size": [-2.5, -1]}
							}
						},
						{
							"origin": [1.5, 21.48288, -2.02827],
							"size": [2.5, 4.25, 0.75],
							"pivot": [2.75, 21.48288, -2.02827],
							"rotation": [-7.5, 0, 0],
							"uv": {
								"north": {"uv": [66.5, 37], "uv_size": [-2.5, 4.5]},
								"east": {"uv": [12, 109], "uv_size": [-1, 4.5]},
								"south": {"uv": [41.5, 64], "uv_size": [-2.5, 4.5]},
								"west": {"uv": [1, 109], "uv_size": [-1, 4.5]},
								"up": {"uv": [132.5, 68], "uv_size": [-2.5, 1]},
								"down": {"uv": [132.5, 71], "uv_size": [-2.5, -1]}
							}
						},
						{
							"origin": [1.5, 22.06737, 0.25214],
							"size": [2.25, 4, 1.5],
							"pivot": [1.75, 26.06737, 1.75214],
							"rotation": [7.5, 0, 0],
							"uv": {
								"north": {"uv": [48.5, 70], "uv_size": [-2.5, 4]},
								"east": {"uv": [1.5, 98], "uv_size": [-1.5, 4]},
								"south": {"uv": [72.5, 48], "uv_size": [-2.5, 4]},
								"west": {"uv": [98.5, 72], "uv_size": [-1.5, 4]},
								"up": {"uv": [117.5, 103], "uv_size": [-2.5, 1.5]},
								"down": {"uv": [108.5, 116.5], "uv_size": [-2.5, -1.5]}
							}
						},
						{
							"origin": [1.5, 26.06737, 0.25214],
							"size": [2.25, 1, 1.5],
							"pivot": [1.75, 26.06737, 1.75214],
							"rotation": [15, 0, 0],
							"uv": {
								"north": {"uv": [132.5, 72], "uv_size": [-2.5, 1]},
								"east": {"uv": [144.5, 37], "uv_size": [-1.5, 1]},
								"south": {"uv": [76.5, 130], "uv_size": [-2.5, 1]},
								"west": {"uv": [144.5, 27], "uv_size": [-1.5, 1]},
								"up": {"uv": [117.5, 106], "uv_size": [-2.5, 1.5]},
								"down": {"uv": [2.5, 117.5], "uv_size": [-2.5, -1.5]}
							}
						},
						{
							"origin": [1.5, 27.03329, -0.00668],
							"size": [2.25, 1, 1.5],
							"pivot": [1.75, 27.03329, 1.49332],
							"rotation": [45, 0, 0],
							"uv": {
								"north": {"uv": [132.5, 74], "uv_size": [-2.5, 1]},
								"east": {"uv": [144.5, 58], "uv_size": [-1.5, 1]},
								"south": {"uv": [132.5, 76], "uv_size": [-2.5, 1]},
								"west": {"uv": [144.5, 46], "uv_size": [-1.5, 1]},
								"up": {"uv": [118.5, 0], "uv_size": [-2.5, 1.5]},
								"down": {"uv": [118.5, 4.5], "uv_size": [-2.5, -1.5]}
							}
						},
						{
							"origin": [1.49, 27.7404, -0.71379],
							"size": [2.27, 1, 1.5],
							"pivot": [1.75, 27.7404, 0.78621],
							"rotation": [82.5, 0, 0],
							"uv": {
								"north": {"uv": [132.5, 78], "uv_size": [-2.5, 1]},
								"east": {"uv": [144.5, 79], "uv_size": [-1.5, 1]},
								"south": {"uv": [132.5, 83], "uv_size": [-2.5, 1]},
								"west": {"uv": [144.5, 77], "uv_size": [-1.5, 1]},
								"up": {"uv": [6.5, 116], "uv_size": [-2.5, 1.5]},
								"down": {"uv": [118.5, 13.5], "uv_size": [-2.5, -1.5]}
							}
						},
						{
							"origin": [1.51, 20.10159, 0.77424],
							"size": [2.23, 2, 1.5],
							"pivot": [3.75, 22.10159, 2.27424],
							"rotation": [-30, 0, 0],
							"uv": {
								"north": {"uv": [106.5, 25], "uv_size": [-2.5, 2]},
								"east": {"uv": [88.5, 123], "uv_size": [-1.5, 2]},
								"south": {"uv": [106.5, 87], "uv_size": [-2.5, 2]},
								"west": {"uv": [85.5, 123], "uv_size": [-1.5, 2]},
								"up": {"uv": [20.5, 116], "uv_size": [-2.5, 1.5]},
								"down": {"uv": [118.5, 29.5], "uv_size": [-2.5, -1.5]}
							}
						},
						{
							"origin": [1.01158, 21.4534, -1.5],
							"size": [2, 4.5, 2.75],
							"pivot": [1.01158, 25.9534, -0.5],
							"rotation": [0, 0, 2.5],
							"uv": {
								"north": {"uv": [65, 73], "uv_size": [-2, 4.5]},
								"east": {"uv": [34, 57], "uv_size": [-3, 4.5]},
								"south": {"uv": [76, 71], "uv_size": [-2, 4.5]},
								"west": {"uv": [60, 27], "uv_size": [-3, 4.5]},
								"up": {"uv": [99, 64], "uv_size": [-2, 3]},
								"down": {"uv": [5, 101], "uv_size": [-2, -3]}
							}
						},
						{
							"origin": [1.01158, 25.9534, -1.49],
							"size": [1, 1, 2.74],
							"pivot": [1.01158, 25.9534, -0.5],
							"rotation": [0, 0, 32.5],
							"uv": {
								"north": {"uv": [68, 150], "uv_size": [-1, 1]},
								"east": {"uv": [132.5, 87], "uv_size": [-2.5, 1]},
								"south": {"uv": [72, 150], "uv_size": [-1, 1]},
								"west": {"uv": [132.5, 85], "uv_size": [-2.5, 1]},
								"up": {"uv": [60, 130], "uv_size": [-1, 2.5]},
								"down": {"uv": [70, 132.5], "uv_size": [-1, -2.5]}
							}
						},
						{
							"origin": [1.67566, 20.22896, -1.49],
							"size": [2.25, 1.5, 2.73],
							"pivot": [1.67566, 20.22896, -1.5],
							"rotation": [0, 0, -35],
							"uv": {
								"north": {"uv": [118.5, 31], "uv_size": [-2.5, 1.5]},
								"east": {"uv": [18, 109], "uv_size": [-3, 1.5]},
								"south": {"uv": [118.5, 43], "uv_size": [-2.5, 1.5]},
								"west": {"uv": [112, 8], "uv_size": [-3, 1.5]},
								"up": {"uv": [88.5, 12], "uv_size": [-2.5, 3]},
								"down": {"uv": [17.5, 89], "uv_size": [-2.5, -3]}
							}
						},
						{
							"origin": [3.04689, 21.5463, -1.5],
							"size": [1.5, 4.5, 2.5],
							"pivot": [4.54689, 21.5463, -1.5],
							"rotation": [0, 0, -5],
							"uv": {
								"north": {"uv": [74.5, 90], "uv_size": [-1.5, 4.5]},
								"east": {"uv": [48.5, 64], "uv_size": [-2.5, 4.5]},
								"south": {"uv": [23.5, 91], "uv_size": [-1.5, 4.5]},
								"west": {"uv": [66.5, 43], "uv_size": [-2.5, 4.5]},
								"up": {"uv": [26.5, 116], "uv_size": [-1.5, 2.5]},
								"down": {"uv": [117.5, 56.5], "uv_size": [-1.5, -2.5]}
							}
						},
						{
							"origin": [3.65469, 26.02918, -1.5],
							"size": [0.5, 1, 2.5],
							"pivot": [4.15469, 26.02918, -1.5],
							"rotation": [0, 0, -25],
							"uv": {
								"north": {"uv": [157.5, 115], "uv_size": [-0.5, 1]},
								"east": {"uv": [132.5, 96], "uv_size": [-2.5, 1]},
								"south": {"uv": [157.5, 117], "uv_size": [-0.5, 1]},
								"west": {"uv": [132.5, 94], "uv_size": [-2.5, 1]},
								"up": {"uv": [137.5, 145], "uv_size": [-0.5, 2.5]},
								"down": {"uv": [145.5, 141.5], "uv_size": [-0.5, -2.5]}
							}
						},
						{
							"origin": [1.48883, 19.99404, -1.49],
							"size": [2.25, 1.75, 2.48],
							"pivot": [3.73883, 19.99404, -1.5],
							"rotation": [0, 0, 27.5],
							"uv": {
								"north": {"uv": [114, 34], "uv_size": [-2, 2]},
								"east": {"uv": [107.5, 8], "uv_size": [-2.5, 2]},
								"south": {"uv": [114, 37], "uv_size": [-2, 2]},
								"west": {"uv": [105.5, 104], "uv_size": [-2.5, 2]},
								"up": {"uv": [18, 105], "uv_size": [-2, 2.5]},
								"down": {"uv": [107, 21.5], "uv_size": [-2, -2.5]}
							}
						}
					]
				},
				{
					"name": "LeftHand",
					"parent": "LeftForeArm",
					"pivot": [3, 19.85, 0.25],
					"rotation": [0, 0, 0],
					"cubes": [
						{
							"origin": [1.75, 17.85, -1.25],
							"size": [2, 2.5, 2],
							"uv": {
								"north": {"uv": [7, 104], "uv_size": [-2, 2.5]},
								"east": {"uv": [39, 104], "uv_size": [-2, 2.5]},
								"south": {"uv": [21, 104], "uv_size": [-2, 2.5]},
								"west": {"uv": [106, 15], "uv_size": [-2, 2.5]},
								"up": {"uv": [114, 17], "uv_size": [-2, 2]},
								"down": {"uv": [114, 25], "uv_size": [-2, -2]}
							}
						},
						{
							"origin": [3.75, 19.2, -1.05],
							"size": [0.5, 0.75, 1.6],
							"pivot": [4.25, 19.2, -1.25],
							"rotation": [0, 0, -45],
							"uv": {
								"north": {"uv": [157.5, 111], "uv_size": [-0.5, 1]},
								"east": {"uv": [16.5, 143], "uv_size": [-1.5, 1]},
								"south": {"uv": [157.5, 113], "uv_size": [-0.5, 1]},
								"west": {"uv": [144.5, 6], "uv_size": [-1.5, 1]},
								"up": {"uv": [80.5, 154], "uv_size": [-0.5, 1.5]},
								"down": {"uv": [82.5, 155.5], "uv_size": [-0.5, -1.5]}
							}
						},
						{
							"origin": [3.75, 17.95, -1.05],
							"size": [0.5, 1.25, 1.6],
							"uv": {
								"north": {"uv": [87.5, 154], "uv_size": [-0.5, 1.5]},
								"east": {"uv": [124.5, 134], "uv_size": [-1.5, 1.5]},
								"south": {"uv": [154.5, 87], "uv_size": [-0.5, 1.5]},
								"west": {"uv": [135.5, 117], "uv_size": [-1.5, 1.5]},
								"up": {"uv": [91.5, 154], "uv_size": [-0.5, 1.5]},
								"down": {"uv": [93.5, 155.5], "uv_size": [-0.5, -1.5]}
							}
						},
						{
							"origin": [2.25, 15.6, -1.35],
							"size": [2, 2.25, 1.1],
							"pivot": [3.75, 17.85, -1.25],
							"rotation": [0, 5, 65],
							"uv": {
								"north": {"uv": [106, 71], "uv_size": [-2, 2.5]},
								"east": {"uv": [131, 58], "uv_size": [-1, 2.5]},
								"south": {"uv": [106, 75], "uv_size": [-2, 2.5]},
								"west": {"uv": [58, 130], "uv_size": [-1, 2.5]},
								"up": {"uv": [139, 96], "uv_size": [-2, 1]},
								"down": {"uv": [139, 99], "uv_size": [-2, -1]}
							}
						},
						{
							"origin": [2.75, 15.85, -0.25],
							"size": [1.5, 2, 1.1],
							"pivot": [3.75, 17.85, 0.75],
							"rotation": [0, -5, 72.5],
							"uv": {
								"north": {"uv": [82.5, 123], "uv_size": [-1.5, 2]},
								"east": {"uv": [138, 100], "uv_size": [-1, 2]},
								"south": {"uv": [124.5, 81], "uv_size": [-1.5, 2]},
								"west": {"uv": [101, 137], "uv_size": [-1, 2]},
								"up": {"uv": [19.5, 143], "uv_size": [-1.5, 1]},
								"down": {"uv": [22.5, 144], "uv_size": [-1.5, -1]}
							}
						}
					]
				},
				{
					"name": "LeftThumb",
					"parent": "LeftHand",
					"pivot": [3.05649, 19.58087, -1.25],
					"cubes": [
						{
							"origin": [2.55649, 17.83087, -1.25],
							"size": [1, 1.75, 1.25],
							"pivot": [3.05649, 19.58087, -1.25],
							"rotation": [-37.5, 0, 27.5],
							"uv": {
								"north": {"uv": [87, 137], "uv_size": [-1, 2]},
								"east": {"uv": [79.5, 123], "uv_size": [-1.5, 2]},
								"south": {"uv": [138, 93], "uv_size": [-1, 2]},
								"west": {"uv": [76.5, 123], "uv_size": [-1.5, 2]},
								"up": {"uv": [3, 143], "uv_size": [-1, 1.5]},
								"down": {"uv": [144, 17.5], "uv_size": [-1, -1.5]}
							}
						}
					]
				},
				{
					"name": "LeftHandLocator",
					"parent": "LeftHand",
					"pivot": [2, 17.85, 0.25],
					"rotation": [10.03742, 4.92385, 0.87038]
				},
				{
					"name": "RightArm",
					"pivot": [-2.75, 33.6, 0],
					"cubes": [
						{
							"origin": [-2.75, 28.6, -1.25],
							"size": [1, 5, 2.5],
							"pivot": [-1.75, 33.6, -1.25],
							"rotation": [0, 0, -10],
							"uv": {
								"north": {"uv": [40, 105], "uv_size": [1, 5]},
								"east": {"uv": [0, 59], "uv_size": [2.5, 5]},
								"south": {"uv": [105, 50], "uv_size": [1, 5]},
								"west": {"uv": [4, 59], "uv_size": [2.5, 5]},
								"up": {"uv": [94, 130], "uv_size": [1, 2.5]},
								"down": {"uv": [130, 100.5], "uv_size": [1, -2.5]}
							}
						},
						{
							"origin": [-1.88176, 26.17596, -1.25],
							"size": [1, 2.5, 2.5],
							"uv": {
								"north": {"uv": [100, 130], "uv_size": [1, 2.5]},
								"east": {"uv": [93, 64], "uv_size": [2.5, 2.5]},
								"south": {"uv": [130, 102], "uv_size": [1, 2.5]},
								"west": {"uv": [94, 43], "uv_size": [2.5, 2.5]},
								"up": {"uv": [130, 106], "uv_size": [1, 2.5]},
								"down": {"uv": [109, 132.5], "uv_size": [1, -2.5]}
							}
						},
						{
							"origin": [-3.75, 25.6, -1.25],
							"size": [2, 8, 2.5],
							"uv": {
								"north": {"uv": [24, 40], "uv_size": [2, 8]},
								"east": {"uv": [4, 23], "uv_size": [2.5, 8]},
								"south": {"uv": [41, 31], "uv_size": [2, 8]},
								"west": {"uv": [23, 19], "uv_size": [2.5, 8]},
								"up": {"uv": [105, 42], "uv_size": [2, 2.5]},
								"down": {"uv": [57, 107.5], "uv_size": [2, -2.5]}
							}
						},
						{
							"origin": [-3.75, 28.1, -1.25],
							"size": [2.25, 5.5, 2.5],
							"pivot": [-2.75, 33.6, -1.25],
							"rotation": [-6.5, 0, 0],
							"uv": {
								"north": {"uv": [39, 52], "uv_size": [2.5, 5.5]},
								"east": {"uv": [50, 52], "uv_size": [2.5, 5.5]},
								"south": {"uv": [54, 39], "uv_size": [2.5, 5.5]},
								"west": {"uv": [54, 46], "uv_size": [2.5, 5.5]},
								"up": {"uv": [47, 94], "uv_size": [2.5, 2.5]},
								"down": {"uv": [95, 2.5], "uv_size": [2.5, -2.5]}
							}
						},
						{
							"origin": [-3.75, 25.13535, -1.87262],
							"size": [2.25, 3, 2.5],
							"pivot": [-2.75, 28.13535, -1.87262],
							"rotation": [9.25, 0, 0],
							"uv": {
								"north": {"uv": [86, 16], "uv_size": [2.5, 3]},
								"east": {"uv": [19, 86], "uv_size": [2.5, 3]},
								"south": {"uv": [86, 20], "uv_size": [2.5, 3]},
								"west": {"uv": [86, 24], "uv_size": [2.5, 3]},
								"up": {"uv": [95, 4], "uv_size": [2.5, 2.5]},
								"down": {"uv": [11, 97.5], "uv_size": [2.5, -2.5]}
							}
						},
						{
							"origin": [-2.88176, 24.92596, -1.25],
							"size": [2, 1.25, 2.5],
							"pivot": [-0.88176, 26.17596, -1.25],
							"rotation": [0, 0, 30],
							"uv": {
								"north": {"uv": [90, 123], "uv_size": [2, 1.5]},
								"east": {"uv": [60, 116], "uv_size": [2.5, 1.5]},
								"south": {"uv": [93, 123], "uv_size": [2, 1.5]},
								"west": {"uv": [64, 116], "uv_size": [2.5, 1.5]},
								"up": {"uv": [105, 62], "uv_size": [2, 2.5]},
								"down": {"uv": [64, 107.5], "uv_size": [2, -2.5]}
							}
						},
						{
							"origin": [-3.76, 27.1, -1.25],
							"size": [2.27, 6.5, 2.5],
							"pivot": [-3.75, 33.6, 1.25],
							"rotation": [7.5, 0, 0],
							"uv": {
								"north": {"uv": [33, 34], "uv_size": [2.5, 6.5]},
								"east": {"uv": [36, 7], "uv_size": [2.5, 6.5]},
								"south": {"uv": [36, 15], "uv_size": [2.5, 6.5]},
								"west": {"uv": [0, 37], "uv_size": [2.5, 6.5]},
								"up": {"uv": [95, 17], "uv_size": [2.5, 2.5]},
								"down": {"uv": [95, 23.5], "uv_size": [2.5, -2.5]}
							}
						},
						{
							"origin": [-3.74, 25.40561, -0.40158],
							"size": [2.23, 1.75, 2.5],
							"pivot": [-2.75, 27.15561, 2.09842],
							"rotation": [-17.5, 0, 0],
							"uv": {
								"north": {"uv": [67, 105], "uv_size": [2.5, 2]},
								"east": {"uv": [81, 105], "uv_size": [2.5, 2]},
								"south": {"uv": [105, 90], "uv_size": [2.5, 2]},
								"west": {"uv": [105, 93], "uv_size": [2.5, 2]},
								"up": {"uv": [33, 95], "uv_size": [2.5, 2.5]},
								"down": {"uv": [27, 98.5], "uv_size": [2.5, -2.5]}
							}
						},
						{
							"origin": [-3.75, 32.6, -1.25],
							"size": [2, 1, 2.5],
							"pivot": [-3.75, 33.6, 0.5],
							"rotation": [0, 0, 45],
							"uv": {
								"north": {"uv": [102, 137], "uv_size": [2, 1]},
								"east": {"uv": [130, 110], "uv_size": [2.5, 1]},
								"south": {"uv": [137, 103], "uv_size": [2, 1]},
								"west": {"uv": [130, 112], "uv_size": [2.5, 1]},
								"up": {"uv": [71, 105], "uv_size": [2, 2.5]},
								"down": {"uv": [105, 98.5], "uv_size": [2, -2.5]}
							}
						},
						{
							"origin": [-4.71882, 26.8986, -1.25],
							"size": [1, 6, 2.5],
							"pivot": [-4.71882, 26.8986, 0.5],
							"rotation": [0, 0, 2.5],
							"uv": {
								"north": {"uv": [51, 94], "uv_size": [1, 6]},
								"east": {"uv": [31, 42], "uv_size": [2.5, 6]},
								"south": {"uv": [15, 95], "uv_size": [1, 6]},
								"west": {"uv": [35, 42], "uv_size": [2.5, 6]},
								"up": {"uv": [111, 130], "uv_size": [1, 2.5]},
								"down": {"uv": [130, 116.5], "uv_size": [1, -2.5]}
							}
						},
						{
							"origin": [-4.71882, 24.8986, -1.25],
							"size": [2, 2, 2.5],
							"pivot": [-4.71882, 26.8986, 0.5],
							"rotation": [0, 0, -27.5],
							"uv": {
								"north": {"uv": [112, 40], "uv_size": [2, 2]},
								"east": {"uv": [106, 11], "uv_size": [2.5, 2]},
								"south": {"uv": [52, 112], "uv_size": [2, 2]},
								"west": {"uv": [106, 34], "uv_size": [2.5, 2]},
								"up": {"uv": [24, 106], "uv_size": [2, 2.5]},
								"down": {"uv": [106, 48.5], "uv_size": [2, -2.5]}
							}
						}
					]
				},
				{
					"name": "RightForeArm",
					"parent": "RightArm",
					"pivot": [-2.75, 26.1, 0],
					"cubes": [
						{
							"origin": [-3.75, 25.1, -1.51],
							"size": [2.25, 1, 3.26],
							"uv": {
								"north": {"uv": [130, 62], "uv_size": [2.5, 1]},
								"east": {"uv": [118, 60], "uv_size": [3.5, 1]},
								"south": {"uv": [130, 64], "uv_size": [2.5, 1]},
								"west": {"uv": [118, 84], "uv_size": [3.5, 1]},
								"up": {"uv": [77, 5], "uv_size": [2.5, 3.5]},
								"down": {"uv": [77, 13.5], "uv_size": [2.5, -3.5]}
							}
						},
						{
							"origin": [-4.25, 19.85, -1.75],
							"size": [3, 1.5, 3],
							"uv": {
								"north": {"uv": [67, 108], "uv_size": [3, 1.5]},
								"east": {"uv": [80, 108], "uv_size": [3, 1.5]},
								"south": {"uv": [108, 87], "uv_size": [3, 1.5]},
								"west": {"uv": [108, 96], "uv_size": [3, 1.5]},
								"up": {"uv": [74, 47], "uv_size": [3, 3]},
								"down": {"uv": [74, 64], "uv_size": [3, -3]}
							}
						},
						{
							"origin": [-3.99, 20.35, -1.5],
							"size": [2.48, 1.25, 0.75],
							"pivot": [-2.75, 20.35, -1.5],
							"rotation": [25, 0, 0],
							"uv": {
								"north": {"uv": [115, 97], "uv_size": [2.5, 1.5]},
								"east": {"uv": [143, 31], "uv_size": [1, 1.5]},
								"south": {"uv": [115, 100], "uv_size": [2.5, 1.5]},
								"west": {"uv": [143, 34], "uv_size": [1, 1.5]},
								"up": {"uv": [65, 130], "uv_size": [2.5, 1]},
								"down": {"uv": [130, 67], "uv_size": [2.5, -1]}
							}
						},
						{
							"origin": [-4, 21.48288, -2.02827],
							"size": [2.5, 4.25, 0.75],
							"pivot": [-2.75, 21.48288, -2.02827],
							"rotation": [-7.5, 0, 0],
							"uv": {
								"north": {"uv": [64, 37], "uv_size": [2.5, 4.5]},
								"east": {"uv": [0, 109], "uv_size": [1, 4.5]},
								"south": {"uv": [39, 64], "uv_size": [2.5, 4.5]},
								"west": {"uv": [11, 109], "uv_size": [1, 4.5]},
								"up": {"uv": [130, 68], "uv_size": [2.5, 1]},
								"down": {"uv": [130, 71], "uv_size": [2.5, -1]}
							}
						},
						{
							"origin": [-3.75, 22.06737, 0.25214],
							"size": [2.25, 4, 1.5],
							"pivot": [-1.75, 26.06737, 1.75214],
							"rotation": [7.5, 0, 0],
							"uv": {
								"north": {"uv": [46, 70], "uv_size": [2.5, 4]},
								"east": {"uv": [97, 72], "uv_size": [1.5, 4]},
								"south": {"uv": [70, 48], "uv_size": [2.5, 4]},
								"west": {"uv": [0, 98], "uv_size": [1.5, 4]},
								"up": {"uv": [115, 103], "uv_size": [2.5, 1.5]},
								"down": {"uv": [106, 116.5], "uv_size": [2.5, -1.5]}
							}
						},
						{
							"origin": [-3.75, 26.06737, 0.25214],
							"size": [2.25, 1, 1.5],
							"pivot": [-1.75, 26.06737, 1.75214],
							"rotation": [15, 0, 0],
							"uv": {
								"north": {"uv": [130, 72], "uv_size": [2.5, 1]},
								"east": {"uv": [143, 27], "uv_size": [1.5, 1]},
								"south": {"uv": [74, 130], "uv_size": [2.5, 1]},
								"west": {"uv": [143, 37], "uv_size": [1.5, 1]},
								"up": {"uv": [115, 106], "uv_size": [2.5, 1.5]},
								"down": {"uv": [0, 117.5], "uv_size": [2.5, -1.5]}
							}
						},
						{
							"origin": [-3.75, 27.03329, -0.00668],
							"size": [2.25, 1, 1.5],
							"pivot": [-1.75, 27.03329, 1.49332],
							"rotation": [45, 0, 0],
							"uv": {
								"north": {"uv": [130, 74], "uv_size": [2.5, 1]},
								"east": {"uv": [143, 46], "uv_size": [1.5, 1]},
								"south": {"uv": [130, 76], "uv_size": [2.5, 1]},
								"west": {"uv": [143, 58], "uv_size": [1.5, 1]},
								"up": {"uv": [116, 0], "uv_size": [2.5, 1.5]},
								"down": {"uv": [116, 4.5], "uv_size": [2.5, -1.5]}
							}
						},
						{
							"origin": [-3.76, 27.7404, -0.71379],
							"size": [2.27, 1, 1.5],
							"pivot": [-1.75, 27.7404, 0.78621],
							"rotation": [82.5, 0, 0],
							"uv": {
								"north": {"uv": [130, 78], "uv_size": [2.5, 1]},
								"east": {"uv": [143, 77], "uv_size": [1.5, 1]},
								"south": {"uv": [130, 83], "uv_size": [2.5, 1]},
								"west": {"uv": [143, 79], "uv_size": [1.5, 1]},
								"up": {"uv": [4, 116], "uv_size": [2.5, 1.5]},
								"down": {"uv": [116, 13.5], "uv_size": [2.5, -1.5]}
							}
						},
						{
							"origin": [-3.74, 20.10159, 0.77424],
							"size": [2.23, 2, 1.5],
							"pivot": [-3.75, 22.10159, 2.27424],
							"rotation": [-30, 0, 0],
							"uv": {
								"north": {"uv": [104, 25], "uv_size": [2.5, 2]},
								"east": {"uv": [84, 123], "uv_size": [1.5, 2]},
								"south": {"uv": [104, 87], "uv_size": [2.5, 2]},
								"west": {"uv": [87, 123], "uv_size": [1.5, 2]},
								"up": {"uv": [18, 116], "uv_size": [2.5, 1.5]},
								"down": {"uv": [116, 29.5], "uv_size": [2.5, -1.5]}
							}
						},
						{
							"origin": [-3.01158, 21.4534, -1.5],
							"size": [2, 4.5, 2.75],
							"pivot": [-1.01158, 25.9534, -0.5],
							"rotation": [0, 0, -2.5],
							"uv": {
								"north": {"uv": [63, 73], "uv_size": [2, 4.5]},
								"east": {"uv": [57, 27], "uv_size": [3, 4.5]},
								"south": {"uv": [74, 71], "uv_size": [2, 4.5]},
								"west": {"uv": [31, 57], "uv_size": [3, 4.5]},
								"up": {"uv": [97, 64], "uv_size": [2, 3]},
								"down": {"uv": [3, 101], "uv_size": [2, -3]}
							}
						},
						{
							"origin": [-2.01158, 25.9534, -1.49],
							"size": [1, 1, 2.74],
							"pivot": [-1.01158, 25.9534, -0.5],
							"rotation": [0, 0, -32.5],
							"uv": {
								"north": {"uv": [67, 150], "uv_size": [1, 1]},
								"east": {"uv": [130, 85], "uv_size": [2.5, 1]},
								"south": {"uv": [71, 150], "uv_size": [1, 1]},
								"west": {"uv": [130, 87], "uv_size": [2.5, 1]},
								"up": {"uv": [59, 130], "uv_size": [1, 2.5]},
								"down": {"uv": [69, 132.5], "uv_size": [1, -2.5]}
							}
						},
						{
							"origin": [-3.92566, 20.22896, -1.49],
							"size": [2.25, 1.5, 2.73],
							"pivot": [-1.67566, 20.22896, -1.5],
							"rotation": [0, 0, 35],
							"uv": {
								"north": {"uv": [116, 31], "uv_size": [2.5, 1.5]},
								"east": {"uv": [109, 8], "uv_size": [3, 1.5]},
								"south": {"uv": [116, 43], "uv_size": [2.5, 1.5]},
								"west": {"uv": [15, 109], "uv_size": [3, 1.5]},
								"up": {"uv": [86, 12], "uv_size": [2.5, 3]},
								"down": {"uv": [15, 89], "uv_size": [2.5, -3]}
							}
						},
						{
							"origin": [-4.54689, 21.5463, -1.5],
							"size": [1.5, 4.5, 2.5],
							"pivot": [-4.54689, 21.5463, -1.5],
							"rotation": [0, 0, 5],
							"uv": {
								"north": {"uv": [73, 90], "uv_size": [1.5, 4.5]},
								"east": {"uv": [64, 43], "uv_size": [2.5, 4.5]},
								"south": {"uv": [22, 91], "uv_size": [1.5, 4.5]},
								"west": {"uv": [46, 64], "uv_size": [2.5, 4.5]},
								"up": {"uv": [25, 116], "uv_size": [1.5, 2.5]},
								"down": {"uv": [116, 56.5], "uv_size": [1.5, -2.5]}
							}
						},
						{
							"origin": [-4.15469, 26.02918, -1.5],
							"size": [0.5, 1, 2.5],
							"pivot": [-4.15469, 26.02918, -1.5],
							"rotation": [0, 0, 25],
							"uv": {
								"north": {"uv": [157, 115], "uv_size": [0.5, 1]},
								"east": {"uv": [130, 94], "uv_size": [2.5, 1]},
								"south": {"uv": [157, 117], "uv_size": [0.5, 1]},
								"west": {"uv": [130, 96], "uv_size": [2.5, 1]},
								"up": {"uv": [137, 145], "uv_size": [0.5, 2.5]},
								"down": {"uv": [145, 141.5], "uv_size": [0.5, -2.5]}
							}
						},
						{
							"origin": [-3.73883, 19.99404, -1.49],
							"size": [2.25, 1.75, 2.48],
							"pivot": [-3.73883, 19.99404, -1.5],
							"rotation": [0, 0, -27.5],
							"uv": {
								"north": {"uv": [112, 34], "uv_size": [2, 2]},
								"east": {"uv": [103, 104], "uv_size": [2.5, 2]},
								"south": {"uv": [112, 37], "uv_size": [2, 2]},
								"west": {"uv": [105, 8], "uv_size": [2.5, 2]},
								"up": {"uv": [16, 105], "uv_size": [2, 2.5]},
								"down": {"uv": [105, 21.5], "uv_size": [2, -2.5]}
							}
						}
					]
				},
				{
					"name": "RightHand",
					"parent": "RightForeArm",
					"pivot": [-3, 19.85, 0.25],
					"rotation": [0, 0, 0],
					"cubes": [
						{
							"origin": [-3.75, 17.85, -1.25],
							"size": [2, 2.5, 2],
							"uv": {
								"north": {"uv": [5, 104], "uv_size": [2, 2.5]},
								"east": {"uv": [104, 15], "uv_size": [2, 2.5]},
								"south": {"uv": [19, 104], "uv_size": [2, 2.5]},
								"west": {"uv": [37, 104], "uv_size": [2, 2.5]},
								"up": {"uv": [112, 17], "uv_size": [2, 2]},
								"down": {"uv": [112, 25], "uv_size": [2, -2]}
							}
						},
						{
							"origin": [-4.25, 19.2, -1.05],
							"size": [0.5, 0.75, 1.6],
							"pivot": [-4.25, 19.2, -1.25],
							"rotation": [0, 0, 45],
							"uv": {
								"north": {"uv": [157, 111], "uv_size": [0.5, 1]},
								"east": {"uv": [143, 6], "uv_size": [1.5, 1]},
								"south": {"uv": [157, 113], "uv_size": [0.5, 1]},
								"west": {"uv": [15, 143], "uv_size": [1.5, 1]},
								"up": {"uv": [80, 154], "uv_size": [0.5, 1.5]},
								"down": {"uv": [82, 155.5], "uv_size": [0.5, -1.5]}
							}
						},
						{
							"origin": [-4.25, 17.95, -1.05],
							"size": [0.5, 1.25, 1.6],
							"uv": {
								"north": {"uv": [87, 154], "uv_size": [0.5, 1.5]},
								"east": {"uv": [134, 117], "uv_size": [1.5, 1.5]},
								"south": {"uv": [154, 87], "uv_size": [0.5, 1.5]},
								"west": {"uv": [123, 134], "uv_size": [1.5, 1.5]},
								"up": {"uv": [91, 154], "uv_size": [0.5, 1.5]},
								"down": {"uv": [93, 155.5], "uv_size": [0.5, -1.5]}
							}
						},
						{
							"origin": [-4.25, 15.6, -1.35],
							"size": [2, 2.25, 1.1],
							"pivot": [-3.75, 17.85, -1.25],
							"rotation": [0, -5, -65],
							"uv": {
								"north": {"uv": [104, 71], "uv_size": [2, 2.5]},
								"east": {"uv": [57, 130], "uv_size": [1, 2.5]},
								"south": {"uv": [104, 75], "uv_size": [2, 2.5]},
								"west": {"uv": [130, 58], "uv_size": [1, 2.5]},
								"up": {"uv": [137, 96], "uv_size": [2, 1]},
								"down": {"uv": [137, 99], "uv_size": [2, -1]}
							}
						},
						{
							"origin": [-4.25, 15.85, -0.25],
							"size": [1.5, 2, 1.1],
							"pivot": [-3.75, 17.85, 0.75],
							"rotation": [0, 5, -72.5],
							"uv": {
								"north": {"uv": [81, 123], "uv_size": [1.5, 2]},
								"east": {"uv": [100, 137], "uv_size": [1, 2]},
								"south": {"uv": [123, 81], "uv_size": [1.5, 2]},
								"west": {"uv": [137, 100], "uv_size": [1, 2]},
								"up": {"uv": [18, 143], "uv_size": [1.5, 1]},
								"down": {"uv": [21, 144], "uv_size": [1.5, -1]}
							}
						}
					]
				},
				{
					"name": "RightThumb",
					"parent": "RightHand",
					"pivot": [-3.05649, 19.58087, -1.25],
					"cubes": [
						{
							"origin": [-3.55649, 17.83087, -1.25],
							"size": [1, 1.75, 1.25],
							"pivot": [-3.05649, 19.58087, -1.25],
							"rotation": [-37.5, 0, -27.5],
							"uv": {
								"north": {"uv": [86, 137], "uv_size": [1, 2]},
								"east": {"uv": [75, 123], "uv_size": [1.5, 2]},
								"south": {"uv": [137, 93], "uv_size": [1, 2]},
								"west": {"uv": [78, 123], "uv_size": [1.5, 2]},
								"up": {"uv": [2, 143], "uv_size": [1, 1.5]},
								"down": {"uv": [143, 17.5], "uv_size": [1, -1.5]}
							}
						}
					]
				},
				{
					"name": "RightHandLocator",
					"parent": "RightHand",
					"pivot": [-2, 17.85, 0.25],
					"rotation": [10.03742, -4.92385, -0.87038]
				}
			]
		}
	]
}