{
	"format_version": "1.12.0",
	"minecraft:geometry": [
		{
			"description": {
				"identifier": "geometry.unknown",
				"texture_width": 256,
				"texture_height": 256,
				"visible_bounds_width": 5,
				"visible_bounds_height": 4.5,
				"visible_bounds_offset": [0, 1.75, 0]
			},
			"bones": [
				{
					"name": "arrow",
					"pivot": [2.83079, 0.00187, 0.26022],
					"rotation": [-180, 0, -90],
					"cubes": [
						{
							"origin": [2.48756, -4.83348, 0],
							"size": [1.5, 4, 0.52],
							"uv": {
								"north": {"uv": [20, 183], "uv_size": [6, 16]},
								"east": {"uv": [20, 184.5], "uv_size": [0.5, 3]},
								"south": {"uv": [26, 183], "uv_size": [-6, 16]},
								"west": {"uv": [10, 177.5], "uv_size": [0, 3]},
								"up": {"uv": [26, 183.5], "uv_size": [-6, -0.5]},
								"down": {"uv": [20, 195], "uv_size": [6, -0.5]}
							}
						},
						{
							"origin": [0.73756, -7.33348, 0.26],
							"size": [2.75, 6.75, 0],
							"uv": {
								"north": {"uv": [0.5, 183], "uv_size": [11, 27]},
								"east": {"uv": [0, 177], "uv_size": [0, 5]},
								"south": {"uv": [11.5, 182.5], "uv_size": [-11, 27]},
								"west": {"uv": [2, 177], "uv_size": [0, 5]},
								"up": {"uv": [0, 177], "uv_size": [2, 0]},
								"down": {"uv": [2, 177], "uv_size": [2, 0]}
							}
						},
						{
							"origin": [1.73756, -1.33348, 0.01],
							"size": [1, 0.5, 0.5],
							"uv": {
								"north": {"uv": [33, 184.5], "uv_size": [-4, 2]},
								"east": {"uv": [9, 177], "uv_size": [0.5, 0.5]},
								"south": {"uv": [29, 184.5], "uv_size": [4, 2]},
								"west": {"uv": [10, 177], "uv_size": [0.5, 0.5]},
								"up": {"uv": [9, 177.5], "uv_size": [1, -0.5]},
								"down": {"uv": [10, 177.5], "uv_size": [1, -0.5]}
							}
						},
						{
							"origin": [1.284, -1.83348, 0.02],
							"size": [0.5, 0.25, 0.48],
							"pivot": [1.284, -1.33348, 0.26],
							"rotation": [0, 0, -45],
							"uv": {
								"north": {"uv": [10, 178.5], "uv_size": [0, 0]},
								"east": {"uv": [10, 178.5], "uv_size": [0, 0]},
								"south": {"uv": [10, 178.5], "uv_size": [0, 0]},
								"west": {"uv": [10, 178.5], "uv_size": [0, 0]},
								"up": {"uv": [10, 178.5], "uv_size": [0, 0]},
								"down": {"uv": [10, 178.5], "uv_size": [0, 0]}
							}
						},
						{
							"origin": [2.134, -2.08348, 0.02],
							"size": [0.5, 0.75, 0.48],
							"pivot": [2.134, -1.33348, 0.26],
							"rotation": [0, 0, -42.5],
							"uv": {
								"north": {"uv": [8.5, 177], "uv_size": [0.5, 0.5]},
								"east": {"uv": [8.5, 177], "uv_size": [0.5, 0.5]},
								"south": {"uv": [8.5, 177], "uv_size": [0.5, 0.5]},
								"west": {"uv": [8.5, 177], "uv_size": [0.5, 0.5]},
								"up": {"uv": [9, 177.5], "uv_size": [-0.5, -0.5]},
								"down": {"uv": [9, 177.5], "uv_size": [-0.5, -0.5]}
							}
						},
						{
							"origin": [3.98756, -2.33348, 0.01],
							"size": [0.5, 2, 0.5],
							"uv": {
								"north": {"uv": [26, 183], "uv_size": [2, 8]},
								"east": {"uv": [9, 177.5], "uv_size": [0, 2]},
								"south": {"uv": [9, 177.5], "uv_size": [0, 2]},
								"west": {"uv": [9, 177.5], "uv_size": [0, 2]},
								"up": {"uv": [9, 177.5], "uv_size": [0, 0]},
								"down": {"uv": [9, 177.5], "uv_size": [0, 0]}
							}
						},
						{
							"origin": [3.73756, -4.83348, 0.01],
							"size": [0.75, 2.5, 0.5],
							"pivot": [4.48756, -2.33348, 0.26],
							"rotation": [0, 0, 9.25],
							"uv": {
								"north": {"uv": [29, 187], "uv_size": [3, 8]},
								"east": {"uv": [20.5, 186], "uv_size": [0.5, 2]},
								"south": {"uv": [32, 187], "uv_size": [-3, 8]},
								"west": {"uv": [9, 177.5], "uv_size": [0, 2]},
								"up": {"uv": [9, 177.5], "uv_size": [0, 0]},
								"down": {"uv": [9, 177.5], "uv_size": [0, 0]}
							}
						},
						{
							"origin": [3.3357, -6.30098, 0.01],
							"size": [0.75, 1.5, 0.5],
							"pivot": [4.0857, -4.80098, 0.26],
							"rotation": [0, 0, 22.5],
							"uv": {
								"north": {"uv": [21.5, 185.5], "uv_size": [0.5, 1]},
								"east": {"uv": [21.5, 185.5], "uv_size": [0, 1]},
								"south": {"uv": [21.5, 185.5], "uv_size": [0.5, 1]},
								"west": {"uv": [21.5, 185.5], "uv_size": [0, 1]},
								"up": {"uv": [21.5, 185.5], "uv_size": [0, 0]},
								"down": {"uv": [21.5, 185.5], "uv_size": [0, 0]}
							}
						},
						{
							"origin": [1.33756, -2.33348, 0.01],
							"size": [0.4, 1.5, 0.5],
							"uv": {
								"north": {"uv": [12, 191], "uv_size": [2, 6]},
								"east": {"uv": [13.5, 191], "uv_size": [0.5, 6]},
								"south": {"uv": [12, 191], "uv_size": [2, 6]},
								"west": {"uv": [9, 177.5], "uv_size": [0.5, 1]},
								"up": {"uv": [9.5, 178.5], "uv_size": [-0.5, -1]},
								"down": {"uv": [12.5, 197.5], "uv_size": [-0.5, -0.5]}
							}
						},
						{
							"origin": [2.28, 0.72, -0.242],
							"size": [1.25, 1.5, 1.004],
							"uv": {
								"north": {"uv": [19.5, 199.5], "uv_size": [5, 6]},
								"east": {"uv": [0, 179], "uv_size": [1, 1]},
								"south": {"uv": [24.5, 199.5], "uv_size": [-5, 6]},
								"west": {"uv": [2, 179], "uv_size": [1, 1]},
								"up": {"uv": [28.5, 182.5], "uv_size": [-5, -4]},
								"down": {"uv": [2, 179], "uv_size": [1, -1]}
							}
						},
						{
							"origin": [1.78, -0.88, 0.01],
							"size": [0.5, 1.5, 0.5],
							"uv": {
								"north": {"uv": [14.5, 183], "uv_size": [-2.5, 7.5]},
								"east": {"uv": [19.5, 183], "uv_size": [-2.5, 7.5]},
								"south": {"uv": [12, 183], "uv_size": [2.5, 7.5]},
								"west": {"uv": [14.5, 183], "uv_size": [2.5, 7.5]},
								"up": {"uv": [13, 182], "uv_size": [-1, 1]},
								"down": {"uv": [13, 183], "uv_size": [-1, -1]}
							}
						},
						{
							"origin": [1.08997, 0.05686, -0.241],
							"size": [1.5, 1.25, 1.002],
							"pivot": [1.08997, 1.30686, -0.24],
							"rotation": [0, 0, -37.5],
							"uv": {
								"north": {"uv": [25, 200], "uv_size": [6, 5]},
								"east": {"uv": [0, 179], "uv_size": [1, 1]},
								"south": {"uv": [31, 200], "uv_size": [-6, 5]},
								"west": {"uv": [2, 179], "uv_size": [1, 1]},
								"up": {"uv": [23, 182.5], "uv_size": [-6, -4]},
								"down": {"uv": [2, 179], "uv_size": [1, -1]}
							}
						},
						{
							"origin": [1.27365, -0.21208, -0.239],
							"size": [0.5, 0.75, 0.998],
							"pivot": [1.27365, 0.53792, -0.24],
							"rotation": [0, 0, -45],
							"uv": {
								"north": {"uv": [32.5, 193.5], "uv_size": [2, 3]},
								"east": {"uv": [32.5, 190], "uv_size": [4, 3]},
								"south": {"uv": [34.5, 193.5], "uv_size": [-2, 3]},
								"west": {"uv": [2, 179], "uv_size": [1, 1]},
								"up": {"uv": [1, 178], "uv_size": [1, 1]},
								"down": {"uv": [2, 179], "uv_size": [1, -1]}
							}
						},
						{
							"origin": [1.0246, -0.69029, -0.24],
							"size": [0.75, 1.25, 1],
							"pivot": [1.0246, 0.55971, -0.24],
							"rotation": [0, 0, -85],
							"uv": {
								"north": {"uv": [12, 200.5], "uv_size": [3, 5]},
								"east": {"uv": [6, 178], "uv_size": [1, 1]},
								"south": {"uv": [15, 200.5], "uv_size": [-3, 5]},
								"west": {"uv": [2, 179], "uv_size": [1, 1]},
								"up": {"uv": [37.5, 189.5], "uv_size": [-4, -4]},
								"down": {"uv": [2, 179], "uv_size": [1, -1]}
							}
						},
						{
							"origin": [3.53, 1.22, -0.241],
							"size": [1.25, 1, 1.002],
							"pivot": [3.53, 2.22, -0.24],
							"rotation": [0, 0, 40],
							"uv": {
								"north": {"uv": [26.5, 195.5], "uv_size": [5, 4]},
								"east": {"uv": [0, 179], "uv_size": [1, 1]},
								"south": {"uv": [31.5, 195.5], "uv_size": [-5, 4]},
								"west": {"uv": [2, 179], "uv_size": [1, 1]},
								"up": {"uv": [34, 182.5], "uv_size": [-5, -4]},
								"down": {"uv": [2, 179], "uv_size": [1, -1]}
							}
						},
						{
							"origin": [3.48756, -0.83348, -0.24],
							"size": [0.99, 2.25, 1],
							"uv": {
								"north": {"uv": [15, 191], "uv_size": [4, 9]},
								"east": {"uv": [15, 200.5], "uv_size": [4, 9]},
								"south": {"uv": [19, 191], "uv_size": [-4, 9]},
								"west": {"uv": [1, 179], "uv_size": [1, 2]},
								"up": {"uv": [1, 178], "uv_size": [0, 1]},
								"down": {"uv": [1, 179], "uv_size": [0, -1]}
							}
						},
						{
							"origin": [3.55756, 1.31652, -0.11],
							"size": [0.75, 0.75, 0.75],
							"uv": {
								"north": {"uv": [32, 197], "uv_size": [3, 3]},
								"east": {"uv": [0, 179], "uv_size": [1, 2]},
								"south": {"uv": [32, 197], "uv_size": [3, 3]},
								"west": {"uv": [35.5, 197], "uv_size": [3, 3]},
								"up": {"uv": [1, 178], "uv_size": [0, 1]},
								"down": {"uv": [1, 179], "uv_size": [0, -1]}
							}
						},
						{
							"origin": [3.68756, -1.83348, -0.25],
							"size": [0.8, 1, 1.02],
							"pivot": [4.48756, -0.83348, -0.24],
							"rotation": [0, 0, 50],
							"uv": {
								"north": {"uv": [13, 178.25], "uv_size": [3.5, 4.25]},
								"east": {"uv": [9, 178.5], "uv_size": [4, 4]},
								"south": {"uv": [16.5, 178.25], "uv_size": [-3.5, 4.25]},
								"west": {"uv": [1, 179], "uv_size": [1, 1]},
								"up": {"uv": [1, 178], "uv_size": [0, 1]},
								"down": {"uv": [1, 179], "uv_size": [0, -1]}
							}
						},
						{
							"origin": [0.68, 0.72, -0.365],
							"size": [0.75, 0.375, 0.4],
							"pivot": [1.43, 1.095, -0.365],
							"rotation": [0, 15.25, 0],
							"uv": {
								"north": {"uv": [19.5, 206.5], "uv_size": [3, 1.5]},
								"east": {"uv": [13, 207], "uv_size": [0.5, 0.375]},
								"south": {"uv": [22.5, 206.5], "uv_size": [-3, 1.5]},
								"west": {"uv": [13, 207], "uv_size": [0.5, 0.375]},
								"up": {"uv": [19.5, 208], "uv_size": [3, -1.5]},
								"down": {"uv": [19.5, 208], "uv_size": [3, -1.5]}
							}
						},
						{
							"origin": [-0.57, 0.72, -0.115],
							"size": [1, 0.375, 0.4],
							"pivot": [0.43, 1.095, 0.135],
							"rotation": [0, -7.5, 0],
							"uv": {
								"north": {"uv": [24.5, 206.5], "uv_size": [-4.5, 1.5]},
								"east": {"uv": [16, 206], "uv_size": [-0.5, 0.375]},
								"south": {"uv": [20, 206.5], "uv_size": [4.5, 1.5]},
								"west": {"uv": [16, 206], "uv_size": [-0.5, 0.375]},
								"up": {"uv": [24.5, 208], "uv_size": [-4.5, -1.5]},
								"down": {"uv": [24.5, 208], "uv_size": [-4.5, -1.5]}
							}
						},
						{
							"origin": [-0.57, 0.72, 0.235],
							"size": [1, 0.375, 0.4],
							"pivot": [0.43, 1.095, 0.385],
							"rotation": [0, 7.5, 0],
							"uv": {
								"north": {"uv": [24.5, 206.5], "uv_size": [-4.5, 1.5]},
								"east": {"uv": [16, 206], "uv_size": [0.5, 0.375]},
								"south": {"uv": [20, 206.5], "uv_size": [4.5, 1.5]},
								"west": {"uv": [13.5, 207], "uv_size": [0.5, 0.375]},
								"up": {"uv": [24.5, 206.5], "uv_size": [-4.5, 1.5]},
								"down": {"uv": [24.5, 206.5], "uv_size": [-4.5, 1.5]}
							}
						},
						{
							"origin": [0.68, 0.72, 0.485],
							"size": [0.75, 0.375, 0.4],
							"pivot": [1.43, 1.095, 0.885],
							"rotation": [0, -15.25, 0],
							"uv": {
								"north": {"uv": [19.5, 206.5], "uv_size": [3, 1.5]},
								"east": {"uv": [13.5, 207], "uv_size": [-0.5, 0.375]},
								"south": {"uv": [22.5, 206.5], "uv_size": [-3, 1.5]},
								"west": {"uv": [13.5, 207], "uv_size": [-0.5, 0.375]},
								"up": {"uv": [19.5, 206.5], "uv_size": [3, 1.5]},
								"down": {"uv": [19.5, 206.5], "uv_size": [3, 1.5]}
							}
						},
						{
							"origin": [0.36, 0.67, -0.24],
							"size": [0.5, 0.5, 1],
							"uv": {
								"north": {"uv": [15, 210], "uv_size": [2, 2]},
								"east": {"uv": [13.5, 208], "uv_size": [1, 0.5]},
								"south": {"uv": [17, 210], "uv_size": [-2, 2]},
								"west": {"uv": [13.5, 208], "uv_size": [1, 0.5]},
								"up": {"uv": [15, 210.5], "uv_size": [2, -0.5]},
								"down": {"uv": [13, 208.5], "uv_size": [-0.5, -1]}
							}
						}
					]
				}
			]
		}
	]
}