{
	"format_version": "1.12.0",
	"minecraft:geometry": [
		{
			"description": {
				"identifier": "geometry.unknown",
				"texture_width": 128,
				"texture_height": 128,
				"visible_bounds_width": 7,
				"visible_bounds_height": 7,
				"visible_bounds_offset": [0, 2.5, 0]
			},
			"bones": [
				{
					"name": "Root",
					"pivot": [0, -0.35, -5]
				},
				{
					"name": "MAllBody",
					"parent": "Root",
					"pivot": [0, 20.65, 0]
				},
				{
					"name": "AllBody",
					"parent": "MAllBody",
					"pivot": [0, 20.65, 0]
				},
				{
					"name": "UpBody",
					"parent": "AllBody",
					"pivot": [0, 20.65, 0]
				},
				{
					"name": "MUpperBody",
					"parent": "UpBody",
					"pivot": [0, 20.65, 0]
				},
				{
					"name": "UpperBody",
					"parent": "MUpperBody",
					"pivot": [0, 20.65, 0],
					"cubes": [
						{
							"origin": [-3.55, 22.89747, -12.65834],
							"size": [7.075, 6, 4],
							"pivot": [0, -0.2, 1.25],
							"rotation": [-22.5, 0, 0],
							"uv": {
								"north": {"uv": [7, 14], "uv_size": [7, 6]},
								"east": {"uv": [8, 39], "uv_size": [4, 6]},
								"south": {"uv": [14, 7], "uv_size": [7, 6]},
								"west": {"uv": [39, 20], "uv_size": [4, 6]},
								"up": {"uv": [33, 0], "uv_size": [7, 4]},
								"down": {"uv": [33, 8], "uv_size": [7, -4]}
							}
						}
					]
				},
				{
					"name": "AllHead",
					"parent": "UpperBody",
					"pivot": [0, 32.425, -0.025],
					"cubes": [
						{
							"origin": [-1.5, 29.925, -0.825],
							"size": [3, 4, 3],
							"uv": {
								"north": {"uv": [51, 14], "uv_size": [3, 4]},
								"east": {"uv": [22, 51], "uv_size": [3, 4]},
								"south": {"uv": [25, 51], "uv_size": [3, 4]},
								"west": {"uv": [4, 52], "uv_size": [3, 4]},
								"up": {"uv": [52, 56], "uv_size": [3, 3]},
								"down": {"uv": [57, 3], "uv_size": [3, -3]}
							}
						},
						{
							"origin": [-0.5, 33.175, -11.825],
							"size": [1, 1, 1],
							"pivot": [0, 2.25, -12.55],
							"rotation": [-20, 0, 0],
							"uv": {
								"north": {"uv": [69, 60], "uv_size": [1, 1]},
								"east": {"uv": [61, 69], "uv_size": [1, 1]},
								"south": {"uv": [69, 61], "uv_size": [1, 1]},
								"west": {"uv": [62, 69], "uv_size": [1, 1]},
								"up": {"uv": [69, 62], "uv_size": [1, 1]},
								"down": {"uv": [63, 70], "uv_size": [1, -1]}
							}
						}
					]
				},
				{
					"name": "MHead",
					"parent": "AllHead",
					"pivot": [0, 33.05, 0]
				},
				{
					"name": "Head",
					"parent": "MHead",
					"pivot": [0, 33.05, 0],
					"cubes": [
						{
							"origin": [-3.5, 33.05, -3.5],
							"size": [7, 7, 7],
							"uv": {
								"north": {"uv": [0, 0], "uv_size": [7, 7]},
								"east": {"uv": [0, 7], "uv_size": [7, 7]},
								"south": {"uv": [7, 0], "uv_size": [7, 7]},
								"west": {"uv": [7, 7], "uv_size": [7, 7]},
								"up": {"uv": [0, 14], "uv_size": [7, 7]},
								"down": {"uv": [14, 7], "uv_size": [7, -7]}
							}
						},
						{
							"origin": [-1.5, 33.05, -3.51],
							"size": [3, 2, 1],
							"uv": {
								"north": {"uv": [81, 96], "uv_size": [47, 32]},
								"east": {"uv": [105, 81], "uv_size": [23, 14]},
								"south": {"uv": [105, 77], "uv_size": [15, 9]},
								"west": {"uv": [103, 82], "uv_size": [25, 13]},
								"up": {"uv": [98, 95], "uv_size": [30, -12]},
								"down": {"uv": [104, 95], "uv_size": [24, -10]}
							}
						},
						{
							"origin": [-5.25, 38.05, -3.75],
							"size": [2, 0.5, 1],
							"pivot": [-6.75, 1, -0.25],
							"rotation": [0, 0, 10],
							"uv": {
								"north": {"uv": [26, 55], "uv_size": [2, 1]},
								"east": {"uv": [13, 57], "uv_size": [1, 1]},
								"south": {"uv": [67, 13], "uv_size": [2, 1]},
								"west": {"uv": [25, 58], "uv_size": [1, 1]},
								"up": {"uv": [67, 14], "uv_size": [2, 1]},
								"down": {"uv": [67, 28], "uv_size": [2, -1]}
							}
						}
					]
				},
				{
					"name": "Hair",
					"parent": "Head",
					"pivot": [-0.14783, 37.76957, 0.42174],
					"cubes": [
						{
							"origin": [-4.325, 39.9, -1.95],
							"size": [4, 2, 6],
							"pivot": [0, 42.25, -1],
							"rotation": [-10, 0, -10],
							"uv": {
								"north": {"uv": [58, 43], "uv_size": [4, 2]},
								"east": {"uv": [7, 52], "uv_size": [6, 2]},
								"south": {"uv": [3, 59], "uv_size": [4, 2]},
								"west": {"uv": [52, 26], "uv_size": [6, 2]},
								"up": {"uv": [39, 26], "uv_size": [4, 6]},
								"down": {"uv": [40, 6], "uv_size": [4, -6]}
							}
						},
						{
							"origin": [-1.725, 32.05, 9.2],
							"size": [3.9, 7, 2],
							"pivot": [-1.35, 0.75, 2.45],
							"rotation": [10.23392, 12.33571, 1.98765],
							"uv": {
								"north": {"uv": [21, 34], "uv_size": [4, 7]},
								"east": {"uv": [48, 50], "uv_size": [2, 7]},
								"south": {"uv": [25, 34], "uv_size": [4, 7]},
								"west": {"uv": [50, 50], "uv_size": [2, 7]},
								"up": {"uv": [25, 59], "uv_size": [4, 2]},
								"down": {"uv": [59, 47], "uv_size": [4, -2]}
							}
						},
						{
							"origin": [-5.09886, 33.42557, -1.8],
							"size": [1, 6, 1],
							"pivot": [0, 33, 0],
							"rotation": [0, 0, 5],
							"uv": {
								"north": {"uv": [16, 62], "uv_size": [1, 6]},
								"east": {"uv": [17, 62], "uv_size": [1, 6]},
								"south": {"uv": [18, 62], "uv_size": [1, 6]},
								"west": {"uv": [19, 62], "uv_size": [1, 6]},
								"up": {"uv": [57, 59], "uv_size": [1, 1]},
								"down": {"uv": [12, 61], "uv_size": [1, -1]}
							}
						},
						{
							"origin": [-7.94886, 35.00057, -1.8],
							"size": [1, 1, 1],
							"pivot": [0, 33, 0],
							"rotation": [0, 0, 42.5],
							"uv": {
								"north": {"uv": [64, 9], "uv_size": [1, 1]},
								"east": {"uv": [64, 52], "uv_size": [1, 1]},
								"south": {"uv": [45, 68], "uv_size": [1, 1]},
								"west": {"uv": [68, 47], "uv_size": [1, 1]},
								"up": {"uv": [48, 68], "uv_size": [1, 1]},
								"down": {"uv": [68, 49], "uv_size": [1, -1]}
							}
						},
						{
							"origin": [-5.34886, 35.42557, -2.8],
							"size": [1, 4, 1],
							"pivot": [0, 33, 0],
							"rotation": [0, 0, 10],
							"uv": {
								"north": {"uv": [41, 32], "uv_size": [1, 4]},
								"east": {"uv": [33, 63], "uv_size": [1, 4]},
								"south": {"uv": [63, 35], "uv_size": [1, 4]},
								"west": {"uv": [55, 63], "uv_size": [1, 4]},
								"up": {"uv": [49, 68], "uv_size": [1, 1]},
								"down": {"uv": [68, 50], "uv_size": [1, -1]}
							}
						},
						{
							"origin": [-5.09886, 30.42557, -1.8],
							"size": [1, 2, 1],
							"pivot": [0, 33, 0],
							"rotation": [0, 0, 27.5],
							"uv": {
								"north": {"uv": [42, 18], "uv_size": [1, 2]},
								"east": {"uv": [41, 50], "uv_size": [1, 2]},
								"south": {"uv": [13, 52], "uv_size": [1, 2]},
								"west": {"uv": [53, 12], "uv_size": [1, 2]},
								"up": {"uv": [68, 52], "uv_size": [1, 1]},
								"down": {"uv": [68, 54], "uv_size": [1, -1]}
							}
						},
						{
							"origin": [4.14886, 30.42557, -1.8],
							"size": [1, 2, 1],
							"pivot": [0, 33, 0],
							"rotation": [0, 0, -20],
							"uv": {
								"north": {"uv": [3, 54], "uv_size": [1, 2]},
								"east": {"uv": [30, 56], "uv_size": [1, 2]},
								"south": {"uv": [43, 56], "uv_size": [1, 2]},
								"west": {"uv": [61, 30], "uv_size": [1, 2]},
								"up": {"uv": [55, 68], "uv_size": [1, 1]},
								"down": {"uv": [68, 56], "uv_size": [1, -1]}
							}
						},
						{
							"origin": [4.23602, 33.42177, -1.8],
							"size": [1, 6, 1],
							"pivot": [0, 32, 0],
							"rotation": [0, 0, -5],
							"uv": {
								"north": {"uv": [20, 62], "uv_size": [1, 6]},
								"east": {"uv": [21, 62], "uv_size": [1, 6]},
								"south": {"uv": [22, 62], "uv_size": [1, 6]},
								"west": {"uv": [23, 62], "uv_size": [1, 6]},
								"up": {"uv": [56, 68], "uv_size": [1, 1]},
								"down": {"uv": [68, 57], "uv_size": [1, -1]}
							}
						},
						{
							"origin": [7.56102, 35.02177, -1.8],
							"size": [1, 1.25, 1],
							"pivot": [0, 32, 0],
							"rotation": [0, 0, -40],
							"uv": {
								"north": {"uv": [57, 68], "uv_size": [1, 1]},
								"east": {"uv": [68, 57], "uv_size": [1, 1]},
								"south": {"uv": [58, 68], "uv_size": [1, 1]},
								"west": {"uv": [68, 58], "uv_size": [1, 1]},
								"up": {"uv": [59, 68], "uv_size": [1, 1]},
								"down": {"uv": [68, 60], "uv_size": [1, -1]}
							}
						},
						{
							"origin": [7.18602, 35.02177, -0.8],
							"size": [1, 1.125, 4],
							"pivot": [0, 32, 2],
							"rotation": [0, 0, -40],
							"uv": {
								"north": {"uv": [60, 68], "uv_size": [1, 1]},
								"east": {"uv": [35, 31], "uv_size": [4, 1]},
								"south": {"uv": [68, 60], "uv_size": [1, 1]},
								"west": {"uv": [36, 15], "uv_size": [4, 1]},
								"up": {"uv": [56, 63], "uv_size": [1, 4]},
								"down": {"uv": [62, 67], "uv_size": [1, -4]}
							}
						},
						{
							"origin": [2.98602, 32.17177, -0.8],
							"size": [2, 7, 4],
							"pivot": [0, 32, 0],
							"rotation": [0, 0, -5],
							"uv": {
								"north": {"uv": [18, 51], "uv_size": [2, 7]},
								"east": {"uv": [38, 36], "uv_size": [4, 7]},
								"south": {"uv": [20, 51], "uv_size": [2, 7]},
								"west": {"uv": [0, 39], "uv_size": [4, 7]},
								"up": {"uv": [26, 61], "uv_size": [2, 4]},
								"down": {"uv": [34, 65], "uv_size": [2, -4]}
							}
						},
						{
							"origin": [4.73602, 35.42177, -2.8],
							"size": [1, 4.25, 1],
							"pivot": [0, 32, 0],
							"rotation": [0, 0, -12.5],
							"uv": {
								"north": {"uv": [63, 63], "uv_size": [1, 4]},
								"east": {"uv": [10, 64], "uv_size": [1, 4]},
								"south": {"uv": [11, 64], "uv_size": [1, 4]},
								"west": {"uv": [64, 30], "uv_size": [1, 4]},
								"up": {"uv": [61, 68], "uv_size": [1, 1]},
								"down": {"uv": [68, 62], "uv_size": [1, -1]}
							}
						}
					]
				},
				{
					"name": "front_h1",
					"parent": "Hair",
					"pivot": [0, 40.5, -4.95],
					"cubes": [
						{
							"origin": [-9.0875, 31.825, -6.9],
							"size": [1, 7, 1],
							"pivot": [0, 0, -0.75],
							"rotation": [-4.95744, 0.65182, 7.47178],
							"uv": {
								"north": {"uv": [50, 60], "uv_size": [1, 7]},
								"east": {"uv": [28, 61], "uv_size": [1, 7]},
								"south": {"uv": [61, 34], "uv_size": [1, 7]},
								"west": {"uv": [41, 61], "uv_size": [1, 7]},
								"up": {"uv": [68, 62], "uv_size": [1, 1]},
								"down": {"uv": [68, 66], "uv_size": [1, -1]}
							}
						},
						{
							"origin": [-8.8375, 32.825, -5.9],
							"size": [1, 6, 1],
							"pivot": [0, 0, -0.75],
							"rotation": [-4.95744, 0.65182, 7.47178],
							"uv": {
								"north": {"uv": [62, 30], "uv_size": [1, 6]},
								"east": {"uv": [62, 36], "uv_size": [1, 6]},
								"south": {"uv": [37, 62], "uv_size": [1, 6]},
								"west": {"uv": [38, 62], "uv_size": [1, 6]},
								"up": {"uv": [68, 66], "uv_size": [1, 1]},
								"down": {"uv": [67, 69], "uv_size": [1, -1]}
							}
						},
						{
							"origin": [-8.5875, 30.825, -6.4],
							"size": [1, 8, 1],
							"pivot": [0, 0, -0.75],
							"rotation": [-4.95744, 0.65182, 7.47178],
							"uv": {
								"north": {"uv": [51, 57], "uv_size": [1, 8]},
								"east": {"uv": [36, 58], "uv_size": [1, 8]},
								"south": {"uv": [46, 58], "uv_size": [1, 8]},
								"west": {"uv": [47, 58], "uv_size": [1, 8]},
								"up": {"uv": [68, 67], "uv_size": [1, 1]},
								"down": {"uv": [68, 69], "uv_size": [1, -1]}
							}
						},
						{
							"origin": [2.5, 32, -2.2],
							"size": [1, 8, 1],
							"pivot": [0, 40.5, -4.95],
							"rotation": [-12.37986, -3.18623, -6.8709],
							"uv": {
								"north": {"uv": [29, 59], "uv_size": [1, 8]},
								"east": {"uv": [52, 59], "uv_size": [1, 8]},
								"south": {"uv": [53, 59], "uv_size": [1, 8]},
								"west": {"uv": [54, 59], "uv_size": [1, 8]},
								"up": {"uv": [0, 69], "uv_size": [1, 1]},
								"down": {"uv": [69, 1], "uv_size": [1, -1]}
							}
						},
						{
							"origin": [3, 33, -2.7],
							"size": [1, 7, 1],
							"pivot": [0, 40.5, -4.95],
							"rotation": [-12.37986, -3.18623, -6.8709],
							"uv": {
								"north": {"uv": [42, 61], "uv_size": [1, 7]},
								"east": {"uv": [43, 61], "uv_size": [1, 7]},
								"south": {"uv": [44, 61], "uv_size": [1, 7]},
								"west": {"uv": [45, 61], "uv_size": [1, 7]},
								"up": {"uv": [1, 69], "uv_size": [1, 1]},
								"down": {"uv": [69, 2], "uv_size": [1, -1]}
							}
						},
						{
							"origin": [2.75, 33.75, -1.7],
							"size": [1, 7, 1],
							"pivot": [0, 40.5, -4.95],
							"rotation": [-12.37986, -3.18623, -6.8709],
							"uv": {
								"north": {"uv": [61, 47], "uv_size": [1, 7]},
								"east": {"uv": [61, 54], "uv_size": [1, 7]},
								"south": {"uv": [61, 61], "uv_size": [1, 7]},
								"west": {"uv": [62, 0], "uv_size": [1, 7]},
								"up": {"uv": [2, 69], "uv_size": [1, 1]},
								"down": {"uv": [69, 3], "uv_size": [1, -1]}
							}
						}
					]
				},
				{
					"name": "corner_h1",
					"parent": "Hair",
					"pivot": [-4.37735, 36.62243, -2.86577],
					"cubes": [
						{
							"origin": [-4.47485, 36.44593, -3.69748],
							"size": [1.025, 2, 1],
							"pivot": [-4.37735, 36.62243, -2.86577],
							"rotation": [-0.4948, 0.2395, 7.4885],
							"uv": {
								"north": {"uv": [61, 41], "uv_size": [1, 2]},
								"east": {"uv": [63, 45], "uv_size": [1, 2]},
								"south": {"uv": [66, 7], "uv_size": [1, 2]},
								"west": {"uv": [27, 67], "uv_size": [1, 2]},
								"up": {"uv": [69, 3], "uv_size": [1, 1]},
								"down": {"uv": [69, 5], "uv_size": [1, -1]}
							}
						},
						{
							"origin": [-5.62735, 35.87243, -3.86577],
							"size": [1, 4, 1],
							"pivot": [-4.37735, 36.62243, -2.86577],
							"rotation": [2.5, 0, 37.5],
							"uv": {
								"north": {"uv": [64, 34], "uv_size": [1, 4]},
								"east": {"uv": [64, 38], "uv_size": [1, 4]},
								"south": {"uv": [64, 42], "uv_size": [1, 4]},
								"west": {"uv": [64, 46], "uv_size": [1, 4]},
								"up": {"uv": [5, 69], "uv_size": [1, 1]},
								"down": {"uv": [69, 6], "uv_size": [1, -1]}
							}
						},
						{
							"origin": [-5.87735, 37.44743, -6.84077],
							"size": [1, 1.75, 1],
							"pivot": [-4.37735, 36.62243, -2.86577],
							"rotation": [-63.24258, 21.26838, 24.94164],
							"uv": {
								"north": {"uv": [67, 28], "uv_size": [1, 2]},
								"east": {"uv": [29, 67], "uv_size": [1, 2]},
								"south": {"uv": [67, 30], "uv_size": [1, 2]},
								"west": {"uv": [67, 32], "uv_size": [1, 2]},
								"up": {"uv": [69, 6], "uv_size": [1, 1]},
								"down": {"uv": [69, 8], "uv_size": [1, -1]}
							}
						},
						{
							"origin": [-5.87735, 37.44743, -4.16577],
							"size": [1, 3, 1],
							"pivot": [-4.37735, 36.62243, -2.86577],
							"rotation": [-3.24258, 21.26838, 24.94164],
							"uv": {
								"north": {"uv": [14, 48], "uv_size": [1, 3]},
								"east": {"uv": [63, 39], "uv_size": [1, 3]},
								"south": {"uv": [66, 12], "uv_size": [1, 3]},
								"west": {"uv": [66, 17], "uv_size": [1, 3]},
								"up": {"uv": [69, 11], "uv_size": [1, 1]},
								"down": {"uv": [69, 14], "uv_size": [1, -1]}
							}
						},
						{
							"origin": [-3.87735, 38.37243, -4.86577],
							"size": [1, 3, 2],
							"pivot": [-4.37735, 36.62243, -2.86577],
							"rotation": [-25.52558, 33.33475, 8.79471],
							"uv": {
								"north": {"uv": [66, 23], "uv_size": [1, 3]},
								"east": {"uv": [10, 45], "uv_size": [2, 3]},
								"south": {"uv": [36, 66], "uv_size": [1, 3]},
								"west": {"uv": [62, 7], "uv_size": [2, 3]},
								"up": {"uv": [33, 67], "uv_size": [1, 2]},
								"down": {"uv": [34, 69], "uv_size": [1, -2]}
							}
						},
						{
							"origin": [-2.37735, 39.37243, -4.86577],
							"size": [1, 2, 2],
							"pivot": [-4.37735, 36.62243, -2.86577],
							"rotation": [-29.25936, 19.16333, -0.90797],
							"uv": {
								"north": {"uv": [67, 34], "uv_size": [1, 2]},
								"east": {"uv": [44, 10], "uv_size": [2, 2]},
								"south": {"uv": [35, 67], "uv_size": [1, 2]},
								"west": {"uv": [52, 32], "uv_size": [2, 2]},
								"up": {"uv": [67, 36], "uv_size": [1, 2]},
								"down": {"uv": [67, 40], "uv_size": [1, -2]}
							}
						},
						{
							"origin": [-4.37735, 35.62243, -4.11577],
							"size": [1, 5, 1.25],
							"pivot": [-4.37735, 36.62243, -2.86577],
							"rotation": [5, 0, 32.5],
							"uv": {
								"north": {"uv": [6, 63], "uv_size": [1, 5]},
								"east": {"uv": [7, 63], "uv_size": [1, 5]},
								"south": {"uv": [30, 63], "uv_size": [1, 5]},
								"west": {"uv": [63, 30], "uv_size": [1, 5]},
								"up": {"uv": [69, 14], "uv_size": [1, 1]},
								"down": {"uv": [69, 16], "uv_size": [1, -1]}
							}
						},
						{
							"origin": [-4.22735, 39.62243, -5.36577],
							"size": [1, 3, 2.25],
							"pivot": [-4.37735, 36.62243, -2.86577],
							"rotation": [-17.75313, 9.53274, 29.46487],
							"uv": {
								"north": {"uv": [46, 66], "uv_size": [1, 3]},
								"east": {"uv": [39, 62], "uv_size": [2, 3]},
								"south": {"uv": [47, 66], "uv_size": [1, 3]},
								"west": {"uv": [62, 42], "uv_size": [2, 3]},
								"up": {"uv": [39, 67], "uv_size": [1, 2]},
								"down": {"uv": [40, 69], "uv_size": [1, -2]}
							}
						},
						{
							"origin": [-3.37735, 36.62243, -4.11577],
							"size": [1, 4, 1.25],
							"pivot": [-4.37735, 36.62243, -2.86577],
							"rotation": [6.25, 0, 30],
							"uv": {
								"north": {"uv": [48, 64], "uv_size": [1, 4]},
								"east": {"uv": [49, 64], "uv_size": [1, 4]},
								"south": {"uv": [57, 64], "uv_size": [1, 4]},
								"west": {"uv": [58, 64], "uv_size": [1, 4]},
								"up": {"uv": [69, 16], "uv_size": [1, 1]},
								"down": {"uv": [69, 18], "uv_size": [1, -1]}
							}
						},
						{
							"origin": [-3.37735, 39.87243, -5.36577],
							"size": [1, 3, 2.25],
							"pivot": [-4.37735, 36.62243, -2.86577],
							"rotation": [-13.75, 0, 30],
							"uv": {
								"north": {"uv": [65, 66], "uv_size": [1, 3]},
								"east": {"uv": [62, 47], "uv_size": [2, 3]},
								"south": {"uv": [66, 66], "uv_size": [1, 3]},
								"west": {"uv": [62, 50], "uv_size": [2, 3]},
								"up": {"uv": [67, 40], "uv_size": [1, 2]},
								"down": {"uv": [67, 44], "uv_size": [1, -2]}
							}
						},
						{
							"origin": [-2.20235, 37.52243, -4.11577],
							"size": [1, 4, 1.25],
							"pivot": [-4.37735, 36.62243, -2.86577],
							"rotation": [5, 0, 27.5],
							"uv": {
								"north": {"uv": [59, 64], "uv_size": [1, 4]},
								"east": {"uv": [60, 64], "uv_size": [1, 4]},
								"south": {"uv": [64, 63], "uv_size": [1, 4]},
								"west": {"uv": [0, 65], "uv_size": [1, 4]},
								"up": {"uv": [69, 18], "uv_size": [1, 1]},
								"down": {"uv": [69, 21], "uv_size": [1, -1]}
							}
						},
						{
							"origin": [-2.20235, 41.02243, -5.36577],
							"size": [1, 2, 2.25],
							"pivot": [-4.37735, 36.62243, -2.86577],
							"rotation": [-10, 0, 27.5],
							"uv": {
								"north": {"uv": [67, 44], "uv_size": [1, 2]},
								"east": {"uv": [56, 39], "uv_size": [2, 2]},
								"south": {"uv": [67, 46], "uv_size": [1, 2]},
								"west": {"uv": [64, 7], "uv_size": [2, 2]},
								"up": {"uv": [67, 48], "uv_size": [1, 2]},
								"down": {"uv": [50, 69], "uv_size": [1, -2]}
							}
						},
						{
							"origin": [-1.37735, 39.37243, -3.86577],
							"size": [1, 2, 1],
							"pivot": [-4.37735, 36.62243, -2.86577],
							"rotation": [0, 0, 27.5],
							"uv": {
								"north": {"uv": [52, 67], "uv_size": [1, 2]},
								"east": {"uv": [67, 52], "uv_size": [1, 2]},
								"south": {"uv": [53, 67], "uv_size": [1, 2]},
								"west": {"uv": [54, 67], "uv_size": [1, 2]},
								"up": {"uv": [69, 21], "uv_size": [1, 1]},
								"down": {"uv": [22, 70], "uv_size": [1, -1]}
							}
						},
						{
							"origin": [-3.37735, 36.62243, -4.86577],
							"size": [2, 4, 1],
							"uv": {
								"north": {"uv": [40, 12], "uv_size": [2, 4]},
								"east": {"uv": [1, 65], "uv_size": [1, 4]},
								"south": {"uv": [59, 47], "uv_size": [2, 4]},
								"west": {"uv": [2, 65], "uv_size": [1, 4]},
								"up": {"uv": [67, 54], "uv_size": [2, 1]},
								"down": {"uv": [55, 68], "uv_size": [2, -1]}
							}
						},
						{
							"origin": [-4.37735, 37.62243, -4.86577],
							"size": [1, 2, 1],
							"uv": {
								"north": {"uv": [67, 55], "uv_size": [1, 2]},
								"east": {"uv": [67, 57], "uv_size": [1, 2]},
								"south": {"uv": [67, 59], "uv_size": [1, 2]},
								"west": {"uv": [67, 61], "uv_size": [1, 2]},
								"up": {"uv": [69, 22], "uv_size": [1, 1]},
								"down": {"uv": [23, 70], "uv_size": [1, -1]}
							}
						},
						{
							"origin": [-1.37735, 37.62243, -4.86577],
							"size": [1, 2, 1],
							"uv": {
								"north": {"uv": [62, 67], "uv_size": [1, 2]},
								"east": {"uv": [63, 67], "uv_size": [1, 2]},
								"south": {"uv": [64, 67], "uv_size": [1, 2]},
								"west": {"uv": [67, 66], "uv_size": [1, 2]},
								"up": {"uv": [27, 69], "uv_size": [1, 1]},
								"down": {"uv": [69, 28], "uv_size": [1, -1]}
							}
						},
						{
							"origin": [2.62265, 34.62243, -5.51577],
							"size": [1, 5, 2],
							"pivot": [-4.37735, 36.62243, -2.86577],
							"rotation": [-7.43938, -12.48791, -13.05404],
							"uv": {
								"north": {"uv": [31, 63], "uv_size": [1, 5]},
								"east": {"uv": [56, 34], "uv_size": [2, 5]},
								"south": {"uv": [32, 63], "uv_size": [1, 5]},
								"west": {"uv": [41, 56], "uv_size": [2, 5]},
								"up": {"uv": [6, 68], "uv_size": [1, 2]},
								"down": {"uv": [68, 8], "uv_size": [1, -2]}
							}
						},
						{
							"origin": [2.62265, 33.87243, -7.51577],
							"size": [1, 3, 1],
							"pivot": [-4.37735, 36.62243, -2.86577],
							"rotation": [0, -27.5, -22.5],
							"uv": {
								"north": {"uv": [3, 67], "uv_size": [1, 3]},
								"east": {"uv": [4, 67], "uv_size": [1, 3]},
								"south": {"uv": [67, 7], "uv_size": [1, 3]},
								"west": {"uv": [8, 67], "uv_size": [1, 3]},
								"up": {"uv": [29, 69], "uv_size": [1, 1]},
								"down": {"uv": [69, 30], "uv_size": [1, -1]}
							}
						},
						{
							"origin": [2.62265, 36.87243, -7.51577],
							"size": [1, 1, 2],
							"pivot": [-4.37735, 36.62243, -2.86577],
							"rotation": [0, -27.5, -22.5],
							"uv": {
								"north": {"uv": [30, 69], "uv_size": [1, 1]},
								"east": {"uv": [67, 63], "uv_size": [2, 1]},
								"south": {"uv": [69, 30], "uv_size": [1, 1]},
								"west": {"uv": [68, 8], "uv_size": [2, 1]},
								"up": {"uv": [7, 68], "uv_size": [1, 2]},
								"down": {"uv": [10, 70], "uv_size": [1, -2]}
							}
						},
						{
							"origin": [2.12265, 35.62243, -4.01577],
							"size": [1, 2, 1],
							"pivot": [-4.37735, 36.62243, -2.86577],
							"rotation": [5, 0, -12.5],
							"uv": {
								"north": {"uv": [11, 68], "uv_size": [1, 2]},
								"east": {"uv": [12, 68], "uv_size": [1, 2]},
								"south": {"uv": [13, 68], "uv_size": [1, 2]},
								"west": {"uv": [14, 68], "uv_size": [1, 2]},
								"up": {"uv": [31, 69], "uv_size": [1, 1]},
								"down": {"uv": [69, 33], "uv_size": [1, -1]}
							}
						},
						{
							"origin": [2.12265, 37.37243, -4.16577],
							"size": [1, 2, 2],
							"pivot": [-4.37735, 36.62243, -2.86577],
							"rotation": [-5, 0, -12.5],
							"uv": {
								"north": {"uv": [16, 68], "uv_size": [1, 2]},
								"east": {"uv": [64, 24], "uv_size": [2, 2]},
								"south": {"uv": [17, 68], "uv_size": [1, 2]},
								"west": {"uv": [64, 50], "uv_size": [2, 2]},
								"up": {"uv": [68, 17], "uv_size": [1, 2]},
								"down": {"uv": [18, 70], "uv_size": [1, -2]}
							}
						},
						{
							"origin": [1.12265, 36.87243, -5.01577],
							"size": [1, 2, 1],
							"pivot": [-4.37735, 36.62243, -2.86577],
							"rotation": [-25, 0, -12.5],
							"uv": {
								"north": {"uv": [19, 68], "uv_size": [1, 2]},
								"east": {"uv": [20, 68], "uv_size": [1, 2]},
								"south": {"uv": [21, 68], "uv_size": [1, 2]},
								"west": {"uv": [68, 21], "uv_size": [1, 2]},
								"up": {"uv": [33, 69], "uv_size": [1, 1]},
								"down": {"uv": [69, 34], "uv_size": [1, -1]}
							}
						}
					]
				},
				{
					"name": "FLongHair",
					"parent": "Hair",
					"pivot": [0.325, 35.56866, 5.28289]
				},
				{
					"name": "MLongHair",
					"parent": "FLongHair",
					"pivot": [0.325, 35.5687, 5.28289]
				},
				{
					"name": "LongHair",
					"parent": "MLongHair",
					"pivot": [0.325, 35.5687, 5.28289]
				},
				{
					"name": "Face",
					"parent": "Head",
					"pivot": [-1.05, 16.05, -4.5]
				},
				{
					"name": "Eyes",
					"parent": "Face",
					"pivot": [-1.05, 16.05, -4.5]
				},
				{
					"name": "Eyebrow",
					"parent": "Eyes",
					"pivot": [0, 36, -3]
				},
				{
					"name": "RightEyebrow",
					"parent": "Eyebrow",
					"pivot": [-2.875, 35.85, -3.2],
					"cubes": [
						{
							"origin": [-3.675, 35.85, -3.7],
							"size": [2.3, 1, 1],
							"uv": {
								"north": {"uv": [68, 9], "uv_size": [2, 1]},
								"east": {"uv": [34, 69], "uv_size": [1, 1]},
								"south": {"uv": [68, 19], "uv_size": [2, 1]},
								"west": {"uv": [69, 34], "uv_size": [1, 1]},
								"up": {"uv": [22, 68], "uv_size": [2, 1]},
								"down": {"uv": [68, 24], "uv_size": [2, -1]}
							}
						},
						{
							"origin": [-4.45, 35.575, -3.95],
							"size": [1.1, 1, 1],
							"uv": {
								"north": {"uv": [35, 69], "uv_size": [1, 1]},
								"east": {"uv": [69, 35], "uv_size": [1, 1]},
								"south": {"uv": [36, 69], "uv_size": [1, 1]},
								"west": {"uv": [69, 36], "uv_size": [1, 1]},
								"up": {"uv": [69, 37], "uv_size": [1, 1]},
								"down": {"uv": [39, 70], "uv_size": [1, -1]}
							}
						}
					]
				},
				{
					"name": "LeftEyebrow",
					"parent": "Eyebrow",
					"pivot": [2.875, 35.85, -3.2],
					"cubes": [
						{
							"origin": [1.375, 35.85, -3.7],
							"size": [2.3, 1, 1],
							"uv": {
								"north": {"uv": [68, 24], "uv_size": [2, 1]},
								"east": {"uv": [40, 69], "uv_size": [1, 1]},
								"south": {"uv": [68, 25], "uv_size": [2, 1]},
								"west": {"uv": [69, 40], "uv_size": [1, 1]},
								"up": {"uv": [68, 26], "uv_size": [2, 1]},
								"down": {"uv": [68, 29], "uv_size": [2, -1]}
							}
						},
						{
							"origin": [3.35, 35.575, -3.875],
							"size": [1.1, 1, 1],
							"uv": {
								"north": {"uv": [69, 41], "uv_size": [1, 1]},
								"east": {"uv": [69, 42], "uv_size": [1, 1]},
								"south": {"uv": [43, 69], "uv_size": [1, 1]},
								"west": {"uv": [69, 43], "uv_size": [1, 1]},
								"up": {"uv": [44, 69], "uv_size": [1, 1]},
								"down": {"uv": [45, 70], "uv_size": [1, -1]}
							}
						}
					]
				},
				{
					"name": "Eyelid",
					"parent": "Eyes",
					"pivot": [0, 35.05, -3.075]
				},
				{
					"name": "RightEyelid",
					"parent": "Eyelid",
					"pivot": [-2.325, 34.05, -3.075],
					"cubes": [
						{
							"origin": [-3.5, 34.05, -3.525],
							"size": [2, 2, 1],
							"uv": {
								"north": {"uv": [3, 65], "uv_size": [2, 2]},
								"east": {"uv": [28, 68], "uv_size": [1, 2]},
								"south": {"uv": [8, 65], "uv_size": [2, 2]},
								"west": {"uv": [68, 29], "uv_size": [1, 2]},
								"up": {"uv": [30, 68], "uv_size": [2, 1]},
								"down": {"uv": [68, 32], "uv_size": [2, -1]}
							}
						}
					]
				},
				{
					"name": "RightEyesBase",
					"parent": "RightEyelid",
					"pivot": [-1.8, 35.55, -3.1],
					"cubes": [
						{
							"origin": [-3.025, 34.05, -3.575],
							"size": [1.15, 2, 1],
							"uv": {
								"north": {"uv": [32, 68], "uv_size": [1, 2]},
								"east": {"uv": [68, 32], "uv_size": [1, 2]},
								"south": {"uv": [68, 34], "uv_size": [1, 2]},
								"west": {"uv": [68, 36], "uv_size": [1, 2]},
								"up": {"uv": [46, 69], "uv_size": [1, 1]},
								"down": {"uv": [47, 70], "uv_size": [1, -1]}
							}
						},
						{
							"origin": [-2.125, 34.4, -3.6],
							"size": [0.4, 0.3, 1],
							"uv": {
								"north": {"uv": [69, 47], "uv_size": [1, 1]},
								"east": {"uv": [48, 69], "uv_size": [1, 1]},
								"south": {"uv": [69, 48], "uv_size": [1, 1]},
								"west": {"uv": [49, 69], "uv_size": [1, 1]},
								"up": {"uv": [69, 49], "uv_size": [1, 1]},
								"down": {"uv": [50, 70], "uv_size": [1, -1]}
							}
						}
					]
				},
				{
					"name": "RightPupil",
					"parent": "RightEyesBase",
					"pivot": [-1.625, 16.55, -3.625],
					"cubes": [
						{
							"origin": [-2.725, 34.55, -3.625],
							"size": [0.6, 1, 1],
							"uv": {
								"north": {"uv": [69, 50], "uv_size": [1, 1]},
								"east": {"uv": [51, 69], "uv_size": [1, 1]},
								"south": {"uv": [69, 51], "uv_size": [1, 1]},
								"west": {"uv": [52, 69], "uv_size": [1, 1]},
								"up": {"uv": [69, 52], "uv_size": [1, 1]},
								"down": {"uv": [53, 70], "uv_size": [1, -1]}
							}
						}
					]
				},
				{
					"name": "LeftEyelid",
					"parent": "Eyelid",
					"pivot": [2.325, 34.05, -3.075],
					"cubes": [
						{
							"origin": [1.5, 34.05, -3.525],
							"size": [2, 2, 1],
							"uv": {
								"north": {"uv": [65, 9], "uv_size": [2, 2]},
								"east": {"uv": [37, 68], "uv_size": [1, 2]},
								"south": {"uv": [12, 65], "uv_size": [2, 2]},
								"west": {"uv": [38, 68], "uv_size": [1, 2]},
								"up": {"uv": [68, 38], "uv_size": [2, 1]},
								"down": {"uv": [68, 40], "uv_size": [2, -1]}
							}
						}
					]
				},
				{
					"name": "LeftEyesBase",
					"parent": "LeftEyelid",
					"pivot": [2.825, 35.55, -3.1],
					"cubes": [
						{
							"origin": [2.775, 34.4, -3.6],
							"size": [0.4, 0.3, 1],
							"uv": {
								"north": {"uv": [69, 53], "uv_size": [1, 1]},
								"east": {"uv": [54, 69], "uv_size": [1, 1]},
								"south": {"uv": [69, 54], "uv_size": [1, 1]},
								"west": {"uv": [55, 69], "uv_size": [1, 1]},
								"up": {"uv": [69, 55], "uv_size": [1, 1]},
								"down": {"uv": [56, 70], "uv_size": [1, -1]}
							}
						},
						{
							"origin": [1.875, 34.05, -3.575],
							"size": [1.15, 2, 1],
							"uv": {
								"north": {"uv": [68, 40], "uv_size": [1, 2]},
								"east": {"uv": [41, 68], "uv_size": [1, 2]},
								"south": {"uv": [42, 68], "uv_size": [1, 2]},
								"west": {"uv": [68, 42], "uv_size": [1, 2]},
								"up": {"uv": [69, 56], "uv_size": [1, 1]},
								"down": {"uv": [57, 70], "uv_size": [1, -1]}
							}
						}
					]
				},
				{
					"name": "LeftPupil",
					"parent": "LeftEyesBase",
					"pivot": [1.625, 16.55, -3.625],
					"cubes": [
						{
							"origin": [2.15, 34.55, -3.625],
							"size": [0.6, 1, 1],
							"uv": {
								"north": {"uv": [69, 57], "uv_size": [1, 1]},
								"east": {"uv": [58, 69], "uv_size": [1, 1]},
								"south": {"uv": [69, 58], "uv_size": [1, 1]},
								"west": {"uv": [59, 69], "uv_size": [1, 1]},
								"up": {"uv": [69, 59], "uv_size": [1, 1]},
								"down": {"uv": [60, 70], "uv_size": [1, -1]}
							}
						}
					]
				},
				{
					"name": "Hair2",
					"parent": "Head",
					"pivot": [0.14783, 37.76957, 0.42174],
					"cubes": [
						{
							"origin": [-5.23602, 32.17177, -0.8],
							"size": [2, 7, 4],
							"pivot": [-0.25, 32, 0],
							"rotation": [0, 0, 5],
							"uv": {
								"north": {"uv": [51, 0], "uv_size": [2, 7]},
								"east": {"uv": [35, 20], "uv_size": [4, 7]},
								"south": {"uv": [51, 7], "uv_size": [2, 7]},
								"west": {"uv": [36, 8], "uv_size": [4, 7]},
								"up": {"uv": [61, 17], "uv_size": [2, 4]},
								"down": {"uv": [24, 65], "uv_size": [2, -4]}
							}
						}
					]
				},
				{
					"name": "Hair3",
					"parent": "Head",
					"pivot": [0.14783, 37.76957, 0.42174],
					"cubes": [
						{
							"origin": [-8.43602, 35.02177, -0.8],
							"size": [1, 1.125, 4],
							"pivot": [-0.25, 32, 2],
							"rotation": [0, 0, 40],
							"uv": {
								"north": {"uv": [3, 70], "uv_size": [1, 1]},
								"east": {"uv": [65, 11], "uv_size": [4, 1]},
								"south": {"uv": [70, 3], "uv_size": [1, 1]},
								"west": {"uv": [65, 64], "uv_size": [4, 1]},
								"up": {"uv": [5, 65], "uv_size": [1, 4]},
								"down": {"uv": [51, 69], "uv_size": [1, -4]}
							}
						}
					]
				},
				{
					"name": "Hair4",
					"parent": "Head",
					"pivot": [0.14783, 37.76957, 0.42174],
					"cubes": [
						{
							"origin": [-2.375, 32.05, 9.2],
							"size": [3.9, 7, 2],
							"pivot": [1.15, 0.75, 2.45],
							"rotation": [10.23392, -12.33571, -1.98765],
							"uv": {
								"north": {"uv": [34, 36], "uv_size": [4, 7]},
								"east": {"uv": [14, 51], "uv_size": [2, 7]},
								"south": {"uv": [4, 38], "uv_size": [4, 7]},
								"west": {"uv": [16, 51], "uv_size": [2, 7]},
								"up": {"uv": [61, 21], "uv_size": [4, 2]},
								"down": {"uv": [61, 28], "uv_size": [4, -2]}
							}
						}
					]
				},
				{
					"name": "Hair5",
					"parent": "Head",
					"pivot": [0.14783, 37.76957, 0.42174],
					"cubes": [
						{
							"origin": [0.125, 39.875, -1.95],
							"size": [4, 2, 6],
							"pivot": [-0.2, 42.225, -1],
							"rotation": [-10, 0, 10],
							"uv": {
								"north": {"uv": [61, 28], "uv_size": [4, 2]},
								"east": {"uv": [54, 24], "uv_size": [6, 2]},
								"south": {"uv": [30, 61], "uv_size": [4, 2]},
								"west": {"uv": [56, 32], "uv_size": [6, 2]},
								"up": {"uv": [29, 42], "uv_size": [4, 6]},
								"down": {"uv": [42, 38], "uv_size": [4, -6]}
							}
						}
					]
				},
				{
					"name": "Hair6",
					"parent": "Head",
					"pivot": [-0.14783, 37.76957, 0.42174]
				},
				{
					"name": "Breast",
					"parent": "UpperBody",
					"pivot": [-0.0125, 29.74747, -0.15834],
					"rotation": [-32.5, 0, 0],
					"cubes": [
						{
							"origin": [-6.42302, 23.86429, -7.1101],
							"size": [4.075, 4, 3],
							"pivot": [0, -0.91799, 0.85052],
							"rotation": [-11.72084, 1.03287, 5.46451],
							"uv": {
								"north": {"uv": [35, 27], "uv_size": [4, 4]},
								"east": {"uv": [28, 52], "uv_size": [3, 4]},
								"south": {"uv": [0, 46], "uv_size": [4, 4]},
								"west": {"uv": [52, 28], "uv_size": [3, 4]},
								"up": {"uv": [47, 7], "uv_size": [4, 3]},
								"down": {"uv": [52, 41], "uv_size": [4, -3]}
							}
						},
						{
							"origin": [1.72253, 23.93971, -7.12271],
							"size": [4.075, 4, 3],
							"pivot": [0, -0.91799, 0.85052],
							"rotation": [-11.72333, -1.00373, -4.32642],
							"uv": {
								"north": {"uv": [46, 18], "uv_size": [4, 4]},
								"east": {"uv": [41, 52], "uv_size": [3, 4]},
								"south": {"uv": [46, 22], "uv_size": [4, 4]},
								"west": {"uv": [52, 41], "uv_size": [3, 4]},
								"up": {"uv": [44, 52], "uv_size": [4, 3]},
								"down": {"uv": [52, 48], "uv_size": [4, -3]}
							}
						}
					]
				},
				{
					"name": "Arm",
					"parent": "UpperBody",
					"pivot": [-0.2, 31.275, 0]
				},
				{
					"name": "LeftArm",
					"parent": "Arm",
					"pivot": [3.4, 31.025, 0.5],
					"rotation": [0, 0, -18],
					"cubes": [
						{
							"origin": [2.6, 25.075, -1],
							"size": [3.05, 7, 3],
							"uv": {
								"north": {"uv": [4, 21], "uv_size": [3, 7]},
								"east": {"uv": [12, 41], "uv_size": [3, 7]},
								"south": {"uv": [42, 38], "uv_size": [3, 7]},
								"west": {"uv": [43, 18], "uv_size": [3, 7]},
								"up": {"uv": [57, 3], "uv_size": [3, 3]},
								"down": {"uv": [57, 9], "uv_size": [3, -3]}
							}
						},
						{
							"origin": [2.9, 24.175, -0.6],
							"size": [2.55, 2, 2.2],
							"uv": {
								"north": {"uv": [25, 8], "uv_size": [3, 2]},
								"east": {"uv": [14, 65], "uv_size": [2, 2]},
								"south": {"uv": [4, 28], "uv_size": [3, 2]},
								"west": {"uv": [65, 21], "uv_size": [2, 2]},
								"up": {"uv": [28, 16], "uv_size": [3, 2]},
								"down": {"uv": [62, 12], "uv_size": [3, -2]}
							}
						},
						{
							"origin": [2.8, 24.125, -0.625],
							"size": [2.7, 2.05, 2.3],
							"uv": {
								"north": {"uv": [62, 53], "uv_size": [3, 2]},
								"east": {"uv": [24, 65], "uv_size": [2, 2]},
								"south": {"uv": [62, 55], "uv_size": [3, 2]},
								"west": {"uv": [26, 65], "uv_size": [2, 2]},
								"up": {"uv": [62, 57], "uv_size": [3, 2]},
								"down": {"uv": [62, 61], "uv_size": [3, -2]}
							}
						}
					]
				},
				{
					"name": "LeftForeArm",
					"parent": "LeftArm",
					"pivot": [4.125, 25.075, 0.525],
					"cubes": [
						{
							"origin": [2.525, 20.075, -1.075],
							"size": [3.2, 1, 3.2],
							"uv": {
								"north": {"uv": [66, 5], "uv_size": [3, 1]},
								"east": {"uv": [66, 15], "uv_size": [3, 1]},
								"south": {"uv": [66, 20], "uv_size": [3, 1]},
								"west": {"uv": [66, 50], "uv_size": [3, 1]},
								"up": {"uv": [57, 9], "uv_size": [3, 3]},
								"down": {"uv": [10, 60], "uv_size": [3, -3]}
							}
						},
						{
							"origin": [2.625, 18.075, -0.975],
							"size": [3, 7, 3],
							"uv": {
								"north": {"uv": [7, 45], "uv_size": [3, 7]},
								"east": {"uv": [45, 38], "uv_size": [3, 7]},
								"south": {"uv": [42, 45], "uv_size": [3, 7]},
								"west": {"uv": [45, 45], "uv_size": [3, 7]},
								"up": {"uv": [58, 54], "uv_size": [3, 3]},
								"down": {"uv": [58, 60], "uv_size": [3, -3]}
							}
						}
					]
				},
				{
					"name": "LeftHand",
					"parent": "LeftForeArm",
					"pivot": [4.125, 19.575, 0.525]
				},
				{
					"name": "LeftHandLocator",
					"parent": "LeftHand",
					"pivot": [4.125, 19.575, 0.525]
				},
				{
					"name": "RightArm",
					"parent": "Arm",
					"pivot": [-3.4, 31.025, 0.5],
					"rotation": [0, 0, 18],
					"cubes": [
						{
							"origin": [-5.65, 25.075, -1],
							"size": [3.05, 7, 3],
							"uv": {
								"north": {"uv": [43, 25], "uv_size": [3, 7]},
								"east": {"uv": [33, 43], "uv_size": [3, 7]},
								"south": {"uv": [36, 43], "uv_size": [3, 7]},
								"west": {"uv": [39, 43], "uv_size": [3, 7]},
								"up": {"uv": [48, 57], "uv_size": [3, 3]},
								"down": {"uv": [0, 61], "uv_size": [3, -3]}
							}
						},
						{
							"origin": [-5.45, 24.175, -0.6],
							"size": [2.55, 2, 2.2],
							"uv": {
								"north": {"uv": [62, 61], "uv_size": [3, 2]},
								"east": {"uv": [65, 26], "uv_size": [2, 2]},
								"south": {"uv": [0, 63], "uv_size": [3, 2]},
								"west": {"uv": [65, 28], "uv_size": [2, 2]},
								"up": {"uv": [63, 0], "uv_size": [3, 2]},
								"down": {"uv": [63, 4], "uv_size": [3, -2]}
							}
						},
						{
							"origin": [-5.5, 24.125, -0.625],
							"size": [2.7, 2.05, 2.3],
							"uv": {
								"north": {"uv": [3, 63], "uv_size": [3, 2]},
								"east": {"uv": [65, 30], "uv_size": [2, 2]},
								"south": {"uv": [63, 4], "uv_size": [3, 2]},
								"west": {"uv": [65, 32], "uv_size": [2, 2]},
								"up": {"uv": [63, 12], "uv_size": [3, 2]},
								"down": {"uv": [63, 16], "uv_size": [3, -2]}
							}
						}
					]
				},
				{
					"name": "RightForeArm",
					"parent": "RightArm",
					"pivot": [-4.125, 25.075, 0.525],
					"cubes": [
						{
							"origin": [-5.725, 20.075, -1.075],
							"size": [3.2, 1, 3.2],
							"uv": {
								"north": {"uv": [66, 51], "uv_size": [3, 1]},
								"east": {"uv": [67, 10], "uv_size": [3, 1]},
								"south": {"uv": [12, 67], "uv_size": [3, 1]},
								"west": {"uv": [67, 12], "uv_size": [3, 1]},
								"up": {"uv": [7, 58], "uv_size": [3, 3]},
								"down": {"uv": [58, 15], "uv_size": [3, -3]}
							}
						},
						{
							"origin": [-5.625, 18.075, -0.975],
							"size": [3, 7, 3],
							"uv": {
								"north": {"uv": [44, 3], "uv_size": [3, 7]},
								"east": {"uv": [15, 44], "uv_size": [3, 7]},
								"south": {"uv": [18, 44], "uv_size": [3, 7]},
								"west": {"uv": [4, 45], "uv_size": [3, 7]},
								"up": {"uv": [43, 58], "uv_size": [3, 3]},
								"down": {"uv": [58, 54], "uv_size": [3, -3]}
							}
						}
					]
				},
				{
					"name": "RightHand",
					"parent": "RightForeArm",
					"pivot": [-4.125, 19.575, 0.525]
				},
				{
					"name": "RightHandLocator",
					"parent": "RightHand",
					"pivot": [-4.125, 19.575, 0.525]
				},
				{
					"name": "Collar",
					"parent": "UpperBody",
					"pivot": [0, 30.925, -0.025],
					"rotation": [-15, 0, 0]
				},
				{
					"name": "ElytraLocator",
					"parent": "UpperBody",
					"pivot": [0, 31.65, 2]
				},
				{
					"name": "RifleLocator",
					"parent": "UpperBody",
					"pivot": [0, 25.15, 2.3],
					"rotation": [0, 0, 45]
				},
				{
					"name": "bone",
					"parent": "UpperBody",
					"pivot": [0, 0, 16.8],
					"rotation": [2.5, 0, 0],
					"cubes": [
						{
							"origin": [5.5, 19.75, -0.025],
							"size": [2, 8, 3.925],
							"pivot": [3, 0, 16.95],
							"rotation": [2.46207, 0.43399, -9.99067],
							"uv": {
								"north": {"uv": [29, 34], "uv_size": [2, 8]},
								"east": {"uv": [28, 8], "uv_size": [4, 8]},
								"south": {"uv": [50, 26], "uv_size": [2, 8]},
								"west": {"uv": [29, 0], "uv_size": [4, 8]},
								"up": {"uv": [55, 59], "uv_size": [2, 4]},
								"down": {"uv": [60, 4], "uv_size": [2, -4]}
							}
						},
						{
							"origin": [-7.5, 19.75, -0.025],
							"size": [2, 8, 3.925],
							"pivot": [-3, 0, 16.95],
							"rotation": [2.46207, -0.43399, 9.99067],
							"uv": {
								"north": {"uv": [33, 50], "uv_size": [2, 8]},
								"east": {"uv": [4, 30], "uv_size": [4, 8]},
								"south": {"uv": [35, 50], "uv_size": [2, 8]},
								"west": {"uv": [0, 31], "uv_size": [4, 8]},
								"up": {"uv": [60, 4], "uv_size": [2, 4]},
								"down": {"uv": [60, 12], "uv_size": [2, -4]}
							}
						},
						{
							"origin": [-2.5, 19.75, -0.075],
							"size": [5, 8, 4.05],
							"pivot": [0, 0, 16.95],
							"rotation": [2.5, 0, 0],
							"uv": {
								"north": {"uv": [14, 13], "uv_size": [5, 8]},
								"east": {"uv": [24, 10], "uv_size": [4, 8]},
								"south": {"uv": [19, 13], "uv_size": [5, 8]},
								"west": {"uv": [25, 0], "uv_size": [4, 8]},
								"up": {"uv": [46, 10], "uv_size": [5, 4]},
								"down": {"uv": [46, 18], "uv_size": [5, -4]}
							}
						},
						{
							"origin": [2.5, 24.75, 2.925],
							"size": [1, 3, 1.05],
							"pivot": [0, 0, 16.95],
							"rotation": [2.5, 0, 0],
							"uv": {
								"north": {"uv": [9, 67], "uv_size": [1, 3]},
								"east": {"uv": [15, 67], "uv_size": [1, 3]},
								"south": {"uv": [67, 17], "uv_size": [1, 3]},
								"west": {"uv": [67, 21], "uv_size": [1, 3]},
								"up": {"uv": [69, 63], "uv_size": [1, 1]},
								"down": {"uv": [64, 70], "uv_size": [1, -1]}
							}
						},
						{
							"origin": [-3.5, 24.75, 2.925],
							"size": [1, 3, 1.05],
							"pivot": [0, 0, 16.95],
							"rotation": [2.5, 0, 0],
							"uv": {
								"north": {"uv": [24, 67], "uv_size": [1, 3]},
								"east": {"uv": [67, 24], "uv_size": [1, 3]},
								"south": {"uv": [25, 67], "uv_size": [1, 3]},
								"west": {"uv": [26, 67], "uv_size": [1, 3]},
								"up": {"uv": [69, 64], "uv_size": [1, 1]},
								"down": {"uv": [65, 70], "uv_size": [1, -1]}
							}
						},
						{
							"origin": [-1.5, 18.1, 0.9],
							"size": [3, 1, 3.05],
							"pivot": [0, -1.65, 1.925],
							"rotation": [2.5, 0, 0],
							"uv": {
								"north": {"uv": [11, 20], "uv_size": [3, 1]},
								"east": {"uv": [8, 30], "uv_size": [3, 1]},
								"south": {"uv": [65, 65], "uv_size": [3, 1]},
								"west": {"uv": [66, 0], "uv_size": [3, 1]},
								"up": {"uv": [21, 10], "uv_size": [3, 3]},
								"down": {"uv": [56, 48], "uv_size": [3, -3]}
							}
						},
						{
							"origin": [-1.5, 23.925, -14.425],
							"size": [3, 1, 1.4],
							"pivot": [0, 4.175, -14.05],
							"rotation": [-42.5, 0, 0],
							"uv": {
								"north": {"uv": [66, 1], "uv_size": [3, 1]},
								"east": {"uv": [33, 42], "uv_size": [1, 1]},
								"south": {"uv": [66, 2], "uv_size": [3, 1]},
								"west": {"uv": [28, 51], "uv_size": [1, 1]},
								"up": {"uv": [66, 3], "uv_size": [3, 1]},
								"down": {"uv": [66, 5], "uv_size": [3, -1]}
							}
						},
						{
							"origin": [-1.5, 21.90872, -0.27462],
							"size": [3, 2.85, 3],
							"pivot": [0, 0, 16.8],
							"rotation": [2.5, 0, 0],
							"uv": {
								"north": {"uv": [58, 29], "uv_size": [3, 3]},
								"east": {"uv": [30, 58], "uv_size": [3, 3]},
								"south": {"uv": [33, 58], "uv_size": [3, 3]},
								"west": {"uv": [58, 34], "uv_size": [3, 3]},
								"up": {"uv": [58, 37], "uv_size": [3, 3]},
								"down": {"uv": [58, 43], "uv_size": [3, -3]}
							}
						},
						{
							"origin": [-3.5, 24.75872, -0.32462],
							"size": [7, 3, 4.05],
							"pivot": [0, 0, 16.8],
							"rotation": [2.5, 0, 0],
							"uv": {
								"north": {"uv": [24, 18], "uv_size": [7, 3]},
								"east": {"uv": [3, 56], "uv_size": [4, 3]},
								"south": {"uv": [44, 0], "uv_size": [7, 3]},
								"west": {"uv": [26, 56], "uv_size": [4, 3]},
								"up": {"uv": [34, 32], "uv_size": [7, 4]},
								"down": {"uv": [35, 20], "uv_size": [7, -4]}
							}
						},
						{
							"origin": [-1.20468, 21.22448, -0.5948],
							"size": [8, 1, 5.05],
							"pivot": [0, 0, 16.8],
							"rotation": [2.47864, 0.32621, -7.49294],
							"uv": {
								"north": {"uv": [16, 61], "uv_size": [8, 1]},
								"east": {"uv": [61, 23], "uv_size": [5, 1]},
								"south": {"uv": [61, 16], "uv_size": [8, 1]},
								"west": {"uv": [63, 6], "uv_size": [5, 1]},
								"up": {"uv": [15, 21], "uv_size": [8, 5]},
								"down": {"uv": [23, 26], "uv_size": [8, -5]}
							}
						},
						{
							"origin": [1.79435, 21.21707, -0.79622],
							"size": [2, 1, 0.2],
							"pivot": [0, 0, 16.8],
							"rotation": [2.47864, 0.32621, -7.49294],
							"uv": {
								"north": {"uv": [43, 68], "uv_size": [2, 1]},
								"east": {"uv": [2, 70], "uv_size": [1, 1]},
								"south": {"uv": [68, 44], "uv_size": [2, 1]},
								"west": {"uv": [70, 2], "uv_size": [1, 1]},
								"up": {"uv": [68, 45], "uv_size": [2, 1]},
								"down": {"uv": [68, 47], "uv_size": [2, -1]}
							}
						}
					]
				},
				{
					"name": "PistolLocator",
					"parent": "UpBody",
					"pivot": [-4, 24.75, -1.6],
					"rotation": [-30, 0, 0]
				},
				{
					"name": "LeftWaistLocator",
					"parent": "UpBody",
					"pivot": [4, 23, 0],
					"rotation": [-20, 0, 0]
				},
				{
					"name": "RightWaistLocator",
					"parent": "UpBody",
					"pivot": [-4, 23, 0],
					"rotation": [-5, 0, 0]
				},
				{
					"name": "DownBody",
					"parent": "AllBody",
					"pivot": [0, 20.65, 0]
				},
				{
					"name": "Leg",
					"parent": "DownBody",
					"pivot": [0, 21.15, 0]
				},
				{
					"name": "LeftLeg",
					"parent": "Leg",
					"pivot": [2.4, 21.15, 0],
					"cubes": [
						{
							"origin": [6.7, 16.95, -1.975],
							"size": [1.65, 2.225, 3.925],
							"pivot": [4.325, 5.3, 0],
							"rotation": [0, 0, -17.75],
							"uv": {
								"north": {"uv": [65, 42], "uv_size": [2, 2]},
								"east": {"uv": [60, 24], "uv_size": [4, 2]},
								"south": {"uv": [65, 44], "uv_size": [2, 2]},
								"west": {"uv": [37, 60], "uv_size": [4, 2]},
								"up": {"uv": [10, 60], "uv_size": [2, 4]},
								"down": {"uv": [48, 64], "uv_size": [2, -4]}
							}
						},
						{
							"origin": [1.45, 12.05, -1.975],
							"size": [1.65, 6, 3.925],
							"pivot": [-0.925, 0.4, 0],
							"rotation": [0, 0, 5],
							"uv": {
								"north": {"uv": [37, 54], "uv_size": [2, 6]},
								"east": {"uv": [25, 41], "uv_size": [4, 6]},
								"south": {"uv": [39, 54], "uv_size": [2, 6]},
								"west": {"uv": [42, 12], "uv_size": [4, 6]},
								"up": {"uv": [61, 12], "uv_size": [2, 4]},
								"down": {"uv": [14, 65], "uv_size": [2, -4]}
							}
						},
						{
							"origin": [0.575, 11.65, -2],
							"size": [3.65, 8, 4],
							"pivot": [0.2, 0, 0],
							"rotation": [0, 0, -0.75],
							"uv": {
								"north": {"uv": [8, 31], "uv_size": [4, 8]},
								"east": {"uv": [31, 16], "uv_size": [4, 8]},
								"south": {"uv": [31, 24], "uv_size": [4, 8]},
								"west": {"uv": [32, 8], "uv_size": [4, 8]},
								"up": {"uv": [50, 34], "uv_size": [4, 4]},
								"down": {"uv": [37, 54], "uv_size": [4, -4]}
							}
						},
						{
							"origin": [0.4, 22.75, 4.075],
							"size": [3.25, 3.25, 4.05],
							"pivot": [-0.1, 3.25, 22.1],
							"rotation": [17, 0, 0],
							"uv": {
								"north": {"uv": [19, 58], "uv_size": [3, 3]},
								"east": {"uv": [54, 21], "uv_size": [4, 3]},
								"south": {"uv": [58, 21], "uv_size": [3, 3]},
								"west": {"uv": [22, 55], "uv_size": [4, 3]},
								"up": {"uv": [55, 28], "uv_size": [3, 4]},
								"down": {"uv": [55, 45], "uv_size": [3, -4]}
							}
						},
						{
							"origin": [1.05, 12.8, 1.5],
							"size": [2.4, 2.2, 2.475],
							"pivot": [-0.75, -4.8, 12.3],
							"rotation": [12.5, 0, 0],
							"uv": {
								"north": {"uv": [65, 52], "uv_size": [2, 2]},
								"east": {"uv": [65, 54], "uv_size": [2, 2]},
								"south": {"uv": [65, 56], "uv_size": [2, 2]},
								"west": {"uv": [65, 58], "uv_size": [2, 2]},
								"up": {"uv": [65, 60], "uv_size": [2, 2]},
								"down": {"uv": [65, 64], "uv_size": [2, -2]}
							}
						}
					]
				},
				{
					"name": "LeftLowerLeg",
					"parent": "LeftLeg",
					"pivot": [2.2, 11.7, 0],
					"cubes": [
						{
							"origin": [1.5, 2, -1.9],
							"size": [3.4, 10, 4],
							"pivot": [1, 0, 0],
							"rotation": [0, 0, -4],
							"uv": {
								"north": {"uv": [12, 31], "uv_size": [3, 10]},
								"east": {"uv": [7, 20], "uv_size": [4, 10]},
								"south": {"uv": [31, 32], "uv_size": [3, 10]},
								"west": {"uv": [0, 21], "uv_size": [4, 10]},
								"up": {"uv": [52, 48], "uv_size": [3, 4]},
								"down": {"uv": [52, 56], "uv_size": [3, -4]}
							}
						}
					]
				},
				{
					"name": "LeftFoot",
					"parent": "LeftLowerLeg",
					"pivot": [2.1875, 2.5, 0.1375],
					"cubes": [
						{
							"origin": [1, 0, -2.1],
							"size": [3.875, 4, 4.375],
							"uv": {
								"north": {"uv": [46, 26], "uv_size": [4, 4]},
								"east": {"uv": [46, 30], "uv_size": [4, 4]},
								"south": {"uv": [46, 34], "uv_size": [4, 4]},
								"west": {"uv": [47, 3], "uv_size": [4, 4]},
								"up": {"uv": [21, 47], "uv_size": [4, 4]},
								"down": {"uv": [25, 51], "uv_size": [4, -4]}
							}
						},
						{
							"origin": [3.975, 1.6, -0.1],
							"size": [1, 1.4, 1.375],
							"uv": {
								"north": {"uv": [69, 65], "uv_size": [1, 1]},
								"east": {"uv": [66, 69], "uv_size": [1, 1]},
								"south": {"uv": [69, 66], "uv_size": [1, 1]},
								"west": {"uv": [67, 69], "uv_size": [1, 1]},
								"up": {"uv": [69, 67], "uv_size": [1, 1]},
								"down": {"uv": [68, 70], "uv_size": [1, -1]}
							}
						},
						{
							"origin": [1.1, 0, -4.375],
							"size": [3.675, 3, 3],
							"uv": {
								"north": {"uv": [53, 0], "uv_size": [4, 3]},
								"east": {"uv": [13, 58], "uv_size": [3, 3]},
								"south": {"uv": [53, 3], "uv_size": [4, 3]},
								"west": {"uv": [58, 15], "uv_size": [3, 3]},
								"up": {"uv": [53, 6], "uv_size": [4, 3]},
								"down": {"uv": [53, 12], "uv_size": [4, -3]}
							}
						}
					]
				},
				{
					"name": "RightLeg",
					"parent": "Leg",
					"pivot": [-2.4, 21.15, 0],
					"cubes": [
						{
							"origin": [-4.225, 11.65, -2],
							"size": [3.65, 8, 4],
							"pivot": [-0.2, 0, 0],
							"rotation": [0, 0, 0.75],
							"uv": {
								"north": {"uv": [15, 26], "uv_size": [4, 8]},
								"east": {"uv": [19, 26], "uv_size": [4, 8]},
								"south": {"uv": [23, 26], "uv_size": [4, 8]},
								"west": {"uv": [27, 26], "uv_size": [4, 8]},
								"up": {"uv": [10, 48], "uv_size": [4, 4]},
								"down": {"uv": [29, 52], "uv_size": [4, -4]}
							}
						},
						{
							"origin": [-8.35, 16.95, -1.975],
							"size": [1.65, 2.225, 3.925],
							"pivot": [-4.325, 5.3, 0],
							"rotation": [0, 0, 17.75],
							"uv": {
								"north": {"uv": [65, 46], "uv_size": [2, 2]},
								"east": {"uv": [0, 61], "uv_size": [4, 2]},
								"south": {"uv": [65, 48], "uv_size": [2, 2]},
								"west": {"uv": [4, 61], "uv_size": [4, 2]},
								"up": {"uv": [8, 61], "uv_size": [2, 4]},
								"down": {"uv": [12, 65], "uv_size": [2, -4]}
							}
						},
						{
							"origin": [-3.1, 12.05, -1.975],
							"size": [1.65, 6, 3.925],
							"pivot": [0.925, 0.4, 0],
							"rotation": [0, 0, -5],
							"uv": {
								"north": {"uv": [31, 52], "uv_size": [2, 6]},
								"east": {"uv": [40, 6], "uv_size": [4, 6]},
								"south": {"uv": [54, 32], "uv_size": [2, 6]},
								"west": {"uv": [21, 41], "uv_size": [4, 6]},
								"up": {"uv": [57, 60], "uv_size": [2, 4]},
								"down": {"uv": [59, 64], "uv_size": [2, -4]}
							}
						},
						{
							"origin": [-3.65, 22.75, 4.075],
							"size": [3.25, 3.25, 4.05],
							"pivot": [0.1, 3.25, 22.1],
							"rotation": [17, 0, 0],
							"uv": {
								"north": {"uv": [22, 58], "uv_size": [3, 3]},
								"east": {"uv": [44, 55], "uv_size": [4, 3]},
								"south": {"uv": [58, 26], "uv_size": [3, 3]},
								"west": {"uv": [55, 48], "uv_size": [4, 3]},
								"up": {"uv": [55, 51], "uv_size": [3, 4]},
								"down": {"uv": [55, 59], "uv_size": [3, -4]}
							}
						},
						{
							"origin": [-3.45, 12.8, 1.5],
							"size": [2.4, 2.2, 2.475],
							"pivot": [0.75, -4.8, 12.3],
							"rotation": [12.5, 0, 0],
							"uv": {
								"north": {"uv": [34, 65], "uv_size": [2, 2]},
								"east": {"uv": [65, 34], "uv_size": [2, 2]},
								"south": {"uv": [65, 36], "uv_size": [2, 2]},
								"west": {"uv": [65, 38], "uv_size": [2, 2]},
								"up": {"uv": [39, 65], "uv_size": [2, 2]},
								"down": {"uv": [65, 42], "uv_size": [2, -2]}
							}
						}
					]
				},
				{
					"name": "RightLowerLeg",
					"parent": "RightLeg",
					"pivot": [-2.2, 11.7, 0],
					"cubes": [
						{
							"origin": [-4.9, 2, -1.9],
							"size": [3.4, 10, 4],
							"pivot": [-1, 0, 0],
							"rotation": [0, 0, 4],
							"uv": {
								"north": {"uv": [15, 34], "uv_size": [3, 10]},
								"east": {"uv": [21, 0], "uv_size": [4, 10]},
								"south": {"uv": [18, 34], "uv_size": [3, 10]},
								"west": {"uv": [11, 21], "uv_size": [4, 10]},
								"up": {"uv": [0, 54], "uv_size": [3, 4]},
								"down": {"uv": [7, 58], "uv_size": [3, -4]}
							}
						}
					]
				},
				{
					"name": "RightFoot",
					"parent": "RightLowerLeg",
					"pivot": [-2.1875, 2.5, -0.1375],
					"cubes": [
						{
							"origin": [-4.875, 0, -2.1],
							"size": [3.875, 4, 4.375],
							"uv": {
								"north": {"uv": [48, 38], "uv_size": [4, 4]},
								"east": {"uv": [48, 42], "uv_size": [4, 4]},
								"south": {"uv": [48, 46], "uv_size": [4, 4]},
								"west": {"uv": [0, 50], "uv_size": [4, 4]},
								"up": {"uv": [50, 18], "uv_size": [4, 4]},
								"down": {"uv": [50, 26], "uv_size": [4, -4]}
							}
						},
						{
							"origin": [-4.775, 0, -4.4],
							"size": [3.675, 3, 3],
							"uv": {
								"north": {"uv": [10, 54], "uv_size": [4, 3]},
								"east": {"uv": [16, 58], "uv_size": [3, 3]},
								"south": {"uv": [54, 12], "uv_size": [4, 3]},
								"west": {"uv": [58, 18], "uv_size": [3, 3]},
								"up": {"uv": [54, 15], "uv_size": [4, 3]},
								"down": {"uv": [54, 21], "uv_size": [4, -3]}
							}
						},
						{
							"origin": [-4.975, 1.6, -0.375],
							"size": [1, 1.4, 1.375],
							"uv": {
								"north": {"uv": [69, 68], "uv_size": [1, 1]},
								"east": {"uv": [69, 69], "uv_size": [1, 1]},
								"south": {"uv": [0, 70], "uv_size": [1, 1]},
								"west": {"uv": [70, 0], "uv_size": [1, 1]},
								"up": {"uv": [1, 70], "uv_size": [1, 1]},
								"down": {"uv": [70, 2], "uv_size": [1, -1]}
							}
						}
					]
				},
				{
					"name": "ElytraMolang",
					"parent": "Root",
					"pivot": [0, -0.35, 0]
				},
				{
					"name": "molang",
					"parent": "Root",
					"pivot": [0, -0.35, 0]
				}
			]
		}
	]
}