{
	"format_version": "1.12.0",
	"minecraft:geometry": [
		{
			"description": {
				"identifier": "geometry.default",
				"texture_width": 256,
				"texture_height": 256,
				"visible_bounds_width": 5,
				"visible_bounds_height": 4.5,
				"visible_bounds_offset": [0, 1.75, 0]
			},
			"bones": [
				{
					"name": "RightArm",
					"pivot": [-4.1, 30.1, 0],
					"cubes": [
						{"origin": [-5.5, 25.05, -1.5], "size": [3.05, 6.2, 3.05], "uv": [27, 49], "mirror": true},
						{"origin": [-5.65, 25.05, -1.6], "size": [2.25, 3.2, 0.35], "uv": [208, 24], "mirror": true},
						{"origin": [-5.65, 25.05, -0.95], "size": [1, 3.2, 1.95], "uv": [182, 21], "mirror": true},
						{"origin": [-5.65, 25.05, -1.25], "size": [0.25, 3.2, 0.3], "uv": [252, 7], "mirror": true},
						{"origin": [-5.65, 25.05, 1], "size": [0.25, 3.2, 0.3], "uv": [252, 7], "mirror": true},
						{"origin": [-5.65, 25.05, 1.3], "size": [2.25, 3.2, 0.35], "uv": [208, 24], "mirror": true},
						{"origin": [-3.4, 25.05, -1.6], "size": [1, 6.3, 3.25], "uv": [244, 16], "mirror": true},
						{"origin": [-5.75, 28.2, -1.7], "size": [1.35, 3.15, 3.45], "uv": [246, 18], "mirror": true},
						{"origin": [-4.4, 27.05, -1.7], "size": [1, 4.3, 3.45], "uv": [244, 16], "mirror": true}
					]
				},
				{
					"name": "RightForeArm",
					"parent": "RightArm",
					"pivot": [-3.575, 24.9, 0.025],
					"cubes": [
						{"origin": [-5.4, 24.07586, -0.85842], "size": [2.85, 2.1, 2.1], "pivot": [-3.975, 25.32586, 0.09158], "rotation": [-45, 0, 0], "uv": [23, 76], "mirror": true},
						{"origin": [-5.375, 19.15, -1.375], "size": [2.8, 6, 2.8], "uv": [1, 49], "mirror": true},
						{"origin": [-5.725, 23.15, -1.675], "size": [3.4, 2, 3.4], "uv": [154, 21], "mirror": true},
						{"origin": [-6.025, 23.7, -0.425], "size": [0.4, 1.55, 0.9], "uv": [212, 45], "mirror": true},
						{"origin": [-5.925, 23.25, 0.275], "size": [0.4, 1.75, 0.5], "uv": [213, 46], "mirror": true},
						{"origin": [-5.925, 23.25, -0.775], "size": [0.4, 1.75, 0.5], "uv": [213, 46], "mirror": true}
					]
				},
				{
					"name": "RightHand",
					"parent": "RightForeArm",
					"pivot": [-4.075, 19.425, 0.025],
					"cubes": [
						{"origin": [-5.275, 18.65, -1.275], "size": [2.4, 2.1, 2], "pivot": [0.3, 19.15, -0.575], "rotation": [-45, 0, 0], "uv": [76, 0], "mirror": true},
						{"origin": [-5.475, 17.15, -1.475], "size": [3, 2, 3], "uv": [235, 41], "mirror": true},
						{"origin": [-5.625, 18.65, -1.575], "size": [3.2, 1, 3.2], "uv": [118, 21], "mirror": true},
						{"origin": [-5.525, 18.25, -0.825], "size": [0.45, 1, 1], "pivot": [-5.4, 19.15, -0.075], "rotation": [45, 0, 0], "uv": [122, 25], "mirror": true}
					]
				},
				{
					"name": "RightHandLocator",
					"parent": "RightHand",
					"pivot": [-4.075, 18.425, 0.025]
				},
				{
					"name": "bone11",
					"parent": "RightArm",
					"pivot": [-5.325, 28.65, -1.85],
					"cubes": [
						{"origin": [-5.85, 27.95, -1.95], "size": [0.85, 1.65, 0.2], "pivot": [-5.325, 28.65, -1.85], "rotation": [0, 0, 25], "uv": [214, 39], "mirror": true},
						{"origin": [-6.58587, 26.62965, -1.3], "size": [0.65, 1.4, 0.2], "pivot": [-6.26087, 26.87965, -1.85], "rotation": [30, 0, 25], "uv": [129, 45], "mirror": true},
						{"origin": [-6.58587, 26.62965, 1.1], "size": [0.65, 1.4, 0.2], "pivot": [-6.26087, 26.87965, 1.85], "rotation": [-30, 0, 25], "uv": [129, 45], "mirror": true},
						{"origin": [-5.75, 27.95, 1.75], "size": [0.65, 1.65, 0.2], "pivot": [-5.325, 28.65, 1.85], "rotation": [0, 0, 25], "uv": [123, 39], "mirror": true},
						{"origin": [-6.6156, 26.21588, -0.46892], "size": [0.65, 1.3, 0.2], "pivot": [-6.2906, 26.81588, -0.56892], "rotation": [87.5, 0, 25], "uv": [129, 45], "mirror": true},
						{"origin": [-6.6156, 26.21588, 0.26892], "size": [0.65, 1.3, 0.2], "pivot": [-6.2906, 26.81588, 0.56892], "rotation": [-87.5, 0, 25], "uv": [129, 45], "mirror": true}
					]
				},
				{
					"name": "LeftArm",
					"pivot": [4.1, 30.1, 0],
					"cubes": [
						{"origin": [2.5, 25.05, -1.5], "size": [3.05, 6.2, 3.05], "uv": [27, 49]},
						{"origin": [4.65, 25.05, -0.95], "size": [1, 3.2, 1.95], "uv": [182, 21]},
						{"origin": [5.4, 25.05, -1.25], "size": [0.25, 3.2, 0.3], "uv": [252, 7]},
						{"origin": [3.4, 25.05, -1.6], "size": [2.25, 3.2, 0.35], "uv": [208, 24]},
						{"origin": [2.4, 25.05, -1.6], "size": [1, 6.3, 3.25], "uv": [244, 16]},
						{"origin": [3.5, 26.95, 1.75], "size": [1, 1.8, 0.2], "pivot": [3.8, 27.95, 1.85], "rotation": [2.5, 0, 0], "uv": [122, 42]},
						{"origin": [3.4, 27.05, -1.7], "size": [1, 4.3, 3.45], "uv": [244, 16]},
						{"origin": [4.4, 28.2, -1.7], "size": [1.35, 3.15, 3.45], "uv": [246, 18]},
						{"origin": [3.4, 25.05, 1.3], "size": [2.25, 3.2, 0.35], "uv": [208, 24]},
						{"origin": [5.4, 25.05, 1], "size": [0.25, 3.2, 0.3], "uv": [252, 7]}
					]
				},
				{
					"name": "LeftForeArm",
					"parent": "LeftArm",
					"pivot": [3.575, 24.9, 0.025],
					"cubes": [
						{"origin": [2.6, 24.07586, -0.85842], "size": [2.85, 2.1, 2.1], "pivot": [4.025, 25.32586, 0.09158], "rotation": [-45, 0, 0], "uv": [23, 76]},
						{"origin": [2.625, 19.15, -1.375], "size": [2.8, 6, 2.8], "uv": [2, 49]},
						{"origin": [2.325, 23.15, -1.675], "size": [3.4, 2, 3.4], "uv": [154, 21]},
						{"origin": [5.625, 23.8, -0.425], "size": [0.4, 1.45, 0.9], "uv": [210, 43]},
						{"origin": [5.525, 23.3, -0.825], "size": [0.4, 1.65, 0.6], "uv": [212, 45]},
						{"origin": [5.525, 23.3, 0.225], "size": [0.4, 1.65, 0.6], "uv": [212, 45]}
					]
				},
				{
					"name": "LeftHand",
					"parent": "LeftForeArm",
					"pivot": [4.075, 19.425, 0.025],
					"cubes": [
						{"origin": [2.925, 18.65, -1.275], "size": [2.4, 2.1, 2], "pivot": [-0.25, 19.15, -0.575], "rotation": [-45, 0, 0], "uv": [76, 0]},
						{"origin": [2.525, 17.15, -1.475], "size": [3, 2, 3], "uv": [238, 42]},
						{"origin": [2.425, 18.65, -1.575], "size": [3.2, 1, 3.2], "uv": [118, 21]},
						{"origin": [5.125, 18.25, -0.825], "size": [0.45, 1, 1], "pivot": [5.4, 19.15, -0.075], "rotation": [45, 0, 0], "uv": [122, 25]}
					]
				},
				{
					"name": "LeftHandLocator",
					"parent": "LeftHand",
					"pivot": [4.125, 18.425, 0.025]
				}
			]
		}
	]
}