{
	"format_version": "1.12.0",
	"minecraft:geometry": [
		{
			"description": {
				"identifier": "geometry.unknown",
				"texture_width": 128,
				"texture_height": 128,
				"visible_bounds_width": 4,
				"visible_bounds_height": 5,
				"visible_bounds_offset": [0, 1.5, 0],
				"ysm_height_scale": 0.9,
				"ysm_width_scale": 0.9,
				"ysm_extra_info": {
					"name": "Luna",
					"tips": "A girl who loves fish"
				}

			},
			"bones": [
				{
					"name": "Root",
					"pivot": [0, 24, 0]
				},
				{
					"name": "AllBody",
					"parent": "Root",
					"pivot": [0, 0, 0]
				},
				{
					"name": "Legs",
					"parent": "AllBody",
					"pivot": [0, 0, 0]
				},
				{
					"name": "RightLeg",
					"parent": "Legs",
					"pivot": [-2, 13, 0.5]
				},
				{
					"name": "left_leg2",
					"parent": "RightLeg",
					"pivot": [-2, 13.1, 0],
					"cubes": [
						{"origin": [-4, 0, -1.5], "size": [1, 11, 4], "pivot": [-4, 11, 0], "rotation": [0, 0, -3.6], "uv": [10, 36]}
					]
				},
				{
					"name": "bone8",
					"parent": "left_leg2",
					"pivot": [0, 1.1, 0],
					"cubes": [
						{"origin": [-4, 11, -1.5], "size": [3.75, 1, 4], "uv": [43, 17]},
						{"origin": [-3.248, 0, -1.5], "size": [3, 11, 4], "uv": [32, 0]}
					]
				},
				{
					"name": "left_leg_sub_1",
					"parent": "bone8",
					"pivot": [0, 1.1, 0]
				},
				{
					"name": "LeftLeg",
					"parent": "Legs",
					"pivot": [2, 13, 0.5]
				},
				{
					"name": "right_leg2",
					"parent": "LeftLeg",
					"pivot": [2, 13.1, 1],
					"cubes": [
						{"origin": [3, 0, -1.5], "size": [1, 11, 4], "pivot": [4, 11, 0], "rotation": [0, 0, 3.6], "uv": [0, 36]}
					]
				},
				{
					"name": "bone3",
					"parent": "right_leg2",
					"pivot": [0, 1.1, 0],
					"cubes": [
						{"origin": [0.25, 11, -1.5], "size": [3.75, 1, 4], "uv": [42, 11]},
						{"origin": [0.248, 0, -1.5], "size": [3, 11, 4], "uv": [22, 25]}
					]
				},
				{
					"name": "right_leg_sub_1",
					"parent": "bone3",
					"pivot": [0, 1.1, 0]
				},
				{
					"name": "UpBody",
					"parent": "AllBody",
					"pivot": [0, 12, 1]
				},
				{
					"name": "UpperBody",
					"parent": "UpBody",
					"pivot": [0, 12, 0.5]
				},
				{
					"name": "Head",
					"parent": "UpperBody",
					"pivot": [0, 22.1, 0],
					"cubes": [
						{"origin": [-4, 22, -4], "size": [8, 8, 8], "uv": [0, 0]}
					]
				},
				{
					"name": "blush",
					"parent": "Head",
					"pivot": [0, 1, 2.75],
					"cubes": [
						{"origin": [-4, 26, -0.5], "size": [8, 1, 0], "uv": [32, 127]}
					]
				},
				{
					"name": "Hair",
					"parent": "Head",
					"pivot": [0, -1.5, 0],
					"cubes": [
						{"origin": [-4, 29.5, -4], "size": [8, 1, 8], "uv": [0, 16]},
						{"origin": [-4, 21.5, 1.5], "size": [8, 8.5, 3], "uv": [0, 25]},
						{"origin": [3.5, 21.5, 1], "size": [1, 8.5, 3], "uv": [33, 37]},
						{"origin": [-4.5, 21.5, 1.5], "size": [1, 8.5, 2.5], "uv": [34, 38], "mirror": true},
						{
							"origin": [3.5, 26.5, -4],
							"size": [1, 3.5, 5],
							"uv": {
								"north": {"uv": [3, 19], "uv_size": [1, 5]},
								"east": {"uv": [0, 19], "uv_size": [3, 5]},
								"south": {"uv": [7, 19], "uv_size": [1, 5]},
								"west": {"uv": [4, 19], "uv_size": [3, 5]},
								"up": {"uv": [3, 16], "uv_size": [1, 3]},
								"down": {"uv": [4, 19], "uv_size": [1, -3]}
							}
						},
						{
							"origin": [-4.5, 26.5, -4],
							"size": [1, 3.5, 6],
							"uv": {
								"north": {"uv": [4, 19], "uv_size": [-1, 5]},
								"east": {"uv": [7, 19], "uv_size": [-3, 5]},
								"south": {"uv": [8, 19], "uv_size": [-1, 5]},
								"west": {"uv": [3, 19], "uv_size": [-3, 5]},
								"up": {"uv": [4, 16], "uv_size": [-1, 3]},
								"down": {"uv": [5, 19], "uv_size": [-1, -3]}
							}
						},
						{"origin": [-4, 26.5, -4.5], "size": [8, 3.5, 1], "uv": [38, 36]},
						{"origin": [0, 24.5, -4.5], "size": [1, 1, 1], "uv": [38, 48]},
						{"origin": [-1, 25.5, -4.5], "size": [2, 1, 1], "uv": [73, 57]},
						{"origin": [2.5, 25.5, -4.5], "size": [2, 1, 1], "uv": [73, 48]},
						{"origin": [-4.5, 25.5, -4.5], "size": [2, 1, 1], "uv": [73, 40]},
						{"origin": [3, 24.5, -4.5], "size": [2, 1, 1], "uv": [36, 73]},
						{"origin": [4, 24, -4.5], "size": [2, 1, 1], "uv": [30, 73]},
						{"origin": [-5, 24.5, -4.5], "size": [2, 1, 1], "uv": [73, 29]},
						{"origin": [-6, 24, -4.5], "size": [2, 1, 1], "uv": [73, 25]}
					]
				},
				{
					"name": "Ears",
					"parent": "Hair",
					"pivot": [0, 0, 0]
				},
				{
					"name": "LeftEar",
					"parent": "Ears",
					"pivot": [3, 28.75, -2],
					"rotation": [0, 0, 57.5],
					"cubes": [
						{"origin": [1.02981, 29.8319, -3], "size": [1, 6, 2], "pivot": [1.52981, 29.8319, -2], "rotation": [0, 0, 15], "uv": [56, 31]},
						{"origin": [4.06388, 29.8319, -3], "size": [1, 6, 2], "pivot": [4.56388, 29.8319, -2], "rotation": [0, 0, -15], "uv": [52, 53]},
						{"origin": [1.04685, 28.96131, -3], "size": [4, 1, 2], "uv": [52, 8]},
						{"origin": [2.04685, 29.96131, -2], "size": [2, 2, 1], "uv": [70, 51]},
						{"origin": [2.54685, 31.96131, -2], "size": [1, 2, 1], "uv": [43, 16]}
					]
				},
				{
					"name": "RightEar",
					"parent": "Ears",
					"pivot": [-3, 28.75, -2],
					"rotation": [0, 0, -57.5],
					"cubes": [
						{"origin": [-2.02981, 29.8319, -3], "size": [1, 6, 2], "pivot": [-1.52981, 29.8319, -2], "rotation": [0, 0, -15], "uv": [46, 53]},
						{"origin": [-5.06388, 29.8319, -3], "size": [1, 6, 2], "pivot": [-4.56388, 29.8319, -2], "rotation": [0, 0, 15], "uv": [40, 52]},
						{"origin": [-5.04685, 28.96131, -3], "size": [4, 1, 2], "uv": [51, 28]},
						{"origin": [-4.04685, 29.96131, -2], "size": [2, 2, 1], "uv": [42, 70]},
						{"origin": [-3.54685, 31.96131, -2], "size": [1, 2, 1], "uv": [36, 30]}
					]
				},
				{
					"name": "bone",
					"parent": "Hair",
					"pivot": [0, 25.25, 4],
					"cubes": [
						{"origin": [-1, 17.5, 3.5], "size": [2, 4.5, 1], "pivot": [0, 21.25, 4], "rotation": [17.5, 0, 0], "uv": [62, 30]},
						{"origin": [-1, 13.26478, 4.41697], "size": [2, 4.5, 1], "pivot": [0, 18.01478, 4.91697], "rotation": [35, 0, 0], "uv": [6, 62]},
						{"origin": [-1, 10.64583, 6.71661], "size": [2, 3.5, 1], "pivot": [0, 14.39583, 7.21661], "rotation": [65, 0, 0], "uv": [0, 70]},
						{"origin": [-1, 10.33809, 9.5724], "size": [2, 3.5, 1], "pivot": [0, 13.41701, 10.55609], "rotation": [105, 0, 0], "uv": [30, 69]}
					]
				},
				{
					"name": "bone4",
					"parent": "bone",
					"pivot": [0, 22.25, 4.35],
					"rotation": [5.12076, 12.45167, 1.10693],
					"cubes": [
						{"origin": [-1, 19.5, 3.85], "size": [2, 3.5, 1], "pivot": [0, 22.25, 4.35], "rotation": [17.5, 0, 0], "uv": [24, 69]},
						{"origin": [-1, 16.2185, 4.46626], "size": [2, 3.5, 1], "pivot": [0, 19.9685, 4.96626], "rotation": [35, 0, 0], "uv": [11, 69]},
						{"origin": [-1, 14.4187, 6.19233], "size": [2, 2.5, 1], "pivot": [0, 17.1687, 6.69233], "rotation": [65, 0, 0], "uv": [47, 72]},
						{"origin": [-1, 14.53357, 8.14181], "size": [2, 2.5, 1], "pivot": [0, 16.6125, 9.1255], "rotation": [105, 0, 0], "uv": [72, 37]}
					]
				},
				{
					"name": "bone30",
					"parent": "bone",
					"pivot": [-0.80379, 25.21838, 3.98863],
					"rotation": [5.3191, -19.92066, -1.81693],
					"cubes": [
						{"origin": [-1.80379, 22.46838, 3.48863], "size": [2, 3.5, 1], "pivot": [-0.80379, 25.21838, 3.98863], "rotation": [17.5, 0, 0], "uv": [65, 43]},
						{"origin": [-1.80379, 19.18689, 4.1049], "size": [2, 3.5, 1], "pivot": [-0.80379, 22.93689, 4.6049], "rotation": [35, 0, 0], "uv": [32, 65]},
						{"origin": [-1.80379, 17.38709, 5.83096], "size": [2, 2.5, 1], "pivot": [-0.80379, 20.13709, 6.33096], "rotation": [65, 0, 0], "uv": [70, 70]},
						{"origin": [-1.80379, 17.50196, 7.78044], "size": [2, 2.5, 1], "pivot": [-0.80379, 19.58089, 8.76413], "rotation": [105, 0, 0], "uv": [64, 70]}
					]
				},
				{
					"name": "bone11",
					"parent": "Hair",
					"pivot": [4, 22.25, 2],
					"rotation": [0, 60, 0],
					"cubes": [
						{"origin": [3, 18.5, 1.5], "size": [2, 4.5, 1], "pivot": [4, 22.25, 2], "rotation": [17.5, 0, 0], "uv": [36, 60]},
						{"origin": [3, 14.26478, 2.41697], "size": [2, 4.5, 1], "pivot": [4, 19.01478, 2.91697], "rotation": [35, 0, 0], "uv": [30, 60]},
						{"origin": [3, 11.64583, 4.71661], "size": [2, 3.5, 1], "pivot": [4, 15.39583, 5.21661], "rotation": [65, 0, 0], "uv": [18, 67]},
						{"origin": [3, 11.33809, 7.5724], "size": [2, 3.5, 1], "pivot": [4, 14.41701, 8.55609], "rotation": [105, 0, 0], "uv": [67, 12]}
					]
				},
				{
					"name": "bone12",
					"parent": "bone11",
					"pivot": [3.29289, 22.25, 1.64289],
					"rotation": [5.12076, 12.45167, 1.10693],
					"cubes": [
						{"origin": [3, 18.5, 1.85], "size": [2, 3.5, 1], "pivot": [4, 21.25, 2.35], "rotation": [17.5, 0, 0], "uv": [5, 67]},
						{"origin": [3, 15.2185, 2.46626], "size": [2, 3.5, 1], "pivot": [4, 18.9685, 2.96626], "rotation": [35, 0, 0], "uv": [66, 66]},
						{"origin": [3, 13.4187, 4.19233], "size": [2, 2.5, 1], "pivot": [4, 16.1687, 4.69233], "rotation": [65, 0, 0], "uv": [55, 71]},
						{"origin": [3, 13.53357, 6.14181], "size": [2, 2.5, 1], "pivot": [4, 15.6125, 7.1255], "rotation": [105, 0, 0], "uv": [71, 43]}
					]
				},
				{
					"name": "bone14",
					"parent": "Hair",
					"pivot": [-4, 22.25, 2.65],
					"rotation": [0, -60, 0],
					"cubes": [
						{"origin": [-5, 18.5, 2.15], "size": [2, 6.5, 1], "pivot": [-4, 22.25, 2.65], "rotation": [17.5, 0, 0], "uv": [0, 57]},
						{"origin": [-5, 14.26478, 3.06697], "size": [2, 4.5, 1], "pivot": [-4, 19.01478, 3.56697], "rotation": [35, 0, 0], "uv": [14, 60]},
						{"origin": [-5, 11.64583, 5.36661], "size": [2, 3.5, 1], "pivot": [-4, 15.39583, 5.86661], "rotation": [65, 0, 0], "uv": [44, 66]},
						{"origin": [-5, 11.33809, 8.2224], "size": [2, 3.5, 1], "pivot": [-4, 14.41701, 9.20609], "rotation": [105, 0, 0], "uv": [38, 66]}
					]
				},
				{
					"name": "bone15",
					"parent": "bone14",
					"pivot": [-3.29289, 22.25, 2.29289],
					"rotation": [5.12076, -12.45167, -1.10693],
					"cubes": [
						{"origin": [-5, 18.5, 2.5], "size": [2, 5.5, 1], "pivot": [-4, 21.25, 3], "rotation": [17.5, 0, 0], "uv": [24, 57]},
						{"origin": [-5, 15.2185, 3.11626], "size": [2, 3.5, 1], "pivot": [-4, 18.9685, 3.61626], "rotation": [35, 0, 0], "uv": [66, 35]},
						{"origin": [-5, 13.4187, 4.84233], "size": [2, 2.5, 1], "pivot": [-4, 16.1687, 5.34233], "rotation": [65, 0, 0], "uv": [71, 22]},
						{"origin": [-5, 13.53357, 6.79181], "size": [2, 2.5, 1], "pivot": [-4, 15.6125, 7.7755], "rotation": [105, 0, 0], "uv": [71, 19]}
					]
				},
				{
					"name": "bone5",
					"parent": "Hair",
					"pivot": [-2.42526, 23.25, 2.65124],
					"rotation": [0, -35, 0],
					"cubes": [
						{"origin": [-3.42526, 19.5, 2.15124], "size": [2, 4.5, 1], "pivot": [-2.42526, 23.25, 2.65124], "rotation": [17.5, 0, 0], "uv": [48, 61]},
						{"origin": [-3.42526, 15.26478, 3.06821], "size": [2, 4.5, 1], "pivot": [-2.42526, 20.01478, 3.56821], "rotation": [35, 0, 0], "uv": [42, 61]},
						{"origin": [-3.42526, 12.64583, 5.36785], "size": [2, 3.5, 1], "pivot": [-2.42526, 16.39583, 5.86785], "rotation": [65, 0, 0], "uv": [50, 68]},
						{"origin": [-3.42526, 12.33809, 8.22364], "size": [2, 3.5, 1], "pivot": [-2.42526, 15.41701, 9.20733], "rotation": [105, 0, 0], "uv": [68, 30]}
					]
				},
				{
					"name": "bone6",
					"parent": "bone5",
					"pivot": [-2.42526, 24.25, 3.00124],
					"rotation": [5.12076, 12.45167, 1.10693],
					"cubes": [
						{"origin": [-3.42526, 21.5, 2.50124], "size": [2, 3.5, 1], "pivot": [-2.42526, 24.25, 3.00124], "rotation": [17.5, 0, 0], "uv": [68, 26]},
						{"origin": [-3.42526, 18.2185, 3.1175], "size": [2, 3.5, 1], "pivot": [-2.42526, 21.9685, 3.6175], "rotation": [35, 0, 0], "uv": [67, 62]},
						{"origin": [-3.42526, 16.4187, 4.84357], "size": [2, 2.5, 1], "pivot": [-2.42526, 19.1687, 5.34357], "rotation": [65, 0, 0], "uv": [72, 34]},
						{"origin": [-3.42526, 16.53357, 6.79305], "size": [2, 2.5, 1], "pivot": [-2.42526, 18.6125, 7.77674], "rotation": [105, 0, 0], "uv": [72, 10]}
					]
				},
				{
					"name": "bone7",
					"parent": "Hair",
					"pivot": [3.0299, 24.07483, 3.23812],
					"rotation": [-1.98692, 22.79345, -4.66973],
					"cubes": [
						{"origin": [1.14289, 20.32483, 2.27637], "size": [2, 4.5, 1], "pivot": [2.14289, 24.07483, 2.77637], "rotation": [17.5, 0, 0], "uv": [61, 38]},
						{"origin": [1.14289, 16.08962, 3.19334], "size": [2, 4.5, 1], "pivot": [2.14289, 20.83962, 3.69334], "rotation": [35, 0, 0], "uv": [61, 13]},
						{"origin": [1.14289, 13.47066, 5.49299], "size": [2, 3.5, 1], "pivot": [2.14289, 17.22066, 5.99299], "rotation": [65, 0, 0], "uv": [59, 67]},
						{"origin": [1.14289, 13.16292, 8.34877], "size": [2, 3.5, 1], "pivot": [2.14289, 16.24185, 9.33246], "rotation": [105, 0, 0], "uv": [67, 56]}
					]
				},
				{
					"name": "bone9",
					"parent": "bone7",
					"pivot": [3.0299, 24.07483, 3.58812],
					"rotation": [1.67145, 13.34574, -14.25651],
					"cubes": [
						{"origin": [1.14289, 21.32483, 2.62637], "size": [2, 3.5, 1], "pivot": [2.14289, 24.07483, 3.12637], "rotation": [17.5, 0, 0], "uv": [67, 47]},
						{"origin": [1.14289, 18.04333, 3.24264], "size": [2, 3.5, 1], "pivot": [2.14289, 21.79333, 3.74264], "rotation": [35, 0, 0], "uv": [67, 39]},
						{"origin": [1.14289, 16.24353, 4.96871], "size": [2, 2.5, 1], "pivot": [2.14289, 18.99353, 5.46871], "rotation": [65, 0, 0], "uv": [6, 72]},
						{"origin": [1.14289, 16.35841, 6.91818], "size": [2, 2.5, 1], "pivot": [2.14289, 18.43733, 7.90187], "rotation": [105, 0, 0], "uv": [72, 3]}
					]
				},
				{
					"name": "bone27",
					"parent": "Hair",
					"pivot": [-3.73773, 29.09744, -1.42601],
					"rotation": [-32.5, -90, 0],
					"cubes": [
						{"origin": [-4.62491, 23.02617, 0.30264], "size": [2, 3.5, 1], "pivot": [-2.62491, 26.77617, 0.80264], "rotation": [62.5, 0, 0], "uv": [66, 3]},
						{"origin": [-4.62491, 26.49755, 0.47029], "size": [2, 3.5, 1], "pivot": [-2.62491, 26.74755, 0.97029], "rotation": [45, 0, 0], "uv": [26, 65]},
						{"origin": [-4.62491, 20.71742, 2.05842], "size": [2, 2.5, 1], "pivot": [-2.62491, 24.46742, 2.55842], "rotation": [117.5, 0, 0], "uv": [17, 71]}
					]
				},
				{
					"name": "bone25",
					"parent": "bone27",
					"pivot": [-3.62491, 26.27617, 1.80264],
					"rotation": [0, -17.5, 0],
					"cubes": [
						{"origin": [-4.62491, 21.70154, 0.17043], "size": [2, 1.5, 1], "pivot": [-2.62491, 25.45154, 0.67043], "rotation": [122.5, 0, 0], "uv": [73, 13]},
						{"origin": [-4.62491, 24.29077, 0.0517], "size": [2, 1.5, 1], "pivot": [-2.62491, 26.54077, 0.5517], "rotation": [95, 0, 0], "uv": [12, 73]}
					]
				},
				{
					"name": "bone28",
					"parent": "Hair",
					"pivot": [3.73773, 29.09744, -1.42601],
					"rotation": [-32.5, 90, 0],
					"cubes": [
						{"origin": [2.62491, 23.02617, 0.30264], "size": [2, 3.5, 1], "pivot": [2.62491, 26.77617, 0.80264], "rotation": [62.5, 0, 0], "uv": [66, 3], "mirror": true},
						{"origin": [2.62491, 26.49755, 0.47029], "size": [2, 3.5, 1], "pivot": [2.62491, 26.74755, 0.97029], "rotation": [45, 0, 0], "uv": [26, 65], "mirror": true},
						{"origin": [2.62491, 20.71742, 2.05842], "size": [2, 2.5, 1], "pivot": [2.62491, 24.46742, 2.55842], "rotation": [117.5, 0, 0], "uv": [17, 71], "mirror": true}
					]
				},
				{
					"name": "bone29",
					"parent": "bone28",
					"pivot": [3.62491, 26.27617, 1.80264],
					"rotation": [0, 17.5, 0],
					"cubes": [
						{"origin": [2.62491, 21.70154, 0.17043], "size": [2, 1.5, 1], "pivot": [2.62491, 25.45154, 0.67043], "rotation": [122.5, 0, 0], "uv": [73, 13], "mirror": true},
						{"origin": [2.62491, 24.29077, 0.0517], "size": [2, 1.5, 1], "pivot": [2.62491, 26.54077, 0.5517], "rotation": [95, 0, 0], "uv": [12, 73], "mirror": true}
					]
				},
				{
					"name": "bone21",
					"parent": "Hair",
					"pivot": [-3.73773, 29.09744, 0.07399],
					"rotation": [10, -80, -32.5],
					"cubes": [
						{"origin": [-4.62491, 23.02617, 1.80264], "size": [2, 3.5, 1], "pivot": [-2.62491, 26.77617, 2.30264], "rotation": [62.5, 0, 0], "uv": [65, 22]},
						{"origin": [-4.62491, 26.49755, 1.97029], "size": [2, 3.5, 1], "pivot": [-2.62491, 26.74755, 2.47029], "rotation": [45, 0, 0], "uv": [65, 18]},
						{"origin": [-4.62491, 20.71742, 3.55842], "size": [2, 2.5, 1], "pivot": [-2.62491, 24.46742, 4.05842], "rotation": [117.5, 0, 0], "uv": [36, 70]}
					]
				},
				{
					"name": "bone26",
					"parent": "bone21",
					"pivot": [-3.62491, 26.27617, 2.30264],
					"rotation": [0, 10, 0],
					"cubes": [
						{"origin": [-4.62491, 21.70154, 1.67043], "size": [2, 1.5, 1], "pivot": [-2.62491, 25.45154, 2.17043], "rotation": [122.5, 0, 0], "uv": [72, 67]},
						{"origin": [-4.62491, 24.29077, 1.5517], "size": [2, 1.5, 1], "pivot": [-2.62491, 26.54077, 2.0517], "rotation": [95, 0, 0], "uv": [72, 65]}
					]
				},
				{
					"name": "bone22",
					"parent": "Hair",
					"pivot": [3.73773, 29.09744, 0.07399],
					"rotation": [10, 80, 32.5],
					"cubes": [
						{"origin": [2.62491, 23.02617, 1.80264], "size": [2, 3.5, 1], "pivot": [2.62491, 26.77617, 2.30264], "rotation": [62.5, 0, 0], "uv": [65, 22], "mirror": true},
						{"origin": [2.62491, 26.49755, 1.97029], "size": [2, 3.5, 1], "pivot": [2.62491, 26.74755, 2.47029], "rotation": [45, 0, 0], "uv": [65, 18], "mirror": true},
						{"origin": [2.62491, 20.71742, 3.55842], "size": [2, 2.5, 1], "pivot": [2.62491, 24.46742, 4.05842], "rotation": [117.5, 0, 0], "uv": [36, 70], "mirror": true}
					]
				},
				{
					"name": "bone24",
					"parent": "bone22",
					"pivot": [3.62491, 26.27617, 2.30264],
					"rotation": [0, -10, 0],
					"cubes": [
						{"origin": [2.62491, 21.70154, 1.67043], "size": [2, 1.5, 1], "pivot": [2.62491, 25.45154, 2.17043], "rotation": [122.5, 0, 0], "uv": [72, 67], "mirror": true},
						{"origin": [2.62491, 24.29077, 1.5517], "size": [2, 1.5, 1], "pivot": [2.62491, 26.54077, 2.0517], "rotation": [95, 0, 0], "uv": [72, 65], "mirror": true}
					]
				},
				{
					"name": "bone10",
					"parent": "Hair",
					"pivot": [-3.73773, 28.09744, 1.92399],
					"rotation": [-15.76414, -57.85649, -4.81324],
					"cubes": [
						{"origin": [-4.62491, 22.02617, 3.65264], "size": [2, 3.5, 1], "pivot": [-2.62491, 25.77617, 4.15264], "rotation": [62.5, 0, 0], "uv": [12, 65]},
						{"origin": [-4.62491, 25.49755, 3.82029], "size": [2, 3.5, 1], "pivot": [-2.62491, 25.74755, 4.32029], "rotation": [45, 0, 0], "uv": [54, 64]},
						{"origin": [-4.62491, 27.74755, 2.32029], "size": [2, 3.5, 1], "pivot": [-2.62491, 27.74755, 2.32029], "rotation": [-110.80524, 22.13991, -4.11405], "uv": [64, 52]},
						{"origin": [-3.60528, 26.53302, 4.60571], "size": [2, 2.5, 1], "pivot": [-1.60528, 26.53302, 4.60571], "rotation": [-63.30524, 22.13991, -4.11405], "uv": [70, 7]},
						{"origin": [-4.62491, 19.71742, 5.40842], "size": [2, 2.5, 1], "pivot": [-2.62491, 23.46742, 5.90842], "rotation": [117.5, 0, 0], "uv": [70, 16]}
					]
				},
				{
					"name": "bone23",
					"parent": "Hair",
					"pivot": [3.73773, 28.09744, 1.92399],
					"rotation": [-15.76414, 57.85649, 4.81324],
					"cubes": [
						{"origin": [2.62491, 22.02617, 3.65264], "size": [2, 3.5, 1], "pivot": [2.62491, 25.77617, 4.15264], "rotation": [62.5, 0, 0], "uv": [61, 63]},
						{"origin": [2.62491, 25.49755, 3.82029], "size": [2, 3.5, 1], "pivot": [2.62491, 25.74755, 4.32029], "rotation": [45, 0, 0], "uv": [20, 63]},
						{"origin": [2.62491, 27.74755, 2.32029], "size": [2, 3.5, 1], "pivot": [2.62491, 27.74755, 2.32029], "rotation": [-110.80524, -22.13991, 4.11405], "uv": [62, 59]},
						{"origin": [1.60528, 26.53302, 4.60571], "size": [2, 2.5, 1], "pivot": [1.60528, 26.53302, 4.60571], "rotation": [-63.30524, -22.13991, 4.11405], "uv": [7, 51]},
						{"origin": [2.62491, 19.71742, 5.40842], "size": [2, 2.5, 1], "pivot": [2.62491, 23.46742, 5.90842], "rotation": [117.5, 0, 0], "uv": [32, 24]}
					]
				},
				{
					"name": "bone17",
					"parent": "Hair",
					"pivot": [4.4763, 24.26125, -3.0587],
					"rotation": [175, 77.5, -180],
					"cubes": [
						{
							"origin": [4.4763, 21.51125, -3.5587],
							"size": [1, 5.5, 1],
							"pivot": [4.4763, 24.26125, -3.0587],
							"rotation": [17.5, 0, 0],
							"uv": {
								"north": {"uv": [27, 74], "uv_size": [1, 3]},
								"east": {"uv": [26, 74], "uv_size": [1, 3]},
								"south": {"uv": [29, 74], "uv_size": [1, 3]},
								"west": {"uv": [28, 74], "uv_size": [1, 3]},
								"up": {"uv": [27, 73], "uv_size": [1, 1]},
								"down": {"uv": [28, 74], "uv_size": [1, -1]}
							}
						},
						{"origin": [4.4763, 18.22976, -2.94243], "size": [1, 3.5, 1], "pivot": [4.4763, 21.97976, -2.44243], "rotation": [35, 0, 0], "uv": [22, 73]},
						{"origin": [4.4763, 16.42996, -1.31636], "size": [1, 2.5, 1.1], "pivot": [4.4763, 19.17996, -0.71636], "rotation": [65, 0, 0], "uv": [73, 62]},
						{"origin": [4.4763, 16.54483, 0.73311], "size": [1, 2.5, 1], "pivot": [4.4763, 18.62375, 1.7168], "rotation": [105, 0, 0], "uv": [42, 73]}
					]
				},
				{
					"name": "bone18",
					"parent": "bone17",
					"pivot": [4.17559, 19.67101, 0.26706],
					"rotation": [0, -17.5, 0],
					"cubes": [
						{"origin": [3.61386, 18.29712, -2.85149], "size": [1, 3.5, 1], "pivot": [3.61386, 22.04712, -2.35149], "rotation": [62.5, 0, 0], "uv": [61, 72]},
						{"origin": [3.61386, 15.98838, -1.09571], "size": [1, 2.5, 1], "pivot": [3.61386, 19.73838, -0.59571], "rotation": [117.5, 0, 0], "uv": [65, 73]}
					]
				},
				{
					"name": "bone13",
					"parent": "bone17",
					"pivot": [4.17559, 21.67101, -1.73294],
					"rotation": [-21.77987, 10.37797, -11.21692]
				},
				{
					"name": "bone16",
					"parent": "Hair",
					"pivot": [-4.4763, 24.26125, -2.9587],
					"rotation": [175, -77.5, 180],
					"cubes": [
						{
							"origin": [-5.4763, 21.51125, -3.4587],
							"size": [1, 5.5, 1],
							"pivot": [-4.4763, 24.26125, -2.9587],
							"rotation": [17.5, 0, 0],
							"uv": {
								"north": {"uv": [28, 74], "uv_size": [-1, 3]},
								"east": {"uv": [29, 74], "uv_size": [-1, 3]},
								"south": {"uv": [30, 74], "uv_size": [-1, 3]},
								"west": {"uv": [27, 74], "uv_size": [-1, 3]},
								"up": {"uv": [28, 73], "uv_size": [-1, 1]},
								"down": {"uv": [29, 74], "uv_size": [-1, -1]}
							}
						},
						{"origin": [-5.4763, 18.22976, -2.84243], "size": [1, 3.5, 1], "pivot": [-4.4763, 21.97976, -2.34243], "rotation": [35, 0, 0], "uv": [22, 73], "mirror": true},
						{"origin": [-5.4763, 16.42996, -1.21636], "size": [1, 2.5, 1.1], "pivot": [-4.4763, 19.17996, -0.61636], "rotation": [65, 0, 0], "uv": [73, 62], "mirror": true},
						{"origin": [-5.4763, 16.54483, 0.83311], "size": [1, 2.5, 1], "pivot": [-4.4763, 18.62375, 1.8168], "rotation": [105, 0, 0], "uv": [42, 73], "mirror": true}
					]
				},
				{
					"name": "bone19",
					"parent": "bone16",
					"pivot": [-4.17559, 19.67101, 0.36706],
					"rotation": [0, 17.5, 0],
					"cubes": [
						{"origin": [-4.61386, 18.29712, -2.75149], "size": [1, 3.5, 1], "pivot": [-3.61386, 22.04712, -2.25149], "rotation": [62.5, 0, 0], "uv": [61, 72], "mirror": true},
						{"origin": [-4.61386, 15.98838, -0.99571], "size": [1, 2.5, 1], "pivot": [-3.61386, 19.73838, -0.49571], "rotation": [117.5, 0, 0], "uv": [65, 73], "mirror": true}
					]
				},
				{
					"name": "bone20",
					"parent": "bone16",
					"pivot": [-4.17559, 21.67101, -1.63294],
					"rotation": [-21.77987, -10.37797, 11.21692]
				},
				{
					"name": "flower",
					"parent": "Hair",
					"pivot": [0.5, -1.5, 0.4],
					"cubes": [
						{"origin": [2.5, 28.25, -4.905], "size": [1, 1, 1], "inflate": -0.25, "uv": [77, 113]},
						{
							"origin": [2.625, 28.5, -4.505],
							"size": [0.75, 1.5, 0],
							"pivot": [3, 28.75, -4.45],
							"rotation": [15, 0, 90],
							"uv": {
								"north": {"uv": [55, 76], "uv_size": [1, 2]},
								"east": {"uv": [55, 76], "uv_size": [0, 2]},
								"south": {"uv": [56, 76], "uv_size": [1, 2]},
								"west": {"uv": [56, 76], "uv_size": [0, 2]},
								"up": {"uv": [55, 76], "uv_size": [1, 0]},
								"down": {"uv": [56, 76], "uv_size": [1, 0]}
							}
						},
						{
							"origin": [2.625, 28.5, -4.505],
							"size": [0.75, 1.5, 0],
							"pivot": [3, 28.75, -4.45],
							"rotation": [15, 0, 30],
							"uv": {
								"north": {"uv": [55, 76], "uv_size": [1, 2]},
								"east": {"uv": [55, 76], "uv_size": [0, 2]},
								"south": {"uv": [56, 76], "uv_size": [1, 2]},
								"west": {"uv": [56, 76], "uv_size": [0, 2]},
								"up": {"uv": [55, 76], "uv_size": [1, 0]},
								"down": {"uv": [56, 76], "uv_size": [1, 0]}
							}
						},
						{
							"origin": [2.625, 28.5, -4.505],
							"size": [0.75, 1.5, 0],
							"pivot": [3, 28.75, -4.45],
							"rotation": [5, 0, 0],
							"uv": {
								"north": {"uv": [55, 74], "uv_size": [1, 2]},
								"east": {"uv": [55, 74], "uv_size": [0, 2]},
								"south": {"uv": [56, 74], "uv_size": [1, 2]},
								"west": {"uv": [56, 74], "uv_size": [0, 2]},
								"up": {"uv": [55, 74], "uv_size": [1, 0]},
								"down": {"uv": [56, 74], "uv_size": [1, 0]}
							}
						},
						{
							"origin": [2.625, 28.5, -4.505],
							"size": [0.75, 1.5, 0],
							"pivot": [3, 28.75, -4.45],
							"rotation": [5, 0, 60],
							"uv": {
								"north": {"uv": [55, 74], "uv_size": [1, 2]},
								"east": {"uv": [55, 74], "uv_size": [0, 2]},
								"south": {"uv": [56, 74], "uv_size": [1, 2]},
								"west": {"uv": [56, 74], "uv_size": [0, 2]},
								"up": {"uv": [55, 74], "uv_size": [1, 0]},
								"down": {"uv": [56, 74], "uv_size": [1, 0]}
							}
						},
						{
							"origin": [2.625, 28.5, -4.505],
							"size": [0.75, 1.5, 0],
							"pivot": [3, 28.75, -4.45],
							"rotation": [5, 0, -60],
							"uv": {
								"north": {"uv": [55, 74], "uv_size": [1, 2]},
								"east": {"uv": [55, 74], "uv_size": [0, 2]},
								"south": {"uv": [56, 74], "uv_size": [1, 2]},
								"west": {"uv": [56, 74], "uv_size": [0, 2]},
								"up": {"uv": [55, 74], "uv_size": [1, 0]},
								"down": {"uv": [56, 74], "uv_size": [1, 0]}
							}
						},
						{
							"origin": [2.625, 28.5, -4.505],
							"size": [0.75, 1.5, 0],
							"pivot": [3, 28.75, -4.45],
							"rotation": [5, 0, 120],
							"uv": {
								"north": {"uv": [55, 74], "uv_size": [1, 2]},
								"east": {"uv": [55, 74], "uv_size": [0, 2]},
								"south": {"uv": [56, 74], "uv_size": [1, 2]},
								"west": {"uv": [56, 74], "uv_size": [0, 2]},
								"up": {"uv": [55, 74], "uv_size": [1, 0]},
								"down": {"uv": [56, 74], "uv_size": [1, 0]}
							}
						},
						{
							"origin": [2.625, 28.5, -4.505],
							"size": [0.75, 1.5, 0],
							"pivot": [3, 28.75, -4.45],
							"rotation": [5, 0, -120],
							"uv": {
								"north": {"uv": [55, 74], "uv_size": [1, 2]},
								"east": {"uv": [55, 74], "uv_size": [0, 2]},
								"south": {"uv": [56, 74], "uv_size": [1, 2]},
								"west": {"uv": [56, 74], "uv_size": [0, 2]},
								"up": {"uv": [55, 74], "uv_size": [1, 0]},
								"down": {"uv": [56, 74], "uv_size": [1, 0]}
							}
						},
						{
							"origin": [2.625, 28.5, -4.505],
							"size": [0.75, 1.5, 0],
							"pivot": [3, 28.75, -4.45],
							"rotation": [5, 0, -180],
							"uv": {
								"north": {"uv": [55, 74], "uv_size": [1, 2]},
								"east": {"uv": [55, 74], "uv_size": [0, 2]},
								"south": {"uv": [56, 74], "uv_size": [1, 2]},
								"west": {"uv": [56, 74], "uv_size": [0, 2]},
								"up": {"uv": [55, 74], "uv_size": [1, 0]},
								"down": {"uv": [56, 74], "uv_size": [1, 0]}
							}
						},
						{
							"origin": [2.625, 28.5, -4.505],
							"size": [0.75, 1.5, 0],
							"pivot": [3, 28.75, -4.45],
							"rotation": [15, 0, -30],
							"uv": {
								"north": {"uv": [55, 76], "uv_size": [1, 2]},
								"east": {"uv": [55, 76], "uv_size": [0, 2]},
								"south": {"uv": [56, 76], "uv_size": [1, 2]},
								"west": {"uv": [56, 76], "uv_size": [0, 2]},
								"up": {"uv": [55, 76], "uv_size": [1, 0]},
								"down": {"uv": [56, 76], "uv_size": [1, 0]}
							}
						},
						{
							"origin": [2.625, 28.5, -4.505],
							"size": [0.75, 1.5, 0],
							"pivot": [3, 28.75, -4.45],
							"rotation": [15, 0, 150],
							"uv": {
								"north": {"uv": [55, 76], "uv_size": [1, 2]},
								"east": {"uv": [55, 76], "uv_size": [0, 2]},
								"south": {"uv": [56, 76], "uv_size": [1, 2]},
								"west": {"uv": [56, 76], "uv_size": [0, 2]},
								"up": {"uv": [55, 76], "uv_size": [1, 0]},
								"down": {"uv": [56, 76], "uv_size": [1, 0]}
							}
						},
						{
							"origin": [2.625, 28.5, -4.505],
							"size": [0.75, 1.5, 0],
							"pivot": [3, 28.75, -4.45],
							"rotation": [15, 0, -150],
							"uv": {
								"north": {"uv": [55, 76], "uv_size": [1, 2]},
								"east": {"uv": [55, 76], "uv_size": [0, 2]},
								"south": {"uv": [56, 76], "uv_size": [1, 2]},
								"west": {"uv": [56, 76], "uv_size": [0, 2]},
								"up": {"uv": [55, 76], "uv_size": [1, 0]},
								"down": {"uv": [56, 76], "uv_size": [1, 0]}
							}
						},
						{
							"origin": [2.625, 28.5, -4.505],
							"size": [0.75, 1.5, 0],
							"pivot": [3, 28.75, -4.45],
							"rotation": [15, 0, -90],
							"uv": {
								"north": {"uv": [55, 76], "uv_size": [1, 2]},
								"east": {"uv": [55, 76], "uv_size": [0, 2]},
								"south": {"uv": [56, 76], "uv_size": [1, 2]},
								"west": {"uv": [56, 76], "uv_size": [0, 2]},
								"up": {"uv": [55, 76], "uv_size": [1, 0]},
								"down": {"uv": [56, 76], "uv_size": [1, 0]}
							}
						}
					]
				},
				{
					"name": "Eyes",
					"parent": "Head",
					"pivot": [0, -2.5, 0]
				},
				{
					"name": "Eyelashes",
					"parent": "Eyes",
					"pivot": [0, 25.6, -0.1]
				},
				{
					"name": "LeftEyelash",
					"parent": "Eyelashes",
					"pivot": [2, 25.1, -4.1],
					"cubes": [
						{
							"origin": [1, 25.5, -4.3],
							"size": [2.5, 0.5, 0.3],
							"inflate": 0.02,
							"uv": {
								"north": {"uv": [1, 75], "uv_size": [2, 1]},
								"east": {"uv": [0, 75], "uv_size": [1, 1]},
								"south": {"uv": [4, 75], "uv_size": [2, 1]},
								"west": {"uv": [3, 75], "uv_size": [1, 1]},
								"up": {"uv": [1, 74], "uv_size": [2, 1]},
								"down": {"uv": [3, 75], "uv_size": [2, -1]}
							}
						}
					]
				},
				{
					"name": "RightEyelash",
					"parent": "Eyelashes",
					"pivot": [-2, 25.1, -4.1],
					"cubes": [
						{
							"origin": [-3.5, 25.5, -4.3],
							"size": [2.5, 0.5, 0.3],
							"inflate": 0.02,
							"uv": {
								"north": {"uv": [3, 75], "uv_size": [-2, 1]},
								"east": {"uv": [4, 75], "uv_size": [-1, 1]},
								"south": {"uv": [6, 75], "uv_size": [-2, 1]},
								"west": {"uv": [1, 75], "uv_size": [-1, 1]},
								"up": {"uv": [3, 74], "uv_size": [-2, 1]},
								"down": {"uv": [5, 75], "uv_size": [-2, -1]}
							}
						}
					]
				},
				{
					"name": "LeftEyelash2",
					"parent": "Eyelashes",
					"pivot": [2.5, 24.1, -4.1],
					"cubes": [
						{
							"origin": [3.5, 23.5, -4.3],
							"size": [0.5, 2, 0.3],
							"inflate": 0.02,
							"uv": {
								"north": {"uv": [1, 75], "uv_size": [2, 1]},
								"east": {"uv": [0, 75], "uv_size": [1, 1]},
								"south": {"uv": [4, 75], "uv_size": [2, 1]},
								"west": {"uv": [3, 75], "uv_size": [1, 1]},
								"up": {"uv": [1, 74], "uv_size": [2, 1]},
								"down": {"uv": [3, 75], "uv_size": [2, -1]}
							}
						}
					]
				},
				{
					"name": "RightEyelash2",
					"parent": "Eyelashes",
					"pivot": [-2.5, 24.1, -4.1],
					"cubes": [
						{
							"origin": [-4, 23.5, -4.3],
							"size": [0.5, 2, 0.3],
							"inflate": 0.02,
							"uv": {
								"north": {"uv": [3, 75], "uv_size": [-2, 1]},
								"east": {"uv": [4, 75], "uv_size": [-1, 1]},
								"south": {"uv": [6, 75], "uv_size": [-2, 1]},
								"west": {"uv": [1, 75], "uv_size": [-1, 1]},
								"up": {"uv": [3, 74], "uv_size": [-2, 1]},
								"down": {"uv": [5, 75], "uv_size": [-2, -1]}
							}
						}
					]
				},
				{
					"name": "Eyeballs",
					"parent": "Eyes",
					"pivot": [0, 23, -4.1]
				},
				{
					"name": "LeftEyeBall",
					"parent": "Eyeballs",
					"pivot": [2, 23, -4.1],
					"cubes": [
						{"origin": [1, 23, -4.05], "size": [2.5, 2.5, 1], "uv": [72, 59]}
					]
				},
				{
					"name": "LeftIris",
					"parent": "LeftEyeBall",
					"pivot": [0, -2.5, 0],
					"cubes": [
						{
							"origin": [1, 23.25, -4.25],
							"size": [1.5, 2, 1],
							"inflate": -0.1,
							"uv": {
								"north": {"uv": [70.5, 73], "uv_size": [1.5, 2]},
								"east": {"uv": [71.5, 73], "uv_size": [0.5, 2]},
								"south": {"uv": [71.5, 73], "uv_size": [0.5, 2]},
								"west": {"uv": [71.5, 73], "uv_size": [0.5, 2]},
								"up": {"uv": [70.5, 73], "uv_size": [1.5, 0.5]},
								"down": {"uv": [70.5, 75], "uv_size": [1.5, -0.5]}
							}
						}
					]
				},
				{
					"name": "RightEyeBall",
					"parent": "Eyeballs",
					"pivot": [-2, 23, -4.1],
					"cubes": [
						{"origin": [-3.5, 23, -4.05], "size": [2.5, 2.5, 1], "uv": [72, 54]}
					]
				},
				{
					"name": "RightIris",
					"parent": "RightEyeBall",
					"pivot": [0, -2.5, 0],
					"cubes": [
						{
							"origin": [-2.5, 23.25, -4.25],
							"size": [1.5, 2, 1],
							"inflate": -0.1,
							"uv": {
								"north": {"uv": [70.5, 73], "uv_size": [1.5, 2]},
								"east": {"uv": [72, 73], "uv_size": [-0.5, 2]},
								"south": {"uv": [72, 73], "uv_size": [-0.5, 2]},
								"west": {"uv": [72, 73], "uv_size": [-0.5, 2]},
								"up": {"uv": [72, 73], "uv_size": [-1.5, 0.5]},
								"down": {"uv": [72, 75], "uv_size": [-1.5, -0.5]}
							}
						}
					]
				},
				{
					"name": "Eyelids",
					"parent": "Eyes",
					"pivot": [0, 26, -4.05],
					"cubes": [
						{
							"origin": [-3.5, 25.5, -4.175],
							"size": [2.5, 0.5, 0.3],
							"inflate": 0.01,
							"uv": {
								"north": {"uv": [7, 76], "uv_size": [2, 1]},
								"east": {"uv": [6, 76], "uv_size": [1, 1]},
								"south": {"uv": [10, 76], "uv_size": [2, 1]},
								"west": {"uv": [9, 76], "uv_size": [1, 1]},
								"up": {"uv": [7, 75], "uv_size": [2, 1]},
								"down": {"uv": [9, 76], "uv_size": [2, -1]}
							}
						},
						{
							"origin": [1, 25.5, -4.175],
							"size": [2.5, 0.5, 0.3],
							"inflate": 0.01,
							"uv": {
								"north": {"uv": [9, 76], "uv_size": [-2, 1]},
								"east": {"uv": [10, 76], "uv_size": [-1, 1]},
								"south": {"uv": [12, 76], "uv_size": [-2, 1]},
								"west": {"uv": [7, 76], "uv_size": [-1, 1]},
								"up": {"uv": [9, 75], "uv_size": [-2, 1]},
								"down": {"uv": [11, 76], "uv_size": [-2, -1]}
							}
						}
					]
				},
				{
					"name": "Eyebrows",
					"parent": "Eyes",
					"pivot": [0, 29.5, -4.85],
					"cubes": [
						{"origin": [-3.75, 26.75, -4.85], "size": [3, 1, 0], "pivot": [-2.25, 27.25, -4.85], "rotation": [0, 0, -2.5], "uv": [6, 39]},
						{"origin": [0.75, 26.75, -4.85], "size": [3, 1, 0], "pivot": [2.25, 26.75, -4.85], "rotation": [0, 0, 2.5], "uv": [32, 15]}
					]
				},
				{
					"name": "Torso",
					"parent": "UpperBody",
					"pivot": [0, 22.1, 0.5],
					"cubes": [
						{"origin": [-2.5, 17.001, -0.5], "size": [5, 4, 2], "uv": [46, 2]},
						{"origin": [-2.5, 14, -1.5], "size": [5, 3, 3], "uv": [38, 30]},
						{"origin": [-2.5, 17, -1.5], "size": [5, 1, 1], "uv": [116, 0]},
						{"origin": [-4, 12, -1.5], "size": [8, 2, 3], "uv": [24, 16]},
						{"origin": [-4, 12, 1.5], "size": [8, 1, 1], "uv": [42, 0]},
						{"origin": [-1.001, 21.001, -0.5], "size": [2, 1, 2], "uv": [6, 36]},
						{"origin": [-4, 14, -1.5], "size": [2, 3, 3], "inflate": -0.001, "pivot": [-4, 14, 0], "rotation": [0, 0, 36.5], "uv": [10, 51]},
						{"origin": [2, 14, -1.5], "size": [2, 3, 3], "inflate": -0.001, "pivot": [4, 14, 0], "rotation": [0, 0, -36.5], "uv": [0, 51]}
					]
				},
				{
					"name": "pussy",
					"parent": "Torso",
					"pivot": [-0.6, 13.5, -1.5],
					"cubes": [
						{"origin": [0.1, 11.5, -1.5], "size": [1, 2, 1], "pivot": [0.6, 13.5, -1.5], "rotation": [-5, 0, 0], "uv": [6, 125], "mirror": true},
						{"origin": [-1.1, 11.5, -1.5], "size": [1, 2, 1], "pivot": [-0.6, 13.5, -1.5], "rotation": [-5, 0, 0], "uv": [6, 125]},
						{"origin": [-0.5, 11.4, -1.6], "size": [1, 2, 1.25], "inflate": -0.2, "pivot": [-0.6, 13.5, -1.5], "rotation": [-5, 0, 0], "uv": [11, 125]},
						{"origin": [-0.45, 11.35559, -1.75472], "size": [1, 2, 1.25], "inflate": -0.2, "pivot": [0.4, 11.55036, -0.73422], "rotation": [-70, 0, 0], "uv": [11, 125]},
						{"origin": [-1.1, 11.42045, -0.67812], "size": [1, 2, 2], "pivot": [-0.6, 11.42045, -0.67812], "rotation": [20, 0, 0], "uv": [5, 121]},
						{"origin": [0.1, 11.42045, -0.67812], "size": [1, 2, 2], "pivot": [0.6, 11.42045, -0.67812], "rotation": [20, 0, 0], "uv": [5, 121], "mirror": true}
					]
				},
				{
					"name": "Tits",
					"parent": "Torso",
					"pivot": [0, 20.25, -0.5],
					"rotation": [40, 0, 0],
					"cubes": [
						{"origin": [-2.5, 17.251, -3.5], "size": [5, 3, 3], "inflate": -0.001, "uv": [36, 24]},
						{"origin": [-2, 18.751, -3.75], "size": [1, 1, 1], "inflate": -0.001, "uv": [34, 124]},
						{"origin": [1, 18.751, -3.75], "size": [1, 1, 1], "inflate": -0.001, "uv": [34, 124], "mirror": true}
					]
				},
				{
					"name": "leaf3",
					"parent": "Torso",
					"pivot": [0, -2, 0.35]
				},
				{
					"name": "bone2",
					"parent": "Torso",
					"pivot": [0, 13, 2.5],
					"rotation": [18.3, 0, 0],
					"cubes": [
						{"origin": [-2.5, 14, 1.5], "size": [5, 3, 1], "uv": [24, 0]},
						{"origin": [-4, 13, 1.5], "size": [8, 1, 1], "uv": [26, 22]},
						{"origin": [2, 14, 1.5], "size": [2, 3, 1], "inflate": -0.001, "pivot": [4, 14, 2.5], "rotation": [0, 0, -34.5], "uv": [8, 58]},
						{"origin": [-4, 14, 1.5], "size": [2, 3, 1], "inflate": -0.001, "pivot": [-4, 14, 2.5], "rotation": [0, 0, 34.5], "uv": [55, 17]}
					]
				},
				{
					"name": "Elytra",
					"parent": "Torso",
					"pivot": [0, 11, 0]
				},
				{
					"name": "ElytraLocator",
					"parent": "Elytra",
					"pivot": [0, 20, 0.5]
				},
				{
					"name": "RightArm",
					"parent": "Torso",
					"pivot": [-3, 19.5, 0.5],
					"rotation": [0, 0, 20]
				},
				{
					"name": "RightForeArm",
					"parent": "RightArm",
					"pivot": [-3, 19.6, 0.5],
					"cubes": [
						{"origin": [-4, 10.5, -0.5], "size": [2, 10, 2], "uv": [32, 48]}
					]
				},
				{
					"name": "RightHand",
					"parent": "RightForeArm",
					"pivot": [-3, 11.6, 0.5]
				},
				{
					"name": "RightHandLocator",
					"parent": "RightHand",
					"pivot": [-3, 11.6, 0.5]
				},
				{
					"name": "LeftArm",
					"parent": "Torso",
					"pivot": [3, 19.5, 0.5],
					"rotation": [0, 0, -20]
				},
				{
					"name": "LeftForeArm",
					"parent": "LeftArm",
					"pivot": [3, 19.6, 0.5],
					"cubes": [
						{"origin": [2, 10.5, -0.5], "size": [2, 10, 2], "uv": [43, 40]}
					]
				},
				{
					"name": "LeftHand",
					"parent": "LeftForeArm",
					"pivot": [3, 11.6, 0.5]
				},
				{
					"name": "LeftHandLocator",
					"parent": "LeftHand",
					"pivot": [3, 11.6, 0.5]
				}
			]
		}
	]
}