{
	"format_version": "1.12.0",
	"minecraft:geometry": [
		{
			"description": {
				"identifier": "geometry.unknown",
				"texture_width": 128,
				"texture_height": 128,
				"visible_bounds_width": 3,
				"visible_bounds_height": 5.5,
				"visible_bounds_offset": [0, 2.25, 0]
			},
			"bones": [
				{
					"name": "LeftArm",
					"pivot": [1.15, 29.775, 0],
					"cubes": [
						{"origin": [1.093, 29.4075, -0.102], "size": [0.195, 0.438, 0.204], "uv": [48, 60]},
						{"origin": [1.114, 29.361, -0.0675], "size": [0.162, 0.123, 0.138], "uv": [63, 47]}
					]
				},
				{
					"name": "LeftForeArm",
					"parent": "LeftArm",
					"pivot": [1.1935, 29.418, 0.0015],
					"cubes": [
						{"origin": [1.1035, 28.998, -0.0885], "size": [0.18, 0.42, 0.18], "uv": [84, 61]},
						{"origin": [1.0975, 29.136, -0.0945], "size": [0.192, 0.3, 0.192], "uv": [78, 52]}
					]
				},
				{
					"name": "LeftHandLocator",
					"parent": "LeftForeArm",
					"pivot": [1.1935, 29.088, 0.0015],
					"cubes": [
						{"origin": [1.1635, 29.058, -0.0285], "size": [0.06, 0.06, 0.06], "uv": [84, 61]}
					]
				},
				{
					"name": "RightArm",
					"pivot": [1.012, 29.775, 0],
					"cubes": [
						{"origin": [0.874, 29.4075, -0.102], "size": [0.195, 0.438, 0.204], "uv": [90, 51]},
						{"origin": [0.886, 29.361, -0.0675], "size": [0.162, 0.123, 0.138], "uv": [0, 0]}
					]
				},
				{
					"name": "RightForeArm",
					"parent": "RightArm",
					"pivot": [0.9685, 29.418, 0.0015],
					"cubes": [
						{"origin": [0.8725, 29.136, -0.0945], "size": [0.192, 0.3, 0.192], "uv": [83, 12]},
						{"origin": [0.8785, 28.998, -0.0885], "size": [0.18, 0.42, 0.18], "uv": [72, 60]}
					]
				},
				{
					"name": "RightHandLocator",
					"parent": "RightForeArm",
					"pivot": [0.9685, 29.088, 0.0015],
					"cubes": [
						{"origin": [0.9385, 29.058, -0.0285], "size": [0.06, 0.06, 0.06], "uv": [84, 61], "mirror": true}
					]
				}
			]
		}
	]
}