{
	"format_version": "1.19.0",
	"animation_controllers": {
		"player.hold_mainhand": {
			"states": {
				"default": {
					"animations": ["hold_mainhand:empty"],
					"transitions": [
						{
							"sword": "ctrl.hold('mainhand', ':sword')"
						},
						{
							"bow": "ctrl.hold('mainhand', ':bow')"
						},
						{
							"shield": "ctrl.hold('mainhand', ':shield')"
						},
						{
							"spear": "ctrl.hold('mainhand', ':spear')"
						},
						{
							"pickaxe": "ctrl.hold('mainhand', ':pickaxe')||ctrl.hold('mainhand', ':shovel')||ctrl.hold('mainhand', ':hoe')"
						},
						{
							"axe": "ctrl.hold('mainhand', ':axe')"
						},
						{
							"mace": "ctrl.hold('mainhand', '$minecraft:mace')"
						}
					],
					"blend_transition": {
						"0.0": 1,
						"0.0333": 0.96571,
						"0.0667": 0.8738,
						"0.1": 0.74074,
						"0.1333": 0.58299,
						"0.1667": 0.41701,
						"0.2": 0.25926,
						"0.2333": 0.1262,
						"0.2667": 0.03429,
						"0.3": 0
					}
				},
				"temp": {
					"animations": ["hold_mainhand:empty"],
					"transitions": [
						{
							"default": "!(ctrl.hold('mainhand', ':bow')||ctrl.hold('mainhand', ':crossbow')||ctrl.hold('mainhand', ':pickaxe')||ctrl.hold('mainhand', ':shovel')||ctrl.hold('mainhand', ':hoe')||ctrl.hold('mainhand', ':axe'))"
						}
					]
				},
				"sword": {
					"animations": ["hold_mainhand:sword"],
					"transitions": [
						{
							"sword_end": "q.all_animations_finished"
						}
					]
				},
				"sword_end": {
					"animations": ["hold_mainhand:sword_end"],
					"transitions": [
						{
							"default": "!ctrl.hold('mainhand', ':sword')"
						}
					]
				},
				"bow": {
					"animations": ["hold_mainhand:bow"],
					"transitions": [
						{
							"temp": "q.all_animations_finished"
						}
					],
					"blend_transition": {
						"0.0": 1,
						"0.0333": 0.96571,
						"0.0667": 0.8738,
						"0.1": 0.74074,
						"0.1333": 0.58299,
						"0.1667": 0.41701,
						"0.2": 0.25926,
						"0.2333": 0.1262,
						"0.2667": 0.03429,
						"0.3": 0
					}
				},
				"shield": {
					"animations": ["hold_mainhand:shield"],
					"transitions": [
						{
							"shield_end": "q.all_animations_finished"
						}
					]
				},
				"shield_end": {
					"animations": ["hold_mainhand:shield_end"],
					"transitions": [
						{
							"default": "!ctrl.hold('mainhand', ':shield')"
						}
					]
				},
				"spear": {
					"animations": ["hold_mainhand:spear"],
					"transitions": [
						{
							"spear_not_idle": "q.all_animations_finished"
						}
					],
					"blend_transition": {
						"0.0": 1,
						"0.0333": 0.96571,
						"0.0667": 0.8738,
						"0.1": 0.74074,
						"0.1333": 0.58299,
						"0.1667": 0.41701,
						"0.2": 0.25926,
						"0.2333": 0.1262,
						"0.2667": 0.03429,
						"0.3": 0
					}
				},
				"spear_idle": {
					"animations": ["hold_mainhand:spear_idle"],
					"transitions": [
						{
							"default": "!ctrl.hold('mainhand', ':spear')"
						},
						{
							"spear_not_idle": "!ctrl.idle"
						}
					],
					"blend_transition": {
						"0.0": 1,
						"0.0333": 0.96571,
						"0.0667": 0.8738,
						"0.1": 0.74074,
						"0.1333": 0.58299,
						"0.1667": 0.41701,
						"0.2": 0.25926,
						"0.2333": 0.1262,
						"0.2667": 0.03429,
						"0.3": 0
					}
				},
				"spear_not_idle": {
					"animations": ["hold_mainhand:spear_not_idle"],
					"transitions": [
						{
							"default": "!ctrl.hold('mainhand', ':spear')"
						},
						{
							"spear_idle": "ctrl.idle"
						}
					],
					"blend_transition": {
						"0.0": 1,
						"0.0333": 0.96571,
						"0.0667": 0.8738,
						"0.1": 0.74074,
						"0.1333": 0.58299,
						"0.1667": 0.41701,
						"0.2": 0.25926,
						"0.2333": 0.1262,
						"0.2667": 0.03429,
						"0.3": 0
					}
				},
				"pickaxe": {
					"animations": ["hold_mainhand:pickaxe"],
					"transitions": [
						{
							"default": "!(ctrl.hold('mainhand', ':pickaxe')||ctrl.hold('mainhand', ':shovel')||ctrl.hold('mainhand', ':hoe'))"
						},
						{
							"temp": "q.all_animations_finished"
						}
					]
				},
				"axe": {
					"animations": ["hold_mainhand:axe"],
					"transitions": [
						{
							"default": "!ctrl.hold('mainhand', ':axe')"
						},
						{
							"temp": "q.all_animations_finished"
						}
					]
				},
				"mace": {
					"animations": ["hold_mainhand$minecraft:mace"],
					"transitions": [
						{
							"default": "!ctrl.hold('mainhand', '$minecraft:mace')"
						},
						{
							"mace_end": "q.all_animations_finished"
						}
					]
				},
				"mace_end": {
					"animations": ["hold_mainhand$minecraft:mace_end"],
					"transitions": [
						{
							"default": "!ctrl.hold('mainhand', '$minecraft:mace')"
						}
					]
				}
			}
		},
		"player.hold_offhand": {
			"states": {
				"default": {
					"animations": ["hold_offhand:empty"],
					"transitions": [
						{
							"sword": "ctrl.hold('offhand', ':sword')"
						},
						{
							"bow": "ctrl.hold('offhand', ':bow')"
						},
						{
							"shield": "ctrl.hold('offhand', ':shield')"
						},
						{
							"spear": "ctrl.hold('offhand', ':spear')"
						},
						{
							"pickaxe": "ctrl.hold('offhand', ':pickaxe')||ctrl.hold('offhand', ':shovel')||ctrl.hold('offhand', ':hoe')"
						},
						{
							"axe": "ctrl.hold('offhand', ':axe')"
						},
						{
							"mace": "ctrl.hold('offhand', '$minecraft:mace')"
						}
					],
					"blend_transition": {
						"0.0": 1,
						"0.0333": 0.96571,
						"0.0667": 0.8738,
						"0.1": 0.74074,
						"0.1333": 0.58299,
						"0.1667": 0.41701,
						"0.2": 0.25926,
						"0.2333": 0.1262,
						"0.2667": 0.03429,
						"0.3": 0
					},
					"blend_via_shortest_path": true
				},
				"temp": {
					"animations": ["hold_offhand:sword"],
					"transitions": [
						{
							"default": "!(ctrl.hold('offhand', ':bow')||ctrl.hold('offhand', ':crossbow')||ctrl.hold('offhand', ':shield')||ctrl.hold('offhand', ':pickaxe')||ctrl.hold('offhand', ':shovel')||ctrl.hold('offhand', ':hoe')||ctrl.hold('offhand', ':axe'))"
						},
						{
							"shield_end": "(ctrl.idle||ctrl.walk)&&ctrl.hold('offhand', ':shield')"
						},
						{
							"mace_end": "ctrl.idle&&ctrl.hold('offhand', 'minecraft:mace')"
						}
					]
				},
				"sword": {
					"animations": ["hold_offhand:sword"],
					"transitions": [
						{
							"sword_idle": "q.all_animations_finished"
						}
					]
				},
				"sword_idle": {
					"animations": ["hold_offhand:sword_idle"],
					"transitions": [
						{
							"default": "!ctrl.hold('offhand', ':sword')"
						},
						{
							"sword_not_idle": "!ctrl.idle"
						}
					],
					"blend_transition": {
						"0.0": 1,
						"0.0333": 0.96571,
						"0.0667": 0.8738,
						"0.1": 0.74074,
						"0.1333": 0.58299,
						"0.1667": 0.41701,
						"0.2": 0.25926,
						"0.2333": 0.1262,
						"0.2667": 0.03429,
						"0.3": 0
					}
				},
				"sword_not_idle": {
					"animations": ["hold_offhand:sword_not_idle"],
					"transitions": [
						{
							"default": "!ctrl.hold('offhand', ':sword')"
						},
						{
							"sword_idle": "ctrl.idle"
						}
					],
					"blend_transition": {
						"0.0": 1,
						"0.0333": 0.96571,
						"0.0667": 0.8738,
						"0.1": 0.74074,
						"0.1333": 0.58299,
						"0.1667": 0.41701,
						"0.2": 0.25926,
						"0.2333": 0.1262,
						"0.2667": 0.03429,
						"0.3": 0
					}
				},
				"bow": {
					"animations": ["hold_offhand:bow"],
					"transitions": [
						{
							"temp": "q.all_animations_finished"
						}
					],
					"blend_transition": {
						"0.0": 1,
						"0.0333": 0.96571,
						"0.0667": 0.8738,
						"0.1": 0.74074,
						"0.1333": 0.58299,
						"0.1667": 0.41701,
						"0.2": 0.25926,
						"0.2333": 0.1262,
						"0.2667": 0.03429,
						"0.3": 0
					}
				},
				"shield": {
					"animations": ["hold_offhand:shield"],
					"transitions": [
						{
							"shield_end": "q.all_animations_finished"
						}
					]
				},
				"shield_end": {
					"animations": ["hold_offhand:shield_end"],
					"transitions": [
						{
							"default": "!ctrl.hold('offhand', ':shield')"
						},
						{
							"temp": "!(ctrl.idle||ctrl.walk)"
						}
					]
				},
				"spear": {
					"animations": ["hold_offhand:spear"],
					"transitions": [
						{
							"spear_not_idle": "q.all_animations_finished"
						}
					],
					"blend_transition": {
						"0.0": 1,
						"0.0333": 0.96571,
						"0.0667": 0.8738,
						"0.1": 0.74074,
						"0.1333": 0.58299,
						"0.1667": 0.41701,
						"0.2": 0.25926,
						"0.2333": 0.1262,
						"0.2667": 0.03429,
						"0.3": 0
					}
				},
				"spear_idle": {
					"animations": ["hold_mainhand:spear_idle"],
					"transitions": [
						{
							"default": "!ctrl.hold('mainhand', ':spear')"
						},
						{
							"spear_not_idle": "!ctrl.idle"
						}
					],
					"blend_transition": {
						"0.0": 1,
						"0.0333": 0.96571,
						"0.0667": 0.8738,
						"0.1": 0.74074,
						"0.1333": 0.58299,
						"0.1667": 0.41701,
						"0.2": 0.25926,
						"0.2333": 0.1262,
						"0.2667": 0.03429,
						"0.3": 0
					}
				},
				"spear_not_idle": {
					"animations": ["hold_mainhand:spear_not_idle"],
					"transitions": [
						{
							"default": "!ctrl.hold('mainhand', ':spear')"
						},
						{
							"spear_idle": "ctrl.idle"
						}
					],
					"blend_transition": {
						"0.0": 1,
						"0.0333": 0.96571,
						"0.0667": 0.8738,
						"0.1": 0.74074,
						"0.1333": 0.58299,
						"0.1667": 0.41701,
						"0.2": 0.25926,
						"0.2333": 0.1262,
						"0.2667": 0.03429,
						"0.3": 0
					}
				},
				"pickaxe": {
					"animations": ["hold_offhand:pickaxe"],
					"transitions": [
						{
							"default": "!(ctrl.hold('mainhand', ':pickaxe')||ctrl.hold('mainhand', ':shovel')||ctrl.hold('mainhand', ':hoe'))"
						},
						{
							"temp": "q.all_animations_finished"
						}
					]
				},
				"axe": {
					"animations": ["hold_offhand:axe"],
					"transitions": [
						{
							"default": "!ctrl.hold('mainhand', ':axe')"
						},
						{
							"temp": "q.all_animations_finished"
						}
					]
				},
				"mace": {
					"animations": ["hold_mainhand$minecraft:mace"],
					"transitions": [
						{
							"default": "!ctrl.hold('mainhand', '$minecraft:mace')"
						},
						{
							"mace_end": "q.all_animations_finished"
						}
					]
				},
				"mace_end": {
					"animations": ["hold_offhand$minecraft:mace_end"],
					"transitions": [
						{
							"default": "!ctrl.hold('mainhand', '$minecraft:mace')"
						},
						{
							"temp": "!ctrl.idle"
						}
					]
				}
			}
		}
	}
}