{
	"format_version": "1.19.0",
	"animation_controllers": {
		"player.main": {
			"initial_state": "idle",
			"states": {
				"idle": {
					"animations": [
						{"idle": "ctrl.idle && !ctrl.tac_hold_gun && !ctrl.hold('mainhand', '$slashblade:slashblade') && !ctrl.hold('mainhand', '$slashblade:slashblade_wood') && !ctrl.hold('mainhand', '$slashblade:slashblade_bamboo') && !ctrl.hold('mainhand', '$slashblade:slashblade_silverbamboo') && !ctrl.hold('mainhand', '$slashblade:slashblade_white')"},
						{"slashblade:idle": "ctrl.idle && (ctrl.hold('mainhand', '$slashblade:slashblade') || ctrl.hold('mainhand', '$slashblade:slashblade_wood') || ctrl.hold('mainhand', '$slashblade:slashblade_bamboo') || ctrl.hold('mainhand', '$slashblade:slashblade_silverbamboo') || ctrl.hold('mainhand', '$slashblade:slashblade_white'))"},
						{"tac:idle": "ctrl.idle && ctrl.tac_hold_gun"}
					],
					"on_entry": ["v.idle_time1 = query.anim_time;"],
					"transitions": [
						{"idle_longtime": "query.anim_time - v.idle_time1 >= 15"},
						{"walk": "ctrl.walk"},
						{"jump": "ctrl.jump || query.is_riding"},
						{"sneaking": "ctrl.sneaking"},
						{"swim_stand": "ctrl.swim_stand"},
						{"swim": "ctrl.swim"},
						{"climbing": "ctrl.climbing"},
						{"riptide": "ctrl.riptide"},
						{"attacked": "ctrl.attacked"},
						{"death": "ctrl.death"},
						{"run": "ctrl.run"},
						{"ladder_stillness": "ctrl.ladder_stillness"},
						{"fly": "ctrl.fly"}
					],
					"blend_transition": 0.15
				},
				"idle_longtime": {
					"animations": ["idle_longtime"],
					"transitions": [
						{"idle": "query.all_animations_finished"},
						{"walk": "ctrl.walk"},
						{"jump": "ctrl.jump || query.is_riding"},
						{"sneaking": "ctrl.sneaking"},
						{"swim_stand": "ctrl.swim_stand"},
						{"swim": "ctrl.swim"},
						{"climbing": "ctrl.climbing"},
						{"riptide": "ctrl.riptide"},
						{"attacked": "ctrl.attacked"},
						{"death": "ctrl.death"},
						{"run": "ctrl.run"},
						{"ladder_stillness": "ctrl.ladder_stillness"}
					],
					"blend_transition": 0.15
				},
				"walk": {
					"animations": [
						{"walk": "!ctrl.tac_hold_gun  && !ctrl.hold('mainhand', '$slashblade:slashblade') && !ctrl.hold('mainhand', '$slashblade:slashblade_wood') && !ctrl.hold('mainhand', '$slashblade:slashblade_bamboo') && !ctrl.hold('mainhand', '$slashblade:slashblade_silverbamboo') && !ctrl.hold('mainhand', '$slashblade:slashblade_white') && ctrl.parcool_state == ''"},
						{"tac:walk": "ctrl.tac_hold_gun && ctrl.parcool_state == ''"},
						{"slashblade:walk": "(ctrl.hold('mainhand', '$slashblade:slashblade') || ctrl.hold('mainhand', '$slashblade:slashblade_wood') || ctrl.hold('mainhand', '$slashblade:slashblade_bamboo') || ctrl.hold('mainhand', '$slashblade:slashblade_silverbamboo') || ctrl.hold('mainhand', '$slashblade:slashblade_white')) && ctrl.parcool_state == ''"}
					],
					"transitions": [
						{"idle": "ctrl.idle"},
						{"run": "ctrl.run"},
						{"jump": "ctrl.jump || query.is_riding"},
						{"sneak": "ctrl.sneak"},
						{"swim_stand": "ctrl.swim_stand"},
						{"swim": "ctrl.swim"},
						{"climb": "ctrl.climb"},
						{"riptide": "ctrl.riptide"},
						{"attacked": "ctrl.attacked"},
						{"death": "ctrl.death"},
						{"ladder_stillness": "ctrl.ladder_stillness"},
						{"fly": "ctrl.fly"},
						{"ladder_up": "ctrl.ladder_up"}
					],
					"blend_transition": 0.15,
					"blend_via_shortest_path": true
				},
				"run": {
					"animations": [
						{"run": "!ctrl.tac_hold_gun  && !ctrl.hold('mainhand', '$slashblade:slashblade') && !ctrl.hold('mainhand', '$slashblade:slashblade_wood') && !ctrl.hold('mainhand', '$slashblade:slashblade_bamboo') && !ctrl.hold('mainhand', '$slashblade:slashblade_silverbamboo') && !ctrl.hold('mainhand', '$slashblade:slashblade_white') && ctrl.parcool_state == ''"},
						{"tac:run": "ctrl.tac_hold_gun && ctrl.parcool_state == ''"},
						{"slashblade:run": "(ctrl.hold('mainhand', '$slashblade:slashblade') || ctrl.hold('mainhand', '$slashblade:slashblade_wood') || ctrl.hold('mainhand', '$slashblade:slashblade_bamboo') || ctrl.hold('mainhand', '$slashblade:slashblade_silverbamboo') || ctrl.hold('mainhand', '$slashblade:slashblade_white')) && ctrl.parcool_state == ''"}
					],
					"transitions": [
						{"walk": "ctrl.walk"},
						{"jump": "ctrl.jump || query.is_riding"},
						{"sneak": "ctrl.sneak"},
						{"swim": "ctrl.swim"},
						{"climb": "ctrl.climb"},
						{"riptide": "ctrl.riptide"},
						{"attacked": "ctrl.attacked && ctrl.parcool_state == ''"},
						{"death": "ctrl.death"},
						{"ladder_stillness": "ctrl.ladder_stillness"},
						{"idle": "ctrl.idle"},
						{"fly": "ctrl.fly"},
						{"swim_stand": "ctrl.swim_stand"},
						{"ladder_up": "ctrl.ladder_up"}
					],
					"blend_transition": 0.15
				},
				"jump": {
					"animations": [
						{"jump": "!query.is_riding && !ctrl.sleep && !ctrl.hold('mainhand', '$slashblade:slashblade') && !ctrl.hold('mainhand', '$slashblade:slashblade_wood') && !ctrl.hold('mainhand', '$slashblade:slashblade_bamboo') && !ctrl.hold('mainhand', '$slashblade:slashblade_silverbamboo') && !ctrl.hold('mainhand', '$slashblade:slashblade_white') && ctrl.parcool_state == ''"},
						{"sleep": "ctrl.sleep"},
						{"slashblade:jump": "!query.is_riding && !ctrl.sleep && (ctrl.hold('mainhand', '$slashblade:slashblade') || ctrl.hold('mainhand', '$slashblade:slashblade_wood') || ctrl.hold('mainhand', '$slashblade:slashblade_bamboo') || ctrl.hold('mainhand', '$slashblade:slashblade_silverbamboo') || ctrl.hold('mainhand', '$slashblade:slashblade_white')) && ctrl.parcool_state == ''"}
					],
					"transitions": [
						{"idle": "ctrl.idle"},
						{"walk": "ctrl.walk"},
						{"run": "ctrl.run"},
						{"fly": "ctrl.fly"},
						{"sneak": "ctrl.sneak"},
						{"sneaking": "ctrl.sneaking"},
						{"elytra_fly": "ctrl.elytra_fly"},
						{"swim_stand": "ctrl.swim_stand"},
						{"climbing": "ctrl.climbing"},
						{"riptide": "ctrl.riptide"},
						{"attacked": "ctrl.attacked && !query.is_riding && !ctrl.sleep && ctrl.parcool_state == ''"},
						{"death": "ctrl.death"},
						{"ladder_up": "ctrl.ladder_up"},
						{"ladder_down": "ctrl.ladder_down"},
						{"ladder_stillness": "ctrl.ladder_stillness"},
						{"climb": "ctrl.climb"}
					],
					"blend_transition": 0.15
				},
				"fly": {
					"animations": [
						{"fly": "!ctrl.hold('mainhand', '$slashblade:slashblade') && !ctrl.hold('mainhand', '$slashblade:slashblade_wood') && !ctrl.hold('mainhand', '$slashblade:slashblade_bamboo') && !ctrl.hold('mainhand', '$slashblade:slashblade_silverbamboo') && !ctrl.hold('mainhand', '$slashblade:slashblade_white') && ctrl.parcool_state == ''"},
						{"slashblade:fly": "(ctrl.hold('mainhand', '$slashblade:slashblade') || ctrl.hold('mainhand', '$slashblade:slashblade_wood') || ctrl.hold('mainhand', '$slashblade:slashblade_bamboo') || ctrl.hold('mainhand', '$slashblade:slashblade_silverbamboo') || ctrl.hold('mainhand', '$slashblade:slashblade_white')) && ctrl.parcool_state == ''"}
					],
					"transitions": [
						{"jump": "ctrl.jump  && !ctrl.fly || query.is_riding"},
						{"riptide": "ctrl.riptide"},
						{"climbing": "ctrl.climbing"},
						{"ladder_up": "ctrl.ladder_up"},
						{"ladder_stillness": "ctrl.ladder_stillness"},
						{"ladder_down": "ctrl.ladder_down"},
						{"sneaking": "ctrl.sneaking"},
						{"sneak": "ctrl.sneak"},
						{"swim": "ctrl.swim"},
						{"swim_stand": "ctrl.swim_stand && !ctrl.fly && ctrl.parcool_state == ''"},
						{"climb": "ctrl.climb"},
						{"walk": "ctrl.walk"},
						{"run": "ctrl.run"}
					],
					"blend_transition": 0.15
				},
				"elytra_fly": {
					"animations": ["elytra_fly"],
					"transitions": [
						{"walk": "ctrl.walk"},
						{"run": "ctrl.run"},
						{"fly": "ctrl.fly"},
						{"climb": "ctrl.climb"},
						{"riptide": "ctrl.riptide"},
						{"idle": "ctrl.idle"},
						{"swim_stand": "ctrl.swim_stand && !ctrl.elytra_fly"},
						{"jump": "ctrl.jump && !ctrl.elytra_fly || query.is_riding"},
						{"climbing": "ctrl.climbing"},
						{"ladder_up": "ctrl.ladder_up"},
						{"ladder_stillness": "ctrl.ladder_stillness"},
						{"ladder_down": "ctrl.ladder_down"},
						{"sneak": "ctrl.sneak"}
					],
					"blend_transition": 0.15
				},
				"sneaking": {
					"animations": [
						{"sneaking": "!ctrl.hold('mainhand', '$slashblade:slashblade') && !ctrl.hold('mainhand', '$slashblade:slashblade_wood') && !ctrl.hold('mainhand', '$slashblade:slashblade_bamboo') && !ctrl.hold('mainhand', '$slashblade:slashblade_silverbamboo') && !ctrl.hold('mainhand', '$slashblade:slashblade_white') && ctrl.parcool_state == ''"},
						{"slashblade:sneaking": "(ctrl.hold('mainhand', '$slashblade:slashblade') || ctrl.hold('mainhand', '$slashblade:slashblade_wood') || ctrl.hold('mainhand', '$slashblade:slashblade_bamboo') || ctrl.hold('mainhand', '$slashblade:slashblade_silverbamboo') || ctrl.hold('mainhand', '$slashblade:slashblade_white')) && ctrl.parcool_state == ''"}
					],
					"transitions": [
						{"sneak": "ctrl.sneak"},
						{"idle": "ctrl.idle"},
						{"jump": "ctrl.jump || query.is_riding"},
						{"riptide": "ctrl.riptide"},
						{"climbing": "ctrl.climbing"},
						{"death": "ctrl.death"},
						{"walk": "ctrl.walk"},
						{"run": "ctrl.run"},
						{"swim": "ctrl.swim"},
						{"swim_stand": "ctrl.swim_stand"}
					],
					"blend_transition": 0.15
				},
				"sneak": {
					"animations": [
						{"sneak": "!ctrl.hold('mainhand', '$slashblade:slashblade') && !ctrl.hold('mainhand', '$slashblade:slashblade_wood') && !ctrl.hold('mainhand', '$slashblade:slashblade_bamboo') && !ctrl.hold('mainhand', '$slashblade:slashblade_silverbamboo') && !ctrl.hold('mainhand', '$slashblade:slashblade_white') && ctrl.parcool_state == ''"},
						{"slashblade:sneak": "(ctrl.hold('mainhand', '$slashblade:slashblade') || ctrl.hold('mainhand', '$slashblade:slashblade_wood') || ctrl.hold('mainhand', '$slashblade:slashblade_bamboo') || ctrl.hold('mainhand', '$slashblade:slashblade_silverbamboo') || ctrl.hold('mainhand', '$slashblade:slashblade_white')) && ctrl.parcool_state == ''"}
					],
					"transitions": [
						{"sneaking": "ctrl.sneaking"},
						{"walk": "ctrl.walk"},
						{"run": "ctrl.run"},
						{"jump": "ctrl.jump || query.is_riding"},
						{"climb": "ctrl.climb"},
						{"riptide": "ctrl.riptide"},
						{"death": "ctrl.death"},
						{"swim": "ctrl.swim"},
						{"swim_stand": "ctrl.swim_stand"},
						{"ladder_stillness": "ctrl.ladder_stillness"}
					],
					"blend_transition": 0.15
				},
				"swim": {
					"animations": [
						{"swim": "ctrl.parcool_state == ''"},
						{"parcool:fast_swim": "ctrl.parcool_state == 'fast_swim'"}
					],
					"transitions": [
						{"swim_stand": "ctrl.swim_stand"},
						{"idle": "ctrl.idle"},
						{"walk": "ctrl.walk"},
						{"jump": "ctrl.jump || query.is_riding"},
						{"riptide": "ctrl.riptide"},
						{"climb": "ctrl.climb"},
						{"death": "ctrl.death"},
						{"climbing": "ctrl.climbing"}
					],
					"blend_transition": 0.15
				},
				"swim_stand": {
					"animations": ["swim_stand"],
					"transitions": [
						{"swim": "ctrl.swim"},
						{"idle": "ctrl.idle"},
						{"walk": "ctrl.walk"},
						{"jump": "ctrl.jump || query.is_riding"},
						{"fly": "ctrl.fly"},
						{"riptide": "ctrl.riptide"},
						{"death": "ctrl.death"},
						{"sneaking": "ctrl.sneaking"},
						{"sneak": "ctrl.sneak"},
						{"climbing": "ctrl.climbing"},
						{"climb": "ctrl.climb"},
						{"ladder_up": "ctrl.ladder_up"},
						{"ladder_stillness": "ctrl.ladder_stillness"},
						{"ladder_down": "ctrl.ladder_down"}
					],
					"blend_transition": 0.15
				},
				"riptide": {
					"animations": ["riptide"],
					"transitions": [
						{"idle": "ctrl.idle"},
						{"walk": "ctrl.walk"},
						{"run": "ctrl.run"},
						{"jump": "ctrl.jump && !ctrl.riptide || query.is_riding"},
						{"fly": "ctrl.fly && !ctrl.riptide"},
						{"elytra_fly": "ctrl.elytra_fly && !ctrl.riptide"},
						{"sneaking": "ctrl.sneaking"},
						{"sneak": "ctrl.sneak"},
						{"swim": "ctrl.swim && !ctrl.riptide"},
						{"swim_stand": "ctrl.swim_stand && !ctrl.riptide"},
						{"climbing": "ctrl.climbing"},
						{"climb": "ctrl.climb"}
					],
					"blend_transition": 0.15
				},
				"climbing": {
					"animations": ["climbing"],
					"transitions": [
						{"climb": "ctrl.climb"},
						{"idle": "ctrl.idle"},
						{"swim_stand": "ctrl.swim_stand"},
						{"riptide": "ctrl.riptide"},
						{"swim": "idle.swim"},
						{"sneaking": "idle.sneaking"},
						{"fly": "ctrl.fly && !ctrl.climbing"},
						{"jump": "ctrl.jump && !ctrl.climbing || query.is_riding"},
						{"walk": "ctrl.walk"},
						{"sneak": "ctrl.sneak"},
						{"run": "ctrl.run"}
					],
					"blend_transition": 0.15
				},
				"climb": {
					"animations": [
						{"climb": "ctrl.parcool_state == ''"}
					],
					"transitions": [
						{"climbing": "ctrl.climbing"},
						{"walk": "ctrl.walk"},
						{"run": "ctrl.run"},
						{"sneak": "ctrl.sneak"},
						{"swim": "ctrl.swim"},
						{"swim_stand": "ctrl.swim_stand"},
						{"riptide": "ctrl.riptide"},
						{"fly": "ctrl.fly && !ctrl.climb"},
						{"jump": "ctrl.jump && !ctrl.climb || query.is_riding"}
					],
					"blend_transition": 0.15
				},
				"ladder_up": {
					"animations": ["ladder_up"],
					"transitions": [
						{"jump": "ctrl.jump && !ctrl.ladder_up || query.is_riding"},
						{"ladder_stillness": "ctrl.ladder_stillness"},
						{"ladder_down": "ctrl.ladder_down"},
						{"fly": "ctrl.fly && !ctrl.ladder_up"},
						{"elytra_fly": "ctrl.elytra_fly && !ctrl.ladder_up"},
						{"riptide": "ctrl.riptide && !ctrl.ladder_up"},
						{"climbing": "ctrl.climbing"},
						{"climb": "ctrl.climb"},
						{"swim_stand": "ctrl.swim_stand && !ctrl.ladder_up"},
						{"swim": "ctrl.swim"},
						{"walk": "ctrl.walk"},
						{"run": "ctrl.run"}
					],
					"blend_transition": 0.15
				},
				"ladder_stillness": {
					"animations": ["ladder_stillness"],
					"transitions": [
						{"jump": "ctrl.jump && !ctrl.ladder_stillness || query.is_riding"},
						{"ladder_up": "ctrl.ladder_up"},
						{"ladder_down": "ctrl.ladder_down"},
						{"fly": "ctrl.fly && !ctrl.ladder_stillness"},
						{"elytra_fly": "ctrl.elytra_fly && !ctrl.ladder_stillness"},
						{"riptide": "ctrl.riptide && !ctrl.ladder_stillness"},
						{"idle": "ctrl.idle && !ctrl.ladder_stillness"},
						{"walk": "ctrl.walk && !ctrl.ladder_stillness"},
						{"run": "ctrl.run && !ctrl.ladder_stillness"},
						{"swim_stand": "ctrl.swim_stand && !ctrl.ladder_stillness"},
						{"climbing": "ctrl.climbing"},
						{"climb": "ctrl.climb"},
						{"swim": "ctrl.swim"},
						{"sneaking": "ctrl.sneaking && !ctrl.ladder_stillness"},
						{"sneak": "ctrl.sneak && !ctrl.ladder_stillness"}
					],
					"blend_transition": 0.15
				},
				"ladder_down": {
					"animations": ["ladder_down"],
					"transitions": [
						{"jump": "ctrl.jump && !ctrl.ladder_down || query.is_riding"},
						{"ladder_up": "ctrl.ladder_up"},
						{"ladder_stillness": "ctrl.ladder_stillness"},
						{"fly": "ctrl.fly && !ctrl.ladder_down"},
						{"elytra_fly": "ctrl.elytra_fly && !ctrl.ladder_down"},
						{"riptide": "ctrl.riptide && !ctrl.ladder_down"},
						{"walk": "ctrl.walk"},
						{"climbing": "ctrl.climbing"},
						{"climb": "ctrl.climb"},
						{"swim_stand": "ctrl.swim_stand && !ctrl.ladder_down"},
						{"sneak": "ctrl.sneak"},
						{"run": "ctrl.run"},
						{"swim": "ctrl.swim"}
					],
					"blend_transition": 0.15
				},
				"attacked": {
					"animations": ["attacked"],
					"transitions": [
						{"idle": "ctrl.idle && !ctrl.attacked"},
						{"walk": "ctrl.walk && !ctrl.attacked"},
						{"run": "ctrl.run && !ctrl.attacked"},
						{"jump": "ctrl.jump && !ctrl.attacked || query.is_riding"},
						{"death": "ctrl.death"},
						{"fly": "ctrl.fly"},
						{"elytra_fly": "ctrl.elytra_fly"},
						{"sneaking": "ctrl.sneaking"},
						{"sneak": "ctrl.sneak"},
						{"swim": "ctrl.swim"},
						{"swim_stand": "ctrl.swim_stand"},
						{"riptide": "ctrl.riptide"},
						{"climbing": "ctrl.climbing"},
						{"climb": "ctrl.climb"},
						{"ladder_up": "ctrl.ladder_up"},
						{"ladder_stillness": "ctrl.ladder_stillness"},
						{"ladder_down": "ctrl.ladder_down"}
					],
					"blend_transition": 0.15
				},
				"death": {
					"animations": ["death"]
				}
			}
		}
	}
}