{
	"format_version": "1.12.0",
	"minecraft:geometry": [
		{
			"description": {
				"identifier": "geometry.unknown",
				"texture_width": 128,
				"texture_height": 128,
				"visible_bounds_width": 3,
				"visible_bounds_height": 4.5,
				"visible_bounds_offset": [0, 1.75, 0]
			},
			"bones": [
				{
					"name": "LeftArm",
					"pivot": [1.02447, 28.47049, 0],
					"cubes": [
						{"origin": [0.22447, 22.52049, -1.5], "size": [3.05, 7, 3], "uv": [46, 18]},
						{"origin": [0.52447, 21.62049, -1.1], "size": [2.55, 2, 2.2], "uv": [80, 19]},
						{"origin": [0.42447, 21.57049, -1.125], "size": [2.7, 2.05, 2.3], "uv": [58, 80]}
					]
				},
				{
					"name": "LeftForeArm2",
					"parent": "LeftArm",
					"pivot": [1.74947, 22.52049, 0.025],
					"cubes": [
						{"origin": [0.74947, 15.52049, -1.475], "size": [2, 7, 3], "uv": [0, 56]},
						{"origin": [0.14947, 16.82049, -1.575], "size": [3.1, 6, 3.2], "uv": [54, 51]}
					]
				},
				{
					"name": "LeftHand",
					"parent": "LeftForeArm2",
					"pivot": [1.74947, 17.02049, 0.025]
				},
				{
					"name": "LeftHandLocator2",
					"parent": "LeftHand",
					"pivot": [1.74947, 17.02049, 0.025]
				},
				{
					"name": "RightArm",
					"pivot": [-1.02447, 28.47049, 0],
					"cubes": [
						{"origin": [-3.27447, 22.52049, -1.5], "size": [3.05, 7, 3], "uv": [12, 47]},
						{"origin": [-3.07447, 21.62049, -1.1], "size": [2.55, 2, 2.2], "uv": [42, 81]},
						{"origin": [-3.12447, 21.57049, -1.125], "size": [2.7, 2.05, 2.3], "uv": [50, 81]}
					]
				},
				{
					"name": "RightForeArm2",
					"parent": "RightArm",
					"pivot": [-1.74947, 22.52049, 0.025],
					"cubes": [
						{"origin": [-3.24947, 16.82049, -1.575], "size": [3.1, 6, 3.2], "uv": [42, 55]},
						{"origin": [-2.74947, 15.52049, -1.475], "size": [2, 7, 3], "uv": [10, 57]}
					]
				},
				{
					"name": "RightHand",
					"parent": "RightForeArm2",
					"pivot": [-1.74947, 17.02049, 0.025]
				},
				{
					"name": "RightHandLocator2",
					"parent": "RightHand",
					"pivot": [-1.74947, 17.02049, 0.025]
				}
			]
		}
	]
}