{
	"format_version": "1.12.0",
	"minecraft:geometry": [
		{
			"description": {
				"identifier": "geometry.unknown",
				"texture_width": 256,
				"texture_height": 256,
				"visible_bounds_width": 19,
				"visible_bounds_height": 17,
				"visible_bounds_offset": [0, 0.5, 0]
			},
			"bones": [
				{
					"name": "Arm",
					"pivot": [-0.2, 29.1, 0]
				},
				{
					"name": "RightArm",
					"parent": "Arm",
					"pivot": [-2.25, 32, 0],
					"cubes": [
						{
							"origin": [-3.125, 31, -1],
							"size": [2, 2, 2],
							"inflate": 0.0625,
							"uv": {
								"north": {"uv": [101, 85], "uv_size": [2, 2]},
								"east": {"uv": [87, 101], "uv_size": [2, 2]},
								"south": {"uv": [101, 88], "uv_size": [2, 2]},
								"west": {"uv": [99, 101], "uv_size": [2, 2]},
								"up": {"uv": [102, 0], "uv_size": [2, 2]},
								"down": {"uv": [102, 5], "uv_size": [2, -2]}
							}
						},
						{
							"origin": [-2.625, 29, -0.5],
							"size": [1, 3, 1],
							"uv": {
								"north": {"uv": [60, 110], "uv_size": [1, 3]},
								"east": {"uv": [72, 110], "uv_size": [1, 3]},
								"south": {"uv": [74, 110], "uv_size": [1, 3]},
								"west": {"uv": [76, 110], "uv_size": [1, 3]},
								"up": {"uv": [95, 41], "uv_size": [1, 1]},
								"down": {"uv": [9, 97], "uv_size": [1, -1]}
							}
						},
						{
							"origin": [-3.125, 26.25, -0.875],
							"size": [2, 3, 1.5],
							"uv": {
								"north": {"uv": [84, 39], "uv_size": [2, 3]},
								"east": {"uv": [96, 52], "uv_size": [1.5, 3]},
								"south": {"uv": [84, 43], "uv_size": [2, 3]},
								"west": {"uv": [75, 96], "uv_size": [1.5, 3]},
								"up": {"uv": [80, 110], "uv_size": [2, 1.5]},
								"down": {"uv": [83, 111.5], "uv_size": [2, -1.5]}
							}
						},
						{
							"origin": [-4.125, 25.25, -1.125],
							"size": [4, 2, 2],
							"inflate": 0.0625,
							"uv": {
								"north": {"uv": [66, 69], "uv_size": [4, 2]},
								"east": {"uv": [9, 102], "uv_size": [2, 2]},
								"south": {"uv": [9, 70], "uv_size": [4, 2]},
								"west": {"uv": [102, 9], "uv_size": [2, 2]},
								"up": {"uv": [34, 70], "uv_size": [4, 2]},
								"down": {"uv": [39, 72], "uv_size": [4, -2]}
							}
						}
					]
				},
				{
					"name": "RightForeArm",
					"parent": "RightArm",
					"pivot": [-2.25, 26.25, 0],
					"cubes": [
						{
							"origin": [-3.125, 18.5, -1.25],
							"size": [2, 7, 2.25],
							"uv": {
								"north": {"uv": [4, 40], "uv_size": [2, 7]},
								"east": {"uv": [0, 32], "uv_size": [2.5, 7]},
								"south": {"uv": [20, 42], "uv_size": [2, 7]},
								"west": {"uv": [4, 32], "uv_size": [2.5, 7]},
								"up": {"uv": [0, 93], "uv_size": [2, 2.5]},
								"down": {"uv": [93, 2.5], "uv_size": [2, -2.5]}
							}
						},
						{
							"origin": [-4, 16.5, -0.5],
							"size": [0.75, 9, 0.75],
							"uv": {
								"north": {"uv": [60, 63], "uv_size": [1, 9]},
								"east": {"uv": [0, 64], "uv_size": [1, 9]},
								"south": {"uv": [2, 64], "uv_size": [1, 9]},
								"west": {"uv": [4, 64], "uv_size": [1, 9]},
								"up": {"uv": [39, 96], "uv_size": [1, 1]},
								"down": {"uv": [21, 99], "uv_size": [1, -1]}
							}
						},
						{
							"origin": [-3.5, 16.5, -0.5],
							"size": [2.75, 1, 0.75],
							"inflate": -0.125,
							"uv": {
								"north": {"uv": [54, 9], "uv_size": [3, 1]},
								"east": {"uv": [100, 9], "uv_size": [1, 1]},
								"south": {"uv": [90, 64], "uv_size": [3, 1]},
								"west": {"uv": [100, 30], "uv_size": [1, 1]},
								"up": {"uv": [90, 80], "uv_size": [3, 1]},
								"down": {"uv": [109, 25], "uv_size": [3, -1]}
							}
						},
						{
							"origin": [-1, 16.5, -0.5],
							"size": [0.75, 9, 0.75],
							"uv": {
								"north": {"uv": [18, 64], "uv_size": [1, 9]},
								"east": {"uv": [20, 64], "uv_size": [1, 9]},
								"south": {"uv": [22, 64], "uv_size": [1, 9]},
								"west": {"uv": [29, 64], "uv_size": [1, 9]},
								"up": {"uv": [102, 18], "uv_size": [1, 1]},
								"down": {"uv": [26, 140], "uv_size": [1, -1]}
							}
						}
					]
				},
				{
					"name": "RightHand",
					"parent": "RightForeArm",
					"pivot": [-2.25, 17.25, -0.125],
					"cubes": [
						{
							"origin": [-3.125, 16.25, -1.875],
							"size": [2, 2, 3.5],
							"uv": {
								"north": {"uv": [12, 102], "uv_size": [2, 2]},
								"east": {"uv": [77, 76], "uv_size": [3.5, 2]},
								"south": {"uv": [102, 12], "uv_size": [2, 2]},
								"west": {"uv": [78, 6], "uv_size": [3.5, 2]},
								"up": {"uv": [68, 77], "uv_size": [2, 3.5]},
								"down": {"uv": [9, 81.5], "uv_size": [2, -3.5]}
							}
						}
					]
				},
				{
					"name": "BladeLocator",
					"parent": "RightHand",
					"pivot": [-2.275, 17.275, 0.05]
				},
				{
					"name": "RightHandLocator",
					"parent": "RightHand",
					"pivot": [-2.275, 17.275, 0.05]
				},
				{
					"name": "LeftArm",
					"parent": "Arm",
					"pivot": [2.125, 33.02381, -0.07815],
					"cubes": [
						{
							"origin": [1.125, 32, -1],
							"size": [2, 2, 2],
							"inflate": 0.0625,
							"uv": {
								"north": {"uv": [102, 15], "uv_size": [2, 2]},
								"east": {"uv": [27, 102], "uv_size": [2, 2]},
								"south": {"uv": [102, 30], "uv_size": [2, 2]},
								"west": {"uv": [102, 33], "uv_size": [2, 2]},
								"up": {"uv": [102, 52], "uv_size": [2, 2]},
								"down": {"uv": [102, 63], "uv_size": [2, -2]}
							}
						},
						{
							"origin": [1.125, 26.46474, -1.12226],
							"size": [2, 4, 2],
							"inflate": -0.0625,
							"uv": {
								"north": {"uv": [14, 70], "uv_size": [2, 4]},
								"east": {"uv": [44, 70], "uv_size": [2, 4]},
								"south": {"uv": [47, 70], "uv_size": [2, 4]},
								"west": {"uv": [50, 70], "uv_size": [2, 4]},
								"up": {"uv": [66, 102], "uv_size": [2, 2]},
								"down": {"uv": [69, 104], "uv_size": [2, -2]}
							}
						},
						{
							"origin": [1.17188, 25.46474, 0.56524],
							"size": [1.90625, 2, 0.62774],
							"inflate": -0.0625,
							"pivot": [2.125, 25.46474, 0.56524],
							"rotation": [25, 0, 0],
							"uv": {
								"north": {"uv": [102, 94], "uv_size": [2, 2]},
								"east": {"uv": [75, 139], "uv_size": [0.5, 2]},
								"south": {"uv": [102, 97], "uv_size": [2, 2]},
								"west": {"uv": [82, 139], "uv_size": [0.5, 2]},
								"up": {"uv": [92, 139], "uv_size": [2, 0.5]},
								"down": {"uv": [104, 139.5], "uv_size": [2, -0.5]}
							}
						},
						{
							"origin": [1.17188, 25.46474, 1.06798],
							"size": [1.90625, 2, 0.49726],
							"inflate": -0.0625,
							"pivot": [2.125, 25.46474, 0.56524],
							"rotation": [25, 0, 0],
							"uv": {
								"north": {"uv": [102, 100], "uv_size": [2, 2]},
								"east": {"uv": [107, 139], "uv_size": [0.5, 2]},
								"south": {"uv": [3, 103], "uv_size": [2, 2]},
								"west": {"uv": [111, 139], "uv_size": [0.5, 2]},
								"up": {"uv": [115, 139], "uv_size": [2, 0.5]},
								"down": {"uv": [118, 139.5], "uv_size": [2, -0.5]}
							}
						},
						{
							"origin": [1.17188, 22.96474, 0.69024],
							"size": [1.90625, 3, 0.75],
							"inflate": -0.0625,
							"uv": {
								"north": {"uv": [84, 47], "uv_size": [2, 3]},
								"east": {"uv": [86, 110], "uv_size": [1, 3]},
								"south": {"uv": [84, 59], "uv_size": [2, 3]},
								"west": {"uv": [88, 110], "uv_size": [1, 3]},
								"up": {"uv": [63, 125], "uv_size": [2, 1]},
								"down": {"uv": [125, 66], "uv_size": [2, -1]}
							}
						},
						{
							"origin": [1.375, 29.90853, -2.86951],
							"size": [1.5, 0.6875, 3],
							"inflate": 0.01563,
							"pivot": [2.125, 30.43978, -1.36951],
							"rotation": [-20, 0, 0],
							"uv": {
								"north": {"uv": [144, 132], "uv_size": [1.5, 0.5]},
								"east": {"uv": [130, 51], "uv_size": [3, 0.5]},
								"south": {"uv": [144, 134], "uv_size": [1.5, 0.5]},
								"west": {"uv": [130, 67], "uv_size": [3, 0.5]},
								"up": {"uv": [78, 96], "uv_size": [1.5, 3]},
								"down": {"uv": [84, 99], "uv_size": [1.5, -3]}
							}
						},
						{
							"origin": [1.23437, 29.65224, 0.81524],
							"size": [1.78125, 0.6875, 1],
							"inflate": 0.01563,
							"pivot": [2.125, 28.71474, 3.31524],
							"rotation": [-1, 0, 0],
							"uv": {
								"north": {"uv": [131, 139], "uv_size": [2, 0.5]},
								"east": {"uv": [148, 0], "uv_size": [1, 0.5]},
								"south": {"uv": [139, 131], "uv_size": [2, 0.5]},
								"west": {"uv": [2, 148], "uv_size": [1, 0.5]},
								"up": {"uv": [125, 70], "uv_size": [2, 1]},
								"down": {"uv": [125, 73], "uv_size": [2, -1]}
							}
						},
						{
							"origin": [1.23437, 23.65224, 1.31524],
							"size": [1.78125, 0.6875, 1],
							"inflate": 0.01563,
							"pivot": [2.125, 22.71474, 3.81524],
							"rotation": [-1, 0, 0],
							"uv": {
								"north": {"uv": [139, 135], "uv_size": [2, 0.5]},
								"east": {"uv": [148, 2], "uv_size": [1, 0.5]},
								"south": {"uv": [139, 137], "uv_size": [2, 0.5]},
								"west": {"uv": [4, 148], "uv_size": [1, 0.5]},
								"up": {"uv": [125, 74], "uv_size": [2, 1]},
								"down": {"uv": [125, 80], "uv_size": [2, -1]}
							}
						},
						{
							"origin": [1.23437, 28.40224, -1.93476],
							"size": [1.78125, 0.6875, 1],
							"inflate": 0.01563,
							"pivot": [2.125, 27.46474, 0.56524],
							"rotation": [-1, 0, 0],
							"uv": {
								"north": {"uv": [139, 139], "uv_size": [2, 0.5]},
								"east": {"uv": [6, 148], "uv_size": [1, 0.5]},
								"south": {"uv": [140, 6], "uv_size": [2, 0.5]},
								"west": {"uv": [8, 148], "uv_size": [1, 0.5]},
								"up": {"uv": [125, 84], "uv_size": [2, 1]},
								"down": {"uv": [125, 87], "uv_size": [2, -1]}
							}
						},
						{
							"origin": [1.625, 30.17605, -0.54411],
							"size": [1, 3, 1],
							"uv": {
								"north": {"uv": [90, 110], "uv_size": [1, 3]},
								"east": {"uv": [110, 91], "uv_size": [1, 3]},
								"south": {"uv": [92, 110], "uv_size": [1, 3]},
								"west": {"uv": [94, 110], "uv_size": [1, 3]},
								"up": {"uv": [121, 139], "uv_size": [1, 1]},
								"down": {"uv": [2, 141], "uv_size": [1, -1]}
							}
						},
						{
							"origin": [1.875, 24, 1.4375],
							"size": [0.5, 6, 0.5],
							"pivot": [0, 28.5, 1.75],
							"rotation": [5, 0, 0],
							"uv": {
								"north": {"uv": [110, 95], "uv_size": [0.5, 6]},
								"east": {"uv": [96, 110], "uv_size": [0.5, 6]},
								"south": {"uv": [98, 110], "uv_size": [0.5, 6]},
								"west": {"uv": [100, 110], "uv_size": [0.5, 6]},
								"up": {"uv": [151, 63], "uv_size": [0.5, 0.5]},
								"down": {"uv": [64, 151.5], "uv_size": [0.5, -0.5]}
							}
						},
						{
							"origin": [1.875, 29.0625, -1.9375],
							"size": [0.5, 2, 0.5],
							"pivot": [2.25, 29.0625, -1.6875],
							"rotation": [25, 0, 0],
							"uv": {
								"north": {"uv": [140, 32], "uv_size": [0.5, 2]},
								"east": {"uv": [140, 35], "uv_size": [0.5, 2]},
								"south": {"uv": [140, 38], "uv_size": [0.5, 2]},
								"west": {"uv": [140, 41], "uv_size": [0.5, 2]},
								"up": {"uv": [151, 65], "uv_size": [0.5, 0.5]},
								"down": {"uv": [66, 151.5], "uv_size": [0.5, -0.5]}
							}
						}
					]
				},
				{
					"name": "LeftForeArm",
					"parent": "LeftArm",
					"pivot": [2.125, 24, 1],
					"cubes": [
						{
							"origin": [1.625, 21.75, 0.5],
							"size": [1, 2.25, 1],
							"uv": {
								"north": {"uv": [72, 117], "uv_size": [1, 2.5]},
								"east": {"uv": [74, 117], "uv_size": [1, 2.5]},
								"south": {"uv": [83, 117], "uv_size": [1, 2.5]},
								"west": {"uv": [117, 84], "uv_size": [1, 2.5]},
								"up": {"uv": [140, 8], "uv_size": [1, 1]},
								"down": {"uv": [140, 24], "uv_size": [1, -1]}
							}
						}
					]
				},
				{
					"name": "LeftHand",
					"parent": "LeftForeArm",
					"pivot": [2.125, 20.875, 1],
					"cubes": [
						{
							"origin": [1.125, 20, 0],
							"size": [2, 2, 2],
							"inflate": 0.0625,
							"uv": {
								"north": {"uv": [6, 103], "uv_size": [2, 2]},
								"east": {"uv": [103, 6], "uv_size": [2, 2]},
								"south": {"uv": [15, 103], "uv_size": [2, 2]},
								"west": {"uv": [18, 103], "uv_size": [2, 2]},
								"up": {"uv": [21, 103], "uv_size": [2, 2]},
								"down": {"uv": [103, 25], "uv_size": [2, -2]}
							}
						},
						{
							"origin": [1.375, 18.5, -1.5],
							"size": [2, 5, 5],
							"uv": {
								"north": {"uv": [29, 58], "uv_size": [2, 5]},
								"east": {"uv": [15, 0], "uv_size": [5, 5]},
								"south": {"uv": [59, 3], "uv_size": [2, 5]},
								"west": {"uv": [15, 6], "uv_size": [5, 5]},
								"up": {"uv": [12, 60], "uv_size": [2, 5]},
								"down": {"uv": [15, 65], "uv_size": [2, -5]}
							}
						},
						{
							"origin": [1.625, 15.5, -1.25],
							"size": [1.5, 4, 1.5],
							"uv": {
								"north": {"uv": [84, 63], "uv_size": [1.5, 4]},
								"east": {"uv": [84, 78], "uv_size": [1.5, 4]},
								"south": {"uv": [12, 85], "uv_size": [1.5, 4]},
								"west": {"uv": [43, 85], "uv_size": [1.5, 4]},
								"up": {"uv": [122, 74], "uv_size": [1.5, 1.5]},
								"down": {"uv": [122, 80.5], "uv_size": [1.5, -1.5]}
							}
						},
						{
							"origin": [1.875, 14, -1],
							"size": [1, 1.5, 1],
							"uv": {
								"north": {"uv": [24, 130], "uv_size": [1, 1.5]},
								"east": {"uv": [73, 130], "uv_size": [1, 1.5]},
								"south": {"uv": [75, 130], "uv_size": [1, 1.5]},
								"west": {"uv": [130, 79], "uv_size": [1, 1.5]},
								"up": {"uv": [44, 140], "uv_size": [1, 1]},
								"down": {"uv": [46, 141], "uv_size": [1, -1]}
							}
						},
						{
							"origin": [1.875, 14, 2],
							"size": [1, 1.5, 1],
							"uv": {
								"north": {"uv": [130, 90], "uv_size": [1, 1.5]},
								"east": {"uv": [93, 130], "uv_size": [1, 1.5]},
								"south": {"uv": [130, 93], "uv_size": [1, 1.5]},
								"west": {"uv": [130, 102], "uv_size": [1, 1.5]},
								"up": {"uv": [140, 47], "uv_size": [1, 1]},
								"down": {"uv": [48, 141], "uv_size": [1, -1]}
							}
						},
						{
							"origin": [1.625, 15.5, 1.75],
							"size": [1.5, 4, 1.5],
							"uv": {
								"north": {"uv": [46, 85], "uv_size": [1.5, 4]},
								"east": {"uv": [49, 85], "uv_size": [1.5, 4]},
								"south": {"uv": [52, 85], "uv_size": [1.5, 4]},
								"west": {"uv": [85, 53], "uv_size": [1.5, 4]},
								"up": {"uv": [12, 123], "uv_size": [1.5, 1.5]},
								"down": {"uv": [15, 124.5], "uv_size": [1.5, -1.5]}
							}
						}
					]
				},
				{
					"name": "LeftHandLocator",
					"parent": "LeftHand",
					"pivot": [2.225, 18.275, 1.05]
				}
			]
		}
	]
}