{
	"format_version": "1.12.0",
	"minecraft:geometry": [
		{
			"description": {
				"identifier": "geometry.character_sonic",
				"texture_width": 112,
				"texture_height": 112,
				"visible_bounds_width": 14,
				"visible_bounds_height": 6,
				"visible_bounds_offset": [0, 1, 0]
			},
			"bones": [
				{
					"name": "Root",
					"pivot": [0, 0, 0]
				},
				{
					"name": "AllBody",
					"parent": "Root",
					"pivot": [0, 24, 0]
				},
				{
					"name": "UpBody",
					"parent": "AllBody",
					"pivot": [0, 16, 0],
					"cubes": [
						{"origin": [-4, 16, -3], "size": [8, 8, 6], "uv": [0, 20]}
					]
				},
				{
					"name": "UpperBody",
					"parent": "UpBody",
					"pivot": [0, 24, 0]
				},
				{
					"name": "AllHead",
					"parent": "UpperBody",
					"pivot": [0, 24, 0],
					"cubes": [
						{"origin": [-0.5, 26, -6.5], "size": [1, 1, 2], "uv": [31, 6]},
						{"origin": [-4.5, 23.5, -4.5], "size": [9, 9, 9], "uv": [0, 0]},
						{"origin": [-5, 23, -5], "size": [10, 10, 10], "uv": [37, 0]}
					]
				},
				{
					"name": "eyes",
					"parent": "AllHead",
					"pivot": [0, 0, -0.25],
					"cubes": [
						{"origin": [-2.5, 26.5, -4.75], "size": [5, 3, 0], "uv": [47, 30]}
					]
				},
				{
					"name": "eye_lid_open_right",
					"parent": "AllHead",
					"pivot": [-14, 34, -5],
					"cubes": [
						{"origin": [-5, 29, -5], "size": [5, 4, 4], "inflate": -0.01, "uv": [0, 57]}
					]
				},
				{
					"name": "eye_lid_closed_right",
					"parent": "AllHead",
					"pivot": [-14, 31.5, -5]
				},
				{
					"name": "eye_lid_open_left",
					"parent": "AllHead",
					"pivot": [0, 34, -5],
					"cubes": [
						{"origin": [0, 29, -5], "size": [5, 4, 4], "inflate": -0.01, "uv": [0, 57], "mirror": true}
					]
				},
				{
					"name": "eye_lid_closed_left",
					"parent": "AllHead",
					"pivot": [0, 31.5, -5]
				},
				{
					"name": "ear_right",
					"parent": "AllHead",
					"pivot": [-2, 33.125, 0],
					"rotation": [0, 0, 45],
					"cubes": [
						{"origin": [-6, 29.125, -2], "size": [4, 4, 2], "uv": [31, 0]}
					]
				},
				{
					"name": "ear_left",
					"parent": "AllHead",
					"pivot": [2, 33, 0],
					"rotation": [0, 0, -45],
					"cubes": [
						{"origin": [2, 29, -2], "size": [4, 4, 2], "uv": [31, 0], "mirror": true}
					]
				},
				{
					"name": "skull_spike_middle",
					"parent": "AllHead",
					"pivot": [0, 33, -5],
					"rotation": [22.5, 0, 0],
					"cubes": [
						{"origin": [-2.5, 28, -5], "size": [5, 5, 17], "uv": [60, 66]}
					]
				},
				{
					"name": "skull_spike_back",
					"parent": "AllHead",
					"pivot": [0, 30.5, 5.5],
					"rotation": [-7.5, 0, 0],
					"cubes": [
						{"origin": [-2.5, 25.5, 3.5], "size": [5, 5, 13], "uv": [68, 28]}
					]
				},
				{
					"name": "skull_spike_top_right",
					"parent": "AllHead",
					"pivot": [-5, 33, -1.5],
					"rotation": [7.5, -15, -5],
					"cubes": [
						{"origin": [-5, 28, -1.5], "size": [5, 5, 15], "uv": [64, 46]}
					]
				},
				{
					"name": "skull_spike_top_left",
					"parent": "AllHead",
					"pivot": [5, 33, -1.5],
					"rotation": [7.5, 15, 5],
					"cubes": [
						{"origin": [0, 28, -1.5], "size": [5, 5, 15], "uv": [64, 46], "mirror": true}
					]
				},
				{
					"name": "skull_spike_bottom_right",
					"parent": "AllHead",
					"pivot": [-5, 25.5, -1],
					"rotation": [-15, -22.5, 5],
					"cubes": [
						{"origin": [-5, 25.5, -1], "size": [5, 5, 15], "uv": [64, 46]}
					]
				},
				{
					"name": "skull_spike_bottom_left",
					"parent": "AllHead",
					"pivot": [5, 25.5, -1],
					"rotation": [-15, 22.5, -5],
					"cubes": [
						{"origin": [0, 25.5, -1], "size": [5, 5, 15], "uv": [64, 46], "mirror": true}
					]
				},
				{
					"name": "spike_right",
					"parent": "UpperBody",
					"pivot": [-1.5, 23.5, 3],
					"rotation": [-37.5, -15, 0],
					"cubes": [
						{"origin": [-4.5, 18.5, 3], "size": [3, 5, 7], "uv": [84, 16]}
					]
				},
				{
					"name": "spike_left",
					"parent": "UpperBody",
					"pivot": [1.5, 23.5, 3],
					"rotation": [-37.5, 15, 0],
					"cubes": [
						{"origin": [1.5, 18.5, 3], "size": [3, 5, 7], "uv": [84, 16], "mirror": true}
					]
				},
				{
					"name": "tail",
					"parent": "UpperBody",
					"pivot": [0, 18, 3],
					"rotation": [-60, 0, 0],
					"cubes": [
						{"origin": [-1, 16, 3], "size": [2, 2, 6], "uv": [0, 34]}
					]
				},
				{
					"name": "waist",
					"parent": "UpperBody",
					"pivot": [0, 16, 0]
				},
				{
					"name": "Arm",
					"parent": "UpperBody",
					"pivot": [0, 24, 0]
				},
				{
					"name": "RightArm",
					"parent": "Arm",
					"pivot": [-4, 23, 0],
					"cubes": [
						{"origin": [-6, 18, -1], "size": [2, 6, 2], "inflate": 0.01, "uv": [28, 20]}
					]
				},
				{
					"name": "RightForeArm",
					"parent": "RightArm",
					"pivot": [-5, 18, 1],
					"cubes": [
						{"origin": [-6, 14, -1], "size": [2, 4, 2], "uv": [36, 20]},
						{"origin": [-6.5, 12, -1.5], "size": [3, 4, 3], "uv": [44, 20]}
					]
				},
				{
					"name": "hand_right",
					"parent": "RightForeArm",
					"pivot": [-5, 13, 0],
					"cubes": [
						{"origin": [-7, 8, -2.5], "size": [4, 5, 5], "uv": [56, 20]}
					]
				},
				{
					"name": "thumb_right",
					"parent": "hand_right",
					"pivot": [-4, 13, -2.5],
					"rotation": [90, 0, 0],
					"cubes": [
						{"origin": [-5, 11, -5.5], "size": [2, 2, 3], "inflate": -0.01, "uv": [56, 31]}
					]
				},
				{
					"name": "RightHandLocator",
					"parent": "RightForeArm",
					"pivot": [-5, 11, 0]
				},
				{
					"name": "LeftArm",
					"parent": "Arm",
					"pivot": [4, 23, 0],
					"cubes": [
						{"origin": [4, 18, -1], "size": [2, 6, 2], "inflate": 0.01, "uv": [28, 20], "mirror": true}
					]
				},
				{
					"name": "LeftForeArm",
					"parent": "LeftArm",
					"pivot": [5, 18, 1],
					"cubes": [
						{"origin": [4, 14, -1], "size": [2, 4, 2], "uv": [36, 20]},
						{"origin": [3.5, 12, -1.5], "size": [3, 4, 3], "uv": [44, 20], "mirror": true}
					]
				},
				{
					"name": "hand_left",
					"parent": "LeftForeArm",
					"pivot": [5, 13, 0],
					"cubes": [
						{"origin": [3, 8, -2.5], "size": [4, 5, 5], "uv": [56, 20], "mirror": true}
					]
				},
				{
					"name": "thumb_left",
					"parent": "hand_left",
					"pivot": [4, 13, -2.5],
					"rotation": [90, 0, 0],
					"cubes": [
						{"origin": [3, 11, -5.5], "size": [2, 2, 3], "inflate": -0.01, "uv": [56, 31]}
					]
				},
				{
					"name": "LeftItem",
					"parent": "hand_left",
					"pivot": [5, 11, 0]
				},
				{
					"name": "DownBody",
					"parent": "AllBody",
					"pivot": [0, 16, 0]
				},
				{
					"name": "LeftLeg",
					"parent": "DownBody",
					"pivot": [2, 16, 0],
					"cubes": [
						{"origin": [1, 10, -1], "size": [2, 6, 2], "uv": [28, 28]}
					]
				},
				{
					"name": "LeftLowerLeg",
					"parent": "LeftLeg",
					"pivot": [2, 10, -1],
					"cubes": [
						{"origin": [1, 6, -1], "size": [2, 4, 2], "uv": [36, 28]},
						{"origin": [0, 4, -2], "size": [4, 4, 4], "uv": [28, 36]}
					]
				},
				{
					"name": "LeftFoot",
					"parent": "LeftLowerLeg",
					"pivot": [2, 5, 0],
					"cubes": [
						{"origin": [-0.5, 0, -6.5], "size": [5, 5, 9], "uv": [28, 44]},
						{"origin": [4.4, 1, -4.625], "size": [1.125, 3, 4], "uv": [47, 44], "mirror": true}
					]
				},
				{
					"name": "RightLeg",
					"parent": "DownBody",
					"pivot": [-2, 16, 0],
					"cubes": [
						{"origin": [-3.1, 10, -1], "size": [2, 6, 2], "uv": [28, 28]}
					]
				},
				{
					"name": "RightLowerLeg",
					"parent": "RightLeg",
					"pivot": [-2, 10, -1],
					"cubes": [
						{"origin": [-3.1, 6, -1], "size": [2, 4, 2], "uv": [36, 28]},
						{"origin": [-4, 4, -2], "size": [4, 4, 4], "uv": [28, 36]}
					]
				},
				{
					"name": "RightFoot",
					"parent": "RightLowerLeg",
					"pivot": [-2, 5, 0],
					"cubes": [
						{"origin": [-4.5, 0, -6.5], "size": [5, 5, 9], "inflate": 0.01, "uv": [28, 44]},
						{"origin": [-5.6, 1, -4.625], "size": [1.125, 3, 4], "inflate": 0.01, "uv": [47, 44]}
					]
				}
			]
		}
	]
}