{
	"format_version": "1.12.0",
	"minecraft:geometry": [
		{
			"description": {
				"identifier": "geometry.unknown",
				"texture_width": 256,
				"texture_height": 256,
				"visible_bounds_width": 7,
				"visible_bounds_height": 5,
				"visible_bounds_offset": [0, 1.5, 0]
			},
			"bones": [
				{
					"name": "Arm",
					"pivot": [-0.2, 31.275, 0]
				},
				{
					"name": "LeftArm",
					"parent": "Arm",
					"pivot": [0.475, 27.025, 0],
					"cubes": [
						{
							"origin": [0.24669, 27.38445, -1.075],
							"size": [1.575, 1.2, 2.3],
							"uv": {
								"north": {"uv": [99, 166], "uv_size": [1.5, 1]},
								"east": {"uv": [151, 23], "uv_size": [2.5, 1]},
								"south": {"uv": [107, 166], "uv_size": [1.5, 1]},
								"west": {"uv": [151, 63], "uv_size": [2.5, 1]},
								"up": {"uv": [138, 36], "uv_size": [1.5, 2.5]},
								"down": {"uv": [37, 140.5], "uv_size": [1.5, -2.5]}
							}
						},
						{
							"origin": [1.84669, 27.38445, -1.075],
							"size": [0.625, 0.725, 2.3],
							"uv": {
								"north": {"uv": [196, 170], "uv_size": [0.5, 0.5]},
								"east": {"uv": [147, 170], "uv_size": [2.5, 0.5]},
								"south": {"uv": [196, 172], "uv_size": [0.5, 0.5]},
								"west": {"uv": [170, 148], "uv_size": [2.5, 0.5]},
								"up": {"uv": [157, 170], "uv_size": [0.5, 2.5]},
								"down": {"uv": [161, 172.5], "uv_size": [0.5, -2.5]}
							}
						},
						{
							"origin": [0.24669, 22.20945, -1.075],
							"size": [2.525, 5.225, 2.3],
							"uv": {
								"north": {"uv": [88, 65], "uv_size": [2.5, 5]},
								"east": {"uv": [71, 88], "uv_size": [2.5, 5]},
								"south": {"uv": [3, 89], "uv_size": [2.5, 5]},
								"west": {"uv": [7, 89], "uv_size": [2.5, 5]},
								"up": {"uv": [118, 106], "uv_size": [2.5, 2.5]},
								"down": {"uv": [118, 112.5], "uv_size": [2.5, -2.5]}
							}
						},
						{
							"origin": [0.94347, 21.43109, -0.32077],
							"size": [1.525, 1.675, 1.4],
							"pivot": [-2.36877, 23.1369, -0.175],
							"rotation": [-20, 0, 0],
							"uv": {
								"north": {"uv": [5.5, 155], "uv_size": [-1.5, 1.5]},
								"east": {"uv": [156.5, 19], "uv_size": [-1.5, 1.5]},
								"south": {"uv": [18.5, 155], "uv_size": [-1.5, 1.5]},
								"west": {"uv": [156.5, 6], "uv_size": [-1.5, 1.5]},
								"up": {"uv": [156.5, 22], "uv_size": [-1.5, 1.5]},
								"down": {"uv": [156.5, 26.5], "uv_size": [-1.5, -1.5]}
							}
						},
						{
							"origin": [0.81847, 21.58005, -0.99689],
							"size": [1.675, 1.55, 1.95],
							"pivot": [-2.36877, 23.1369, -0.175],
							"rotation": [9, 0, 0],
							"uv": {
								"north": {"uv": [27.5, 155], "uv_size": [-1.5, 1.5]},
								"east": {"uv": [81, 148], "uv_size": [-2, 1.5]},
								"south": {"uv": [156.5, 28], "uv_size": [-1.5, 1.5]},
								"west": {"uv": [150, 69], "uv_size": [-2, 1.5]},
								"up": {"uv": [149.5, 86], "uv_size": [-1.5, 2]},
								"down": {"uv": [149.5, 95], "uv_size": [-1.5, -2]}
							}
						}
					]
				},
				{
					"name": "LeftForeArm",
					"parent": "LeftArm",
					"pivot": [1.79485, 22.20579, 0.025],
					"rotation": [0, 0, 2],
					"cubes": [
						{
							"origin": [0.64485, 15.30579, -0.9],
							"size": [2.075, 1.775, 1.925],
							"pivot": [-2.13015, 19.13079, 0],
							"rotation": [0, 0, -3.5],
							"uv": {
								"north": {"uv": [136, 119], "uv_size": [-2, 2]},
								"east": {"uv": [137, 22], "uv_size": [-2, 2]},
								"south": {"uv": [137, 13], "uv_size": [-2, 2]},
								"west": {"uv": [137, 6], "uv_size": [-2, 2]},
								"up": {"uv": [137, 31], "uv_size": [-2, 2]},
								"down": {"uv": [137, 36], "uv_size": [-2, -2]}
							}
						},
						{
							"origin": [2.91985, 17.43079, -1.05],
							"size": [0.325, 1.55, 2.275],
							"pivot": [-2.13015, 19.13079, 0],
							"rotation": [0, 0, -1.25],
							"uv": {
								"north": {"uv": [176.5, 181], "uv_size": [-0.5, 1.5]},
								"east": {"uv": [139.5, 137], "uv_size": [-2.5, 1.5]},
								"south": {"uv": [181.5, 177], "uv_size": [-0.5, 1.5]},
								"west": {"uv": [139.5, 119], "uv_size": [-2.5, 1.5]},
								"up": {"uv": [82.5, 170], "uv_size": [-0.5, 2.5]},
								"down": {"uv": [92.5, 172.5], "uv_size": [-0.5, -2.5]}
							}
						},
						{
							"origin": [2.9144, 17.75507, -1.03474],
							"size": [0.35, 1.6, 1.575],
							"pivot": [-2.13015, 19.15579, -0.55],
							"rotation": [44.25, 0, -1.25],
							"uv": {
								"north": {"uv": [181.5, 180], "uv_size": [-0.5, 1.5]},
								"east": {"uv": [155.5, 31], "uv_size": [-1.5, 1.5]},
								"south": {"uv": [0.5, 182], "uv_size": [-0.5, 1.5]},
								"west": {"uv": [154.5, 105], "uv_size": [-1.5, 1.5]},
								"up": {"uv": [182.5, 7], "uv_size": [-0.5, 1.5]},
								"down": {"uv": [8.5, 183.5], "uv_size": [-0.5, -1.5]}
							}
						},
						{
							"origin": [0.49485, 17.08079, -1.05],
							"size": [2.475, 5.025, 2.275],
							"pivot": [-2.13015, 19.13079, 0],
							"rotation": [0, 0, -3.5],
							"uv": {
								"north": {"uv": [89.5, 33], "uv_size": [-2.5, 5]},
								"east": {"uv": [90.5, 49], "uv_size": [-2.5, 5]},
								"south": {"uv": [90.5, 43], "uv_size": [-2.5, 5]},
								"west": {"uv": [89.5, 59], "uv_size": [-2.5, 5]},
								"up": {"uv": [92.5, 118], "uv_size": [-2.5, 2.5]},
								"down": {"uv": [120.5, 92.5], "uv_size": [-2.5, -2.5]}
							}
						},
						{
							"origin": [2.61985, 18.25579, -0.025],
							"size": [0.475, 2.975, 0.225],
							"pivot": [-2.13015, 19.13079, 0],
							"rotation": [0, 0, -3.5],
							"uv": {
								"north": {"uv": [166.5, 79], "uv_size": [-0.5, 3]},
								"east": {"uv": [166.5, 83], "uv_size": [-0.5, 3]},
								"south": {"uv": [82.5, 166], "uv_size": [-0.5, 3]},
								"west": {"uv": [80.5, 166], "uv_size": [-0.5, 3]},
								"up": {"uv": [158.5, 196], "uv_size": [-0.5, 0.5]},
								"down": {"uv": [196.5, 159.5], "uv_size": [-0.5, -0.5]}
							}
						},
						{
							"origin": [2.61985, 18.25579, -0.15],
							"size": [0.425, 3.25, 0.475],
							"pivot": [-2.13015, 19.13079, 0],
							"rotation": [0, 0, -3.5],
							"uv": {
								"north": {"uv": [162.5, 24], "uv_size": [-0.5, 3.5]},
								"east": {"uv": [162.5, 47], "uv_size": [-0.5, 3.5]},
								"south": {"uv": [162.5, 42], "uv_size": [-0.5, 3.5]},
								"west": {"uv": [162.5, 29], "uv_size": [-0.5, 3.5]},
								"up": {"uv": [196.5, 161], "uv_size": [-0.5, 0.5]},
								"down": {"uv": [196.5, 163.5], "uv_size": [-0.5, -0.5]}
							}
						},
						{
							"origin": [0.31985, 17.08079, -1.05],
							"size": [0.525, 1.625, 2.275],
							"pivot": [-2.13015, 19.13079, 0],
							"rotation": [0, 0, -5.5],
							"uv": {
								"north": {"uv": [10.5, 182], "uv_size": [-0.5, 1.5]},
								"east": {"uv": [140.5, 5], "uv_size": [-2.5, 1.5]},
								"south": {"uv": [182.5, 10], "uv_size": [-0.5, 1.5]},
								"west": {"uv": [4.5, 138], "uv_size": [-2.5, 1.5]},
								"up": {"uv": [170.5, 97], "uv_size": [-0.5, 2.5]},
								"down": {"uv": [170.5, 103.5], "uv_size": [-0.5, -2.5]}
							}
						},
						{
							"origin": [0.24485, 17.75579, -1.65],
							"size": [0.425, 1.55, 1.55],
							"pivot": [-2.18015, 19.80579, -0.6],
							"rotation": [46.25, 0, -5.5],
							"uv": {
								"north": {"uv": [12.5, 182], "uv_size": [-0.5, 1.5]},
								"east": {"uv": [155.5, 144], "uv_size": [-1.5, 1.5]},
								"south": {"uv": [182.5, 13], "uv_size": [-0.5, 1.5]},
								"west": {"uv": [155.5, 119], "uv_size": [-1.5, 1.5]},
								"up": {"uv": [182.5, 19], "uv_size": [-0.5, 1.5]},
								"down": {"uv": [182.5, 26.5], "uv_size": [-0.5, -1.5]}
							}
						},
						{
							"origin": [0.49485, 17.08079, 1.175],
							"size": [2.475, 1.775, 0.3],
							"pivot": [-2.13015, 19.13079, 0],
							"rotation": [-3.5, 0, -3.5],
							"uv": {
								"north": {"uv": [131.5, 42], "uv_size": [-2.5, 2]},
								"east": {"uv": [60.5, 177], "uv_size": [-0.5, 2]},
								"south": {"uv": [50.5, 129], "uv_size": [-2.5, 2]},
								"west": {"uv": [56.5, 177], "uv_size": [-0.5, 2]},
								"up": {"uv": [112.5, 170], "uv_size": [-2.5, 0.5]},
								"down": {"uv": [172.5, 110.5], "uv_size": [-2.5, -0.5]}
							}
						},
						{
							"origin": [-0.80515, 15.83079, 1.175],
							"size": [1.725, 1.7, 0.35],
							"pivot": [-1.88015, 19.85579, 0],
							"rotation": [-2.56122, -2.3862, -46.44665],
							"uv": {
								"north": {"uv": [155.5, 147], "uv_size": [-1.5, 1.5]},
								"east": {"uv": [182.5, 28], "uv_size": [-0.5, 1.5]},
								"south": {"uv": [150.5, 154], "uv_size": [-1.5, 1.5]},
								"west": {"uv": [28.5, 182], "uv_size": [-0.5, 1.5]},
								"up": {"uv": [183.5, 31], "uv_size": [-1.5, 0.5]},
								"down": {"uv": [183.5, 33.5], "uv_size": [-1.5, -0.5]}
							}
						},
						{
							"origin": [0.49485, 17.08079, -1.325],
							"size": [2.475, 1.775, 0.375],
							"pivot": [-2.13015, 19.13079, 0],
							"rotation": [4, 0, -3.5],
							"uv": {
								"north": {"uv": [131.5, 50], "uv_size": [-2.5, 2]},
								"east": {"uv": [78.5, 177], "uv_size": [-0.5, 2]},
								"south": {"uv": [54.5, 129], "uv_size": [-2.5, 2]},
								"west": {"uv": [76.5, 177], "uv_size": [-0.5, 2]},
								"up": {"uv": [172.5, 112], "uv_size": [-2.5, 0.5]},
								"down": {"uv": [116.5, 170.5], "uv_size": [-2.5, -0.5]}
							}
						},
						{
							"origin": [0.14485, 20.90579, -1.35],
							"size": [1.675, 1.725, 0.4],
							"pivot": [-2.08015, 19.45579, 0],
							"rotation": [2.7684, -2.88834, 42.6802],
							"uv": {
								"north": {"uv": [155.5, 150], "uv_size": [-1.5, 1.5]},
								"east": {"uv": [182.5, 42], "uv_size": [-0.5, 1.5]},
								"south": {"uv": [155.5, 153], "uv_size": [-1.5, 1.5]},
								"west": {"uv": [182.5, 35], "uv_size": [-0.5, 1.5]},
								"up": {"uv": [183.5, 38], "uv_size": [-1.5, 0.5]},
								"down": {"uv": [183.5, 45.5], "uv_size": [-1.5, -0.5]}
							}
						},
						{
							"origin": [0.36985, 16.90579, -1.275],
							"size": [2.825, 0.325, 2.725],
							"pivot": [-2.13015, 19.13079, 0],
							"rotation": [0, 0, -3.5],
							"uv": {
								"north": {"uv": [87, 166], "uv_size": [-3, 0.5]},
								"east": {"uv": [172.5, 134], "uv_size": [-2.5, 0.5]},
								"south": {"uv": [169, 87], "uv_size": [-3, 0.5]},
								"west": {"uv": [172.5, 132], "uv_size": [-2.5, 0.5]},
								"up": {"uv": [61, 108], "uv_size": [-3, 2.5]},
								"down": {"uv": [111, 60.5], "uv_size": [-3, -2.5]}
							}
						}
					]
				},
				{
					"name": "LeftHand",
					"parent": "LeftForeArm",
					"pivot": [1.61717, 16.73393, 0.025]
				},
				{
					"name": "LeftHandLocator",
					"parent": "LeftHand",
					"pivot": [1.61717, 16.73393, 0.025]
				},
				{
					"name": "RightArm",
					"parent": "Arm",
					"pivot": [-0.675, 27.5, 0.4],
					"cubes": [
						{
							"origin": [-2.74658, 22.26095, -1.04819],
							"size": [2.55, 5.45, 2.3],
							"uv": {
								"north": {"uv": [81, 68], "uv_size": [2.5, 5.5]},
								"east": {"uv": [72, 81], "uv_size": [2.5, 5.5]},
								"south": {"uv": [82, 15], "uv_size": [2.5, 5.5]},
								"west": {"uv": [82, 75], "uv_size": [2.5, 5.5]},
								"up": {"uv": [94, 118], "uv_size": [2.5, 2.5]},
								"down": {"uv": [118, 96.5], "uv_size": [2.5, -2.5]}
							}
						},
						{
							"origin": [-2.45882, 21.45514, -0.29396],
							"size": [1.525, 1.675, 1.4],
							"pivot": [2.37842, 23.16095, -0.14819],
							"rotation": [-20, 0, 0],
							"uv": {
								"north": {"uv": [4, 155], "uv_size": [1.5, 1.5]},
								"east": {"uv": [155, 6], "uv_size": [1.5, 1.5]},
								"south": {"uv": [17, 155], "uv_size": [1.5, 1.5]},
								"west": {"uv": [155, 19], "uv_size": [1.5, 1.5]},
								"up": {"uv": [155, 22], "uv_size": [1.5, 1.5]},
								"down": {"uv": [155, 26.5], "uv_size": [1.5, -1.5]}
							}
						},
						{
							"origin": [-1.87158, 27.71095, -1.14819],
							"size": [1.675, 0.925, 2.4],
							"uv": {
								"north": {"uv": [88, 166], "uv_size": [1.5, 1]},
								"east": {"uv": [150, 78], "uv_size": [2.5, 1]},
								"south": {"uv": [166, 89], "uv_size": [1.5, 1]},
								"west": {"uv": [150, 80], "uv_size": [2.5, 1]},
								"up": {"uv": [9, 138], "uv_size": [1.5, 2.5]},
								"down": {"uv": [138, 13.5], "uv_size": [1.5, -2.5]}
							}
						},
						{
							"origin": [-2.52158, 27.71095, -1.14819],
							"size": [0.675, 0.6, 2.35],
							"uv": {
								"north": {"uv": [196, 168], "uv_size": [0.5, 0.5]},
								"east": {"uv": [170, 136], "uv_size": [2.5, 0.5]},
								"south": {"uv": [170, 196], "uv_size": [0.5, 0.5]},
								"west": {"uv": [170, 138], "uv_size": [2.5, 0.5]},
								"up": {"uv": [118, 170], "uv_size": [0.5, 2.5]},
								"down": {"uv": [128, 172.5], "uv_size": [0.5, -2.5]}
							}
						},
						{
							"origin": [-2.89658, 22.23595, -1.14819],
							"size": [2.675, 5.5, 2.35],
							"uv": {
								"north": {"uv": [82, 82], "uv_size": [2.5, 5.5]},
								"east": {"uv": [83, 22], "uv_size": [2.5, 5.5]},
								"south": {"uv": [32, 83], "uv_size": [2.5, 5.5]},
								"west": {"uv": [52, 83], "uv_size": [2.5, 5.5]},
								"up": {"uv": [118, 98], "uv_size": [2.5, 2.5]},
								"down": {"uv": [118, 104.5], "uv_size": [2.5, -2.5]}
							}
						},
						{
							"origin": [-2.82158, 22.06095, -1.24819],
							"size": [2.725, 1.475, 0.65],
							"uv": {
								"north": {"uv": [14, 138], "uv_size": [2.5, 1.5]},
								"east": {"uv": [182, 47], "uv_size": [0.5, 1.5]},
								"south": {"uv": [138, 18], "uv_size": [2.5, 1.5]},
								"west": {"uv": [182, 50], "uv_size": [0.5, 1.5]},
								"up": {"uv": [170, 142], "uv_size": [2.5, 0.5]},
								"down": {"uv": [170, 146.5], "uv_size": [2.5, -0.5]}
							}
						},
						{
							"origin": [-2.87158, 22.03595, -1.14819],
							"size": [1.15, 1.5, 2.55],
							"uv": {
								"north": {"uv": [91, 166], "uv_size": [1, 1.5]},
								"east": {"uv": [138, 21], "uv_size": [2.5, 1.5]},
								"south": {"uv": [166, 91], "uv_size": [1, 1.5]},
								"west": {"uv": [138, 30], "uv_size": [2.5, 1.5]},
								"up": {"uv": [104, 150], "uv_size": [1, 2.5]},
								"down": {"uv": [144, 152.5], "uv_size": [1, -2.5]}
							}
						},
						{
							"origin": [-2.87158, 22.38595, -1.29819],
							"size": [2.75, 0.8, 2.675],
							"uv": {
								"north": {"uv": [147, 67], "uv_size": [3, 1]},
								"east": {"uv": [150, 121], "uv_size": [2.5, 1]},
								"south": {"uv": [147, 130], "uv_size": [3, 1]},
								"west": {"uv": [146, 150], "uv_size": [2.5, 1]},
								"up": {"uv": [70, 108], "uv_size": [3, 2.5]},
								"down": {"uv": [86, 110.5], "uv_size": [3, -2.5]}
							}
						},
						{
							"origin": [-1.67158, 22.31095, -1.29819],
							"size": [0.275, 0.95, 2.775],
							"uv": {
								"north": {"uv": [188, 68], "uv_size": [0.5, 1]},
								"east": {"uv": [148, 2], "uv_size": [3, 1]},
								"south": {"uv": [188, 70], "uv_size": [0.5, 1]},
								"west": {"uv": [148, 15], "uv_size": [3, 1]},
								"up": {"uv": [93, 166], "uv_size": [0.5, 3]},
								"down": {"uv": [166, 97], "uv_size": [0.5, -3]}
							}
						},
						{
							"origin": [-3.02158, 22.13595, -1.14819],
							"size": [1.075, 1.3, 2.625],
							"uv": {
								"north": {"uv": [95, 166], "uv_size": [1, 1.5]},
								"east": {"uv": [33, 138], "uv_size": [2.5, 1.5]},
								"south": {"uv": [97, 166], "uv_size": [1, 1.5]},
								"west": {"uv": [138, 33], "uv_size": [2.5, 1.5]},
								"up": {"uv": [150, 150], "uv_size": [1, 2.5]},
								"down": {"uv": [17, 153.5], "uv_size": [1, -2.5]}
							}
						},
						{
							"origin": [-3.07158, 22.21095, -1.22319],
							"size": [1, 1.125, 2.75],
							"uv": {
								"north": {"uv": [82, 177], "uv_size": [1, 1]},
								"east": {"uv": [148, 26], "uv_size": [3, 1]},
								"south": {"uv": [177, 83], "uv_size": [1, 1]},
								"west": {"uv": [148, 44], "uv_size": [3, 1]},
								"up": {"uv": [26, 148], "uv_size": [1, 3]},
								"down": {"uv": [148, 52], "uv_size": [1, -3]}
							}
						},
						{
							"origin": [-3.02158, 22.21095, -1.44819],
							"size": [2.825, 1.125, 0.4],
							"uv": {
								"north": {"uv": [63, 148], "uv_size": [3, 1]},
								"east": {"uv": [188, 72], "uv_size": [0.5, 1]},
								"south": {"uv": [67, 148], "uv_size": [3, 1]},
								"west": {"uv": [188, 74], "uv_size": [0.5, 1]},
								"up": {"uv": [166, 98], "uv_size": [3, 0.5]},
								"down": {"uv": [166, 100.5], "uv_size": [3, -0.5]}
							}
						},
						{
							"origin": [-2.97158, 22.13595, -1.37319],
							"size": [3, 1.3, 0.325],
							"uv": {
								"north": {"uv": [131, 69], "uv_size": [3, 1.5]},
								"east": {"uv": [182, 53], "uv_size": [0.5, 1.5]},
								"south": {"uv": [131, 80], "uv_size": [3, 1.5]},
								"west": {"uv": [182, 56], "uv_size": [0.5, 1.5]},
								"up": {"uv": [166, 102], "uv_size": [3, 0.5]},
								"down": {"uv": [166, 104.5], "uv_size": [3, -0.5]}
							}
						},
						{
							"origin": [-2.48382, 21.6041, -0.97008],
							"size": [1.675, 1.55, 1.95],
							"pivot": [2.37842, 23.16095, -0.14819],
							"rotation": [9, 0, 0],
							"uv": {
								"north": {"uv": [26, 155], "uv_size": [1.5, 1.5]},
								"east": {"uv": [148, 69], "uv_size": [2, 1.5]},
								"south": {"uv": [155, 28], "uv_size": [1.5, 1.5]},
								"west": {"uv": [79, 148], "uv_size": [2, 1.5]},
								"up": {"uv": [148, 86], "uv_size": [1.5, 2]},
								"down": {"uv": [148, 95], "uv_size": [1.5, -2]}
							}
						}
					]
				},
				{
					"name": "RightForeArm",
					"parent": "RightArm",
					"pivot": [-1.74658, 22.23595, 0.05181],
					"rotation": [0, 0, -2.75],
					"cubes": [
						{
							"origin": [-2.67158, 15.33595, -0.87319],
							"size": [2.075, 1.775, 1.925],
							"pivot": [2.17842, 19.16095, 0.02681],
							"rotation": [0, 0, 3.5],
							"uv": {
								"north": {"uv": [134, 119], "uv_size": [2, 2]},
								"east": {"uv": [135, 6], "uv_size": [2, 2]},
								"south": {"uv": [135, 13], "uv_size": [2, 2]},
								"west": {"uv": [135, 22], "uv_size": [2, 2]},
								"up": {"uv": [135, 31], "uv_size": [2, 2]},
								"down": {"uv": [135, 36], "uv_size": [2, -2]}
							}
						},
						{
							"origin": [-3.19658, 17.46095, -1.02319],
							"size": [0.325, 1.55, 2.275],
							"pivot": [2.17842, 19.16095, 0.02681],
							"rotation": [0, 0, 1.25],
							"uv": {
								"north": {"uv": [176, 181], "uv_size": [0.5, 1.5]},
								"east": {"uv": [137, 119], "uv_size": [2.5, 1.5]},
								"south": {"uv": [181, 177], "uv_size": [0.5, 1.5]},
								"west": {"uv": [137, 137], "uv_size": [2.5, 1.5]},
								"up": {"uv": [82, 170], "uv_size": [0.5, 2.5]},
								"down": {"uv": [92, 172.5], "uv_size": [0.5, -2.5]}
							}
						},
						{
							"origin": [-3.21613, 17.78523, -1.00793],
							"size": [0.35, 1.6, 1.575],
							"pivot": [2.17842, 19.18595, -0.52319],
							"rotation": [44.25, 0, 1.25],
							"uv": {
								"north": {"uv": [181, 180], "uv_size": [0.5, 1.5]},
								"east": {"uv": [153, 105], "uv_size": [1.5, 1.5]},
								"south": {"uv": [0, 182], "uv_size": [0.5, 1.5]},
								"west": {"uv": [154, 31], "uv_size": [1.5, 1.5]},
								"up": {"uv": [182, 7], "uv_size": [0.5, 1.5]},
								"down": {"uv": [8, 183.5], "uv_size": [0.5, -1.5]}
							}
						},
						{
							"origin": [-2.92158, 17.11095, -1.02319],
							"size": [2.475, 5.025, 2.275],
							"pivot": [2.17842, 19.16095, 0.02681],
							"rotation": [0, 0, 3.5],
							"uv": {
								"north": {"uv": [87, 33], "uv_size": [2.5, 5]},
								"east": {"uv": [87, 59], "uv_size": [2.5, 5]},
								"south": {"uv": [88, 43], "uv_size": [2.5, 5]},
								"west": {"uv": [88, 49], "uv_size": [2.5, 5]},
								"up": {"uv": [90, 118], "uv_size": [2.5, 2.5]},
								"down": {"uv": [118, 92.5], "uv_size": [2.5, -2.5]}
							}
						},
						{
							"origin": [-3.04658, 18.28595, 0.00181],
							"size": [0.475, 2.975, 0.225],
							"pivot": [2.17842, 19.16095, 0.02681],
							"rotation": [0, 0, 3.5],
							"uv": {
								"north": {"uv": [166, 79], "uv_size": [0.5, 3]},
								"east": {"uv": [80, 166], "uv_size": [0.5, 3]},
								"south": {"uv": [82, 166], "uv_size": [0.5, 3]},
								"west": {"uv": [166, 83], "uv_size": [0.5, 3]},
								"up": {"uv": [158, 196], "uv_size": [0.5, 0.5]},
								"down": {"uv": [196, 159.5], "uv_size": [0.5, -0.5]}
							}
						},
						{
							"origin": [-2.99658, 18.28595, -0.12319],
							"size": [0.425, 3.25, 0.475],
							"pivot": [2.17842, 19.16095, 0.02681],
							"rotation": [0, 0, 3.5],
							"uv": {
								"north": {"uv": [162, 24], "uv_size": [0.5, 3.5]},
								"east": {"uv": [162, 29], "uv_size": [0.5, 3.5]},
								"south": {"uv": [162, 42], "uv_size": [0.5, 3.5]},
								"west": {"uv": [162, 47], "uv_size": [0.5, 3.5]},
								"up": {"uv": [196, 161], "uv_size": [0.5, 0.5]},
								"down": {"uv": [196, 163.5], "uv_size": [0.5, -0.5]}
							}
						},
						{
							"origin": [-0.79658, 17.11095, -1.02319],
							"size": [0.525, 1.625, 2.275],
							"pivot": [2.17842, 19.16095, 0.02681],
							"rotation": [0, 0, 5.5],
							"uv": {
								"north": {"uv": [10, 182], "uv_size": [0.5, 1.5]},
								"east": {"uv": [2, 138], "uv_size": [2.5, 1.5]},
								"south": {"uv": [182, 10], "uv_size": [0.5, 1.5]},
								"west": {"uv": [138, 5], "uv_size": [2.5, 1.5]},
								"up": {"uv": [170, 97], "uv_size": [0.5, 2.5]},
								"down": {"uv": [170, 103.5], "uv_size": [0.5, -2.5]}
							}
						},
						{
							"origin": [-0.62158, 17.78595, -1.62319],
							"size": [0.425, 1.55, 1.55],
							"pivot": [2.22842, 19.83595, -0.57319],
							"rotation": [46.25, 0, 5.5],
							"uv": {
								"north": {"uv": [12, 182], "uv_size": [0.5, 1.5]},
								"east": {"uv": [154, 119], "uv_size": [1.5, 1.5]},
								"south": {"uv": [182, 13], "uv_size": [0.5, 1.5]},
								"west": {"uv": [154, 144], "uv_size": [1.5, 1.5]},
								"up": {"uv": [182, 19], "uv_size": [0.5, 1.5]},
								"down": {"uv": [182, 26.5], "uv_size": [0.5, -1.5]}
							}
						},
						{
							"origin": [-2.92158, 17.11095, 1.20181],
							"size": [2.475, 1.775, 0.3],
							"pivot": [2.17842, 19.16095, 0.02681],
							"rotation": [-3.5, 0, 3.5],
							"uv": {
								"north": {"uv": [129, 42], "uv_size": [2.5, 2]},
								"east": {"uv": [56, 177], "uv_size": [0.5, 2]},
								"south": {"uv": [48, 129], "uv_size": [2.5, 2]},
								"west": {"uv": [60, 177], "uv_size": [0.5, 2]},
								"up": {"uv": [110, 170], "uv_size": [2.5, 0.5]},
								"down": {"uv": [170, 110.5], "uv_size": [2.5, -0.5]}
							}
						},
						{
							"origin": [-0.87158, 15.86095, 1.20181],
							"size": [1.725, 1.7, 0.35],
							"pivot": [1.92842, 19.88595, 0.02681],
							"rotation": [-2.56122, 2.3862, 46.44665],
							"uv": {
								"north": {"uv": [154, 147], "uv_size": [1.5, 1.5]},
								"east": {"uv": [28, 182], "uv_size": [0.5, 1.5]},
								"south": {"uv": [149, 154], "uv_size": [1.5, 1.5]},
								"west": {"uv": [182, 28], "uv_size": [0.5, 1.5]},
								"up": {"uv": [182, 31], "uv_size": [1.5, 0.5]},
								"down": {"uv": [182, 33.5], "uv_size": [1.5, -0.5]}
							}
						},
						{
							"origin": [-2.92158, 17.11095, -1.29819],
							"size": [2.475, 1.775, 0.375],
							"pivot": [2.17842, 19.16095, 0.02681],
							"rotation": [4, 0, 3.5],
							"uv": {
								"north": {"uv": [129, 50], "uv_size": [2.5, 2]},
								"east": {"uv": [76, 177], "uv_size": [0.5, 2]},
								"south": {"uv": [52, 129], "uv_size": [2.5, 2]},
								"west": {"uv": [78, 177], "uv_size": [0.5, 2]},
								"up": {"uv": [170, 112], "uv_size": [2.5, 0.5]},
								"down": {"uv": [114, 170.5], "uv_size": [2.5, -0.5]}
							}
						},
						{
							"origin": [-1.77158, 20.93595, -1.32319],
							"size": [1.675, 1.725, 0.4],
							"pivot": [2.12842, 19.48595, 0.02681],
							"rotation": [2.7684, 2.88834, -42.6802],
							"uv": {
								"north": {"uv": [154, 150], "uv_size": [1.5, 1.5]},
								"east": {"uv": [182, 35], "uv_size": [0.5, 1.5]},
								"south": {"uv": [154, 153], "uv_size": [1.5, 1.5]},
								"west": {"uv": [182, 42], "uv_size": [0.5, 1.5]},
								"up": {"uv": [182, 38], "uv_size": [1.5, 0.5]},
								"down": {"uv": [182, 45.5], "uv_size": [1.5, -0.5]}
							}
						},
						{
							"origin": [-3.14658, 16.93595, -1.24819],
							"size": [2.825, 0.325, 2.725],
							"pivot": [2.17842, 19.16095, 0.02681],
							"rotation": [0, 0, 3.5],
							"uv": {
								"north": {"uv": [84, 166], "uv_size": [3, 0.5]},
								"east": {"uv": [170, 132], "uv_size": [2.5, 0.5]},
								"south": {"uv": [166, 87], "uv_size": [3, 0.5]},
								"west": {"uv": [170, 134], "uv_size": [2.5, 0.5]},
								"up": {"uv": [58, 108], "uv_size": [3, 2.5]},
								"down": {"uv": [108, 60.5], "uv_size": [3, -2.5]}
							}
						}
					]
				},
				{
					"name": "RightHand",
					"parent": "RightForeArm",
					"pivot": [-1.5689, 16.76409, 0.05181]
				},
				{
					"name": "RightHandLocator",
					"parent": "RightHand",
					"pivot": [-1.5689, 16.76409, 0.05181]
				}
			]
		}
	]
}