{
	"format_version": "1.12.0",
	"minecraft:geometry": [
		{
			"description": {
				"identifier": "geometry.unknown",
				"texture_width": 32,
				"texture_height": 32,
				"visible_bounds_width": 3,
				"visible_bounds_height": 1.5,
				"visible_bounds_offset": [0, 0.25, 0]
			},
			"bones": [
				{
					"name": "Root",
					"pivot": [13.275, 0, 0],
					"rotation": [0, 90, 0],
					"cubes": [
						{
							"origin": [12.95, -0.325, -14.5],
							"size": [0.65, 0.65, 1.9],
							"uv": {
								"north": {"uv": [1, 3], "uv_size": [0, 0]},
								"east": {"uv": [4, 6], "uv_size": [1, 2]},
								"south": {"uv": [6, 4], "uv_size": [-1, -1]},
								"west": {"uv": [1, 0], "uv_size": [2, 1]},
								"up": {"uv": [1, 2], "uv_size": [-1, 2]},
								"down": {"uv": [3, 5], "uv_size": [-2, -3]}
							}
						},
						{
							"origin": [12.925, -0.35, -12.525],
							"size": [0.7, 0.7, 0.125],
							"uv": {
								"north": {"uv": [28.4, 0], "uv_size": [-4.4, 1]},
								"east": {"uv": [24.4, 0], "uv_size": [-0.4, 1]},
								"south": {"uv": [25.4, 0], "uv_size": [-1.4, 1]},
								"west": {"uv": [25.4, 0], "uv_size": [-1.4, 1]},
								"up": {"uv": [24, 1], "uv_size": [-4.6, -1]},
								"down": {"uv": [24, 1], "uv_size": [2.4, -1]}
							}
						},
						{
							"origin": [13, -0.275, -14.4],
							"size": [0.55, 0.55, 1.9],
							"uv": {
								"north": {"uv": [30.4, 23.55], "uv_size": [-5.4, 0]},
								"east": {"uv": [29.4, 23.55], "uv_size": [-4.4, 0]},
								"south": {"uv": [31.4, 23.55], "uv_size": [-5.4, 0]},
								"west": {"uv": [30.4, 23.55], "uv_size": [-4.4, 0]},
								"up": {"uv": [25, 22.55], "uv_size": [5.4, 1]},
								"down": {"uv": [25, 23.55], "uv_size": [5.4, -1]}
							}
						},
						{
							"origin": [12.975, -0.3, -12.55],
							"size": [0.6, 0.6, 0.075],
							"uv": {
								"north": {"uv": [29.4, 0], "uv_size": [-5.4, 1]},
								"east": {"uv": [29.4, 0], "uv_size": [-5.4, 1]},
								"south": {"uv": [29.4, 0], "uv_size": [-5.4, 1]},
								"west": {"uv": [29.4, 0], "uv_size": [-5.4, 1]},
								"up": {"uv": [24, 1], "uv_size": [5.4, -1]},
								"down": {"uv": [24, 1], "uv_size": [5.4, -1]}
							}
						},
						{
							"origin": [12.975, -0.3, -14.575],
							"size": [0.6, 0.6, 1.775],
							"uv": {
								"north": {"uv": [13, 26.55], "uv_size": [2, 0]},
								"east": {"uv": [12, 26.55], "uv_size": [3, 0]},
								"south": {"uv": [14, 26.55], "uv_size": [2, 0]},
								"west": {"uv": [13, 26.55], "uv_size": [3, 0]},
								"up": {"uv": [15, 25.55], "uv_size": [-2, 1]},
								"down": {"uv": [15, 26.55], "uv_size": [-2, -1]}
							}
						},
						{
							"origin": [13, -0.275, -14.625],
							"size": [0.55, 0.55, 1.825],
							"uv": {
								"north": {"uv": [13, 26.55], "uv_size": [2, 0]},
								"east": {"uv": [12, 26.55], "uv_size": [3, 0]},
								"south": {"uv": [14, 26.55], "uv_size": [2, 0]},
								"west": {"uv": [13, 26.55], "uv_size": [3, 0]},
								"up": {"uv": [15, 25.55], "uv_size": [-2, 1]},
								"down": {"uv": [15, 26.55], "uv_size": [-2, -1]}
							}
						},
						{
							"origin": [13.025, -0.25, -14.675],
							"size": [0.5, 0.5, 2],
							"uv": {
								"north": {"uv": [14, 27.55], "uv_size": [2, 0]},
								"east": {"uv": [12, 27.55], "uv_size": [4, 0]},
								"south": {"uv": [16, 27.55], "uv_size": [2, 0]},
								"west": {"uv": [14, 27.55], "uv_size": [4, 0]},
								"up": {"uv": [16, 25.55], "uv_size": [-2, 2]},
								"down": {"uv": [16, 27.55], "uv_size": [-2, -2]}
							}
						},
						{
							"origin": [13.05, -0.225, -14.725],
							"size": [0.45, 0.45, 2.05],
							"uv": {
								"north": {"uv": [11, 25.55], "uv_size": [5, 0]},
								"east": {"uv": [9, 25.55], "uv_size": [7, 0]},
								"south": {"uv": [13, 25.55], "uv_size": [5, 0]},
								"west": {"uv": [11, 25.55], "uv_size": [7, 0]},
								"up": {"uv": [16, 23.55], "uv_size": [-5, 2]},
								"down": {"uv": [16, 25.55], "uv_size": [-5, -2]}
							}
						},
						{
							"origin": [13.1, -0.175, -14.775],
							"size": [0.35, 0.35, 2.1],
							"uv": {
								"north": {"uv": [10, 0], "uv_size": [2, 1]},
								"east": {"uv": [8, 0], "uv_size": [4, 1]},
								"south": {"uv": [12, 0], "uv_size": [2, 1]},
								"west": {"uv": [10, 0], "uv_size": [4, 1]},
								"up": {"uv": [12, 18], "uv_size": [-2, 2]},
								"down": {"uv": [12, 20], "uv_size": [-2, -2]}
							}
						}
					]
				}
			]
		}
	]
}