{
	"format_version": "1.12.0",
	"minecraft:geometry": [
		{
			"description": {
				"identifier": "geometry.unknown",
				"texture_width": 128,
				"texture_height": 128,
				"visible_bounds_width": 3,
				"visible_bounds_height": 4.5,
				"visible_bounds_offset": [0, 1.75, 0]
			},
			"bones": [
				{
					"name": "LeftArm",
					"pivot": [1.9, 29.9625, 0.25],
					"cubes": [
						{
							"origin": [0.19229, 30.10629, -1.40105],
							"size": [2.25742, 0.63633, 3.3021],
							"inflate": 0.001,
							"uv": {
								"north": {"uv": [85.55, 39.55], "uv_size": [1.2, 0.2]},
								"east": {"uv": [83.05, 1.05], "uv_size": [1.7, 0.2]},
								"south": {"uv": [86.05, 10.05], "uv_size": [1.2, 0.2]},
								"west": {"uv": [83.05, 2.05], "uv_size": [1.7, 0.2]},
								"up": {"uv": [62.05, 10.05], "uv_size": [1.2, 1.7]},
								"down": {"uv": [12.55, 63.75], "uv_size": [1.2, -1.7]}
							}
						},
						{
							"origin": [0.19229, 24.46186, -1.40105],
							"size": [2.7031, 5.64427, 3.3021],
							"inflate": 0.001,
							"uv": {
								"north": {"uv": [11.05, 41.05], "uv_size": [1.4, 3.9]},
								"east": {"uv": [20.05, 37.55], "uv_size": [1.7, 3.9]},
								"south": {"uv": [12.45, 41.05], "uv_size": [-1.4, 3.9]},
								"west": {"uv": [22.55, 37.55], "uv_size": [1.7, 3.9]},
								"up": {"uv": [45.05, 57.05], "uv_size": [1.4, 1.7]},
								"down": {"uv": [1.55, 59.25], "uv_size": [1.4, -1.7]}
							}
						},
						{
							"origin": [0.13152, 27.53757, -1.46183],
							"size": [1.95406, 0.38333, 3.42366],
							"uv": {
								"north": {"uv": [37.05, 88.05], "uv_size": [0.9, 0.2]},
								"east": {"uv": [83.05, 3.05], "uv_size": [1.7, 0.2]},
								"south": {"uv": [88.05, 37.05], "uv_size": [0.9, 0.2]},
								"west": {"uv": [83.05, 5.05], "uv_size": [1.7, 0.2]},
								"up": {"uv": [66.05, 48.05], "uv_size": [0.9, 1.7]},
								"down": {"uv": [49.55, 67.75], "uv_size": [0.9, -1.7]}
							}
						},
						{
							"origin": [1.96418, 27.05194, -1.46183],
							"size": [0.44566, 1.35458, 3.42366],
							"uv": {
								"north": {"uv": [91.05, 22.05], "uv_size": [0.2, 0.7]},
								"east": {"uv": [8.55, 70.55], "uv_size": [1.7, 0.7]},
								"south": {"uv": [22.55, 91.05], "uv_size": [0.2, 0.7]},
								"west": {"uv": [12.55, 70.55], "uv_size": [1.7, 0.7]},
								"up": {"uv": [2.05, 83.05], "uv_size": [0.2, 1.7]},
								"down": {"uv": [3.05, 84.75], "uv_size": [0.2, -1.7]}
							}
						},
						{
							"origin": [2.28844, 25.71647, -1.46183],
							"size": [0.68848, 3.41849, 3.42366],
							"uv": {
								"north": {"uv": [6.05, 83.05], "uv_size": [0.2, 1.7]},
								"east": {"uv": [55.05, 53.05], "uv_size": [1.7, 1.7]},
								"south": {"uv": [83.05, 6.05], "uv_size": [0.2, 1.7]},
								"west": {"uv": [11.05, 55.55], "uv_size": [1.7, 1.7]},
								"up": {"uv": [7.05, 83.05], "uv_size": [0.2, 1.7]},
								"down": {"uv": [8.05, 84.75], "uv_size": [0.2, -1.7]}
							}
						},
						{
							"origin": [2.28844, 26.69929, -0.90683],
							"size": [0.70366, 1.88584, 1.88584],
							"pivot": [2.70097, 27.42831, 0.25],
							"rotation": [-45, 0, 0],
							"uv": {
								"north": {"uv": [44.05, 83.55], "uv_size": [0.4, 0.7]},
								"east": {"uv": [7.55, 80.05], "uv_size": [0.7, 0.7]},
								"south": {"uv": [50.05, 83.55], "uv_size": [0.4, 0.7]},
								"west": {"uv": [98.75, 11.05], "uv_size": [3, 2.9]},
								"up": {"uv": [54.05, 83.55], "uv_size": [0.4, 0.7]},
								"down": {"uv": [57.55, 84.25], "uv_size": [0.4, -0.7]}
							}
						},
						{
							"origin": [4.27225, 29.96613, -1.40112],
							"size": [0.91055, 0.777, 3.30225],
							"pivot": [3.81698, 26.40892, 0.25],
							"rotation": [0, 0, -35],
							"uv": {
								"north": {"uv": [88.05, 40.55], "uv_size": [0.4, 0.4]},
								"east": {"uv": [75.55, 59.05], "uv_size": [1.7, 0.4]},
								"south": {"uv": [88.05, 41.55], "uv_size": [0.4, 0.4]},
								"west": {"uv": [64.55, 75.55], "uv_size": [1.7, 0.4]},
								"up": {"uv": [67.05, 75.55], "uv_size": [0.4, 1.7]},
								"down": {"uv": [75.55, 69.25], "uv_size": [0.4, -1.7]}
							}
						}
					]
				},
				{
					"name": "LeftForeArm",
					"parent": "LeftArm",
					"pivot": [1.345, 25.61457, 0.27428],
					"cubes": [
						{
							"origin": [0.36219, 18.018, -1.304],
							"size": [2.31828, 3.39938, 3.09586],
							"uv": {
								"north": {"uv": [62.05, 15.55], "uv_size": [1.2, 1.7]},
								"east": {"uv": [34.55, 55.55], "uv_size": [1.7, 1.7]},
								"south": {"uv": [62.05, 18.05], "uv_size": [1.2, 1.7]},
								"west": {"uv": [55.05, 55.55], "uv_size": [1.7, 1.7]},
								"up": {"uv": [29.05, 62.05], "uv_size": [1.2, 1.7]},
								"down": {"uv": [36.05, 63.75], "uv_size": [1.2, -1.7]}
							}
						},
						{
							"origin": [0.14366, 18.795, -1.46183],
							"size": [2.75534, 5.66562, 3.41152],
							"uv": {
								"north": {"uv": [43.55, 44.05], "uv_size": [1.4, 3.4]},
								"east": {"uv": [38.05, 41.05], "uv_size": [1.7, 3.4]},
								"south": {"uv": [44.95, 44.05], "uv_size": [-1.4, 3.4]},
								"west": {"uv": [19.05, 42.05], "uv_size": [1.7, 3.4]},
								"up": {"uv": [3.55, 58.05], "uv_size": [1.4, 1.7]},
								"down": {"uv": [6.55, 59.75], "uv_size": [1.4, -1.7]}
							}
						},
						{
							"origin": [0.62928, 26.66907, -0.49058],
							"size": [1.78409, -0.30063, 2.50097],
							"uv": {
								"north": {"uv": [4.55, 71.55], "uv_size": [0.9, 1.2]},
								"east": {"uv": [67.05, 30.05], "uv_size": [1.2, 1.2]},
								"south": {"uv": [28.05, 71.55], "uv_size": [0.9, 1.2]},
								"west": {"uv": [67.05, 36.05], "uv_size": [1.2, 1.2]},
								"up": {"uv": [40.55, 71.55], "uv_size": [0.9, 1.2]},
								"down": {"uv": [43.55, 72.75], "uv_size": [0.9, -1.2]}
							}
						},
						{
							"origin": [0.20436, 18.30938, -1.40112],
							"size": [2.63394, 4.995, 3.29011],
							"uv": {
								"north": {"uv": [43.55, 27.55], "uv_size": [1.4, 3.7]},
								"east": {"uv": [0.05, 40.05], "uv_size": [1.7, 3.7]},
								"south": {"uv": [43.55, 35.05], "uv_size": [1.4, 3.7]},
								"west": {"uv": [40.05, 14.55], "uv_size": [1.7, 3.7]},
								"up": {"uv": [11.05, 58.05], "uv_size": [1.4, 1.7]},
								"down": {"uv": [34.55, 59.75], "uv_size": [1.4, -1.7]}
							}
						}
					]
				},
				{
					"name": "LeftHand",
					"parent": "LeftForeArm",
					"pivot": [1.345, 18.05847, 0.27428],
					"cubes": [
						{
							"origin": [0.36219, 17.28957, -1.304],
							"size": [2.31828, 0.72844, 3.09586],
							"uv": {
								"north": {"uv": [79.05, 61.05], "uv_size": [1.2, 0.4]},
								"east": {"uv": [68.05, 75.55], "uv_size": [1.7, 0.4]},
								"south": {"uv": [79.05, 66.55], "uv_size": [1.2, 0.4]},
								"west": {"uv": [75.55, 70.05], "uv_size": [1.7, 0.4]},
								"up": {"uv": [62.05, 38.05], "uv_size": [1.2, 1.7]},
								"down": {"uv": [62.05, 54.25], "uv_size": [1.2, -1.7]}
							}
						}
					]
				},
				{
					"name": "LeftHandLocator",
					"parent": "LeftHand",
					"pivot": [1.345, 16.43972, 0.27428]
				},
				{
					"name": "SheathLocator3",
					"parent": "LeftHand",
					"pivot": [1.345, 16.43972, 0.27428]
				},
				{
					"name": "RightWaistLocator2",
					"parent": "LeftHand",
					"pivot": [1.345, 16.43972, 0.27428]
				},
				{
					"name": "left_finger_5",
					"parent": "LeftHand",
					"pivot": [0.6975, 17.35028, 0.285],
					"cubes": [
						{
							"origin": [0.33328, 17.1884, -1.07275],
							"size": [0.72844, 0.72844, 1.30367],
							"pivot": [-0.21304, 17.43699, 0.07049],
							"rotation": [25, 0, 0],
							"uv": {
								"north": {"uv": [88.05, 42.55], "uv_size": [0.4, 0.4]},
								"east": {"uv": [58.55, 83.55], "uv_size": [0.7, 0.4]},
								"south": {"uv": [43.55, 88.05], "uv_size": [0.4, 0.4]},
								"west": {"uv": [83.55, 59.05], "uv_size": [0.7, 0.4]},
								"up": {"uv": [83.55, 60.05], "uv_size": [0.4, 0.7]},
								"down": {"uv": [83.55, 64.25], "uv_size": [0.4, -0.7]}
							}
						}
					]
				},
				{
					"name": "left_finger_lower_5",
					"parent": "left_finger_5",
					"pivot": [0.6975, 16.73053, -0.82735],
					"cubes": [
						{
							"origin": [0.33336, 15.4992, -2.89552],
							"size": [0.72829, 0.72829, 1.41914],
							"inflate": 0.001,
							"pivot": [0.6975, 15.86335, -1.20313],
							"rotation": [-90, 0, 0],
							"uv": {
								"north": {"uv": [88.05, 43.55], "uv_size": [0.4, 0.4]},
								"east": {"uv": [83.55, 61.55], "uv_size": [0.7, 0.4]},
								"south": {"uv": [44.55, 88.05], "uv_size": [0.4, 0.4]},
								"west": {"uv": [83.55, 65.05], "uv_size": [0.7, 0.4]},
								"up": {"uv": [65.05, 83.55], "uv_size": [0.4, 0.7]},
								"down": {"uv": [83.55, 66.75], "uv_size": [0.4, -0.7]}
							}
						}
					]
				},
				{
					"name": "left_palm",
					"parent": "LeftHand",
					"pivot": [1.89567, 17.2939, 0.24393],
					"cubes": [
						{
							"origin": [1.89133, 15.76621, -1.304],
							"size": [0.78915, 1.52336, 3.09586],
							"uv": {
								"north": {"uv": [83.55, 67.55], "uv_size": [0.4, 0.7]},
								"east": {"uv": [15.05, 70.55], "uv_size": [1.7, 0.7]},
								"south": {"uv": [83.55, 69.05], "uv_size": [0.4, 0.7]},
								"west": {"uv": [29.55, 70.55], "uv_size": [1.7, 0.7]},
								"up": {"uv": [70.55, 75.55], "uv_size": [0.4, 1.7]},
								"down": {"uv": [75.55, 72.75], "uv_size": [0.4, -1.7]}
							}
						}
					]
				},
				{
					"name": "left_finger_2",
					"parent": "left_palm",
					"pivot": [1.89133, 16.49465, -0.18104],
					"cubes": [
						{
							"origin": [0.42292, 15.76624, -0.54518],
							"size": [1.46838, 0.72838, 0.72838],
							"inflate": 0.001,
							"uv": {
								"north": {"uv": [83.55, 72.05], "uv_size": [0.7, 0.4]},
								"east": {"uv": [88.05, 44.55], "uv_size": [0.4, 0.4]},
								"south": {"uv": [83.55, 73.05], "uv_size": [0.7, 0.4]},
								"west": {"uv": [45.55, 88.05], "uv_size": [0.4, 0.4]},
								"up": {"uv": [83.55, 78.55], "uv_size": [0.7, 0.4]},
								"down": {"uv": [83.55, 79.95], "uv_size": [0.7, -0.4]}
							}
						}
					]
				},
				{
					"name": "left_finger_lower_2",
					"parent": "left_finger_2",
					"pivot": [0.4229, 15.76621, -0.18104],
					"cubes": [
						{
							"origin": [-0.25062, 15.94832, -0.54521],
							"size": [1.46266, 0.72844, 0.72844],
							"pivot": [0.72641, 16.25184, -0.18104],
							"rotation": [0, 0, 90],
							"uv": {
								"north": {"uv": [83.05, 83.55], "uv_size": [0.7, 0.4]},
								"east": {"uv": [88.05, 45.55], "uv_size": [0.4, 0.4]},
								"south": {"uv": [84.05, 6.05], "uv_size": [0.7, 0.4]},
								"west": {"uv": [46.55, 88.05], "uv_size": [0.4, 0.4]},
								"up": {"uv": [84.05, 7.05], "uv_size": [0.7, 0.4]},
								"down": {"uv": [84.05, 9.95], "uv_size": [0.7, -0.4]}
							}
						}
					]
				},
				{
					"name": "left_finger_1",
					"parent": "left_palm",
					"pivot": [1.89133, 16.49465, -0.93978],
					"cubes": [
						{
							"origin": [0.42292, 15.76624, -1.30397],
							"size": [1.46838, 0.72838, 0.72838],
							"inflate": 0.001,
							"uv": {
								"north": {"uv": [10.05, 84.05], "uv_size": [0.7, 0.4]},
								"east": {"uv": [47.55, 88.05], "uv_size": [0.4, 0.4]},
								"south": {"uv": [84.05, 14.05], "uv_size": [0.7, 0.4]},
								"west": {"uv": [48.55, 88.05], "uv_size": [0.4, 0.4]},
								"up": {"uv": [84.05, 15.05], "uv_size": [0.7, 0.4]},
								"down": {"uv": [84.05, 16.45], "uv_size": [0.7, -0.4]}
							}
						}
					]
				},
				{
					"name": "left_finger_lower_1",
					"parent": "left_finger_1",
					"pivot": [0.4229, 15.76621, -0.93978],
					"cubes": [
						{
							"origin": [-0.25062, 15.94832, -1.304],
							"size": [1.46266, 0.72844, 0.72844],
							"pivot": [0.72641, 16.25184, -0.93978],
							"rotation": [0, 0, 90],
							"uv": {
								"north": {"uv": [84.05, 17.05], "uv_size": [0.7, 0.4]},
								"east": {"uv": [49.55, 88.05], "uv_size": [0.4, 0.4]},
								"south": {"uv": [84.05, 22.55], "uv_size": [0.7, 0.4]},
								"west": {"uv": [50.55, 88.05], "uv_size": [0.4, 0.4]},
								"up": {"uv": [84.05, 23.55], "uv_size": [0.7, 0.4]},
								"down": {"uv": [36.55, 84.45], "uv_size": [0.7, -0.4]}
							}
						}
					]
				},
				{
					"name": "left_finger_3",
					"parent": "left_palm",
					"pivot": [1.89133, 16.49465, 0.6082],
					"cubes": [
						{
							"origin": [0.42292, 15.76624, 0.24396],
							"size": [1.46838, 0.72838, 0.72838],
							"inflate": 0.001,
							"uv": {
								"north": {"uv": [84.05, 38.55], "uv_size": [0.7, 0.4]},
								"east": {"uv": [51.55, 88.05], "uv_size": [0.4, 0.4]},
								"south": {"uv": [84.05, 39.55], "uv_size": [0.7, 0.4]},
								"west": {"uv": [52.55, 88.05], "uv_size": [0.4, 0.4]},
								"up": {"uv": [84.05, 48.05], "uv_size": [0.7, 0.4]},
								"down": {"uv": [84.05, 49.45], "uv_size": [0.7, -0.4]}
							}
						}
					]
				},
				{
					"name": "left_finger_lower_3",
					"parent": "left_finger_3",
					"pivot": [0.4229, 15.76621, 0.6082],
					"cubes": [
						{
							"origin": [-0.25062, 15.94832, 0.24393],
							"size": [1.46266, 0.72844, 0.72844],
							"pivot": [0.72641, 16.25184, 0.60815],
							"rotation": [0, 0, 90],
							"uv": {
								"north": {"uv": [51.05, 84.05], "uv_size": [0.7, 0.4]},
								"east": {"uv": [59.55, 88.05], "uv_size": [0.4, 0.4]},
								"south": {"uv": [84.05, 55.05], "uv_size": [0.7, 0.4]},
								"west": {"uv": [60.55, 88.05], "uv_size": [0.4, 0.4]},
								"up": {"uv": [84.05, 56.05], "uv_size": [0.7, 0.4]},
								"down": {"uv": [84.05, 57.45], "uv_size": [0.7, -0.4]}
							}
						}
					]
				},
				{
					"name": "left_finger_4",
					"parent": "left_palm",
					"pivot": [1.89133, 16.49465, 1.42765],
					"cubes": [
						{
							"origin": [0.42292, 15.76624, 1.06346],
							"size": [1.46838, 0.72838, 0.72838],
							"inflate": 0.001,
							"uv": {
								"north": {"uv": [84.05, 58.05], "uv_size": [0.7, 0.4]},
								"east": {"uv": [61.55, 88.05], "uv_size": [0.4, 0.4]},
								"south": {"uv": [70.55, 84.05], "uv_size": [0.7, 0.4]},
								"west": {"uv": [64.05, 88.05], "uv_size": [0.4, 0.4]},
								"up": {"uv": [72.05, 84.05], "uv_size": [0.7, 0.4]},
								"down": {"uv": [73.55, 84.45], "uv_size": [0.7, -0.4]}
							}
						}
					]
				},
				{
					"name": "left_finger_lower_4",
					"parent": "left_finger_4",
					"pivot": [0.4229, 15.76621, 1.42765],
					"cubes": [
						{
							"origin": [0.02255, 16.10008, 1.06343],
							"size": [1.46266, 0.72844, 0.72844],
							"pivot": [0.78711, 16.4643, 1.42765],
							"rotation": [0, 0, 90],
							"uv": {
								"north": {"uv": [84.05, 80.55], "uv_size": [0.7, 0.4]},
								"east": {"uv": [65.05, 88.05], "uv_size": [0.4, 0.4]},
								"south": {"uv": [84.05, 81.55], "uv_size": [0.7, 0.4]},
								"west": {"uv": [66.05, 88.05], "uv_size": [0.4, 0.4]},
								"up": {"uv": [84.55, 10.55], "uv_size": [0.7, 0.4]},
								"down": {"uv": [14.55, 84.95], "uv_size": [0.7, -0.4]}
							}
						}
					]
				},
				{
					"name": "RightArm",
					"pivot": [-1.9, 29.9625, 0.25],
					"cubes": [
						{
							"origin": [-2.44972, 30.10629, -1.40105],
							"size": [2.25742, 0.63633, 3.3021],
							"inflate": 0.001,
							"uv": {
								"north": {"uv": [86.75, 39.55], "uv_size": [-1.2, 0.2]},
								"east": {"uv": [84.75, 2.05], "uv_size": [-1.7, 0.2]},
								"south": {"uv": [87.25, 10.05], "uv_size": [-1.2, 0.2]},
								"west": {"uv": [84.75, 1.05], "uv_size": [-1.7, 0.2]},
								"up": {"uv": [63.25, 10.05], "uv_size": [-1.2, 1.7]},
								"down": {"uv": [13.75, 63.75], "uv_size": [-1.2, -1.7]}
							}
						},
						{
							"origin": [-2.89539, 24.46186, -1.40105],
							"size": [2.7031, 5.64427, 3.3021],
							"inflate": 0.001,
							"uv": {
								"north": {"uv": [12.45, 41.05], "uv_size": [-1.4, 3.9]},
								"east": {"uv": [24.25, 37.55], "uv_size": [-1.7, 3.9]},
								"south": {"uv": [11.05, 41.05], "uv_size": [1.4, 3.9]},
								"west": {"uv": [21.75, 37.55], "uv_size": [-1.7, 3.9]},
								"up": {"uv": [46.45, 57.05], "uv_size": [-1.4, 1.7]},
								"down": {"uv": [2.95, 59.25], "uv_size": [-1.4, -1.7]}
							}
						},
						{
							"origin": [-2.08558, 27.53757, -1.46183],
							"size": [1.95406, 0.38333, 3.42366],
							"uv": {
								"north": {"uv": [37.95, 88.05], "uv_size": [-0.9, 0.2]},
								"east": {"uv": [84.75, 5.05], "uv_size": [-1.7, 0.2]},
								"south": {"uv": [88.95, 37.05], "uv_size": [-0.9, 0.2]},
								"west": {"uv": [84.75, 3.05], "uv_size": [-1.7, 0.2]},
								"up": {"uv": [66.95, 48.05], "uv_size": [-0.9, 1.7]},
								"down": {"uv": [50.45, 67.75], "uv_size": [-0.9, -1.7]}
							}
						},
						{
							"origin": [-2.40984, 27.05194, -1.46183],
							"size": [0.44566, 1.35458, 3.42366],
							"uv": {
								"north": {"uv": [91.25, 22.05], "uv_size": [-0.2, 0.7]},
								"east": {"uv": [14.25, 70.55], "uv_size": [-1.7, 0.7]},
								"south": {"uv": [22.75, 91.05], "uv_size": [-0.2, 0.7]},
								"west": {"uv": [10.25, 70.55], "uv_size": [-1.7, 0.7]},
								"up": {"uv": [2.25, 83.05], "uv_size": [-0.2, 1.7]},
								"down": {"uv": [3.25, 84.75], "uv_size": [-0.2, -1.7]}
							}
						},
						{
							"origin": [-2.97691, 25.71647, -1.46183],
							"size": [0.68848, 3.41849, 3.42366],
							"uv": {
								"north": {"uv": [6.25, 83.05], "uv_size": [-0.2, 1.7]},
								"east": {"uv": [12.75, 55.55], "uv_size": [-1.7, 1.7]},
								"south": {"uv": [83.25, 6.05], "uv_size": [-0.2, 1.7]},
								"west": {"uv": [56.75, 53.05], "uv_size": [-1.7, 1.7]},
								"up": {"uv": [7.25, 83.05], "uv_size": [-0.2, 1.7]},
								"down": {"uv": [8.25, 84.75], "uv_size": [-0.2, -1.7]}
							}
						},
						{
							"origin": [-2.99209, 26.69929, -0.90683],
							"size": [0.70366, 1.88584, 1.88584],
							"pivot": [-2.70097, 27.42831, 0.25],
							"rotation": [-45, 0, 0],
							"uv": {
								"north": {"uv": [44.45, 83.55], "uv_size": [-0.4, 0.7]},
								"east": {"uv": [101.75, 11.05], "uv_size": [-3, 2.9]},
								"south": {"uv": [50.45, 83.55], "uv_size": [-0.4, 0.7]},
								"west": {"uv": [8.25, 80.05], "uv_size": [-0.7, 0.7]},
								"up": {"uv": [54.45, 83.55], "uv_size": [-0.4, 0.7]},
								"down": {"uv": [57.95, 84.25], "uv_size": [-0.4, -0.7]}
							}
						},
						{
							"origin": [-5.18281, 29.96613, -1.40112],
							"size": [0.91055, 0.777, 3.30225],
							"pivot": [-3.81698, 26.40892, 0.25],
							"rotation": [0, 0, 35],
							"uv": {
								"north": {"uv": [88.45, 40.55], "uv_size": [-0.4, 0.4]},
								"east": {"uv": [66.25, 75.55], "uv_size": [-1.7, 0.4]},
								"south": {"uv": [88.45, 41.55], "uv_size": [-0.4, 0.4]},
								"west": {"uv": [77.25, 59.05], "uv_size": [-1.7, 0.4]},
								"up": {"uv": [67.45, 75.55], "uv_size": [-0.4, 1.7]},
								"down": {"uv": [75.95, 69.25], "uv_size": [-0.4, -1.7]}
							}
						}
					]
				},
				{
					"name": "RightForeArm",
					"parent": "RightArm",
					"pivot": [-1.345, 25.61457, 0.27428],
					"cubes": [
						{
							"origin": [-2.68047, 18.018, -1.304],
							"size": [2.31828, 3.39938, 3.09586],
							"uv": {
								"north": {"uv": [63.25, 15.55], "uv_size": [-1.2, 1.7]},
								"east": {"uv": [56.75, 55.55], "uv_size": [-1.7, 1.7]},
								"south": {"uv": [63.25, 18.05], "uv_size": [-1.2, 1.7]},
								"west": {"uv": [36.25, 55.55], "uv_size": [-1.7, 1.7]},
								"up": {"uv": [30.25, 62.05], "uv_size": [-1.2, 1.7]},
								"down": {"uv": [37.25, 63.75], "uv_size": [-1.2, -1.7]}
							}
						},
						{
							"origin": [-2.899, 18.795, -1.46183],
							"size": [2.75534, 5.66562, 3.41152],
							"uv": {
								"north": {"uv": [44.95, 44.05], "uv_size": [-1.4, 3.4]},
								"east": {"uv": [20.75, 42.05], "uv_size": [-1.7, 3.4]},
								"south": {"uv": [43.55, 44.05], "uv_size": [1.4, 3.4]},
								"west": {"uv": [39.75, 41.05], "uv_size": [-1.7, 3.4]},
								"up": {"uv": [4.95, 58.05], "uv_size": [-1.4, 1.7]},
								"down": {"uv": [7.95, 59.75], "uv_size": [-1.4, -1.7]}
							}
						},
						{
							"origin": [-2.41338, 26.66907, -0.49058],
							"size": [1.78409, -0.30063, 2.50097],
							"uv": {
								"north": {"uv": [5.45, 71.55], "uv_size": [-0.9, 1.2]},
								"east": {"uv": [68.25, 36.05], "uv_size": [-1.2, 1.2]},
								"south": {"uv": [28.95, 71.55], "uv_size": [-0.9, 1.2]},
								"west": {"uv": [68.25, 30.05], "uv_size": [-1.2, 1.2]},
								"up": {"uv": [41.45, 71.55], "uv_size": [-0.9, 1.2]},
								"down": {"uv": [44.45, 72.75], "uv_size": [-0.9, -1.2]}
							}
						},
						{
							"origin": [-2.8383, 18.30938, -1.40112],
							"size": [2.63394, 4.995, 3.29011],
							"uv": {
								"north": {"uv": [44.95, 27.55], "uv_size": [-1.4, 3.7]},
								"east": {"uv": [41.75, 14.55], "uv_size": [-1.7, 3.7]},
								"south": {"uv": [44.95, 35.05], "uv_size": [-1.4, 3.7]},
								"west": {"uv": [1.75, 40.05], "uv_size": [-1.7, 3.7]},
								"up": {"uv": [12.45, 58.05], "uv_size": [-1.4, 1.7]},
								"down": {"uv": [35.95, 59.75], "uv_size": [-1.4, -1.7]}
							}
						}
					]
				},
				{
					"name": "RightHand",
					"parent": "RightForeArm",
					"pivot": [-1.345, 18.05847, 0.27428],
					"cubes": [
						{
							"origin": [-2.68047, 17.28957, -1.304],
							"size": [2.31828, 0.72844, 3.09586],
							"uv": {
								"north": {"uv": [80.25, 61.05], "uv_size": [-1.2, 0.4]},
								"east": {"uv": [77.25, 70.05], "uv_size": [-1.7, 0.4]},
								"south": {"uv": [80.25, 66.55], "uv_size": [-1.2, 0.4]},
								"west": {"uv": [69.75, 75.55], "uv_size": [-1.7, 0.4]},
								"up": {"uv": [63.25, 38.05], "uv_size": [-1.2, 1.7]},
								"down": {"uv": [63.25, 54.25], "uv_size": [-1.2, -1.7]}
							}
						}
					]
				},
				{
					"name": "RightHandLocator",
					"parent": "RightHand",
					"pivot": [-1.345, 16.43972, 0.27428]
				},
				{
					"name": "SheathLocator2",
					"parent": "RightHand",
					"pivot": [-1.345, 16.43972, 0.27428]
				},
				{
					"name": "LeftWaistLocator2",
					"parent": "RightHand",
					"pivot": [-1.345, 16.43972, 0.27428]
				},
				{
					"name": "right_finger_5",
					"parent": "RightHand",
					"pivot": [-0.6975, 17.35028, 0.285],
					"cubes": [
						{
							"origin": [-1.06172, 17.1884, -1.07275],
							"size": [0.72844, 0.72844, 1.30367],
							"pivot": [0.21304, 17.43699, 0.07049],
							"rotation": [25, 0, 0],
							"uv": {
								"north": {"uv": [88.45, 42.55], "uv_size": [-0.4, 0.4]},
								"east": {"uv": [84.25, 59.05], "uv_size": [-0.7, 0.4]},
								"south": {"uv": [43.95, 88.05], "uv_size": [-0.4, 0.4]},
								"west": {"uv": [59.25, 83.55], "uv_size": [-0.7, 0.4]},
								"up": {"uv": [83.95, 60.05], "uv_size": [-0.4, 0.7]},
								"down": {"uv": [83.95, 64.25], "uv_size": [-0.4, -0.7]}
							}
						}
					]
				},
				{
					"name": "right_finger_lower_5",
					"parent": "right_finger_5",
					"pivot": [-0.6975, 16.73053, -0.82735],
					"cubes": [
						{
							"origin": [-1.06164, 15.4992, -2.89552],
							"size": [0.72829, 0.72829, 1.41914],
							"inflate": 0.001,
							"pivot": [-0.6975, 15.86335, -1.20313],
							"rotation": [-90, 0, 0],
							"uv": {
								"north": {"uv": [88.45, 43.55], "uv_size": [-0.4, 0.4]},
								"east": {"uv": [84.25, 65.05], "uv_size": [-0.7, 0.4]},
								"south": {"uv": [44.95, 88.05], "uv_size": [-0.4, 0.4]},
								"west": {"uv": [84.25, 61.55], "uv_size": [-0.7, 0.4]},
								"up": {"uv": [65.45, 83.55], "uv_size": [-0.4, 0.7]},
								"down": {"uv": [83.95, 66.75], "uv_size": [-0.4, -0.7]}
							}
						}
					]
				},
				{
					"name": "right_palm",
					"parent": "RightHand",
					"pivot": [-1.89567, 17.2939, 0.24393],
					"cubes": [
						{
							"origin": [-2.68048, 15.76621, -1.304],
							"size": [0.78915, 1.52336, 3.09586],
							"uv": {
								"north": {"uv": [83.95, 67.55], "uv_size": [-0.4, 0.7]},
								"east": {"uv": [31.25, 70.55], "uv_size": [-1.7, 0.7]},
								"south": {"uv": [83.95, 69.05], "uv_size": [-0.4, 0.7]},
								"west": {"uv": [16.75, 70.55], "uv_size": [-1.7, 0.7]},
								"up": {"uv": [70.95, 75.55], "uv_size": [-0.4, 1.7]},
								"down": {"uv": [75.95, 72.75], "uv_size": [-0.4, -1.7]}
							}
						}
					]
				},
				{
					"name": "right_finger_2",
					"parent": "right_palm",
					"pivot": [-1.89133, 16.49465, -0.18104],
					"cubes": [
						{
							"origin": [-1.8913, 15.76624, -0.54518],
							"size": [1.46838, 0.72838, 0.72838],
							"inflate": 0.001,
							"uv": {
								"north": {"uv": [84.25, 72.05], "uv_size": [-0.7, 0.4]},
								"east": {"uv": [45.95, 88.05], "uv_size": [-0.4, 0.4]},
								"south": {"uv": [84.25, 73.05], "uv_size": [-0.7, 0.4]},
								"west": {"uv": [88.45, 44.55], "uv_size": [-0.4, 0.4]},
								"up": {"uv": [84.25, 78.55], "uv_size": [-0.7, 0.4]},
								"down": {"uv": [84.25, 79.95], "uv_size": [-0.7, -0.4]}
							}
						}
					]
				},
				{
					"name": "right_finger_lower_2",
					"parent": "right_finger_2",
					"pivot": [-0.4229, 15.76621, -0.18104],
					"cubes": [
						{
							"origin": [-1.21203, 15.94832, -0.54521],
							"size": [1.46266, 0.72844, 0.72844],
							"pivot": [-0.72641, 16.25184, -0.18104],
							"rotation": [0, 0, -90],
							"uv": {
								"north": {"uv": [83.75, 83.55], "uv_size": [-0.7, 0.4]},
								"east": {"uv": [46.95, 88.05], "uv_size": [-0.4, 0.4]},
								"south": {"uv": [84.75, 6.05], "uv_size": [-0.7, 0.4]},
								"west": {"uv": [88.45, 45.55], "uv_size": [-0.4, 0.4]},
								"up": {"uv": [84.75, 7.05], "uv_size": [-0.7, 0.4]},
								"down": {"uv": [84.75, 9.95], "uv_size": [-0.7, -0.4]}
							}
						}
					]
				},
				{
					"name": "right_finger_1",
					"parent": "right_palm",
					"pivot": [-1.89133, 16.49465, -0.93978],
					"cubes": [
						{
							"origin": [-1.8913, 15.76624, -1.30397],
							"size": [1.46838, 0.72838, 0.72838],
							"inflate": 0.001,
							"uv": {
								"north": {"uv": [10.75, 84.05], "uv_size": [-0.7, 0.4]},
								"east": {"uv": [48.95, 88.05], "uv_size": [-0.4, 0.4]},
								"south": {"uv": [84.75, 14.05], "uv_size": [-0.7, 0.4]},
								"west": {"uv": [47.95, 88.05], "uv_size": [-0.4, 0.4]},
								"up": {"uv": [84.75, 15.05], "uv_size": [-0.7, 0.4]},
								"down": {"uv": [84.75, 16.45], "uv_size": [-0.7, -0.4]}
							}
						}
					]
				},
				{
					"name": "right_finger_lower_1",
					"parent": "right_finger_1",
					"pivot": [-0.4229, 15.76621, -0.93978],
					"cubes": [
						{
							"origin": [-1.21203, 15.94832, -1.304],
							"size": [1.46266, 0.72844, 0.72844],
							"pivot": [-0.72641, 16.25184, -0.93978],
							"rotation": [0, 0, -90],
							"uv": {
								"north": {"uv": [84.75, 17.05], "uv_size": [-0.7, 0.4]},
								"east": {"uv": [50.95, 88.05], "uv_size": [-0.4, 0.4]},
								"south": {"uv": [84.75, 22.55], "uv_size": [-0.7, 0.4]},
								"west": {"uv": [49.95, 88.05], "uv_size": [-0.4, 0.4]},
								"up": {"uv": [84.75, 23.55], "uv_size": [-0.7, 0.4]},
								"down": {"uv": [37.25, 84.45], "uv_size": [-0.7, -0.4]}
							}
						}
					]
				},
				{
					"name": "right_finger_3",
					"parent": "right_palm",
					"pivot": [-1.89133, 16.49465, 0.6082],
					"cubes": [
						{
							"origin": [-1.8913, 15.76624, 0.24396],
							"size": [1.46838, 0.72838, 0.72838],
							"inflate": 0.001,
							"uv": {
								"north": {"uv": [84.75, 38.55], "uv_size": [-0.7, 0.4]},
								"east": {"uv": [52.95, 88.05], "uv_size": [-0.4, 0.4]},
								"south": {"uv": [84.75, 39.55], "uv_size": [-0.7, 0.4]},
								"west": {"uv": [51.95, 88.05], "uv_size": [-0.4, 0.4]},
								"up": {"uv": [84.75, 48.05], "uv_size": [-0.7, 0.4]},
								"down": {"uv": [84.75, 49.45], "uv_size": [-0.7, -0.4]}
							}
						}
					]
				},
				{
					"name": "right_finger_lower_3",
					"parent": "right_finger_3",
					"pivot": [-0.4229, 15.76621, 0.6082],
					"cubes": [
						{
							"origin": [-1.21203, 15.94832, 0.24393],
							"size": [1.46266, 0.72844, 0.72844],
							"pivot": [-0.72641, 16.25184, 0.60815],
							"rotation": [0, 0, -90],
							"uv": {
								"north": {"uv": [51.75, 84.05], "uv_size": [-0.7, 0.4]},
								"east": {"uv": [60.95, 88.05], "uv_size": [-0.4, 0.4]},
								"south": {"uv": [84.75, 55.05], "uv_size": [-0.7, 0.4]},
								"west": {"uv": [59.95, 88.05], "uv_size": [-0.4, 0.4]},
								"up": {"uv": [84.75, 56.05], "uv_size": [-0.7, 0.4]},
								"down": {"uv": [84.75, 57.45], "uv_size": [-0.7, -0.4]}
							}
						}
					]
				},
				{
					"name": "right_finger_4",
					"parent": "right_palm",
					"pivot": [-1.89133, 16.49465, 1.42765],
					"cubes": [
						{
							"origin": [-1.8913, 15.76624, 1.06346],
							"size": [1.46838, 0.72838, 0.72838],
							"inflate": 0.001,
							"uv": {
								"north": {"uv": [84.75, 58.05], "uv_size": [-0.7, 0.4]},
								"east": {"uv": [64.45, 88.05], "uv_size": [-0.4, 0.4]},
								"south": {"uv": [71.25, 84.05], "uv_size": [-0.7, 0.4]},
								"west": {"uv": [61.95, 88.05], "uv_size": [-0.4, 0.4]},
								"up": {"uv": [72.75, 84.05], "uv_size": [-0.7, 0.4]},
								"down": {"uv": [74.25, 84.45], "uv_size": [-0.7, -0.4]}
							}
						}
					]
				},
				{
					"name": "right_finger_lower_4",
					"parent": "right_finger_4",
					"pivot": [-0.4229, 15.76621, 1.42765],
					"cubes": [
						{
							"origin": [-1.4852, 16.10008, 1.06343],
							"size": [1.46266, 0.72844, 0.72844],
							"pivot": [-0.78711, 16.4643, 1.42765],
							"rotation": [0, 0, -90],
							"uv": {
								"north": {"uv": [84.75, 80.55], "uv_size": [-0.7, 0.4]},
								"east": {"uv": [66.45, 88.05], "uv_size": [-0.4, 0.4]},
								"south": {"uv": [84.75, 81.55], "uv_size": [-0.7, 0.4]},
								"west": {"uv": [65.45, 88.05], "uv_size": [-0.4, 0.4]},
								"up": {"uv": [85.25, 10.55], "uv_size": [-0.7, 0.4]},
								"down": {"uv": [15.25, 84.95], "uv_size": [-0.7, -0.4]}
							}
						}
					]
				}
			]
		}
	]
}