{"format_version":"1.12.0","minecraft:geometry":[{"description":{"identifier":"geometry.unknown","texture_width":256,"texture_height":256,"visible_bounds_width":7,"visible_bounds_height":5,"visible_bounds_offset":[0,1.5,0]},"bones":[{"name":"LeftArm","pivot":[3.4,30.825,0],"cubes":[{"origin":[2.45,24.7,-1.7],"size":[3.25,7.3,3.4],"uv":{"north":{"uv":[37,54],"uv_size":[3.25,7.25]},"east":{"uv":[26,51],"uv_size":[3.375,7.25]},"south":{"uv":[54,53],"uv_size":[3.25,7.25]},"west":{"uv":[42,51],"uv_size":[3.375,7.25]},"up":{"uv":[95,13],"uv_size":[3.25,3.375]},"down":{"uv":[95,36.375],"uv_size":[3.25,-3.375]}}},{"origin":[2.6,24.875,-1.5],"size":[3.05,7,3],"uv":{"north":{"uv":[20,58],"uv_size":[3,7]},"east":{"uv":[0,59],"uv_size":[3,7]},"south":{"uv":[59,53],"uv_size":[3,7]},"west":{"uv":[60,6],"uv_size":[3,7]},"up":{"uv":[69,14],"uv_size":[3,3]},"down":{"uv":[26,106],"uv_size":[3,-3]}}},{"origin":[2.9,23.975,-1.1],"size":[2.55,2,2.2],"uv":{"north":{"uv":[121,98],"uv_size":[2.5,2]},"east":{"uv":[120,123],"uv_size":[2.25,2]},"south":{"uv":[122,0],"uv_size":[2.5,2]},"west":{"uv":[124,9],"uv_size":[2.25,2]},"up":{"uv":[119,44],"uv_size":[2.5,2.25]},"down":{"uv":[119,87.25],"uv_size":[2.5,-2.25]}}},{"origin":[2.8,23.925,-1.125],"size":[2.7,2.05,2.3],"uv":{"north":{"uv":[40,35],"uv_size":[2.75,2]},"east":{"uv":[124,12],"uv_size":[2.25,2]},"south":{"uv":[67,62],"uv_size":[2.75,2]},"west":{"uv":[124,19],"uv_size":[2.25,2]},"up":{"uv":[42,117],"uv_size":[2.75,2.25]},"down":{"uv":[66,119.25],"uv_size":[2.75,-2.25]}}}]},{"name":"LeftForeArm","parent":"LeftArm","pivot":[4.125,24.875,0.025],"cubes":[{"origin":[2.625,17.875,-1.475],"size":[3,7,3],"uv":{"north":{"uv":[24,60],"uv_size":[3,7]},"east":{"uv":[60,31],"uv_size":[3,7]},"south":{"uv":[60,39],"uv_size":[3,7]},"west":{"uv":[42,60],"uv_size":[3,7]},"up":{"uv":[103,37],"uv_size":[3,3]},"down":{"uv":[103,50],"uv_size":[3,-3]}}},{"origin":[2.525,20.175,-1.575],"size":[3.2,5,3.2],"uv":{"north":{"uv":[34,76],"uv_size":[3.25,5]},"east":{"uv":[44,76],"uv_size":[3.25,5]},"south":{"uv":[76,45],"uv_size":[3.25,5]},"west":{"uv":[49,76],"uv_size":[3.25,5]},"up":{"uv":[98,92],"uv_size":[3.25,3.25]},"down":{"uv":[98,100.25],"uv_size":[3.25,-3.25]}}}]},{"name":"LeftHandLocator","parent":"LeftForeArm","pivot":[4.125,19.375,0.025]},{"name":"Leftxiuzi","parent":"LeftForeArm","pivot":[4.3,19.6,0],"cubes":[{"origin":[2.3,22.76434,-4.8322],"size":[3.6,0.1,4.6],"pivot":[4.1,22.91434,-2.0322],"rotation":[81,0,0],"uv":{"north":{"uv":[174,58],"uv_size":[3.625,0.125]},"east":{"uv":[168,2],"uv_size":[4.625,0.125]},"south":{"uv":[174,60],"uv_size":[3.625,0.125]},"west":{"uv":[168,51],"uv_size":[4.625,0.125]},"up":{"uv":[71,45],"uv_size":[3.625,4.625]},"down":{"uv":[71,55.625],"uv_size":[3.625,-4.625]}}},{"origin":[6.1,21.8705,-0.18959],"size":[0.7,0.1,4.6],"pivot":[6.55,22.4205,2.11041],"rotation":[-67.07439,58.46204,5.02619],"uv":{"north":{"uv":[24,188],"uv_size":[0.75,0.125]},"east":{"uv":[168,65],"uv_size":[4.625,0.125]},"south":{"uv":[188,24],"uv_size":[0.75,0.125]},"west":{"uv":[168,67],"uv_size":[4.625,0.125]},"up":{"uv":[82,129],"uv_size":[0.75,4.625]},"down":{"uv":[84,133.625],"uv_size":[0.75,-4.625]}}},{"origin":[1.69354,20.71626,-6.32982],"size":[0.7,0.1,4.6],"pivot":[4.94354,22.36626,-3.82982],"rotation":[80.4484,7.31613,10.33628],"uv":{"north":{"uv":[26,188],"uv_size":[0.75,0.125]},"east":{"uv":[168,157],"uv_size":[4.625,0.125]},"south":{"uv":[188,26],"uv_size":[0.75,0.125]},"west":{"uv":[168,159],"uv_size":[4.625,0.125]},"up":{"uv":[129,128],"uv_size":[0.75,4.625]},"down":{"uv":[46,134.625],"uv_size":[0.75,-4.625]}}},{"origin":[1.69354,20.71626,1.72982],"size":[0.7,0.1,4.6],"pivot":[4.94354,22.36626,3.82982],"rotation":[-80.4484,-7.31613,10.33628],"uv":{"north":{"uv":[28,188],"uv_size":[0.75,0.125]},"east":{"uv":[166,168],"uv_size":[4.625,0.125]},"south":{"uv":[30,188],"uv_size":[0.75,0.125]},"west":{"uv":[7,169],"uv_size":[4.625,0.125]},"up":{"uv":[130,68],"uv_size":[0.75,4.625]},"down":{"uv":[130,88.625],"uv_size":[0.75,-4.625]}}},{"origin":[6.1,21.7705,-4.41041],"size":[0.7,0.1,4.6],"pivot":[6.55,22.4205,-2.11041],"rotation":[67.07439,-58.46204,5.02619],"uv":{"north":{"uv":[22,188],"uv_size":[0.75,0.125]},"east":{"uv":[168,61],"uv_size":[4.625,0.125]},"south":{"uv":[188,22],"uv_size":[0.75,0.125]},"west":{"uv":[168,63],"uv_size":[4.625,0.125]},"up":{"uv":[48,129],"uv_size":[0.75,4.625]},"down":{"uv":[77,133.625],"uv_size":[0.75,-4.625]}}},{"origin":[2.3,22.76434,0.2322],"size":[3.6,0.1,4.6],"pivot":[4.1,22.91434,2.0322],"rotation":[-81,0,0],"uv":{"north":{"uv":[174,62],"uv_size":[3.625,0.125]},"east":{"uv":[168,53],"uv_size":[4.625,0.125]},"south":{"uv":[174,64],"uv_size":[3.625,0.125]},"west":{"uv":[168,55],"uv_size":[4.625,0.125]},"up":{"uv":[71,57],"uv_size":[3.625,4.625]},"down":{"uv":[72,4.625],"uv_size":[3.625,-4.625]}}},{"origin":[4.39437,22.77353,-1.8],"size":[4.6,0.1,3.6],"pivot":[6.19437,22.92353,0.05],"rotation":[0,0,79],"uv":{"north":{"uv":[160,167],"uv_size":[4.625,0.125]},"east":{"uv":[174,54],"uv_size":[3.625,0.125]},"south":{"uv":[168,0],"uv_size":[4.625,0.125]},"west":{"uv":[174,56],"uv_size":[3.625,0.125]},"up":{"uv":[34,71],"uv_size":[4.625,3.625]},"down":{"uv":[44,74.625],"uv_size":[4.625,-3.625]}}},{"origin":[0.299,22.96056,-1.8],"size":[4.6,0.1,3.6],"pivot":[2.099,22.91056,0],"rotation":[0,0,98],"uv":{"north":{"uv":[168,57],"uv_size":[4.625,0.125]},"east":{"uv":[174,66],"uv_size":[3.625,0.125]},"south":{"uv":[168,59],"uv_size":[4.625,0.125]},"west":{"uv":[174,156],"uv_size":[3.625,0.125]},"up":{"uv":[16,72],"uv_size":[4.625,3.625]},"down":{"uv":[72,29.625],"uv_size":[4.625,-3.625]}}}]},{"name":"Leftpijian","parent":"LeftArm","pivot":[0,0,0],"cubes":[{"origin":[1.9,30.1,-1.9],"size":[4.1,2,3.9],"uv":{"north":{"uv":[84,106],"uv_size":[4.125,2]},"east":{"uv":[111,73],"uv_size":[3.875,2]},"south":{"uv":[107,37],"uv_size":[4.125,2]},"west":{"uv":[111,94],"uv_size":[3.875,2]},"up":{"uv":[54,77],"uv_size":[4.125,3.875]},"down":{"uv":[77,66.875],"uv_size":[4.125,-3.875]}}},{"origin":[1.9,26.9,-7],"size":[2.1,0.3,3.9],"pivot":[3.95,30.25,-5.05],"rotation":[83,0,0],"uv":{"north":{"uv":[171,93],"uv_size":[2.125,0.25]},"east":{"uv":[158,50],"uv_size":[3.875,0.25]},"south":{"uv":[171,95],"uv_size":[2.125,0.25]},"west":{"uv":[158,52],"uv_size":[3.875,0.25]},"up":{"uv":[59,108],"uv_size":[2.125,3.875]},"down":{"uv":[108,65.875],"uv_size":[2.125,-3.875]}}},{"origin":[4,26.9,-7.4],"size":[2.1,0.3,3.9],"pivot":[3.95,30.25,-5.05],"rotation":[83,0,0],"uv":{"north":{"uv":[76,171],"uv_size":[2.125,0.25]},"east":{"uv":[158,18],"uv_size":[3.875,0.25]},"south":{"uv":[80,171],"uv_size":[2.125,0.25]},"west":{"uv":[158,22],"uv_size":[3.875,0.25]},"up":{"uv":[107,94],"uv_size":[2.125,3.875]},"down":{"uv":[107,102.875],"uv_size":[2.125,-3.875]}}},{"origin":[4,26.9,3.5],"size":[2.1,0.3,3.9],"pivot":[3.95,30.25,5.05],"rotation":[-83,0,0],"uv":{"north":{"uv":[171,91],"uv_size":[2.125,0.25]},"east":{"uv":[158,32],"uv_size":[3.875,0.25]},"south":{"uv":[92,171],"uv_size":[2.125,0.25]},"west":{"uv":[158,41],"uv_size":[3.875,0.25]},"up":{"uv":[55,108],"uv_size":[2.125,3.875]},"down":{"uv":[108,60.875],"uv_size":[2.125,-3.875]}}},{"origin":[3.1,26.9,3.5],"size":[2.1,0.3,3.9],"pivot":[3.95,30.25,5.05],"rotation":[-83,0,0],"uv":{"north":{"uv":[96,171],"uv_size":[2.125,0.25]},"east":{"uv":[158,56],"uv_size":[3.875,0.25]},"south":{"uv":[171,97],"uv_size":[2.125,0.25]},"west":{"uv":[158,58],"uv_size":[3.875,0.25]},"up":{"uv":[63,108],"uv_size":[2.125,3.875]},"down":{"uv":[75,111.875],"uv_size":[2.125,-3.875]}}},{"origin":[6.71571,27.50333,-2.97944],"size":[2.1,0.3,3.9],"pivot":[7.66571,29.35333,-1.02944],"rotation":[18.31023,-86.83921,71.59389],"uv":{"north":{"uv":[84,171],"uv_size":[2.125,0.25]},"east":{"uv":[158,24],"uv_size":[3.875,0.25]},"south":{"uv":[171,87],"uv_size":[2.125,0.25]},"west":{"uv":[158,26],"uv_size":[3.875,0.25]},"up":{"uv":[0,108],"uv_size":[2.125,3.875]},"down":{"uv":[108,20.875],"uv_size":[2.125,-3.875]}}},{"origin":[8.61571,27.50333,-3.17944],"size":[2.1,0.3,3.9],"pivot":[7.66571,29.35333,-1.02944],"rotation":[170.58753,-83.9198,-80.76142],"uv":{"north":{"uv":[88,171],"uv_size":[2.125,0.25]},"east":{"uv":[158,28],"uv_size":[3.875,0.25]},"south":{"uv":[171,89],"uv_size":[2.125,0.25]},"west":{"uv":[158,30],"uv_size":[3.875,0.25]},"up":{"uv":[108,40],"uv_size":[2.125,3.875]},"down":{"uv":[51,111.875],"uv_size":[2.125,-3.875]}}}]},{"name":"RightArm","pivot":[-3.4,30.825,0],"cubes":[{"origin":[-5.65,24.875,-1.5],"size":[3.05,7,3],"uv":{"north":{"uv":[28,61],"uv_size":[3,7]},"east":{"uv":[32,61],"uv_size":[3,7]},"south":{"uv":[59,61],"uv_size":[3,7]},"west":{"uv":[54,62],"uv_size":[3,7]},"up":{"uv":[74,103],"uv_size":[3,3]},"down":{"uv":[103,93],"uv_size":[3,-3]}}},{"origin":[-5.7,24.7,-1.7],"size":[3.25,7.3,3.4],"uv":{"north":{"uv":[8,55],"uv_size":[3.25,7.25]},"east":{"uv":[15,54],"uv_size":[3.375,7.25]},"south":{"uv":[55,10],"uv_size":[3.25,7.25]},"west":{"uv":[54,23],"uv_size":[3.375,7.25]},"up":{"uv":[95,82],"uv_size":[3.25,3.375]},"down":{"uv":[48,99.375],"uv_size":[3.25,-3.375]}}},{"origin":[-5.45,23.975,-1.1],"size":[2.55,2,2.2],"uv":{"north":{"uv":[122,27],"uv_size":[2.5,2]},"east":{"uv":[124,30],"uv_size":[2.25,2]},"south":{"uv":[122,40],"uv_size":[2.5,2]},"west":{"uv":[62,124],"uv_size":[2.25,2]},"up":{"uv":[119,89],"uv_size":[2.5,2.25]},"down":{"uv":[119,108.25],"uv_size":[2.5,-2.25]}}},{"origin":[-5.5,23.925,-1.125],"size":[2.7,2.05,2.3],"uv":{"north":{"uv":[0,76],"uv_size":[2.75,2]},"east":{"uv":[124,62],"uv_size":[2.25,2]},"south":{"uv":[117,32],"uv_size":[2.75,2]},"west":{"uv":[124,121],"uv_size":[2.25,2]},"up":{"uv":[117,69],"uv_size":[2.75,2.25]},"down":{"uv":[117,117.25],"uv_size":[2.75,-2.25]}}}]},{"name":"RightForeArm","parent":"RightArm","pivot":[-4.125,24.875,0.025],"cubes":[{"origin":[-5.725,20.175,-1.575],"size":[3.2,5,3.2],"uv":{"north":{"uv":[76,51],"uv_size":[3.25,5]},"east":{"uv":[76,57],"uv_size":[3.25,5]},"south":{"uv":[77,0],"uv_size":[3.25,5]},"west":{"uv":[16,77],"uv_size":[3.25,5]},"up":{"uv":[99,18],"uv_size":[3.25,3.25]},"down":{"uv":[99,26.25],"uv_size":[3.25,-3.25]}}},{"origin":[-5.625,17.875,-1.475],"size":[3,7,3],"uv":{"north":{"uv":[4,63],"uv_size":[3,7]},"east":{"uv":[13,63],"uv_size":[3,7]},"south":{"uv":[36,63],"uv_size":[3,7]},"west":{"uv":[63,47],"uv_size":[3,7]},"up":{"uv":[103,94],"uv_size":[3,3]},"down":{"uv":[103,101],"uv_size":[3,-3]}}}]},{"name":"RightHandLocator","parent":"RightForeArm","pivot":[-4.125,19.375,0.025]},{"name":"Rightxiuzi","parent":"RightForeArm","pivot":[-4.3,19.6,0],"cubes":[{"origin":[-5.9,22.76434,-4.8322],"size":[3.6,0.1,4.6],"pivot":[-4.1,22.91434,-2.0322],"rotation":[81,0,0],"uv":{"north":{"uv":[174,158],"uv_size":[3.625,0.125]},"east":{"uv":[13,169],"uv_size":[4.625,0.125]},"south":{"uv":[163,174],"uv_size":[3.625,0.125]},"west":{"uv":[169,16],"uv_size":[4.625,0.125]},"up":{"uv":[72,63],"uv_size":[3.625,4.625]},"down":{"uv":[72,73.625],"uv_size":[3.625,-4.625]}}},{"origin":[-6.8,21.8705,-0.18959],"size":[0.7,0.1,4.6],"pivot":[-6.55,22.4205,2.11041],"rotation":[-67.07439,-58.46204,-5.02619],"uv":{"north":{"uv":[188,87],"uv_size":[0.75,0.125]},"east":{"uv":[37,169],"uv_size":[4.625,0.125]},"south":{"uv":[188,89],"uv_size":[0.75,0.125]},"west":{"uv":[169,38],"uv_size":[4.625,0.125]},"up":{"uv":[105,131],"uv_size":[0.75,4.625]},"down":{"uv":[107,135.625],"uv_size":[0.75,-4.625]}}},{"origin":[-2.39354,20.71626,-6.32982],"size":[0.7,0.1,4.6],"pivot":[-4.94354,22.36626,-3.82982],"rotation":[80.4484,-7.31613,-10.33628],"uv":{"north":{"uv":[32,188],"uv_size":[0.75,0.125]},"east":{"uv":[19,169],"uv_size":[4.625,0.125]},"south":{"uv":[34,188],"uv_size":[0.75,0.125]},"west":{"uv":[169,20],"uv_size":[4.625,0.125]},"up":{"uv":[38,131],"uv_size":[0.75,4.625]},"down":{"uv":[40,135.625],"uv_size":[0.75,-4.625]}}},{"origin":[-2.39354,20.71626,1.72982],"size":[0.7,0.1,4.6],"pivot":[-4.94354,22.36626,3.82982],"rotation":[-80.4484,7.31613,-10.33628],"uv":{"north":{"uv":[188,34],"uv_size":[0.75,0.125]},"east":{"uv":[169,22],"uv_size":[4.625,0.125]},"south":{"uv":[188,36],"uv_size":[0.75,0.125]},"west":{"uv":[169,24],"uv_size":[4.625,0.125]},"up":{"uv":[42,131],"uv_size":[0.75,4.625]},"down":{"uv":[44,135.625],"uv_size":[0.75,-4.625]}}},{"origin":[-6.8,21.7705,-4.41041],"size":[0.7,0.1,4.6],"pivot":[-6.55,22.4205,-2.11041],"rotation":[67.07439,58.46204,-5.02619],"uv":{"north":{"uv":[188,38],"uv_size":[0.75,0.125]},"east":{"uv":[25,169],"uv_size":[4.625,0.125]},"south":{"uv":[188,40],"uv_size":[0.75,0.125]},"west":{"uv":[169,26],"uv_size":[4.625,0.125]},"up":{"uv":[74,131],"uv_size":[0.75,4.625]},"down":{"uv":[131,94.625],"uv_size":[0.75,-4.625]}}},{"origin":[-5.9,22.76434,0.2322],"size":[3.6,0.1,4.6],"pivot":[-4.1,22.91434,2.0322],"rotation":[-81,0,0],"uv":{"north":{"uv":[168,174],"uv_size":[3.625,0.125]},"east":{"uv":[169,28],"uv_size":[4.625,0.125]},"south":{"uv":[174,171],"uv_size":[3.625,0.125]},"west":{"uv":[169,30],"uv_size":[4.625,0.125]},"up":{"uv":[73,6],"uv_size":[3.625,4.625]},"down":{"uv":[73,16.625],"uv_size":[3.625,-4.625]}}},{"origin":[-8.99437,22.77353,-1.8],"size":[4.6,0.1,3.6],"pivot":[-6.19437,22.92353,0.05],"rotation":[0,0,-79],"uv":{"north":{"uv":[31,169],"uv_size":[4.625,0.125]},"east":{"uv":[173,174],"uv_size":[3.625,0.125]},"south":{"uv":[169,32],"uv_size":[4.625,0.125]},"west":{"uv":[6,175],"uv_size":[3.625,0.125]},"up":{"uv":[73,31],"uv_size":[4.625,3.625]},"down":{"uv":[73,39.625],"uv_size":[4.625,-3.625]}}},{"origin":[-4.899,22.96056,-1.8],"size":[4.6,0.1,3.6],"pivot":[-2.099,22.91056,0],"rotation":[0,0,-98],"uv":{"north":{"uv":[169,34],"uv_size":[4.625,0.125]},"east":{"uv":[11,175],"uv_size":[3.625,0.125]},"south":{"uv":[169,36],"uv_size":[4.625,0.125]},"west":{"uv":[16,175],"uv_size":[3.625,0.125]},"up":{"uv":[75,18],"uv_size":[4.625,3.625]},"down":{"uv":[62,78.625],"uv_size":[4.625,-3.625]}}}]},{"name":"Rightpijian","parent":"RightArm","pivot":[0,0,0],"cubes":[{"origin":[-6,30.1,-1.9],"size":[4.1,2,3.9],"uv":{"north":{"uv":[107,47],"uv_size":[4.125,2]},"east":{"uv":[111,97],"uv_size":[3.875,2]},"south":{"uv":[69,107],"uv_size":[4.125,2]},"west":{"uv":[111,100],"uv_size":[3.875,2]},"up":{"uv":[77,68],"uv_size":[4.125,3.875]},"down":{"uv":[78,9.875],"uv_size":[4.125,-3.875]}}},{"origin":[-4,26.9,-7],"size":[2.1,0.3,3.9],"pivot":[-3.95,30.25,-5.05],"rotation":[83,0,0],"uv":{"north":{"uv":[171,101],"uv_size":[2.125,0.25]},"east":{"uv":[158,64],"uv_size":[3.875,0.25]},"south":{"uv":[171,103],"uv_size":[2.125,0.25]},"west":{"uv":[158,66],"uv_size":[3.875,0.25]},"up":{"uv":[94,108],"uv_size":[2.125,3.875]},"down":{"uv":[98,111.875],"uv_size":[2.125,-3.875]}}},{"origin":[-6.1,26.9,-7.4],"size":[2.1,0.3,3.9],"pivot":[-3.95,30.25,-5.05],"rotation":[83,0,0],"uv":{"north":{"uv":[104,171],"uv_size":[2.125,0.25]},"east":{"uv":[158,68],"uv_size":[3.875,0.25]},"south":{"uv":[171,105],"uv_size":[2.125,0.25]},"west":{"uv":[158,70],"uv_size":[3.875,0.25]},"up":{"uv":[102,108],"uv_size":[2.125,3.875]},"down":{"uv":[106,111.875],"uv_size":[2.125,-3.875]}}},{"origin":[-6.1,26.9,3.5],"size":[2.1,0.3,3.9],"pivot":[-3.95,30.25,5.05],"rotation":[-83,0,0],"uv":{"north":{"uv":[108,171],"uv_size":[2.125,0.25]},"east":{"uv":[158,77],"uv_size":[3.875,0.25]},"south":{"uv":[112,171],"uv_size":[2.125,0.25]},"west":{"uv":[158,79],"uv_size":[3.875,0.25]},"up":{"uv":[109,3],"uv_size":[2.125,3.875]},"down":{"uv":[4,112.875],"uv_size":[2.125,-3.875]}}},{"origin":[-5.2,26.9,3.5],"size":[2.1,0.3,3.9],"pivot":[-3.95,30.25,5.05],"rotation":[-83,0,0],"uv":{"north":{"uv":[116,171],"uv_size":[2.125,0.25]},"east":{"uv":[158,83],"uv_size":[3.875,0.25]},"south":{"uv":[120,171],"uv_size":[2.125,0.25]},"west":{"uv":[158,88],"uv_size":[3.875,0.25]},"up":{"uv":[109,8],"uv_size":[2.125,3.875]},"down":{"uv":[14,112.875],"uv_size":[2.125,-3.875]}}},{"origin":[-8.81571,27.50333,-2.97944],"size":[2.1,0.3,3.9],"pivot":[-7.66571,29.35333,-1.02944],"rotation":[18.31023,86.83921,-71.59389],"uv":{"north":{"uv":[124,171],"uv_size":[2.125,0.25]},"east":{"uv":[158,90],"uv_size":[3.875,0.25]},"south":{"uv":[128,171],"uv_size":[2.125,0.25]},"west":{"uv":[158,92],"uv_size":[3.875,0.25]},"up":{"uv":[18,109],"uv_size":[2.125,3.875]},"down":{"uv":[22,112.875],"uv_size":[2.125,-3.875]}}},{"origin":[-10.71571,27.50333,-3.17944],"size":[2.1,0.3,3.9],"pivot":[-7.66571,29.35333,-1.02944],"rotation":[170.58753,83.9198,80.76142],"uv":{"north":{"uv":[136,171],"uv_size":[2.125,0.25]},"east":{"uv":[158,97],"uv_size":[3.875,0.25]},"south":{"uv":[140,171],"uv_size":[2.125,0.25]},"west":{"uv":[158,106],"uv_size":[3.875,0.25]},"up":{"uv":[30,109],"uv_size":[2.125,3.875]},"down":{"uv":[34,112.875],"uv_size":[2.125,-3.875]}}}]}]}]}