{
	"format_version": "1.12.0",
	"minecraft:geometry": [
		{
			"description": {
				"identifier": "geometry.unknown",
				"texture_width": 128,
				"texture_height": 128,
				"visible_bounds_width": 3,
				"visible_bounds_height": 4.5,
				"visible_bounds_offset": [0, 1.75, 0]
			},
			"bones": [
				{
					"name": "LeftArm",
					"pivot": [0.9, 26.125, 0],
					"cubes": [
						{
							"origin": [0.1, 21.875, -1.5],
							"size": [3.05, 7, 3],
							"uv": {
								"north": {"uv": [22, 0], "uv_size": [3, 7]},
								"east": {"uv": [44, 22], "uv_size": [3, 7]},
								"south": {"uv": [44, 40], "uv_size": [3, 7]},
								"west": {"uv": [8, 45], "uv_size": [3, 7]},
								"up": {"uv": [69, 6], "uv_size": [3, 3]},
								"down": {"uv": [69, 12], "uv_size": [3, -3]}
							}
						},
						{
							"origin": [-0.00929, 21.64909, -1.575],
							"size": [3.2025, 7.35, 3.15],
							"uv": {
								"north": {"uv": [25, 40], "uv_size": [3, 7.5]},
								"east": {"uv": [41, 0], "uv_size": [3, 7.5]},
								"south": {"uv": [5, 41], "uv_size": [3, 7.5]},
								"west": {"uv": [17, 41], "uv_size": [3, 7.5]},
								"up": {"uv": [11, 69], "uv_size": [3, 3]},
								"down": {"uv": [69, 15], "uv_size": [3, -3]}
							}
						},
						{
							"origin": [0.4, 20.975, -1.1],
							"size": [2.55, 2, 2.2],
							"uv": {
								"north": {"uv": [88, 49], "uv_size": [2.5, 2]},
								"east": {"uv": [11, 91], "uv_size": [2, 2]},
								"south": {"uv": [88, 51], "uv_size": [2.5, 2]},
								"west": {"uv": [13, 91], "uv_size": [2, 2]},
								"up": {"uv": [88, 53], "uv_size": [2.5, 2]},
								"down": {"uv": [88, 57], "uv_size": [2.5, -2]}
							}
						},
						{
							"origin": [0.3, 20.925, -1.125],
							"size": [2.7, 2.05, 2.3],
							"uv": {
								"north": {"uv": [57, 88], "uv_size": [2.5, 2]},
								"east": {"uv": [60, 88], "uv_size": [2.5, 2]},
								"south": {"uv": [67, 88], "uv_size": [2.5, 2]},
								"west": {"uv": [88, 67], "uv_size": [2.5, 2]},
								"up": {"uv": [82, 69], "uv_size": [2.5, 2.5]},
								"down": {"uv": [82, 74.5], "uv_size": [2.5, -2.5]}
							}
						}
					]
				},
				{
					"name": "LeftForeArm",
					"parent": "LeftArm",
					"pivot": [1.625, 20.175, 0.025],
					"cubes": [
						{
							"origin": [0.125, 14.875, -1.475],
							"size": [3, 7, 3],
							"uv": {
								"north": {"uv": [11, 45], "uv_size": [3, 7]},
								"east": {"uv": [14, 45], "uv_size": [3, 7]},
								"south": {"uv": [20, 46], "uv_size": [3, 7]},
								"west": {"uv": [28, 46], "uv_size": [3, 7]},
								"up": {"uv": [19, 69], "uv_size": [3, 3]},
								"down": {"uv": [69, 25], "uv_size": [3, -3]}
							}
						},
						{
							"origin": [0.01696, 16.69909, -1.54875],
							"size": [3.15, 5.55, 3.15],
							"uv": {
								"north": {"uv": [17, 49], "uv_size": [3, 5.5]},
								"east": {"uv": [50, 28], "uv_size": [3, 5.5]},
								"south": {"uv": [50, 34], "uv_size": [3, 5.5]},
								"west": {"uv": [31, 51], "uv_size": [3, 5.5]},
								"up": {"uv": [25, 69], "uv_size": [3, 3]},
								"down": {"uv": [32, 72], "uv_size": [3, -3]}
							}
						},
						{
							"origin": [-0.08304, 16.59909, -1.64875],
							"size": [3.35, 0.85, 3.35],
							"uv": {
								"north": {"uv": [91, 81], "uv_size": [3.5, 1]},
								"east": {"uv": [83, 91], "uv_size": [3.5, 1]},
								"south": {"uv": [91, 88], "uv_size": [3.5, 1]},
								"west": {"uv": [91, 89], "uv_size": [3.5, 1]},
								"up": {"uv": [12, 61], "uv_size": [3.5, 3.5]},
								"down": {"uv": [61, 33.5], "uv_size": [3.5, -3.5]}
							}
						},
						{
							"origin": [2.59554, 17.65841, -0.34875],
							"size": [0.65, 0.65, 0.55],
							"uv": {
								"north": {"uv": [107, 56], "uv_size": [0.5, 0.5]},
								"east": {"uv": [57, 107], "uv_size": [0.5, 0.5]},
								"south": {"uv": [107, 57], "uv_size": [0.5, 0.5]},
								"west": {"uv": [58, 107], "uv_size": [0.5, 0.5]},
								"up": {"uv": [107, 58], "uv_size": [0.5, 0.5]},
								"down": {"uv": [59, 107.5], "uv_size": [0.5, -0.5]}
							}
						}
					]
				},
				{
					"name": "LeftHandLocator",
					"parent": "LeftForeArm",
					"pivot": [1.625, 14.675, 0.025]
				},
				{
					"name": "RightArm",
					"pivot": [-1.3, 26.125, 0],
					"cubes": [
						{
							"origin": [-3.55, 21.875, -1.5],
							"size": [3.05, 7, 3],
							"uv": {
								"north": {"uv": [34, 46], "uv_size": [3, 7]},
								"east": {"uv": [37, 46], "uv_size": [3, 7]},
								"south": {"uv": [0, 47], "uv_size": [3, 7]},
								"west": {"uv": [47, 0], "uv_size": [3, 7]},
								"up": {"uv": [41, 69], "uv_size": [3, 3]},
								"down": {"uv": [69, 50], "uv_size": [3, -3]}
							}
						},
						{
							"origin": [-3.67179, 21.60841, -1.575],
							"size": [3.2025, 7.35, 3.15],
							"uv": {
								"north": {"uv": [41, 40], "uv_size": [3, 7.5]},
								"east": {"uv": [31, 43], "uv_size": [3, 7.5]},
								"south": {"uv": [44, 0], "uv_size": [3, 7.5]},
								"west": {"uv": [44, 8], "uv_size": [3, 7.5]},
								"up": {"uv": [49, 69], "uv_size": [3, 3]},
								"down": {"uv": [69, 53], "uv_size": [3, -3]}
							}
						},
						{
							"origin": [-3.35, 20.975, -1.1],
							"size": [2.55, 2, 2.2],
							"uv": {
								"north": {"uv": [88, 69], "uv_size": [2.5, 2]},
								"east": {"uv": [91, 14], "uv_size": [2, 2]},
								"south": {"uv": [70, 88], "uv_size": [2.5, 2]},
								"west": {"uv": [15, 91], "uv_size": [2, 2]},
								"up": {"uv": [88, 71], "uv_size": [2.5, 2]},
								"down": {"uv": [88, 80], "uv_size": [2.5, -2]}
							}
						},
						{
							"origin": [-3.4, 20.925, -1.125],
							"size": [2.7, 2.05, 2.3],
							"uv": {
								"north": {"uv": [88, 80], "uv_size": [2.5, 2]},
								"east": {"uv": [85, 88], "uv_size": [2.5, 2]},
								"south": {"uv": [88, 88], "uv_size": [2.5, 2]},
								"west": {"uv": [0, 89], "uv_size": [2.5, 2]},
								"up": {"uv": [82, 75], "uv_size": [2.5, 2.5]},
								"down": {"uv": [80, 84.5], "uv_size": [2.5, -2.5]}
							}
						}
					]
				},
				{
					"name": "RightForeArm",
					"parent": "RightArm",
					"pivot": [-2.025, 20.175, 0.025],
					"cubes": [
						{
							"origin": [-3.64554, 16.75841, -1.54875],
							"size": [3.15, 5.55, 3.15],
							"uv": {
								"north": {"uv": [51, 40], "uv_size": [3, 5.5]},
								"east": {"uv": [51, 46], "uv_size": [3, 5.5]},
								"south": {"uv": [6, 52], "uv_size": [3, 5.5]},
								"west": {"uv": [9, 52], "uv_size": [3, 5.5]},
								"up": {"uv": [52, 69], "uv_size": [3, 3]},
								"down": {"uv": [69, 56], "uv_size": [3, -3]}
							}
						},
						{
							"origin": [-3.74554, 16.65841, -1.64875],
							"size": [3.35, 0.85, 3.35],
							"uv": {
								"north": {"uv": [92, 4], "uv_size": [3.5, 1]},
								"east": {"uv": [92, 5], "uv_size": [3.5, 1]},
								"south": {"uv": [92, 6], "uv_size": [3.5, 1]},
								"west": {"uv": [92, 24], "uv_size": [3.5, 1]},
								"up": {"uv": [32, 61], "uv_size": [3.5, 3.5]},
								"down": {"uv": [49, 64.5], "uv_size": [3.5, -3.5]}
							}
						},
						{
							"origin": [-3.74554, 16.65841, -1.64875],
							"size": [3.35, 0.85, 3.35],
							"uv": {
								"north": {"uv": [92, 25], "uv_size": [3.5, 1]},
								"east": {"uv": [92, 26], "uv_size": [3.5, 1]},
								"south": {"uv": [28, 92], "uv_size": [3.5, 1]},
								"west": {"uv": [92, 33], "uv_size": [3.5, 1]},
								"up": {"uv": [53, 61], "uv_size": [3.5, 3.5]},
								"down": {"uv": [57, 64.5], "uv_size": [3.5, -3.5]}
							}
						},
						{
							"origin": [-3.74554, 17.65841, -0.34875],
							"size": [0.65, 0.65, 0.55],
							"uv": {
								"north": {"uv": [107, 59], "uv_size": [0.5, 0.5]},
								"east": {"uv": [60, 107], "uv_size": [0.5, 0.5]},
								"south": {"uv": [107, 60], "uv_size": [0.5, 0.5]},
								"west": {"uv": [61, 107], "uv_size": [0.5, 0.5]},
								"up": {"uv": [107, 61], "uv_size": [0.5, 0.5]},
								"down": {"uv": [62, 107.5], "uv_size": [0.5, -0.5]}
							}
						},
						{
							"origin": [-3.525, 14.875, -1.475],
							"size": [3, 7, 3],
							"uv": {
								"north": {"uv": [47, 7], "uv_size": [3, 7]},
								"east": {"uv": [47, 22], "uv_size": [3, 7]},
								"south": {"uv": [47, 29], "uv_size": [3, 7]},
								"west": {"uv": [47, 36], "uv_size": [3, 7]},
								"up": {"uv": [55, 69], "uv_size": [3, 3]},
								"down": {"uv": [14, 73], "uv_size": [3, -3]}
							}
						}
					]
				},
				{
					"name": "RightHandLocator",
					"parent": "RightForeArm",
					"pivot": [-2.025, 14.675, 0.025]
				}
			]
		}
	]
}