{
	"format_version": "1.12.0",
	"minecraft:geometry": [
		{
			"description": {
				"identifier": "geometry.unknown",
				"texture_width": 512,
				"texture_height": 512,
				"visible_bounds_width": 17,
				"visible_bounds_height": 12,
				"visible_bounds_offset": [0, 4, 0]
			},
			"bones": [
				{
					"name": "RightArm",
					"pivot": [-4.25, 33.275, 0],
					"cubes": [
						{
							"origin": [-6.7, 25.525, -2.1],
							"size": [4.25, 9, 4.3],
							"uv": {
								"north": {"uv": [56, 15], "uv_size": [4, 9]},
								"east": {"uv": [52, 15], "uv_size": [4, 9]},
								"south": {"uv": [64, 15], "uv_size": [4, 9]},
								"west": {"uv": [60, 15], "uv_size": [4, 9]},
								"up": {"uv": [56, 11], "uv_size": [4, 4]},
								"down": {"uv": [60, 15], "uv_size": [4, -4]}
							}
						}
					]
				},
				{
					"name": "RightForeArm",
					"parent": "RightArm",
					"pivot": [-4.475, 27.725, 0.025],
					"cubes": [
						{
							"origin": [-6.175, 18.2, -1.575],
							"size": [3.2, 7.5, 3.3],
							"uv": {
								"north": {"uv": [71, 73], "uv_size": [3, 7]},
								"east": {"uv": [68, 73], "uv_size": [3, 7]},
								"south": {"uv": [77, 73], "uv_size": [3, 7]},
								"west": {"uv": [74, 73], "uv_size": [3, 7]},
								"up": {"uv": [71, 70], "uv_size": [3, 3]},
								"down": {"uv": [74, 73], "uv_size": [3, -3]}
							}
						},
						{
							"origin": [-7.2, 19.525, -2.6],
							"size": [5.25, 9, 5.3],
							"uv": {
								"north": {"uv": [37, 20], "uv_size": [5, 9]},
								"east": {"uv": [32, 20], "uv_size": [5, 9]},
								"south": {"uv": [47, 20], "uv_size": [5, 9]},
								"west": {"uv": [42, 20], "uv_size": [5, 9]},
								"up": {"uv": [37, 15], "uv_size": [5, 5]},
								"down": {"uv": [42, 20], "uv_size": [5, -5]}
							}
						},
						{
							"origin": [-6.175, 16.725, -1.575],
							"size": [1, 1.5, 3.3],
							"uv": {
								"north": {"uv": [35, 50], "uv_size": [1, 1]},
								"east": {"uv": [32, 50], "uv_size": [3, 1]},
								"south": {"uv": [39, 50], "uv_size": [1, 1]},
								"west": {"uv": [36, 50], "uv_size": [3, 1]},
								"up": {"uv": [35, 47], "uv_size": [1, 3]},
								"down": {"uv": [36, 50], "uv_size": [1, -3]}
							}
						},
						{
							"origin": [-3.975, 17.225, -1.575],
							"size": [1, 1, 1],
							"uv": {
								"north": {"uv": [78, 9], "uv_size": [1, 1]},
								"east": {"uv": [77, 9], "uv_size": [1, 1]},
								"south": {"uv": [80, 9], "uv_size": [1, 1]},
								"west": {"uv": [79, 9], "uv_size": [1, 1]},
								"up": {"uv": [78, 8], "uv_size": [1, 1]},
								"down": {"uv": [79, 9], "uv_size": [1, -1]}
							}
						}
					]
				},
				{
					"name": "dao",
					"parent": "RightForeArm",
					"pivot": [-4.4601, 17.03523, -4.1],
					"rotation": [-92.5, 0, 0],
					"cubes": [
						{
							"origin": [-4.78173, 14.51668, -3.13217],
							"size": [0.4, 4.1, 1],
							"pivot": [9.91827, -3.38332, -0.13217],
							"rotation": [5, 0, 0],
							"uv": {
								"north": {"uv": [34, 15], "uv_size": [1, 4]},
								"east": {"uv": [35, 15], "uv_size": [1, 4]},
								"south": {"uv": [36, 15], "uv_size": [1, 4]},
								"west": {"uv": [20, 37], "uv_size": [1, 4]},
								"up": {"uv": [5, 0], "uv_size": [1, 1]},
								"down": {"uv": [6, 1], "uv_size": [1, -1]}
							}
						},
						{
							"origin": [-5.18173, 19.04017, -1.35211],
							"size": [1.2, 6, 1.2],
							"pivot": [10.21827, -2.95983, 1.74789],
							"rotation": [10, 0, 0],
							"uv": {
								"north": {"uv": [19, 90], "uv_size": [1, 6]},
								"east": {"uv": [37, 90], "uv_size": [1, 6]},
								"south": {"uv": [38, 90], "uv_size": [1, 6]},
								"west": {"uv": [39, 90], "uv_size": [1, 6]},
								"up": {"uv": [7, 2], "uv_size": [1, 1]},
								"down": {"uv": [4, 8], "uv_size": [1, -1]}
							}
						},
						{
							"origin": [-4.78173, 10.28671, -4.68955],
							"size": [0.4, 2, 1],
							"uv": {
								"north": {"uv": [21, 38], "uv_size": [1, 2]},
								"east": {"uv": [21, 40], "uv_size": [1, 2]},
								"south": {"uv": [46, 29], "uv_size": [1, 2]},
								"west": {"uv": [34, 47], "uv_size": [1, 2]},
								"up": {"uv": [5, 7], "uv_size": [1, 1]},
								"down": {"uv": [22, 7], "uv_size": [1, -1]}
							}
						},
						{
							"origin": [-4.78173, 8.30995, -4.7545],
							"size": [0.4, 2, 1],
							"pivot": [16.41827, 8.80995, -4.2545],
							"rotation": [-2.5, 0, 0],
							"uv": {
								"north": {"uv": [37, 47], "uv_size": [1, 2]},
								"east": {"uv": [38, 47], "uv_size": [1, 2]},
								"south": {"uv": [39, 47], "uv_size": [1, 2]},
								"west": {"uv": [50, 0], "uv_size": [1, 2]},
								"up": {"uv": [23, 6], "uv_size": [1, 1]},
								"down": {"uv": [24, 7], "uv_size": [1, -1]}
							}
						},
						{
							"origin": [-4.78173, 6.38565, -4.87396],
							"size": [0.4, 2, 1],
							"pivot": [-4.58173, 7.18527, -4.29141],
							"rotation": [-5, 0, 0],
							"uv": {
								"north": {"uv": [51, 0], "uv_size": [1, 2]},
								"east": {"uv": [51, 15], "uv_size": [1, 2]},
								"south": {"uv": [51, 17], "uv_size": [1, 2]},
								"west": {"uv": [36, 51], "uv_size": [1, 2]},
								"up": {"uv": [24, 20], "uv_size": [1, 1]},
								"down": {"uv": [27, 7], "uv_size": [1, -1]}
							}
						},
						{
							"origin": [-4.78173, 4.48204, -5.16864],
							"size": [0.4, 2, 1],
							"pivot": [16.41827, 4.88204, -4.66864],
							"rotation": [-8.5, 0, 0],
							"uv": {
								"north": {"uv": [37, 51], "uv_size": [1, 2]},
								"east": {"uv": [52, 24], "uv_size": [1, 2]},
								"south": {"uv": [53, 24], "uv_size": [1, 2]},
								"west": {"uv": [54, 8], "uv_size": [1, 2]},
								"up": {"uv": [28, 6], "uv_size": [1, 1]},
								"down": {"uv": [29, 7], "uv_size": [1, -1]}
							}
						},
						{
							"origin": [-4.78173, 12.28671, -4.68955],
							"size": [0.4, 2, 1],
							"uv": {
								"north": {"uv": [47, 54], "uv_size": [1, 2]},
								"east": {"uv": [55, 8], "uv_size": [1, 2]},
								"south": {"uv": [22, 56], "uv_size": [1, 2]},
								"west": {"uv": [23, 56], "uv_size": [1, 2]},
								"up": {"uv": [30, 0], "uv_size": [1, 1]},
								"down": {"uv": [30, 16], "uv_size": [1, -1]}
							}
						},
						{
							"origin": [-4.78173, 0.51417, -5.02],
							"size": [0.4, 2, 1],
							"pivot": [16.41827, 4.91417, -4.52],
							"rotation": [-13, 0, 0],
							"uv": {
								"north": {"uv": [30, 56], "uv_size": [1, 2]},
								"east": {"uv": [31, 56], "uv_size": [1, 2]},
								"south": {"uv": [58, 0], "uv_size": [1, 2]},
								"west": {"uv": [58, 27], "uv_size": [1, 2]},
								"up": {"uv": [31, 15], "uv_size": [1, 1]},
								"down": {"uv": [31, 21], "uv_size": [1, -1]}
							}
						},
						{
							"origin": [-4.78173, 1.10753, -1.78031],
							"size": [0.4, 0.7, 0.7],
							"pivot": [16.41827, 4.90753, -4.28031],
							"rotation": [-55.5, 0, 0],
							"uv": {
								"north": {"uv": [0, 32], "uv_size": [1, 1]},
								"east": {"uv": [3, 32], "uv_size": [1, 1]},
								"south": {"uv": [32, 17], "uv_size": [1, 1]},
								"west": {"uv": [32, 29], "uv_size": [1, 1]},
								"up": {"uv": [33, 0], "uv_size": [1, 1]},
								"down": {"uv": [33, 18], "uv_size": [1, -1]}
							}
						},
						{
							"origin": [-4.78173, 2.46592, -5.14304],
							"size": [0.4, 2.1, 1],
							"pivot": [16.41827, 4.96592, -4.64304],
							"rotation": [-10, 0, 0],
							"uv": {
								"north": {"uv": [59, 0], "uv_size": [1, 2]},
								"east": {"uv": [59, 31], "uv_size": [1, 2]},
								"south": {"uv": [60, 24], "uv_size": [1, 2]},
								"west": {"uv": [60, 31], "uv_size": [1, 2]},
								"up": {"uv": [34, 19], "uv_size": [1, 1]},
								"down": {"uv": [35, 20], "uv_size": [1, -1]}
							}
						},
						{
							"origin": [-4.78173, -0.03922, -5.09262],
							"size": [0.4, 0.51609, 0.52709],
							"pivot": [16.41827, 4.57687, -4.39262],
							"rotation": [-13, 0, 0],
							"uv": {
								"north": {"uv": [4, 36], "uv_size": [1, 1]},
								"east": {"uv": [36, 19], "uv_size": [1, 1]},
								"south": {"uv": [20, 41], "uv_size": [1, 1]},
								"west": {"uv": [45, 29], "uv_size": [1, 1]},
								"up": {"uv": [15, 46], "uv_size": [1, 1]},
								"down": {"uv": [16, 47], "uv_size": [1, -1]}
							}
						}
					]
				},
				{
					"name": "RightHand",
					"parent": "RightForeArm",
					"pivot": [-4.575, 18.325, 0.025],
					"cubes": [
						{
							"origin": [-5.075, 21.825, -0.475],
							"size": [1, 1, 1],
							"uv": {
								"north": {"uv": [5, 78], "uv_size": [1, 1]},
								"east": {"uv": [4, 78], "uv_size": [1, 1]},
								"south": {"uv": [7, 78], "uv_size": [1, 1]},
								"west": {"uv": [6, 78], "uv_size": [1, 1]},
								"up": {"uv": [5, 77], "uv_size": [1, 1]},
								"down": {"uv": [6, 78], "uv_size": [1, -1]}
							}
						}
					]
				},
				{
					"name": "RightHandLocator",
					"parent": "RightHand",
					"pivot": [-4.575, 18.325, 0.025],
					"cubes": [
						{
							"origin": [-5.075, 21.825, -0.475],
							"size": [1, 1, 1],
							"uv": {
								"north": {"uv": [47, 64], "uv_size": [1, 1]},
								"east": {"uv": [46, 64], "uv_size": [1, 1]},
								"south": {"uv": [49, 64], "uv_size": [1, 1]},
								"west": {"uv": [48, 64], "uv_size": [1, 1]},
								"up": {"uv": [47, 63], "uv_size": [1, 1]},
								"down": {"uv": [48, 64], "uv_size": [1, -1]}
							}
						}
					]
				},
				{
					"name": "LeftArm",
					"pivot": [4.25, 33.4, 0],
					"cubes": [
						{
							"origin": [2.45, 25.65, -2.1],
							"size": [4.25, 9, 4.3],
							"uv": {
								"north": {"uv": [52, 52], "uv_size": [4, 9]},
								"east": {"uv": [48, 52], "uv_size": [4, 9]},
								"south": {"uv": [60, 52], "uv_size": [4, 9]},
								"west": {"uv": [56, 52], "uv_size": [4, 9]},
								"up": {"uv": [52, 48], "uv_size": [4, 4]},
								"down": {"uv": [56, 52], "uv_size": [4, -4]}
							}
						}
					]
				},
				{
					"name": "LeftForeArm",
					"parent": "LeftArm",
					"pivot": [4.475, 27.75, 0.025],
					"cubes": [
						{
							"origin": [2.975, 18.225, -1.575],
							"size": [3.2, 7.5, 3.3],
							"uv": {
								"north": {"uv": [59, 73], "uv_size": [3, 7]},
								"east": {"uv": [56, 73], "uv_size": [3, 7]},
								"south": {"uv": [65, 73], "uv_size": [3, 7]},
								"west": {"uv": [62, 73], "uv_size": [3, 7]},
								"up": {"uv": [59, 70], "uv_size": [3, 3]},
								"down": {"uv": [62, 73], "uv_size": [3, -3]}
							}
						},
						{
							"origin": [1.95, 19.65, -2.6],
							"size": [5.25, 9, 5.3],
							"uv": {
								"north": {"uv": [5, 37], "uv_size": [5, 9]},
								"east": {"uv": [0, 37], "uv_size": [5, 9]},
								"south": {"uv": [15, 37], "uv_size": [5, 9]},
								"west": {"uv": [10, 37], "uv_size": [5, 9]},
								"up": {"uv": [5, 32], "uv_size": [5, 5]},
								"down": {"uv": [10, 37], "uv_size": [5, -5]}
							}
						},
						{
							"origin": [5.175, 16.75, -1.575],
							"size": [1, 1.5, 3.3],
							"uv": {
								"north": {"uv": [25, 7], "uv_size": [1, 1]},
								"east": {"uv": [22, 7], "uv_size": [3, 1]},
								"south": {"uv": [29, 7], "uv_size": [1, 1]},
								"west": {"uv": [26, 7], "uv_size": [3, 1]},
								"up": {"uv": [25, 4], "uv_size": [1, 3]},
								"down": {"uv": [26, 7], "uv_size": [1, -3]}
							}
						},
						{
							"origin": [2.975, 17.725, -1.575],
							"size": [1, 1, 1],
							"uv": {
								"north": {"uv": [45, 53], "uv_size": [1, 1]},
								"east": {"uv": [44, 53], "uv_size": [1, 1]},
								"south": {"uv": [47, 53], "uv_size": [1, 1]},
								"west": {"uv": [46, 53], "uv_size": [1, 1]},
								"up": {"uv": [45, 52], "uv_size": [1, 1]},
								"down": {"uv": [46, 53], "uv_size": [1, -1]}
							}
						}
					]
				},
				{
					"name": "LeftHand",
					"parent": "LeftForeArm",
					"pivot": [4.575, 18.225, 0.025]
				},
				{
					"name": "LeftHandLocator",
					"parent": "LeftHand",
					"pivot": [4.575, 18.225, 0.025],
					"cubes": [
						{
							"origin": [4.075, 21.725, -0.475],
							"size": [1, 1, 1],
							"uv": {
								"north": {"uv": [31, 1], "uv_size": [1, 1]},
								"east": {"uv": [30, 1], "uv_size": [1, 1]},
								"south": {"uv": [33, 1], "uv_size": [1, 1]},
								"west": {"uv": [32, 1], "uv_size": [1, 1]},
								"up": {"uv": [31, 0], "uv_size": [1, 1]},
								"down": {"uv": [32, 1], "uv_size": [1, -1]}
							}
						}
					]
				}
			]
		}
	]
}