{
	"format_version": "1.12.0",
	"minecraft:geometry": [
		{
			"description": {
				"identifier": "geometry.unknown",
				"texture_width": 256,
				"texture_height": 256,
				"visible_bounds_width": 3,
				"visible_bounds_height": 4.5,
				"visible_bounds_offset": [0, 1.75, 0]
			},
			"bones": [
				{
					"name": "RightArm",
					"pivot": [-6.798, 29.2314, 0],
					"cubes": [
						{
							"origin": [-5.09155, 23.793, -2.88452],
							"size": [5.71032, 8.42952, 5.71032],
							"uv": {
								"north": {"uv": [57, 60], "uv_size": [5.75, 8.5]},
								"east": {"uv": [22, 61], "uv_size": [5.75, 8.5]},
								"south": {"uv": [28, 61], "uv_size": [5.75, 8.5]},
								"west": {"uv": [0, 62], "uv_size": [5.75, 8.5]},
								"up": {"uv": [91, 0], "uv_size": [5.75, 5.75]},
								"down": {"uv": [91, 18.75], "uv_size": [5.75, -5.75]}
							}
						}
					]
				},
				{
					"name": "RightArm3",
					"parent": "RightArm",
					"pivot": [-10.8, 11.04997, 20.44355],
					"rotation": [0, 180, 0],
					"cubes": [
						{
							"origin": [-21.8, 37.75453, 37.41427],
							"size": [4.9, 1.5, 2],
							"pivot": [-10.8, 33.36382, 11.69095],
							"rotation": [-27.5, 0, 0],
							"uv": {
								"north": {"uv": [140, 26], "uv_size": [5, 1.5]},
								"east": {"uv": [85, 162], "uv_size": [2, 1.5]},
								"south": {"uv": [140, 57], "uv_size": [5, 1.5]},
								"west": {"uv": [162, 86], "uv_size": [2, 1.5]},
								"up": {"uv": [65, 131], "uv_size": [5, 2]},
								"down": {"uv": [70, 133], "uv_size": [5, -2]}
							}
						},
						{
							"origin": [-21.8, 22.08507, 36.81595],
							"size": [4.9, 2.5, 2],
							"pivot": [-10.8, 18.55003, 18.44355],
							"rotation": [2.5, 0, 0],
							"uv": {
								"north": {"uv": [56, 121], "uv_size": [5, 2.5]},
								"east": {"uv": [130, 151], "uv_size": [2, 2.5]},
								"south": {"uv": [61, 121], "uv_size": [5, 2.5]},
								"west": {"uv": [132, 151], "uv_size": [2, 2.5]},
								"up": {"uv": [131, 73], "uv_size": [5, 2]},
								"down": {"uv": [131, 77], "uv_size": [5, -2]}
							}
						},
						{
							"origin": [-21.8, 8.60929, 37.52331],
							"size": [4.9, 1.9, 2],
							"pivot": [-10.8, 14.9, 11.8],
							"rotation": [27.5, 0, 0],
							"uv": {
								"north": {"uv": [131, 108], "uv_size": [5, 2]},
								"east": {"uv": [85, 155], "uv_size": [2, 2]},
								"south": {"uv": [131, 110], "uv_size": [5, 2]},
								"west": {"uv": [155, 91], "uv_size": [2, 2]},
								"up": {"uv": [115, 131], "uv_size": [5, 2]},
								"down": {"uv": [131, 118], "uv_size": [5, -2]}
							}
						},
						{
							"origin": [-21.8, -0.78832, 33.31585],
							"size": [4.9, 2.5, 2],
							"pivot": [-10.8, 15.71892, 15.66176],
							"rotation": [52.5, 0, 0],
							"uv": {
								"north": {"uv": [71, 121], "uv_size": [5, 2.5]},
								"east": {"uv": [138, 151], "uv_size": [2, 2.5]},
								"south": {"uv": [76, 121], "uv_size": [5, 2.5]},
								"west": {"uv": [140, 151], "uv_size": [2, 2.5]},
								"up": {"uv": [131, 118], "uv_size": [5, 2]},
								"down": {"uv": [131, 122], "uv_size": [5, -2]}
							}
						},
						{
							"origin": [-21.8, -1.63886, 32.7992],
							"size": [4.9, 0.7, 2],
							"pivot": [-10.8, 15.17587, 18.2992],
							"rotation": [60, 0, 0],
							"uv": {
								"north": {"uv": [157, 55], "uv_size": [5, 0.75]},
								"east": {"uv": [156, 164], "uv_size": [2, 0.75]},
								"south": {"uv": [157, 56], "uv_size": [5, 0.75]},
								"west": {"uv": [164, 156], "uv_size": [2, 0.75]},
								"up": {"uv": [131, 122], "uv_size": [5, 2]},
								"down": {"uv": [131, 126], "uv_size": [5, -2]}
							}
						},
						{
							"origin": [-22.4, 26.27755, 36.93319],
							"size": [6, 1, 6.3],
							"pivot": [-10.8, 18.55003, 18.44355],
							"rotation": [-5, 0, 0],
							"uv": {
								"north": {"uv": [148, 115], "uv_size": [6, 1]},
								"east": {"uv": [27, 148], "uv_size": [6.25, 1]},
								"south": {"uv": [148, 133], "uv_size": [6, 1]},
								"west": {"uv": [148, 34], "uv_size": [6.25, 1]},
								"up": {"uv": [88, 59], "uv_size": [6, 6.25]},
								"down": {"uv": [88, 72.25], "uv_size": [6, -6.25]}
							}
						},
						{
							"origin": [-22.4, 20.72245, 38.53319],
							"size": [6, 1, 6.3],
							"pivot": [-10.8, 11.04997, 18.44355],
							"rotation": [5, 0, 0],
							"uv": {
								"north": {"uv": [148, 134], "uv_size": [6, 1]},
								"east": {"uv": [148, 35], "uv_size": [6.25, 1]},
								"south": {"uv": [3, 149], "uv_size": [6, 1]},
								"west": {"uv": [148, 36], "uv_size": [6.25, 1]},
								"up": {"uv": [88, 73], "uv_size": [6, 6.25]},
								"down": {"uv": [88, 86.25], "uv_size": [6, -6.25]}
							}
						}
					]
				},
				{
					"name": "RightArm4",
					"parent": "RightArm",
					"pivot": [-1.3231, 20.5, 31.6363],
					"cubes": [
						{
							"origin": [-31.36528, 27.98257, -3.3857],
							"size": [4.2, 2.5, 0.81],
							"pivot": [-15.86528, 0.98257, -35.08547],
							"rotation": [0, 0, 52.5],
							"uv": {
								"north": {"uv": [125, 79], "uv_size": [4.25, 2.5]},
								"east": {"uv": [50, 163], "uv_size": [0.75, 2.5]},
								"south": {"uv": [125, 92], "uv_size": [4.25, 2.5]},
								"west": {"uv": [59, 163], "uv_size": [0.75, 2.5]},
								"up": {"uv": [159, 13], "uv_size": [4.25, 0.75]},
								"down": {"uv": [159, 65.75], "uv_size": [4.25, -0.75]}
							}
						},
						{
							"origin": [-4.01453, 25.5, -3.38547],
							"size": [2.1, 5.8, 1],
							"uv": {
								"north": {"uv": [122, 65], "uv_size": [2, 5.75]},
								"east": {"uv": [40, 149], "uv_size": [1, 5.75]},
								"south": {"uv": [122, 84], "uv_size": [2, 5.75]},
								"west": {"uv": [149, 40], "uv_size": [1, 5.75]},
								"up": {"uv": [124, 34], "uv_size": [2, 1]},
								"down": {"uv": [69, 127], "uv_size": [2, -1]}
							}
						},
						{
							"origin": [-11.2231, 25.5, -5.9363],
							"size": [1.3, 5.8, 1],
							"pivot": [4.6769, -1.5, -31.6363],
							"rotation": [0, 12.5, 0],
							"uv": {
								"north": {"uv": [58, 141], "uv_size": [1.25, 5.75]},
								"east": {"uv": [102, 148], "uv_size": [1, 5.75]},
								"south": {"uv": [141, 59], "uv_size": [1.25, 5.75]},
								"west": {"uv": [33, 149], "uv_size": [1, 5.75]},
								"up": {"uv": [165, 102], "uv_size": [1.25, 1]},
								"down": {"uv": [103, 166], "uv_size": [1.25, -1]}
							}
						},
						{
							"origin": [-11.62838, 25.5, -0.97052],
							"size": [1, 5.5, 2],
							"pivot": [0.37162, -1.5, 27.02948],
							"rotation": [0, -12.5, 0],
							"uv": {
								"north": {"uv": [67, 150], "uv_size": [1, 5.5]},
								"east": {"uv": [37, 124], "uv_size": [2, 5.5]},
								"south": {"uv": [68, 150], "uv_size": [1, 5.5]},
								"west": {"uv": [39, 124], "uv_size": [2, 5.5]},
								"up": {"uv": [122, 123], "uv_size": [1, 2]},
								"down": {"uv": [15, 126], "uv_size": [1, -2]}
							}
						},
						{
							"origin": [-5.7165, 25.5, -0.95149],
							"size": [1, 6.6, 2],
							"uv": {
								"north": {"uv": [87, 143], "uv_size": [1, 6.5]},
								"east": {"uv": [118, 120], "uv_size": [2, 6.5]},
								"south": {"uv": [134, 143], "uv_size": [1, 6.5]},
								"west": {"uv": [121, 8], "uv_size": [2, 6.5]},
								"up": {"uv": [125, 55], "uv_size": [1, 2]},
								"down": {"uv": [126, 84], "uv_size": [1, -2]}
							}
						},
						{
							"origin": [-11.62838, 25.5, -0.93246],
							"size": [1, 5.5, 2],
							"pivot": [0.37162, -1.5, -26.93246],
							"rotation": [0, 12.5, 0],
							"uv": {
								"north": {"uv": [69, 150], "uv_size": [1, 5.5]},
								"east": {"uv": [41, 124], "uv_size": [2, 5.5]},
								"south": {"uv": [150, 74], "uv_size": [1, 5.5]},
								"west": {"uv": [43, 124], "uv_size": [2, 5.5]},
								"up": {"uv": [62, 127], "uv_size": [1, 2]},
								"down": {"uv": [75, 129], "uv_size": [1, -2]}
							}
						},
						{
							"origin": [-15.0242, 61.44394, -15.74961],
							"size": [1, 1.1, 1.5],
							"pivot": [-3.02411, 28.94394, -42.24961],
							"rotation": [-47.5, 12.5, 0],
							"uv": {
								"north": {"uv": [24, 127], "uv_size": [1, 1]},
								"east": {"uv": [164, 164], "uv_size": [1.5, 1]},
								"south": {"uv": [65, 129], "uv_size": [1, 1]},
								"west": {"uv": [165, 6], "uv_size": [1.5, 1]},
								"up": {"uv": [165, 7], "uv_size": [1, 1.5]},
								"down": {"uv": [165, 10.5], "uv_size": [1, -1.5]}
							}
						},
						{
							"origin": [-11.62838, 31, -0.93246],
							"size": [1, 1.1, 1],
							"pivot": [0.37162, -1.5, -26.93246],
							"rotation": [0, 12.5, 0],
							"uv": {
								"north": {"uv": [78, 129], "uv_size": [1, 1]},
								"east": {"uv": [23, 131], "uv_size": [1, 1]},
								"south": {"uv": [105, 135], "uv_size": [1, 1]},
								"west": {"uv": [13, 137], "uv_size": [1, 1]},
								"up": {"uv": [20, 137], "uv_size": [1, 1]},
								"down": {"uv": [25, 138], "uv_size": [1, -1]}
							}
						},
						{
							"origin": [-11.62838, 31, 0.02948],
							"size": [1, 1.1, 1],
							"pivot": [0.37162, -1.5, 27.02948],
							"rotation": [0, -12.5, 0],
							"uv": {
								"north": {"uv": [61, 138], "uv_size": [1, 1]},
								"east": {"uv": [140, 59], "uv_size": [1, 1]},
								"south": {"uv": [60, 141], "uv_size": [1, 1]},
								"west": {"uv": [141, 65], "uv_size": [1, 1]},
								"up": {"uv": [7, 142], "uv_size": [1, 1]},
								"down": {"uv": [107, 143], "uv_size": [1, -1]}
							}
						},
						{
							"origin": [-15.0242, 61.44394, 14.34663],
							"size": [1, 1.1, 1.5],
							"pivot": [-3.02411, 28.94394, 42.34663],
							"rotation": [47.5, -12.5, 0],
							"uv": {
								"north": {"uv": [143, 74], "uv_size": [1, 1]},
								"east": {"uv": [165, 11], "uv_size": [1.5, 1]},
								"south": {"uv": [113, 143], "uv_size": [1, 1]},
								"west": {"uv": [16, 165], "uv_size": [1.5, 1]},
								"up": {"uv": [18, 165], "uv_size": [1, 1.5]},
								"down": {"uv": [19, 166.5], "uv_size": [1, -1.5]}
							}
						},
						{
							"origin": [-11.2231, 25.5, 4.9363],
							"size": [1.3, 5.8, 1],
							"pivot": [4.6769, -1.5, 31.6363],
							"rotation": [0, -12.5, 0],
							"uv": {
								"north": {"uv": [67, 141], "uv_size": [1.25, 5.75]},
								"east": {"uv": [41, 149], "uv_size": [1, 5.75]},
								"south": {"uv": [69, 141], "uv_size": [1.25, 5.75]},
								"west": {"uv": [42, 149], "uv_size": [1, 5.75]},
								"up": {"uv": [165, 103], "uv_size": [1.25, 1]},
								"down": {"uv": [165, 105], "uv_size": [1.25, -1]}
							}
						},
						{
							"origin": [-4.01453, 25.5, 2.38547],
							"size": [2.1, 5.8, 1],
							"uv": {
								"north": {"uv": [123, 8], "uv_size": [2, 5.75]},
								"east": {"uv": [43, 149], "uv_size": [1, 5.75]},
								"south": {"uv": [123, 40], "uv_size": [2, 5.75]},
								"west": {"uv": [44, 149], "uv_size": [1, 5.75]},
								"up": {"uv": [126, 116], "uv_size": [2, 1]},
								"down": {"uv": [128, 21], "uv_size": [2, -1]}
							}
						},
						{
							"origin": [-31.36528, 27.98257, 2.58547],
							"size": [4.2, 2.5, 0.81],
							"pivot": [-15.86528, 0.98257, -29.11453],
							"rotation": [0, 0, 52.5],
							"uv": {
								"north": {"uv": [125, 95], "uv_size": [4.25, 2.5]},
								"east": {"uv": [66, 163], "uv_size": [0.75, 2.5]},
								"south": {"uv": [125, 105], "uv_size": [4.25, 2.5]},
								"west": {"uv": [8, 164], "uv_size": [0.75, 2.5]},
								"up": {"uv": [159, 66], "uv_size": [4.25, 0.75]},
								"down": {"uv": [159, 69.75], "uv_size": [4.25, -0.75]}
							}
						},
						{
							"origin": [-1.91453, 25.5, -3.38547],
							"size": [3.2, 2.5, 6.775],
							"uv": {
								"north": {"uv": [136, 71], "uv_size": [3.25, 2.5]},
								"east": {"uv": [6, 114], "uv_size": [6.75, 2.5]},
								"south": {"uv": [136, 74], "uv_size": [3.25, 2.5]},
								"west": {"uv": [114, 8], "uv_size": [6.75, 2.5]},
								"up": {"uv": [66, 78], "uv_size": [3.25, 6.75]},
								"down": {"uv": [5, 112.75], "uv_size": [3.25, -6.75]}
							}
						}
					]
				},
				{
					"name": "RightSleeve",
					"parent": "RightArm",
					"pivot": [-6.798, 29.2314, 0]
				},
				{
					"name": "RightForeArm",
					"parent": "RightArm",
					"pivot": [-8.1576, 23.793, 0],
					"cubes": [
						{
							"origin": [-5.09155, 19.17036, -2.88452],
							"size": [5.71032, 4.62264, 5.71032],
							"uv": {
								"north": {"uv": [100, 75], "uv_size": [5.75, 4.5]},
								"east": {"uv": [101, 6], "uv_size": [5.75, 4.5]},
								"south": {"uv": [101, 30], "uv_size": [5.75, 4.5]},
								"west": {"uv": [101, 35], "uv_size": [5.75, 4.5]},
								"up": {"uv": [91, 19], "uv_size": [5.75, 5.75]},
								"down": {"uv": [91, 30.75], "uv_size": [5.75, -5.75]}
							}
						},
						{
							"origin": [-5.06993, 17.13096, -2.88452],
							"size": [5.71032, 2.0394, 5.71032],
							"uv": {
								"north": {"uv": [27, 53], "uv_size": [5.75, 2]},
								"east": {"uv": [120, 46], "uv_size": [5.75, 2]},
								"south": {"uv": [120, 57], "uv_size": [5.75, 2]},
								"west": {"uv": [120, 82], "uv_size": [5.75, 2]},
								"up": {"uv": [30, 92], "uv_size": [5.75, 5.75]},
								"down": {"uv": [36, 97.75], "uv_size": [5.75, -5.75]}
							}
						},
						{
							"origin": [-5.04527, 15.36348, -2.88452],
							"size": [5.7103, 1.76748, 5.71032],
							"uv": {
								"north": {"uv": [124, 71], "uv_size": [5.75, 1.75]},
								"east": {"uv": [128, 102], "uv_size": [5.75, 1.75]},
								"south": {"uv": [129, 77], "uv_size": [5.75, 1.75]},
								"west": {"uv": [130, 44], "uv_size": [5.75, 1.75]},
								"up": {"uv": [94, 68], "uv_size": [5.75, 5.75]},
								"down": {"uv": [94, 79.75], "uv_size": [5.75, -5.75]}
							}
						},
						{
							"origin": [-5.22751, 19.17036, -3.02048],
							"size": [5.98224, 1.22364, 5.98224],
							"uv": {
								"north": {"uv": [137, 100], "uv_size": [6, 1.25]},
								"east": {"uv": [137, 128], "uv_size": [6, 1.25]},
								"south": {"uv": [138, 3], "uv_size": [6, 1.25]},
								"west": {"uv": [138, 95], "uv_size": [6, 1.25]},
								"up": {"uv": [88, 87], "uv_size": [6, 6]},
								"down": {"uv": [0, 95], "uv_size": [6, -6]}
							}
						},
						{
							"origin": [-4.8768, 15.49944, -2.7192],
							"size": [5.4384, 8.1576, 5.4384],
							"uv": {
								"north": {"uv": [71, 36], "uv_size": [5.5, 8.25]},
								"east": {"uv": [72, 0], "uv_size": [5.5, 8.25]},
								"south": {"uv": [72, 18], "uv_size": [5.5, 8.25]},
								"west": {"uv": [72, 27], "uv_size": [5.5, 8.25]},
								"up": {"uv": [72, 96], "uv_size": [5.5, 5.5]},
								"down": {"uv": [78, 101.5], "uv_size": [5.5, -5.5]}
							}
						}
					]
				},
				{
					"name": "rightForeSleeve",
					"parent": "RightForeArm",
					"pivot": [-6.798, 20.394, 0]
				},
				{
					"name": "RightHand",
					"parent": "RightForeArm",
					"pivot": [-8.1576, 23.793, 0],
					"cubes": [
						{
							"origin": [-2.2475, 16.2253, -1.4495],
							"size": [1.5394, 1.5394, 2.899],
							"inflate": 0.25,
							"uv": {
								"north": {"uv": [154, 162], "uv_size": [1.5, 1.5]},
								"east": {"uv": [154, 22], "uv_size": [3, 1.5]},
								"south": {"uv": [162, 155], "uv_size": [1.5, 1.5]},
								"west": {"uv": [154, 24], "uv_size": [3, 1.5]},
								"up": {"uv": [34, 154], "uv_size": [1.5, 3]},
								"down": {"uv": [36, 157], "uv_size": [1.5, -3]}
							}
						}
					]
				},
				{
					"name": "RightHandLocator",
					"parent": "RightHand",
					"pivot": [-8.1576, 16.995, 0]
				},
				{
					"name": "RightItem",
					"parent": "RightArm",
					"pivot": [-8.1576, 19.7142, 1.3596]
				},
				{
					"name": "RightArm2",
					"parent": "RightArm",
					"pivot": [-24.4728, 24.90235, 1.91452],
					"cubes": [
						{
							"origin": [-4.8768, 23.793, -2.7192],
							"size": [5.4384, 8.1576, 5.4384],
							"uv": {
								"north": {"uv": [73, 45], "uv_size": [5.5, 8.25]},
								"east": {"uv": [30, 74], "uv_size": [5.5, 8.25]},
								"south": {"uv": [36, 74], "uv_size": [5.5, 8.25]},
								"west": {"uv": [42, 74], "uv_size": [5.5, 8.25]},
								"up": {"uv": [96, 88], "uv_size": [5.5, 5.5]},
								"down": {"uv": [96, 99.5], "uv_size": [5.5, -5.5]}
							}
						},
						{
							"origin": [-4.94478, 22.29744, 1.66551],
							"size": [5.26845, 2.65122, 1.18965],
							"pivot": [-18.4728, 26.20629, 0.27192],
							"rotation": [-68.5, 0, 0],
							"uv": {
								"north": {"uv": [44, 115], "uv_size": [5.25, 2.75]},
								"east": {"uv": [129, 157], "uv_size": [1.25, 2.75]},
								"south": {"uv": [50, 115], "uv_size": [5.25, 2.75]},
								"west": {"uv": [131, 157], "uv_size": [1.25, 2.75]},
								"up": {"uv": [91, 143], "uv_size": [5.25, 1.25]},
								"down": {"uv": [143, 100.25], "uv_size": [5.25, -1.25]}
							}
						},
						{
							"origin": [-4.94478, 22.33823, -2.85516],
							"size": [5.26845, 2.51526, 1.18965],
							"pivot": [-18.4728, 26.20629, -0.27192],
							"rotation": [68.5, 0, 0],
							"uv": {
								"north": {"uv": [100, 117], "uv_size": [5.25, 2.5]},
								"east": {"uv": [109, 159], "uv_size": [1.25, 2.5]},
								"south": {"uv": [118, 2], "uv_size": [5.25, 2.5]},
								"west": {"uv": [111, 159], "uv_size": [1.25, 2.5]},
								"up": {"uv": [143, 101], "uv_size": [5.25, 1.25]},
								"down": {"uv": [107, 144.25], "uv_size": [5.25, -1.25]}
							}
						},
						{
							"origin": [-4.94478, 23.42591, -2.85516],
							"size": [5.26845, 1.29162, 1.18965],
							"uv": {
								"north": {"uv": [120, 143], "uv_size": [5.25, 1.25]},
								"east": {"uv": [62, 164], "uv_size": [1.25, 1.25]},
								"south": {"uv": [143, 128], "uv_size": [5.25, 1.25]},
								"west": {"uv": [64, 164], "uv_size": [1.25, 1.25]},
								"up": {"uv": [137, 143], "uv_size": [5.25, 1.25]},
								"down": {"uv": [143, 139.25], "uv_size": [5.25, -1.25]}
							}
						},
						{
							"origin": [-4.94478, 23.42591, 1.63152],
							"size": [5.26845, 1.29162, 1.18965],
							"uv": {
								"north": {"uv": [143, 140], "uv_size": [5.25, 1.25]},
								"east": {"uv": [164, 65], "uv_size": [1.25, 1.25]},
								"south": {"uv": [143, 142], "uv_size": [5.25, 1.25]},
								"west": {"uv": [67, 164], "uv_size": [1.25, 1.25]},
								"up": {"uv": [144, 0], "uv_size": [5.25, 1.25]},
								"down": {"uv": [144, 3.25], "uv_size": [5.25, -1.25]}
							}
						},
						{
							"origin": [-4.94478, 22.03436, -2.33204],
							"size": [5.26845, 2.51526, 1.18965],
							"pivot": [-18.4728, 25.90242, 0.2512],
							"rotation": [51, 0, 0],
							"uv": {
								"north": {"uv": [118, 5], "uv_size": [5.25, 2.5]},
								"east": {"uv": [113, 159], "uv_size": [1.25, 2.5]},
								"south": {"uv": [118, 29], "uv_size": [5.25, 2.5]},
								"west": {"uv": [115, 159], "uv_size": [1.25, 2.5]},
								"up": {"uv": [11, 144], "uv_size": [5.25, 1.25]},
								"down": {"uv": [25, 145.25], "uv_size": [5.25, -1.25]}
							}
						},
						{
							"origin": [-4.94478, 22.03436, 1.14239],
							"size": [5.26845, 2.65122, 1.18965],
							"pivot": [-18.4728, 25.90242, -0.2512],
							"rotation": [-51, 0, 0],
							"uv": {
								"north": {"uv": [76, 115], "uv_size": [5.25, 2.75]},
								"east": {"uv": [133, 157], "uv_size": [1.25, 2.75]},
								"south": {"uv": [90, 115], "uv_size": [5.25, 2.75]},
								"west": {"uv": [135, 157], "uv_size": [1.25, 2.75]},
								"up": {"uv": [144, 28], "uv_size": [5.25, 1.25]},
								"down": {"uv": [144, 31.25], "uv_size": [5.25, -1.25]}
							}
						},
						{
							"origin": [-4.94478, 21.70312, -0.15281],
							"size": [5.26845, 2.65122, 1.18965],
							"pivot": [-18.4728, 25.57118, -1.5464],
							"rotation": [-21, 0, 0],
							"uv": {
								"north": {"uv": [106, 115], "uv_size": [5.25, 2.75]},
								"east": {"uv": [137, 157], "uv_size": [1.25, 2.75]},
								"south": {"uv": [112, 115], "uv_size": [5.25, 2.75]},
								"west": {"uv": [139, 157], "uv_size": [1.25, 2.75]},
								"up": {"uv": [31, 144], "uv_size": [5.25, 1.25]},
								"down": {"uv": [45, 145.25], "uv_size": [5.25, -1.25]}
							}
						},
						{
							"origin": [-4.94478, 21.70312, -1.03684],
							"size": [5.26845, 2.51526, 1.18965],
							"pivot": [-18.4728, 25.57118, 1.5464],
							"rotation": [21, 0, 0],
							"uv": {
								"north": {"uv": [31, 118], "uv_size": [5.25, 2.5]},
								"east": {"uv": [117, 159], "uv_size": [1.25, 2.5]},
								"south": {"uv": [37, 118], "uv_size": [5.25, 2.5]},
								"west": {"uv": [119, 159], "uv_size": [1.25, 2.5]},
								"up": {"uv": [51, 144], "uv_size": [5.25, 1.25]},
								"down": {"uv": [144, 53.25], "uv_size": [5.25, -1.25]}
							}
						},
						{
							"origin": [-4.94478, 21.03428, -0.66872],
							"size": [5.26845, 3.60294, 1.18965],
							"uv": {
								"north": {"uv": [112, 29], "uv_size": [5.25, 3.5]},
								"east": {"uv": [88, 154], "uv_size": [1.25, 3.5]},
								"south": {"uv": [84, 112], "uv_size": [5.25, 3.5]},
								"west": {"uv": [97, 154], "uv_size": [1.25, 3.5]},
								"up": {"uv": [144, 54], "uv_size": [5.25, 1.25]},
								"down": {"uv": [60, 145.25], "uv_size": [5.25, -1.25]}
							}
						}
					]
				},
				{
					"name": "LeftArm",
					"pivot": [6.798, 29.2314, 0],
					"cubes": [
						{
							"origin": [0.4384, 23.793, -2.7192],
							"size": [5.4384, 8.1576, 5.4384],
							"uv": {
								"north": {"uv": [75, 54], "uv_size": [5.5, 8.25]},
								"east": {"uv": [76, 63], "uv_size": [5.5, 8.25]},
								"south": {"uv": [76, 72], "uv_size": [5.5, 8.25]},
								"west": {"uv": [77, 9], "uv_size": [5.5, 8.25]},
								"up": {"uv": [97, 0], "uv_size": [5.5, 5.5]},
								"down": {"uv": [97, 17.5], "uv_size": [5.5, -5.5]}
							}
						},
						{
							"origin": [0.22365, 23.793, -2.88452],
							"size": [5.71032, 8.42952, 5.71032],
							"uv": {
								"north": {"uv": [6, 62], "uv_size": [5.75, 8.5]},
								"east": {"uv": [63, 60], "uv_size": [5.75, 8.5]},
								"south": {"uv": [65, 16], "uv_size": [5.75, 8.5]},
								"west": {"uv": [34, 65], "uv_size": [5.75, 8.5]},
								"up": {"uv": [42, 92], "uv_size": [5.75, 5.75]},
								"down": {"uv": [92, 49.75], "uv_size": [5.75, -5.75]}
							}
						}
					]
				},
				{
					"name": "LeftArm4",
					"parent": "LeftArm",
					"pivot": [1.3231, 20.5, 31.6363],
					"cubes": [
						{
							"origin": [-0.28547, 25.5, -3.38547],
							"size": [3.2, 2.5, 6.775],
							"uv": {
								"north": {"uv": [136, 97], "uv_size": [3.25, 2.5]},
								"east": {"uv": [114, 11], "uv_size": [6.75, 2.5]},
								"south": {"uv": [105, 136], "uv_size": [3.25, 2.5]},
								"west": {"uv": [114, 14], "uv_size": [6.75, 2.5]},
								"up": {"uv": [77, 107], "uv_size": [3.25, 6.75]},
								"down": {"uv": [90, 113.75], "uv_size": [3.25, -6.75]}
							}
						},
						{
							"origin": [28.16528, 27.98257, 2.58547],
							"size": [4.2, 2.5, 0.81],
							"pivot": [16.86528, 0.98257, -29.11453],
							"rotation": [0, 0, -52.5],
							"uv": {
								"north": {"uv": [125, 21], "uv_size": [4.25, 2.5]},
								"east": {"uv": [84, 133], "uv_size": [0.75, 2.5]},
								"south": {"uv": [125, 40], "uv_size": [4.25, 2.5]},
								"west": {"uv": [118, 138], "uv_size": [0.75, 2.5]},
								"up": {"uv": [158, 75], "uv_size": [4.25, 0.75]},
								"down": {"uv": [158, 93.75], "uv_size": [4.25, -0.75]}
							}
						},
						{
							"origin": [28.16528, 27.98257, -3.3857],
							"size": [4.2, 2.5, 0.81],
							"pivot": [16.86528, 0.98257, -35.08547],
							"rotation": [0, 0, -52.5],
							"uv": {
								"north": {"uv": [125, 43], "uv_size": [4.25, 2.5]},
								"east": {"uv": [41, 142], "uv_size": [0.75, 2.5]},
								"south": {"uv": [125, 52], "uv_size": [4.25, 2.5]},
								"west": {"uv": [57, 144], "uv_size": [0.75, 2.5]},
								"up": {"uv": [158, 127], "uv_size": [4.25, 0.75]},
								"down": {"uv": [158, 150.75], "uv_size": [4.25, -0.75]}
							}
						},
						{
							"origin": [2.91453, 25.5, -3.38547],
							"size": [2.1, 5.8, 1],
							"uv": {
								"north": {"uv": [21, 103], "uv_size": [2, 5.75]},
								"east": {"uv": [104, 43], "uv_size": [1, 5.75]},
								"south": {"uv": [6, 122], "uv_size": [2, 5.75]},
								"west": {"uv": [30, 126], "uv_size": [1, 5.75]},
								"up": {"uv": [82, 115], "uv_size": [2, 1]},
								"down": {"uv": [118, 118], "uv_size": [2, -1]}
							}
						},
						{
							"origin": [10.9231, 25.5, -5.9363],
							"size": [1.3, 5.8, 1],
							"pivot": [-3.6769, -1.5, -31.6363],
							"rotation": [0, -12.5, 0],
							"uv": {
								"north": {"uv": [82, 138], "uv_size": [1.25, 5.75]},
								"east": {"uv": [133, 145], "uv_size": [1, 5.75]},
								"south": {"uv": [126, 138], "uv_size": [1.25, 5.75]},
								"west": {"uv": [54, 148], "uv_size": [1, 5.75]},
								"up": {"uv": [165, 98], "uv_size": [1.25, 1]},
								"down": {"uv": [99, 166], "uv_size": [1.25, -1]}
							}
						},
						{
							"origin": [15.0242, 61.44394, 14.34663],
							"size": [1, 1.1, 1.5],
							"pivot": [4.02411, 28.94394, 42.34663],
							"rotation": [47.5, 12.5, 0],
							"uv": {
								"north": {"uv": [94, 31], "uv_size": [1, 1]},
								"east": {"uv": [164, 157], "uv_size": [1.5, 1]},
								"south": {"uv": [98, 49], "uv_size": [1, 1]},
								"west": {"uv": [158, 164], "uv_size": [1.5, 1]},
								"up": {"uv": [164, 158], "uv_size": [1, 1.5]},
								"down": {"uv": [160, 165.5], "uv_size": [1, -1.5]}
							}
						},
						{
							"origin": [11.62838, 31, 0.02948],
							"size": [1, 1.1, 1],
							"pivot": [0.62838, -1.5, 27.02948],
							"rotation": [0, 12.5, 0],
							"uv": {
								"north": {"uv": [99, 55], "uv_size": [1, 1]},
								"east": {"uv": [95, 99], "uv_size": [1, 1]},
								"south": {"uv": [100, 30], "uv_size": [1, 1]},
								"west": {"uv": [106, 29], "uv_size": [1, 1]},
								"up": {"uv": [76, 113], "uv_size": [1, 1]},
								"down": {"uv": [25, 117], "uv_size": [1, -1]}
							}
						},
						{
							"origin": [5.7165, 25.5, -0.95149],
							"size": [1, 6.6, 2],
							"uv": {
								"north": {"uv": [66, 142], "uv_size": [1, 6.5]},
								"east": {"uv": [100, 107], "uv_size": [2, 6.5]},
								"south": {"uv": [86, 143], "uv_size": [1, 6.5]},
								"west": {"uv": [69, 119], "uv_size": [2, 6.5]},
								"up": {"uv": [92, 50], "uv_size": [1, 2]},
								"down": {"uv": [47, 100], "uv_size": [1, -2]}
							}
						},
						{
							"origin": [11.62838, 31, -0.93246],
							"size": [1, 1.1, 1],
							"pivot": [0.62838, -1.5, -26.93246],
							"rotation": [0, -12.5, 0],
							"uv": {
								"north": {"uv": [31, 117], "uv_size": [1, 1]},
								"east": {"uv": [11, 120], "uv_size": [1, 1]},
								"south": {"uv": [19, 121], "uv_size": [1, 1]},
								"west": {"uv": [122, 92], "uv_size": [1, 1]},
								"up": {"uv": [87, 125], "uv_size": [1, 1]},
								"down": {"uv": [125, 113], "uv_size": [1, -1]}
							}
						},
						{
							"origin": [15.0242, 61.44394, -15.74961],
							"size": [1, 1.1, 1.5],
							"pivot": [4.02411, 28.94394, -42.24961],
							"rotation": [-47.5, -12.5, 0],
							"uv": {
								"north": {"uv": [18, 126], "uv_size": [1, 1]},
								"east": {"uv": [164, 160], "uv_size": [1.5, 1]},
								"south": {"uv": [117, 126], "uv_size": [1, 1]},
								"west": {"uv": [164, 161], "uv_size": [1.5, 1]},
								"up": {"uv": [161, 164], "uv_size": [1, 1.5]},
								"down": {"uv": [164, 163.5], "uv_size": [1, -1.5]}
							}
						},
						{
							"origin": [11.62838, 25.5, -0.93246],
							"size": [1, 5.5, 2],
							"pivot": [0.62838, -1.5, -26.93246],
							"rotation": [0, -12.5, 0],
							"uv": {
								"north": {"uv": [59, 149], "uv_size": [1, 5.5]},
								"east": {"uv": [124, 2], "uv_size": [2, 5.5]},
								"south": {"uv": [66, 149], "uv_size": [1, 5.5]},
								"west": {"uv": [124, 28], "uv_size": [2, 5.5]},
								"up": {"uv": [9, 103], "uv_size": [1, 2]},
								"down": {"uv": [107, 11], "uv_size": [1, -2]}
							}
						},
						{
							"origin": [11.62838, 25.5, -0.97052],
							"size": [1, 5.5, 2],
							"pivot": [0.62838, -1.5, 27.02948],
							"rotation": [0, 12.5, 0],
							"uv": {
								"north": {"uv": [94, 149], "uv_size": [1, 5.5]},
								"east": {"uv": [33, 124], "uv_size": [2, 5.5]},
								"south": {"uv": [107, 149], "uv_size": [1, 5.5]},
								"west": {"uv": [35, 124], "uv_size": [2, 5.5]},
								"up": {"uv": [12, 117], "uv_size": [1, 2]},
								"down": {"uv": [121, 17], "uv_size": [1, -2]}
							}
						},
						{
							"origin": [2.91453, 25.5, 2.38547],
							"size": [2.1, 5.8, 1],
							"uv": {
								"north": {"uv": [25, 122], "uv_size": [2, 5.75]},
								"east": {"uv": [85, 148], "uv_size": [1, 5.75]},
								"south": {"uv": [122, 59], "uv_size": [2, 5.75]},
								"west": {"uv": [88, 148], "uv_size": [1, 5.75]},
								"up": {"uv": [122, 28], "uv_size": [2, 1]},
								"down": {"uv": [123, 15], "uv_size": [2, -1]}
							}
						},
						{
							"origin": [10.9231, 25.5, 4.9363],
							"size": [1.3, 5.8, 1],
							"pivot": [-3.6769, -1.5, 31.6363],
							"rotation": [0, 12.5, 0],
							"uv": {
								"north": {"uv": [3, 141], "uv_size": [1.25, 5.75]},
								"east": {"uv": [89, 148], "uv_size": [1, 5.75]},
								"south": {"uv": [141, 44], "uv_size": [1.25, 5.75]},
								"west": {"uv": [101, 148], "uv_size": [1, 5.75]},
								"up": {"uv": [101, 165], "uv_size": [1.25, 1]},
								"down": {"uv": [165, 102], "uv_size": [1.25, -1]}
							}
						}
					]
				},
				{
					"name": "LeftArm3",
					"parent": "LeftArm",
					"pivot": [5.6, 11.04997, 22.44355],
					"rotation": [0, 180, 0],
					"cubes": [
						{
							"origin": [5.5, 37.75453, 41.41427],
							"size": [5, 1.5, 2],
							"pivot": [5.6, 33.36382, 15.69095],
							"rotation": [-27.5, 0, 0],
							"uv": {
								"north": {"uv": [140, 22], "uv_size": [5, 1.5]},
								"east": {"uv": [162, 80], "uv_size": [2, 1.5]},
								"south": {"uv": [140, 24], "uv_size": [5, 1.5]},
								"west": {"uv": [81, 162], "uv_size": [2, 1.5]},
								"up": {"uv": [131, 12], "uv_size": [5, 2]},
								"down": {"uv": [131, 16], "uv_size": [5, -2]}
							}
						},
						{
							"origin": [5.5, 22.08507, 40.81595],
							"size": [5, 2.5, 2],
							"pivot": [5.6, 18.55003, 22.44355],
							"rotation": [2.5, 0, 0],
							"uv": {
								"north": {"uv": [36, 121], "uv_size": [5, 2.5]},
								"east": {"uv": [124, 151], "uv_size": [2, 2.5]},
								"south": {"uv": [41, 121], "uv_size": [5, 2.5]},
								"west": {"uv": [151, 125], "uv_size": [2, 2.5]},
								"up": {"uv": [131, 16], "uv_size": [5, 2]},
								"down": {"uv": [18, 133], "uv_size": [5, -2]}
							}
						},
						{
							"origin": [5.5, 8.60929, 41.52331],
							"size": [5, 1.9, 2],
							"pivot": [5.6, 14.9, 15.8],
							"rotation": [27.5, 0, 0],
							"uv": {
								"north": {"uv": [131, 18], "uv_size": [5, 2]},
								"east": {"uv": [16, 146], "uv_size": [2, 2]},
								"south": {"uv": [131, 24], "uv_size": [5, 2]},
								"west": {"uv": [64, 155], "uv_size": [2, 2]},
								"up": {"uv": [131, 26], "uv_size": [5, 2]},
								"down": {"uv": [131, 38], "uv_size": [5, -2]}
							}
						},
						{
							"origin": [5.5, -0.78832, 37.31585],
							"size": [5, 2.5, 2],
							"pivot": [5.6, 15.71892, 19.66176],
							"rotation": [52.5, 0, 0],
							"uv": {
								"north": {"uv": [46, 121], "uv_size": [5, 2.5]},
								"east": {"uv": [126, 151], "uv_size": [2, 2.5]},
								"south": {"uv": [51, 121], "uv_size": [5, 2.5]},
								"west": {"uv": [128, 151], "uv_size": [2, 2.5]},
								"up": {"uv": [131, 38], "uv_size": [5, 2]},
								"down": {"uv": [131, 48], "uv_size": [5, -2]}
							}
						},
						{
							"origin": [5.5, -1.63886, 36.7992],
							"size": [5, 0.7, 2],
							"pivot": [5.6, 15.17587, 22.2992],
							"rotation": [60, 0, 0],
							"uv": {
								"north": {"uv": [157, 35], "uv_size": [5, 0.75]},
								"east": {"uv": [160, 68], "uv_size": [2, 0.75]},
								"south": {"uv": [157, 49], "uv_size": [5, 0.75]},
								"west": {"uv": [164, 69], "uv_size": [2, 0.75]},
								"up": {"uv": [131, 48], "uv_size": [5, 2]},
								"down": {"uv": [53, 133], "uv_size": [5, -2]}
							}
						},
						{
							"origin": [5.1, 26.27755, 40.93319],
							"size": [6, 1, 6.3],
							"pivot": [5.6, 18.55003, 22.44355],
							"rotation": [-5, 0, 0],
							"uv": {
								"north": {"uv": [148, 50], "uv_size": [6, 1]},
								"east": {"uv": [148, 11], "uv_size": [6.25, 1]},
								"south": {"uv": [148, 51], "uv_size": [6, 1]},
								"west": {"uv": [148, 12], "uv_size": [6.25, 1]},
								"up": {"uv": [54, 87], "uv_size": [6, 6.25]},
								"down": {"uv": [60, 93.25], "uv_size": [6, -6.25]}
							}
						},
						{
							"origin": [5.1, 20.72245, 42.53319],
							"size": [6, 1, 6.3],
							"pivot": [5.6, 11.04997, 22.44355],
							"rotation": [5, 0, 0],
							"uv": {
								"north": {"uv": [148, 68], "uv_size": [6, 1]},
								"east": {"uv": [148, 13], "uv_size": [6.25, 1]},
								"south": {"uv": [148, 114], "uv_size": [6, 1]},
								"west": {"uv": [20, 148], "uv_size": [6.25, 1]},
								"up": {"uv": [18, 88], "uv_size": [6, 6.25]},
								"down": {"uv": [24, 94.25], "uv_size": [6, -6.25]}
							}
						}
					]
				},
				{
					"name": "LeftSleeve",
					"parent": "LeftArm",
					"pivot": [6.798, 29.2314, 0]
				},
				{
					"name": "LeftForeArm",
					"parent": "LeftArm",
					"pivot": [8.1576, 23.793, 0],
					"cubes": [
						{
							"origin": [0.32367, 15.36348, -2.88452],
							"size": [5.6103, 1.76748, 5.71032],
							"uv": {
								"north": {"uv": [131, 126], "uv_size": [5.5, 1.75]},
								"east": {"uv": [130, 50], "uv_size": [5.75, 1.75]},
								"south": {"uv": [131, 128], "uv_size": [5.5, 1.75]},
								"west": {"uv": [130, 52], "uv_size": [5.75, 1.75]},
								"up": {"uv": [95, 31], "uv_size": [5.5, 5.75]},
								"down": {"uv": [95, 42.75], "uv_size": [5.5, -5.75]}
							}
						},
						{
							"origin": [0.35961, 17.13096, -2.88452],
							"size": [5.57436, 2.0394, 5.71032],
							"uv": {
								"north": {"uv": [123, 77], "uv_size": [5.5, 2]},
								"east": {"uv": [122, 26], "uv_size": [5.75, 2]},
								"south": {"uv": [123, 100], "uv_size": [5.5, 2]},
								"west": {"uv": [122, 48], "uv_size": [5.75, 2]},
								"up": {"uv": [95, 6], "uv_size": [5.5, 5.75]},
								"down": {"uv": [23, 100.75], "uv_size": [5.5, -5.75]}
							}
						},
						{
							"origin": [0.12365, 19.17036, -3.02048],
							"size": [5.94628, 1.22364, 5.98224],
							"uv": {
								"north": {"uv": [139, 14], "uv_size": [6, 1.25]},
								"east": {"uv": [139, 42], "uv_size": [6, 1.25]},
								"south": {"uv": [139, 136], "uv_size": [6, 1.25]},
								"west": {"uv": [137, 139], "uv_size": [6, 1.25]},
								"up": {"uv": [6, 89], "uv_size": [6, 6]},
								"down": {"uv": [89, 13], "uv_size": [6, -6]}
							}
						},
						{
							"origin": [0.22365, 19.17036, -2.88452],
							"size": [5.71032, 4.62264, 5.71032],
							"uv": {
								"north": {"uv": [72, 102], "uv_size": [5.75, 4.5]},
								"east": {"uv": [78, 102], "uv_size": [5.75, 4.5]},
								"south": {"uv": [102, 86], "uv_size": [5.75, 4.5]},
								"west": {"uv": [102, 91], "uv_size": [5.75, 4.5]},
								"up": {"uv": [12, 93], "uv_size": [5.75, 5.75]},
								"down": {"uv": [93, 55.75], "uv_size": [5.75, -5.75]}
							}
						},
						{
							"origin": [0.4384, 15.49944, -2.7192],
							"size": [5.4384, 8.1576, 5.4384],
							"uv": {
								"north": {"uv": [12, 77], "uv_size": [5.5, 8.25]},
								"east": {"uv": [77, 36], "uv_size": [5.5, 8.25]},
								"south": {"uv": [70, 77], "uv_size": [5.5, 8.25]},
								"west": {"uv": [78, 0], "uv_size": [5.5, 8.25]},
								"up": {"uv": [97, 18], "uv_size": [5.5, 5.5]},
								"down": {"uv": [97, 29.5], "uv_size": [5.5, -5.5]}
							}
						}
					]
				},
				{
					"name": "LeftHand",
					"parent": "LeftForeArm",
					"pivot": [8.1576, 23.793, 0]
				},
				{
					"name": "LeftHandLocator",
					"parent": "LeftHand",
					"pivot": [8.1576, 16.995, 0]
				},
				{
					"name": "LeftForeSleeve",
					"parent": "LeftForeArm",
					"pivot": [6.798, 20.394, 0]
				},
				{
					"name": "LeftItem",
					"parent": "LeftArm",
					"pivot": [8.1576, 19.7142, 1.3596]
				},
				{
					"name": "LeftArm2",
					"parent": "LeftArm",
					"pivot": [-8.1576, 24.90235, 1.91452],
					"cubes": [
						{
							"origin": [0.50638, 22.29744, 1.66551],
							"size": [5.26845, 2.65122, 1.18965],
							"pivot": [-13.1576, 26.20629, 0.27192],
							"rotation": [-68.5, 0, 0],
							"uv": {
								"north": {"uv": [13, 116], "uv_size": [5.25, 2.75]},
								"east": {"uv": [145, 157], "uv_size": [1.25, 2.75]},
								"south": {"uv": [116, 17], "uv_size": [5.25, 2.75]},
								"west": {"uv": [157, 153], "uv_size": [1.25, 2.75]},
								"up": {"uv": [144, 69], "uv_size": [5.25, 1.25]},
								"down": {"uv": [71, 145.25], "uv_size": [5.25, -1.25]}
							}
						},
						{
							"origin": [0.50638, 22.33823, -2.85516],
							"size": [5.26845, 2.51526, 1.18965],
							"pivot": [-13.1576, 26.20629, -0.27192],
							"rotation": [68.5, 0, 0],
							"uv": {
								"north": {"uv": [43, 118], "uv_size": [5.25, 2.5]},
								"east": {"uv": [121, 159], "uv_size": [1.25, 2.5]},
								"south": {"uv": [49, 118], "uv_size": [5.25, 2.5]},
								"west": {"uv": [123, 159], "uv_size": [1.25, 2.5]},
								"up": {"uv": [144, 74], "uv_size": [5.25, 1.25]},
								"down": {"uv": [144, 77.25], "uv_size": [5.25, -1.25]}
							}
						},
						{
							"origin": [0.50638, 23.42591, -2.85516],
							"size": [5.26845, 1.29162, 1.18965],
							"uv": {
								"north": {"uv": [144, 78], "uv_size": [5.25, 1.25]},
								"east": {"uv": [164, 67], "uv_size": [1.25, 1.25]},
								"south": {"uv": [80, 144], "uv_size": [5.25, 1.25]},
								"west": {"uv": [69, 164], "uv_size": [1.25, 1.25]},
								"up": {"uv": [144, 80], "uv_size": [5.25, 1.25]},
								"down": {"uv": [144, 83.25], "uv_size": [5.25, -1.25]}
							}
						},
						{
							"origin": [0.50638, 23.42591, 1.63152],
							"size": [5.26845, 1.29162, 1.18965],
							"uv": {
								"north": {"uv": [144, 84], "uv_size": [5.25, 1.25]},
								"east": {"uv": [71, 164], "uv_size": [1.25, 1.25]},
								"south": {"uv": [144, 86], "uv_size": [5.25, 1.25]},
								"west": {"uv": [73, 164], "uv_size": [1.25, 1.25]},
								"up": {"uv": [144, 95], "uv_size": [5.25, 1.25]},
								"down": {"uv": [144, 98.25], "uv_size": [5.25, -1.25]}
							}
						},
						{
							"origin": [0.50638, 22.03436, -2.33204],
							"size": [5.26845, 2.51526, 1.18965],
							"pivot": [-13.1576, 25.90242, 0.2512],
							"rotation": [51, 0, 0],
							"uv": {
								"north": {"uv": [55, 118], "uv_size": [5.25, 2.5]},
								"east": {"uv": [125, 159], "uv_size": [1.25, 2.5]},
								"south": {"uv": [71, 118], "uv_size": [5.25, 2.5]},
								"west": {"uv": [127, 159], "uv_size": [1.25, 2.5]},
								"up": {"uv": [98, 144], "uv_size": [5.25, 1.25]},
								"down": {"uv": [143, 145.25], "uv_size": [5.25, -1.25]}
							}
						},
						{
							"origin": [0.50638, 22.03436, 1.14239],
							"size": [5.26845, 2.65122, 1.18965],
							"pivot": [-13.1576, 25.90242, -0.2512],
							"rotation": [-51, 0, 0],
							"uv": {
								"north": {"uv": [19, 116], "uv_size": [5.25, 2.75]},
								"east": {"uv": [158, 0], "uv_size": [1.25, 2.75]},
								"south": {"uv": [116, 20], "uv_size": [5.25, 2.75]},
								"west": {"uv": [158, 3], "uv_size": [1.25, 2.75]},
								"up": {"uv": [145, 4], "uv_size": [5.25, 1.25]},
								"down": {"uv": [5, 146.25], "uv_size": [5.25, -1.25]}
							}
						},
						{
							"origin": [0.50638, 21.70312, -0.15281],
							"size": [5.26845, 2.65122, 1.18965],
							"pivot": [-13.1576, 25.57118, -1.5464],
							"rotation": [-21, 0, 0],
							"uv": {
								"north": {"uv": [116, 23], "uv_size": [5.25, 2.75]},
								"east": {"uv": [158, 14], "uv_size": [1.25, 2.75]},
								"south": {"uv": [116, 26], "uv_size": [5.25, 2.75]},
								"west": {"uv": [22, 158], "uv_size": [1.25, 2.75]},
								"up": {"uv": [145, 6], "uv_size": [5.25, 1.25]},
								"down": {"uv": [145, 15.25], "uv_size": [5.25, -1.25]}
							}
						},
						{
							"origin": [0.50638, 21.70312, -1.03684],
							"size": [5.26845, 2.51526, 1.18965],
							"pivot": [-13.1576, 25.57118, 1.5464],
							"rotation": [21, 0, 0],
							"uv": {
								"north": {"uv": [88, 118], "uv_size": [5.25, 2.5]},
								"east": {"uv": [159, 151], "uv_size": [1.25, 2.5]},
								"south": {"uv": [106, 118], "uv_size": [5.25, 2.5]},
								"west": {"uv": [154, 159], "uv_size": [1.25, 2.5]},
								"up": {"uv": [145, 16], "uv_size": [5.25, 1.25]},
								"down": {"uv": [145, 19.25], "uv_size": [5.25, -1.25]}
							}
						},
						{
							"origin": [0.54234, 21.03428, -0.52093],
							"size": [5.23249, 3.60294, 1.18965],
							"uv": {
								"north": {"uv": [0, 113], "uv_size": [5.25, 3.5]},
								"east": {"uv": [99, 154], "uv_size": [1.25, 3.5]},
								"south": {"uv": [26, 113], "uv_size": [5.25, 3.5]},
								"west": {"uv": [101, 154], "uv_size": [1.25, 3.5]},
								"up": {"uv": [145, 20], "uv_size": [5.25, 1.25]},
								"down": {"uv": [145, 23.25], "uv_size": [5.25, -1.25]}
							}
						}
					]
				}
			]
		}
	]
}