{
	"format_version": "1.12.0",
	"minecraft:geometry": [
		{
			"description": {
				"identifier": "geometry.unknown",
				"texture_width": 128,
				"texture_height": 128,
				"visible_bounds_width": 7,
				"visible_bounds_height": 8,
				"visible_bounds_offset": [0, 3, 0]
			},
			"bones": [
				{
					"name": "Root",
					"pivot": [0, -1, 0]
				},
				{
					"name": "MAllBody",
					"parent": "Root",
					"pivot": [0, 20.65, 0]
				},
				{
					"name": "AllBody",
					"parent": "MAllBody",
					"pivot": [0, 20.65, 0]
				},
				{
					"name": "UpBody",
					"parent": "AllBody",
					"pivot": [0, 20.65, 0]
				},
				{
					"name": "MUpperBody",
					"parent": "UpBody",
					"pivot": [0, 20.65, 0]
				},
				{
					"name": "UpperBody",
					"parent": "MUpperBody",
					"pivot": [0, 20.65, 0]
				},
				{
					"name": "AllHead",
					"parent": "UpperBody",
					"pivot": [0, 32.425, -0.025],
					"cubes": [
						{"origin": [-1.001, 31.201, 0.7], "size": [2, 2.9, 2], "uv": [100, 28]}
					]
				},
				{
					"name": "MHead",
					"parent": "AllHead",
					"pivot": [0, 33.05, 1]
				},
				{
					"name": "Head",
					"parent": "MHead",
					"pivot": [0, 33.05, 1],
					"cubes": [
						{"origin": [-4, 33, -2.5], "size": [8, 7.3, 8], "uv": [0, 15]}
					]
				},
				{
					"name": "Hair",
					"parent": "Head",
					"pivot": [-0.14783, 33.76957, 1.42174],
					"cubes": [
						{"origin": [-4, 35, 1], "size": [8, 1, 0], "uv": [34, 14]},
						{"origin": [-4.7, 32.7, 3.7], "size": [2.1, 1, 2.4], "uv": [30, 68]},
						{"origin": [-4.8, 32.9, 4.2], "size": [1.6, 1.9, 2], "uv": [68, 55]},
						{"origin": [2.4, 32.7, 3.7], "size": [2.1, 1, 2.4], "uv": [68, 32]},
						{"origin": [3, 32.9, 4.2], "size": [1.6, 1.9, 2], "uv": [68, 58]},
						{
							"origin": [-4.6, 33.1, 5.5],
							"size": [9, 7.4, 0.5],
							"uv": {
								"north": {"uv": [8, 8], "uv_size": [9, 7]},
								"east": {"uv": [8, 8], "uv_size": [0, 7]},
								"south": {"uv": [17, 8], "uv_size": [9, 7]},
								"west": {"uv": [17, 8], "uv_size": [0, 7]},
								"up": {"uv": [8, 8], "uv_size": [9, 0]},
								"down": {"uv": [17, 8], "uv_size": [9, 0]}
							}
						},
						{
							"origin": [3.9, 33.1, -2.1],
							"size": [0.6, 7.4, 8.1],
							"uv": {
								"north": {"uv": [17, 8], "uv_size": [0, 7]},
								"east": {"uv": [9, 8], "uv_size": [8, 7]},
								"south": {"uv": [25, 8], "uv_size": [0, 7]},
								"west": {"uv": [17, 8], "uv_size": [8, 7]},
								"up": {"uv": [17, 0], "uv_size": [0, 8]},
								"down": {"uv": [17, 8], "uv_size": [0, -8]}
							}
						},
						{
							"origin": [-4.71, 33.1, -2.2],
							"size": [0.7, 7.4, 8.1],
							"uv": {
								"north": {"uv": [9, 8], "uv_size": [0, 7]},
								"east": {"uv": [1, 8], "uv_size": [8, 7]},
								"south": {"uv": [17, 8], "uv_size": [0, 7]},
								"west": {"uv": [9, 8], "uv_size": [8, 7]},
								"up": {"uv": [9, 0], "uv_size": [0, 8]},
								"down": {"uv": [9, 8], "uv_size": [0, -8]}
							}
						},
						{"origin": [-4, 40.5, -2.5], "size": [8, 1, 8], "uv": [0, 30]},
						{"origin": [-4.9, 35.8, 4.3], "size": [1.4, 1.9, 2], "uv": [68, 49]},
						{"origin": [2.4, 40.6, 3.6], "size": [2.1, 1, 2.4], "uv": [68, 32]},
						{"origin": [-4.7, 40.6, 3.6], "size": [2.1, 1, 2.4], "uv": [30, 68]},
						{"origin": [3, 39.6, 4.1], "size": [1.6, 1.9, 2], "uv": [68, 58]},
						{"origin": [-4.8, 39.6, 4.1], "size": [1.6, 1.9, 2], "uv": [68, 55]},
						{"origin": [3.3, 35.8, 4.3], "size": [1.4, 1.9, 2], "uv": [68, 52]},
						{"origin": [-4, 39, -2.7], "size": [8, 2, 1], "uv": [32, 55]}
					]
				},
				{
					"name": "front_h",
					"parent": "Hair",
					"pivot": [0, 41.6, -2.4],
					"cubes": [
						{"origin": [-4, 32.4, -3.4], "size": [1.3, 1.3, 1], "uv": [48, 34]},
						{"origin": [-4.4, 32.9, -3.2], "size": [1.1, 2.2, 2], "uv": [60, 66]},
						{"origin": [-4.9, 32.9, -3.3], "size": [1.1, 4.1, 2], "uv": [60, 66]},
						{"origin": [-4, 36.2, -3.2], "size": [1, 1.3, 1], "uv": [68, 39]},
						{
							"origin": [-1, 36, -3.2],
							"size": [2, 4.5, 1],
							"uv": {
								"north": {"uv": [27, 79], "uv_size": [2, 4.5]},
								"east": {"uv": [65, 72], "uv_size": [1, 4.5]},
								"south": {"uv": [29, 79], "uv_size": [2, 4.5]},
								"west": {"uv": [85, 24], "uv_size": [1, 4.5]},
								"up": {"uv": [52, 65], "uv_size": [2, 1]},
								"down": {"uv": [72, 66], "uv_size": [2, -1]}
							}
						},
						{
							"origin": [-1, 35, -3.1],
							"size": [1, 2, 1],
							"uv": {
								"north": {"uv": [22, 87], "uv_size": [1, 2]},
								"east": {"uv": [23, 87], "uv_size": [1, 2]},
								"south": {"uv": [26, 87], "uv_size": [1, 2]},
								"west": {"uv": [27, 87], "uv_size": [1, 2]},
								"up": {"uv": [51, 70], "uv_size": [1, 1]},
								"down": {"uv": [59, 72], "uv_size": [1, -1]}
							}
						},
						{
							"origin": [-4, 40, -3.2],
							"size": [8, 1.5, 0.7],
							"uv": {
								"north": {"uv": [54, 43], "uv_size": [8, 1]},
								"east": {"uv": [54, 43], "uv_size": [0, 1]},
								"south": {"uv": [62, 43], "uv_size": [8, 1]},
								"west": {"uv": [62, 43], "uv_size": [0, 1]},
								"up": {"uv": [54, 43], "uv_size": [8, 0]},
								"down": {"uv": [62, 43], "uv_size": [8, 0]}
							}
						},
						{"origin": [-4.7, 37, -3.3], "size": [9.3, 3.5, 2], "uv": [16, 44]},
						{
							"origin": [3, 36.2, -3.2],
							"size": [0.9, 1.3, 1],
							"uv": {
								"north": {"uv": [10, 89], "uv_size": [1, 1.5]},
								"east": {"uv": [11, 89], "uv_size": [1, 1.5]},
								"south": {"uv": [89, 11], "uv_size": [1, 1.5]},
								"west": {"uv": [89, 13], "uv_size": [1, 1.5]},
								"up": {"uv": [91, 77], "uv_size": [1, 1]},
								"down": {"uv": [78, 92], "uv_size": [1, -1]}
							}
						},
						{"origin": [3.3, 32.9, -3.2], "size": [1.1, 2.2, 2], "uv": [32, 49]},
						{"origin": [2.6, 32.4, -3.4], "size": [1.3, 1.3, 1], "uv": [60, 58]},
						{"origin": [3.7, 32.9, -3.3], "size": [1.1, 4.1, 2], "uv": [32, 49]}
					]
				},
				{
					"name": "corner_h",
					"parent": "Hair",
					"pivot": [-22.37735, 36.62243, -2.86577]
				},
				{
					"name": "FLongHair",
					"parent": "Hair",
					"pivot": [-17.675, 35.56866, 5.28289]
				},
				{
					"name": "MLongHair2",
					"parent": "FLongHair",
					"pivot": [-17.675, 35.5687, 5.28289]
				},
				{
					"name": "LongHair2",
					"parent": "MLongHair2",
					"pivot": [-17.675, 35.5687, 5.28289]
				},
				{
					"name": "hl_side2",
					"parent": "LongHair2",
					"pivot": [-18, 32.71651, 5.24811]
				},
				{
					"name": "hl_m2",
					"parent": "LongHair2",
					"pivot": [-18, 38.12846, 4.81781]
				},
				{
					"name": "Ribbon",
					"parent": "Hair",
					"pivot": [-22.75, 37.95, 3.6],
					"rotation": [-1.82257, 33.0231, 8.40116]
				},
				{
					"name": "Face",
					"parent": "Head",
					"pivot": [-0.05, 16.05, -4.5]
				},
				{
					"name": "Eyes",
					"parent": "Face",
					"pivot": [-0.05, 16.05, -4.5]
				},
				{
					"name": "Eyebrow",
					"parent": "Eyes",
					"pivot": [0, 36, -3]
				},
				{
					"name": "RightEyebrow",
					"parent": "Eyebrow",
					"pivot": [0.125, 35.85, -3.2],
					"cubes": [
						{
							"origin": [-3.2, 36.3, -2.7],
							"size": [2.2, 0.7, 0.3],
							"inflate": 0.02,
							"uv": {
								"north": {"uv": [89, 34], "uv_size": [2, 0.5]},
								"east": {"uv": [92, 3], "uv_size": [0.5, 0.5]},
								"south": {"uv": [89, 35], "uv_size": [2, 0.5]},
								"west": {"uv": [4, 92], "uv_size": [0.5, 0.5]},
								"up": {"uv": [89, 57], "uv_size": [2, 0.5]},
								"down": {"uv": [89, 58.5], "uv_size": [2, -0.5]}
							}
						}
					]
				},
				{
					"name": "LeftEyebrow",
					"parent": "Eyebrow",
					"pivot": [-0.125, 35.85, -3.2],
					"cubes": [
						{
							"origin": [1, 36.2, -2.8],
							"size": [2.1, 0.8, 0.6],
							"inflate": 0.02,
							"uv": {
								"north": {"uv": [53, 87], "uv_size": [2, 1]},
								"east": {"uv": [92, 2], "uv_size": [0.5, 1]},
								"south": {"uv": [55, 87], "uv_size": [2, 1]},
								"west": {"uv": [3, 92], "uv_size": [0.5, 1]},
								"up": {"uv": [91, 78], "uv_size": [2, 0.5]},
								"down": {"uv": [79, 91.5], "uv_size": [2, -0.5]}
							}
						}
					]
				},
				{
					"name": "Eyelid",
					"parent": "Eyes",
					"pivot": [0, 35.05, -3.075]
				},
				{
					"name": "RightEyelid",
					"parent": "Eyelid",
					"pivot": [-0.325, 34.55, -3.075],
					"cubes": [
						{
							"origin": [-3.5, 34.2, -2.55],
							"size": [2.5, 2.3, 1],
							"uv": {
								"north": {"uv": [4, 83], "uv_size": [2.5, 2]},
								"east": {"uv": [26, 82], "uv_size": [1, 2]},
								"south": {"uv": [83, 4], "uv_size": [2.5, 2]},
								"west": {"uv": [87, 10], "uv_size": [1, 2]},
								"up": {"uv": [86, 44], "uv_size": [2.5, 1]},
								"down": {"uv": [86, 46], "uv_size": [2.5, -1]}
							}
						},
						{
							"origin": [-3.8, 34.2, -2.54],
							"size": [0.8, 2.3, 0.3],
							"inflate": 0.02,
							"uv": {
								"north": {"uv": [89, 85], "uv_size": [0.5, 2]},
								"east": {"uv": [88, 89], "uv_size": [0.5, 2]},
								"south": {"uv": [89, 89], "uv_size": [0.5, 2]},
								"west": {"uv": [90, 5], "uv_size": [0.5, 2]},
								"up": {"uv": [92, 4], "uv_size": [0.5, 0.5]},
								"down": {"uv": [5, 92.5], "uv_size": [0.5, -0.5]}
							}
						}
					]
				},
				{
					"name": "RightEyesBase",
					"parent": "RightEyelid",
					"pivot": [-0.2875, 35.05, -3.0875],
					"cubes": [
						{"origin": [-2.7, 34, -2.9], "size": [1.8, 2.8, 1], "inflate": -0.25, "uv": [68, 61]}
					]
				},
				{
					"name": "RightPupil2",
					"parent": "RightEyesBase",
					"pivot": [-20.325, 35.05, -3.125]
				},
				{
					"name": "LeftEyelid",
					"parent": "Eyelid",
					"pivot": [0.325, 34.55, -3.075],
					"cubes": [
						{
							"origin": [3.1, 34.2, -2.5],
							"size": [0.7, 2.3, 0.3],
							"inflate": 0.02,
							"uv": {
								"north": {"uv": [90, 7], "uv_size": [0.5, 2]},
								"east": {"uv": [90, 9], "uv_size": [0.5, 2]},
								"south": {"uv": [90, 11], "uv_size": [0.5, 2]},
								"west": {"uv": [90, 13], "uv_size": [0.5, 2]},
								"up": {"uv": [92, 5], "uv_size": [0.5, 0.5]},
								"down": {"uv": [6, 92.5], "uv_size": [0.5, -0.5]}
							}
						},
						{
							"origin": [1, 34.2, -2.55],
							"size": [2.1, 2.4, 1],
							"uv": {
								"north": {"uv": [74, 59], "uv_size": [2, 2]},
								"east": {"uv": [65, 77], "uv_size": [1, 2]},
								"south": {"uv": [85, 61], "uv_size": [2, 2]},
								"west": {"uv": [78, 33], "uv_size": [1, 2]},
								"up": {"uv": [14, 59], "uv_size": [2, 1]},
								"down": {"uv": [62, 23], "uv_size": [2, -1]}
							}
						}
					]
				},
				{
					"name": "LeftEyesBase",
					"parent": "LeftEyelid",
					"pivot": [1.75, 35.05, -3.0875],
					"cubes": [
						{"origin": [0.9, 34, -2.9], "size": [1.8, 2.9, 1], "inflate": -0.25, "uv": [38, 68]}
					]
				},
				{
					"name": "LeftPupil2",
					"parent": "LeftEyesBase",
					"pivot": [-15.675, 35.05, -3.125]
				},
				{
					"name": "LeftShoulderLocator2",
					"parent": "Head",
					"pivot": [0, 42.8, 0]
				},
				{
					"name": "RightShoulderLocator2",
					"parent": "Head",
					"pivot": [-21, 42.8, 0]
				},
				{
					"name": "Breast",
					"parent": "UpperBody",
					"pivot": [-0.0125, 29.14747, 1.44166],
					"cubes": [
						{"origin": [-0.35256, 26.4276, 0.44569], "size": [3, 1.8, 3], "pivot": [0, 24.0135, 0.08304], "rotation": [49.76322, -12.93688, -2.32133], "uv": [65, 28]},
						{"origin": [-3.00066, 27.68838, -1.73438], "size": [3.5, 3, 4.7], "pivot": [-0.1, 24.0135, 0.08304], "rotation": [19.26322, 12.93688, 2.32133], "uv": [54, 49]},
						{"origin": [-0.7202, 27.76802, -1.75091], "size": [3.5, 2.9, 5], "pivot": [0, 24.0135, 0.08304], "rotation": [19.26322, -12.93688, -2.32133], "uv": [50, 8]},
						{"origin": [-2.88242, 26.17791, 0.66079], "size": [3.5, 1.9, 3.7], "pivot": [-0.3, 24.0135, 0.08304], "rotation": [52.08622, 12.32362, 1.51186], "uv": [42, 60]},
						{"origin": [-2.60509, 27.1218, -0.49481], "size": [3.5, 1.9, 3.7], "pivot": [-0.1, 26.8135, 1.28304], "rotation": [71.45934, 11.15204, 5.4896], "uv": [42, 60]},
						{"origin": [-0.47622, 27.2995, -0.66009], "size": [3, 1.8, 3], "pivot": [-0.2, 26.8135, 1.28304], "rotation": [69.14907, -11.46845, -6.45701], "uv": [65, 28]}
					]
				},
				{
					"name": "Arm",
					"parent": "UpperBody",
					"pivot": [-0.2, 31.275, 0]
				},
				{
					"name": "LeftArm",
					"parent": "Arm",
					"pivot": [0.4, 31.025, 3],
					"rotation": [0, 0, -18],
					"cubes": [
						{"origin": [1.56951, 24.94241, -0.1], "size": [4, 7.1, 4], "inflate": -0.8, "pivot": [3.4, 32.2, 2.4], "rotation": [0, 0, 5], "uv": [0, 44]}
					]
				},
				{
					"name": "bone2",
					"parent": "LeftArm",
					"pivot": [3.4, 32.2, 2.4]
				},
				{
					"name": "LeftForeArm",
					"parent": "LeftArm",
					"pivot": [2.85915, 26.71025, 2.025],
					"cubes": [
						{"origin": [1.04658, 20.01958, -0.1], "size": [4, 7, 4], "inflate": -0.8, "pivot": [3.4, 26.2, 2.4], "rotation": [0, 0, 5], "uv": [32, 23]},
						{"origin": [1.26951, 19.84241, -0.4], "size": [4.6, 3.9, 4.6], "inflate": -0.8, "pivot": [3.4, 32.2, 2.4], "rotation": [0, 0, 5], "uv": [52, 34]},
						{"origin": [1.56951, 18.04241, -0.1], "size": [4, 4.3, 4], "inflate": -0.8, "pivot": [3.4, 32.2, 2.4], "rotation": [0, 0, 5], "uv": [94, 16]}
					]
				},
				{
					"name": "LeftHand2",
					"parent": "LeftForeArm",
					"pivot": [-13.14085, 24.21025, 0.025]
				},
				{
					"name": "RightArm",
					"parent": "Arm",
					"pivot": [-3.4, 32.025, 1.6],
					"rotation": [0, 0, 18],
					"cubes": [
						{"origin": [-5.58528, 25.88637, -0.4], "size": [4, 7.1, 4], "inflate": -0.8, "pivot": [-3.05808, 32.119, 2.06769], "rotation": [0, 0, -5.5], "uv": [38, 44]}
					]
				},
				{
					"name": "RightForeArm",
					"parent": "RightArm",
					"pivot": [-2.935, 26.56164, 2.025],
					"cubes": [
						{"origin": [-5.87543, 20.37952, -0.73231], "size": [4.6, 4.1, 4.6], "inflate": -0.8, "pivot": [-3.05808, 32.119, 2.06769], "rotation": [0, 0, -5.5], "uv": [50, 0]},
						{"origin": [-4.74277, 20.72327, -0.43231], "size": [4, 6.8, 4], "inflate": -0.8, "pivot": [-3.05808, 23.119, 2.06769], "rotation": [0, 0, -5.5], "uv": [34, 0]},
						{"origin": [-5.60538, 18.86471, -0.43231], "size": [4, 4.7, 4], "inflate": -0.8, "pivot": [-3.05808, 32.119, 2.06769], "rotation": [0, 0, -5.5], "uv": [94, 24]}
					]
				},
				{
					"name": "RightHand2",
					"parent": "RightForeArm",
					"pivot": [-20.935, 14.06164, 0.025]
				},
				{
					"name": "RightHandLocator2",
					"parent": "RightHand2",
					"pivot": [-20.935, 14.06164, 0.025]
				},
				{
					"name": "BladeLocator2",
					"parent": "RightHand2",
					"pivot": [-20.935, 14.06164, 0.025]
				},
				{
					"name": "Collar",
					"parent": "UpperBody",
					"pivot": [0, 30.725, -0.025],
					"rotation": [-15.00873, 1.93183, -0.51783],
					"cubes": [
						{
							"origin": [-1.201, 29.301, -1.8],
							"size": [0.9, 1.5, 2],
							"pivot": [-1.3, 29.8, -1.3],
							"rotation": [13.94971, -29.92506, -6.35417],
							"uv": {
								"north": {"uv": [70, 68], "uv_size": [0, 1]},
								"east": {"uv": [68, 68], "uv_size": [2, 1]},
								"south": {"uv": [72, 68], "uv_size": [0, 1]},
								"west": {"uv": [70, 68], "uv_size": [2, 1]},
								"up": {"uv": [70, 66], "uv_size": [0, 2]},
								"down": {"uv": [70, 68], "uv_size": [0, -2]}
							}
						},
						{
							"origin": [0.099, 29.301, -1.8],
							"size": [0.9, 1.5, 2],
							"pivot": [0, 29.8, -1.3],
							"rotation": [12.23392, 9.60887, 2.78252],
							"uv": {
								"north": {"uv": [70, 68], "uv_size": [0, 1]},
								"east": {"uv": [68, 68], "uv_size": [2, 1]},
								"south": {"uv": [72, 68], "uv_size": [0, 1]},
								"west": {"uv": [70, 68], "uv_size": [2, 1]},
								"up": {"uv": [70, 66], "uv_size": [0, 2]},
								"down": {"uv": [70, 68], "uv_size": [0, -2]}
							}
						},
						{"origin": [-3.29935, 28.87048, -3.05994], "size": [1.5, 1.1, 1.5], "pivot": [-2.2, 29.8, -3.1], "rotation": [121.45593, 61.91032, 112.69914], "uv": [64, 58]},
						{
							"origin": [-3.31375, 28.65716, -3.74613],
							"size": [1.8, 0.9, 1.9],
							"pivot": [-2.2, 29.4, -3.4],
							"rotation": [122.25289, 57.54871, 107.83683],
							"uv": {
								"north": {"uv": [80, 71], "uv_size": [2, 1]},
								"east": {"uv": [83, 24], "uv_size": [2, 1]},
								"south": {"uv": [28, 87], "uv_size": [2, 1]},
								"west": {"uv": [87, 29], "uv_size": [2, 1]},
								"up": {"uv": [72, 85], "uv_size": [2, 2]},
								"down": {"uv": [74, 87], "uv_size": [2, -2]}
							}
						},
						{
							"origin": [1.0646, 28.66947, -3.99784],
							"size": [1.8, 0.9, 1.9],
							"pivot": [2.1, 29.4, -3.7],
							"rotation": [27.24965, -16.97189, -0.75471],
							"uv": {
								"north": {"uv": [74, 27], "uv_size": [2, 1]},
								"east": {"uv": [74, 68], "uv_size": [2, 1]},
								"south": {"uv": [76, 48], "uv_size": [2, 1]},
								"west": {"uv": [80, 29], "uv_size": [2, 1]},
								"up": {"uv": [85, 63], "uv_size": [2, 2]},
								"down": {"uv": [85, 70], "uv_size": [2, -2]}
							}
						},
						{"origin": [0.98062, 28.88568, -3.52546], "size": [1.5, 1.1, 1.5], "pivot": [2, 29.8, -3.6], "rotation": [17.95674, -17.28263, 0.2399], "uv": [64, 32]},
						{"origin": [-1.001, 29.101, -2.7], "size": [2, 1.5, 2], "pivot": [0, 29.6, -2.2], "rotation": [16, 0, 0], "uv": [66, 66]}
					]
				},
				{
					"name": "ElytraLocator2",
					"parent": "UpperBody",
					"pivot": [-18, 31.65, 2]
				},
				{
					"name": "RifleLocator2",
					"parent": "UpperBody",
					"pivot": [-18, 25.15, 2.3],
					"rotation": [0, 0, 45]
				},
				{
					"name": "BackpackLocator2",
					"parent": "UpperBody",
					"pivot": [-18, 30, 0]
				},
				{
					"name": "cuerpo",
					"parent": "UpperBody",
					"pivot": [0, 20.65, 0],
					"cubes": [
						{"origin": [-2.5, 21.2, -1.2], "size": [5, 8.8, 3], "inflate": 0.001, "pivot": [0, 24, 0.3], "rotation": [-9, 0, 0], "uv": [16, 49]},
						{"origin": [-2.6, 22.1, -2.3], "size": [5.2, 1.8, 4.2], "inflate": 0.001, "pivot": [0, 24.4, 0], "rotation": [28, 0, 0], "uv": [54, 44]},
						{"origin": [-3.1, 20.5, -1.7], "size": [6.2, 2.9, 4.2], "inflate": 0.001, "pivot": [0, 23.9, 0.6], "rotation": [1, 0, 0], "uv": [32, 36]},
						{"origin": [-2.6, 20.6, -1.3], "size": [1.4, 2.8, 3.3], "inflate": 0.001, "pivot": [0.5, 23.9, 0.6], "rotation": [0.91356, -0.40672, 23.99676], "uv": [52, 66]},
						{"origin": [0.4, 23.9, -1.3], "size": [1.4, 1.7, 3.3], "inflate": 0.001, "pivot": [3.5, 25.8, 0.6], "rotation": [0.80905, 0.58777, -35.99585], "uv": [24, 60]},
						{"origin": [-2.5, 30.001, -0.2], "size": [5, 2, 2], "pivot": [0, 24, 0.3], "rotation": [-9, 0, 0], "uv": [10, 60]},
						{"origin": [-2.601, 29.401, 1.2], "size": [5, 1.6, 2.1], "pivot": [0, 30.9, 1.6], "rotation": [-12.5, 0, 0], "uv": [54, 63]},
						{"origin": [-2.601, 30.501, 1.1], "size": [5, 1.6, 2.1], "pivot": [0, 32, 1.5], "rotation": [3, 0, 0], "uv": [54, 60]},
						{"origin": [0.399, 30.301, -1], "size": [2.5, 1.5, 3], "pivot": [0.3, 31.8, 1.5], "rotation": [15.29961, 16.74025, -8.42107], "uv": [66, 3]},
						{"origin": [-3.401, 30.401, -1], "size": [2.5, 1.5, 3], "pivot": [-0.5, 31.9, 1.5], "rotation": [19.03329, -20.9504, 6.45149], "uv": [66, 7]},
						{"origin": [-2.8, 26.6, -1.4], "size": [5.3, 4.7, 3.3], "inflate": 0.001, "pivot": [0, 24, 0.3], "rotation": [-9, 0, 0], "uv": [54, 15]}
					]
				},
				{
					"name": "PistolLocator",
					"parent": "UpBody",
					"pivot": [-22, 24.75, -1.6],
					"rotation": [-30, 0, 0]
				},
				{
					"name": "RightWaistLocator",
					"parent": "UpBody",
					"pivot": [-22, 23, 0],
					"rotation": [-5, 0, 0]
				},
				{
					"name": "DownBody",
					"parent": "AllBody",
					"pivot": [0, 20.65, 0]
				},
				{
					"name": "Leg",
					"parent": "DownBody",
					"pivot": [0, 21.15, -0.1]
				},
				{
					"name": "LeftLeg",
					"parent": "Leg",
					"pivot": [2, 20.15, -0.1],
					"cubes": [
						{
							"origin": [0.66518, 8.82189, -0.67935],
							"size": [2.475, 0.99673, 1.31907],
							"pivot": [1.73763, 10.41114, -0.13207],
							"rotation": [103, 0, -1.5],
							"uv": {
								"north": {"uv": [65, 86], "uv_size": [2.5, 1]},
								"east": {"uv": [88, 42], "uv_size": [1.5, 1]},
								"south": {"uv": [86, 65], "uv_size": [2.5, 1]},
								"west": {"uv": [88, 43], "uv_size": [1.5, 1]},
								"up": {"uv": [78, 85], "uv_size": [2.5, 1.5]},
								"down": {"uv": [86, 3.5], "uv_size": [2.5, -1.5]}
							}
						},
						{
							"origin": [0.66518, 9.62439, -0.30976],
							"size": [2.475, 1.1, 1.87],
							"pivot": [1.73763, 10.41114, -0.13207],
							"rotation": [73, 0, -1.5],
							"uv": {
								"north": {"uv": [86, 57], "uv_size": [2.5, 1]},
								"east": {"uv": [87, 31], "uv_size": [2, 1]},
								"south": {"uv": [86, 58], "uv_size": [2.5, 1]},
								"west": {"uv": [33, 87], "uv_size": [2, 1]},
								"up": {"uv": [83, 11], "uv_size": [2.5, 2]},
								"down": {"uv": [83, 24], "uv_size": [2.5, -2]}
							}
						},
						{
							"origin": [0.65774, 12.16382, -1.42598],
							"size": [0.66, 9.46, 3.02625],
							"pivot": [1.99596, 10.40751, -0.14586],
							"rotation": [1.99513, 0.13948, -2.99757],
							"uv": {
								"north": {"uv": [71, 82], "uv_size": [0.5, 9.5]},
								"east": {"uv": [48, 70], "uv_size": [3, 9.5]},
								"south": {"uv": [30, 84], "uv_size": [0.5, 9.5]},
								"west": {"uv": [0, 71], "uv_size": [3, 9.5]},
								"up": {"uv": [78, 88], "uv_size": [0.5, 3]},
								"down": {"uv": [79, 91], "uv_size": [0.5, -3]}
							}
						},
						{
							"origin": [2.52871, 12.40713, 0.66451],
							"size": [1.155, 7.38375, 1.5125],
							"pivot": [3.10621, 16.099, 1.58576],
							"rotation": [-9.98986, 0.2527, 7.49188],
							"uv": {
								"north": {"uv": [44, 80], "uv_size": [1, 7.5]},
								"east": {"uv": [61, 76], "uv_size": [1.5, 7.5]},
								"south": {"uv": [45, 80], "uv_size": [1, 7.5]},
								"west": {"uv": [76, 72], "uv_size": [1.5, 7.5]},
								"up": {"uv": [29, 88], "uv_size": [1, 1.5]},
								"down": {"uv": [75, 89.5], "uv_size": [1, -1.5]}
							}
						},
						{
							"origin": [0.35265, 12.20249, 0.17483],
							"size": [0.77, 7.5216, 1.99],
							"pivot": [0.73765, 15.96329, 1.66983],
							"rotation": [-9.99263, -0.19177, -2.99575],
							"uv": {
								"north": {"uv": [42, 80], "uv_size": [1, 7.5]},
								"east": {"uv": [76, 27], "uv_size": [2, 7.5]},
								"south": {"uv": [43, 80], "uv_size": [1, 7.5]},
								"west": {"uv": [33, 76], "uv_size": [2, 7.5]},
								"up": {"uv": [37, 87], "uv_size": [1, 2]},
								"down": {"uv": [38, 89], "uv_size": [1, -2]}
							}
						},
						{
							"origin": [0.73683, 12.35921, 1.50884],
							"size": [2.2, 7.45411, 0.6725],
							"pivot": [1.67183, 16.08627, 1.83884],
							"rotation": [-10, 0, 1],
							"uv": {
								"north": {"uv": [63, 72], "uv_size": [2, 7.5]},
								"east": {"uv": [81, 85], "uv_size": [0.5, 7.5]},
								"south": {"uv": [76, 3], "uv_size": [2, 7.5]},
								"west": {"uv": [86, 4], "uv_size": [0.5, 7.5]},
								"up": {"uv": [89, 73], "uv_size": [2, 0.5]},
								"down": {"uv": [89, 87.5], "uv_size": [2, -0.5]}
							}
						},
						{
							"origin": [1.78692, 12.33474, -1.43125],
							"size": [1.155, 7.37, 3.0525],
							"pivot": [1.73763, 10.41114, -0.13207],
							"rotation": [1.98715, -0.22636, 7.49608],
							"uv": {
								"north": {"uv": [41, 71], "uv_size": [1, 7.5]},
								"east": {"uv": [21, 71], "uv_size": [3, 7.5]},
								"south": {"uv": [31, 79], "uv_size": [1, 7.5]},
								"west": {"uv": [24, 71], "uv_size": [3, 7.5]},
								"up": {"uv": [81, 53], "uv_size": [1, 3]},
								"down": {"uv": [24, 89], "uv_size": [1, -3]}
							}
						},
						{
							"origin": [0.66518, 11.3807, -1.03367],
							"size": [2.475, 0.99, 2.09],
							"pivot": [1.73763, 10.41114, -0.13207],
							"rotation": [14.5, 0, -1.5],
							"uv": {
								"north": {"uv": [86, 55], "uv_size": [2.5, 1]},
								"east": {"uv": [87, 30], "uv_size": [2, 1]},
								"south": {"uv": [56, 86], "uv_size": [2.5, 1]},
								"west": {"uv": [31, 87], "uv_size": [2, 1]},
								"up": {"uv": [83, 6], "uv_size": [2.5, 2]},
								"down": {"uv": [7, 85], "uv_size": [2.5, -2]}
							}
						},
						{
							"origin": [0.53851, 12.07118, -1.43844],
							"size": [2.53, 9.46, 3.06625],
							"pivot": [1.73763, 10.41114, -0.13207],
							"rotation": [2, 0, 1],
							"uv": {
								"north": {"uv": [9, 71], "uv_size": [2.5, 9.5]},
								"east": {"uv": [66, 69], "uv_size": [3, 9.5]},
								"south": {"uv": [12, 71], "uv_size": [2.5, 9.5]},
								"west": {"uv": [69, 69], "uv_size": [3, 9.5]},
								"up": {"uv": [69, 79], "uv_size": [2.5, 3]},
								"down": {"uv": [80, 5], "uv_size": [2.5, -3]}
							}
						},
						{
							"origin": [0.66518, 10.59897, -0.43935],
							"size": [2.475, 1.1, 0.99],
							"pivot": [1.73763, 10.41114, -0.13207],
							"rotation": [44, 0, -1.5],
							"uv": {
								"north": {"uv": [86, 46], "uv_size": [2.5, 1]},
								"east": {"uv": [78, 38], "uv_size": [1, 1]},
								"south": {"uv": [53, 86], "uv_size": [2.5, 1]},
								"west": {"uv": [20, 81], "uv_size": [1, 1]},
								"up": {"uv": [86, 53], "uv_size": [2.5, 1]},
								"down": {"uv": [86, 55], "uv_size": [2.5, -1]}
							}
						},
						{
							"origin": [0.66518, 9.92189, -0.67935],
							"size": [2.475, 0.99673, 1.31907],
							"pivot": [1.73763, 11.51114, -0.13207],
							"rotation": [88, 0, -1.5],
							"uv": {
								"north": {"uv": [65, 86], "uv_size": [2.5, 1]},
								"east": {"uv": [88, 42], "uv_size": [1.5, 1]},
								"south": {"uv": [86, 65], "uv_size": [2.5, 1]},
								"west": {"uv": [88, 43], "uv_size": [1.5, 1]},
								"up": {"uv": [78, 85], "uv_size": [2.5, 1.5]},
								"down": {"uv": [86, 3.5], "uv_size": [2.5, -1.5]}
							}
						}
					]
				},
				{
					"name": "LeftLowerLeg",
					"parent": "LeftLeg",
					"pivot": [1.9, 11.7, -0.1],
					"cubes": [
						{"origin": [0.51046, 4.48908, -0.18842], "size": [2.7, 4.2, 3.3], "pivot": [2.7, 12.3, 3.2], "rotation": [-11, 0, 0.6], "uv": [20, 64]},
						{"origin": [0.47904, 8.99028, -1.69145], "size": [2.7, 3.7, 3.3], "pivot": [2.7, 12.3, 3.2], "rotation": [14, 0, 0.6], "uv": [0, 65]},
						{"origin": [0.448, 4.41171, -1.72512], "size": [2.8, 7.8, 3.3], "uv": [32, 58]}
					]
				},
				{
					"name": "LeftFoot",
					"parent": "LeftLowerLeg",
					"pivot": [1.6875, 2.5, 0.0375],
					"cubes": [
						{
							"origin": [0.075, 3.5, -2.5],
							"size": [3.575, 1.5, 4.875],
							"uv": {
								"north": {"uv": [82, 37], "uv_size": [3.5, 1.5]},
								"east": {"uv": [79, 66], "uv_size": [5, 1.5]},
								"south": {"uv": [82, 57], "uv_size": [3.5, 1.5]},
								"west": {"uv": [80, 0], "uv_size": [5, 1.5]},
								"up": {"uv": [33, 71], "uv_size": [3.5, 5]},
								"down": {"uv": [37, 76], "uv_size": [3.5, -5]}
							}
						},
						{
							"origin": [0.375, 0, 0.5],
							"size": [2.975, 3, 1.575],
							"uv": {
								"north": {"uv": [21, 79], "uv_size": [3, 3]},
								"east": {"uv": [16, 85], "uv_size": [1.5, 3]},
								"south": {"uv": [24, 79], "uv_size": [3, 3]},
								"west": {"uv": [18, 85], "uv_size": [1.5, 3]},
								"up": {"uv": [84, 35], "uv_size": [3, 1.5]},
								"down": {"uv": [84, 81.5], "uv_size": [3, -1.5]}
							}
						},
						{
							"origin": [-0.025, 0, -4.6],
							"size": [3.675, 2.2, 2.3],
							"uv": {
								"north": {"uv": [68, 64], "uv_size": [3.5, 2]},
								"east": {"uv": [76, 63], "uv_size": [2.5, 2]},
								"south": {"uv": [0, 81], "uv_size": [3.5, 2]},
								"west": {"uv": [83, 2], "uv_size": [2.5, 2]},
								"up": {"uv": [79, 39], "uv_size": [3.5, 2.5]},
								"down": {"uv": [79, 44.5], "uv_size": [3.5, -2.5]}
							}
						},
						{
							"origin": [-0.025, 0.90663, -2.44377],
							"size": [3.675, 0.9, 2.8],
							"pivot": [4, 0.80663, -0.14377],
							"rotation": [23, 0, 0],
							"uv": {
								"north": {"uv": [54, 22], "uv_size": [3.5, 1]},
								"east": {"uv": [80, 62], "uv_size": [3, 1]},
								"south": {"uv": [50, 55], "uv_size": [3.5, 1]},
								"west": {"uv": [86, 28], "uv_size": [3, 1]},
								"up": {"uv": [78, 8], "uv_size": [3.5, 3]},
								"down": {"uv": [78, 33], "uv_size": [3.5, -3]}
							}
						},
						{
							"origin": [0.175, 1, -2.3],
							"size": [3.375, 3, 4.375],
							"uv": {
								"north": {"uv": [78, 56], "uv_size": [3.5, 3]},
								"east": {"uv": [74, 11], "uv_size": [4.5, 3]},
								"south": {"uv": [72, 78], "uv_size": [3.5, 3]},
								"west": {"uv": [74, 35], "uv_size": [4.5, 3]},
								"up": {"uv": [72, 73], "uv_size": [3.5, 4.5]},
								"down": {"uv": [74, 26.5], "uv_size": [3.5, -4.5]}
							}
						},
						{
							"origin": [-0.025, 1.775, -4.5],
							"size": [3.675, 1, 3.4],
							"pivot": [1.3125, 2.5, -3.1],
							"rotation": [22.5, 0, 0],
							"uv": {
								"north": {"uv": [58, 22], "uv_size": [3.5, 1]},
								"east": {"uv": [10, 59], "uv_size": [3.5, 1]},
								"south": {"uv": [66, 14], "uv_size": [3.5, 1]},
								"west": {"uv": [74, 38], "uv_size": [3.5, 1]},
								"up": {"uv": [53, 76], "uv_size": [3.5, 3.5]},
								"down": {"uv": [57, 79.5], "uv_size": [3.5, -3.5]}
							}
						}
					]
				},
				{
					"name": "RightLeg",
					"parent": "Leg",
					"pivot": [-2.1, 20.15, 0.9],
					"cubes": [
						{
							"origin": [-1.31774, 12.16382, -1.42598],
							"size": [0.66, 9.46, 3.02625],
							"pivot": [-1.99596, 10.40751, -0.14586],
							"rotation": [1.99513, -0.13948, 2.99757],
							"uv": {
								"north": {"uv": [14, 85], "uv_size": [0.5, 9.5]},
								"east": {"uv": [3, 71], "uv_size": [3, 9.5]},
								"south": {"uv": [15, 85], "uv_size": [0.5, 9.5]},
								"west": {"uv": [6, 71], "uv_size": [3, 9.5]},
								"up": {"uv": [88, 79], "uv_size": [0.5, 3]},
								"down": {"uv": [88, 85], "uv_size": [0.5, -3]}
							}
						},
						{
							"origin": [-3.68371, 12.40713, 0.66451],
							"size": [1.155, 7.38375, 1.5125],
							"pivot": [-3.10621, 16.099, 1.58576],
							"rotation": [-9.98986, -0.2527, -7.49188],
							"uv": {
								"north": {"uv": [48, 80], "uv_size": [1, 7.5]},
								"east": {"uv": [78, 22], "uv_size": [1.5, 7.5]},
								"south": {"uv": [80, 48], "uv_size": [1, 7.5]},
								"west": {"uv": [78, 48], "uv_size": [1.5, 7.5]},
								"up": {"uv": [76, 88], "uv_size": [1, 1.5]},
								"down": {"uv": [77, 89.5], "uv_size": [1, -1.5]}
							}
						},
						{
							"origin": [-2.93683, 12.35921, 0.50884],
							"size": [2.2, 7.45411, 1.6725],
							"pivot": [-1.67183, 16.08627, 1.83884],
							"rotation": [-10, 0, -1],
							"uv": {
								"north": {"uv": [35, 76], "uv_size": [2, 7.5]},
								"east": {"uv": [77, 14], "uv_size": [1.5, 7.5]},
								"south": {"uv": [37, 76], "uv_size": [2, 7.5]},
								"west": {"uv": [78, 0], "uv_size": [1.5, 7.5]},
								"up": {"uv": [86, 40], "uv_size": [2, 1.5]},
								"down": {"uv": [86, 43.5], "uv_size": [2, -1.5]}
							}
						},
						{
							"origin": [-2.94192, 12.33474, -1.43125],
							"size": [1.155, 7.37, 3.0525],
							"pivot": [-1.73763, 10.41114, -0.13207],
							"rotation": [1.98715, 0.22636, -7.49608],
							"uv": {
								"north": {"uv": [32, 79], "uv_size": [1, 7.5]},
								"east": {"uv": [27, 71], "uv_size": [3, 7.5]},
								"south": {"uv": [41, 79], "uv_size": [1, 7.5]},
								"west": {"uv": [30, 71], "uv_size": [3, 7.5]},
								"up": {"uv": [25, 86], "uv_size": [1, 3]},
								"down": {"uv": [86, 32], "uv_size": [1, -3]}
							}
						},
						{
							"origin": [-3.14018, 10.59897, -0.43935],
							"size": [2.475, 1.1, 0.99],
							"pivot": [-1.73763, 10.41114, -0.13207],
							"rotation": [44, 0, 1.5],
							"uv": {
								"north": {"uv": [68, 86], "uv_size": [2.5, 1]},
								"east": {"uv": [83, 13], "uv_size": [1, 1]},
								"south": {"uv": [86, 71], "uv_size": [2.5, 1]},
								"west": {"uv": [83, 65], "uv_size": [1, 1]},
								"up": {"uv": [86, 72], "uv_size": [2.5, 1]},
								"down": {"uv": [86, 74], "uv_size": [2.5, -1]}
							}
						},
						{
							"origin": [-3.14018, 11.39897, 0.46065],
							"size": [2.475, 1.1, 0.99],
							"pivot": [-1.73763, 11.21114, 0.76793],
							"rotation": [92, 0, 1.5],
							"uv": {
								"north": {"uv": [68, 86], "uv_size": [2.5, 1]},
								"east": {"uv": [83, 13], "uv_size": [1, 1]},
								"south": {"uv": [86, 71], "uv_size": [2.5, 1]},
								"west": {"uv": [83, 65], "uv_size": [1, 1]},
								"up": {"uv": [86, 72], "uv_size": [2.5, 1]},
								"down": {"uv": [86, 74], "uv_size": [2.5, -1]}
							}
						},
						{
							"origin": [-3.14018, 10.89897, 0.96065],
							"size": [2.475, 1.1, 0.99],
							"pivot": [-1.73763, 10.71114, 1.26793],
							"rotation": [92, 0, 1.5],
							"uv": {
								"north": {"uv": [68, 86], "uv_size": [2.5, 1]},
								"east": {"uv": [83, 13], "uv_size": [1, 1]},
								"south": {"uv": [86, 71], "uv_size": [2.5, 1]},
								"west": {"uv": [83, 65], "uv_size": [1, 1]},
								"up": {"uv": [86, 72], "uv_size": [2.5, 1]},
								"down": {"uv": [86, 74], "uv_size": [2.5, -1]}
							}
						},
						{
							"origin": [-3.14018, 11.39897, 0.96065],
							"size": [2.475, 1.1, 0.99],
							"pivot": [-1.73763, 11.21114, 1.26793],
							"rotation": [92, 0, 1.5],
							"uv": {
								"north": {"uv": [68, 86], "uv_size": [2.5, 1]},
								"east": {"uv": [83, 13], "uv_size": [1, 1]},
								"south": {"uv": [86, 71], "uv_size": [2.5, 1]},
								"west": {"uv": [83, 65], "uv_size": [1, 1]},
								"up": {"uv": [86, 72], "uv_size": [2.5, 1]},
								"down": {"uv": [86, 74], "uv_size": [2.5, -1]}
							}
						},
						{
							"origin": [-3.14018, 10.89897, 0.46065],
							"size": [2.475, 1.1, 0.99],
							"pivot": [-1.73763, 10.71114, 0.76793],
							"rotation": [92, 0, 1.5],
							"uv": {
								"north": {"uv": [68, 86], "uv_size": [2.5, 1]},
								"east": {"uv": [83, 13], "uv_size": [1, 1]},
								"south": {"uv": [86, 71], "uv_size": [2.5, 1]},
								"west": {"uv": [83, 65], "uv_size": [1, 1]},
								"up": {"uv": [86, 72], "uv_size": [2.5, 1]},
								"down": {"uv": [86, 74], "uv_size": [2.5, -1]}
							}
						},
						{
							"origin": [-3.14018, 11.3807, -1.03367],
							"size": [2.475, 0.99, 2.09],
							"pivot": [-1.73763, 10.41114, -0.13207],
							"rotation": [14.5, 0, 1.5],
							"uv": {
								"north": {"uv": [86, 66], "uv_size": [2.5, 1]},
								"east": {"uv": [35, 87], "uv_size": [2, 1]},
								"south": {"uv": [86, 67], "uv_size": [2.5, 1]},
								"west": {"uv": [87, 35], "uv_size": [2, 1]},
								"up": {"uv": [83, 39], "uv_size": [2.5, 2]},
								"down": {"uv": [83, 43], "uv_size": [2.5, -2]}
							}
						},
						{
							"origin": [-3.06851, 12.07118, -1.43844],
							"size": [2.53, 9.46, 3.06625],
							"pivot": [-1.73763, 10.41114, -0.13207],
							"rotation": [2, 0, -1],
							"uv": {
								"north": {"uv": [15, 71], "uv_size": [2.5, 9.5]},
								"east": {"uv": [42, 70], "uv_size": [3, 9.5]},
								"south": {"uv": [18, 71], "uv_size": [2.5, 9.5]},
								"west": {"uv": [45, 70], "uv_size": [3, 9.5]},
								"up": {"uv": [80, 5], "uv_size": [2.5, 3]},
								"down": {"uv": [80, 25], "uv_size": [2.5, -3]}
							}
						},
						{
							"origin": [-1.04735, 12.20249, 0.17483],
							"size": [0.77, 7.5216, 1.99],
							"pivot": [-0.66235, 15.96329, 1.66983],
							"rotation": [-9.95873, 0.84853, 2.91355],
							"uv": {
								"north": {"uv": [42, 80], "uv_size": [1, 7.5]},
								"east": {"uv": [76, 27], "uv_size": [2, 7.5]},
								"south": {"uv": [43, 80], "uv_size": [1, 7.5]},
								"west": {"uv": [33, 76], "uv_size": [2, 7.5]},
								"up": {"uv": [37, 87], "uv_size": [1, 2]},
								"down": {"uv": [38, 89], "uv_size": [1, -2]}
							}
						}
					]
				},
				{
					"name": "RightLowerLeg",
					"parent": "RightLeg",
					"pivot": [-0.2, 11.7, -0.1],
					"cubes": [
						{"origin": [-3.2, 4.48908, -0.08842], "size": [2.7, 4.2, 3.3], "pivot": [-1, 12.3, 3.3], "rotation": [-11, 0, 0.6], "uv": [20, 64]},
						{"origin": [-3.2, 8.99028, -1.59145], "size": [2.7, 3.7, 3.3], "pivot": [-1, 12.3, 3.3], "rotation": [14, 0, 0.6], "uv": [0, 65]},
						{"origin": [-3.252, 4.41171, -1.62512], "size": [2.8, 7.8, 3.3], "uv": [32, 58]}
					]
				},
				{
					"name": "RightFoot",
					"parent": "RightLowerLeg",
					"pivot": [-2.1875, 4.5, 0.7625],
					"cubes": [
						{
							"origin": [-3.625, 3.30933, -1.84829],
							"size": [3.575, 1.5, 4.875],
							"uv": {
								"north": {"uv": [82, 37], "uv_size": [3.5, 1.5]},
								"east": {"uv": [79, 66], "uv_size": [5, 1.5]},
								"south": {"uv": [82, 57], "uv_size": [3.5, 1.5]},
								"west": {"uv": [80, 0], "uv_size": [5, 1.5]},
								"up": {"uv": [33, 71], "uv_size": [3.5, 5]},
								"down": {"uv": [37, 76], "uv_size": [3.5, -5]}
							}
						},
						{
							"origin": [-3.325, -0.19067, 1.15171],
							"size": [2.975, 3, 1.575],
							"uv": {
								"north": {"uv": [21, 79], "uv_size": [3, 3]},
								"east": {"uv": [16, 85], "uv_size": [1.5, 3]},
								"south": {"uv": [24, 79], "uv_size": [3, 3]},
								"west": {"uv": [18, 85], "uv_size": [1.5, 3]},
								"up": {"uv": [84, 35], "uv_size": [3, 1.5]},
								"down": {"uv": [84, 81.5], "uv_size": [3, -1.5]}
							}
						},
						{
							"origin": [-3.725, -0.19067, -3.94829],
							"size": [3.675, 2.2, 2.3],
							"uv": {
								"north": {"uv": [68, 64], "uv_size": [3.5, 2]},
								"east": {"uv": [76, 63], "uv_size": [2.5, 2]},
								"south": {"uv": [0, 81], "uv_size": [3.5, 2]},
								"west": {"uv": [83, 2], "uv_size": [2.5, 2]},
								"up": {"uv": [79, 39], "uv_size": [3.5, 2.5]},
								"down": {"uv": [79, 44.5], "uv_size": [3.5, -2.5]}
							}
						},
						{
							"origin": [-3.725, 0.71596, -1.79206],
							"size": [3.675, 0.9, 2.8],
							"pivot": [0.3, 0.61596, 0.50794],
							"rotation": [23, 0, 0],
							"uv": {
								"north": {"uv": [54, 22], "uv_size": [3.5, 1]},
								"east": {"uv": [80, 62], "uv_size": [3, 1]},
								"south": {"uv": [50, 55], "uv_size": [3.5, 1]},
								"west": {"uv": [86, 28], "uv_size": [3, 1]},
								"up": {"uv": [78, 8], "uv_size": [3.5, 3]},
								"down": {"uv": [78, 33], "uv_size": [3.5, -3]}
							}
						},
						{
							"origin": [-3.525, 0.80933, -1.64829],
							"size": [3.375, 3, 4.375],
							"uv": {
								"north": {"uv": [78, 56], "uv_size": [3.5, 3]},
								"east": {"uv": [74, 11], "uv_size": [4.5, 3]},
								"south": {"uv": [72, 78], "uv_size": [3.5, 3]},
								"west": {"uv": [74, 35], "uv_size": [4.5, 3]},
								"up": {"uv": [72, 73], "uv_size": [3.5, 4.5]},
								"down": {"uv": [74, 26.5], "uv_size": [3.5, -4.5]}
							}
						},
						{
							"origin": [-3.725, 1.58433, -3.84829],
							"size": [3.675, 1, 3.4],
							"pivot": [-2.3875, 2.30933, -2.44829],
							"rotation": [22.5, 0, 0],
							"uv": {
								"north": {"uv": [58, 22], "uv_size": [3.5, 1]},
								"east": {"uv": [10, 59], "uv_size": [3.5, 1]},
								"south": {"uv": [66, 14], "uv_size": [3.5, 1]},
								"west": {"uv": [74, 38], "uv_size": [3.5, 1]},
								"up": {"uv": [53, 76], "uv_size": [3.5, 3.5]},
								"down": {"uv": [57, 79.5], "uv_size": [3.5, -3.5]}
							}
						}
					]
				},
				{
					"name": "Skirt",
					"parent": "DownBody",
					"pivot": [0, 23.85, 0.1]
				},
				{
					"name": "RightSkirt",
					"parent": "Skirt",
					"pivot": [-3.625, 22.9, 0.0375],
					"rotation": [0, 0, -2.5],
					"cubes": [
						{
							"origin": [-9.57834, 25.08339, -8.26267],
							"size": [0.5, 3.6, 2.2],
							"pivot": [-21.57428, 15.08864, 0.98815],
							"rotation": [0.50385, -27.44033, 19.59013],
							"uv": {
								"north": {"uv": [83, 87], "uv_size": [0.5, 3.5]},
								"east": {"uv": [14, 81], "uv_size": [2, 3.5]},
								"south": {"uv": [87, 83], "uv_size": [0.5, 3.5]},
								"west": {"uv": [16, 81], "uv_size": [2, 3.5]},
								"up": {"uv": [90, 85], "uv_size": [0.5, 2]},
								"down": {"uv": [90, 91], "uv_size": [0.5, -2]}
							}
						},
						{
							"origin": [-4.9102, 19.92204, -4.96376],
							"size": [0.5, 3.6, 2.1],
							"pivot": [-5.34724, 20.69437, -2.27991],
							"rotation": [-3.44863, -82.54541, 23.24188],
							"uv": {
								"north": {"uv": [16, 88], "uv_size": [0.5, 3.5]},
								"east": {"uv": [82, 53], "uv_size": [2, 3.5]},
								"south": {"uv": [88, 16], "uv_size": [0.5, 3.5]},
								"west": {"uv": [65, 82], "uv_size": [2, 3.5]},
								"up": {"uv": [91, 63], "uv_size": [0.5, 2]},
								"down": {"uv": [91, 67], "uv_size": [0.5, -2]}
							}
						},
						{
							"origin": [-4.9102, 18.02204, -4.96376],
							"size": [0.5, 2.4, 2.1],
							"pivot": [-5.34724, 20.69437, -2.27991],
							"rotation": [-3.44863, -82.54541, 23.24188],
							"uv": {
								"north": {"uv": [73, 89], "uv_size": [0.5, 2.5]},
								"east": {"uv": [4, 85], "uv_size": [2, 2.5]},
								"south": {"uv": [74, 89], "uv_size": [0.5, 2.5]},
								"west": {"uv": [6, 85], "uv_size": [2, 2.5]},
								"up": {"uv": [41, 91], "uv_size": [0.5, 2]},
								"down": {"uv": [91, 63], "uv_size": [0.5, -2]}
							}
						},
						{
							"origin": [-3.85122, 17.47052, -1.77828],
							"size": [0.5, 2.4, 2.2],
							"pivot": [-3.34724, 23.09437, -0.27991],
							"rotation": [-0.44761, -2.55868, 19.8423],
							"uv": {
								"north": {"uv": [89, 79], "uv_size": [0.5, 2.5]},
								"east": {"uv": [8, 85], "uv_size": [2, 2.5]},
								"south": {"uv": [89, 82], "uv_size": [0.5, 2.5]},
								"west": {"uv": [12, 85], "uv_size": [2, 2.5]},
								"up": {"uv": [91, 73], "uv_size": [0.5, 2]},
								"down": {"uv": [91, 77], "uv_size": [0.5, -2]}
							}
						},
						{
							"origin": [-18.87496, 23.18339, 14.91285],
							"size": [0.5, 2.4, 2.2],
							"pivot": [-21.57428, 15.08864, 0.98815],
							"rotation": [1.49158, 72.55321, 21.24532],
							"uv": {
								"north": {"uv": [36, 89], "uv_size": [0.5, 2.5]},
								"east": {"uv": [84, 13], "uv_size": [2, 2.5]},
								"south": {"uv": [37, 89], "uv_size": [0.5, 2.5]},
								"west": {"uv": [84, 16], "uv_size": [2, 2.5]},
								"up": {"uv": [90, 44], "uv_size": [0.5, 2]},
								"down": {"uv": [90, 55], "uv_size": [0.5, -2]}
							}
						},
						{
							"origin": [-9.58393, 23.07626, 6.26962],
							"size": [0.5, 2.4, 2.2],
							"pivot": [-21.34724, 14.69437, -0.57991],
							"rotation": [-0.50385, 27.44033, 19.59013],
							"uv": {
								"north": {"uv": [34, 89], "uv_size": [0.5, 2.5]},
								"east": {"uv": [83, 68], "uv_size": [2, 2.5]},
								"south": {"uv": [35, 89], "uv_size": [0.5, 2.5]},
								"west": {"uv": [84, 8], "uv_size": [2, 2.5]},
								"up": {"uv": [90, 37], "uv_size": [0.5, 2]},
								"down": {"uv": [90, 44], "uv_size": [0.5, -2]}
							}
						},
						{
							"origin": [-9.57834, 23.18338, -7.96267],
							"size": [0.5, 2.4, 2.2],
							"pivot": [-21.57428, 15.08864, 1.28815],
							"rotation": [0.50385, -27.44033, 19.59013],
							"uv": {
								"north": {"uv": [53, 89], "uv_size": [0.5, 2.5]},
								"east": {"uv": [35, 84], "uv_size": [2, 2.5]},
								"south": {"uv": [89, 53], "uv_size": [0.5, 2.5]},
								"west": {"uv": [37, 84], "uv_size": [2, 2.5]},
								"up": {"uv": [91, 28], "uv_size": [0.5, 2]},
								"down": {"uv": [91, 32], "uv_size": [0.5, -2]}
							}
						},
						{
							"origin": [-7.66009, 23.18339, 0.97993],
							"size": [0.5, 2.4, 2.2],
							"pivot": [-21.57428, 15.08864, 0.98815],
							"rotation": [0.44761, 2.55868, 19.8423],
							"uv": {
								"north": {"uv": [44, 89], "uv_size": [0.5, 2.5]},
								"east": {"uv": [84, 19], "uv_size": [2, 2.5]},
								"south": {"uv": [89, 44], "uv_size": [0.5, 2.5]},
								"west": {"uv": [26, 84], "uv_size": [2, 2.5]},
								"up": {"uv": [90, 65], "uv_size": [0.5, 2]},
								"down": {"uv": [90, 72], "uv_size": [0.5, -2]}
							}
						},
						{
							"origin": [-7.66009, 25.08339, 0.97993],
							"size": [0.5, 3.6, 2.2],
							"pivot": [-21.57428, 15.08864, 0.98815],
							"rotation": [0.44761, 2.55868, 19.8423],
							"uv": {
								"north": {"uv": [80, 87], "uv_size": [0.5, 3.5]},
								"east": {"uv": [76, 80], "uv_size": [2, 3.5]},
								"south": {"uv": [82, 87], "uv_size": [0.5, 3.5]},
								"west": {"uv": [12, 81], "uv_size": [2, 3.5]},
								"up": {"uv": [90, 81], "uv_size": [0.5, 2]},
								"down": {"uv": [90, 85], "uv_size": [0.5, -2]}
							}
						},
						{
							"origin": [-18.87496, 27.58339, 14.91285],
							"size": [0.5, 0.6, 0.3],
							"pivot": [-21.57428, 15.08864, 0.98815],
							"rotation": [1.49158, 72.55321, 21.24532],
							"uv": {
								"north": {"uv": [92, 19], "uv_size": [0.5, 0.5]},
								"east": {"uv": [20, 92], "uv_size": [0.5, 0.5]},
								"south": {"uv": [92, 20], "uv_size": [0.5, 0.5]},
								"west": {"uv": [21, 92], "uv_size": [0.5, 0.5]},
								"up": {"uv": [92, 21], "uv_size": [0.5, 0.5]},
								"down": {"uv": [22, 92.5], "uv_size": [0.5, -0.5]}
							}
						},
						{
							"origin": [-18.87496, 25.08339, 14.91285],
							"size": [0.5, 2.5, 1.2],
							"pivot": [-21.57428, 15.08864, 0.98815],
							"rotation": [1.49158, 72.55321, 21.24532],
							"uv": {
								"north": {"uv": [23, 89], "uv_size": [0.5, 2.5]},
								"east": {"uv": [86, 82], "uv_size": [1, 2.5]},
								"south": {"uv": [24, 89], "uv_size": [0.5, 2.5]},
								"west": {"uv": [86, 85], "uv_size": [1, 2.5]},
								"up": {"uv": [91, 91], "uv_size": [0.5, 1]},
								"down": {"uv": [0, 93], "uv_size": [0.5, -1]}
							}
						},
						{"origin": [-4.30071, 19.35372, 1.3], "size": [7.8, 1, 1.4], "uv": [34, 12]},
						{
							"origin": [-7.78514, 24.97626, -2.5163],
							"size": [0.5, 3.6, 2.2],
							"pivot": [-21.34724, 14.69437, -0.27991],
							"rotation": [-0.44761, -2.55868, 19.8423],
							"uv": {
								"north": {"uv": [19, 88], "uv_size": [0.5, 3.5]},
								"east": {"uv": [82, 71], "uv_size": [2, 3.5]},
								"south": {"uv": [28, 88], "uv_size": [0.5, 3.5]},
								"west": {"uv": [82, 75], "uv_size": [2, 3.5]},
								"up": {"uv": [70, 91], "uv_size": [0.5, 2]},
								"down": {"uv": [91, 72], "uv_size": [0.5, -2]}
							}
						}
					]
				},
				{
					"name": "LeftSkirt",
					"parent": "Skirt",
					"pivot": [3.8, 23.9, 0.0375],
					"rotation": [0, 0, 2.5],
					"cubes": [
						{
							"origin": [1.21797, 12.22901, -0.46833],
							"size": [0.5, 2.4, 2.2],
							"pivot": [-12.96024, 25.96033, 0.98815],
							"rotation": [0.44761, -2.55868, -19.8423],
							"uv": {
								"north": {"uv": [31, 89], "uv_size": [0.5, 2.5]},
								"east": {"uv": [55, 83], "uv_size": [2, 2.5]},
								"south": {"uv": [89, 31], "uv_size": [0.5, 2.5]},
								"west": {"uv": [57, 83], "uv_size": [2, 2.5]},
								"up": {"uv": [90, 28], "uv_size": [0.5, 2]},
								"down": {"uv": [29, 92], "uv_size": [0.5, -2]}
							}
						},
						{
							"origin": [1.34302, 12.12188, -1.06803],
							"size": [0.5, 2.4, 2.2],
							"pivot": [-13.18728, 25.56606, -0.27991],
							"rotation": [-0.44761, 2.55868, -19.8423],
							"uv": {
								"north": {"uv": [51, 89], "uv_size": [0.5, 2.5]},
								"east": {"uv": [84, 32], "uv_size": [2, 2.5]},
								"south": {"uv": [52, 89], "uv_size": [0.5, 2.5]},
								"west": {"uv": [33, 84], "uv_size": [2, 2.5]},
								"up": {"uv": [91, 15], "uv_size": [0.5, 2]},
								"down": {"uv": [91, 22], "uv_size": [0.5, -2]}
							}
						},
						{
							"origin": [1.34302, 14.02188, -1.06804],
							"size": [0.5, 3.6, 2.2],
							"pivot": [-13.18728, 25.56606, -0.27991],
							"rotation": [-0.44761, 2.55868, -19.8423],
							"uv": {
								"north": {"uv": [3, 88], "uv_size": [0.5, 3.5]},
								"east": {"uv": [74, 81], "uv_size": [2, 3.5]},
								"south": {"uv": [4, 88], "uv_size": [0.5, 3.5]},
								"west": {"uv": [78, 81], "uv_size": [2, 3.5]},
								"up": {"uv": [91, 11], "uv_size": [0.5, 2]},
								"down": {"uv": [91, 15], "uv_size": [0.5, -2]}
							}
						},
						{
							"origin": [1.21797, 14.12901, -0.46833],
							"size": [0.5, 3.6, 2.2],
							"pivot": [-12.96024, 25.96033, 0.98815],
							"rotation": [0.44761, -2.55868, -19.8423],
							"uv": {
								"north": {"uv": [41, 87], "uv_size": [0.5, 3.5]},
								"east": {"uv": [30, 64], "uv_size": [2, 3.5]},
								"south": {"uv": [69, 87], "uv_size": [0.5, 3.5]},
								"west": {"uv": [49, 80], "uv_size": [2, 3.5]},
								"up": {"uv": [75, 90], "uv_size": [0.5, 2]},
								"down": {"uv": [76, 92], "uv_size": [0.5, -2]}
							}
						},
						{
							"origin": [-10.20267, 14.02188, 12.26782],
							"size": [0.5, 3.6, 2.1],
							"pivot": [-13.18728, 25.56606, -0.27991],
							"rotation": [-3.44863, 82.54541, -23.24188],
							"uv": {
								"north": {"uv": [17, 88], "uv_size": [0.5, 3.5]},
								"east": {"uv": [67, 82], "uv_size": [2, 3.5]},
								"south": {"uv": [18, 88], "uv_size": [0.5, 3.5]},
								"west": {"uv": [69, 82], "uv_size": [2, 3.5]},
								"up": {"uv": [91, 68], "uv_size": [0.5, 2]},
								"down": {"uv": [69, 93], "uv_size": [0.5, -2]}
							}
						},
						{
							"origin": [-10.20267, 12.12188, 11.96782],
							"size": [0.3, 2.4, 2.1],
							"pivot": [-13.18728, 25.56606, -0.57991],
							"rotation": [-3.44863, 82.54541, -23.24188],
							"uv": {
								"north": {"uv": [49, 89], "uv_size": [0.5, 2.5]},
								"east": {"uv": [28, 84], "uv_size": [2, 2.5]},
								"south": {"uv": [50, 89], "uv_size": [0.5, 2.5]},
								"west": {"uv": [84, 29], "uv_size": [2, 2.5]},
								"up": {"uv": [10, 91], "uv_size": [0.5, 2]},
								"down": {"uv": [11, 93], "uv_size": [0.5, -2]}
							}
						},
						{
							"origin": [-7.74131, 14.12901, -12.45055],
							"size": [0.5, 2.5, 1.2],
							"pivot": [-12.96024, 25.96033, 0.98815],
							"rotation": [1.49158, -72.55321, -21.24532],
							"uv": {
								"north": {"uv": [89, 15], "uv_size": [0.5, 2.5]},
								"east": {"uv": [86, 74], "uv_size": [1, 2.5]},
								"south": {"uv": [22, 89], "uv_size": [0.5, 2.5]},
								"west": {"uv": [86, 77], "uv_size": [1, 2.5]},
								"up": {"uv": [90, 91], "uv_size": [0.5, 1]},
								"down": {"uv": [91, 91], "uv_size": [0.5, -1]}
							}
						},
						{
							"origin": [-6.2053, 12.22901, -11.8356],
							"size": [0.5, 2.4, 2.2],
							"pivot": [-13.06024, 25.96033, 0.98815],
							"rotation": [1.08062, -65.55492, -20.8061],
							"uv": {
								"north": {"uv": [27, 89], "uv_size": [0.5, 2.5]},
								"east": {"uv": [83, 50], "uv_size": [2, 2.5]},
								"south": {"uv": [89, 28], "uv_size": [0.5, 2.5]},
								"west": {"uv": [53, 83], "uv_size": [2, 2.5]},
								"up": {"uv": [21, 90], "uv_size": [0.5, 2]},
								"down": {"uv": [90, 23], "uv_size": [0.5, -2]}
							}
						},
						{
							"origin": [0.03529, 12.12188, -6.77234],
							"size": [0.5, 2.4, 2.2],
							"pivot": [-13.18728, 25.56606, -0.57991],
							"rotation": [-0.50385, -27.44033, -19.59013],
							"uv": {
								"north": {"uv": [25, 89], "uv_size": [0.5, 2.5]},
								"east": {"uv": [10, 83], "uv_size": [2, 2.5]},
								"south": {"uv": [26, 89], "uv_size": [0.5, 2.5]},
								"west": {"uv": [83, 47], "uv_size": [2, 2.5]},
								"up": {"uv": [90, 15], "uv_size": [0.5, 2]},
								"down": {"uv": [20, 92], "uv_size": [0.5, -2]}
							}
						},
						{
							"origin": [0.0297, 12.229, 4.77929],
							"size": [0.5, 2.4, 2.2],
							"pivot": [-12.96024, 25.96033, 0.98815],
							"rotation": [0.50385, 27.44033, -19.59013],
							"uv": {
								"north": {"uv": [32, 89], "uv_size": [0.5, 2.5]},
								"east": {"uv": [83, 59], "uv_size": [2, 2.5]},
								"south": {"uv": [33, 89], "uv_size": [0.5, 2.5]},
								"west": {"uv": [83, 62], "uv_size": [2, 2.5]},
								"up": {"uv": [90, 30], "uv_size": [0.5, 2]},
								"down": {"uv": [90, 34], "uv_size": [0.5, -2]}
							}
						},
						{
							"origin": [0.0297, 14.12901, 5.77929],
							"size": [0.5, 3.6, 1.2],
							"pivot": [-12.96024, 25.96033, 0.98815],
							"rotation": [0.50385, 27.44033, -19.59013],
							"uv": {
								"north": {"uv": [87, 87], "uv_size": [0.5, 3.5]},
								"east": {"uv": [18, 81], "uv_size": [2, 3.5]},
								"south": {"uv": [0, 88], "uv_size": [0.5, 3.5]},
								"west": {"uv": [81, 45], "uv_size": [2, 3.5]},
								"up": {"uv": [91, 0], "uv_size": [0.5, 2]},
								"down": {"uv": [91, 7], "uv_size": [0.5, -2]}
							}
						}
					]
				},
				{
					"name": "FrontSkirt",
					"parent": "Skirt",
					"pivot": [0, 23.25, -2.0125],
					"cubes": [
						{
							"origin": [1.12129, 18.63688, -6.2298],
							"size": [1.9, 3.6, 0.4],
							"pivot": [-15.89047, 20.17585, -2.39064],
							"rotation": [-18.70983, -10.38038, 0.53892],
							"uv": {
								"north": {"uv": [82, 29], "uv_size": [2, 3.5]},
								"east": {"uv": [88, 12], "uv_size": [0.5, 3.5]},
								"south": {"uv": [82, 33], "uv_size": [2, 3.5]},
								"west": {"uv": [13, 88], "uv_size": [0.5, 3.5]},
								"up": {"uv": [91, 59], "uv_size": [2, 0.5]},
								"down": {"uv": [91, 60.5], "uv_size": [2, -0.5]}
							}
						},
						{
							"origin": [-7.49522, 16.96905, 10.58634],
							"size": [1.8, 5.2, 0.4],
							"pivot": [-17.6654, 21.86905, -0.70246],
							"rotation": [-29.52015, 46.04179, -22.17599],
							"uv": {
								"north": {"uv": [39, 84], "uv_size": [2, 2.5]},
								"east": {"uv": [54, 89], "uv_size": [0.5, 2.5]},
								"south": {"uv": [49, 84], "uv_size": [2, 2.5]},
								"west": {"uv": [55, 89], "uv_size": [0.5, 2.5]},
								"up": {"uv": [91, 34], "uv_size": [2, 0.5]},
								"down": {"uv": [91, 35.5], "uv_size": [2, -0.5]}
							}
						},
						{
							"origin": [-1.4, 16.81651, -2.95968],
							"size": [2.8, 2.4, 0.4],
							"pivot": [-18, 20.71651, -0.45968],
							"rotation": [-20, 0, 0],
							"uv": {
								"north": {"uv": [53, 80], "uv_size": [3, 2.5]},
								"east": {"uv": [56, 89], "uv_size": [0.5, 2.5]},
								"south": {"uv": [56, 80], "uv_size": [3, 2.5]},
								"west": {"uv": [57, 89], "uv_size": [0.5, 2.5]},
								"up": {"uv": [88, 88], "uv_size": [3, 0.5]},
								"down": {"uv": [89, 2.5], "uv_size": [3, -0.5]}
							}
						},
						{
							"origin": [-7.16442, 17.02936, -17.33328],
							"size": [1.8, 5.2, 0.4],
							"pivot": [-18.3346, 20.92936, -1.04448],
							"rotation": [-29.52015, -46.04179, 22.17599],
							"uv": {
								"north": {"uv": [51, 84], "uv_size": [2, 2.5]},
								"east": {"uv": [58, 89], "uv_size": [0.5, 2.5]},
								"south": {"uv": [84, 53], "uv_size": [2, 2.5]},
								"west": {"uv": [59, 89], "uv_size": [0.5, 2.5]},
								"up": {"uv": [91, 36], "uv_size": [2, 0.5]},
								"down": {"uv": [91, 37.5], "uv_size": [2, -0.5]}
							}
						},
						{
							"origin": [-16.4858, 16.73688, -21.59914],
							"size": [2.2, 2.4, 0.4],
							"pivot": [-15.89047, 20.17585, -2.39064],
							"rotation": [-92.84225, -71.584, 90.04229],
							"uv": {
								"north": {"uv": [59, 84], "uv_size": [2, 2.5]},
								"east": {"uv": [60, 89], "uv_size": [0.5, 2.5]},
								"south": {"uv": [61, 84], "uv_size": [2, 2.5]},
								"west": {"uv": [61, 89], "uv_size": [0.5, 2.5]},
								"up": {"uv": [91, 38], "uv_size": [2, 0.5]},
								"down": {"uv": [91, 40.5], "uv_size": [2, -0.5]}
							}
						},
						{
							"origin": [1.1213, 16.73687, -6.22979],
							"size": [1.9, 2.4, 0.4],
							"pivot": [-15.89047, 20.17585, -2.39064],
							"rotation": [-18.70983, -10.38038, 0.53892],
							"uv": {
								"north": {"uv": [63, 84], "uv_size": [2, 2.5]},
								"east": {"uv": [62, 89], "uv_size": [0.5, 2.5]},
								"south": {"uv": [84, 65], "uv_size": [2, 2.5]},
								"west": {"uv": [63, 89], "uv_size": [0.5, 2.5]},
								"up": {"uv": [91, 41], "uv_size": [2, 0.5]},
								"down": {"uv": [91, 42.5], "uv_size": [2, -0.5]}
							}
						},
						{
							"origin": [-3.83794, 16.73687, 8.2091],
							"size": [1.9, 5.2, 0.4],
							"pivot": [-15.89047, 20.17585, -2.39064],
							"rotation": [-23.18009, 36.71743, -17.31249],
							"uv": {
								"north": {"uv": [84, 71], "uv_size": [2, 2.5]},
								"east": {"uv": [64, 89], "uv_size": [0.5, 2.5]},
								"south": {"uv": [84, 74], "uv_size": [2, 2.5]},
								"west": {"uv": [65, 89], "uv_size": [0.5, 2.5]},
								"up": {"uv": [91, 43], "uv_size": [2, 0.5]},
								"down": {"uv": [91, 44.5], "uv_size": [2, -0.5]}
							}
						},
						{
							"origin": [-21.7226, 18.4968, 14.35782],
							"size": [2.2, 2.4, 0.4],
							"pivot": [-20.10953, 20.17585, -2.39064],
							"rotation": [-92.84225, 71.584, -90.04229],
							"uv": {
								"north": {"uv": [76, 84], "uv_size": [2, 2.5]},
								"east": {"uv": [89, 65], "uv_size": [0.5, 2.5]},
								"south": {"uv": [84, 77], "uv_size": [2, 2.5]},
								"west": {"uv": [66, 89], "uv_size": [0.5, 2.5]},
								"up": {"uv": [91, 45], "uv_size": [2, 0.5]},
								"down": {"uv": [91, 47.5], "uv_size": [2, -0.5]}
							}
						},
						{
							"origin": [-3.61208, 18.49679, 0.02233],
							"size": [1.9, 2.4, 0.4],
							"pivot": [-20.10953, 20.17585, -2.39064],
							"rotation": [-18.70983, 10.38038, -0.53892],
							"uv": {
								"north": {"uv": [82, 84], "uv_size": [2, 2.5]},
								"east": {"uv": [67, 89], "uv_size": [0.5, 2.5]},
								"south": {"uv": [84, 84], "uv_size": [2, 2.5]},
								"west": {"uv": [68, 89], "uv_size": [0.5, 2.5]},
								"up": {"uv": [91, 48], "uv_size": [2, 0.5]},
								"down": {"uv": [91, 49.5], "uv_size": [2, -0.5]}
							}
						},
						{
							"origin": [-6.51204, 18.49679, -14.89716],
							"size": [1.9, 5.2, 0.4],
							"pivot": [-20.10953, 20.17585, -2.39064],
							"rotation": [-23.18009, -36.71743, 17.31249],
							"uv": {
								"north": {"uv": [0, 85], "uv_size": [2, 2.5]},
								"east": {"uv": [89, 70], "uv_size": [0.5, 2.5]},
								"south": {"uv": [2, 85], "uv_size": [2, 2.5]},
								"west": {"uv": [72, 89], "uv_size": [0.5, 2.5]},
								"up": {"uv": [91, 50], "uv_size": [2, 0.5]},
								"down": {"uv": [91, 51.5], "uv_size": [2, -0.5]}
							}
						},
						{
							"origin": [-1.4, 18.74666, -3.13069],
							"size": [2.8, 3.6, 0.4],
							"pivot": [-18, 20.24666, -0.63069],
							"rotation": [-20, 0, 0],
							"uv": {
								"north": {"uv": [79, 14], "uv_size": [3, 3.5]},
								"east": {"uv": [88, 4], "uv_size": [0.5, 3.5]},
								"south": {"uv": [79, 18], "uv_size": [3, 3.5]},
								"west": {"uv": [5, 88], "uv_size": [0.5, 3.5]},
								"up": {"uv": [89, 3], "uv_size": [3, 0.5]},
								"down": {"uv": [89, 4.5], "uv_size": [3, -0.5]}
							}
						},
						{
							"origin": [-16.4858, 18.63688, -21.59914],
							"size": [2.2, 3.6, 0.4],
							"pivot": [-15.89047, 20.17585, -2.39064],
							"rotation": [-92.84225, -71.584, 90.04229],
							"uv": {
								"north": {"uv": [80, 81], "uv_size": [2, 3.5]},
								"east": {"uv": [6, 88], "uv_size": [0.5, 3.5]},
								"south": {"uv": [82, 14], "uv_size": [2, 3.5]},
								"west": {"uv": [7, 88], "uv_size": [0.5, 3.5]},
								"up": {"uv": [91, 52], "uv_size": [2, 0.5]},
								"down": {"uv": [91, 53.5], "uv_size": [2, -0.5]}
							}
						},
						{
							"origin": [-3.61207, 20.3968, 0.02232],
							"size": [1.9, 3.6, 0.4],
							"pivot": [-20.10953, 20.17585, -2.39064],
							"rotation": [-18.70983, 10.38038, -0.53892],
							"uv": {
								"north": {"uv": [82, 18], "uv_size": [2, 3.5]},
								"east": {"uv": [8, 88], "uv_size": [0.5, 3.5]},
								"south": {"uv": [20, 82], "uv_size": [2, 3.5]},
								"west": {"uv": [88, 8], "uv_size": [0.5, 3.5]},
								"up": {"uv": [91, 54], "uv_size": [2, 0.5]},
								"down": {"uv": [91, 56.5], "uv_size": [2, -0.5]}
							}
						},
						{
							"origin": [-21.7226, 20.3968, 14.35782],
							"size": [2.2, 3.6, 0.4],
							"pivot": [-20.10953, 20.17585, -2.39064],
							"rotation": [-92.84225, 71.584, -90.04229],
							"uv": {
								"north": {"uv": [22, 82], "uv_size": [2, 3.5]},
								"east": {"uv": [9, 88], "uv_size": [0.5, 3.5]},
								"south": {"uv": [24, 82], "uv_size": [2, 3.5]},
								"west": {"uv": [12, 88], "uv_size": [0.5, 3.5]},
								"up": {"uv": [91, 57], "uv_size": [2, 0.5]},
								"down": {"uv": [91, 58.5], "uv_size": [2, -0.5]}
							}
						}
					]
				},
				{
					"name": "bone",
					"parent": "Skirt",
					"pivot": [-0.14315, 20.74503, 2.31325],
					"cubes": [
						{"origin": [-4, 18.8, -1.7], "size": [8, 2.7, 3.2], "uv": [0, 39]},
						{
							"origin": [5.01647, 22.12934, 1.23115],
							"size": [0.5, 0.6, 0.3],
							"pivot": [4.00667, 20.54763, 0.98815],
							"rotation": [1.49158, -72.55321, -21.24532],
							"uv": {
								"north": {"uv": [92, 16], "uv_size": [0.5, 0.5]},
								"east": {"uv": [17, 92], "uv_size": [0.5, 0.5]},
								"south": {"uv": [92, 17], "uv_size": [0.5, 0.5]},
								"west": {"uv": [18, 92], "uv_size": [0.5, 0.5]},
								"up": {"uv": [92, 18], "uv_size": [0.5, 0.5]},
								"down": {"uv": [19, 92.5], "uv_size": [0.5, -0.5]}
							}
						},
						{"origin": [-4, 19.1, 1.3], "size": [8, 1, 1.4], "pivot": [0, 20.1, 1.1], "rotation": [-7.5, 0, 0], "uv": [50, 56]},
						{"origin": [-3.1, 18.6, -1.9], "size": [6.2, 3, 5], "inflate": 0.001, "pivot": [0, 24, 0.6], "rotation": [1, 0, 0], "uv": [32, 15]},
						{"origin": [-3.1, 18.8, -1.6], "size": [6.2, 4, 4.3], "inflate": 0.001, "pivot": [0, 24, 0.6], "rotation": [1, 0, 0], "uv": [34, 16]},
						{
							"origin": [4.25926, 19.52222, 0.74864],
							"size": [0.5, 3.6, 2.2],
							"pivot": [3.77963, 20.15336, 0.42009],
							"rotation": [9.49615, -27.44033, -19.59013],
							"uv": {
								"north": {"uv": [1, 88], "uv_size": [0.5, 3.5]},
								"east": {"uv": [81, 49], "uv_size": [2, 3.5]},
								"south": {"uv": [2, 88], "uv_size": [0.5, 3.5]},
								"west": {"uv": [72, 81], "uv_size": [2, 3.5]},
								"up": {"uv": [91, 7], "uv_size": [0.5, 2]},
								"down": {"uv": [91, 11], "uv_size": [0.5, -2]}
							}
						},
						{
							"origin": [-1.98085, 22.44594, -3.13272],
							"size": [1.76, 0.165, 0.065],
							"pivot": [0, 26.21553, 0.77756],
							"rotation": [6.89671, 22.23184, -3.93125],
							"uv": {
								"north": {"uv": [90, 17], "uv_size": [2, 0.5]},
								"east": {"uv": [92, 31], "uv_size": [0.5, 0.5]},
								"south": {"uv": [90, 23], "uv_size": [2, 0.5]},
								"west": {"uv": [32, 92], "uv_size": [0.5, 0.5]},
								"up": {"uv": [90, 39], "uv_size": [2, 0.5]},
								"down": {"uv": [90, 46.5], "uv_size": [2, -0.5]}
							}
						},
						{
							"origin": [-1.76493, 21.77462, -2.18054],
							"size": [1.54, 0.1925, 0.175],
							"pivot": [0, 26.21553, 0.77756],
							"rotation": [-6.57091, 22.09797, -3.8672],
							"uv": {
								"north": {"uv": [91, 82], "uv_size": [1.5, 0.5]},
								"east": {"uv": [33, 92], "uv_size": [0.5, 0.5]},
								"south": {"uv": [91, 83], "uv_size": [1.5, 0.5]},
								"west": {"uv": [34, 92], "uv_size": [0.5, 0.5]},
								"up": {"uv": [84, 91], "uv_size": [1.5, 0.5]},
								"down": {"uv": [91, 84.5], "uv_size": [1.5, -0.5]}
							}
						},
						{
							"origin": [-1.53991, 19.6409, -3.13272],
							"size": [1.76, 2.805, 0.065],
							"pivot": [0, 26.21553, 0.77756],
							"rotation": [9.66082, 21.2224, 3.52617],
							"uv": {
								"north": {"uv": [82, 8], "uv_size": [2, 3]},
								"east": {"uv": [88, 85], "uv_size": [0.5, 3]},
								"south": {"uv": [82, 79], "uv_size": [2, 3]},
								"west": {"uv": [86, 88], "uv_size": [0.5, 3]},
								"up": {"uv": [90, 55], "uv_size": [2, 0.5]},
								"down": {"uv": [90, 67.5], "uv_size": [2, -0.5]}
							}
						},
						{
							"origin": [0.22085, 22.44594, -3.13272],
							"size": [1.76, 0.165, 0.065],
							"pivot": [0, 26.21553, 0.77756],
							"rotation": [6.89671, -22.23184, 3.93125],
							"uv": {
								"north": {"uv": [90, 72], "uv_size": [2, 0.5]},
								"east": {"uv": [35, 92], "uv_size": [0.5, 0.5]},
								"south": {"uv": [91, 22], "uv_size": [2, 0.5]},
								"west": {"uv": [36, 92], "uv_size": [0.5, 0.5]},
								"up": {"uv": [91, 32], "uv_size": [2, 0.5]},
								"down": {"uv": [91, 33.5], "uv_size": [2, -0.5]}
							}
						},
						{
							"origin": [-1.265, 19.64089, -2.93435],
							"size": [2.53, 2.97, 0.175],
							"pivot": [0, 26.21553, 0.77756],
							"rotation": [9, 0, 0],
							"uv": {
								"north": {"uv": [80, 59], "uv_size": [2.5, 3]},
								"east": {"uv": [89, 5], "uv_size": [0.5, 3]},
								"south": {"uv": [80, 68], "uv_size": [2.5, 3]},
								"west": {"uv": [89, 8], "uv_size": [0.5, 3]},
								"up": {"uv": [89, 18], "uv_size": [2.5, 0.5]},
								"down": {"uv": [89, 19.5], "uv_size": [2.5, -0.5]}
							}
						},
						{
							"origin": [0.22493, 21.77462, -2.18054],
							"size": [1.54, 0.1925, 0.175],
							"pivot": [0, 26.21553, 0.77756],
							"rotation": [-6.57091, -22.09797, 3.8672],
							"uv": {
								"north": {"uv": [91, 85], "uv_size": [1.5, 0.5]},
								"east": {"uv": [37, 92], "uv_size": [0.5, 0.5]},
								"south": {"uv": [86, 91], "uv_size": [1.5, 0.5]},
								"west": {"uv": [38, 92], "uv_size": [0.5, 0.5]},
								"up": {"uv": [91, 86], "uv_size": [1.5, 0.5]},
								"down": {"uv": [91, 87.5], "uv_size": [1.5, -0.5]}
							}
						},
						{
							"origin": [-4.75926, 19.52222, 0.74864],
							"size": [0.5, 3.6, 2.2],
							"pivot": [-3.77963, 20.15336, 0.42009],
							"rotation": [12.49615, 27.44033, 19.59013],
							"uv": {
								"north": {"uv": [70, 87], "uv_size": [0.5, 3.5]},
								"east": {"uv": [59, 80], "uv_size": [2, 3.5]},
								"south": {"uv": [87, 79], "uv_size": [0.5, 3.5]},
								"west": {"uv": [63, 80], "uv_size": [2, 3.5]},
								"up": {"uv": [77, 90], "uv_size": [0.5, 2]},
								"down": {"uv": [90, 81], "uv_size": [0.5, -2]}
							}
						},
						{
							"origin": [-4, 18.7, -1.5],
							"size": [3.75, 0.4, 4],
							"inflate": 0.001,
							"uv": {
								"north": {"uv": [87, 36], "uv_size": [4, 0.5]},
								"east": {"uv": [87, 47], "uv_size": [4, 0.5]},
								"south": {"uv": [87, 48], "uv_size": [4, 0.5]},
								"west": {"uv": [49, 87], "uv_size": [4, 0.5]},
								"up": {"uv": [72, 45], "uv_size": [4, 4]},
								"down": {"uv": [59, 76], "uv_size": [4, -4]}
							}
						},
						{
							"origin": [0.25, 18.7, -1.5],
							"size": [3.75, 0.4, 4],
							"inflate": 0.001,
							"uv": {
								"north": {"uv": [87, 49], "uv_size": [4, 0.5]},
								"east": {"uv": [87, 50], "uv_size": [4, 0.5]},
								"south": {"uv": [87, 51], "uv_size": [4, 0.5]},
								"west": {"uv": [87, 52], "uv_size": [4, 0.5]},
								"up": {"uv": [72, 61], "uv_size": [4, 4]},
								"down": {"uv": [72, 73], "uv_size": [4, -4]}
							}
						},
						{"origin": [2, 21.1, -1.5], "size": [2, 2.6, 3], "inflate": -0.001, "pivot": [4, 21.1, 0], "rotation": [0, 0, -31], "uv": [22, 39]},
						{"origin": [-4, 21.1, -1.5], "size": [2, 2.6, 3], "inflate": -0.001, "pivot": [-4, 21.1, 0], "rotation": [0, 0, 31.5], "uv": [42, 65]}
					]
				},
				{
					"name": "BackSkirt",
					"parent": "Skirt",
					"pivot": [0, 24.1, 2.4125],
					"cubes": [
						{
							"origin": [2.28079, 17.35618, 6.01059],
							"size": [1.5, 2.6, 0.4],
							"pivot": [0.14315, 20.10534, 4.15527],
							"rotation": [-1.5555, 49.9896, -1.19152],
							"uv": {
								"north": {"uv": [10, 86], "uv_size": [1.5, 2.5]},
								"east": {"uv": [89, 37], "uv_size": [0.5, 2.5]},
								"south": {"uv": [86, 12], "uv_size": [1.5, 2.5]},
								"west": {"uv": [38, 89], "uv_size": [0.5, 2.5]},
								"up": {"uv": [91, 79], "uv_size": [1.5, 0.5]},
								"down": {"uv": [91, 80.5], "uv_size": [1.5, -0.5]}
							}
						},
						{
							"origin": [-3.24487, 17.35618, 3.56744],
							"size": [6.5, 2.6, 0.4],
							"pivot": [0.14315, 20.10534, 4.15527],
							"rotation": [-1, 0, 0],
							"uv": {
								"north": {"uv": [72, 39], "uv_size": [6.5, 2.5]},
								"east": {"uv": [39, 89], "uv_size": [0.5, 2.5]},
								"south": {"uv": [72, 42], "uv_size": [6.5, 2.5]},
								"west": {"uv": [40, 89], "uv_size": [0.5, 2.5]},
								"up": {"uv": [86, 24], "uv_size": [6.5, 0.5]},
								"down": {"uv": [86, 25.5], "uv_size": [6.5, -0.5]}
							}
						},
						{
							"origin": [-3.87852, 17.35618, 6.22991],
							"size": [1.7, 2.6, 0.4],
							"pivot": [0.14315, 20.10534, 4.15527],
							"rotation": [-1.5555, -49.9896, 1.19152],
							"uv": {
								"north": {"uv": [86, 15], "uv_size": [1.5, 2.5]},
								"east": {"uv": [42, 89], "uv_size": [0.5, 2.5]},
								"south": {"uv": [86, 18], "uv_size": [1.5, 2.5]},
								"west": {"uv": [43, 89], "uv_size": [0.5, 2.5]},
								"up": {"uv": [91, 81], "uv_size": [1.5, 0.5]},
								"down": {"uv": [82, 91.5], "uv_size": [1.5, -0.5]}
							}
						},
						{
							"origin": [-4.40685, 19.52518, 2.53426],
							"size": [1.8, 3.5, 0.4],
							"pivot": [-3.85685, 20.27518, 2.68426],
							"rotation": [29.52015, -46.04179, -22.17599],
							"uv": {
								"north": {"uv": [20, 87], "uv_size": [1, 2.5]},
								"east": {"uv": [47, 89], "uv_size": [0.5, 2.5]},
								"south": {"uv": [21, 87], "uv_size": [1, 2.5]},
								"west": {"uv": [48, 89], "uv_size": [0.5, 2.5]},
								"up": {"uv": [92, 1], "uv_size": [1, 0.5]},
								"down": {"uv": [2, 92.5], "uv_size": [1, -0.5]}
							}
						},
						{
							"origin": [-3.82297, 19.52518, 16.12306],
							"size": [1, 2.5, 0.4],
							"pivot": [-14.14315, 20.27518, 2.48426],
							"rotation": [29.52015, 46.04179, 22.17599],
							"uv": {
								"north": {"uv": [87, 4], "uv_size": [1, 2.5]},
								"east": {"uv": [45, 89], "uv_size": [0.5, 2.5]},
								"south": {"uv": [87, 7], "uv_size": [1, 2.5]},
								"west": {"uv": [46, 89], "uv_size": [0.5, 2.5]},
								"up": {"uv": [92, 0], "uv_size": [1, 0.5]},
								"down": {"uv": [1, 92.5], "uv_size": [1, -0.5]}
							}
						},
						{
							"origin": [-9.83667, 19.52518, -11.45454],
							"size": [0.8, 2.5, 0.4],
							"pivot": [-21.85685, 20.27518, 2.48426],
							"rotation": [29.52015, -46.04179, -22.17599],
							"uv": {
								"north": {"uv": [20, 87], "uv_size": [1, 2.5]},
								"east": {"uv": [47, 89], "uv_size": [0.5, 2.5]},
								"south": {"uv": [21, 87], "uv_size": [1, 2.5]},
								"west": {"uv": [48, 89], "uv_size": [0.5, 2.5]},
								"up": {"uv": [92, 1], "uv_size": [1, 0.5]},
								"down": {"uv": [2, 92.5], "uv_size": [1, -0.5]}
							}
						},
						{
							"origin": [-3.24487, 18.97317, 3.03536],
							"size": [6.5, 3.6, 0.6],
							"pivot": [-18.14487, 20.47317, 0.83536],
							"rotation": [20, 0, 0],
							"uv": {
								"north": {"uv": [70, 14], "uv_size": [6.5, 3.5]},
								"east": {"uv": [84, 87], "uv_size": [0.5, 3.5]},
								"south": {"uv": [70, 18], "uv_size": [6.5, 3.5]},
								"west": {"uv": [85, 87], "uv_size": [0.5, 3.5]},
								"up": {"uv": [86, 26], "uv_size": [6.5, 0.5]},
								"down": {"uv": [86, 27.5], "uv_size": [6.5, -0.5]}
							}
						},
						{
							"origin": [-9.33667, 21.99503, -11.62555],
							"size": [0.3, 0.6, 0.4],
							"pivot": [-21.85685, 20.74503, 2.31325],
							"rotation": [29.52015, -46.04179, -22.17599],
							"uv": {
								"north": {"uv": [28, 92], "uv_size": [0.5, 0.5]},
								"east": {"uv": [92, 28], "uv_size": [0.5, 0.5]},
								"south": {"uv": [29, 92], "uv_size": [0.5, 0.5]},
								"west": {"uv": [92, 29], "uv_size": [0.5, 0.5]},
								"up": {"uv": [92, 30], "uv_size": [0.5, 0.5]},
								"down": {"uv": [31, 92.5], "uv_size": [0.5, -0.5]}
							}
						},
						{
							"origin": [-3.82297, 21.99503, 15.95205],
							"size": [0.3, 0.6, 0.4],
							"pivot": [-14.14315, 20.74503, 2.31325],
							"rotation": [29.52015, 46.04179, 22.17599],
							"uv": {
								"north": {"uv": [23, 92], "uv_size": [0.5, 0.5]},
								"east": {"uv": [92, 23], "uv_size": [0.5, 0.5]},
								"south": {"uv": [24, 92], "uv_size": [0.5, 0.5]},
								"west": {"uv": [25, 92], "uv_size": [0.5, 0.5]},
								"up": {"uv": [26, 92], "uv_size": [0.5, 0.5]},
								"down": {"uv": [27, 92.5], "uv_size": [0.5, -0.5]}
							}
						}
					]
				},
				{
					"name": "molang",
					"parent": "Root",
					"pivot": [-18, -0.35, 0]
				},
				{
					"name": "silla",
					"parent": "molang",
					"pivot": [0, 16, 11],
					"cubes": [
						{"origin": [-7, 18.5, 14], "size": [14, 2, 3], "uv": [20, 122]},
						{"origin": [-7, 17.5, 5], "size": [14, 2, 11], "uv": [54, 114]},
						{"origin": [5.4, 18, 4.7], "size": [2, 5, 2], "uv": [0, 105]},
						{"origin": [-7.6, 23, 6.7], "size": [2, 2, 10], "uv": [21, 110]},
						{"origin": [-7.6, 18, 4.7], "size": [2, 5, 2], "uv": [0, 105]},
						{"origin": [5.4, 23, 6.7], "size": [2, 2, 10], "uv": [21, 110]}
					]
				},
				{
					"name": "bone3",
					"parent": "silla",
					"pivot": [0, 18, 15],
					"cubes": [
						{"origin": [2.448, 20.81171, 14.87488], "size": [2.8, 11.8, 1], "inflate": 0.6, "uv": [0, 115]},
						{"origin": [-5.352, 20.81171, 14.87488], "size": [2.8, 11.8, 1], "inflate": 0.6, "uv": [0, 115]},
						{
							"origin": [-2.952, 21.31171, 15.07488],
							"size": [5.8, 12.6, 0],
							"inflate": 1,
							"uv": {
								"north": {"uv": [10, 115], "uv_size": [5, 12]},
								"east": {"uv": [10, 115], "uv_size": [0, 12]},
								"south": {"uv": [15, 115], "uv_size": [5, 12]},
								"west": {"uv": [15, 115], "uv_size": [0, 12]},
								"up": {"uv": [10, 115], "uv_size": [5, 0]},
								"down": {"uv": [15, 115], "uv_size": [5, 0]}
							}
						}
					]
				},
				{
					"name": "bone4",
					"parent": "molang",
					"pivot": [-1, 5, 10],
					"cubes": [
						{"origin": [-4, 1, 9], "size": [5, 2, 2], "uv": [93, 120]},
						{"origin": [-4, 7, 9], "size": [5, 2, 2], "uv": [93, 120]},
						{"origin": [-5.5, 3.6, 9.5], "size": [7, 1, 1], "pivot": [-0.5, 3.6, 10.5], "rotation": [0, 0, 39], "uv": [96, 114]},
						{"origin": [-5.1, 5.6, 9.5], "size": [7, 1, 1], "pivot": [-0.1, 5.6, 10.5], "rotation": [0, 0, -36], "uv": [96, 114]},
						{"origin": [-6, 3, 9], "size": [2, 4, 2], "uv": [105, 122]},
						{"origin": [1, 3, 9], "size": [2, 4, 2], "uv": [105, 122]}
					]
				},
				{
					"name": "esp",
					"parent": "molang",
					"pivot": [-13, 24, 0],
					"cubes": [
						{"origin": [-15.252, 19.41171, -2.52512], "size": [4.8, 9.8, 3.3], "uv": [114, 116]},
						{"origin": [-15.252, 19.41171, -3.22512], "size": [4.8, 9.8, 3.3], "inflate": -0.3, "uv": [114, 116]},
						{"origin": [-15.252, 19.41171, -1.92512], "size": [4.8, 9.8, 3.3], "inflate": -0.3, "uv": [114, 116]},
						{"origin": [-16.452, 19.41171, -2.52512], "size": [4.8, 9.8, 3.3], "inflate": -0.2, "uv": [114, 116]},
						{"origin": [-14.352, 19.41171, -2.52512], "size": [4.8, 9.8, 3.3], "inflate": -0.2, "uv": [114, 116]},
						{"origin": [-15.352, 20.41171, -2.52512], "size": [4.8, 9.8, 3.3], "inflate": -0.3, "uv": [114, 116]},
						{"origin": [-15.352, 18.41171, -2.52512], "size": [4.8, 9.8, 3.3], "inflate": -0.3, "uv": [114, 116]}
					]
				},
				{
					"name": "aurora",
					"parent": "Root",
					"pivot": [-0.6, 40.85646, 1.15471],
					"cubes": [
						{"origin": [-3, 39.15646, 2.55471], "size": [5, 1, 1], "uv": [4, 103]},
						{"origin": [1, 39.15646, -1.44529], "size": [1, 1, 5], "uv": [4, 99]},
						{"origin": [-3, 39.15646, -1.44529], "size": [5, 1, 1], "uv": [4, 103]},
						{"origin": [-3, 39.15646, -1.44529], "size": [1, 1, 5], "uv": [0, 99]}
					]
				}
			]
		}
	]
}