{
	"format_version": "1.12.0",
	"minecraft:geometry": [
		{
			"description": {
				"identifier": "geometry.unknown",
				"texture_width": 64,
				"texture_height": 64,
				"visible_bounds_width": 4,
				"visible_bounds_height": 3.5,
				"visible_bounds_offset": [0, 1.25, 0]
			},
			"bones": [
				{
					"name": "Root",
					"pivot": [0, 0, 0],
					"cubes": [
						{
							"origin": [-3.1, 5.075, -3.125],
							"size": [6.2, 14.1, 6.25],
							"uv": {
								"north": {"uv": [0, 14], "uv_size": [6, 14]},
								"east": {"uv": [0, 0], "uv_size": [6.5, 14]},
								"south": {"uv": [14, 0], "uv_size": [6, 14]},
								"west": {"uv": [7, 0], "uv_size": [6.5, 14]},
								"up": {"uv": [18, 24], "uv_size": [6, 6.5]},
								"down": {"uv": [24, 30.5], "uv_size": [6, -6.5]}
							}
						}
					]
				},
				{
					"name": "arm",
					"parent": "Root",
					"pivot": [3.7, 12.775, 0]
				},
				{
					"name": "RightArm",
					"parent": "arm",
					"pivot": [-3.025, 13.95, -0.225],
					"rotation": [18.70027, -2.32494, 15.46213],
					"cubes": [
						{
							"origin": [-4.37305, 10.64676, -1.31461],
							"size": [1.5, 3.55, 2],
							"uv": {
								"north": {"uv": [32, 44], "uv_size": [1, 3.5]},
								"east": {"uv": [36, 41], "uv_size": [2, 3.5]},
								"south": {"uv": [20, 45], "uv_size": [1, 3.5]},
								"west": {"uv": [41, 37], "uv_size": [2, 3.5]},
								"up": {"uv": [3, 35], "uv_size": [1, 2]},
								"down": {"uv": [40, 26], "uv_size": [1, -2]}
							}
						}
					]
				},
				{
					"name": "leftarm2",
					"parent": "RightArm",
					"pivot": [-3.47205, 10.59413, -0.35156],
					"rotation": [-37.5, 0, 0],
					"cubes": [
						{
							"origin": [-4.29805, 8.32193, -1.21164],
							"size": [1.35, 2.975, 1.6],
							"uv": {
								"north": {"uv": [23, 10], "uv_size": [1, 3]},
								"east": {"uv": [10, 46], "uv_size": [1.5, 3]},
								"south": {"uv": [29, 7], "uv_size": [1, 3]},
								"west": {"uv": [46, 16], "uv_size": [1.5, 3]},
								"up": {"uv": [14, 50], "uv_size": [1, 1.5]},
								"down": {"uv": [15, 51.5], "uv_size": [1, -1.5]}
							}
						}
					]
				},
				{
					"name": "leftlarm3",
					"parent": "leftarm2",
					"pivot": [-3.50021, 7.79291, -0.41444],
					"rotation": [0, 0, -12.5],
					"cubes": [
						{
							"origin": [-3.99813, 6.363, -0.96837],
							"size": [1, 2.2, 1.175],
							"uv": {
								"north": {"uv": [3, 51], "uv_size": [0.5, 2]},
								"east": {"uv": [40, 48], "uv_size": [1, 2]},
								"south": {"uv": [51, 3], "uv_size": [0.5, 2]},
								"west": {"uv": [49, 24], "uv_size": [1, 2]},
								"up": {"uv": [22, 51], "uv_size": [0.5, 1]},
								"down": {"uv": [51, 23], "uv_size": [0.5, -1]}
							}
						},
						{
							"origin": [-3.92313, 7.03854, -1.48481],
							"size": [0.85, 1.25, 0.5],
							"pivot": [-3.55021, 7.59291, -1.06444],
							"rotation": [-20.5, 0, 0],
							"uv": {
								"north": {"uv": [23, 51], "uv_size": [0.5, 1]},
								"east": {"uv": [24, 51], "uv_size": [0.5, 1]},
								"south": {"uv": [51, 24], "uv_size": [0.5, 1]},
								"west": {"uv": [25, 51], "uv_size": [0.5, 1]},
								"up": {"uv": [29, 51], "uv_size": [0.5, 0.5]},
								"down": {"uv": [30, 51.5], "uv_size": [0.5, -0.5]}
							}
						}
					]
				},
				{
					"name": "RightHand",
					"parent": "leftlarm3",
					"pivot": [-3.51035, 5.55606, -0.62963]
				},
				{
					"name": "RightHandLocator",
					"parent": "RightHand",
					"pivot": [-3.47772, 6.1332, -0.87963]
				},
				{
					"name": "LeftArm",
					"parent": "arm",
					"pivot": [3.1, 14, 0],
					"rotation": [16.34134, 6.2967, -14.05194],
					"cubes": [
						{
							"origin": [2.84891, 10.73624, -1.14047],
							"size": [1.5, 3.55, 2],
							"uv": {
								"north": {"uv": [29, 45], "uv_size": [1, 3.5]},
								"east": {"uv": [38, 41], "uv_size": [2, 3.5]},
								"south": {"uv": [41, 45], "uv_size": [1, 3.5]},
								"west": {"uv": [40, 41], "uv_size": [2, 3.5]},
								"up": {"uv": [33, 41], "uv_size": [1, 2]},
								"down": {"uv": [21, 44], "uv_size": [1, -2]}
							}
						}
					]
				},
				{
					"name": "Rightarm2",
					"parent": "LeftArm",
					"pivot": [3.569, 11.05745, -0.19887],
					"rotation": [-37.5, 0, 0],
					"cubes": [
						{
							"origin": [2.92391, 8.42566, -1.00995],
							"size": [1.35, 2.975, 1.6],
							"uv": {
								"north": {"uv": [33, 35], "uv_size": [1, 3]},
								"east": {"uv": [46, 34], "uv_size": [1.5, 3]},
								"south": {"uv": [36, 38], "uv_size": [1, 3]},
								"west": {"uv": [46, 42], "uv_size": [1.5, 3]},
								"up": {"uv": [16, 50], "uv_size": [1, 1.5]},
								"down": {"uv": [50, 17.5], "uv_size": [1, -1.5]}
							}
						}
					]
				},
				{
					"name": "Rightarm3",
					"parent": "Rightarm2",
					"pivot": [3.669, 8.15888, -0.14119],
					"rotation": [0, 0, 7.5],
					"cubes": [
						{
							"origin": [3.03765, 6.44225, -0.70635],
							"size": [1, 2.2, 1.175],
							"uv": {
								"north": {"uv": [51, 1], "uv_size": [0.5, 2]},
								"east": {"uv": [35, 43], "uv_size": [1, 2]},
								"south": {"uv": [2, 51], "uv_size": [0.5, 2]},
								"west": {"uv": [45, 42], "uv_size": [1, 2]},
								"up": {"uv": [51, 17], "uv_size": [0.5, 1]},
								"down": {"uv": [18, 52], "uv_size": [0.5, -1]}
							}
						},
						{
							"origin": [3.11265, 7.11425, -1.21989],
							"size": [0.85, 1.25, 0.5],
							"pivot": [3.40377, 7.67839, -0.79119],
							"rotation": [-20.5, 0, 0],
							"uv": {
								"north": {"uv": [19, 51], "uv_size": [0.5, 1]},
								"east": {"uv": [20, 51], "uv_size": [0.5, 1]},
								"south": {"uv": [21, 51], "uv_size": [0.5, 1]},
								"west": {"uv": [51, 21], "uv_size": [0.5, 1]},
								"up": {"uv": [28, 51], "uv_size": [0.5, 0.5]},
								"down": {"uv": [51, 28.5], "uv_size": [0.5, -0.5]}
							}
						}
					]
				},
				{
					"name": "LeftHand",
					"parent": "Rightarm3",
					"pivot": [4.22751, 5.12033, 0.24535]
				},
				{
					"name": "LeftHandLocator",
					"parent": "LeftHand",
					"pivot": [3.97965, 6.12796, 0.49535]
				},
				{
					"name": "head",
					"parent": "Root",
					"pivot": [0, 14, 0]
				},
				{
					"name": "face",
					"parent": "head",
					"pivot": [0, 15.75, -2.75]
				},
				{
					"name": "mouse",
					"parent": "face",
					"pivot": [0, 15.575, -3],
					"cubes": [
						{
							"origin": [-1.9, 14.825, -3.625],
							"size": [3.8, 1.65, 1.15],
							"uv": {
								"north": {"uv": [43, 0], "uv_size": [4, 1.5]},
								"east": {"uv": [33, 49], "uv_size": [1, 1.5]},
								"south": {"uv": [43, 2], "uv_size": [4, 1.5]},
								"west": {"uv": [34, 49], "uv_size": [1, 1.5]},
								"up": {"uv": [46, 19], "uv_size": [4, 1]},
								"down": {"uv": [47, 4], "uv_size": [4, -1]}
							}
						},
						{
							"origin": [-1.25, 14.45, -3.625],
							"size": [2.5, 2.575, 1.15],
							"uv": {
								"north": {"uv": [18, 42], "uv_size": [2.5, 2.5]},
								"east": {"uv": [35, 48], "uv_size": [1, 2.5]},
								"south": {"uv": [42, 41], "uv_size": [2.5, 2.5]},
								"west": {"uv": [36, 48], "uv_size": [1, 2.5]},
								"up": {"uv": [48, 35], "uv_size": [2.5, 1]},
								"down": {"uv": [48, 37], "uv_size": [2.5, -1]}
							}
						},
						{
							"origin": [-1.225, 15.625, -5.175],
							"size": [2.45, 0.65, 2.775],
							"uv": {
								"north": {"uv": [17, 50], "uv_size": [2.5, 0.5]},
								"east": {"uv": [49, 33], "uv_size": [3, 0.5]},
								"south": {"uv": [50, 19], "uv_size": [2.5, 0.5]},
								"west": {"uv": [37, 49], "uv_size": [3, 0.5]},
								"up": {"uv": [30, 41], "uv_size": [2.5, 3]},
								"down": {"uv": [41, 37], "uv_size": [2.5, -3]}
							}
						},
						{
							"origin": [-1.675, 15.4, -6.5],
							"size": [3.35, 0.575, 4.325],
							"uv": {
								"north": {"uv": [26, 49], "uv_size": [3.5, 0.5]},
								"east": {"uv": [48, 44], "uv_size": [4.5, 0.5]},
								"south": {"uv": [49, 26], "uv_size": [3.5, 0.5]},
								"west": {"uv": [45, 48], "uv_size": [4.5, 0.5]},
								"up": {"uv": [33, 16], "uv_size": [3.5, 4.5]},
								"down": {"uv": [33, 25.5], "uv_size": [3.5, -4.5]}
							}
						},
						{
							"origin": [-1.05, 15.4, -7.175],
							"size": [2.1, 0.575, 4.7],
							"uv": {
								"north": {"uv": [30, 50], "uv_size": [2, 0.5]},
								"east": {"uv": [48, 45], "uv_size": [4.5, 0.5]},
								"south": {"uv": [37, 50], "uv_size": [2, 0.5]},
								"west": {"uv": [48, 46], "uv_size": [4.5, 0.5]},
								"up": {"uv": [34, 38], "uv_size": [2, 4.5]},
								"down": {"uv": [39, 30.5], "uv_size": [2, -4.5]}
							}
						}
					]
				},
				{
					"name": "xia",
					"parent": "mouse",
					"pivot": [0, 15.575, -3.75],
					"rotation": [3.75, 0, 0],
					"cubes": [
						{
							"origin": [-1.45, 15.07521, -5.70654],
							"size": [2.9, 0.35, 3.1],
							"uv": {
								"north": {"uv": [49, 29], "uv_size": [3, 0.5]},
								"east": {"uv": [30, 49], "uv_size": [3, 0.5]},
								"south": {"uv": [49, 30], "uv_size": [3, 0.5]},
								"west": {"uv": [49, 32], "uv_size": [3, 0.5]},
								"up": {"uv": [28, 38], "uv_size": [3, 3]},
								"down": {"uv": [31, 41], "uv_size": [3, -3]}
							}
						},
						{
							"origin": [-1.05, 14.87521, -4.80654],
							"size": [2.1, 0.55, 2.2],
							"uv": {
								"north": {"uv": [4, 51], "uv_size": [2, 0.5]},
								"east": {"uv": [51, 5], "uv_size": [2, 0.5]},
								"south": {"uv": [6, 51], "uv_size": [2, 0.5]},
								"west": {"uv": [51, 6], "uv_size": [2, 0.5]},
								"up": {"uv": [16, 47], "uv_size": [2, 2]},
								"down": {"uv": [47, 31], "uv_size": [2, -2]}
							}
						}
					]
				},
				{
					"name": "eyes",
					"parent": "face",
					"pivot": [0, 18.225, -3.475]
				},
				{
					"name": "RIGHTEYE",
					"parent": "eyes",
					"pivot": [-1.8, 17.775, -2.925],
					"cubes": [
						{
							"origin": [-2.85, 17.6, -3.15],
							"size": [2.125, 0.725, 1.225],
							"uv": {
								"north": {"uv": [49, 13], "uv_size": [2, 1]},
								"east": {"uv": [28, 50], "uv_size": [1, 1]},
								"south": {"uv": [49, 14], "uv_size": [2, 1]},
								"west": {"uv": [29, 50], "uv_size": [1, 1]},
								"up": {"uv": [49, 15], "uv_size": [2, 1]},
								"down": {"uv": [16, 50], "uv_size": [2, -1]}
							}
						},
						{
							"origin": [-2.625, 17.4, -3.15],
							"size": [1.675, 1.025, 1.225],
							"uv": {
								"north": {"uv": [41, 49], "uv_size": [1.5, 1]},
								"east": {"uv": [32, 50], "uv_size": [1, 1]},
								"south": {"uv": [43, 49], "uv_size": [1.5, 1]},
								"west": {"uv": [47, 50], "uv_size": [1, 1]},
								"up": {"uv": [45, 49], "uv_size": [1.5, 1]},
								"down": {"uv": [47, 50], "uv_size": [1.5, -1]}
							}
						}
					]
				},
				{
					"name": "bone",
					"parent": "RIGHTEYE",
					"pivot": [-1.8, 17.775, -2.925],
					"cubes": [
						{
							"origin": [-1.95, 17.625, -3.175],
							"size": [0.85, 0.8, 1.225],
							"uv": {
								"north": {"uv": [36, 31], "uv_size": [1, 1]},
								"east": {"uv": [39, 9], "uv_size": [1, 1]},
								"south": {"uv": [2, 41], "uv_size": [1, 1]},
								"west": {"uv": [27, 44], "uv_size": [1, 1]},
								"up": {"uv": [20, 50], "uv_size": [1, 1]},
								"down": {"uv": [21, 51], "uv_size": [1, -1]}
							}
						},
						{
							"origin": [-1.475, 18.075, -3.2],
							"size": [0.25, 0.25, 1.225],
							"uv": {
								"north": {"uv": [51, 25], "uv_size": [0.5, 0.5]},
								"east": {"uv": [10, 51], "uv_size": [1, 0.5]},
								"south": {"uv": [26, 51], "uv_size": [0.5, 0.5]},
								"west": {"uv": [51, 10], "uv_size": [1, 0.5]},
								"up": {"uv": [11, 51], "uv_size": [0.5, 1]},
								"down": {"uv": [51, 12], "uv_size": [0.5, -1]}
							}
						}
					]
				},
				{
					"name": "LEFTEYE",
					"parent": "eyes",
					"pivot": [1.7, 17.85, -3.025],
					"cubes": [
						{
							"origin": [0.675, 17.6, -3.15],
							"size": [2.175, 0.725, 1.225],
							"uv": {
								"north": {"uv": [49, 2], "uv_size": [2, 1]},
								"east": {"uv": [26, 50], "uv_size": [1, 1]},
								"south": {"uv": [49, 10], "uv_size": [2, 1]},
								"west": {"uv": [27, 50], "uv_size": [1, 1]},
								"up": {"uv": [49, 11], "uv_size": [2, 1]},
								"down": {"uv": [49, 13], "uv_size": [2, -1]}
							}
						},
						{
							"origin": [0.9, 17.4, -3.15],
							"size": [1.725, 1.025, 1.225],
							"uv": {
								"north": {"uv": [49, 49], "uv_size": [1.5, 1]},
								"east": {"uv": [50, 47], "uv_size": [1, 1]},
								"south": {"uv": [2, 50], "uv_size": [1.5, 1]},
								"west": {"uv": [48, 50], "uv_size": [1, 1]},
								"up": {"uv": [4, 50], "uv_size": [1.5, 1]},
								"down": {"uv": [12, 51], "uv_size": [1.5, -1]}
							}
						}
					]
				},
				{
					"name": "bone2",
					"parent": "LEFTEYE",
					"pivot": [1.7, 17.85, -3.025],
					"cubes": [
						{
							"origin": [1.075, 17.625, -3.2],
							"size": [0.85, 0.8, 1.225],
							"uv": {
								"north": {"uv": [22, 50], "uv_size": [1, 1]},
								"east": {"uv": [23, 50], "uv_size": [1, 1]},
								"south": {"uv": [24, 50], "uv_size": [1, 1]},
								"west": {"uv": [50, 24], "uv_size": [1, 1]},
								"up": {"uv": [25, 50], "uv_size": [1, 1]},
								"down": {"uv": [50, 26], "uv_size": [1, -1]}
							}
						},
						{
							"origin": [1.55, 18.075, -3.225],
							"size": [0.25, 0.25, 1.225],
							"uv": {
								"north": {"uv": [27, 51], "uv_size": [0.5, 0.5]},
								"east": {"uv": [12, 51], "uv_size": [1, 0.5]},
								"south": {"uv": [51, 27], "uv_size": [0.5, 0.5]},
								"west": {"uv": [51, 12], "uv_size": [1, 0.5]},
								"up": {"uv": [13, 51], "uv_size": [0.5, 1]},
								"down": {"uv": [51, 14], "uv_size": [0.5, -1]}
							}
						}
					]
				},
				{
					"name": "youmeimao",
					"parent": "eyes",
					"pivot": [0, 17.925, -3.325],
					"cubes": [
						{
							"origin": [-3, 18.8, -3.175],
							"size": [2.225, 0.175, 1.225],
							"pivot": [-2.15, 19.05, -0.05],
							"rotation": [0, 0, 12],
							"uv": {
								"north": {"uv": [39, 50], "uv_size": [2, 0.5]},
								"east": {"uv": [51, 14], "uv_size": [1, 0.5]},
								"south": {"uv": [41, 50], "uv_size": [2, 0.5]},
								"west": {"uv": [51, 15], "uv_size": [1, 0.5]},
								"up": {"uv": [18, 49], "uv_size": [2, 1]},
								"down": {"uv": [20, 50], "uv_size": [2, -1]}
							}
						},
						{
							"origin": [-2.875, 18.25, -3.3],
							"size": [2.175, 0.275, 1.35],
							"pivot": [-2.15, 18.25, -0.05],
							"rotation": [0, 0, 3.25],
							"uv": {
								"north": {"uv": [50, 48], "uv_size": [2, 0.5]},
								"east": {"uv": [51, 7], "uv_size": [1.5, 0.5]},
								"south": {"uv": [49, 50], "uv_size": [2, 0.5]},
								"west": {"uv": [8, 51], "uv_size": [1.5, 0.5]},
								"up": {"uv": [33, 47], "uv_size": [2, 1.5]},
								"down": {"uv": [12, 49.5], "uv_size": [2, -1.5]}
							}
						}
					]
				},
				{
					"name": "zuomeimao",
					"parent": "eyes",
					"pivot": [0, 18.225, 0],
					"cubes": [
						{
							"origin": [0.775, 18.725, -3.175],
							"size": [2.225, 0.175, 1.225],
							"pivot": [1.625, 18.975, -0.05],
							"rotation": [0, 0, -14],
							"uv": {
								"north": {"uv": [43, 50], "uv_size": [2, 0.5]},
								"east": {"uv": [51, 16], "uv_size": [1, 0.5]},
								"south": {"uv": [45, 50], "uv_size": [2, 0.5]},
								"west": {"uv": [17, 51], "uv_size": [1, 0.5]},
								"up": {"uv": [49, 21], "uv_size": [2, 1]},
								"down": {"uv": [22, 50], "uv_size": [2, -1]}
							}
						},
						{
							"origin": [0.65, 18.25, -3.3],
							"size": [2.225, 0.275, 1.35],
							"pivot": [1.625, 18.25, -0.05],
							"rotation": [0, 0, -3.25],
							"uv": {
								"north": {"uv": [0, 51], "uv_size": [2, 0.5]},
								"east": {"uv": [51, 8], "uv_size": [1.5, 0.5]},
								"south": {"uv": [51, 0], "uv_size": [2, 0.5]},
								"west": {"uv": [51, 9], "uv_size": [1.5, 0.5]},
								"up": {"uv": [14, 48], "uv_size": [2, 1.5]},
								"down": {"uv": [48, 17.5], "uv_size": [2, -1.5]}
							}
						}
					]
				},
				{
					"name": "maozi",
					"parent": "head",
					"pivot": [0, 19, 0],
					"cubes": [
						{
							"origin": [-2.875, 20.025, -2.85],
							"size": [1.55, 2.8, 5.7],
							"pivot": [-0.825, 20.875, 0],
							"rotation": [0, 0, 32.25],
							"uv": {
								"north": {"uv": [39, 45], "uv_size": [1.5, 3]},
								"east": {"uv": [10, 31], "uv_size": [5.5, 3]},
								"south": {"uv": [45, 39], "uv_size": [1.5, 3]},
								"west": {"uv": [16, 31], "uv_size": [5.5, 3]},
								"up": {"uv": [6, 40], "uv_size": [1.5, 5.5]},
								"down": {"uv": [40, 11.5], "uv_size": [1.5, -5.5]}
							}
						},
						{
							"origin": [-5.2, 18.925, -4.9],
							"size": [5.275, 0.625, 9.8],
							"pivot": [0, 19.15, 0],
							"rotation": [-180, 0, 175.75],
							"uv": {
								"north": {"uv": [21, 48], "uv_size": [5.5, 0.5]},
								"east": {"uv": [45, 37], "uv_size": [10, 0.5]},
								"south": {"uv": [48, 23], "uv_size": [5.5, 0.5]},
								"west": {"uv": [45, 38], "uv_size": [10, 0.5]},
								"up": {"uv": [18, 14], "uv_size": [5.5, 10]},
								"down": {"uv": [20, 10], "uv_size": [5.5, -10]}
							}
						},
						{
							"origin": [-5.2, 18.925, -4.9],
							"size": [5.275, 0.625, 9.8],
							"pivot": [0, 19.15, 0],
							"rotation": [0, 0, 5.5],
							"uv": {
								"north": {"uv": [47, 41], "uv_size": [5.5, 0.5]},
								"east": {"uv": [43, 31], "uv_size": [10, 0.5]},
								"south": {"uv": [48, 18], "uv_size": [5.5, 0.5]},
								"west": {"uv": [44, 20], "uv_size": [10, 0.5]},
								"up": {"uv": [6, 14], "uv_size": [5.5, 10]},
								"down": {"uv": [12, 24], "uv_size": [5.5, -10]}
							}
						},
						{
							"origin": [-3.25, 20, -3.35],
							"size": [6.5, 1.125, 6.7],
							"uv": {
								"north": {"uv": [42, 23], "uv_size": [6, 1]},
								"east": {"uv": [42, 21], "uv_size": [6.5, 1]},
								"south": {"uv": [43, 4], "uv_size": [6, 1]},
								"west": {"uv": [42, 22], "uv_size": [6.5, 1]},
								"up": {"uv": [12, 24], "uv_size": [6, 6.5]},
								"down": {"uv": [24, 23.5], "uv_size": [6, -6.5]}
							}
						},
						{
							"origin": [-3.2, 19.325, -3.25],
							"size": [6.4, 2.475, 6.5],
							"uv": {
								"north": {"uv": [10, 34], "uv_size": [6, 2.5]},
								"east": {"uv": [33, 10], "uv_size": [6.5, 2.5]},
								"south": {"uv": [16, 34], "uv_size": [6, 2.5]},
								"west": {"uv": [33, 13], "uv_size": [6.5, 2.5]},
								"up": {"uv": [6, 24], "uv_size": [6, 6.5]},
								"down": {"uv": [24, 16.5], "uv_size": [6, -6.5]}
							}
						},
						{
							"origin": [-1.225, 20.025, -2.85],
							"size": [1.55, 2.8, 5.7],
							"pivot": [0.825, 20.875, 0],
							"rotation": [180, 0, 147.75],
							"uv": {
								"north": {"uv": [6, 46], "uv_size": [1.5, 3]},
								"east": {"uv": [22, 31], "uv_size": [5.5, 3]},
								"south": {"uv": [8, 46], "uv_size": [1.5, 3]},
								"west": {"uv": [28, 32], "uv_size": [5.5, 3]},
								"up": {"uv": [8, 40], "uv_size": [1.5, 5.5]},
								"down": {"uv": [10, 45.5], "uv_size": [1.5, -5.5]}
							}
						},
						{
							"origin": [-2.875, 20.575, -2.2],
							"size": [1.55, 2.8, 4.4],
							"pivot": [-0.825, 21.425, 0],
							"rotation": [0, 0, 32.25],
							"uv": {
								"north": {"uv": [2, 47], "uv_size": [1.5, 3]},
								"east": {"uv": [6, 37], "uv_size": [4.5, 3]},
								"south": {"uv": [4, 47], "uv_size": [1.5, 3]},
								"west": {"uv": [11, 37], "uv_size": [4.5, 3]},
								"up": {"uv": [16, 42], "uv_size": [1.5, 4.5]},
								"down": {"uv": [42, 20.5], "uv_size": [1.5, -4.5]}
							}
						},
						{
							"origin": [-1.525, 21.1, -2.2],
							"size": [3.05, 3.05, 4.4],
							"uv": {
								"north": {"uv": [40, 0], "uv_size": [3, 3]},
								"east": {"uv": [35, 6], "uv_size": [4.5, 3]},
								"south": {"uv": [40, 3], "uv_size": [3, 3]},
								"west": {"uv": [28, 35], "uv_size": [4.5, 3]},
								"up": {"uv": [36, 26], "uv_size": [3, 4.5]},
								"down": {"uv": [3, 41.5], "uv_size": [3, -4.5]}
							}
						},
						{
							"origin": [-1.225, 20.575, -2.2],
							"size": [1.55, 2.8, 4.4],
							"pivot": [0.825, 21.425, 0],
							"rotation": [180, 0, 147.75],
							"uv": {
								"north": {"uv": [46, 45], "uv_size": [1.5, 3]},
								"east": {"uv": [35, 0], "uv_size": [4.5, 3]},
								"south": {"uv": [47, 0], "uv_size": [1.5, 3]},
								"west": {"uv": [35, 3], "uv_size": [4.5, 3]},
								"up": {"uv": [2, 42], "uv_size": [1.5, 4.5]},
								"down": {"uv": [4, 46.5], "uv_size": [1.5, -4.5]}
							}
						},
						{
							"origin": [-1.525, 20.55, -2.85],
							"size": [3.05, 3.05, 5.7],
							"uv": {
								"north": {"uv": [20, 10], "uv_size": [3, 3]},
								"east": {"uv": [30, 26], "uv_size": [5.5, 3]},
								"south": {"uv": [26, 7], "uv_size": [3, 3]},
								"west": {"uv": [30, 29], "uv_size": [5.5, 3]},
								"up": {"uv": [4, 31], "uv_size": [3, 5.5]},
								"down": {"uv": [7, 36.5], "uv_size": [3, -5.5]}
							}
						}
					]
				},
				{
					"name": "bone3",
					"parent": "head",
					"pivot": [0, 18, 1],
					"cubes": [
						{
							"origin": [-0.175, 18, -1.05],
							"size": [0.35, 0.325, 4.1],
							"pivot": [0, 18, 1],
							"rotation": [-13, 0, 0],
							"uv": {
								"north": {"uv": [0, 0], "uv_size": [0.35, 0.325]},
								"east": {"uv": [0, 0], "uv_size": [4.1, 0.325]},
								"south": {"uv": [0, 0], "uv_size": [0.35, 0.325]},
								"west": {"uv": [0, 0], "uv_size": [4.1, 0.325]},
								"up": {"uv": [0.35, 4.1], "uv_size": [-0.35, -4.1]},
								"down": {"uv": [0.35, 4.1], "uv_size": [-0.35, -4.1]}
							}
						},
						{
							"origin": [-0.175, 18, -1.05],
							"size": [0.35, 0.325, 4.1],
							"pivot": [0, 18, 1],
							"rotation": [-3.97096, 25.79189, 3.40164],
							"uv": {
								"north": {"uv": [0, 0], "uv_size": [0.35, 0.325]},
								"east": {"uv": [0, 0], "uv_size": [4.1, 0.325]},
								"south": {"uv": [0, 0], "uv_size": [0.35, 0.325]},
								"west": {"uv": [0, 0], "uv_size": [4.1, 0.325]},
								"up": {"uv": [0.35, 4.1], "uv_size": [-0.35, -4.1]},
								"down": {"uv": [0.35, 4.1], "uv_size": [-0.35, -4.1]}
							}
						},
						{
							"origin": [-0.175, 18, -1.05],
							"size": [0.35, 0.325, 4.1],
							"pivot": [0, 18, 1],
							"rotation": [2.84263, -24.53274, -6.1696],
							"uv": {
								"north": {"uv": [0, 0], "uv_size": [0.35, 0.325]},
								"east": {"uv": [0, 0], "uv_size": [4.1, 0.325]},
								"south": {"uv": [0, 0], "uv_size": [0.35, 0.325]},
								"west": {"uv": [0, 0], "uv_size": [4.1, 0.325]},
								"up": {"uv": [0.35, 4.1], "uv_size": [-0.35, -4.1]},
								"down": {"uv": [0.35, 4.1], "uv_size": [-0.35, -4.1]}
							}
						}
					]
				},
				{
					"name": "Righttui",
					"parent": "Root",
					"pivot": [-2.35, 5.75, 0],
					"rotation": [-36.5, 0, 0],
					"cubes": [
						{
							"origin": [-3.475, 2.3, -1.3],
							"size": [1.8, 4.625, 2.6],
							"uv": {
								"north": {"uv": [39, 31], "uv_size": [2, 4.5]},
								"east": {"uv": [19, 37], "uv_size": [2.5, 4.5]},
								"south": {"uv": [39, 36], "uv_size": [2, 4.5]},
								"west": {"uv": [37, 21], "uv_size": [2.5, 4.5]},
								"up": {"uv": [35, 45], "uv_size": [2, 2.5]},
								"down": {"uv": [37, 47.5], "uv_size": [2, -2.5]}
							}
						},
						{
							"origin": [-3.475, 2.47115, -1.15736],
							"size": [1.8, 4.05, 2.025],
							"pivot": [-6.225, 0.975, 0],
							"rotation": [8, 0, 0],
							"uv": {
								"north": {"uv": [24, 40], "uv_size": [2, 4]},
								"east": {"uv": [26, 40], "uv_size": [2, 4]},
								"south": {"uv": [0, 41], "uv_size": [2, 4]},
								"west": {"uv": [41, 24], "uv_size": [2, 4]},
								"up": {"uv": [47, 12], "uv_size": [2, 2]},
								"down": {"uv": [47, 16], "uv_size": [2, -2]}
							}
						}
					]
				},
				{
					"name": "tui3",
					"parent": "Righttui",
					"pivot": [-2.35, 2.925, 0.625],
					"rotation": [32.75, 0, 0],
					"cubes": [
						{
							"origin": [-3.4, -0.26827, -0.5209],
							"size": [1.65, 3.65, 1.4],
							"pivot": [-2.225, 3.41574, 0.06403],
							"rotation": [37.5, 0, 0],
							"uv": {
								"north": {"uv": [43, 27], "uv_size": [1.5, 3.5]},
								"east": {"uv": [33, 43], "uv_size": [1.5, 3.5]},
								"south": {"uv": [43, 37], "uv_size": [1.5, 3.5]},
								"west": {"uv": [12, 44], "uv_size": [1.5, 3.5]},
								"up": {"uv": [0, 49], "uv_size": [1.5, 1.5]},
								"down": {"uv": [49, 1.5], "uv_size": [1.5, -1.5]}
							}
						},
						{
							"origin": [-3.4, 0.53173, 0.5791],
							"size": [1.65, 3.65, 1.4],
							"pivot": [-2.225, 4.21574, 1.16403],
							"rotation": [22.25, 0, 0],
							"uv": {
								"north": {"uv": [14, 44], "uv_size": [1.5, 3.5]},
								"east": {"uv": [44, 16], "uv_size": [1.5, 3.5]},
								"south": {"uv": [21, 44], "uv_size": [1.5, 3.5]},
								"west": {"uv": [23, 44], "uv_size": [1.5, 3.5]},
								"up": {"uv": [49, 4], "uv_size": [1.5, 1.5]},
								"down": {"uv": [6, 50.5], "uv_size": [1.5, -1.5]}
							}
						}
					]
				},
				{
					"name": "jiao",
					"parent": "tui3",
					"pivot": [-2.575, 0.925, 2.125],
					"cubes": [
						{
							"origin": [-3.675, -0.08262, -0.43597],
							"size": [2.2, 1.175, 4.05],
							"pivot": [-6.225, -0.53426, 2.06403],
							"rotation": [3.5, 0, 0],
							"uv": {
								"north": {"uv": [49, 22], "uv_size": [2, 1]},
								"east": {"uv": [47, 27], "uv_size": [4, 1]},
								"south": {"uv": [24, 49], "uv_size": [2, 1]},
								"west": {"uv": [47, 28], "uv_size": [4, 1]},
								"up": {"uv": [28, 41], "uv_size": [2, 4]},
								"down": {"uv": [41, 32], "uv_size": [2, -4]}
							}
						},
						{
							"origin": [-3.875, -0.08262, -1.53597],
							"size": [2.6, 0.85, 5.575],
							"pivot": [-6.225, -0.53426, 2.06403],
							"rotation": [3.5, 0, 0],
							"uv": {
								"north": {"uv": [37, 48], "uv_size": [2.5, 1]},
								"east": {"uv": [43, 25], "uv_size": [5.5, 1]},
								"south": {"uv": [42, 48], "uv_size": [2.5, 1]},
								"west": {"uv": [43, 26], "uv_size": [5.5, 1]},
								"up": {"uv": [34, 32], "uv_size": [2.5, 5.5]},
								"down": {"uv": [0, 40.5], "uv_size": [2.5, -5.5]}
							}
						}
					]
				},
				{
					"name": "Lefttui",
					"parent": "Root",
					"pivot": [2.75, 5.75, 0],
					"rotation": [-36.5, 0, 0],
					"cubes": [
						{
							"origin": [1.625, 2.3, -1.3],
							"size": [1.8, 4.625, 2.6],
							"uv": {
								"north": {"uv": [37, 31], "uv_size": [2, 4.5]},
								"east": {"uv": [16, 37], "uv_size": [2.5, 4.5]},
								"south": {"uv": [37, 36], "uv_size": [2, 4.5]},
								"west": {"uv": [37, 16], "uv_size": [2.5, 4.5]},
								"up": {"uv": [4, 28], "uv_size": [2, 2.5]},
								"down": {"uv": [44, 36.5], "uv_size": [2, -2.5]}
							}
						},
						{
							"origin": [1.625, 2.47115, -1.15736],
							"size": [1.8, 4.05, 2.025],
							"pivot": [-1.125, 0.975, 0],
							"rotation": [8, 0, 0],
							"uv": {
								"north": {"uv": [12, 40], "uv_size": [2, 4]},
								"east": {"uv": [40, 12], "uv_size": [2, 4]},
								"south": {"uv": [14, 40], "uv_size": [2, 4]},
								"west": {"uv": [40, 16], "uv_size": [2, 4]},
								"up": {"uv": [47, 8], "uv_size": [2, 2]},
								"down": {"uv": [47, 12], "uv_size": [2, -2]}
							}
						}
					]
				},
				{
					"name": "tui2",
					"parent": "Lefttui",
					"pivot": [2.75, 2.925, 0.625],
					"rotation": [32.75, 0, 0],
					"cubes": [
						{
							"origin": [1.7, -0.26827, -0.5209],
							"size": [1.65, 3.65, 1.4],
							"pivot": [2.875, 3.41574, 0.06403],
							"rotation": [37.5, 0, 0],
							"uv": {
								"north": {"uv": [25, 44], "uv_size": [1.5, 3.5]},
								"east": {"uv": [30, 44], "uv_size": [1.5, 3.5]},
								"south": {"uv": [42, 44], "uv_size": [1.5, 3.5]},
								"west": {"uv": [44, 44], "uv_size": [1.5, 3.5]},
								"up": {"uv": [49, 6], "uv_size": [1.5, 1.5]},
								"down": {"uv": [8, 50.5], "uv_size": [1.5, -1.5]}
							}
						},
						{
							"origin": [1.7, 0.53173, 0.5791],
							"size": [1.65, 3.65, 1.4],
							"pivot": [2.875, 4.21574, 1.16403],
							"rotation": [22.25, 0, 0],
							"uv": {
								"north": {"uv": [0, 45], "uv_size": [1.5, 3.5]},
								"east": {"uv": [18, 45], "uv_size": [1.5, 3.5]},
								"south": {"uv": [27, 45], "uv_size": [1.5, 3.5]},
								"west": {"uv": [45, 27], "uv_size": [1.5, 3.5]},
								"up": {"uv": [49, 8], "uv_size": [1.5, 1.5]},
								"down": {"uv": [10, 50.5], "uv_size": [1.5, -1.5]}
							}
						}
					]
				},
				{
					"name": "jiao2",
					"parent": "tui2",
					"pivot": [2.575, 0.925, 2.125],
					"cubes": [
						{
							"origin": [1.45, -0.08262, -0.43597],
							"size": [2.2, 1.175, 4.05],
							"pivot": [-1.1, -0.53426, 2.06403],
							"rotation": [3.5, 0, 0],
							"uv": {
								"north": {"uv": [49, 22], "uv_size": [2, 1]},
								"east": {"uv": [47, 27], "uv_size": [4, 1]},
								"south": {"uv": [24, 49], "uv_size": [2, 1]},
								"west": {"uv": [47, 28], "uv_size": [4, 1]},
								"up": {"uv": [28, 41], "uv_size": [2, 4]},
								"down": {"uv": [41, 32], "uv_size": [2, -4]}
							}
						},
						{
							"origin": [1.25, -0.08262, -1.53597],
							"size": [2.6, 0.85, 5.575],
							"pivot": [-1.1, -0.53426, 2.06403],
							"rotation": [3.5, 0, 0],
							"uv": {
								"north": {"uv": [37, 48], "uv_size": [2.5, 1]},
								"east": {"uv": [43, 25], "uv_size": [5.5, 1]},
								"south": {"uv": [42, 48], "uv_size": [2.5, 1]},
								"west": {"uv": [43, 26], "uv_size": [5.5, 1]},
								"up": {"uv": [34, 32], "uv_size": [2.5, 5.5]},
								"down": {"uv": [0, 40.5], "uv_size": [2.5, -5.5]}
							}
						}
					]
				},
				{
					"name": "weiba",
					"parent": "Root",
					"pivot": [0, 6, 3],
					"rotation": [-26.75, 0, 0],
					"cubes": [
						{
							"origin": [-1.25, 5.15, 2.825],
							"size": [2.5, 0.925, 7.925],
							"uv": {
								"north": {"uv": [48, 42], "uv_size": [2.5, 1]},
								"east": {"uv": [41, 32], "uv_size": [8, 1]},
								"south": {"uv": [48, 43], "uv_size": [2.5, 1]},
								"west": {"uv": [41, 33], "uv_size": [8, 1]},
								"up": {"uv": [30, 10], "uv_size": [2.5, 8]},
								"down": {"uv": [30, 26], "uv_size": [2.5, -8]}
							}
						},
						{
							"origin": [-1.775, 5, 5.825],
							"size": [3.55, 1.225, 7],
							"uv": {
								"north": {"uv": [47, 39], "uv_size": [3.5, 1]},
								"east": {"uv": [42, 6], "uv_size": [7, 1]},
								"south": {"uv": [47, 40], "uv_size": [3.5, 1]},
								"west": {"uv": [42, 7], "uv_size": [7, 1]},
								"up": {"uv": [26, 0], "uv_size": [3.5, 7]},
								"down": {"uv": [0, 35], "uv_size": [3.5, -7]}
							}
						},
						{
							"origin": [-2.225, 4.95, 7.9],
							"size": [4.45, 1.325, 4.3],
							"uv": {
								"north": {"uv": [42, 8], "uv_size": [4.5, 1.5]},
								"east": {"uv": [42, 10], "uv_size": [4.5, 1.5]},
								"south": {"uv": [42, 12], "uv_size": [4.5, 1.5]},
								"west": {"uv": [42, 14], "uv_size": [4.5, 1.5]},
								"up": {"uv": [30, 0], "uv_size": [4.5, 4.5]},
								"down": {"uv": [30, 9.5], "uv_size": [4.5, -4.5]}
							}
						}
					]
				}
			]
		}
	]
}