{
	"format_version": "1.8.0",
	"animations": {
		"jump": {
			"loop": true,
			"animation_length": 0.75,
			"bones": {
				"RightArm": {
					"rotation": {
						"0.0": {
							"post": [0, -40, 70],
							"lerp_mode": "catmullrom"
						},
						"0.375": {
							"post": [7.5, -40, 70],
							"lerp_mode": "catmullrom"
						},
						"0.75": {
							"post": [0, -40, 70],
							"lerp_mode": "catmullrom"
						}
					}
				},
				"LeftArm": {
					"rotation": {
						"0.0": {
							"post": [0, 45, -65],
							"lerp_mode": "catmullrom"
						},
						"0.375": {
							"post": [7.5, 45, -65],
							"lerp_mode": "catmullrom"
						},
						"0.75": {
							"post": [0, 45, -65],
							"lerp_mode": "catmullrom"
						}
					}
				},
				"Righttui": {
					"rotation": {
						"0.0": {
							"post": [-15, 0, 0],
							"lerp_mode": "catmullrom"
						},
						"0.3333": {
							"post": [-2.5, 0, 0],
							"lerp_mode": "catmullrom"
						},
						"0.75": {
							"post": [-15, 0, 0],
							"lerp_mode": "catmullrom"
						}
					}
				},
				"tui3": {
					"rotation": {
						"0.0": {
							"post": [25, 0, 0],
							"lerp_mode": "catmullrom"
						},
						"0.3333": {
							"post": [2.5, 0, 0],
							"lerp_mode": "catmullrom"
						},
						"0.75": {
							"post": [25, 0, 0],
							"lerp_mode": "catmullrom"
						}
					}
				},
				"jiao": {
					"rotation": {
						"0.0": {
							"post": [2.5, 0, 0],
							"lerp_mode": "catmullrom"
						},
						"0.375": {
							"post": [10, 0, 0],
							"lerp_mode": "catmullrom"
						},
						"0.75": {
							"post": [2.5, 0, 0],
							"lerp_mode": "catmullrom"
						}
					}
				},
				"Lefttui": {
					"rotation": {
						"0.0": {
							"post": [2.5, 0, 0],
							"lerp_mode": "catmullrom"
						},
						"0.375": {
							"post": [0, 0, 0],
							"lerp_mode": "catmullrom"
						},
						"0.75": {
							"post": [2.5, 0, 0],
							"lerp_mode": "catmullrom"
						}
					}
				},
				"tui2": {
					"rotation": {
						"0.0": {
							"post": [10, 0, 0],
							"lerp_mode": "catmullrom"
						},
						"0.375": {
							"post": [2.5, 0, 0],
							"lerp_mode": "catmullrom"
						},
						"0.75": {
							"post": [10, 0, 0],
							"lerp_mode": "catmullrom"
						}
					}
				},
				"jiao2": {
					"rotation": {
						"0.0": {
							"post": [0, 0, 0],
							"lerp_mode": "catmullrom"
						},
						"0.375": {
							"post": [10, 0, 0],
							"lerp_mode": "catmullrom"
						},
						"0.75": {
							"post": [0, 0, 0],
							"lerp_mode": "catmullrom"
						}
					}
				}
			}
		},
		"run": {
			"loop": true,
			"animation_length": 0.5,
			"bones": {
				"RightArm": {
					"rotation": {
						"0.0": {
							"post": [-75, -2.5, 62.5],
							"lerp_mode": "catmullrom"
						},
						"0.25": {
							"post": [10, -12.5, 80],
							"lerp_mode": "catmullrom"
						},
						"0.5": {
							"post": [-75, -2.5, 62.5],
							"lerp_mode": "catmullrom"
						}
					}
				},
				"LeftArm": {
					"rotation": {
						"0.0": {
							"post": [32.5, 0, -65],
							"lerp_mode": "catmullrom"
						},
						"0.25": {
							"post": [-55, 0, -65],
							"lerp_mode": "catmullrom"
						},
						"0.5": {
							"post": [32.5, 0, -65],
							"lerp_mode": "catmullrom"
						}
					}
				},
				"leftarm2": {
					"rotation": {
						"0.0": {
							"post": [-55, 0, 0],
							"lerp_mode": "catmullrom"
						},
						"0.5": {
							"post": [-55, 0, 0],
							"lerp_mode": "catmullrom"
						}
					}
				},
				"Rightarm2": {
					"rotation": {
						"0.0": {
							"post": [-55, 0, 0],
							"lerp_mode": "catmullrom"
						},
						"0.5": {
							"post": [-55, 0, 0],
							"lerp_mode": "catmullrom"
						}
					}
				},
				"Root": {
					"rotation": {
						"0.0": {
							"post": [22.5, 0, 0],
							"lerp_mode": "catmullrom"
						}
					},
					"position": {
						"0.0": {
							"post": [0, 1, 0],
							"lerp_mode": "catmullrom"
						},
						"0.125": {
							"post": [0, 0, 0],
							"lerp_mode": "catmullrom"
						},
						"0.25": {
							"post": [0, 1, 0],
							"lerp_mode": "catmullrom"
						},
						"0.375": {
							"post": [0, 0, 0],
							"lerp_mode": "catmullrom"
						},
						"0.5": {
							"post": [0, 1, 0],
							"lerp_mode": "catmullrom"
						}
					}
				},
				"Righttui": {
					"rotation": {
						"0.0": {
							"post": [80, 0, 0],
							"lerp_mode": "catmullrom"
						},
						"0.25": {
							"post": [-52.5, 0, 0],
							"lerp_mode": "catmullrom"
						},
						"0.5": {
							"post": [80, 0, 0],
							"lerp_mode": "catmullrom"
						}
					}
				},
				"tui3": {
					"rotation": {
						"0.0": {
							"post": [-25, 0, 0],
							"lerp_mode": "catmullrom"
						},
						"0.0833": {
							"post": [16.67, 0, 0],
							"lerp_mode": "catmullrom"
						},
						"0.25": {
							"post": [-27.5, 0, 0],
							"lerp_mode": "catmullrom"
						},
						"0.5": {
							"post": [-25, 0, 0],
							"lerp_mode": "catmullrom"
						}
					}
				},
				"jiao": {
					"rotation": {
						"0.0": {
							"post": [22.5, 0, 0],
							"lerp_mode": "catmullrom"
						},
						"0.25": {
							"post": [27.5, 0, 0],
							"lerp_mode": "catmullrom"
						},
						"0.5": {
							"post": [22.5, 0, 0],
							"lerp_mode": "catmullrom"
						}
					}
				},
				"Lefttui": {
					"rotation": {
						"0.0": {
							"post": [-57.5, 0, 0],
							"lerp_mode": "catmullrom"
						},
						"0.25": {
							"post": [65, 0, 0],
							"lerp_mode": "catmullrom"
						},
						"0.5": {
							"post": [-57.5, 0, 0],
							"lerp_mode": "catmullrom"
						}
					}
				},
				"tui2": {
					"rotation": {
						"0.0": {
							"post": [-20, 0, 0],
							"lerp_mode": "catmullrom"
						},
						"0.25": {
							"post": [-20, 0, 0],
							"lerp_mode": "catmullrom"
						},
						"0.3333": {
							"post": [35, 0, 0],
							"lerp_mode": "catmullrom"
						},
						"0.5": {
							"post": [-20, 0, 0],
							"lerp_mode": "catmullrom"
						}
					}
				},
				"jiao2": {
					"rotation": {
						"0.0": {
							"post": [27.5, 0, 0],
							"lerp_mode": "catmullrom"
						},
						"0.5": {
							"post": [27.5, 0, 0],
							"lerp_mode": "catmullrom"
						}
					}
				}
			}
		},
		"walk": {
			"loop": true,
			"animation_length": 0.75,
			"bones": {
				"RightArm": {
					"rotation": {
						"0.0": [17.5, 0, 0],
						"0.375": [-37.5, 0, 0],
						"0.75": [17.5, 0, 0]
					}
				},
				"LeftArm": {
					"relative_to": {
						"rotation": "entity"
					},
					"rotation": {
						"0.0": [-47.5, 0, 0],
						"0.375": [22.5, 0, 0],
						"0.75": [-47.5, 0, 0]
					}
				},
				"leftarm2": {
					"rotation": {
						"0.0": {
							"post": [20, -12.5, 0],
							"lerp_mode": "catmullrom"
						},
						"0.25": {
							"post": [30, 0, 0],
							"lerp_mode": "catmullrom"
						},
						"0.4583": {
							"post": [-16.67, -6.94, 0],
							"lerp_mode": "catmullrom"
						},
						"0.75": {
							"post": [20, -12.5, 0],
							"lerp_mode": "catmullrom"
						}
					}
				},
				"Rightarm2": {
					"rotation": {
						"0.0": {
							"post": [18.63, 0, 0],
							"lerp_mode": "catmullrom"
						},
						"0.1667": {
							"post": [-10, 0, 0],
							"lerp_mode": "catmullrom"
						},
						"0.375": {
							"post": [39.5, 0, 0],
							"lerp_mode": "catmullrom"
						},
						"0.5833": {
							"post": [37.5, 0, 0],
							"lerp_mode": "catmullrom"
						},
						"0.75": {
							"post": [18.63, 0, 0],
							"lerp_mode": "catmullrom"
						}
					}
				},
				"Root": {
					"rotation": [0, 0, 0],
					"position": {
						"0.0": [0, 0, 0],
						"0.1667": [0, 0.25, 0],
						"0.375": [0, 0, 0],
						"0.5417": [0, 0.25, 0],
						"0.7083": [0, 0, 0]
					}
				},
				"Righttui": {
					"rotation": {
						"0.0": {
							"post": [-40, 0, 0],
							"lerp_mode": "catmullrom"
						},
						"0.375": {
							"post": [40, 0, 0],
							"lerp_mode": "catmullrom"
						},
						"0.7083": {
							"post": [-40, 0, 0],
							"lerp_mode": "catmullrom"
						}
					}
				},
				"tui3": {
					"rotation": {
						"0.0": {
							"post": [-7.5, 0, 0],
							"lerp_mode": "catmullrom"
						},
						"0.7083": {
							"post": [-7.5, 0, 0],
							"lerp_mode": "catmullrom"
						}
					}
				},
				"jiao": {
					"rotation": {
						"0.0": {
							"post": [12.5, 0, 0],
							"lerp_mode": "catmullrom"
						},
						"0.375": {
							"post": [0, 0, 0],
							"lerp_mode": "catmullrom"
						},
						"0.7083": {
							"post": [12.5, 0, 0],
							"lerp_mode": "catmullrom"
						}
					}
				},
				"Lefttui": {
					"rotation": {
						"0.0": {
							"post": [42.5, 0, 0],
							"lerp_mode": "catmullrom"
						},
						"0.375": {
							"post": [-40, 0, 0],
							"lerp_mode": "catmullrom"
						},
						"0.7083": {
							"post": [42.5, 0, 0],
							"lerp_mode": "catmullrom"
						}
					}
				},
				"tui2": {
					"rotation": {
						"0.0": {
							"post": [-2.5, 0, 0],
							"lerp_mode": "catmullrom"
						},
						"0.7083": {
							"post": [-2.5, 0, 0],
							"lerp_mode": "catmullrom"
						}
					}
				},
				"jiao2": {
					"rotation": {
						"0.0": {
							"post": [0, 0, 0],
							"lerp_mode": "catmullrom"
						},
						"0.2917": {
							"post": [22.5, 0, 0],
							"lerp_mode": "catmullrom"
						},
						"0.7083": {
							"post": [0, 0, 0],
							"lerp_mode": "catmullrom"
						}
					}
				},
				"weiba": {
					"rotation": {
						"0.0": [10, 0, 0],
						"0.2083": [20, 0, 0],
						"0.375": [10, 0, 0],
						"0.5417": [20, 0, 0],
						"0.7083": [10, 0, 0]
					}
				}
			}
		},
		"attacked": {
			"animation_length": 0.45833,
			"bones": {
				"UpBody": {
					"rotation": {
						"0.0": [0, 0, 0],
						"0.0417": [22.52, 2.31, 0.96],
						"0.0833": [20.37, 4.23, 1.12],
						"0.125": [14.05, 6.46, 1.18],
						"0.1667": [7.56, 7.44, 0.98],
						"0.2083": [-2.13, 4.74, -0.23],
						"0.25": [-8.85, 1.24, -1.28],
						"0.2917": [-8.21, 0.55, -1.18],
						"0.3333": [-5.45, 0.23, -0.78],
						"0.375": [-2.18, 0.11, -0.31],
						"0.4167": [0, 0, 0],
						"0.4583": [0, 0, 0]
					},
					"position": [0, 0, 0]
				},
				"UpperBody": {
					"rotation": {
						"0.0": [0, 0, 0],
						"0.0417": [15.01, 2.41, 0.65],
						"0.0833": [12.61, 1.95, 0.67],
						"0.125": [7.15, 0.93, 0.6],
						"0.1667": [2.51, -0.08, 0.54],
						"0.2083": [0.17, -1.49, 0.48],
						"0.25": [-2.49, -2.58, 0.43],
						"0.2917": [-11.4, -2.9, 0.45],
						"0.3333": [-17.49, -2.58, 0.43],
						"0.375": [-9.68, -1.29, 0.21],
						"0.4167": [0, 0, 0],
						"0.4583": [0, 0, 0]
					},
					"position": [0, 0, 0]
				},
				"RightArm": {
					"rotation": {
						"0.0": [0, 0, 0],
						"0.0417": [-24.89, -3.96, -3.05],
						"0.0833": [-67.5, 0, 0],
						"0.125": [-40.78, -1.78, -11.04],
						"0.1667": [-4.42, -3.41, -22.14],
						"0.2083": [10.29, -2.17, -23.44],
						"0.25": [21.86, 0.02, -21.99],
						"0.2917": [30.14, 1.69, -19.52],
						"0.3333": [37.01, 2.36, -13.95],
						"0.375": [35.16, 2.13, -7.73],
						"0.4167": [17.89, 1.09, -3.13],
						"0.4583": [0, 0, 0]
					},
					"position": [0, 0, 0]
				},
				"LeftForeArm": {
					"rotation": {
						"0.0": [0, 0, 0],
						"0.0417": [-42.5, 0, 0],
						"0.0833": [-17.5, 0, 0],
						"0.125": [-43.5, 3.91, -6.97],
						"0.1667": [-65.75, 6.28, -13.65],
						"0.2083": [-53.39, 2.96, -14.55],
						"0.25": [-29.54, -2.42, -13.67],
						"0.2917": [-10.75, -6, -11.32],
						"0.3333": [-2.74, -4.93, -3.14],
						"0.375": [-1.43, -2.06, 4.23],
						"0.4167": [-0.13, -0.79, 3.09],
						"0.4583": [0, 0, 0]
					},
					"position": [0, 0, 0]
				},
				"LeftArm": {
					"rotation": {
						"0.0": [0, 0, 0],
						"0.0417": [-67.42, -4.62, -1.92],
						"0.0833": [-87.42, -4.62, -1.92],
						"0.125": [-85.46, -12.41, 20.41],
						"0.1667": [-76.62, -20.2, 42.74],
						"0.2083": [-67, -22.1, 47.63],
						"0.25": [-54.68, -22.27, 47.56],
						"0.2917": [-41.62, -20.2, 42.74],
						"0.3333": [-26.71, -14.22, 30.09],
						"0.375": [-11.05, -5.99, 12.68],
						"0.4167": [0, 0, 0],
						"0.4583": [0, 0, 0]
					},
					"position": [0, 0, 0]
				},
				"RightForeArm": {
					"rotation": {
						"0.0": [0, 0, 0],
						"0.0417": [0, 0, 0],
						"0.0833": [0, 0, -1.26],
						"0.125": [0, 0, -3.18],
						"0.1667": [0, 0, -5.22],
						"0.2083": [0, 0, -6.84],
						"0.25": [0, 0, -7.5],
						"0.2917": [0, 0, -6.5],
						"0.3333": [0, 0, -4.22],
						"0.375": [0, 0, -1.7],
						"0.4167": [0, 0, 0],
						"0.4583": [0, 0, 0]
					},
					"position": [0, 0, 0]
				},
				"LeftLeg": {
					"rotation": {
						"0.0": [0, 0, 0],
						"0.0417": [-20, -5, 0],
						"0.0833": [-31.4, -7.38, -1.83],
						"0.125": [-40.15, -9.22, -3.6],
						"0.1667": [-38.86, -9.84, -3.08],
						"0.2083": [-38.69, -9.08, -1.7],
						"0.25": [-37.76, -7.76, -0.34],
						"0.2917": [-35.86, -5.95, 0.04],
						"0.3333": [-30.31, -3.91, 0.07],
						"0.375": [-14.69, -1.71, 0.06],
						"0.4167": [0, 0, 0],
						"0.4583": [0, 0, 0]
					},
					"position": {
						"0.0": [0, 0, 0],
						"0.0417": [0, 0, 0],
						"0.0833": [0, 0, 0],
						"0.125": [0, 0, 0],
						"0.1667": [0, 0, 0],
						"0.2083": [0, 0, 0],
						"0.25": [0, 0, 0],
						"0.2917": [0, 0, 0],
						"0.3333": [0, 0, 0],
						"0.375": [0, 0, 0],
						"0.4167": [0, 0, 0],
						"0.4583": [0, 0, 0]
					}
				},
				"LeftLowerLeg": {
					"rotation": {
						"0.0": [0, 0, 0],
						"0.0417": [35, 0, 0],
						"0.0833": [50.73, -0.09, 0.12],
						"0.125": [62.15, -0.18, 0.24],
						"0.1667": [62.5, -0.26, 0.27],
						"0.2083": [63.16, -0.29, 0.28],
						"0.25": [62.5, -0.26, 0.27],
						"0.2917": [60.64, -0.06, 0.22],
						"0.3333": [52.25, 0.13, 0.15],
						"0.375": [25.48, 0.09, 0.07],
						"0.4167": [0, 0, 0],
						"0.4583": [0, 0, 0]
					},
					"position": {
						"0.0": [0, 0, 0],
						"0.0417": [0, 0, 0],
						"0.0833": [0, 0, 0],
						"0.125": [0, 0, 0],
						"0.1667": [0, 0, 0],
						"0.2083": [0, 0, 0],
						"0.25": [0, 0, 0],
						"0.2917": [0, 0, 0],
						"0.3333": [0, 0, 0],
						"0.375": [0, 0, 0],
						"0.4167": [0, 0, 0],
						"0.4583": [0, 0, 0]
					}
				},
				"LeftFoot": {
					"rotation": {
						"0.0": [0, 0, 0],
						"0.0417": [-10, 0, 0],
						"0.0833": [-9.26, 0, 0.02],
						"0.125": [-6.85, 0, 0.05],
						"0.1667": [-5, 0, 0.07],
						"0.2083": [-4.15, 0.01, 0.07],
						"0.25": [-5, 0, 0.07],
						"0.2917": [-10.12, -0.06, 0.11],
						"0.3333": [-13.55, -0.1, 0.13],
						"0.375": [-7.31, -0.06, 0.07],
						"0.4167": [0, 0, 0],
						"0.4583": [0, 0, 0]
					},
					"position": {
						"0.0": [0, 0, 0],
						"0.0417": [0, 0, 0],
						"0.0833": [0, 0, 0],
						"0.125": [0, 0, 0],
						"0.1667": [0, 0, 0],
						"0.2083": [0, 0, 0],
						"0.25": [0, 0, 0],
						"0.2917": [0, 0, 0],
						"0.3333": [0, 0, 0],
						"0.375": [0, 0, 0],
						"0.4167": [0, 0, 0],
						"0.4583": [0, 0, 0]
					}
				},
				"RightLeg": {
					"rotation": {
						"0.0": [0, 0, 0],
						"0.0417": [-25.14, -7.15, 2.27],
						"0.0833": [-20.22, -9.1, 0.23],
						"0.125": [22.99, -9.7, -1.47],
						"0.1667": [27.18, -8.8, -0.07],
						"0.2083": [26.71, -7.43, 2.07],
						"0.25": [24.21, -6.11, 3.49],
						"0.2917": [16.21, -4.42, 3.21],
						"0.3333": [7.18, -2.83, 2.06],
						"0.375": [2.53, -1.21, 0.94],
						"0.4167": [0, 0, 0],
						"0.4583": [0, 0, 0]
					},
					"position": {
						"0.0": [0, 0, 0],
						"0.0417": [0, 0, 0],
						"0.0833": [0, 0, 0],
						"0.125": [0, 0, 0],
						"0.1667": [0, 0, 0],
						"0.2083": [0, 0, 0],
						"0.25": [0, 0, 0],
						"0.2917": [0, 0, 0],
						"0.3333": [0, 0, 0],
						"0.375": [0, 0, 0],
						"0.4167": [0, 0, 0],
						"0.4583": [0, 0, 0]
					}
				},
				"RightLowerLeg": {
					"rotation": {
						"0.0": [0, 0, 0],
						"0.0417": [15, 0, 0],
						"0.0833": [7.12, -0.3, 0.03],
						"0.125": [37.49, -0.6, 0.06],
						"0.1667": [39.73, -0.65, 0.08],
						"0.2083": [38.7, -0.67, 0.1],
						"0.25": [38.49, -0.65, 0.11],
						"0.2917": [45.64, -0.51, 0.09],
						"0.3333": [46.81, -0.33, 0.06],
						"0.375": [23.92, -0.14, 0.03],
						"0.4167": [0, 0, 0],
						"0.4583": [0, 0, 0]
					},
					"position": {
						"0.0": [0, 0, 0],
						"0.0417": [0, 0, 0],
						"0.0833": [0, 0, 0],
						"0.125": [0, 0, 0],
						"0.1667": [0, 0, 0],
						"0.2083": [0, 0, 0],
						"0.25": [0, 0, 0],
						"0.2917": [0, 0, 0],
						"0.3333": [0, 0, 0],
						"0.375": [0, 0, 0],
						"0.4167": [0, 0, 0],
						"0.4583": [0, 0, 0]
					}
				},
				"RightFoot": {
					"rotation": {
						"0.0": [0, 0, 0],
						"0.0417": [0, 0, 0],
						"0.0833": [-29.31, 0.33, -0.49],
						"0.125": [-42.49, 0.67, -0.9],
						"0.1667": [-42.56, 0.72, -0.74],
						"0.2083": [-40.16, 0.74, -0.46],
						"0.25": [-33.51, 0.71, -0.23],
						"0.2917": [-8.41, 0.56, -0.11],
						"0.3333": [13.81, 0.36, -0.07],
						"0.375": [9.86, 0.16, -0.03],
						"0.4167": [0, 0, 0],
						"0.4583": [0, 0, 0]
					},
					"position": {
						"0.0": [0, 0, 0],
						"0.0417": [0, 0, 0],
						"0.0833": [0, 0, 0],
						"0.125": [0, 0, 0],
						"0.1667": [0, 0, 0],
						"0.2083": [0, 0, 0],
						"0.25": [0, 0, 0],
						"0.2917": [0, 0, 0],
						"0.3333": [0, 0, 0],
						"0.375": [0, 0, 0],
						"0.4167": [0, 0, 0],
						"0.4583": [0, 0, 0]
					}
				},
				"AllBody": {
					"rotation": [0, 0, 0],
					"position": [0, 0, 0],
					"scale": 1
				},
				"AllHead": {
					"rotation": {
						"0.0": [0, 0, 0],
						"0.0417": [17.5, 0, 0],
						"0.0833": [0, 0, 0]
					},
					"position": [0, 0, 0]
				},
				"DownBody": {
					"rotation": {
						"0.0": [0, 0, 0],
						"0.0417": [-5.19, 0.03, 0.09],
						"0.0833": [-12.32, 0.06, 0.18],
						"0.125": [-17.5, 0, 0],
						"0.1667": [-19.44, -0.25, -0.79],
						"0.2083": [-19.43, -0.58, -1.85],
						"0.25": [-17.48, -0.75, -2.38],
						"0.2917": [-13.93, -0.65, -2.07],
						"0.3333": [-8.74, -0.42, -1.34],
						"0.375": [-3.55, -0.17, -0.54],
						"0.4167": [0, 0, 0],
						"0.4583": [0, 0, 0]
					}
				},
				"qunzi_q": {
					"rotation": {
						"0.0": [0, 0, 0],
						"0.125": [-32.5, 0, 0],
						"0.2917": [0, 0, 0],
						"0.4167": [0, 0, 0]
					}
				}
			}
		},
		"sneak": {
			"loop": true,
			"animation_length": 1.04167,
			"bones": {
				"RightArm": {
					"rotation": {
						"0.0": {
							"post": [-125, 10, -12.5],
							"lerp_mode": "catmullrom"
						},
						"0.5": {
							"post": [-87.5, 10, -12.5],
							"lerp_mode": "catmullrom"
						},
						"1.0": {
							"post": [-125, 10, -12.5],
							"lerp_mode": "catmullrom"
						}
					},
					"position": {
						"0.0": {
							"post": [0.775, 2.075, 1.275],
							"lerp_mode": "catmullrom"
						},
						"0.5": {
							"post": [0.775, 2.075, 1.275],
							"lerp_mode": "catmullrom"
						},
						"1.0": {
							"post": [0.775, 2.075, 1.275],
							"lerp_mode": "catmullrom"
						}
					}
				},
				"LeftArm": {
					"rotation": {
						"0.0": {
							"post": [-90, -11.25, 10],
							"lerp_mode": "catmullrom"
						},
						"0.5": {
							"post": [-122.5, -11.25, 10],
							"lerp_mode": "catmullrom"
						},
						"1.0": {
							"post": [-90, -11.25, 10],
							"lerp_mode": "catmullrom"
						}
					},
					"position": {
						"0.0": {
							"post": [-0.9, 2.125, 1.175],
							"lerp_mode": "catmullrom"
						},
						"0.5": {
							"post": [-0.9, 2.125, 1.175],
							"lerp_mode": "catmullrom"
						},
						"1.0": {
							"post": [-0.9, 2.125, 1.175],
							"lerp_mode": "catmullrom"
						}
					}
				},
				"leftarm2": {
					"rotation": {
						"0.0": [37.5, 0, 0],
						"1.0": [37.5, 0, 0]
					}
				},
				"leftlarm3": {
					"rotation": {
						"0.0": [-85, 0, 100],
						"1.0": [-85, 0, 100]
					}
				},
				"Rightarm2": {
					"rotation": {
						"0.0": {
							"post": [32.5, 0, 0],
							"lerp_mode": "catmullrom"
						},
						"1.0": {
							"post": [32.5, 0, 0],
							"lerp_mode": "catmullrom"
						}
					},
					"position": {
						"0.0": {
							"post": [0, -0.325, 0],
							"lerp_mode": "catmullrom"
						},
						"1.0": {
							"post": [0, -0.325, 0],
							"lerp_mode": "catmullrom"
						}
					}
				},
				"Rightarm3": {
					"rotation": {
						"0.0": [-85, 0, -95],
						"1.0": [-85, 0, -95]
					}
				},
				"Root": {
					"rotation": [90, 0, 0],
					"position": [0, 8.75, 11]
				},
				"face": {
					"rotation": {
						"0.0": [-89.75, 0, 0],
						"1.0": [-89.75, 0, 0]
					},
					"position": {
						"0.0": [0, 3.175, 1.35],
						"1.0": [0, 3.175, 1.35]
					}
				},
				"RIGHTEYE": {
					"position": {
						"0.0": [0, 0.37192, 0.07573],
						"1.0": [0, 0.37192, 0.07573]
					},
					"scale": {
						"0.0": [1.2225, 1.5375, 1],
						"1.0": [1.2225, 1.5375, 1]
					}
				},
				"bone": {
					"position": {
						"0.0": [-0.8, -0.025, -0.00011],
						"1.0": [-0.8, -0.025, -0.00011]
					},
					"scale": {
						"0.0": [1, 0.85, 1],
						"1.0": [1, 0.85, 1]
					}
				},
				"LEFTEYE": {
					"position": {
						"0.0": [-0.025, 0.47192, 0.07617],
						"1.0": [-0.025, 0.47192, 0.07617]
					},
					"scale": {
						"0.0": [1.2225, 1.5375, 1],
						"1.0": [1.2225, 1.5375, 1]
					}
				},
				"bone2": {
					"position": {
						"0.0": [0.875, -0.025, -0.00011],
						"1.0": [0.875, -0.025, -0.00011]
					},
					"scale": {
						"0.0": [1, 0.8425, 1],
						"1.0": [1, 0.8425, 1]
					}
				},
				"youmeimao": {
					"position": {
						"0.0": [0, -0.04708, 0.59815],
						"1.0": [0, -0.04708, 0.59815]
					}
				},
				"zuomeimao": {
					"position": {
						"0.0": [0, -0.04119, 0.52338],
						"1.0": [0, -0.04119, 0.52338]
					}
				},
				"maozi": {
					"position": {
						"0.0": [0, -2.625, 0],
						"1.0": [0, -2.625, 0]
					},
					"scale": {
						"0.0": [0.4975, 0.075, 0.475],
						"1.0": [0.4975, 0.075, 0.475]
					}
				},
				"bone3": {
					"position": [0, 0, 2]
				},
				"Righttui": {
					"rotation": {
						"0.0": [-52.5, 0, 0],
						"0.5": [-107.5, 0, 0],
						"1.0": [-52.5, 0, 0]
					},
					"position": {
						"0.0": [0, 1, 0],
						"1.0": [0, 1, 0]
					}
				},
				"jiao": {
					"scale": {
						"0.0": [0.9525, 1, 0.8075],
						"1.0": [0.9525, 1, 0.8075]
					}
				},
				"Lefttui": {
					"rotation": {
						"0.0": [-115, 0, 0],
						"0.5": [-72.5, 0, 0],
						"1.0": [-115, 0, 0]
					},
					"position": {
						"0.0": [0, 1, 0],
						"1.0": [0, 1, 0]
					}
				},
				"jiao2": {
					"scale": {
						"0.0": [0.9525, 1, 0.8075],
						"1.0": [0.9525, 1, 0.8075]
					}
				},
				"weiba": {
					"rotation": {
						"0.0": [-22.5, 0, 0],
						"1.0": [-22.5, 0, 0]
					}
				}
			}
		},
		"sneaking": {
			"loop": true,
			"bones": {
				"RightArm": {
					"rotation": [-110, 10, -12.5],
					"position": [0.775, 2.075, 1.275]
				},
				"LeftArm": {
					"rotation": [-105, -11.25, 10],
					"position": [-0.9, 2.125, 1.175]
				},
				"leftarm2": {
					"rotation": [37.5, 0, 0]
				},
				"leftlarm3": {
					"rotation": [-85, 0, 100]
				},
				"Rightarm2": {
					"rotation": [32.5, 0, 0],
					"position": [0, -0.325, 0]
				},
				"Rightarm3": {
					"rotation": [-85, 0, -95]
				},
				"Root": {
					"rotation": [90, 0, 0],
					"position": [0, 8.75, 11]
				},
				"face": {
					"rotation": [-89.75, 0, 0],
					"position": [0, 3.175, 1.35]
				},
				"RIGHTEYE": {
					"position": [0, 0.37192, 0.07573],
					"scale": [1.2225, 1.5375, 1]
				},
				"bone": {
					"position": [-0.8, -0.025, -0.00011],
					"scale": [1, 0.85, 1]
				},
				"LEFTEYE": {
					"position": [-0.025, 0.47192, 0.07617],
					"scale": [1.2225, 1.5375, 1]
				},
				"bone2": {
					"position": [0.875, -0.025, -0.00011],
					"scale": [1, 0.8425, 1]
				},
				"youmeimao": {
					"position": [0, -0.04708, 0.59815]
				},
				"zuomeimao": {
					"position": [0, -0.04119, 0.52338]
				},
				"maozi": {
					"position": [0, -2.625, 0],
					"scale": [0.4975, 0.075, 0.475]
				},
				"bone3": {
					"position": [0, 0, 2]
				},
				"Righttui": {
					"rotation": [-87.5, 0, 0],
					"position": [0, 1, 0]
				},
				"jiao": {
					"scale": [0.9525, 1, 0.8075]
				},
				"Lefttui": {
					"rotation": [-87.5, 0, 0],
					"position": [0, 1, 0]
				},
				"jiao2": {
					"scale": [0.9525, 1, 0.8075]
				},
				"weiba": {
					"rotation": [-22.5, 0, 0]
				}
			}
		},
		"swim": {
			"loop": true,
			"animation_length": 1,
			"bones": {
				"RightArm": {
					"rotation": {
						"0.0": [-147.5, 65, 0],
						"0.5417": [-32.5, 65, 0],
						"0.7917": [-95.23, 112.5, -22.5],
						"1.0": [-147.5, 65, 0]
					}
				},
				"LeftArm": {
					"rotation": {
						"0.0": [-17.5, -70, 0],
						"0.25": [-88.41, -119.32, 0],
						"0.4583": [-147.5, -55, 0],
						"1.0": [-17.5, -70, 0]
					}
				},
				"leftarm2": {
					"rotation": {
						"0.0": [17.5, 0, 0],
						"0.5417": [-95, 0, 0],
						"1.0": [17.5, 0, 0]
					}
				},
				"Rightarm2": {
					"rotation": {
						"0.0": {
							"post": [-95, 0, 0],
							"lerp_mode": "catmullrom"
						},
						"0.4583": {
							"post": [17.5, 0, 0],
							"lerp_mode": "catmullrom"
						},
						"1.0": {
							"post": [-95, 0, 0],
							"lerp_mode": "catmullrom"
						}
					}
				},
				"Root": {
					"rotation": {
						"0.0": {
							"post": [30, 0, 0],
							"lerp_mode": "catmullrom"
						}
					}
				},
				"Righttui": {
					"rotation": {
						"0.0": {
							"post": [17.5, 0, 0],
							"lerp_mode": "catmullrom"
						},
						"0.5": {
							"post": [-12.5, 0, 0],
							"lerp_mode": "catmullrom"
						},
						"1.0": {
							"post": [17.5, 0, 0],
							"lerp_mode": "catmullrom"
						}
					}
				},
				"jiao": {
					"rotation": {
						"0.0": {
							"post": [67.5, 0, 0],
							"lerp_mode": "catmullrom"
						},
						"1.0": {
							"post": [67.5, 0, 0],
							"lerp_mode": "catmullrom"
						}
					}
				},
				"Lefttui": {
					"rotation": {
						"0.0": {
							"post": [-2.5, 0, 0],
							"lerp_mode": "catmullrom"
						},
						"0.5": {
							"post": [20, 0, 0],
							"lerp_mode": "catmullrom"
						},
						"1.0": {
							"post": [-2.5, 0, 0],
							"lerp_mode": "catmullrom"
						}
					}
				},
				"jiao2": {
					"rotation": {
						"0.0": {
							"post": [57.5, 0, 0],
							"lerp_mode": "catmullrom"
						},
						"1.0": {
							"post": [57.5, 0, 0],
							"lerp_mode": "catmullrom"
						}
					}
				},
				"weiba": {
					"rotation": {
						"0.0": {
							"post": [-35, 0, 0],
							"lerp_mode": "catmullrom"
						},
						"0.25": {
							"post": [-47.5, 0, 0],
							"lerp_mode": "catmullrom"
						},
						"0.5": {
							"post": [-35, 0, 0],
							"lerp_mode": "catmullrom"
						},
						"0.75": {
							"post": [-47.5, 0, 0],
							"lerp_mode": "catmullrom"
						},
						"1.0": {
							"post": [-35, 0, 0],
							"lerp_mode": "catmullrom"
						}
					}
				}
			}
		},
		"sit": {
			"loop": true,
			"bones": {
				"UpBody": {
					"rotation": [15, 0, 0],
					"position": [0, 0, 0]
				},
				"UpperBody": {
					"rotation": [0, 0, 0],
					"position": [0, 0, 0]
				},
				"RightArm": {
					"rotation": [-3.659, 1.42746, 0.67731],
					"position": [0, 0, 0]
				},
				"LeftForeArm": {
					"rotation": [-60.94031, 19.61291, -8.71337],
					"position": [0, 0, 0]
				},
				"LeftArm": {
					"rotation": [7.18291, -1.66178, -0.84426],
					"position": [0, 0, 0]
				},
				"RightForeArm": {
					"rotation": [-47.5, 0, 0],
					"position": [0, 0, 0]
				},
				"LeftLeg": {
					"rotation": [-142.5, 0, 0],
					"position": [0, 0, 0]
				},
				"LeftLowerLeg": {
					"rotation": [105, 0, 0],
					"position": [0, 0, 0]
				},
				"LeftFoot": {
					"rotation": [37.5, 0, 0],
					"position": [0, 0, 0]
				},
				"RightLeg": {
					"rotation": [-127.5, 0, 0],
					"position": [0, 0, 0]
				},
				"RightLowerLeg": {
					"rotation": [75, 0, 0],
					"position": [0, 0, 0]
				},
				"RightFoot": {
					"rotation": [55, 0, 0],
					"position": [0, 0, 0]
				},
				"AllBody": {
					"rotation": [0, 0, 0],
					"position": [0, 0, 0],
					"scale": 1
				},
				"AllHead": {
					"rotation": [0, 0, 0],
					"position": [0, 0, 0]
				},
				"qunzi_q": {
					"rotation": [-97.5, 0, 0]
				},
				"qunzi_h": {
					"rotation": [-22.5, 0, 0]
				},
				"leftarm2": {
					"rotation": [32.5, 0, 0]
				},
				"Rightarm2": {
					"rotation": [30, 0, 0]
				},
				"Root": {
					"position": [0, 10, -7]
				},
				"Righttui": {
					"rotation": [-40, 0, 0]
				},
				"tui3": {
					"rotation": [12.5, 0, 0]
				},
				"jiao": {
					"rotation": [27.5, 0, 0]
				},
				"Lefttui": {
					"rotation": [-35, 0, 0]
				},
				"jiao2": {
					"rotation": [35, 0, 0]
				}
			}
		},
		"ride": {
			"loop": true,
			"animation_length": 0.375,
			"bones": {
				"RightArm": {
					"rotation": [-3.659, 1.42746, 0.67731],
					"position": [0, 0, 0]
				},
				"LeftArm": {
					"rotation": [7.18291, -1.66178, -0.84426],
					"position": [0, 0, 0]
				},
				"leftarm2": {
					"rotation": [32.5, 0, 0]
				},
				"Rightarm2": {
					"rotation": [30, 0, 0]
				},
				"Root": {
					"position": [0, 10, -7]
				},
				"Righttui": {
					"rotation": [-40, 0, 0]
				},
				"tui3": {
					"rotation": [12.5, 0, 0]
				},
				"jiao": {
					"rotation": [27.5, 0, 0]
				},
				"Lefttui": {
					"rotation": [-35, 0, 0]
				},
				"jiao2": {
					"rotation": [35, 0, 0]
				}
			}
		},
		"ride_pig": {
			"loop": true,
			"animation_length": 0.375,
			"bones": {
				"RightArm": {
					"rotation": [-3.659, 1.42746, 0.67731],
					"position": [0, 0, 0]
				},
				"LeftArm": {
					"rotation": [7.18291, -1.66178, -0.84426],
					"position": [0, 0, 0]
				},
				"leftarm2": {
					"rotation": [32.5, 0, 0]
				},
				"Rightarm2": {
					"rotation": [30, 0, 0]
				},
				"Root": {
					"position": [0, 10, -7]
				},
				"Righttui": {
					"rotation": [-40, 0, 0]
				},
				"tui3": {
					"rotation": [12.5, 0, 0]
				},
				"jiao": {
					"rotation": [27.5, 0, 0]
				},
				"Lefttui": {
					"rotation": [-35, 0, 0]
				},
				"jiao2": {
					"rotation": [35, 0, 0]
				}
			}
		},
		"sleep": {
			"loop": true,
			"animation_length": 0.375,
			"bones": {
				"UpBody": {
					"rotation": [1.91388, -20.06196, -12.39768],
					"position": [0, 0, 0]
				},
				"UpperBody": {
					"rotation": [10, 0, 0],
					"position": [0, 0, 0]
				},
				"RightArm": {
					"rotation": [-81.64326, -26.07008, 19.86445],
					"position": [0, 0, 0]
				},
				"LeftForeArm": {
					"rotation": [-47.5, 0, 0],
					"position": [0, 0, 0]
				},
				"LeftArm": {
					"rotation": [-65, 0, 0],
					"position": [0, 0, 0]
				},
				"RightForeArm": {
					"rotation": [-47.5, 0, 0],
					"position": [0, 0, 0]
				},
				"LeftLeg": {
					"rotation": [-10, 12.5, 7.5],
					"position": [0, 0, 1]
				},
				"LeftLowerLeg": {
					"rotation": [50, 0, 0],
					"position": [0, 0, 0]
				},
				"LeftFoot": {
					"rotation": [32.59907, -4.21541, -2.69136],
					"position": [0, 0, 0]
				},
				"RightLeg": {
					"rotation": [-72.56255, 1.50179, -4.76968],
					"position": [0, 0, 1]
				},
				"RightLowerLeg": {
					"rotation": [82.5, 0, 0],
					"position": [0, 0, 0]
				},
				"RightFoot": {
					"rotation": [0, 7.5, 0],
					"position": [0, 0, 0]
				},
				"AllBody": {
					"rotation": [0, 0, 0],
					"position": [0, 0, 0],
					"scale": 1
				},
				"AllHead": {
					"rotation": [0, 0, 0],
					"position": [0, 0, 0]
				},
				"Eye_main": {
					"position": [0, 0, 0]
				},
				"RightEyelid": {
					"scale": 0
				},
				"RightEyelidBase": {
					"scale": 0
				},
				"LeftEyelid": {
					"scale": 0
				},
				"LeftEyelidBase": {
					"scale": 0
				},
				"RightPupil2": {
					"scale": 0
				},
				"DownBody": {
					"rotation": [-30, 0, 0]
				}
			}
		},
		"fly": {
			"loop": true,
			"animation_length": 1,
			"bones": {
				"RightArm": {
					"rotation": {
						"0.0": {
							"post": [0, -40, 70],
							"lerp_mode": "catmullrom"
						},
						"0.4167": {
							"post": [7.5, -40, 70],
							"lerp_mode": "catmullrom"
						},
						"0.75": {
							"post": [0, -40, 70],
							"lerp_mode": "catmullrom"
						}
					}
				},
				"LeftArm": {
					"rotation": {
						"0.0": {
							"post": [0, 45, -65],
							"lerp_mode": "catmullrom"
						},
						"0.4167": {
							"post": [7.5, 45, -65],
							"lerp_mode": "catmullrom"
						},
						"0.75": {
							"post": [0, 45, -65],
							"lerp_mode": "catmullrom"
						}
					}
				},
				"jiao": {
					"rotation": {
						"0.0": {
							"post": [2.5, 0, 0],
							"lerp_mode": "catmullrom"
						},
						"0.4167": {
							"post": [10, 0, 0],
							"lerp_mode": "catmullrom"
						},
						"0.75": {
							"post": [2.5, 0, 0],
							"lerp_mode": "catmullrom"
						}
					}
				},
				"jiao2": {
					"rotation": {
						"0.0": {
							"post": [0, 0, 0],
							"lerp_mode": "catmullrom"
						},
						"0.4167": {
							"post": [10, 0, 0],
							"lerp_mode": "catmullrom"
						},
						"0.75": {
							"post": [0, 0, 0],
							"lerp_mode": "catmullrom"
						}
					}
				},
				"Righttui": {
					"rotation": {
						"0.0": {
							"post": [-15, 0, 0],
							"lerp_mode": "catmullrom"
						},
						"0.3333": {
							"post": [-2.5, 0, 0],
							"lerp_mode": "catmullrom"
						},
						"0.75": {
							"post": [-15, 0, 0],
							"lerp_mode": "catmullrom"
						}
					}
				},
				"tui3": {
					"rotation": {
						"0.0": {
							"post": [25, 0, 0],
							"lerp_mode": "catmullrom"
						},
						"0.3333": {
							"post": [2.5, 0, 0],
							"lerp_mode": "catmullrom"
						},
						"0.75": {
							"post": [25, 0, 0],
							"lerp_mode": "catmullrom"
						}
					}
				},
				"Lefttui": {
					"rotation": {
						"0.0": {
							"post": [2.5, 0, 0],
							"lerp_mode": "catmullrom"
						},
						"0.4167": {
							"post": [0, 0, 0],
							"lerp_mode": "catmullrom"
						},
						"0.75": {
							"post": [2.5, 0, 0],
							"lerp_mode": "catmullrom"
						}
					}
				},
				"tui2": {
					"rotation": {
						"0.0": {
							"post": [10, 0, 0],
							"lerp_mode": "catmullrom"
						},
						"0.4167": {
							"post": [2.5, 0, 0],
							"lerp_mode": "catmullrom"
						},
						"0.75": {
							"post": [10, 0, 0],
							"lerp_mode": "catmullrom"
						}
					}
				}
			}
		},
		"swim_stand": {
			"loop": true,
			"animation_length": 1,
			"bones": {
				"RightArm": {
					"rotation": {
						"0.0": {
							"post": [-27.5, 0, 65],
							"lerp_mode": "catmullrom"
						},
						"0.4167": {
							"post": [0, 0, 65],
							"lerp_mode": "catmullrom"
						},
						"1.0": {
							"post": [-27.5, 0, 65],
							"lerp_mode": "catmullrom"
						}
					}
				},
				"LeftArm": {
					"rotation": {
						"0.0": {
							"post": [-25, 0, -57.5],
							"lerp_mode": "catmullrom"
						},
						"0.4167": {
							"post": [10, 0, -57.5],
							"lerp_mode": "catmullrom"
						},
						"1.0": {
							"post": [-25, 0, -57.5],
							"lerp_mode": "catmullrom"
						}
					}
				},
				"leftarm2": {
					"rotation": {
						"0.0": {
							"post": [2.5, 0, 0],
							"lerp_mode": "catmullrom"
						},
						"0.625": {
							"post": [22.5, 0, 0],
							"lerp_mode": "catmullrom"
						},
						"1.0": {
							"post": [2.5, 0, 0],
							"lerp_mode": "catmullrom"
						}
					}
				},
				"Rightarm2": {
					"rotation": {
						"0.0": {
							"post": [2.5, 0, 0],
							"lerp_mode": "catmullrom"
						},
						"0.625": {
							"post": [22.5, 0, 0],
							"lerp_mode": "catmullrom"
						},
						"1.0": {
							"post": [2.5, 0, 0],
							"lerp_mode": "catmullrom"
						}
					}
				}
			}
		},
		"boat": {
			"loop": true,
			"animation_length": 0.375,
			"bones": {
				"UpBody": {
					"rotation": [105, 0, 0],
					"position": [0, 0, 0]
				},
				"UpperBody": {
					"rotation": [15, 0, 0],
					"position": [0, 0, 0]
				},
				"RightArm": {
					"rotation": [-3.659, 1.42746, 0.67731],
					"position": [0, 0, 0]
				},
				"LeftForeArm": {
					"rotation": [-15, 0, 0],
					"position": [0, 0, 0]
				},
				"LeftArm": {
					"rotation": [7.18291, -1.66178, -0.84426],
					"position": [0, 0, 0]
				},
				"RightForeArm": {
					"rotation": [-17.5, 0, 0],
					"position": [0, 0, 0]
				},
				"LeftLeg": {
					"rotation": [-116.94935, -9.53966, 79.25409],
					"position": [0, 0, 0]
				},
				"LeftLowerLeg": {
					"rotation": [134.04816, -1.3847, 6.57942],
					"position": [0, 0, 0]
				},
				"LeftFoot": {
					"rotation": [35, 0, 0],
					"position": [0, 0, 0]
				},
				"RightLeg": {
					"rotation": [-126.38356, 19.6835, -79.37242],
					"position": [0, 0, 0]
				},
				"RightLowerLeg": {
					"rotation": [125.02687, -1.91486, -1.60757],
					"position": [0, 0, 0]
				},
				"RightFoot": {
					"rotation": [40, 0, 0],
					"position": [0, 0, 0]
				},
				"AllBody": {
					"rotation": [0, 0, 0],
					"position": [0, -20, -18],
					"scale": 1
				},
				"AllHead": {
					"rotation": [0, 0, 0],
					"position": [0, 0, 0]
				},
				"DownBody": {
					"rotation": [70, 0, 0]
				},
				"rightSole": {
					"rotation": [0, 0, 0]
				},
				"qunzi_q": {
					"rotation": [-62.5, 0, 0]
				},
				"leftarm2": {
					"rotation": [32.5, 0, 0]
				},
				"Rightarm2": {
					"rotation": [30, 0, 0]
				}
			}
		},
		"climbing": {
			"loop": true,
			"bones": {
				"UpBody": {
					"rotation": [0, 0, 0],
					"position": [0, 0, 0]
				},
				"UpperBody": {
					"rotation": [0, 0, 0],
					"position": [0, 0, 0]
				},
				"RightArm": {
					"rotation": [-110, 10, -12.5],
					"position": [0.775, 2.075, 1.275]
				},
				"LeftForeArm": {
					"rotation": [0, 0, -60],
					"position": [0, 0, 0]
				},
				"LeftArm": {
					"rotation": [-105, -11.25, 10],
					"position": [-0.9, 2.125, 1.175]
				},
				"RightForeArm": {
					"rotation": [0, 0, 60],
					"position": [0, 0, 0]
				},
				"LeftLeg": {
					"rotation": [0, 0, 0],
					"position": [0, 0, 0]
				},
				"LeftLowerLeg": {
					"rotation": [0, 0, 0],
					"position": [0, 0, 0]
				},
				"LeftFoot": {
					"rotation": [45, 0, 0],
					"position": [0, 0, 0]
				},
				"RightLeg": {
					"rotation": [0, 0, 0],
					"position": [0, 0, 0]
				},
				"RightLowerLeg": {
					"rotation": [0, 0, 0],
					"position": [0, 0, 0]
				},
				"RightFoot": {
					"rotation": [45, 0, 0],
					"position": [0, 0, 0]
				},
				"AllBody": {
					"rotation": [0, 0, 0],
					"position": [0, 0, 0],
					"scale": 1
				},
				"AllHead": {
					"rotation": [0, 0, 0],
					"position": [0, 0, 0]
				},
				"LeftMawei4": {
					"rotation": [92.5, 0, 0]
				},
				"Root": {
					"rotation": [90, 0, 0],
					"position": [0, 8.75, 11],
					"scale": 1
				},
				"head": {
					"rotation": [-90, 0, 0],
					"position": [0, 0, 0]
				},
				"leftarm2": {
					"rotation": [37.5, 0, 0]
				},
				"leftlarm3": {
					"rotation": [-85, 0, 100]
				},
				"Rightarm2": {
					"rotation": [32.5, 0, 0],
					"position": [0, -0.325, 0]
				},
				"Rightarm3": {
					"rotation": [-85, 0, -95]
				},
				"face": {
					"rotation": [1, 0, 0],
					"position": [0, -2.825, -2.15]
				},
				"RIGHTEYE": {
					"position": [0, 0.37192, 0.07573],
					"scale": [1.2225, 1.5375, 1]
				},
				"bone": {
					"position": [-0.8, -0.025, -0.00011],
					"scale": [1, 0.85, 1]
				},
				"LEFTEYE": {
					"position": [-0.125, 0.47192, 0.07617],
					"scale": [1.2225, 1.5375, 1]
				},
				"bone2": {
					"position": [0.875, -0.025, -0.00011],
					"scale": [1, 0.8425, 1]
				},
				"youmeimao": {
					"position": [0, -0.04708, 0.59815]
				},
				"zuomeimao": {
					"position": [0, -0.04119, 0.52338]
				},
				"maozi": {
					"position": [0, -2.625, 0],
					"scale": [0.4975, 0.075, 0.475]
				},
				"bone3": {
					"rotation": [87.5, 0, 0],
					"position": [0, -1.125, -5]
				},
				"Righttui": {
					"rotation": [-87.5, 0, 0],
					"position": [0, 1, 0]
				},
				"jiao": {
					"scale": [0.9525, 1, 0.8075]
				},
				"Lefttui": {
					"rotation": [-87.5, 0, 0],
					"position": [0, 1, 0]
				},
				"jiao2": {
					"scale": [0.9525, 1, 0.8075]
				},
				"weiba": {
					"rotation": [-22.5, 0, 0]
				}
			}
		},
		"use_righthand": {
			"animation_length": 0.25,
			"bones": {
				"LeftArm": {
					"rotation": {
						"0.0": [0, 0, 0],
						"0.125": [-85, 10, -7.5],
						"0.25": [0, 0, 0]
					}
				}
			}
		},
		"use_lefthand": {
			"animation_length": 0.33333,
			"bones": {
				"RightArm": {
					"rotation": {
						"0.0": [0, 0, 0],
						"0.1667": [-82.5, -20, 35],
						"0.3333": [0, 0, 0]
					}
				}
			}
		},
		"idle": {
			"loop": true,
			"animation_length": 1.70833,
			"bones": {
				"RightArm": {
					"rotation": {
						"0.0": {
							"post": [0, 0, 0],
							"lerp_mode": "catmullrom"
						},
						"0.8333": {
							"post": [0, 0, 7.5],
							"lerp_mode": "catmullrom"
						},
						"1.7083": {
							"post": [0, 0, 0],
							"lerp_mode": "catmullrom"
						}
					}
				},
				"LeftArm": {
					"rotation": {
						"0.0": {
							"post": [0, 0, 0],
							"lerp_mode": "catmullrom"
						},
						"0.8333": {
							"post": [0, 0, -10],
							"lerp_mode": "catmullrom"
						},
						"1.7083": {
							"post": [0, 0, 0],
							"lerp_mode": "catmullrom"
						}
					}
				}
			}
		},
		"parallel0": {
			"loop": true,
			"bones": {
				"RightArm": {
					"rotation": [0, 0, 0]
				}
			}
		},
		"parallel1": {
			"loop": true
		},
		"parallel2": {
			"loop": true
		},
		"parallel3": {
			"loop": true
		},
		"parallel4": {
			"loop": true
		},
		"parallel5": {
			"loop": true
		},
		"parallel6": {
			"loop": true
		},
		"parallel7": {
			"loop": true
		},
		"fly2": {
			"loop": true,
			"animation_length": 0.75,
			"bones": {
				"RightArm": {
					"rotation": {
						"0.0": {
							"post": [0, -40, 70],
							"lerp_mode": "catmullrom"
						},
						"0.4167": {
							"post": [7.5, -40, 70],
							"lerp_mode": "catmullrom"
						},
						"0.75": {
							"post": [0, -40, 70],
							"lerp_mode": "catmullrom"
						}
					}
				},
				"LeftArm": {
					"rotation": {
						"0.0": {
							"post": [0, 45, -65],
							"lerp_mode": "catmullrom"
						},
						"0.4167": {
							"post": [7.5, 45, -65],
							"lerp_mode": "catmullrom"
						},
						"0.75": {
							"post": [0, 45, -65],
							"lerp_mode": "catmullrom"
						}
					}
				},
				"Righttui": {
					"rotation": {
						"0.0": [-12.5, 0, 0],
						"0.4167": [-17.5, 0, 0],
						"0.75": [-12.5, 0, 0]
					}
				},
				"tui3": {
					"rotation": {
						"0.0": [47.5, 0, 0],
						"0.4167": [55, 0, 0],
						"0.75": [47.5, 0, 0]
					}
				},
				"Lefttui": {
					"rotation": {
						"0.0": [17.5, 0, 0],
						"0.4167": [15, 0, 0],
						"0.75": [17.5, 0, 0]
					}
				},
				"tui2": {
					"rotation": {
						"0.0": [-22.5, 0, 0],
						"0.75": [-22.5, 0, 0]
					}
				},
				"jiao": {
					"rotation": {
						"0.0": [10, 0, 0],
						"0.75": [10, 0, 0]
					}
				},
				"jiao2": {
					"rotation": {
						"0.0": [55, 0, 0],
						"0.75": [55, 0, 0]
					}
				}
			}
		},
		"fly3": {
			"loop": true,
			"animation_length": 0.75,
			"bones": {
				"RightArm": {
					"rotation": {
						"0.0": {
							"post": [0, -40, 70],
							"lerp_mode": "catmullrom"
						},
						"0.4167": {
							"post": [7.5, -40, 70],
							"lerp_mode": "catmullrom"
						},
						"0.75": {
							"post": [0, -40, 70],
							"lerp_mode": "catmullrom"
						}
					}
				},
				"LeftArm": {
					"rotation": {
						"0.0": {
							"post": [0, 45, -65],
							"lerp_mode": "catmullrom"
						},
						"0.4167": {
							"post": [7.5, 45, -65],
							"lerp_mode": "catmullrom"
						},
						"0.75": {
							"post": [0, 45, -65],
							"lerp_mode": "catmullrom"
						}
					}
				},
				"Righttui": {
					"rotation": {
						"0.0": [-12.5, 0, 0],
						"0.4167": [-17.5, 0, 0],
						"0.75": [-12.5, 0, 0]
					}
				},
				"tui3": {
					"rotation": {
						"0.0": [47.5, 0, 0],
						"0.4167": [55, 0, 0],
						"0.75": [47.5, 0, 0]
					}
				},
				"Lefttui": {
					"rotation": {
						"0.0": [17.5, 0, 0],
						"0.4167": [15, 0, 0],
						"0.75": [17.5, 0, 0]
					}
				},
				"tui2": {
					"rotation": {
						"0.0": [-22.5, 0, 0],
						"0.75": [-22.5, 0, 0]
					}
				},
				"jiao": {
					"rotation": {
						"0.0": [10, 0, 0],
						"0.75": [10, 0, 0]
					}
				},
				"jiao2": {
					"rotation": {
						"0.0": [55, 0, 0],
						"0.75": [55, 0, 0]
					}
				}
			}
		}
	},
	"geckolib_format_version": 2
}