{
	"format_version": "1.12.0",
	"minecraft:geometry": [
		{
			"description": {
				"identifier": "geometry.default",
				"texture_width": 128,
				"texture_height": 128,
				"visible_bounds_width": 5,
				"visible_bounds_height": 4.5,
				"visible_bounds_offset": [0, 1.75, 0]
			},
			"bones": [
				{
					"name": "Root",
					"pivot": [0, -0.45, 0]
				},
				{
					"name": "AllBody",
					"parent": "Root",
					"pivot": [0, 22.1491, 0.575]
				},
				{
					"name": "UpBody",
					"parent": "AllBody",
					"pivot": [0, 22.14907, 0],
					"cubes": [
						{"origin": [-3.05, 24.825, 0.975], "size": [6.1, 1.2, 2], "pivot": [0.05, 28.625, 0.1], "rotation": [-17.5, 0, 0], "uv": [56, 23]},
						{"origin": [-3.42, 24.42945, 0.28463], "size": [1, 1.1, 2], "pivot": [-2.6, 26.32945, 1.34463], "rotation": [-17.14022, -3.58448, -11.45964], "uv": [75, 35]},
						{"origin": [2.42, 24.42945, 0.28463], "size": [1, 1.1, 2], "pivot": [2.6, 26.32945, 1.34463], "rotation": [-17.14022, 3.58448, 11.45964], "uv": [46, 67]},
						{"origin": [-2.45, 21.125, -1.8], "size": [4.9, 4, 3], "uv": [57, 57]},
						{"origin": [-2.5, 25.21635, -0.08266], "size": [5, 1.5, 2.1], "pivot": [0, 25.89135, 0.94234], "rotation": [2.5, 0, 0], "uv": [68, 19]},
						{"origin": [-3, 22.075, 0.575], "size": [6, 2, 1.25], "pivot": [0, 23.41174, 0.35], "rotation": [12.5, 0, 0], "uv": [68, 16]},
						{"origin": [-3.3261, 21.51834, 0.5], "size": [1.075, 3, 1.3], "pivot": [0, 23.41174, 0.35], "rotation": [12.3159, -2.1539, 9.7676], "uv": [80, 37]},
						{"origin": [-3.27283, 20.65, -1.775], "size": [2, 4, 2.95], "pivot": [0.00217, 24, -0.325], "rotation": [0, 0, 10], "uv": [74, 8]},
						{"origin": [1.27283, 20.65, -1.775], "size": [2, 4, 2.95], "pivot": [-0.00217, 24, -0.325], "rotation": [0, 0, -10], "uv": [71, 73]},
						{"origin": [2.2511, 21.51834, 0.5], "size": [1.075, 3, 1.3], "pivot": [0, 23.41174, 0.35], "rotation": [12.3159, 2.1539, -9.7676], "uv": [80, 33]},
						{"origin": [-3.63046, 25.68952, 0.85], "size": [2, 1.25, 1], "pivot": [0, 27.97407, -0.125], "rotation": [2.46207, 0.43399, -9.99067], "uv": [68, 57]},
						{"origin": [1.30232, 25.32429, 0.93981], "size": [2, 1.25, 1], "pivot": [2.30232, 25.94929, 1.43981], "rotation": [1.96207, -0.43399, 9.99067], "uv": [28, 62]},
						{"origin": [0.34404, 24.50271, -1.87073], "size": [2.9, 2, 2.9], "pivot": [1.79404, 25.50271, -0.42073], "rotation": [2.48633, -0.26124, 5.99433], "uv": [77, 77]},
						{"origin": [-2.5, 24.32534, -2.00499], "size": [5, 2, 2], "pivot": [0, 26.32534, -1.55499], "rotation": [5, 0, 0], "uv": [59, 0]},
						{"origin": [-3.63046, 24.86452, -1.975], "size": [2.9, 2, 2.9], "pivot": [0, 27.89907, -0.15], "rotation": [2.46207, 0.43399, -9.99067], "uv": [77, 64]}
					]
				},
				{
					"name": "UpperBody",
					"parent": "UpBody",
					"pivot": [0, 25.04907, -0.075],
					"cubes": [
						{"origin": [-3.7, 26.95, -1.775], "size": [7.4, 4.1, 3.55], "uv": [36, 19]},
						{"origin": [-3.01989, 29.84211, -1.9], "size": [0.2, 1.625, 0.125], "pivot": [-3.13239, 30.60461, -0.1125], "rotation": [0, 0, 37], "uv": [7, 124]},
						{"origin": [1.94531, 31.02407, -1.8871], "size": [0.15, 0.15, 3.75], "pivot": [2.02031, 30.96157, 0.0004], "rotation": [0, -15, 0], "uv": [11, 119]},
						{"origin": [2.81989, 29.84211, -1.9], "size": [0.2, 1.625, 0.125], "pivot": [3.13239, 30.60461, -0.1125], "rotation": [0, 0, -37], "uv": [6, 121]},
						{"origin": [-3.7, 27.06451, -1.44977], "size": [7.4, 3.025, 3.625], "pivot": [0.77769, 35.96338, -2.88224], "rotation": [-5.25, 0, 0], "uv": [40, 26]},
						{"origin": [-3.7, 24.4, -2.3], "size": [7.4, 2.725, 4.075], "pivot": [0, 27.35, -0.225], "rotation": [4.5, 0, 0], "uv": [21, 0]},
						{"origin": [-3.695, 26.95, 1.359], "size": [7.39, 3.075, 1], "uv": [56, 47]},
						{"origin": [-3.695, 26.95, 1.584], "size": [7.39, 3.075, 0.95], "uv": [58, 43]},
						{"origin": [-3.69, 28.55, -0.1], "size": [7.38, 1, 1.25], "pivot": [-0.11, 28.5, 2.275], "rotation": [-55, 0, 0], "uv": [58, 41]},
						{"origin": [-3.1, 25.2431, -2.00476], "size": [6.2, 3, 3], "pivot": [0, 26.9431, -0.92976], "rotation": [5, 0, 0], "uv": [36, 47]},
						{"origin": [-3.1, 25.24433, 1.28267], "size": [6.2, 2, 1], "pivot": [0, 26.32923, 1.50267], "rotation": [-12.5, 0, 0], "uv": [66, 38]},
						{"origin": [-3.43083, 25.88676, 0.22267], "size": [1, 2.1, 2], "pivot": [0, 26.32923, 1.50267], "rotation": [-12.23516, -2.5792, -11.72352], "uv": [18, 78]},
						{"origin": [2.43083, 25.88676, 0.22267], "size": [1, 2.1, 2], "pivot": [0, 26.32923, 1.50267], "rotation": [-12.23516, 2.5792, 11.72352], "uv": [12, 78]},
						{"origin": [-3.73046, 25.86452, -1.95], "size": [3, 2, 3], "pivot": [0, 27.89907, -0.075], "rotation": [2.46207, 0.43399, -9.99067], "uv": [67, 51]},
						{"origin": [0.73046, 25.86452, -1.95], "size": [3, 2, 3], "pivot": [0, 27.89907, -0.075], "rotation": [2.46207, -0.43399, 9.99067], "uv": [37, 67]},
						{"origin": [-2.09531, 31.02407, -1.8871], "size": [0.15, 0.15, 3.75], "pivot": [-2.02031, 30.96157, 0.0004], "rotation": [0, 15, 0], "uv": [11, 119]},
						{"origin": [0.21169, 31.02407, -0.04013], "size": [0.15, 0.15, 3.225], "pivot": [0.26169, 31.09907, 1.83487], "rotation": [0, 89.5, 0], "uv": [11, 119]},
						{"origin": [4.66438, 17.3508, -2.43384], "size": [1.675, 3.6, 0.275], "pivot": [4.38938, 21.38205, -2.37134], "rotation": [-18.59348, -71.06372, 9.05546], "uv": [4, 64]},
						{"origin": [4.56474, 17.33103, 0.09365], "size": [1.675, 3.6, 0.275], "pivot": [5.55224, 19.03103, 0.08115], "rotation": [-12.6346, -82.39687, 2.54036], "uv": [67, 89]},
						{"origin": [4.59081, 17.34359, 1.87662], "size": [1.675, 3.6, 0.275], "pivot": [5.60331, 19.09359, 1.71412], "rotation": [172.23433, -80.33568, 178.16923], "uv": [57, 26]},
						{"origin": [3.68049, 17.29784, 3.03294], "size": [1.425, 0.975, 0.275], "pivot": [4.51799, 19.09784, 3.17044], "rotation": [170.80111, -44.18437, -177.70964], "uv": [0, 0]},
						{"origin": [4.08049, 17.29784, 3.03294], "size": [0.975, 3.85, 0.275], "pivot": [4.51799, 19.09784, 3.17044], "rotation": [170.80111, -44.18437, -177.70964], "uv": [43, 56]},
						{"origin": [3.88574, 21.08794, 2.73997], "size": [0.8, 4.1, 0.275], "pivot": [4.19824, 23.01294, 2.75247], "rotation": [166.80111, -44.18437, -177.70964], "uv": [48, 62]},
						{"origin": [4.51464, 17.28658, 2.85856], "size": [0.8, 4.05, 0.275], "pivot": [5.10214, 19.08658, 2.84606], "rotation": [176.78538, -66.1393, 173.45282], "uv": [41, 57]},
						{"origin": [3.94201, 21.23704, 2.53009], "size": [0.8, 4.05, 0.275], "pivot": [4.34201, 23.26204, 2.51759], "rotation": [172.78538, -66.1393, 173.45282], "uv": [67, 89]},
						{"origin": [-5.10549, 17.29784, 3.03294], "size": [1.425, 0.975, 0.275], "pivot": [-4.51799, 19.09784, 3.17044], "rotation": [170.80111, 44.18437, 177.70964], "uv": [0, 0]},
						{"origin": [-5.05549, 17.29784, 3.03294], "size": [0.975, 3.85, 0.275], "pivot": [-4.51799, 19.09784, 3.17044], "rotation": [170.80111, 44.18437, 177.70964], "uv": [48, 62]},
						{"origin": [-5.31464, 17.28658, 2.85856], "size": [0.8, 4.05, 0.275], "pivot": [-5.10214, 19.08658, 2.84606], "rotation": [176.78538, 66.1393, -173.45282], "uv": [44, 56]},
						{"origin": [-4.68574, 21.08794, 2.73997], "size": [0.8, 4.1, 0.275], "pivot": [-4.19824, 23.01294, 2.75247], "rotation": [166.80111, 44.18437, 177.70964], "uv": [52, 63]},
						{"origin": [-4.74201, 21.23704, 2.53009], "size": [0.8, 4.05, 0.275], "pivot": [-4.34201, 23.26204, 2.51759], "rotation": [172.78538, 66.1393, -173.45282], "uv": [51, 61]},
						{"origin": [4.39981, 20.75308, 0.5292], "size": [1.675, 4.4, 0.275], "pivot": [4.51306, 22.60832, 0.93133], "rotation": [172.23433, -80.33568, 176.66923], "uv": [67, 89]},
						{"origin": [2.92969, 20.75028, 0.51804], "size": [1.675, 4.4, 0.275], "pivot": [4.51306, 22.60832, 0.93133], "rotation": [-12.6346, -82.39687, 1.04036], "uv": [48, 83]},
						{"origin": [1.48123, 20.61089, 0.26658], "size": [1.675, 4.4, 0.275], "pivot": [4.51306, 22.60832, 0.93133], "rotation": [-18.59348, -71.06372, 7.55546], "uv": [83, 49]},
						{"origin": [2.20463, 25.15028, 0.41805], "size": [1.675, 2.8, 1.025], "pivot": [3.788, 26.05869, 0.93133], "rotation": [-0.6346, -82.39687, 1.04036], "uv": [52, 82]},
						{"origin": [3.6972, 25.1437, 2.00772], "size": [1.675, 2.8, 1], "pivot": [4.5347, 26.5437, 1.77022], "rotation": [-178.18278, -87.35134, 178.59606], "uv": [82, 41]},
						{"origin": [0.52963, 25.15028, 0.44305], "size": [1.675, 5.925, 0.725], "pivot": [3.788, 26.05869, 0.93133], "rotation": [-0.6346, -82.39687, 1.04036], "uv": [120, 64]},
						{"origin": [-3.15623, 20.61089, 0.26658], "size": [1.675, 4.4, 0.275], "pivot": [-4.51306, 22.60832, 0.93133], "rotation": [-18.59348, 71.06372, -7.55546], "uv": [36, 46]},
						{"origin": [-4.60469, 20.75028, 0.51804], "size": [1.675, 4.4, 0.275], "pivot": [-4.51306, 22.60832, 0.93133], "rotation": [-12.6346, 82.39687, -1.04036], "uv": [66, 10]},
						{"origin": [-6.07481, 20.75308, 0.5292], "size": [1.675, 4.4, 0.275], "pivot": [-4.51306, 22.60832, 0.93133], "rotation": [172.23433, 80.33568, -176.66923], "uv": [67, 89]},
						{"origin": [-5.3722, 25.1437, 2.00772], "size": [1.675, 2.8, 1], "pivot": [-4.5347, 26.5437, 1.77022], "rotation": [-178.18278, 87.35134, -178.59606], "uv": [67, 89]},
						{"origin": [-3.87963, 25.15028, 0.41805], "size": [1.675, 2.8, 1.025], "pivot": [-3.788, 26.05869, 0.93133], "rotation": [-0.6346, 82.39687, -1.04036], "uv": [20, 82]},
						{"origin": [-2.20463, 25.15028, 0.44305], "size": [1.675, 6.025, 0.725], "pivot": [-3.788, 26.05869, 0.93133], "rotation": [-0.6346, 82.39687, -1.04036], "uv": [126, 64]}
					]
				},
				{
					"name": "AllHead",
					"parent": "UpperBody",
					"pivot": [0, 31, 0],
					"cubes": [
						{"origin": [-1.5, 30.65, -1.275], "size": [3, 2, 3], "uv": [67, 26]}
					]
				},
				{
					"name": "Head",
					"parent": "AllHead",
					"pivot": [0, 31.95, -0.5],
					"cubes": [
						{"origin": [-3.5, 31.95, -4], "size": [7, 7, 7], "uv": [0, 0]},
						{"origin": [1.83319, 32.85, -1.83132], "size": [3, 3, 1], "pivot": [3.73319, 34.55, -1.33132], "rotation": [-3.2993, -22.26923, 8.64954], "uv": [0, 78]},
						{"origin": [-4.83319, 32.85, -1.83132], "size": [3, 3, 1], "pivot": [-3.73319, 34.55, -1.33132], "rotation": [-3.2993, 22.26923, -8.64954], "uv": [77, 71]}
					]
				},
				{
					"name": "Face",
					"parent": "Head",
					"pivot": [0, 33.9, 0]
				},
				{
					"name": "Eyes",
					"parent": "Face",
					"pivot": [0, 33.95, -0.5]
				},
				{
					"name": "Eyelid",
					"parent": "Eyes",
					"pivot": [0, 33.95, -0.5]
				},
				{
					"name": "RightEyelid",
					"parent": "Eyelid",
					"pivot": [-2.5, 33.15, -3.525],
					"cubes": [
						{"origin": [-3.5, 32.94, -4.025], "size": [2, 2.02, 1], "uv": [16, 62]}
					]
				},
				{
					"name": "RightEyelidBase",
					"parent": "RightEyelid",
					"pivot": [-2.325, 33.95, -3.575],
					"cubes": [
						{"origin": [-3.025, 32.95, -4.075], "size": [1.4, 2, 1], "uv": [83, 44]}
					]
				},
				{
					"name": "RightPupil",
					"parent": "RightEyelidBase",
					"pivot": [-2.3275, 33.9375, -3.6075],
					"cubes": [
						{"origin": [-2.505, 33.76, -4.12], "size": [0.35, 0.63, 1], "uv": [121, 107]},
						{"origin": [-2.575, 33.66, -4.095], "size": [0.5, 0.8, 1], "uv": [122, 121]}
					]
				},
				{
					"name": "RightEyesDot",
					"parent": "RightEyelidBase",
					"pivot": [-4.82, 33.7925, -3.9925],
					"cubes": [
						{"origin": [-3.15, 33.85, -4.1], "size": [0.46, 0.25, 0.2], "uv": [6, 122]},
						{"origin": [-3.025, 32.96, -4.085], "size": [1.4, 0.45, 0.2], "uv": [121, 99]}
					]
				},
				{
					"name": "LeftEyelid",
					"parent": "Eyelid",
					"pivot": [2.5, 33.15, -3.525],
					"cubes": [
						{"origin": [1.5, 32.94, -4.025], "size": [2, 2.02, 1], "uv": [31, 53]}
					]
				},
				{
					"name": "LeftEyelidBase",
					"parent": "LeftEyelid",
					"pivot": [2.325, 33.95, -3.575],
					"cubes": [
						{"origin": [1.625, 32.95, -4.075], "size": [1.4, 2, 1], "uv": [44, 83]}
					]
				},
				{
					"name": "LeftPupil",
					"parent": "LeftEyelidBase",
					"pivot": [2.3275, 33.9375, -3.6075],
					"cubes": [
						{"origin": [2.075, 33.66, -4.095], "size": [0.5, 0.8, 1], "uv": [120, 123]},
						{"origin": [2.155, 33.76, -4.12], "size": [0.35, 0.63, 1], "uv": [119, 84]}
					]
				},
				{
					"name": "LeftEyesDot",
					"parent": "LeftEyelidBase",
					"pivot": [2.5675, 33.7925, -3.9925],
					"cubes": [
						{"origin": [1.625, 32.96, -4.085], "size": [1.4, 0.45, 0.2], "uv": [120, 82]},
						{"origin": [1.525, 33.875, -4.1], "size": [0.46, 0.25, 0.2], "uv": [4, 122]}
					]
				},
				{
					"name": "LeftEyebrow",
					"parent": "Eyes",
					"pivot": [2.875, 34.75, -3.7],
					"cubes": [
						{"origin": [1.375, 34.75, -4.2], "size": [2.3, 1, 1], "uv": [48, 60]},
						{"origin": [3.35, 34.475, -4.375], "size": [1.1, 1, 1], "uv": [16, 78]}
					]
				},
				{
					"name": "RightEyebrow",
					"parent": "Eyes",
					"pivot": [-2.875, 34.75, -3.7],
					"cubes": [
						{"origin": [-3.675, 34.75, -4.2], "size": [2.3, 1, 1], "uv": [43, 4]},
						{"origin": [-4.45, 34.475, -4.375], "size": [1.1, 1, 1], "uv": [77, 14]}
					]
				},
				{
					"name": "Mouth",
					"parent": "Face",
					"pivot": [0, 32.9, -2.41]
				},
				{
					"name": "Mouth1",
					"parent": "Mouth",
					"pivot": [-0.01026, 32.59535, -2.96],
					"cubes": [
						{"origin": [-0.175, 32.525, -3.01], "size": [0.4, 0.15, 0.1], "pivot": [0.125, 32.6, -3.01], "rotation": [0, 0, -37.5], "uv": [0, 0]},
						{"origin": [-0.425, 32.825, -3.01], "size": [0.4, 0.15, 0.1], "pivot": [0.15, 32.6, -3.01], "rotation": [0, 0, -37.5], "uv": [0, 0]},
						{"origin": [-0.175, 32.3, -3.01], "size": [0.35, 0.15, 0.1], "pivot": [0.125, 32.6, -3.01], "rotation": [0, 0, 50], "uv": [0, 0]},
						{"origin": [-0.9603, 32.54994, -3.01], "size": [0.4, 0.15, 0.1], "pivot": [-0.7353, 32.67494, -2.96], "rotation": [0, 0, -42], "uv": [0, 0]},
						{"origin": [-0.65, 32.325, -3.01], "size": [0.4, 0.15, 0.1], "pivot": [-0.275, 32.6, -3.01], "rotation": [0, 0, 50], "uv": [0, 0]},
						{"origin": [0.5603, 32.54994, -3.01], "size": [0.4, 0.15, 0.1], "pivot": [0.7353, 32.67494, -2.96], "rotation": [0, 0, 42], "uv": [0, 0]},
						{"origin": [0.25, 32.325, -3.01], "size": [0.4, 0.15, 0.1], "pivot": [0.275, 32.6, -3.01], "rotation": [0, 0, -50], "uv": [0, 0]},
						{"origin": [0.025, 32.825, -3.01], "size": [0.4, 0.15, 0.1], "pivot": [-0.15, 32.6, -3.01], "rotation": [0, 0, 37.5], "uv": [0, 0]}
					]
				},
				{
					"name": "Mouth2",
					"parent": "Mouth",
					"pivot": [0.0125, 32.66, -3.01],
					"cubes": [
						{"origin": [-0.575, 32.31, -3.01], "size": [1.175, 0.7, 0.1], "uv": [0, 0]},
						{"origin": [0.015, 32.54313, -3.01], "size": [0.575, 0.45, 0.1], "pivot": [0.44047, 32.90002, -2.9725], "rotation": [0, 0, -110], "uv": [0, 0]},
						{"origin": [-0.08953, 32.75442, -3.01], "size": [0.45, 0.45, 0.1], "pivot": [0.44047, 32.90002, -2.9725], "rotation": [0, 0, -135], "uv": [0, 0]},
						{"origin": [-0.08042, 32.78755, -3.01], "size": [0.525, 0.275, 0.1], "pivot": [0.44047, 32.90002, -2.9725], "rotation": [0, 0, 17.5], "uv": [0, 0]},
						{"origin": [-0.59, 32.54313, -3.01], "size": [0.575, 0.45, 0.1], "pivot": [-0.44047, 32.90002, -2.9725], "rotation": [0, 0, 110], "uv": [0, 0]},
						{"origin": [-0.36047, 32.75442, -3.01], "size": [0.45, 0.45, 0.1], "pivot": [-0.44047, 32.90002, -2.9725], "rotation": [0, 0, 135], "uv": [0, 0]},
						{"origin": [-0.44458, 32.78755, -3.01], "size": [0.525, 0.275, 0.1], "pivot": [-0.44047, 32.90002, -2.9725], "rotation": [0, 0, -17.5], "uv": [0, 0]}
					]
				},
				{
					"name": "Mouth3",
					"parent": "Mouth",
					"pivot": [-0.00142, 32.52428, -2.96],
					"cubes": [
						{"origin": [-0.175, 32.725, -3.01], "size": [0.4, 0.35, 0.1], "pivot": [0.125, 33, -3.01], "rotation": [0, 0, -37.5], "uv": [0, 0]},
						{"origin": [-0.425, 32.85, -3.01], "size": [0.4, 0.525, 0.1], "pivot": [0.15, 33, -3.01], "rotation": [0, 0, -37.5], "uv": [0, 0]},
						{"origin": [-0.175, 32.7, -3.01], "size": [0.35, 0.15, 0.1], "pivot": [0.125, 33, -3.01], "rotation": [0, 0, 50], "uv": [0, 0]},
						{"origin": [-0.9603, 32.72494, -3.01], "size": [0.4, 0.375, 0.1], "pivot": [-0.7353, 33.07494, -2.96], "rotation": [0, 0, -42], "uv": [0, 0]},
						{"origin": [-1.6103, 32.14994, -3.01], "size": [0.7, 1.075, 0.1], "pivot": [-0.7353, 33.07494, -2.96], "rotation": [0, 0, -77], "uv": [0, 0]},
						{"origin": [0.9103, 32.09994, -3.01], "size": [0.7, 1.125, 0.1], "pivot": [0.7353, 33.07494, -2.96], "rotation": [0, 0, 77], "uv": [0, 0]},
						{"origin": [1.6103, 32.84994, -3.01], "size": [0.2, 0.375, 0.1], "pivot": [0.7353, 33.07494, -2.96], "rotation": [0, 0, 77], "uv": [0, 0]},
						{"origin": [1.6103, 32.47494, -3.01], "size": [0.1, 0.375, 0.1], "pivot": [0.7353, 33.07494, -2.96], "rotation": [0, 0, 77], "uv": [0, 0]},
						{"origin": [1.6103, 32.37494, -3.01], "size": [0.1, 0.175, 0.1], "pivot": [0.7353, 33.07494, -2.96], "rotation": [0, 0, 77], "uv": [0, 0]},
						{"origin": [-1.7103, 32.37494, -3.01], "size": [0.1, 0.175, 0.1], "pivot": [-0.7353, 33.07494, -2.96], "rotation": [0, 0, -77], "uv": [0, 0]},
						{"origin": [-1.7353, 32.52494, -3.01], "size": [0.125, 0.325, 0.1], "pivot": [-0.7353, 33.07494, -2.96], "rotation": [0, 0, -77], "uv": [0, 0]},
						{"origin": [-1.8103, 32.84994, -3.01], "size": [0.2, 0.375, 0.1], "pivot": [-0.7353, 33.07494, -2.96], "rotation": [0, 0, -77], "uv": [0, 0]},
						{"origin": [1.7353, 31.19994, -3.01], "size": [0.1, 2.25, 0.1], "pivot": [0.7353, 33.07494, -2.96], "rotation": [0, 0, 89.5], "uv": [0, 0]},
						{"origin": [-0.65, 32.725, -3.01], "size": [0.4, 0.15, 0.1], "pivot": [-0.275, 33, -3.01], "rotation": [0, 0, 50], "uv": [0, 0]},
						{"origin": [0.5603, 32.74994, -3.01], "size": [0.4, 0.35, 0.1], "pivot": [0.7353, 33.07494, -2.96], "rotation": [0, 0, 42], "uv": [0, 0]},
						{"origin": [0.25, 32.725, -3.01], "size": [0.4, 0.15, 0.1], "pivot": [0.275, 33, -3.01], "rotation": [0, 0, -50], "uv": [0, 0]},
						{"origin": [0.025, 33, -3.01], "size": [0.4, 0.375, 0.1], "pivot": [-0.15, 33, -3.01], "rotation": [0, 0, 37.5], "uv": [0, 0]}
					]
				},
				{
					"name": "Mouth4",
					"parent": "Mouth",
					"pivot": [0, 32.6821, -2.96],
					"cubes": [
						{"origin": [-0.02418, 32.82735, -3.01], "size": [0.925, 0.15, 0.1], "pivot": [0.43832, 32.90235, -3.01], "rotation": [0, 0, 8.25], "uv": [0, 0]},
						{"origin": [0.34582, 32.91735, -3.02], "size": [0.2, 0.2, 0.1], "pivot": [0.43832, 32.90235, -3.01], "rotation": [0, 0, 53.25], "uv": [0, 0]},
						{"origin": [-0.6, 32.15, -3.01], "size": [1.2, 0.75, 0.1], "uv": [0, 0]},
						{"origin": [0.02193, 32.37739, -3.01], "size": [0.675, 0.4, 0.1], "pivot": [0.48943, 32.71739, -3.01], "rotation": [0, 0, -65], "uv": [0, 0]},
						{"origin": [-0.90082, 32.82735, -3.01], "size": [0.925, 0.15, 0.1], "pivot": [-0.43832, 32.90235, -3.01], "rotation": [0, 0, -8.25], "uv": [0, 0]},
						{"origin": [-0.69693, 32.37739, -3.01], "size": [0.675, 0.4, 0.1], "pivot": [-0.48943, 32.71739, -3.01], "rotation": [0, 0, 65], "uv": [0, 0]}
					]
				},
				{
					"name": "Mouth5",
					"parent": "Mouth",
					"pivot": [0, 32.48939, -2.96],
					"cubes": [
						{"origin": [-0.0625, 32.38912, -3.01], "size": [0.125, 0.125, 0.1], "uv": [0, 0]},
						{"origin": [-0.25173, 32.41738, -3.01], "size": [0.25, 0.125, 0.1], "pivot": [-0.07673, 32.49238, -3.01], "rotation": [0, 0, 32], "uv": [0, 0]},
						{"origin": [0.00173, 32.41738, -3.01], "size": [0.25, 0.125, 0.1], "pivot": [0.07673, 32.49238, -3.01], "rotation": [0, 0, -32], "uv": [0, 0]}
					]
				},
				{
					"name": "Mouth6",
					"parent": "Mouth",
					"pivot": [-0.003, 33.07299, -0.09928],
					"cubes": [
						{"origin": [-0.15015, 32.77827, -0.15762], "size": [0.3003, 0.3003, 0.14024], "pivot": [0, 33.12061, -0.0375], "rotation": [-12.5, 0, 0], "uv": [0, 0]},
						{"origin": [-0.43844, 32.97046, -0.15762], "size": [0.85285, 0.68468, 0.14024], "pivot": [0, 33.12061, -0.0375], "rotation": [-12.5, 0, 0], "uv": [0, 0]},
						{"origin": [-0.28656, 32.7628, -0.15762], "size": [0.36036, 0.3003, 0.14024], "pivot": [0, 33.12061, -0.0375], "rotation": [-10.64776, 6.58606, 31.38559], "uv": [0, 0]},
						{"origin": [-0.0738, 32.7628, -0.15762], "size": [0.36036, 0.3003, 0.14024], "pivot": [0, 33.12061, -0.0375], "rotation": [-10.64776, -6.58606, -31.38559], "uv": [0, 0]}
					]
				},
				{
					"name": "Mouth7",
					"parent": "Mouth6",
					"pivot": [0.18434, 33.02634, -0.05762],
					"cubes": [
						{"origin": [-0.77643, 33.55046, -0.05762], "size": [0.77285, 0.18468, 0.24024], "uv": [0, 0]},
						{"origin": [0.00357, 33.55046, -0.05762], "size": [0.77285, 0.18468, 0.24024], "uv": [0, 0]}
					]
				},
				{
					"name": "Hair",
					"parent": "Head",
					"pivot": [-0.14783, 36.56957, -0.12826]
				},
				{
					"name": "TopHair",
					"parent": "Hair",
					"pivot": [0, 15.1, -0.75],
					"cubes": [
						{"origin": [1.499, 36.825, -5.55], "size": [1, 3, 1], "uv": [73, 79]},
						{"origin": [-1.5, 37.825, -5.375], "size": [3, 2, 1], "uv": [48, 7]},
						{"origin": [-2.495, 36.825, -5.225], "size": [1, 3, 1], "uv": [69, 79]},
						{"origin": [-4.3375, 35.625, -4.7], "size": [1, 4, 3], "uv": [28, 37]},
						{"origin": [3.3875, 35.625, -4.75], "size": [1, 4, 3], "uv": [0, 14]},
						{"origin": [-4.5, 32.2, -3.2], "size": [1, 8, 6], "uv": [14, 31]},
						{"origin": [-4, 32.4, 2.45], "size": [8, 7, 1], "uv": [18, 45]},
						{"origin": [-4, 32.4, 2.675], "size": [8.55, 7.025, 1.575], "uv": [0, 45]},
						{"origin": [-2.975, 40.1, -4.35], "size": [6, 1, 7], "uv": [0, 23]},
						{"origin": [-2, 38.8, -4.95], "size": [4, 2, 1], "uv": [70, 22]},
						{"origin": [-4, 39.4, -4.55], "size": [8, 1, 8], "uv": [0, 14]},
						{"origin": [-2, 41.1, -3.35], "size": [4, 1, 5], "uv": [45, 41]},
						{"origin": [-3, 41.1, -2.35], "size": [1, 1, 3], "uv": [76, 25]},
						{"origin": [2, 41.1, -2.35], "size": [1, 1, 3], "uv": [76, 4]},
						{"origin": [-3.975, 40.1, -3.35], "size": [1, 1, 5], "uv": [60, 51]},
						{"origin": [3.025, 40.1, -3.35], "size": [1, 1, 5], "uv": [60, 26]},
						{"origin": [2.525, 35.725, -5.25], "size": [1, 4, 1], "uv": [78, 41]},
						{"origin": [-3.5, 35.725, -5.125], "size": [1, 4, 1], "uv": [37, 62]},
						{
							"origin": [0.70758, 32.44791, 3.8731],
							"size": [2, 3.7, 0.75],
							"pivot": [2.62008, 35.50401, 4.159],
							"rotation": [-6, 0, -29.75],
							"uv": {
								"north": {"uv": [69, 71], "uv_size": [2, 3]},
								"east": {"uv": [69, 71], "uv_size": [0, 3]},
								"south": {"uv": [71, 71], "uv_size": [2, 3]},
								"west": {"uv": [119, 62], "uv_size": [0, 3]},
								"up": {"uv": [69, 71], "uv_size": [2, 0]},
								"down": {"uv": [71, 71], "uv_size": [2, 0]}
							}
						},
						{
							"origin": [2.68258, 32.44791, 3.8731],
							"size": [1.7, 3.7, 0.75],
							"pivot": [2.62008, 35.50401, 4.159],
							"rotation": [-6, 0, -29.75],
							"uv": {
								"north": {"uv": [5, 14], "uv_size": [1, 3]},
								"east": {"uv": [5, 14], "uv_size": [0, 3]},
								"south": {"uv": [6, 14], "uv_size": [1, 3]},
								"west": {"uv": [119, 64], "uv_size": [0, 3]},
								"up": {"uv": [5, 14], "uv_size": [1, 0]},
								"down": {"uv": [6, 14], "uv_size": [1, 0]}
							}
						},
						{
							"origin": [0.70758, 35.9411, 4.07196],
							"size": [2, 1.475, 0.75],
							"pivot": [2.62008, 35.50401, 4.159],
							"rotation": [12, 0, -29.75],
							"uv": {
								"north": {"uv": [4, 21], "uv_size": [2, 1]},
								"east": {"uv": [4, 21], "uv_size": [0, 1]},
								"south": {"uv": [6, 21], "uv_size": [2, 1]},
								"west": {"uv": [119, 62], "uv_size": [0, 1]},
								"up": {"uv": [4, 21], "uv_size": [2, 0]},
								"down": {"uv": [6, 21], "uv_size": [2, 0]}
							}
						},
						{
							"origin": [2.68258, 35.9411, 4.07196],
							"size": [1.7, 1.475, 0.75],
							"pivot": [2.62008, 35.50401, 4.159],
							"rotation": [12, 0, -29.75],
							"uv": {
								"north": {"uv": [5, 23], "uv_size": [1, 1]},
								"east": {"uv": [5, 23], "uv_size": [0, 1]},
								"south": {"uv": [6, 23], "uv_size": [1, 1]},
								"west": {"uv": [119, 66], "uv_size": [0, 1]},
								"up": {"uv": [5, 23], "uv_size": [1, 0]},
								"down": {"uv": [6, 23], "uv_size": [1, 0]}
							}
						},
						{
							"origin": [-2.40758, 32.44791, 3.8731],
							"size": [2, 3.7, 0.75],
							"pivot": [-2.32008, 35.50401, 4.159],
							"rotation": [-6, 0, 29.75],
							"uv": {
								"north": {"uv": [53, 70], "uv_size": [2, 3]},
								"east": {"uv": [53, 70], "uv_size": [0, 3]},
								"south": {"uv": [55, 70], "uv_size": [2, 3]},
								"west": {"uv": [119, 64], "uv_size": [0, 3]},
								"up": {"uv": [53, 70], "uv_size": [2, 0]},
								"down": {"uv": [55, 70], "uv_size": [2, 0]}
							}
						},
						{
							"origin": [-4.08258, 32.44791, 3.8731],
							"size": [1.7, 3.7, 0.75],
							"pivot": [-2.32008, 35.50401, 4.159],
							"rotation": [-6, 0, 29.75],
							"uv": {
								"north": {"uv": [0, 14], "uv_size": [1, 3]},
								"east": {"uv": [121, 63], "uv_size": [0, 3]},
								"south": {"uv": [1, 14], "uv_size": [1, 3]},
								"west": {"uv": [1, 14], "uv_size": [0, 3]},
								"up": {"uv": [0, 14], "uv_size": [1, 0]},
								"down": {"uv": [1, 14], "uv_size": [1, 0]}
							}
						},
						{
							"origin": [-2.40758, 35.9411, 4.07196],
							"size": [2, 1.475, 0.75],
							"pivot": [-2.32008, 35.50401, 4.159],
							"rotation": [12, 0, 29.75],
							"uv": {
								"north": {"uv": [0, 21], "uv_size": [2, 1]},
								"east": {"uv": [0, 21], "uv_size": [0, 1]},
								"south": {"uv": [2, 21], "uv_size": [2, 1]},
								"west": {"uv": [118, 64], "uv_size": [0, 1]},
								"up": {"uv": [0, 21], "uv_size": [2, 0]},
								"down": {"uv": [2, 21], "uv_size": [2, 0]}
							}
						},
						{
							"origin": [-4.08258, 35.9411, 4.07196],
							"size": [1.7, 1.475, 0.75],
							"pivot": [-2.32008, 35.50401, 4.159],
							"rotation": [12, 0, 29.75],
							"uv": {
								"north": {"uv": [5, 0], "uv_size": [1, 1]},
								"east": {"uv": [119, 64], "uv_size": [0, 1]},
								"south": {"uv": [6, 0], "uv_size": [1, 1]},
								"west": {"uv": [6, 0], "uv_size": [0, 1]},
								"up": {"uv": [5, 0], "uv_size": [1, 0]},
								"down": {"uv": [6, 0], "uv_size": [1, 0]}
							}
						}
					]
				},
				{
					"name": "bone2",
					"parent": "TopHair",
					"pivot": [7.11071, 24.31226, 4.44275],
					"cubes": [
						{"origin": [2.95, 32, 1.125], "size": [2.925, 2.725, 3.025], "uv": [30, 70]},
						{"origin": [2.40692, 34.3775, 1.525], "size": [2.925, 4.05, 2.2], "pivot": [4.51942, 36.1525, 3.2375], "rotation": [0, 0, -19.25], "uv": [24, 73]},
						{"origin": [3.38676, 30.20103, 1.2], "size": [2.75, 2.775, 3.125], "pivot": [4.62426, 31.61353, 2.5875], "rotation": [11.25, 0, -19.75], "uv": [69, 66]},
						{"origin": [5.54525, 29.10023, 2.44352], "size": [1.25, 1.55, 2.05], "pivot": [5.39525, 28.63773, 3.43102], "rotation": [9.52332, 6.01691, -51.74834], "uv": [19, 53]},
						{"origin": [5.07853, 29.3396, 2.32993], "size": [1.275, 1.575, 2.025], "pivot": [6.10353, 29.6271, 3.24243], "rotation": [10.13632, -4.90604, 5.81463], "uv": [6, 53]},
						{"origin": [5.85, 28.39673, 2.36505], "size": [0.8, 0.9, 0.825], "pivot": [6.225, 28.84673, 3.05255], "rotation": [11.72554, 0.76313, -3.67164], "uv": [115, 36]},
						{"origin": [4.65, 28.39673, 3.66505], "size": [0.8, 0.9, 0.825], "pivot": [6.225, 28.84673, 3.05255], "rotation": [11.72554, 0.76313, -3.67164], "uv": [115, 36]},
						{"origin": [3.03131, 30.23553, 1.20151], "size": [1.125, 3.125, 3.125], "pivot": [3.85631, 31.34803, 2.76401], "rotation": [10.85073, 2.98851, -34.9661], "uv": [16, 72]},
						{"origin": [5.19707, 26.89768, 2.63427], "size": [0.8, 2.25, 1.35], "pivot": [5.27207, 27.92268, 3.30927], "rotation": [10.96875, -2.51528, -6.99154], "uv": [122, 63]},
						{"origin": [5.85942, 25.09696, 3.45064], "size": [1.25, 2.25, 1.35], "pivot": [6.70942, 25.54696, 3.85064], "rotation": [20, 0, -19.75], "uv": [120, 62]},
						{"origin": [6.18442, 27.27196, 3.82564], "size": [1.25, 2.25, 1.35], "pivot": [6.70942, 25.54696, 3.85064], "rotation": [20, 0, -19.75], "uv": [118, 64]},
						{"origin": [6.16718, 23.18282, 3.77209], "size": [1.25, 2.25, 1.35], "pivot": [6.94218, 24.23282, 4.62209], "rotation": [11.62226, -2.30392, -13.40365], "uv": [119, 60]},
						{"origin": [5.90404, 25.21157, 3.41009], "size": [1.25, 2.25, 1.35], "pivot": [6.47904, 26.33657, 4.06009], "rotation": [12.25, 0, -19.75], "uv": [120, 60]},
						{"origin": [7.31949, 21.1149, 3.98442], "size": [0.25, 2.25, 0.775], "pivot": [7.44449, 22.2399, 4.78442], "rotation": [-3.66918, -6.25247, 7.02885], "uv": [119, 64]},
						{"origin": [7.19449, 21.6399, 4.50942], "size": [0.375, 1.725, 0.775], "pivot": [7.44449, 22.2399, 4.78442], "rotation": [-3.66918, -6.25247, 7.02885], "uv": [118, 64]},
						{"origin": [6.36071, 23.08726, 4.54275], "size": [1.25, 0.375, 0.575], "pivot": [7.11071, 24.31226, 4.44275], "rotation": [11.27808, -3.6454, -6.7792], "uv": [119, 63]},
						{"origin": [6.86792, 21.96323, 4.47485], "size": [0.375, 1.4, 0.775], "pivot": [7.00542, 22.55073, 4.86235], "rotation": [-3.75086, -6.20394, 7.78172], "uv": [121, 65]},
						{"origin": [6.49292, 22.18823, 4.47485], "size": [0.375, 1.075, 0.775], "pivot": [7.00542, 22.55073, 4.86235], "rotation": [-3.75086, -6.20394, 7.78172], "uv": [121, 64]},
						{"origin": [4.21176, 28.92603, 1.9], "size": [1.225, 2, 1.625], "pivot": [4.62426, 31.61353, 2.5875], "rotation": [11.25, 0, -19.75], "uv": [63, 81]},
						{"origin": [4.13676, 26.72603, 1.9], "size": [0.8, 2.25, 1.35], "pivot": [4.62426, 31.61353, 2.5875], "rotation": [11.25, 0, -19.75], "uv": [27, 22]},
						{"origin": [6.36071, 23.26226, 3.76775], "size": [1.25, 2.25, 1.35], "pivot": [7.11071, 24.31226, 4.44275], "rotation": [11.27808, -3.6454, -6.7792], "uv": [81, 0]},
						{"origin": [3.61176, 29.87603, 1.925], "size": [2.25, 1.05, 1.6], "pivot": [4.62426, 31.61353, 2.5875], "rotation": [11.25, 0, -19.75], "uv": [14, 35]}
					]
				},
				{
					"name": "bone3",
					"parent": "bone2",
					"pivot": [7.11071, 24.31226, 4.44275],
					"cubes": [
						{"origin": [-5.475, 32, 1.125], "size": [2.925, 2.725, 3.025], "uv": [69, 61]},
						{"origin": [-4.93192, 34.3775, 1.525], "size": [2.925, 4.05, 2.2], "pivot": [-4.11942, 36.1525, 3.2375], "rotation": [0, 0, 19.25], "uv": [8, 72]},
						{"origin": [-5.73676, 30.20103, 1.2], "size": [2.75, 2.775, 3.125], "pivot": [-4.22426, 31.61353, 2.5875], "rotation": [11.25, 0, 19.75], "uv": [57, 69]},
						{"origin": [-6.39525, 29.10023, 2.44352], "size": [1.25, 1.55, 2.05], "pivot": [-4.99525, 28.63773, 3.43102], "rotation": [9.52332, -6.01691, 51.74834], "uv": [52, 14]},
						{"origin": [-5.95353, 29.3396, 2.32993], "size": [1.275, 1.575, 2.025], "pivot": [-5.70353, 29.6271, 3.24243], "rotation": [10.13632, 4.90604, -5.81463], "uv": [19, 27]},
						{"origin": [-6.25, 28.39673, 2.36505], "size": [0.8, 0.9, 0.825], "pivot": [-5.825, 28.84673, 3.05255], "rotation": [11.72554, -0.76313, 3.67164], "uv": [115, 36]},
						{"origin": [-5.05, 28.39673, 3.66505], "size": [0.8, 0.9, 0.825], "pivot": [-5.825, 28.84673, 3.05255], "rotation": [11.72554, -0.76313, 3.67164], "uv": [112, 38]},
						{"origin": [-3.75631, 30.23553, 1.20151], "size": [1.125, 3.125, 3.125], "pivot": [-3.45631, 31.34803, 2.76401], "rotation": [10.85073, -2.98851, 34.9661], "uv": [0, 72]},
						{"origin": [-5.59707, 26.89768, 2.63427], "size": [0.8, 2.25, 1.35], "pivot": [-4.87207, 27.92268, 3.30927], "rotation": [10.96875, 2.51528, 6.99154], "uv": [121, 67]},
						{"origin": [-6.70942, 25.09696, 3.45064], "size": [1.25, 2.25, 1.35], "pivot": [-6.30942, 25.54696, 3.85064], "rotation": [20, 0, 19.75], "uv": [80, 60]},
						{"origin": [-7.03442, 27.27196, 3.82564], "size": [1.25, 2.25, 1.35], "pivot": [-6.30942, 25.54696, 3.85064], "rotation": [20, 0, 19.75], "uv": [80, 46]},
						{"origin": [-7.01718, 23.18282, 3.77209], "size": [1.25, 2.25, 1.35], "pivot": [-6.54218, 24.23282, 4.62209], "rotation": [11.62226, 2.30392, 13.40365], "uv": [40, 80]},
						{"origin": [-6.75404, 25.21157, 3.41009], "size": [1.25, 2.25, 1.35], "pivot": [-6.07904, 26.33657, 4.06009], "rotation": [12.25, 0, 19.75], "uv": [80, 22]},
						{"origin": [-7.16949, 21.1149, 3.98442], "size": [0.25, 2.25, 0.775], "pivot": [-7.04449, 22.2399, 4.78442], "rotation": [-3.66918, 6.25247, -7.02885], "uv": [121, 63]},
						{"origin": [-7.16949, 21.6399, 4.50942], "size": [0.375, 1.725, 0.775], "pivot": [-7.04449, 22.2399, 4.78442], "rotation": [-3.66918, 6.25247, -7.02885], "uv": [121, 63]},
						{"origin": [-7.21071, 23.08726, 4.54275], "size": [1.25, 0.375, 0.575], "pivot": [-6.71071, 24.31226, 4.44275], "rotation": [11.27808, 3.6454, 6.7792], "uv": [121, 67]},
						{"origin": [-6.84292, 21.96323, 4.47485], "size": [0.375, 1.4, 0.775], "pivot": [-6.60542, 22.55073, 4.86235], "rotation": [-3.75086, 6.20394, -7.78172], "uv": [121, 63]},
						{"origin": [-6.46792, 22.18823, 4.47485], "size": [0.375, 1.075, 0.775], "pivot": [-6.60542, 22.55073, 4.86235], "rotation": [-3.75086, 6.20394, -7.78172], "uv": [121, 63]},
						{"origin": [-5.03676, 28.92603, 1.9], "size": [1.225, 2, 1.625], "pivot": [-4.22426, 31.61353, 2.5875], "rotation": [11.25, 0, 19.75], "uv": [79, 68]},
						{"origin": [-4.53676, 26.72603, 1.9], "size": [0.8, 2.25, 1.35], "pivot": [-4.22426, 31.61353, 2.5875], "rotation": [11.25, 0, 19.75], "uv": [121, 67]},
						{"origin": [-7.21071, 23.26226, 3.76775], "size": [1.25, 2.25, 1.35], "pivot": [-6.71071, 24.31226, 4.44275], "rotation": [11.27808, 3.6454, 6.7792], "uv": [76, 61]},
						{"origin": [-5.46176, 29.87603, 1.925], "size": [2.25, 1.05, 1.6], "pivot": [-4.22426, 31.61353, 2.5875], "rotation": [11.25, 0, 19.75], "uv": [28, 6]}
					]
				},
				{
					"name": "huan",
					"parent": "TopHair",
					"pivot": [0, 45.5, 1.51331],
					"rotation": [4.25, 0, 0]
				},
				{
					"name": "bone5",
					"parent": "huan",
					"pivot": [-0.00065, 45.49628, 1.51516],
					"cubes": [
						{"origin": [-0.07515, 45.4, 4.79091], "size": [1, 0.1, 0.35], "pivot": [0, 45.17425, 1.47579], "rotation": [-76.88022, -59.88632, 74.92051], "uv": [13, 122]},
						{"origin": [-1.06209, 45.4, 4.75732], "size": [2, 0.1, 0.35], "pivot": [0, 45.17425, 1.47579], "rotation": [-44.3152, -45.61918, 34.90824], "uv": [13, 122]},
						{"origin": [-0.035, 45.4, 4.73356], "size": [1, 0.1, 0.35], "pivot": [0, 45.17425, 1.47579], "rotation": [-32.26685, -23.75796, 14.27112], "uv": [13, 122]},
						{"origin": [-1, 45.4, 4.725], "size": [2, 0.1, 0.35], "pivot": [0, 45.17425, 1.47579], "rotation": [-29.25, 0, 0], "uv": [13, 122]},
						{"origin": [-0.965, 45.4, 4.73356], "size": [1, 0.1, 0.35], "pivot": [0, 45.17425, 1.47579], "rotation": [-32.26685, 23.75796, -14.27112], "uv": [13, 122]},
						{"origin": [-0.93791, 45.4, 4.75732], "size": [2, 0.1, 0.35], "pivot": [0, 45.17425, 1.47579], "rotation": [-44.3152, 45.61918, -34.90824], "uv": [13, 122], "mirror": true},
						{"origin": [-0.92485, 45.4, 4.79091], "size": [1, 0.1, 0.35], "pivot": [0, 45.17425, 1.47579], "rotation": [-76.88022, 59.88632, -74.92051], "uv": [13, 122], "mirror": true},
						{"origin": [0.0065, 45.40069, 4.76027], "size": [1, 0.1, 0.35], "pivot": [0, 45.17425, 1.47579], "rotation": [-32.26685, 23.75796, -14.27112], "uv": [13, 122], "mirror": true},
						{"origin": [-1.035, 45.4, 4.73357], "size": [1, 0.1, 0.35], "pivot": [0, 45.17425, 1.47579], "rotation": [-32.26685, -23.75796, 14.27112], "uv": [13, 122]},
						{"origin": [-0.89825, 45.4, -2.12797], "size": [2, 0.1, 0.35], "pivot": [0, 45.17425, 1.47579], "rotation": [-44.3152, -45.61918, 34.90824], "uv": [13, 122], "mirror": true},
						{"origin": [-0.88793, 45.4, -2.13335], "size": [2, 0.1, 0.3], "pivot": [0, 45.17425, 1.47579], "rotation": [-91.33894, -60.74124, 91.53465], "uv": [13, 122], "mirror": true},
						{"origin": [-0.94265, 45.4, -2.08903], "size": [1, 0.1, 0.35], "pivot": [0, 45.17425, 1.47579], "rotation": [-32.26685, -23.75796, 14.27112], "uv": [13, 122]},
						{"origin": [0.05736, 45.4, -2.08904], "size": [1, 0.1, 0.35], "pivot": [0, 45.17425, 1.47579], "rotation": [-32.26685, -23.75796, 14.27112], "uv": [13, 122], "mirror": true},
						{"origin": [-0.87685, 45.4, -2.183], "size": [1, 0.1, 0.35], "pivot": [0, 45.17425, 1.47579], "rotation": [-76.88022, -59.88632, 74.92051], "uv": [13, 122], "mirror": true},
						{"origin": [-0.05735, 45.4, -2.08903], "size": [1, 0.1, 0.35], "pivot": [0, 45.17425, 1.47579], "rotation": [-32.26685, 23.75796, -14.27112], "uv": [13, 122]},
						{"origin": [-1, 45.4, -2.075], "size": [2, 0.1, 0.35], "pivot": [0, 45.17425, 1.47579], "rotation": [-29.25, 0, 0], "uv": [13, 122]},
						{"origin": [-0.675, 44.6, -0.125], "size": [1.35, 0.1, 0.35], "pivot": [0, 45.17425, 1.47579], "rotation": [-29.25, 0, 0], "uv": [13, 122]},
						{"origin": [-0.17394, 44.6, -0.08461], "size": [0.925, 0.1, 0.35], "pivot": [0, 45.17425, 1.47579], "rotation": [-40.48483, 41.18414, -29.3401], "uv": [13, 122]},
						{"origin": [-0.39894, 44.6, 2.39039], "size": [1, 0.1, 0.35], "pivot": [0, 45.17425, 1.47579], "rotation": [-40.48483, 41.18414, -29.3401], "uv": [13, 122]},
						{"origin": [-0.47606, 44.6, 2.39039], "size": [0.875, 0.1, 0.35], "pivot": [0, 45.17425, 1.47579], "rotation": [-40.48483, -41.18414, 29.3401], "uv": [13, 122], "mirror": true},
						{"origin": [-0.77606, 44.6, -0.08461], "size": [1, 0.1, 0.35], "pivot": [0, 45.17425, 1.47579], "rotation": [-40.48483, -41.18414, 29.3401], "uv": [13, 122], "mirror": true},
						{"origin": [-0.7, 44.6, 2.25], "size": [1.4, 0.1, 0.35], "pivot": [0, 45.17425, 1.47579], "rotation": [-29.25, 0, 0], "uv": [13, 122]},
						{"origin": [-0.47425, 44.6, 0.18017], "size": [1.375, 0.1, 0.35], "pivot": [0, 45.17425, 1.47579], "rotation": [-91.78496, 60.73442, -92.04591], "uv": [13, 122]},
						{"origin": [-0.42425, 44.6, 2.45517], "size": [1.275, 0.1, 0.35], "pivot": [0, 45.17425, 1.47579], "rotation": [-91.78496, 60.73442, -92.04591], "uv": [13, 122]},
						{"origin": [-1.05736, 45.4, -2.08904], "size": [1, 0.1, 0.35], "pivot": [0, 45.17425, 1.47579], "rotation": [-32.26685, 23.75796, -14.27112], "uv": [13, 122]},
						{"origin": [-1.10175, 45.4, -2.12797], "size": [2, 0.1, 0.35], "pivot": [0, 45.17425, 1.47579], "rotation": [-44.3152, 45.61918, -34.90824], "uv": [13, 122]},
						{"origin": [-0.12315, 45.4, -2.183], "size": [1, 0.1, 0.35], "pivot": [0, 45.17425, 1.47579], "rotation": [-76.88022, 59.88632, -74.92051], "uv": [13, 122]},
						{"origin": [-1.11207, 45.4, -2.13335], "size": [2, 0.1, 0.3], "pivot": [0, 45.17425, 1.47579], "rotation": [-91.33894, 60.74124, -91.53465], "uv": [13, 122]}
					]
				},
				{
					"name": "neihuan",
					"parent": "huan",
					"pivot": [-0.16464, 47.6, 2.51902],
					"rotation": [-28, 0, 0],
					"cubes": [
						{"origin": [-3.53221, 46, 5.7277], "size": [1.55, 0.1, 0.75], "pivot": [-2.73221, 47.6, 4.31311], "rotation": [0, -55, 0], "uv": [13, 122]},
						{"origin": [0, 46, 7.15], "size": [0.575, 0.1, 0.75], "pivot": [0, 47.6, 2.4], "rotation": [0, -27.5, 0], "uv": [13, 122]},
						{"origin": [-0.525, 46, 7.15], "size": [1.075, 0.1, 0.75], "uv": [13, 122]},
						{"origin": [-0.425, 46, 7.15], "size": [0.425, 0.1, 0.75], "pivot": [0, 47.6, 2.4], "rotation": [0, 27.5, 0], "uv": [13, 122]},
						{"origin": [2.28221, 46, 5.7277], "size": [0.75, 0.1, 0.75], "pivot": [2.73221, 47.6, 4.31311], "rotation": [0, 55, 0], "uv": [13, 122], "mirror": true},
						{"origin": [1.19209, 46, 6.10457], "size": [0.5, 0.1, 0.75], "pivot": [2.73221, 47.6, 4.31311], "rotation": [0, 27.5, 0], "uv": [13, 122], "mirror": true},
						{"origin": [-1.84209, 46, 6.10457], "size": [0.65, 0.1, 0.75], "pivot": [-2.73221, 47.6, 4.31311], "rotation": [0, -27.5, 0], "uv": [13, 122]},
						{"origin": [1.71455, 46, -4.29648], "size": [1.575, 0.1, 0.825], "pivot": [-0.05904, 46.1, -0.56146], "rotation": [0, -55, 0], "uv": [13, 122], "mirror": true},
						{"origin": [0.57813, 46, -3.28447], "size": [0.875, 0.1, 0.85], "pivot": [-0.05904, 46.1, -0.56146], "rotation": [0, -27.5, 0], "uv": [13, 122]},
						{"origin": [1.45313, 46, -3.28448], "size": [0.875, 0.1, 0.85], "pivot": [-0.05904, 46.1, -0.56146], "rotation": [0, -27.5, 0], "uv": [13, 122], "mirror": true},
						{"origin": [-1.46647, 46, -3.22995], "size": [0.8, 0.1, 0.85], "pivot": [-0.05904, 46.1, -0.56146], "rotation": [0, 27.5, 0], "uv": [13, 122]},
						{"origin": [-0.825, 46, -2.9], "size": [1.675, 0.1, 0.85], "uv": [13, 122]},
						{"origin": [-2.24148, 46, -3.22995], "size": [0.775, 0.1, 0.85], "pivot": [-0.05904, 46.1, -0.56146], "rotation": [0, 27.5, 0], "uv": [13, 122]},
						{"origin": [-3.2899, 46, -4.19976], "size": [1.35, 0.1, 0.85], "pivot": [-0.05904, 46.1, -0.56146], "rotation": [0, 55, 0], "uv": [13, 122]},
						{"origin": [-5.54506, 46, 0.32708], "size": [0.725, 0.1, 1.85], "pivot": [-5.18256, 46.1, 1.55208], "rotation": [0, 86, 0], "uv": [13, 122]},
						{"origin": [-5.7337, 46, 2.14299], "size": [0.725, 0.1, 1.85], "pivot": [-5.3712, 46.1, 3.36799], "rotation": [0, 87.5, 0], "uv": [13, 122]},
						{"origin": [4.82006, 46, 0.62708], "size": [0.725, 0.1, 1.55], "pivot": [5.18256, 46.1, 1.55208], "rotation": [0, -86.75, 0], "uv": [13, 122], "mirror": true},
						{"origin": [5.0087, 46, 2.44299], "size": [0.725, 0.1, 1.55], "pivot": [5.3712, 46.1, 3.36799], "rotation": [0, -88.25, 0], "uv": [13, 122], "mirror": true},
						{"origin": [4.1087, 46, 1.41799], "size": [0.725, 0.1, 2.05], "pivot": [5.3712, 46.1, 3.36799], "rotation": [0, -88.25, 0], "uv": [13, 122], "mirror": true},
						{"origin": [-4.8337, 46, 1.41799], "size": [0.725, 0.1, 2.05], "pivot": [-5.3712, 46.1, 3.36799], "rotation": [0, 88.25, 0], "uv": [13, 122]}
					]
				},
				{
					"name": "neihuan2",
					"parent": "huan",
					"pivot": [-0.16464, 47.6, 2.51902],
					"rotation": [-28.74869, 12.55287, -6.79931],
					"cubes": [
						{"origin": [-3.30721, 46, 5.7277], "size": [1.25, 0.1, 0.75], "pivot": [-2.73221, 47.6, 4.31311], "rotation": [0, -55, 0], "uv": [13, 122]},
						{"origin": [0, 46, 7.15], "size": [0.8, 0.1, 0.75], "pivot": [0, 47.6, 2.4], "rotation": [0, -27.5, 0], "uv": [13, 122]},
						{"origin": [-0.8, 46, 7.15], "size": [1.675, 0.1, 0.75], "uv": [13, 122]},
						{"origin": [-0.875, 46, 7.15], "size": [0.875, 0.1, 0.75], "pivot": [0, 47.6, 2.4], "rotation": [0, 27.5, 0], "uv": [13, 122]},
						{"origin": [1.63221, 46, 5.6777], "size": [2.05, 0.1, 0.75], "pivot": [2.73221, 47.6, 4.31311], "rotation": [0, 55, 0], "uv": [14, 123], "mirror": true},
						{"origin": [1.19209, 46, 6.10457], "size": [0.825, 0.1, 0.75], "pivot": [2.73221, 47.6, 4.31311], "rotation": [0, 27.5, 0], "uv": [13, 122], "mirror": true},
						{"origin": [-1.94209, 46, 6.10457], "size": [0.75, 0.1, 0.75], "pivot": [-2.73221, 47.6, 4.31311], "rotation": [0, -27.5, 0], "uv": [13, 122]},
						{"origin": [2.36257, 46, -3.62651], "size": [0.975, 0.1, 0.825], "pivot": [0.69598, 46.1, -0.44068], "rotation": [0, -55, 0], "uv": [13, 122], "mirror": true},
						{"origin": [2.93339, 46, -5.21708], "size": [1.4, 0.1, 0.825], "pivot": [0.69598, 46.1, -0.44068], "rotation": [0, -90.75, 0], "uv": [13, 122], "mirror": true},
						{"origin": [1.03267, 46, -2.9222], "size": [0.45, 0.1, 0.85], "pivot": [0.69598, 46.1, -0.44068], "rotation": [0, -27.5, 0], "uv": [13, 122]},
						{"origin": [1.48267, 46, -2.9222], "size": [0.525, 0.1, 0.85], "pivot": [0.69598, 46.1, -0.44068], "rotation": [0, -27.5, 0], "uv": [13, 122], "mirror": true},
						{"origin": [3.09481, 46, -4.85377], "size": [0.5, 0.1, 0.85], "pivot": [0.69598, 46.1, -0.44068], "rotation": [0, -82.5, 0], "uv": [13, 122], "mirror": true},
						{"origin": [-1.32539, 46, -3.56493], "size": [0.575, 0.1, 0.85], "pivot": [0.69598, 46.1, -0.44068], "rotation": [0, 27.5, 0], "uv": [13, 122]},
						{"origin": [-0.525, 46, -2.9], "size": [1.05, 0.1, 0.85], "uv": [13, 122]},
						{"origin": [-1.9754, 46, -3.56494], "size": [0.65, 0.1, 0.85], "pivot": [0.69598, 46.1, -0.44068], "rotation": [0, 27.5, 0], "uv": [13, 122]},
						{"origin": [-2.794, 46, -4.76673], "size": [1.275, 0.1, 0.85], "pivot": [0.69598, 46.1, -0.44068], "rotation": [0, 55, 0], "uv": [13, 122]},
						{"origin": [-4.48238, 46, 0.68346], "size": [1.7, 0.1, 0.75], "pivot": [-3.48238, 47.6, 2.63346], "rotation": [0, 90.75, 0], "uv": [13, 122]}
					]
				},
				{
					"name": "daimao",
					"parent": "TopHair",
					"pivot": [0.847, 42.32277, -1.74386],
					"cubes": [
						{"origin": [0.06284, 40.55208, -1.15], "size": [0.65, 1.575, 0.95], "pivot": [0.847, 42.32277, -1.74386], "rotation": [0, 0, 26.25], "uv": [34, 15]},
						{"origin": [0.11766, 40.87135, -1.2396], "size": [0.65, 1.575, 0.7], "pivot": [0.847, 42.32277, -1.74386], "rotation": [8.75, 0, 32.75], "uv": [34, 15]},
						{"origin": [0.35918, 41.26315, -1.49966], "size": [0.65, 1.575, 0.7], "pivot": [0.847, 42.32277, -1.74386], "rotation": [57.77385, -14.4147, 29.46896], "uv": [34, 15]},
						{"origin": [0.39196, 41.84525, -1.47561], "size": [0.65, 1.575, 0.7], "pivot": [0.847, 42.32277, -1.74386], "rotation": [67.61819, -21.37365, 32.41049], "uv": [34, 15]},
						{"origin": [0.31226, 42.82475, -0.95723], "size": [0.65, 1.3, 0.375], "pivot": [0.847, 42.32277, -1.74386], "rotation": [87.20806, -28.61556, 32.7887], "uv": [34, 15]}
					]
				},
				{
					"name": "RightHair",
					"parent": "Hair",
					"pivot": [0, 15.1, -0.75],
					"cubes": [
						{"origin": [-5.5, 33.2, 0.275], "size": [1, 6, 2], "uv": [40, 72]},
						{"origin": [4.5, 33.2, 0.275], "size": [1, 6, 2], "uv": [32, 6]},
						{"origin": [-5.5, 31.2, -0.725], "size": [1, 8, 1], "uv": [59, 74]},
						{"origin": [-5.5, 34.2, -1.725], "size": [1, 4, 1], "uv": [60, 51]},
						{"origin": [3.5, 32.2, -3.2], "size": [1, 8, 6], "uv": [24, 8]},
						{"origin": [4.5, 31.2, -0.725], "size": [1, 8, 1], "uv": [55, 74]},
						{"origin": [4.5, 34.2, -1.725], "size": [1, 4, 1], "uv": [60, 26]},
						{"origin": [-4.4, 34.8, -4.35], "size": [1, 4, 2], "uv": [63, 75]},
						{"origin": [1.84924, 31.94972, 6.93277], "size": [2, 6, 1], "pivot": [2.36604, 15.90616, 2.33004], "rotation": [49.1895, 86.7138, 42.8839], "uv": [0, 23]},
						{"origin": [-3.84924, 31.94972, 6.93276], "size": [2, 6, 1], "pivot": [-2.36604, 15.90616, 2.33003], "rotation": [49.1895, -86.7138, -42.8839], "uv": [0, 23]}
					]
				},
				{
					"name": "FrontHair",
					"parent": "Hair",
					"pivot": [0, 14.3, -0.75]
				},
				{
					"name": "FrontHair1",
					"parent": "FrontHair",
					"pivot": [2, 38.075, -5.25],
					"cubes": [
						{"origin": [-1.16891, 35.48442, -5.75], "size": [1, 5, 1], "pivot": [-0.54813, 37.71568, -5.25], "rotation": [0, 0, -1], "uv": [22, 31]},
						{"origin": [-0.16891, 35.75942, -5.75], "size": [1, 4.7, 1], "pivot": [-0.54813, 37.71568, -5.25], "rotation": [0, 0, -1], "uv": [46, 53]},
						{"origin": [-2.16891, 36.45942, -5.75], "size": [1, 3, 1], "pivot": [-0.54813, 37.71568, -5.25], "rotation": [0, 0, -1], "uv": [79, 50]},
						{"origin": [-2.775, 35.7, -5.625], "size": [1, 3, 1], "pivot": [-2, 38.075, -5.125], "rotation": [0, 0, 11.25], "uv": [49, 79]},
						{"origin": [0.65, 36.8, -5.675], "size": [1, 3, 1], "pivot": [2, 38.075, -5.25], "rotation": [0, 0, -22.5], "uv": [45, 79]},
						{"origin": [1.65, 35.8, -5.675], "size": [1, 3, 1], "pivot": [2, 38.075, -5.25], "rotation": [0, 0, -22.5], "uv": [36, 79]}
					]
				},
				{
					"name": "yanjing",
					"parent": "FrontHair1",
					"pivot": [-0.00192, 39.42115, -5.68269],
					"rotation": [-9.5, 0, 0],
					"cubes": [
						{"origin": [1.05, 38.35, -5.875], "size": [2, 2, 0.425], "uv": [56, 51]},
						{"origin": [1.05, 40.35, -5.875], "size": [2, 0, 0.2], "inflate": 0.1, "uv": [3, 123]},
						{"origin": [-3.05, 38.35, -5.875], "size": [2, 0, 0.175], "inflate": 0.1, "uv": [7, 124]},
						{"origin": [-3.05, 38.35, -5.875], "size": [0, 2, 0.175], "inflate": 0.1, "uv": [5, 122]},
						{"origin": [-1.05, 38.35, -5.875], "size": [0, 2, 0.175], "inflate": 0.1, "uv": [5, 121]},
						{"origin": [-3.05, 40.35, -5.875], "size": [2, 0, 0.175], "inflate": 0.1, "uv": [6, 124]},
						{"origin": [3.05, 38.35, -5.875], "size": [0, 2, 0.2], "inflate": 0.1, "uv": [5, 121]},
						{"origin": [1.05, 38.35, -5.875], "size": [2, 0, 0.2], "inflate": 0.1, "uv": [4, 124]},
						{"origin": [1.05, 38.35, -5.875], "size": [0, 2, 0.2], "inflate": 0.1, "uv": [0, 126]},
						{"origin": [-3, 38.35, -5.875], "size": [2, 2, 0.425], "uv": [51, 47]},
						{"origin": [-0.375, 39.625, -5.85], "size": [0.7, 0.3, 0.2], "uv": [8, 124]},
						{"origin": [-1, 39.45, -5.85], "size": [0.625, 0.3, 0.2], "uv": [8, 124]},
						{"origin": [0.325, 39.45, -5.85], "size": [0.625, 0.3, 0.2], "uv": [8, 124]},
						{"origin": [1.54808, 39.67115, -5.88269], "size": [0.175, 0.175, 0.025], "uv": [9, 121]},
						{"origin": [-2.65358, 38.68612, -5.88269], "size": [0.175, 0.175, 0.025], "pivot": [-2.16608, 39.29862, -5.87019], "rotation": [0, 0, 96.5], "uv": [9, 121], "mirror": true},
						{"origin": [-2.82858, 38.86112, -5.88269], "size": [0.175, 0.175, 0.025], "pivot": [-2.16608, 39.29862, -5.87019], "rotation": [0, 0, 96.5], "uv": [9, 121], "mirror": true},
						{"origin": [-2.67858, 39.71112, -5.88269], "size": [0.175, 0.175, 0.025], "pivot": [-2.16608, 39.29862, -5.87019], "rotation": [0, 0, 96.5], "uv": [9, 121], "mirror": true},
						{"origin": [-2.50358, 39.56112, -5.88269], "size": [0.175, 0.175, 0.025], "pivot": [-2.16608, 39.29862, -5.87019], "rotation": [0, 0, 96.5], "uv": [9, 121], "mirror": true},
						{"origin": [-2.32858, 39.38612, -5.88269], "size": [0.175, 0.175, 0.025], "pivot": [-2.16608, 39.29862, -5.87019], "rotation": [0, 0, 96.5], "uv": [9, 121], "mirror": true},
						{"origin": [-1.67858, 39.56112, -5.88269], "size": [0.175, 0.175, 0.025], "pivot": [-2.16608, 39.29862, -5.87019], "rotation": [0, 0, 96.5], "uv": [9, 121], "mirror": true},
						{"origin": [-1.85358, 39.73612, -5.88269], "size": [0.175, 0.175, 0.025], "pivot": [-2.16608, 39.29862, -5.87019], "rotation": [0, 0, 96.5], "uv": [9, 121], "mirror": true},
						{"origin": [1.37308, 39.49615, -5.88269], "size": [0.175, 0.175, 0.025], "uv": [9, 121]},
						{"origin": [2.02308, 39.32115, -5.88269], "size": [0.175, 0.175, 0.025], "uv": [9, 121]},
						{"origin": [2.19808, 39.49615, -5.88269], "size": [0.175, 0.175, 0.025], "uv": [9, 121]},
						{"origin": [2.37308, 39.64615, -5.88269], "size": [0.175, 0.175, 0.025], "uv": [9, 121]},
						{"origin": [2.34808, 38.62115, -5.88269], "size": [0.175, 0.175, 0.025], "uv": [9, 121]},
						{"origin": [2.52308, 38.79615, -5.88269], "size": [0.175, 0.175, 0.025], "uv": [9, 121]}
					]
				},
				{
					"name": "FrontHair2",
					"parent": "FrontHair",
					"pivot": [-4.37735, 35.42243, -3.41577],
					"cubes": [
						{"origin": [-4.47485, 35.24593, -4.24748], "size": [1.025, 2, 1], "pivot": [-4.37735, 35.42243, -3.41577], "rotation": [-0.4948, 0.2395, 7.4885], "uv": [40, 83]},
						{"origin": [3.13637, 30.89775, -4.50436], "size": [1.025, 2, 1], "pivot": [3.78868, 30.71337, -3.91686], "rotation": [-6.29982, -0.62096, 14.91334], "uv": [36, 83]},
						{"origin": [5.09895, 32.83273, -3.38841], "size": [1.025, 3, 1], "pivot": [5.61145, 34.33273, -2.88841], "rotation": [-1.95449, -3.47075, -33.83643], "uv": [32, 79]},
						{"origin": [6.60269, 33.64069, -3.53457], "size": [1.025, 2, 1], "pivot": [6.68767, 31.4054, -3.45297], "rotation": [-1.40335, -3.72758, -42.60002], "uv": [32, 83]},
						{"origin": [4.59332, 34.45832, -3.4676], "size": [1.025, 2, 1], "pivot": [4.88082, 35.45832, -2.9676], "rotation": [-0.48669, -0.11451, -20.72862], "uv": [83, 31]},
						{"origin": [-7.62769, 33.64069, -3.53457], "size": [1.025, 2, 1], "pivot": [-6.68767, 31.4054, -3.45297], "rotation": [-1.40335, 3.72758, 42.60002], "uv": [77, 81]},
						{"origin": [-6.12395, 32.83273, -3.38841], "size": [1.025, 3, 1], "pivot": [-5.61145, 34.33273, -2.88841], "rotation": [-1.95449, 3.47075, 33.83643], "uv": [0, 31]},
						{"origin": [-5.61832, 34.45832, -3.4676], "size": [1.025, 2, 1], "pivot": [-4.88082, 35.45832, -2.9676], "rotation": [-0.48669, 0.11451, 20.72862], "uv": [81, 81]},
						{"origin": [4.52853, 36.25397, -3.47152], "size": [1.025, 3, 1], "pivot": [4.52187, 35.49327, -3.41585], "rotation": [-0.4958, -0.0652, -14.9788], "uv": [79, 29]},
						{"origin": [3.48618, 32.31399, -4.22248], "size": [1.25, 6.875, 1], "pivot": [4.37735, 35.42243, -3.41577], "rotation": [-0.5218, -0.1729, 0.0112], "uv": [8, 78]},
						{"origin": [-4.73618, 32.31399, -4.22248], "size": [1.25, 6.875, 1], "pivot": [-4.37735, 35.42243, -3.41577], "rotation": [-0.5218, 0.1729, -0.0112], "uv": [0, 64]},
						{"origin": [3.44985, 35.24593, -4.24748], "size": [1.025, 2, 1], "pivot": [4.37735, 35.42243, -3.41577], "rotation": [-0.4948, -0.2395, -7.4885], "uv": [83, 28]},
						{"origin": [-4.08637, 30.89775, -4.50435], "size": [1.025, 2, 1], "pivot": [-3.78868, 30.71337, -3.91685], "rotation": [-6.27445, 0.83991, -12.92521], "uv": [28, 83]},
						{"origin": [-5.55353, 36.25397, -3.47152], "size": [1.025, 3, 1], "pivot": [-4.52187, 35.49327, -3.41585], "rotation": [-0.4958, 0.0652, 14.9788], "uv": [78, 55]}
					]
				},
				{
					"name": "BackHair",
					"parent": "Hair",
					"pivot": [0.325, 14.56866, 3.03289]
				},
				{
					"name": "bone4",
					"parent": "Head",
					"pivot": [0.44505, 32.65982, -0.65],
					"cubes": [
						{"origin": [-0.53255, 32.63482, -4.05], "size": [0.125, 0.05, 2], "pivot": [-0.44505, 32.65982, -3.05], "rotation": [-0.13152, -0.48239, 25.75055], "uv": [121, 71]},
						{"origin": [-0.41336, 32.62157, -4.05], "size": [0.15, 0.05, 2], "pivot": [-0.37586, 32.62157, -3.05], "rotation": [0, 0, 10.5], "uv": [121, 71]},
						{"origin": [-0.28653, 32.61305, -4.05], "size": [0.15, 0.05, 2], "pivot": [-0.22403, 32.61305, -3.05], "rotation": [0, 0, -6.25], "uv": [121, 71]},
						{"origin": [-0.15565, 32.64787, -4.05], "size": [0.175, 0.05, 2], "pivot": [-0.09315, 32.67287, -3.05], "rotation": [0, 0, -19.75], "uv": [118, 71]},
						{"origin": [-0.01935, 32.64787, -4.05], "size": [0.175, 0.05, 2], "pivot": [0.09315, 32.67287, -3.05], "rotation": [0, 0, 19.75], "uv": [121, 71]},
						{"origin": [0.13653, 32.61305, -4.05], "size": [0.15, 0.05, 2], "pivot": [0.22403, 32.61305, -3.05], "rotation": [0, 0, 6.25], "uv": [121, 71]},
						{"origin": [0.26336, 32.62157, -4.05], "size": [0.15, 0.05, 2], "pivot": [0.37586, 32.62157, -3.05], "rotation": [0, 0, -10.5], "uv": [121, 71]},
						{"origin": [0.40755, 32.63482, -4.05], "size": [0.125, 0.05, 2], "pivot": [0.44505, 32.65982, -3.05], "rotation": [-0.13152, 0.48239, -25.75055], "uv": [121, 71]}
					]
				},
				{
					"name": "Arm",
					"parent": "UpperBody",
					"pivot": [0, 25.04907, -0.075]
				},
				{
					"name": "LeftArm",
					"parent": "Arm",
					"pivot": [4.4, 29.6, 0],
					"rotation": [0, 0, -15],
					"cubes": [
						{"origin": [2.75, 24.55, -1.5], "size": [3.05, 6.2, 3.05], "uv": [56, 14]}
					]
				},
				{
					"name": "LeftForeArm",
					"parent": "LeftArm",
					"pivot": [3.875, 24.4, 0.025],
					"cubes": [
						{"origin": [2.85, 23.57586, -0.85842], "size": [2.85, 2.1, 2.1], "pivot": [4.275, 24.82586, 0.09158], "rotation": [-45, 0, 0], "uv": [46, 75]},
						{"origin": [2.775, 18.65, -1.475], "size": [3, 6, 3], "uv": [34, 53]}
					]
				},
				{
					"name": "LeftHand",
					"parent": "LeftForeArm",
					"pivot": [4.375, 18.925, 0.025],
					"cubes": [
						{"origin": [3.275, 18.15, -1.275], "size": [2.225, 2.1, 2], "pivot": [0, 18.65, -0.575], "rotation": [-45, 0, 0], "uv": [32, 75]},
						{"origin": [3.15, 17.225, -1.075], "size": [2.375, 2.425, 2.325], "uv": [73, 0]},
						{"origin": [3.025, 17.825, -1.3], "size": [2.6, 0.825, 2.65], "uv": [119, 63]}
					]
				},
				{
					"name": "LeftHandLocator",
					"parent": "LeftHand",
					"pivot": [4.375, 17.925, 0.025]
				},
				{
					"name": "RightArm",
					"parent": "Arm",
					"pivot": [-4.4, 29.6, 0],
					"rotation": [0, 0, 15],
					"cubes": [
						{"origin": [-5.8, 24.55, -1.5], "size": [3.05, 6.2, 3.05], "uv": [56, 14], "mirror": true}
					]
				},
				{
					"name": "RightForeArm",
					"parent": "RightArm",
					"pivot": [-3.875, 24.4, 0.025],
					"cubes": [
						{"origin": [-5.7, 23.74946, -2.88089], "size": [2.85, 2.1, 2.1], "pivot": [-5.02329, 22.47133, -1.12921], "rotation": [-45, 0, 0], "uv": [72, 47]},
						{"origin": [-5.775, 18.65, -1.475], "size": [3, 6, 3], "uv": [34, 53], "mirror": true}
					]
				},
				{
					"name": "RightHand",
					"parent": "RightForeArm",
					"pivot": [-4.375, 18.925, 0.025],
					"cubes": [
						{"origin": [-5.55, 18.15, -1.275], "size": [2.475, 2.1, 2], "pivot": [0, 18.65, -0.575], "rotation": [-45, 0, 0], "uv": [72, 31]},
						{"origin": [-5.575, 17, -1.15], "size": [2.5, 2, 2.15], "uv": [8, 67]},
						{"origin": [-5.675, 17.725, -1.3], "size": [2.75, 0.925, 2.575], "uv": [19, 0]}
					]
				},
				{
					"name": "RightHandLocator",
					"parent": "RightHand",
					"pivot": [-4.375, 17.925, 0.025]
				},
				{
					"name": "Breast",
					"parent": "UpperBody",
					"pivot": [0, 26.89747, -1.63334]
				},
				{
					"name": "Breast1",
					"parent": "Breast",
					"pivot": [0.0125, 27.33714, -1.13014]
				},
				{
					"name": "waiyi",
					"parent": "UpperBody",
					"pivot": [0, 25.04907, -0.075],
					"cubes": [
						{"origin": [2.9035, 24.28659, -3.00042], "size": [0.85, 3.525, 0.275], "pivot": [3.48945, 22.57519, -2.57489], "rotation": [-9.30977, -20.83573, 1.77423], "uv": [118, 66]},
						{"origin": [3.2173, 20.83499, -3.03923], "size": [0.85, 3.525, 0.275], "pivot": [3.4423, 22.59749, -2.90173], "rotation": [-6.40127, -21.86256, -6.20353], "uv": [122, 67]},
						{"origin": [3.81438, 20.8758, -2.43384], "size": [0.85, 5.475, 0.275], "pivot": [4.38938, 21.38205, -2.37134], "rotation": [-18.59348, -71.06372, 9.05546], "uv": [0, 0]},
						{"origin": [-6.26581, 17.34359, 1.87662], "size": [1.675, 3.6, 0.275], "pivot": [-5.60331, 19.09359, 1.71412], "rotation": [172.23433, 80.33568, -178.16923], "uv": [43, 58]},
						{"origin": [-6.07481, 20.75308, 0.5292], "size": [1.675, 3.6, 0.275], "pivot": [-4.51306, 22.60832, 0.93133], "rotation": [172.23433, 80.33568, -176.66923], "uv": [41, 60]},
						{"origin": [-6.23974, 17.33103, 0.09365], "size": [1.675, 3.6, 0.275], "pivot": [-5.55224, 19.03103, 0.08115], "rotation": [-12.6346, 82.39687, -2.54036], "uv": [67, 89]},
						{"origin": [-4.60469, 20.75028, 0.51804], "size": [1.675, 3.6, 0.275], "pivot": [-4.51306, 22.60832, 0.93133], "rotation": [-12.6346, 82.39687, -1.04036], "uv": [46, 32]},
						{"origin": [-3.15623, 20.61089, 0.26658], "size": [1.675, 3.6, 0.275], "pivot": [-4.51306, 22.60832, 0.93133], "rotation": [-18.59348, 71.06372, -7.55546], "uv": [50, 36]},
						{"origin": [-6.33938, 17.3508, -2.43384], "size": [1.675, 3.6, 0.275], "pivot": [-4.38938, 21.38205, -2.37134], "rotation": [-18.59348, 71.06372, -9.05546], "uv": [43, 53]},
						{"origin": [-4.66438, 17.3508, -2.43384], "size": [0.85, 3.6, 0.275], "pivot": [-4.38938, 21.38205, -2.37134], "rotation": [-18.59348, 71.06372, -9.05546], "uv": [122, 67]},
						{"origin": [-4.66438, 20.8758, -2.43384], "size": [0.85, 5.475, 0.275], "pivot": [-4.38938, 21.38205, -2.37134], "rotation": [-18.59348, 71.06372, -9.05546], "uv": [0, 0]},
						{"origin": [3.2173, 17.30999, -3.03923], "size": [0.85, 3.525, 0.275], "pivot": [3.4423, 22.59749, -2.90173], "rotation": [-6.40127, -21.86256, -6.20353], "uv": [121, 66]},
						{"origin": [3.81438, 17.3508, -2.43384], "size": [0.85, 3.6, 0.275], "pivot": [4.38938, 21.38205, -2.37134], "rotation": [-18.59348, -71.06372, 9.05546], "uv": [121, 67]},
						{"origin": [-4.0673, 17.30999, -3.03923], "size": [0.85, 3.525, 0.275], "pivot": [-3.4423, 22.59749, -2.90173], "rotation": [-6.40127, 21.86256, 6.20353], "uv": [121, 66]},
						{"origin": [-4.0673, 20.83499, -3.03923], "size": [0.85, 3.525, 0.275], "pivot": [-3.4423, 22.59749, -2.90173], "rotation": [-6.40127, 21.86256, 6.20353], "uv": [122, 65]},
						{"origin": [-3.7535, 24.28659, -3.00042], "size": [0.85, 3.525, 0.275], "pivot": [-3.48945, 22.57519, -2.57489], "rotation": [-9.30977, 20.83573, -1.77423], "uv": [121, 66]},
						{"origin": [-4.525, 25.22407, -1.875], "size": [1.725, 6.025, 3.875], "uv": [52, 61]},
						{"origin": [2.85, 25.37407, -1.925], "size": [1.725, 5.875, 4.05], "uv": [42, 58]},
						{"origin": [-4.05, 23.39855, 1.69441], "size": [8.2, 6.15, 1.575], "pivot": [0.05, 20.22355, 2.95691], "rotation": [4.75, 0, 0], "uv": [14, 96]},
						{"origin": [-4.05, 20.12355, 2.64441], "size": [8.2, 3.275, 0.625], "pivot": [0.05, 20.22355, 2.95691], "rotation": [4.75, 0, 0], "uv": [45, 100]},
						{"origin": [-4.05, 17.24855, 2.64441], "size": [8.2, 2.9, 0.625], "pivot": [0.05, 20.22355, 2.95691], "rotation": [4.75, 0, 0], "uv": [48, 124]}
					]
				},
				{
					"name": "bone6",
					"parent": "UpBody",
					"pivot": [0.03333, 13.48652, 1.97093],
					"locators": {
						"locator": [0, 0, 0]
					}
				},
				{
					"name": "DownBody",
					"parent": "AllBody",
					"pivot": [0, 22.1491, 0],
					"cubes": [
						{"origin": [0.20927, 19.41455, -1.79], "size": [2, 1, 4.125], "pivot": [0.98427, 20.11455, -0.3], "rotation": [0, 0, -20], "uv": [0, 67]},
						{"origin": [-2.20927, 19.41455, -1.79], "size": [2, 1, 4.125], "pivot": [-0.98427, 20.11455, -0.3], "rotation": [0, 0, 20], "uv": [12, 67]},
						{"origin": [-0.5, 19.2, -1.8], "size": [1, 1.3, 4.325], "uv": [63, 70]},
						{"origin": [-2.5, 20.125, -1.825], "size": [5, 2, 3.05], "uv": [50, 36]},
						{"origin": [-3, 20.075, 0.625], "size": [6, 2.7, 1.225], "pivot": [0, 23.41174, 0.35], "rotation": [12.5, 0, 0], "uv": [63, 4]},
						{"origin": [1.98427, 19.61455, 1.25], "size": [1, 1, 1.125], "pivot": [0.98427, 20.28955, -0.25], "rotation": [0, 0, -20], "uv": [74, 41]},
						{"origin": [-2.98427, 19.61455, 1.25], "size": [1, 1, 1.125], "pivot": [-0.98427, 20.28955, -0.25], "rotation": [0, 0, 20], "uv": [73, 71]},
						{"origin": [1.32283, 19.475, -1.8], "size": [2, 2, 3], "pivot": [-0.00217, 23.825, -0.3], "rotation": [0, 0, -10], "uv": [46, 70]},
						{"origin": [-3.55, 19.325, -1.425], "size": [7.1, 1.2, 3.55], "uv": [46, 32]},
						{"origin": [-3.32283, 19.475, -1.8], "size": [2, 2, 3], "pivot": [0.00217, 23.825, -0.3], "rotation": [0, 0, 10], "uv": [71, 56]},
						{"origin": [-3.4011, 19.36834, 0.5], "size": [1.075, 2.7, 1.35], "pivot": [0, 23.26174, 0.35], "rotation": [12.3159, -2.1539, 9.7676], "uv": [82, 57]},
						{"origin": [2.3261, 19.36834, 0.5], "size": [1.075, 2.7, 1.35], "pivot": [0, 23.26174, 0.35], "rotation": [12.3159, 2.1539, -9.7676], "uv": [24, 83]}
					]
				},
				{
					"name": "bone",
					"parent": "DownBody",
					"pivot": [4.37972, 21.04355, -1.17567],
					"cubes": [
						{"origin": [-3.9263, 19.99684, -1.17422], "size": [0.575, 2, 0.25], "pivot": [-4.37972, 21.04355, -1.17567], "rotation": [-43.84052, 66.83812, -26.19847], "uv": [117, 46]},
						{"origin": [-3.86257, 20.02974, -2.2071], "size": [0.575, 2, 0.25], "pivot": [-3.57507, 21.02974, -1.9071], "rotation": [-19.5, 0, 10], "uv": [116, 49]},
						{"origin": [0.99279, 20.03732, -2.20929], "size": [0.575, 1.925, 0.25], "pivot": [1.28029, 20.99982, -2.08429], "rotation": [-19.39277, 2.08262, -4.10589], "uv": [116, 49]},
						{"origin": [1.41313, 20.05671, -2.41488], "size": [0.575, 1.9, 0.25], "pivot": [2.07563, 21.05671, -2.13988], "rotation": [-19.30173, 2.82811, -1.98102], "uv": [10, 120]},
						{"origin": [-0.31187, 20.05671, -2.41488], "size": [0.575, 1.9, 0.25], "pivot": [2.07563, 21.05671, -2.13988], "rotation": [-19.30173, 2.82811, -1.98102], "uv": [10, 120]},
						{"origin": [0.09938, 20.08852, -2.22651], "size": [0.575, 1.9, 0.25], "pivot": [0.38688, 21.03852, -2.20151], "rotation": [-20.0748, -13.61334, -7.20538], "uv": [116, 49]},
						{"origin": [0.67438, 19.98852, -2.22651], "size": [0.575, 1.9, 0.25], "pivot": [0.38688, 21.03852, -2.20151], "rotation": [-20.0748, -13.61334, -7.20538], "uv": [10, 120]},
						{"origin": [-0.67438, 20.08852, -2.22651], "size": [0.575, 1.9, 0.25], "pivot": [-0.38688, 21.03852, -2.20151], "rotation": [-19.85322, 10.79354, 8.25324], "uv": [116, 49]},
						{"origin": [1.78813, 20.05671, -2.26488], "size": [0.575, 2, 0.25], "pivot": [2.07563, 21.05671, -2.13988], "rotation": [-19.49571, -0.41723, -11.17832], "uv": [116, 49]},
						{"origin": [2.11779, 20.03732, -2.20929], "size": [0.575, 1.925, 0.25], "pivot": [2.40529, 20.99982, -2.08429], "rotation": [-19.39277, 2.08262, -4.10589], "uv": [120, 48]},
						{"origin": [2.53813, 20.05671, -2.41488], "size": [0.575, 1.9, 0.25], "pivot": [3.20063, 21.05671, -2.13988], "rotation": [-19.30173, 2.82811, -1.98102], "uv": [10, 120]},
						{"origin": [2.91313, 20.05671, -2.26488], "size": [0.575, 2, 0.25], "pivot": [3.20063, 21.05671, -2.13988], "rotation": [-19.49571, -0.41723, -11.17832], "uv": [116, 49]},
						{"origin": [3.28757, 20.02974, -2.2071], "size": [0.575, 2, 0.25], "pivot": [3.57507, 21.02974, -1.9071], "rotation": [-19.5, 0, -10], "uv": [10, 120]},
						{"origin": [3.89577, 20.07604, -0.10441], "size": [0.575, 2, 0.25], "pivot": [4.07217, 21.01855, -0.03551], "rotation": [-127.43987, -78.27123, 107.51179], "uv": [10, 120]},
						{"origin": [-3.9263, 19.99684, -1.17422], "size": [0.575, 2, 0.25], "pivot": [-4.37972, 21.04355, -1.17567], "rotation": [-43.84052, 66.83812, -26.19847], "uv": [10, 120]},
						{"origin": [4.04903, 20.03196, -0.30042], "size": [0.575, 1.9, 0.25], "pivot": [4.07217, 21.01855, -0.03551], "rotation": [176.87678, -82.89068, 163.8012], "uv": [10, 120]},
						{"origin": [4.0946, 20.01312, 0.46762], "size": [0.575, 2.025, 0.25], "pivot": [4.1571, 21.01312, 0.46762], "rotation": [134.07723, -79.76702, -152.96444], "uv": [117, 46]},
						{"origin": [4.5446, 20.01312, 0.36762], "size": [0.575, 2.025, 0.25], "pivot": [4.1571, 21.01312, 0.46762], "rotation": [134.07723, -79.76702, -152.96444], "uv": [10, 120]},
						{"origin": [-3.67223, 19.9789, 0.8389], "size": [0.575, 2, 0.25], "pivot": [-4.12803, 21.04355, 1.04097], "rotation": [131.43427, -79.23723, -111.58418], "uv": [10, 120]},
						{"origin": [-4.62403, 20.03196, -0.30042], "size": [0.575, 1.9, 0.25], "pivot": [-4.07217, 21.01855, -0.03551], "rotation": [176.87678, 82.89068, -163.8012], "uv": [10, 120]},
						{"origin": [-4.6696, 20.01312, 0.46762], "size": [0.575, 2.025, 0.25], "pivot": [-4.1571, 21.01312, 0.46762], "rotation": [134.07723, 79.76702, 152.96444], "uv": [117, 46]},
						{"origin": [-5.1196, 20.01312, 0.36762], "size": [0.575, 2.025, 0.25], "pivot": [-4.1571, 21.01312, 0.46762], "rotation": [134.07723, 79.76702, 152.96444], "uv": [10, 120]},
						{"origin": [-5.4446, 20.01312, 0.44262], "size": [0.575, 2.025, 0.25], "pivot": [-4.1571, 21.01312, 0.46762], "rotation": [134.07723, 79.76702, 152.96444], "uv": [114, 47]},
						{"origin": [5.1196, 19.93812, 0.29262], "size": [0.575, 2.025, 0.25], "pivot": [4.1571, 21.01312, 0.46762], "rotation": [134.07723, -79.76702, -152.96444], "uv": [117, 46]},
						{"origin": [-3.67223, 19.9789, -0.7139], "size": [0.575, 2, 0.25], "pivot": [-4.12803, 21.04355, -0.66597], "rotation": [-131.43427, 79.23723, -111.58418], "uv": [10, 120]},
						{"origin": [-3.99128, 19.99724, 1.37422], "size": [0.275, 2, 0.25], "pivot": [-4.37972, 21.04355, 1.55067], "rotation": [45.8687, -65.95633, -28.41169], "uv": [117, 46]},
						{"origin": [-3.9263, 19.99684, 1.29922], "size": [0.575, 2, 0.25], "pivot": [-4.37972, 21.04355, 1.55067], "rotation": [43.84052, -66.83812, -26.19847], "uv": [10, 120]},
						{"origin": [-3.86257, 20.02974, 2.3321], "size": [0.575, 2, 0.25], "pivot": [-3.57507, 21.02974, 2.2821], "rotation": [19.5, 0, 10], "uv": [10, 120]},
						{"origin": [-3.48813, 20.05671, 2.38988], "size": [0.575, 2, 0.25], "pivot": [-3.20063, 21.05671, 2.51488], "rotation": [19.49571, -0.41723, 11.17832], "uv": [117, 46]},
						{"origin": [-3.11313, 20.05671, 2.53988], "size": [0.575, 1.9, 0.25], "pivot": [-3.20063, 21.05671, 2.51488], "rotation": [19.30173, 2.82811, 1.98102], "uv": [10, 120]},
						{"origin": [-2.69279, 20.03732, 2.33429], "size": [0.575, 1.925, 0.25], "pivot": [-2.40529, 20.99982, 2.45929], "rotation": [19.39277, 2.08262, 4.10589], "uv": [117, 46]},
						{"origin": [-2.36313, 20.05671, 2.38988], "size": [0.575, 2, 0.25], "pivot": [-2.07563, 21.05671, 2.51488], "rotation": [19.49571, -0.41723, 11.17832], "uv": [117, 46]},
						{"origin": [-1.98813, 20.05671, 2.53988], "size": [0.575, 1.9, 0.25], "pivot": [-2.07563, 21.05671, 2.51488], "rotation": [19.30173, 2.82811, 1.98102], "uv": [10, 120]},
						{"origin": [-1.56779, 20.03732, 2.33429], "size": [0.575, 1.925, 0.25], "pivot": [-1.28029, 20.99982, 2.45929], "rotation": [19.39277, 2.08262, 4.10589], "uv": [117, 46]},
						{"origin": [-1.09279, 20.03732, 2.43429], "size": [0.575, 1.925, 0.25], "pivot": [-1.28029, 20.99982, 2.45929], "rotation": [19.39277, 2.08262, 4.10589], "uv": [10, 120]},
						{"origin": [-0.67438, 20.08852, 2.35151], "size": [0.575, 1.9, 0.25], "pivot": [-0.38688, 21.03852, 2.57651], "rotation": [20.0748, -13.61334, 7.20538], "uv": [117, 46]},
						{"origin": [-0.26313, 20.05671, 2.53988], "size": [0.575, 1.9, 0.25], "pivot": [-2.07563, 21.05671, 2.51488], "rotation": [19.30173, 2.82811, 1.98102], "uv": [10, 120]},
						{"origin": [0.09938, 20.08852, 2.35151], "size": [0.575, 1.9, 0.25], "pivot": [0.38688, 21.03852, 2.57651], "rotation": [19.85322, 10.79354, -8.25324], "uv": [117, 46]},
						{"origin": [0.51779, 20.03732, 2.43429], "size": [0.575, 1.925, 0.25], "pivot": [1.28029, 20.99982, 2.45929], "rotation": [19.39277, -2.08262, -4.10589], "uv": [10, 120]},
						{"origin": [0.99279, 20.03732, 2.33429], "size": [0.575, 1.925, 0.25], "pivot": [1.28029, 20.99982, 2.45929], "rotation": [19.39277, -2.08262, -4.10589], "uv": [117, 46]},
						{"origin": [1.41313, 20.05671, 2.53988], "size": [0.575, 1.9, 0.25], "pivot": [2.07563, 21.05671, 2.51488], "rotation": [19.30173, -2.82811, -1.98102], "uv": [10, 120]},
						{"origin": [1.78813, 20.05671, 2.38988], "size": [0.575, 2, 0.25], "pivot": [2.07563, 21.05671, 2.51488], "rotation": [19.49571, 0.41723, -11.17832], "uv": [10, 120]},
						{"origin": [2.11779, 20.03732, 2.33429], "size": [0.575, 1.925, 0.25], "pivot": [2.40529, 20.99982, 2.45929], "rotation": [19.39277, -2.08262, -4.10589], "uv": [117, 46]},
						{"origin": [2.53813, 20.05671, 2.53988], "size": [0.575, 1.9, 0.25], "pivot": [3.20063, 21.05671, 2.51488], "rotation": [19.30173, -2.82811, -1.98102], "uv": [10, 120]},
						{"origin": [2.91313, 20.05671, 2.38988], "size": [0.575, 2, 0.25], "pivot": [3.20063, 21.05671, 2.51488], "rotation": [19.49571, 0.41723, -11.17832], "uv": [117, 46]},
						{"origin": [3.28757, 20.02974, 2.3321], "size": [0.575, 2, 0.25], "pivot": [3.57507, 21.02974, 2.2821], "rotation": [19.5, 0, -10], "uv": [10, 120]},
						{"origin": [3.3513, 19.99684, 1.29922], "size": [0.575, 2, 0.25], "pivot": [4.37972, 21.04355, 1.55067], "rotation": [43.84052, 66.83812, 26.19847], "uv": [117, 46]},
						{"origin": [3.09723, 19.9789, 0.8389], "size": [0.575, 2, 0.25], "pivot": [4.12803, 21.04355, 1.04097], "rotation": [131.43427, 79.23723, 111.58418], "uv": [10, 120]},
						{"origin": [-3.26715, 19.86777, -0.0392], "size": [0.575, 2, 0.25], "pivot": [-3.97217, 21.01855, -0.03551], "rotation": [-127.43987, 78.27123, -107.51179], "uv": [10, 120]},
						{"origin": [-3.63095, 20.03803, -0.1892], "size": [0.575, 1.9, 0.25], "pivot": [-3.97217, 21.01855, -0.03551], "rotation": [176.87678, 82.89068, -163.8012], "uv": [117, 46]},
						{"origin": [-3.7842, 20.00684, -0.07542], "size": [0.575, 2, 0.25], "pivot": [-3.97217, 21.01855, -0.03551], "rotation": [-131.43427, 79.23723, -111.58418], "uv": [10, 120]},
						{"origin": [-4.14835, 20.01303, -0.15042], "size": [0.575, 2, 0.25], "pivot": [-3.97217, 21.01855, -0.03551], "rotation": [-127.43987, 78.27123, -107.51179], "uv": [10, 120]},
						{"origin": [-4.83132, 20.07566, -0.7639], "size": [0.575, 1.925, 0.25], "pivot": [-4.12803, 21.04355, -0.66597], "rotation": [-165.38689, 82.6627, -145.92529], "uv": [10, 120]},
						{"origin": [-4.52403, 20.03196, -0.30042], "size": [0.575, 1.9, 0.25], "pivot": [-3.97217, 21.01855, -0.03551], "rotation": [176.87678, 82.89068, -163.8012], "uv": [10, 120]},
						{"origin": [3.19723, 19.9789, -0.7139], "size": [0.575, 2, 0.25], "pivot": [4.22803, 21.04355, -0.66597], "rotation": [-131.43427, -79.23723, 111.58418], "uv": [12, 120]},
						{"origin": [3.15595, 20.03803, -0.1892], "size": [0.575, 1.9, 0.25], "pivot": [4.07217, 21.01855, -0.03551], "rotation": [176.87678, -82.89068, 163.8012], "uv": [12, 120]},
						{"origin": [2.79215, 19.86777, -0.0392], "size": [0.575, 2, 0.25], "pivot": [4.07217, 21.01855, -0.03551], "rotation": [-127.43987, -78.27123, 107.51179], "uv": [119, 46]},
						{"origin": [4.35632, 20.07566, -0.7639], "size": [0.575, 1.925, 0.25], "pivot": [4.22803, 21.04355, -0.66597], "rotation": [-165.38689, -82.6627, 145.92529], "uv": [119, 46]},
						{"origin": [3.71628, 19.99724, -1.24922], "size": [0.275, 2, 0.25], "pivot": [4.37972, 21.04355, -1.17567], "rotation": [-45.8687, -65.95633, 28.41169], "uv": [119, 46]},
						{"origin": [3.3513, 19.99684, -1.17422], "size": [0.575, 2, 0.25], "pivot": [4.37972, 21.04355, -1.17567], "rotation": [-43.84052, -66.83812, 26.19847], "uv": [12, 120]},
						{"origin": [-3.48813, 20.05671, -2.26488], "size": [0.575, 2, 0.25], "pivot": [-3.20063, 21.05671, -2.13988], "rotation": [-19.49571, 0.41723, 11.17832], "uv": [118, 49]},
						{"origin": [-3.8, 21.95, -1.975], "size": [7.625, 0.175, 4.2], "uv": [109, 47]},
						{"origin": [-2.69279, 20.03732, -2.20929], "size": [0.575, 1.925, 0.25], "pivot": [-2.40529, 20.99982, -2.08429], "rotation": [-19.39277, -2.08262, 4.10589], "uv": [118, 49]},
						{"origin": [-3.11313, 20.05671, -2.41488], "size": [0.575, 1.9, 0.25], "pivot": [-3.20063, 21.05671, -2.13988], "rotation": [-19.30173, -2.82811, 1.98102], "uv": [12, 120]},
						{"origin": [-2.36313, 20.05671, -2.26488], "size": [0.575, 2, 0.25], "pivot": [-2.07563, 21.05671, -2.13988], "rotation": [-19.49571, 0.41723, 11.17832], "uv": [125, 51]},
						{"origin": [-1.98813, 20.05671, -2.41488], "size": [0.575, 1.9, 0.25], "pivot": [-2.07563, 21.05671, -2.13988], "rotation": [-19.30173, -2.82811, 1.98102], "uv": [15, 119]},
						{"origin": [0.51779, 20.03732, -2.30929], "size": [0.575, 1.925, 0.25], "pivot": [1.28029, 20.99982, -2.08429], "rotation": [-19.39277, 2.08262, -4.10589], "uv": [12, 120]},
						{"origin": [-1.09279, 20.03732, -2.30929], "size": [0.575, 1.925, 0.25], "pivot": [-1.28029, 20.99982, -2.08429], "rotation": [-19.39277, -2.08262, 4.10589], "uv": [15, 119]},
						{"origin": [-1.56779, 20.03732, -2.20929], "size": [0.575, 1.925, 0.25], "pivot": [-1.28029, 20.99982, -2.08429], "rotation": [-19.39277, -2.08262, 4.10589], "uv": [121, 48]}
					]
				},
				{
					"name": "LeftLeg",
					"parent": "DownBody",
					"pivot": [2.32, 19.55, 0],
					"cubes": [
						{"origin": [0.295, 10.55, -1.7], "size": [3.65, 10, 4.1], "uv": [0, 31]},
						{"origin": [0.245, 13.55, -1.65], "size": [1, 7, 4], "pivot": [0.32, 14.55, 1.3], "rotation": [0, 0, -3], "uv": [0, 53]},
						{"origin": [0.195, 19.13513, -0.19811], "size": [3.65, 2, 3], "pivot": [2.12, 19.93513, 1.70189], "rotation": [14.5, 0, 0], "uv": [65, 11]},
						{"origin": [0.24, 17.83513, 0.05189], "size": [3.6, 2, 3], "pivot": [2.12, 19.93513, 1.70189], "rotation": [-17.5, 0, 0], "uv": [60, 64]}
					]
				},
				{
					"name": "LeftLowerLeg",
					"parent": "LeftLeg",
					"pivot": [2.12, 11.1, 0.25],
					"cubes": [
						{"origin": [0.37, 9.6, -1.325], "size": [3.5, 2.8, 2.8], "pivot": [-0.08, 11.25, 0.325], "rotation": [45, 0, 0], "uv": [10, 31]},
						{"origin": [0.32, 1.9, -1.65], "size": [3.6, 9, 4], "uv": [38, 6]},
						{"origin": [0.245, 4.5, -1.7], "size": [3.7, 0.425, 4.1], "uv": [3, 121]},
						{"origin": [3.57, 4.125, 0], "size": [1.1, 1.05, 0.35], "pivot": [4.12, 4.65, 0.175], "rotation": [0, 9, 0], "uv": [22, 97]},
						{"origin": [3.61302, 4.125, 0.27161], "size": [1.1, 1.05, 0.35], "pivot": [4.16302, 4.65, 0.44661], "rotation": [0, -20.5, 0], "uv": [22, 97]}
					]
				},
				{
					"name": "LeftFoot",
					"parent": "LeftLowerLeg",
					"pivot": [2.1075, 2.75, 0.4375],
					"cubes": [
						{"origin": [0.295, 0, -1.79], "size": [3.65, 3.3, 4.15], "uv": [52, 7]}
					]
				},
				{
					"name": "LeftSole",
					"parent": "LeftFoot",
					"pivot": [2.1575, 1.64523, -1.45569],
					"cubes": [
						{"origin": [0.325, 0.575, -3.725], "size": [3.565, 2, 3], "pivot": [2.6075, 1.4, -2.725], "rotation": [30.25, 0, 0], "uv": [28, 64]},
						{"origin": [0.32, 0.01, -4.175], "size": [3.575, 1.9, 3], "uv": [69, 43]}
					]
				},
				{
					"name": "RightLeg",
					"parent": "DownBody",
					"pivot": [-2.32, 19.55, 0],
					"cubes": [
						{"origin": [-3.945, 10.55, -1.7], "size": [3.65, 10, 4.1], "uv": [26, 23]},
						{"origin": [-1.245, 13.55, -1.65], "size": [1, 7, 4], "pivot": [-0.32, 14.55, 1.3], "rotation": [0, 0, 3], "uv": [50, 49]},
						{"origin": [-3.845, 19.13513, -0.19811], "size": [3.65, 2, 3], "pivot": [-2.12, 19.93513, 1.70189], "rotation": [14.5, 0, 0], "uv": [63, 33]},
						{"origin": [-3.84, 17.83513, 0.05189], "size": [3.6, 2, 3], "pivot": [-2.12, 19.93513, 1.70189], "rotation": [-17.5, 0, 0], "uv": [19, 62]}
					]
				},
				{
					"name": "RightLowerLeg",
					"parent": "RightLeg",
					"pivot": [-2.12, 11.1, 0.25],
					"cubes": [
						{"origin": [-3.92, 1.9, -1.65], "size": [3.6, 9, 4], "uv": [36, 33]},
						{"origin": [-3.945, 4.5, -1.7], "size": [3.7, 0.425, 4.1], "uv": [3, 121], "mirror": true},
						{"origin": [-4.67, 4.125, 0], "size": [1.1, 1.05, 0.35], "pivot": [-4.12, 4.65, 0.175], "rotation": [0, -9, 0], "uv": [22, 97], "mirror": true},
						{"origin": [-4.71302, 4.125, 0.27161], "size": [1.1, 1.05, 0.35], "pivot": [-4.16302, 4.65, 0.44661], "rotation": [0, 20.5, 0], "uv": [22, 97], "mirror": true},
						{"origin": [-3.87, 9.6, -1.325], "size": [3.5, 2.8, 2.8], "pivot": [0.08, 11.25, 0.325], "rotation": [45, 0, 0], "uv": [19, 23]}
					]
				},
				{
					"name": "RightFoot",
					"parent": "RightLowerLeg",
					"pivot": [-2.1075, 2.75, 0.4375],
					"cubes": [
						{"origin": [-3.945, 0, -1.79], "size": [3.65, 3.3, 4.15], "uv": [49, 0]}
					]
				},
				{
					"name": "RightSole",
					"parent": "RightFoot",
					"pivot": [-2.1575, 1.64523, -1.45569],
					"cubes": [
						{"origin": [-3.89, 0.575, -3.725], "size": [3.565, 2, 3], "pivot": [-2.6075, 1.4, -2.725], "rotation": [30.25, 0, 0], "uv": [7, 62]},
						{"origin": [-3.895, 0.01, -4.175], "size": [3.575, 1.9, 3], "uv": [21, 69]}
					]
				}
			]
		}
	]
}