{"format_version":"1.21.0","minecraft:geometry":[{"description":{"identifier":"geometry.unknown","texture_width":128,"texture_height":128,"visible_bounds_width":4,"visible_bounds_height":5.5,"visible_bounds_offset":[0,2.25,0]},"bones":[{"name":"Root","pivot":[0,0,0]},{"name":"AllBody","parent":"Root","pivot":[0,20,0]},{"name":"UpBody","parent":"AllBody","pivot":[0,24,0],"cubes":[{"origin":[-1.3,19.75,-2.425],"size":[5.275,6.025,1],"uv":[27,65]},{"origin":[-1.3,23.75,-2.425],"size":[5.275,6.025,1],"uv":[27,65]},{"origin":[2.525,27.82247,-2.58334],"size":[0.325,0.6,1],"pivot":[2.7875,28.32247,-2.08334],"rotation":[0,0,30],"uv":[5,86]},{"origin":[1.975,27.82247,-2.55834],"size":[0.325,0.6,1],"pivot":[2.0625,28.32247,-2.05834],"rotation":[0,0,-30],"uv":[10,86]},{"origin":[2.25,27.12247,-2.52834],"size":[0.325,0.9,1],"uv":[5,91]},{"origin":[0.35,22.82247,-2.15834],"size":[0.7,0.7,0.7],"pivot":[0.5,23.42247,-1.73334],"rotation":[-7.5,0,0],"uv":[0,0],"mirror":true},{"origin":[-0.95,22.82247,-2.15834],"size":[0.7,0.7,0.7],"pivot":[-0.4,23.42247,-1.73334],"rotation":[-7.5,0,0],"uv":[0,0]},{"origin":[0.35,24.97247,-2.08334],"size":[0.7,0.7,0.7],"uv":[0,0]},{"origin":[0.4,29.425,-2.8],"size":[3.4,2,2.2],"pivot":[1.5,30.425,-1.325],"rotation":[0,0,-12.2084],"uv":[48,4]},{"origin":[0.75,30.675,-2.875],"size":[0.5,0.5,1],"pivot":[1.5,30.125,-1.525],"rotation":[0,0,-12.2084],"uv":[11,37]},{"origin":[-3.8,29.425,-2.8],"size":[3.4,2,2.2],"pivot":[-1.5,30.425,-1.325],"rotation":[0,0,12.2084],"uv":[48,4],"mirror":true},{"origin":[-1.98841,28.02305,-2.4716],"size":[1.4,1.3,2.2],"pivot":[-0.73841,28.99805,-1.7216],"rotation":[0,0,43.571],"uv":[41,4]},{"origin":[-1,20,-2.6],"size":[1,10,2],"uv":[122,121]},{"origin":[-1.48863,28.91031,-2.4812],"size":[5.5,1.1,2.225],"pivot":[1.31137,29.16031,-1.4812],"rotation":[0,0,-19.469],"uv":[20,18]},{"origin":[-4,30.575,-1.9],"size":[8,1,4.2],"inflate":0.01,"uv":[36,8]},{"origin":[-0.85,24.97247,-2.08334],"size":[0.7,0.7,0.7],"uv":[0,0]},{"origin":[-2.7,29.15,-2.125],"size":[5.4,2,4.2],"uv":[54,31]},{"origin":[-4,23.75,-2.325],"size":[8,7,4.65],"uv":[24,21]},{"origin":[-4,19.75,-2.325],"size":[8,7,4.65],"uv":[24,21]}]},{"name":"Kj","parent":"UpBody","pivot":[0,0,0],"cubes":[{"origin":[-1.8,26,-4.5],"size":[4,2.5,1],"uv":[119,74]},{"origin":[1.4,22,-4.5],"size":[2,2.5,1],"uv":[119,50]},{"origin":[-0.5,25.04,-4.7],"size":[1.4,0.1,1.32],"uv":[119,99]},{"origin":[-2.7,25.04,-4.7],"size":[1.4,0.1,1.32],"uv":[119,99]},{"origin":[-2.7,24.4,-5.335],"size":[1.4,0.1,1.32],"pivot":[-2,24.45,-4.675],"rotation":[-90,0,0],"uv":[119,99]},{"origin":[-0.5,24.4,-5.335],"size":[1.4,0.1,1.32],"pivot":[0.2,24.45,-4.675],"rotation":[-90,0,0],"uv":[119,99]},{"origin":[1.7,24.4,-5.335],"size":[1.4,0.1,1.32],"pivot":[2.4,24.45,-4.675],"rotation":[-90,0,0],"uv":[119,99]},{"origin":[1.7,25.04,-4.7],"size":[1.4,0.1,1.32],"uv":[119,99]},{"origin":[1.3,23.2,-4.6],"size":[2.2,0.5,1.1],"uv":[107,54]},{"origin":[1.3,22.2,-4.6],"size":[2.2,0.5,1.1],"uv":[107,54]},{"origin":[-0.1,26.5,-4.75],"size":[0.5,1.5,0.5],"pivot":[0.15,27.25,-4.5],"rotation":[0,0,-45],"uv":[104,73]},{"origin":[5.1,22.2,-0.55],"size":[0.5,1.5,0.5],"pivot":[5.35,22.95,-0.3],"rotation":[-45,0,0],"uv":[104,73]},{"origin":[5.1,22.2,-0.55],"size":[0.5,1.5,0.5],"pivot":[5.35,22.95,-0.3],"rotation":[45,0,0],"uv":[104,73]},{"origin":[0.9,23.3,4.35],"size":[0.5,1.5,0.5],"pivot":[1.15,24.05,4.6],"rotation":[0,0,-45],"uv":[104,73]},{"origin":[-1.1,23.3,4.35],"size":[0.5,1.5,0.5],"pivot":[-0.85,24.05,4.6],"rotation":[0,0,-45],"uv":[104,73]},{"origin":[-0.1,23.3,4.35],"size":[0.5,1.5,0.5],"pivot":[0.15,24.05,4.6],"rotation":[0,0,90],"uv":[104,73]},{"origin":[0.9,23.3,4.35],"size":[0.5,1.5,0.5],"pivot":[1.15,24.05,4.6],"rotation":[0,0,45],"uv":[104,73]},{"origin":[-1.1,23.3,4.35],"size":[0.5,1.5,0.5],"pivot":[-0.85,24.05,4.6],"rotation":[0,0,45],"uv":[104,73]},{"origin":[-0.1,26.5,-4.75],"size":[0.5,1.5,0.5],"pivot":[0.15,27.25,-4.5],"rotation":[0,0,45],"uv":[104,73]},{"origin":[-1.98954,24.65,-3.5],"size":[4,2,0.5],"pivot":[3,25,-3],"rotation":[0,0,70],"uv":[112,10]},{"origin":[-3.98954,26.00208,-3.5],"size":[4,2,0.5],"pivot":[-3,27,-3],"rotation":[0,0,-70],"uv":[90,10]},{"origin":[-3,29,2.5],"size":[1,3,0.5],"uv":[125,10]},{"origin":[-3,29,-3.5],"size":[1,3,0.5],"uv":[125,10]},{"origin":[2,29,2.5],"size":[1,3,0.5],"uv":[125,10]},{"origin":[2,29,-3.5],"size":[1,3,0.5],"uv":[125,10]},{"origin":[2,21,7.5],"size":[1,6,0.5],"pivot":[0,24,0],"rotation":[90,0,0],"uv":[125,10]},{"origin":[-3,21,7.5],"size":[1,6,0.5],"pivot":[0,24,0],"rotation":[90,0,0],"uv":[125,10]},{"origin":[-3,27,-3.5],"size":[6,3,0.5],"uv":[114,0]},{"origin":[-3.3,30.5,2.5],"size":[1.4,1,0.5],"pivot":[-3,30,3],"rotation":[0,0,-40],"uv":[98,19]},{"origin":[2.1,30,2.5],"size":[1.4,1,0.5],"pivot":[4,30,3],"rotation":[0,0,40],"uv":[98,19]},{"origin":[-4.2,21,2.5],"size":[8.4,10,0.5],"uv":[98,19]},{"origin":[-3.2,28,2.5],"size":[6.4,1,1],"uv":[97,42]},{"origin":[-3.2,26,2.5],"size":[6.4,1,1],"uv":[97,42]},{"origin":[-3.1,23.2,-4.6],"size":[2.2,0.5,1.1],"uv":[107,54]},{"origin":[-0.9,23.2,-4.6],"size":[2.2,0.5,1.1],"uv":[107,54]},{"origin":[-3.1,22.2,-4.6],"size":[2.2,0.5,1.1],"uv":[107,54]},{"origin":[-0.9,22.2,-4.6],"size":[2.2,0.5,1.1],"uv":[107,54]},{"origin":[-3,22,-4.5],"size":[2,2.5,1],"uv":[119,50]},{"origin":[-0.8,22,-4.5],"size":[2,2.5,1],"uv":[119,50]},{"origin":[-3.2,24,2.5],"size":[6.4,1,1],"uv":[97,42]},{"origin":[-3.2,22,2.5],"size":[6.4,1,1],"uv":[97,42]},{"origin":[-3.2,22.4,2.6],"size":[6.4,1.12,1.8],"pivot":[0,22.96,3.5],"rotation":[42.5,0,0],"uv":[98,81]},{"origin":[2.9,22.34746,2.50535],"size":[1.8,0.72,1.8],"pivot":[3.3,22.41254,3.13512],"rotation":[21.16931,37.75546,-57.68777],"uv":[98,81]},{"origin":[-4.7,22.72278,2.34021],"size":[1.8,0.72,1.8],"pivot":[-3.3,22.81254,3.53512],"rotation":[21.16931,-37.75546,57.68777],"uv":[103,81]},{"origin":[2.9,25.04264,3.51137],"size":[2.4,0.22,0.84],"pivot":[3.1,25.49742,4.28767],"rotation":[27.5,65,0],"uv":[121,79]},{"origin":[3.67349,25.11507,3.92666],"size":[0.2,0.12,0.44],"pivot":[3.77349,25.17507,4.14666],"rotation":[137.5,65,0],"uv":[124,80]},{"origin":[2.9,24.99264,3.41137],"size":[2.4,1.02,0.84],"pivot":[3.1,25.44742,4.18767],"rotation":[27.5,65,0],"uv":[101,85]},{"origin":[-3.2,25.07559,2.86272],"size":[6.4,1.02,1.8],"pivot":[0,24.96,4.5],"rotation":[27.5,0,0],"uv":[96,84]},{"origin":[-3.2,25.17559,3.03772],"size":[6.4,0.22,1.8],"pivot":[0,25.06,4.675],"rotation":[27.5,0,0],"uv":[115,79]},{"origin":[-5.325,25.03243,3.37856],"size":[2.4,1.02,0.8],"pivot":[-3.125,25.56093,4.20242],"rotation":[27.5,-65,0],"uv":[102,85]},{"origin":[-5.425,25.10743,3.47856],"size":[2.4,0.22,0.8],"pivot":[-3.225,25.63593,4.30242],"rotation":[27.5,-65,0],"uv":[123,79]},{"origin":[-3.2,25.01314,2.33378],"size":[6.4,1.02,1.8],"uv":[96,87]},{"origin":[-3.2,23,2.8],"size":[6.4,2.12,1.8],"uv":[98,77]},{"origin":[-5.6,23,2.5],"size":[2.4,2.12,1.8],"pivot":[-3.4,24.06,4.4],"rotation":[0,-65,0],"uv":[102,77]},{"origin":[3.2,23,2.5],"size":[2.4,2.12,1.8],"pivot":[3.4,24.06,4.4],"rotation":[0,65,0],"uv":[98,77]},{"origin":[8.7,21,8],"size":[6,1,0.5],"pivot":[8,24,-4],"rotation":[0,-90,0],"uv":[115,37]},{"origin":[8.7,25,8],"size":[6,1,0.5],"pivot":[8,24,-4],"rotation":[0,-90,0],"uv":[115,37]},{"origin":[8.7,23,8],"size":[6,1,0.5],"pivot":[8,24,-4],"rotation":[0,-90,0],"uv":[115,37]},{"origin":[8.7,25,-0.5],"size":[6,1,0.5],"pivot":[8,24,-4],"rotation":[0,-90,0],"uv":[115,37]},{"origin":[8.7,23,-0.5],"size":[6,1,0.5],"pivot":[8,24,-4],"rotation":[0,-90,0],"uv":[115,37]},{"origin":[8.7,21,-0.5],"size":[6,1,0.5],"pivot":[8,24,-4],"rotation":[0,-90,0],"uv":[115,37]},{"origin":[10,21,-0.7],"size":[3.4,4.6,0.7],"pivot":[8,24,-4],"rotation":[0,-90,0],"uv":[121,44]},{"origin":[10.7,21,-0.7],"size":[3.4,3.6,0.7],"pivot":[8.7,24,-4],"rotation":[0,-90,0],"uv":[121,44]},{"origin":[3.75,24.6,-0.25],"size":[3.4,1.3,1.1],"pivot":[5.45,24.6,-0.3],"rotation":[0,-90,-37.5],"uv":[121,25]},{"origin":[3.95873,24.525,1.6009],"size":[1.2,0.6,0.7],"pivot":[4.70873,24.525,1.69109],"rotation":[-62.5,-150,0],"uv":[123,46]},{"origin":[5.475,21,1.425],"size":[1.2,3.6,0.7],"pivot":[5.45,22.8,1.375],"rotation":[0,-150,0],"uv":[124,29]},{"origin":[4.35,21,-1.95],"size":[1.1,3.6,0.7],"pivot":[5.45,22.8,-2],"rotation":[0,-30,0],"uv":[124,28]},{"origin":[4.42369,24.6,-2.33218],"size":[1.1,0.6,0.7],"pivot":[4.77369,24.6,-2.32859],"rotation":[-62.5,-30,0],"uv":[123,46]},{"origin":[-4.2,21,-3.5],"size":[8.4,6,0.5],"uv":[88,0]},{"origin":[-5.52369,24.6,-2.33218],"size":[1.1,0.6,0.7],"pivot":[-4.77369,24.6,-2.32859],"rotation":[-62.5,30,0],"uv":[123,46],"mirror":true},{"origin":[-13.4,21,-0.7],"size":[3.4,4.6,0.7],"pivot":[-8,24,-4],"rotation":[0,90,0],"uv":[121,44],"mirror":true},{"origin":[-5.15873,24.525,1.6009],"size":[1.2,0.6,0.7],"pivot":[-4.70873,24.525,1.69109],"rotation":[-62.5,150,0],"uv":[123,46],"mirror":true},{"origin":[-7.15,24.6,-0.25],"size":[3.4,1.3,1.1],"pivot":[-5.45,24.6,-0.3],"rotation":[0,90,37.5],"uv":[121,25],"mirror":true},{"origin":[-14.1,21,-0.7],"size":[3.4,3.6,0.7],"pivot":[-8.7,24,-4],"rotation":[0,90,0],"uv":[121,44],"mirror":true},{"origin":[-14.1,21,-0.7],"size":[3.4,3.6,0.7],"pivot":[-8.7,24,-4],"rotation":[0,90,0],"uv":[121,44],"mirror":true},{"origin":[-5.6,22.2,-0.55],"size":[0.5,1.5,0.5],"pivot":[-5.35,22.95,-0.3],"rotation":[45,0,0],"uv":[104,73],"mirror":true},{"origin":[-5.6,22.2,-0.55],"size":[0.5,1.5,0.5],"pivot":[-5.35,22.95,-0.3],"rotation":[-45,0,0],"uv":[104,73],"mirror":true},{"origin":[-5.45,21,-1.95],"size":[1.1,3.6,0.7],"pivot":[-5.45,22.8,-2],"rotation":[0,30,0],"uv":[124,28],"mirror":true},{"origin":[-6.675,21,1.425],"size":[1.2,3.6,0.7],"pivot":[-5.45,22.8,1.375],"rotation":[0,150,0],"uv":[124,29],"mirror":true}]},{"name":"AllHead","parent":"UpBody","pivot":[0,31.2,0],"cubes":[{"origin":[-1.5,30.925,-1.525],"size":[3,2,3],"uv":[0,71]}]},{"name":"Head","parent":"AllHead","pivot":[0,32,0],"cubes":[{"origin":[-3.5,32.05,-4],"size":[7,8,8],"uv":[0,0]},{"origin":[-4.57678,33.25,-1.67678],"size":[2,2.3,1],"pivot":[-3.6,34.75,-1],"rotation":[8.64388,29.7174,4.30963],"uv":[62,19]},{"origin":[2.57678,33.25,-1.67678],"size":[2,2.3,1],"pivot":[3.6,34.75,-1],"rotation":[8.64388,-29.7174,-4.30963],"uv":[66,7]},{"origin":[-1.5,30.85,-1.5],"size":[3,2,3],"inflate":0.01,"uv":[51,68]},{"origin":[-1.5,32.03223,-0.73223],"size":[3,2.12132,2.12132],"pivot":[0,33.15355,0.76777],"rotation":[45,0,0],"uv":[71,67]},{"origin":[-1.5,29.73934,-0.56066],"size":[3,2.12132,2.12132],"pivot":[0,30.8,0.5],"rotation":[45,0,0],"uv":[70,18]}]},{"name":"Tk","parent":"Head","pivot":[0,31.2,0],"cubes":[{"origin":[2.5,42,-4],"size":[5,1,7],"pivot":[2.5,42,-0.5],"rotation":[0,0,65],"uv":[0,101]},{"origin":[2.09678,38.29739,-6],"size":[2,1,2],"pivot":[5.09678,38.79739,-3.5],"rotation":[45,0,65],"uv":[5,106]},{"origin":[-1,42.5,-3.7],"size":[2,1,6],"pivot":[0,42,2],"rotation":[-120,0,180],"uv":[49,104]},{"origin":[-3,42,-4],"size":[6,1,6],"pivot":[0,42,2],"rotation":[-120,0,180],"uv":[70,96]},{"origin":[-1,42.5,-7],"size":[2,1,4],"pivot":[0,42,-3],"rotation":[57.5,0,0],"uv":[78,106]},{"origin":[2.64824,37.7,0.3672],"size":[2,1,3],"pivot":[3.64824,38.12192,3.8672],"rotation":[-65.2405,43.85328,3.3133],"uv":[0,110]},{"origin":[-3,41.5,-4],"size":[6,1,7],"uv":[47,91]},{"origin":[3.64363,38.2,2.75],"size":[2,1,3],"pivot":[4.64363,38.58608,2.5],"rotation":[-42.5,0,65],"uv":[0,110]},{"origin":[-3,42,-8],"size":[6,1,5],"pivot":[0,42,-3],"rotation":[57.5,0,0],"uv":[71,97]},{"origin":[-1,42,-4],"size":[2,1,7],"uv":[70,117]},{"origin":[-4.64824,37.6,0.3672],"size":[2,1,3],"pivot":[-3.64824,38.12192,3.8672],"rotation":[-65.24052,-41.92831,-9.61432],"uv":[56,117]},{"origin":[-5.64363,38.2,2.75],"size":[2,1,3],"pivot":[-4.64363,38.58608,2.5],"rotation":[-42.5,0,-65],"uv":[56,117]},{"origin":[-7.5,42,-4],"size":[5,1,7],"pivot":[-2.5,42,-0.5],"rotation":[0,0,-65],"uv":[52,113]},{"origin":[3.64363,38.2,2.75],"size":[2,1,3],"pivot":[4.64363,38.58608,2.5],"rotation":[-42.5,0,65],"uv":[0,110]},{"origin":[-6.09678,38.29739,-7],"size":[2,1,3],"pivot":[-5.09678,38.79739,-3.5],"rotation":[45,0,-65],"uv":[56,117]},{"origin":[4.09678,38.29739,-7],"size":[2,1,3],"pivot":[5.09678,38.79739,-3.5],"rotation":[45,0,65],"uv":[4,105]},{"origin":[-4.09678,38.29739,-6],"size":[2,1,2],"pivot":[-5.09678,38.79739,-3.5],"rotation":[45,0,-65],"uv":[57,118]}]},{"name":"MZ","parent":"Tk","pivot":[-0.02188,38.1875,-3.92203],"cubes":[{"origin":[4.5,38,-6],"size":[0.5,1,2],"uv":[5,121]},{"origin":[4,38,-10],"size":[0.5,1,4],"pivot":[4.75,38.5,-6.5],"rotation":[0,47.5,0],"uv":[3,119]},{"origin":[1.8,38,-5.8],"size":[0.5,1,4],"pivot":[3.30629,38.5,-7.14475],"rotation":[0,-90,0],"uv":[3,119]},{"origin":[-4.9,38,-9.8],"size":[0.5,1,4],"pivot":[-4.75,38.5,-6],"rotation":[0,-47.5,0],"uv":[3,119]},{"origin":[-5,38,-6],"size":[0.5,1,2],"uv":[5,121]},{"origin":[4,32,-10],"size":[0.5,6,4],"pivot":[4.75,38.5,-6.5],"rotation":[0,47.5,0],"uv":[34,106]},{"origin":[1.8,32,-5.8],"size":[0.5,6,4],"pivot":[3.30629,38.5,-7.14475],"rotation":[0,-90,0],"uv":[35,106]},{"origin":[-4.9,32,-9.8],"size":[0.5,6,4],"pivot":[-4.75,38.5,-6],"rotation":[0,-47.5,0],"uv":[35,106]}]},{"name":"Rj","parent":"Tk","pivot":[4.5,34.7,-1],"cubes":[{"origin":[3,34.2,-0.5],"size":[1,1,1.5],"uv":[85,31]},{"origin":[4,34.2,0],"size":[1,1,0.5],"uv":[104,106]},{"origin":[3,33.69497,-0.5],"size":[1,1,1.5],"uv":[85,33]},{"origin":[4,33.69497,-0.00503],"size":[1,1,0.5],"uv":[104,106]},{"origin":[3,34.64437,-0.08787],"size":[1,1.41421,0.85355],"pivot":[3.5,35.20503,0.21213],"rotation":[45,0,0],"uv":[85,33]},{"origin":[4,35.00503,-0.08787],"size":[1,0.7,0.5],"pivot":[4.5,35.20503,0.21213],"rotation":[45,0,0],"uv":[104,106]},{"origin":[4,34.93431,-2.44142],"size":[1,0.7,0.5],"pivot":[4.5,35.13431,-2.14142],"rotation":[-45,0,0],"uv":[104,106]},{"origin":[4,34.93431,-2.44142],"size":[1,0.7,0.5],"pivot":[4.5,35.13431,-2.14142],"rotation":[-45,0,0],"uv":{"north":{"uv":[104,106],"uv_size":[1,0.6]},"east":{"uv":[104,106],"uv_size":[0,0.6]},"south":{"uv":[105,106],"uv_size":[1,0.6]},"west":{"uv":[105,106],"uv_size":[0,0.6]},"up":{"uv":[104,106],"uv_size":[1,0]},"down":{"uv":[105,106],"uv_size":[1,0]}}},{"origin":[3,33.6364,-1.3],"size":[1,1.41066,1.56066],"pivot":[3.5,33.48284,-1],"rotation":[-45,0,0],"uv":[86,32]},{"origin":[4,33.28284,-0.3],"size":[1,0.7,0.5],"pivot":[4.5,33.48284,0],"rotation":[-45,0,0],"uv":{"north":{"uv":[104,106],"uv_size":[1,0.6]},"east":{"uv":[104,106],"uv_size":[0,0.6]},"south":{"uv":[105,106],"uv_size":[1,0.6]},"west":{"uv":[105,106],"uv_size":[0,0.6]},"up":{"uv":[104,106],"uv_size":[1,0]},"down":{"uv":[105,106],"uv_size":[1,0]}}},{"origin":[3.6863,42.5028,-1.625],"size":[0.25,3.6,1.25],"pivot":[3.57233,42.31758,-1],"rotation":[0,0,-75],"uv":[99,35]},{"origin":[4,33.2,-2],"size":[1,2.5,2],"uv":[102,104]},{"origin":[3,33.69497,-2.995],"size":[1,1,1.5],"uv":[85,32]},{"origin":[4,33.69497,-2.49497],"size":[1,1,0.5],"uv":[104,106]},{"origin":[4,33.69497,-2.49497],"size":[1,1,0.5],"uv":[104,106]},{"origin":[4,34.20503,-2.49497],"size":[1,1,0.5],"uv":[104,106]},{"origin":[4,34.20503,-2.49497],"size":[1,1,0.5],"uv":[104,106]},{"origin":[3,33.18556,-2.63485],"size":[1,1.40712,1.85355],"pivot":[3.5,33.70912,-1.7313],"rotation":[45,0,0],"uv":[86,32]},{"origin":[4,33.53912,-2.2813],"size":[1,0.7,0.5],"pivot":[4.5,33.70912,-1.7313],"rotation":[45,0,0],"uv":[104,106]},{"origin":[3,34.58078,-3.08787],"size":[1,1.40712,0.99998],"pivot":[3.5,34.78078,-2.28791],"rotation":[-45,0,0],"uv":[87,38],"mirror":true},{"origin":[-4,34.20503,-2.995],"size":[1,1,1.5],"uv":[86,34],"mirror":true},{"origin":[-4,34.20503,-2.995],"size":[1,1,1.5],"uv":[86,34],"mirror":true},{"origin":[3,32.7,-2],"size":[1,3.5,2],"uv":[85,26]},{"origin":[4,33.69497,-2.49497],"size":[1,1,0.5],"uv":[104,106]},{"origin":[4,33.53912,-2.2813],"size":[1,0.7,0.5],"pivot":[4.5,33.70912,-1.7313],"rotation":[45,0,0],"uv":{"north":{"uv":[104,106],"uv_size":[1,0.6]},"east":{"uv":[104,106],"uv_size":[0,0.6]},"south":{"uv":[105,106],"uv_size":[1,0.6]},"west":{"uv":[105,106],"uv_size":[0,0.6]},"up":{"uv":[104,106],"uv_size":[1,0]},"down":{"uv":[105,106],"uv_size":[1,0]}}},{"origin":[4,33.69497,-0.00503],"size":[1,1,0.5],"uv":[104,106]},{"origin":[4,34.2,0],"size":[1,1,0.5],"uv":[104,106]},{"origin":[4,35.00503,-0.08787],"size":[1,0.7,0.5],"pivot":[4.5,35.20503,0.21213],"rotation":[45,0,0],"uv":{"north":{"uv":[104,106],"uv_size":[1,0.6]},"east":{"uv":[104,106],"uv_size":[0,0.6]},"south":{"uv":[105,106],"uv_size":[1,0.6]},"west":{"uv":[105,106],"uv_size":[0,0.6]},"up":{"uv":[104,106],"uv_size":[1,0]},"down":{"uv":[105,106],"uv_size":[1,0]}}},{"origin":[4,33.28284,-0.3],"size":[1,0.7,0.5],"pivot":[4.5,33.48284,0],"rotation":[-45,0,0],"uv":[104,106]},{"origin":[4,33.2,-2],"size":[1,2.5,2],"uv":[102,104]},{"origin":[5,33.7,-1.75],"size":[0.5,1.5,1.5],"uv":[84,42]},{"origin":[4,33.7,-1.75],"size":[0.5,0.5,-2.5],"pivot":[4.25,33.95,-2],"rotation":[0,10,0],"uv":[89,54]},{"origin":[3.6527,33.7,-3.68923],"size":[0.5,0.5,-2.5],"pivot":[3.72906,33.95,-3.95442],"rotation":[11.20948,44.87267,1.83281],"uv":[89,54]},{"origin":[2.8161,33.42567,-5.29494],"size":[0.5,0.5,-2.5],"pivot":[2.76884,33.7322,-5.15185],"rotation":[60.16413,80.8619,53.72055],"uv":[89,54]},{"origin":[2.0636,33.2424,-7.2186],"size":[0.7,0.7,-1],"pivot":[2.41361,33.59235,-5.4686],"rotation":[60.16413,80.8619,53.72055],"uv":[104,49]},{"origin":[5.3,34.7,-1.625],"size":[0.25,1.5,1.25],"uv":[99,35]},{"origin":[5.3,36.2,-1.625],"size":[0.25,2,1.25],"uv":[99,35]},{"origin":[-5,33.2,-2],"size":[1,2.5,2],"uv":[102,104],"mirror":true},{"origin":[-5.5,33.7,-1.75],"size":[0.5,1.5,1.5],"uv":[84,42],"mirror":true},{"origin":[5.3,38.2,-1.625],"size":[0.25,5,1.25],"pivot":[5.425,38.2,-1],"rotation":[0,0,-25],"uv":[99,35]},{"origin":[-5.55,34.7,-1.625],"size":[0.25,1.5,1.25],"uv":[99,35],"mirror":true},{"origin":[-3.9363,42.5028,-1.625],"size":[0.25,3.6,1.25],"pivot":[-3.57233,42.31758,-1],"rotation":[0,0,75],"uv":[99,35],"mirror":true},{"origin":[-5.55,36.2,-1.625],"size":[0.25,2,1.25],"uv":[99,35],"mirror":true},{"origin":[-4,32.7,-2],"size":[1,3.5,2],"uv":[85,26],"mirror":true},{"origin":[-4,32.7,-2],"size":[1,3.5,2],"uv":[85,26],"mirror":true},{"origin":[-5,35.00503,-0.08787],"size":[1,0.7,0.5],"pivot":[-4.5,35.20503,0.21213],"rotation":[45,0,0],"uv":[104,106],"mirror":true},{"origin":[-4,34.64437,-0.08787],"size":[1,1.41421,0.85355],"pivot":[-3.5,35.20503,0.21213],"rotation":[45,0,0],"uv":[85,33],"mirror":true},{"origin":[-5,34.2,0],"size":[1,1,0.5],"uv":[104,106],"mirror":true},{"origin":[-4,34.2,-0.5],"size":[1,1,1.5],"uv":[85,31],"mirror":true},{"origin":[-5.55,38.2,-1.625],"size":[0.25,5,1.25],"pivot":[-5.425,38.2,-1],"rotation":[0,0,25],"uv":[99,35],"mirror":true},{"origin":[-5,33.28284,-0.3],"size":[1,0.7,0.5],"pivot":[-4.5,33.48284,0],"rotation":[-45,0,0],"uv":[104,106],"mirror":true},{"origin":[-5,33.69497,-0.00503],"size":[1,1,0.5],"uv":[104,106],"mirror":true},{"origin":[-4,33.6364,-1.3],"size":[1,1.41066,1.56066],"pivot":[-3.5,33.48284,-1],"rotation":[-45,0,0],"uv":[86,32],"mirror":true},{"origin":[-4,33.69497,-0.5],"size":[1,1,1.5],"uv":[85,33],"mirror":true},{"origin":[-5,33.53912,-2.2813],"size":[1,0.7,0.5],"pivot":[-4.5,33.70912,-1.7313],"rotation":[45,0,0],"uv":[104,106],"mirror":true},{"origin":[-5,33.69497,-2.49497],"size":[1,1,0.5],"uv":[104,106],"mirror":true},{"origin":[-4,33.18556,-2.63485],"size":[1,1.40712,1.85355],"pivot":[-3.5,33.70912,-1.7313],"rotation":[45,0,0],"uv":[86,32],"mirror":true},{"origin":[-5,33.69497,-2.49497],"size":[1,1,0.5],"uv":[104,106],"mirror":true},{"origin":[-5,34.20503,-2.49497],"size":[1,1,0.5],"uv":[104,106],"mirror":true},{"origin":[3,34.20503,-2.995],"size":[1,1,1.5],"uv":[86,34]},{"origin":[-4,34.58078,-3.08787],"size":[1,1.40712,0.99998],"pivot":[-3.5,34.78078,-2.28791],"rotation":[-45,0,0],"uv":[87,38]},{"origin":[-5,34.93431,-2.44142],"size":[1,0.7,0.5],"pivot":[-4.5,35.13431,-2.14142],"rotation":[-45,0,0],"uv":[104,106],"mirror":true},{"origin":[-4,33.69497,-2.995],"size":[1,1,1.5],"uv":[87,32],"mirror":true}]},{"name":"Face","parent":"Head","pivot":[0,32,0]},{"name":"Eyes","parent":"Face","pivot":[0,34.075,-0.5]},{"name":"Eyebrow","parent":"Eyes","pivot":[2.875,34.875,-3.625]},{"name":"LeftEyebrow","parent":"Eyebrow","pivot":[2.875,34.875,-3.625],"cubes":[{"origin":[1.275,34.875,-4.125],"size":[2.25,1,1],"uv":[22,5]}]},{"name":"RightEyebrow","parent":"Eyebrow","pivot":[-2.875,34.875,-3.625],"cubes":[{"origin":[-3.525,34.875,-4.125],"size":[2.25,1,1],"uv":[45,41]}]},{"name":"Eyelid","parent":"Eyes","pivot":[0,34.775,-0.3]},{"name":"LeftEyelid","parent":"Eyelid","pivot":[2.5,33.075,-3.525],"cubes":[{"origin":[1.4,33.075,-4.025],"size":[2,2,1],"uv":[26,42]}]},{"name":"LeftEyesBase","parent":"LeftEyelid","pivot":[2.325,33.075,-3.525],"cubes":[{"origin":[1.525,33.075,-4.05],"size":[1.4,2,1],"uv":[16,66]},{"origin":[2.275,34.075,-4.45],"size":[1.2,1.05,1],"inflate":-0.35,"uv":[32,18]}]},{"name":"LeftPupil","parent":"LeftEyesBase","pivot":[2.225,34.075,-3.575],"cubes":[{"origin":[1.925,33.575,-4.075],"size":[0.6,1,1],"uv":[0,0]}]},{"name":"RightEyelid","parent":"Eyelid","pivot":[-2.5,33.075,-3.525],"cubes":[{"origin":[-3.4,33.075,-4.025],"size":[2,2,1],"uv":[26,42],"mirror":true}]},{"name":"RightEyesBase","parent":"RightEyelid","pivot":[-2.325,33.075,-3.525],"cubes":[{"origin":[-2.925,33.075,-4.05],"size":[1.4,2,1],"uv":[16,66],"mirror":true},{"origin":[-2.25,34.075,-4.45],"size":[1.2,1.05,1],"inflate":-0.35,"uv":[32,18]}]},{"name":"RightPupil","parent":"RightEyesBase","pivot":[-2.225,34.075,-3.575],"cubes":[{"origin":[-2.525,33.575,-4.075],"size":[0.6,1,1],"uv":[0,0],"mirror":true}]},{"name":"Hair","parent":"Head","pivot":[-0.14783,37.09457,0.39674],"cubes":[{"origin":[-1.5,38.15,-4.85],"size":[3,1,1],"uv":[4,34]},{"origin":[-3.83999,35.38427,-5.20911],"size":[1,4,1],"pivot":[-2.88999,37.25927,-5.03411],"rotation":[2.56644,3.94257,20.34246],"uv":[66,12]},{"origin":[-2.94072,36.78761,-5.21646],"size":[1,2,1],"pivot":[-2.49072,37.38761,-4.46646],"rotation":[2.83532,3.75401,24.34705],"uv":[34,72]},{"origin":[-0.66894,36.87878,-4.59281],"size":[1,2,1],"pivot":[0.33106,37.57878,-3.79281],"rotation":[7.65761,0.79191,-2.41522],"uv":[72,31]},{"origin":[0.33106,36.87878,-4.59281],"size":[1,2,1],"pivot":[0.33106,37.57878,-3.79281],"rotation":[7.65761,0.79191,-2.41522],"uv":[70,43]},{"origin":[-2.5,38.15,-4.975],"size":[1,1,1],"pivot":[-2.5,37.35,-4.425],"rotation":[-5,0,0],"uv":[34,37]},{"origin":[-4.4625,36.05,-4.125],"size":[1,3,3],"uv":[29,72]},{"origin":[3.4625,35.05,-4.225],"size":[1,4,3],"uv":[0,0]},{"origin":[-3,33.075,3.675],"size":[6,6,1],"uv":[0,62]},{"origin":[-4.425,33.95,0.05],"size":[1,6,2],"uv":[0,16]},{"origin":[-4.425,34.95,-0.95],"size":[1,5,1],"uv":[38,56]},{"origin":[-4.425,35.3,2.05],"size":[1,4,1],"uv":[66,0]},{"origin":[-4.425,35.95,-1.95],"size":[1,3,1],"uv":[0,54]},{"origin":[3.425,35.95,-1.95],"size":[1,3,1],"uv":[0,54],"mirror":true},{"origin":[3.425,34.95,-0.95],"size":[1,5,1],"uv":[38,56],"mirror":true},{"origin":[3.425,33.95,0.05],"size":[1,6,2],"uv":[0,16],"mirror":true},{"origin":[3.425,35.3,2.05],"size":[1,4,1],"uv":[66,0],"mirror":true},{"origin":[-4.34366,33.65192,-4.06743],"size":[1,3,1],"pivot":[-4.09789,35.03609,-3.43507],"rotation":[-4.95744,0.65182,-2.52822],"uv":[36,8]},{"origin":[3.0106,33.52438,-3.9],"size":[1,3,2],"pivot":[3.5106,35.02438,-2.825],"rotation":[0,0,10],"uv":[0,45]},{"origin":[-1.5,38.15,-4.75],"size":[3,2,1],"uv":[20,21]},{"origin":[-3,39.95,-3.825],"size":[6,1,7],"uv":[22,0]},{"origin":[-2,40.95,-2.825],"size":[4,1,5],"uv":[25,50]},{"origin":[-3,40.95,-1.825],"size":[1,1,3],"uv":[50,31]},{"origin":[2,40.95,-1.825],"size":[1,1,3],"uv":[50,31],"mirror":true},{"origin":[-4,38.775,-2.825],"size":[1,2,5],"uv":[39,66]},{"origin":[3,38.775,-2.825],"size":[1,2,5],"uv":[39,66],"mirror":true},{"origin":[-3.5,37.15,-4.55],"size":[1,2,1],"pivot":[-2.5,37.45,-4.425],"rotation":[-5,0,0],"uv":[60,68]}]},{"name":"CeFa","parent":"Hair","pivot":[2.69443,37.34639,-4.425],"rotation":[-0.39002,-3.59934,27.36488],"cubes":[{"origin":[2.71619,35.3745,-4.76485],"size":[1,3,1],"pivot":[2.87263,36.73528,-4.41768],"rotation":[1.0771,-1.74006,-73.17342],"uv":[39,66]},{"origin":[3.48003,34.99532,-4.82044],"size":[1,3,1],"pivot":[3.32791,36.73584,-4.425],"rotation":[0,0,-50],"uv":[20,66]},{"origin":[2.48003,37.99532,-4.82044],"size":[2,2,1],"pivot":[3.32791,36.73584,-4.425],"rotation":[0,0,-50],"uv":[30,47]}]},{"name":"MaWei_Left","parent":"Hair","pivot":[-1,16,0]},{"name":"MaWei_A3","parent":"MaWei_Left","pivot":[3.8,38.875,3.325],"rotation":[-2.70666,55.20491,-3.08078],"cubes":[{"origin":[2.96424,35.04461,2.811],"size":[2,4,1],"uv":[22,0]},{"origin":[4.25716,33.48397,3.91109],"size":[1.025,1,1],"pivot":[3.81171,35.67693,3.80072],"rotation":[82.02922,66.97135,81.747],"uv":[4,16],"mirror":true},{"origin":[3.98319,34.20562,2.88609],"size":[1.025,1,2],"pivot":[3.81171,35.67693,3.80072],"rotation":[73.14394,79.21788,72.51488],"uv":[30,37],"mirror":true}]},{"name":"CeFaB13","parent":"MaWei_A3","pivot":[-1.28671,35.25193,-0.54928],"rotation":[168.33566,-33.18888,-159.36232],"cubes":[{"origin":[-2.64695,33.85647,-1.63335],"size":[1.025,2,2],"pivot":[-1.28671,35.25193,-0.54928],"rotation":[18.51271,7.70439,-0.17525],"uv":[56,13]},{"origin":[-2.90062,33.16847,-0.60835],"size":[1.025,1,1],"pivot":[-1.28671,35.25193,-0.54928],"rotation":[16.49015,11.47771,-12.26406],"uv":[4,16]},{"origin":[-2.18346,34.86522,-6.21258],"size":[1.025,2,2],"pivot":[-1.29187,35.16356,-5.09205],"rotation":[-13.84182,-5.83672,-4.84116],"uv":[56,13]},{"origin":[-2.21078,34.04978,-6.23758],"size":[1.025,1,1],"pivot":[-1.29187,35.16356,-5.09205],"rotation":[-12.28549,-8.67308,-17.11505],"uv":[4,16]}]},{"name":"MaWei_Right","parent":"Hair","pivot":[1,16,0]},{"name":"MaWei_A5","parent":"MaWei_Right","pivot":[-3.8,38.875,3.325],"rotation":[-2.70666,-55.20491,3.08078],"cubes":[{"origin":[-4.96424,35.04461,2.811],"size":[2,4,1],"uv":[22,0],"mirror":true},{"origin":[-5.34745,33.50476,3.94377],"size":[1.025,1,1],"pivot":[-3.88671,35.70193,3.82572],"rotation":[91.65311,-67.22195,-90.61535],"uv":[4,16]},{"origin":[-5.0728,34.22861,2.91877],"size":[1.025,1,2],"pivot":[-3.88671,35.70193,3.82572],"rotation":[93.58505,-79.71075,-92.61864],"uv":[30,37]}]},{"name":"Right_CeFaA","parent":"Hair","pivot":[-3.6625,38.5704,-2.47915],"rotation":[-5.45323,0.71681,7.46586],"cubes":[{"origin":[-4.175,36.0704,-3.47915],"size":[1.025,2,1],"uv":[72,50],"mirror":true},{"origin":[-4.41561,33.32773,-3.05415],"size":[1.025,3,1],"pivot":[-3.62301,34.93479,-3.09192],"rotation":[12.5,0,-11.5],"uv":[0,25],"mirror":true}]},{"name":"CeFaB6","parent":"Right_CeFaA","pivot":[-4.0375,39.0704,-1.47915],"rotation":[0,0,7.5],"cubes":[{"origin":[-4.77732,36.09621,-3.37961],"size":[1.025,3,2],"uv":[9,45],"mirror":true},{"origin":[-4.475,34.225,-3.375],"size":[1.025,2,2],"pivot":[-3.95378,34.52519,-2.6125],"rotation":[0,0,-10],"uv":[38,47],"mirror":true}]},{"name":"Left_CeFaA","parent":"Hair","pivot":[3.6625,38.5704,-2.47915],"rotation":[-5.45323,-0.71681,-7.46586],"cubes":[{"origin":[3.15,35.0704,-3.47915],"size":[1.025,2,1],"uv":[72,50]},{"origin":[3.18633,32.13846,-3.45415],"size":[1.025,3,1],"pivot":[4.0775,35.2469,-2.64745],"rotation":[0,0,7.5],"uv":[0,25]},{"origin":[3.88633,33.13846,-3.27915],"size":[1.025,3,1],"pivot":[4.0775,35.2469,-2.64745],"rotation":[0,0,7.5],"uv":[0,25]},{"origin":[3.92163,35.19402,-3.22915],"size":[1.025,3,1],"pivot":[4.43413,35.49402,-2.77915],"rotation":[0,0,-10],"uv":[60,50]}]},{"name":"CeFaB7","parent":"Left_CeFaA","pivot":[4.0375,39.0704,-1.47915],"rotation":[0,0,-7.5],"cubes":[{"origin":[3.45,34.225,-3.375],"size":[1.025,2,2],"pivot":[3.95378,34.52519,-2.6125],"rotation":[0,0,10],"uv":[38,47]},{"origin":[3.43809,33.32567,-3.35],"size":[1.025,1,1],"pivot":[3.95378,34.52519,-2.6125],"rotation":[0,0,12.5],"uv":[45,4]},{"origin":[3.75232,36.09621,-3.37961],"size":[1.025,3,2],"uv":[9,45]}]},{"name":"CeFaB14","parent":"Hair","pivot":[0.25362,36.72772,5.77854],"rotation":[104.00291,75.60765,90.38668],"cubes":[{"origin":[0.73361,35.39039,4.62878],"size":[1.025,2,2],"pivot":[-0.34098,37.06549,5.79408],"rotation":[-12.23516,2.5792,11.72352],"uv":[56,6]},{"origin":[1.16608,35.34829,4.60378],"size":[1.025,1,1.025],"pivot":[-0.34098,37.06549,5.79408],"rotation":[-10.29284,7.13136,34.3569],"uv":[4,16],"mirror":true},{"origin":[0.71153,36.95203,4.62417],"size":[1.025,2,2],"pivot":[-0.34098,37.06549,5.79408],"rotation":[-12.5,0,0],"uv":[12,54]}]},{"name":"CeFaB4","parent":"Hair","pivot":[4.0375,38.6954,-1.70415],"rotation":[0,0,-12],"cubes":[{"origin":[3.30708,33.76443,-3.49457],"size":[1.025,2,2],"pivot":[3.95378,35.15019,-2.8375],"rotation":[0,0,10],"uv":[38,51]},{"origin":[3.34266,32.8599,-3.46957],"size":[1.025,1,1],"pivot":[3.95378,35.15019,-2.8375],"rotation":[0,0,12.5],"uv":[12,34]},{"origin":[3.42307,35.67696,-3.49918],"size":[1.025,3,2],"uv":[44,14]}]},{"name":"QianFa","parent":"Hair","pivot":[0.6411,38.37938,-4.81882],"rotation":[-5,0,-9.5],"cubes":[{"origin":[-0.51808,34.59199,-5.72914],"size":[1,2,1],"pivot":[0.27997,36.70657,-5.18513],"rotation":[-2.34053,-0.63524,-69.60991],"uv":[68,31]},{"origin":[-0.30463,36.10694,-5.73344],"size":[1,4,1],"pivot":[0.27997,36.70657,-5.18513],"rotation":[-3.85087,2.07567,-40.97205],"uv":[64,37]},{"origin":[-1.75709,36.65526,-5.53569],"size":[1,2,1],"pivot":[-1.26387,37.45656,-5.01392],"rotation":[-2.27318,1.5788,-17.21325],"uv":[30,33]},{"origin":[1.11211,35.75407,-5.2382],"size":[1,2,1],"pivot":[1.26387,37.45656,-5.01392],"rotation":[-0.84221,-2.63626,-20.2987],"uv":[50,67]},{"origin":[0.46385,35.13353,-5.58629],"size":[1,5,1],"pivot":[0.27997,36.70657,-5.18513],"rotation":[-1.22161,2.15426,-37.47055],"uv":[28,56]},{"origin":[1.04777,36.38462,-5.38199],"size":[1,4,1],"pivot":[1.13062,37.59238,-4.86565],"rotation":[-1.79065,-1.71084,-31.77568],"uv":[46,56]},{"origin":[0.5229,34.56032,-5.40699],"size":[1,2,1],"pivot":[1.13062,37.59238,-4.86565],"rotation":[-0.55919,-2.41245,-65.04065],"uv":[66,60]},{"origin":[-0.0832,37.23568,-5.35621],"size":[1,3,1],"pivot":[1.13062,37.59238,-4.86565],"rotation":[-1.79065,-1.71084,-31.77568],"uv":[20,25]}]},{"name":"LeftShoulderLocator","parent":"Head","pivot":[3,41.5,0]},{"name":"RightShoulderLocator","parent":"Head","pivot":[-3,41.5,0]},{"name":"Arm","parent":"UpBody","pivot":[0,31.2,0]},{"name":"LeftArm","parent":"Arm","pivot":[4.25,29.9,0],"rotation":[0,0,-15],"cubes":[{"origin":[5.475,29.35,-1.175],"size":[1,0.8,2.6],"uv":[83,60]},{"origin":[5.475,28.35,-1.175],"size":[1,0.8,2.6],"pivot":[5.975,28.75,0.125],"rotation":[-90,0,0],"uv":[83,60]},{"origin":[2.95,24.15,-1.6],"size":[3.25,7,3.3],"uv":[52,57],"mirror":true}]},{"name":"LeftForeArm","parent":"LeftArm","pivot":[4.475,24.25,0.025],"cubes":[{"origin":[2.975,17.225,-1.575],"size":[3.2,8,3.3],"uv":[16,55],"mirror":true},{"origin":[2.49971,20.11846,-1.625],"size":[2.05,3,3.3],"pivot":[4.67471,21.59346,0.025],"rotation":[0,0,-2.5],"uv":[14,34],"mirror":true},{"origin":[4.275,20.1,-1.725],"size":[2.05,3,3.5],"pivot":[4.6,21.6,0.025],"rotation":[0,0,5],"uv":[71,34],"mirror":true},{"origin":[5.475,17.35,-1.175],"size":[1,0.8,2.6],"uv":[110,63]}]},{"name":"LeftHand","parent":"LeftForeArm","pivot":[5.28835,18.5301,-0.1484],"rotation":[180,180,-180]},{"name":"LeftHandLocator","parent":"LeftHand","pivot":[4.575,18.725,0.025],"cubes":[{"origin":[4.075,18.225,-0.475],"size":[1,1,1],"uv":[36,47],"mirror":true}]},{"name":"SheathLocator","parent":"LeftHand","pivot":[14.575,18.725,0.025]},{"name":"LeftWaistLocator","parent":"LeftHand","pivot":[14.575,18.725,0.025]},{"name":"dun2","parent":"LeftHand","pivot":[5.45056,19.60409,-1.37749],"rotation":[90,0,0],"cubes":[{"origin":[3.575,16.04318,-3.775],"size":[2,4.24,4.4],"uv":[116,67],"mirror":true},{"origin":[5.575,17.48318,-3.775],"size":[1.2,2,4.4],"uv":[117,67],"mirror":true},{"origin":[6.575,10.08318,-6.175],"size":[1.2,15.5,8.7],"uv":{"north":{"uv":[113,113],"uv_size":[-1,15]},"east":{"uv":[112,113],"uv_size":[-12,15]},"south":{"uv":[114,113],"uv_size":[-1,15]},"west":{"uv":[100,113],"uv_size":[-12,15]},"up":{"uv":[100,113],"uv_size":[12,-1],"uv_rotation":90},"down":{"uv":[100,113],"uv_size":[-12,-1],"uv_rotation":90}}},{"origin":[7.075,15.88318,-2.275],"size":[1.2,7.1,1],"pivot":[7.675,19.43318,-1.775],"rotation":[45,0,0],"uv":[25,120],"mirror":true},{"origin":[7.075,15.88318,-2.275],"size":[1.2,7.1,1],"pivot":[7.675,19.43318,-1.775],"rotation":[-45,0,0],"uv":[25,120],"mirror":true},{"origin":[6.575,27.48318,-5.375],"size":[1.2,3.3,7.1],"uv":{"north":{"uv":[113,113],"uv_size":[-1,15]},"east":{"uv":[112,113],"uv_size":[-12,15]},"south":{"uv":[114,113],"uv_size":[-1,15]},"west":{"uv":[100,113],"uv_size":[-12,15]},"up":{"uv":[100,113],"uv_size":[12,-1],"uv_rotation":90},"down":{"uv":[100,113],"uv_size":[-12,-1],"uv_rotation":90}}},{"origin":[7.075,25.48318,-5.375],"size":[0.4,2,7.1],"uv":[32,107],"mirror":true},{"origin":[6.575,10.08318,2.525],"size":[1.2,15.5,1.4],"pivot":[7.875,17.83318,2.525],"rotation":[0,-27.5,0],"uv":[20,112],"mirror":true},{"origin":[6.575,25.48318,1.725],"size":[1.2,5.3,1.4],"pivot":[7.875,23.03318,1.725],"rotation":[0,-27.5,0],"uv":[20,112],"mirror":true},{"origin":[6.575,10.08318,-7.575],"size":[1.2,15.5,1.4],"pivot":[7.875,17.83318,-6.075],"rotation":[0,27.5,0],"uv":[20,112],"mirror":true},{"origin":[6.575,25.58318,-6.875],"size":[1.2,5.2,1.4],"pivot":[7.875,23.03318,-5.375],"rotation":[0,27.5,0],"uv":[20,112],"mirror":true}]},{"name":"RightArm","parent":"Arm","pivot":[-4.25,29.775,0],"rotation":[0,0,15],"cubes":[{"origin":[-6.2,24.025,-1.6],"size":[3.25,7,3.3],"uv":[52,57]},{"origin":[-6.4,27.025,-0.7],"size":[1.55,4.1,1.5],"uv":[12,76]}]},{"name":"RightForeArm","parent":"RightArm","pivot":[-4.475,24.225,0.025],"cubes":[{"origin":[-6.175,17.2,-1.575],"size":[3.2,8,3.3],"uv":[16,55]},{"origin":[-6.325,20.2,-1.725],"size":[2.05,3,3.5],"pivot":[-4.6,21.7,0.025],"rotation":[0,0,-5],"uv":[71,34]},{"origin":[-4.54971,20.21846,-1.625],"size":[2.05,3,3.3],"pivot":[-4.67471,21.69346,0.025],"rotation":[0,0,2.5],"uv":[14,34]},{"origin":[-6.475,17.35,-1.175],"size":[1,0.8,2.6],"uv":[110,63]}]},{"name":"RightHand","parent":"RightForeArm","pivot":[-4.575,18.825,0.025],"cubes":[{"origin":[-5.075,18.325,-0.475],"size":[1,1,1],"uv":[36,47]}]},{"name":"RightHandLocator","parent":"RightHand","pivot":[-4.575,18.825,0.025],"cubes":[{"origin":[-5.075,18.325,-0.475],"size":[1,1,1],"uv":[36,47]}]},{"name":"BladeLocator","parent":"RightHand","pivot":[-4.575,18.825,0.025]},{"name":"dun","parent":"RightHand","pivot":[-7.59032,18.575,-3.35539],"rotation":[90,0,0],"cubes":[{"origin":[-7.59821,11.40155,-5.6529],"size":[2,4.24,4.4],"uv":[116,67]},{"origin":[-8.79821,12.84155,-5.6529],"size":[1.2,2,4.4],"uv":[117,67]},{"origin":[-9.79821,5.44155,-8.0529],"size":[1.2,15.5,8.7],"uv":{"north":{"uv":[112,113],"uv_size":[1,15]},"east":{"uv":[88,113],"uv_size":[12,15]},"south":{"uv":[113,113],"uv_size":[1,15]},"west":{"uv":[100,113],"uv_size":[12,15]},"up":{"uv":[100,112],"uv_size":[12,1],"uv_rotation":90},"down":{"uv":[100,112],"uv_size":[-12,1],"uv_rotation":90}}},{"origin":[-10.29821,11.24155,-4.1529],"size":[1.2,7.1,1],"pivot":[-9.69821,14.79155,-3.6529],"rotation":[45,0,0],"uv":[25,120]},{"origin":[-10.29821,11.24155,-4.1529],"size":[1.2,7.1,1],"pivot":[-9.69821,14.79155,-3.6529],"rotation":[-45,0,0],"uv":[25,120]},{"origin":[-9.79821,22.84155,-7.2529],"size":[1.2,3.3,7.1],"uv":{"north":{"uv":[112,113],"uv_size":[1,15]},"east":{"uv":[88,113],"uv_size":[12,15]},"south":{"uv":[113,113],"uv_size":[1,15]},"west":{"uv":[100,113],"uv_size":[12,15]},"up":{"uv":[100,112],"uv_size":[12,1],"uv_rotation":90},"down":{"uv":[100,112],"uv_size":[-12,1],"uv_rotation":90}}},{"origin":[-9.49821,20.84155,-7.2529],"size":[0.4,2,7.1],"uv":[32,107]},{"origin":[-9.79821,5.44155,0.6471],"size":[1.2,15.5,1.4],"pivot":[-9.89821,13.19155,0.6471],"rotation":[0,27.5,0],"uv":[20,112]},{"origin":[-9.79821,20.84155,-0.1529],"size":[1.2,5.3,1.4],"pivot":[-9.89821,18.39155,-0.1529],"rotation":[0,27.5,0],"uv":[20,112]},{"origin":[-9.79821,5.44155,-9.4529],"size":[1.2,15.5,1.4],"pivot":[-9.89821,13.19155,-7.9529],"rotation":[0,-27.5,0],"uv":[20,112]},{"origin":[-9.79821,20.94155,-8.7529],"size":[1.2,5.2,1.4],"pivot":[-9.89821,18.39155,-7.2529],"rotation":[0,-27.5,0],"uv":[20,112]}]},{"name":"RifleLocator","parent":"UpBody","pivot":[0,25.15,2.3],"rotation":[0,0,45]},{"name":"PistolLocator","parent":"UpBody","pivot":[-4,24.75,-1.6],"rotation":[-30,0,0]},{"name":"ElytraLocator","parent":"UpBody","pivot":[0,31.65,2]},{"name":"RightWaistLocator","parent":"UpBody","pivot":[-4,21,0],"rotation":[-5,0,0]},{"name":"BackpackLocator","parent":"UpBody","pivot":[0,29,0]},{"name":"DownBody","parent":"AllBody","pivot":[0,24,0]},{"name":"Skirt","parent":"DownBody","pivot":[0,23.45,0.375],"cubes":[{"origin":[-1.5,18.55,-2.025],"size":[3,1,4.05],"uv":[63,55]},{"origin":[-4,18.45,-2.625],"size":[8,2,2],"uv":[108,124]},{"origin":[-4.5,18.55,-2.7],"size":[9,2,0.5],"uv":[50,78]},{"origin":[-4.2,19.05,-3.8],"size":[1,1,1.5],"uv":[91,72]},{"origin":[-2.9,19.05,-3.8],"size":[1,1,1.5],"uv":[91,72]},{"origin":[7.5,18.55,-5.7],"size":[5,2,0.5],"pivot":[0,19,-10],"rotation":[0,-90,0],"uv":[50,78]},{"origin":[7.5,18.55,-14.7],"size":[5,2,0.5],"pivot":[0,19,-10],"rotation":[0,-90,0],"uv":[50,78]},{"origin":[4.6,18.55,-1.9],"size":[0.5,2,0.5],"uv":[74,78]},{"origin":[4.6,18.55,1.4],"size":[0.5,2,0.5],"uv":[74,78]},{"origin":[-4.5,18.55,2.3],"size":[9,2,0.5],"uv":[50,78]},{"origin":[4.1,18.55,-1.9],"size":[1,2,0.5],"pivot":[5,19,-2],"rotation":[0,-57.5,0],"uv":[70,78]},{"origin":[3.3,18.55,1.1],"size":[1,2,0.5],"pivot":[5,19,1],"rotation":[0,57.5,0],"uv":[70,78]},{"origin":[-5.1,18.55,-1.9],"size":[1,2,0.5],"pivot":[-5,19,-2],"rotation":[0,57.5,0],"uv":[70,78]},{"origin":[-5,18.55,-1.9],"size":[0.5,2,0.5],"uv":[74,78]},{"origin":[-5,18.55,1.4],"size":[0.5,2,0.5],"uv":[74,78]},{"origin":[-5.1,18.55,1.5],"size":[1,2,0.5],"pivot":[-5,19,2],"rotation":[0,-57.5,0],"uv":[70,78]},{"origin":[1.9,18,1.375],"size":[2,3,2],"uv":[70,84]},{"origin":[-1.1,18,1.375],"size":[2,3,2],"uv":[70,84]},{"origin":[2,19.5,2.475],"size":[1.8,2,0.8],"uv":[89,82]},{"origin":[-1,19.5,2.475],"size":[1.8,2,0.8],"uv":[89,82]},{"origin":[1.8,18.45,1.475],"size":[2.2,1,2.1],"uv":[77,81]},{"origin":[-1.2,18.45,1.475],"size":[2.2,1,2.1],"uv":[77,81]}]},{"name":"Sg1","parent":"Skirt","pivot":[-1,22.45,2.375],"cubes":[{"origin":[-2.92,20.35,-3.8],"size":[1.04,0.5,1.02],"uv":[92,67]},{"origin":[-2.62,20.55,-3.5],"size":[0.44,0.7,0.42],"uv":[86,73]},{"origin":[-2.92,18.25,-3.8],"size":[1.04,0.5,1.02],"uv":[92,67]},{"origin":[-2.82,18.55,-3.7],"size":[0.84,2,0.82],"uv":[87,66]}]},{"name":"Sg2","parent":"Skirt","pivot":[-3.7,19.8875,-3.29],"cubes":[{"origin":[-4.22,20.35,-3.8],"size":[1.04,0.5,1.02],"uv":[92,67]},{"origin":[-3.92,20.55,-3.5],"size":[0.44,0.7,0.42],"uv":[86,73]},{"origin":[-4.22,18.25,-3.8],"size":[1.04,0.5,1.02],"uv":[92,67]},{"origin":[-4.12,18.55,-3.7],"size":[0.84,2,0.82],"uv":[87,66]}]},{"name":"Dt","parent":"Skirt","pivot":[4.9,19.00698,0.62157],"rotation":[35,0,0],"cubes":[{"origin":[5.35,19.625,0.5],"size":[0.4,1.45,0.05],"pivot":[5.15,20.35,0.5],"rotation":[90,0,-90],"uv":[102,54]},{"origin":[4.725,20.025,-0.225],"size":[0.4,0.95,0.05],"pivot":[4.925,20.75,-0.2],"rotation":[180,0,-90],"uv":[102,54]},{"origin":[4.725,20.025,1.175],"size":[0.4,0.95,0.05],"pivot":[4.925,20.75,1.2],"rotation":[180,0,-90],"uv":[102,54]},{"origin":[9.6,19.35,-14],"size":[1.2,2,0.1],"pivot":[0.4,19.8,-9.3],"rotation":[0,-90,0],"uv":[100,56]},{"origin":[9.9,17.35,-14],"size":[0.6,2,0.1],"pivot":[0.1,17.8,-9.3],"rotation":[0,-90,0],"uv":[101,56]},{"origin":[4.75,17.35,0.45],"size":[0.7,2.1,0.1],"pivot":[4.75,17.35,0.5],"rotation":[89.99999,-71,-89.99999],"uv":[100,56]},{"origin":[5.05,17.35,0.45],"size":[0.7,2.1,0.1],"pivot":[5.05,17.35,0.5],"rotation":[89.99999,-71,-89.99999],"uv":[100,56]},{"origin":[10.2,17.35,-14],"size":[0.6,2,0.1],"pivot":[0.4,17.8,-9.3],"rotation":[0,-90,0],"uv":[101,56]},{"origin":[4.7,19.35,-0.2],"size":[0.4,2,0.1],"uv":[99,56]},{"origin":[9.3,19.35,-14],"size":[1.2,2,0.1],"pivot":[0.1,19.8,-9.3],"rotation":[0,-90,0],"uv":[100,56]},{"origin":[4.7,19.35,1.1],"size":[0.4,2,0.1],"uv":[99,56]},{"origin":[4.7,17.35,1.1],"size":[0.4,2,0.1],"uv":[99,56]},{"origin":[4.7,17.25,-0.2],"size":[0.4,2.1,0.1],"pivot":[4.9,19.35,-0.15],"rotation":[20,0,0],"uv":[99,56]},{"origin":[4.7,15.25,2.7],"size":[0.4,0.5,0.1],"pivot":[4.9,17.35,2.75],"rotation":[-90,0,0],"uv":[99,56]}]},{"name":"LeftLeg","parent":"DownBody","pivot":[2.15,18.95,-1],"rotation":[0,0,-2.5],"cubes":[{"origin":[0.17862,11.69905,-2],"size":[3.99,9,4],"uv":[44,43]},{"origin":[2.985,12.425,-3.075],"size":[0.64,0.35,1.15],"pivot":[3.305,12.6,-2.5],"rotation":[0,0,-45],"uv":[118,99]},{"origin":[0.835,10.25,-3.075],"size":[0.64,0.35,1.15],"pivot":[1.155,10.425,-2.5],"rotation":[0,0,-45],"uv":[118,98]},{"origin":[0.71,10,-3],"size":[2.99,3,1],"uv":[104,91]},{"origin":[5.7,11,-2],"size":[4.6,1,0],"pivot":[5.205,11.5,-3],"rotation":[0,-90,0],"uv":[114,99]},{"origin":[1.65,11,-2],"size":[4.6,1,0],"pivot":[1.155,11.5,-3],"rotation":[0,-90,0],"uv":[114,99]},{"origin":[0.205,11,2.1],"size":[4,1,0],"uv":[114,99]},{"origin":[5.7,11,2],"size":[4.6,1,0],"pivot":[5.205,11.5,-3],"rotation":[0,-90,0],"uv":[114,99]},{"origin":[3.51,10,-2.5],"size":[0.99,3,1],"pivot":[4.205,11.5,-2.5],"rotation":[0,-50,0],"uv":[118,89]},{"origin":[1.91,12,-2.5],"size":[0.99,3,1],"pivot":[2.205,13.5,-2.5],"rotation":[0,50,90],"uv":[118,89]},{"origin":[1.51,8,-2.5],"size":[0.99,3,1],"pivot":[2.205,9.5,-2.5],"rotation":[0,-50,90],"uv":[118,89]},{"origin":[-0.09,10,-2.5],"size":[0.99,3,1],"pivot":[0.205,11.5,-2.5],"rotation":[0,50,0],"uv":[118,89]},{"origin":[0.29362,10.74905,-1.325],"size":[3.675,2,2],"pivot":[-0.60638,11.74905,-0.325],"rotation":[30,0,0],"uv":[72,7]},{"origin":[2.9,13.45,-3.4],"size":[1.2,1,1.2],"pivot":[3,16.45,-2.625],"rotation":[0,0,-20],"uv":[98,61]},{"origin":[2.9,18.45,-3.4],"size":[1.2,1,1.2],"pivot":[3,16.45,-2.625],"rotation":[0,0,-20],"uv":[98,61]},{"origin":[1.9,18.45,-3.4],"size":[1.2,1,1.2],"uv":[98,61]},{"origin":[1.9,13.45,-3.4],"size":[1.2,1,1.2],"uv":[98,61]}]},{"name":"ysmGlowYGB","parent":"LeftLeg","pivot":[2.15,18.95,-1],"cubes":[{"origin":[3,14.45,-3.3],"size":[1,4,1],"pivot":[3,16.45,-2.625],"rotation":[0,0,-20],"uv":[93,48]},{"origin":[2,14.45,-3.3],"size":[1,4,1],"uv":[93,48]}]},{"name":"LeftLowerLeg","parent":"LeftLeg","pivot":[1.99362,11.84905,-0.3],"cubes":[{"origin":[0.19362,2.54905,-1.975],"size":[3.95,9.2,4],"uv":[16,42]},{"origin":[0.09362,2.54905,-2],"size":[4.15,4,4.2],"uv":[0,54]},{"origin":[-0.05638,6.14905,-2.1],"size":[4.45,1.3,4.4],"uv":[60,50]}]},{"name":"LeftFoot","parent":"LeftLowerLeg","pivot":[2.1875,2.5,0.1375],"cubes":[{"origin":[0.04362,-0.12595,-4],"size":[4.225,3,6.175],"uv":[0,36]},{"origin":[0.21862,2.27405,-3],"size":[3.875,1.1,2.075],"pivot":[2.48112,2.87405,-2.4125],"rotation":[35,0,0],"uv":[36,13]},{"origin":[0.24362,2.37405,-1.45],"size":[3.825,1.75,2.425],"uv":[34,18]}]},{"name":"RightLeg","parent":"DownBody","pivot":[-2.15,18.95,-1],"rotation":[0,0,2.5],"cubes":[{"origin":[-4.16862,11.69905,-2],"size":[3.99,9,4],"uv":[44,43],"mirror":true},{"origin":[-3.69,10,-3],"size":[2.99,3,1],"uv":[104,91],"mirror":true},{"origin":[-3.59,12.45,-3.075],"size":[0.64,0.35,1.15],"pivot":[-3.27,12.625,-2.5],"rotation":[0,0,45],"uv":[119,99],"mirror":true},{"origin":[-1.465,10.325,-3.075],"size":[0.64,0.35,1.15],"pivot":[-1.145,10.5,-2.5],"rotation":[0,0,45],"uv":[118,99],"mirror":true},{"origin":[-3.96862,10.74905,-1.325],"size":[3.675,2,2],"pivot":[0.60638,11.74905,-0.325],"rotation":[30,0,0],"uv":[72,7],"mirror":true},{"origin":[-1.09,10,-2.5],"size":[0.99,3,1],"pivot":[-0.30658,11.5,-2.33182],"rotation":[0,-50,0],"uv":[118,89]},{"origin":[-4.24116,10,-2.83947],"size":[0.99,3,1],"pivot":[-3.74616,11.5,-2.33947],"rotation":[0,-50,0],"uv":[118,89]},{"origin":[1.91,7.6,-2.5],"size":[0.99,3,1],"pivot":[2.205,13.5,-2.5],"rotation":[0,50,90],"uv":[118,89]},{"origin":[-2.69,8.48842,-2.83182],"size":[0.99,3,1],"pivot":[-2.195,9.98842,-2.33182],"rotation":[0,50,90],"uv":[118,89]},{"origin":[5.75,11,6.5],"size":[4.6,1,0],"pivot":[5.255,11.5,-3],"rotation":[0,-90,0],"uv":[114,99]},{"origin":[6.05556,14,6.5],"size":[4.24444,1,0],"pivot":[5.205,11.5,-3],"rotation":[0,-90,0],"uv":[115,99]},{"origin":[10.20556,14,6.5],"size":[4.24444,1,0],"pivot":[9.355,11.5,-3],"rotation":[0,-90,0],"uv":[115,99]},{"origin":[4.15556,14,6.5],"size":[3.71111,1,0],"pivot":[3.12722,11.5,-3],"rotation":[0,-90,0],"uv":[116,99]},{"origin":[5.43556,13.84,6.5],"size":[0.51111,1.48,0.32],"pivot":[3.12722,11.5,-3],"rotation":[0,-90,0],"uv":[118,99]},{"origin":[6.05556,14,2.5],"size":[4.24444,1,0],"pivot":[5.205,11.5,-3],"rotation":[0,-90,0],"uv":[115,99]},{"origin":[5.7,11,6.5],"size":[4.6,1,0],"pivot":[5.205,11.5,-3],"rotation":[0,-90,0],"uv":[114,99]},{"origin":[9.85,11,6.5],"size":[4.6,1,0],"pivot":[9.355,11.5,-3],"rotation":[0,-90,0],"uv":[114,99]},{"origin":[-4.205,11,2.1],"size":[4,1,0],"uv":[114,99]},{"origin":[-4.205,14,2.1],"size":[4,1,0],"uv":[114,99]},{"origin":[-4.205,14,-2.14444],"size":[4,1,0],"uv":[114,99]},{"origin":[-6.38278,14,-2],"size":[2.17778,1,0],"uv":[116,99]},{"origin":[-6.38278,14,1.77222],"size":[2.17778,1,0],"uv":[116,99]},{"origin":[-4.35,13.95,-1.75],"size":[0.2,2,3.5],"uv":[33,120]},{"origin":[-6.35,13.95,-1.75],"size":[0.2,2,3.5],"uv":[33,120]},{"origin":[-6.35,11.95,-1.75],"size":[0.2,2,2.5],"uv":[46,124]},{"origin":[-4.6,11.95,-5.5],"size":[0.2,2,2],"pivot":[-6.25,11.95,-3.5],"rotation":[0,-90,0],"uv":[46,124]},{"origin":[-4.6,13.95,-5.5],"size":[0.2,2,2],"pivot":[-6.25,11.95,-3.5],"rotation":[0,-90,0],"uv":[54,124]},{"origin":[-5.35,13.95,0.65],"size":[0.2,2,2],"pivot":[-5.25,14.95,1.65],"rotation":[0,-90,0],"uv":[54,124]},{"origin":[-4.35,13.95,0.65],"size":[0.2,1,2],"pivot":[-5.25,14.95,1.65],"rotation":[-90,0,90],"uv":[54,124]},{"origin":[-5.75,13.15,-0.15],"size":[0.6,1,2],"pivot":[-5.25,13.65,0.85],"rotation":[-90,-35,90],"uv":[54,124]},{"origin":[-2.2,11.95,-5.5],"size":[0.2,2,2],"pivot":[-6.25,11.95,-3.5],"rotation":[0,-90,0],"uv":[46,124]},{"origin":[-4.35,11.95,-1.75],"size":[0.2,2,2.5],"uv":[46,124]}]},{"name":"RightLowerLeg","parent":"RightLeg","pivot":[-1.99362,11.84905,-0.3],"cubes":[{"origin":[-4.14362,2.54905,-1.975],"size":[3.95,9.2,4],"uv":[16,42],"mirror":true},{"origin":[-4.24362,2.54905,-2],"size":[4.15,4,4.2],"uv":[0,54],"mirror":true},{"origin":[-4.39362,6.14905,-2.1],"size":[4.45,1.3,4.4],"uv":[60,50],"mirror":true}]},{"name":"RightFoot","parent":"RightLowerLeg","pivot":[-2.1875,2.5,0.1375],"cubes":[{"origin":[-4.26862,-0.12595,-4],"size":[4.225,3,6.175],"uv":[0,36],"mirror":true},{"origin":[-4.09362,2.27405,-3],"size":[3.875,1.1,2.075],"pivot":[-2.48112,2.87405,-2.4125],"rotation":[35,0,0],"uv":[36,13],"mirror":true},{"origin":[-4.06862,2.37405,-1.45],"size":[3.825,1.75,2.425],"uv":[34,18],"mirror":true}]}]}]}