{
	"format_version": "1.12.0",
	"minecraft:geometry": [
		{
			"description": {
				"identifier": "geometry.default",
				"texture_width": 128,
				"texture_height": 128,
				"visible_bounds_width": 5,
				"visible_bounds_height": 4.5,
				"visible_bounds_offset": [0, 1.75, 0]
			},
			"bones": [
				{
					"name": "RightArm",
					"pivot": [-4.1, 29.6, 0],
					"cubes": [
						{
							"origin": [-4.625, 20.85, -1.7],
							"size": [2.25, 5.8, 3.45],
							"uv": {
								"north": {"uv": [4, 68], "uv_size": [2, 6]},
								"east": {"uv": [58, 55], "uv_size": [3.5, 6]},
								"south": {"uv": [26, 69], "uv_size": [2, 6]},
								"west": {"uv": [0, 59], "uv_size": [3.5, 6]},
								"up": {"uv": [56, 79], "uv_size": [2, 3.5]},
								"down": {"uv": [79, 70.5], "uv_size": [2, -3.5]}
							}
						},
						{
							"origin": [-5.09251, 20.70972, -1.7],
							"size": [0.95, 5.8, 3.45],
							"pivot": [-3.96751, 23.60972, 0.025],
							"rotation": [0, 0, 9],
							"uv": {
								"north": {"uv": [69, 84], "uv_size": [1, 6]},
								"east": {"uv": [4, 59], "uv_size": [3.5, 6]},
								"south": {"uv": [14, 85], "uv_size": [1, 6]},
								"west": {"uv": [22, 59], "uv_size": [3.5, 6]},
								"up": {"uv": [17, 91], "uv_size": [1, 3.5]},
								"down": {"uv": [18, 94.5], "uv_size": [1, -3.5]}
							}
						}
					]
				},
				{
					"name": "RightForeArm",
					"parent": "RightArm",
					"pivot": [-3.575, 25.2, 0.025],
					"cubes": [
						{
							"origin": [-5.1, 20.47586, -0.85842],
							"size": [2.625, 2.3, 2.2],
							"pivot": [-3.9, 21.92586, 0.09158],
							"rotation": [-45, 0, 0],
							"uv": {
								"north": {"uv": [67, 81], "uv_size": [2.5, 2.5]},
								"east": {"uv": [86, 52], "uv_size": [2, 2.5]},
								"south": {"uv": [81, 68], "uv_size": [2.5, 2.5]},
								"west": {"uv": [86, 64], "uv_size": [2, 2.5]},
								"up": {"uv": [86, 30], "uv_size": [2.5, 2]},
								"down": {"uv": [86, 37], "uv_size": [2.5, -2]}
							}
						},
						{
							"origin": [-4.625, 15.75, -1.7],
							"size": [2.225, 5.1, 3.45],
							"uv": {
								"north": {"uv": [34, 72], "uv_size": [2, 5]},
								"east": {"uv": [62, 28], "uv_size": [3.5, 5]},
								"south": {"uv": [42, 72], "uv_size": [2, 5]},
								"west": {"uv": [62, 43], "uv_size": [3.5, 5]},
								"up": {"uv": [75, 79], "uv_size": [2, 3.5]},
								"down": {"uv": [7, 83.5], "uv_size": [2, -3.5]}
							}
						},
						{
							"origin": [-5.325, 15.25, -1.6],
							"size": [2.725, 0.6, 3.25],
							"uv": {
								"north": {"uv": [100, 20], "uv_size": [2.5, 0.5]},
								"east": {"uv": [97, 84], "uv_size": [3.5, 0.5]},
								"south": {"uv": [100, 42], "uv_size": [2.5, 0.5]},
								"west": {"uv": [97, 88], "uv_size": [3.5, 0.5]},
								"up": {"uv": [10, 76], "uv_size": [2.5, 3.5]},
								"down": {"uv": [13, 79.5], "uv_size": [2.5, -3.5]}
							}
						},
						{
							"origin": [-6.03932, 18.15598, -1.7],
							"size": [1.475, 2.7, 3.45],
							"pivot": [-4.92682, 18.20598, -0.2],
							"rotation": [0, 0, 11],
							"uv": {
								"north": {"uv": [60, 90], "uv_size": [1.5, 2.5]},
								"east": {"uv": [76, 11], "uv_size": [3.5, 2.5]},
								"south": {"uv": [62, 90], "uv_size": [1.5, 2.5]},
								"west": {"uv": [26, 76], "uv_size": [3.5, 2.5]},
								"up": {"uv": [70, 85], "uv_size": [1.5, 3.5]},
								"down": {"uv": [74, 88.5], "uv_size": [1.5, -3.5]}
							}
						},
						{
							"origin": [-5.91357, 15.73859, -1.7],
							"size": [1.475, 2.7, 3.45],
							"pivot": [-5.17607, 17.08859, 0.025],
							"rotation": [0, 0, -5],
							"uv": {
								"north": {"uv": [90, 62], "uv_size": [1.5, 2.5]},
								"east": {"uv": [54, 76], "uv_size": [3.5, 2.5]},
								"south": {"uv": [64, 90], "uv_size": [1.5, 2.5]},
								"west": {"uv": [76, 55], "uv_size": [3.5, 2.5]},
								"up": {"uv": [76, 85], "uv_size": [1.5, 3.5]},
								"down": {"uv": [78, 88.5], "uv_size": [1.5, -3.5]}
							}
						}
					]
				},
				{
					"name": "RightHand",
					"parent": "RightForeArm",
					"pivot": [-4.075, 19.525, 0.025],
					"cubes": [
						{
							"origin": [-4.7, 15.05, -1.275],
							"size": [1.925, 2.1, 2],
							"pivot": [0.3, 15.55, -0.575],
							"rotation": [-45, 0, 0],
							"uv": {
								"north": {"uv": [88, 43], "uv_size": [2, 2]},
								"east": {"uv": [88, 51], "uv_size": [2, 2]},
								"south": {"uv": [88, 53], "uv_size": [2, 2]},
								"west": {"uv": [58, 88], "uv_size": [2, 2]},
								"up": {"uv": [88, 58], "uv_size": [2, 2]},
								"down": {"uv": [60, 90], "uv_size": [2, -2]}
							}
						},
						{
							"origin": [-4.975, 13.55, -1.475],
							"size": [2.225, 2, 3],
							"uv": {
								"north": {"uv": [62, 88], "uv_size": [2, 2]},
								"east": {"uv": [83, 29], "uv_size": [3, 2]},
								"south": {"uv": [88, 63], "uv_size": [2, 2]},
								"west": {"uv": [83, 35], "uv_size": [3, 2]},
								"up": {"uv": [36, 83], "uv_size": [2, 3]},
								"down": {"uv": [83, 40], "uv_size": [2, -3]}
							}
						}
					]
				},
				{
					"name": "RightHandLocator",
					"parent": "RightHand",
					"pivot": [-4.075, 18.525, 0.025]
				},
				{
					"name": "LeftArm",
					"pivot": [4.025, 29.6, 0],
					"cubes": [
						{
							"origin": [2.375, 20.85, -1.7],
							"size": [2.25, 5.8, 3.45],
							"uv": {
								"north": {"uv": [14, 50], "uv_size": [2, 6]},
								"east": {"uv": [50, 55], "uv_size": [3.5, 6]},
								"south": {"uv": [17, 58], "uv_size": [2, 6]},
								"west": {"uv": [54, 55], "uv_size": [3.5, 6]},
								"up": {"uv": [19, 79], "uv_size": [2, 3.5]},
								"down": {"uv": [21, 82.5], "uv_size": [2, -3.5]}
							}
						},
						{
							"origin": [4.14251, 20.70972, -1.7],
							"size": [0.95, 5.8, 3.45],
							"pivot": [3.96751, 23.60972, 0.025],
							"rotation": [0, 0, -9],
							"uv": {
								"north": {"uv": [73, 83], "uv_size": [1, 6]},
								"east": {"uv": [43, 58], "uv_size": [3.5, 6]},
								"south": {"uv": [68, 84], "uv_size": [1, 6]},
								"west": {"uv": [58, 49], "uv_size": [3.5, 6]},
								"up": {"uv": [15, 91], "uv_size": [1, 3.5]},
								"down": {"uv": [16, 94.5], "uv_size": [1, -3.5]}
							}
						}
					]
				},
				{
					"name": "LeftForeArm",
					"parent": "LeftArm",
					"pivot": [3.5, 25.2, 0.025],
					"cubes": [
						{
							"origin": [2.475, 20.47586, -0.85842],
							"size": [2.625, 2.3, 2.2],
							"pivot": [3.9, 21.92586, 0.09158],
							"rotation": [-45, 0, 0],
							"uv": {
								"north": {"uv": [80, 35], "uv_size": [2.5, 2.5]},
								"east": {"uv": [80, 85], "uv_size": [2, 2.5]},
								"south": {"uv": [80, 75], "uv_size": [2.5, 2.5]},
								"west": {"uv": [82, 85], "uv_size": [2, 2.5]},
								"up": {"uv": [85, 73], "uv_size": [2.5, 2]},
								"down": {"uv": [84, 87], "uv_size": [2.5, -2]}
							}
						},
						{
							"origin": [2.4, 15.75, -1.7],
							"size": [2.225, 5.1, 3.45],
							"uv": {
								"north": {"uv": [32, 70], "uv_size": [2, 5]},
								"east": {"uv": [36, 59], "uv_size": [3.5, 5]},
								"south": {"uv": [40, 71], "uv_size": [2, 5]},
								"west": {"uv": [60, 35], "uv_size": [3.5, 5]},
								"up": {"uv": [23, 79], "uv_size": [2, 3.5]},
								"down": {"uv": [25, 82.5], "uv_size": [2, -3.5]}
							}
						},
						{
							"origin": [2.6, 15.25, -1.6],
							"size": [2.725, 0.6, 3.25],
							"uv": {
								"north": {"uv": [100, 10], "uv_size": [2.5, 0.5]},
								"east": {"uv": [97, 70], "uv_size": [3.5, 0.5]},
								"south": {"uv": [100, 11], "uv_size": [2.5, 0.5]},
								"west": {"uv": [97, 83], "uv_size": [3.5, 0.5]},
								"up": {"uv": [75, 75], "uv_size": [2.5, 3.5]},
								"down": {"uv": [7, 79.5], "uv_size": [2.5, -3.5]}
							}
						},
						{
							"origin": [4.56432, 18.15598, -1.7],
							"size": [1.475, 2.7, 3.45],
							"pivot": [4.92682, 18.20598, -0.2],
							"rotation": [0, 0, -11],
							"uv": {
								"north": {"uv": [90, 51], "uv_size": [1.5, 2.5]},
								"east": {"uv": [59, 75], "uv_size": [3.5, 2.5]},
								"south": {"uv": [56, 90], "uv_size": [1.5, 2.5]},
								"west": {"uv": [63, 75], "uv_size": [3.5, 2.5]},
								"up": {"uv": [50, 85], "uv_size": [1.5, 3.5]},
								"down": {"uv": [52, 88.5], "uv_size": [1.5, -3.5]}
							}
						},
						{
							"origin": [4.43857, 15.73859, -1.7],
							"size": [1.475, 2.7, 3.45],
							"pivot": [5.17607, 17.08859, 0.025],
							"rotation": [0, 0, 5],
							"uv": {
								"north": {"uv": [90, 57], "uv_size": [1.5, 2.5]},
								"east": {"uv": [67, 75], "uv_size": [3.5, 2.5]},
								"south": {"uv": [58, 90], "uv_size": [1.5, 2.5]},
								"west": {"uv": [71, 75], "uv_size": [3.5, 2.5]},
								"up": {"uv": [85, 55], "uv_size": [1.5, 3.5]},
								"down": {"uv": [85, 63.5], "uv_size": [1.5, -3.5]}
							}
						}
					]
				},
				{
					"name": "LeftHand",
					"parent": "LeftForeArm",
					"pivot": [4, 19.725, 0.025],
					"cubes": [
						{
							"origin": [2.925, 15.25, -1.275],
							"size": [1.925, 2.1, 2],
							"pivot": [-0.375, 15.75, -0.575],
							"rotation": [-45, 0, 0],
							"uv": {
								"north": {"uv": [88, 0], "uv_size": [2, 2]},
								"east": {"uv": [6, 88], "uv_size": [2, 2]},
								"south": {"uv": [8, 88], "uv_size": [2, 2]},
								"west": {"uv": [88, 14], "uv_size": [2, 2]},
								"up": {"uv": [22, 88], "uv_size": [2, 2]},
								"down": {"uv": [28, 90], "uv_size": [2, -2]}
							}
						},
						{
							"origin": [2.775, 13.75, -1.475],
							"size": [2.225, 2, 3],
							"uv": {
								"north": {"uv": [88, 39], "uv_size": [2, 2]},
								"east": {"uv": [83, 16], "uv_size": [3, 2]},
								"south": {"uv": [88, 41], "uv_size": [2, 2]},
								"west": {"uv": [19, 83], "uv_size": [3, 2]},
								"up": {"uv": [22, 83], "uv_size": [2, 3]},
								"down": {"uv": [24, 86], "uv_size": [2, -3]}
							}
						}
					]
				},
				{
					"name": "LeftHandLocator",
					"parent": "LeftHand",
					"pivot": [4, 18.725, 0.025]
				}
			]
		}
	]
}