{
	"format_version": "1.12.0",
	"minecraft:geometry": [
		{
			"description": {
				"identifier": "geometry.unknown",
				"texture_width": 128,
				"texture_height": 128,
				"visible_bounds_width": 19,
				"visible_bounds_height": 17,
				"visible_bounds_offset": [0, 0.5, 0]
			},
			"bones": [
				{
					"name": "Arm",
					"pivot": [-0.2, 29.1, 0]
				},
				{
					"name": "LeftArm",
					"parent": "Arm",
					"pivot": [3.15, 30.9, 0.45],
					"cubes": [
						{
							"origin": [0.95705, 24.35736, -1.325],
							"size": [3.275, 7.2807, 3.475],
							"uv": {
								"north": {"uv": [15, 53], "uv_size": [3, 7]},
								"east": {"uv": [18, 53], "uv_size": [3, 7]},
								"south": {"uv": [53, 20], "uv_size": [3, 7]},
								"west": {"uv": [53, 27], "uv_size": [3, 7]},
								"up": {"uv": [18, 68], "uv_size": [3, 3]},
								"down": {"uv": [21, 71], "uv_size": [3, -3]}
							}
						}
					]
				},
				{
					"name": "LeftForeArm",
					"parent": "LeftArm",
					"pivot": [2.5499, 25.07798, 0.45],
					"cubes": [
						{
							"origin": [1.45705, 16.5294, -1.025],
							"size": [2.475, 1.73257, 2.875],
							"uv": {
								"north": {"uv": [79, 43], "uv_size": [2, 2]},
								"east": {"uv": [10, 73], "uv_size": [3, 2]},
								"south": {"uv": [79, 57], "uv_size": [2, 2]},
								"west": {"uv": [32, 73], "uv_size": [3, 2]},
								"up": {"uv": [49, 72], "uv_size": [2, 3]},
								"down": {"uv": [40, 76], "uv_size": [2, -3]}
							}
						},
						{
							"origin": [0.95705, 18.2294, -1.325],
							"size": [3.275, 6.93257, 3.475],
							"uv": {
								"north": {"uv": [53, 34], "uv_size": [3, 7]},
								"east": {"uv": [53, 41], "uv_size": [3, 7]},
								"south": {"uv": [46, 53], "uv_size": [3, 7]},
								"west": {"uv": [53, 48], "uv_size": [3, 7]},
								"up": {"uv": [42, 68], "uv_size": [3, 3]},
								"down": {"uv": [53, 71], "uv_size": [3, -3]}
							}
						}
					]
				},
				{
					"name": "LeftHand",
					"parent": "LeftForeArm",
					"pivot": [2.52165, 16.16559, 0.05],
					"cubes": [
						{"origin": [2.02165, 15.66559, -0.45], "size": [1, 1, 1], "uv": [8, 19]}
					]
				},
				{
					"name": "LeftHandLocator",
					"parent": "LeftHand",
					"pivot": [2.69665, 17.36559, 0.35]
				},
				{
					"name": "LeftWaistLocator",
					"parent": "LeftHand",
					"pivot": [2.69665, 17.36559, 0.35]
				},
				{
					"name": "SheathLocator",
					"parent": "LeftHand",
					"pivot": [2.69665, 17.36559, 0.35]
				},
				{
					"name": "RightArm",
					"parent": "Arm",
					"pivot": [-3.15, 30.9, 0.45],
					"cubes": [
						{
							"origin": [-4.23205, 24.35736, -1.325],
							"size": [3.275, 7.2807, 3.475],
							"uv": {
								"north": {"uv": [0, 54], "uv_size": [3, 7]},
								"east": {"uv": [54, 0], "uv_size": [3, 7]},
								"south": {"uv": [3, 54], "uv_size": [3, 7]},
								"west": {"uv": [6, 54], "uv_size": [3, 7]},
								"up": {"uv": [56, 68], "uv_size": [3, 3]},
								"down": {"uv": [59, 71], "uv_size": [3, -3]}
							}
						}
					]
				},
				{
					"name": "RightForeArm",
					"parent": "RightArm",
					"pivot": [-2.5499, 25.07798, 0.45],
					"cubes": [
						{
							"origin": [-4.23205, 18.2294, -1.325],
							"size": [3.275, 6.93257, 3.475],
							"uv": {
								"north": {"uv": [54, 7], "uv_size": [3, 7]},
								"east": {"uv": [9, 54], "uv_size": [3, 7]},
								"south": {"uv": [21, 55], "uv_size": [3, 7]},
								"west": {"uv": [37, 55], "uv_size": [3, 7]},
								"up": {"uv": [62, 68], "uv_size": [3, 3]},
								"down": {"uv": [68, 69], "uv_size": [3, -3]}
							}
						},
						{
							"origin": [-3.93205, 16.5294, -1.025],
							"size": [2.475, 1.73257, 2.875],
							"uv": {
								"north": {"uv": [71, 79], "uv_size": [2, 2]},
								"east": {"uv": [42, 73], "uv_size": [3, 2]},
								"south": {"uv": [79, 71], "uv_size": [2, 2]},
								"west": {"uv": [73, 45], "uv_size": [3, 2]},
								"up": {"uv": [73, 62], "uv_size": [2, 3]},
								"down": {"uv": [65, 76], "uv_size": [2, -3]}
							}
						}
					]
				},
				{
					"name": "RightHand",
					"parent": "RightForeArm",
					"pivot": [-2.52165, 16.16559, 0.05],
					"cubes": [
						{"origin": [-3.02165, 15.66559, -0.45], "size": [1, 1, 1], "uv": [24, 9]}
					]
				},
				{
					"name": "RightHandLocator",
					"parent": "RightHand",
					"pivot": [-3.6966, 17.3656, 0.35]
				},
				{
					"name": "BladeLocator",
					"parent": "RightHand",
					"pivot": [-3.6966, 17.3656, 0.35]
				}
			]
		}
	]
}