{
	"spec": 2,
	"metadata": {
		"name": "Default Boy",
		"tips": "Camilo (Eternal Return)",
		"license": {
			"type": "All Rights Reserved"
		},
		"authors": [
			{
				"name": "Prtih",
				"avatar": "avatar/Prtih.png"
			}
		],
		"link": {
			"home": "https://modrinth.com/mod/yes-steve-model",
			"donate": "https://afdian.com/a/ysmmod"
		}
	},
	"properties": {
		"default_texture": "blue",
		"free": true,
		"height_scale": 0.45,
		"width_scale": 0.4,
		"extra_animation": {
			"extra0": "",
			"extra1": "",
			"extra2": "",
			"extra3": "",
			"extra4": "",
			"extra5": "",
			"extra6": "",
			"extra7": ""
		},
		"preview_animation": "gui",
		"render_layers_first": false,
		"disable_preview_rotation": true,
		"all_cutout": false
	},
	"files": {
		"player": {
			"model": {
				"main": "models/main.json",
				"arm": "models/arm.json"
			},
			"animation": {
				"main": "animations/main.animation.json",
				"tac": "animations/tac.animation.json",
				"arm": "animations/arm.animation.json"
			},
			"texture": [
				{
					"uv": "textures/blue.png"
				}
			]
		}
	}
}