{
	"format_version": "1.12.0",
	"minecraft:geometry": [
		{
			"description": {
				"identifier": "geometry.dsa",
				"texture_width": 128,
				"texture_height": 128,
				"visible_bounds_width": 3,
				"visible_bounds_height": 4.5,
				"visible_bounds_offset": [0, 1.75, 0]
			},
			"bones": [
				{
					"name": "root",
					"pivot": [-3, 0, 0]
				},
				{
					"name": "Arm",
					"pivot": [0.00185, 38.01375, -0.14115]
				},
				{
					"name": "Left_Arm",
					"parent": "Arm",
					"pivot": [5.00185, 38.01375, -0.14115]
				},
				{
					"name": "handL",
					"parent": "Left_Arm",
					"pivot": [6, 38, 0],
					"cubes": [
						{"origin": [5, 29, -2], "size": [3, 8, 4], "uv": [48, 47]},
						{"origin": [7.99027, 30.86083, -1], "size": [1, 6, 2], "uv": [50, 49]},
						{"origin": [5, 35.5, -1.5], "size": [3, 3, 3], "pivot": [6.5, 37, 0], "rotation": [-45, 0, -3], "uv": [61, 15]},
						{"origin": [5, 27.5, -1.5], "size": [3, 3, 3], "pivot": [6.5, 29, 0], "rotation": [-45, 0, -3], "uv": [0, 61]}
					]
				},
				{
					"name": "Lh2",
					"parent": "handL",
					"pivot": [6.34477, 29.08078, 0],
					"cubes": [
						{"origin": [5, 19, -1.5], "size": [3, 3, 3], "uv": [26, 0]},
						{"origin": [4.5, 22, -2], "size": [4, 1, 4], "uv": [48, 38]},
						{"origin": [5, 23, -1.5], "size": [3, 6, 3], "uv": [49, 27]}
					]
				},
				{
					"name": "LeftHandLocator",
					"parent": "Lh2",
					"pivot": [6.54817, 20.46866, 0]
				},
				{
					"name": "Right_arm",
					"parent": "Arm",
					"pivot": [-5.99815, 38.01375, -0.14115]
				},
				{
					"name": "handL2",
					"parent": "Right_arm",
					"pivot": [-6, 38, 0],
					"cubes": [
						{"origin": [-8, 29, -2], "size": [3, 8, 4], "uv": [48, 47], "mirror": true},
						{"origin": [-8, 35.5, -1.5], "size": [3, 3, 3], "pivot": [-6.5, 37, 0], "rotation": [-45, 0, 3], "uv": [61, 15], "mirror": true},
						{"origin": [-8, 27.5, -1.5], "size": [3, 3, 3], "pivot": [-6.5, 29, 0], "rotation": [-45, 0, 3], "uv": [0, 61], "mirror": true},
						{"origin": [-8.99027, 30.86083, -1], "size": [1, 6, 2], "uv": [50, 49], "mirror": true}
					]
				},
				{
					"name": "rh2",
					"parent": "handL2",
					"pivot": [-6.72798, 28.80924, 0],
					"cubes": [
						{"origin": [-8, 19, -1.5], "size": [3, 3, 3], "uv": [26, 0], "mirror": true},
						{"origin": [-8.5, 22, -2], "size": [4, 1, 4], "uv": [48, 38], "mirror": true},
						{"origin": [-8, 23, -1.5], "size": [3, 6, 3], "uv": [49, 27], "mirror": true}
					]
				},
				{
					"name": "RightHandLocator",
					"parent": "rh2",
					"pivot": [-6.54919, 20.35182, 0]
				}
			]
		}
	]
}