{
	"format_version": "1.8.0",
	"animations": {
		"walk": {
			"loop": true,
			"animation_length": 1.04,
			"bones": {
				"Allbody": {
					"position": {
						"0.0": [0, -1, 0],
						"0.24": [0, 0, 0],
						"0.48": [0, -1, 0],
						"0.76": [0, 0, 0],
						"1.0": [0, -1, 0]
					}
				},
				"Upbody": {
					"rotation": [10, 0, 0]
				},
				"Left_Arm": {
					"rotation": [0, 0, 0]
				},
				"handL": {
					"rotation": {
						"0.0": [14.94548, 1.29256, -4.83045],
						"0.48": [-35.05452, 1.29256, -4.83045],
						"1.04": [14.94548, 1.29256, -4.83045]
					}
				},
				"Lh2": {
					"rotation": {
						"0.0": [-15, 0, 0],
						"0.48": [-10, 0, 0],
						"1.04": [-15, 0, 0]
					}
				},
				"Right_arm": {
					"rotation": [0, 0, 0]
				},
				"handR": {
					"rotation": {
						"0.0": [-12.5, 0, 0],
						"0.48": [17.5, 0, 0],
						"1.04": [-12.5, 0, 0]
					}
				},
				"rh2": {
					"rotation": {
						"0.0": [-12.5, 0, 0],
						"1.04": [-12.5, 0, 0]
					}
				},
				"LeftLeg": {
					"rotation": {
						"0.0": [-22.35932, -2.24944, -7.15656],
						"0.48": [20.14068, -2.24944, -7.15656],
						"1.04": [-22.35932, -2.24944, -7.15656]
					}
				},
				"LeftLowerLeg": {
					"rotation": {
						"0.0": [15, 0, 0],
						"0.24": [2.5, 0, 0],
						"0.48": [15, 0, 0],
						"0.76": [87.5, 0, 0],
						"1.04": [15, 0, 0]
					}
				},
				"RightLeg": {
					"rotation": {
						"0.0": [12.45392, -1.08089, 4.88206],
						"0.48": [-22.54608, -1.08089, 4.88206],
						"1.04": [12.45392, -1.08089, 4.88206]
					}
				},
				"RightLowerLeg": {
					"rotation": {
						"0.0": [17.5, 0, 0],
						"0.24": [72.5, 0, 0],
						"0.48": [7.5, 0, 0],
						"0.8": [10.71, 0, 0],
						"1.04": [17.5, 0, 0]
					}
				},
				"b5": {
					"rotation": {
						"0.0": [4.98107, -0.43523, 4.98107],
						"0.52": [2.5, 0, 0],
						"1.04": [4.98107, -0.43523, 4.98107]
					}
				},
				"b6": {
					"rotation": {
						"0.0": [10, 0, 0],
						"0.52": [2.5, 0, 0],
						"1.04": [10, 0, 0]
					}
				},
				"b7": {
					"rotation": {
						"0.0": [5, 0, 0],
						"0.52": [0, 0, 0],
						"1.04": [5, 0, 0]
					}
				},
				"b8": {
					"rotation": {
						"0.0": [7.5, 0, 0],
						"0.52": [0, 0, 0],
						"1.04": [7.5, 0, 0]
					}
				},
				"fronts": {
					"rotation": {
						"0.0": [-17.49014, 1.63295, -3.13563],
						"0.52": [-5, 0, 0],
						"1.0": [-17.49014, 1.63295, -3.13563]
					}
				},
				"sa": {
					"rotation": {
						"0.0": [-10.07673, -9.96156, 0.88045],
						"0.48": [0, 0, 0],
						"0.88": [-3.63, -7.12, 0.63],
						"1.0": [-10.07673, -9.96156, 0.88045]
					}
				},
				"sd": {
					"rotation": {
						"0.0": [-12.73772, -12.3071, 2.20462],
						"0.48": [7.5, 0, 0],
						"0.8": [12.36416, -7.03263, 1.25978],
						"1.0": [-10.23772, -12.3071, 2.20462]
					}
				},
				"b1": {
					"rotation": {
						"0.0": [0, 0, -2.5],
						"0.48": [7.47178, 0.65182, -4.95744],
						"1.04": [0, 0, -2.5]
					}
				},
				"b2": {
					"rotation": {
						"0.0": [-5, 0, 0],
						"0.48": [7.5, 0, 0],
						"1.04": [-5, 0, 0]
					}
				},
				"b3": {
					"rotation": {
						"0.0": [0, 0, 0],
						"0.32": [2.5, 0, 0],
						"0.48": [15, 0, 0],
						"1.04": [0, 0, 0]
					}
				},
				"b4": {
					"rotation": {
						"0.0": [0, 0, 0],
						"0.32": [0, 0, 0],
						"0.48": [7.5, 0, 0],
						"1.04": [0, 0, 0]
					}
				},
				"fa1": {
					"rotation": {
						"0.0": [0, -5, -15],
						"0.48": [0, 7.5, -7.5],
						"1.04": [0, -5, -15]
					}
				},
				"fa2": {
					"rotation": {
						"0.0": [0, 0, -7.5],
						"0.48": [0, 0, -2.5],
						"1.04": [0, 0, -7.5]
					}
				},
				"fa3": {
					"rotation": {
						"0.0": [0, 0, -7.5],
						"0.48": [0, 0, -5],
						"1.04": [0, 0, -7.5]
					}
				},
				"fa4": {
					"rotation": {
						"0.0": [0, 0, -5],
						"0.48": [0, 0, 7.5],
						"1.04": [0, 0, -5]
					}
				},
				"fa5": {
					"rotation": {
						"0.0": [0, -7.5, 2.5],
						"0.48": [0, 0, 7.5],
						"1.04": [0, -7.5, 2.5]
					}
				},
				"fa6": {
					"rotation": {
						"0.0": [0, 0, 0],
						"0.48": [0, 0, 5],
						"1.04": [0, 0, 0]
					}
				},
				"fa7": {
					"rotation": {
						"0.0": [0, 0, 0],
						"0.48": [0, 0, 5],
						"1.04": [0, 0, 0]
					}
				},
				"fa8": {
					"rotation": {
						"0.0": [0, 0, 2.5],
						"0.48": [0, 0, 7.5],
						"1.04": [0, 0, 2.5]
					}
				},
				"2wd": {
					"rotation": {
						"0.0": [0, 0, 0],
						"0.52": [-23.57427, 20.90443, 4.64394],
						"1.04": [0, 0, 0]
					}
				},
				"sa2": {
					"rotation": {
						"0.0": [2.5, 0, 0],
						"0.36": [-8.08, 0, 0],
						"0.52": [-20, 0, 0],
						"1.04": [2.5, 0, 0]
					}
				},
				"sd2": {
					"rotation": {
						"0.0": [5, 0, 0],
						"0.36": [-5.58, 0, 0],
						"0.52": [-17.5, 0, 0],
						"1.04": [5, 0, 0]
					}
				},
				"L1": {
					"rotation": {
						"0.0": [0, 0, 0],
						"0.24": [0, 0, -7.5],
						"0.52": [0, 0, 0],
						"0.72": [0, 0, -7.5],
						"1.04": [0, 0, 0]
					}
				},
				"l2": {
					"rotation": {
						"0.0": [0, 0, -7.5],
						"0.24": [0, 0, 10],
						"0.52": [0, 0, -7.5],
						"0.76": [0, 0, 10],
						"1.04": [0, 0, -7.5]
					}
				},
				"R1": {
					"rotation": {
						"0.0": [0, 0, 0],
						"0.24": [0, 0, 7.5],
						"0.52": [0, 0, 0],
						"0.76": [0, 0, 7.5],
						"1.04": [0, 0, 0]
					}
				},
				"R2": {
					"rotation": {
						"0.0": [0, 0, 10],
						"0.24": [0, 0, -7.5],
						"0.52": [0, 0, 10],
						"0.76": [0, 0, -7.5],
						"1.04": [0, 0, 10]
					}
				}
			}
		},
		"idle": {
			"loop": true,
			"animation_length": 7,
			"bones": {
				"Left_Arm": {
					"rotation": {
						"0.0": [0, 0, 0],
						"1.56": [0, 0, -5],
						"3.04": [0, 0, 0],
						"5.52": [0, 0, -5],
						"7.0": [0, 0, 0]
					}
				},
				"Lh2": {
					"rotation": [-5, 0, 0]
				},
				"Right_arm": {
					"rotation": {
						"0.0": [0, 0, 0],
						"1.56": [0, 0, 5],
						"3.24": [0, 0, 0.42],
						"5.28": [0, 0, 5],
						"6.96": [0, 0, 0.42]
					}
				},
				"rh2": {
					"rotation": [-7.5, 0, 0]
				},
				"RightLeg": {
					"rotation": [1.31512, 14.93636, 4.84338]
				},
				"LeftLeg": {
					"rotation": [1.81693, -19.92066, -5.3191]
				},
				"fronts": {
					"rotation": [0, -5, -5],
					"position": [1, 0, 0]
				},
				"fa1": {
					"rotation": [0, -7.5, -5]
				},
				"fa5": {
					"rotation": [0, 0, 5]
				},
				"2wd": {
					"rotation": [-2.5, 0, 5],
					"position": [-1, 0, 0]
				},
				"LeftLowerLeg": {
					"rotation": [5, 0, 0]
				}
			}
		},
		"swim_stand": {
			"loop": true,
			"animation_length": 1,
			"bones": {
				"Lh2": {
					"rotation": [-5, 0, 0]
				},
				"Right_arm": {
					"rotation": [0, 0, 0]
				},
				"rh2": {
					"rotation": [-7.5, 0, 0]
				},
				"RightLeg": {
					"rotation": {
						"0.0": [-26.18488, 14.93636, 4.84338],
						"0.52": [-11.18488, 14.93636, 4.84338],
						"1.0": [-26.18488, 14.93636, 4.84338]
					}
				},
				"LeftLeg": {
					"rotation": {
						"0.0": [-6.35332, -20.55371, -10.60544],
						"0.52": [-33.85332, -20.55371, -10.60544],
						"1.0": [-6.35332, -20.55371, -10.60544]
					}
				},
				"fronts": {
					"rotation": {
						"0.0": [-37.5, -5, -5],
						"1.0": [-37.5, -5, -5]
					},
					"position": [1, 0, 0]
				},
				"fa1": {
					"rotation": [1.63219, -7.32123, -17.60443]
				},
				"fa5": {
					"rotation": [0, 0, 15]
				},
				"2wd": {
					"rotation": {
						"0.0": [-32.5, 0, 5],
						"1.0": [-32.5, 0, 5]
					},
					"position": [-1, 0, 0]
				},
				"LeftLowerLeg": {
					"rotation": {
						"0.0": [40, 0, 0],
						"0.52": [75, 0, 0],
						"1.0": [40, 0, 0]
					}
				},
				"handL": {
					"rotation": {
						"0.0": [0, 0, -57.5],
						"0.52": [0, 0, -42.5],
						"1.0": [0, 0, -57.5]
					}
				},
				"handR": {
					"rotation": {
						"0.0": [0, 0, 60],
						"0.52": [0, 0, 47.5],
						"1.0": [0, 0, 60]
					}
				},
				"RightLowerLeg": {
					"rotation": {
						"0.0": [42.5, 0, 0],
						"0.52": [27.5, 0, 0],
						"1.0": [42.5, 0, 0]
					}
				},
				"b5": {
					"rotation": [-1.86821, -22.34036, 10.56141]
				},
				"b6": {
					"rotation": [15, 0, 0]
				},
				"b7": {
					"rotation": [12.5, 0, 0]
				},
				"b8": {
					"rotation": [12.5, 0, 0]
				},
				"sa": {
					"rotation": [-12.5, 0, 0]
				},
				"sd": {
					"rotation": [-22.5, 0, 0]
				},
				"b1": {
					"rotation": [5.29618, 12.03958, -14.00699]
				},
				"b2": {
					"rotation": [7.5, 0, 0]
				},
				"b3": {
					"rotation": [10, 0, 0]
				},
				"b4": {
					"rotation": [35, 0, 0]
				},
				"fa2": {
					"rotation": {
						"0.0": [0, 0, -15],
						"1.0": [0, 0, -15]
					}
				},
				"fa3": {
					"rotation": {
						"0.0": [0, 0, -15],
						"1.0": [0, 0, -15]
					}
				},
				"fa4": {
					"rotation": [0, 0, -15]
				},
				"fa6": {
					"rotation": [0, 0, 15]
				},
				"fa7": {
					"rotation": [0, 0, 10]
				},
				"fa8": {
					"rotation": [0, 0, 15]
				},
				"sa2": {
					"rotation": [-12.5, 0, 0]
				},
				"sd2": {
					"rotation": [-22.5, 0, 0]
				}
			}
		},
		"run": {
			"loop": true,
			"animation_length": 0.76,
			"bones": {
				"Allbody": {
					"rotation": {
						"0.0": [35, 0, 0],
						"0.76": [35, 0, 0]
					},
					"position": {
						"0.0": [6, -6, 0],
						"0.12": [3, -2, 0],
						"0.24": [-3, -4, 0],
						"0.32": [-7, -2, 0],
						"0.4": [-7, -3, 0],
						"0.52": [-4.83, -2.67, 0],
						"0.64": [3, -2, 0],
						"0.76": [6, -6, 0]
					}
				},
				"Upbody": {
					"rotation": {
						"0.0": [20.28356, -9.39129, -3.45118],
						"0.36": [20.44582, 11.73507, 4.3361],
						"0.76": [20.28356, -9.39129, -3.45118]
					}
				},
				"Allhead": {
					"rotation": [-32.5, 0, 0]
				},
				"eyew": {
					"position": [0, 0.2, 0]
				},
				"handL": {
					"rotation": {
						"0.0": [47.35177, -5.00665, -26.94401],
						"0.36": [-57.64823, -5.00665, -26.94401],
						"0.76": [47.35177, -5.00665, -26.94401]
					}
				},
				"Lh2": {
					"rotation": {
						"0.0": [-52.5, 0, 0],
						"0.36": [-100, 0, 0],
						"0.76": [-52.5, 0, 0]
					}
				},
				"handR": {
					"rotation": {
						"0.0": [-29.14743, 7.43547, 13.06431],
						"0.36": [18.35257, 7.43547, 13.06431],
						"0.76": [-29.14743, 7.43547, 13.06431]
					}
				},
				"rh2": {
					"rotation": {
						"0.0": [-102.5, 0, 0],
						"0.36": [-35, 0, 0],
						"0.76": [-102.5, 0, 0]
					}
				},
				"Downbody": {
					"rotation": {
						"0.0": [7.67995, 12.39135, 1.6575],
						"0.36": [7.52832, -4.95712, -0.65426],
						"0.76": [7.67995, 12.39135, 1.6575]
					}
				},
				"LeftLeg": {
					"rotation": {
						"0.0": [-90, -17.5, -7.5],
						"0.28": [-32.8754, -9.64216, -9.11858],
						"0.36": [2.73163, -7.39707, -9.58103],
						"0.52": [-45.98243, -11.88726, -8.65613],
						"0.68": [-80.9312, -21.31685, -8.55164],
						"0.76": [-90, -17.5, -7.5]
					}
				},
				"LeftLowerLeg": {
					"rotation": {
						"0.0": [5, 0, 0],
						"0.2": [65.79, 0, 0],
						"0.28": [58.61, 0, 0],
						"0.36": [90, 0, 0],
						"0.64": [122.22, 0, 0],
						"0.76": [5, 0, 0]
					}
				},
				"RightLeg": {
					"rotation": {
						"0.0": [0, -12.5, 5],
						"0.36": [-90, 10, 5],
						"0.52": [-57.5, 0, 5],
						"0.6": [-34.80988, 0.69613, 13.22835],
						"0.76": [0, -12.5, 5]
					}
				},
				"RightLowerLeg": {
					"rotation": {
						"0.0": [100, 0, 0],
						"0.24": [118.61, 0, 0],
						"0.4": [5, 0, 0],
						"0.52": [64.72, 0, 0],
						"0.6": [53.83, 0, 0],
						"0.76": [100, 0, 0]
					}
				},
				"b5": {
					"rotation": {
						"0.0": [-3.2574, -9.64462, 12.63311],
						"0.36": [10.09118, -15.28023, 0.7217],
						"0.76": [-3.2574, -9.64462, 12.63311]
					}
				},
				"b6": {
					"rotation": {
						"0.0": [17.5, 0, 0],
						"0.36": [5, 0, 0],
						"0.76": [17.5, 0, 0]
					}
				},
				"b7": {
					"rotation": {
						"0.0": [32.5, 0, 0],
						"0.36": [-10, 0, 0],
						"0.76": [32.5, 0, 0]
					}
				},
				"b8": {
					"rotation": {
						"0.0": [40, 0, 0],
						"0.36": [-25, 0, 0],
						"0.76": [40, 0, 0]
					}
				},
				"fronts": {
					"rotation": {
						"0.0": [-109.27896, -38.3808, 12.25294],
						"0.4": [-56.592, -24.58137, 8.80508],
						"0.76": [-109.27896, -38.3808, 12.25294]
					},
					"position": [2, 0, 0]
				},
				"sa": {
					"rotation": {
						"0.0": [-27.5, 0, 0],
						"0.36": [2.5, 0, 0],
						"0.76": [-27.5, 0, 0]
					}
				},
				"sd": {
					"rotation": {
						"0.0": [-27.5, 0, 0],
						"0.36": [-12.5, 0, 0],
						"0.76": [-27.5, 0, 0]
					}
				},
				"b1": {
					"rotation": {
						"0.0": [0, 5, -5],
						"0.36": [7.5, 5, -5],
						"0.76": [0, 5, -5]
					}
				},
				"b2": {
					"rotation": {
						"0.0": [-10, 0, 0],
						"0.4": [10, 0, 0],
						"0.76": [-10, 0, 0]
					}
				},
				"b3": {
					"rotation": {
						"0.0": [-12.5, 0, 0],
						"0.36": [20, 0, 0],
						"0.76": [-12.5, 0, 0]
					}
				},
				"b4": {
					"rotation": {
						"0.0": [10, 0, 0],
						"0.36": [27.5, 0, 0],
						"0.76": [10, 0, 0]
					}
				},
				"fa1": {
					"rotation": {
						"0.0": [4.10275, -10.39703, -12.43571],
						"0.36": [6.66735, -8.98092, -27.58648],
						"0.76": [4.10275, -10.39703, -12.43571]
					}
				},
				"fa2": {
					"rotation": {
						"0.0": [-10, 0, 0],
						"0.36": [9.76758, 2.15393, -12.31594],
						"0.76": [-10, 0, 0]
					}
				},
				"fa3": {
					"rotation": {
						"0.0": [-10, 0, 0],
						"0.36": [2.8342, -2.57594, -14.78217],
						"0.76": [-10, 0, 0]
					}
				},
				"fa4": {
					"rotation": {
						"0.0": [-15, 0, 0],
						"0.36": [4.95744, 0.65182, -7.47178],
						"0.76": [-15, 0, 0]
					}
				},
				"fa5": {
					"rotation": {
						"0.0": [0, 0, 17.5],
						"0.36": [0, 0, 22.5],
						"0.76": [0, 0, 17.5]
					}
				},
				"fa6": {
					"rotation": {
						"0.0": [7.5, 0, 12.5],
						"0.36": [-9.97178, -0.65182, 7.54256],
						"0.76": [7.5, 0, 12.5]
					}
				},
				"fa7": {
					"rotation": {
						"0.0": [2.4905, -0.21782, 4.99527],
						"0.32": [-12.44485, -1.29873, 0.113],
						"0.76": [2.4905, -0.21782, 4.99527]
					}
				},
				"fa8": {
					"rotation": {
						"0.0": [7.5, 0, 2.5],
						"0.36": [-5.25279, 1.93597, -12.37739],
						"0.76": [7.5, 0, 2.5]
					}
				},
				"2wd": {
					"rotation": {
						"0.0": [-22.5, 0, 0],
						"0.32": [-105.40689, 18.17291, -23.97251],
						"0.76": [-22.5, 0, 0]
					},
					"position": [-1, 0, 0]
				},
				"sa2": {
					"rotation": {
						"0.0": [-15, 0, 0],
						"0.32": [-25, 0, 0],
						"0.76": [-15, 0, 0]
					}
				},
				"sd2": {
					"rotation": {
						"0.0": [-12.5, 0, 0],
						"0.32": [20, 0, 0],
						"0.76": [-12.5, 0, 0]
					}
				},
				"L1": {
					"rotation": {
						"0.0": [0, 0, -25],
						"0.36": [0, 0, 7.5],
						"0.64": [0, 0, 6.94],
						"0.76": [0, 0, -25]
					}
				},
				"l2": {
					"rotation": {
						"0.0": [0, 0, -20],
						"0.4": [0, 0, -15],
						"0.64": [0, 0, 9.17],
						"0.76": [0, 0, -20]
					}
				},
				"R1": {
					"rotation": {
						"0.0": [0, 0, -5],
						"0.28": [0, 0, -9.09],
						"0.44": [0, 0, 30],
						"0.76": [0, 0, -5]
					}
				},
				"R2": {
					"rotation": {
						"0.0": [0, 0, 15],
						"0.28": [0, 0, -7.22],
						"0.36": [0, 0, 25],
						"0.76": [0, 0, 15]
					}
				}
			}
		},
		"swing_hand": {
			"animation_length": 0.32,
			"bones": {
				"Right_arm": {
					"rotation": [0, 0, 0]
				},
				"rh2": {
					"rotation": {
						"0.0": [-115, 0, 0],
						"0.2": [-20.15497, 7.87029, -8.02845],
						"0.32": [0, 0, 0]
					}
				},
				"Upbody": {
					"rotation": {
						"0.0": [0, 0, 0],
						"0.16": [10.62758, -19.6835, -3.61644],
						"0.28": [0, -5, 0]
					}
				},
				"Allhead": {
					"rotation": {
						"0.0": [0, 0, 0],
						"0.12": [0, 10, 0],
						"0.24": [0, 0, 0]
					}
				},
				"Head": {
					"rotation": {
						"0.0": [0, 0, 0],
						"0.16": [-7.15763, 5.08921, 1.73716],
						"0.32": [0, 0, 0]
					}
				},
				"handL": {
					"rotation": [12.38212, 1.72616, -4.81274]
				},
				"Lh2": {
					"rotation": [-17.33995, -2.39854, 0.36579]
				},
				"handR": {
					"rotation": {
						"0.0": [-100, 0, 0],
						"0.12": [-43.79975, 8.03194, -28.94822],
						"0.32": [0, 0, 0]
					}
				},
				"RightHandLocator": {
					"rotation": [87.5, 0, 0]
				}
			}
		},
		"use_offhand": {
			"animation_length": 0.28,
			"bones": {
				"handL": {
					"rotation": {
						"0.0": [0, 0, 0],
						"0.08": [-24.08185, -10.77305, -22.69559],
						"0.16": [-52.5, 0, 0],
						"0.28": [0, 0, 0]
					}
				},
				"Lh2": {
					"rotation": {
						"0.0": [-7.5, 0, 0],
						"0.08": [-32.5, 0, 0],
						"0.28": [-7.5, 0, 0]
					}
				}
			}
		},
		"use_mainhand": {
			"animation_length": 0.24,
			"bones": {
				"Right_arm": {
					"rotation": {
						"0.0": [0, 0, 0],
						"0.08": [-29.75402, 2.44382, 24.84948],
						"0.16": [-34.79562, -1.99074, 0.34278],
						"0.24": [0, 0, 0]
					}
				}
			}
		},
		"default": {
			"loop": true,
			"animation_length": 7.48,
			"bones": {
				"eyew": {
					"rotation": {
						"0.0": [0, 0, 0],
						"6.0": [0, 0, 0]
					},
					"position": {
						"0.0": [0, 0, 0],
						"6.0": [0, 0, 0],
						"6.32": [0.5, 0, 0],
						"6.56": [0.5, 0, 0],
						"6.88": [-0.5, 0, 0],
						"7.12": [-0.5, 0, 0],
						"7.48": [0, 0, 0]
					}
				}
			}
		},
		"jump": {
			"loop": true,
			"animation_length": 0.76,
			"bones": {
				"Upbody": {
					"rotation": [5, 0, 0]
				},
				"L1": {
					"rotation": {
						"0.0": [0, 0, -2.5],
						"0.36": [0, 0, -20],
						"0.76": [0, 0, -2.5]
					}
				},
				"l2": {
					"rotation": {
						"0.0": [0, 0, 10],
						"0.2": [0, 0, 15],
						"0.36": [0, 0, -12.5],
						"0.6": [0, 0, -14],
						"0.76": [0, 0, 10]
					}
				},
				"R1": {
					"rotation": {
						"0.0": [0, 0, 2.5],
						"0.36": [0, 0, 15],
						"0.76": [0, 0, 2.5]
					}
				},
				"R2": {
					"rotation": {
						"0.0": [0, 0, -10],
						"0.24": [0, 0, -10.83],
						"0.36": [0, 0, 15],
						"0.64": [0, 0, 17.5],
						"0.76": [0, 0, -10]
					}
				},
				"handL": {
					"rotation": {
						"0.0": [-8.6822, -4.98093, -29.62165],
						"0.36": [-7.96341, -6.06809, -37.07723],
						"0.76": [-8.6822, -4.98093, -29.62165]
					}
				},
				"Lh2": {
					"rotation": [-30, 0, 0]
				},
				"handR": {
					"rotation": {
						"0.0": [0, 0, 32.5],
						"0.36": [0, 0, 37.5],
						"0.76": [0, 0, 32.5]
					}
				},
				"rh2": {
					"rotation": [-27.5, 0, 0]
				},
				"LeftLeg": {
					"rotation": [-6.94596, -12.48791, -2.56062]
				},
				"LeftLowerLeg": {
					"rotation": {
						"0.0": [15, 0, 0],
						"0.36": [20, 0, 0],
						"0.76": [15, 0, 0]
					}
				},
				"RightLeg": {
					"rotation": [-8.40912, 17.86685, 5.234]
				},
				"RightLowerLeg": {
					"rotation": {
						"0.0": [42.5, 0, 0],
						"0.32": [32.5, 0, 0],
						"0.76": [42.5, 0, 0]
					}
				},
				"b5": {
					"rotation": {
						"0.0": [24.92845, -7.94339, 7.29909],
						"0.36": [42.42845, -7.94339, 7.29909],
						"0.76": [24.92845, -7.94339, 7.29909]
					}
				},
				"b6": {
					"rotation": {
						"0.0": [-2.5, 0, 0],
						"0.36": [25, 0, 0],
						"0.76": [-2.5, 0, 0]
					}
				},
				"b7": {
					"rotation": {
						"0.0": [-2.5, 0, 0],
						"0.2": [-9.72, 0, 0],
						"0.36": [25, 0, 0],
						"0.56": [20.77, 0, 0],
						"0.76": [-2.5, 0, 0]
					}
				},
				"b8": {
					"rotation": {
						"0.0": [-12.5, 0, 0],
						"0.24": [-25, 0, 0],
						"0.36": [25, 0, 0],
						"0.56": [26.25, 0, 0],
						"0.76": [-12.5, 0, 0]
					}
				},
				"fronts": {
					"rotation": {
						"0.0": [-20, -12.5, -12.5],
						"0.36": [-32.5, -12.5, -12.5],
						"0.76": [-20, -12.5, -12.5]
					}
				},
				"sa": {
					"rotation": {
						"0.0": [5, 0, 0],
						"0.24": [5.83, 0, 0],
						"0.36": [-12.5, 0, 0],
						"0.6": [-7, 0, 0],
						"0.76": [5, 0, 0]
					}
				},
				"sd": {
					"rotation": {
						"0.0": [15, 0, 0],
						"0.2": [8.33, 0, 0],
						"0.36": [-17.5, 0, 0],
						"0.48": [-18, 0, 0],
						"0.76": [15, 0, 0]
					}
				},
				"b1": {
					"rotation": {
						"0.0": [20, 32.5, -7.5],
						"0.36": [30, 32.5, -7.5],
						"0.76": [20, 32.5, -7.5]
					}
				},
				"b2": {
					"rotation": {
						"0.0": [2.5, 0, 0],
						"0.24": [13.33, 0, 0],
						"0.36": [22.5, 0, 0],
						"0.76": [2.5, 0, 0]
					}
				},
				"b3": {
					"rotation": {
						"0.0": [7.5, 0, 0],
						"0.24": [10, 0, 0],
						"0.36": [30, 0, 0],
						"0.64": [21.75, 0, 0],
						"0.76": [7.5, 0, 0]
					}
				},
				"b4": {
					"rotation": {
						"0.0": [-12.5, 0, 0],
						"0.24": [1.67, 0, 0],
						"0.36": [27.5, 0, 0],
						"0.64": [7, 0, 0],
						"0.76": [-12.5, 0, 0]
					}
				},
				"fa1": {
					"rotation": {
						"0.0": [0, 0, -25],
						"0.36": [0, 0, -15],
						"0.76": [0, 0, -25]
					}
				},
				"fa2": {
					"rotation": {
						"0.0": [0, 0, -17.5],
						"0.36": [0, 0, 2.5],
						"0.76": [0, 0, -17.5]
					}
				},
				"fa3": {
					"rotation": {
						"0.0": [0, 0, -17.5],
						"0.24": [0, 0, -9.17],
						"0.36": [0, 0, 10],
						"0.76": [0, 0, -17.5]
					}
				},
				"fa4": {
					"rotation": {
						"0.0": [0, 0, -20],
						"0.24": [0, 0, -15.83],
						"0.36": [0, 0, 20],
						"0.6": [0, 0, 13.5],
						"0.76": [0, 0, -20]
					}
				},
				"fa5": {
					"rotation": {
						"0.0": [0, 0, 17.5],
						"0.36": [0, 0, 45],
						"0.76": [0, 0, 17.5]
					}
				},
				"fa6": {
					"rotation": {
						"0.0": [0, 0, -2.5],
						"0.36": [0, 0, 15],
						"0.76": [0, 0, -2.5]
					}
				},
				"fa7": {
					"rotation": {
						"0.0": [0, 0, 7.5],
						"0.24": [0, 0, 3.33],
						"0.36": [0, 0, 20],
						"0.6": [0, 0, 17.5],
						"0.76": [0, 0, 7.5]
					}
				},
				"fa8": {
					"rotation": {
						"0.0": [0, 0, -10],
						"0.24": [0, 0, -17.5],
						"0.36": [0, 0, 20],
						"0.6": [0, 0, 24.5],
						"0.76": [0, 0, -10]
					}
				},
				"2wd": {
					"rotation": {
						"0.0": [-20, 5, 12.5],
						"0.32": [-35, 5, 12.5],
						"0.76": [-20, 5, 12.5]
					}
				},
				"sa2": {
					"rotation": {
						"0.0": [-7.5, 0, 0],
						"0.2": [-10.31, 0, 0],
						"0.32": [-22.5, 0, 0],
						"0.76": [-7.5, 0, 0]
					}
				},
				"sd2": {
					"rotation": {
						"0.0": [15, 0, 0],
						"0.2": [-6.87, 0, 0],
						"0.32": [-22.5, 0, 0],
						"0.76": [15, 0, 0]
					}
				},
				"lfoot": {
					"rotation": [12.5, 0, 0]
				},
				"Rfoot": {
					"rotation": [12.5, 0, 0]
				}
			}
		},
		"fly": {
			"loop": true,
			"animation_length": 0.76,
			"bones": {
				"Upbody": {
					"rotation": [5, 0, 0]
				},
				"L1": {
					"rotation": {
						"0.0": [0, 0, -2.5],
						"0.36": [0, 0, -20],
						"0.76": [0, 0, -2.5]
					}
				},
				"l2": {
					"rotation": {
						"0.0": [0, 0, 10],
						"0.2": [0, 0, 15],
						"0.36": [0, 0, -12.5],
						"0.6": [0, 0, -14],
						"0.76": [0, 0, 10]
					}
				},
				"R1": {
					"rotation": {
						"0.0": [0, 0, 2.5],
						"0.36": [0, 0, 15],
						"0.76": [0, 0, 2.5]
					}
				},
				"R2": {
					"rotation": {
						"0.0": [0, 0, -10],
						"0.24": [0, 0, -10.83],
						"0.36": [0, 0, 15],
						"0.64": [0, 0, 17.5],
						"0.76": [0, 0, -10]
					}
				},
				"handL": {
					"rotation": {
						"0.0": [-8.6822, -4.98093, -29.62165],
						"0.36": [-7.96341, -6.06809, -37.07723],
						"0.76": [-8.6822, -4.98093, -29.62165]
					}
				},
				"Lh2": {
					"rotation": [-30, 0, 0]
				},
				"handR": {
					"rotation": {
						"0.0": [0, 0, 32.5],
						"0.36": [0, 0, 37.5],
						"0.76": [0, 0, 32.5]
					}
				},
				"rh2": {
					"rotation": [-27.5, 0, 0]
				},
				"LeftLeg": {
					"rotation": [-6.94596, -12.48791, -2.56062]
				},
				"LeftLowerLeg": {
					"rotation": {
						"0.0": [15, 0, 0],
						"0.36": [20, 0, 0],
						"0.76": [15, 0, 0]
					}
				},
				"RightLeg": {
					"rotation": [-8.40912, 17.86685, 5.234]
				},
				"RightLowerLeg": {
					"rotation": {
						"0.0": [42.5, 0, 0],
						"0.32": [32.5, 0, 0],
						"0.76": [42.5, 0, 0]
					}
				},
				"b5": {
					"rotation": {
						"0.0": [24.92845, -7.94339, 7.29909],
						"0.36": [42.42845, -7.94339, 7.29909],
						"0.76": [24.92845, -7.94339, 7.29909]
					}
				},
				"b6": {
					"rotation": {
						"0.0": [-2.5, 0, 0],
						"0.36": [25, 0, 0],
						"0.76": [-2.5, 0, 0]
					}
				},
				"b7": {
					"rotation": {
						"0.0": [-2.5, 0, 0],
						"0.2": [-9.72, 0, 0],
						"0.36": [25, 0, 0],
						"0.56": [20.77, 0, 0],
						"0.76": [-2.5, 0, 0]
					}
				},
				"b8": {
					"rotation": {
						"0.0": [-12.5, 0, 0],
						"0.24": [-25, 0, 0],
						"0.36": [25, 0, 0],
						"0.56": [26.25, 0, 0],
						"0.76": [-12.5, 0, 0]
					}
				},
				"fronts": {
					"rotation": {
						"0.0": [-20, -12.5, -12.5],
						"0.36": [-32.5, -12.5, -12.5],
						"0.76": [-20, -12.5, -12.5]
					}
				},
				"sa": {
					"rotation": {
						"0.0": [5, 0, 0],
						"0.24": [5.83, 0, 0],
						"0.36": [-12.5, 0, 0],
						"0.6": [-7, 0, 0],
						"0.76": [5, 0, 0]
					}
				},
				"sd": {
					"rotation": {
						"0.0": [15, 0, 0],
						"0.2": [8.33, 0, 0],
						"0.36": [-17.5, 0, 0],
						"0.48": [-18, 0, 0],
						"0.76": [15, 0, 0]
					}
				},
				"b1": {
					"rotation": {
						"0.0": [20, 32.5, -7.5],
						"0.36": [30, 32.5, -7.5],
						"0.76": [20, 32.5, -7.5]
					}
				},
				"b2": {
					"rotation": {
						"0.0": [2.5, 0, 0],
						"0.24": [13.33, 0, 0],
						"0.36": [22.5, 0, 0],
						"0.76": [2.5, 0, 0]
					}
				},
				"b3": {
					"rotation": {
						"0.0": [7.5, 0, 0],
						"0.24": [10, 0, 0],
						"0.36": [30, 0, 0],
						"0.64": [21.75, 0, 0],
						"0.76": [7.5, 0, 0]
					}
				},
				"b4": {
					"rotation": {
						"0.0": [-12.5, 0, 0],
						"0.24": [1.67, 0, 0],
						"0.36": [27.5, 0, 0],
						"0.64": [7, 0, 0],
						"0.76": [-12.5, 0, 0]
					}
				},
				"fa1": {
					"rotation": {
						"0.0": [0, 0, -25],
						"0.36": [0, 0, -15],
						"0.76": [0, 0, -25]
					}
				},
				"fa2": {
					"rotation": {
						"0.0": [0, 0, -17.5],
						"0.36": [0, 0, 2.5],
						"0.76": [0, 0, -17.5]
					}
				},
				"fa3": {
					"rotation": {
						"0.0": [0, 0, -17.5],
						"0.24": [0, 0, -9.17],
						"0.36": [0, 0, 10],
						"0.76": [0, 0, -17.5]
					}
				},
				"fa4": {
					"rotation": {
						"0.0": [0, 0, -20],
						"0.24": [0, 0, -15.83],
						"0.36": [0, 0, 20],
						"0.6": [0, 0, 13.5],
						"0.76": [0, 0, -20]
					}
				},
				"fa5": {
					"rotation": {
						"0.0": [0, 0, 17.5],
						"0.36": [0, 0, 45],
						"0.76": [0, 0, 17.5]
					}
				},
				"fa6": {
					"rotation": {
						"0.0": [0, 0, -2.5],
						"0.36": [0, 0, 15],
						"0.76": [0, 0, -2.5]
					}
				},
				"fa7": {
					"rotation": {
						"0.0": [0, 0, 7.5],
						"0.24": [0, 0, 3.33],
						"0.36": [0, 0, 20],
						"0.6": [0, 0, 17.5],
						"0.76": [0, 0, 7.5]
					}
				},
				"fa8": {
					"rotation": {
						"0.0": [0, 0, -10],
						"0.24": [0, 0, -17.5],
						"0.36": [0, 0, 20],
						"0.6": [0, 0, 24.5],
						"0.76": [0, 0, -10]
					}
				},
				"2wd": {
					"rotation": {
						"0.0": [-20, 5, 12.5],
						"0.32": [-35, 5, 12.5],
						"0.76": [-20, 5, 12.5]
					}
				},
				"sa2": {
					"rotation": {
						"0.0": [-7.5, 0, 0],
						"0.2": [-10.31, 0, 0],
						"0.32": [-22.5, 0, 0],
						"0.76": [-7.5, 0, 0]
					}
				},
				"sd2": {
					"rotation": {
						"0.0": [15, 0, 0],
						"0.2": [-6.87, 0, 0],
						"0.32": [-22.5, 0, 0],
						"0.76": [15, 0, 0]
					}
				},
				"lfoot": {
					"rotation": [12.5, 0, 0]
				},
				"Rfoot": {
					"rotation": [12.5, 0, 0]
				}
			}
		},
		"attacked": {
			"animation_length": 0.28,
			"bones": {
				"Upbody": {
					"rotation": {
						"0.0": [0, 0, 0],
						"0.12": [-17.5, 0, 0],
						"0.28": [0, 0, 0]
					}
				},
				"Head": {
					"rotation": {
						"0.0": [0, 0, 0],
						"0.12": [17.5, 0, 0],
						"0.28": [0, 0, 0]
					}
				}
			}
		},
		"sit": {
			"loop": true,
			"bones": {
				"root": {
					"position": [0, -2, 0]
				},
				"Allbody": {
					"rotation": [12.5, 0, 0]
				},
				"Upbody": {
					"rotation": [15, 0, 0]
				},
				"Head": {
					"rotation": [-17.5, 0, 0]
				},
				"handL": {
					"rotation": [-63.49352, 47.13536, -55.76784]
				},
				"Lh2": {
					"rotation": [-102.5, 0, 0]
				},
				"handR": {
					"rotation": [-49.05364, 6.96857, 13.33988]
				},
				"rh2": {
					"rotation": [-107.40479, -35.51444, 39.67221]
				},
				"LeftLeg": {
					"rotation": [-117.59948, -21.2517, -2.50001]
				},
				"LeftLowerLeg": {
					"rotation": [115, 0, 0]
				},
				"lfoot": {
					"rotation": [-12.5, 0, 0]
				},
				"RightLeg": {
					"rotation": [-120.9932, 18.87985, 2.10984]
				},
				"RightLowerLeg": {
					"rotation": [130, 0, 0]
				},
				"Rfoot": {
					"rotation": [-12.5, 0, 0]
				},
				"b6": {
					"rotation": [10, 0, 0]
				},
				"b7": {
					"rotation": [20, 0, 0]
				},
				"b8": {
					"rotation": [15, 0, 0]
				},
				"fronts": {
					"rotation": [-127.5, 0, 0]
				},
				"sa": {
					"rotation": [5, 0, 0]
				},
				"sd": {
					"rotation": [15, 0, 0]
				},
				"b2": {
					"rotation": [12.5, 0, 0]
				},
				"b3": {
					"rotation": [17.5, 0, 0]
				},
				"b4": {
					"rotation": [22.5, 0, 0]
				},
				"fa1": {
					"rotation": [0, -12.5, 0]
				},
				"fa2": {
					"rotation": [0, 0, -17.5]
				},
				"fa3": {
					"rotation": [0, 0, -17.5]
				},
				"fa4": {
					"rotation": [0, 0, -20]
				},
				"fa5": {
					"rotation": [0, 12.5, 0]
				},
				"fa6": {
					"rotation": [0, 0, 10]
				},
				"fa7": {
					"rotation": [0, 0, 10]
				},
				"fa8": {
					"rotation": [0, 0, 42.5]
				},
				"2wd": {
					"rotation": [-140, 0, 0]
				},
				"sa2": {
					"rotation": [7.5, 0, 0]
				},
				"sd2": {
					"rotation": [10, 0, 0]
				}
			}
		},
		"ride_pig": {
			"loop": true,
			"bones": {
				"root": {
					"position": [0, -2, 0]
				},
				"Allbody": {
					"rotation": [12.5, 0, 0]
				},
				"Upbody": {
					"rotation": [15, 0, 0]
				},
				"Head": {
					"rotation": [-17.5, 0, 0]
				},
				"handL": {
					"rotation": [-63.49352, 47.13536, -55.76784]
				},
				"Lh2": {
					"rotation": [-102.5, 0, 0]
				},
				"handR": {
					"rotation": [-49.05364, 6.96857, 13.33988]
				},
				"rh2": {
					"rotation": [-107.40479, -35.51444, 39.67221]
				},
				"LeftLeg": {
					"rotation": [-117.59948, -21.2517, -2.50001]
				},
				"LeftLowerLeg": {
					"rotation": [115, 0, 0]
				},
				"lfoot": {
					"rotation": [-12.5, 0, 0]
				},
				"RightLeg": {
					"rotation": [-120.9932, 18.87985, 2.10984]
				},
				"RightLowerLeg": {
					"rotation": [130, 0, 0]
				},
				"Rfoot": {
					"rotation": [-12.5, 0, 0]
				},
				"b6": {
					"rotation": [10, 0, 0]
				},
				"b7": {
					"rotation": [20, 0, 0]
				},
				"b8": {
					"rotation": [15, 0, 0]
				},
				"fronts": {
					"rotation": [-127.5, 0, 0]
				},
				"sa": {
					"rotation": [5, 0, 0]
				},
				"sd": {
					"rotation": [15, 0, 0]
				},
				"b2": {
					"rotation": [12.5, 0, 0]
				},
				"b3": {
					"rotation": [17.5, 0, 0]
				},
				"b4": {
					"rotation": [22.5, 0, 0]
				},
				"fa1": {
					"rotation": [0, -12.5, 0]
				},
				"fa2": {
					"rotation": [0, 0, -17.5]
				},
				"fa3": {
					"rotation": [0, 0, -17.5]
				},
				"fa4": {
					"rotation": [0, 0, -20]
				},
				"fa5": {
					"rotation": [0, 12.5, 0]
				},
				"fa6": {
					"rotation": [0, 0, 10]
				},
				"fa7": {
					"rotation": [0, 0, 10]
				},
				"fa8": {
					"rotation": [0, 0, 42.5]
				},
				"2wd": {
					"rotation": [-140, 0, 0]
				},
				"sa2": {
					"rotation": [7.5, 0, 0]
				},
				"sd2": {
					"rotation": [10, 0, 0]
				}
			}
		},
		"ride": {
			"loop": true,
			"bones": {
				"root": {
					"position": [0, -2, 0]
				},
				"Allbody": {
					"rotation": [12.5, 0, 0]
				},
				"Upbody": {
					"rotation": [15, 0, 0]
				},
				"Head": {
					"rotation": [-17.5, 0, 0]
				},
				"handL": {
					"rotation": [-86.37104, 11.80762, -69.94503]
				},
				"Lh2": {
					"rotation": [-25, 0, 0]
				},
				"handR": {
					"rotation": [-84.0975, -0.49149, 12.56506]
				},
				"rh2": {
					"rotation": [0, 0, -20]
				},
				"LeftLeg": {
					"rotation": [-117.59948, -21.2517, -2.50001]
				},
				"LeftLowerLeg": {
					"rotation": [115, 0, 0]
				},
				"lfoot": {
					"rotation": [-12.5, 0, 0]
				},
				"RightLeg": {
					"rotation": [-120.9932, 18.87985, 2.10984]
				},
				"RightLowerLeg": {
					"rotation": [130, 0, 0]
				},
				"Rfoot": {
					"rotation": [-12.5, 0, 0]
				},
				"b6": {
					"rotation": [10, 0, 0]
				},
				"b7": {
					"rotation": [20, 0, 0]
				},
				"b8": {
					"rotation": [15, 0, 0]
				},
				"fronts": {
					"rotation": [-127.5, 0, 0]
				},
				"sa": {
					"rotation": [5, 0, 0]
				},
				"sd": {
					"rotation": [15, 0, 0]
				},
				"b2": {
					"rotation": [12.5, 0, 0]
				},
				"b3": {
					"rotation": [17.5, 0, 0]
				},
				"b4": {
					"rotation": [22.5, 0, 0]
				},
				"fa1": {
					"rotation": [0, -12.5, 0]
				},
				"fa2": {
					"rotation": [0, 0, -17.5]
				},
				"fa3": {
					"rotation": [0, 0, -17.5]
				},
				"fa4": {
					"rotation": [0, 0, -20]
				},
				"fa5": {
					"rotation": [0, 12.5, 0]
				},
				"fa6": {
					"rotation": [0, 0, 10]
				},
				"fa7": {
					"rotation": [0, 0, 10]
				},
				"fa8": {
					"rotation": [0, 0, 42.5]
				},
				"2wd": {
					"rotation": [-140, 0, 0]
				},
				"sa2": {
					"rotation": [7.5, 0, 0]
				},
				"sd2": {
					"rotation": [10, 0, 0]
				}
			}
		},
		"sneaking": {
			"loop": true,
			"bones": {
				"root": {
					"position": [0, -11, 0]
				},
				"Upbody": {
					"rotation": [62.5, 0, 0]
				},
				"Head": {
					"rotation": [-55, 0, 0]
				},
				"handL": {
					"rotation": [-69.7161, 11.72746, -26.59758]
				},
				"Lh2": {
					"rotation": [-2.72348, 6.3202, -4.04618]
				},
				"handR": {
					"rotation": [-44.00703, 10.54529, 10.72858]
				},
				"rh2": {
					"rotation": [-55.23095, -4.29357, 6.15518]
				},
				"Downbody": {
					"rotation": [27.5, 0, 0]
				},
				"LeftLeg": {
					"rotation": [-115.47532, -19.82169, 2.71994]
				},
				"LeftLowerLeg": {
					"rotation": [127.5, 0, 0]
				},
				"lfoot": {
					"rotation": [-35, 0, 0]
				},
				"RightLeg": {
					"rotation": [-105.81754, 23.7695, 7.98205]
				},
				"RightLowerLeg": {
					"rotation": [127.5, 0, 0]
				},
				"Rfoot": {
					"rotation": [-41.52504, -9.57658, -11.59948]
				},
				"b6": {
					"rotation": [2.5, 0, 0]
				},
				"b7": {
					"rotation": [5, 0, 0]
				},
				"b8": {
					"rotation": [5, 0, 0]
				},
				"fronts": {
					"rotation": [-142.34365, -31.42176, 34.04258]
				},
				"sa": {
					"rotation": [14.78217, 2.57594, -9.6658]
				},
				"sd": {
					"rotation": [55.41103, -5.71617, -8.21888]
				},
				"b1": {
					"rotation": [0, 7.5, -2.5]
				},
				"b2": {
					"rotation": [5, 0, 0]
				},
				"b3": {
					"rotation": [7.5, 0, 0]
				},
				"b4": {
					"rotation": [10, 0, 0]
				},
				"fa1": {
					"rotation": [1.95155, -7.24305, -15.12353]
				},
				"fa2": {
					"rotation": [-17.5, 0, -17.5]
				},
				"fa3": {
					"rotation": [0, 0, -12.5]
				},
				"fa4": {
					"rotation": [0, 0, -10]
				},
				"fa5": {
					"rotation": [0, 12.5, 10]
				},
				"fa6": {
					"rotation": [-12.5, 0, 10]
				},
				"fa7": {
					"rotation": [-7.5, 0, 10]
				},
				"fa8": {
					"rotation": [-5, 0, 12.5]
				},
				"2wd": {
					"rotation": [-134.76498, 16.3882, -15.63367]
				},
				"sa2": {
					"rotation": [5, 0, 0]
				},
				"sd2": {
					"rotation": [12.5, 0, 0]
				}
			}
		},
		"climbing": {
			"loop": true,
			"bones": {
				"root": {
					"position": [0, -11, 0]
				},
				"Upbody": {
					"rotation": [67.5, 0, 0]
				},
				"Head": {
					"rotation": [-55, 0, 0]
				},
				"handL": {
					"rotation": [-74.90137, 3.61024, -25.77801]
				},
				"Lh2": {
					"rotation": [-72.72348, 6.3202, -4.04618]
				},
				"handR": {
					"rotation": [-44.00703, 10.54529, 10.72858]
				},
				"rh2": {
					"rotation": [-55.23095, -4.29357, 6.15518]
				},
				"Downbody": {
					"rotation": [27.5, 0, 0]
				},
				"LeftLeg": {
					"rotation": [-115.47532, -19.82169, 2.71994]
				},
				"LeftLowerLeg": {
					"rotation": [127.5, 0, 0]
				},
				"lfoot": {
					"rotation": [-65, 0, 0]
				},
				"RightLeg": {
					"rotation": [-105.81754, 23.7695, 7.98205]
				},
				"RightLowerLeg": {
					"rotation": [127.5, 0, 0]
				},
				"Rfoot": {
					"rotation": [-66.52504, -9.57658, -11.59948]
				},
				"b6": {
					"rotation": [2.5, 0, 0]
				},
				"b7": {
					"rotation": [5, 0, 0]
				},
				"b8": {
					"rotation": [5, 0, 0]
				},
				"fronts": {
					"rotation": [-142.34365, -31.42176, 34.04258]
				},
				"sa": {
					"rotation": [14.78217, 2.57594, -9.6658]
				},
				"sd": {
					"rotation": [55.41103, -5.71617, -8.21888]
				},
				"b1": {
					"rotation": [0, 7.5, -2.5]
				},
				"b2": {
					"rotation": [5, 0, 0]
				},
				"b3": {
					"rotation": [7.5, 0, 0]
				},
				"b4": {
					"rotation": [10, 0, 0]
				},
				"fa1": {
					"rotation": [1.95155, -7.24305, -15.12353]
				},
				"fa2": {
					"rotation": [-17.5, 0, -17.5]
				},
				"fa3": {
					"rotation": [0, 0, -12.5]
				},
				"fa4": {
					"rotation": [0, 0, -10]
				},
				"fa5": {
					"rotation": [0, 12.5, 10]
				},
				"fa6": {
					"rotation": [-12.5, 0, 10]
				},
				"fa7": {
					"rotation": [-7.5, 0, 10]
				},
				"fa8": {
					"rotation": [-5, 0, 12.5]
				},
				"2wd": {
					"rotation": [-134.76498, 16.3882, -15.63367]
				},
				"sa2": {
					"rotation": [5, 0, 0]
				},
				"sd2": {
					"rotation": [12.5, 0, 0]
				},
				"Allbody": {
					"rotation": [30, 0, 0],
					"position": [0, -2, 0]
				}
			}
		},
		"sneak": {
			"loop": true,
			"animation_length": 1,
			"bones": {
				"root": {
					"position": [0, -8, 0]
				},
				"Upbody": {
					"rotation": {
						"0.0": [35.80542, 6.86379, 13.36965],
						"0.48": [40.80542, 6.86379, 13.36965],
						"1.0": [35.80542, 6.86379, 13.36965]
					}
				},
				"Head": {
					"rotation": [-54.83811, -11.05316, -1.67303]
				},
				"handL": {
					"rotation": {
						"0.0": [-94.56734, -14.39119, -35.26499],
						"0.48": [-23.34728, -8.36216, -30.81705],
						"1.0": [-94.56734, -14.39119, -35.26499]
					}
				},
				"Lh2": {
					"rotation": {
						"0.0": [-12.79236, 5.16342, -2.80558],
						"0.48": [-44.52313, 5.16342, -2.80558],
						"0.8": [-100.91736, 5.16342, -2.80558],
						"1.0": [-12.79236, 5.16342, -2.80558]
					}
				},
				"handR": {
					"rotation": {
						"0.0": [-44.00703, 10.54529, 10.72858],
						"0.48": [-51.50703, 10.54529, 10.72858],
						"1.0": [-44.00703, 10.54529, 10.72858]
					}
				},
				"rh2": {
					"rotation": {
						"0.0": [-55.23095, -4.29357, 6.15518],
						"0.48": [-70.23095, -4.29357, 6.15518],
						"1.0": [-55.23095, -4.29357, 6.15518]
					}
				},
				"Downbody": {
					"rotation": [27.5, 0, 0]
				},
				"LeftLeg": {
					"rotation": {
						"0.0": [-90.19862, -11.77644, 0.46913],
						"0.48": [-130.47532, -19.82169, 2.71994],
						"1.0": [-90.19862, -11.77644, 0.46913]
					}
				},
				"LeftLowerLeg": {
					"rotation": {
						"0.0": [90.68688, -1.45208, 2.86895],
						"0.32": [114.39563, -0.48403, 0.95632],
						"0.48": [77.5, 0, 0],
						"1.0": [87.5, 0, 0]
					}
				},
				"lfoot": {
					"rotation": {
						"0.0": [-2.5, 0, 0],
						"0.32": [-7.5, 0, 0],
						"0.48": [-22.5, 0, 0],
						"1.0": [-2.5, 0, 0]
					}
				},
				"RightLeg": {
					"rotation": {
						"0.0": [-126.82142, 22.86042, 5.44605],
						"0.48": [-121.36185, 33.52948, -30.98],
						"1.0": [-126.82142, 22.86042, 5.44605]
					}
				},
				"RightLowerLeg": {
					"rotation": {
						"0.0": [72.5, 0, 0],
						"0.48": [92.5, 0, 0],
						"0.88": [116.73, 0, 0],
						"1.0": [72.5, 0, 0]
					}
				},
				"Rfoot": {
					"rotation": {
						"0.0": [-6.43817, -2.12438, -12.44994],
						"0.48": [-1.90253, -4.42942, -6.71953],
						"0.84": [-27.54259, -2.83362, -10.68674],
						"1.0": [-6.43817, -2.12438, -12.44994]
					}
				},
				"b6": {
					"rotation": [-5, 0, 0]
				},
				"b7": {
					"rotation": {
						"0.0": [-27.5, 0, 0],
						"0.48": [-17.5, 0, 0],
						"1.0": [-27.5, 0, 0]
					}
				},
				"b8": {
					"rotation": [-15, 0, 0]
				},
				"fronts": {
					"rotation": {
						"0.0": [-142.34365, -31.42176, 34.04258],
						"0.48": [-177.34365, -31.42176, 34.04258],
						"1.0": [-142.34365, -31.42176, 34.04258]
					}
				},
				"sa": {
					"rotation": {
						"0.0": [14.78217, 2.57594, -9.6658],
						"0.32": [17.28217, 2.57594, -9.6658],
						"0.48": [7.28217, 2.57594, -9.6658],
						"0.8": [1.89755, 2.57594, -9.6658],
						"1.0": [14.78217, 2.57594, -9.6658]
					}
				},
				"sd": {
					"rotation": {
						"0.0": [55.41103, -5.71617, -8.21888],
						"0.32": [8.74436, -5.71617, -8.21888],
						"0.48": [-29.58897, -5.71617, -8.21888],
						"0.8": [-14.78128, -5.71617, -8.21888],
						"1.0": [55.41103, -5.71617, -8.21888]
					}
				},
				"b1": {
					"rotation": [-0.32902, 7.49282, -5.02154]
				},
				"b2": {
					"rotation": [-7.5, 0, 0]
				},
				"b3": {
					"rotation": {
						"0.0": [-15, 0, 0],
						"0.48": [-27.5, 0, 0],
						"1.0": [-15, 0, 0]
					}
				},
				"b4": {
					"rotation": {
						"0.0": [-15, 0, 0],
						"0.48": [12.5, 0, 0],
						"1.0": [-15, 0, 0]
					}
				},
				"fa1": {
					"rotation": {
						"0.0": [-29.36878, -7.24305, -15.12353],
						"0.48": [-59.91387, -38.798, -13.79574],
						"0.88": [-29.36878, -7.24305, -15.12353]
					}
				},
				"fa2": {
					"rotation": {
						"0.0": [5, 0, -17.5],
						"0.48": [4.99527, 0.21782, -19.9905],
						"1.0": [5, 0, -17.5]
					}
				},
				"fa3": {
					"rotation": {
						"0.0": [0, 0, -12.5],
						"0.48": [0, 0, 20],
						"1.0": [0, 0, -12.5]
					}
				},
				"fa4": {
					"rotation": {
						"0.0": [0, 0, -10],
						"0.48": [0, 0, 40],
						"0.84": [0, 0, 20.38],
						"1.0": [0, 0, -10]
					}
				},
				"fa5": {
					"rotation": {
						"0.0": [-61.05885, 21.31703, 14.93758],
						"0.52": [-25.01631, 48.12708, 37.86297],
						"1.0": [-61.05885, 21.31703, 14.93758]
					}
				},
				"fa6": {
					"rotation": {
						"0.0": [2.5, 0, 10],
						"0.52": [2.47864, 0.32621, 2.50706],
						"1.0": [2.5, 0, 10]
					}
				},
				"fa7": {
					"rotation": {
						"0.0": [-7.47178, -0.65182, 5.04256],
						"0.52": [-7.05239, -2.55868, -9.8423],
						"1.0": [-7.47178, -0.65182, 5.04256]
					}
				},
				"fa8": {
					"rotation": {
						"0.0": [-4.62111, 1.91134, 34.92287],
						"0.36": [-4.71314, 0.0202, 13.07662],
						"0.52": [-4.69986, -1.70818, -7.4299],
						"1.0": [-4.62111, 1.91134, 34.92287]
					}
				},
				"2wd": {
					"rotation": {
						"0.0": [-162.37314, 33.54181, -18.19617],
						"0.48": [-137.17202, 13.17302, -14.60676],
						"1.0": [-162.37314, 33.54181, -18.19617]
					}
				},
				"sa2": {
					"rotation": {
						"0.0": [12.26559, 3.65231, -35.14522],
						"0.48": [30, 0, 0],
						"1.0": [12.26559, 3.65231, -35.14522]
					}
				},
				"sd2": {
					"rotation": {
						"0.0": [-15, 0, 0],
						"0.48": [40, 0, 0],
						"0.84": [16.92, 0, 0],
						"1.0": [-15, 0, 0]
					}
				},
				"Allbody": {
					"rotation": {
						"0.0": [52.5, 0, 0],
						"0.48": [52.5, 0, 0]
					},
					"position": {
						"0.0": [0, 1, 0],
						"0.48": [0, 0, 0],
						"1.0": [0, 1, 0]
					}
				},
				"b5": {
					"rotation": [0, 0, 5]
				}
			}
		},
		"climb": {
			"loop": true,
			"animation_length": 1,
			"bones": {
				"root": {
					"position": [0, -8, 0]
				},
				"Upbody": {
					"rotation": {
						"0.0": [35.80542, 6.86379, 13.36965],
						"0.48": [40.80542, 6.86379, 13.36965],
						"1.0": [35.80542, 6.86379, 13.36965]
					}
				},
				"Head": {
					"rotation": [-54.83811, -11.05316, -1.67303]
				},
				"handL": {
					"rotation": {
						"0.0": [-94.56734, -14.39119, -35.26499],
						"0.48": [-23.34728, -8.36216, -30.81705],
						"1.0": [-94.56734, -14.39119, -35.26499]
					}
				},
				"Lh2": {
					"rotation": {
						"0.0": [-12.79236, 5.16342, -2.80558],
						"0.48": [-44.52313, 5.16342, -2.80558],
						"0.8": [-100.91736, 5.16342, -2.80558],
						"1.0": [-12.79236, 5.16342, -2.80558]
					}
				},
				"handR": {
					"rotation": {
						"0.0": [-44.00703, 10.54529, 10.72858],
						"0.48": [-51.50703, 10.54529, 10.72858],
						"1.0": [-44.00703, 10.54529, 10.72858]
					}
				},
				"rh2": {
					"rotation": {
						"0.0": [-55.23095, -4.29357, 6.15518],
						"0.48": [-70.23095, -4.29357, 6.15518],
						"1.0": [-55.23095, -4.29357, 6.15518]
					}
				},
				"Downbody": {
					"rotation": [27.5, 0, 0]
				},
				"LeftLeg": {
					"rotation": {
						"0.0": [-90.19862, -11.77644, 0.46913],
						"0.48": [-130.47532, -19.82169, 2.71994],
						"1.0": [-90.19862, -11.77644, 0.46913]
					}
				},
				"LeftLowerLeg": {
					"rotation": {
						"0.0": [90.68688, -1.45208, 2.86895],
						"0.32": [114.39563, -0.48403, 0.95632],
						"0.48": [77.5, 0, 0],
						"1.0": [87.5, 0, 0]
					}
				},
				"lfoot": {
					"rotation": {
						"0.0": [-2.5, 0, 0],
						"0.32": [-7.5, 0, 0],
						"0.48": [-22.5, 0, 0],
						"1.0": [-2.5, 0, 0]
					}
				},
				"RightLeg": {
					"rotation": {
						"0.0": [-126.82142, 22.86042, 5.44605],
						"0.48": [-121.36185, 33.52948, -30.98],
						"1.0": [-126.82142, 22.86042, 5.44605]
					}
				},
				"RightLowerLeg": {
					"rotation": {
						"0.0": [72.5, 0, 0],
						"0.48": [92.5, 0, 0],
						"0.88": [116.73, 0, 0],
						"1.0": [72.5, 0, 0]
					}
				},
				"Rfoot": {
					"rotation": {
						"0.0": [-6.43817, -2.12438, -12.44994],
						"0.48": [-1.90253, -4.42942, -6.71953],
						"0.84": [-27.54259, -2.83362, -10.68674],
						"1.0": [-6.43817, -2.12438, -12.44994]
					}
				},
				"b6": {
					"rotation": [-5, 0, 0]
				},
				"b7": {
					"rotation": {
						"0.0": [-27.5, 0, 0],
						"0.48": [-17.5, 0, 0],
						"1.0": [-27.5, 0, 0]
					}
				},
				"b8": {
					"rotation": [-15, 0, 0]
				},
				"fronts": {
					"rotation": {
						"0.0": [-142.34365, -31.42176, 34.04258],
						"0.48": [-177.34365, -31.42176, 34.04258],
						"1.0": [-142.34365, -31.42176, 34.04258]
					}
				},
				"sa": {
					"rotation": {
						"0.0": [14.78217, 2.57594, -9.6658],
						"0.32": [17.28217, 2.57594, -9.6658],
						"0.48": [7.28217, 2.57594, -9.6658],
						"0.8": [1.89755, 2.57594, -9.6658],
						"1.0": [14.78217, 2.57594, -9.6658]
					}
				},
				"sd": {
					"rotation": {
						"0.0": [55.41103, -5.71617, -8.21888],
						"0.32": [8.74436, -5.71617, -8.21888],
						"0.48": [-29.58897, -5.71617, -8.21888],
						"0.8": [-14.78128, -5.71617, -8.21888],
						"1.0": [55.41103, -5.71617, -8.21888]
					}
				},
				"b1": {
					"rotation": [-0.32902, 7.49282, -5.02154]
				},
				"b2": {
					"rotation": [-7.5, 0, 0]
				},
				"b3": {
					"rotation": {
						"0.0": [-15, 0, 0],
						"0.48": [-27.5, 0, 0],
						"1.0": [-15, 0, 0]
					}
				},
				"b4": {
					"rotation": {
						"0.0": [-15, 0, 0],
						"0.48": [12.5, 0, 0],
						"1.0": [-15, 0, 0]
					}
				},
				"fa1": {
					"rotation": {
						"0.0": [-29.36878, -7.24305, -15.12353],
						"0.48": [-59.91387, -38.798, -13.79574],
						"0.88": [-29.36878, -7.24305, -15.12353]
					}
				},
				"fa2": {
					"rotation": {
						"0.0": [5, 0, -17.5],
						"0.48": [4.99527, 0.21782, -19.9905],
						"1.0": [5, 0, -17.5]
					}
				},
				"fa3": {
					"rotation": {
						"0.0": [0, 0, -12.5],
						"0.48": [0, 0, 20],
						"1.0": [0, 0, -12.5]
					}
				},
				"fa4": {
					"rotation": {
						"0.0": [0, 0, -10],
						"0.48": [0, 0, 40],
						"0.84": [0, 0, 20.38],
						"1.0": [0, 0, -10]
					}
				},
				"fa5": {
					"rotation": {
						"0.0": [-61.05885, 21.31703, 14.93758],
						"0.52": [-25.01631, 48.12708, 37.86297],
						"1.0": [-61.05885, 21.31703, 14.93758]
					}
				},
				"fa6": {
					"rotation": {
						"0.0": [2.5, 0, 10],
						"0.52": [2.47864, 0.32621, 2.50706],
						"1.0": [2.5, 0, 10]
					}
				},
				"fa7": {
					"rotation": {
						"0.0": [-7.47178, -0.65182, 5.04256],
						"0.52": [-7.05239, -2.55868, -9.8423],
						"1.0": [-7.47178, -0.65182, 5.04256]
					}
				},
				"fa8": {
					"rotation": {
						"0.0": [-4.62111, 1.91134, 34.92287],
						"0.36": [-4.71314, 0.0202, 13.07662],
						"0.52": [-4.69986, -1.70818, -7.4299],
						"1.0": [-4.62111, 1.91134, 34.92287]
					}
				},
				"2wd": {
					"rotation": {
						"0.0": [-162.37314, 33.54181, -18.19617],
						"0.48": [-137.17202, 13.17302, -14.60676],
						"1.0": [-162.37314, 33.54181, -18.19617]
					}
				},
				"sa2": {
					"rotation": {
						"0.0": [12.26559, 3.65231, -35.14522],
						"0.48": [30, 0, 0],
						"1.0": [12.26559, 3.65231, -35.14522]
					}
				},
				"sd2": {
					"rotation": {
						"0.0": [-15, 0, 0],
						"0.48": [40, 0, 0],
						"0.84": [16.92, 0, 0],
						"1.0": [-15, 0, 0]
					}
				},
				"Allbody": {
					"rotation": {
						"0.0": [52.5, 0, 0],
						"0.48": [52.5, 0, 0]
					},
					"position": {
						"0.0": [0, 1, 0],
						"0.48": [0, 0, 0],
						"1.0": [0, 1, 0]
					}
				},
				"b5": {
					"rotation": [0, 0, 5]
				}
			}
		},
		"riptide": {
			"loop": true,
			"animation_length": 0.12,
			"bones": {
				"Allbody": {
					"rotation": {
						"0.0": [90, 0, 0],
						"0.12": [90, 0, -360]
					}
				},
				"Allhead": {
					"rotation": [-42.5, 0, 0]
				},
				"handL": {
					"rotation": [0, 0, -5]
				},
				"handR": {
					"rotation": [-184.95744, -0.65182, -7.47178]
				},
				"RightHandLocator": {
					"rotation": [90, 0, 0]
				},
				"LeftLeg": {
					"rotation": [0, 0, -7.5]
				},
				"lfoot": {
					"rotation": [25, 0, 0]
				},
				"RightLeg": {
					"rotation": [0, 0, 5]
				},
				"Rfoot": {
					"rotation": [42.5, 0, 0]
				},
				"fa1": {
					"rotation": [0, 0, -10]
				},
				"fa5": {
					"rotation": [0, 0, 5]
				}
			}
		},
		"swim": {
			"loop": true,
			"animation_length": 0.24,
			"bones": {
				"Allbody": {
					"rotation": {
						"0.0": [90, 0, 0],
						"0.24": [90, 0, -360]
					}
				},
				"Allhead": {
					"rotation": [-42.5, 0, 0]
				},
				"handL": {
					"rotation": {
						"0.0": [0, 0, -5],
						"0.24": [0, 0, -62.5]
					}
				},
				"handR": {
					"rotation": {
						"0.0": [-0.07128, -0.6493, 2.52886],
						"0.24": [-0.39555, -0.39966, 42.10257]
					}
				},
				"RightHandLocator": {
					"rotation": [90, 0, 0]
				},
				"LeftLeg": {
					"rotation": [0, 0, -35]
				},
				"lfoot": {
					"rotation": [25, 0, 0]
				},
				"RightLeg": {
					"rotation": [0, 0, 37.5]
				},
				"Rfoot": {
					"rotation": [42.5, 0, 0]
				},
				"fa1": {
					"rotation": [0, 0, -32.5]
				},
				"fa5": {
					"rotation": [0, 0, 30]
				},
				"b5": {
					"rotation": [15, 0, 5]
				},
				"fronts": {
					"rotation": [-12.5, 0, 0]
				},
				"b1": {
					"rotation": [9.96271, 0.86717, -4.92442]
				},
				"2wd": {
					"rotation": [-12.5, 0, 0]
				}
			}
		},
		"elytra_fly": {
			"loop": true,
			"animation_length": 0.28,
			"bones": {
				"root": {
					"position": [0, -14, 0]
				},
				"Allbody": {
					"rotation": [90, 0, 0],
					"position": {
						"0.0": [0, 0, 0],
						"0.08": [0, -1, 0],
						"0.16": [0, 0, 0],
						"0.24": [0, -1, 0],
						"0.28": [0, 0, 0]
					}
				},
				"Head": {
					"rotation": [-37.5, 0, 0]
				},
				"L1": {
					"rotation": {
						"0.0": [9.6658, 2.57594, -14.78217],
						"0.12": [5.41207, 8.42145, -57.10125],
						"0.28": [9.6658, 2.57594, -14.78217]
					}
				},
				"l2": {
					"rotation": {
						"0.0": [7.38733, -1.29876, 9.91615],
						"0.12": [6.80423, 3.1622, -24.81197],
						"0.28": [7.38733, -1.29876, 9.91615]
					}
				},
				"R1": {
					"rotation": {
						"0.0": [0, 0, 17.5],
						"0.12": [0, 0, 45],
						"0.28": [0, 0, 17.5]
					}
				},
				"R2": {
					"rotation": {
						"0.0": [0, 0, -35],
						"0.12": [0, 0, 27.5],
						"0.28": [0, 0, -35]
					}
				},
				"handL": {
					"rotation": [0, 0, -2.5]
				},
				"handR": {
					"rotation": [0, 0, 2.5]
				},
				"LeftLeg": {
					"rotation": [0, 0, -5]
				},
				"lfoot": {
					"rotation": [20, 0, 0]
				},
				"RightLeg": {
					"rotation": [0, 0, 5]
				},
				"Rfoot": {
					"rotation": [30, 0, 0]
				},
				"b5": {
					"rotation": [9.96271, -0.86717, 4.92442]
				},
				"b6": {
					"rotation": {
						"0.0": [10, 0, 0],
						"0.12": [-5, 0, 0],
						"0.28": [10, 0, 0]
					}
				},
				"b7": {
					"rotation": {
						"0.0": [7.5, 0, 0],
						"0.12": [27.5, 0, 0],
						"0.28": [7.5, 0, 0]
					}
				},
				"b8": {
					"rotation": {
						"0.0": [7.5, 0, 0],
						"0.12": [-17.5, 0, 0],
						"0.28": [7.5, 0, 0]
					}
				},
				"fronts": {
					"rotation": {
						"0.0": [-9.88733, -1.29876, -9.91615],
						"0.12": [-22.38733, -1.29876, -9.91615],
						"0.28": [-9.88733, -1.29876, -9.91615]
					}
				},
				"sa": {
					"rotation": {
						"0.0": [12.5, 0, 0],
						"0.12": [-2.5, 0, 0],
						"0.28": [12.5, 0, 0]
					}
				},
				"sd": {
					"rotation": {
						"0.0": [-22.5, 0, 0],
						"0.12": [30, 0, 0],
						"0.28": [-22.5, 0, 0]
					}
				},
				"b1": {
					"rotation": [9.95392, 1.08089, -4.88206]
				},
				"b2": {
					"rotation": {
						"0.0": [12.5, 0, 0],
						"0.12": [-7.5, 0, 0],
						"0.28": [12.5, 0, 0]
					}
				},
				"b3": {
					"rotation": {
						"0.0": [-20, 0, 0],
						"0.12": [32.5, 0, 0],
						"0.28": [-20, 0, 0]
					}
				},
				"b4": {
					"rotation": {
						"0.0": [27.5, 0, 0],
						"0.12": [-22.5, 0, 0],
						"0.28": [27.5, 0, 0]
					}
				},
				"fa1": {
					"rotation": [0, 0, -7.5]
				},
				"fa2": {
					"rotation": {
						"0.0": [0, 0, -5],
						"0.12": [0, 0, 9.29],
						"0.28": [0, 0, -12.5]
					}
				},
				"fa3": {
					"rotation": {
						"0.0": [0, 0, 10],
						"0.12": [0, 0, -14.64],
						"0.28": [0, 0, 10]
					}
				},
				"fa4": {
					"rotation": {
						"0.0": [0, 0, -12.5],
						"0.12": [0, 0, 12.5],
						"0.28": [0, 0, -12.5]
					}
				},
				"fa5": {
					"rotation": [0, 0, 10]
				},
				"fa6": {
					"rotation": {
						"0.0": [0, 0, 2.5],
						"0.12": [0, 0, 12.5],
						"0.28": [0, 0, 2.5]
					}
				},
				"fa7": {
					"rotation": {
						"0.0": [0, 0, 27.5],
						"0.12": [0, 0, -7.5],
						"0.28": [0, 0, 27.5]
					}
				},
				"fa8": {
					"rotation": {
						"0.0": [0, 0, -20],
						"0.12": [0, 0, 37.5],
						"0.28": [0, 0, -20]
					}
				},
				"2wd": {
					"rotation": {
						"0.0": [-22.31594, 2.15393, 9.76758],
						"0.12": [-12.31594, 2.15393, 9.76758],
						"0.28": [-22.31594, 2.15393, 9.76758]
					}
				},
				"sa2": {
					"rotation": {
						"0.0": [12.5, 0, 0],
						"0.12": [-10, 0, 0],
						"0.28": [12.5, 0, 0]
					}
				},
				"sd2": {
					"rotation": {
						"0.0": [-22.5, 0, 0],
						"0.12": [27.5, 0, 0],
						"0.28": [-22.5, 0, 0]
					}
				}
			}
		},
		"death": {
			"animation_length": 1,
			"bones": {
				"Allbody": {
					"rotation": {
						"0.28": [0, 0, 0],
						"0.4": [0, 0, 0],
						"0.6": [85, 0, 0]
					},
					"position": {
						"0.0": [0, 0, 0],
						"0.28": [0, -6, -12],
						"0.4": [0, -6, -12],
						"0.6": [0, -23, -27]
					}
				},
				"Upbody": {
					"rotation": {
						"0.0": [0, 0, 0],
						"0.16": [-9.29, 0, 0],
						"0.28": [10, 0, 0],
						"0.4": [10, 0, 0],
						"0.52": [-7.5, 0, 0],
						"0.64": [10, 0, 0]
					}
				},
				"handL": {
					"rotation": {
						"0.0": [0, 0, 0],
						"0.16": [20, 0, 0],
						"0.32": [-10, 0, 0],
						"0.4": [-10, 0, 0],
						"0.56": [20, 0, 0],
						"0.64": [-7.5, 0, 0]
					}
				},
				"handR": {
					"rotation": {
						"0.0": [0, 0, 0],
						"0.16": [20.36, 0, 0],
						"0.28": [-12.5, 0, 0],
						"0.4": [-12.5, 0, 0],
						"0.56": [20, 0, 0],
						"0.68": [-12.5, 0, 0]
					}
				},
				"Downbody": {
					"rotation": {
						"0.0": [0, 0, 0],
						"0.28": [0, 0, 0]
					}
				},
				"LeftLeg": {
					"rotation": [0, -5, -5]
				},
				"LeftLowerLeg": {
					"rotation": {
						"0.0": [0, 0, 0],
						"0.28": [94.97817, 0.0958, -0.31343],
						"0.4": [94.97817, 0.0958, -0.31343],
						"0.64": [7.47817, 0.0958, -0.31343]
					}
				},
				"lfoot": {
					"rotation": {
						"0.0": [0, 0, 0],
						"0.12": [-42.5, 0, 0],
						"0.28": [0, 0, 0]
					}
				},
				"RightLeg": {
					"rotation": [0, 2.5, 2.5]
				},
				"RightLowerLeg": {
					"rotation": {
						"0.0": [0, 0, 0],
						"0.28": [92.5, 0, 0],
						"0.4": [92.5, 0, 0],
						"0.64": [7.5, 0, 0]
					}
				},
				"Rfoot": {
					"rotation": {
						"0.0": [0, 0, 0],
						"0.12": [-40, 0, 0],
						"0.28": [0, 0, 0]
					}
				}
			}
		},
		"sleep": {
			"loop": true,
			"bones": {
				"root": {
					"position": [0, 0, -2]
				},
				"Upbody": {
					"rotation": [5, 0, 0]
				},
				"Head": {
					"rotation": [12.5, 0, 0]
				},
				"ushaka": {
					"rotation": [30, 0, 0],
					"position": [0, -1, 0]
				},
				"Lh2": {
					"rotation": [-5, 0, 0]
				},
				"handR": {
					"rotation": [-303.1275, 72.12648, -124.56434]
				},
				"rh2": {
					"rotation": [-90, 0, -5]
				},
				"LeftLeg": {
					"rotation": [-25.87063, -14.61815, 1.71951]
				},
				"LeftLowerLeg": {
					"rotation": [50, 0, 0]
				},
				"RightLeg": {
					"rotation": [0.6574, 7.4713, 7.54292]
				}
			}
		},
		"use_mainhand:eat": {
			"loop": true,
			"bones": {
				"mask": {
					"rotation": [27.5, 0, 0],
					"position": [0, -3, 0]
				},
				"handL": {
					"rotation": [-32.5, 0, 0]
				},
				"Lh2": {
					"rotation": [-105, 0, 0]
				}
			}
		},
		"use_mainhand:drink": {
			"loop": true,
			"bones": {
				"mask": {
					"rotation": [27.5, 0, 0],
					"position": [0, -3, 0]
				},
				"handL": {
					"rotation": [-32.5, 0, 0]
				},
				"Lh2": {
					"rotation": [-105, 0, 0]
				}
			}
		},
		"use_offhand:eat": {
			"loop": true,
			"bones": {
				"mask": {
					"rotation": [27.5, 0, 0],
					"position": [0, -3, 0]
				},
				"handL": {
					"rotation": [-74.89877, 7.4978, -51.14728]
				},
				"Lh2": {
					"rotation": [-122.5, 0, 0]
				}
			}
		},
		"use_offhand:drink": {
			"loop": true,
			"bones": {
				"mask": {
					"rotation": [27.5, 0, 0],
					"position": [0, -3, 0]
				},
				"handL": {
					"rotation": [-74.89877, 7.4978, -51.14728]
				},
				"Lh2": {
					"rotation": [-122.5, 0, 0]
				}
			}
		},
		"use_mainhand:bow": {
			"loop": "hold_on_last_frame",
			"animation_length": 60,
			"bones": {
				"Upbody": {
					"rotation": {
						"0.0": [0, -22.5, 0],
						"1.0": [0, -47.5, 0]
					}
				},
				"Head": {
					"rotation": {
						"0.0": [15, 0, 0],
						"1.0": [0, 40, 0]
					}
				},
				"handL": {
					"rotation": {
						"0.0": [-63.4054, 40.82895, -30.64864],
						"1.0": [-111.49431, 11.85206, -87.27234]
					}
				},
				"Lh2": {
					"rotation": {
						"0.0": [-27.5, 0, 0],
						"1.0": [-90, 0, 0]
					}
				},
				"handR": {
					"rotation": {
						"0.0": [-38.71892, -6.65202, -5.24413],
						"1.0": [-87.98522, 50.82899, -3.53346]
					}
				},
				"rh2": {
					"rotation": [0, 0, -5]
				},
				"RightHandLocator": {
					"scale": {
						"0.0": [1, 1, 1],
						"0.92": [2, 2, 2]
					}
				}
			}
		},
		"use_offhand:bow": {
			"loop": "hold_on_last_frame",
			"animation_length": 60,
			"bones": {
				"Upbody": {
					"rotation": {
						"0.0": [0, 22.5, 0],
						"1.0": [0, 42.5, 0]
					}
				},
				"Head": {
					"rotation": {
						"0.0": [5, 0, 0],
						"1.0": [4.55323, -44.78238, -4.98107]
					}
				},
				"handL": {
					"rotation": {
						"0.0": [-37.21981, 18.67233, 7.51496],
						"1.0": [-89.10274, -43.42918, 4.9299]
					}
				},
				"Lh2": {
					"rotation": [0, 0, 2.5]
				},
				"LeftHandLocator": {
					"scale": {
						"0.0": [1, 1, 1],
						"1.0": [2, 2, 2]
					}
				},
				"handR": {
					"rotation": {
						"0.0": [-30.70894, -21.39553, -7.91225],
						"1.0": [-103.06131, -41.41606, 60.2096]
					}
				},
				"rh2": {
					"rotation": {
						"0.0": [-20, 0, 0],
						"1.0": [-84.9299, -1.70818, -4.69986]
					}
				}
			}
		},
		"use_mainhand:crossbow": {
			"animation_length": 60,
			"bones": {
				"handL": {
					"rotation": [-87.05402, 52.10462, -65.51078]
				},
				"Lh2": {
					"rotation": {
						"0.0": [-37.5, 0, 0],
						"1.0": [-90, 0, 0]
					}
				},
				"handR": {
					"rotation": [-27.5, 0, -22.5]
				},
				"rh2": {
					"rotation": [-10, 0, 0]
				},
				"RightHandLocator": {
					"rotation": [0, 0, -17.5],
					"position": [0, 5, 0]
				}
			}
		},
		"hold_mainhand:charged_crossbow": {
			"loop": true,
			"bones": {
				"handR": {
					"rotation": [-80, 0, 0]
				},
				"rh2": {
					"rotation": [-12.5, 0, 0]
				},
				"RightHandLocator": {
					"rotation": [0, 0, -17.5],
					"position": [0, 5, 0]
				}
			}
		},
		"use_offhand:crossbow": {
			"loop": "hold_on_last_frame",
			"animation_length": 60,
			"bones": {
				"handL": {
					"rotation": [-34.76905, 4.29357, 6.15518]
				},
				"LeftHandLocator": {
					"rotation": [0, 0, 17.5],
					"position": [0, 5, 0]
				},
				"handR": {
					"rotation": [-84.73205, -53.54818, 59.59469]
				},
				"rh2": {
					"rotation": {
						"0.0": [-40, 0, 0],
						"1.0": [-82.5, 0, 0]
					}
				}
			}
		},
		"hold_offhand:charged_crossbow": {
			"loop": true,
			"bones": {
				"handL": {
					"rotation": [-82.5, 0, 0]
				},
				"Lh2": {
					"rotation": [0, 0, 0]
				},
				"LeftHandLocator": {
					"rotation": [0, 0, 17.5],
					"position": [0, 5, 0]
				}
			}
		},
		"use_mainhand:spyglass": {
			"loop": true,
			"bones": {
				"handR": {
					"rotation": [-80.72938, 2.17964, 36.83991]
				},
				"rh2": {
					"rotation": [-95, 0, 0]
				}
			}
		},
		"use_offhand:spyglass": {
			"loop": true,
			"bones": {
				"handL": {
					"rotation": [-82.5, -2.1796, -36.8399]
				},
				"Lh2": {
					"rotation": [-95, 0, 0]
				}
			}
		},
		"use_mainhand:spear": {
			"loop": "hold_on_last_frame",
			"animation_length": 60,
			"bones": {
				"Upbody": {
					"rotation": {
						"0.0": [0, 0, 0],
						"0.52": [0, 52.5, 0]
					}
				},
				"Head": {
					"rotation": {
						"0.0": [0, 0, 0],
						"0.52": [0, -47.5, 0]
					}
				},
				"handL": {
					"rotation": {
						"0.0": [0, 0, 0],
						"0.52": [-86.46671, -44.94549, -2.49762]
					}
				},
				"Lh2": {
					"rotation": {
						"0.0": [0, 0, 0],
						"0.52": [-12.5, 0, 0]
					}
				},
				"handR": {
					"rotation": {
						"0.0": [0, 0, 0],
						"0.52": [-99.76171, 41.9607, -8.51348]
					}
				},
				"rh2": {
					"rotation": {
						"0.0": [0, 0, 0],
						"0.52": [-92.5, 0, 0]
					}
				},
				"RightHandLocator": {
					"rotation": [0, 0, 0]
				}
			}
		},
		"use_offhand:spear": {
			"loop": "hold_on_last_frame",
			"animation_length": 60,
			"bones": {
				"Upbody": {
					"rotation": {
						"0.0": [0, 0, 0],
						"0.52": [0, -32.5, 0]
					}
				},
				"Head": {
					"rotation": {
						"0.0": [0, 0, 0],
						"0.52": [0, 30, 0]
					}
				},
				"handL": {
					"rotation": {
						"0.0": [0, 0, 0],
						"0.52": [70.89128, -84.41125, -153.50045]
					}
				},
				"Lh2": {
					"rotation": {
						"0.0": [0, 0, 0],
						"0.52": [-92.5, 0, 0]
					}
				},
				"handR": {
					"rotation": {
						"0.0": [0, 0, 0],
						"0.52": [-84.76171, 41.9607, -8.51348]
					}
				},
				"rh2": {
					"rotation": {
						"0.0": [0, 0, 0],
						"0.52": [-22.5, 0, 0]
					}
				},
				"RightHandLocator": {
					"rotation": [0, 0, 0]
				}
			}
		},
		"use_mainhand$minecraft:shield": {
			"loop": true,
			"bones": {
				"Upbody": {
					"rotation": [0, -20, 0]
				},
				"Head": {
					"rotation": [0, 25, 0]
				},
				"handR": {
					"rotation": [-48.39821, -11.31335, 33.34411]
				},
				"rh2": {
					"rotation": [-74.55309, -13.27207, -61.67841]
				},
				"RightHandLocator": {
					"rotation": [10.1684, 1.1417, 24.7876]
				}
			}
		},
		"use_offhand$minecraft:shield": {
			"loop": true,
			"bones": {
				"Upbody": {
					"rotation": [0, 22.5, 0]
				},
				"handL": {
					"rotation": [-50.36435, -14.85064, -0.27836]
				},
				"Lh2": {
					"rotation": [-19.25643, 25.68392, 68.93033]
				},
				"LeftHandLocator": {
					"rotation": [37.16839, -1.14169, -24.78762]
				}
			}
		},
		"hold_mainhand:fishing": {
			"loop": true
		}
	},
	"geckolib_format_version": 2
}