{
	"format_version": "1.12.0",
	"minecraft:geometry": [
		{
			"description": {
				"identifier": "geometry.dsa",
				"texture_width": 128,
				"texture_height": 128,
				"visible_bounds_width": 8,
				"visible_bounds_height": 4.5,
				"visible_bounds_offset": [0, 1.75, 0]
			},
			"bones": [
				{
					"name": "root",
					"pivot": [-3, 0, 0]
				},
				{
					"name": "Allbody",
					"parent": "root",
					"pivot": [0, 26, 0]
				},
				{
					"name": "Upbody",
					"parent": "Allbody",
					"pivot": [0, 29, 0],
					"cubes": [
						{"origin": [-5, 30, -3], "size": [10, 7, 6], "uv": [0, 0]},
						{"origin": [-3, 37.7, -3], "size": [3, 3, 6], "uv": [39, 18]},
						{"origin": [0, 37.7, -3], "size": [3, 3, 6], "uv": [39, 18], "mirror": true},
						{"origin": [2.7, 28, -5], "size": [2, 5, 2], "uv": [0, 67]},
						{"origin": [0.1, 28, -5], "size": [2, 5, 2], "uv": [63, 29]},
						{"origin": [0.3, 33, -4.8], "size": [1.6, 1, 1.5], "uv": [0, 28]},
						{"origin": [2.9, 33, -4.8], "size": [1.6, 1, 1.5], "uv": [0, 16]},
						{"origin": [0, 28, -3], "size": [5, 2, 1], "uv": [39, 27]},
						{"origin": [-5, 28, -3], "size": [5, 2, 1], "uv": [39, 27], "mirror": true},
						{"origin": [0, 31, -4], "size": [5, 2, 1], "uv": [39, 27]},
						{"origin": [-5, 31, -4], "size": [5, 2, 1], "uv": [39, 27], "mirror": true},
						{"origin": [-4.7, 28, -5], "size": [2, 5, 2], "uv": [0, 67], "mirror": true},
						{"origin": [-2.1, 28, -5], "size": [2, 5, 2], "uv": [63, 29], "mirror": true},
						{"origin": [-1.9, 33, -4.8], "size": [1.6, 1, 1.5], "uv": [0, 28], "mirror": true},
						{"origin": [-4.5, 33, -4.8], "size": [1.6, 1, 1.5], "uv": [0, 16], "mirror": true},
						{"origin": [-0.1, 36.4, -3], "size": [5, 1, 6], "pivot": [4.4, 36.9, -0.5], "rotation": [0, 0, 7.5], "uv": [33, 31]},
						{"origin": [-4.9, 36.4, -3], "size": [5, 1, 6], "pivot": [-4.4, 36.9, -0.5], "rotation": [0, 0, -7.5], "uv": [32, 0]},
						{"origin": [-0.1, 35.68579, -2], "size": [5, 4, 4], "pivot": [2.4, 37.68579, 0], "rotation": [45, 0, 7.5], "uv": [30, 47]},
						{"origin": [3.8, 28.5, -2], "size": [1, 2, 5], "pivot": [4.3, 30, 0.5], "rotation": [0, 0, 37.5], "uv": [41, 59]},
						{"origin": [-4.8, 28.5, -2], "size": [1, 2, 5], "pivot": [-4.3, 30, 0.5], "rotation": [0, 0, -37.5], "uv": [56, 31]},
						{"origin": [-4.9, 35.68579, -2], "size": [5, 4, 4], "pivot": [-2.4, 37.68579, 0], "rotation": [45, 0, -7.5], "uv": [12, 47]}
					]
				},
				{
					"name": "Allhead",
					"parent": "Upbody",
					"pivot": [0.00185, 38.01375, -0.14115]
				},
				{
					"name": "Head",
					"parent": "Allhead",
					"pivot": [0.00185, 38.01375, -0.14115],
					"cubes": [
						{"origin": [-2, 38, -1.7], "size": [4, 3, 4], "uv": [0, 40]},
						{"origin": [-3.2, 41.2, -3.5], "size": [6.5, 5, 6.8], "uv": [72, 1]},
						{"origin": [-3, 41, -2], "size": [6, 5, 5], "uv": [27, 8]}
					]
				},
				{
					"name": "face",
					"parent": "Head",
					"pivot": [0.00185, 38.01375, -0.14115],
					"cubes": [
						{"origin": [-3, 45, -3], "size": [6, 1, 1], "uv": [48, 0]},
						{"origin": [-3, 41, -3], "size": [6, 3, 1], "uv": [60, 38]},
						{"origin": [-3, 44, -3], "size": [6, 1, 1], "uv": [0, 78]}
					]
				},
				{
					"name": "eye",
					"parent": "face",
					"pivot": [0.00185, 38.01375, -0.14115]
				},
				{
					"name": "Eyebrow",
					"parent": "eye",
					"pivot": [0, 0, 0]
				},
				{
					"name": "ReftEyebrow",
					"parent": "Eyebrow",
					"pivot": [-1.7, 45.05, -2.6],
					"cubes": [
						{"origin": [-2.4, 44.9, -3.1], "size": [1.4, 0.3, 1], "uv": [55, 19], "mirror": true}
					]
				},
				{
					"name": "LeftEyebrow",
					"parent": "Eyebrow",
					"pivot": [1.7, 45.05, -2.6],
					"cubes": [
						{"origin": [1, 44.9, -3.1], "size": [1.4, 0.3, 1], "uv": [55, 19]}
					]
				},
				{
					"name": "thing",
					"parent": "eye",
					"pivot": [0, 44.6, -2.4],
					"cubes": [
						{"origin": [1, 44.2, -2.9], "size": [1.3, 0.8, 1], "uv": [62, 39], "mirror": true},
						{"origin": [-2.3, 44.2, -2.9], "size": [1.3, 0.8, 1], "uv": [62, 39]}
					]
				},
				{
					"name": "eyew",
					"parent": "eye",
					"pivot": [0, 44.65, -2.6],
					"cubes": [
						{"origin": [-1.7, 44.5, -3.1], "size": [0.3, 0.3, 1], "uv": [74, 23], "mirror": true},
						{"origin": [1.4, 44.5, -3.1], "size": [0.3, 0.3, 1], "uv": [74, 23]}
					]
				},
				{
					"name": "ushaka",
					"parent": "Head",
					"pivot": [0, 44.6, -2.4],
					"cubes": [
						{"origin": [-3, 45.7, -4], "size": [6, 3, 1], "uv": [62, 0]},
						{"origin": [0, 46, 2], "size": [2, 1, 1], "uv": [0, 35]},
						{"origin": [0, 44.7, 3], "size": [3, 2, 0.5], "pivot": [1, 45.7, 3.5], "rotation": [10, 0, 0], "uv": [0, 31]},
						{"origin": [3, 44.7, 3], "size": [1, 1, 0.5], "pivot": [3, 45.7, 3.5], "rotation": [10, 0, 0], "uv": [0, 0]},
						{"origin": [1, 46, -3], "size": [3, 1, 5], "pivot": [2.5, 46.5, 0], "rotation": [0, 0, 45], "uv": [0, 25]},
						{"origin": [2, 46, 2], "size": [2, 1, 1], "pivot": [2.5, 46.5, 1], "rotation": [0, 0, 45], "uv": [0, 33]},
						{"origin": [-4, 46, -3], "size": [3, 1, 5], "pivot": [-2.5, 46.5, 0], "rotation": [0, 0, -45], "uv": [0, 25], "mirror": true},
						{"origin": [-2, 46, 2], "size": [2, 1, 1], "uv": [0, 35], "mirror": true},
						{"origin": [-3, 44.7, 3], "size": [3, 2, 0.5], "pivot": [-1, 45.7, 3.5], "rotation": [10, 0, 0], "uv": [0, 31], "mirror": true},
						{"origin": [-4, 44.7, 3], "size": [1, 1, 0.5], "pivot": [-3, 45.7, 3.5], "rotation": [10, 0, 0], "uv": [0, 0], "mirror": true},
						{"origin": [-4, 46, 2], "size": [2, 1, 1], "pivot": [-2.5, 46.5, 1], "rotation": [0, 0, -45], "uv": [0, 33], "mirror": true},
						{"origin": [-3.5, 46, -3.2], "size": [7, 2, 6], "uv": [15, 73]}
					]
				},
				{
					"name": "L1",
					"parent": "ushaka",
					"pivot": [3.5, 45.5, 0],
					"cubes": [
						{"origin": [3, 43, -3], "size": [1, 3, 6], "pivot": [3.5, 45.5, 0], "rotation": [0, 0, -25], "uv": [49, 9]}
					]
				},
				{
					"name": "l2",
					"parent": "L1",
					"pivot": [4.59047, 43.47477, 0],
					"cubes": [
						{"origin": [3, 40, -2.5], "size": [1, 3, 5], "pivot": [3.5, 45.5, 0], "rotation": [0, 0, -25], "uv": [57, 54]}
					]
				},
				{
					"name": "R1",
					"parent": "ushaka",
					"pivot": [-3.32262, 45.89369, 0],
					"cubes": [
						{"origin": [-4, 43, -3], "size": [1, 3, 6], "pivot": [-3.5, 45.5, 0], "rotation": [0, 0, 25], "uv": [49, 9], "mirror": true}
					]
				},
				{
					"name": "R2",
					"parent": "R1",
					"pivot": [-4.39047, 43.27477, 0],
					"cubes": [
						{"origin": [-4, 40, -2.5], "size": [1, 3, 5], "pivot": [-3.5, 45.5, 0], "rotation": [0, 0, 25], "uv": [57, 54], "mirror": true}
					]
				},
				{
					"name": "mask",
					"parent": "Head",
					"pivot": [0.59219, 42.2345, -4.43414],
					"cubes": [
						{"origin": [1.86877, 41, -5.77963], "size": [1, 2, 1], "pivot": [2.36877, 42, -5.27963], "rotation": [45, 27.5, 0], "uv": [0, 13]},
						{"origin": [1.86877, 41, -5.77963], "size": [1, 2, 1], "pivot": [2.36877, 42, -5.27963], "rotation": [-45, 27.5, 0], "uv": [0, 25]},
						{"origin": [1.86877, 41, -5.77963], "size": [1, 2, 1], "pivot": [2.36877, 42, -5.27963], "rotation": [-90, 27.5, 0], "uv": [16, 29]},
						{"origin": [2.5, 41, -5.2], "size": [1, 2, 1], "pivot": [1.5, 42, -3.7], "rotation": [0, 27.5, 0], "uv": [16, 32]},
						{"origin": [2, 41.5, -5.2], "size": [0.5, 1, 1], "pivot": [1.5, 42, -3.7], "rotation": [0, 27.5, 0], "uv": [0, 0]},
						{"origin": [-2.5, 41.5, -5.2], "size": [0.5, 1, 1], "pivot": [-1.5, 42, -3.7], "rotation": [0, -27.5, 0], "uv": [0, 1]},
						{"origin": [-2, 41, -5.7], "size": [1, 2, 2], "pivot": [-1.5, 42, -3.7], "rotation": [0, -27.5, 0], "uv": [0, 2]},
						{"origin": [1, 41, -5.7], "size": [1, 2, 2], "pivot": [1.5, 42, -3.7], "rotation": [0, 27.5, 0], "uv": [21, 13]},
						{"origin": [-1, 43, -5.7], "size": [2, 1, 2], "pivot": [0, 43.5, -3.7], "rotation": [27.5, 0, 0], "uv": [30, 38]},
						{"origin": [-1, 41, -5.7], "size": [2, 2, 2], "uv": [34, 19]},
						{"origin": [-1, 40.5, -5], "size": [2, 0.5, 2], "uv": [0, 0]},
						{"origin": [-2, 43, -4], "size": [1.5, 1, 1], "pivot": [-0.9, 43.5, -3.5], "rotation": [0, 0, -50], "uv": [18, 40]},
						{"origin": [0.5, 43, -4], "size": [1.5, 1, 1], "pivot": [0.9, 43.5, -3.5], "rotation": [0, 0, 50], "uv": [41, 22]},
						{"origin": [-1, 43, -4], "size": [2, 1, 1], "uv": [12, 40]},
						{"origin": [-2, 41, -4], "size": [1, 2, 1], "uv": [0, 40]},
						{"origin": [1, 41, -4], "size": [1, 2, 1], "uv": [41, 18]}
					]
				},
				{
					"name": "Arm",
					"parent": "Upbody",
					"pivot": [0.00185, 38.01375, -0.14115]
				},
				{
					"name": "Left_Arm",
					"parent": "Arm",
					"pivot": [5.00185, 38.01375, -0.14115]
				},
				{
					"name": "handL",
					"parent": "Left_Arm",
					"pivot": [6, 38, 0],
					"rotation": [0, 0, -8],
					"cubes": [
						{"origin": [4.5, 36.1, -0.7], "size": [2, 2, 3], "uv": [3, 3], "mirror": true},
						{"origin": [5, 29, -2], "size": [3, 8, 4], "uv": [48, 47]},
						{"origin": [7.99027, 30.86083, -1], "size": [1, 6, 2], "uv": [50, 49]},
						{"origin": [5, 35.5, -1.5], "size": [3, 3, 3], "pivot": [6.5, 37, 0], "rotation": [-45, 0, -3], "uv": [61, 15]},
						{"origin": [5, 27.5, -1.5], "size": [3, 3, 3], "pivot": [6.5, 29, 0], "rotation": [-45, 0, -3], "uv": [0, 61]}
					]
				},
				{
					"name": "Lh2",
					"parent": "handL",
					"pivot": [6.34477, 29.08078, 0],
					"cubes": [
						{"origin": [5, 19, -1.5], "size": [3, 3, 3], "uv": [26, 0]},
						{"origin": [4.5, 22, -2], "size": [4, 1, 4], "uv": [48, 38]},
						{"origin": [5, 23, -1.5], "size": [3, 6, 3], "uv": [49, 27]}
					]
				},
				{
					"name": "LeftHandLocator",
					"parent": "Lh2",
					"pivot": [6.54817, 20.46866, 0]
				},
				{
					"name": "Right_arm",
					"parent": "Arm",
					"pivot": [-5.99815, 38.01375, -0.14115]
				},
				{
					"name": "handR",
					"parent": "Right_arm",
					"pivot": [-6, 38, 0],
					"rotation": [0, 0, 8],
					"cubes": [
						{"origin": [-6.3, 35.1, -1.7], "size": [2, 2, 3], "uv": [3, 3]},
						{"origin": [-8, 29, -2], "size": [3, 8, 4], "uv": [48, 47], "mirror": true},
						{"origin": [-8, 35.5, -1.5], "size": [3, 3, 3], "pivot": [-6.5, 37, 0], "rotation": [-45, 0, 3], "uv": [61, 15], "mirror": true},
						{"origin": [-8, 27.5, -1.5], "size": [3, 3, 3], "pivot": [-6.5, 29, 0], "rotation": [-45, 0, 3], "uv": [0, 61], "mirror": true},
						{"origin": [-8.99027, 30.86083, -1], "size": [1, 6, 2], "uv": [50, 49], "mirror": true}
					]
				},
				{
					"name": "rh2",
					"parent": "handR",
					"pivot": [-6.72798, 28.80924, 0],
					"cubes": [
						{"origin": [-8, 19, -1.5], "size": [3, 3, 3], "uv": [26, 0], "mirror": true},
						{"origin": [-8.5, 22, -2], "size": [4, 1, 4], "uv": [48, 38], "mirror": true},
						{"origin": [-8, 23, -1.5], "size": [3, 6, 3], "uv": [49, 27], "mirror": true}
					]
				},
				{
					"name": "RightHandLocator",
					"parent": "rh2",
					"pivot": [-6.54919, 20.35182, 0]
				},
				{
					"name": "ElytraLocator",
					"parent": "Upbody",
					"pivot": [0, 37, 4]
				},
				{
					"name": "Downbody",
					"parent": "Allbody",
					"pivot": [0, 29, 0],
					"cubes": [
						{"origin": [-4, 23, -2], "size": [8, 7, 5], "uv": [0, 13]}
					]
				},
				{
					"name": "Leg",
					"parent": "Downbody",
					"pivot": [0, 0, 0]
				},
				{
					"name": "LeftLeg",
					"parent": "Leg",
					"pivot": [2.22222, 21.98299, 0.38672],
					"cubes": [
						{"origin": [0.5, 9, -1.5], "size": [3.2, 2, 4.1], "uv": [51, 18], "mirror": true},
						{"origin": [0, 11, -2], "size": [4, 12, 5], "uv": [21, 20], "mirror": true},
						{"origin": [3.6, 14, -1.6], "size": [1, 7, 4], "uv": [0, 50], "mirror": true},
						{"origin": [0.6, 16, -2.6], "size": [3, 3, 1], "uv": [11, 25], "mirror": true}
					]
				},
				{
					"name": "LeftLowerLeg",
					"parent": "LeftLeg",
					"pivot": [2.22222, 10.98299, 0.38672],
					"cubes": [
						{"origin": [0, 6, -2], "size": [4, 5, 5], "uv": [17, 37], "mirror": true},
						{"origin": [-0.5, 4, -2.5], "size": [5, 3, 6], "uv": [0, 31], "mirror": true}
					]
				},
				{
					"name": "lfoot",
					"parent": "LeftLowerLeg",
					"pivot": [1.9, 3.61564, 0.04348],
					"cubes": [
						{"origin": [-0.1, 0, -5], "size": [4, 2, 3], "uv": [58, 24], "mirror": true},
						{"origin": [-0.1, 1, -4.8], "size": [4, 2, 3.8], "pivot": [1.9, 2, -2.5], "rotation": [22.5, 0, 0], "uv": [57, 9], "mirror": true},
						{"origin": [-0.1, 0, -2], "size": [4, 4, 5], "uv": [35, 38], "mirror": true}
					]
				},
				{
					"name": "RightLeg",
					"parent": "Leg",
					"pivot": [-2.22222, 21.98299, 0.38672],
					"cubes": [
						{"origin": [-3.7, 9, -1.5], "size": [3.2, 2, 4.1], "uv": [51, 18]},
						{"origin": [-4, 11, -2], "size": [4, 12, 5], "uv": [21, 20]},
						{"origin": [-4.6, 14, -1.6], "size": [1, 7, 4], "uv": [0, 50]},
						{"origin": [-3.6, 16, -2.6], "size": [3, 3, 1], "uv": [11, 25]}
					]
				},
				{
					"name": "RightLowerLeg",
					"parent": "RightLeg",
					"pivot": [-2.22222, 10.98299, 0.38672],
					"cubes": [
						{"origin": [-4, 6, -2], "size": [4, 5, 5], "uv": [17, 37]},
						{"origin": [-4.5, 4, -2.5], "size": [5, 3, 6], "uv": [0, 31]}
					]
				},
				{
					"name": "Rfoot",
					"parent": "RightLowerLeg",
					"pivot": [-2.22222, 2.98299, 0.38672],
					"cubes": [
						{"origin": [-3.9, 0, -2], "size": [4, 4, 5], "uv": [35, 38]},
						{"origin": [-3.9, 0, -5], "size": [4, 2, 3], "uv": [58, 24]},
						{"origin": [-3.9, 2.31932, -5.43268], "size": [4, 2, 3.8], "pivot": [-1.95, 4.25, 0.5], "rotation": [22.5, 0, 0], "uv": [57, 9]}
					]
				},
				{
					"name": "b5",
					"parent": "Downbody",
					"pivot": [-1.5, 28, 3.5],
					"cubes": [
						{"origin": [-2, 24, 1], "size": [1, 4, 4], "pivot": [-1.5, 26, 3.5], "rotation": [0, 90, 0], "uv": [18, 64], "mirror": true},
						{"origin": [-2, 24, 1], "size": [1, 4, 4], "pivot": [-1.5, 26, 3.5], "rotation": [0, 90, 0], "uv": [18, 64], "mirror": true}
					]
				},
				{
					"name": "b6",
					"parent": "b5",
					"pivot": [-1.5, 24, 3.5],
					"cubes": [
						{"origin": [-2, 20, 1], "size": [1, 4, 4], "pivot": [-1.5, 22, 3.5], "rotation": [0, 90, 0], "uv": [28, 64], "mirror": true},
						{"origin": [-2, 20, 1], "size": [1, 4, 4], "pivot": [-1.5, 22, 3.5], "rotation": [0, 90, 0], "uv": [28, 64], "mirror": true}
					]
				},
				{
					"name": "b7",
					"parent": "b6",
					"pivot": [-1.5, 20, 3.5],
					"cubes": [
						{"origin": [-2, 16, 1], "size": [1, 4, 4], "pivot": [-1.5, 18, 3.5], "rotation": [0, 90, 0], "uv": [64, 51], "mirror": true},
						{"origin": [-2, 16, 1], "size": [1, 4, 4], "pivot": [-1.5, 18, 3.5], "rotation": [0, 90, 0], "uv": [64, 51], "mirror": true}
					]
				},
				{
					"name": "b8",
					"parent": "b7",
					"pivot": [-1.5, 16, 3.5],
					"cubes": [
						{"origin": [-2, 12, 1], "size": [1, 4, 4], "pivot": [-1.5, 14, 3.5], "rotation": [0, 90, 0], "uv": [38, 66], "mirror": true},
						{"origin": [-2, 12, 1], "size": [1, 4, 4], "pivot": [-1.5, 14, 3.5], "rotation": [0, 90, 0], "uv": [38, 66], "mirror": true}
					]
				},
				{
					"name": "fronts",
					"parent": "Downbody",
					"pivot": [2, 24, -2],
					"cubes": [
						{"origin": [1, 20, -5], "size": [1, 4, 4], "pivot": [1.5, 22, -2.5], "rotation": [0, -90, 0], "uv": [8, 64]}
					]
				},
				{
					"name": "sa",
					"parent": "fronts",
					"pivot": [1.5, 20, -2.5],
					"cubes": [
						{"origin": [1, 16, -5], "size": [1, 4, 4], "pivot": [1.5, 18, -2.5], "rotation": [0, -90, 0], "uv": [59, 62]}
					]
				},
				{
					"name": "sd",
					"parent": "sa",
					"pivot": [1.5, 16, -2.5],
					"cubes": [
						{"origin": [1, 12, -5], "size": [1, 4, 4], "pivot": [1.5, 14, -2.5], "rotation": [0, -90, 0], "uv": [49, 62]}
					]
				},
				{
					"name": "b1",
					"parent": "Downbody",
					"pivot": [1.5, 28, 3.5],
					"cubes": [
						{"origin": [1, 24, 1], "size": [1, 4, 4], "pivot": [1.5, 26, 3.5], "rotation": [0, -90, 0], "uv": [18, 64]},
						{"origin": [1, 24, 1], "size": [1, 4, 4], "pivot": [1.5, 26, 3.5], "rotation": [0, -90, 0], "uv": [18, 64]}
					]
				},
				{
					"name": "b2",
					"parent": "b1",
					"pivot": [1.5, 24, 3.5],
					"cubes": [
						{"origin": [1, 20, 1], "size": [1, 4, 4], "pivot": [1.5, 22, 3.5], "rotation": [0, -90, 0], "uv": [28, 64]},
						{"origin": [1, 20, 1], "size": [1, 4, 4], "pivot": [1.5, 22, 3.5], "rotation": [0, -90, 0], "uv": [28, 64]}
					]
				},
				{
					"name": "b3",
					"parent": "b2",
					"pivot": [1.5, 20, 3.5],
					"cubes": [
						{"origin": [1, 16, 1], "size": [1, 4, 4], "pivot": [1.5, 18, 3.5], "rotation": [0, -90, 0], "uv": [64, 51]},
						{"origin": [1, 16, 1], "size": [1, 4, 4], "pivot": [1.5, 18, 3.5], "rotation": [0, -90, 0], "uv": [64, 51]}
					]
				},
				{
					"name": "b4",
					"parent": "b3",
					"pivot": [1.5, 16, 3.5],
					"cubes": [
						{"origin": [1, 12, 1], "size": [1, 4, 4], "pivot": [1.5, 14, 3.5], "rotation": [0, -90, 0], "uv": [38, 66]},
						{"origin": [1, 12, 1], "size": [1, 4, 4], "pivot": [1.5, 14, 3.5], "rotation": [0, -90, 0], "uv": [38, 66]}
					]
				},
				{
					"name": "fa1",
					"parent": "Downbody",
					"pivot": [4.5, 26.5, 0.5],
					"cubes": [
						{"origin": [4, 24, -2], "size": [1, 3, 5], "uv": [58, 43]},
						{"origin": [4, 24, -2], "size": [1, 3, 5], "uv": [58, 43]}
					]
				},
				{
					"name": "fa2",
					"parent": "fa1",
					"pivot": [4.5, 24, 0.5],
					"cubes": [
						{"origin": [4, 20, -2], "size": [1, 4, 5], "uv": [34, 55]},
						{"origin": [4, 20, -2], "size": [1, 4, 5], "uv": [34, 55]}
					]
				},
				{
					"name": "fa3",
					"parent": "fa2",
					"pivot": [4.5, 20, 0.5],
					"cubes": [
						{"origin": [4, 16, -2], "size": [1, 4, 5], "uv": [22, 55]},
						{"origin": [4, 16, -2], "size": [1, 4, 5], "uv": [22, 55]}
					]
				},
				{
					"name": "fa4",
					"parent": "fa3",
					"pivot": [4.5, 16, 0.5],
					"cubes": [
						{"origin": [4, 12, -2], "size": [1, 4, 5], "uv": [10, 55]},
						{"origin": [4, 12, -2], "size": [1, 4, 5], "uv": [10, 55]}
					]
				},
				{
					"name": "fa5",
					"parent": "Downbody",
					"pivot": [-4.5, 26.5, 0.5],
					"cubes": [
						{"origin": [-5, 24, -2], "size": [1, 3, 5], "uv": [58, 43], "mirror": true},
						{"origin": [-5, 24, -2], "size": [1, 3, 5], "uv": [58, 43], "mirror": true}
					]
				},
				{
					"name": "fa6",
					"parent": "fa5",
					"pivot": [-4.5, 24, 0.5],
					"cubes": [
						{"origin": [-5, 20, -2], "size": [1, 4, 5], "uv": [34, 55], "mirror": true},
						{"origin": [-5, 20, -2], "size": [1, 4, 5], "uv": [34, 55], "mirror": true}
					]
				},
				{
					"name": "fa7",
					"parent": "fa6",
					"pivot": [-4.5, 20, 0.5],
					"cubes": [
						{"origin": [-5, 16, -2], "size": [1, 4, 5], "uv": [22, 55], "mirror": true},
						{"origin": [-5, 16, -2], "size": [1, 4, 5], "uv": [22, 55], "mirror": true}
					]
				},
				{
					"name": "fa8",
					"parent": "fa7",
					"pivot": [-4.5, 16, 0.5],
					"cubes": [
						{"origin": [-5, 12, -2], "size": [1, 4, 5], "uv": [10, 55], "mirror": true},
						{"origin": [-5, 12, -2], "size": [1, 4, 5], "uv": [10, 55], "mirror": true}
					]
				},
				{
					"name": "2wd",
					"parent": "Downbody",
					"pivot": [-2, 24, -2.5],
					"cubes": [
						{"origin": [-2, 20, -5], "size": [1, 4, 4], "pivot": [-1.5, 22, -2.5], "rotation": [0, 90, 0], "uv": [8, 64], "mirror": true},
						{"origin": [-2, 20, -5], "size": [1, 4, 4], "pivot": [-1.5, 22, -2.5], "rotation": [0, 90, 0], "uv": [8, 64], "mirror": true}
					]
				},
				{
					"name": "sa2",
					"parent": "2wd",
					"pivot": [-1.5, 20, -2.5],
					"cubes": [
						{"origin": [-2, 16, -5], "size": [1, 4, 4], "pivot": [-1.5, 18, -2.5], "rotation": [0, 90, 0], "uv": [59, 62], "mirror": true},
						{"origin": [-2, 16, -5], "size": [1, 4, 4], "pivot": [-1.5, 18, -2.5], "rotation": [0, 90, 0], "uv": [59, 62], "mirror": true}
					]
				},
				{
					"name": "sd2",
					"parent": "sa2",
					"pivot": [-1.5, 16, -2.5],
					"cubes": [
						{"origin": [-2, 12, -5], "size": [1, 4, 4], "pivot": [-1.5, 14, -2.5], "rotation": [0, 90, 0], "uv": [49, 62], "mirror": true},
						{"origin": [-2, 12, -5], "size": [1, 4, 4], "pivot": [-1.5, 14, -2.5], "rotation": [0, 90, 0], "uv": [49, 62], "mirror": true}
					]
				}
			]
		}
	]
}