{
	"format_version": "1.12.0",
	"minecraft:geometry": [
		{
			"description": {
				"identifier": "geometry.unknown",
				"texture_width": 128,
				"texture_height": 128,
				"visible_bounds_width": 3,
				"visible_bounds_height": 4.5,
				"visible_bounds_offset": [0, 1.75, 0]
			},
			"bones": [
				{
					"name": "RightArm",
					"pivot": [-2.05, 27, 0.1],
					"cubes": [
						{"origin": [-3.35902, 22.00106, -1.4], "size": [2.3, 6, 3], "uv": [69, 39]},
						{"origin": [-3.50902, 22.02606, -1.55], "size": [2.6, 6, 3.3], "uv": [68, 29]}
					]
				},
				{
					"name": "RightForeArm",
					"parent": "RightArm",
					"pivot": [-2.275, 22.05, 0.125],
					"cubes": [
						{"origin": [-3.5, 19.55978, 1.09574], "size": [2.575, 2.5, 1], "pivot": [-2.2125, 21.05978, 1.54574], "rotation": [22.5, 0, 0], "uv": [58, 9]},
						{"origin": [-3.87074, 19.55978, -1.5], "size": [1, 2.5, 3.225], "pivot": [-3.39574, 21.05978, 0.1], "rotation": [0, 0, 22.5], "uv": [87, 28]},
						{"origin": [-2.26253, 19.12053, -1.5], "size": [1, 2.5, 3.225], "pivot": [-2.48753, 22.62053, 0.075], "rotation": [0, 0, -22.5], "uv": [87, 48]},
						{"origin": [-3.5, 19.40754, -1.13038], "size": [2.575, 2.5, 1], "pivot": [-2.225, 22.90754, -0.58038], "rotation": [-22.5, 0, 0], "uv": [91, 0]},
						{"origin": [-3.33402, 17.72606, -1.375], "size": [2.25, 5, 3], "uv": [0, 72]},
						{"origin": [-3.30902, 21.36663, -0.6666], "size": [2.2, 2, 2], "pivot": [-2.20902, 22.3762, -0.1435], "rotation": [-22.5, 0, 0], "uv": [88, 17]},
						{"origin": [-3.48402, 17.72606, -1.525], "size": [2.55, 2, 3.3], "uv": [80, 19]},
						{"origin": [-2.825, 15.925, -2.775], "size": [1.55, 2, 2], "pivot": [-2.275, 15.025, 0.125], "rotation": [-45, 0, 0], "uv": [89, 55]}
					]
				},
				{
					"name": "RightHand",
					"parent": "RightForeArm",
					"pivot": [-2.275, 17.025, 0.125],
					"cubes": [
						{"origin": [-3.35902, 15.72606, -1.4], "size": [2.25, 3, 3], "uv": [24, 77]}
					]
				},
				{
					"name": "RightHandLocator",
					"parent": "RightHand",
					"pivot": [-2.025, 16.775, 0.025]
				},
				{
					"name": "LeftArm",
					"pivot": [2.05, 27, 0.1],
					"cubes": [
						{"origin": [1.05902, 22.00106, -1.4], "size": [2.3, 6, 3], "uv": [67, 64]},
						{"origin": [0.90902, 22.02606, -1.55], "size": [2.6, 6, 3.3], "uv": [22, 67]}
					]
				},
				{
					"name": "LeftForeArm",
					"parent": "LeftArm",
					"pivot": [2.275, 22.05, 0.125],
					"cubes": [
						{"origin": [1.08402, 17.72606, -1.375], "size": [2.25, 5, 3], "uv": [64, 74]},
						{"origin": [0.93402, 17.72606, -1.525], "size": [2.55, 2, 3.3], "uv": [80, 19], "mirror": true},
						{"origin": [1.10902, 21.36663, -0.6666], "size": [2.2, 2, 2], "pivot": [2.20902, 22.3762, -0.1435], "rotation": [-22.5, 0, 0], "uv": [9, 88]},
						{"origin": [1.26253, 19.12053, -1.5], "size": [1, 2.5, 3.225], "pivot": [2.48753, 22.62053, 0.075], "rotation": [0, 0, 22.5], "uv": [85, 74]},
						{"origin": [0.925, 19.55978, 1.09574], "size": [2.575, 2.5, 1], "pivot": [2.2125, 21.05978, 1.54574], "rotation": [22.5, 0, 0], "uv": [73, 0]},
						{"origin": [0.93402, 17.72606, -1.525], "size": [2.55, 2, 3.3], "uv": [80, 0]},
						{"origin": [0.925, 19.40754, -1.13038], "size": [2.575, 2.5, 1], "pivot": [2.225, 22.90754, -0.58038], "rotation": [-22.5, 0, 0], "uv": [54, 90]},
						{"origin": [2.87074, 19.55978, -1.5], "size": [1, 2.5, 3.225], "pivot": [3.39574, 21.05978, 0.1], "rotation": [0, 0, -22.5], "uv": [0, 87]},
						{"origin": [1.275, 15.925, -2.775], "size": [1.55, 2, 2], "pivot": [2.275, 15.025, 0.125], "rotation": [-45, 0, 0], "uv": [89, 62]}
					]
				},
				{
					"name": "bone4",
					"parent": "LeftForeArm",
					"pivot": [3.895, 18.15174, 0.125]
				},
				{
					"name": "LeftHand",
					"parent": "LeftForeArm",
					"pivot": [2.275, 17.025, 0.125],
					"cubes": [
						{"origin": [1.10902, 15.72606, -1.4], "size": [2.25, 3, 3], "uv": [41, 77]}
					]
				},
				{
					"name": "LeftHandLocator",
					"parent": "LeftHand",
					"pivot": [1.975, 16.725, 0.025]
				}
			]
		}
	]
}