{
	"format_version": "1.8.0",
	"animations": {
		"riptide": {
			"loop": true,
			"animation_length": 0.25,
			"bones": {
				"ZhangLang": {
					"rotation": {
						"0.0": [0, 0, 0],
						"0.25": [0, 0, 360]
					}
				},
				"one": {
					"rotation": [0, 35, 0]
				},
				"one4": {
					"rotation": [0, 62.5, 0]
				},
				"one5": {
					"rotation": [0, 97.5, 0]
				},
				"one10": {
					"rotation": [0, 62.5, 0]
				},
				"Zuo2": {
					"rotation": [0, 20, 0]
				},
				"Zuo5": {
					"rotation": [0, -17.5, 0]
				}
			}
		},
		"death": {
			"loop": "hold_on_last_frame",
			"animation_length": 1,
			"bones": {
				"ZhangLang": {
					"rotation": {
						"0.0": [0, 0, 0],
						"0.2917": [-177.5, 0, 0]
					},
					"position": {
						"0.0": [0, 0, 0],
						"0.0417": [0, 7.8, 3.25],
						"0.125": [0, 13, 8.75],
						"0.2083": [0, 7.22, 16.19],
						"0.2917": [0, 0, 21]
					},
					"scale": 1
				}
			}
		},
		"idle": {
			"loop": true,
			"animation_length": 0.66667
		},
		"jump": {
			"loop": true,
			"animation_length": 0.79167,
			"bones": {
				"UpBody": {
					"rotation": [0, 0, 0]
				},
				"LeftArm": {
					"rotation": {
						"0.0": [-6.8, 3.16, -40.19],
						"0.0417": [-6.89, 3.15, -40.32],
						"0.0833": [-7.03, 3.12, -40.52],
						"0.125": [-7.2, 3.09, -40.76],
						"0.1667": [-7.36, 3.06, -41.01],
						"0.2083": [-7.5, 3.04, -41.22],
						"0.25": [-7.6, 3.02, -41.37],
						"0.2917": [-7.62, 3.01, -41.43],
						"0.3333": [-7.54, 3.02, -41.35],
						"0.375": [-7.36, 3.05, -41.15],
						"0.4167": [-7.12, 3.08, -40.89],
						"0.4583": [-6.88, 3.11, -40.6],
						"0.5": [-6.68, 3.14, -40.35],
						"0.5417": [-6.55, 3.16, -40.19],
						"0.5833": [-6.52, 3.17, -40.11],
						"0.625": [-6.57, 3.17, -40.1],
						"0.6667": [-6.66, 3.17, -40.13],
						"0.7083": [-6.75, 3.16, -40.17],
						"0.75": [-6.8, 3.16, -40.19]
					}
				},
				"LeftForeArm": {
					"rotation": {
						"0.0": [-35, 0, 0],
						"0.0417": [-35.04, 0, 0],
						"0.0833": [-35.1, 0, 0],
						"0.125": [-35.17, 0, 0],
						"0.1667": [-35.24, 0, 0],
						"0.2083": [-35.32, 0, 0],
						"0.25": [-35.39, 0, 0],
						"0.2917": [-35.45, 0, 0],
						"0.3333": [-35.49, 0, 0],
						"0.375": [-35.5, 0, 0],
						"0.4167": [-35.48, 0, 0],
						"0.4583": [-35.44, 0, 0],
						"0.5": [-35.38, 0, 0],
						"0.5417": [-35.3, 0, 0],
						"0.5833": [-35.22, 0, 0],
						"0.625": [-35.14, 0, 0],
						"0.6667": [-35.07, 0, 0],
						"0.7083": [-35.02, 0, 0],
						"0.75": [-35, 0, 0]
					}
				},
				"RightArm": {
					"rotation": {
						"0.0": [-6.8, -3.16, 40.19],
						"0.0417": [-6.87, -3.15, 40.29],
						"0.0833": [-6.96, -3.13, 40.43],
						"0.125": [-7.08, -3.11, 40.6],
						"0.1667": [-7.2, -3.09, 40.79],
						"0.2083": [-7.33, -3.07, 40.98],
						"0.25": [-7.44, -3.05, 41.15],
						"0.2917": [-7.53, -3.03, 41.3],
						"0.3333": [-7.6, -3.02, 41.4],
						"0.375": [-7.62, -3.01, 41.43],
						"0.4167": [-7.59, -3.02, 41.39],
						"0.4583": [-7.52, -3.03, 41.27],
						"0.5": [-7.41, -3.05, 41.11],
						"0.5417": [-7.28, -3.08, 40.91],
						"0.5833": [-7.15, -3.1, 40.71],
						"0.625": [-7.02, -3.12, 40.51],
						"0.6667": [-6.91, -3.14, 40.35],
						"0.7083": [-6.83, -3.16, 40.23],
						"0.75": [-6.8, -3.16, 40.19]
					}
				},
				"RightForeArm": {
					"rotation": {
						"0.0": [-35, 0, 0],
						"0.0417": [-35.04, 0, 0],
						"0.0833": [-35.1, 0, 0],
						"0.125": [-35.17, 0, 0],
						"0.1667": [-35.24, 0, 0],
						"0.2083": [-35.32, 0, 0],
						"0.25": [-35.39, 0, 0],
						"0.2917": [-35.45, 0, 0],
						"0.3333": [-35.49, 0, 0],
						"0.375": [-35.5, 0, 0],
						"0.4167": [-35.48, 0, 0],
						"0.4583": [-35.44, 0, 0],
						"0.5": [-35.38, 0, 0],
						"0.5417": [-35.3, 0, 0],
						"0.5833": [-35.22, 0, 0],
						"0.625": [-35.14, 0, 0],
						"0.6667": [-35.07, 0, 0],
						"0.7083": [-35.02, 0, 0],
						"0.75": [-35, 0, 0]
					}
				},
				"LeftLeg": {
					"rotation": {
						"0.0833": [-9, 0, 0],
						"0.125": [-8.98, -0.09, -0.01],
						"0.1667": [-8.95, -0.23, -0.02],
						"0.2083": [-8.91, -0.39, -0.04],
						"0.25": [-8.87, -0.56, -0.06],
						"0.2917": [-8.83, -0.73, -0.08],
						"0.3333": [-8.8, -0.87, -0.09],
						"0.375": [-8.78, -0.96, -0.1],
						"0.4167": [-8.77, -1, -0.11],
						"0.4583": [-8.78, -0.96, -0.1],
						"0.5": [-8.8, -0.87, -0.09],
						"0.5417": [-8.83, -0.73, -0.08],
						"0.5833": [-8.87, -0.56, -0.06],
						"0.625": [-8.91, -0.39, -0.04],
						"0.6667": [-8.95, -0.23, -0.02],
						"0.7083": [-8.98, -0.09, -0.01],
						"0.75": [-9, 0, 0]
					}
				},
				"LeftLowerLeg": {
					"rotation": {
						"0.125": [22.5, 0, 0],
						"0.1667": [22.73, 0, 0],
						"0.2083": [23.07, 0, 0],
						"0.25": [23.47, 0, 0],
						"0.2917": [23.91, 0, 0],
						"0.3333": [24.32, 0, 0],
						"0.375": [24.67, 0, 0],
						"0.4167": [24.91, 0, 0],
						"0.4583": [25, 0, 0],
						"0.5": [24.88, 0, 0],
						"0.5417": [24.58, 0, 0],
						"0.5833": [24.15, 0, 0],
						"0.625": [23.66, 0, 0],
						"0.6667": [23.18, 0, 0],
						"0.7083": [22.77, 0, 0],
						"0.75": [22.5, 0, 0]
					}
				},
				"LeftFoot": {
					"rotation": [43, 0, 0]
				},
				"RightLeg": {
					"rotation": {
						"0.0": [-66.5, 0, 0],
						"0.0417": [-66.34, 0, 0],
						"0.0833": [-66.11, 0, 0],
						"0.125": [-65.83, 0, 0],
						"0.1667": [-65.53, 0, 0],
						"0.2083": [-65.22, 0, 0],
						"0.25": [-64.94, 0, 0],
						"0.2917": [-64.71, 0, 0],
						"0.3333": [-64.56, 0, 0],
						"0.375": [-64.5, 0, 0],
						"0.4167": [-64.56, 0, 0],
						"0.4583": [-64.71, 0, 0],
						"0.5": [-64.94, 0, 0],
						"0.5417": [-65.22, 0, 0],
						"0.5833": [-65.53, 0, 0],
						"0.625": [-65.83, 0, 0],
						"0.6667": [-66.11, 0, 0],
						"0.7083": [-66.34, 0, 0],
						"0.75": [-66.5, 0, 0]
					}
				},
				"RightLowerLeg": {
					"rotation": {
						"0.0833": [120, 0, 0],
						"0.125": [119.61, 0, 0],
						"0.1667": [119.03, 0, 0],
						"0.2083": [118.33, 0, 0],
						"0.25": [117.57, 0, 0],
						"0.2917": [116.81, 0, 0],
						"0.3333": [116.11, 0, 0],
						"0.375": [115.53, 0, 0],
						"0.4167": [115.14, 0, 0],
						"0.4583": [115, 0, 0],
						"0.5": [115.23, 0, 0],
						"0.5417": [115.85, 0, 0],
						"0.5833": [116.71, 0, 0],
						"0.625": [117.68, 0, 0],
						"0.6667": [118.64, 0, 0],
						"0.7083": [119.46, 0, 0],
						"0.75": [120, 0, 0]
					}
				},
				"RightFoot": {
					"rotation": {
						"0.0": [-2, 0, 0],
						"0.0417": [-1.8, 0, 0],
						"0.0833": [-1.52, 0, 0],
						"0.125": [-1.17, 0, 0],
						"0.1667": [-0.79, 0, 0],
						"0.2083": [-0.41, 0, 0],
						"0.25": [-0.06, 0, 0],
						"0.2917": [0.23, 0, 0],
						"0.3333": [0.43, 0, 0],
						"0.375": [0.5, 0, 0],
						"0.4167": [0.43, 0, 0],
						"0.4583": [0.23, 0, 0],
						"0.5": [-0.06, 0, 0],
						"0.5417": [-0.41, 0, 0],
						"0.5833": [-0.79, 0, 0],
						"0.625": [-1.17, 0, 0],
						"0.6667": [-1.52, 0, 0],
						"0.7083": [-1.8, 0, 0],
						"0.75": [-2, 0, 0]
					}
				},
				"Head": {
					"rotation": {
						"0.0": [0, 0, 0],
						"0.0417": [-0.08, 0, 0],
						"0.0833": [-0.19, 0, 0],
						"0.125": [-0.33, 0, 0],
						"0.1667": [-0.49, 0, 0],
						"0.2083": [-0.64, 0, 0],
						"0.25": [-0.78, 0, 0],
						"0.2917": [-0.89, 0, 0],
						"0.3333": [-0.97, 0, 0],
						"0.375": [-1, 0, 0],
						"0.4167": [-0.97, 0, 0],
						"0.4583": [-0.89, 0, 0],
						"0.5": [-0.78, 0, 0],
						"0.5417": [-0.64, 0, 0],
						"0.5833": [-0.49, 0, 0],
						"0.625": [-0.33, 0, 0],
						"0.6667": [-0.19, 0, 0],
						"0.7083": [-0.08, 0, 0],
						"0.75": [0, 0, 0]
					}
				},
				"DownBody": {
					"rotation": [0, 0, 0]
				},
				"ZhangLang": {
					"rotation": [-7.5, 0, 0],
					"position": [0, 1, 0]
				},
				"Zuo4": {
					"rotation": [16.72984, 40.11062, -1.06494]
				},
				"Zuo8": {
					"rotation": [16.72984, -40.11062, 1.06494]
				},
				"bone4": {
					"rotation": {
						"0.0": [0, 12.5, 2.5],
						"0.0417": {
							"pre": [0, 12.5, 2.5],
							"post": [0, -10, 2.5]
						},
						"0.0833": {
							"pre": [0, -10, 2.5],
							"post": [0, 12.5, 2.5]
						},
						"0.125": {
							"pre": [0, 12.5, 2.5],
							"post": [0, -10, 2.5]
						},
						"0.1667": {
							"pre": [0, -10, 2.5],
							"post": [0, 12.5, 2.5]
						},
						"0.2083": {
							"pre": [0, 12.5, 2.5],
							"post": [0, -10, 2.5]
						},
						"0.25": {
							"pre": [0, -10, 2.5],
							"post": [0, 12.5, 2.5]
						},
						"0.2917": {
							"pre": [0, 12.5, 2.5],
							"post": [0, -10, 2.5]
						},
						"0.3333": {
							"pre": [0, -10, 2.5],
							"post": [0, 12.5, 2.5]
						},
						"0.375": {
							"pre": [0, 12.5, 2.5],
							"post": [0, -10, 2.5]
						},
						"0.4167": {
							"pre": [0, -10, 2.5],
							"post": [0, 12.5, 2.5]
						},
						"0.4583": {
							"pre": [0, 12.5, 2.5],
							"post": [0, -10, 2.5]
						},
						"0.5": {
							"pre": [0, -10, 2.5],
							"post": [0, 12.5, 2.5]
						},
						"0.5417": {
							"pre": [0, 12.5, 2.5],
							"post": [0, -10, 2.5]
						},
						"0.5833": {
							"pre": [0, -10, 2.5],
							"post": [0, 12.5, 2.5]
						},
						"0.625": {
							"pre": [0, 12.5, 2.5],
							"post": [0, -10, 2.5]
						},
						"0.6667": {
							"pre": [0, -10, 2.5],
							"post": [0, 12.5, 2.5]
						},
						"0.7083": {
							"pre": [0, 12.5, 2.5],
							"post": [0, -10, 2.5]
						},
						"0.75": {
							"pre": [0, -10, 2.5],
							"post": [0, 12.5, 2.5]
						},
						"0.7917": {
							"pre": [0, 12.5, 2.5],
							"post": [0, -10, 2.5]
						}
					},
					"scale": 1
				},
				"bone2": {
					"rotation": {
						"0.0": [0, -12.5, -2.5],
						"0.0417": {
							"pre": [0, -12.5, -2.5],
							"post": [0, 10, -2.5]
						},
						"0.0833": {
							"pre": [0, 10, -2.5],
							"post": [0, -12.5, -2.5]
						},
						"0.125": {
							"pre": [0, -12.5, -2.5],
							"post": [0, 10, -2.5]
						},
						"0.1667": {
							"pre": [0, 10, -2.5],
							"post": [0, -12.5, -2.5]
						},
						"0.2083": {
							"pre": [0, -12.5, -2.5],
							"post": [0, 10, -2.5]
						},
						"0.25": {
							"pre": [0, 10, -2.5],
							"post": [0, -12.5, -2.5]
						},
						"0.2917": {
							"pre": [0, -12.5, -2.5],
							"post": [0, 10, -2.5]
						},
						"0.3333": {
							"pre": [0, 10, -2.5],
							"post": [0, -12.5, -2.5]
						},
						"0.375": {
							"pre": [0, -12.5, -2.5],
							"post": [0, 10, -2.5]
						},
						"0.4167": {
							"pre": [0, 10, -2.5],
							"post": [0, -12.5, -2.5]
						},
						"0.4583": {
							"pre": [0, -12.5, -2.5],
							"post": [0, 10, -2.5]
						},
						"0.5": {
							"pre": [0, 10, -2.5],
							"post": [0, -12.5, -2.5]
						},
						"0.5417": {
							"pre": [0, -12.5, -2.5],
							"post": [0, 10, -2.5]
						},
						"0.5833": {
							"pre": [0, 10, -2.5],
							"post": [0, -12.5, -2.5]
						},
						"0.625": {
							"pre": [0, -12.5, -2.5],
							"post": [0, 10, -2.5]
						},
						"0.6667": {
							"pre": [0, 10, -2.5],
							"post": [0, -12.5, -2.5]
						},
						"0.7083": {
							"pre": [0, -12.5, -2.5],
							"post": [0, 10, -2.5]
						},
						"0.75": {
							"pre": [0, 10, -2.5],
							"post": [0, -12.5, -2.5]
						},
						"0.7917": {
							"pre": [0, -12.5, -2.5],
							"post": [0, 10, -2.5]
						}
					},
					"scale": 1
				}
			}
		},
		"run": {
			"loop": true,
			"animation_length": 0.6667,
			"bones": {
				"one": {
					"rotation": {
						"0.0": [0, 32.5, 0],
						"0.1667": [0, -10, 0],
						"0.3333": [0, 32.5, 0],
						"0.5": [0, -10, 0],
						"0.6667": [0, 32.5, 0]
					}
				},
				"one4": {
					"rotation": {
						"0.0": [0, -35, 0],
						"0.1667": [0, 35, 0],
						"0.3333": [0, -35, 0],
						"0.5": [0, 35, 0],
						"0.6667": [0, -35, 0]
					}
				},
				"one6": {
					"rotation": {
						"0.0": [0, -25, 0],
						"0.1667": [0, 47.5, 0],
						"0.3333": [0, -25, 0],
						"0.5": [0, 47.5, 0],
						"0.6667": [0, -25, 0]
					}
				},
				"one3": {
					"rotation": {
						"0.0": [0, 10, 0],
						"0.1667": [0, -32.5, 0],
						"0.3333": [0, 10, 0],
						"0.5": [0, -32.5, 0],
						"0.6667": [0, 10, 0]
					}
				},
				"one10": {
					"rotation": {
						"0.0": [0, -35, 0],
						"0.1667": [0, 35, 0],
						"0.3333": [0, -35, 0],
						"0.5": [0, 35, 0],
						"0.6667": [0, -35, 0]
					}
				},
				"one12": {
					"rotation": {
						"0.0": [0, -47.5, 0],
						"0.1667": [0, 25, 0],
						"0.3333": [0, -47.5, 0],
						"0.5": [0, 25, 0],
						"0.6667": [0, -47.5, 0]
					}
				}
			}
		},
		"walk": {
			"loop": true,
			"animation_length": 0.66667,
			"bones": {
				"one": {
					"rotation": {
						"0.0": [0, 32.5, 0],
						"0.3333": [0, -10, 0],
						"0.6667": [0, 32.5, 0]
					}
				},
				"one4": {
					"rotation": {
						"0.0": [0, -35, 0],
						"0.3333": [0, 35, 0],
						"0.6667": [0, -35, 0]
					}
				},
				"one6": {
					"rotation": {
						"0.0": [0, -25, 0],
						"0.3333": [0, 47.5, 0],
						"0.6667": [0, -25, 0]
					}
				},
				"one3": {
					"rotation": {
						"0.0": [0, 10, 0],
						"0.3333": [0, -32.5, 0],
						"0.6667": [0, 10, 0]
					}
				},
				"one10": {
					"rotation": {
						"0.0": [0, -35, 0],
						"0.3333": [0, 35, 0],
						"0.6667": [0, -35, 0]
					}
				},
				"one12": {
					"rotation": {
						"0.0": [0, -47.5, 0],
						"0.3333": [0, 25, 0],
						"0.6667": [0, -47.5, 0]
					}
				}
			}
		},
		"attacked": {
			"animation_length": 0.45833,
			"bones": {
				"Root": {
					"rotation": {
						"0.0": [0, 0, 0],
						"0.0417": [0, 2.96, 0],
						"0.0833": [0, 7.04, 0],
						"0.125": [0, 10, 0],
						"0.1667": [0, 11.25, 0],
						"0.2083": [0, 10, 0],
						"0.25": [0, 8.48, 0],
						"0.2917": [0, 6.24, 0],
						"0.3333": [0, 3.76, 0],
						"0.375": [0, 1.52, 0],
						"0.4167": [0, 0, 0],
						"0.4583": [0, 0, 0]
					},
					"position": {
						"0.0": [0, -1, 0],
						"0.0417": [0, -1.94, 2.17],
						"0.0833": [0, -3.71, 4.63],
						"0.125": [0, -5.8, 7],
						"0.1667": [0, -5.98, 7.27],
						"0.2083": [0, -5.8, 7],
						"0.25": [0, -5.43, 6.31],
						"0.2917": [0, -4.8, 5],
						"0.3333": [0, -4.13, 3.37],
						"0.375": [0, -1.56, 1.41],
						"0.4167": [0, -1, 0],
						"0.4583": [0, -1, 0]
					}
				},
				"UpBody": {
					"rotation": {
						"0.0": [0, 0, 0],
						"0.0417": [22.52, 2.31, 0.96],
						"0.0833": [20.37, 4.23, 1.12],
						"0.125": [14.05, 6.46, 1.18],
						"0.1667": [7.56, 7.44, 0.98],
						"0.2083": [-2.13, 4.74, -0.23],
						"0.25": [-8.85, 1.24, -1.28],
						"0.2917": [-8.21, 0.55, -1.18],
						"0.3333": [-5.45, 0.23, -0.78],
						"0.375": [-2.18, 0.11, -0.31],
						"0.4167": [0, 0, 0],
						"0.4583": [0, 0, 0]
					},
					"position": [0, 0, 0]
				},
				"LeftArm": {
					"rotation": {
						"0.0": [0, 0, 0],
						"0.0417": [-24.89, -3.96, -3.05],
						"0.0833": [-67.5, 0, 0],
						"0.125": [-40.78, -1.78, -11.04],
						"0.1667": [-4.42, -3.41, -22.14],
						"0.2083": [10.29, -2.17, -23.44],
						"0.25": [21.86, 0.02, -21.99],
						"0.2917": [30.14, 1.69, -19.52],
						"0.3333": [37.01, 2.36, -13.95],
						"0.375": [35.16, 2.13, -7.73],
						"0.4167": [17.89, 1.09, -3.13],
						"0.4583": [0, 0, 0]
					},
					"position": [0, 0, 0]
				},
				"LeftForeArm": {
					"rotation": {
						"0.0": [0, 0, 0],
						"0.0417": [-42.5, 0, 0],
						"0.0833": [-17.5, 0, 0],
						"0.125": [-43.5, 3.91, -6.97],
						"0.1667": [-65.75, 6.28, -13.65],
						"0.2083": [-53.39, 2.96, -14.55],
						"0.25": [-29.54, -2.42, -13.67],
						"0.2917": [-10.75, -6, -11.32],
						"0.3333": [-2.74, -4.93, -3.14],
						"0.375": [-1.43, -2.06, 4.23],
						"0.4167": [-0.13, -0.79, 3.09],
						"0.4583": [0, 0, 0]
					},
					"position": [0, 0, 0]
				},
				"RightArm": {
					"rotation": {
						"0.0": [0, 0, 0],
						"0.0417": [-67.42, -4.62, -1.92],
						"0.0833": [-87.42, -4.62, -1.92],
						"0.125": [-85.46, -12.41, 20.41],
						"0.1667": [-76.62, -20.2, 42.74],
						"0.2083": [-67, -22.1, 47.63],
						"0.25": [-54.68, -22.27, 47.56],
						"0.2917": [-41.62, -20.2, 42.74],
						"0.3333": [-26.71, -14.22, 30.09],
						"0.375": [-11.05, -5.99, 12.68],
						"0.4167": [0, 0, 0],
						"0.4583": [0, 0, 0]
					},
					"position": [0, 0, 0]
				},
				"RightForeArm": {
					"rotation": {
						"0.0": [0, 0, 0],
						"0.0417": [0, 0, 0],
						"0.0833": [0, 0, -1.26],
						"0.125": [0, 0, -3.18],
						"0.1667": [0, 0, -5.22],
						"0.2083": [0, 0, -6.84],
						"0.25": [0, 0, -7.5],
						"0.2917": [0, 0, -6.5],
						"0.3333": [0, 0, -4.22],
						"0.375": [0, 0, -1.7],
						"0.4167": [0, 0, 0],
						"0.4583": [0, 0, 0]
					},
					"position": [0, 0, 0]
				},
				"LeftLeg": {
					"rotation": {
						"0.0": [0, 0, 0],
						"0.0417": [-20, -5, 0],
						"0.0833": [-31.4, -7.38, -1.83],
						"0.125": [-40.15, -9.22, -3.6],
						"0.1667": [-38.86, -9.84, -3.08],
						"0.2083": [-38.69, -9.08, -1.7],
						"0.25": [-37.76, -7.76, -0.34],
						"0.2917": [-35.86, -5.95, 0.04],
						"0.3333": [-30.31, -3.91, 0.07],
						"0.375": [-14.69, -1.71, 0.06],
						"0.4167": [0, 0, 0],
						"0.4583": [0, 0, 0]
					},
					"position": {
						"0.0": [0, 0, 0],
						"0.0417": [0, 0, 0],
						"0.0833": [0, 0, 0],
						"0.125": [0, 0, 0],
						"0.1667": [0, 0, 0],
						"0.2083": [0, 0, 0],
						"0.25": [0, 0, 0],
						"0.2917": [0, 0, 0],
						"0.3333": [0, 0, 0],
						"0.375": [0, 0, 0],
						"0.4167": [0, 0, 0],
						"0.4583": [0, 0, 0]
					}
				},
				"LeftLowerLeg": {
					"rotation": {
						"0.0": [0, 0, 0],
						"0.0417": [35, 0, 0],
						"0.0833": [50.73, -0.09, 0.12],
						"0.125": [62.15, -0.18, 0.24],
						"0.1667": [62.5, -0.26, 0.27],
						"0.2083": [63.16, -0.29, 0.28],
						"0.25": [62.5, -0.26, 0.27],
						"0.2917": [60.64, -0.06, 0.22],
						"0.3333": [52.25, 0.13, 0.15],
						"0.375": [25.48, 0.09, 0.07],
						"0.4167": [0, 0, 0],
						"0.4583": [0, 0, 0]
					},
					"position": {
						"0.0": [0, 0, 0],
						"0.0417": [0, 0, 0],
						"0.0833": [0, 0, 0],
						"0.125": [0, 0, 0],
						"0.1667": [0, 0, 0],
						"0.2083": [0, 0, 0],
						"0.25": [0, 0, 0],
						"0.2917": [0, 0, 0],
						"0.3333": [0, 0, 0],
						"0.375": [0, 0, 0],
						"0.4167": [0, 0, 0],
						"0.4583": [0, 0, 0]
					}
				},
				"LeftFoot": {
					"rotation": {
						"0.0": [0, 0, 0],
						"0.0417": [-10, 0, 0],
						"0.0833": [-9.26, 0, 0.02],
						"0.125": [-6.85, 0, 0.05],
						"0.1667": [-5, 0, 0.07],
						"0.2083": [-4.15, 0.01, 0.07],
						"0.25": [-5, 0, 0.07],
						"0.2917": [-10.12, -0.06, 0.11],
						"0.3333": [-13.55, -0.1, 0.13],
						"0.375": [-7.31, -0.06, 0.07],
						"0.4167": [0, 0, 0],
						"0.4583": [0, 0, 0]
					},
					"position": {
						"0.0": [0, 0, 0],
						"0.0417": [0, 0, 0],
						"0.0833": [0, 0, 0],
						"0.125": [0, 0, 0],
						"0.1667": [0, 0, 0],
						"0.2083": [0, 0, 0],
						"0.25": [0, 0, 0],
						"0.2917": [0, 0, 0],
						"0.3333": [0, 0, 0],
						"0.375": [0, 0, 0],
						"0.4167": [0, 0, 0],
						"0.4583": [0, 0, 0]
					}
				},
				"RightLeg": {
					"rotation": {
						"0.0": [0, 0, 0],
						"0.0417": [-25.14, -7.15, 2.27],
						"0.0833": [-20.22, -9.1, 0.23],
						"0.125": [22.99, -9.7, -1.47],
						"0.1667": [27.18, -8.8, -0.07],
						"0.2083": [26.71, -7.43, 2.07],
						"0.25": [24.21, -6.11, 3.49],
						"0.2917": [16.21, -4.42, 3.21],
						"0.3333": [7.18, -2.83, 2.06],
						"0.375": [2.53, -1.21, 0.94],
						"0.4167": [0, 0, 0],
						"0.4583": [0, 0, 0]
					},
					"position": {
						"0.0": [0, 0, 0],
						"0.0417": [0, 0, 0],
						"0.0833": [0, 0, 0],
						"0.125": [0, 0, 0],
						"0.1667": [0, 0, 0],
						"0.2083": [0, 0, 0],
						"0.25": [0, 0, 0],
						"0.2917": [0, 0, 0],
						"0.3333": [0, 0, 0],
						"0.375": [0, 0, 0],
						"0.4167": [0, 0, 0],
						"0.4583": [0, 0, 0]
					}
				},
				"RightLowerLeg": {
					"rotation": {
						"0.0": [0, 0, 0],
						"0.0417": [15, 0, 0],
						"0.0833": [7.12, -0.3, 0.03],
						"0.125": [37.49, -0.6, 0.06],
						"0.1667": [39.73, -0.65, 0.08],
						"0.2083": [38.7, -0.67, 0.1],
						"0.25": [38.49, -0.65, 0.11],
						"0.2917": [45.64, -0.51, 0.09],
						"0.3333": [46.81, -0.33, 0.06],
						"0.375": [23.92, -0.14, 0.03],
						"0.4167": [0, 0, 0],
						"0.4583": [0, 0, 0]
					},
					"position": {
						"0.0": [0, 0, 0],
						"0.0417": [0, 0, 0],
						"0.0833": [0, 0, 0],
						"0.125": [0, 0, 0],
						"0.1667": [0, 0, 0],
						"0.2083": [0, 0, 0],
						"0.25": [0, 0, 0],
						"0.2917": [0, 0, 0],
						"0.3333": [0, 0, 0],
						"0.375": [0, 0, 0],
						"0.4167": [0, 0, 0],
						"0.4583": [0, 0, 0]
					}
				},
				"RightFoot": {
					"rotation": {
						"0.0": [0, 0, 0],
						"0.0417": [0, 0, 0],
						"0.0833": [-29.31, 0.33, -0.49],
						"0.125": [-42.49, 0.67, -0.9],
						"0.1667": [-42.56, 0.72, -0.74],
						"0.2083": [-40.16, 0.74, -0.46],
						"0.25": [-33.51, 0.71, -0.23],
						"0.2917": [-8.41, 0.56, -0.11],
						"0.3333": [13.81, 0.36, -0.07],
						"0.375": [9.86, 0.16, -0.03],
						"0.4167": [0, 0, 0],
						"0.4583": [0, 0, 0]
					},
					"position": {
						"0.0": [0, 0, 0],
						"0.0417": [0, 0, 0],
						"0.0833": [0, 0, 0],
						"0.125": [0, 0, 0],
						"0.1667": [0, 0, 0],
						"0.2083": [0, 0, 0],
						"0.25": [0, 0, 0],
						"0.2917": [0, 0, 0],
						"0.3333": [0, 0, 0],
						"0.375": [0, 0, 0],
						"0.4167": [0, 0, 0],
						"0.4583": [0, 0, 0]
					}
				},
				"AllBody": {
					"rotation": [0, 0, 0],
					"position": [0, 0, 0],
					"scale": 1
				},
				"AllHead": {
					"rotation": {
						"0.0": [0, 0, 0],
						"0.0417": [17.5, 0, 0],
						"0.0833": [0, 0, 0]
					},
					"position": [0, 0, 0]
				},
				"Head": {
					"rotation": {
						"0.0": [0, 0, 0],
						"0.0417": [-30.09, -4.33, 2.5],
						"0.0833": [9.88, -7.24, 1.95],
						"0.125": [26.71, -6.52, 1.68],
						"0.1667": [37.9, -4.87, 1.36],
						"0.2083": [39.33, -3.37, 1.05],
						"0.25": [37.07, -1.63, 0.7],
						"0.2917": [32.7, -0.34, 0.42],
						"0.3333": [20.82, 0.17, 0.24],
						"0.375": [8.52, 0.11, 0.15],
						"0.4167": [2.75, 0.08, 0.06],
						"0.4583": [0, 0, 0]
					}
				},
				"DownBody": {
					"rotation": {
						"0.0": [0, 0, 0],
						"0.0417": [-5.19, 0.03, 0.09],
						"0.0833": [-12.32, 0.06, 0.18],
						"0.125": [-17.5, 0, 0],
						"0.1667": [-19.44, -0.25, -0.79],
						"0.2083": [-19.43, -0.58, -1.85],
						"0.25": [-17.48, -0.75, -2.38],
						"0.2917": [-13.93, -0.65, -2.07],
						"0.3333": [-8.74, -0.42, -1.34],
						"0.375": [-3.55, -0.17, -0.54],
						"0.4167": [0, 0, 0],
						"0.4583": [0, 0, 0]
					}
				}
			}
		},
		"sneak": {
			"loop": true,
			"animation_length": 0.66667,
			"bones": {
				"ZhangLang": {
					"position": [0, 4, 0]
				},
				"one": {
					"rotation": {
						"0.0": [0, 32.5, 0],
						"0.3333": [0, -10, 0],
						"0.6667": [0, 32.5, 0]
					}
				},
				"one4": {
					"rotation": {
						"0.0": [0, -35, 0],
						"0.3333": [0, 35, 0],
						"0.6667": [0, -35, 0]
					}
				},
				"one6": {
					"rotation": {
						"0.0": [0, -25, 0],
						"0.3333": [0, 47.5, 0],
						"0.6667": [0, -25, 0]
					}
				},
				"one3": {
					"rotation": {
						"0.0": [0, 10, 0],
						"0.3333": [0, -32.5, 0],
						"0.6667": [0, 10, 0]
					}
				},
				"one10": {
					"rotation": {
						"0.0": [0, -35, 0],
						"0.3333": [0, 35, 0],
						"0.6667": [0, -35, 0]
					}
				},
				"one12": {
					"rotation": {
						"0.0": [0, -47.5, 0],
						"0.3333": [0, 25, 0],
						"0.6667": [0, -47.5, 0]
					}
				}
			}
		},
		"sneaking": {
			"loop": true,
			"bones": {
				"Root": {
					"rotation": [0, 0, 0],
					"position": [0, -10.3, 0],
					"scale": 1
				},
				"UpBody": {
					"rotation": [32.5, -12.5, 0],
					"position": [0, 0, 0]
				},
				"LeftArm": {
					"rotation": [17.41615, 1.29876, -7.38733],
					"position": [0, 0, 0]
				},
				"LeftForeArm": {
					"rotation": [-22.5, 0, 0],
					"position": [0, 0, 0]
				},
				"RightArm": {
					"rotation": [-58.89414, -4.89153, 48.91721],
					"position": [0, 0, 0]
				},
				"RightForeArm": {
					"rotation": [-67.5, 0, 0],
					"position": [0, 0, 0]
				},
				"LeftLeg": {
					"rotation": [-43.07225, -7.45242, -2.74092],
					"position": [0, 0, 0]
				},
				"LeftLowerLeg": {
					"rotation": [137.5, 0, 0],
					"position": [0, 0, 0]
				},
				"LeftFoot": {
					"rotation": [-32.5, 0, 0],
					"position": [0, 0, 0]
				},
				"RightLeg": {
					"rotation": [-103.24342, 23.61864, 0.8892],
					"position": [0, 0, 0]
				},
				"RightLowerLeg": {
					"rotation": [120, 0, 0],
					"position": [0, 0, 0]
				},
				"RightFoot": {
					"rotation": [-15, 0, 0],
					"position": [0, 0, 0]
				},
				"AllBody": {
					"rotation": [0, 0, 0],
					"position": [0, 1, 0],
					"scale": 1
				},
				"AllHead": {
					"rotation": [0, 0, 0],
					"position": [0, 0, 0]
				},
				"Head": {
					"rotation": [-26.24184, 13.06793, -6.89391],
					"position": [0, 0, 0]
				},
				"DownBody": {
					"rotation": [0, -22.5, 0]
				},
				"ZhangLang": {
					"position": [0, 4, 0]
				}
			}
		},
		"swim": {
			"loop": true,
			"animation_length": 0.6667,
			"bones": {
				"one": {
					"rotation": {
						"0.0": [0, 32.5, 0],
						"0.1667": [0, -10, 0],
						"0.3333": [0, 32.5, 0],
						"0.5": [0, -10, 0],
						"0.6667": [0, 32.5, 0]
					}
				},
				"one4": {
					"rotation": {
						"0.0": [0, -35, 0],
						"0.1667": [0, 35, 0],
						"0.3333": [0, -35, 0],
						"0.5": [0, 35, 0],
						"0.6667": [0, -35, 0]
					}
				},
				"one6": {
					"rotation": {
						"0.0": [0, -25, 0],
						"0.1667": [0, 47.5, 0],
						"0.3333": [0, -25, 0],
						"0.5": [0, 47.5, 0],
						"0.6667": [0, -25, 0]
					}
				},
				"one3": {
					"rotation": {
						"0.0": [0, 10, 0],
						"0.1667": [0, -32.5, 0],
						"0.3333": [0, 10, 0],
						"0.5": [0, -32.5, 0],
						"0.6667": [0, 10, 0]
					}
				},
				"one10": {
					"rotation": {
						"0.0": [0, -35, 0],
						"0.1667": [0, 35, 0],
						"0.3333": [0, -35, 0],
						"0.5": [0, 35, 0],
						"0.6667": [0, -35, 0]
					}
				},
				"one12": {
					"rotation": {
						"0.0": [0, -47.5, 0],
						"0.1667": [0, 25, 0],
						"0.3333": [0, -47.5, 0],
						"0.5": [0, 25, 0],
						"0.6667": [0, -47.5, 0]
					}
				}
			}
		},
		"sit": {
			"animation_length": 0.375,
			"bones": {
				"Root": {
					"rotation": [0, 0, 0],
					"position": [0, -5, 0],
					"scale": 1
				},
				"UpBody": {
					"rotation": [15, 0, 0],
					"position": [0, 0, 0]
				},
				"LeftArm": {
					"rotation": [-68.659, 23.92746, -39.32269],
					"position": [0, 0, 0]
				},
				"LeftForeArm": {
					"rotation": [-60.94031, 19.61291, -8.71337],
					"position": [0, 0, 0]
				},
				"RightArm": {
					"rotation": [-87.59409, -11.75726, 65.47122],
					"position": [0, 0, 0]
				},
				"RightForeArm": {
					"rotation": [-47.5, 0, 0],
					"position": [0, 0, 0]
				},
				"LeftLeg": {
					"rotation": [-142.5, 0, 0],
					"position": [0, 0, 0]
				},
				"LeftLowerLeg": {
					"rotation": [105, 0, 0],
					"position": [0, 0, 0]
				},
				"LeftFoot": {
					"rotation": [37.5, 0, 0],
					"position": [0, 0, 0]
				},
				"RightLeg": {
					"rotation": [-127.5, 0, 0],
					"position": [0, 0, 0]
				},
				"RightLowerLeg": {
					"rotation": [75, 0, 0],
					"position": [0, 0, 0]
				},
				"RightFoot": {
					"rotation": [55, 0, 0],
					"position": [0, 0, 0]
				},
				"AllBody": {
					"rotation": [0, 0, 0],
					"position": [0, 0, 0],
					"scale": 1
				},
				"AllHead": {
					"rotation": [0, 0, 0],
					"position": [0, 0, 0]
				},
				"Head": {
					"rotation": [-15, 0, 0],
					"position": [0, 0, 0]
				},
				"LongHair": {
					"rotation": [15, 0, 0]
				},
				"Skirt": {
					"rotation": [-123.71393, -4.07256, -8.03263],
					"position": [0.3, -3.45, 1.8]
				}
			}
		},
		"ride": {
			"animation_length": 0.375,
			"bones": {
				"Root": {
					"rotation": [0, 0, 0],
					"position": [0, 0, 0],
					"scale": 1
				},
				"UpBody": {
					"rotation": [10, 0, 0],
					"position": [0, 0, 0]
				},
				"LeftArm": {
					"rotation": [-76.32957, 5.94106, 4.54727],
					"position": [0, 0, 0]
				},
				"LeftForeArm": {
					"rotation": [-32.5, 0, 0],
					"position": [0, 0, 0]
				},
				"RightArm": {
					"rotation": [-76.32957, -5.94106, -4.54727],
					"position": [0, 0, 0]
				},
				"RightForeArm": {
					"rotation": [-32.5, 0, 0],
					"position": [0, 0, 0]
				},
				"LeftLeg": {
					"rotation": [-82.67316, -38.89629, 2.95966],
					"position": [0, -1, 0]
				},
				"LeftLowerLeg": {
					"rotation": [72.5, 0, 0],
					"position": [0, 0, 0]
				},
				"LeftFoot": {
					"rotation": [20, 0, 0],
					"position": [0, 0, 0]
				},
				"RightLeg": {
					"rotation": [-82.67316, 38.89629, -2.95966],
					"position": [0, -1, 0]
				},
				"RightLowerLeg": {
					"rotation": [72.5, 0, 0],
					"position": [0, 0, 0]
				},
				"RightFoot": {
					"rotation": [20, 0, 0],
					"position": [0, 0, 0]
				},
				"AllBody": {
					"rotation": [0, 0, 0],
					"position": [0, -4, 0],
					"scale": 1
				},
				"AllHead": {
					"rotation": [0, 0, 0],
					"position": [0, 0, 0]
				},
				"Head": {
					"rotation": [-10, 0, 0],
					"position": [0, 0, 0]
				},
				"LongHair": {
					"rotation": [12.5, 0, 0]
				},
				"ZhangLang": {
					"position": [0, 13, 0]
				}
			}
		},
		"ride_pig": {
			"animation_length": 0.375,
			"bones": {
				"Root": {
					"rotation": [0, 0, 0],
					"position": [0, -3, 0],
					"scale": 1
				},
				"UpBody": {
					"rotation": [35, 0, 0],
					"position": [0, 0, 2]
				},
				"LeftArm": {
					"rotation": [-59.68584, 19.01678, 12.09442],
					"position": [0, 0, -1]
				},
				"LeftForeArm": {
					"rotation": [-15, 0, 0],
					"position": [0, 0, 0]
				},
				"RightArm": {
					"rotation": [-59.68584, -19.01678, -12.09442],
					"position": [0, 0, -1]
				},
				"RightForeArm": {
					"rotation": [-15, 0, 0],
					"position": [0, 0, 0]
				},
				"LeftLeg": {
					"rotation": [-83.12926, -33.93453, 3.72726],
					"position": [0, 0, 0]
				},
				"LeftLowerLeg": {
					"rotation": [72.5, 0, 0],
					"position": [0, 0, 0]
				},
				"LeftFoot": {
					"rotation": [20, 0, 0],
					"position": [0, 0, 0]
				},
				"RightLeg": {
					"rotation": [-83.31861, 31.45198, -4.07773],
					"position": [0, 0, 0]
				},
				"RightLowerLeg": {
					"rotation": [72.5, 0, 0],
					"position": [0, 0, 0]
				},
				"RightFoot": {
					"rotation": [20, 0, 0],
					"position": [0, 0, 0]
				},
				"AllBody": {
					"rotation": [0, 0, 0],
					"position": [0, 0, 0],
					"scale": 1
				},
				"AllHead": {
					"rotation": [0, 0, 0],
					"position": [0, 0, 0]
				},
				"Head": {
					"rotation": [-32.5, 0, 0],
					"position": [0, 0, 0]
				},
				"LongHead": {
					"rotation": [17.5, 0, 0]
				},
				"Skirt": {
					"rotation": [17.5, 0, 0]
				},
				"ZhangLang": {
					"position": [0, 13, 0]
				}
			}
		},
		"sleep": {
			"animation_length": 5.29167,
			"bones": {
				"ZhangLang": {
					"rotation": {
						"0.0": [90, 0, -32.47528],
						"0.7917": [90, 0, -217.47836],
						"2.5": [90, 0, -217.47836],
						"3.5": [90, 0, -397.47528]
					},
					"position": {
						"0.0": [2, 10, 3],
						"0.2083": [4.69, 16.21, 3],
						"0.4167": [4.37, 23.42, 3],
						"0.6667": [1.12, 28.47, 3],
						"0.7917": [-3, 30, 3],
						"2.5": [-3, 30, 3],
						"2.7917": [-6.46, 25.33, 3],
						"3.0": [-5.5, 22, 3],
						"3.2083": [-2.38, 15.67, 3],
						"3.5": [2, 10, 3]
					}
				},
				"BenTi": {
					"position": [0, 0.375, 0]
				},
				"one": {
					"rotation": {
						"0.0": [0, 32.5, 0],
						"0.3333": [0, -10, 0],
						"0.6667": [0, 32.5, 0],
						"0.7917": [0, 0, 0],
						"2.4583": [0, 0, 0],
						"2.5": [0, 32.5, 0],
						"2.8333": [0, -10, 0],
						"3.1667": [0, 32.5, 0],
						"3.2917": [0, 0, 0]
					}
				},
				"one4": {
					"rotation": {
						"0.0": [0, -35, 0],
						"0.3333": [0, 35, 0],
						"0.6667": [0, -35, 0],
						"0.7917": [0, 0, 0],
						"2.4583": [0, 0, 0],
						"2.5": [0, -35, 0],
						"2.8333": [0, 35, 0],
						"3.1667": [0, -35, 0],
						"3.2917": [0, 0, 0]
					}
				},
				"one6": {
					"rotation": {
						"0.0": [0, -25, 0],
						"0.3333": [0, 47.5, 0],
						"0.6667": [0, -25, 0],
						"0.7917": [0, 0, 0],
						"2.4583": [0, 0, 0],
						"2.5": [0, -25, 0],
						"2.8333": [0, 47.5, 0],
						"3.1667": [0, -25, 0],
						"3.2917": [0, 0, 0]
					}
				},
				"one3": {
					"rotation": {
						"0.0": [0, 10, 0],
						"0.3333": [0, -32.5, 0],
						"0.6667": [0, 10, 0],
						"0.7917": [0, 0, 0],
						"2.4583": [0, 0, 0],
						"2.5": [0, 10, 0],
						"2.8333": [0, -32.5, 0],
						"3.1667": [0, 10, 0],
						"3.2917": [0, 0, 0]
					}
				},
				"one10": {
					"rotation": {
						"0.0": [0, -35, 0],
						"0.3333": [0, 35, 0],
						"0.6667": [0, -35, 0],
						"0.7917": [0, 0, 0],
						"2.4583": [0, 0, 0],
						"2.5": [0, -35, 0],
						"2.8333": [0, 35, 0],
						"3.1667": [0, -35, 0],
						"3.2917": [0, 0, 0]
					}
				},
				"one12": {
					"rotation": {
						"0.0": [0, -47.5, 0],
						"0.3333": [0, 25, 0],
						"0.6667": [0, -47.5, 0],
						"0.7917": [0, 0, 0],
						"2.4583": [0, 0, 0],
						"2.5": [0, -47.5, 0],
						"2.8333": [0, 25, 0],
						"3.1667": [0, -47.5, 0],
						"3.2917": [0, 0, 0]
					}
				}
			}
		},
		"fly": {
			"loop": true,
			"animation_length": 0.79167,
			"bones": {
				"UpBody": {
					"rotation": [0, 0, 0]
				},
				"LeftArm": {
					"rotation": {
						"0.0": [-6.8, 3.16, -40.19],
						"0.0417": [-6.89, 3.15, -40.32],
						"0.0833": [-7.03, 3.12, -40.52],
						"0.125": [-7.2, 3.09, -40.76],
						"0.1667": [-7.36, 3.06, -41.01],
						"0.2083": [-7.5, 3.04, -41.22],
						"0.25": [-7.6, 3.02, -41.37],
						"0.2917": [-7.62, 3.01, -41.43],
						"0.3333": [-7.54, 3.02, -41.35],
						"0.375": [-7.36, 3.05, -41.15],
						"0.4167": [-7.12, 3.08, -40.89],
						"0.4583": [-6.88, 3.11, -40.6],
						"0.5": [-6.68, 3.14, -40.35],
						"0.5417": [-6.55, 3.16, -40.19],
						"0.5833": [-6.52, 3.17, -40.11],
						"0.625": [-6.57, 3.17, -40.1],
						"0.6667": [-6.66, 3.17, -40.13],
						"0.7083": [-6.75, 3.16, -40.17],
						"0.75": [-6.8, 3.16, -40.19]
					}
				},
				"LeftForeArm": {
					"rotation": {
						"0.0": [-35, 0, 0],
						"0.0417": [-35.04, 0, 0],
						"0.0833": [-35.1, 0, 0],
						"0.125": [-35.17, 0, 0],
						"0.1667": [-35.24, 0, 0],
						"0.2083": [-35.32, 0, 0],
						"0.25": [-35.39, 0, 0],
						"0.2917": [-35.45, 0, 0],
						"0.3333": [-35.49, 0, 0],
						"0.375": [-35.5, 0, 0],
						"0.4167": [-35.48, 0, 0],
						"0.4583": [-35.44, 0, 0],
						"0.5": [-35.38, 0, 0],
						"0.5417": [-35.3, 0, 0],
						"0.5833": [-35.22, 0, 0],
						"0.625": [-35.14, 0, 0],
						"0.6667": [-35.07, 0, 0],
						"0.7083": [-35.02, 0, 0],
						"0.75": [-35, 0, 0]
					}
				},
				"RightArm": {
					"rotation": {
						"0.0": [-6.8, -3.16, 40.19],
						"0.0417": [-6.87, -3.15, 40.29],
						"0.0833": [-6.96, -3.13, 40.43],
						"0.125": [-7.08, -3.11, 40.6],
						"0.1667": [-7.2, -3.09, 40.79],
						"0.2083": [-7.33, -3.07, 40.98],
						"0.25": [-7.44, -3.05, 41.15],
						"0.2917": [-7.53, -3.03, 41.3],
						"0.3333": [-7.6, -3.02, 41.4],
						"0.375": [-7.62, -3.01, 41.43],
						"0.4167": [-7.59, -3.02, 41.39],
						"0.4583": [-7.52, -3.03, 41.27],
						"0.5": [-7.41, -3.05, 41.11],
						"0.5417": [-7.28, -3.08, 40.91],
						"0.5833": [-7.15, -3.1, 40.71],
						"0.625": [-7.02, -3.12, 40.51],
						"0.6667": [-6.91, -3.14, 40.35],
						"0.7083": [-6.83, -3.16, 40.23],
						"0.75": [-6.8, -3.16, 40.19]
					}
				},
				"RightForeArm": {
					"rotation": {
						"0.0": [-35, 0, 0],
						"0.0417": [-35.04, 0, 0],
						"0.0833": [-35.1, 0, 0],
						"0.125": [-35.17, 0, 0],
						"0.1667": [-35.24, 0, 0],
						"0.2083": [-35.32, 0, 0],
						"0.25": [-35.39, 0, 0],
						"0.2917": [-35.45, 0, 0],
						"0.3333": [-35.49, 0, 0],
						"0.375": [-35.5, 0, 0],
						"0.4167": [-35.48, 0, 0],
						"0.4583": [-35.44, 0, 0],
						"0.5": [-35.38, 0, 0],
						"0.5417": [-35.3, 0, 0],
						"0.5833": [-35.22, 0, 0],
						"0.625": [-35.14, 0, 0],
						"0.6667": [-35.07, 0, 0],
						"0.7083": [-35.02, 0, 0],
						"0.75": [-35, 0, 0]
					}
				},
				"LeftLeg": {
					"rotation": {
						"0.0833": [-9, 0, 0],
						"0.125": [-8.98, -0.09, -0.01],
						"0.1667": [-8.95, -0.23, -0.02],
						"0.2083": [-8.91, -0.39, -0.04],
						"0.25": [-8.87, -0.56, -0.06],
						"0.2917": [-8.83, -0.73, -0.08],
						"0.3333": [-8.8, -0.87, -0.09],
						"0.375": [-8.78, -0.96, -0.1],
						"0.4167": [-8.77, -1, -0.11],
						"0.4583": [-8.78, -0.96, -0.1],
						"0.5": [-8.8, -0.87, -0.09],
						"0.5417": [-8.83, -0.73, -0.08],
						"0.5833": [-8.87, -0.56, -0.06],
						"0.625": [-8.91, -0.39, -0.04],
						"0.6667": [-8.95, -0.23, -0.02],
						"0.7083": [-8.98, -0.09, -0.01],
						"0.75": [-9, 0, 0]
					}
				},
				"LeftLowerLeg": {
					"rotation": {
						"0.125": [22.5, 0, 0],
						"0.1667": [22.73, 0, 0],
						"0.2083": [23.07, 0, 0],
						"0.25": [23.47, 0, 0],
						"0.2917": [23.91, 0, 0],
						"0.3333": [24.32, 0, 0],
						"0.375": [24.67, 0, 0],
						"0.4167": [24.91, 0, 0],
						"0.4583": [25, 0, 0],
						"0.5": [24.88, 0, 0],
						"0.5417": [24.58, 0, 0],
						"0.5833": [24.15, 0, 0],
						"0.625": [23.66, 0, 0],
						"0.6667": [23.18, 0, 0],
						"0.7083": [22.77, 0, 0],
						"0.75": [22.5, 0, 0]
					}
				},
				"LeftFoot": {
					"rotation": [43, 0, 0]
				},
				"RightLeg": {
					"rotation": {
						"0.0": [-66.5, 0, 0],
						"0.0417": [-66.34, 0, 0],
						"0.0833": [-66.11, 0, 0],
						"0.125": [-65.83, 0, 0],
						"0.1667": [-65.53, 0, 0],
						"0.2083": [-65.22, 0, 0],
						"0.25": [-64.94, 0, 0],
						"0.2917": [-64.71, 0, 0],
						"0.3333": [-64.56, 0, 0],
						"0.375": [-64.5, 0, 0],
						"0.4167": [-64.56, 0, 0],
						"0.4583": [-64.71, 0, 0],
						"0.5": [-64.94, 0, 0],
						"0.5417": [-65.22, 0, 0],
						"0.5833": [-65.53, 0, 0],
						"0.625": [-65.83, 0, 0],
						"0.6667": [-66.11, 0, 0],
						"0.7083": [-66.34, 0, 0],
						"0.75": [-66.5, 0, 0]
					}
				},
				"RightLowerLeg": {
					"rotation": {
						"0.0833": [120, 0, 0],
						"0.125": [119.61, 0, 0],
						"0.1667": [119.03, 0, 0],
						"0.2083": [118.33, 0, 0],
						"0.25": [117.57, 0, 0],
						"0.2917": [116.81, 0, 0],
						"0.3333": [116.11, 0, 0],
						"0.375": [115.53, 0, 0],
						"0.4167": [115.14, 0, 0],
						"0.4583": [115, 0, 0],
						"0.5": [115.23, 0, 0],
						"0.5417": [115.85, 0, 0],
						"0.5833": [116.71, 0, 0],
						"0.625": [117.68, 0, 0],
						"0.6667": [118.64, 0, 0],
						"0.7083": [119.46, 0, 0],
						"0.75": [120, 0, 0]
					}
				},
				"RightFoot": {
					"rotation": {
						"0.0": [-2, 0, 0],
						"0.0417": [-1.8, 0, 0],
						"0.0833": [-1.52, 0, 0],
						"0.125": [-1.17, 0, 0],
						"0.1667": [-0.79, 0, 0],
						"0.2083": [-0.41, 0, 0],
						"0.25": [-0.06, 0, 0],
						"0.2917": [0.23, 0, 0],
						"0.3333": [0.43, 0, 0],
						"0.375": [0.5, 0, 0],
						"0.4167": [0.43, 0, 0],
						"0.4583": [0.23, 0, 0],
						"0.5": [-0.06, 0, 0],
						"0.5417": [-0.41, 0, 0],
						"0.5833": [-0.79, 0, 0],
						"0.625": [-1.17, 0, 0],
						"0.6667": [-1.52, 0, 0],
						"0.7083": [-1.8, 0, 0],
						"0.75": [-2, 0, 0]
					}
				},
				"Head": {
					"rotation": {
						"0.0": [0, 0, 0],
						"0.0417": [-0.08, 0, 0],
						"0.0833": [-0.19, 0, 0],
						"0.125": [-0.33, 0, 0],
						"0.1667": [-0.49, 0, 0],
						"0.2083": [-0.64, 0, 0],
						"0.25": [-0.78, 0, 0],
						"0.2917": [-0.89, 0, 0],
						"0.3333": [-0.97, 0, 0],
						"0.375": [-1, 0, 0],
						"0.4167": [-0.97, 0, 0],
						"0.4583": [-0.89, 0, 0],
						"0.5": [-0.78, 0, 0],
						"0.5417": [-0.64, 0, 0],
						"0.5833": [-0.49, 0, 0],
						"0.625": [-0.33, 0, 0],
						"0.6667": [-0.19, 0, 0],
						"0.7083": [-0.08, 0, 0],
						"0.75": [0, 0, 0]
					}
				},
				"DownBody": {
					"rotation": [0, 0, 0]
				},
				"ZhangLang": {
					"rotation": [-7.5, 0, 0],
					"position": [0, 1, 0]
				},
				"Zuo4": {
					"rotation": [16.72984, 40.11062, -1.06494]
				},
				"Zuo8": {
					"rotation": [16.72984, -40.11062, 1.06494]
				},
				"bone4": {
					"rotation": {
						"0.0": [0, 12.5, 2.5],
						"0.0417": {
							"pre": [0, 12.5, 2.5],
							"post": [0, -10, 2.5]
						},
						"0.0833": {
							"pre": [0, -10, 2.5],
							"post": [0, 12.5, 2.5]
						},
						"0.125": {
							"pre": [0, 12.5, 2.5],
							"post": [0, -10, 2.5]
						},
						"0.1667": {
							"pre": [0, -10, 2.5],
							"post": [0, 12.5, 2.5]
						},
						"0.2083": {
							"pre": [0, 12.5, 2.5],
							"post": [0, -10, 2.5]
						},
						"0.25": {
							"pre": [0, -10, 2.5],
							"post": [0, 12.5, 2.5]
						},
						"0.2917": {
							"pre": [0, 12.5, 2.5],
							"post": [0, -10, 2.5]
						},
						"0.3333": {
							"pre": [0, -10, 2.5],
							"post": [0, 12.5, 2.5]
						},
						"0.375": {
							"pre": [0, 12.5, 2.5],
							"post": [0, -10, 2.5]
						},
						"0.4167": {
							"pre": [0, -10, 2.5],
							"post": [0, 12.5, 2.5]
						},
						"0.4583": {
							"pre": [0, 12.5, 2.5],
							"post": [0, -10, 2.5]
						},
						"0.5": {
							"pre": [0, -10, 2.5],
							"post": [0, 12.5, 2.5]
						},
						"0.5417": {
							"pre": [0, 12.5, 2.5],
							"post": [0, -10, 2.5]
						},
						"0.5833": {
							"pre": [0, -10, 2.5],
							"post": [0, 12.5, 2.5]
						},
						"0.625": {
							"pre": [0, 12.5, 2.5],
							"post": [0, -10, 2.5]
						},
						"0.6667": {
							"pre": [0, -10, 2.5],
							"post": [0, 12.5, 2.5]
						},
						"0.7083": {
							"pre": [0, 12.5, 2.5],
							"post": [0, -10, 2.5]
						},
						"0.75": {
							"pre": [0, -10, 2.5],
							"post": [0, 12.5, 2.5]
						},
						"0.7917": {
							"pre": [0, 12.5, 2.5],
							"post": [0, -10, 2.5]
						}
					},
					"scale": 1
				},
				"bone2": {
					"rotation": {
						"0.0": [0, -12.5, -2.5],
						"0.0417": {
							"pre": [0, -12.5, -2.5],
							"post": [0, 10, -2.5]
						},
						"0.0833": {
							"pre": [0, 10, -2.5],
							"post": [0, -12.5, -2.5]
						},
						"0.125": {
							"pre": [0, -12.5, -2.5],
							"post": [0, 10, -2.5]
						},
						"0.1667": {
							"pre": [0, 10, -2.5],
							"post": [0, -12.5, -2.5]
						},
						"0.2083": {
							"pre": [0, -12.5, -2.5],
							"post": [0, 10, -2.5]
						},
						"0.25": {
							"pre": [0, 10, -2.5],
							"post": [0, -12.5, -2.5]
						},
						"0.2917": {
							"pre": [0, -12.5, -2.5],
							"post": [0, 10, -2.5]
						},
						"0.3333": {
							"pre": [0, 10, -2.5],
							"post": [0, -12.5, -2.5]
						},
						"0.375": {
							"pre": [0, -12.5, -2.5],
							"post": [0, 10, -2.5]
						},
						"0.4167": {
							"pre": [0, 10, -2.5],
							"post": [0, -12.5, -2.5]
						},
						"0.4583": {
							"pre": [0, -12.5, -2.5],
							"post": [0, 10, -2.5]
						},
						"0.5": {
							"pre": [0, 10, -2.5],
							"post": [0, -12.5, -2.5]
						},
						"0.5417": {
							"pre": [0, -12.5, -2.5],
							"post": [0, 10, -2.5]
						},
						"0.5833": {
							"pre": [0, 10, -2.5],
							"post": [0, -12.5, -2.5]
						},
						"0.625": {
							"pre": [0, -12.5, -2.5],
							"post": [0, 10, -2.5]
						},
						"0.6667": {
							"pre": [0, 10, -2.5],
							"post": [0, -12.5, -2.5]
						},
						"0.7083": {
							"pre": [0, -12.5, -2.5],
							"post": [0, 10, -2.5]
						},
						"0.75": {
							"pre": [0, 10, -2.5],
							"post": [0, -12.5, -2.5]
						},
						"0.7917": {
							"pre": [0, -12.5, -2.5],
							"post": [0, 10, -2.5]
						}
					},
					"scale": 1
				}
			}
		},
		"elytra_fly": {
			"loop": true,
			"animation_length": 0.33333,
			"bones": {
				"Root": {
					"rotation": [90, 0, 0],
					"position": [0, 14, 30],
					"scale": 1
				},
				"UpBody": {
					"rotation": [0, 0, 0],
					"position": [0, 0, 0]
				},
				"LeftArm": {
					"rotation": {
						"0.0": [7.25, 0, 0],
						"0.1667": [8.25, 0, 0],
						"0.3333": [7.25, 0, 0]
					},
					"position": [0, 0, 0]
				},
				"LeftForeArm": {
					"rotation": [0, 0, 0],
					"position": [0, 0, 0]
				},
				"RightArm": {
					"rotation": {
						"0.0": [8.25, 0, 0],
						"0.1667": [10, 0, 0],
						"0.3333": [8.25, 0, 0]
					},
					"position": [0, 0, 0]
				},
				"RightForeArm": {
					"rotation": [0, 0, 0],
					"position": [0, 0, 0]
				},
				"LeftLeg": {
					"rotation": {
						"0.0": [-1.75, 0, 0],
						"0.1667": [-2.25, 0, 0],
						"0.3333": [-1.75, 0, 0]
					},
					"position": [0, 0, 0]
				},
				"LeftLowerLeg": {
					"rotation": [0, 0, 0],
					"position": [0, 0, 0]
				},
				"LeftFoot": {
					"rotation": {
						"0.0": [52.5, 0, 0],
						"0.1667": [47.5, 0, 0],
						"0.3333": [52.5, 0, 0]
					},
					"position": [0, 0, 0]
				},
				"RightLeg": {
					"rotation": {
						"0.0": [-2.25, 0, 0],
						"0.1667": [-1.75, 0, 0],
						"0.3333": [-2.25, 0, 0]
					},
					"position": [0, 0, 0]
				},
				"RightLowerLeg": {
					"rotation": [2.5, 0, 0],
					"position": [0, 0, 0]
				},
				"RightFoot": {
					"rotation": {
						"0.0": [47.5, 0, 0],
						"0.1667": [52.5, 0, 0],
						"0.3333": [47.5, 0, 0]
					},
					"position": [0, 0, 0]
				},
				"AllBody": {
					"rotation": [0, 0, 0],
					"position": [0, 0, 0],
					"scale": 1
				},
				"AllHead": {
					"rotation": [0, 0, 0],
					"position": [0, 0, 0]
				},
				"Head": {
					"rotation": [-65, 0, 0],
					"position": [0, 0, 0]
				},
				"LongHair": {
					"rotation": [72.5, 0, 0]
				},
				"long_h1": {
					"rotation": [65, 0, 0]
				}
			}
		},
		"swim_stand": {
			"loop": true,
			"animation_length": 1,
			"bones": {
				"Root": {
					"rotation": [0, 0, 0],
					"scale": 1
				},
				"UpBody": {
					"rotation": [0, 0, 0],
					"position": [0, 0, 0]
				},
				"LeftArm": {
					"rotation": {
						"0.0": [-10, 0, -45],
						"0.0417": [-8.09, 0, -45],
						"0.0833": [-5.38, 0, -45],
						"0.125": [-2.07, 0, -45],
						"0.1667": [1.67, 0, -45],
						"0.2083": [5.65, 0, -45],
						"0.25": [9.69, 0, -45],
						"0.2917": [13.61, 0, -45],
						"0.3333": [17.22, 0, -45],
						"0.375": [20.35, 0, -45],
						"0.4167": [22.81, 0, -45],
						"0.4583": [24.42, 0, -45],
						"0.5": [25, 0, -45],
						"0.5417": [24.25, 0, -45],
						"0.5833": [22.17, 0, -45],
						"0.625": [19.04, 0, -45],
						"0.6667": [15.16, 0, -45],
						"0.7083": [10.78, 0, -45],
						"0.75": [6.2, 0, -45],
						"0.7917": [1.69, 0, -45],
						"0.8333": [-2.47, 0, -45],
						"0.875": [-5.99, 0, -45],
						"0.9167": [-8.61, 0, -45],
						"0.9583": [-10.04, 0, -45],
						"1.0": [-10, 0, -45]
					},
					"position": [0, 0, 0]
				},
				"LeftForeArm": {
					"rotation": {
						"0.0": [-52.5, 0, 0],
						"0.0417": [-52.67, 0, 0],
						"0.0833": [-53.28, 0, 0],
						"0.125": [-53.46, 0, 0],
						"0.1667": [-52.32, 0, 0],
						"0.2083": [-48.97, 0, 0],
						"0.25": [-44.34, 0, 0],
						"0.2917": [-37.79, 0, 0],
						"0.3333": [-30.15, 0, 0],
						"0.375": [-22.23, 0, 0],
						"0.4167": [-14.85, 0, 0],
						"0.4583": [-8.83, 0, 0],
						"0.5": [-5, 0, 0],
						"0.5417": [-3.15, 0, 0],
						"0.5833": [-3.13, 0, 0],
						"0.625": [-4.6, 0, 0],
						"0.6667": [-7.2, 0, 0],
						"0.7083": [-10.6, 0, 0],
						"0.75": [-14.45, 0, 0],
						"0.7917": [-19.79, 0, 0],
						"0.8333": [-27.12, 0, 0],
						"0.875": [-35.24, 0, 0],
						"0.9167": [-42.97, 0, 0],
						"0.9583": [-49.12, 0, 0],
						"1.0": [-52.5, 0, 0]
					},
					"position": [0, 0, 0]
				},
				"RightArm": {
					"rotation": {
						"0.0": [-10, 0, 45],
						"0.0417": [-8.09, 0, 45],
						"0.0833": [-5.38, 0, 45],
						"0.125": [-2.07, 0, 45],
						"0.1667": [1.67, 0, 45],
						"0.2083": [5.65, 0, 45],
						"0.25": [9.69, 0, 45],
						"0.2917": [13.61, 0, 45],
						"0.3333": [17.22, 0, 45],
						"0.375": [20.35, 0, 45],
						"0.4167": [22.81, 0, 45],
						"0.4583": [24.42, 0, 45],
						"0.5": [25, 0, 45],
						"0.5417": [24.24, 0, 45],
						"0.5833": [22.15, 0, 45],
						"0.625": [19.01, 0, 45],
						"0.6667": [15.1, 0, 45],
						"0.7083": [10.7, 0, 45],
						"0.75": [6.1, 0, 45],
						"0.7917": [1.58, 0, 45],
						"0.8333": [-2.59, 0, 45],
						"0.875": [-6.11, 0, 45],
						"0.9167": [-8.7, 0, 45],
						"0.9583": [-10.1, 0, 45],
						"1.0": [-10, 0, 45]
					},
					"position": [0, 0, 0]
				},
				"RightForeArm": {
					"rotation": {
						"0.0": [-52.5, 0, 0],
						"0.0417": [-52.67, 0, 0],
						"0.0833": [-53.28, 0, 0],
						"0.125": [-53.46, 0, 0],
						"0.1667": [-52.32, 0, 0],
						"0.2083": [-48.97, 0, 0],
						"0.25": [-44.34, 0, 0],
						"0.2917": [-37.79, 0, 0],
						"0.3333": [-30.15, 0, 0],
						"0.375": [-22.23, 0, 0],
						"0.4167": [-14.85, 0, 0],
						"0.4583": [-8.83, 0, 0],
						"0.5": [-5, 0, 0],
						"0.5417": [-3.15, 0, 0],
						"0.5833": [-3.13, 0, 0],
						"0.625": [-4.6, 0, 0],
						"0.6667": [-7.2, 0, 0],
						"0.7083": [-10.6, 0, 0],
						"0.75": [-14.45, 0, 0],
						"0.7917": [-19.79, 0, 0],
						"0.8333": [-27.12, 0, 0],
						"0.875": [-35.24, 0, 0],
						"0.9167": [-42.97, 0, 0],
						"0.9583": [-49.12, 0, 0],
						"1.0": [-52.5, 0, 0]
					},
					"position": [0, 0, 0]
				},
				"LeftLeg": {
					"rotation": {
						"0.0": [-10, 0, 0],
						"0.0417": [-8.69, 0, 0],
						"0.0833": [-6.81, 0, 0],
						"0.125": [-4.67, 0, 0],
						"0.1667": [-2.56, 0, 0],
						"0.2083": [-0.79, 0, 0],
						"0.25": [0.33, 0, 0],
						"0.2917": [1.49, 0, 0],
						"0.3333": [2.61, 0, 0],
						"0.375": [3.6, 0, 0],
						"0.4167": [4.39, 0, 0],
						"0.4583": [4.88, 0, 0],
						"0.5": [5, 0, 0],
						"0.5417": [4.57, 0, 0],
						"0.5833": [3.6, 0, 0],
						"0.625": [2.28, 0, 0],
						"0.6667": [0.77, 0, 0],
						"0.7083": [-0.76, 0, 0],
						"0.75": [-2.14, 0, 0],
						"0.7917": [-3.71, 0, 0],
						"0.8333": [-5.66, 0, 0],
						"0.875": [-7.63, 0, 0],
						"0.9167": [-9.26, 0, 0],
						"0.9583": [-10.17, 0, 0],
						"1.0": [-10, 0, 0]
					},
					"position": {
						"0.0": [0, 0, 0],
						"0.0417": [0, 0, 0],
						"0.0833": [0, 0, 0],
						"0.125": [0, 0, 0],
						"0.1667": [0, 0, 0],
						"0.2083": [0, 0, 0],
						"0.25": [0, 0, 0],
						"0.2917": [0, 0, 0],
						"0.3333": [0, 0, 0],
						"0.375": [0, 0, 0],
						"0.4167": [0, 0, 0],
						"0.4583": [0, 0, 0],
						"0.5": [0, 0, 0],
						"0.5417": [0, 0, 0],
						"0.5833": [0, 0, 0],
						"0.625": [0, 0, 0],
						"0.6667": [0, 0, 0],
						"0.7083": [0, 0, 0],
						"0.75": [0, 0, 0],
						"0.7917": [0, 0, 0],
						"0.8333": [0, 0, 0],
						"0.875": [0, 0, 0],
						"0.9167": [0, 0, 0],
						"0.9583": [0, 0, 0],
						"1.0": [0, 0, 0]
					}
				},
				"LeftLowerLeg": {
					"rotation": {
						"0.0": [10, 0, 0],
						"0.0417": [8.17, 0, 0],
						"0.0833": [5.4, 0, 0],
						"0.125": [2.44, 0, 0],
						"0.1667": [0.02, 0, 0],
						"0.2083": [-1.12, 0, 0],
						"0.25": [-0.91, 0, 0],
						"0.2917": [-0.04, 0, 0],
						"0.3333": [1.29, 0, 0],
						"0.375": [2.9, 0, 0],
						"0.4167": [4.6, 0, 0],
						"0.4583": [6.19, 0, 0],
						"0.5": [7.5, 0, 0],
						"0.5417": [8.87, 0, 0],
						"0.5833": [10.31, 0, 0],
						"0.625": [11.7, 0, 0],
						"0.6667": [12.92, 0, 0],
						"0.7083": [13.82, 0, 0],
						"0.75": [14.29, 0, 0],
						"0.7917": [14.17, 0, 0],
						"0.8333": [13.52, 0, 0],
						"0.875": [12.57, 0, 0],
						"0.9167": [11.52, 0, 0],
						"0.9583": [10.59, 0, 0],
						"1.0": [10, 0, 0]
					},
					"position": {
						"0.0": [0, 0, 0],
						"0.0417": [0, 0, 0],
						"0.0833": [0, 0, 0],
						"0.125": [0, 0, 0],
						"0.1667": [0, 0, 0],
						"0.2083": [0, 0, 0],
						"0.25": [0, 0, 0],
						"0.2917": [0, 0, 0],
						"0.3333": [0, 0, 0],
						"0.375": [0, 0, 0],
						"0.4167": [0, 0, 0],
						"0.4583": [0, 0, 0],
						"0.5": [0, 0, 0],
						"0.5417": [0, 0, 0],
						"0.5833": [0, 0, 0],
						"0.625": [0, 0, 0],
						"0.6667": [0, 0, 0],
						"0.7083": [0, 0, 0],
						"0.75": [0, 0, 0],
						"0.7917": [0, 0, 0],
						"0.8333": [0, 0, 0],
						"0.875": [0, 0, 0],
						"0.9167": [0, 0, 0],
						"0.9583": [0, 0, 0],
						"1.0": [0, 0, 0]
					}
				},
				"LeftFoot": {
					"rotation": {
						"0.0": [30, 0, 0],
						"0.0417": [29.31, 0, 0],
						"0.0833": [28.34, 0, 0],
						"0.125": [27.14, 0, 0],
						"0.1667": [25.79, 0, 0],
						"0.2083": [24.35, 0, 0],
						"0.25": [22.89, 0, 0],
						"0.2917": [21.48, 0, 0],
						"0.3333": [20.18, 0, 0],
						"0.375": [19.07, 0, 0],
						"0.4167": [18.21, 0, 0],
						"0.4583": [17.66, 0, 0],
						"0.5": [17.5, 0, 0],
						"0.5417": [18.22, 0, 0],
						"0.5833": [19.97, 0, 0],
						"0.625": [22.37, 0, 0],
						"0.6667": [25.06, 0, 0],
						"0.7083": [27.69, 0, 0],
						"0.75": [29.89, 0, 0],
						"0.7917": [31.3, 0, 0],
						"0.8333": [31.99, 0, 0],
						"0.875": [31.81, 0, 0],
						"0.9167": [31.15, 0, 0],
						"0.9583": [30.42, 0, 0],
						"1.0": [30, 0, 0]
					},
					"position": {
						"0.0": [0, 0, 0],
						"0.0417": [0, 0, 0],
						"0.0833": [0, 0, 0],
						"0.125": [0, 0, 0],
						"0.1667": [0, 0, 0],
						"0.2083": [0, 0, 0],
						"0.25": [0, 0, 0],
						"0.2917": [0, 0, 0],
						"0.3333": [0, 0, 0],
						"0.375": [0, 0, 0],
						"0.4167": [0, 0, 0],
						"0.4583": [0, 0, 0],
						"0.5": [0, 0, 0],
						"0.5417": [0, 0, 0],
						"0.5833": [0, 0, 0],
						"0.625": [0, 0, 0],
						"0.6667": [0, 0, 0],
						"0.7083": [0, 0, 0],
						"0.75": [0, 0, 0],
						"0.7917": [0, 0, 0],
						"0.8333": [0, 0, 0],
						"0.875": [0, 0, 0],
						"0.9167": [0, 0, 0],
						"0.9583": [0, 0, 0],
						"1.0": [0, 0, 0]
					}
				},
				"RightLeg": {
					"rotation": {
						"0.0": [5, 0, 0],
						"0.0417": [4.23, 0, 0],
						"0.0833": [3.18, 0, 0],
						"0.125": [1.92, 0, 0],
						"0.1667": [0.56, 0, 0],
						"0.2083": [-0.83, 0, 0],
						"0.25": [-2.14, 0, 0],
						"0.2917": [-3.61, 0, 0],
						"0.3333": [-5.34, 0, 0],
						"0.375": [-7.09, 0, 0],
						"0.4167": [-8.62, 0, 0],
						"0.4583": [-9.67, 0, 0],
						"0.5": [-10, 0, 0],
						"0.5417": [-9.2, 0, 0],
						"0.5833": [-7.38, 0, 0],
						"0.625": [-5.05, 0, 0],
						"0.6667": [-2.68, 0, 0],
						"0.7083": [-0.79, 0, 0],
						"0.75": [0.4, 0, 0],
						"0.7917": [1.72, 0, 0],
						"0.8333": [3.02, 0, 0],
						"0.875": [4.16, 0, 0],
						"0.9167": [4.96, 0, 0],
						"0.9583": [5.3, 0, 0],
						"1.0": [5, 0, 0]
					},
					"position": {
						"0.0": [0, 0, 0],
						"0.0417": [0, 0, 0],
						"0.0833": [0, 0, 0],
						"0.125": [0, 0, 0],
						"0.1667": [0, 0, 0],
						"0.2083": [0, 0, 0],
						"0.25": [0, 0, 0],
						"0.2917": [0, 0, 0],
						"0.3333": [0, 0, 0],
						"0.375": [0, 0, 0],
						"0.4167": [0, 0, 0],
						"0.4583": [0, 0, 0],
						"0.5": [0, 0, 0],
						"0.5417": [0, 0, 0],
						"0.5833": [0, 0, 0],
						"0.625": [0, 0, 0],
						"0.6667": [0, 0, 0],
						"0.7083": [0, 0, 0],
						"0.75": [0, 0, 0],
						"0.7917": [0, 0, 0],
						"0.8333": [0, 0, 0],
						"0.875": [0, 0, 0],
						"0.9167": [0, 0, 0],
						"0.9583": [0, 0, 0],
						"1.0": [0, 0, 0]
					}
				},
				"RightLowerLeg": {
					"rotation": {
						"0.0": [7.5, 0, 0],
						"0.0417": [8.37, 0, 0],
						"0.0833": [9.67, 0, 0],
						"0.125": [11.16, 0, 0],
						"0.1667": [12.6, 0, 0],
						"0.2083": [13.72, 0, 0],
						"0.25": [14.29, 0, 0],
						"0.2917": [14.3, 0, 0],
						"0.3333": [13.93, 0, 0],
						"0.375": [13.26, 0, 0],
						"0.4167": [12.35, 0, 0],
						"0.4583": [11.24, 0, 0],
						"0.5": [10, 0, 0],
						"0.5417": [7.9, 0, 0],
						"0.5833": [5.1, 0, 0],
						"0.625": [2.23, 0, 0],
						"0.6667": [-0.05, 0, 0],
						"0.7083": [-1.12, 0, 0],
						"0.75": [-0.85, 0, 0],
						"0.7917": [0.16, 0, 0],
						"0.8333": [1.65, 0, 0],
						"0.875": [3.37, 0, 0],
						"0.9167": [5.09, 0, 0],
						"0.9583": [6.55, 0, 0],
						"1.0": [7.5, 0, 0]
					},
					"position": {
						"0.0": [0, 0, 0],
						"0.0417": [0, 0, 0],
						"0.0833": [0, 0, 0],
						"0.125": [0, 0, 0],
						"0.1667": [0, 0, 0],
						"0.2083": [0, 0, 0],
						"0.25": [0, 0, 0],
						"0.2917": [0, 0, 0],
						"0.3333": [0, 0, 0],
						"0.375": [0, 0, 0],
						"0.4167": [0, 0, 0],
						"0.4583": [0, 0, 0],
						"0.5": [0, 0, 0],
						"0.5417": [0, 0, 0],
						"0.5833": [0, 0, 0],
						"0.625": [0, 0, 0],
						"0.6667": [0, 0, 0],
						"0.7083": [0, 0, 0],
						"0.75": [0, 0, 0],
						"0.7917": [0, 0, 0],
						"0.8333": [0, 0, 0],
						"0.875": [0, 0, 0],
						"0.9167": [0, 0, 0],
						"0.9583": [0, 0, 0],
						"1.0": [0, 0, 0]
					}
				},
				"RightFoot": {
					"rotation": {
						"0.0": [17.5, 0, 0],
						"0.0417": [18.88, 0, 0],
						"0.0833": [20.88, 0, 0],
						"0.125": [23.24, 0, 0],
						"0.1667": [25.72, 0, 0],
						"0.2083": [28.05, 0, 0],
						"0.25": [30, 0, 0],
						"0.2917": [31.3, 0, 0],
						"0.3333": [32.19, 0, 0],
						"0.375": [32.4, 0, 0],
						"0.4167": [32.05, 0, 0],
						"0.4583": [31.22, 0, 0],
						"0.5": [30, 0, 0],
						"0.5417": [29.31, 0, 0],
						"0.5833": [28.42, 0, 0],
						"0.625": [27.37, 0, 0],
						"0.6667": [26.2, 0, 0],
						"0.7083": [24.95, 0, 0],
						"0.75": [23.67, 0, 0],
						"0.7917": [22.39, 0, 0],
						"0.8333": [21.16, 0, 0],
						"0.875": [20.01, 0, 0],
						"0.9167": [18.99, 0, 0],
						"0.9583": [18.14, 0, 0],
						"1.0": [17.5, 0, 0]
					},
					"position": {
						"0.0": [0, 0, 0],
						"0.0417": [0, 0, 0],
						"0.0833": [0, 0, 0],
						"0.125": [0, 0, 0],
						"0.1667": [0, 0, 0],
						"0.2083": [0, 0, 0],
						"0.25": [0, 0, 0],
						"0.2917": [0, 0, 0],
						"0.3333": [0, 0, 0],
						"0.375": [0, 0, 0],
						"0.4167": [0, 0, 0],
						"0.4583": [0, 0, 0],
						"0.5": [0, 0, 0],
						"0.5417": [0, 0, 0],
						"0.5833": [0, 0, 0],
						"0.625": [0, 0, 0],
						"0.6667": [0, 0, 0],
						"0.7083": [0, 0, 0],
						"0.75": [0, 0, 0],
						"0.7917": [0, 0, 0],
						"0.8333": [0, 0, 0],
						"0.875": [0, 0, 0],
						"0.9167": [0, 0, 0],
						"0.9583": [0, 0, 0],
						"1.0": [0, 0, 0]
					}
				},
				"AllBody": {
					"rotation": [0, 0, 0],
					"position": [0, 0, 0],
					"scale": 1
				},
				"AllHead": {
					"rotation": [0, 0, 0],
					"position": [0, 0, 0]
				},
				"Head": {
					"rotation": {
						"0.0": [0, 0, 0],
						"0.0417": [0.14, 0, 0],
						"0.0833": [0.33, 0, 0],
						"0.125": [0.57, 0, 0],
						"0.1667": [0.83, 0, 0],
						"0.2083": [1.12, 0, 0],
						"0.25": [1.41, 0, 0],
						"0.2917": [1.69, 0, 0],
						"0.3333": [1.94, 0, 0],
						"0.375": [2.17, 0, 0],
						"0.4167": [2.34, 0, 0],
						"0.4583": [2.46, 0, 0],
						"0.5": [2.5, 0, 0],
						"0.5417": [2.46, 0, 0],
						"0.5833": [2.34, 0, 0],
						"0.625": [2.17, 0, 0],
						"0.6667": [1.94, 0, 0],
						"0.7083": [1.69, 0, 0],
						"0.75": [1.41, 0, 0],
						"0.7917": [1.12, 0, 0],
						"0.8333": [0.83, 0, 0],
						"0.875": [0.57, 0, 0],
						"0.9167": [0.33, 0, 0],
						"0.9583": [0.14, 0, 0],
						"1.0": [0, 0, 0]
					},
					"position": [0, 0, 0]
				}
			}
		},
		"boat": {
			"animation_length": 0.375,
			"bones": {
				"Root": {
					"rotation": [-90, 0, 0],
					"position": [0, 18, -15],
					"scale": 1
				},
				"UpBody": {
					"rotation": [120, 0, 0],
					"position": [0, 0, 0]
				},
				"LeftArm": {
					"rotation": [-73.10435, 21.54147, 7.02985],
					"position": [0, 0, 0]
				},
				"LeftForeArm": {
					"rotation": [-15, 0, 0],
					"position": [0, 0, 0]
				},
				"RightArm": {
					"rotation": [-67.86613, -13.40905, -8.34062],
					"position": [0, 0, 0]
				},
				"RightForeArm": {
					"rotation": [-17.5, 0, 0],
					"position": [0, 0, 0]
				},
				"LeftLeg": {
					"rotation": [-116.94935, -9.53966, 79.25409],
					"position": [0, 0, 0]
				},
				"LeftLowerLeg": {
					"rotation": [134.04816, -1.3847, 6.57942],
					"position": [0, 0, 0]
				},
				"LeftFoot": {
					"rotation": [35, 0, 0],
					"position": [0, 0, 0]
				},
				"RightLeg": {
					"rotation": [-126.38356, 19.6835, -79.37242],
					"position": [0, 0, 0]
				},
				"RightLowerLeg": {
					"rotation": [125.02687, -1.91486, -1.60757],
					"position": [0, 0, 0]
				},
				"RightFoot": {
					"rotation": [40, 0, 0],
					"position": [0, 0, 0]
				},
				"AllBody": {
					"rotation": [0, 0, 0],
					"position": [0, 0, 0],
					"scale": 1
				},
				"AllHead": {
					"rotation": [0, 0, 0],
					"position": [0, 0, 0]
				},
				"Head": {
					"rotation": [-27.5, 0, 0],
					"position": [0, 0, 0]
				},
				"DownBody": {
					"rotation": [70, 0, 0]
				},
				"Skirt": {
					"position": [0, 0.9, -2.1]
				},
				"LongHair": {
					"rotation": [12.5, 0, 0]
				},
				"ZhangLang": {
					"rotation": [-30, 0, 0],
					"position": [0, 23, -18]
				}
			}
		},
		"climb": {
			"loop": true,
			"animation_length": 0.66667,
			"bones": {
				"one": {
					"rotation": {
						"0.0": [0, 32.5, 0],
						"0.3333": [0, -10, 0],
						"0.6667": [0, 32.5, 0]
					}
				},
				"one4": {
					"rotation": {
						"0.0": [0, -35, 0],
						"0.3333": [0, 35, 0],
						"0.6667": [0, -35, 0]
					}
				},
				"one6": {
					"rotation": {
						"0.0": [0, -25, 0],
						"0.3333": [0, 47.5, 0],
						"0.6667": [0, -25, 0]
					}
				},
				"one3": {
					"rotation": {
						"0.0": [0, 10, 0],
						"0.3333": [0, -32.5, 0],
						"0.6667": [0, 10, 0]
					}
				},
				"one10": {
					"rotation": {
						"0.0": [0, -35, 0],
						"0.3333": [0, 35, 0],
						"0.6667": [0, -35, 0]
					}
				},
				"one12": {
					"rotation": {
						"0.0": [0, -47.5, 0],
						"0.3333": [0, 25, 0],
						"0.6667": [0, -47.5, 0]
					}
				}
			}
		},
		"climbing": {
			"loop": true,
			"bones": {
				"Root": {
					"rotation": [90, 0, 0],
					"position": [0, 2, 19],
					"scale": 1
				},
				"UpBody": {
					"rotation": [0, 0, "ysm.head_yaw"],
					"position": [0, 0, 0]
				},
				"LeftArm": {
					"rotation": [0, 0, -145],
					"position": [0, 0, 0]
				},
				"LeftForeArm": {
					"rotation": [0, 0, -60],
					"position": [0, 0, 0]
				},
				"RightArm": {
					"rotation": [0, 0, 145],
					"position": [0, 0, 0]
				},
				"RightForeArm": {
					"rotation": [0, 0, 60],
					"position": [0, 0, 0]
				},
				"LeftLeg": {
					"rotation": [-20, -60, 0],
					"position": [0, 0, 0]
				},
				"LeftLowerLeg": {
					"rotation": {
						"0.0": {
							"post": [30, 0, 0],
							"lerp_mode": "catmullrom"
						}
					},
					"position": [0, 0, 0]
				},
				"LeftFoot": {
					"rotation": [45, 0, 0],
					"position": [0, 0, 0]
				},
				"RightLeg": {
					"rotation": [-2.5, -2.5, 0],
					"position": [0, 0, 0]
				},
				"RightLowerLeg": {
					"rotation": {
						"0.0": {
							"post": [5, 0, 0],
							"lerp_mode": "catmullrom"
						}
					},
					"position": [0, 0, 0]
				},
				"RightFoot": {
					"rotation": [45, 0, 0],
					"position": [0, 0, 0]
				},
				"AllBody": {
					"rotation": [0, 0, 0],
					"position": [0, 0, 2],
					"scale": 1
				},
				"AllHead": {
					"rotation": [0, 0, 0],
					"position": [0, 0, 0]
				},
				"Head": {
					"rotation": [-90, "ysm.head_yaw", 0],
					"position": [0, 0, 0]
				},
				"LongHair": {
					"rotation": [102.5, 0, 0]
				},
				"DownBody": {
					"rotation": [-4, -11, 10]
				},
				"long_h1": {
					"rotation": [90, 0, 0]
				}
			}
		},
		"use_mainhand": {
			"animation_length": 0.375,
			"bones": {
				"RightArm": {
					"rotation": {
						"0.0": [0, 0, 0],
						"0.0833": [3.52, 1.12, 18.13],
						"0.125": [-7.5, 0, 35],
						"0.2083": [-43.79, -17.87, 24.92],
						"0.25": [-45.07, -31.77, 9.3],
						"0.2917": [-22.62, -16.75, 3.67],
						"0.375": [0, 0, 0]
					}
				},
				"RightForeArm": {
					"rotation": {
						"0.0": [0, 0, 0],
						"0.0417": [-17.97, 0, 0],
						"0.0833": [-122.5, 0, 0],
						"0.2083": [-76.22, 0, 0],
						"0.25": [-15, 0, 0],
						"0.2917": [-0.78, 0, 0],
						"0.375": [0, 0, 0]
					}
				},
				"RightHandLocatorX": {
					"rotation": {
						"0.0": [0, 0, 0],
						"0.125": [25, 0, 0],
						"0.375": [0, 0, 0]
					}
				},
				"one5": {
					"rotation": {
						"0.0": [0, 0, 0],
						"0.125": [0, -17.5, -25],
						"0.375": [0, 0, 0]
					}
				}
			}
		},
		"use_offhand": {
			"animation_length": 0.375,
			"bones": {
				"LeftArm": {
					"rotation": {
						"0.0": [0, 0, 0],
						"0.0833": [3.52, -1.12, -18.13],
						"0.125": [-7.5, 0, -35],
						"0.2083": [-43.79, 17.87, -24.92],
						"0.25": [-45.07, 31.77, -9.3],
						"0.2917": [-22.62, 16.75, -3.67],
						"0.375": [0, 0, 0]
					}
				},
				"LeftForeArm": {
					"rotation": {
						"0.0": [0, 0, 0],
						"0.0833": [-17.97, 0, 0],
						"0.125": [-122.5, 0, 0],
						"0.2083": [-76.22, 0, 0],
						"0.25": [-15, 0, 0],
						"0.2917": [-0.78, 0, 0],
						"0.375": [0, 0, 0]
					}
				},
				"LeftHandLocatorX": {
					"rotation": {
						"0.0": [0, 0, 0],
						"0.125": [25, 0, 0],
						"0.375": [0, 0, 0]
					}
				},
				"one2": {
					"rotation": {
						"0.0": [0, 0, 0],
						"0.125": [0, 17.5, 25],
						"0.375": [0, 0, 0]
					}
				}
			}
		},
		"swing_hand": {
			"animation_length": 0.375,
			"bones": {
				"RightArm": {
					"rotation": {
						"0.0": [0, 0, 0],
						"0.0833": [3.52, 1.12, 18.13],
						"0.125": [-7.5, 0, 35],
						"0.2083": [-43.79, -17.87, 24.92],
						"0.25": [-45.07, -31.77, 9.3],
						"0.2917": [-22.62, -16.75, 3.67],
						"0.375": [0, 0, 0]
					}
				},
				"RightForeArm": {
					"rotation": {
						"0.0": [0, 0, 0],
						"0.0417": [-17.97, 0, 0],
						"0.0833": [-122.5, 0, 0],
						"0.2083": [-76.22, 0, 0],
						"0.25": [-15, 0, 0],
						"0.2917": [-0.78, 0, 0],
						"0.375": [0, 0, 0]
					}
				}
			}
		},
		"parallel0": {
			"loop": true,
			"animation_length": 0.375,
			"bones": {
				"LeftEyebrow": {
					"position": [0, "ysm.is_close_eyes ? -1 : 0", 0]
				},
				"RightEyebrow": {
					"position": [0, "ysm.is_close_eyes ? -1 : 0", 0]
				},
				"long_h1": {
					"rotation": ["(ysm.head_pitch>0)?(0.9*ysm.head_pitch):(0.2*ysm.head_pitch)", 0, 0]
				}
			}
		},
		"parallel1": {
			"loop": true,
			"bones": {
				"RightEyesBase": {
					"position": ["ysm.head_yaw/180", "ysm.head_pitch/360", 0]
				},
				"LeftEyesBase": {
					"position": ["ysm.head_yaw/180", "ysm.head_pitch/360", 0]
				}
			}
		},
		"parallel2": {
			"loop": true
		},
		"parallel3": {
			"loop": true,
			"bones": {
				"LongHead": {
					"rotation": [0, 0, 0]
				}
			}
		},
		"parallel4": {
			"loop": true
		},
		"parallel5": {
			"loop": true
		},
		"parallel6": {
			"loop": true
		},
		"parallel7": {
			"loop": true
		},
		"pre_parallel0": {
			"loop": true,
			"animation_length": 0.6667,
			"bones": {
				"LeftBian": {
					"rotation": {
						"0.0": [0, 0, 0],
						"0.5": [0, 12.5, 0],
						"0.6667": [0, 0, 0]
					}
				},
				"RightBian": {
					"rotation": {
						"0.0": [0, 0, 0],
						"0.375": [0, -10, 0],
						"0.6667": [0, 0, 0]
					}
				},
				"bone4": {
					"scale": 0
				},
				"bone2": {
					"scale": 0
				},
				"LeftHandLocator": {
					"scale": 0.5
				},
				"RightHandLocator": {
					"scale": 0.5
				}
			}
		},
		"pre_parallel1": {
			"loop": true
		},
		"pre_parallel2": {
			"loop": true
		},
		"pre_parallel3": {
			"loop": true
		},
		"pre_parallel4": {
			"loop": true
		},
		"pre_parallel5": {
			"loop": true
		},
		"pre_parallel6": {
			"loop": true
		},
		"pre_parallel7": {
			"loop": true
		}
	},
	"geckolib_format_version": 2
}