{
	"format_version": "1.19.0",
	"animation_controllers": {
		"player.pre_parallel_0": {
			"states": {
				"default": {
					"animations": ["hair_physics", "pre_parallel1", "pre_parallel2", "pre_parallel3", "pre_parallel4", "pre_parallel5", "pre_parallel6", "pre_parallel7"]
				}
			}
		},
		"player.pre_parallel_1": {
			"states": {
				"default": {
					"animations": []
				}
			}
		},
		"player.pre_parallel_2": {
			"states": {
				"default": {
					"animations": []
				}
			}
		},
		"player.pre_parallel_3": {
			"states": {
				"default": {
					"animations": []
				}
			}
		},
		"player.pre_parallel_4": {
			"states": {
				"default": {
					"animations": []
				}
			}
		},
		"player.pre_parallel_5": {
			"states": {
				"default": {
					"animations": []
				}
			}
		},
		"player.pre_parallel_6": {
			"states": {
				"default": {
					"animations": []
				}
			}
		},
		"player.pre_parallel_7": {
			"states": {
				"default": {
					"animations": []
				}
			}
		},
		"player.parallel_0": {
			"states": {
				"default": {
					"animations": ["parallel0", "parallel1", "parallel2", "parallel3", "parallel4", "parallel5", "parallel6", "parallel7"]
				}
			}
		},
		"player.parallel_1": {
			"states": {
				"default": {
					"animations": ["attack_empty"],
					"on_exit": ["v.swing_sword=0;v.attack=math.mod(v.attack+1,3);"],
					"transitions": [
						{"attack1": "v.swing_sword&&v.attack==0&&!v.jump"},
						{"attack2": "v.swing_sword&&v.attack==1&&!v.jump"},
						{"attack3": "v.swing_sword&&v.attack==2&&!v.jump"},
						{"attack_jump": "v.swing_sword&&v.jump"}
					]
				},
				"attack1": {
					"animations": [
						{"sword_attack_01": "!ctrl.idle"},
						{"sword_idle_attack_01": "ctrl.idle"}
					],
					"on_exit": ["v.swing_sword=0;v.attack=math.mod(v.attack+1,3);"],
					"transitions": [
						{"attack2": "v.swing_sword&&v.attack==1&&!v.jump"},
						{"default": "q.all_animations_finished"},
						{"attack_jump": "v.swing_sword&&v.jump"}
					],
					"blend_transition": 0.05,
					"blend_via_shortest_path": true
				},
				"attack2": {
					"animations": [
						{"sword_attack_02": "!ctrl.idle"},
						{"sword_idle_attack_02": "ctrl.idle"}
					],
					"on_exit": ["v.swing_sword=0;v.attack=math.mod(v.attack+1,3);"],
					"transitions": [
						{"attack3": "v.swing_sword&&v.attack==2&&!v.jump"},
						{"default": "q.all_animations_finished"},
						{"attack_jump": "v.swing_sword&&v.jump"}
					],
					"blend_transition": 0.05,
					"blend_via_shortest_path": true
				},
				"attack3": {
					"animations": [
						{"sword_attack_03": "!ctrl.idle"},
						{"sword_idle_attack_03": "ctrl.idle"}
					],
					"on_exit": ["v.swing_sword=0;v.attack=math.mod(v.attack+1,3);"],
					"transitions": [
						{"default": "q.all_animations_finished"},
						{"attack1": "v.swing_sword&&v.attack==0&&!v.jump"},
						{"attack_jump": "v.swing_sword&&v.jump"}
					],
					"blend_transition": {
						"0.0": 1,
						"0.0056": 0.96985,
						"0.0111": 0.88302,
						"0.0167": 0.75,
						"0.0222": 0.58682,
						"0.0278": 0.41318,
						"0.0333": 0.25,
						"0.0389": 0.11698,
						"0.0445": 0.03015,
						"0.05": 0
					},
					"blend_via_shortest_path": true
				},
				"attack_jump": {
					"animations": ["sword_jump_attack"],
					"on_exit": ["v.swing_sword=0;v.attack=math.mod(v.attack+1,3);"],
					"transitions": [
						{"default": "q.all_animations_finished"},
						{"attack1": "v.swing_sword&&!v.jump"}
					],
					"blend_transition": 0.05,
					"blend_via_shortest_path": true
				}
			}
		},
		"player.parallel_2": {
			"states": {
				"default": {
					"animations": []
				}
			}
		},
		"player.parallel_3": {
			"states": {
				"default": {
					"animations": []
				}
			}
		},
		"player.parallel_4": {
			"states": {
				"default": {
					"animations": []
				}
			}
		},
		"player.parallel_5": {
			"states": {
				"default": {
					"animations": []
				}
			}
		},
		"player.parallel_6": {
			"states": {
				"default": {
					"animations": []
				}
			}
		},
		"player.parallel_7": {
			"states": {
				"default": {
					"animations": []
				}
			}
		},
		"player.hold_mainhand": {
			"states": {
				"default": {
					"animations": ["hold_mainhand:empty"],
					"transitions": [
						{"sword": "ctrl.hold('mainhand', ':sword')"},
						{"bow": "ctrl.hold('mainhand', ':bow')"},
						{"shield": "ctrl.hold('mainhand', ':shield')"},
						{"spear": "ctrl.hold('mainhand', ':spear')"},
						{"pickaxe": "ctrl.hold('mainhand', ':pickaxe')||ctrl.hold('mainhand', ':shovel')||ctrl.hold('mainhand', ':hoe')"},
						{"axe": "ctrl.hold('mainhand', ':axe')"},
						{"mace": "ctrl.hold('mainhand', '$minecraft:mace')"}
					],
					"blend_transition": {
						"0.0": 1,
						"0.0333": 0.96571,
						"0.0667": 0.8738,
						"0.1": 0.74074,
						"0.1333": 0.58299,
						"0.1667": 0.41701,
						"0.2": 0.25926,
						"0.2333": 0.1262,
						"0.2667": 0.03429,
						"0.3": 0
					}
				},
				"temp": {
					"animations": ["hold_mainhand:empty"],
					"transitions": [
						{"default": "!(ctrl.hold('mainhand', ':bow')||ctrl.hold('mainhand', ':crossbow')||ctrl.hold('mainhand', ':pickaxe')||ctrl.hold('mainhand', ':shovel')||ctrl.hold('mainhand', ':hoe')||ctrl.hold('mainhand', ':axe'))"}
					]
				},
				"sword": {
					"animations": ["hold_mainhand:sword"],
					"transitions": [
						{"sword_end": "q.all_animations_finished"}
					]
				},
				"sword_end": {
					"animations": ["hold_mainhand:sword_end"],
					"transitions": [
						{"default": "!ctrl.hold('mainhand', ':sword')"}
					]
				},
				"bow": {
					"animations": ["hold_mainhand:bow"],
					"transitions": [
						{"temp": "q.all_animations_finished"}
					],
					"blend_transition": {
						"0.0": 1,
						"0.0333": 0.96571,
						"0.0667": 0.8738,
						"0.1": 0.74074,
						"0.1333": 0.58299,
						"0.1667": 0.41701,
						"0.2": 0.25926,
						"0.2333": 0.1262,
						"0.2667": 0.03429,
						"0.3": 0
					}
				},
				"shield": {
					"animations": ["hold_mainhand:shield"],
					"transitions": [
						{"shield_end": "q.all_animations_finished"}
					]
				},
				"shield_end": {
					"animations": ["hold_mainhand:shield_end"],
					"transitions": [
						{"default": "!ctrl.hold('mainhand', ':shield')"}
					]
				},
				"spear": {
					"animations": ["hold_mainhand:spear"],
					"transitions": [
						{"spear_not_idle": "q.all_animations_finished"}
					],
					"blend_transition": {
						"0.0": 1,
						"0.0333": 0.96571,
						"0.0667": 0.8738,
						"0.1": 0.74074,
						"0.1333": 0.58299,
						"0.1667": 0.41701,
						"0.2": 0.25926,
						"0.2333": 0.1262,
						"0.2667": 0.03429,
						"0.3": 0
					}
				},
				"spear_idle": {
					"animations": ["hold_mainhand:spear_idle"],
					"transitions": [
						{"default": "!ctrl.hold('mainhand', ':spear')"},
						{"spear_not_idle": "!ctrl.idle"}
					],
					"blend_transition": {
						"0.0": 1,
						"0.0333": 0.96571,
						"0.0667": 0.8738,
						"0.1": 0.74074,
						"0.1333": 0.58299,
						"0.1667": 0.41701,
						"0.2": 0.25926,
						"0.2333": 0.1262,
						"0.2667": 0.03429,
						"0.3": 0
					}
				},
				"spear_not_idle": {
					"animations": ["hold_mainhand:spear_not_idle"],
					"transitions": [
						{"default": "!ctrl.hold('mainhand', ':spear')"},
						{"spear_idle": "ctrl.idle"}
					],
					"blend_transition": {
						"0.0": 1,
						"0.0333": 0.96571,
						"0.0667": 0.8738,
						"0.1": 0.74074,
						"0.1333": 0.58299,
						"0.1667": 0.41701,
						"0.2": 0.25926,
						"0.2333": 0.1262,
						"0.2667": 0.03429,
						"0.3": 0
					}
				},
				"pickaxe": {
					"animations": ["hold_mainhand:pickaxe"],
					"transitions": [
						{"default": "!(ctrl.hold('mainhand', ':pickaxe')||ctrl.hold('mainhand', ':shovel')||ctrl.hold('mainhand', ':hoe'))"},
						{"temp": "q.all_animations_finished"}
					]
				},
				"axe": {
					"animations": ["hold_mainhand:axe"],
					"transitions": [
						{"default": "!ctrl.hold('mainhand', ':axe')"},
						{"temp": "q.all_animations_finished"}
					]
				},
				"mace": {
					"animations": ["hold_mainhand$minecraft:mace"],
					"transitions": [
						{"default": "!ctrl.hold('mainhand', '$minecraft:mace')"},
						{"mace_end": "q.all_animations_finished"}
					]
				},
				"mace_end": {
					"animations": ["hold_mainhand$minecraft:mace_end"],
					"transitions": [
						{"default": "!ctrl.hold('mainhand', '$minecraft:mace')"}
					]
				}
			}
		},
		"player.hold_offhand": {
			"states": {
				"default": {
					"animations": ["hold_offhand:empty"],
					"transitions": [
						{"sword": "ctrl.hold('offhand', ':sword')"},
						{"bow": "ctrl.hold('offhand', ':bow')"},
						{"shield": "ctrl.hold('offhand', ':shield')"},
						{"spear": "ctrl.hold('offhand', ':spear')"},
						{"pickaxe": "ctrl.hold('offhand', ':pickaxe')||ctrl.hold('offhand', ':shovel')||ctrl.hold('offhand', ':hoe')"},
						{"axe": "ctrl.hold('offhand', ':axe')"},
						{"mace": "ctrl.hold('offhand', '$minecraft:mace')"}
					],
					"blend_transition": {
						"0.0": 1,
						"0.0333": 0.96571,
						"0.0667": 0.8738,
						"0.1": 0.74074,
						"0.1333": 0.58299,
						"0.1667": 0.41701,
						"0.2": 0.25926,
						"0.2333": 0.1262,
						"0.2667": 0.03429,
						"0.3": 0
					},
					"blend_via_shortest_path": true
				},
				"temp": {
					"animations": ["hold_offhand:sword"],
					"transitions": [
						{"default": "!(ctrl.hold('offhand', ':bow')||ctrl.hold('offhand', ':crossbow')||ctrl.hold('offhand', ':shield')||ctrl.hold('offhand', ':pickaxe')||ctrl.hold('offhand', ':shovel')||ctrl.hold('offhand', ':hoe')||ctrl.hold('offhand', ':axe'))"},
						{"shield_end": "(ctrl.idle||ctrl.walk)&&ctrl.hold('offhand', ':shield')"},
						{"mace_end": "ctrl.idle&&ctrl.hold('offhand', 'minecraft:mace')"}
					]
				},
				"sword": {
					"animations": ["hold_offhand:sword"],
					"transitions": [
						{"sword_idle": "q.all_animations_finished"}
					]
				},
				"sword_idle": {
					"animations": ["hold_offhand:sword_idle"],
					"transitions": [
						{"default": "!ctrl.hold('offhand', ':sword')"},
						{"sword_not_idle": "!ctrl.idle"}
					],
					"blend_transition": {
						"0.0": 1,
						"0.0333": 0.96571,
						"0.0667": 0.8738,
						"0.1": 0.74074,
						"0.1333": 0.58299,
						"0.1667": 0.41701,
						"0.2": 0.25926,
						"0.2333": 0.1262,
						"0.2667": 0.03429,
						"0.3": 0
					}
				},
				"sword_not_idle": {
					"animations": ["hold_offhand:sword_not_idle"],
					"transitions": [
						{"default": "!ctrl.hold('offhand', ':sword')"},
						{"sword_idle": "ctrl.idle"}
					],
					"blend_transition": {
						"0.0": 1,
						"0.0333": 0.96571,
						"0.0667": 0.8738,
						"0.1": 0.74074,
						"0.1333": 0.58299,
						"0.1667": 0.41701,
						"0.2": 0.25926,
						"0.2333": 0.1262,
						"0.2667": 0.03429,
						"0.3": 0
					}
				},
				"bow": {
					"animations": ["hold_offhand:bow"],
					"transitions": [
						{"temp": "q.all_animations_finished"}
					],
					"blend_transition": {
						"0.0": 1,
						"0.0333": 0.96571,
						"0.0667": 0.8738,
						"0.1": 0.74074,
						"0.1333": 0.58299,
						"0.1667": 0.41701,
						"0.2": 0.25926,
						"0.2333": 0.1262,
						"0.2667": 0.03429,
						"0.3": 0
					}
				},
				"shield": {
					"animations": ["hold_offhand:shield"],
					"transitions": [
						{"shield_end": "q.all_animations_finished"}
					]
				},
				"shield_end": {
					"animations": ["hold_offhand:shield_end"],
					"transitions": [
						{"default": "!ctrl.hold('offhand', ':shield')"},
						{"temp": "!(ctrl.idle||ctrl.walk)"}
					]
				},
				"spear": {
					"animations": ["hold_offhand:spear"],
					"transitions": [
						{"spear_not_idle": "q.all_animations_finished"}
					],
					"blend_transition": {
						"0.0": 1,
						"0.0333": 0.96571,
						"0.0667": 0.8738,
						"0.1": 0.74074,
						"0.1333": 0.58299,
						"0.1667": 0.41701,
						"0.2": 0.25926,
						"0.2333": 0.1262,
						"0.2667": 0.03429,
						"0.3": 0
					}
				},
				"spear_idle": {
					"animations": ["hold_mainhand:spear_idle"],
					"transitions": [
						{"default": "!ctrl.hold('mainhand', ':spear')"},
						{"spear_not_idle": "!ctrl.idle"}
					],
					"blend_transition": {
						"0.0": 1,
						"0.0333": 0.96571,
						"0.0667": 0.8738,
						"0.1": 0.74074,
						"0.1333": 0.58299,
						"0.1667": 0.41701,
						"0.2": 0.25926,
						"0.2333": 0.1262,
						"0.2667": 0.03429,
						"0.3": 0
					}
				},
				"spear_not_idle": {
					"animations": ["hold_mainhand:spear_not_idle"],
					"transitions": [
						{"default": "!ctrl.hold('mainhand', ':spear')"},
						{"spear_idle": "ctrl.idle"}
					],
					"blend_transition": {
						"0.0": 1,
						"0.0333": 0.96571,
						"0.0667": 0.8738,
						"0.1": 0.74074,
						"0.1333": 0.58299,
						"0.1667": 0.41701,
						"0.2": 0.25926,
						"0.2333": 0.1262,
						"0.2667": 0.03429,
						"0.3": 0
					}
				},
				"pickaxe": {
					"animations": ["hold_offhand:pickaxe"],
					"transitions": [
						{"default": "!(ctrl.hold('mainhand', ':pickaxe')||ctrl.hold('mainhand', ':shovel')||ctrl.hold('mainhand', ':hoe'))"},
						{"temp": "q.all_animations_finished"}
					]
				},
				"axe": {
					"animations": ["hold_offhand:axe"],
					"transitions": [
						{"default": "!ctrl.hold('mainhand', ':axe')"},
						{"temp": "q.all_animations_finished"}
					]
				},
				"mace": {
					"animations": ["hold_mainhand$minecraft:mace"],
					"transitions": [
						{"default": "!ctrl.hold('mainhand', '$minecraft:mace')"},
						{"mace_end": "q.all_animations_finished"}
					]
				},
				"mace_end": {
					"animations": ["hold_offhand$minecraft:mace_end"],
					"transitions": [
						{"default": "!ctrl.hold('mainhand', '$minecraft:mace')"},
						{"temp": "!ctrl.idle"}
					]
				}
			}
		}
	}
}