{
	"format_version": "1.12.0",
	"minecraft:geometry": [
		{
			"description": {
				"identifier": "geometry.unknown",
				"texture_width": 256,
				"texture_height": 256,
				"visible_bounds_width": 3,
				"visible_bounds_height": 4.5,
				"visible_bounds_offset": [0, 1.75, 0]
			},
			"bones": [
				{
					"name": "Arm",
					"pivot": [-0.19, 28.01125, 0]
				},
				{
					"name": "RightArm",
					"parent": "Arm",
					"pivot": [-1.1925, 27.87375, 0],
					"cubes": [
						{
							"origin": [-3.59125, 25.855, -1.425],
							"size": [2.8975, 2.47, 2.85],
							"pivot": [-1.88125, 27.92125, 0],
							"rotation": [0, 0, -32.25],
							"uv": {
								"north": {"uv": [21, 79], "uv_size": [3, 3]},
								"east": {"uv": [79, 27], "uv_size": [3, 3]},
								"south": {"uv": [33, 79], "uv_size": [3, 3]},
								"west": {"uv": [37, 79], "uv_size": [3, 3]},
								"up": {"uv": [41, 79], "uv_size": [3, 3]},
								"down": {"uv": [45, 82], "uv_size": [3, -3]}
							}
						},
						{
							"origin": [-3.3775, 22.055, -1.615],
							"size": [3.0875, 5.035, 3.23],
							"uv": {
								"north": {"uv": [37, 0], "uv_size": [3, 5]},
								"east": {"uv": [33, 66], "uv_size": [3, 5]},
								"south": {"uv": [47, 66], "uv_size": [3, 5]},
								"west": {"uv": [51, 66], "uv_size": [3, 5]},
								"up": {"uv": [79, 49], "uv_size": [3, 3]},
								"down": {"uv": [52, 82], "uv_size": [3, -3]}
							}
						},
						{
							"origin": [-3.14, 21.36625, -1.045],
							"size": [2.4225, 1.9, 2.09],
							"uv": {
								"north": {"uv": [56, 91], "uv_size": [3, 2]},
								"east": {"uv": [96, 53], "uv_size": [2, 2]},
								"south": {"uv": [91, 83], "uv_size": [3, 2]},
								"west": {"uv": [68, 96], "uv_size": [2, 2]},
								"up": {"uv": [91, 86], "uv_size": [3, 2]},
								"down": {"uv": [91, 91], "uv_size": [3, -2]}
							}
						},
						{
							"origin": [-3.1875, 21.31875, -1.06875],
							"size": [2.565, 1.9475, 2.185],
							"uv": {
								"north": {"uv": [92, 13], "uv_size": [3, 2]},
								"east": {"uv": [96, 77], "uv_size": [2, 2]},
								"south": {"uv": [92, 16], "uv_size": [3, 2]},
								"west": {"uv": [86, 96], "uv_size": [2, 2]},
								"up": {"uv": [92, 24], "uv_size": [3, 2]},
								"down": {"uv": [33, 94], "uv_size": [3, -2]}
							}
						}
					]
				},
				{
					"name": "RightForeArm",
					"parent": "RightArm",
					"pivot": [-1.88125, 22.22125, 0.02375],
					"cubes": [
						{
							"origin": [-3.40125, 17.75625, -1.73375],
							"size": [3.2775, 4.75, 3.515],
							"uv": {
								"north": {"uv": [60, 66], "uv_size": [3, 5]},
								"east": {"uv": [22, 55], "uv_size": [4, 5]},
								"south": {"uv": [64, 66], "uv_size": [3, 5]},
								"west": {"uv": [27, 55], "uv_size": [4, 5]},
								"up": {"uv": [26, 71], "uv_size": [3, 4]},
								"down": {"uv": [41, 75], "uv_size": [3, -4]}
							}
						},
						{
							"origin": [-3.40125, 16.735, -1.49625],
							"size": [3.04, 1.9, 3.04],
							"uv": {
								"north": {"uv": [93, 0], "uv_size": [3, 2]},
								"east": {"uv": [22, 93], "uv_size": [3, 2]},
								"south": {"uv": [26, 93], "uv_size": [3, 2]},
								"west": {"uv": [51, 93], "uv_size": [3, 2]},
								"up": {"uv": [83, 53], "uv_size": [3, 3]},
								"down": {"uv": [60, 86], "uv_size": [3, -3]}
							}
						},
						{
							"origin": [-2.54625, 17.4, -1.805],
							"size": [2.44625, 0.95, 3.61],
							"uv": {
								"north": {"uv": [108, 24], "uv_size": [3, 1]},
								"east": {"uv": [103, 5], "uv_size": [4, 1]},
								"south": {"uv": [108, 35], "uv_size": [3, 1]},
								"west": {"uv": [103, 35], "uv_size": [4, 1]},
								"up": {"uv": [72, 61], "uv_size": [3, 4]},
								"down": {"uv": [64, 76], "uv_size": [3, -4]}
							}
						},
						{
							"origin": [-3.54375, 17.32875, -1.82875],
							"size": [1.9, 3.895, 3.68125],
							"pivot": [-1.88125, 20.13125, 0.02375],
							"rotation": [0, 0, 17.75],
							"uv": {
								"north": {"uv": [88, 85], "uv_size": [2, 4]},
								"east": {"uv": [65, 31], "uv_size": [4, 4]},
								"south": {"uv": [7, 89], "uv_size": [2, 4]},
								"west": {"uv": [5, 66], "uv_size": [4, 4]},
								"up": {"uv": [89, 14], "uv_size": [2, 4]},
								"down": {"uv": [75, 93], "uv_size": [2, -4]}
							}
						},
						{
							"origin": [-3.30625, 15.57125, -1.40125],
							"size": [2.85, 6.65, 2.85],
							"uv": {
								"north": {"uv": [54, 20], "uv_size": [3, 7]},
								"east": {"uv": [54, 52], "uv_size": [3, 7]},
								"south": {"uv": [14, 55], "uv_size": [3, 7]},
								"west": {"uv": [18, 55], "uv_size": [3, 7]},
								"up": {"uv": [79, 53], "uv_size": [3, 3]},
								"down": {"uv": [79, 64], "uv_size": [3, -3]}
							}
						}
					]
				},
				{
					"name": "RightHand",
					"parent": "RightForeArm",
					"pivot": [-1.88125, 16.99625, 0.02375],
					"cubes": [
						{
							"origin": [-2.35625, 16.52125, -0.45125],
							"size": [0.95, 0.95, 0.95],
							"uv": {
								"north": {"uv": [12, 117], "uv_size": [1, 1]},
								"east": {"uv": [117, 15], "uv_size": [1, 1]},
								"south": {"uv": [16, 117], "uv_size": [1, 1]},
								"west": {"uv": [18, 117], "uv_size": [1, 1]},
								"up": {"uv": [20, 117], "uv_size": [1, 1]},
								"down": {"uv": [25, 118], "uv_size": [1, -1]}
							}
						}
					]
				},
				{
					"name": "RightHandLocator",
					"parent": "RightHand",
					"pivot": [-1.88125, 16.99625, 0.02375],
					"cubes": [
						{
							"origin": [-2.35625, 16.52125, -0.45125],
							"size": [0.95, 0.95, 0.95],
							"uv": {
								"north": {"uv": [117, 26], "uv_size": [1, 1]},
								"east": {"uv": [117, 28], "uv_size": [1, 1]},
								"south": {"uv": [32, 117], "uv_size": [1, 1]},
								"west": {"uv": [39, 117], "uv_size": [1, 1]},
								"up": {"uv": [41, 117], "uv_size": [1, 1]},
								"down": {"uv": [51, 118], "uv_size": [1, -1]}
							}
						}
					]
				},
				{
					"name": "LeftArm",
					"parent": "Arm",
					"pivot": [1.1925, 27.87375, 0],
					"cubes": [
						{
							"origin": [0.69375, 25.855, -1.425],
							"size": [2.8975, 2.47, 2.85],
							"pivot": [1.88125, 27.92125, 0],
							"rotation": [0, 0, 32.25],
							"uv": {
								"north": {"uv": [24, 79], "uv_size": [-3, 3]},
								"east": {"uv": [40, 79], "uv_size": [-3, 3]},
								"south": {"uv": [36, 79], "uv_size": [-3, 3]},
								"west": {"uv": [82, 27], "uv_size": [-3, 3]},
								"up": {"uv": [44, 79], "uv_size": [-3, 3]},
								"down": {"uv": [48, 82], "uv_size": [-3, -3]}
							}
						},
						{
							"origin": [0.29, 22.055, -1.615],
							"size": [3.0875, 5.035, 3.23],
							"uv": {
								"north": {"uv": [40, 0], "uv_size": [-3, 5]},
								"east": {"uv": [54, 66], "uv_size": [-3, 5]},
								"south": {"uv": [50, 66], "uv_size": [-3, 5]},
								"west": {"uv": [36, 66], "uv_size": [-3, 5]},
								"up": {"uv": [82, 49], "uv_size": [-3, 3]},
								"down": {"uv": [55, 82], "uv_size": [-3, -3]}
							}
						},
						{
							"origin": [0.7175, 21.36625, -1.045],
							"size": [2.4225, 1.9, 2.09],
							"uv": {
								"north": {"uv": [59, 91], "uv_size": [-3, 2]},
								"east": {"uv": [70, 96], "uv_size": [-2, 2]},
								"south": {"uv": [94, 83], "uv_size": [-3, 2]},
								"west": {"uv": [98, 53], "uv_size": [-2, 2]},
								"up": {"uv": [94, 86], "uv_size": [-3, 2]},
								"down": {"uv": [94, 91], "uv_size": [-3, -2]}
							}
						},
						{
							"origin": [0.6225, 21.31875, -1.06875],
							"size": [2.565, 1.9475, 2.185],
							"uv": {
								"north": {"uv": [95, 13], "uv_size": [-3, 2]},
								"east": {"uv": [88, 96], "uv_size": [-2, 2]},
								"south": {"uv": [95, 16], "uv_size": [-3, 2]},
								"west": {"uv": [98, 77], "uv_size": [-2, 2]},
								"up": {"uv": [95, 24], "uv_size": [-3, 2]},
								"down": {"uv": [36, 94], "uv_size": [-3, -2]}
							}
						}
					]
				},
				{
					"name": "LeftForeArm",
					"parent": "LeftArm",
					"pivot": [1.88125, 22.22125, 0.02375],
					"cubes": [
						{
							"origin": [0.12375, 17.75625, -1.73375],
							"size": [3.2775, 4.75, 3.515],
							"uv": {
								"north": {"uv": [63, 66], "uv_size": [-3, 5]},
								"east": {"uv": [31, 55], "uv_size": [-4, 5]},
								"south": {"uv": [67, 66], "uv_size": [-3, 5]},
								"west": {"uv": [26, 55], "uv_size": [-4, 5]},
								"up": {"uv": [29, 71], "uv_size": [-3, 4]},
								"down": {"uv": [44, 75], "uv_size": [-3, -4]}
							}
						},
						{
							"origin": [0.36125, 16.735, -1.49625],
							"size": [3.04, 1.9, 3.04],
							"uv": {
								"north": {"uv": [96, 0], "uv_size": [-3, 2]},
								"east": {"uv": [54, 93], "uv_size": [-3, 2]},
								"south": {"uv": [29, 93], "uv_size": [-3, 2]},
								"west": {"uv": [25, 93], "uv_size": [-3, 2]},
								"up": {"uv": [86, 53], "uv_size": [-3, 3]},
								"down": {"uv": [63, 86], "uv_size": [-3, -3]}
							}
						},
						{
							"origin": [0.1, 17.4, -1.805],
							"size": [2.44625, 0.95, 3.61],
							"uv": {
								"north": {"uv": [111, 24], "uv_size": [-3, 1]},
								"east": {"uv": [107, 35], "uv_size": [-4, 1]},
								"south": {"uv": [111, 35], "uv_size": [-3, 1]},
								"west": {"uv": [107, 5], "uv_size": [-4, 1]},
								"up": {"uv": [75, 61], "uv_size": [-3, 4]},
								"down": {"uv": [67, 76], "uv_size": [-3, -4]}
							}
						},
						{
							"origin": [1.64375, 17.32875, -1.82875],
							"size": [1.9, 3.895, 3.68125],
							"pivot": [1.88125, 20.13125, 0.02375],
							"rotation": [0, 0, -17.75],
							"uv": {
								"north": {"uv": [90, 85], "uv_size": [-2, 4]},
								"east": {"uv": [9, 66], "uv_size": [-4, 4]},
								"south": {"uv": [9, 89], "uv_size": [-2, 4]},
								"west": {"uv": [69, 31], "uv_size": [-4, 4]},
								"up": {"uv": [91, 14], "uv_size": [-2, 4]},
								"down": {"uv": [77, 93], "uv_size": [-2, -4]}
							}
						},
						{
							"origin": [0.45625, 15.57125, -1.40125],
							"size": [2.85, 6.65, 2.85],
							"uv": {
								"north": {"uv": [57, 20], "uv_size": [-3, 7]},
								"east": {"uv": [21, 55], "uv_size": [-3, 7]},
								"south": {"uv": [17, 55], "uv_size": [-3, 7]},
								"west": {"uv": [57, 52], "uv_size": [-3, 7]},
								"up": {"uv": [82, 53], "uv_size": [-3, 3]},
								"down": {"uv": [82, 64], "uv_size": [-3, -3]}
							}
						}
					]
				},
				{
					"name": "LeftHand",
					"parent": "LeftForeArm",
					"pivot": [1.88125, 16.99625, 0.02375],
					"cubes": [
						{
							"origin": [1.40625, 16.52125, -0.45125],
							"size": [0.95, 0.95, 0.95],
							"uv": {
								"north": {"uv": [13, 117], "uv_size": [-1, 1]},
								"east": {"uv": [19, 117], "uv_size": [-1, 1]},
								"south": {"uv": [17, 117], "uv_size": [-1, 1]},
								"west": {"uv": [118, 15], "uv_size": [-1, 1]},
								"up": {"uv": [21, 117], "uv_size": [-1, 1]},
								"down": {"uv": [26, 118], "uv_size": [-1, -1]}
							}
						}
					]
				},
				{
					"name": "LeftHandLocator",
					"parent": "LeftHand",
					"pivot": [1.88125, 16.99625, 0.02375],
					"cubes": [
						{
							"origin": [1.40625, 16.52125, -0.45125],
							"size": [0.95, 0.95, 0.95],
							"uv": {
								"north": {"uv": [118, 26], "uv_size": [-1, 1]},
								"east": {"uv": [40, 117], "uv_size": [-1, 1]},
								"south": {"uv": [33, 117], "uv_size": [-1, 1]},
								"west": {"uv": [118, 28], "uv_size": [-1, 1]},
								"up": {"uv": [42, 117], "uv_size": [-1, 1]},
								"down": {"uv": [52, 118], "uv_size": [-1, -1]}
							}
						}
					]
				}
			]
		}
	]
}