{
	"format_version": "1.12.0",
	"minecraft:geometry": [
		{
			"description": {
				"identifier": "geometry.unknown",
				"texture_width": 128,
				"texture_height": 128,
				"visible_bounds_width": 4,
				"visible_bounds_height": 3.5,
				"visible_bounds_offset": [0, 1.25, 0],
				"ysm_height_scale": 0.9,
				"ysm_width_scale": 0.9,
				"ysm_extra_info": {
					"name": "Jenny",
					"tips": ""
				}

			},
			"bones": [
				{
					"name": "Root",
					"pivot": [0, 24, 0]
				},
				{
					"name": "AllBody",
					"parent": "Root",
					"pivot": [0, 0, 0]
				},
				{
					"name": "Legs",
					"parent": "AllBody",
					"pivot": [0, 0, 0]
				},
				{
					"name": "RightLeg",
					"parent": "Legs",
					"pivot": [-2, 13, 0.5]
				},
				{
					"name": "left_leg2",
					"parent": "RightLeg",
					"pivot": [-2, 13.1, 0],
					"cubes": [
						{"origin": [-4, 0, -1.5], "size": [1, 12, 4], "pivot": [-4, 12, 0], "rotation": [0, 0, -3.6], "uv": [42, 18]}
					]
				},
				{
					"name": "bone8",
					"parent": "left_leg2",
					"pivot": [0, 1.1, 0],
					"cubes": [
						{"origin": [-4, 12, -1.5], "size": [3.75, 1, 4], "inflate": 0.001, "uv": [53, 26]},
						{"origin": [-3.248, 0, -1.5], "size": [3, 12, 4], "uv": [32, 34]}
					]
				},
				{
					"name": "left_leg_sub_1",
					"parent": "bone8",
					"pivot": [0, 1.1, 0]
				},
				{
					"name": "LeftLeg",
					"parent": "Legs",
					"pivot": [2, 13, 0.5]
				},
				{
					"name": "right_leg2",
					"parent": "LeftLeg",
					"pivot": [2, 13.1, 1],
					"cubes": [
						{"origin": [3, 0, -1.5], "size": [1, 12, 4], "pivot": [4, 12, 0], "rotation": [0, 0, 3.6], "uv": [0, 42]}
					]
				},
				{
					"name": "bone3",
					"parent": "right_leg2",
					"pivot": [0, 1.1, 0],
					"cubes": [
						{"origin": [0.25, 12, -1.5], "size": [3.75, 1, 4], "inflate": 0.001, "uv": [27, 51]},
						{"origin": [0.248, 0, -1.5], "size": [3, 12, 4], "uv": [18, 34]}
					]
				},
				{
					"name": "right_leg_sub_1",
					"parent": "bone3",
					"pivot": [0, 1.1, 0]
				},
				{
					"name": "UpBody",
					"parent": "AllBody",
					"pivot": [0, 13, 1]
				},
				{
					"name": "UpperBody",
					"parent": "UpBody",
					"pivot": [0, 13, 1]
				},
				{
					"name": "Head",
					"parent": "UpperBody",
					"pivot": [0, 24.1, 0],
					"cubes": [
						{"origin": [-4, 24, -4], "size": [8, 8, 8], "uv": [0, 0]}
					]
				},
				{
					"name": "blush",
					"parent": "Head",
					"pivot": [0, 1, 2.75],
					"cubes": [
						{"origin": [-4, 26, -0.5], "size": [8, 1, 0], "uv": [6, 127]}
					]
				},
				{
					"name": "Eyes",
					"parent": "Head",
					"pivot": [0, 0, 0]
				},
				{
					"name": "Eyeballs",
					"parent": "Eyes",
					"pivot": [0, 25.5, -4.1]
				},
				{
					"name": "LeftEyeball",
					"parent": "Eyeballs",
					"pivot": [2, 25.5, -4.1],
					"cubes": [
						{
							"origin": [1, 25.5, -4.05],
							"size": [2.5, 1, 1],
							"uv": {
								"north": {"uv": [29, 37], "uv_size": [1, 1]},
								"east": {"uv": [28, 37], "uv_size": [1, 1]},
								"south": {"uv": [31, 37], "uv_size": [1, 1]},
								"west": {"uv": [30, 37], "uv_size": [1, 1]},
								"up": {"uv": [29, 36], "uv_size": [1, 1]},
								"down": {"uv": [30, 37], "uv_size": [1, -1]}
							}
						}
					]
				},
				{
					"name": "LeftIris",
					"parent": "LeftEyeball",
					"pivot": [0, 0, 0],
					"cubes": [
						{"origin": [1, 25.3, -4.4], "size": [1.5, 1.5, 1], "inflate": -0.25, "uv": [36, 56]}
					]
				},
				{
					"name": "RightEyeball",
					"parent": "Eyeballs",
					"pivot": [-2, 25.5, -4.1],
					"cubes": [
						{
							"origin": [-3.5, 25.5, -4.05],
							"size": [2.5, 1, 1],
							"uv": {
								"north": {"uv": [30, 37], "uv_size": [-1, 1]},
								"east": {"uv": [31, 37], "uv_size": [-1, 1]},
								"south": {"uv": [32, 37], "uv_size": [-1, 1]},
								"west": {"uv": [29, 37], "uv_size": [-1, 1]},
								"up": {"uv": [30, 36], "uv_size": [-1, 1]},
								"down": {"uv": [31, 37], "uv_size": [-1, -1]}
							}
						}
					]
				},
				{
					"name": "RightIris",
					"parent": "RightEyeball",
					"pivot": [0, 0, -0.1],
					"cubes": [
						{"origin": [-2.5, 25.3, -4.4], "size": [1.5, 1.5, 1], "inflate": -0.25, "uv": [36, 56]}
					]
				},
				{
					"name": "Eyelashes",
					"parent": "Eyes",
					"pivot": [0, 28.1, -0.3]
				},
				{
					"name": "LeftEyelash",
					"parent": "Eyelashes",
					"pivot": [2, 27.6, -4.2],
					"cubes": [
						{
							"origin": [1, 26.5, -4.3],
							"size": [2.5, 0.5, 0.3],
							"inflate": 0.02,
							"uv": {
								"north": {"uv": [123, 2.5], "uv_size": [2, 1]},
								"east": {"uv": [123, 2.5], "uv_size": [2, 1]},
								"south": {"uv": [123, 2.5], "uv_size": [2, 1]},
								"west": {"uv": [123, 2.5], "uv_size": [2, 1]},
								"up": {"uv": [125, 3.5], "uv_size": [-2, -1]},
								"down": {"uv": [125, 3.5], "uv_size": [-2, -1]}
							}
						}
					]
				},
				{
					"name": "RightEyelash",
					"parent": "Eyelashes",
					"pivot": [-2, 27.6, -4.2],
					"cubes": [
						{
							"origin": [-3.5, 26.5, -4.3],
							"size": [2.5, 0.5, 0.3],
							"inflate": 0.02,
							"uv": {
								"north": {"uv": [125, 3.5], "uv_size": [-2, -1]},
								"east": {"uv": [127, 3.5], "uv_size": [-2, -1]},
								"south": {"uv": [127, 2.5], "uv_size": [-2, 1]},
								"west": {"uv": [125, 3.5], "uv_size": [-2, -1]},
								"up": {"uv": [125, 2.5], "uv_size": [-2, 1]},
								"down": {"uv": [127, 3.5], "uv_size": [-2, -1]}
							}
						}
					]
				},
				{
					"name": "LeftEyelash2",
					"parent": "Eyelashes",
					"pivot": [4, 26, -4.3],
					"cubes": [
						{
							"origin": [3.5, 26, -4.3],
							"size": [0.5, 0.5, 0.3],
							"inflate": 0.02,
							"uv": {
								"north": {"uv": [125, 0], "uv_size": [1, 1]},
								"east": {"uv": [125, 1], "uv_size": [1, -1]},
								"south": {"uv": [126, 1], "uv_size": [1, -1]},
								"west": {"uv": [126, 1], "uv_size": [1, -1]},
								"up": {"uv": [125, 0], "uv_size": [1, 1]},
								"down": {"uv": [126, 1], "uv_size": [1, -1]}
							}
						}
					]
				},
				{
					"name": "RightEyelash2",
					"parent": "Eyelashes",
					"pivot": [-4, 26, -4.3],
					"cubes": [
						{
							"origin": [-4, 26, -4.3],
							"size": [0.5, 0.5, 0.3],
							"inflate": 0.02,
							"uv": {
								"north": {"uv": [126, 0], "uv_size": [-1, 1]},
								"east": {"uv": [127, 1], "uv_size": [-1, -1]},
								"south": {"uv": [127, 1], "uv_size": [-1, -1]},
								"west": {"uv": [126, 1], "uv_size": [-1, -1]},
								"up": {"uv": [126, 0], "uv_size": [-1, 1]},
								"down": {"uv": [127, 1], "uv_size": [-1, -1]}
							}
						}
					]
				},
				{
					"name": "Eyelids",
					"parent": "Eyes",
					"pivot": [0, 28, -4.05],
					"cubes": [
						{
							"origin": [-3.5, 27, -4.175],
							"size": [2.5, 1, 0.3],
							"inflate": 0.01,
							"uv": {
								"north": {"uv": [113.5, 1], "uv_size": [2, -1]},
								"east": {"uv": [113.5, 1], "uv_size": [2, -1]},
								"south": {"uv": [115.5, 1], "uv_size": [2, -1]},
								"west": {"uv": [115.5, 1], "uv_size": [2, -1]},
								"up": {"uv": [113.5, 0], "uv_size": [2, 1]},
								"down": {"uv": [115.5, 1], "uv_size": [2, -1]}
							}
						},
						{
							"origin": [1, 27, -4.175],
							"size": [2.5, 1, 0.3],
							"inflate": 0.01,
							"uv": {
								"north": {"uv": [115.5, 1], "uv_size": [-2, -1]},
								"east": {"uv": [117.5, 1], "uv_size": [-2, -1]},
								"south": {"uv": [117.5, 1], "uv_size": [-2, -1]},
								"west": {"uv": [115.5, 1], "uv_size": [-2, -1]},
								"up": {"uv": [115.5, 0], "uv_size": [-2, 1]},
								"down": {"uv": [117.5, 1], "uv_size": [-2, -1]}
							}
						}
					]
				},
				{
					"name": "Eyebrows",
					"parent": "Eyes",
					"pivot": [0, 32, -5.1],
					"cubes": [
						{"origin": [1, 28, -5.1], "size": [3, 2, 0], "uv": [0, 126]}
					]
				},
				{
					"name": "hair",
					"parent": "Head",
					"pivot": [0, 24.1, 0],
					"cubes": [
						{"origin": [-4, 31.5, -4], "size": [8, 1, 8], "uv": [0, 16]},
						{"origin": [-4, 23, 1.5], "size": [8, 9, 3], "uv": [32, 0]},
						{"origin": [3.5, 23, -4], "size": [1, 9, 8], "uv": [0, 25]},
						{"origin": [-4.5, 23, -4], "size": [1, 9, 8], "uv": [24, 17]}
					]
				},
				{
					"name": "hair2",
					"parent": "hair",
					"pivot": [0, 32, -5],
					"cubes": [
						{"origin": [-4, 28, -5], "size": [8, 3, 2], "uv": [108, 115]},
						{"origin": [-4, 30, -4.5], "size": [8, 2, 1], "uv": [62, 0]},
						{
							"origin": [-4, 27, -5.5],
							"size": [2, 4, 0.5],
							"uv": {
								"north": {"uv": [25, 4], "uv_size": [2, 4]},
								"east": {"uv": [24, 4], "uv_size": [1, 4]},
								"south": {"uv": [28, 4], "uv_size": [2, 4]},
								"west": {"uv": [27, 4], "uv_size": [1, 4]},
								"up": {"uv": [25, 3], "uv_size": [2, 1]},
								"down": {"uv": [27, 4], "uv_size": [2, -1]}
							}
						},
						{
							"origin": [-2, 28, -5.5],
							"size": [1, 2, 0.5],
							"uv": {
								"north": {"uv": [19, 34], "uv_size": [1, 2]},
								"east": {"uv": [18, 34], "uv_size": [1, 2]},
								"south": {"uv": [21, 34], "uv_size": [1, 2]},
								"west": {"uv": [20, 34], "uv_size": [1, 2]},
								"up": {"uv": [19, 33], "uv_size": [1, 1]},
								"down": {"uv": [20, 34], "uv_size": [1, -1]}
							}
						},
						{
							"origin": [-5, 28, -5.5],
							"size": [1, 2, 0.5],
							"uv": {
								"north": {"uv": [33, 13], "uv_size": [1, 2]},
								"east": {"uv": [32, 13], "uv_size": [1, 2]},
								"south": {"uv": [35, 13], "uv_size": [1, 2]},
								"west": {"uv": [34, 13], "uv_size": [1, 2]},
								"up": {"uv": [33, 12], "uv_size": [1, 1]},
								"down": {"uv": [34, 13], "uv_size": [1, -1]}
							}
						},
						{"origin": [3, 27, -5], "size": [1, 1, 2], "uv": [90, 117]},
						{"origin": [-3, 31, -5], "size": [6, 1, 2], "uv": [66, 125]},
						{"origin": [-2.5, 27, -5], "size": [2, 1, 2], "uv": [56, 115]},
						{"origin": [-2.5, 26, -5], "size": [1, 1, 2], "uv": [60, 119]},
						{"origin": [-4.5, 25, -5], "size": [2, 5, 2], "uv": [80, 110]},
						{"origin": [-4.5, 24, -5], "size": [2, 1, 1], "uv": [81, 111]},
						{"origin": [-3.5, 23, -5], "size": [1, 1, 1], "uv": [91, 116]}
					]
				},
				{
					"name": "Torso",
					"parent": "UpperBody",
					"pivot": [0, 24.1, 0],
					"cubes": [
						{"origin": [-2.5, 21.001, -0.5], "size": [5, 2, 2], "uv": [10, 25]},
						{"origin": [-2.5, 15, -1.5], "size": [5, 6, 3], "inflate": 0.001, "uv": [64, 5]},
						{"origin": [-4, 13, -1.5], "size": [8, 2, 3], "uv": [35, 13]},
						{"origin": [-4, 13, 1.5], "size": [8, 1, 1], "uv": [54, 14]},
						{"origin": [-1.001, 23.001, -0.5], "size": [2, 1, 2], "uv": [0, 5]},
						{
							"origin": [-0.25, 23, -0.75],
							"size": [0.5, 0.5, 0.25],
							"uv": {
								"north": {"uv": [1, 59], "uv_size": [1, 1]},
								"east": {"uv": [0, 59], "uv_size": [1, 1]},
								"south": {"uv": [3, 59], "uv_size": [1, 1]},
								"west": {"uv": [2, 59], "uv_size": [1, 1]},
								"up": {"uv": [1, 58], "uv_size": [1, 1]},
								"down": {"uv": [2, 59], "uv_size": [1, -1]}
							}
						},
						{"origin": [-4, 15, -1.5], "size": [2, 3, 3], "inflate": -0.001, "pivot": [-4, 15, 0], "rotation": [0, 0, 31.5], "uv": [7, 57]},
						{"origin": [2, 15, -1.5], "size": [2, 3, 3], "inflate": -0.001, "pivot": [4, 15, 0], "rotation": [0, 0, -31], "uv": [57, 31]}
					]
				},
				{
					"name": "tits",
					"parent": "Torso",
					"pivot": [0, 22.25, -0.5],
					"rotation": [17.5, 0, 0],
					"cubes": [
						{"origin": [-2.5, 18.75, -4.5], "size": [3.5, 3.5, 5], "pivot": [-2.5, 22.75, -0.5], "rotation": [0, 13.14, 0], "uv": [46, 34]},
						{"origin": [-1, 18.75, -4.5], "size": [3.5, 3.5, 5], "pivot": [2.5, 22.75, -0.5], "rotation": [0, -13.14, 0], "uv": [41, 45]}
					]
				},
				{
					"name": "bone2",
					"parent": "Torso",
					"pivot": [0, 14, 2.5],
					"rotation": [16, 0, 0],
					"cubes": [
						{"origin": [-2.5, 15, 1.5], "size": [5, 3, 1], "uv": [52, 46]},
						{"origin": [-4, 14, 1.5], "size": [8, 1, 1], "uv": [64, 28]},
						{"origin": [2, 15, 1.5], "size": [2, 4, 1], "inflate": -0.001, "pivot": [4, 15, 2.5], "rotation": [0, 0, -31.5], "uv": [1, 62]},
						{"origin": [-4, 15, 1.5], "size": [2, 4, 1], "inflate": -0.001, "pivot": [-4, 15, 2.5], "rotation": [0, 0, 31.5], "uv": [1, 62], "mirror": true}
					]
				},
				{
					"name": "Elytra",
					"parent": "Torso",
					"pivot": [0, 13, 0]
				},
				{
					"name": "ElytraLocator",
					"parent": "Elytra",
					"pivot": [0, 22, 0.5]
				},
				{
					"name": "RightArm",
					"parent": "Torso",
					"pivot": [-3, 21.5, 0.5],
					"rotation": [0, 0, 17.5]
				},
				{
					"name": "RightForeArm",
					"parent": "RightArm",
					"pivot": [-3, 21.6, 0.5],
					"cubes": [
						{"origin": [-4, 12.5, -0.5], "size": [2, 10, 2], "uv": [54, 2]}
					]
				},
				{
					"name": "RightHand",
					"parent": "RightForeArm",
					"pivot": [-3, 13.6, 0.5]
				},
				{
					"name": "RightHandLocator",
					"parent": "RightHand",
					"pivot": [-3, 13.6, 0.5]
				},
				{
					"name": "LeftArm",
					"parent": "Torso",
					"pivot": [3, 21.5, 0.5],
					"rotation": [0, 0, -17.5]
				},
				{
					"name": "LeftForeArm",
					"parent": "LeftArm",
					"pivot": [3, 21.6, 0.5],
					"cubes": [
						{"origin": [2, 12.5, -0.5], "size": [2, 10, 2], "uv": [40, 54]}
					]
				},
				{
					"name": "LeftHand",
					"parent": "LeftForeArm",
					"pivot": [3, 13.6, 0.5]
				},
				{
					"name": "LeftHandLocator",
					"parent": "LeftHand",
					"pivot": [3, 13.6, 0.5]
				}
			]
		}
	]
}