{
	"format_version": "1.12.0",
	"minecraft:geometry": [
		{
			"description": {
				"identifier": "geometry.steve",
				"texture_width": 128,
				"texture_height": 128,
				"visible_bounds_width": 3,
				"visible_bounds_height": 3,
				"visible_bounds_offset": [0, 1.5, 0]
			},
			"bones": [
				{
					"name": "RightArm",
					"pivot": [-1.75, 26.5, 0],
					"cubes": [
						{"origin": [-4, 23, -2], "size": [3.25, 5.5, 4], "uv": [21, 34]},
						{"origin": [-3.75, 22.5, -1.5], "size": [3, 1, 3], "inflate": -0.001, "uv": [26, 60], "mirror": true},
						{"origin": [-4.25, 25.5, -2.5], "size": [2.5, 3.25, 5], "uv": [36, 42]},
						{"origin": [-3.75, 27.5, -2], "size": [2.5, 1.5, 4], "inflate": -0.001, "uv": [53, 33]}
					]
				},
				{
					"name": "RightSleeve2",
					"parent": "RightArm",
					"pivot": [-1.75, 26.5, 0]
				},
				{
					"name": "RightForeArm2",
					"parent": "RightArm",
					"pivot": [-2.75, 22.5, 0],
					"rotation": [-45, 0, 0],
					"cubes": [
						{"origin": [-3.75, 19.5, -1.75], "size": [3, 2.5, 3.75], "uv": [56, 51], "mirror": true},
						{"origin": [-3.5, 17.5, -1.5], "size": [2.75, 2, 3], "uv": [39, 60], "mirror": true},
						{"origin": [-3.5, 21.5, -1.5], "size": [2.75, 2, 3.25], "inflate": -0.002, "uv": [61, 6]}
					]
				},
				{
					"name": "rightForeSleeve2",
					"parent": "RightForeArm2",
					"pivot": [-1.75, 20, 0]
				},
				{
					"name": "RightHand2",
					"parent": "RightForeArm2",
					"pivot": [-2.75, 16.5, 0],
					"cubes": [
						{"origin": [-2.75, 15, -1.75], "size": [2, 1, 2.75], "inflate": -0.001, "uv": [63, 18], "mirror": true},
						{"origin": [-3.25, 15.5, -1.75], "size": [2.5, 2, 3], "uv": [61, 12]}
					]
				},
				{
					"name": "RightHandLocator2",
					"parent": "RightHand2",
					"pivot": [-1.75, 16.25, -0.25]
				},
				{
					"name": "RightItem2",
					"parent": "RightArm",
					"pivot": [-2.75, 19.5, 1]
				},
				{
					"name": "LeftArm",
					"pivot": [-7.75, 26.5, 0],
					"cubes": [
						{"origin": [1.25, 27.5, -2], "size": [2.5, 1.5, 4], "inflate": -0.001, "uv": [53, 33], "mirror": true},
						{"origin": [1.75, 25.5, -2.5], "size": [2.5, 3.25, 5], "uv": [36, 42], "mirror": true},
						{"origin": [0.75, 22.5, -1.5], "size": [3, 1, 3], "inflate": -0.001, "uv": [26, 60]},
						{"origin": [0.75, 23, -2], "size": [3.25, 5.5, 4], "uv": [21, 34], "mirror": true}
					]
				},
				{
					"name": "LeftSleeve2",
					"parent": "LeftArm",
					"pivot": [1.75, 26.5, 0]
				},
				{
					"name": "LeftForeArm2",
					"parent": "LeftArm",
					"pivot": [2.75, 22.5, 0],
					"rotation": [-45, 0, 0],
					"cubes": [
						{"origin": [0.75, 21.5, -1.5], "size": [2.75, 2, 3.25], "inflate": -0.002, "uv": [61, 6], "mirror": true},
						{"origin": [0.75, 17.5, -1.5], "size": [2.75, 2, 3], "uv": [39, 60]},
						{"origin": [0.75, 19.5, -1.75], "size": [3, 2.5, 3.75], "uv": [56, 51]}
					]
				},
				{
					"name": "LeftHand2",
					"parent": "LeftForeArm2",
					"pivot": [2.75, 17.5, 0],
					"cubes": [
						{"origin": [0.75, 15.5, -1.75], "size": [2.5, 2, 3], "uv": [61, 12], "mirror": true},
						{"origin": [0.75, 15, -1.75], "size": [2, 1, 2.75], "inflate": -0.001, "uv": [63, 18]}
					]
				},
				{
					"name": "LeftHandLocator2",
					"parent": "LeftHand2",
					"pivot": [1.75, 16.25, -0.25]
				},
				{
					"name": "LeftForeSleeve2",
					"parent": "LeftForeArm2",
					"pivot": [1.75, 20, 0]
				},
				{
					"name": "LeftItem2",
					"parent": "LeftArm",
					"pivot": [2.75, 19.5, 1]
				}
			]
		}
	]
}