{
	"format_version": "1.12.0",
	"minecraft:geometry": [
		{
			"description": {
				"identifier": "geometry.steve",
				"texture_width": 128,
				"texture_height": 128,
				"visible_bounds_width": 3,
				"visible_bounds_height": 3,
				"visible_bounds_offset": [0, 1.5, 0]
			},
			"bones": [
				{
					"name": "Root",
					"pivot": [0, 0, 0]
				},
				{
					"name": "MAllBody",
					"parent": "Root",
					"pivot": [0, 12, 0]
				},
				{
					"name": "AllBody",
					"parent": "MAllBody",
					"pivot": [0, 12, 0]
				},
				{
					"name": "UpBody",
					"parent": "AllBody",
					"pivot": [0, 12, 0],
					"cubes": [
						{"origin": [-3, 15, -2.5], "size": [6, 3, 5], "uv": [0, 20]},
						{"origin": [-3.75, 13, -2.25], "size": [7.5, 2, 4.5], "inflate": -0.001, "uv": [25, 12]},
						{"origin": [-3.25, 13, -2.75], "size": [6.5, 2, 5.5], "uv": [23, 20]},
						{"origin": [-3.25, 12, -2.5], "size": [6.5, 1, 5], "uv": [27, 0]},
						{"origin": [-1.75, 11, -2.25], "size": [3.5, 1, 3.75], "inflate": 0.001, "uv": [13, 60]}
					]
				},
				{
					"name": "UpperBody",
					"parent": "UpBody",
					"pivot": [0, 18, 0],
					"cubes": [
						{"origin": [-3.25, 17, -3], "size": [6.5, 1.5, 6], "uv": [0, 12]},
						{"origin": [-3.75, 18, -3.5], "size": [7.5, 5.5, 6.75], "inflate": 0.001, "uv": [0, 0]},
						{"origin": [-3.5, 23, -0.75], "size": [7, 1, 4], "uv": [23, 28]},
						{"origin": [-3.25, 19, -4], "size": [6.5, 4, 1.25], "uv": [50, 0]},
						{"origin": [-2.25, 18.25, 3.25], "size": [4.5, 2, 1], "uv": [61, 26]},
						{"origin": [-2.25, 23.15, 2.7], "size": [4.5, 1, 1.2], "pivot": [0, 23.65, 3.4], "rotation": [15, 0, 0], "uv": [53, 39]},
						{"origin": [-3.25, 19.5, 2.5], "size": [6.5, 4.25, 2.75], "pivot": [0, 21.25, 4.125], "rotation": [15, 0, 0], "uv": [46, 19]},
						{"origin": [3.25, 18.25, 1.5], "size": [1, 3.75, 5.75], "inflate": 0.001, "pivot": [4, 20.25, 4.375], "rotation": [-69.05898, 8.42106, -20.94102], "uv": [43, 51]},
						{"origin": [-4.25, 18.25, 1.5], "size": [1, 3.75, 5.75], "inflate": 0.001, "pivot": [-4, 20.25, 4.375], "rotation": [-69.05898, -8.42106, 20.94102], "uv": [43, 51], "mirror": true}
					]
				},
				{
					"name": "LeftWaistLocator",
					"parent": "UpperBody",
					"pivot": [4, 13, 0],
					"rotation": [-20, 0, 0]
				},
				{
					"name": "RightWaistLocator",
					"parent": "UpperBody",
					"pivot": [-4, 13, 0],
					"rotation": [-5, 0, 0]
				},
				{
					"name": "AllHead",
					"parent": "UpperBody",
					"pivot": [0, 23, 1]
				},
				{
					"name": "MHead",
					"parent": "AllHead",
					"pivot": [0, 23.5, 0]
				},
				{
					"name": "Head",
					"parent": "MHead",
					"pivot": [0, 23.5, 0],
					"cubes": [
						{"origin": [-2.5, 23.5, -2.5], "size": [5, 1.5, 3.5], "uv": [27, 7]},
						{"origin": [-2.5, 25, -2.75], "size": [5, 4.25, 3.75], "uv": [36, 34]},
						{"origin": [-2.5, 23.5, 1], "size": [5, 6, 2], "uv": [15, 44]},
						{"origin": [-3, 24, -3], "size": [6, 1, 4], "uv": [0, 29]},
						{"origin": [-1.25, 24.25, -3.25], "size": [2.5, 1.25, 1.25], "uv": [50, 63]},
						{"origin": [-3, 24, 1], "size": [6, 5, 2], "uv": [0, 35]},
						{"origin": [-2.5, 24, 2], "size": [5, 5, 1.5], "uv": [13, 53]}
					]
				},
				{
					"name": "Hat",
					"parent": "Head",
					"pivot": [0, 23.5, 0]
				},
				{
					"name": "Face",
					"parent": "Head",
					"pivot": [0, 23.5, 0]
				},
				{
					"name": "Jacket",
					"parent": "UpperBody",
					"pivot": [0, 24, 0]
				},
				{
					"name": "cape",
					"parent": "UpperBody",
					"pivot": [0, 24, -3]
				},
				{
					"name": "Arm",
					"parent": "UpperBody",
					"pivot": [0, 22, 0]
				},
				{
					"name": "RightArm",
					"parent": "Arm",
					"pivot": [-4.75, 21.5, 0],
					"cubes": [
						{"origin": [-7, 18, -2], "size": [3.25, 5.5, 4], "uv": [21, 34]},
						{"origin": [-6.75, 17.5, -1.5], "size": [3, 1, 3], "inflate": -0.001, "uv": [26, 60], "mirror": true},
						{"origin": [-7.25, 20.5, -2.5], "size": [2.5, 3.25, 5], "uv": [36, 42]},
						{"origin": [-6.75, 22.5, -2], "size": [2.5, 1.5, 4], "inflate": -0.001, "uv": [53, 33]}
					]
				},
				{
					"name": "RightSleeve",
					"parent": "RightArm",
					"pivot": [-4.75, 21.5, 0]
				},
				{
					"name": "RightForeArm",
					"parent": "RightArm",
					"pivot": [-5.75, 17.5, 0],
					"cubes": [
						{"origin": [-6.75, 14.5, -1.75], "size": [3, 2.5, 3.75], "uv": [56, 51], "mirror": true},
						{"origin": [-6.5, 12.5, -1.5], "size": [2.75, 2, 3], "uv": [39, 60], "mirror": true},
						{"origin": [-6.5, 16.5, -1.5], "size": [2.75, 2, 3.25], "inflate": -0.002, "uv": [61, 6]}
					]
				},
				{
					"name": "rightForeSleeve",
					"parent": "RightForeArm",
					"pivot": [-4.75, 15, 0]
				},
				{
					"name": "RightHand",
					"parent": "RightForeArm",
					"pivot": [-5.75, 11.5, 0],
					"cubes": [
						{"origin": [-5.75, 10, -1.75], "size": [2, 1, 2.75], "inflate": -0.001, "uv": [63, 18], "mirror": true},
						{"origin": [-6.25, 10.5, -1.75], "size": [2.5, 2, 3], "uv": [61, 12]}
					]
				},
				{
					"name": "RightHandLocator",
					"parent": "RightHand",
					"pivot": [-4.75, 11.25, -0.25]
				},
				{
					"name": "RightItem",
					"parent": "RightArm",
					"pivot": [-5.75, 14.5, 1]
				},
				{
					"name": "LeftArm",
					"parent": "Arm",
					"pivot": [4.75, 21.5, 0],
					"cubes": [
						{"origin": [4.25, 22.5, -2], "size": [2.5, 1.5, 4], "inflate": -0.001, "uv": [53, 33], "mirror": true},
						{"origin": [4.75, 20.5, -2.5], "size": [2.5, 3.25, 5], "uv": [36, 42], "mirror": true},
						{"origin": [3.75, 17.5, -1.5], "size": [3, 1, 3], "inflate": -0.001, "uv": [26, 60]},
						{"origin": [3.75, 18, -2], "size": [3.25, 5.5, 4], "uv": [21, 34], "mirror": true}
					]
				},
				{
					"name": "LeftSleeve",
					"parent": "LeftArm",
					"pivot": [4.75, 21.5, 0]
				},
				{
					"name": "LeftForeArm",
					"parent": "LeftArm",
					"pivot": [5.75, 17.5, 0],
					"cubes": [
						{"origin": [3.75, 16.5, -1.5], "size": [2.75, 2, 3.25], "inflate": -0.002, "uv": [61, 6], "mirror": true},
						{"origin": [3.75, 12.5, -1.5], "size": [2.75, 2, 3], "uv": [39, 60]},
						{"origin": [3.75, 14.5, -1.75], "size": [3, 2.5, 3.75], "uv": [56, 51]}
					]
				},
				{
					"name": "LeftHand",
					"parent": "LeftForeArm",
					"pivot": [5.75, 12.5, 0],
					"cubes": [
						{"origin": [3.75, 10.5, -1.75], "size": [2.5, 2, 3], "uv": [61, 12], "mirror": true},
						{"origin": [3.75, 10, -1.75], "size": [2, 1, 2.75], "inflate": -0.001, "uv": [63, 18]}
					]
				},
				{
					"name": "LeftHandLocator",
					"parent": "LeftHand",
					"pivot": [4.75, 11.25, -0.25]
				},
				{
					"name": "LeftForeSleeve",
					"parent": "LeftForeArm",
					"pivot": [4.75, 15, 0]
				},
				{
					"name": "LeftItem",
					"parent": "LeftArm",
					"pivot": [5.75, 14.5, 1]
				},
				{
					"name": "ElytraLocator",
					"parent": "UpperBody",
					"pivot": [0, 23, 2]
				},
				{
					"name": "RifleLocator",
					"parent": "UpperBody",
					"pivot": [0, 18, 2],
					"rotation": [0, 0, 45]
				},
				{
					"name": "PistolLocator",
					"parent": "UpperBody",
					"pivot": [-4, 15, 0],
					"rotation": [-30, 0, 0]
				},
				{
					"name": "LeftShoulderLocator",
					"parent": "UpperBody",
					"pivot": [6, 23.75, 0]
				},
				{
					"name": "RightShoulderLocator",
					"parent": "UpperBody",
					"pivot": [-6, 23.75, 0]
				},
				{
					"name": "DownBody",
					"parent": "AllBody",
					"pivot": [-1.9, 12, 0]
				},
				{
					"name": "LeftLeg",
					"parent": "DownBody",
					"pivot": [1.9, 12.07942, -0.00324],
					"cubes": [
						{"origin": [0.15, 8.07942, -1.50324], "size": [3.75, 5, 3.25], "inflate": 0.001, "uv": [30, 51], "mirror": true},
						{"origin": [0.4, 5.82942, -1.25324], "size": [3.25, 2.5, 3.25], "inflate": -0.1, "uv": [56, 57]},
						{"origin": [0.4, 8.07942, -2.00324], "size": [3.25, 4.5, 4.25], "uv": [0, 43], "mirror": true}
					]
				},
				{
					"name": "LeftLowerPants",
					"parent": "LeftLeg",
					"pivot": [2, 12.07942, -0.00324]
				},
				{
					"name": "LeftLowerLeg",
					"parent": "LeftLeg",
					"pivot": [2, 6.07942, 0.24676],
					"cubes": [
						{"origin": [0.4, 0.07942, -1.25324], "size": [3.25, 6, 3.25], "uv": [48, 7], "mirror": true},
						{"origin": [0.65, 2.07942, -1.75324], "size": [2.75, 4, 4.25], "uv": [51, 42], "mirror": true},
						{"origin": [0.4, 6.07942, -2.00324], "size": [3.25, 2.5, 4.25], "inflate": 0.001, "uv": [46, 26]}
					]
				},
				{
					"name": "LeftPants",
					"parent": "LeftLowerLeg",
					"pivot": [2, 6.07942, -0.00324]
				},
				{
					"name": "LeftFoot",
					"parent": "LeftLowerLeg",
					"pivot": [2, 1.57942, 0.49676],
					"cubes": [
						{"origin": [0.65, 0.07942, -1.75324], "size": [2.75, 2, 4.25], "uv": [0, 52], "mirror": true},
						{"origin": [0.9, 0.07942, -2.75324], "size": [2.25, 1.5, 1], "inflate": -0.001, "uv": [61, 30]},
						{"origin": [1.15, 0.07942, -3.50324], "size": [1.75, 1, 1], "uv": [30, 44]}
					]
				},
				{
					"name": "RightLeg",
					"parent": "DownBody",
					"pivot": [-1.9, 12.07942, -0.00324],
					"cubes": [
						{"origin": [-3.9, 8.07942, -1.50324], "size": [3.75, 5, 3.25], "inflate": 0.001, "uv": [30, 51]},
						{"origin": [-3.65, 5.82942, -1.25324], "size": [3.25, 2.5, 3.25], "inflate": -0.1, "uv": [0, 59]},
						{"origin": [-3.65, 8.07942, -2.00324], "size": [3.25, 4.5, 4.25], "uv": [0, 43]}
					]
				},
				{
					"name": "RightLowerPants",
					"parent": "RightLeg",
					"pivot": [-2, 12.07942, -0.00324]
				},
				{
					"name": "RightLowerLeg",
					"parent": "RightLeg",
					"pivot": [-2, 6.07942, 0.24676],
					"cubes": [
						{"origin": [-3.65, 6.07942, -2.00324], "size": [3.25, 2.5, 4.25], "inflate": 0.001, "uv": [46, 26], "mirror": true},
						{"origin": [-3.4, 2.07942, -1.50324], "size": [2.75, 4, 4], "uv": [51, 42]},
						{"origin": [-3.65, 0.07942, -1.25324], "size": [3.25, 6, 3.25], "uv": [48, 7]}
					]
				},
				{
					"name": "RightPants",
					"parent": "RightLowerLeg",
					"pivot": [-2, 6.07942, -0.00324]
				},
				{
					"name": "RightFoot",
					"parent": "RightLowerLeg",
					"pivot": [-2, 1.57942, 0.49676],
					"cubes": [
						{"origin": [-2.9, 0.07942, -3.50324], "size": [1.75, 1, 1], "uv": [30, 47]},
						{"origin": [-3.15, 0.07942, -2.75324], "size": [2.25, 1.5, 1], "inflate": -0.001, "uv": [63, 22]},
						{"origin": [-3.4, 0.07942, -1.75324], "size": [2.75, 2, 4.25], "uv": [0, 52]}
					]
				},
				{
					"name": "molang",
					"parent": "Root",
					"pivot": [0, 0, 0]
				}
			]
		}
	]
}