{
	"format_version": "1.12.0",
	"minecraft:geometry": [
		{
			"description": {
				"identifier": "geometry.unknown",
				"texture_width": 128,
				"texture_height": 128,
				"visible_bounds_width": 6,
				"visible_bounds_height": 4.5,
				"visible_bounds_offset": [0, 1.75, 0]
			},
			"bones": [
				{
					"name": "LeftArm",
					"pivot": [6.29714, 29.34116, 0.25585],
					"cubes": [
						{
							"origin": [3.50494, 27.71454, -1.63422],
							"size": [4.05, 6.2, 5.3],
							"pivot": [38.10859, 23.80909, -3.01488],
							"rotation": [4.99527, -0.21782, -2.5095],
							"uv": {
								"north": {"uv": [49, 26], "uv_size": [4, 6]},
								"east": {"uv": [38, 0], "uv_size": [5, 6]},
								"south": {"uv": [50, 10], "uv_size": [4, 6]},
								"west": {"uv": [38, 6], "uv_size": [5, 6]},
								"up": {"uv": [31, 59], "uv_size": [4, 5]},
								"down": {"uv": [55, 64], "uv_size": [4, -5]}
							}
						},
						{
							"origin": [7.50494, 29.81454, 0.46578],
							"size": [0.3, 4.1, 1.1],
							"pivot": [38.10859, 23.80909, -3.01488],
							"rotation": [4.99527, -0.21782, -2.5095],
							"uv": {
								"north": {"uv": [74, 95], "uv_size": [1, 4]},
								"east": {"uv": [75, 95], "uv_size": [1, 4]},
								"south": {"uv": [76, 95], "uv_size": [1, 4]},
								"west": {"uv": [79, 95], "uv_size": [1, 4]},
								"up": {"uv": [77, 104], "uv_size": [1, 1]},
								"down": {"uv": [104, 78], "uv_size": [1, -1]}
							}
						},
						{
							"origin": [7.50494, 29.81454, 0.46578],
							"size": [0.4, 4.1, 0.1],
							"pivot": [38.10859, 23.80909, -3.01488],
							"rotation": [4.99527, -0.21782, -2.5095],
							"uv": {
								"north": {"uv": [80, 95], "uv_size": [1, 4]},
								"east": {"uv": [95, 87], "uv_size": [1, 4]},
								"south": {"uv": [95, 91], "uv_size": [1, 4]},
								"west": {"uv": [95, 95], "uv_size": [1, 4]},
								"up": {"uv": [78, 104], "uv_size": [1, 1]},
								"down": {"uv": [104, 79], "uv_size": [1, -1]}
							}
						},
						{
							"origin": [7.50494, 29.81454, 1.46578],
							"size": [0.4, 4.1, 0.1],
							"pivot": [38.10859, 23.80909, -3.01488],
							"rotation": [4.99527, -0.21782, -2.5095],
							"uv": {
								"north": {"uv": [96, 0], "uv_size": [1, 4]},
								"east": {"uv": [2, 96], "uv_size": [1, 4]},
								"south": {"uv": [3, 96], "uv_size": [1, 4]},
								"west": {"uv": [4, 96], "uv_size": [1, 4]},
								"up": {"uv": [79, 104], "uv_size": [1, 1]},
								"down": {"uv": [104, 80], "uv_size": [1, -1]}
							}
						},
						{
							"origin": [7.50494, 29.81454, 0.46578],
							"size": [0.4, 0.1, 1.1],
							"pivot": [38.10859, 23.80909, -3.01488],
							"rotation": [4.99527, -0.21782, -2.5095],
							"uv": {
								"north": {"uv": [80, 104], "uv_size": [1, 1]},
								"east": {"uv": [104, 80], "uv_size": [1, 1]},
								"south": {"uv": [81, 104], "uv_size": [1, 1]},
								"west": {"uv": [104, 81], "uv_size": [1, 1]},
								"up": {"uv": [82, 104], "uv_size": [1, 1]},
								"down": {"uv": [104, 83], "uv_size": [1, -1]}
							}
						},
						{
							"origin": [7.50494, 30.31454, 0.71578],
							"size": [0.4, 0.6, 0.6],
							"pivot": [38.10859, 23.80909, -3.01488],
							"rotation": [4.99527, -0.21782, -2.5095],
							"uv": {
								"north": {"uv": [83, 104], "uv_size": [1, 1]},
								"east": {"uv": [104, 83], "uv_size": [1, 1]},
								"south": {"uv": [84, 104], "uv_size": [1, 1]},
								"west": {"uv": [104, 84], "uv_size": [1, 1]},
								"up": {"uv": [85, 104], "uv_size": [1, 1]},
								"down": {"uv": [104, 86], "uv_size": [1, -1]}
							}
						},
						{
							"origin": [3.50494, 27.71454, -1.73422],
							"size": [4.05, 0.5, 0.1],
							"pivot": [38.10859, 23.80909, -3.01488],
							"rotation": [4.99527, -0.21782, -2.5095],
							"uv": {
								"north": {"uv": [95, 63], "uv_size": [4, 1]},
								"east": {"uv": [71, 104], "uv_size": [1, 1]},
								"south": {"uv": [95, 64], "uv_size": [4, 1]},
								"west": {"uv": [104, 71], "uv_size": [1, 1]},
								"up": {"uv": [95, 65], "uv_size": [4, 1]},
								"down": {"uv": [95, 69], "uv_size": [4, -1]}
							}
						},
						{
							"origin": [7.55494, 27.71454, -1.63422],
							"size": [0.1, 0.5, 5.3],
							"pivot": [38.10859, 23.80909, -3.01488],
							"rotation": [4.99527, -0.21782, -2.5095],
							"uv": {
								"north": {"uv": [73, 104], "uv_size": [1, 1]},
								"east": {"uv": [90, 88], "uv_size": [5, 1]},
								"south": {"uv": [104, 73], "uv_size": [1, 1]},
								"west": {"uv": [91, 31], "uv_size": [5, 1]},
								"up": {"uv": [91, 32], "uv_size": [1, 5]},
								"down": {"uv": [34, 96], "uv_size": [1, -5]}
							}
						},
						{
							"origin": [3.50494, 27.71454, 3.66578],
							"size": [4.05, 0.5, 0.1],
							"pivot": [38.10859, 23.80909, -3.01488],
							"rotation": [4.99527, -0.21782, -2.5095],
							"uv": {
								"north": {"uv": [95, 69], "uv_size": [4, 1]},
								"east": {"uv": [72, 104], "uv_size": [1, 1]},
								"south": {"uv": [95, 70], "uv_size": [4, 1]},
								"west": {"uv": [104, 72], "uv_size": [1, 1]},
								"up": {"uv": [95, 71], "uv_size": [4, 1]},
								"down": {"uv": [95, 75], "uv_size": [4, -1]}
							}
						},
						{
							"origin": [22.77699, 47.59009, 0.24046],
							"size": [0.15, 3.2, 1.1],
							"pivot": [27.31197, 27.17079, -2.57454],
							"rotation": [3.04868, 3.9649, -62.4009],
							"uv": {
								"north": {"uv": [35, 97], "uv_size": [1, 3]},
								"east": {"uv": [36, 97], "uv_size": [1, 3]},
								"south": {"uv": [37, 97], "uv_size": [1, 3]},
								"west": {"uv": [97, 40], "uv_size": [1, 3]},
								"up": {"uv": [55, 104], "uv_size": [1, 1]},
								"down": {"uv": [104, 56], "uv_size": [1, -1]}
							}
						},
						{
							"origin": [20.77699, 47.59009, -1.85954],
							"size": [2.05, 3.2, 5.3],
							"pivot": [27.31197, 27.17079, -2.57454],
							"rotation": [3.04868, 3.9649, -62.4009],
							"uv": {
								"north": {"uv": [24, 90], "uv_size": [2, 3]},
								"east": {"uv": [70, 14], "uv_size": [5, 3]},
								"south": {"uv": [26, 90], "uv_size": [2, 3]},
								"west": {"uv": [70, 17], "uv_size": [5, 3]},
								"up": {"uv": [49, 53], "uv_size": [2, 5]},
								"down": {"uv": [55, 43], "uv_size": [2, -5]}
							}
						},
						{
							"origin": [4.0096, 26.08343, -1.18565],
							"size": [2.8, 3, 2.8],
							"uv": {
								"north": {"uv": [78, 13], "uv_size": [3, 3]},
								"east": {"uv": [78, 16], "uv_size": [3, 3]},
								"south": {"uv": [24, 78], "uv_size": [3, 3]},
								"west": {"uv": [27, 78], "uv_size": [3, 3]},
								"up": {"uv": [30, 78], "uv_size": [3, 3]},
								"down": {"uv": [33, 81], "uv_size": [3, -3]}
							}
						},
						{
							"origin": [3.83768, 24.92098, -6.25773],
							"size": [2.8, 2, 2],
							"pivot": [38.15771, 17.72376, -3.00438],
							"rotation": [-45.02728, -1.76749, 1.76833],
							"uv": {
								"north": {"uv": [22, 88], "uv_size": [3, 2]},
								"east": {"uv": [66, 92], "uv_size": [2, 2]},
								"south": {"uv": [88, 23], "uv_size": [3, 2]},
								"west": {"uv": [68, 92], "uv_size": [2, 2]},
								"up": {"uv": [25, 88], "uv_size": [3, 2]},
								"down": {"uv": [88, 27], "uv_size": [3, -2]}
							}
						}
					]
				},
				{
					"name": "LeftForeArm",
					"parent": "LeftArm",
					"pivot": [37.875, 17.42991, -3.04974],
					"rotation": [-15, 0, 0]
				},
				{
					"name": "LeftForeArm2",
					"parent": "LeftArm",
					"pivot": [15.775, 14.43181, -4.13698],
					"rotation": [-15, 0, 0],
					"cubes": [
						{
							"origin": [4.01545, 21.14807, -4.48845],
							"size": [3, 6.25, 3],
							"uv": {
								"north": {"uv": [26, 64], "uv_size": [3, 6]},
								"east": {"uv": [29, 64], "uv_size": [3, 6]},
								"south": {"uv": [32, 64], "uv_size": [3, 6]},
								"west": {"uv": [38, 64], "uv_size": [3, 6]},
								"up": {"uv": [78, 53], "uv_size": [3, 3]},
								"down": {"uv": [56, 81], "uv_size": [3, -3]}
							}
						},
						{
							"origin": [3.76545, 21.14807, -4.73845],
							"size": [3.5, 2.25, 3.5],
							"uv": {
								"north": {"uv": [83, 60], "uv_size": [4, 2]},
								"east": {"uv": [84, 16], "uv_size": [4, 2]},
								"south": {"uv": [84, 78], "uv_size": [4, 2]},
								"west": {"uv": [84, 80], "uv_size": [4, 2]},
								"up": {"uv": [69, 39], "uv_size": [4, 4]},
								"down": {"uv": [69, 47], "uv_size": [4, -4]}
							}
						},
						{
							"origin": [3.66545, 22.39807, -4.83845],
							"size": [3.7, 0.5, 3.7],
							"uv": {
								"north": {"uv": [95, 83], "uv_size": [4, 1]},
								"east": {"uv": [95, 84], "uv_size": [4, 1]},
								"south": {"uv": [95, 85], "uv_size": [4, 1]},
								"west": {"uv": [96, 17], "uv_size": [4, 1]},
								"up": {"uv": [51, 69], "uv_size": [4, 4]},
								"down": {"uv": [69, 69], "uv_size": [4, -4]}
							}
						},
						{
							"origin": [4.66545, 21.04807, -3.33845],
							"size": [2.8, 2.95, 0.7],
							"uv": {
								"north": {"uv": [68, 80], "uv_size": [3, 3]},
								"east": {"uv": [45, 98], "uv_size": [1, 3]},
								"south": {"uv": [71, 80], "uv_size": [3, 3]},
								"west": {"uv": [50, 98], "uv_size": [1, 3]},
								"up": {"uv": [56, 98], "uv_size": [3, 1]},
								"down": {"uv": [59, 99], "uv_size": [3, -1]}
							}
						},
						{
							"origin": [4.66545, 23.94807, -3.33845],
							"size": [2.9, 0.15, 0.7],
							"uv": {
								"north": {"uv": [84, 98], "uv_size": [3, 1]},
								"east": {"uv": [99, 104], "uv_size": [1, 1]},
								"south": {"uv": [87, 98], "uv_size": [3, 1]},
								"west": {"uv": [104, 99], "uv_size": [1, 1]},
								"up": {"uv": [91, 98], "uv_size": [3, 1]},
								"down": {"uv": [98, 98], "uv_size": [3, -1]}
							}
						},
						{
							"origin": [4.66545, 23.34807, -3.23845],
							"size": [2.9, 0.45, 0.5],
							"uv": {
								"north": {"uv": [98, 98], "uv_size": [3, 1]},
								"east": {"uv": [100, 104], "uv_size": [1, 1]},
								"south": {"uv": [99, 8], "uv_size": [3, 1]},
								"west": {"uv": [104, 100], "uv_size": [1, 1]},
								"up": {"uv": [99, 9], "uv_size": [3, 1]},
								"down": {"uv": [99, 11], "uv_size": [3, -1]}
							}
						},
						{
							"origin": [4.66545, 21.04807, -3.43845],
							"size": [2.9, 2.95, 0.1],
							"uv": {
								"north": {"uv": [81, 9], "uv_size": [3, 3]},
								"east": {"uv": [62, 98], "uv_size": [1, 3]},
								"south": {"uv": [12, 81], "uv_size": [3, 3]},
								"west": {"uv": [63, 98], "uv_size": [1, 3]},
								"up": {"uv": [98, 59], "uv_size": [3, 1]},
								"down": {"uv": [65, 99], "uv_size": [3, -1]}
							}
						},
						{
							"origin": [4.66545, 21.04807, -2.63845],
							"size": [2.9, 2.95, 0.1],
							"uv": {
								"north": {"uv": [81, 12], "uv_size": [3, 3]},
								"east": {"uv": [68, 98], "uv_size": [1, 3]},
								"south": {"uv": [81, 15], "uv_size": [3, 3]},
								"west": {"uv": [69, 98], "uv_size": [1, 3]},
								"up": {"uv": [70, 98], "uv_size": [3, 1]},
								"down": {"uv": [81, 99], "uv_size": [3, -1]}
							}
						}
					]
				},
				{
					"name": "LeftHand5",
					"parent": "LeftForeArm2",
					"pivot": [16.275, 8.95681, -4.13698],
					"cubes": [
						{
							"origin": [4.31545, 17.80893, -13.43982],
							"size": [2.6, 2.35, 2],
							"pivot": [11.9, 8.68181, -4.73698],
							"rotation": [-45, 0, 0],
							"uv": {
								"north": {"uv": [88, 27], "uv_size": [3, 2]},
								"east": {"uv": [92, 68], "uv_size": [2, 2]},
								"south": {"uv": [28, 88], "uv_size": [3, 2]},
								"west": {"uv": [70, 92], "uv_size": [2, 2]},
								"up": {"uv": [88, 29], "uv_size": [3, 2]},
								"down": {"uv": [31, 90], "uv_size": [3, -2]}
							}
						},
						{
							"origin": [4.01545, 19.14807, -4.48845],
							"size": [3, 2.25, 3],
							"uv": {
								"north": {"uv": [88, 31], "uv_size": [3, 2]},
								"east": {"uv": [88, 33], "uv_size": [3, 2]},
								"south": {"uv": [88, 35], "uv_size": [3, 2]},
								"west": {"uv": [88, 37], "uv_size": [3, 2]},
								"up": {"uv": [78, 76], "uv_size": [3, 3]},
								"down": {"uv": [3, 82], "uv_size": [3, -3]}
							}
						},
						{
							"origin": [-0.44377, 14.6199, -4.88845],
							"size": [1, 2.25, 1],
							"pivot": [14.925, 8.43181, -5.88698],
							"rotation": [0, 0, 22.5],
							"uv": {
								"north": {"uv": [55, 100], "uv_size": [1, 2]},
								"east": {"uv": [56, 100], "uv_size": [1, 2]},
								"south": {"uv": [57, 100], "uv_size": [1, 2]},
								"west": {"uv": [58, 100], "uv_size": [1, 2]},
								"up": {"uv": [22, 104], "uv_size": [1, 1]},
								"down": {"uv": [104, 23], "uv_size": [1, -1]}
							}
						}
					]
				},
				{
					"name": "RightHandLocator2",
					"parent": "LeftHand5",
					"pivot": [37.975, 11.25681, -4.13698]
				},
				{
					"name": "RightArm",
					"pivot": [-7.8811, 29.53481, 0.87952],
					"cubes": [
						{
							"origin": [-8.31224, 25.70365, -2.94555],
							"size": [4.05, 6.2, 5.3],
							"pivot": [25.89141, 40.80909, 3.98512],
							"rotation": [4.99527, 0.21782, 2.5095],
							"uv": {
								"north": {"uv": [28, 51], "uv_size": [4, 6]},
								"east": {"uv": [8, 38], "uv_size": [5, 6]},
								"south": {"uv": [51, 38], "uv_size": [4, 6]},
								"west": {"uv": [38, 12], "uv_size": [5, 6]},
								"up": {"uv": [62, 17], "uv_size": [4, 5]},
								"down": {"uv": [62, 27], "uv_size": [4, -5]}
							}
						},
						{
							"origin": [-8.41224, 25.70365, -2.94555],
							"size": [0.15, 0.5, 5.3],
							"pivot": [25.89141, 40.80909, 3.98512],
							"rotation": [4.99527, 0.21782, 2.5095],
							"uv": {
								"north": {"uv": [74, 104], "uv_size": [1, 1]},
								"east": {"uv": [35, 91], "uv_size": [5, 1]},
								"south": {"uv": [104, 74], "uv_size": [1, 1]},
								"west": {"uv": [91, 37], "uv_size": [5, 1]},
								"up": {"uv": [91, 43], "uv_size": [1, 5]},
								"down": {"uv": [91, 53], "uv_size": [1, -5]}
							}
						},
						{
							"origin": [-8.31224, 25.70365, -3.04555],
							"size": [4.05, 0.5, 0.1],
							"pivot": [25.89141, 40.80909, 3.98512],
							"rotation": [4.99527, 0.21782, 2.5095],
							"uv": {
								"north": {"uv": [95, 75], "uv_size": [4, 1]},
								"east": {"uv": [75, 104], "uv_size": [1, 1]},
								"south": {"uv": [95, 76], "uv_size": [4, 1]},
								"west": {"uv": [104, 75], "uv_size": [1, 1]},
								"up": {"uv": [95, 77], "uv_size": [4, 1]},
								"down": {"uv": [95, 79], "uv_size": [4, -1]}
							}
						},
						{
							"origin": [-8.31224, 25.70365, 2.35445],
							"size": [4.05, 0.5, 0.1],
							"pivot": [25.89141, 40.80909, 3.98512],
							"rotation": [4.99527, 0.21782, 2.5095],
							"uv": {
								"north": {"uv": [95, 79], "uv_size": [4, 1]},
								"east": {"uv": [76, 104], "uv_size": [1, 1]},
								"south": {"uv": [95, 80], "uv_size": [4, 1]},
								"west": {"uv": [104, 76], "uv_size": [1, 1]},
								"up": {"uv": [95, 81], "uv_size": [4, 1]},
								"down": {"uv": [95, 83], "uv_size": [4, -1]}
							}
						},
						{
							"origin": [-8.66224, 27.80365, 0.15445],
							"size": [0.4, 4.1, 0.1],
							"pivot": [25.89141, 40.80909, 3.98512],
							"rotation": [4.99527, 0.21782, 2.5095],
							"uv": {
								"north": {"uv": [96, 4], "uv_size": [1, 4]},
								"east": {"uv": [5, 96], "uv_size": [1, 4]},
								"south": {"uv": [6, 96], "uv_size": [1, 4]},
								"west": {"uv": [7, 96], "uv_size": [1, 4]},
								"up": {"uv": [86, 104], "uv_size": [1, 1]},
								"down": {"uv": [104, 87], "uv_size": [1, -1]}
							}
						},
						{
							"origin": [-8.66224, 27.80365, -0.84555],
							"size": [0.4, 0.1, 1.1],
							"pivot": [25.89141, 40.80909, 3.98512],
							"rotation": [4.99527, 0.21782, 2.5095],
							"uv": {
								"north": {"uv": [87, 104], "uv_size": [1, 1]},
								"east": {"uv": [104, 87], "uv_size": [1, 1]},
								"south": {"uv": [88, 104], "uv_size": [1, 1]},
								"west": {"uv": [104, 88], "uv_size": [1, 1]},
								"up": {"uv": [89, 104], "uv_size": [1, 1]},
								"down": {"uv": [104, 90], "uv_size": [1, -1]}
							}
						},
						{
							"origin": [-8.66224, 28.30365, -0.59555],
							"size": [0.4, 0.6, 0.6],
							"pivot": [25.89141, 40.80909, 3.98512],
							"rotation": [4.99527, 0.21782, 2.5095],
							"uv": {
								"north": {"uv": [90, 104], "uv_size": [1, 1]},
								"east": {"uv": [104, 90], "uv_size": [1, 1]},
								"south": {"uv": [91, 104], "uv_size": [1, 1]},
								"west": {"uv": [104, 91], "uv_size": [1, 1]},
								"up": {"uv": [92, 104], "uv_size": [1, 1]},
								"down": {"uv": [104, 93], "uv_size": [1, -1]}
							}
						},
						{
							"origin": [-8.56224, 27.80365, -0.84555],
							"size": [0.3, 4.1, 1.1],
							"pivot": [25.89141, 40.80909, 3.98512],
							"rotation": [4.99527, 0.21782, 2.5095],
							"uv": {
								"north": {"uv": [8, 96], "uv_size": [1, 4]},
								"east": {"uv": [96, 9], "uv_size": [1, 4]},
								"south": {"uv": [10, 96], "uv_size": [1, 4]},
								"west": {"uv": [11, 96], "uv_size": [1, 4]},
								"up": {"uv": [93, 104], "uv_size": [1, 1]},
								"down": {"uv": [104, 94], "uv_size": [1, -1]}
							}
						},
						{
							"origin": [-8.66224, 27.80365, -0.84555],
							"size": [0.4, 4.1, 0.1],
							"pivot": [25.89141, 40.80909, 3.98512],
							"rotation": [4.99527, 0.21782, 2.5095],
							"uv": {
								"north": {"uv": [12, 96], "uv_size": [1, 4]},
								"east": {"uv": [13, 96], "uv_size": [1, 4]},
								"south": {"uv": [96, 13], "uv_size": [1, 4]},
								"west": {"uv": [14, 96], "uv_size": [1, 4]},
								"up": {"uv": [94, 104], "uv_size": [1, 1]},
								"down": {"uv": [104, 95], "uv_size": [1, -1]}
							}
						},
						{
							"origin": [23.77316, 0.46737, -3.26109],
							"size": [2.05, 3.2, 5.3],
							"pivot": [34.72573, 43.6834, 4.2807],
							"rotation": [2.69136, -4.21541, 62.40093],
							"uv": {
								"north": {"uv": [81, 89], "uv_size": [2, 3]},
								"east": {"uv": [67, 8], "uv_size": [5, 3]},
								"south": {"uv": [83, 89], "uv_size": [2, 3]},
								"west": {"uv": [70, 11], "uv_size": [5, 3]},
								"up": {"uv": [23, 7], "uv_size": [2, 5]},
								"down": {"uv": [18, 35], "uv_size": [2, -5]}
							}
						},
						{
							"origin": [23.67316, 0.46737, -1.16109],
							"size": [0.15, 3.2, 1.1],
							"pivot": [34.72573, 43.6834, 4.2807],
							"rotation": [2.69136, -4.21541, 62.40093],
							"uv": {
								"north": {"uv": [98, 9], "uv_size": [1, 3]},
								"east": {"uv": [98, 12], "uv_size": [1, 3]},
								"south": {"uv": [15, 98], "uv_size": [1, 3]},
								"west": {"uv": [98, 40], "uv_size": [1, 3]},
								"up": {"uv": [98, 104], "uv_size": [1, 1]},
								"down": {"uv": [104, 99], "uv_size": [1, -1]}
							}
						},
						{
							"origin": [-8.3904, 26.2764, -0.56384],
							"size": [2.8, 3, 2.8],
							"uv": {
								"north": {"uv": [48, 77], "uv_size": [3, 3]},
								"east": {"uv": [77, 56], "uv_size": [3, 3]},
								"south": {"uv": [77, 59], "uv_size": [3, 3]},
								"west": {"uv": [60, 77], "uv_size": [3, 3]},
								"up": {"uv": [63, 77], "uv_size": [3, 3]},
								"down": {"uv": [66, 80], "uv_size": [3, -3]}
							}
						},
						{
							"origin": [-8.47774, 25.52655, 5.24896],
							"size": [2.8, 2, 2],
							"pivot": [25.84229, 34.72376, 3.99562],
							"rotation": [-45.02728, 1.76749, -1.76833],
							"uv": {
								"north": {"uv": [87, 87], "uv_size": [3, 2]},
								"east": {"uv": [92, 58], "uv_size": [2, 2]},
								"south": {"uv": [88, 1], "uv_size": [3, 2]},
								"west": {"uv": [92, 62], "uv_size": [2, 2]},
								"up": {"uv": [88, 3], "uv_size": [3, 2]},
								"down": {"uv": [88, 7], "uv_size": [3, -2]}
							}
						}
					]
				},
				{
					"name": "RightForeArm2",
					"parent": "RightArm",
					"pivot": [8.625, 20.68181, 2.61302],
					"rotation": [-15, 0, 0],
					"cubes": [
						{
							"origin": [-8.59329, 19.87297, -1.84609],
							"size": [3, 6.25, 3],
							"uv": {
								"north": {"uv": [35, 59], "uv_size": [3, 6]},
								"east": {"uv": [64, 5], "uv_size": [3, 6]},
								"south": {"uv": [8, 64], "uv_size": [3, 6]},
								"west": {"uv": [11, 64], "uv_size": [3, 6]},
								"up": {"uv": [69, 77], "uv_size": [3, 3]},
								"down": {"uv": [72, 80], "uv_size": [3, -3]}
							}
						},
						{
							"origin": [-9.09329, 19.87297, -2.09609],
							"size": [3.75, 2.25, 3.5],
							"uv": {
								"north": {"uv": [83, 22], "uv_size": [4, 2]},
								"east": {"uv": [85, 89], "uv_size": [3, 2]},
								"south": {"uv": [83, 41], "uv_size": [4, 2]},
								"west": {"uv": [88, 89], "uv_size": [3, 2]},
								"up": {"uv": [3, 76], "uv_size": [4, 3]},
								"down": {"uv": [76, 10], "uv_size": [4, -3]}
							}
						},
						{
							"origin": [-9.39222, 22.10751, -0.65186],
							"size": [1.9, 0.45, 0.5],
							"uv": {
								"north": {"uv": [102, 5], "uv_size": [2, 1]},
								"east": {"uv": [102, 104], "uv_size": [1, 1]},
								"south": {"uv": [102, 8], "uv_size": [2, 1]},
								"west": {"uv": [104, 102], "uv_size": [1, 1]},
								"up": {"uv": [102, 9], "uv_size": [2, 1]},
								"down": {"uv": [102, 11], "uv_size": [2, -1]}
							}
						},
						{
							"origin": [-9.39222, 22.70751, -0.75186],
							"size": [1.9, 0.15, 0.7],
							"uv": {
								"north": {"uv": [0, 102], "uv_size": [2, 1]},
								"east": {"uv": [101, 104], "uv_size": [1, 1]},
								"south": {"uv": [2, 102], "uv_size": [2, 1]},
								"west": {"uv": [104, 101], "uv_size": [1, 1]},
								"up": {"uv": [4, 102], "uv_size": [2, 1]},
								"down": {"uv": [102, 5], "uv_size": [2, -1]}
							}
						},
						{
							"origin": [-9.39222, 19.80751, -0.05186],
							"size": [1.9, 2.95, 0.1],
							"uv": {
								"north": {"uv": [51, 90], "uv_size": [2, 3]},
								"east": {"uv": [21, 99], "uv_size": [1, 3]},
								"south": {"uv": [53, 90], "uv_size": [2, 3]},
								"west": {"uv": [26, 99], "uv_size": [1, 3]},
								"up": {"uv": [101, 100], "uv_size": [2, 1]},
								"down": {"uv": [101, 102], "uv_size": [2, -1]}
							}
						},
						{
							"origin": [-9.39222, 19.80751, -0.85186],
							"size": [1.9, 2.95, 0.1],
							"uv": {
								"north": {"uv": [32, 90], "uv_size": [2, 3]},
								"east": {"uv": [99, 11], "uv_size": [1, 3]},
								"south": {"uv": [42, 90], "uv_size": [2, 3]},
								"west": {"uv": [20, 99], "uv_size": [1, 3]},
								"up": {"uv": [101, 98], "uv_size": [2, 1]},
								"down": {"uv": [101, 100], "uv_size": [2, -1]}
							}
						},
						{
							"origin": [-9.29222, 19.80751, -0.75186],
							"size": [1.8, 2.95, 0.7],
							"uv": {
								"north": {"uv": [28, 90], "uv_size": [2, 3]},
								"east": {"uv": [94, 98], "uv_size": [1, 3]},
								"south": {"uv": [30, 90], "uv_size": [2, 3]},
								"west": {"uv": [96, 98], "uv_size": [1, 3]},
								"up": {"uv": [101, 95], "uv_size": [2, 1]},
								"down": {"uv": [101, 98], "uv_size": [2, -1]}
							}
						},
						{
							"origin": [-9.19222, 21.15751, -2.15186],
							"size": [3.9, 0.5, 3.6],
							"uv": {
								"north": {"uv": [96, 18], "uv_size": [4, 1]},
								"east": {"uv": [96, 19], "uv_size": [4, 1]},
								"south": {"uv": [96, 20], "uv_size": [4, 1]},
								"west": {"uv": [96, 21], "uv_size": [4, 1]},
								"up": {"uv": [69, 69], "uv_size": [4, 4]},
								"down": {"uv": [8, 74], "uv_size": [4, -4]}
							}
						}
					]
				},
				{
					"name": "RightHand",
					"parent": "RightForeArm2",
					"pivot": [8.125, 15.20681, 2.61302],
					"cubes": [
						{
							"origin": [-8.49329, 15.83334, -4.27332],
							"size": [2.6, 2.35, 2],
							"pivot": [12.5, 14.93181, 2.01302],
							"rotation": [-45, 0, 0],
							"uv": {
								"north": {"uv": [88, 7], "uv_size": [3, 2]},
								"east": {"uv": [64, 92], "uv_size": [2, 2]},
								"south": {"uv": [88, 9], "uv_size": [3, 2]},
								"west": {"uv": [92, 64], "uv_size": [2, 2]},
								"up": {"uv": [88, 11], "uv_size": [3, 2]},
								"down": {"uv": [88, 15], "uv_size": [3, -2]}
							}
						},
						{
							"origin": [-8.59329, 17.87297, -1.84609],
							"size": [3, 2.25, 3],
							"uv": {
								"north": {"uv": [88, 15], "uv_size": [3, 2]},
								"east": {"uv": [88, 17], "uv_size": [3, 2]},
								"south": {"uv": [88, 19], "uv_size": [3, 2]},
								"west": {"uv": [88, 21], "uv_size": [3, 2]},
								"up": {"uv": [78, 10], "uv_size": [3, 3]},
								"down": {"uv": [13, 81], "uv_size": [3, -3]}
							}
						},
						{
							"origin": [-3.03636, 23.85891, -2.24609],
							"size": [1, 2.25, 1],
							"pivot": [9.475, 14.68181, 0.86302],
							"rotation": [0, 0, -22.5],
							"uv": {
								"north": {"uv": [100, 49], "uv_size": [1, 2]},
								"east": {"uv": [53, 100], "uv_size": [1, 2]},
								"south": {"uv": [100, 53], "uv_size": [1, 2]},
								"west": {"uv": [54, 100], "uv_size": [1, 2]},
								"up": {"uv": [21, 104], "uv_size": [1, 1]},
								"down": {"uv": [104, 22], "uv_size": [1, -1]}
							}
						}
					]
				},
				{
					"name": "RightHandLocator",
					"parent": "RightHand",
					"pivot": [-6.1, 18.88181, 0.23802]
				}
			]
		}
	]
}