{
	"format_version": "1.12.0",
	"minecraft:geometry": [
		{
			"description": {
				"identifier": "geometry.unknown",
				"texture_width": 256,
				"texture_height": 256,
				"visible_bounds_width": 4,
				"visible_bounds_height": 4.5,
				"visible_bounds_offset": [0, 1.75, 0]
			},
			"bones": [
				{
					"name": "RightArm",
					"pivot": [-2.925, 26.915, 0],
					"cubes": [
						{
							"origin": [-4.5, 21.56, -1.62],
							"size": [2.745, 5.4, 3.24],
							"uv": {
								"north": {"uv": [87, 105], "uv_size": [-3, 7]},
								"east": {"uv": [90, 105], "uv_size": [-3, 7]},
								"south": {"uv": [93, 105], "uv_size": [-3, 7]},
								"west": {"uv": [84, 105], "uv_size": [-3, 7]},
								"up": {"uv": [87, 102], "uv_size": [-3, 3]},
								"down": {"uv": [90, 105], "uv_size": [-3, -3]}
							}
						}
					]
				},
				{
					"name": "RightForeArm",
					"parent": "RightArm",
					"pivot": [-3.01792, 21.95365, -0.045],
					"cubes": [
						{
							"origin": [-4.51125, 16.7225, -1.58625],
							"size": [2.68875, 5.4, 3.2175],
							"uv": {
								"north": {"uv": [56, 109], "uv_size": [-1, 1]},
								"east": {"uv": [97, 111], "uv_size": [-1, 1]},
								"south": {"uv": [96, 111], "uv_size": [-1, 1]},
								"west": {"uv": [56, 110], "uv_size": [-1, 1]},
								"up": {"uv": [114, 13], "uv_size": [-1, 1]},
								"down": {"uv": [15, 114], "uv_size": [-1, -1]}
							}
						},
						{
							"origin": [-4.5225, 14.6975, -1.305],
							"size": [2.68875, 2.7, 2.7],
							"uv": {
								"north": {"uv": [119, 3], "uv_size": [3, 3]},
								"east": {"uv": [116, 3], "uv_size": [3, 3]},
								"south": {"uv": [125, 3], "uv_size": [3, 3]},
								"west": {"uv": [122, 3], "uv_size": [3, 3]},
								"up": {"uv": [119, 0], "uv_size": [3, 3]},
								"down": {"uv": [122, 3], "uv_size": [3, -3]}
							}
						}
					]
				},
				{
					"name": "bone4",
					"parent": "RightForeArm",
					"pivot": [0, 1.175, 0],
					"cubes": [
						{
							"origin": [-2.16729, 15.93775, -1.599],
							"size": [1.803, 1.803, 3.243],
							"inflate": -0.015,
							"pivot": [-0.90579, 18.36925, 0.0225],
							"rotation": [0, 0, -65],
							"uv": {
								"north": {"uv": [159, 67], "uv_size": [14, 10]},
								"east": {"uv": [122, 33], "uv_size": [3, 2]},
								"south": {"uv": [173, 67], "uv_size": [-14, 10]},
								"west": {"uv": [196, 77], "uv_size": [12, 10]},
								"up": {"uv": [125, 30], "uv_size": [2, 3]},
								"down": {"uv": [127, 33], "uv_size": [2, -3]}
							}
						},
						{
							"origin": [-4.5225, 16.7225, -1.5975],
							"size": [2.7, 5.41125, 3.24],
							"uv": {
								"north": {"uv": [3, 110], "uv_size": [3, 6]},
								"east": {"uv": [0, 110], "uv_size": [3, 6]},
								"south": {"uv": [9, 110], "uv_size": [3, 6]},
								"west": {"uv": [6, 110], "uv_size": [3, 6]},
								"up": {"uv": [3, 107], "uv_size": [3, 3]},
								"down": {"uv": [6, 110], "uv_size": [3, -3]}
							}
						},
						{
							"origin": [-2.453, 16.722, -1.598],
							"size": [1.801, 5.401, 3.241],
							"inflate": -0.005,
							"pivot": [-3.1725, 18.5225, 0.2925],
							"rotation": [0, 0, -20],
							"uv": {
								"north": {"uv": [227, 7], "uv_size": [15, 23]},
								"east": {"uv": [113, 68], "uv_size": [3, 6]},
								"south": {"uv": [242, 7], "uv_size": [-15, 23]},
								"west": {"uv": [118, 68], "uv_size": [3, 6]},
								"up": {"uv": [116, 65], "uv_size": [2, 3]},
								"down": {"uv": [118, 68], "uv_size": [2, -3]}
							}
						},
						{
							"origin": [-5.01513, 16.27734, -1.7775],
							"size": [4.86, 1.8, 3.6],
							"pivot": [-2.58513, 17.17734, 0.2925],
							"rotation": [0, 0, 7.5],
							"uv": {
								"north": {"uv": [142, 147], "uv_size": [34, 20]},
								"east": {"uv": [143, 147], "uv_size": [20, 20]},
								"south": {"uv": [142, 147], "uv_size": [34, 20]},
								"west": {"uv": [101, 66], "uv_size": [-4, 2]},
								"up": {"uv": [106, 62], "uv_size": [-5, 4]},
								"down": {"uv": [155, 18], "uv_size": [-13, -13]}
							}
						},
						{
							"origin": [-4.3458, 18.53316, -1.63125],
							"size": [0.99, 0.45, 0.01125],
							"pivot": [-3.8508, 18.71316, -1.62],
							"rotation": [0, 0, 11],
							"uv": {
								"north": {"uv": [0, 88], "uv_size": [1, 1]},
								"east": {"uv": [3, 88], "uv_size": [1, 1]},
								"south": {"uv": [88, 58], "uv_size": [1, 1]},
								"west": {"uv": [90, 2], "uv_size": [1, 1]},
								"up": {"uv": [90, 5], "uv_size": [1, 1]},
								"down": {"uv": [14, 91], "uv_size": [1, -1]}
							}
						},
						{
							"origin": [-2.90901, 18.37346, -1.63125],
							"size": [0.99, 0.45, 0.01125],
							"pivot": [-2.32401, 18.59846, -1.62],
							"rotation": [0, 0, 4],
							"uv": {
								"north": {"uv": [91, 17], "uv_size": [1, 1]},
								"east": {"uv": [81, 91], "uv_size": [1, 1]},
								"south": {"uv": [91, 90], "uv_size": [1, 1]},
								"west": {"uv": [92, 13], "uv_size": [1, 1]},
								"up": {"uv": [93, 5], "uv_size": [1, 1]},
								"down": {"uv": [93, 50], "uv_size": [1, -1]}
							}
						},
						{
							"origin": [-1.38252, 18.27301, -1.63125],
							"size": [0.99, 0.45, 0.01125],
							"pivot": [-0.88752, 18.49801, -1.62],
							"rotation": [0, 0, -3.5],
							"uv": {
								"north": {"uv": [84, 93], "uv_size": [1, 1]},
								"east": {"uv": [94, 51], "uv_size": [1, 1]},
								"south": {"uv": [94, 52], "uv_size": [1, 1]},
								"west": {"uv": [44, 95], "uv_size": [1, 1]},
								"up": {"uv": [53, 95], "uv_size": [1, 1]},
								"down": {"uv": [95, 78], "uv_size": [1, -1]}
							}
						},
						{
							"origin": [-0.43166, 16.27734, -1.76625],
							"size": [2.16, 1.5975, 3.5775],
							"pivot": [1.99834, 17.17734, -0.2475],
							"rotation": [0, 0, -7.5],
							"uv": {
								"north": {"uv": [188.8, 118.2], "uv_size": [20, 19]},
								"east": {"uv": [72, 119], "uv_size": [-4, 2]},
								"south": {"uv": [189, 119], "uv_size": [20, 19]},
								"west": {"uv": [143, 148], "uv_size": [31, 19]},
								"up": {"uv": [68, 115], "uv_size": [-2, 4]},
								"down": {"uv": [70, 154], "uv_size": [-10, -13]}
							}
						},
						{
							"origin": [-1.80679, 17.37825, -1.5985],
							"size": [1.802, 2.702, 3.242],
							"inflate": -0.01,
							"pivot": [-0.90579, 18.36925, 0.2925],
							"rotation": [0, 0, -41.5],
							"uv": {
								"north": {"uv": [165, 1], "uv_size": [14, 10]},
								"east": {"uv": [91, 122], "uv_size": [3, 3]},
								"south": {"uv": [179, 1], "uv_size": [-14, 10]},
								"west": {"uv": [96, 122], "uv_size": [3, 3]},
								"up": {"uv": [94, 119], "uv_size": [2, 3]},
								"down": {"uv": [96, 122], "uv_size": [2, -3]}
							}
						}
					]
				},
				{
					"name": "bone2",
					"parent": "bone4",
					"pivot": [-4.49002, 17.78303, -0.27],
					"cubes": [
						{
							"origin": [-4.94002, 17.98553, -1.78875],
							"size": [0.945, 0.4275, 3.63375],
							"pivot": [-4.49002, 17.78303, -0.27],
							"rotation": [0, 0, 6],
							"uv": {
								"north": {"uv": [36, 90], "uv_size": [1, 1]},
								"east": {"uv": [101, 67], "uv_size": [4, 1]},
								"south": {"uv": [39, 90], "uv_size": [1, 1]},
								"west": {"uv": [101, 68], "uv_size": [4, 1]},
								"up": {"uv": [20, 100], "uv_size": [1, 4]},
								"down": {"uv": [102, 74], "uv_size": [1, -4]}
							}
						},
						{
							"origin": [-2.90901, 18.37346, 1.665],
							"size": [0.99, 0.45, 0.01125],
							"pivot": [-2.32401, 18.59846, 1.665],
							"rotation": [0, 0, 4],
							"uv": {
								"north": {"uv": [97, 97], "uv_size": [1, 1]},
								"east": {"uv": [98, 27], "uv_size": [1, 1]},
								"south": {"uv": [54, 98], "uv_size": [1, 1]},
								"west": {"uv": [98, 77], "uv_size": [1, 1]},
								"up": {"uv": [97, 98], "uv_size": [1, 1]},
								"down": {"uv": [99, 2], "uv_size": [1, -1]}
							}
						},
						{
							"origin": [-4.3458, 18.53316, 1.665],
							"size": [0.99, 0.45, 0.01125],
							"pivot": [-3.8508, 18.71316, 1.665],
							"rotation": [0, 0, 11],
							"uv": {
								"north": {"uv": [96, 35], "uv_size": [1, 1]},
								"east": {"uv": [96, 38], "uv_size": [1, 1]},
								"south": {"uv": [44, 96], "uv_size": [1, 1]},
								"west": {"uv": [51, 96], "uv_size": [1, 1]},
								"up": {"uv": [44, 97], "uv_size": [1, 1]},
								"down": {"uv": [97, 56], "uv_size": [1, -1]}
							}
						},
						{
							"origin": [-1.38252, 18.27301, 1.665],
							"size": [0.99, 0.45, 0.01125],
							"pivot": [-0.88752, 18.49801, 1.665],
							"rotation": [0, 0, -3.5],
							"uv": {
								"north": {"uv": [99, 2], "uv_size": [1, 1]},
								"east": {"uv": [16, 99], "uv_size": [1, 1]},
								"south": {"uv": [29, 99], "uv_size": [1, 1]},
								"west": {"uv": [32, 99], "uv_size": [1, 1]},
								"up": {"uv": [99, 38], "uv_size": [1, 1]},
								"down": {"uv": [54, 100], "uv_size": [1, -1]}
							}
						},
						{
							"origin": [-4.98502, 17.98553, -1.8],
							"size": [1.26, 0.2925, 3.69],
							"pivot": [-4.49002, 17.78303, -0.27],
							"rotation": [0, 0, 6],
							"uv": {
								"north": {"uv": [15, 90], "uv_size": [1, 1]},
								"east": {"uv": [33, 101], "uv_size": [4, 1]},
								"south": {"uv": [90, 25], "uv_size": [1, 1]},
								"west": {"uv": [101, 66], "uv_size": [4, 1]},
								"up": {"uv": [41, 99], "uv_size": [1, 4]},
								"down": {"uv": [68, 103], "uv_size": [1, -4]}
							}
						},
						{
							"origin": [-4.98502, 17.53553, -1.8],
							"size": [1.67625, 0.4725, 3.69],
							"pivot": [-4.49002, 17.78303, -0.27],
							"rotation": [0, 0, 6],
							"uv": {
								"north": {"uv": [14, 91], "uv_size": [2, 1]},
								"east": {"uv": [63, 99], "uv_size": [4, 1]},
								"south": {"uv": [19, 99], "uv_size": [2, 1]},
								"west": {"uv": [100, 10], "uv_size": [4, 1]},
								"up": {"uv": [103, 85], "uv_size": [2, 4]},
								"down": {"uv": [104, 11], "uv_size": [2, -4]}
							}
						}
					]
				},
				{
					"name": "RightHand",
					"parent": "RightForeArm",
					"pivot": [-3.1725, 15.3725, 0.045],
					"cubes": [
						{
							"origin": [-3.6225, 14.9225, -0.405],
							"size": [0.9, 0.9, 0.9],
							"uv": {
								"north": {"uv": [50, 29], "uv_size": [1, 1]},
								"east": {"uv": [49, 29], "uv_size": [1, 1]},
								"south": {"uv": [52, 29], "uv_size": [1, 1]},
								"west": {"uv": [51, 29], "uv_size": [1, 1]},
								"up": {"uv": [50, 28], "uv_size": [1, 1]},
								"down": {"uv": [51, 29], "uv_size": [1, -1]}
							}
						}
					]
				},
				{
					"name": "RightHandLocator",
					"parent": "RightHand",
					"pivot": [-3.1725, 15.3725, 0.045]
				},
				{
					"name": "bb_main3",
					"parent": "RightForeArm",
					"pivot": [-2.8, 14.3, -1.6],
					"rotation": [0.01928, 3.96101, -16.94242]
				},
				{
					"name": "huo",
					"parent": "bb_main3",
					"pivot": [-4.05041, -18.27432, 10.4851]
				},
				{
					"name": "fire",
					"parent": "huo",
					"pivot": [-4.05041, -18.27432, 10.4851]
				},
				{
					"name": "guang",
					"parent": "bb_main3",
					"pivot": [-4.05041, -18.27432, 10.4851]
				},
				{
					"name": "light",
					"parent": "guang",
					"pivot": [-4.05041, -18.27432, 10.4851]
				},
				{
					"name": "an",
					"parent": "bb_main3",
					"pivot": [-4.05041, -18.27432, 10.4851]
				},
				{
					"name": "dark",
					"parent": "an",
					"pivot": [-4.05041, -18.27432, 10.4851]
				},
				{
					"name": "feng",
					"parent": "bb_main3",
					"pivot": [-4.05041, -18.27432, 10.4851]
				},
				{
					"name": "wind",
					"parent": "feng",
					"pivot": [-4.05041, -18.27432, 10.4851]
				},
				{
					"name": "shui",
					"parent": "bb_main3",
					"pivot": [-4.05041, -18.27432, 10.4851]
				},
				{
					"name": "water",
					"parent": "shui",
					"pivot": [-4.05041, -18.27432, 10.4851]
				},
				{
					"name": "xiuzi",
					"parent": "RightArm",
					"pivot": [0, 0.725, 0],
					"cubes": [
						{
							"origin": [-4.53375, 21.54875, -1.6425],
							"size": [2.80125, 0.91125, 3.3525],
							"uv": {
								"north": {"uv": [1, 0], "uv_size": [-1, 1]},
								"east": {"uv": [108, 108], "uv_size": [-1, 1]},
								"south": {"uv": [108, 107], "uv_size": [-1, 1]},
								"west": {"uv": [1, 1], "uv_size": [-1, 1]},
								"up": {"uv": [109, 107], "uv_size": [-1, 1]},
								"down": {"uv": [109, 109], "uv_size": [-1, -1]}
							}
						},
						{
							"origin": [-4.14, 22.73, -1.7325],
							"size": [1.305, 0.27, 0.0225],
							"pivot": [-3.7125, 23.045, -1.72125],
							"rotation": [0, 0, -42.5],
							"uv": {
								"north": {"uv": [5, 69], "uv_size": [-1, 1]},
								"east": {"uv": [70, 6], "uv_size": [-1, 1]},
								"south": {"uv": [6, 69], "uv_size": [-1, 1]},
								"west": {"uv": [70, 4], "uv_size": [-1, 1]},
								"up": {"uv": [70, 7], "uv_size": [-1, 1]},
								"down": {"uv": [70, 9], "uv_size": [-1, -1]}
							}
						},
						{
							"origin": [-4.59, 22.46, -1.71],
							"size": [2.925, 1.8, 3.42],
							"uv": {
								"north": {"uv": [57, 0], "uv_size": [-3, 7]},
								"east": {"uv": [93, 70], "uv_size": [-4, 7]},
								"south": {"uv": [96, 70], "uv_size": [-3, 7]},
								"west": {"uv": [48, 9], "uv_size": [-4, 7]},
								"up": {"uv": [60, 0], "uv_size": [-3, 4]},
								"down": {"uv": [63, 4], "uv_size": [-3, -4]}
							}
						},
						{
							"origin": [-4.59, 23.63, -1.7325],
							"size": [1.305, 0.27, 0.0225],
							"pivot": [-3.7125, 23.045, -1.72125],
							"rotation": [0, 0, 32.5],
							"uv": {
								"north": {"uv": [5, 69], "uv_size": [-1, 1]},
								"east": {"uv": [70, 6], "uv_size": [-1, 1]},
								"south": {"uv": [6, 69], "uv_size": [-1, 1]},
								"west": {"uv": [70, 4], "uv_size": [-1, 1]},
								"up": {"uv": [70, 7], "uv_size": [-1, 1]},
								"down": {"uv": [70, 9], "uv_size": [-1, -1]}
							}
						}
					]
				},
				{
					"name": "LeftArm",
					"pivot": [2.925, 26.915, 0],
					"cubes": [
						{
							"origin": [1.755, 21.56, -1.62],
							"size": [2.745, 5.4, 3.24],
							"uv": {
								"north": {"uv": [84, 105], "uv_size": [3, 7]},
								"east": {"uv": [81, 105], "uv_size": [3, 7]},
								"south": {"uv": [90, 105], "uv_size": [3, 7]},
								"west": {"uv": [87, 105], "uv_size": [3, 7]},
								"up": {"uv": [84, 102], "uv_size": [3, 3]},
								"down": {"uv": [87, 105], "uv_size": [3, -3]}
							}
						}
					]
				},
				{
					"name": "xiuzi2",
					"parent": "LeftArm",
					"pivot": [0, 0.725, 0],
					"cubes": [
						{
							"origin": [2.835, 22.73, -1.7325],
							"size": [1.305, 0.27, 0.0225],
							"pivot": [3.7125, 23.045, -1.72125],
							"rotation": [0, 0, 42.5],
							"uv": {
								"north": {"uv": [4, 69], "uv_size": [1, 1]},
								"east": {"uv": [69, 4], "uv_size": [1, 1]},
								"south": {"uv": [5, 69], "uv_size": [1, 1]},
								"west": {"uv": [69, 6], "uv_size": [1, 1]},
								"up": {"uv": [69, 7], "uv_size": [1, 1]},
								"down": {"uv": [69, 9], "uv_size": [1, -1]}
							}
						},
						{
							"origin": [1.665, 22.46, -1.71],
							"size": [2.925, 1.8, 3.42],
							"uv": {
								"north": {"uv": [54, 0], "uv_size": [3, 7]},
								"east": {"uv": [44, 9], "uv_size": [4, 7]},
								"south": {"uv": [93, 70], "uv_size": [3, 7]},
								"west": {"uv": [89, 70], "uv_size": [4, 7]},
								"up": {"uv": [57, 0], "uv_size": [3, 4]},
								"down": {"uv": [60, 4], "uv_size": [3, -4]}
							}
						},
						{
							"origin": [3.285, 23.63, -1.7325],
							"size": [1.305, 0.27, 0.0225],
							"pivot": [3.7125, 23.045, -1.72125],
							"rotation": [0, 0, -32.5],
							"uv": {
								"north": {"uv": [4, 69], "uv_size": [1, 1]},
								"east": {"uv": [69, 4], "uv_size": [1, 1]},
								"south": {"uv": [5, 69], "uv_size": [1, 1]},
								"west": {"uv": [69, 6], "uv_size": [1, 1]},
								"up": {"uv": [69, 7], "uv_size": [1, 1]},
								"down": {"uv": [69, 9], "uv_size": [1, -1]}
							}
						},
						{
							"origin": [1.7325, 21.54875, -1.6425],
							"size": [2.80125, 0.91125, 3.3525],
							"uv": {
								"north": {"uv": [0, 0], "uv_size": [1, 1]},
								"east": {"uv": [0, 1], "uv_size": [1, 1]},
								"south": {"uv": [107, 107], "uv_size": [1, 1]},
								"west": {"uv": [107, 108], "uv_size": [1, 1]},
								"up": {"uv": [108, 107], "uv_size": [1, 1]},
								"down": {"uv": [108, 109], "uv_size": [1, -1]}
							}
						}
					]
				},
				{
					"name": "LeftForeArm",
					"parent": "LeftArm",
					"pivot": [3.01793, 21.95365, -0.045],
					"cubes": [
						{
							"origin": [1.8225, 16.7225, -1.58625],
							"size": [2.68875, 5.4, 3.2175],
							"uv": {
								"north": {"uv": [55, 109], "uv_size": [1, 1]},
								"east": {"uv": [55, 110], "uv_size": [1, 1]},
								"south": {"uv": [95, 111], "uv_size": [1, 1]},
								"west": {"uv": [96, 111], "uv_size": [1, 1]},
								"up": {"uv": [113, 13], "uv_size": [1, 1]},
								"down": {"uv": [14, 114], "uv_size": [1, -1]}
							}
						},
						{
							"origin": [1.83375, 14.6975, -1.305],
							"size": [2.68875, 2.7, 2.7],
							"uv": {
								"north": {"uv": [41, 119], "uv_size": [3, 3]},
								"east": {"uv": [38, 119], "uv_size": [3, 3]},
								"south": {"uv": [47, 119], "uv_size": [3, 3]},
								"west": {"uv": [44, 119], "uv_size": [3, 3]},
								"up": {"uv": [41, 116], "uv_size": [3, 3]},
								"down": {"uv": [44, 119], "uv_size": [3, -3]}
							}
						}
					]
				},
				{
					"name": "bone3",
					"parent": "LeftForeArm",
					"pivot": [0, 1.175, 0],
					"cubes": [
						{
							"origin": [3.3558, 18.53316, -1.63125],
							"size": [0.99, 0.45, 0.01125],
							"pivot": [3.8508, 18.71316, -1.62],
							"rotation": [0, 0, -11],
							"uv": {
								"north": {"uv": [81, 102], "uv_size": [1, 1]},
								"east": {"uv": [90, 102], "uv_size": [1, 1]},
								"south": {"uv": [33, 103], "uv_size": [1, 1]},
								"west": {"uv": [103, 35], "uv_size": [1, 1]},
								"up": {"uv": [103, 61], "uv_size": [1, 1]},
								"down": {"uv": [68, 104], "uv_size": [1, -1]}
							}
						},
						{
							"origin": [1.91901, 18.37346, -1.6425],
							"size": [0.99, 0.45, 0.0225],
							"pivot": [2.32401, 18.59846, -1.62],
							"rotation": [0, 0, -4],
							"uv": {
								"north": {"uv": [101, 58], "uv_size": [1, 1]},
								"east": {"uv": [101, 70], "uv_size": [1, 1]},
								"south": {"uv": [33, 102], "uv_size": [1, 1]},
								"west": {"uv": [38, 102], "uv_size": [1, 1]},
								"up": {"uv": [102, 74], "uv_size": [1, 1]},
								"down": {"uv": [102, 76], "uv_size": [1, -1]}
							}
						},
						{
							"origin": [0.00479, 17.37825, -1.5985],
							"size": [1.802, 2.702, 3.242],
							"inflate": -0.01,
							"pivot": [0.90579, 18.36925, 0.2925],
							"rotation": [0, 0, 41.5],
							"uv": {
								"north": {"uv": [179, 1], "uv_size": [-14, 10]},
								"east": {"uv": [99, 122], "uv_size": [-3, 3]},
								"south": {"uv": [165, 1], "uv_size": [14, 10]},
								"west": {"uv": [94, 122], "uv_size": [-3, 3]},
								"up": {"uv": [96, 119], "uv_size": [-2, 3]},
								"down": {"uv": [98, 122], "uv_size": [-2, -3]}
							}
						},
						{
							"origin": [0.39252, 18.27301, -1.63125],
							"size": [0.99, 0.45, 0.01125],
							"pivot": [0.88752, 18.49801, -1.62],
							"rotation": [0, 0, 3.5],
							"uv": {
								"north": {"uv": [10, 100], "uv_size": [1, 1]},
								"east": {"uv": [13, 100], "uv_size": [1, 1]},
								"south": {"uv": [100, 38], "uv_size": [1, 1]},
								"west": {"uv": [100, 39], "uv_size": [1, 1]},
								"up": {"uv": [100, 55], "uv_size": [1, 1]},
								"down": {"uv": [100, 63], "uv_size": [1, -1]}
							}
						},
						{
							"origin": [-1.72834, 16.27734, -1.76625],
							"size": [2.16, 1.5975, 3.5775],
							"pivot": [-1.99834, 17.17734, -0.2475],
							"rotation": [0, 0, 7.5],
							"uv": {
								"north": {"uv": [209.6, 119], "uv_size": [-20, 19]},
								"east": {"uv": [174, 148], "uv_size": [-31, 19]},
								"south": {"uv": [209, 119], "uv_size": [-20, 19]},
								"west": {"uv": [68, 119], "uv_size": [4, 2]},
								"up": {"uv": [66, 115], "uv_size": [2, 4]},
								"down": {"uv": [60, 154], "uv_size": [10, -13]}
							}
						},
						{
							"origin": [0.36429, 15.93775, -1.599],
							"size": [1.803, 1.803, 3.243],
							"inflate": -0.015,
							"pivot": [0.90579, 18.36925, 0.0225],
							"rotation": [0, 0, 65],
							"uv": {
								"north": {"uv": [173, 67], "uv_size": [-14, 10]},
								"east": {"uv": [208, 77], "uv_size": [-12, 10]},
								"south": {"uv": [159, 67], "uv_size": [14, 10]},
								"west": {"uv": [125, 33], "uv_size": [-3, 2]},
								"up": {"uv": [127, 30], "uv_size": [-2, 3]},
								"down": {"uv": [129, 33], "uv_size": [-2, -3]}
							}
						},
						{
							"origin": [0.15513, 16.27734, -1.7775],
							"size": [4.86, 1.8, 3.6],
							"pivot": [2.58513, 17.17734, 0.2925],
							"rotation": [0, 0, -7.5],
							"uv": {
								"north": {"uv": [176, 147], "uv_size": [-34, 20]},
								"east": {"uv": [97, 66], "uv_size": [4, 2]},
								"south": {"uv": [176, 147], "uv_size": [-34, 20]},
								"west": {"uv": [163, 147], "uv_size": [-20, 20]},
								"up": {"uv": [101, 62], "uv_size": [5, 4]},
								"down": {"uv": [142, 18], "uv_size": [13, -13]}
							}
						},
						{
							"origin": [1.8225, 16.7225, -1.5975],
							"size": [2.7, 5.41125, 3.24],
							"uv": {
								"north": {"uv": [45, 110], "uv_size": [3, 6]},
								"east": {"uv": [42, 110], "uv_size": [3, 6]},
								"south": {"uv": [51, 110], "uv_size": [3, 6]},
								"west": {"uv": [48, 110], "uv_size": [3, 6]},
								"up": {"uv": [45, 107], "uv_size": [3, 3]},
								"down": {"uv": [48, 110], "uv_size": [3, -3]}
							}
						},
						{
							"origin": [0.652, 16.722, -1.598],
							"size": [1.801, 5.401, 3.241],
							"inflate": -0.005,
							"pivot": [3.1725, 18.5225, 0.2925],
							"rotation": [0, 0, 20],
							"uv": {
								"north": {"uv": [242, 7], "uv_size": [-15, 23]},
								"east": {"uv": [121, 68], "uv_size": [-3, 6]},
								"south": {"uv": [227, 7], "uv_size": [15, 23]},
								"west": {"uv": [116, 68], "uv_size": [-3, 6]},
								"up": {"uv": [118, 65], "uv_size": [-2, 3]},
								"down": {"uv": [120, 68], "uv_size": [-2, -3]}
							}
						}
					]
				},
				{
					"name": "bone",
					"parent": "bone3",
					"pivot": [4.49002, 17.78303, -0.27],
					"cubes": [
						{
							"origin": [3.99502, 17.98553, -1.78875],
							"size": [0.945, 0.4275, 3.63375],
							"pivot": [4.49002, 17.78303, -0.27],
							"rotation": [0, 0, -6],
							"uv": {
								"north": {"uv": [0, 100], "uv_size": [1, 1]},
								"east": {"uv": [3, 106], "uv_size": [4, 1]},
								"south": {"uv": [3, 100], "uv_size": [1, 1]},
								"west": {"uv": [29, 106], "uv_size": [4, 1]},
								"up": {"uv": [80, 106], "uv_size": [1, 4]},
								"down": {"uv": [18, 111], "uv_size": [1, -4]}
							}
						},
						{
							"origin": [3.3558, 18.53316, 1.665],
							"size": [0.99, 0.45, 0.01125],
							"pivot": [3.8508, 18.71316, 1.665],
							"rotation": [0, 0, -11],
							"uv": {
								"north": {"uv": [81, 103], "uv_size": [1, 1]},
								"east": {"uv": [103, 89], "uv_size": [1, 1]},
								"south": {"uv": [94, 103], "uv_size": [1, 1]},
								"west": {"uv": [104, 61], "uv_size": [1, 1]},
								"up": {"uv": [81, 104], "uv_size": [1, 1]},
								"down": {"uv": [104, 90], "uv_size": [1, -1]}
							}
						},
						{
							"origin": [0.39252, 18.27301, 1.665],
							"size": [0.99, 0.45, 0.01125],
							"pivot": [0.88752, 18.49801, 1.665],
							"rotation": [0, 0, 3.5],
							"uv": {
								"north": {"uv": [105, 21], "uv_size": [1, 1]},
								"east": {"uv": [22, 105], "uv_size": [1, 1]},
								"south": {"uv": [105, 61], "uv_size": [1, 1]},
								"west": {"uv": [105, 68], "uv_size": [1, 1]},
								"up": {"uv": [105, 89], "uv_size": [1, 1]},
								"down": {"uv": [93, 106], "uv_size": [1, -1]}
							}
						},
						{
							"origin": [1.91901, 18.37346, 1.665],
							"size": [0.99, 0.45, 0.01125],
							"pivot": [2.32401, 18.59846, 1.665],
							"rotation": [0, 0, -4],
							"uv": {
								"north": {"uv": [94, 104], "uv_size": [1, 1]},
								"east": {"uv": [104, 97], "uv_size": [1, 1]},
								"south": {"uv": [104, 98], "uv_size": [1, 1]},
								"west": {"uv": [104, 99], "uv_size": [1, 1]},
								"up": {"uv": [20, 105], "uv_size": [1, 1]},
								"down": {"uv": [21, 106], "uv_size": [1, -1]}
							}
						},
						{
							"origin": [3.72502, 17.98553, -1.8],
							"size": [1.26, 0.2925, 3.69],
							"pivot": [4.49002, 17.78303, -0.27],
							"rotation": [0, 0, -6],
							"uv": {
								"north": {"uv": [67, 99], "uv_size": [1, 1]},
								"east": {"uv": [105, 66], "uv_size": [4, 1]},
								"south": {"uv": [97, 99], "uv_size": [1, 1]},
								"west": {"uv": [105, 67], "uv_size": [4, 1]},
								"up": {"uv": [105, 85], "uv_size": [1, 4]},
								"down": {"uv": [2, 110], "uv_size": [1, -4]}
							}
						},
						{
							"origin": [3.30877, 17.53553, -1.8],
							"size": [1.67625, 0.4725, 3.69],
							"pivot": [4.49002, 17.78303, -0.27],
							"rotation": [0, 0, -6],
							"uv": {
								"north": {"uv": [101, 45], "uv_size": [2, 1]},
								"east": {"uv": [16, 105], "uv_size": [4, 1]},
								"south": {"uv": [93, 102], "uv_size": [2, 1]},
								"west": {"uv": [29, 105], "uv_size": [4, 1]},
								"up": {"uv": [105, 45], "uv_size": [2, 4]},
								"down": {"uv": [106, 11], "uv_size": [2, -4]}
							}
						}
					]
				},
				{
					"name": "LeftHand",
					"parent": "LeftForeArm",
					"pivot": [3.1725, 15.3725, 0.045],
					"cubes": [
						{
							"origin": [2.7225, 14.9225, -0.405],
							"size": [0.9, 0.9, 0.9],
							"uv": {
								"north": {"uv": [66, 7], "uv_size": [1, 1]},
								"east": {"uv": [65, 7], "uv_size": [1, 1]},
								"south": {"uv": [68, 7], "uv_size": [1, 1]},
								"west": {"uv": [67, 7], "uv_size": [1, 1]},
								"up": {"uv": [66, 6], "uv_size": [1, 1]},
								"down": {"uv": [67, 7], "uv_size": [1, -1]}
							}
						}
					]
				},
				{
					"name": "LeftHandLocator",
					"parent": "LeftHand",
					"pivot": [3.1725, 15.3725, 0.045]
				},
				{
					"name": "Arm",
					"pivot": [-0.18, 26.915, 0]
				}
			]
		}
	]
}