{
	"format_version": "1.12.0",
	"minecraft:geometry": [
		{
			"description": {
				"identifier": "geometry.unknown",
				"texture_width": 32,
				"texture_height": 32,
				"visible_bounds_width": 2,
				"visible_bounds_height": 1.5,
				"visible_bounds_offset": [0, 0.25, 0]
			},
			"bones": [
				{
					"name": "arrow",
					"pivot": [13, 0.0553, 0],
					"rotation": [0, 45, -90],
					"cubes": [
						{
							"origin": [12.6, -5, -0.4],
							"size": [0.8, 24, 0.8],
							"uv": {
								"north": {"uv": [0, 0], "uv_size": [1, 19]},
								"east": {"uv": [1, 0], "uv_size": [1, 19]},
								"south": {"uv": [2, 0], "uv_size": [1, 19]},
								"west": {"uv": [3, 0], "uv_size": [1, 19]},
								"up": {"uv": [13, 11], "uv_size": [1, 1]},
								"down": {"uv": [12, 14], "uv_size": [1, -1]}
							}
						},
						{
							"origin": [12.5, 4.6, -0.5],
							"size": [1, 0.5, 1],
							"uv": {
								"north": {"uv": [13, 14], "uv_size": [1, 1]},
								"east": {"uv": [14, 13], "uv_size": [1, 1]},
								"south": {"uv": [14, 14], "uv_size": [1, 1]},
								"west": {"uv": [15, 0], "uv_size": [1, 1]},
								"up": {"uv": [15, 1], "uv_size": [1, 1]},
								"down": {"uv": [15, 3], "uv_size": [1, -1]}
							}
						},
						{
							"origin": [12.5, 4, -0.5],
							"size": [1, 0.5, 1],
							"uv": {
								"north": {"uv": [15, 3], "uv_size": [1, 1]},
								"east": {"uv": [4, 15], "uv_size": [1, 1]},
								"south": {"uv": [15, 4], "uv_size": [1, 1]},
								"west": {"uv": [5, 15], "uv_size": [1, 1]},
								"up": {"uv": [15, 5], "uv_size": [1, 1]},
								"down": {"uv": [6, 16], "uv_size": [1, -1]}
							}
						},
						{
							"origin": [12.85, -4.22512, 0.23651],
							"size": [0.3, 3, 1.05],
							"uv": {
								"north": {"uv": [8, 0], "uv_size": [1, 3]},
								"east": {"uv": [8, 3], "uv_size": [1, 3]},
								"south": {"uv": [4, 8], "uv_size": [1, 3]},
								"west": {"uv": [5, 8], "uv_size": [1, 3]},
								"up": {"uv": [13, 12], "uv_size": [1, 1]},
								"down": {"uv": [13, 14], "uv_size": [1, -1]}
							}
						},
						{
							"origin": [12.85, -1.63702, -0.1468],
							"size": [0.3, 2, 0.8],
							"pivot": [13, -0.13702, 0.1282],
							"rotation": [27.5, 0, 0],
							"uv": {
								"north": {"uv": [4, 11], "uv_size": [1, 2]},
								"east": {"uv": [5, 11], "uv_size": [1, 2]},
								"south": {"uv": [6, 11], "uv_size": [1, 2]},
								"west": {"uv": [11, 6], "uv_size": [1, 2]},
								"up": {"uv": [14, 3], "uv_size": [1, 1]},
								"down": {"uv": [14, 5], "uv_size": [1, -1]}
							}
						},
						{
							"origin": [12.85, -4.22512, -1.28651],
							"size": [0.3, 3, 1.05],
							"uv": {
								"north": {"uv": [6, 8], "uv_size": [1, 3]},
								"east": {"uv": [7, 8], "uv_size": [1, 3]},
								"south": {"uv": [8, 8], "uv_size": [1, 3]},
								"west": {"uv": [9, 0], "uv_size": [1, 3]},
								"up": {"uv": [14, 6], "uv_size": [1, 1]},
								"down": {"uv": [14, 8], "uv_size": [1, -1]}
							}
						},
						{
							"origin": [12.85, -1.63702, -0.6532],
							"size": [0.3, 2, 0.8],
							"pivot": [13, -0.13702, -0.1282],
							"rotation": [-27.5, 0, 0],
							"uv": {
								"north": {"uv": [7, 11], "uv_size": [1, 2]},
								"east": {"uv": [8, 11], "uv_size": [1, 2]},
								"south": {"uv": [11, 8], "uv_size": [1, 2]},
								"west": {"uv": [9, 11], "uv_size": [1, 2]},
								"up": {"uv": [5, 14], "uv_size": [1, 1]},
								"down": {"uv": [6, 15], "uv_size": [1, -1]}
							}
						},
						{
							"origin": [12.85, -4.22512, -1.28651],
							"size": [0.3, 3, 1.05],
							"pivot": [13, -1.62396, 0],
							"rotation": [0, 90, 0],
							"uv": {
								"north": {"uv": [10, 6], "uv_size": [1, 3]},
								"east": {"uv": [10, 9], "uv_size": [1, 3]},
								"south": {"uv": [11, 0], "uv_size": [1, 3]},
								"west": {"uv": [11, 3], "uv_size": [1, 3]},
								"up": {"uv": [12, 14], "uv_size": [1, 1]},
								"down": {"uv": [14, 13], "uv_size": [1, -1]}
							}
						},
						{
							"origin": [12.85, -1.86423, -1.32531],
							"size": [0.3, 2, 0.8],
							"pivot": [13, -1.62396, 0],
							"rotation": [0, 90, 27.5],
							"uv": {
								"north": {"uv": [12, 6], "uv_size": [1, 2]},
								"east": {"uv": [12, 8], "uv_size": [1, 2]},
								"south": {"uv": [10, 12], "uv_size": [1, 2]},
								"west": {"uv": [12, 10], "uv_size": [1, 2]},
								"up": {"uv": [14, 10], "uv_size": [1, 1]},
								"down": {"uv": [14, 12], "uv_size": [1, -1]}
							}
						},
						{
							"origin": [12.85, -4.22512, 0.23651],
							"size": [0.3, 3, 1.05],
							"pivot": [13, -1.62396, 0],
							"rotation": [0, 90, 0],
							"uv": {
								"north": {"uv": [9, 3], "uv_size": [1, 3]},
								"east": {"uv": [9, 8], "uv_size": [1, 3]},
								"south": {"uv": [10, 0], "uv_size": [1, 3]},
								"west": {"uv": [10, 3], "uv_size": [1, 3]},
								"up": {"uv": [14, 9], "uv_size": [1, 1]},
								"down": {"uv": [10, 15], "uv_size": [1, -1]}
							}
						},
						{
							"origin": [12.85, -1.86423, 0.52531],
							"size": [0.3, 2, 0.8],
							"pivot": [13, -1.62396, 0],
							"rotation": [0, 90, -27.5],
							"uv": {
								"north": {"uv": [11, 10], "uv_size": [1, 2]},
								"east": {"uv": [12, 0], "uv_size": [1, 2]},
								"south": {"uv": [12, 2], "uv_size": [1, 2]},
								"west": {"uv": [12, 4], "uv_size": [1, 2]},
								"up": {"uv": [8, 14], "uv_size": [1, 1]},
								"down": {"uv": [9, 15], "uv_size": [1, -1]}
							}
						}
					]
				},
				{
					"name": "bone",
					"parent": "arrow",
					"pivot": [13, 4.225, 0.45],
					"rotation": [22.5, 0, 0],
					"cubes": [
						{
							"origin": [12, 1.1, -1.05],
							"size": [2, 0.25, 6],
							"pivot": [13, 1.225, 0.45],
							"rotation": [-90, 0, 0],
							"uv": {
								"north": {"uv": [11, 12], "uv_size": [2, 1]},
								"east": {"uv": [4, 6], "uv_size": [6, 1]},
								"south": {"uv": [13, 0], "uv_size": [2, 1]},
								"west": {"uv": [4, 7], "uv_size": [6, 1]},
								"up": {"uv": [4, 0], "uv_size": [2, 6]},
								"down": {"uv": [4, 6], "uv_size": [2, -6]}
							}
						},
						{
							"origin": [12.875, 2.6, -1.05],
							"size": [0.25, 0.25, 2],
							"pivot": [13, 2.725, 0.45],
							"rotation": [-90, 45, 0],
							"uv": {
								"north": {"uv": [15, 12], "uv_size": [1, 1]},
								"east": {"uv": [13, 1], "uv_size": [2, 1]},
								"south": {"uv": [13, 15], "uv_size": [1, 1]},
								"west": {"uv": [13, 2], "uv_size": [2, 1]},
								"up": {"uv": [13, 3], "uv_size": [1, 2]},
								"down": {"uv": [4, 15], "uv_size": [1, -2]}
							}
						},
						{
							"origin": [12.75, 2.225, 0.2],
							"size": [0.5, 0.5, 0.5],
							"pivot": [13, 2.475, 0.45],
							"rotation": [-90, 0, -45],
							"uv": {
								"north": {"uv": [17, 11], "uv_size": [1, 1]},
								"east": {"uv": [12, 17], "uv_size": [1, 1]},
								"south": {"uv": [17, 12], "uv_size": [1, 1]},
								"west": {"uv": [13, 17], "uv_size": [1, 1]},
								"up": {"uv": [17, 13], "uv_size": [1, 1]},
								"down": {"uv": [14, 18], "uv_size": [1, -1]}
							}
						}
					]
				},
				{
					"name": "bone2",
					"parent": "arrow",
					"pivot": [12.5, 3.975, 0.175],
					"rotation": [0, 0, 15],
					"cubes": [
						{
							"origin": [12.25, 1.85, -0.325],
							"size": [0.25, 0.25, 1],
							"pivot": [12.375, 1.975, 0.175],
							"rotation": [-90, 45, 7.5],
							"uv": {
								"north": {"uv": [15, 13], "uv_size": [1, 1]},
								"east": {"uv": [14, 15], "uv_size": [1, 1]},
								"south": {"uv": [15, 14], "uv_size": [1, 1]},
								"west": {"uv": [15, 15], "uv_size": [1, 1]},
								"up": {"uv": [16, 0], "uv_size": [1, 1]},
								"down": {"uv": [16, 2], "uv_size": [1, -1]}
							}
						},
						{
							"origin": [12.375, 1.85, -0.275],
							"size": [0.25, 0.25, 1],
							"pivot": [12.375, 1.975, 0.175],
							"rotation": [-90, 0, 0],
							"uv": {
								"north": {"uv": [7, 16], "uv_size": [1, 1]},
								"east": {"uv": [16, 7], "uv_size": [1, 1]},
								"south": {"uv": [8, 16], "uv_size": [1, 1]},
								"west": {"uv": [16, 8], "uv_size": [1, 1]},
								"up": {"uv": [9, 16], "uv_size": [1, 1]},
								"down": {"uv": [16, 10], "uv_size": [1, -1]}
							}
						},
						{
							"origin": [12.375, 2.275, 0],
							"size": [0.35, 0.35, 0.35],
							"pivot": [12.5, 2.4, 0.175],
							"rotation": [0, 0, -45],
							"uv": {
								"north": {"uv": [10, 16], "uv_size": [1, 1]},
								"east": {"uv": [16, 10], "uv_size": [1, 1]},
								"south": {"uv": [11, 16], "uv_size": [1, 1]},
								"west": {"uv": [16, 11], "uv_size": [1, 1]},
								"up": {"uv": [12, 16], "uv_size": [1, 1]},
								"down": {"uv": [16, 13], "uv_size": [1, -1]}
							}
						},
						{
							"origin": [12.5, 1.85, -0.325],
							"size": [0.25, 0.25, 1],
							"pivot": [12.625, 1.975, 0.175],
							"rotation": [-90, -45, -7.5],
							"uv": {
								"north": {"uv": [4, 16], "uv_size": [1, 1]},
								"east": {"uv": [16, 4], "uv_size": [1, 1]},
								"south": {"uv": [5, 16], "uv_size": [1, 1]},
								"west": {"uv": [16, 5], "uv_size": [1, 1]},
								"up": {"uv": [6, 16], "uv_size": [1, 1]},
								"down": {"uv": [16, 7], "uv_size": [1, -1]}
							}
						},
						{
							"origin": [12.425, 2.4, -1.325],
							"size": [0.15, 0.15, 2],
							"pivot": [12.5, 2.475, 0.175],
							"rotation": [-90, 45, 0],
							"uv": {
								"north": {"uv": [16, 2], "uv_size": [1, 1]},
								"east": {"uv": [5, 13], "uv_size": [2, 1]},
								"south": {"uv": [16, 3], "uv_size": [1, 1]},
								"west": {"uv": [13, 5], "uv_size": [2, 1]},
								"up": {"uv": [13, 6], "uv_size": [1, 2]},
								"down": {"uv": [7, 15], "uv_size": [1, -2]}
							}
						}
					]
				},
				{
					"name": "bone3",
					"parent": "arrow",
					"pivot": [12.5, 3.975, -0.15],
					"rotation": [-9.40804, 3.40487, 34.71975],
					"cubes": [
						{
							"origin": [12.25, 1.85, -0.65],
							"size": [0.25, 0.25, 1],
							"pivot": [12.375, 1.975, -0.15],
							"rotation": [-90, 45, 7.5],
							"uv": {
								"north": {"uv": [13, 16], "uv_size": [1, 1]},
								"east": {"uv": [16, 13], "uv_size": [1, 1]},
								"south": {"uv": [14, 16], "uv_size": [1, 1]},
								"west": {"uv": [16, 14], "uv_size": [1, 1]},
								"up": {"uv": [15, 16], "uv_size": [1, 1]},
								"down": {"uv": [16, 16], "uv_size": [1, -1]}
							}
						},
						{
							"origin": [12.375, 1.85, -0.6],
							"size": [0.25, 0.25, 1],
							"pivot": [12.375, 1.975, -0.15],
							"rotation": [-90, 0, 0],
							"uv": {
								"north": {"uv": [16, 16], "uv_size": [1, 1]},
								"east": {"uv": [17, 0], "uv_size": [1, 1]},
								"south": {"uv": [17, 1], "uv_size": [1, 1]},
								"west": {"uv": [17, 2], "uv_size": [1, 1]},
								"up": {"uv": [17, 3], "uv_size": [1, 1]},
								"down": {"uv": [4, 18], "uv_size": [1, -1]}
							}
						},
						{
							"origin": [12.375, 2.275, -0.325],
							"size": [0.35, 0.35, 0.35],
							"pivot": [12.5, 2.4, -0.15],
							"rotation": [0, 0, -45],
							"uv": {
								"north": {"uv": [17, 4], "uv_size": [1, 1]},
								"east": {"uv": [5, 17], "uv_size": [1, 1]},
								"south": {"uv": [17, 5], "uv_size": [1, 1]},
								"west": {"uv": [6, 17], "uv_size": [1, 1]},
								"up": {"uv": [17, 6], "uv_size": [1, 1]},
								"down": {"uv": [7, 18], "uv_size": [1, -1]}
							}
						},
						{
							"origin": [12.5, 1.85, -0.65],
							"size": [0.25, 0.25, 1],
							"pivot": [12.625, 1.975, -0.15],
							"rotation": [-90, -45, -7.5],
							"uv": {
								"north": {"uv": [17, 7], "uv_size": [1, 1]},
								"east": {"uv": [8, 17], "uv_size": [1, 1]},
								"south": {"uv": [17, 8], "uv_size": [1, 1]},
								"west": {"uv": [9, 17], "uv_size": [1, 1]},
								"up": {"uv": [17, 9], "uv_size": [1, 1]},
								"down": {"uv": [10, 18], "uv_size": [1, -1]}
							}
						},
						{
							"origin": [12.425, 2.4, -1.65],
							"size": [0.15, 0.15, 2],
							"pivot": [12.5, 2.475, -0.15],
							"rotation": [-90, 45, 0],
							"uv": {
								"north": {"uv": [17, 10], "uv_size": [1, 1]},
								"east": {"uv": [8, 13], "uv_size": [2, 1]},
								"south": {"uv": [11, 17], "uv_size": [1, 1]},
								"west": {"uv": [13, 8], "uv_size": [2, 1]},
								"up": {"uv": [13, 9], "uv_size": [1, 2]},
								"down": {"uv": [11, 15], "uv_size": [1, -2]}
							}
						}
					]
				},
				{
					"name": "ld",
					"parent": "arrow",
					"pivot": [13.35, 4.2, 0.5],
					"rotation": [-22.5, 12.5, 0],
					"cubes": [
						{
							"origin": [12.85, 3.7, 0],
							"size": [1, 1, 1],
							"uv": {
								"north": {"uv": [15, 6], "uv_size": [1, 1]},
								"east": {"uv": [7, 15], "uv_size": [1, 1]},
								"south": {"uv": [15, 7], "uv_size": [1, 1]},
								"west": {"uv": [8, 15], "uv_size": [1, 1]},
								"up": {"uv": [15, 8], "uv_size": [1, 1]},
								"down": {"uv": [9, 16], "uv_size": [1, -1]}
							}
						}
					]
				},
				{
					"name": "ld2",
					"parent": "arrow",
					"pivot": [12.4, 4, 0.5],
					"rotation": [-22.5, -12.5, 0],
					"cubes": [
						{
							"origin": [11.9, 3.5, 0],
							"size": [1, 1, 1],
							"pivot": [12.4, 4, 0.5],
							"rotation": [0, -12.5, 0],
							"uv": {
								"north": {"uv": [15, 9], "uv_size": [1, 1]},
								"east": {"uv": [10, 15], "uv_size": [1, 1]},
								"south": {"uv": [15, 10], "uv_size": [1, 1]},
								"west": {"uv": [11, 15], "uv_size": [1, 1]},
								"up": {"uv": [15, 11], "uv_size": [1, 1]},
								"down": {"uv": [12, 16], "uv_size": [1, -1]}
							}
						}
					]
				}
			]
		}
	]
}