{
	"format_version": "1.12.0",
	"minecraft:geometry": [
		{
			"description": {
				"identifier": "geometry.unknown",
				"texture_width": 64,
				"texture_height": 64,
				"visible_bounds_width": 5,
				"visible_bounds_height": 3.5,
				"visible_bounds_offset": [0, 1.25, 0]
			},
			"bones": [
				{
					"name": "RightArm",
					"pivot": [-2, 22, -3],
					"cubes": [
						{"origin": [-3, 16, -4], "size": [2, 6, 2], "uv": [0, 0]}
					]
				},
				{
					"name": "LeftArm",
					"pivot": [2, 22, -3],
					"cubes": [
						{"origin": [1, 16, -4], "size": [2, 6, 2], "uv": [0, 31]}
					]
				}
			]
		}
	]
}