{
	"format_version": "1.8.0",
	"animations": {
		"jump": {
			"loop": true,
			"animation_length": 0.75,
			"bones": {
				"UpperBody": {
					"rotation": {
						"0.0": [0, 0, 0],
						"0.375": [1, 0, 0],
						"0.75": [0, 0, 0]
					}
				},
				"Head": {
					"rotation": {
						"0.0": [0, 0, 0],
						"0.375": [-1, 0, 0],
						"0.75": [0, 0, 0]
					}
				},
				"Arm": {
					"rotation": {
						"0.0": [0, 0, 0],
						"0.375": [-5, 0, 0],
						"0.75": [0, 0, 0]
					}
				},
				"wb": {
					"rotation": ["(query.vertical_speed>0)?(math.clamp((5*query.vertical_speed),0,60)):-(math.clamp((5*query.vertical_speed),-60,0))", 0, 0]
				},
				"Leg": {
					"rotation": {
						"0.0": [0, 0, 0],
						"0.375": [5, 0, 0],
						"0.75": [0, 0, 0]
					}
				}
			}
		},
		"run": {
			"loop": true,
			"animation_length": 0.6667,
			"bones": {
				"root": {
					"position": {
						"0.0": [0, -1.23, 0],
						"0.0417": [0, -1.67, 0],
						"0.0833": [0, -1.96, 0],
						"0.125": [0, -1.37, 0],
						"0.1667": [0, -0.74, 0],
						"0.2083": [0, -0.73, 0],
						"0.25": [0, -0.86, 0],
						"0.2917": [0, -1.05, 0],
						"0.3333": [0, -1.23, 0],
						"0.375": [0, -1.7, 0],
						"0.4167": [0, -1.96, 0],
						"0.4583": [0, -1.37, 0],
						"0.5": [0, -0.74, 0],
						"0.5417": [0, -0.67, 0],
						"0.5833": [0, -0.69, 0],
						"0.625": [0, -0.86, 0],
						"0.6667": [0, -1.23, 0]
					}
				},
				"LeftArm": {
					"rotation": {
						"0.0": [55, 0, 0],
						"0.3333": [-45, 0, 0],
						"0.6667": [55, 0, 0]
					}
				},
				"LeftForeArm": {
					"rotation": {
						"0.0": [-36.83, 0, 0],
						"0.0417": [-58.31, 0, 0],
						"0.0833": [-65.47, 0, 0],
						"0.125": [-72.97, 0, 0],
						"0.1667": [-82.86, 0, 0],
						"0.2083": [-100.91, 0, 0],
						"0.25": [-121.36, 0, 0],
						"0.2917": [-128.9, 0, 0],
						"0.3333": [-118.38, 0, 0],
						"0.375": [-98.01, 0, 0],
						"0.4167": [-75.52, 0, 0],
						"0.4583": [-58.64, 0, 0],
						"0.5": [-50.83, 0, 0],
						"0.5417": [-45.38, 0, 0],
						"0.5833": [-41.66, 0, 0],
						"0.625": [-39.02, 0, 0],
						"0.6667": [-36.83, 0, 0]
					},
					"position": {
						"0.0": [0, 0, 0],
						"0.0417": [0, 0, 0],
						"0.0833": [0, 0, 0],
						"0.125": [0, 0, 0],
						"0.1667": [0, 0, 0],
						"0.2083": [0, 0, 0],
						"0.25": [0, 0, 0],
						"0.2917": [0, 0, 0],
						"0.3333": [0, 0, 0],
						"0.375": [0, 0, 0],
						"0.4167": [0, 0, 0],
						"0.4583": [0, 0, 0],
						"0.5": [0, 0, 0],
						"0.5417": [0, 0, 0],
						"0.5833": [0, 0, 0],
						"0.625": [0, 0, 0],
						"0.6667": [0, 0, 0]
					}
				},
				"RightArm": {
					"rotation": {
						"0.0": [-45, 0, 0],
						"0.3333": [55, 0, 0],
						"0.6667": [-45, 0, 0]
					}
				},
				"LeftLeg": {
					"rotation": {
						"0.0": [-45, 0, 0],
						"0.3333": [55, 0, 0],
						"0.6667": [-45, 0, 0]
					}
				},
				"RightLeg": {
					"rotation": {
						"0.0": [55, 0, 0],
						"0.3333": [-45, 0, 0],
						"0.6667": [55, 0, 0]
					}
				},
				"Head": {
					"rotation": {
						"0.0": [-21.48, 0, 0],
						"0.0417": [-18.41, 0, 0],
						"0.0833": [-20.91, 0, 0],
						"0.125": [-24.94, 0, 0],
						"0.1667": [-28.77, 0, 0],
						"0.2083": [-30.69, 0, 0],
						"0.25": [-27.05, 0, 0],
						"0.2917": [-21.48, 0, 0],
						"0.3333": [-18.41, 0, 0],
						"0.375": [-20.91, 0, 0],
						"0.4167": [-24.94, 0, 0],
						"0.4583": [-28.77, 0, 0],
						"0.5": [-30.69, 0, 0],
						"0.5417": [-29.68, 0, 0],
						"0.5833": [-26.86, 0, 0],
						"0.625": [-23.64, 0, 0],
						"0.6667": [-21.48, 0, 0]
					}
				},
				"wb": {
					"rotation": {
						"0.0": {
							"post": [10, -50, 10],
							"lerp_mode": "catmullrom"
						},
						"0.3333": {
							"post": [10, 50, -10],
							"lerp_mode": "catmullrom"
						},
						"0.6667": {
							"post": [10, -50, 10],
							"lerp_mode": "catmullrom"
						}
					}
				}
			}
		},
		"walk": {
			"loop": true,
			"animation_length": 1,
			"bones": {
				"root": {
					"rotation": {
						"0.0": [0, 0, 0],
						"0.0833": [0, 0, 0],
						"0.1667": [0, 0, 0],
						"0.25": [0, 0, 0],
						"0.3333": [0, 0, 0],
						"0.4167": [0, 0, 0],
						"0.5": [0, 0, 0]
					},
					"position": {
						"0.0": [0, -0.5, 0],
						"0.0833": [0.06, -0.66, 0],
						"0.125": [0.1, -0.7, 0],
						"0.1667": [0.16, -0.63, 0],
						"0.25": [0.27, -0.39, 0],
						"0.3333": [0.24, -0.22, 0],
						"0.375": [0.2, -0.2, 0],
						"0.4167": [0.14, -0.27, 0],
						"0.5": [0, -0.5, 0],
						"0.5833": [-0.07, -0.67, 0],
						"0.625": [-0.1, -0.7, 0],
						"0.6667": [-0.16, -0.63, 0],
						"0.75": [-0.27, -0.39, 0],
						"0.8333": [-0.24, -0.22, 0],
						"0.875": [-0.2, -0.2, 0],
						"0.9167": [-0.14, -0.28, 0],
						"1.0": [0, -0.5, 0]
					},
					"scale": 1
				},
				"UpBody": {
					"rotation": {
						"0.0": [1, 0, -0.04],
						"0.0833": [1.03, -1.79, -0.29],
						"0.125": [1.03, -2.3, -0.36],
						"0.1667": [1.03, -2.25, -0.34],
						"0.25": [1.03, -1.87, -0.27],
						"0.3333": [1.01, -1.27, -0.17],
						"0.4167": [1, -0.6, -0.05],
						"0.5": [1, 0, 0.04],
						"0.5833": [1.03, 1.87, 0.31],
						"0.625": [1.03, 2.3, 0.36],
						"0.6667": [1.03, 2.24, 0.34],
						"0.75": [1.03, 1.82, 0.26],
						"0.8333": [1.02, 1.17, 0.15],
						"0.9167": [1, 0.5, 0.04],
						"1.0": [1, 0, -0.04]
					},
					"position": [0, 0, 0]
				},
				"UpperBody": {
					"rotation": {
						"0.0": [0, -2, 0],
						"0.0833": [0.02, -1.13, 0.78],
						"0.125": [0.02, -0.5, 1],
						"0.1667": [0.02, -0.24, 0.97],
						"0.25": [0.02, 0.41, 0.81],
						"0.3333": [0.01, 1.11, 0.55],
						"0.4167": [0, 1.69, 0.26],
						"0.5": [0, 2, 0],
						"0.5833": [0.02, 1.22, -0.81],
						"0.625": [0.02, 0.5, -1],
						"0.6667": [0.02, 0.24, -0.97],
						"0.75": [0.02, -0.47, -0.79],
						"0.8333": [0.01, -1.22, -0.51],
						"0.9167": [0, -1.81, -0.22],
						"1.0": [0, -2, 0]
					},
					"position": [0, 0, 0]
				},
				"LeftArm": {
					"rotation": {
						"0.0": [15, 0, 0],
						"0.0833": [11.04, 0, 0],
						"0.1667": [5, 0, 0],
						"0.25": [-1.87, 0, 0],
						"0.3333": [-8.33, 0, 0],
						"0.4167": [-13.12, 0, 0],
						"0.5": [-15, 0, 0],
						"0.5833": [-13.13, 0, 0],
						"0.6667": [-8.33, 0, 0],
						"0.75": [-1.87, 0, 0],
						"0.8333": [5, 0, 0],
						"0.9167": [11.04, 0, 0],
						"1.0": [15, 0, 0]
					},
					"position": [0, 0, 0]
				},
				"RightArm": {
					"rotation": {
						"0.0": [-15, 0, 0],
						"0.0833": [-11.04, 0, 0],
						"0.1667": [-5, 0, 0],
						"0.25": [1.88, 0, 0],
						"0.3333": [8.33, 0, 0],
						"0.4167": [13.13, 0, 0],
						"0.5": [15, 0, 0],
						"0.5833": [12.84, 0, 0],
						"0.6667": [7.41, 0, 0],
						"0.75": [0.31, 0, 0],
						"0.8333": [-6.85, 0, 0],
						"0.9167": [-12.49, 0, 0],
						"1.0": [-15, 0, 0]
					},
					"position": [0, 0, 0]
				},
				"RightForeArm": {
					"rotation": {
						"0.0": [-7.5, 0, 0],
						"0.0833": [-8.94, 0, 0],
						"0.1667": [-11, 0, 0],
						"0.25": [-13.4, 0, 0],
						"0.3333": [-15.88, 0, 0],
						"0.4167": [-18.17, 0, 0],
						"0.5": [-20, 0, 0],
						"0.5833": [-24.71, 0, 0],
						"0.6667": [-25.59, 0, 0],
						"0.75": [-22.31, 0, 0],
						"0.8333": [-16.9, 0, 0],
						"0.9167": [-11.31, 0, 0],
						"1.0": [-7.5, 0, 0]
					},
					"position": [0, 0, 0]
				},
				"LeftLeg": {
					"rotation": {
						"0.0": [-30, -2, 0],
						"0.0833": [-28.65, -2.26, -0.45],
						"0.125": [-25.97, -2.36, -0.66],
						"0.1667": [-20.58, -2.4, -0.73],
						"0.25": [-5.97, -2.36, -0.87],
						"0.3333": [10.25, -2.1, -1.6],
						"0.375": [16.55, -1.96, -1.94],
						"0.4167": [20.33, -1.96, -2.25],
						"0.5": [21.55, -1.68, -2.41],
						"0.5833": [11.4, 0.38, -0.69],
						"0.625": [4.5, 1.21, 0.09],
						"0.6667": [-3.24, 1.36, 0.35],
						"0.75": [-17.99, 1, 0.35],
						"0.8333": [-21.82, 1.2, 0.36],
						"0.875": [-22.99, 0.98, 0.32],
						"0.9167": [-27.28, 0.09, 0.31],
						"1.0": [-30, -2, 0]
					},
					"position": {
						"0.0": [0, 0, 0],
						"0.0833": [0, 0, 0],
						"0.1667": [0, 0, 0],
						"0.25": [0, 0, 0],
						"0.3333": [0, 0, 0],
						"0.4167": [0, 0, 0],
						"0.5": [0, 0, 0],
						"0.5833": [0, 0, 0],
						"0.6667": [0, 0, 0],
						"0.75": [0, 0, 0],
						"0.8333": [0, 0, 0],
						"0.9167": [0, 0, 0],
						"1.0": [0, 0, 0]
					}
				},
				"RightLeg": {
					"rotation": {
						"0.0": [21.55, 1.68, 2.41],
						"0.0833": [11.22, -0.37, 0.67],
						"0.125": [4.5, -1.21, -0.09],
						"0.1667": [-3.24, -1.36, -0.35],
						"0.25": [-17.99, -1, -0.35],
						"0.3333": [-21.82, -1.2, -0.36],
						"0.375": [-22.99, -0.98, -0.32],
						"0.4167": [-25.59, -0.11, -0.25],
						"0.5": [-30, 2, 0],
						"0.5833": [-28.91, 2.37, 0.46],
						"0.625": [-25.97, 2.36, 0.66],
						"0.6667": [-20.58, 2.4, 0.73],
						"0.75": [-5.97, 2.36, 0.87],
						"0.8333": [10.25, 2.1, 1.6],
						"0.875": [16.55, 1.96, 1.94],
						"0.9167": [19.7, 1.85, 2.16],
						"1.0": [21.55, 1.68, 2.41]
					},
					"position": {
						"0.0": [0, 0, 0],
						"0.0833": [0, 0, 0],
						"0.1667": [0, 0, 0],
						"0.25": [0, 0, 0],
						"0.3333": [0, 0, 0],
						"0.4167": [0, 0, 0],
						"0.5": [0, 0, 0],
						"0.5833": [0, 0, 0],
						"0.6667": [0, 0, 0],
						"0.75": [0, 0, 0],
						"0.8333": [0, 0, 0],
						"0.9167": [0, 0, 0],
						"1.0": [0, 0, 0]
					}
				},
				"AllBody": {
					"rotation": [0, 0, 0],
					"position": [0, 0, 0],
					"scale": 1
				},
				"Head": {
					"rotation": {
						"0.0": [0, 2, -0.03],
						"0.0833": [0.04, 3.1, 1.67],
						"0.125": [0.06, 3.03, 1.95],
						"0.1667": [0.07, 2.72, 1.73],
						"0.25": [0.07, 1.65, 0.83],
						"0.3333": [0.08, 0.28, -0.37],
						"0.4167": [0.08, -1.06, -1.5],
						"0.5": [0.08, -2.03, -2.22],
						"0.5833": [0.05, -3.29, -1.94],
						"0.625": [0.04, -3.02, -1.45],
						"0.6667": [0.03, -2.7, -1.31],
						"0.75": [0.02, -1.61, -0.97],
						"0.8333": [0.01, -0.22, -0.6],
						"0.9167": [0, 1.11, -0.27],
						"1.0": [0, 2, -0.03]
					}
				},
				"DownBody": {
					"rotation": {
						"0.0": [0, 1, 0],
						"0.0833": [0, 1.92, 0.33],
						"0.125": [0, 2.25, 0.5],
						"0.1667": [0, 2.23, 0.62],
						"0.25": [0, 1.75, 0.75],
						"0.3333": [0, 1.16, 0.62],
						"0.375": [0, 0.75, 0.5],
						"0.4167": [0, 0.2, 0.35],
						"0.5": [0, -1, 0],
						"0.5833": [0, -1.98, -0.35],
						"0.625": [0, -2.25, -0.5],
						"0.6667": [0, -2.23, -0.62],
						"0.75": [0, -1.75, -0.75],
						"0.8333": [0, -1.16, -0.62],
						"0.875": [0, -0.75, -0.5],
						"0.9167": [0, -0.15, -0.35],
						"1.0": [0, 1, 0]
					}
				},
				"wb": {
					"rotation": {
						"0.0": {
							"post": [10, -30, 10],
							"lerp_mode": "catmullrom"
						},
						"0.5": {
							"post": [10, 30, -10],
							"lerp_mode": "catmullrom"
						},
						"1.0": {
							"post": [10, -30, 10],
							"lerp_mode": "catmullrom"
						}
					}
				}
			}
		},
		"attacked": {
			"animation_length": 0.45833,
			"bones": {
				"UpBody": {
					"position": [0, 0, 0]
				},
				"LeftForeArm": {
					"rotation": {
						"0.0": [0, 0, 0],
						"0.0417": [-42.5, 0, 0],
						"0.0833": [-17.5, 0, 0],
						"0.125": [-43.5, 3.91, -6.97],
						"0.1667": [-65.75, 6.28, -13.65],
						"0.2083": [-53.39, 2.96, -14.55],
						"0.25": [-29.54, -2.42, -13.67],
						"0.2917": [-10.75, -6, -11.32],
						"0.3333": [-2.74, -4.93, -3.14],
						"0.375": [-1.43, -2.06, 4.23],
						"0.4167": [-0.13, -0.79, 3.09],
						"0.4583": [0, 0, 0]
					},
					"position": [0, 0, 0]
				},
				"RightForeArm": {
					"rotation": {
						"0.0": [0, 0, 0],
						"0.0417": [0, 0, 0],
						"0.0833": [0, 0, -1.26],
						"0.125": [0, 0, -3.18],
						"0.1667": [0, 0, -5.22],
						"0.2083": [0, 0, -6.84],
						"0.25": [0, 0, -7.5],
						"0.2917": [0, 0, -6.5],
						"0.3333": [0, 0, -4.22],
						"0.375": [0, 0, -1.7],
						"0.4167": [0, 0, 0],
						"0.4583": [0, 0, 0]
					},
					"position": [0, 0, 0]
				},
				"LeftLowerLeg": {
					"rotation": {
						"0.0": [0, 0, 0],
						"0.0417": [35, 0, 0],
						"0.0833": [50.73, -0.09, 0.12],
						"0.125": [62.15, -0.18, 0.24],
						"0.1667": [62.5, -0.26, 0.27],
						"0.2083": [63.16, -0.29, 0.28],
						"0.25": [62.5, -0.26, 0.27],
						"0.2917": [60.64, -0.06, 0.22],
						"0.3333": [52.25, 0.13, 0.15],
						"0.375": [25.48, 0.09, 0.07],
						"0.4167": [0, 0, 0],
						"0.4583": [0, 0, 0]
					},
					"position": {
						"0.0": [0, 0, 0],
						"0.0417": [0, 0, 0],
						"0.0833": [0, 0, 0],
						"0.125": [0, 0, 0],
						"0.1667": [0, 0, 0],
						"0.2083": [0, 0, 0],
						"0.25": [0, 0, 0],
						"0.2917": [0, 0, 0],
						"0.3333": [0, 0, 0],
						"0.375": [0, 0, 0],
						"0.4167": [0, 0, 0],
						"0.4583": [0, 0, 0]
					}
				},
				"LeftFoot": {
					"rotation": {
						"0.0": [0, 0, 0],
						"0.0417": [-10, 0, 0],
						"0.0833": [-9.26, 0, 0.02],
						"0.125": [-6.85, 0, 0.05],
						"0.1667": [-5, 0, 0.07],
						"0.2083": [-4.15, 0.01, 0.07],
						"0.25": [-5, 0, 0.07],
						"0.2917": [-10.12, -0.06, 0.11],
						"0.3333": [-13.55, -0.1, 0.13],
						"0.375": [-7.31, -0.06, 0.07],
						"0.4167": [0, 0, 0],
						"0.4583": [0, 0, 0]
					},
					"position": {
						"0.0": [0, 0, 0],
						"0.0417": [0, 0, 0],
						"0.0833": [0, 0, 0],
						"0.125": [0, 0, 0],
						"0.1667": [0, 0, 0],
						"0.2083": [0, 0, 0],
						"0.25": [0, 0, 0],
						"0.2917": [0, 0, 0],
						"0.3333": [0, 0, 0],
						"0.375": [0, 0, 0],
						"0.4167": [0, 0, 0],
						"0.4583": [0, 0, 0]
					}
				},
				"RightLowerLeg": {
					"rotation": {
						"0.0": [0, 0, 0],
						"0.0417": [15, 0, 0],
						"0.0833": [7.12, -0.3, 0.03],
						"0.125": [37.49, -0.6, 0.06],
						"0.1667": [39.73, -0.65, 0.08],
						"0.2083": [38.7, -0.67, 0.1],
						"0.25": [38.49, -0.65, 0.11],
						"0.2917": [45.64, -0.51, 0.09],
						"0.3333": [46.81, -0.33, 0.06],
						"0.375": [23.92, -0.14, 0.03],
						"0.4167": [0, 0, 0],
						"0.4583": [0, 0, 0]
					},
					"position": {
						"0.0": [0, 0, 0],
						"0.0417": [0, 0, 0],
						"0.0833": [0, 0, 0],
						"0.125": [0, 0, 0],
						"0.1667": [0, 0, 0],
						"0.2083": [0, 0, 0],
						"0.25": [0, 0, 0],
						"0.2917": [0, 0, 0],
						"0.3333": [0, 0, 0],
						"0.375": [0, 0, 0],
						"0.4167": [0, 0, 0],
						"0.4583": [0, 0, 0]
					}
				},
				"RightFoot": {
					"rotation": {
						"0.0": [0, 0, 0],
						"0.0417": [0, 0, 0],
						"0.0833": [-29.31, 0.33, -0.49],
						"0.125": [-42.49, 0.67, -0.9],
						"0.1667": [-42.56, 0.72, -0.74],
						"0.2083": [-40.16, 0.74, -0.46],
						"0.25": [-33.51, 0.71, -0.23],
						"0.2917": [-8.41, 0.56, -0.11],
						"0.3333": [13.81, 0.36, -0.07],
						"0.375": [9.86, 0.16, -0.03],
						"0.4167": [0, 0, 0],
						"0.4583": [0, 0, 0]
					},
					"position": {
						"0.0": [0, 0, 0],
						"0.0417": [0, 0, 0],
						"0.0833": [0, 0, 0],
						"0.125": [0, 0, 0],
						"0.1667": [0, 0, 0],
						"0.2083": [0, 0, 0],
						"0.25": [0, 0, 0],
						"0.2917": [0, 0, 0],
						"0.3333": [0, 0, 0],
						"0.375": [0, 0, 0],
						"0.4167": [0, 0, 0],
						"0.4583": [0, 0, 0]
					}
				},
				"AllBody": {
					"rotation": [0, 0, 0],
					"position": {
						"0.0": [0, 0, 0],
						"0.0417": [0, 0, 2],
						"0.0833": [0, 0, 3],
						"0.125": [0, 0, 3.5],
						"0.25": [0, 0, 0]
					},
					"scale": 1
				},
				"Head": {
					"rotation": {
						"0.0": [0, 0, 0],
						"0.0417": [-30.09, -4.33, 2.5],
						"0.0833": [9.88, -7.24, 1.95],
						"0.125": [26.71, -6.52, 1.68],
						"0.1667": [37.9, -4.87, 1.36],
						"0.2083": [39.33, -3.37, 1.05],
						"0.25": [37.07, -1.63, 0.7],
						"0.2917": [32.7, -0.34, 0.42],
						"0.3333": [20.82, 0.17, 0.24],
						"0.375": [8.52, 0.11, 0.15],
						"0.4167": [2.75, 0.08, 0.06],
						"0.4583": [0, 0, 0]
					}
				},
				"Arm": {
					"rotation": {
						"0.0": [0, 0, 0],
						"0.125": [-30, 0, 0],
						"0.2083": [0, 0, 0]
					}
				},
				"wb": {
					"rotation": {
						"0.0": [0, 0, 0],
						"0.125": [-60, 0, 0],
						"0.4583": [0, 0, 0]
					}
				},
				"Leg": {
					"rotation": {
						"0.0": [0, 0, 0],
						"0.125": [-22.5, 0, 0],
						"0.2083": [0, 0, 0]
					}
				}
			}
		},
		"sneak": {
			"loop": true,
			"animation_length": 1.5,
			"bones": {
				"root": {
					"rotation": {
						"0.0": [0, 0, 0],
						"0.125": [0, 0, 0],
						"0.25": [0, 0, 0],
						"0.375": [0, 0, 0],
						"0.5": [0, 0, 0],
						"0.625": [0, 0, 0],
						"0.75": [0, 0, 0]
					},
					"position": {
						"0.0": [0, -0.5, 0],
						"0.125": [0.06, -0.66, 0],
						"0.2083": [0.1, -0.7, 0],
						"0.25": [0.16, -0.63, 0],
						"0.375": [0.27, -0.39, 0],
						"0.5": [0.24, -0.22, 0],
						"0.5833": [0.2, -0.2, 0],
						"0.625": [0.14, -0.27, 0],
						"0.75": [0, -0.5, 0],
						"0.875": [-0.07, -0.67, 0],
						"0.9583": [-0.1, -0.7, 0],
						"1.0": [-0.16, -0.63, 0],
						"1.125": [-0.27, -0.39, 0],
						"1.25": [-0.24, -0.22, 0],
						"1.3333": [-0.2, -0.2, 0],
						"1.375": [-0.14, -0.28, 0],
						"1.5": [0, -0.5, 0]
					},
					"scale": 1
				},
				"UpBody": {
					"rotation": {
						"0.0": [1, 0, -0.04],
						"0.125": [1.03, -1.79, -0.29],
						"0.2083": [1.03, -2.3, -0.36],
						"0.25": [1.03, -2.25, -0.34],
						"0.375": [1.03, -1.87, -0.27],
						"0.5": [1.01, -1.27, -0.17],
						"0.625": [1, -0.6, -0.05],
						"0.75": [1, 0, 0.04],
						"0.875": [1.03, 1.87, 0.31],
						"0.9583": [1.03, 2.3, 0.36],
						"1.0": [1.03, 2.24, 0.34],
						"1.125": [1.03, 1.82, 0.26],
						"1.25": [1.02, 1.17, 0.15],
						"1.375": [1, 0.5, 0.04],
						"1.5": [1, 0, -0.04]
					},
					"position": [0, 0, 0]
				},
				"UpperBody": {
					"rotation": {
						"0.0": [0, -2, 0],
						"0.125": [0.02, -1.13, 0.78],
						"0.2083": [0.02, -0.5, 1],
						"0.25": [0.02, -0.24, 0.97],
						"0.375": [0.02, 0.41, 0.81],
						"0.5": [0.01, 1.11, 0.55],
						"0.625": [0, 1.69, 0.26],
						"0.75": [0, 2, 0],
						"0.875": [0.02, 1.22, -0.81],
						"0.9583": [0.02, 0.5, -1],
						"1.0": [0.02, 0.24, -0.97],
						"1.125": [0.02, -0.47, -0.79],
						"1.25": [0.01, -1.22, -0.51],
						"1.375": [0, -1.81, -0.22],
						"1.5": [0, -2, 0]
					},
					"position": [0, 0, 0]
				},
				"LeftArm": {
					"rotation": {
						"0.0": [15, 0, 0],
						"0.125": [11.04, 0, 0],
						"0.25": [5, 0, 0],
						"0.375": [-1.87, 0, 0],
						"0.5": [-8.33, 0, 0],
						"0.625": [-13.12, 0, 0],
						"0.75": [-15, 0, 0],
						"0.875": [-13.13, 0, 0],
						"1.0": [-8.33, 0, 0],
						"1.125": [-1.87, 0, 0],
						"1.25": [5, 0, 0],
						"1.375": [11.04, 0, 0],
						"1.5": [15, 0, 0]
					},
					"position": [0, 0, 0]
				},
				"RightArm": {
					"rotation": {
						"0.0": [-15, 0, 0],
						"0.125": [-11.04, 0, 0],
						"0.25": [-5, 0, 0],
						"0.375": [1.88, 0, 0],
						"0.5": [8.33, 0, 0],
						"0.625": [13.13, 0, 0],
						"0.75": [15, 0, 0],
						"0.875": [12.84, 0, 0],
						"1.0": [7.41, 0, 0],
						"1.125": [0.31, 0, 0],
						"1.25": [-6.85, 0, 0],
						"1.375": [-12.49, 0, 0],
						"1.5": [-15, 0, 0]
					},
					"position": [0, 0, 0]
				},
				"LeftLeg": {
					"rotation": {
						"0.0": [-30, -2, 0],
						"0.125": [-28.65, -2.26, -0.45],
						"0.2083": [-25.97, -2.36, -0.66],
						"0.25": [-20.58, -2.4, -0.73],
						"0.375": [-5.97, -2.36, -0.87],
						"0.5": [10.25, -2.1, -1.6],
						"0.5833": [16.55, -1.96, -1.94],
						"0.625": [20.33, -1.96, -2.25],
						"0.75": [21.55, -1.68, -2.41],
						"0.875": [11.4, 0.38, -0.69],
						"0.9583": [4.5, 1.21, 0.09],
						"1.0": [-3.24, 1.36, 0.35],
						"1.125": [-17.99, 1, 0.35],
						"1.25": [-21.82, 1.2, 0.36],
						"1.3333": [-22.99, 0.98, 0.32],
						"1.375": [-27.28, 0.09, 0.31],
						"1.5": [-30, -2, 0]
					},
					"position": {
						"0.0": [0, 0, 0],
						"0.125": [0, 0, 0],
						"0.25": [0, 0, 0],
						"0.375": [0, 0, 0],
						"0.5": [0, 0, 0],
						"0.625": [0, 0, 0],
						"0.75": [0, 0, 0],
						"0.875": [0, 0, 0],
						"1.0": [0, 0, 0],
						"1.125": [0, 0, 0],
						"1.25": [0, 0, 0],
						"1.375": [0, 0, 0],
						"1.5": [0, 0, 0]
					}
				},
				"RightLeg": {
					"rotation": {
						"0.0": [21.55, 1.68, 2.41],
						"0.125": [11.22, -0.37, 0.67],
						"0.2083": [4.5, -1.21, -0.09],
						"0.25": [-3.24, -1.36, -0.35],
						"0.375": [-17.99, -1, -0.35],
						"0.5": [-21.82, -1.2, -0.36],
						"0.5833": [-22.99, -0.98, -0.32],
						"0.625": [-25.59, -0.11, -0.25],
						"0.75": [-30, 2, 0],
						"0.875": [-28.91, 2.37, 0.46],
						"0.9583": [-25.97, 2.36, 0.66],
						"1.0": [-20.58, 2.4, 0.73],
						"1.125": [-5.97, 2.36, 0.87],
						"1.25": [10.25, 2.1, 1.6],
						"1.3333": [16.55, 1.96, 1.94],
						"1.375": [19.7, 1.85, 2.16],
						"1.5": [21.55, 1.68, 2.41]
					},
					"position": {
						"0.0": [0, 0, 0],
						"0.125": [0, 0, 0],
						"0.25": [0, 0, 0],
						"0.375": [0, 0, 0],
						"0.5": [0, 0, 0],
						"0.625": [0, 0, 0],
						"0.75": [0, 0, 0],
						"0.875": [0, 0, 0],
						"1.0": [0, 0, 0],
						"1.125": [0, 0, 0],
						"1.25": [0, 0, 0],
						"1.375": [0, 0, 0],
						"1.5": [0, 0, 0]
					}
				},
				"AllBody": {
					"rotation": [0, 0, 0],
					"position": [0, 0, 0],
					"scale": 1
				},
				"Head": {
					"rotation": {
						"0.0": [0, 2, -0.03],
						"0.125": [0.04, 3.1, 1.67],
						"0.2083": [0.06, 3.03, 1.95],
						"0.25": [0.07, 2.72, 1.73],
						"0.375": [0.07, 1.65, 0.83],
						"0.5": [0.08, 0.28, -0.37],
						"0.625": [0.08, -1.06, -1.5],
						"0.75": [0.08, -2.03, -2.22],
						"0.875": [0.05, -3.29, -1.94],
						"0.9583": [0.04, -3.02, -1.45],
						"1.0": [0.03, -2.7, -1.31],
						"1.125": [0.02, -1.61, -0.97],
						"1.25": [0.01, -0.22, -0.6],
						"1.375": [0, 1.11, -0.27],
						"1.5": [0, 2, -0.03]
					}
				},
				"DownBody": {
					"rotation": {
						"0.0": [0, 1, 0],
						"0.125": [0, 1.92, 0.33],
						"0.2083": [0, 2.25, 0.5],
						"0.25": [0, 2.23, 0.62],
						"0.375": [0, 1.75, 0.75],
						"0.5": [0, 1.16, 0.62],
						"0.5833": [0, 0.75, 0.5],
						"0.625": [0, 0.2, 0.35],
						"0.75": [0, -1, 0],
						"0.875": [0, -1.98, -0.35],
						"0.9583": [0, -2.25, -0.5],
						"1.0": [0, -2.23, -0.62],
						"1.125": [0, -1.75, -0.75],
						"1.25": [0, -1.16, -0.62],
						"1.3333": [0, -0.75, -0.5],
						"1.375": [0, -0.15, -0.35],
						"1.5": [0, 1, 0]
					}
				},
				"AllHead": {
					"rotation": [10, 0, 0]
				},
				"wb": {
					"rotation": {
						"0.0": {
							"post": [-10, -30, 10],
							"lerp_mode": "catmullrom"
						},
						"0.75": {
							"post": [-10, 30, -10],
							"lerp_mode": "catmullrom"
						},
						"1.5": {
							"post": [-10, -30, 10],
							"lerp_mode": "catmullrom"
						}
					}
				}
			}
		},
		"sneaking": {
			"loop": true,
			"bones": {
				"UpperBody": {
					"rotation": [0, -2, 0],
					"position": [0, 0, 0]
				},
				"AllBody": {
					"rotation": [0, 0, 0],
					"position": [0, 0, 0],
					"scale": 1
				},
				"Head": {
					"rotation": [0, 2, -0.03]
				},
				"root": {
					"rotation": [0, 0, 0],
					"position": [0, -0.5, 0],
					"scale": 1
				},
				"UpBody": {
					"rotation": [1, 0, -0.04],
					"position": [0, 0, 0]
				},
				"AllHead": {
					"rotation": [10, 0, 0]
				},
				"RightArm": {
					"rotation": [-15, 0, 0],
					"position": [0, 0, 0]
				},
				"LeftArm": {
					"rotation": [15, 0, 0],
					"position": [0, 0, 0]
				},
				"DownBody": {
					"rotation": [0, 1, 0]
				},
				"LeftLeg": {
					"rotation": [-30, -2, 0],
					"position": [0, 0, 0]
				},
				"RightLeg": {
					"rotation": [21.55, 1.68, 2.41],
					"position": [0, 0, 0]
				},
				"wb": {
					"rotation": [-10, -30, 10]
				}
			}
		},
		"swim": {
			"loop": true,
			"animation_length": 1,
			"bones": {
				"RightArm": {
					"rotation": {
						"0.0": [-20, 0, 5],
						"0.0417": [-17.86, 0.01, 4.46],
						"0.0833": [-14.85, 0.03, 3.72],
						"0.125": [-11.32, 0.04, 2.82],
						"0.1667": [-7.64, 0.03, 1.84],
						"0.2083": [-4.17, 0, 0.83],
						"0.25": [-1.45, -0.06, -0.01],
						"0.2917": [1.81, -0.15, -1.02],
						"0.3333": [5.21, -0.25, -2.09],
						"0.375": [8.36, -0.36, -3.14],
						"0.4167": [10.89, -0.45, -4.05],
						"0.4583": [12.39, -0.52, -4.73],
						"0.5": [12.49, -0.54, -5.06],
						"0.5417": [9.54, -0.49, -4.91],
						"0.5833": [3.81, -0.38, -4.24],
						"0.625": [-3.15, -0.23, -3.23],
						"0.6667": [-9.77, -0.09, -2.09],
						"0.7083": [-14.49, 0, -0.99],
						"0.75": [-16.7, 0.03, -0.07],
						"0.7917": [-18.62, 0.04, 1.12],
						"0.8333": [-20.14, 0.04, 2.41],
						"0.875": [-21.14, 0.03, 3.63],
						"0.9167": [-21.53, 0.02, 4.58],
						"0.9583": [-21.19, 0, 5.1],
						"1.0": [-20, 0, 5]
					},
					"position": {
						"0.0": [0, 0, 0],
						"0.0417": [0, 0, 0],
						"0.0833": [0, 0, 0],
						"0.125": [0, 0, 0],
						"0.1667": [0, 0, 0],
						"0.2083": [0, 0, 0],
						"0.25": [0, 0, 0],
						"0.2917": [0, 0, 0],
						"0.3333": [0, 0, 0],
						"0.375": [0, 0, 0],
						"0.4167": [0, 0, 0],
						"0.4583": [0, 0, 0],
						"0.5": [0, 0, 0],
						"0.5417": [0, 0, 0],
						"0.5833": [0, 0, 0],
						"0.625": [0, 0, 0],
						"0.6667": [0, 0, 0],
						"0.7083": [0, 0, 0],
						"0.75": [0, 0, 0],
						"0.7917": [0, 0, 0],
						"0.8333": [0, 0, 0],
						"0.875": [0, 0, 0],
						"0.9167": [0, 0, 0],
						"0.9583": [0, 0, 0],
						"1.0": [0, 0, 0]
					}
				},
				"LeftArm": {
					"rotation": {
						"0.0": [12.5, 0, 7.5],
						"0.0417": [8.48, 0, 6.61],
						"0.0833": [2.61, 0, 5.34],
						"0.125": [-3.95, 0, 3.87],
						"0.1667": [-10.04, 0, 2.36],
						"0.2083": [-14.49, 0, 0.99],
						"0.25": [-16.59, 0, 0.02],
						"0.2917": [-18.25, 0, -1.06],
						"0.3333": [-19.47, 0, -2.15],
						"0.375": [-20.26, 0, -3.17],
						"0.4167": [-20.61, 0, -4.04],
						"0.4583": [-20.52, 0, -4.68],
						"0.5": [-20, 0, -5],
						"0.5417": [-18.21, 0, -4.88],
						"0.5833": [-15.24, 0, -4.26],
						"0.625": [-11.58, 0, -3.29],
						"0.6667": [-7.73, 0, -2.1],
						"0.7083": [-4.17, 0, -0.83],
						"0.75": [-1.4, 0, 0.32],
						"0.7917": [1.95, 0, 1.85],
						"0.8333": [5.47, 0, 3.53],
						"0.875": [8.71, 0, 5.15],
						"0.9167": [11.25, 0, 6.5],
						"0.9583": [12.66, 0, 7.35],
						"1.0": [12.5, 0, 7.5]
					},
					"position": {
						"0.0": [0, 0, 0],
						"0.0417": [0, 0, 0],
						"0.0833": [0, 0, 0],
						"0.125": [0, 0, 0],
						"0.1667": [0, 0, 0],
						"0.2083": [0, 0, 0],
						"0.25": [0, 0, 0],
						"0.2917": [0, 0, 0],
						"0.3333": [0, 0, 0],
						"0.375": [0, 0, 0],
						"0.4167": [0, 0, 0],
						"0.4583": [0, 0, 0],
						"0.5": [0, 0, 0],
						"0.5417": [0, 0, 0],
						"0.5833": [0, 0, 0],
						"0.625": [0, 0, 0],
						"0.6667": [0, 0, 0],
						"0.7083": [0, 0, 0],
						"0.75": [0, 0, 0],
						"0.7917": [0, 0, 0],
						"0.8333": [0, 0, 0],
						"0.875": [0, 0, 0],
						"0.9167": [0, 0, 0],
						"0.9583": [0, 0, 0],
						"1.0": [0, 0, 0]
					}
				},
				"DownBody": {
					"rotation": {
						"0.0": [0, 0, -5],
						"0.0417": [0, 0, -4.45],
						"0.0833": [0, 0, -3.68],
						"0.125": [0, 0, -2.73],
						"0.1667": [0, 0, -1.67],
						"0.2083": [0, 0, -0.53],
						"0.25": [0, 0, 0.63],
						"0.2917": [0, 0, 1.74],
						"0.3333": [0, 0, 2.78],
						"0.375": [0, 0, 3.67],
						"0.4167": [0, 0, 4.38],
						"0.4583": [0, 0, 4.84],
						"0.5": [0, 0, 5],
						"0.5417": [0, 0, 4.84],
						"0.5833": [0, 0, 4.38],
						"0.625": [0, 0, 3.67],
						"0.6667": [0, 0, 2.78],
						"0.7083": [0, 0, 1.74],
						"0.75": [0, 0, 0.63],
						"0.7917": [0, 0, -0.53],
						"0.8333": [0, 0, -1.67],
						"0.875": [0, 0, -2.73],
						"0.9167": [0, 0, -3.68],
						"0.9583": [0, 0, -4.45],
						"1.0": [0, 0, -5]
					}
				},
				"LeftLeg": {
					"rotation": {
						"0.0": [-20, 0, 5],
						"0.0417": [-17.86, 0.01, 4.46],
						"0.0833": [-14.85, 0.03, 3.72],
						"0.125": [-11.32, 0.04, 2.82],
						"0.1667": [-7.64, 0.03, 1.84],
						"0.2083": [-4.17, 0, 0.83],
						"0.25": [-1.45, -0.06, -0.01],
						"0.2917": [1.81, -0.15, -1.02],
						"0.3333": [5.21, -0.25, -2.09],
						"0.375": [8.36, -0.36, -3.14],
						"0.4167": [10.89, -0.45, -4.05],
						"0.4583": [12.39, -0.52, -4.73],
						"0.5": [12.49, -0.54, -5.06],
						"0.5417": [9.54, -0.49, -4.91],
						"0.5833": [3.81, -0.38, -4.24],
						"0.625": [-3.15, -0.23, -3.23],
						"0.6667": [-9.77, -0.09, -2.09],
						"0.7083": [-14.49, 0, -0.99],
						"0.75": [-16.7, 0.03, -0.07],
						"0.7917": [-18.62, 0.04, 1.12],
						"0.8333": [-20.14, 0.04, 2.41],
						"0.875": [-21.14, 0.03, 3.63],
						"0.9167": [-21.53, 0.02, 4.58],
						"0.9583": [-21.19, 0, 5.1],
						"1.0": [-20, 0, 5]
					},
					"position": {
						"0.0": [0, 0, 0],
						"0.0417": [0, 0, 0],
						"0.0833": [0, 0, 0],
						"0.125": [0, 0, 0],
						"0.1667": [0, 0, 0],
						"0.2083": [0, 0, 0],
						"0.25": [0, 0, 0],
						"0.2917": [0, 0, 0],
						"0.3333": [0, 0, 0],
						"0.375": [0, 0, 0],
						"0.4167": [0, 0, 0],
						"0.4583": [0, 0, 0],
						"0.5": [0, 0, 0],
						"0.5417": [0, 0, 0],
						"0.5833": [0, 0, 0],
						"0.625": [0, 0, 0],
						"0.6667": [0, 0, 0],
						"0.7083": [0, 0, 0],
						"0.75": [0, 0, 0],
						"0.7917": [0, 0, 0],
						"0.8333": [0, 0, 0],
						"0.875": [0, 0, 0],
						"0.9167": [0, 0, 0],
						"0.9583": [0, 0, 0],
						"1.0": [0, 0, 0]
					}
				},
				"RightLeg": {
					"rotation": {
						"0.0": [12.5, 0, 7.5],
						"0.0417": [8.48, 0, 6.61],
						"0.0833": [2.61, 0, 5.34],
						"0.125": [-3.95, 0, 3.87],
						"0.1667": [-10.04, 0, 2.36],
						"0.2083": [-14.49, 0, 0.99],
						"0.25": [-16.59, 0, 0.02],
						"0.2917": [-18.25, 0, -1.06],
						"0.3333": [-19.47, 0, -2.15],
						"0.375": [-20.26, 0, -3.17],
						"0.4167": [-20.61, 0, -4.04],
						"0.4583": [-20.52, 0, -4.68],
						"0.5": [-20, 0, -5],
						"0.5417": [-18.21, 0, -4.88],
						"0.5833": [-15.24, 0, -4.26],
						"0.625": [-11.58, 0, -3.29],
						"0.6667": [-7.73, 0, -2.1],
						"0.7083": [-4.17, 0, -0.83],
						"0.75": [-1.4, 0, 0.32],
						"0.7917": [1.95, 0, 1.85],
						"0.8333": [5.47, 0, 3.53],
						"0.875": [8.71, 0, 5.15],
						"0.9167": [11.25, 0, 6.5],
						"0.9583": [12.66, 0, 7.35],
						"1.0": [12.5, 0, 7.5]
					},
					"position": {
						"0.0": [0, 0, 0],
						"0.0417": [0, 0, 0],
						"0.0833": [0, 0, 0],
						"0.125": [0, 0, 0],
						"0.1667": [0, 0, 0],
						"0.2083": [0, 0, 0],
						"0.25": [0, 0, 0],
						"0.2917": [0, 0, 0],
						"0.3333": [0, 0, 0],
						"0.375": [0, 0, 0],
						"0.4167": [0, 0, 0],
						"0.4583": [0, 0, 0],
						"0.5": [0, 0, 0],
						"0.5417": [0, 0, 0],
						"0.5833": [0, 0, 0],
						"0.625": [0, 0, 0],
						"0.6667": [0, 0, 0],
						"0.7083": [0, 0, 0],
						"0.75": [0, 0, 0],
						"0.7917": [0, 0, 0],
						"0.8333": [0, 0, 0],
						"0.875": [0, 0, 0],
						"0.9167": [0, 0, 0],
						"0.9583": [0, 0, 0],
						"1.0": [0, 0, 0]
					}
				}
			}
		},
		"sit": {
			"loop": true,
			"animation_length": 1.5,
			"bones": {
				"Head": {
					"rotation": [52.5, 0, 0],
					"position": [0, 0, 0]
				},
				"AllBody": {
					"rotation": [-52.5, 0, 0],
					"position": [0, -2, 0]
				},
				"Arm": {
					"rotation": [50, 0, 0]
				},
				"wb": {
					"rotation": {
						"0.0": [50, 30, 15],
						"0.75": [50, -30, -15],
						"1.5": [50, 30, 15]
					}
				},
				"Leg": {
					"rotation": [-35, 0, 0]
				}
			}
		},
		"ride": {
			"loop": true,
			"animation_length": 0.375,
			"bones": {
				"root": {
					"position": [0, 9.3, -3.5],
					"scale": 1
				},
				"UpBody": {
					"rotation": [10, 0, 0],
					"position": [0, 0, 0]
				},
				"UpperBody": {
					"rotation": [-10, 0, 0],
					"position": [0, 0, 0]
				},
				"LeftArm": {
					"rotation": [-76.32957, 5.94106, 4.54727],
					"position": [0, 0, 0]
				},
				"LeftForeArm": {
					"rotation": [-32.5, 0, 0],
					"position": [0, 0, 0]
				},
				"RightArm": {
					"rotation": [-76.32957, -5.94106, -4.54727],
					"position": [0, 0, 0]
				},
				"RightForeArm": {
					"rotation": [-32.5, 0, 0],
					"position": [0, 0, 0]
				},
				"LeftLeg": {
					"rotation": [-75, 0, 0],
					"position": [0, 0, 0]
				},
				"LeftLowerLeg": {
					"rotation": [72.5, 0, 0],
					"position": [0, 0, 0]
				},
				"LeftFoot": {
					"rotation": [20, 0, 0],
					"position": [0, 0, 0]
				},
				"RightLeg": {
					"rotation": [-75, 0, 0],
					"position": [0, 0, 0]
				},
				"RightLowerLeg": {
					"rotation": [72.5, 0, 0],
					"position": [0, 0, 0]
				},
				"RightFoot": {
					"rotation": [20, 0, 0],
					"position": [0, 0, 0]
				},
				"AllBody": {
					"rotation": [0, 0, 0],
					"position": [0, 0, 3],
					"scale": 1
				},
				"Head": {
					"rotation": [-10, 0, 0],
					"position": [0, 0, 0]
				},
				"Body": {
					"position": [0, 0, 0]
				}
			}
		},
		"ride_pig": {
			"loop": true,
			"animation_length": 0.375,
			"bones": {
				"root": {
					"rotation": [0, 0, 0],
					"position": [0, 9.5, -3.5],
					"scale": 1
				},
				"UpBody": {
					"rotation": [35, 0, 0],
					"position": [0, 0, 0]
				},
				"UpperBody": {
					"rotation": [-32.5, 0, 0],
					"position": [0, 0, 0]
				},
				"LeftArm": {
					"rotation": [-59.68584, 19.01678, 12.09442],
					"position": [0, 0, -1]
				},
				"LeftForeArm": {
					"rotation": [-15, 0, 0],
					"position": [0, 0, 0]
				},
				"RightArm": {
					"rotation": [-59.68584, -19.01678, -12.09442],
					"position": [0, 0, -1]
				},
				"RightForeArm": {
					"rotation": [-15, 0, 0],
					"position": [0, 0, 0]
				},
				"LeftLeg": {
					"rotation": [-83.12926, -33.93453, 3.72726],
					"position": [0, 0, 0]
				},
				"LeftLowerLeg": {
					"rotation": [72.5, 0, 0],
					"position": [0, 0, 0]
				},
				"LeftFoot": {
					"rotation": [20, 0, 0],
					"position": [0, 0, 0]
				},
				"RightLeg": {
					"rotation": [-83.31861, 31.45198, -4.07773],
					"position": [0, 0, 0]
				},
				"RightLowerLeg": {
					"rotation": [72.5, 0, 0],
					"position": [0, 0, 0]
				},
				"RightFoot": {
					"rotation": [20, 0, 0],
					"position": [0, 0, 0]
				},
				"AllBody": {
					"rotation": [0, 0, 0],
					"position": [0, -1, 4],
					"scale": 1
				},
				"Head": {
					"rotation": [-12.5, 0, 0],
					"position": [0, 0, 0]
				},
				"DownBody": {
					"position": [0, 0, -0.75]
				}
			}
		},
		"sleep": {
			"loop": true,
			"bones": {
				"root": {
					"rotation": [90, 0, -180],
					"position": [0, 20, 13]
				},
				"RightArm": {
					"rotation": [0, 0, 90]
				},
				"LeftArm": {
					"rotation": [0, 0, -90]
				},
				"LeftLeg": {
					"rotation": [0, 0, -90]
				},
				"RightLeg": {
					"rotation": [0, 0, 90]
				}
			}
		},
		"fly": {
			"loop": true,
			"animation_length": 0.75,
			"bones": {
				"UpBody": {
					"rotation": [-45, 0, 0]
				},
				"UpperBody": {
					"rotation": {
						"0.0": [0, 0, 0],
						"0.4167": [1, 0, 0],
						"0.75": [0, 0, 0]
					}
				},
				"AllBody": {
					"rotation": [90, 0, 0]
				},
				"Head": {
					"rotation": {
						"0.0": [-40, 0, 0],
						"0.3333": [-42, 0, 0],
						"0.75": [-40, 0, 0]
					}
				},
				"Arm": {
					"rotation": {
						"0.0": [-35, 0, 0],
						"0.4167": [-40, 0, 0],
						"0.75": [-35, 0, 0]
					}
				},
				"wb": {
					"rotation": {
						"0.0": [90, 0, 0],
						"0.75": [90, 3600, 3600]
					},
					"position": [0, -2, 0]
				},
				"Leg": {
					"rotation": {
						"0.0": [-25, 0, 0],
						"0.4167": [-30, 0, 0],
						"0.75": [-25, 0, 0]
					}
				}
			}
		},
		"elytra_fly": {
			"loop": true,
			"animation_length": 1.5,
			"bones": {
				"AllBody": {
					"rotation": ["-ysm.head_pitch", "-ysm.head_yaw/4", "ysm.head_yaw/1.25"],
					"position": {
						"0.0": [0, 0, 0],
						"0.25": [0, 0.5, 0],
						"0.5": [0, 0, 0],
						"0.75": [0, 0.5, 0],
						"1.0": [0, 0, 0],
						"1.25": [0, 0.5, 0],
						"1.5": [0, 0, 0]
					}
				},
				"Head": {
					"rotation": {
						"0.0": [0, 0, 0],
						"0.75": [0, 0, "3600*query.ground_speed/2"],
						"1.5": [0, 0, "7200*query.ground_speed/2"]
					}
				},
				"wb": {
					"rotation": {
						"0.0": [70, 0, 0],
						"0.75": [80, 0, "360*query.ground_speed/2"],
						"1.5": [70, 0, "720*query.ground_speed/2"]
					}
				}
			}
		},
		"swim_stand": {
			"loop": true,
			"animation_length": 1,
			"bones": {
				"root": {
					"rotation": [0, 0, 0],
					"scale": 1
				},
				"UpBody": {
					"rotation": [0, 0, 0],
					"position": [0, 0, 0]
				},
				"UpperBody": {
					"rotation": {
						"0.0": [0, 0, 0],
						"0.0417": [-0.14, 0, 0],
						"0.0833": [-0.33, 0, 0],
						"0.125": [-0.57, 0, 0],
						"0.1667": [-0.83, 0, 0],
						"0.2083": [-1.12, 0, 0],
						"0.25": [-1.41, 0, 0],
						"0.2917": [-1.69, 0, 0],
						"0.3333": [-1.94, 0, 0],
						"0.375": [-2.17, 0, 0],
						"0.4167": [-2.34, 0, 0],
						"0.4583": [-2.46, 0, 0],
						"0.5": [-2.5, 0, 0],
						"0.5417": [-2.45, 0, 0],
						"0.5833": [-2.31, 0, 0],
						"0.625": [-2.09, 0, 0],
						"0.6667": [-1.83, 0, 0],
						"0.7083": [-1.53, 0, 0],
						"0.75": [-1.21, 0, 0],
						"0.7917": [-0.9, 0, 0],
						"0.8333": [-0.6, 0, 0],
						"0.875": [-0.35, 0, 0],
						"0.9167": [-0.15, 0, 0],
						"0.9583": [-0.03, 0, 0],
						"1.0": [0, 0, 0],
						"1.0417": [-0.14, 0, 0],
						"1.0833": [-0.33, 0, 0],
						"1.125": [-0.57, 0, 0],
						"1.1667": [-0.83, 0, 0],
						"1.2083": [-1.12, 0, 0],
						"1.25": [-1.41, 0, 0],
						"1.2917": [-1.69, 0, 0],
						"1.3333": [-1.94, 0, 0],
						"1.375": [-2.17, 0, 0],
						"1.4167": [-2.34, 0, 0],
						"1.4583": [-2.46, 0, 0],
						"1.5": [-2.5, 0, 0],
						"1.5417": [-2.45, 0, 0],
						"1.5833": [-2.31, 0, 0],
						"1.625": [-2.09, 0, 0],
						"1.6667": [-1.83, 0, 0],
						"1.7083": [-1.53, 0, 0],
						"1.75": [-1.21, 0, 0],
						"1.7917": [-0.9, 0, 0],
						"1.8333": [-0.6, 0, 0]
					},
					"position": [0, 0, 0]
				},
				"LeftArm": {
					"rotation": {
						"0.0": [-10, 0, -45],
						"0.0417": [-8.09, 0, -45],
						"0.0833": [-5.38, 0, -45],
						"0.125": [-2.07, 0, -45],
						"0.1667": [1.67, 0, -45],
						"0.2083": [5.65, 0, -45],
						"0.25": [9.69, 0, -45],
						"0.2917": [13.61, 0, -45],
						"0.3333": [17.22, 0, -45],
						"0.375": [20.35, 0, -45],
						"0.4167": [22.81, 0, -45],
						"0.4583": [24.42, 0, -45],
						"0.5": [25, 0, -45],
						"0.5417": [24.25, 0, -45],
						"0.5833": [22.17, 0, -45],
						"0.625": [19.04, 0, -45],
						"0.6667": [15.16, 0, -45],
						"0.7083": [10.78, 0, -45],
						"0.75": [6.2, 0, -45],
						"0.7917": [1.69, 0, -45],
						"0.8333": [-2.47, 0, -45],
						"0.875": [-5.99, 0, -45],
						"0.9167": [-8.61, 0, -45],
						"0.9583": [-10.04, 0, -45],
						"1.0": [-10, 0, -45],
						"1.0417": [-8.09, 0, -45],
						"1.0833": [-5.38, 0, -45],
						"1.125": [-2.07, 0, -45],
						"1.1667": [1.67, 0, -45],
						"1.2083": [5.65, 0, -45],
						"1.25": [9.69, 0, -45],
						"1.2917": [13.61, 0, -45],
						"1.3333": [17.22, 0, -45],
						"1.375": [20.35, 0, -45],
						"1.4167": [22.81, 0, -45],
						"1.4583": [24.42, 0, -45],
						"1.5": [25, 0, -45],
						"1.5417": [24.25, 0, -45]
					},
					"position": [0, 0, 0]
				},
				"LeftForeArm": {
					"rotation": {
						"0.0": [-52.5, 0, 0],
						"0.0417": [-52.67, 0, 0],
						"0.0833": [-53.28, 0, 0],
						"0.125": [-53.46, 0, 0],
						"0.1667": [-52.32, 0, 0],
						"0.2083": [-48.97, 0, 0],
						"0.25": [-44.34, 0, 0],
						"0.2917": [-37.79, 0, 0],
						"0.3333": [-30.15, 0, 0],
						"0.375": [-22.23, 0, 0],
						"0.4167": [-14.85, 0, 0],
						"0.4583": [-8.83, 0, 0],
						"0.5": [-5, 0, 0],
						"0.5417": [-3.15, 0, 0],
						"0.5833": [-3.13, 0, 0],
						"0.625": [-4.6, 0, 0],
						"0.6667": [-7.2, 0, 0],
						"0.7083": [-10.6, 0, 0],
						"0.75": [-14.45, 0, 0],
						"0.7917": [-19.79, 0, 0],
						"0.8333": [-27.12, 0, 0],
						"0.875": [-35.24, 0, 0],
						"0.9167": [-42.97, 0, 0],
						"0.9583": [-49.12, 0, 0],
						"1.0": [-52.5, 0, 0],
						"1.0417": [-52.67, 0, 0],
						"1.0833": [-53.28, 0, 0],
						"1.125": [-53.46, 0, 0],
						"1.1667": [-52.32, 0, 0],
						"1.2083": [-48.97, 0, 0],
						"1.25": [-44.34, 0, 0],
						"1.2917": [-37.79, 0, 0],
						"1.3333": [-30.15, 0, 0],
						"1.375": [-22.23, 0, 0],
						"1.4167": [-14.85, 0, 0],
						"1.4583": [-8.83, 0, 0],
						"1.5": [-5, 0, 0],
						"1.5417": [-3.15, 0, 0],
						"1.5833": [-3.13, 0, 0]
					},
					"position": [0, 0, 0]
				},
				"RightArm": {
					"rotation": {
						"0.0": [-10, 0, 45],
						"0.0417": [-8.09, 0, 45],
						"0.0833": [-5.38, 0, 45],
						"0.125": [-2.07, 0, 45],
						"0.1667": [1.67, 0, 45],
						"0.2083": [5.65, 0, 45],
						"0.25": [9.69, 0, 45],
						"0.2917": [13.61, 0, 45],
						"0.3333": [17.22, 0, 45],
						"0.375": [20.35, 0, 45],
						"0.4167": [22.81, 0, 45],
						"0.4583": [24.42, 0, 45],
						"0.5": [25, 0, 45],
						"0.5417": [24.24, 0, 45],
						"0.5833": [22.15, 0, 45],
						"0.625": [19.01, 0, 45],
						"0.6667": [15.1, 0, 45],
						"0.7083": [10.7, 0, 45],
						"0.75": [6.1, 0, 45],
						"0.7917": [1.58, 0, 45],
						"0.8333": [-2.59, 0, 45],
						"0.875": [-6.11, 0, 45],
						"0.9167": [-8.7, 0, 45],
						"0.9583": [-10.1, 0, 45],
						"1.0": [-10, 0, 45],
						"1.0417": [-8.09, 0, 45],
						"1.0833": [-5.38, 0, 45],
						"1.125": [-2.07, 0, 45],
						"1.1667": [1.67, 0, 45],
						"1.2083": [5.65, 0, 45],
						"1.25": [9.69, 0, 45],
						"1.2917": [13.61, 0, 45],
						"1.3333": [17.22, 0, 45],
						"1.375": [20.35, 0, 45],
						"1.4167": [22.81, 0, 45],
						"1.4583": [24.42, 0, 45],
						"1.5": [25, 0, 45],
						"1.5417": [24.24, 0, 45]
					},
					"position": [0, 0, 0]
				},
				"RightForeArm": {
					"rotation": {
						"0.0": [-52.5, 0, 0],
						"0.0417": [-52.67, 0, 0],
						"0.0833": [-53.28, 0, 0],
						"0.125": [-53.46, 0, 0],
						"0.1667": [-52.32, 0, 0],
						"0.2083": [-48.97, 0, 0],
						"0.25": [-44.34, 0, 0],
						"0.2917": [-37.79, 0, 0],
						"0.3333": [-30.15, 0, 0],
						"0.375": [-22.23, 0, 0],
						"0.4167": [-14.85, 0, 0],
						"0.4583": [-8.83, 0, 0],
						"0.5": [-5, 0, 0],
						"0.5417": [-3.15, 0, 0],
						"0.5833": [-3.13, 0, 0],
						"0.625": [-4.6, 0, 0],
						"0.6667": [-7.2, 0, 0],
						"0.7083": [-10.6, 0, 0],
						"0.75": [-14.45, 0, 0],
						"0.7917": [-19.79, 0, 0],
						"0.8333": [-27.12, 0, 0],
						"0.875": [-35.24, 0, 0],
						"0.9167": [-42.97, 0, 0],
						"0.9583": [-49.12, 0, 0],
						"1.0": [-52.5, 0, 0],
						"1.0417": [-52.67, 0, 0],
						"1.0833": [-53.28, 0, 0],
						"1.125": [-53.46, 0, 0],
						"1.1667": [-52.32, 0, 0],
						"1.2083": [-48.97, 0, 0],
						"1.25": [-44.34, 0, 0],
						"1.2917": [-37.79, 0, 0],
						"1.3333": [-30.15, 0, 0],
						"1.375": [-22.23, 0, 0],
						"1.4167": [-14.85, 0, 0],
						"1.4583": [-8.83, 0, 0],
						"1.5": [-5, 0, 0],
						"1.5417": [-3.15, 0, 0],
						"1.5833": [-3.13, 0, 0]
					},
					"position": [0, 0, 0]
				},
				"LeftLeg": {
					"rotation": {
						"0.0": [-10, 0, 0],
						"0.0417": [-8.69, 0, 0],
						"0.0833": [-6.81, 0, 0],
						"0.125": [-4.67, 0, 0],
						"0.1667": [-2.56, 0, 0],
						"0.2083": [-0.79, 0, 0],
						"0.25": [0.33, 0, 0],
						"0.2917": [1.49, 0, 0],
						"0.3333": [2.61, 0, 0],
						"0.375": [3.6, 0, 0],
						"0.4167": [4.39, 0, 0],
						"0.4583": [4.88, 0, 0],
						"0.5": [5, 0, 0],
						"0.5417": [4.57, 0, 0],
						"0.5833": [3.6, 0, 0],
						"0.625": [2.28, 0, 0],
						"0.6667": [0.77, 0, 0],
						"0.7083": [-0.76, 0, 0],
						"0.75": [-2.14, 0, 0],
						"0.7917": [-3.71, 0, 0],
						"0.8333": [-5.66, 0, 0],
						"0.875": [-7.63, 0, 0],
						"0.9167": [-9.26, 0, 0],
						"0.9583": [-10.17, 0, 0],
						"1.0": [-10, 0, 0],
						"1.0417": [-8.69, 0, 0],
						"1.0833": [-6.81, 0, 0],
						"1.125": [-4.67, 0, 0],
						"1.1667": [-2.56, 0, 0],
						"1.2083": [-0.79, 0, 0],
						"1.25": [0.33, 0, 0],
						"1.2917": [1.49, 0, 0],
						"1.3333": [2.61, 0, 0],
						"1.375": [3.6, 0, 0],
						"1.4167": [4.39, 0, 0],
						"1.4583": [4.88, 0, 0],
						"1.5": [5, 0, 0]
					},
					"position": {
						"0.0": [0, 0, 0],
						"0.0417": [0, 0, 0],
						"0.0833": [0, 0, 0],
						"0.125": [0, 0, 0],
						"0.1667": [0, 0, 0],
						"0.2083": [0, 0, 0],
						"0.25": [0, 0, 0],
						"0.2917": [0, 0, 0],
						"0.3333": [0, 0, 0],
						"0.375": [0, 0, 0],
						"0.4167": [0, 0, 0],
						"0.4583": [0, 0, 0],
						"0.5": [0, 0, 0],
						"0.5417": [0, 0, 0],
						"0.5833": [0, 0, 0],
						"0.625": [0, 0, 0],
						"0.6667": [0, 0, 0],
						"0.7083": [0, 0, 0],
						"0.75": [0, 0, 0],
						"0.7917": [0, 0, 0],
						"0.8333": [0, 0, 0],
						"0.875": [0, 0, 0],
						"0.9167": [0, 0, 0],
						"0.9583": [0, 0, 0],
						"1.0": [0, 0, 0]
					}
				},
				"LeftLowerLeg": {
					"rotation": {
						"0.0": [10, 0, 0],
						"0.0417": [8.17, 0, 0],
						"0.0833": [5.4, 0, 0],
						"0.125": [2.44, 0, 0],
						"0.1667": [0.02, 0, 0],
						"0.2083": [-1.12, 0, 0],
						"0.25": [-0.91, 0, 0],
						"0.2917": [-0.04, 0, 0],
						"0.3333": [1.29, 0, 0],
						"0.375": [2.9, 0, 0],
						"0.4167": [4.6, 0, 0],
						"0.4583": [6.19, 0, 0],
						"0.5": [7.5, 0, 0],
						"0.5417": [8.87, 0, 0],
						"0.5833": [10.31, 0, 0],
						"0.625": [11.7, 0, 0],
						"0.6667": [12.92, 0, 0],
						"0.7083": [13.82, 0, 0],
						"0.75": [14.29, 0, 0],
						"0.7917": [14.17, 0, 0],
						"0.8333": [13.52, 0, 0],
						"0.875": [12.57, 0, 0],
						"0.9167": [11.52, 0, 0],
						"0.9583": [10.59, 0, 0],
						"1.0": [10, 0, 0]
					},
					"position": {
						"0.0": [0, 0, 0],
						"0.0417": [0, 0, 0],
						"0.0833": [0, 0, 0],
						"0.125": [0, 0, 0],
						"0.1667": [0, 0, 0],
						"0.2083": [0, 0, 0],
						"0.25": [0, 0, 0],
						"0.2917": [0, 0, 0],
						"0.3333": [0, 0, 0],
						"0.375": [0, 0, 0],
						"0.4167": [0, 0, 0],
						"0.4583": [0, 0, 0],
						"0.5": [0, 0, 0],
						"0.5417": [0, 0, 0],
						"0.5833": [0, 0, 0],
						"0.625": [0, 0, 0],
						"0.6667": [0, 0, 0],
						"0.7083": [0, 0, 0],
						"0.75": [0, 0, 0],
						"0.7917": [0, 0, 0],
						"0.8333": [0, 0, 0],
						"0.875": [0, 0, 0],
						"0.9167": [0, 0, 0],
						"0.9583": [0, 0, 0],
						"1.0": [0, 0, 0]
					}
				},
				"LeftFoot": {
					"rotation": {
						"0.0": [30, 0, 0],
						"0.0417": [29.31, 0, 0],
						"0.0833": [28.34, 0, 0],
						"0.125": [27.14, 0, 0],
						"0.1667": [25.79, 0, 0],
						"0.2083": [24.35, 0, 0],
						"0.25": [22.89, 0, 0],
						"0.2917": [21.48, 0, 0],
						"0.3333": [20.18, 0, 0],
						"0.375": [19.07, 0, 0],
						"0.4167": [18.21, 0, 0],
						"0.4583": [17.66, 0, 0],
						"0.5": [17.5, 0, 0],
						"0.5417": [18.22, 0, 0],
						"0.5833": [19.97, 0, 0],
						"0.625": [22.37, 0, 0],
						"0.6667": [25.06, 0, 0],
						"0.7083": [27.69, 0, 0],
						"0.75": [29.89, 0, 0],
						"0.7917": [31.3, 0, 0],
						"0.8333": [31.99, 0, 0],
						"0.875": [31.81, 0, 0],
						"0.9167": [31.15, 0, 0],
						"0.9583": [30.42, 0, 0],
						"1.0": [30, 0, 0]
					},
					"position": {
						"0.0": [0, 0, 0],
						"0.0417": [0, 0, 0],
						"0.0833": [0, 0, 0],
						"0.125": [0, 0, 0],
						"0.1667": [0, 0, 0],
						"0.2083": [0, 0, 0],
						"0.25": [0, 0, 0],
						"0.2917": [0, 0, 0],
						"0.3333": [0, 0, 0],
						"0.375": [0, 0, 0],
						"0.4167": [0, 0, 0],
						"0.4583": [0, 0, 0],
						"0.5": [0, 0, 0],
						"0.5417": [0, 0, 0],
						"0.5833": [0, 0, 0],
						"0.625": [0, 0, 0],
						"0.6667": [0, 0, 0],
						"0.7083": [0, 0, 0],
						"0.75": [0, 0, 0],
						"0.7917": [0, 0, 0],
						"0.8333": [0, 0, 0],
						"0.875": [0, 0, 0],
						"0.9167": [0, 0, 0],
						"0.9583": [0, 0, 0],
						"1.0": [0, 0, 0]
					}
				},
				"RightLeg": {
					"rotation": {
						"0.0": [5, 0, 0],
						"0.0417": [4.23, 0, 0],
						"0.0833": [3.18, 0, 0],
						"0.125": [1.92, 0, 0],
						"0.1667": [0.56, 0, 0],
						"0.2083": [-0.83, 0, 0],
						"0.25": [-2.14, 0, 0],
						"0.2917": [-3.61, 0, 0],
						"0.3333": [-5.34, 0, 0],
						"0.375": [-7.09, 0, 0],
						"0.4167": [-8.62, 0, 0],
						"0.4583": [-9.67, 0, 0],
						"0.5": [-10, 0, 0],
						"0.5417": [-9.2, 0, 0],
						"0.5833": [-7.38, 0, 0],
						"0.625": [-5.05, 0, 0],
						"0.6667": [-2.68, 0, 0],
						"0.7083": [-0.79, 0, 0],
						"0.75": [0.4, 0, 0],
						"0.7917": [1.72, 0, 0],
						"0.8333": [3.02, 0, 0],
						"0.875": [4.16, 0, 0],
						"0.9167": [4.96, 0, 0],
						"0.9583": [5.3, 0, 0],
						"1.0": [5, 0, 0],
						"1.0417": [4.23, 0, 0],
						"1.0833": [3.18, 0, 0],
						"1.125": [1.92, 0, 0],
						"1.1667": [0.56, 0, 0],
						"1.2083": [-0.83, 0, 0],
						"1.25": [-2.14, 0, 0],
						"1.2917": [-3.61, 0, 0],
						"1.3333": [-5.34, 0, 0],
						"1.375": [-7.09, 0, 0],
						"1.4167": [-8.62, 0, 0],
						"1.4583": [-9.67, 0, 0],
						"1.5": [-10, 0, 0],
						"1.5417": [-9.2, 0, 0],
						"1.5833": [-7.38, 0, 0],
						"1.625": [-5.05, 0, 0]
					},
					"position": {
						"0.0": [0, 0, 0],
						"0.0417": [0, 0, 0],
						"0.0833": [0, 0, 0],
						"0.125": [0, 0, 0],
						"0.1667": [0, 0, 0],
						"0.2083": [0, 0, 0],
						"0.25": [0, 0, 0],
						"0.2917": [0, 0, 0],
						"0.3333": [0, 0, 0],
						"0.375": [0, 0, 0],
						"0.4167": [0, 0, 0],
						"0.4583": [0, 0, 0],
						"0.5": [0, 0, 0],
						"0.5417": [0, 0, 0],
						"0.5833": [0, 0, 0],
						"0.625": [0, 0, 0],
						"0.6667": [0, 0, 0],
						"0.7083": [0, 0, 0],
						"0.75": [0, 0, 0],
						"0.7917": [0, 0, 0],
						"0.8333": [0, 0, 0],
						"0.875": [0, 0, 0],
						"0.9167": [0, 0, 0],
						"0.9583": [0, 0, 0],
						"1.0": [0, 0, 0]
					}
				},
				"RightLowerLeg": {
					"rotation": {
						"0.0": [7.5, 0, 0],
						"0.0417": [8.37, 0, 0],
						"0.0833": [9.67, 0, 0],
						"0.125": [11.16, 0, 0],
						"0.1667": [12.6, 0, 0],
						"0.2083": [13.72, 0, 0],
						"0.25": [14.29, 0, 0],
						"0.2917": [14.3, 0, 0],
						"0.3333": [13.93, 0, 0],
						"0.375": [13.26, 0, 0],
						"0.4167": [12.35, 0, 0],
						"0.4583": [11.24, 0, 0],
						"0.5": [10, 0, 0],
						"0.5417": [7.9, 0, 0],
						"0.5833": [5.1, 0, 0],
						"0.625": [2.23, 0, 0],
						"0.6667": [-0.05, 0, 0],
						"0.7083": [-1.12, 0, 0],
						"0.75": [-0.85, 0, 0],
						"0.7917": [0.16, 0, 0],
						"0.8333": [1.65, 0, 0],
						"0.875": [3.37, 0, 0],
						"0.9167": [5.09, 0, 0],
						"0.9583": [6.55, 0, 0],
						"1.0": [7.5, 0, 0]
					},
					"position": {
						"0.0": [0, 0, 0],
						"0.0417": [0, 0, 0],
						"0.0833": [0, 0, 0],
						"0.125": [0, 0, 0],
						"0.1667": [0, 0, 0],
						"0.2083": [0, 0, 0],
						"0.25": [0, 0, 0],
						"0.2917": [0, 0, 0],
						"0.3333": [0, 0, 0],
						"0.375": [0, 0, 0],
						"0.4167": [0, 0, 0],
						"0.4583": [0, 0, 0],
						"0.5": [0, 0, 0],
						"0.5417": [0, 0, 0],
						"0.5833": [0, 0, 0],
						"0.625": [0, 0, 0],
						"0.6667": [0, 0, 0],
						"0.7083": [0, 0, 0],
						"0.75": [0, 0, 0],
						"0.7917": [0, 0, 0],
						"0.8333": [0, 0, 0],
						"0.875": [0, 0, 0],
						"0.9167": [0, 0, 0],
						"0.9583": [0, 0, 0],
						"1.0": [0, 0, 0]
					}
				},
				"RightFoot": {
					"rotation": {
						"0.0": [17.5, 0, 0],
						"0.0417": [18.88, 0, 0],
						"0.0833": [20.88, 0, 0],
						"0.125": [23.24, 0, 0],
						"0.1667": [25.72, 0, 0],
						"0.2083": [28.05, 0, 0],
						"0.25": [30, 0, 0],
						"0.2917": [31.3, 0, 0],
						"0.3333": [32.19, 0, 0],
						"0.375": [32.4, 0, 0],
						"0.4167": [32.05, 0, 0],
						"0.4583": [31.22, 0, 0],
						"0.5": [30, 0, 0],
						"0.5417": [29.31, 0, 0],
						"0.5833": [28.42, 0, 0],
						"0.625": [27.37, 0, 0],
						"0.6667": [26.2, 0, 0],
						"0.7083": [24.95, 0, 0],
						"0.75": [23.67, 0, 0],
						"0.7917": [22.39, 0, 0],
						"0.8333": [21.16, 0, 0],
						"0.875": [20.01, 0, 0],
						"0.9167": [18.99, 0, 0],
						"0.9583": [18.14, 0, 0],
						"1.0": [17.5, 0, 0]
					},
					"position": {
						"0.0": [0, 0, 0],
						"0.0417": [0, 0, 0],
						"0.0833": [0, 0, 0],
						"0.125": [0, 0, 0],
						"0.1667": [0, 0, 0],
						"0.2083": [0, 0, 0],
						"0.25": [0, 0, 0],
						"0.2917": [0, 0, 0],
						"0.3333": [0, 0, 0],
						"0.375": [0, 0, 0],
						"0.4167": [0, 0, 0],
						"0.4583": [0, 0, 0],
						"0.5": [0, 0, 0],
						"0.5417": [0, 0, 0],
						"0.5833": [0, 0, 0],
						"0.625": [0, 0, 0],
						"0.6667": [0, 0, 0],
						"0.7083": [0, 0, 0],
						"0.75": [0, 0, 0],
						"0.7917": [0, 0, 0],
						"0.8333": [0, 0, 0],
						"0.875": [0, 0, 0],
						"0.9167": [0, 0, 0],
						"0.9583": [0, 0, 0],
						"1.0": [0, 0, 0]
					}
				},
				"AllBody": {
					"rotation": [0, 0, 0],
					"position": [0, 0, 0],
					"scale": 1
				},
				"Head": {
					"rotation": {
						"0.0": [0, 0, 0],
						"0.0417": [0.14, 0, 0],
						"0.0833": [0.33, 0, 0],
						"0.125": [0.57, 0, 0],
						"0.1667": [0.83, 0, 0],
						"0.2083": [1.12, 0, 0],
						"0.25": [1.41, 0, 0],
						"0.2917": [1.69, 0, 0],
						"0.3333": [1.94, 0, 0],
						"0.375": [2.17, 0, 0],
						"0.4167": [2.34, 0, 0],
						"0.4583": [2.46, 0, 0],
						"0.5": [2.5, 0, 0],
						"0.5417": [2.46, 0, 0],
						"0.5833": [2.34, 0, 0],
						"0.625": [2.17, 0, 0],
						"0.6667": [1.94, 0, 0],
						"0.7083": [1.69, 0, 0],
						"0.75": [1.41, 0, 0],
						"0.7917": [1.12, 0, 0],
						"0.8333": [0.83, 0, 0],
						"0.875": [0.57, 0, 0],
						"0.9167": [0.33, 0, 0],
						"0.9583": [0.14, 0, 0],
						"1.0": [0, 0, 0]
					},
					"position": [0, 0, 0]
				}
			}
		},
		"boat": {
			"loop": true,
			"animation_length": 0.375,
			"bones": {
				"root": {
					"rotation": [0, 0, 0],
					"position": [0, 11.5, -3.5],
					"scale": 1
				},
				"UpBody": {
					"rotation": [35, 0, 0],
					"position": [0, 0, 0]
				},
				"UpperBody": {
					"rotation": [-32.5, 0, 0],
					"position": [0, 0, 0]
				},
				"LeftArm": {
					"rotation": [-59.68584, 19.01678, 12.09442],
					"position": [0, 0, -1]
				},
				"LeftForeArm": {
					"rotation": [-15, 0, 0],
					"position": [0, 0, 0]
				},
				"RightArm": {
					"rotation": [-59.68584, -19.01678, -12.09442],
					"position": [0, 0, -1]
				},
				"RightForeArm": {
					"rotation": [-15, 0, 0],
					"position": [0, 0, 0]
				},
				"LeftLeg": {
					"rotation": [-83.12926, -33.93453, 3.72726],
					"position": [0, 0, 0]
				},
				"LeftLowerLeg": {
					"rotation": [72.5, 0, 0],
					"position": [0, 0, 0]
				},
				"LeftFoot": {
					"rotation": [20, 0, 0],
					"position": [0, 0, 0]
				},
				"RightLeg": {
					"rotation": [-83.31861, 31.45198, -4.07773],
					"position": [0, 0, 0]
				},
				"RightLowerLeg": {
					"rotation": [72.5, 0, 0],
					"position": [0, 0, 0]
				},
				"RightFoot": {
					"rotation": [20, 0, 0],
					"position": [0, 0, 0]
				},
				"AllBody": {
					"rotation": [0, 0, 0],
					"position": [0, -1, 4],
					"scale": 1
				},
				"Head": {
					"rotation": [-12.5, 0, 0],
					"position": [0, 0, 0]
				},
				"DownBody": {
					"position": [0, 0, -0.75]
				}
			}
		},
		"climbing": {
			"loop": true,
			"animation_length": 0.5,
			"bones": {
				"UpBody": {
					"rotation": [0, 0, 0],
					"position": [0, 0, 0]
				},
				"UpperBody": {
					"rotation": [0, 0, 0],
					"position": [0, 0, 0]
				},
				"LeftArm": {
					"position": [0, 0, 0]
				},
				"LeftForeArm": {
					"rotation": [0, 0, -60],
					"position": [0, 0, 0]
				},
				"RightArm": {
					"position": [0, 0, 0]
				},
				"RightForeArm": {
					"rotation": [0, 0, 60],
					"position": [0, 0, 0]
				},
				"LeftLeg": {
					"rotation": [0, 0, 0],
					"position": [0, 0, 0]
				},
				"LeftLowerLeg": {
					"rotation": [0, 0, 0],
					"position": [0, 0, 0]
				},
				"LeftFoot": {
					"rotation": [45, 0, 0],
					"position": [0, 0, 0]
				},
				"RightLeg": {
					"rotation": [0, 0, 0],
					"position": [0, 0, 0]
				},
				"RightLowerLeg": {
					"rotation": [0, 0, 0],
					"position": [0, 0, 0]
				},
				"RightFoot": {
					"rotation": [45, 0, 0],
					"position": [0, 0, 0]
				},
				"AllBody": {
					"rotation": [0, 0, 0],
					"position": [0, 0, 0],
					"scale": 1
				},
				"Head": {
					"rotation": [0, 0, 0],
					"position": [0, 0, 0]
				}
			}
		},
		"use_righthand": {
			"loop": true,
			"animation_length": 0.25,
			"bones": {
				"Head": {
					"rotation": {
						"0.0": [0, 0, 0],
						"0.0833": [0, 40, 0],
						"0.125": [0, -45, 0],
						"0.25": [0, 0, 0]
					}
				},
				"AllBody": {
					"rotation": {
						"0.0": [0, 0, 0],
						"0.0833": [0, 25, 0],
						"0.125": [0, -35, 0],
						"0.25": [0, 0, 0]
					},
					"position": {
						"0.0": [0, 0, 0],
						"0.0833": [2, 0, 2],
						"0.125": [0, 0, -2],
						"0.25": [0, 0, 0]
					}
				},
				"RightHandLocator": {
					"rotation": {
						"0.0": [0, 0, 0],
						"0.0833": [0, 15, 0],
						"0.125": [0, -5, 0],
						"0.25": [0, 0, 0]
					}
				},
				"wb": {
					"rotation": {
						"0.0": [0, 0, 0],
						"0.0833": [0, 60, 0],
						"0.125": [0, 50, 0],
						"0.1667": [0, -50, 0],
						"0.25": [0, 0, 0]
					}
				}
			}
		},
		"use_lefthand": {
			"loop": true,
			"animation_length": 0.25,
			"bones": {
				"Head": {
					"rotation": {
						"0.0": [0, 0, 0],
						"0.0833": [0, -40, 0],
						"0.125": [0, 45, 0],
						"0.25": [0, 0, 0]
					}
				},
				"AllBody": {
					"rotation": {
						"0.0": [0, 0, 0],
						"0.0833": [0, -25, 0],
						"0.125": [0, 35, 0],
						"0.25": [0, 0, 0]
					},
					"position": {
						"0.0": [0, 0, 0],
						"0.0833": [-2, 0, 2],
						"0.125": [0, 0, -2],
						"0.25": [0, 0, 0]
					}
				},
				"LeftHandLocator": {
					"rotation": {
						"0.0": [0, 0, 0],
						"0.0833": [0, -15, 0],
						"0.125": [0, 5, 0],
						"0.25": [0, 0, 0]
					}
				},
				"wb": {
					"rotation": {
						"0.0": [0, 0, 0],
						"0.0833": [0, -60, 0],
						"0.125": [0, -50, 0],
						"0.1667": [0, 50, 0],
						"0.25": [0, 0, 0]
					}
				}
			}
		},
		"idle": {
			"loop": true,
			"animation_length": 0.375
		},
		"parallel0": {
			"loop": true,
			"animation_length": 2,
			"bones": {
				"RightEar": {
					"rotation": {
						"0.0": [0, 0, 0],
						"0.5": [3.1514, -0.24975, -6.19308],
						"1.5": [-3.98129, 0.89381, 7.95596],
						"2.0": [0, 0, 0]
					}
				},
				"LeftEar": {
					"rotation": {
						"0.0": [0, 0, 0],
						"0.5": [3.1514, -0.24975, -6.19308],
						"1.5": [-3.98129, 0.89381, 7.95596],
						"2.0": [0, 0, 0]
					}
				},
				"wb": {
					"rotation": {
						"0.0": [0, 0, 0],
						"0.5": [-1.95155, -7.24305, 15.12353],
						"1.5": [-2.26708, 7.15102, -17.64168],
						"2.0": [0, 0, 0]
					}
				}
			}
		}
	}
}