{
	"format_version": "1.12.0",
	"minecraft:geometry": [
		{
			"description": {
				"identifier": "geometry.unknown",
				"texture_width": 512,
				"texture_height": 512,
				"visible_bounds_width": 14,
				"visible_bounds_height": 9,
				"visible_bounds_offset": [0, 3.5, 0]
			},
			"bones": [
				{
					"name": "LeftArm",
					"pivot": [4.5, 29.6, 0],
					"rotation": [0, 0, 10],
					"cubes": [
						{
							"origin": [3, 23.4, -1.5],
							"size": [3, 7.3, 3],
							"pivot": [4, 29.4, 0],
							"rotation": [0, 0, -10],
							"uv": {
								"north": {"uv": [36, 62], "uv_size": [3, 7]},
								"east": {"uv": [39, 62], "uv_size": [3, 7]},
								"south": {"uv": [42, 62], "uv_size": [3, 7]},
								"west": {"uv": [52, 62], "uv_size": [3, 7]},
								"up": {"uv": [5, 46], "uv_size": [3, 3]},
								"down": {"uv": [76, 47], "uv_size": [3, -3]}
							}
						},
						{
							"origin": [4.91094, 30.06023, -2],
							"size": [1, 2, 4],
							"pivot": [5.5, 31.1, 0],
							"rotation": [0, 0, -5],
							"uv": {
								"north": {"uv": [34, 17], "uv_size": [1, 2]},
								"east": {"uv": [42, 78], "uv_size": [4, 2]},
								"south": {"uv": [44, 46], "uv_size": [1, 2]},
								"west": {"uv": [55, 78], "uv_size": [4, 2]},
								"up": {"uv": [36, 25], "uv_size": [1, 4]},
								"down": {"uv": [27, 41], "uv_size": [1, -4]}
							}
						},
						{
							"origin": [4.81094, 30.56023, -1],
							"size": [1, 2, 2],
							"pivot": [5.4, 31.6, 0],
							"rotation": [-47.5, 0, -5],
							"uv": {
								"north": {"uv": [27, 87], "uv_size": [1, 2]},
								"east": {"uv": [84, 23], "uv_size": [2, 2]},
								"south": {"uv": [28, 87], "uv_size": [1, 2]},
								"west": {"uv": [32, 84], "uv_size": [2, 2]},
								"up": {"uv": [29, 87], "uv_size": [1, 2]},
								"down": {"uv": [87, 33], "uv_size": [1, -2]}
							}
						},
						{
							"origin": [5.6, 28.1, -1.9],
							"size": [1, 3, 3.8],
							"pivot": [6.6, 29.1, 0],
							"rotation": [0, 0, -22.5],
							"uv": {
								"north": {"uv": [11, 24], "uv_size": [1, 3]},
								"east": {"uv": [7, 24], "uv_size": [4, 3]},
								"south": {"uv": [45, 62], "uv_size": [1, 3]},
								"west": {"uv": [34, 73], "uv_size": [4, 3]},
								"up": {"uv": [8, 40], "uv_size": [1, 4]},
								"down": {"uv": [22, 48], "uv_size": [1, -4]}
							}
						},
						{
							"origin": [5.8, 26.6, -2],
							"size": [1, 3, 4],
							"pivot": [6.6, 29.1, 0],
							"rotation": [0, 0, -22.5],
							"uv": {
								"north": {"uv": [77, 85], "uv_size": [1, 3]},
								"east": {"uv": [74, 57], "uv_size": [4, 3]},
								"south": {"uv": [78, 85], "uv_size": [1, 3]},
								"west": {"uv": [10, 75], "uv_size": [4, 3]},
								"up": {"uv": [21, 84], "uv_size": [1, 4]},
								"down": {"uv": [30, 88], "uv_size": [1, -4]}
							}
						},
						{
							"origin": [6, 25.1, -2.1],
							"size": [1, 3, 4.2],
							"pivot": [6.6, 29.1, 0],
							"rotation": [0, 0, -22.5],
							"uv": {
								"north": {"uv": [79, 85], "uv_size": [1, 3]},
								"east": {"uv": [75, 12], "uv_size": [4, 3]},
								"south": {"uv": [85, 79], "uv_size": [1, 3]},
								"west": {"uv": [42, 75], "uv_size": [4, 3]},
								"up": {"uv": [31, 84], "uv_size": [1, 4]},
								"down": {"uv": [84, 35], "uv_size": [1, -4]}
							}
						}
					]
				},
				{
					"name": "LeftForeArm",
					"parent": "LeftArm",
					"pivot": [5.4, 23.9, 0],
					"cubes": [
						{
							"origin": [3.3, 17.4, -1.2],
							"size": [2.4, 6, 2.4],
							"pivot": [4, 29.4, 0],
							"rotation": [0, 0, -10],
							"uv": {
								"north": {"uv": [42, 69], "uv_size": [2.5, 6]},
								"east": {"uv": [0, 70], "uv_size": [2.5, 6]},
								"south": {"uv": [22, 70], "uv_size": [2.5, 6]},
								"west": {"uv": [25, 70], "uv_size": [2.5, 6]},
								"up": {"uv": [18, 80], "uv_size": [2.5, 2.5]},
								"down": {"uv": [80, 71.5], "uv_size": [2.5, -2.5]}
							}
						},
						{
							"origin": [2.5, 19.4, -2],
							"size": [4, 5, 4],
							"pivot": [4, 29.4, 0],
							"rotation": [0, 0, -10],
							"uv": {
								"north": {"uv": [51, 22], "uv_size": [4, 5]},
								"east": {"uv": [7, 64], "uv_size": [4, 5]},
								"south": {"uv": [11, 64], "uv_size": [4, 5]},
								"west": {"uv": [64, 21], "uv_size": [4, 5]},
								"up": {"uv": [46, 36], "uv_size": [4, 4]},
								"down": {"uv": [67, 10], "uv_size": [4, -4]}
							}
						},
						{
							"origin": [4.7, 16.4, -1.1],
							"size": [1, 1, 2.2],
							"pivot": [4, 29.4, 0],
							"rotation": [0, 0, -10],
							"uv": {
								"north": {"uv": [8, 89], "uv_size": [1, 1]},
								"east": {"uv": [87, 8], "uv_size": [2, 1]},
								"south": {"uv": [89, 8], "uv_size": [1, 1]},
								"west": {"uv": [87, 9], "uv_size": [2, 1]},
								"up": {"uv": [9, 87], "uv_size": [1, 2]},
								"down": {"uv": [87, 12], "uv_size": [1, -2]}
							}
						},
						{
							"origin": [3.3, 16.6, -1.5],
							"size": [1, 0.8, 1],
							"pivot": [4, 29.4, 0],
							"rotation": [0, 0, -10],
							"uv": {
								"north": {"uv": [17, 89], "uv_size": [1, 1]},
								"east": {"uv": [20, 89], "uv_size": [1, 1]},
								"south": {"uv": [21, 89], "uv_size": [1, 1]},
								"west": {"uv": [89, 21], "uv_size": [1, 1]},
								"up": {"uv": [22, 89], "uv_size": [1, 1]},
								"down": {"uv": [89, 23], "uv_size": [1, -1]}
							}
						}
					]
				},
				{
					"name": "bone2",
					"parent": "LeftForeArm",
					"pivot": [5.8739, 23.74071, 3.69324],
					"cubes": [
						{
							"origin": [5.5, 19.4, 1.1],
							"size": [0.99783, 5.01857, 1.9573],
							"pivot": [6, 22.4, 2.1],
							"rotation": [-22.5, 0, -10],
							"uv": {
								"north": {"uv": [20, 15], "uv_size": [1, 5]},
								"east": {"uv": [29, 52], "uv_size": [2, 5]},
								"south": {"uv": [36, 41], "uv_size": [1, 5]},
								"west": {"uv": [56, 0], "uv_size": [2, 5]},
								"up": {"uv": [57, 53], "uv_size": [1, 2]},
								"down": {"uv": [26, 66], "uv_size": [1, -2]}
							}
						}
					]
				},
				{
					"name": "bone3",
					"parent": "bone2",
					"pivot": [5.8739, 23.74071, 3.69324],
					"cubes": [
						{
							"origin": [5.55566, 19.08436, 1.42816],
							"size": [0.99783, 5.01857, 8.9573],
							"pivot": [6.05566, 22.08436, 2.42816],
							"rotation": [-62.5, 0, -10],
							"uv": {
								"north": {"uv": [52, 57], "uv_size": [1, 5]},
								"east": {"uv": [37, 25], "uv_size": [9, 5]},
								"south": {"uv": [58, 0], "uv_size": [1, 5]},
								"west": {"uv": [37, 30], "uv_size": [9, 5]},
								"up": {"uv": [25, 57], "uv_size": [1, 9]},
								"down": {"uv": [60, 84], "uv_size": [1, -9]}
							}
						}
					]
				},
				{
					"name": "LeftHand",
					"parent": "LeftForeArm",
					"pivot": [6.49398, 17.69571, 0],
					"rotation": [0, 0, -10]
				},
				{
					"name": "LeftHandLocator",
					"parent": "LeftHand",
					"pivot": [6.43404, 18.04409, 0]
				},
				{
					"name": "RightArm",
					"pivot": [-4.5, 29.6, 0],
					"rotation": [0, 0, -10],
					"cubes": [
						{
							"origin": [-6, 23.4, -1.5],
							"size": [3, 7.3, 3],
							"pivot": [-4, 29.4, 0],
							"rotation": [0, 0, 10],
							"uv": {
								"north": {"uv": [55, 62], "uv_size": [3, 7]},
								"east": {"uv": [58, 62], "uv_size": [3, 7]},
								"south": {"uv": [61, 62], "uv_size": [3, 7]},
								"west": {"uv": [29, 63], "uv_size": [3, 7]},
								"up": {"uv": [76, 51], "uv_size": [3, 3]},
								"down": {"uv": [76, 57], "uv_size": [3, -3]}
							}
						},
						{
							"origin": [-6.5, 23.4, -2],
							"size": [4, 6, 4],
							"pivot": [-4, 29.4, 0],
							"rotation": [0, 0, 10],
							"uv": {
								"north": {"uv": [60, 21], "uv_size": [4, 6]},
								"east": {"uv": [60, 27], "uv_size": [4, 6]},
								"south": {"uv": [60, 33], "uv_size": [4, 6]},
								"west": {"uv": [60, 39], "uv_size": [4, 6]},
								"up": {"uv": [18, 69], "uv_size": [4, 4]},
								"down": {"uv": [34, 73], "uv_size": [4, -4]}
							}
						}
					]
				},
				{
					"name": "RightForeArm",
					"parent": "RightArm",
					"pivot": [-5.4, 23.9, 0],
					"cubes": [
						{
							"origin": [-5.7, 17.4, -1.2],
							"size": [2.4, 7, 2.4],
							"pivot": [-4, 29.4, 0],
							"rotation": [0, 0, 10],
							"uv": {
								"north": {"uv": [49, 66], "uv_size": [2.5, 7]},
								"east": {"uv": [15, 67], "uv_size": [2.5, 7]},
								"south": {"uv": [67, 50], "uv_size": [2.5, 7]},
								"west": {"uv": [68, 66], "uv_size": [2.5, 7]},
								"up": {"uv": [80, 72], "uv_size": [2.5, 2.5]},
								"down": {"uv": [81, 2.5], "uv_size": [2.5, -2.5]}
							}
						},
						{
							"origin": [-5.7, 16.4, -1.1],
							"size": [1, 1, 2.2],
							"pivot": [-4, 29.4, 0],
							"rotation": [0, 0, 10],
							"uv": {
								"north": {"uv": [5, 89], "uv_size": [1, 1]},
								"east": {"uv": [87, 3], "uv_size": [2, 1]},
								"south": {"uv": [89, 5], "uv_size": [1, 1]},
								"west": {"uv": [87, 5], "uv_size": [2, 1]},
								"up": {"uv": [87, 6], "uv_size": [1, 2]},
								"down": {"uv": [8, 89], "uv_size": [1, -2]}
							}
						},
						{
							"origin": [-4.3, 16.5, -1.5],
							"size": [1, 0.9, 1],
							"pivot": [-2, 29.4, 0],
							"rotation": [0, 0, 10],
							"uv": {
								"north": {"uv": [9, 89], "uv_size": [1, 1]},
								"east": {"uv": [89, 9], "uv_size": [1, 1]},
								"south": {"uv": [89, 12], "uv_size": [1, 1]},
								"west": {"uv": [13, 89], "uv_size": [1, 1]},
								"up": {"uv": [15, 89], "uv_size": [1, 1]},
								"down": {"uv": [16, 90], "uv_size": [1, -1]}
							}
						}
					]
				},
				{
					"name": "RightHand",
					"parent": "RightForeArm",
					"pivot": [-6.49398, 17.69571, 0],
					"rotation": [0, 0, 10]
				},
				{
					"name": "RightHandLocator",
					"parent": "RightHand",
					"pivot": [-6.46877, 17.84713, 0]
				}
			]
		}
	]
}