{
	"format_version": "1.12.0",
	"minecraft:geometry": [
		{
			"description": {
				"identifier": "geometry.unknown",
				"texture_width": 512,
				"texture_height": 512,
				"visible_bounds_width": 14,
				"visible_bounds_height": 9,
				"visible_bounds_offset": [0, 3.5, 0]
			},
			"bones": [
				{
					"name": "Root",
					"pivot": [0, 0, 0]
				},
				{
					"name": "AllBody",
					"parent": "Root",
					"pivot": [0, 0, 0]
				},
				{
					"name": "UpBody",
					"parent": "AllBody",
					"pivot": [0, 24.1, 0],
					"cubes": [
						{
							"origin": [-4, 23.85, -2.325],
							"size": [8, 7.3, 4.65],
							"uv": {
								"north": {"uv": [7, 27], "uv_size": [8, 7]},
								"east": {"uv": [36, 55], "uv_size": [4.5, 7]},
								"south": {"uv": [28, 22], "uv_size": [8, 7]},
								"west": {"uv": [53, 55], "uv_size": [4.5, 7]},
								"up": {"uv": [48, 0], "uv_size": [8, 4.5]},
								"down": {"uv": [49, 16.5], "uv_size": [8, -4.5]}
							}
						},
						{
							"origin": [2.43863, 20.17987, 2.16616],
							"size": [2, 10.6, 0.5],
							"pivot": [3.4, 31.4, 2.4],
							"rotation": [16.24318, 2.97285, -1.53959],
							"uv": {
								"north": {"uv": [32, 63], "uv_size": [2, 10.5]},
								"east": {"uv": [82, 28], "uv_size": [0.5, 10.5]},
								"south": {"uv": [5, 64], "uv_size": [2, 10.5]},
								"west": {"uv": [34, 82], "uv_size": [0.5, 10.5]},
								"up": {"uv": [84, 88], "uv_size": [2, 0.5]},
								"down": {"uv": [88, 85.5], "uv_size": [2, -0.5]}
							}
						},
						{
							"origin": [0.8456, 21.10467, -2.8],
							"size": [3.6, 10.3, 5.5],
							"pivot": [2.5, 27.1, 0],
							"rotation": [0, 0, 7.5],
							"uv": {
								"north": {"uv": [53, 35], "uv_size": [3.5, 10]},
								"east": {"uv": [15, 27], "uv_size": [5.5, 10]},
								"south": {"uv": [53, 45], "uv_size": [3.5, 10]},
								"west": {"uv": [29, 7], "uv_size": [5.5, 10]},
								"up": {"uv": [45, 65], "uv_size": [3.5, 5.5]},
								"down": {"uv": [66, 49.5], "uv_size": [3.5, -5.5]}
							}
						},
						{
							"origin": [-0.7544, 22.80467, 2.2],
							"size": [3.6, 5, 0.5],
							"pivot": [0.9, 25.8, 0],
							"rotation": [0, 0, 42.5],
							"uv": {
								"north": {"uv": [66, 57], "uv_size": [3.5, 5]},
								"east": {"uv": [2, 86], "uv_size": [0.5, 5]},
								"south": {"uv": [68, 20], "uv_size": [3.5, 5]},
								"west": {"uv": [3, 86], "uv_size": [0.5, 5]},
								"up": {"uv": [87, 47], "uv_size": [3.5, 0.5]},
								"down": {"uv": [87, 48.5], "uv_size": [3.5, -0.5]}
							}
						},
						{
							"origin": [-0.34127, 21.62989, -2.5],
							"size": [0.6, 9.4, 0.5],
							"pivot": [0, 27.5, -2.3],
							"rotation": [0, 0, 28.5],
							"uv": {
								"north": {"uv": [67, 82], "uv_size": [0.5, 9.5]},
								"east": {"uv": [71, 82], "uv_size": [0.5, 9.5]},
								"south": {"uv": [72, 82], "uv_size": [0.5, 9.5]},
								"west": {"uv": [73, 82], "uv_size": [0.5, 9.5]},
								"up": {"uv": [89, 84], "uv_size": [0.5, 0.5]},
								"down": {"uv": [85, 89.5], "uv_size": [0.5, -0.5]}
							}
						},
						{
							"origin": [-0.79566, 27.81813, -2.4],
							"size": [0.6, 3.5, 0.5],
							"pivot": [-1, 29.3, -2.2],
							"rotation": [0, 0, -30.5],
							"uv": {
								"north": {"uv": [37, 87], "uv_size": [0.5, 3.5]},
								"east": {"uv": [87, 41], "uv_size": [0.5, 3.5]},
								"south": {"uv": [42, 87], "uv_size": [0.5, 3.5]},
								"west": {"uv": [43, 87], "uv_size": [0.5, 3.5]},
								"up": {"uv": [86, 89], "uv_size": [0.5, 0.5]},
								"down": {"uv": [89, 86.5], "uv_size": [0.5, -0.5]}
							}
						},
						{
							"origin": [-4.38682, 28.2076, -2.7],
							"size": [9.1, 0.7, 5.3],
							"pivot": [0, 28.6, 0],
							"rotation": [0, 0, -10],
							"uv": {
								"north": {"uv": [82, 26], "uv_size": [9, 0.5]},
								"east": {"uv": [84, 2], "uv_size": [5.5, 0.5]},
								"south": {"uv": [82, 60], "uv_size": [9, 0.5]},
								"west": {"uv": [84, 45], "uv_size": [5.5, 0.5]},
								"up": {"uv": [0, 34], "uv_size": [9, 5.5]},
								"down": {"uv": [35, 11.5], "uv_size": [9, -5.5]}
							}
						},
						{
							"origin": [-2.85675, 27.74919, -3.1],
							"size": [1.4, 0.9, 1],
							"pivot": [-2.1, 28.2, -2.7],
							"rotation": [0, 0, -11],
							"uv": {
								"north": {"uv": [44, 87], "uv_size": [1.5, 1]},
								"east": {"uv": [59, 21], "uv_size": [1, 1]},
								"south": {"uv": [49, 87], "uv_size": [1.5, 1]},
								"west": {"uv": [16, 66], "uv_size": [1, 1]},
								"up": {"uv": [87, 49], "uv_size": [1.5, 1]},
								"down": {"uv": [87, 51], "uv_size": [1.5, -1]}
							}
						},
						{
							"origin": [-3.2, 30.3, -3],
							"size": [6.7, 1.9, 6.6],
							"pivot": [0.2, 31.3, 0],
							"rotation": [0, -47.5, -2.5],
							"uv": {
								"north": {"uv": [72, 32], "uv_size": [6.5, 2]},
								"east": {"uv": [72, 34], "uv_size": [6.5, 2]},
								"south": {"uv": [72, 36], "uv_size": [6.5, 2]},
								"west": {"uv": [72, 38], "uv_size": [6.5, 2]},
								"up": {"uv": [42, 12], "uv_size": [6.5, 6.5]},
								"down": {"uv": [44, 11.5], "uv_size": [6.5, -6.5]}
							}
						},
						{
							"origin": [-3.4, 30.8, -2.2],
							"size": [5, 2.3, 5],
							"pivot": [-0.8, 32.2, -1],
							"rotation": [0, 42.5, 1],
							"uv": {
								"north": {"uv": [76, 15], "uv_size": [5, 2]},
								"east": {"uv": [76, 17], "uv_size": [5, 2]},
								"south": {"uv": [26, 76], "uv_size": [5, 2]},
								"west": {"uv": [31, 76], "uv_size": [5, 2]},
								"up": {"uv": [29, 17], "uv_size": [5, 5]},
								"down": {"uv": [5, 64], "uv_size": [5, -5]}
							}
						},
						{
							"origin": [2.4, 30.8, -3],
							"size": [0.8, 2.1, 0.5],
							"uv": {
								"north": {"uv": [86, 35], "uv_size": [1, 2]},
								"east": {"uv": [88, 43], "uv_size": [0.5, 2]},
								"south": {"uv": [86, 37], "uv_size": [1, 2]},
								"west": {"uv": [44, 88], "uv_size": [0.5, 2]},
								"up": {"uv": [61, 89], "uv_size": [1, 0.5]},
								"down": {"uv": [63, 89.5], "uv_size": [1, -0.5]}
							}
						},
						{
							"origin": [0.91888, 27.10109, 2.11116],
							"size": [2, 4.6, 0.6],
							"pivot": [2.1, 31.4, 2.4],
							"rotation": [26.28217, -2.57594, 9.6658],
							"uv": {
								"north": {"uv": [36, 76], "uv_size": [2, 4.5]},
								"east": {"uv": [6, 86], "uv_size": [0.5, 4.5]},
								"south": {"uv": [64, 76], "uv_size": [2, 4.5]},
								"west": {"uv": [86, 8], "uv_size": [0.5, 4.5]},
								"up": {"uv": [88, 46], "uv_size": [2, 0.5]},
								"down": {"uv": [48, 88.5], "uv_size": [2, -0.5]}
							}
						},
						{
							"origin": [2.6, 29.9, 2.6],
							"size": [1.8, 1.8, 0.3],
							"pivot": [3.5, 31.1, 2.7],
							"rotation": [15, 0, 0],
							"uv": {
								"north": {"uv": [49, 17], "uv_size": [2, 2]},
								"east": {"uv": [45, 88], "uv_size": [0.5, 2]},
								"south": {"uv": [18, 67], "uv_size": [2, 2]},
								"west": {"uv": [50, 88], "uv_size": [0.5, 2]},
								"up": {"uv": [88, 51], "uv_size": [2, 0.5]},
								"down": {"uv": [88, 52.5], "uv_size": [2, -0.5]}
							}
						},
						{
							"origin": [3.1, 28, 2.7],
							"size": [0.9, 2, 0.6],
							"pivot": [3.5, 29.8, 3.2],
							"rotation": [29, 0, 0],
							"uv": {
								"north": {"uv": [86, 39], "uv_size": [1, 2]},
								"east": {"uv": [53, 88], "uv_size": [0.5, 2]},
								"south": {"uv": [86, 41], "uv_size": [1, 2]},
								"west": {"uv": [54, 88], "uv_size": [0.5, 2]},
								"up": {"uv": [89, 63], "uv_size": [1, 0.5]},
								"down": {"uv": [89, 64.5], "uv_size": [1, -0.5]}
							}
						},
						{
							"origin": [3.2, 30.8, -3],
							"size": [1.5, 0.8, 0.5],
							"uv": {
								"north": {"uv": [87, 78], "uv_size": [1.5, 1]},
								"east": {"uv": [89, 79], "uv_size": [0.5, 1]},
								"south": {"uv": [88, 0], "uv_size": [1.5, 1]},
								"west": {"uv": [89, 80], "uv_size": [0.5, 1]},
								"up": {"uv": [59, 89], "uv_size": [1.5, 0.5]},
								"down": {"uv": [89, 59.5], "uv_size": [1.5, -0.5]}
							}
						},
						{
							"origin": [3.2, 31.6, -2.9],
							"size": [1.4, 1.2, 0.4],
							"uv": {
								"north": {"uv": [88, 1], "uv_size": [1.5, 1]},
								"east": {"uv": [89, 83], "uv_size": [0.5, 1]},
								"south": {"uv": [88, 4], "uv_size": [1.5, 1]},
								"west": {"uv": [84, 89], "uv_size": [0.5, 1]},
								"up": {"uv": [89, 61], "uv_size": [1.5, 0.5]},
								"down": {"uv": [89, 62.5], "uv_size": [1.5, -0.5]}
							}
						}
					]
				},
				{
					"name": "AllHead",
					"parent": "UpBody",
					"pivot": [0, 32.1, 0],
					"cubes": [
						{
							"origin": [-1.3, 31.025, -1.325],
							"size": [2.6, 4, 2.6],
							"uv": {
								"north": {"uv": [78, 57], "uv_size": [2.5, 3]},
								"east": {"uv": [79, 12], "uv_size": [2.5, 3]},
								"south": {"uv": [79, 40], "uv_size": [2.5, 3]},
								"west": {"uv": [79, 43], "uv_size": [2.5, 3]},
								"up": {"uv": [5, 81], "uv_size": [2.5, 2.5]},
								"down": {"uv": [10, 83.5], "uv_size": [2.5, -2.5]}
							}
						}
					]
				},
				{
					"name": "Head",
					"parent": "AllHead",
					"pivot": [0, 32.8, 0],
					"cubes": [
						{
							"origin": [-3.5, 33.35, -4],
							"size": [7, 6.5, 7.5],
							"uv": {
								"north": {"uv": [21, 30], "uv_size": [7, 7]},
								"east": {"uv": [21, 15], "uv_size": [8, 7]},
								"south": {"uv": [35, 12], "uv_size": [7, 7]},
								"west": {"uv": [22, 0], "uv_size": [8, 7]},
								"up": {"uv": [21, 22], "uv_size": [7, 8]},
								"down": {"uv": [0, 32], "uv_size": [7, -8]}
							}
						},
						{
							"origin": [-4.57678, 34.55, -1.67678],
							"size": [2, 2.3, 1],
							"pivot": [-3.6, 34.55, -1],
							"rotation": [-4.19484, 29.47506, -1.43446],
							"uv": {
								"north": {"uv": [82, 12], "uv_size": [2, 2.5]},
								"east": {"uv": [83, 85], "uv_size": [1, 2.5]},
								"south": {"uv": [40, 82], "uv_size": [2, 2.5]},
								"west": {"uv": [84, 85], "uv_size": [1, 2.5]},
								"up": {"uv": [57, 16], "uv_size": [2, 1]},
								"down": {"uv": [64, 45], "uv_size": [2, -1]}
							}
						},
						{
							"origin": [2.57678, 34.55, -1.67678],
							"size": [2, 2.3, 1],
							"pivot": [3.6, 34.55, -1],
							"rotation": [-4.2258, -30.34544, 1.42062],
							"uv": {
								"north": {"uv": [42, 82], "uv_size": [2, 2.5]},
								"east": {"uv": [0, 86], "uv_size": [1, 2.5]},
								"south": {"uv": [82, 43], "uv_size": [2, 2.5]},
								"west": {"uv": [1, 86], "uv_size": [1, 2.5]},
								"up": {"uv": [34, 68], "uv_size": [2, 1]},
								"down": {"uv": [69, 66], "uv_size": [2, -1]}
							}
						},
						{
							"origin": [-3.025, 37.075, -4.125],
							"size": [2.25, 0.5, 1],
							"uv": {
								"north": {"uv": [88, 18], "uv_size": [2.5, 0.5]},
								"east": {"uv": [89, 73], "uv_size": [1, 0.5]},
								"south": {"uv": [88, 19], "uv_size": [2.5, 0.5]},
								"west": {"uv": [74, 89], "uv_size": [1, 0.5]},
								"up": {"uv": [65, 20], "uv_size": [2.5, 1]},
								"down": {"uv": [75, 65], "uv_size": [2.5, -1]}
							}
						},
						{
							"origin": [0.775, 37.075, -4.125],
							"size": [2.25, 0.5, 1],
							"uv": {
								"north": {"uv": [88, 20], "uv_size": [2.5, 0.5]},
								"east": {"uv": [89, 74], "uv_size": [1, 0.5]},
								"south": {"uv": [21, 88], "uv_size": [2.5, 0.5]},
								"west": {"uv": [89, 75], "uv_size": [1, 0.5]},
								"up": {"uv": [52, 79], "uv_size": [2.5, 1]},
								"down": {"uv": [85, 56], "uv_size": [2.5, -1]}
							}
						}
					]
				},
				{
					"name": "Face",
					"parent": "Head",
					"pivot": [0, 33.3, 0]
				},
				{
					"name": "Eyes",
					"parent": "Face",
					"pivot": [0, 35.375, -0.5]
				},
				{
					"name": "Eyebrow",
					"parent": "Eyes",
					"pivot": [2.875, 36.175, -3.625]
				},
				{
					"name": "LeftEyebrow",
					"parent": "Eyebrow",
					"pivot": [2.875, 36.175, -3.625],
					"rotation": [0, 0, 3],
					"cubes": [
						{
							"origin": [1.275, 36.175, -4.125],
							"size": [2.25, 0.4, 1],
							"uv": {
								"north": {"uv": [15, 88], "uv_size": [2.5, 0.5]},
								"east": {"uv": [65, 89], "uv_size": [1, 0.5]},
								"south": {"uv": [88, 15], "uv_size": [2.5, 0.5]},
								"west": {"uv": [89, 65], "uv_size": [1, 0.5]},
								"up": {"uv": [5, 49], "uv_size": [2.5, 1]},
								"down": {"uv": [50, 48], "uv_size": [2.5, -1]}
							}
						}
					]
				},
				{
					"name": "RightEyebrow",
					"parent": "Eyebrow",
					"pivot": [-2.875, 36.175, -3.625],
					"rotation": [0, 0, -3],
					"cubes": [
						{
							"origin": [-3.525, 36.175, -4.125],
							"size": [2.25, 0.4, 1],
							"uv": {
								"north": {"uv": [88, 16], "uv_size": [2.5, 0.5]},
								"east": {"uv": [66, 89], "uv_size": [1, 0.5]},
								"south": {"uv": [88, 17], "uv_size": [2.5, 0.5]},
								"west": {"uv": [89, 66], "uv_size": [1, 0.5]},
								"up": {"uv": [41, 55], "uv_size": [2.5, 1]},
								"down": {"uv": [59, 10], "uv_size": [2.5, -1]}
							}
						}
					]
				},
				{
					"name": "Eyelid",
					"parent": "Eyes",
					"pivot": [0, 36.075, -0.3]
				},
				{
					"name": "LeftEyelid",
					"parent": "Eyelid",
					"pivot": [2.5, 34.375, -3.525],
					"cubes": [
						{
							"origin": [1.4, 34.975, -4.025],
							"size": [2, 1.4, 1],
							"uv": {
								"north": {"uv": [84, 75], "uv_size": [2, 1.5]},
								"east": {"uv": [46, 87], "uv_size": [1, 1.5]},
								"south": {"uv": [40, 85], "uv_size": [2, 1.5]},
								"west": {"uv": [51, 87], "uv_size": [1, 1.5]},
								"up": {"uv": [70, 19], "uv_size": [2, 1]},
								"down": {"uv": [40, 80], "uv_size": [2, -1]}
							}
						}
					]
				},
				{
					"name": "ysmGlowLeftEyesBase",
					"parent": "LeftEyelid",
					"pivot": [2.325, 34.375, -3.525],
					"cubes": [
						{
							"origin": [1.525, 34.975, -4.05],
							"size": [1.4, 1.4, 1],
							"uv": {
								"north": {"uv": [86, 13], "uv_size": [1.5, 1.5]},
								"east": {"uv": [87, 51], "uv_size": [1, 1.5]},
								"south": {"uv": [17, 86], "uv_size": [1.5, 1.5]},
								"west": {"uv": [52, 87], "uv_size": [1, 1.5]},
								"up": {"uv": [53, 87], "uv_size": [1.5, 1]},
								"down": {"uv": [87, 54], "uv_size": [1.5, -1]}
							}
						},
						{
							"origin": [2.275, 35.475, -4.45],
							"size": [1.2, 0.95, 1],
							"inflate": -0.35,
							"uv": {
								"north": {"uv": [88, 55], "uv_size": [1, 1]},
								"east": {"uv": [88, 56], "uv_size": [1, 1]},
								"south": {"uv": [88, 57], "uv_size": [1, 1]},
								"west": {"uv": [88, 58], "uv_size": [1, 1]},
								"up": {"uv": [59, 88], "uv_size": [1, 1]},
								"down": {"uv": [88, 60], "uv_size": [1, -1]}
							}
						}
					]
				},
				{
					"name": "LeftPupil",
					"parent": "ysmGlowLeftEyesBase",
					"pivot": [2.225, 35.375, -3.575],
					"cubes": [
						{
							"origin": [1.925, 35.475, -4.075],
							"size": [0.6, 0.4, 1],
							"uv": {
								"north": {"uv": [0, 90], "uv_size": [0.5, 0.5]},
								"east": {"uv": [89, 67], "uv_size": [1, 0.5]},
								"south": {"uv": [90, 0], "uv_size": [0.5, 0.5]},
								"west": {"uv": [89, 68], "uv_size": [1, 0.5]},
								"up": {"uv": [69, 89], "uv_size": [0.5, 1]},
								"down": {"uv": [89, 70], "uv_size": [0.5, -1]}
							}
						}
					]
				},
				{
					"name": "RightEyelid",
					"parent": "Eyelid",
					"pivot": [-2.5, 34.375, -3.525],
					"cubes": [
						{
							"origin": [-3.4, 34.975, -4.025],
							"size": [2, 1.4, 1],
							"uv": {
								"north": {"uv": [42, 85], "uv_size": [2, 1.5]},
								"east": {"uv": [55, 87], "uv_size": [1, 1.5]},
								"south": {"uv": [85, 47], "uv_size": [2, 1.5]},
								"west": {"uv": [56, 87], "uv_size": [1, 1.5]},
								"up": {"uv": [85, 65], "uv_size": [2, 1]},
								"down": {"uv": [85, 69], "uv_size": [2, -1]}
							}
						}
					]
				},
				{
					"name": "ysmGlowRightEyesBase",
					"parent": "RightEyelid",
					"pivot": [-2.325, 34.375, -3.525],
					"cubes": [
						{
							"origin": [-2.925, 34.975, -4.05],
							"size": [1.4, 1.4, 1],
							"uv": {
								"north": {"uv": [86, 17], "uv_size": [1.5, 1.5]},
								"east": {"uv": [57, 87], "uv_size": [1, 1.5]},
								"south": {"uv": [86, 19], "uv_size": [1.5, 1.5]},
								"west": {"uv": [87, 57], "uv_size": [1, 1.5]},
								"up": {"uv": [87, 54], "uv_size": [1.5, 1]},
								"down": {"uv": [87, 62], "uv_size": [1.5, -1]}
							}
						},
						{
							"origin": [-2.25, 35.475, -4.45],
							"size": [1.2, 0.95, 1],
							"inflate": -0.35,
							"uv": {
								"north": {"uv": [60, 88], "uv_size": [1, 1]},
								"east": {"uv": [61, 88], "uv_size": [1, 1]},
								"south": {"uv": [88, 62], "uv_size": [1, 1]},
								"west": {"uv": [63, 88], "uv_size": [1, 1]},
								"up": {"uv": [88, 63], "uv_size": [1, 1]},
								"down": {"uv": [88, 65], "uv_size": [1, -1]}
							}
						}
					]
				},
				{
					"name": "RightPupil",
					"parent": "ysmGlowRightEyesBase",
					"pivot": [-2.225, 35.375, -3.575],
					"cubes": [
						{
							"origin": [-2.525, 35.475, -4.075],
							"size": [0.6, 0.4, 1],
							"uv": {
								"north": {"uv": [1, 90], "uv_size": [0.5, 0.5]},
								"east": {"uv": [70, 89], "uv_size": [1, 0.5]},
								"south": {"uv": [90, 1], "uv_size": [0.5, 0.5]},
								"west": {"uv": [89, 70], "uv_size": [1, 0.5]},
								"up": {"uv": [89, 71], "uv_size": [0.5, 1]},
								"down": {"uv": [89, 73], "uv_size": [0.5, -1]}
							}
						}
					]
				},
				{
					"name": "Hair",
					"parent": "Head",
					"pivot": [0, 38.8, 0],
					"cubes": [
						{
							"origin": [-4, 39.4, -4.1],
							"size": [8, 2.5, 8.2],
							"uv": {
								"north": {"uv": [64, 26], "uv_size": [8, 2.5]},
								"east": {"uv": [64, 29], "uv_size": [8, 2.5]},
								"south": {"uv": [64, 32], "uv_size": [8, 2.5]},
								"west": {"uv": [64, 35], "uv_size": [8, 2.5]},
								"up": {"uv": [12, 12], "uv_size": [8, 8]},
								"down": {"uv": [14, 8], "uv_size": [8, -8]}
							}
						},
						{
							"origin": [-1.5, 34.8, -5.5],
							"size": [1.5, 6.1, 2],
							"pivot": [-0.5, 39.3, -4.5],
							"rotation": [4, 0, -15],
							"uv": {
								"north": {"uv": [66, 76], "uv_size": [1.5, 6]},
								"east": {"uv": [27, 64], "uv_size": [2, 6]},
								"south": {"uv": [71, 76], "uv_size": [1.5, 6]},
								"west": {"uv": [13, 69], "uv_size": [2, 6]},
								"up": {"uv": [49, 85], "uv_size": [1.5, 2]},
								"down": {"uv": [51, 87], "uv_size": [1.5, -2]}
							}
						},
						{
							"origin": [-0.3, 35.2, -5.2],
							"size": [1.7, 5.4, 1.9],
							"pivot": [0.5, 39.2, -4.3],
							"rotation": [5, 0, 15],
							"uv": {
								"north": {"uv": [30, 78], "uv_size": [1.5, 5.5]},
								"east": {"uv": [46, 75], "uv_size": [2, 5.5]},
								"south": {"uv": [32, 78], "uv_size": [1.5, 5.5]},
								"west": {"uv": [75, 75], "uv_size": [2, 5.5]},
								"up": {"uv": [53, 85], "uv_size": [1.5, 2]},
								"down": {"uv": [85, 55], "uv_size": [1.5, -2]}
							}
						},
						{
							"origin": [-2.3, 36.8, -4.8],
							"size": [1, 3.8, 2],
							"pivot": [-2, 39.3, -4],
							"rotation": [0, 0, 26.5],
							"uv": {
								"north": {"uv": [26, 48], "uv_size": [1, 4]},
								"east": {"uv": [34, 78], "uv_size": [2, 4]},
								"south": {"uv": [20, 83], "uv_size": [1, 4]},
								"west": {"uv": [78, 64], "uv_size": [2, 4]},
								"up": {"uv": [48, 86], "uv_size": [1, 2]},
								"down": {"uv": [86, 64], "uv_size": [1, -2]}
							}
						},
						{
							"origin": [-3, 36.6, -5.5],
							"size": [1, 3.5, 1.5],
							"pivot": [-2.6, 39.5, -4],
							"rotation": [35, 0, 37.5],
							"uv": {
								"north": {"uv": [60, 84], "uv_size": [1, 3.5]},
								"east": {"uv": [76, 81], "uv_size": [1.5, 3.5]},
								"south": {"uv": [84, 71], "uv_size": [1, 3.5]},
								"west": {"uv": [78, 81], "uv_size": [1.5, 3.5]},
								"up": {"uv": [58, 87], "uv_size": [1, 1.5]},
								"down": {"uv": [87, 63.5], "uv_size": [1, -1.5]}
							}
						},
						{
							"origin": [1.5, 36.8, -4.8],
							"size": [1, 4, 2],
							"pivot": [2, 39.3, -4],
							"rotation": [0, 0, -21.5],
							"uv": {
								"north": {"uv": [83, 31], "uv_size": [1, 4]},
								"east": {"uv": [79, 0], "uv_size": [2, 4]},
								"south": {"uv": [83, 35], "uv_size": [1, 4]},
								"west": {"uv": [79, 32], "uv_size": [2, 4]},
								"up": {"uv": [86, 71], "uv_size": [1, 2]},
								"down": {"uv": [86, 75], "uv_size": [1, -2]}
							}
						},
						{
							"origin": [2, 36.6, -5],
							"size": [1, 3.5, 1],
							"pivot": [2.6, 39.5, -4],
							"rotation": [20, 0, -37.5],
							"uv": {
								"north": {"uv": [84, 81], "uv_size": [1, 3.5]},
								"east": {"uv": [85, 17], "uv_size": [1, 3.5]},
								"south": {"uv": [85, 27], "uv_size": [1, 3.5]},
								"west": {"uv": [85, 31], "uv_size": [1, 3.5]},
								"up": {"uv": [88, 65], "uv_size": [1, 1]},
								"down": {"uv": [88, 67], "uv_size": [1, -1]}
							}
						},
						{
							"origin": [-4.8, 32.5, -2.7],
							"size": [1, 7, 1.5],
							"pivot": [-4.2, 39.2, -1.7],
							"rotation": [-7.49548, -0.261, -1.9829],
							"uv": {
								"north": {"uv": [16, 59], "uv_size": [1, 7]},
								"east": {"uv": [0, 76], "uv_size": [1.5, 7]},
								"south": {"uv": [4, 76], "uv_size": [1, 7]},
								"west": {"uv": [2, 76], "uv_size": [1.5, 7]},
								"up": {"uv": [65, 87], "uv_size": [1, 1.5]},
								"down": {"uv": [87, 66.5], "uv_size": [1, -1.5]}
							}
						},
						{
							"origin": [-4.4, 34.3, -3.2],
							"size": [1, 5.5, 1],
							"pivot": [-4, 39.8, -2.7],
							"rotation": [-12.48341, -0.64904, -2.92901],
							"uv": {
								"north": {"uv": [69, 79], "uv_size": [1, 5.5]},
								"east": {"uv": [8, 81], "uv_size": [1, 5.5]},
								"south": {"uv": [13, 81], "uv_size": [1, 5.5]},
								"west": {"uv": [26, 81], "uv_size": [1, 5.5]},
								"up": {"uv": [88, 67], "uv_size": [1, 1]},
								"down": {"uv": [88, 69], "uv_size": [1, -1]}
							}
						},
						{
							"origin": [3.4, 34.3, -3.2],
							"size": [1, 5.5, 1],
							"pivot": [4, 39.8, -2.7],
							"rotation": [-12.48341, 0.64904, 2.92901],
							"uv": {
								"north": {"uv": [27, 81], "uv_size": [1, 5.5]},
								"east": {"uv": [28, 81], "uv_size": [1, 5.5]},
								"south": {"uv": [81, 28], "uv_size": [1, 5.5]},
								"west": {"uv": [29, 81], "uv_size": [1, 5.5]},
								"up": {"uv": [69, 88], "uv_size": [1, 1]},
								"down": {"uv": [88, 70], "uv_size": [1, -1]}
							}
						},
						{
							"origin": [3.8, 32.5, -2.7],
							"size": [1, 7, 1.5],
							"pivot": [4.2, 39.2, -1.7],
							"rotation": [-7.48984, 0.3914, 2.97438],
							"uv": {
								"north": {"uv": [21, 77], "uv_size": [1, 7]},
								"east": {"uv": [22, 76], "uv_size": [1.5, 7]},
								"south": {"uv": [59, 78], "uv_size": [1, 7]},
								"west": {"uv": [24, 76], "uv_size": [1.5, 7]},
								"up": {"uv": [66, 87], "uv_size": [1, 1.5]},
								"down": {"uv": [87, 69.5], "uv_size": [1, -1.5]}
							}
						},
						{
							"origin": [-4.97711, 34.83828, -1.67306],
							"size": [2, 6, 1.5],
							"pivot": [-5, 39.5, -0.4],
							"rotation": [32.46541, -5.97792, 10.97231],
							"uv": {
								"north": {"uv": [3, 70], "uv_size": [2, 6]},
								"east": {"uv": [73, 76], "uv_size": [1.5, 6]},
								"south": {"uv": [38, 73], "uv_size": [2, 6]},
								"west": {"uv": [77, 0], "uv_size": [1.5, 6]},
								"up": {"uv": [57, 85], "uv_size": [2, 1.5]},
								"down": {"uv": [85, 58.5], "uv_size": [2, -1.5]}
							}
						},
						{
							"origin": [3, 35.01213, -1.43258],
							"size": [2, 6, 2],
							"pivot": [5, 39.5, -0.3],
							"rotation": [25.80655, 3.28019, -6.74834],
							"uv": {
								"north": {"uv": [40, 73], "uv_size": [2, 6]},
								"east": {"uv": [49, 73], "uv_size": [2, 6]},
								"south": {"uv": [51, 73], "uv_size": [2, 6]},
								"west": {"uv": [53, 73], "uv_size": [2, 6]},
								"up": {"uv": [83, 19], "uv_size": [2, 2]},
								"down": {"uv": [38, 85], "uv_size": [2, -2]}
							}
						},
						{
							"origin": [-4.6, 36.8, -1.7],
							"size": [2, 4, 1],
							"pivot": [-4.4, 39.4, -1.2],
							"rotation": [24.47761, -5.24826, 40.36081],
							"uv": {
								"north": {"uv": [79, 36], "uv_size": [2, 4]},
								"east": {"uv": [44, 83], "uv_size": [1, 4]},
								"south": {"uv": [38, 79], "uv_size": [2, 4]},
								"west": {"uv": [45, 83], "uv_size": [1, 4]},
								"up": {"uv": [86, 46], "uv_size": [2, 1]},
								"down": {"uv": [86, 57], "uv_size": [2, -1]}
							}
						},
						{
							"origin": [3.1, 36.8, -1.7],
							"size": [1.5, 3, 1],
							"pivot": [4.4, 39.4, -1.2],
							"rotation": [25, 0, -29],
							"uv": {
								"north": {"uv": [0, 83], "uv_size": [1.5, 3]},
								"east": {"uv": [15, 64], "uv_size": [1, 3]},
								"south": {"uv": [2, 83], "uv_size": [1.5, 3]},
								"west": {"uv": [66, 50], "uv_size": [1, 3]},
								"up": {"uv": [87, 70], "uv_size": [1.5, 1]},
								"down": {"uv": [87, 72], "uv_size": [1.5, -1]}
							}
						},
						{
							"origin": [-3.3, 40.4, -3.6],
							"size": [6.6, 2.4, 7.2],
							"uv": {
								"north": {"uv": [72, 40], "uv_size": [6.5, 2]},
								"east": {"uv": [0, 32], "uv_size": [7, 2]},
								"south": {"uv": [72, 42], "uv_size": [6.5, 2]},
								"west": {"uv": [70, 47], "uv_size": [7, 2]},
								"up": {"uv": [9, 37], "uv_size": [6.5, 7]},
								"down": {"uv": [16, 44], "uv_size": [6.5, -7]}
							}
						},
						{
							"origin": [-4.5, 34.3, -0.5],
							"size": [9, 6.5, 5],
							"uv": {
								"north": {"uv": [20, 8], "uv_size": [9, 6.5]},
								"east": {"uv": [0, 54], "uv_size": [5, 6.5]},
								"south": {"uv": [12, 20], "uv_size": [9, 6.5]},
								"west": {"uv": [55, 22], "uv_size": [5, 6.5]},
								"up": {"uv": [37, 35], "uv_size": [9, 5]},
								"down": {"uv": [39, 5], "uv_size": [9, -5]}
							}
						},
						{
							"origin": [-2.7, 40.8, -3],
							"size": [2.2, 2.5, 6],
							"uv": {
								"north": {"uv": [83, 47], "uv_size": [2, 2]},
								"east": {"uv": [51, 10], "uv_size": [6, 2]},
								"south": {"uv": [83, 54], "uv_size": [2, 2]},
								"west": {"uv": [55, 73], "uv_size": [6, 2]},
								"up": {"uv": [61, 73], "uv_size": [2, 6]},
								"down": {"uv": [68, 79], "uv_size": [2, -6]}
							}
						},
						{
							"origin": [0.5, 40.8, -3],
							"size": [2.2, 2.5, 6],
							"uv": {
								"north": {"uv": [57, 83], "uv_size": [2, 2]},
								"east": {"uv": [28, 74], "uv_size": [6, 2]},
								"south": {"uv": [83, 62], "uv_size": [2, 2]},
								"west": {"uv": [74, 49], "uv_size": [6, 2]},
								"up": {"uv": [15, 74], "uv_size": [2, 6]},
								"down": {"uv": [74, 57], "uv_size": [2, -6]}
							}
						},
						{
							"origin": [-3.1, 29.8, 5],
							"size": [1, 5.3, 1],
							"pivot": [-2.6, 34.3, 6],
							"rotation": [17.5, 0, 25],
							"uv": {
								"north": {"uv": [81, 34], "uv_size": [1, 5.5]},
								"east": {"uv": [36, 81], "uv_size": [1, 5.5]},
								"south": {"uv": [37, 81], "uv_size": [1, 5.5]},
								"west": {"uv": [46, 81], "uv_size": [1, 5.5]},
								"up": {"uv": [70, 88], "uv_size": [1, 1]},
								"down": {"uv": [88, 73], "uv_size": [1, -1]}
							}
						},
						{
							"origin": [-3, 30.8, 5],
							"size": [1, 4, 1],
							"pivot": [-2.5, 34.3, 6],
							"rotation": [30, 0, 40],
							"uv": {
								"north": {"uv": [83, 69], "uv_size": [1, 4]},
								"east": {"uv": [83, 73], "uv_size": [1, 4]},
								"south": {"uv": [80, 83], "uv_size": [1, 4]},
								"west": {"uv": [81, 83], "uv_size": [1, 4]},
								"up": {"uv": [88, 73], "uv_size": [1, 1]},
								"down": {"uv": [88, 76], "uv_size": [1, -1]}
							}
						},
						{
							"origin": [-2.9, 30.8, 5],
							"size": [1, 4.5, 1],
							"pivot": [-2.4, 34.3, 6],
							"rotation": [25.96295, 15.58394, 11.11364],
							"uv": {
								"north": {"uv": [74, 82], "uv_size": [1, 4.5]},
								"east": {"uv": [4, 83], "uv_size": [1, 4.5]},
								"south": {"uv": [15, 83], "uv_size": [1, 4.5]},
								"west": {"uv": [16, 83], "uv_size": [1, 4.5]},
								"up": {"uv": [76, 88], "uv_size": [1, 1]},
								"down": {"uv": [88, 77], "uv_size": [1, -1]}
							}
						},
						{
							"origin": [-3.2, 33.8, 4.9],
							"size": [1.4, 1.4, 0.8],
							"uv": {
								"north": {"uv": [86, 21], "uv_size": [1.5, 1.5]},
								"east": {"uv": [87, 72], "uv_size": [1, 1.5]},
								"south": {"uv": [22, 86], "uv_size": [1.5, 1.5]},
								"west": {"uv": [74, 87], "uv_size": [1, 1.5]},
								"up": {"uv": [87, 74], "uv_size": [1.5, 1]},
								"down": {"uv": [87, 78], "uv_size": [1.5, -1]}
							}
						},
						{
							"origin": [-3.4, 34.8, 4],
							"size": [6.8, 5, 1.2],
							"uv": {
								"north": {"uv": [8, 44], "uv_size": [7, 6]},
								"east": {"uv": [45, 19], "uv_size": [1, 6]},
								"south": {"uv": [15, 44], "uv_size": [7, 6]},
								"west": {"uv": [61, 79], "uv_size": [1, 6]},
								"up": {"uv": [22, 7], "uv_size": [7, 1]},
								"down": {"uv": [78, 28], "uv_size": [7, -1]}
							}
						},
						{
							"origin": [2.7, 38.8, 0.4],
							"size": [1, 3, 1],
							"pivot": [3.2, 41.2, 1.4],
							"rotation": [36.54514, 9.06524, -29.5012],
							"uv": {
								"north": {"uv": [59, 85], "uv_size": [1, 3]},
								"east": {"uv": [61, 85], "uv_size": [1, 3]},
								"south": {"uv": [85, 62], "uv_size": [1, 3]},
								"west": {"uv": [63, 85], "uv_size": [1, 3]},
								"up": {"uv": [77, 88], "uv_size": [1, 1]},
								"down": {"uv": [78, 89], "uv_size": [1, -1]}
							}
						},
						{
							"origin": [0, 41.8, -1.2],
							"size": [0.5, 3.7, 0.7],
							"pivot": [0, 41.8, 0],
							"rotation": [0, 0, -12.5],
							"uv": {
								"north": {"uv": [18, 88], "uv_size": [0.5, 2.5]},
								"east": {"uv": [88, 21], "uv_size": [0.5, 2.5]},
								"south": {"uv": [24, 88], "uv_size": [0.5, 2.5]},
								"west": {"uv": [25, 88], "uv_size": [0.5, 2.5]},
								"up": {"uv": [90, 2], "uv_size": [0.5, 0.5]},
								"down": {"uv": [90, 4.5], "uv_size": [0.5, -0.5]}
							}
						},
						{
							"origin": [-1.74855, 41.59757, -1],
							"size": [0.3, 3.4, 0.7],
							"pivot": [-0.55231, 44.34179, -0.8],
							"rotation": [22.5, 0, 65],
							"uv": {
								"north": {"uv": [87, 87], "uv_size": [0.5, 3]},
								"east": {"uv": [4, 88], "uv_size": [0.5, 3]},
								"south": {"uv": [7, 88], "uv_size": [0.5, 3]},
								"west": {"uv": [10, 88], "uv_size": [0.5, 3]},
								"up": {"uv": [8, 90], "uv_size": [0.5, 0.5]},
								"down": {"uv": [90, 8.5], "uv_size": [0.5, -0.5]}
							}
						},
						{
							"origin": [-0.14855, 41.39757, -0.9],
							"size": [0.3, 1.6, 0.3],
							"pivot": [-0.15231, 42.74179, -0.8],
							"rotation": [-3.56126, -9.66401, 141.67994],
							"uv": {
								"north": {"uv": [52, 89], "uv_size": [0.5, 1.5]},
								"east": {"uv": [89, 54], "uv_size": [0.5, 1.5]},
								"south": {"uv": [55, 89], "uv_size": [0.5, 1.5]},
								"west": {"uv": [56, 89], "uv_size": [0.5, 1.5]},
								"up": {"uv": [5, 90], "uv_size": [0.5, 0.5]},
								"down": {"uv": [90, 5.5], "uv_size": [0.5, -0.5]}
							}
						},
						{
							"origin": [-1.44855, 42.59757, -1],
							"size": [0.3, 0.9, 0.3],
							"pivot": [-0.95231, 43.44179, -0.9],
							"rotation": [22.5, 0, 65],
							"uv": {
								"north": {"uv": [76, 89], "uv_size": [0.5, 1]},
								"east": {"uv": [89, 76], "uv_size": [0.5, 1]},
								"south": {"uv": [77, 89], "uv_size": [0.5, 1]},
								"west": {"uv": [89, 77], "uv_size": [0.5, 1]},
								"up": {"uv": [90, 6], "uv_size": [0.5, 0.5]},
								"down": {"uv": [90, 7.5], "uv_size": [0.5, -0.5]}
							}
						},
						{
							"origin": [-3.1, 29.8, 5],
							"size": [1, 5, 1],
							"pivot": [-2.6, 34.3, 6],
							"rotation": [43.5, 0, 25],
							"uv": {
								"north": {"uv": [35, 82], "uv_size": [1, 5]},
								"east": {"uv": [55, 82], "uv_size": [1, 5]},
								"south": {"uv": [56, 82], "uv_size": [1, 5]},
								"west": {"uv": [66, 82], "uv_size": [1, 5]},
								"up": {"uv": [86, 88], "uv_size": [1, 1]},
								"down": {"uv": [88, 87], "uv_size": [1, -1]}
							}
						},
						{
							"origin": [-4.5, 37.5, -4.1],
							"size": [1, 3, 0.9],
							"pivot": [-4.5, 38.8, -4.1],
							"rotation": [36.19714, -10.54794, 44.04397],
							"uv": {
								"north": {"uv": [69, 85], "uv_size": [1, 3]},
								"east": {"uv": [70, 85], "uv_size": [1, 3]},
								"south": {"uv": [85, 71], "uv_size": [1, 3]},
								"west": {"uv": [76, 85], "uv_size": [1, 3]},
								"up": {"uv": [88, 87], "uv_size": [1, 1]},
								"down": {"uv": [88, 89], "uv_size": [1, -1]}
							}
						},
						{
							"origin": [-3.5, 39.4, -4.6],
							"size": [7, 2, 1],
							"uv": {
								"north": {"uv": [71, 65], "uv_size": [7, 2]},
								"east": {"uv": [86, 84], "uv_size": [1, 2]},
								"south": {"uv": [71, 67], "uv_size": [7, 2]},
								"west": {"uv": [86, 86], "uv_size": [1, 2]},
								"up": {"uv": [78, 68], "uv_size": [7, 1]},
								"down": {"uv": [79, 47], "uv_size": [7, -1]}
							}
						},
						{
							"origin": [-4, 33.8, 0],
							"size": [8, 1, 4],
							"uv": {
								"north": {"uv": [74, 60], "uv_size": [8, 1.5]},
								"east": {"uv": [52, 80], "uv_size": [4.5, 1.5]},
								"south": {"uv": [75, 62], "uv_size": [8, 1.5]},
								"west": {"uv": [80, 64], "uv_size": [4.5, 1.5]},
								"up": {"uv": [51, 5], "uv_size": [8, 4.5]},
								"down": {"uv": [51, 21.5], "uv_size": [8, -4.5]}
							}
						},
						{
							"origin": [3, 36.9, -4],
							"size": [1.4, 3.5, 1.1],
							"pivot": [4, 38.8, -3.5],
							"rotation": [38.71028, 13.26751, -27.55427],
							"uv": {
								"north": {"uv": [82, 21], "uv_size": [1.5, 3.5]},
								"east": {"uv": [38, 85], "uv_size": [1, 3.5]},
								"south": {"uv": [82, 39], "uv_size": [1.5, 3.5]},
								"west": {"uv": [39, 85], "uv_size": [1, 3.5]},
								"up": {"uv": [88, 6], "uv_size": [1.5, 1]},
								"down": {"uv": [88, 8], "uv_size": [1.5, -1]}
							}
						},
						{
							"origin": [-6, 36.3, 2],
							"size": [1, 2, 1],
							"pivot": [-5.5, 36.8, 2.5],
							"rotation": [71.81349, -11.46815, 17.11029],
							"uv": {
								"north": {"uv": [13, 87], "uv_size": [1, 2]},
								"east": {"uv": [87, 15], "uv_size": [1, 2]},
								"south": {"uv": [20, 87], "uv_size": [1, 2]},
								"west": {"uv": [26, 87], "uv_size": [1, 2]},
								"up": {"uv": [23, 89], "uv_size": [1, 1]},
								"down": {"uv": [89, 24], "uv_size": [1, -1]}
							}
						}
					]
				},
				{
					"name": "Arm",
					"parent": "UpBody",
					"pivot": [0, 31.1, 0]
				},
				{
					"name": "LeftArm",
					"parent": "Arm",
					"pivot": [4, 29.6, 0],
					"cubes": [
						{
							"origin": [3, 23.4, -1.5],
							"size": [3, 7.3, 3],
							"pivot": [4, 29.4, 0],
							"rotation": [0, 0, -10],
							"uv": {
								"north": {"uv": [36, 62], "uv_size": [3, 7]},
								"east": {"uv": [39, 62], "uv_size": [3, 7]},
								"south": {"uv": [42, 62], "uv_size": [3, 7]},
								"west": {"uv": [52, 62], "uv_size": [3, 7]},
								"up": {"uv": [5, 46], "uv_size": [3, 3]},
								"down": {"uv": [76, 47], "uv_size": [3, -3]}
							}
						},
						{
							"origin": [4.91094, 30.06023, -2],
							"size": [1, 2, 4],
							"pivot": [5.5, 31.1, 0],
							"rotation": [0, 0, -5],
							"uv": {
								"north": {"uv": [34, 17], "uv_size": [1, 2]},
								"east": {"uv": [42, 78], "uv_size": [4, 2]},
								"south": {"uv": [44, 46], "uv_size": [1, 2]},
								"west": {"uv": [55, 78], "uv_size": [4, 2]},
								"up": {"uv": [36, 25], "uv_size": [1, 4]},
								"down": {"uv": [27, 41], "uv_size": [1, -4]}
							}
						},
						{
							"origin": [4.81094, 30.56023, -1],
							"size": [1, 2, 2],
							"pivot": [5.4, 31.6, 0],
							"rotation": [-47.5, 0, -5],
							"uv": {
								"north": {"uv": [27, 87], "uv_size": [1, 2]},
								"east": {"uv": [84, 23], "uv_size": [2, 2]},
								"south": {"uv": [28, 87], "uv_size": [1, 2]},
								"west": {"uv": [32, 84], "uv_size": [2, 2]},
								"up": {"uv": [29, 87], "uv_size": [1, 2]},
								"down": {"uv": [87, 33], "uv_size": [1, -2]}
							}
						},
						{
							"origin": [5.6, 28.1, -1.9],
							"size": [1, 3, 3.8],
							"pivot": [6.6, 29.1, 0],
							"rotation": [0, 0, -22.5],
							"uv": {
								"north": {"uv": [11, 24], "uv_size": [1, 3]},
								"east": {"uv": [7, 24], "uv_size": [4, 3]},
								"south": {"uv": [45, 62], "uv_size": [1, 3]},
								"west": {"uv": [34, 73], "uv_size": [4, 3]},
								"up": {"uv": [8, 40], "uv_size": [1, 4]},
								"down": {"uv": [22, 48], "uv_size": [1, -4]}
							}
						},
						{
							"origin": [5.8, 26.6, -2],
							"size": [1, 3, 4],
							"pivot": [6.6, 29.1, 0],
							"rotation": [0, 0, -22.5],
							"uv": {
								"north": {"uv": [77, 85], "uv_size": [1, 3]},
								"east": {"uv": [74, 57], "uv_size": [4, 3]},
								"south": {"uv": [78, 85], "uv_size": [1, 3]},
								"west": {"uv": [10, 75], "uv_size": [4, 3]},
								"up": {"uv": [21, 84], "uv_size": [1, 4]},
								"down": {"uv": [30, 88], "uv_size": [1, -4]}
							}
						},
						{
							"origin": [6, 25.1, -2.1],
							"size": [1, 3, 4.2],
							"pivot": [6.6, 29.1, 0],
							"rotation": [0, 0, -22.5],
							"uv": {
								"north": {"uv": [79, 85], "uv_size": [1, 3]},
								"east": {"uv": [75, 12], "uv_size": [4, 3]},
								"south": {"uv": [85, 79], "uv_size": [1, 3]},
								"west": {"uv": [42, 75], "uv_size": [4, 3]},
								"up": {"uv": [31, 84], "uv_size": [1, 4]},
								"down": {"uv": [84, 35], "uv_size": [1, -4]}
							}
						}
					]
				},
				{
					"name": "LeftForeArm",
					"parent": "LeftArm",
					"pivot": [5.4, 23.9, 0],
					"cubes": [
						{
							"origin": [3.3, 17.4, -1.2],
							"size": [2.4, 6, 2.4],
							"pivot": [4, 29.4, 0],
							"rotation": [0, 0, -10],
							"uv": {
								"north": {"uv": [42, 69], "uv_size": [2.5, 6]},
								"east": {"uv": [0, 70], "uv_size": [2.5, 6]},
								"south": {"uv": [22, 70], "uv_size": [2.5, 6]},
								"west": {"uv": [25, 70], "uv_size": [2.5, 6]},
								"up": {"uv": [18, 80], "uv_size": [2.5, 2.5]},
								"down": {"uv": [80, 71.5], "uv_size": [2.5, -2.5]}
							}
						},
						{
							"origin": [2.5, 19.4, -2],
							"size": [4, 5, 4],
							"pivot": [4, 29.4, 0],
							"rotation": [0, 0, -10],
							"uv": {
								"north": {"uv": [51, 22], "uv_size": [4, 5]},
								"east": {"uv": [7, 64], "uv_size": [4, 5]},
								"south": {"uv": [11, 64], "uv_size": [4, 5]},
								"west": {"uv": [64, 21], "uv_size": [4, 5]},
								"up": {"uv": [46, 36], "uv_size": [4, 4]},
								"down": {"uv": [67, 10], "uv_size": [4, -4]}
							}
						},
						{
							"origin": [4.7, 16.4, -1.1],
							"size": [1, 1, 2.2],
							"pivot": [4, 29.4, 0],
							"rotation": [0, 0, -10],
							"uv": {
								"north": {"uv": [8, 89], "uv_size": [1, 1]},
								"east": {"uv": [87, 8], "uv_size": [2, 1]},
								"south": {"uv": [89, 8], "uv_size": [1, 1]},
								"west": {"uv": [87, 9], "uv_size": [2, 1]},
								"up": {"uv": [9, 87], "uv_size": [1, 2]},
								"down": {"uv": [87, 12], "uv_size": [1, -2]}
							}
						},
						{
							"origin": [3.3, 16.6, -1.5],
							"size": [1, 0.8, 1],
							"pivot": [4, 29.4, 0],
							"rotation": [0, 0, -10],
							"uv": {
								"north": {"uv": [17, 89], "uv_size": [1, 1]},
								"east": {"uv": [20, 89], "uv_size": [1, 1]},
								"south": {"uv": [21, 89], "uv_size": [1, 1]},
								"west": {"uv": [89, 21], "uv_size": [1, 1]},
								"up": {"uv": [22, 89], "uv_size": [1, 1]},
								"down": {"uv": [89, 23], "uv_size": [1, -1]}
							}
						}
					]
				},
				{
					"name": "bone2",
					"parent": "LeftForeArm",
					"pivot": [5.8739, 23.74071, 3.69324],
					"cubes": [
						{
							"origin": [5.5, 19.4, 1.1],
							"size": [0.99783, 5.01857, 1.9573],
							"pivot": [6, 22.4, 2.1],
							"rotation": [-22.5, 0, -10],
							"uv": {
								"north": {"uv": [20, 15], "uv_size": [1, 5]},
								"east": {"uv": [29, 52], "uv_size": [2, 5]},
								"south": {"uv": [36, 41], "uv_size": [1, 5]},
								"west": {"uv": [56, 0], "uv_size": [2, 5]},
								"up": {"uv": [57, 53], "uv_size": [1, 2]},
								"down": {"uv": [26, 66], "uv_size": [1, -2]}
							}
						}
					]
				},
				{
					"name": "bone3",
					"parent": "bone2",
					"pivot": [5.8739, 23.74071, 3.69324],
					"cubes": [
						{
							"origin": [5.55566, 19.08436, 1.42816],
							"size": [0.99783, 5.01857, 8.9573],
							"pivot": [6.05566, 22.08436, 2.42816],
							"rotation": [-62.5, 0, -10],
							"uv": {
								"north": {"uv": [52, 57], "uv_size": [1, 5]},
								"east": {"uv": [37, 25], "uv_size": [9, 5]},
								"south": {"uv": [58, 0], "uv_size": [1, 5]},
								"west": {"uv": [37, 30], "uv_size": [9, 5]},
								"up": {"uv": [25, 57], "uv_size": [1, 9]},
								"down": {"uv": [60, 84], "uv_size": [1, -9]}
							}
						}
					]
				},
				{
					"name": "LeftHand",
					"parent": "LeftForeArm",
					"pivot": [6.49398, 17.69571, 0],
					"rotation": [0, 0, -10]
				},
				{
					"name": "LeftHandLocator",
					"parent": "LeftHand",
					"pivot": [6.43404, 18.04409, 0]
				},
				{
					"name": "ysmGlowbone2",
					"parent": "LeftForeArm",
					"pivot": [6.5, 18.5, -2.5],
					"rotation": [65, 0, 0],
					"cubes": [
						{"origin": [6, 19, -3], "size": [1, 2, 1], "uv": [14, 1]},
						{"origin": [6, 21, -3], "size": [1, 2, 1], "uv": [14, 1]},
						{"origin": [5.5, 18, -3.5], "size": [2, 1, 2], "uv": [14, 2]},
						{"origin": [6.3, 14, -3], "size": [0.4, 2, 1], "uv": [14, 1]},
						{"origin": [6.3, 12.02324, -3.06495], "size": [0.4, 2, 1], "pivot": [6.5, 12.52324, -2.56495], "rotation": [-2.5, 0, 0], "uv": [14, 1]},
						{"origin": [6.3, 10.02514, -3.15219], "size": [0.4, 2, 1], "pivot": [6.5, 10.52514, -2.65219], "rotation": [-2.5, 0, 0], "uv": [14, 1]},
						{"origin": [6.3, 8.02704, -3.23943], "size": [0.4, 2, 1], "pivot": [6.5, 8.52704, -2.73943], "rotation": [-2.5, 0, 0], "uv": [14, 1]},
						{
							"origin": [6.3, 1.63399, -3.77498],
							"size": [0.4, 0.73135, 0.682],
							"pivot": [6.5, 1.83003, -3.2567],
							"rotation": [-52.5, 0, 0],
							"uv": {
								"north": {"uv": [15, 0], "uv_size": [0, 0]},
								"east": {"uv": [15, 0], "uv_size": [1, 1]},
								"south": {"uv": [15, 0], "uv_size": [0, 0]},
								"west": {"uv": [15, 0], "uv_size": [0, 0]},
								"up": {"uv": [15, 0], "uv_size": [0, 0]},
								"down": {"uv": [15, 0], "uv_size": [0, 0]}
							}
						},
						{
							"origin": [6.3, 1.57334, -3.53192],
							"size": [0.4, 0.52244, 0.43838],
							"pivot": [6.5, 6.59578, -3.03192],
							"rotation": [-2.5, 0, 0],
							"uv": {
								"north": {"uv": [17, 6], "uv_size": [1, 1]},
								"east": {"uv": [17, 6], "uv_size": [1, 1]},
								"south": {"uv": [17, 6], "uv_size": [1, 1]},
								"west": {"uv": [17, 6], "uv_size": [1, 1]},
								"up": {"uv": [18, 7], "uv_size": [-1, -1]},
								"down": {"uv": [18, 7], "uv_size": [-1, -1]}
							}
						},
						{"origin": [6.3, 16, -3], "size": [0.4, 2, 1], "uv": [14, 1]},
						{"origin": [6.3, 4.04403, -3.10704], "size": [0.4, 2, 1], "pivot": [6.5, 8.54403, -2.60704], "rotation": [-5.5, 0, 0], "uv": [14, 1]},
						{"origin": [6.3, 2.04403, -3.10704], "size": [0.4, 2, 1], "pivot": [6.5, 8.54403, -2.60704], "rotation": [-5.5, 0, 0], "uv": [14, 1]},
						{"origin": [6.3, 6.02704, -3.23943], "size": [0.4, 2, 1], "pivot": [6.5, 8.52704, -2.73943], "rotation": [-2.5, 0, 0], "uv": [14, 1]}
					]
				},
				{
					"name": "RightArm",
					"parent": "Arm",
					"pivot": [-4.5, 29.6, 0],
					"cubes": [
						{
							"origin": [-6, 23.4, -1.5],
							"size": [3, 7.3, 3],
							"pivot": [-4, 29.4, 0],
							"rotation": [0, 0, 10],
							"uv": {
								"north": {"uv": [55, 62], "uv_size": [3, 7]},
								"east": {"uv": [58, 62], "uv_size": [3, 7]},
								"south": {"uv": [61, 62], "uv_size": [3, 7]},
								"west": {"uv": [29, 63], "uv_size": [3, 7]},
								"up": {"uv": [76, 51], "uv_size": [3, 3]},
								"down": {"uv": [76, 57], "uv_size": [3, -3]}
							}
						},
						{
							"origin": [-6.5, 23.4, -2],
							"size": [4, 6, 4],
							"pivot": [-4, 29.4, 0],
							"rotation": [0, 0, 10],
							"uv": {
								"north": {"uv": [60, 21], "uv_size": [4, 6]},
								"east": {"uv": [60, 27], "uv_size": [4, 6]},
								"south": {"uv": [60, 33], "uv_size": [4, 6]},
								"west": {"uv": [60, 39], "uv_size": [4, 6]},
								"up": {"uv": [18, 69], "uv_size": [4, 4]},
								"down": {"uv": [34, 73], "uv_size": [4, -4]}
							}
						}
					]
				},
				{
					"name": "RightForeArm",
					"parent": "RightArm",
					"pivot": [-5.4, 23.9, 0],
					"cubes": [
						{
							"origin": [-5.7, 17.4, -1.2],
							"size": [2.4, 7, 2.4],
							"pivot": [-4, 29.4, 0],
							"rotation": [0, 0, 10],
							"uv": {
								"north": {"uv": [49, 66], "uv_size": [2.5, 7]},
								"east": {"uv": [15, 67], "uv_size": [2.5, 7]},
								"south": {"uv": [67, 50], "uv_size": [2.5, 7]},
								"west": {"uv": [68, 66], "uv_size": [2.5, 7]},
								"up": {"uv": [80, 72], "uv_size": [2.5, 2.5]},
								"down": {"uv": [81, 2.5], "uv_size": [2.5, -2.5]}
							}
						},
						{
							"origin": [-5.7, 16.4, -1.1],
							"size": [1, 1, 2.2],
							"pivot": [-4, 29.4, 0],
							"rotation": [0, 0, 10],
							"uv": {
								"north": {"uv": [5, 89], "uv_size": [1, 1]},
								"east": {"uv": [87, 3], "uv_size": [2, 1]},
								"south": {"uv": [89, 5], "uv_size": [1, 1]},
								"west": {"uv": [87, 5], "uv_size": [2, 1]},
								"up": {"uv": [87, 6], "uv_size": [1, 2]},
								"down": {"uv": [8, 89], "uv_size": [1, -2]}
							}
						},
						{
							"origin": [-4.3, 16.5, -1.5],
							"size": [1, 0.9, 1],
							"pivot": [-2, 29.4, 0],
							"rotation": [0, 0, 10],
							"uv": {
								"north": {"uv": [9, 89], "uv_size": [1, 1]},
								"east": {"uv": [89, 9], "uv_size": [1, 1]},
								"south": {"uv": [89, 12], "uv_size": [1, 1]},
								"west": {"uv": [13, 89], "uv_size": [1, 1]},
								"up": {"uv": [15, 89], "uv_size": [1, 1]},
								"down": {"uv": [16, 90], "uv_size": [1, -1]}
							}
						}
					]
				},
				{
					"name": "RightHand",
					"parent": "RightForeArm",
					"pivot": [-6.49398, 17.69571, 0],
					"rotation": [0, 0, 10]
				},
				{
					"name": "RightHandLocator",
					"parent": "RightHand",
					"pivot": [-6.46877, 17.84713, 0]
				},
				{
					"name": "RifleLocator",
					"parent": "UpBody",
					"pivot": [0, 24.25, 2.3],
					"rotation": [0, 0, 45]
				},
				{
					"name": "PistolLocator",
					"parent": "UpBody",
					"pivot": [-4, 24.85, -1.6],
					"rotation": [-30, 0, 0]
				},
				{
					"name": "ElytraLocator",
					"parent": "UpBody",
					"pivot": [0, 32.25, 2]
				},
				{
					"name": "bone",
					"parent": "UpBody",
					"pivot": [0, 24.1, 0],
					"cubes": [
						{
							"origin": [-4.4, 21.6, -2.7],
							"size": [8.3, 2.5, 5.3],
							"uv": {
								"north": {"uv": [62, 10], "uv_size": [8.5, 2.5]},
								"east": {"uv": [72, 22], "uv_size": [5.5, 2.5]},
								"south": {"uv": [62, 13], "uv_size": [8.5, 2.5]},
								"west": {"uv": [72, 25], "uv_size": [5.5, 2.5]},
								"up": {"uv": [28, 35], "uv_size": [8.5, 5.5]},
								"down": {"uv": [36, 24.5], "uv_size": [8.5, -5.5]}
							}
						},
						{
							"origin": [3.74292, 16.16168, -2.11649],
							"size": [0.4, 6.4, 3],
							"pivot": [2.8, 20.1, -1.8],
							"rotation": [-4.5, 0, -10],
							"uv": {
								"north": {"uv": [82, 85], "uv_size": [0.5, 5.5]},
								"east": {"uv": [7, 69], "uv_size": [3, 5.5]},
								"south": {"uv": [85, 82], "uv_size": [0.5, 5.5]},
								"west": {"uv": [10, 69], "uv_size": [3, 5.5]},
								"up": {"uv": [75, 87], "uv_size": [0.5, 3]},
								"down": {"uv": [80, 90], "uv_size": [0.5, -3]}
							}
						},
						{
							"origin": [-4.5, 21.5, -3.1],
							"size": [8.8, 1.5, 6.2],
							"uv": {
								"north": {"uv": [72, 28], "uv_size": [9, 1.5]},
								"east": {"uv": [77, 47], "uv_size": [6, 1.5]},
								"south": {"uv": [72, 30], "uv_size": [9, 1.5]},
								"west": {"uv": [77, 75], "uv_size": [6, 1.5]},
								"up": {"uv": [28, 29], "uv_size": [9, 6]},
								"down": {"uv": [30, 6], "uv_size": [9, -6]}
							}
						},
						{
							"origin": [0.74292, 17.16168, -3.01649],
							"size": [3.4, 5.4, 0.9],
							"pivot": [2.8, 20.1, -1.8],
							"rotation": [-4.5, 0, -10],
							"uv": {
								"north": {"uv": [64, 66], "uv_size": [3.5, 5.5]},
								"east": {"uv": [65, 81], "uv_size": [1, 5.5]},
								"south": {"uv": [67, 0], "uv_size": [3.5, 5.5]},
								"west": {"uv": [75, 81], "uv_size": [1, 5.5]},
								"up": {"uv": [68, 25], "uv_size": [3.5, 1]},
								"down": {"uv": [70, 62], "uv_size": [3.5, -1]}
							}
						},
						{
							"origin": [-0.9, 21.7, -3.5],
							"size": [1.8, 1.2, 1],
							"uv": {
								"north": {"uv": [87, 12], "uv_size": [2, 1]},
								"east": {"uv": [89, 24], "uv_size": [1, 1]},
								"south": {"uv": [87, 25], "uv_size": [2, 1]},
								"west": {"uv": [89, 25], "uv_size": [1, 1]},
								"up": {"uv": [87, 33], "uv_size": [2, 1]},
								"down": {"uv": [87, 35], "uv_size": [2, -1]}
							}
						},
						{
							"origin": [-2.7, 21.7, -3.5],
							"size": [1.8, 1.2, 1],
							"pivot": [-1.8, 22.4, -3],
							"rotation": [0, -10, 0],
							"uv": {
								"north": {"uv": [35, 87], "uv_size": [2, 1]},
								"east": {"uv": [26, 89], "uv_size": [1, 1]},
								"south": {"uv": [87, 35], "uv_size": [2, 1]},
								"west": {"uv": [27, 89], "uv_size": [1, 1]},
								"up": {"uv": [87, 36], "uv_size": [2, 1]},
								"down": {"uv": [87, 38], "uv_size": [2, -1]}
							}
						},
						{
							"origin": [0.9, 21.7, -3.5],
							"size": [1.8, 1.2, 1],
							"pivot": [1.8, 22.4, -3],
							"rotation": [0, 10, 0],
							"uv": {
								"north": {"uv": [87, 38], "uv_size": [2, 1]},
								"east": {"uv": [89, 27], "uv_size": [1, 1]},
								"south": {"uv": [87, 39], "uv_size": [2, 1]},
								"west": {"uv": [28, 89], "uv_size": [1, 1]},
								"up": {"uv": [40, 87], "uv_size": [2, 1]},
								"down": {"uv": [87, 41], "uv_size": [2, -1]}
							}
						},
						{
							"origin": [-6, 18.04849, -3.00942],
							"size": [2, 2, 0.5],
							"pivot": [-5, 18.04849, -2.50942],
							"rotation": [0, 15, 0],
							"uv": {
								"north": {"uv": [84, 13], "uv_size": [2, 2]},
								"east": {"uv": [79, 88], "uv_size": [0.5, 2]},
								"south": {"uv": [84, 21], "uv_size": [2, 2]},
								"west": {"uv": [88, 79], "uv_size": [0.5, 2]},
								"up": {"uv": [88, 81], "uv_size": [2, 0.5]},
								"down": {"uv": [88, 82.5], "uv_size": [2, -0.5]}
							}
						},
						{
							"origin": [-6, 18.04849, -3.00942],
							"size": [2, 1, 0.5],
							"pivot": [-5, 19.04849, -2.50942],
							"rotation": [10.16473, 11.08938, 42.98933],
							"uv": {
								"north": {"uv": [86, 82], "uv_size": [2, 1]},
								"east": {"uv": [78, 89], "uv_size": [0.5, 1]},
								"south": {"uv": [86, 83], "uv_size": [2, 1]},
								"west": {"uv": [89, 78], "uv_size": [0.5, 1]},
								"up": {"uv": [0, 89], "uv_size": [2, 0.5]},
								"down": {"uv": [89, 3.5], "uv_size": [2, -0.5]}
							}
						},
						{
							"origin": [-6.3, 16.44849, -2.80942],
							"size": [1.6, 1.6, 0.5],
							"pivot": [-5.5, 16.04849, -1.80942],
							"rotation": [0, 45, 0],
							"uv": {
								"north": {"uv": [86, 23], "uv_size": [1.5, 1.5]},
								"east": {"uv": [49, 89], "uv_size": [0.5, 1.5]},
								"south": {"uv": [24, 86], "uv_size": [1.5, 1.5]},
								"west": {"uv": [51, 89], "uv_size": [0.5, 1.5]},
								"up": {"uv": [89, 50], "uv_size": [1.5, 0.5]},
								"down": {"uv": [89, 53.5], "uv_size": [1.5, -0.5]}
							}
						},
						{
							"origin": [-6.75858, 16.54849, -2.50231],
							"size": [1.6, 0.6, 0.5],
							"pivot": [-6.1, 17.24849, -2.20942],
							"rotation": [35.26439, 30, 54.73561],
							"uv": {
								"north": {"uv": [89, 56], "uv_size": [1.5, 0.5]},
								"east": {"uv": [9, 90], "uv_size": [0.5, 0.5]},
								"south": {"uv": [57, 89], "uv_size": [1.5, 0.5]},
								"west": {"uv": [90, 9], "uv_size": [0.5, 0.5]},
								"up": {"uv": [89, 57], "uv_size": [1.5, 0.5]},
								"down": {"uv": [89, 58.5], "uv_size": [1.5, -0.5]}
							}
						},
						{
							"origin": [-5.53616, 18.92524, -2.30942],
							"size": [1.5, 3, 1.5],
							"pivot": [-4.8, 21.74849, -1.50942],
							"rotation": [5.23188, -15.44077, 21.07322],
							"uv": {
								"north": {"uv": [18, 83], "uv_size": [1.5, 3]},
								"east": {"uv": [22, 83], "uv_size": [1.5, 3]},
								"south": {"uv": [24, 83], "uv_size": [1.5, 3]},
								"west": {"uv": [83, 28], "uv_size": [1.5, 3]},
								"up": {"uv": [86, 27], "uv_size": [1.5, 1.5]},
								"down": {"uv": [86, 30.5], "uv_size": [1.5, -1.5]}
							}
						}
					]
				},
				{
					"name": "bone4",
					"parent": "bone",
					"pivot": [0, 24.1, 0],
					"cubes": [
						{
							"origin": [-5.72723, 12.49005, 3.81726],
							"size": [6.3, 12, 0.9],
							"pivot": [-1.9, 16.5, 2.3],
							"rotation": [11.32984, -1.98397, 9.80318],
							"uv": {
								"north": {"uv": [0, 0], "uv_size": [6.5, 12]},
								"east": {"uv": [17, 74], "uv_size": [1, 12]},
								"south": {"uv": [7, 0], "uv_size": [6.5, 12]},
								"west": {"uv": [9, 75], "uv_size": [1, 12]},
								"up": {"uv": [79, 56], "uv_size": [6.5, 1]},
								"down": {"uv": [80, 67], "uv_size": [6.5, -1]}
							}
						},
						{
							"origin": [-6.9, 11.5, 5.1],
							"size": [5.2, 1.1, 0.9],
							"pivot": [-0.3, 9.8, 5],
							"rotation": [10.01282, -1.53235, 9.18607],
							"uv": {
								"north": {"uv": [30, 6], "uv_size": [5, 1]},
								"east": {"uv": [89, 28], "uv_size": [1, 1]},
								"south": {"uv": [39, 5], "uv_size": [5, 1]},
								"west": {"uv": [29, 89], "uv_size": [1, 1]},
								"up": {"uv": [81, 59], "uv_size": [5, 1]},
								"down": {"uv": [82, 26], "uv_size": [5, -1]}
							}
						},
						{
							"origin": [-0.57277, 10.49005, 2.81726],
							"size": [5.5, 12, 0.9],
							"pivot": [1.9, 16.5, 2.3],
							"rotation": [11.32984, 1.98397, -9.80318],
							"uv": {
								"north": {"uv": [0, 12], "uv_size": [5.5, 12]},
								"east": {"uv": [63, 73], "uv_size": [1, 12]},
								"south": {"uv": [6, 12], "uv_size": [5.5, 12]},
								"west": {"uv": [70, 73], "uv_size": [1, 12]},
								"up": {"uv": [80, 67], "uv_size": [5.5, 1]},
								"down": {"uv": [81, 4], "uv_size": [5.5, -1]}
							}
						},
						{
							"origin": [0.4, 10.6, 4],
							"size": [4.7, 2.6, 1],
							"pivot": [0.3, 9.8, 5],
							"rotation": [9.60081, -3.24095, 17.90744],
							"uv": {
								"north": {"uv": [55, 75], "uv_size": [4.5, 2.5]},
								"east": {"uv": [5, 86], "uv_size": [1, 2.5]},
								"south": {"uv": [75, 72], "uv_size": [4.5, 2.5]},
								"west": {"uv": [86, 5], "uv_size": [1, 2.5]},
								"up": {"uv": [82, 78], "uv_size": [4.5, 1]},
								"down": {"uv": [83, 5], "uv_size": [4.5, -1]}
							}
						},
						{
							"origin": [4.42723, 10.49005, -0.18274],
							"size": [0.5, 12, 3],
							"pivot": [1.9, 16.5, 2.3],
							"rotation": [11.32984, 1.98397, -9.80318],
							"uv": {
								"north": {"uv": [62, 79], "uv_size": [0.5, 12]},
								"east": {"uv": [50, 35], "uv_size": [3, 12]},
								"south": {"uv": [68, 79], "uv_size": [0.5, 12]},
								"west": {"uv": [26, 52], "uv_size": [3, 12]},
								"up": {"uv": [81, 87], "uv_size": [0.5, 3]},
								"down": {"uv": [87, 87], "uv_size": [0.5, -3]}
							}
						},
						{
							"origin": [5.06232, 8.50321, 1.11315],
							"size": [0.5, 2.6, 2.9],
							"pivot": [5.4, 10, 2.3],
							"rotation": [10.99407, -4.41868, 16.97849],
							"uv": {
								"north": {"uv": [88, 27], "uv_size": [0.5, 2.5]},
								"east": {"uv": [49, 79], "uv_size": [3, 2.5]},
								"south": {"uv": [30, 88], "uv_size": [0.5, 2.5]},
								"west": {"uv": [79, 51], "uv_size": [3, 2.5]},
								"up": {"uv": [11, 88], "uv_size": [0.5, 3]},
								"down": {"uv": [12, 91], "uv_size": [0.5, -3]}
							}
						},
						{
							"origin": [-5.72723, 13.49005, -0.18274],
							"size": [0.8, 11, 4],
							"pivot": [-1.9, 16.5, 2.3],
							"rotation": [11.32984, -1.98397, 9.80318],
							"uv": {
								"north": {"uv": [14, 75], "uv_size": [1, 11]},
								"east": {"uv": [23, 37], "uv_size": [4, 11]},
								"south": {"uv": [48, 75], "uv_size": [1, 11]},
								"west": {"uv": [27, 41], "uv_size": [4, 11]},
								"up": {"uv": [7, 84], "uv_size": [1, 4]},
								"down": {"uv": [12, 88], "uv_size": [1, -4]}
							}
						},
						{
							"origin": [-6.28209, 12.82794, 0.57894],
							"size": [0.5, 2, 4.4],
							"pivot": [-5.3, 13.8, 3.3],
							"rotation": [-15.99686, -2.49365, 9.46174],
							"uv": {
								"north": {"uv": [89, 29], "uv_size": [0.5, 2]},
								"east": {"uv": [77, 77], "uv_size": [4.5, 2]},
								"south": {"uv": [89, 31], "uv_size": [0.5, 2]},
								"west": {"uv": [78, 19], "uv_size": [4.5, 2]},
								"up": {"uv": [14, 86], "uv_size": [0.5, 4.5]},
								"down": {"uv": [19, 90.5], "uv_size": [0.5, -4.5]}
							}
						}
					]
				},
				{
					"name": "bone5",
					"parent": "UpBody",
					"pivot": [3.6, 31.6, 0],
					"cubes": [
						{
							"origin": [3, 30.1, -3.8],
							"size": [1, 1, 1],
							"uv": {
								"north": {"uv": [75, 15], "uv_size": [1, 1]},
								"east": {"uv": [83, 5], "uv_size": [1, 1]},
								"south": {"uv": [84, 53], "uv_size": [1, 1]},
								"west": {"uv": [85, 74], "uv_size": [1, 1]},
								"up": {"uv": [88, 24], "uv_size": [1, 1]},
								"down": {"uv": [88, 31], "uv_size": [1, -1]}
							}
						},
						{
							"origin": [3, 29.4, -3.4],
							"size": [0.6, 2, 0.4],
							"pivot": [3.5, 30.4, -3.3],
							"rotation": [0, 0, 90],
							"uv": {
								"north": {"uv": [35, 88], "uv_size": [0.5, 2]},
								"east": {"uv": [36, 88], "uv_size": [0.5, 2]},
								"south": {"uv": [40, 88], "uv_size": [0.5, 2]},
								"west": {"uv": [41, 88], "uv_size": [0.5, 2]},
								"up": {"uv": [89, 88], "uv_size": [0.5, 0.5]},
								"down": {"uv": [89, 89.5], "uv_size": [0.5, -0.5]}
							}
						},
						{
							"origin": [3.3, 29.4, -3.4],
							"size": [0.4, 2, 0.4],
							"pivot": [3.5, 30.6, -3.1],
							"rotation": [-6, 0, 0],
							"uv": {
								"north": {"uv": [31, 88], "uv_size": [0.5, 2]},
								"east": {"uv": [88, 31], "uv_size": [0.5, 2]},
								"south": {"uv": [32, 88], "uv_size": [0.5, 2]},
								"west": {"uv": [33, 88], "uv_size": [0.5, 2]},
								"up": {"uv": [89, 87], "uv_size": [0.5, 0.5]},
								"down": {"uv": [88, 89.5], "uv_size": [0.5, -0.5]}
							}
						},
						{
							"origin": [3, 28, -3.8],
							"size": [1, 1.8, 1],
							"uv": {
								"north": {"uv": [86, 31], "uv_size": [1, 2]},
								"east": {"uv": [32, 86], "uv_size": [1, 2]},
								"south": {"uv": [33, 86], "uv_size": [1, 2]},
								"west": {"uv": [86, 33], "uv_size": [1, 2]},
								"up": {"uv": [88, 41], "uv_size": [1, 1]},
								"down": {"uv": [88, 43], "uv_size": [1, -1]}
							}
						}
					]
				},
				{
					"name": "ysmGlowbone6",
					"parent": "UpBody",
					"pivot": [0, 24.1, 0],
					"cubes": [
						{
							"origin": [2.8, 30.1, 2.7],
							"size": [1.4, 1.4, 0.5],
							"pivot": [3.5, 31.1, 3],
							"rotation": [15, 0, 0],
							"uv": {
								"north": {"uv": [86, 0], "uv_size": [1.5, 1.5]},
								"east": {"uv": [46, 89], "uv_size": [0.5, 1.5]},
								"south": {"uv": [10, 86], "uv_size": [1.5, 1.5]},
								"west": {"uv": [48, 89], "uv_size": [0.5, 1.5]},
								"up": {"uv": [89, 44], "uv_size": [1.5, 0.5]},
								"down": {"uv": [89, 49.5], "uv_size": [1.5, -0.5]}
							}
						}
					]
				},
				{
					"name": "DownBody",
					"parent": "AllBody",
					"pivot": [0, 21.2, 1.2]
				},
				{
					"name": "Skirt",
					"parent": "DownBody",
					"pivot": [0, 21.04849, 0.79058],
					"cubes": [
						{
							"origin": [-4.1, 19.15862, -2.56182],
							"size": [7.8, 2.4, 4.4],
							"uv": {
								"north": {"uv": [64, 38], "uv_size": [8, 2.5]},
								"east": {"uv": [71, 69], "uv_size": [5.5, 2.5]},
								"south": {"uv": [64, 41], "uv_size": [8, 2.5]},
								"west": {"uv": [72, 19], "uv_size": [5.5, 2.5]},
								"up": {"uv": [0, 40], "uv_size": [8, 5.5]},
								"down": {"uv": [37, 45.5], "uv_size": [8, -5.5]}
							}
						},
						{
							"origin": [-4.5, 9.04849, -2.20942],
							"size": [0.5, 11, 2],
							"pivot": [-3.5, 18.04849, -1.20942],
							"rotation": [0, 0, 16],
							"uv": {
								"north": {"uv": [47, 81], "uv_size": [0.5, 11]},
								"east": {"uv": [34, 57], "uv_size": [2, 11]},
								"south": {"uv": [64, 81], "uv_size": [0.5, 11]},
								"west": {"uv": [20, 58], "uv_size": [2, 11]},
								"up": {"uv": [83, 88], "uv_size": [0.5, 2]},
								"down": {"uv": [88, 85], "uv_size": [0.5, -2]}
							}
						},
						{
							"origin": [-4.5, 20.04849, -2.70942],
							"size": [5.5, 1, 4.5],
							"pivot": [-3, 20.54849, 0.79058],
							"rotation": [0, 0, -22.5],
							"uv": {
								"north": {"uv": [81, 15], "uv_size": [5.5, 1]},
								"east": {"uv": [82, 61], "uv_size": [4.5, 1]},
								"south": {"uv": [81, 16], "uv_size": [5.5, 1]},
								"west": {"uv": [82, 77], "uv_size": [4.5, 1]},
								"up": {"uv": [10, 59], "uv_size": [5.5, 4.5]},
								"down": {"uv": [59, 20.5], "uv_size": [5.5, -4.5]}
							}
						}
					]
				},
				{
					"name": "LeftLeg",
					"parent": "DownBody",
					"pivot": [1.5, 20.05862, -0.06182],
					"rotation": [0, 0, -2.5],
					"cubes": [
						{
							"origin": [-0.42128, 11.76204, -2.36182],
							"size": [3.99, 9, 4],
							"uv": {
								"north": {"uv": [46, 27], "uv_size": [4, 9]},
								"east": {"uv": [36, 46], "uv_size": [4, 9]},
								"south": {"uv": [40, 46], "uv_size": [4, 9]},
								"west": {"uv": [22, 48], "uv_size": [4, 9]},
								"up": {"uv": [38, 69], "uv_size": [4, 4]},
								"down": {"uv": [52, 73], "uv_size": [4, -4]}
							}
						},
						{
							"origin": [-0.30628, 10.96204, -1.94663],
							"size": [3.675, 2, 2],
							"pivot": [-1.20628, 11.81204, -0.68682],
							"rotation": [30, 0, 0],
							"uv": {
								"north": {"uv": [79, 4], "uv_size": [3.5, 2]},
								"east": {"uv": [82, 83], "uv_size": [2, 2]},
								"south": {"uv": [79, 54], "uv_size": [3.5, 2]},
								"west": {"uv": [84, 0], "uv_size": [2, 2]},
								"up": {"uv": [77, 79], "uv_size": [3.5, 2]},
								"down": {"uv": [80, 8], "uv_size": [3.5, -2]}
							}
						},
						{
							"origin": [-0.45224, 9.76053, -2.86182],
							"size": [4.49, 8, 5],
							"uv": {
								"north": {"uv": [44, 48], "uv_size": [4.5, 8]},
								"east": {"uv": [31, 41], "uv_size": [5, 8]},
								"south": {"uv": [31, 49], "uv_size": [4.5, 8]},
								"west": {"uv": [45, 40], "uv_size": [5, 8]},
								"up": {"uv": [0, 61], "uv_size": [4.5, 5]},
								"down": {"uv": [61, 62], "uv_size": [4.5, -5]}
							}
						},
						{
							"origin": [-0.55224, 9.66053, -3.16182],
							"size": [4.89, 4.1, 5.8],
							"uv": {
								"north": {"uv": [0, 66], "uv_size": [5, 4]},
								"east": {"uv": [60, 49], "uv_size": [6, 4]},
								"south": {"uv": [22, 66], "uv_size": [5, 4]},
								"west": {"uv": [61, 53], "uv_size": [6, 4]},
								"up": {"uv": [57, 10], "uv_size": [5, 6]},
								"down": {"uv": [29, 63], "uv_size": [5, -6]}
							}
						}
					]
				},
				{
					"name": "LeftLowerLeg",
					"parent": "LeftLeg",
					"pivot": [1.52449, 11.44936, -0.26182],
					"cubes": [
						{
							"origin": [0.09429, 2.63821, -1.83682],
							"size": [2.95, 9.2, 3],
							"uv": {
								"north": {"uv": [46, 56], "uv_size": [3, 9]},
								"east": {"uv": [22, 57], "uv_size": [3, 9]},
								"south": {"uv": [57, 35], "uv_size": [3, 9]},
								"west": {"uv": [57, 44], "uv_size": [3, 9]},
								"up": {"uv": [77, 6], "uv_size": [3, 3]},
								"down": {"uv": [77, 12], "uv_size": [3, -3]}
							}
						},
						{
							"origin": [-0.10571, 2.63821, -1.96182],
							"size": [3.35, 4, 3.4],
							"uv": {
								"north": {"uv": [28, 70], "uv_size": [3.5, 4]},
								"east": {"uv": [70, 49], "uv_size": [3.5, 4]},
								"south": {"uv": [70, 53], "uv_size": [3.5, 4]},
								"west": {"uv": [70, 57], "uv_size": [3.5, 4]},
								"up": {"uv": [45, 71], "uv_size": [3.5, 3.5]},
								"down": {"uv": [64, 75.5], "uv_size": [3.5, -3.5]}
							}
						}
					]
				},
				{
					"name": "LeftFoot",
					"parent": "LeftLowerLeg",
					"pivot": [1.58817, 2.58916, -0.22432],
					"cubes": [
						{
							"origin": [0.44429, 0.46321, -4.36182],
							"size": [2.225, 2.5, 6.175],
							"uv": {
								"north": {"uv": [49, 82], "uv_size": [2, 2.5]},
								"east": {"uv": [9, 34], "uv_size": [6, 2.5]},
								"south": {"uv": [51, 82], "uv_size": [2, 2.5]},
								"west": {"uv": [69, 62], "uv_size": [6, 2.5]},
								"up": {"uv": [75, 0], "uv_size": [2, 6]},
								"down": {"uv": [5, 81], "uv_size": [2, -6]}
							}
						},
						{
							"origin": [0.61929, 2.36321, -3.36182],
							"size": [1.875, 1.1, 2.075],
							"pivot": [1.88179, 2.96321, -2.77432],
							"rotation": [35, 0, 0],
							"uv": {
								"north": {"uv": [86, 59], "uv_size": [2, 1]},
								"east": {"uv": [86, 64], "uv_size": [2, 1]},
								"south": {"uv": [86, 67], "uv_size": [2, 1]},
								"west": {"uv": [86, 75], "uv_size": [2, 1]},
								"up": {"uv": [5, 84], "uv_size": [2, 2]},
								"down": {"uv": [84, 7], "uv_size": [2, -2]}
							}
						},
						{
							"origin": [-0.15571, 2.46321, -1.81182],
							"size": [3.425, 1.75, 2.425],
							"uv": {
								"north": {"uv": [81, 17], "uv_size": [3.5, 1.5]},
								"east": {"uv": [84, 43], "uv_size": [2.5, 1.5]},
								"south": {"uv": [81, 57], "uv_size": [3.5, 1.5]},
								"west": {"uv": [84, 49], "uv_size": [2.5, 1.5]},
								"up": {"uv": [10, 78], "uv_size": [3.5, 2.5]},
								"down": {"uv": [78, 23.5], "uv_size": [3.5, -2.5]}
							}
						},
						{
							"origin": [0.44429, -0.03679, -0.36182],
							"size": [2.225, 0.5, 2.175],
							"uv": {
								"north": {"uv": [89, 38], "uv_size": [2, 0.5]},
								"east": {"uv": [89, 39], "uv_size": [2, 0.5]},
								"south": {"uv": [89, 40], "uv_size": [2, 0.5]},
								"west": {"uv": [89, 41], "uv_size": [2, 0.5]},
								"up": {"uv": [84, 39], "uv_size": [2, 2]},
								"down": {"uv": [84, 43], "uv_size": [2, -2]}
							}
						},
						{
							"origin": [0.44429, -0.03679, -4.36182],
							"size": [2.225, 0.5, 3.175],
							"uv": {
								"north": {"uv": [89, 42], "uv_size": [2, 0.5]},
								"east": {"uv": [88, 13], "uv_size": [3, 0.5]},
								"south": {"uv": [89, 43], "uv_size": [2, 0.5]},
								"west": {"uv": [88, 14], "uv_size": [3, 0.5]},
								"up": {"uv": [44, 80], "uv_size": [2, 3]},
								"down": {"uv": [57, 83], "uv_size": [2, -3]}
							}
						}
					]
				},
				{
					"name": "RightLeg",
					"parent": "DownBody",
					"pivot": [-1.75, 20.00862, -0.36182],
					"rotation": [0, 0, 2.5],
					"cubes": [
						{
							"origin": [-3.92481, 11.7499, -2.36182],
							"size": [3.99, 9, 4],
							"uv": {
								"north": {"uv": [49, 48], "uv_size": [4, 9]},
								"east": {"uv": [5, 50], "uv_size": [4, 9]},
								"south": {"uv": [9, 50], "uv_size": [4, 9]},
								"west": {"uv": [13, 50], "uv_size": [4, 9]},
								"up": {"uv": [56, 69], "uv_size": [4, 4]},
								"down": {"uv": [60, 73], "uv_size": [4, -4]}
							}
						},
						{
							"origin": [-3.72481, 10.94932, -1.94445],
							"size": [3.675, 2, 2],
							"pivot": [0.75028, 11.79554, -0.68682],
							"rotation": [30, 0, 0],
							"uv": {
								"north": {"uv": [80, 8], "uv_size": [3.5, 2]},
								"east": {"uv": [84, 7], "uv_size": [2, 2]},
								"south": {"uv": [80, 10], "uv_size": [3.5, 2]},
								"west": {"uv": [84, 9], "uv_size": [2, 2]},
								"up": {"uv": [40, 80], "uv_size": [3.5, 2]},
								"down": {"uv": [80, 51], "uv_size": [3.5, -2]}
							}
						},
						{
							"origin": [-4.39338, 9.72659, -2.86182],
							"size": [4.49, 8, 5],
							"uv": {
								"north": {"uv": [17, 50], "uv_size": [4.5, 8]},
								"east": {"uv": [0, 46], "uv_size": [5, 8]},
								"south": {"uv": [50, 27], "uv_size": [4.5, 8]},
								"west": {"uv": [46, 19], "uv_size": [5, 8]},
								"up": {"uv": [62, 0], "uv_size": [4.5, 5]},
								"down": {"uv": [62, 10], "uv_size": [4.5, -5]}
							}
						},
						{
							"origin": [-4.69338, 9.62659, -3.16182],
							"size": [4.89, 4.1, 5.8],
							"uv": {
								"north": {"uv": [64, 62], "uv_size": [5, 4]},
								"east": {"uv": [14, 8], "uv_size": [6, 4]},
								"south": {"uv": [65, 16], "uv_size": [5, 4]},
								"west": {"uv": [60, 45], "uv_size": [6, 4]},
								"up": {"uv": [55, 29], "uv_size": [5, 6]},
								"down": {"uv": [41, 62], "uv_size": [5, -6]}
							}
						}
					]
				},
				{
					"name": "RightLowerLeg",
					"parent": "RightLeg",
					"pivot": [-1.92781, 11.39165, -0.36182],
					"cubes": [
						{
							"origin": [-3.39981, 2.5999, -1.83682],
							"size": [2.95, 9.2, 3],
							"uv": {
								"north": {"uv": [49, 57], "uv_size": [3, 9]},
								"east": {"uv": [17, 58], "uv_size": [3, 9]},
								"south": {"uv": [58, 53], "uv_size": [3, 9]},
								"west": {"uv": [59, 0], "uv_size": [3, 9]},
								"up": {"uv": [18, 77], "uv_size": [3, 3]},
								"down": {"uv": [77, 72], "uv_size": [3, -3]}
							}
						},
						{
							"origin": [-3.59981, 2.5999, -1.96182],
							"size": [3.35, 4, 3.4],
							"uv": {
								"north": {"uv": [71, 0], "uv_size": [3.5, 4]},
								"east": {"uv": [71, 4], "uv_size": [3.5, 4]},
								"south": {"uv": [71, 8], "uv_size": [3.5, 4]},
								"west": {"uv": [71, 12], "uv_size": [3.5, 4]},
								"up": {"uv": [71, 72], "uv_size": [3.5, 3.5]},
								"down": {"uv": [18, 76.5], "uv_size": [3.5, -3.5]}
							}
						}
					]
				},
				{
					"name": "RightFoot",
					"parent": "RightLowerLeg",
					"pivot": [-2.0436, 2.54649, -0.22432],
					"cubes": [
						{
							"origin": [-3.02481, 0.4249, -4.36182],
							"size": [2.225, 2.5, 6.175],
							"uv": {
								"north": {"uv": [82, 51], "uv_size": [2, 2.5]},
								"east": {"uv": [70, 16], "uv_size": [6, 2.5]},
								"south": {"uv": [53, 82], "uv_size": [2, 2.5]},
								"west": {"uv": [70, 44], "uv_size": [6, 2.5]},
								"up": {"uv": [75, 6], "uv_size": [2, 6]},
								"down": {"uv": [7, 81], "uv_size": [2, -6]}
							}
						},
						{
							"origin": [-2.84981, 2.32411, -3.35932],
							"size": [1.875, 1.1, 2.075],
							"pivot": [-2.33722, 2.92054, -2.77432],
							"rotation": [35, 0, 0],
							"uv": {
								"north": {"uv": [86, 76], "uv_size": [2, 1]},
								"east": {"uv": [86, 79], "uv_size": [2, 1]},
								"south": {"uv": [86, 80], "uv_size": [2, 1]},
								"west": {"uv": [86, 81], "uv_size": [2, 1]},
								"up": {"uv": [10, 84], "uv_size": [2, 2]},
								"down": {"uv": [84, 13], "uv_size": [2, -2]}
							}
						},
						{
							"origin": [-3.62481, 2.4249, -1.81182],
							"size": [3.425, 1.75, 2.425],
							"uv": {
								"north": {"uv": [81, 79], "uv_size": [3.5, 1.5]},
								"east": {"uv": [84, 51], "uv_size": [2.5, 1.5]},
								"south": {"uv": [80, 81], "uv_size": [3.5, 1.5]},
								"west": {"uv": [84, 69], "uv_size": [2.5, 1.5]},
								"up": {"uv": [78, 24], "uv_size": [3.5, 2.5]},
								"down": {"uv": [26, 80.5], "uv_size": [3.5, -2.5]}
							}
						},
						{
							"origin": [-3.02481, -0.0751, -0.36182],
							"size": [2.225, 0.5, 2.175],
							"uv": {
								"north": {"uv": [89, 33], "uv_size": [2, 0.5]},
								"east": {"uv": [89, 34], "uv_size": [2, 0.5]},
								"south": {"uv": [89, 35], "uv_size": [2, 0.5]},
								"west": {"uv": [89, 36], "uv_size": [2, 0.5]},
								"up": {"uv": [84, 35], "uv_size": [2, 2]},
								"down": {"uv": [84, 39], "uv_size": [2, -2]}
							}
						},
						{
							"origin": [-3.02481, -0.0751, -4.36182],
							"size": [2.225, 0.5, 3.175],
							"uv": {
								"north": {"uv": [89, 37], "uv_size": [2, 0.5]},
								"east": {"uv": [88, 10], "uv_size": [3, 0.5]},
								"south": {"uv": [38, 89], "uv_size": [2, 0.5]},
								"west": {"uv": [88, 11], "uv_size": [3, 0.5]},
								"up": {"uv": [34, 19], "uv_size": [2, 3]},
								"down": {"uv": [15, 83], "uv_size": [2, -3]}
							}
						}
					]
				},
				{
					"name": "ysmGlowbone3",
					"pivot": [0, 23, 0],
					"rotation": [10, 50, 0],
					"cubes": [
						{
							"origin": [-44.3, 22, -77.8],
							"size": [94.8, 1.5, 30.8],
							"uv": {
								"north": {"uv": [163, 123], "uv_size": [96, 1.5]},
								"east": {"uv": [74, 197], "uv_size": [27, 1.5]},
								"south": {"uv": [163, 125], "uv_size": [96, 1.5]},
								"west": {"uv": [41, 199], "uv_size": [27, 1.5]},
								"up": {"uv": [96, 0], "uv_size": [96, 27]},
								"down": {"uv": [0, 160], "uv_size": [96, -27]}
							}
						},
						{
							"origin": [-36.5, 22, -88.1],
							"size": [52.5, 1.5, 29.1],
							"pivot": [0, 12, 0],
							"rotation": [0, 40, 0],
							"uv": {
								"north": {"uv": [175, 46], "uv_size": [53, 1.5]},
								"east": {"uv": [41, 201], "uv_size": [23, 1.5]},
								"south": {"uv": [175, 48], "uv_size": [53, 1.5]},
								"west": {"uv": [64, 201], "uv_size": [23, 1.5]},
								"up": {"uv": [0, 160], "uv_size": [53, 23]},
								"down": {"uv": [163, 123], "uv_size": [53, -23]}
							}
						},
						{
							"origin": [-28.6, 22, -93],
							"size": [49.6, 1.5, 23.2],
							"pivot": [0, 12, 0],
							"rotation": [0, 75, 0],
							"uv": {
								"north": {"uv": [175, 50], "uv_size": [50, 1.5]},
								"east": {"uv": [23, 203], "uv_size": [19, 1.5]},
								"south": {"uv": [175, 52], "uv_size": [50, 1.5]},
								"west": {"uv": [42, 203], "uv_size": [19, 1.5]},
								"up": {"uv": [103, 173], "uv_size": [50, 19]},
								"down": {"uv": [153, 192], "uv_size": [50, -19]}
							}
						},
						{
							"origin": [-32, 22, -86],
							"size": [80, 1.5, 12],
							"pivot": [0, 12, 0],
							"rotation": [0, -52.5, 0],
							"uv": {
								"north": {"uv": [283.5, 59], "uv_size": [78.5, 1.5]},
								"east": {"uv": [387, 67.5], "uv_size": [37, 1.5]},
								"south": {"uv": [260.5, 71], "uv_size": [78.5, 1.5]},
								"west": {"uv": [356, 89.5], "uv_size": [37, 1.5]},
								"up": {"uv": [276, 96.5], "uv_size": [78.5, 37]},
								"down": {"uv": [370, 132], "uv_size": [78.5, -37]}
							}
						},
						{
							"origin": [-12.5, 22, -95.6],
							"size": [30.2, 1.5, 11.7],
							"pivot": [0, 12, 0],
							"rotation": [0, 102.5, 0],
							"uv": {
								"north": {"uv": [0, 91], "uv_size": [34, 1.5]},
								"east": {"uv": [152, 60], "uv_size": [16.5, 1.5]},
								"south": {"uv": [183, 196], "uv_size": [34, 1.5]},
								"west": {"uv": [203, 173], "uv_size": [16.5, 1.5]},
								"up": {"uv": [192, 0], "uv_size": [34, 16.5]},
								"down": {"uv": [103, 208.5], "uv_size": [34, -16.5]}
							}
						},
						{
							"origin": [-18.8, 22, -88.1],
							"size": [66.8, 1.5, 21.1],
							"pivot": [0, 12, 0],
							"rotation": [0, -88.5, 0],
							"uv": {
								"north": {"uv": [163, 127], "uv_size": [84, 1.5]},
								"east": {"uv": [41, 197], "uv_size": [33, 1.5]},
								"south": {"uv": [163, 129], "uv_size": [84, 1.5]},
								"west": {"uv": [183, 198], "uv_size": [33, 1.5]},
								"up": {"uv": [91, 27], "uv_size": [84, 33]},
								"down": {"uv": [79, 133], "uv_size": [84, -33]}
							}
						},
						{
							"origin": [-5.1, 22, -90.8],
							"size": [42.7, 1.5, 10.4],
							"pivot": [0, 12, 0],
							"rotation": [0, -120, 0],
							"uv": {
								"north": {"uv": [246, 144], "uv_size": [60.5, 1.5]},
								"east": {"uv": [334, 147.5], "uv_size": [39.5, 1.5]},
								"south": {"uv": [393, 148], "uv_size": [60.5, 1.5]},
								"west": {"uv": [464.5, 123], "uv_size": [39.5, 1.5]},
								"up": {"uv": [229, 153], "uv_size": [60.5, 39.5]},
								"down": {"uv": [301, 192.5], "uv_size": [60.5, -39.5]}
							}
						},
						{
							"origin": [-34, 22, -56.8],
							"size": [35.3, 1.5, 8],
							"pivot": [6, 12, -8],
							"rotation": [0, 92.5, 0],
							"uv": {
								"north": {"uv": [374.5, 171.5], "uv_size": [49.5, 1.5]},
								"east": {"uv": [385, 188], "uv_size": [23.5, 1.5]},
								"south": {"uv": [443, 195.5], "uv_size": [49.5, 1.5]},
								"west": {"uv": [240.5, 209], "uv_size": [23.5, 1.5]},
								"up": {"uv": [277.5, 197.5], "uv_size": [49.5, 23.5]},
								"down": {"uv": [447.5, 181], "uv_size": [49.5, -23.5]}
							}
						},
						{
							"origin": [-7, 22, -68],
							"size": [32.6, 1.5, 14.2],
							"pivot": [6, 12, -8],
							"rotation": [0, 150, 0],
							"uv": {
								"north": {"uv": [175, 58], "uv_size": [40.5, 1.5]},
								"east": {"uv": [61, 203], "uv_size": [19, 1.5]},
								"south": {"uv": [192, 17], "uv_size": [40.5, 1.5]},
								"west": {"uv": [80, 203], "uv_size": [19, 1.5]},
								"up": {"uv": [175, 27], "uv_size": [40.5, 19]},
								"down": {"uv": [0, 202], "uv_size": [40.5, -19]}
							}
						},
						{
							"origin": [7, 22, -64.5],
							"size": [22.9, 1.5, 11.7],
							"pivot": [6, 12, -8],
							"rotation": [0, -175, 0],
							"uv": {
								"north": {"uv": [0, 202], "uv_size": [23, 1.5]},
								"east": {"uv": [48, 91], "uv_size": [15.5, 1.5]},
								"south": {"uv": [183, 202], "uv_size": [23, 1.5]},
								"west": {"uv": [74, 91], "uv_size": [15.5, 1.5]},
								"up": {"uv": [137, 192], "uv_size": [23, 15.5]},
								"down": {"uv": [160, 207.5], "uv_size": [23, -15.5]}
							}
						},
						{
							"origin": [18, 22, -52.1],
							"size": [23.3, 1.5, 9.3],
							"pivot": [6, 12, -8],
							"rotation": [0, -137.5, 0],
							"uv": {
								"north": {"uv": [183, 192], "uv_size": [34.5, 1.5]},
								"east": {"uv": [87, 201], "uv_size": [12.5, 1.5]},
								"south": {"uv": [183, 194], "uv_size": [34.5, 1.5]},
								"west": {"uv": [203, 175], "uv_size": [12.5, 1.5]},
								"up": {"uv": [53, 160], "uv_size": [34.5, 12.5]},
								"down": {"uv": [169, 96.5], "uv_size": [34.5, -12.5]}
							}
						},
						{
							"origin": [-30.5, 22, -69],
							"size": [81.5, 1.5, 14],
							"pivot": [0, 12, 0],
							"rotation": [0, -50, 0],
							"uv": {
								"north": {"uv": [0, 130], "uv_size": [78.5, 1.5]},
								"east": {"uv": [192, 23], "uv_size": [37, 1.5]},
								"south": {"uv": [163, 131], "uv_size": [78.5, 1.5]},
								"west": {"uv": [192, 25], "uv_size": [37, 1.5]},
								"up": {"uv": [90, 63], "uv_size": [78.5, 37]},
								"down": {"uv": [0, 130], "uv_size": [78.5, -37]}
							}
						},
						{
							"origin": [-26, 22, -53.8],
							"size": [28.3, 1.5, 5],
							"pivot": [14, 12, -8],
							"rotation": [0, 92.5, 0],
							"uv": {
								"north": {"uv": [379, 58.5], "uv_size": [49.5, 1.5]},
								"east": {"uv": [469, 77], "uv_size": [23.5, 1.5]},
								"south": {"uv": [372.5, 195.5], "uv_size": [49.5, 1.5]},
								"west": {"uv": [353.5, 213.5], "uv_size": [23.5, 1.5]},
								"up": {"uv": [397.5, 199.5], "uv_size": [49.5, 23.5]},
								"down": {"uv": [454, 241], "uv_size": [49.5, -23.5]}
							}
						},
						{
							"origin": [-51.65339, 22, -81.39975],
							"size": [27.11436, 1.5, 10.31737],
							"pivot": [0.24661, 12, 0.20025],
							"rotation": [0, 77.5, 0],
							"uv": {
								"north": {"uv": [259.5, 29], "uv_size": [34, 1.5]},
								"east": {"uv": [325, 40], "uv_size": [16.5, 1.5]},
								"south": {"uv": [373.5, 23], "uv_size": [34, 1.5]},
								"west": {"uv": [389, 49], "uv_size": [16.5, 1.5]},
								"up": {"uv": [320.5, 11], "uv_size": [34, 16.5]},
								"down": {"uv": [435.5, 51], "uv_size": [34, -16.5]}
							}
						},
						{
							"origin": [-26.55483, 22, -88.00652],
							"size": [42.8, 1.5, 4.8],
							"pivot": [-0.25483, 12, -0.20652],
							"rotation": [0, 5, 0],
							"uv": {
								"north": {"uv": [163, 123], "uv_size": [96, 1.5]},
								"east": {"uv": [74, 197], "uv_size": [27, 1.5]},
								"south": {"uv": [163, 125], "uv_size": [96, 1.5]},
								"west": {"uv": [41, 199], "uv_size": [27, 1.5]},
								"up": {"uv": [96, 0], "uv_size": [96, 27]},
								"down": {"uv": [0, 160], "uv_size": [96, -27]}
							}
						},
						{
							"origin": [-30.35525, 22, -114.05151],
							"size": [45.5, 1.5, 4.1],
							"pivot": [6.14475, 12, -29.95151],
							"rotation": [0, 57.5, 0],
							"uv": {
								"north": {"uv": [175, 46], "uv_size": [53, 1.5]},
								"east": {"uv": [41, 201], "uv_size": [23, 1.5]},
								"south": {"uv": [175, 48], "uv_size": [53, 1.5]},
								"west": {"uv": [64, 201], "uv_size": [23, 1.5]},
								"up": {"uv": [0, 160], "uv_size": [53, 23]},
								"down": {"uv": [163, 123], "uv_size": [53, -23]}
							}
						}
					]
				},
				{
					"name": "ysmGlowbone4",
					"pivot": [11, 48, -79],
					"cubes": [
						{"origin": [-2, -36, -86], "size": [4, 142, 4], "pivot": [0, 1, 0], "rotation": [-13.9042, 5.68422, 21.80633], "uv": [181, 202]}
					]
				},
				{
					"name": "ysmGlowbone5",
					"pivot": [-25, 49, -58],
					"cubes": [
						{"origin": [-24, 9, -58], "size": [3, 112, 2], "pivot": [-23, 47, 0], "rotation": [14.87739, 1.93597, -7.24721], "uv": [16, 204]}
					]
				},
				{
					"name": "ysmGlowbone7",
					"pivot": [34, 38, -76],
					"cubes": [
						{"origin": [30, -14, -77], "size": [3, 111, 3], "pivot": [21, 23, 0], "rotation": [0, 0, 12.5], "uv": [7, 203]}
					]
				},
				{
					"name": "ysmGlowbone8",
					"pivot": [13, 45, -76],
					"cubes": [
						{"origin": [33, -21, -78], "size": [4, 142, 4], "pivot": [35, 16, 0], "rotation": [0, 0, -37.5], "uv": [-2, 202]}
					]
				},
				{
					"name": "ysmGlowbone9",
					"pivot": [-24, 58, -59],
					"cubes": [
						{"origin": [-48, 17, -60], "size": [3, 106, 3], "pivot": [-47, 39, 17], "rotation": [0, 0, 50], "uv": [190, 203]}
					]
				},
				{
					"name": "ysmGlowbone10",
					"pivot": [34, 53, -59],
					"cubes": [
						{"origin": [55, 29, -60], "size": [2, 63, 2], "pivot": [56, 34, 17], "rotation": [0, 0, -50], "uv": [199, 204]}
					]
				}
			]
		}
	]
}