{
	"format_version": "1.12.0",
	"minecraft:geometry": [
		{
			"description": {
				"identifier": "geometry.unknown",
				"texture_width": 128,
				"texture_height": 128,
				"visible_bounds_width": 3,
				"visible_bounds_height": 4.5,
				"visible_bounds_offset": [0, 1.75, 0]
			},
			"bones": [
				{
					"name": "LeftArm",
					"pivot": [2.34063, 36.23906, 0.625],
					"cubes": [
						{
							"origin": [-0.03795, 34.91158, -1.29665],
							"size": [4.01678, 4.49623, 3.84331],
							"uv": {
								"north": {"uv": [48.05, 12.55], "uv_size": [1.7, 1.4]},
								"east": {"uv": [48.05, 20.55], "uv_size": [1.7, 1.4]},
								"south": {"uv": [48.05, 37.55], "uv_size": [1.7, 1.4]},
								"west": {"uv": [38.05, 48.05], "uv_size": [1.7, 1.4]},
								"up": {"uv": [0.05, 44.05], "uv_size": [1.7, 1.7]},
								"down": {"uv": [2.55, 45.75], "uv_size": [1.7, -1.7]}
							}
						},
						{
							"origin": [-0.19614, 34.83247, -1.37576],
							"size": [1.96013, 4.97085, 4.00151],
							"uv": {
								"north": {"uv": [49.05, 62.05], "uv_size": [0.7, 1.7]},
								"east": {"uv": [8.05, 44.05], "uv_size": [1.7, 1.7]},
								"south": {"uv": [9.05, 62.55], "uv_size": [0.7, 1.7]},
								"west": {"uv": [13.55, 44.05], "uv_size": [1.7, 1.7]},
								"up": {"uv": [10.55, 62.55], "uv_size": [0.7, 1.7]},
								"down": {"uv": [20.55, 64.25], "uv_size": [0.7, -1.7]}
							}
						},
						{
							"origin": [3.45667, 38.16334, -1.37576],
							"size": [1.01091, 2.26382, 4.00151],
							"pivot": [3.4875, 38.50424, 0.62501],
							"rotation": [0, 0, -80],
							"uv": {
								"north": {"uv": [74.55, 41.05], "uv_size": [0.4, 0.9]},
								"east": {"uv": [36.05, 57.05], "uv_size": [1.7, 0.9]},
								"south": {"uv": [42.05, 74.55], "uv_size": [0.4, 0.9]},
								"west": {"uv": [38.55, 57.05], "uv_size": [1.7, 0.9]},
								"up": {"uv": [0.05, 68.55], "uv_size": [0.4, 1.7]},
								"down": {"uv": [1.05, 70.25], "uv_size": [0.4, -1.7]}
							}
						},
						{
							"origin": [0.1738, 31.30153, -1.11957],
							"size": [3.56662, 5.21101, 3.48918],
							"uv": {
								"north": {"uv": [25.55, 41.05], "uv_size": [1.4, 2.2]},
								"east": {"uv": [27.55, 41.05], "uv_size": [1.4, 2.2]},
								"south": {"uv": [41.05, 27.55], "uv_size": [1.4, 2.2]},
								"west": {"uv": [29.55, 41.05], "uv_size": [1.4, 2.2]},
								"up": {"uv": [51.05, 33.05], "uv_size": [1.4, 1.4]},
								"down": {"uv": [51.05, 46.45], "uv_size": [1.4, -1.4]}
							}
						},
						{
							"origin": [0.0947, 31.22243, -1.19868],
							"size": [1.90549, 5.29011, 3.64739],
							"uv": {
								"north": {"uv": [46.05, 58.05], "uv_size": [0.7, 2.2]},
								"east": {"uv": [41.05, 40.05], "uv_size": [1.4, 2.2]},
								"south": {"uv": [51.05, 58.05], "uv_size": [0.7, 2.2]},
								"west": {"uv": [41.55, 4.55], "uv_size": [1.4, 2.2]},
								"up": {"uv": [49.05, 64.55], "uv_size": [0.7, 1.4]},
								"down": {"uv": [11.05, 66.45], "uv_size": [0.7, -1.4]}
							}
						},
						{
							"origin": [0.34104, 28.44455, -0.95888],
							"size": [3.23214, 8.06827, 3.16776],
							"inflate": 0.001,
							"uv": {
								"north": {"uv": [30.05, 18.05], "uv_size": [1.4, 3.2]},
								"east": {"uv": [30.55, 0.05], "uv_size": [1.4, 3.2]},
								"south": {"uv": [21.55, 30.55], "uv_size": [1.4, 3.2]},
								"west": {"uv": [30.55, 22.05], "uv_size": [1.4, 3.2]},
								"up": {"uv": [51.05, 47.05], "uv_size": [1.4, 1.4]},
								"down": {"uv": [51.05, 50.45], "uv_size": [1.4, -1.4]}
							}
						},
						{
							"origin": [0.34131, 28.36008, 2.00404],
							"size": [3.23161, 2.23956, 2.23956],
							"pivot": [1.95711, 31.97868, 0.625],
							"rotation": [-45, 0, 0],
							"uv": {
								"north": {"uv": [33.55, 60.55], "uv_size": [1.4, 0.9]},
								"east": {"uv": [65.05, 66.55], "uv_size": [0.9, 0.9]},
								"south": {"uv": [35.55, 60.55], "uv_size": [1.4, 0.9]},
								"west": {"uv": [66.55, 66.55], "uv_size": [0.9, 0.9]},
								"up": {"uv": [37.55, 60.55], "uv_size": [1.4, 0.9]},
								"down": {"uv": [60.55, 39.45], "uv_size": [1.4, -0.9]}
							}
						},
						{
							"origin": [0.2622, 28.36572, -1.03772],
							"size": [2.04508, 8.14683, 3.32543],
							"uv": {
								"north": {"uv": [41.55, 10.55], "uv_size": [0.9, 3.2]},
								"east": {"uv": [3.05, 31.05], "uv_size": [1.4, 3.2]},
								"south": {"uv": [12.05, 41.55], "uv_size": [0.9, 3.2]},
								"west": {"uv": [8.05, 31.05], "uv_size": [1.4, 3.2]},
								"up": {"uv": [20.55, 60.55], "uv_size": [0.9, 1.4]},
								"down": {"uv": [39.55, 61.95], "uv_size": [0.9, -1.4]}
							}
						}
					]
				},
				{
					"name": "LeftForeArm",
					"parent": "LeftArm",
					"pivot": [1.88316, 28.10626, 0.6572],
					"cubes": [
						{
							"origin": [0.44734, 18.53279, -0.76971],
							"size": [3.02511, 7.67586, 2.58557],
							"uv": {
								"north": {"uv": [5.05, 34.55], "uv_size": [1.2, 3.4]},
								"east": {"uv": [34.55, 11.05], "uv_size": [1.2, 3.4]},
								"south": {"uv": [34.55, 15.05], "uv_size": [1.2, 3.4]},
								"west": {"uv": [20.55, 34.55], "uv_size": [1.2, 3.4]},
								"up": {"uv": [48.55, 58.55], "uv_size": [1.2, 1.2]},
								"down": {"uv": [58.55, 58.75], "uv_size": [1.2, -1.2]}
							}
						},
						{
							"origin": [3.16897, 19.63835, -1.0741],
							"size": [0.58769, 6.92237, 0.62038],
							"pivot": [2.06357, 23.05439, 0.68047],
							"rotation": [5, 0, 4.5],
							"uv": {
								"north": {"uv": [62.05, 70.55], "uv_size": [0.2, 2.9]},
								"east": {"uv": [63.05, 70.55], "uv_size": [0.2, 2.9]},
								"south": {"uv": [64.05, 70.55], "uv_size": [0.2, 2.9]},
								"west": {"uv": [65.05, 70.55], "uv_size": [0.2, 2.9]},
								"up": {"uv": [6.05, 84.55], "uv_size": [0.2, 0.2]},
								"down": {"uv": [84.55, 6.25], "uv_size": [0.2, -0.2]}
							}
						},
						{
							"origin": [0.16313, 19.63836, -1.0741],
							"size": [0.58769, 6.92237, 0.62038],
							"pivot": [1.85622, 23.0544, 0.6805],
							"rotation": [5, 0, -4.5],
							"uv": {
								"north": {"uv": [66.05, 70.55], "uv_size": [0.2, 2.9]},
								"east": {"uv": [70.55, 66.05], "uv_size": [0.2, 2.9]},
								"south": {"uv": [67.05, 70.55], "uv_size": [0.2, 2.9]},
								"west": {"uv": [69.05, 70.55], "uv_size": [0.2, 2.9]},
								"up": {"uv": [7.05, 84.55], "uv_size": [0.2, 0.2]},
								"down": {"uv": [8.05, 84.75], "uv_size": [0.2, -0.2]}
							}
						},
						{
							"origin": [0.16313, 19.63836, 1.7013],
							"size": [0.58769, 6.92237, 0.62038],
							"pivot": [1.85622, 23.0544, 0.5671],
							"rotation": [-5, 0, -4.5],
							"uv": {
								"north": {"uv": [70.55, 69.55], "uv_size": [0.2, 2.9]},
								"east": {"uv": [0.05, 71.05], "uv_size": [0.2, 2.9]},
								"south": {"uv": [1.05, 71.05], "uv_size": [0.2, 2.9]},
								"west": {"uv": [3.55, 71.05], "uv_size": [0.2, 2.9]},
								"up": {"uv": [84.55, 11.05], "uv_size": [0.2, 0.2]},
								"down": {"uv": [84.55, 12.25], "uv_size": [0.2, -0.2]}
							}
						},
						{
							"origin": [3.16897, 19.63835, 1.70131],
							"size": [0.58769, 6.92237, 0.62038],
							"pivot": [2.06357, 23.05439, 0.56711],
							"rotation": [-5, 0, 4.5],
							"uv": {
								"north": {"uv": [4.55, 71.05], "uv_size": [0.2, 2.9]},
								"east": {"uv": [71.05, 8.05], "uv_size": [0.2, 2.9]},
								"south": {"uv": [71.05, 11.55], "uv_size": [0.2, 2.9]},
								"west": {"uv": [15.05, 71.05], "uv_size": [0.2, 2.9]},
								"up": {"uv": [84.55, 19.05], "uv_size": [0.2, 0.2]},
								"down": {"uv": [84.55, 20.25], "uv_size": [0.2, -0.2]}
							}
						},
						{
							"origin": [3.24828, 18.49885, -0.76971],
							"size": [0.49743, 7.83211, 2.78697],
							"pivot": [2.05258, 22.9149, 0.62379],
							"rotation": [0, 0, 4.5],
							"uv": {
								"north": {"uv": [71.05, 15.05], "uv_size": [0.2, 2.9]},
								"east": {"uv": [37.55, 5.05], "uv_size": [1.2, 2.9]},
								"south": {"uv": [16.05, 71.05], "uv_size": [0.2, 2.9]},
								"west": {"uv": [25.05, 37.55], "uv_size": [1.2, 2.9]},
								"up": {"uv": [62.55, 77.05], "uv_size": [0.2, 1.2]},
								"down": {"uv": [63.55, 78.25], "uv_size": [0.2, -1.2]}
							}
						},
						{
							"origin": [0.1741, 18.49885, -0.76971],
							"size": [0.49743, 7.83211, 2.78697],
							"pivot": [1.8672, 22.9149, 0.62379],
							"rotation": [0, 0, -4.5],
							"uv": {
								"north": {"uv": [17.05, 71.05], "uv_size": [0.2, 2.9]},
								"east": {"uv": [27.05, 37.55], "uv_size": [1.2, 2.9]},
								"south": {"uv": [18.05, 71.05], "uv_size": [0.2, 2.9]},
								"west": {"uv": [11.55, 38.05], "uv_size": [1.2, 2.9]},
								"up": {"uv": [64.55, 77.05], "uv_size": [0.2, 1.2]},
								"down": {"uv": [65.55, 78.25], "uv_size": [0.2, -1.2]}
							}
						},
						{
							"origin": [-0.11689, 26.19195, -1.45624],
							"size": [4.15352, 1.03821, 4.06978],
							"uv": {
								"north": {"uv": [68.55, 4.05], "uv_size": [1.7, 0.4]},
								"east": {"uv": [68.55, 8.55], "uv_size": [1.7, 0.4]},
								"south": {"uv": [68.55, 9.55], "uv_size": [1.7, 0.4]},
								"west": {"uv": [68.55, 10.55], "uv_size": [1.7, 0.4]},
								"up": {"uv": [16.05, 44.05], "uv_size": [1.7, 1.7]},
								"down": {"uv": [18.55, 45.75], "uv_size": [1.7, -1.7]}
							}
						},
						{
							"origin": [1.19232, 24.85589, -1.51942],
							"size": [1.53513, 3.64714, 1.18099],
							"pivot": [1.95989, 26.67945, -0.92894],
							"rotation": [5, 0, 0],
							"uv": {
								"north": {"uv": [65.05, 25.55], "uv_size": [0.7, 1.4]},
								"east": {"uv": [70.55, 20.05], "uv_size": [0.4, 1.4]},
								"south": {"uv": [26.55, 65.05], "uv_size": [0.7, 1.4]},
								"west": {"uv": [71.05, 22.05], "uv_size": [0.4, 1.4]},
								"up": {"uv": [76.05, 23.55], "uv_size": [0.7, 0.4]},
								"down": {"uv": [76.05, 44.45], "uv_size": [0.7, -0.4]}
							}
						},
						{
							"origin": [0.26679, 27.194, -1.04064],
							"size": [3.38621, 1.50359, 3.32888],
							"uv": {
								"north": {"uv": [65.05, 27.55], "uv_size": [1.4, 0.7]},
								"east": {"uv": [65.05, 29.05], "uv_size": [1.4, 0.7]},
								"south": {"uv": [65.05, 30.55], "uv_size": [1.4, 0.7]},
								"west": {"uv": [65.05, 37.55], "uv_size": [1.4, 0.7]},
								"up": {"uv": [49.55, 51.05], "uv_size": [1.4, 1.4]},
								"down": {"uv": [51.55, 5.95], "uv_size": [1.4, -1.4]}
							}
						},
						{
							"origin": [0.09817, 27.158, -1.04064],
							"size": [0.49742, 1.50359, 3.32888],
							"pivot": [0.34688, 27.90979, 0.6238],
							"rotation": [0, 0, 12.5],
							"uv": {
								"north": {"uv": [63.05, 80.55], "uv_size": [0.2, 0.7]},
								"east": {"uv": [43.55, 65.05], "uv_size": [1.4, 0.7]},
								"south": {"uv": [64.05, 80.55], "uv_size": [0.2, 0.7]},
								"west": {"uv": [65.55, 2.55], "uv_size": [1.4, 0.7]},
								"up": {"uv": [42.05, 76.05], "uv_size": [0.2, 1.4]},
								"down": {"uv": [47.05, 77.45], "uv_size": [0.2, -1.4]}
							}
						},
						{
							"origin": [0.00713, 26.6571, -1.25138],
							"size": [0.49742, 1.59387, 0.34981],
							"pivot": [0.25585, 27.49916, 0.77415],
							"rotation": [-12.5, 0, 12.5],
							"uv": {
								"north": {"uv": [80.55, 64.05], "uv_size": [0.2, 0.7]},
								"east": {"uv": [68.55, 80.55], "uv_size": [0.2, 0.7]},
								"south": {"uv": [69.55, 80.55], "uv_size": [0.2, 0.7]},
								"west": {"uv": [80.55, 69.55], "uv_size": [0.2, 0.7]},
								"up": {"uv": [84.55, 21.05], "uv_size": [0.2, 0.2]},
								"down": {"uv": [24.05, 84.75], "uv_size": [0.2, -0.2]}
							}
						},
						{
							"origin": [0.00713, 26.6571, 2.14915],
							"size": [0.49742, 1.59387, 0.34981],
							"pivot": [0.25585, 27.49916, 0.47343],
							"rotation": [12.5, 0, 12.5],
							"uv": {
								"north": {"uv": [70.55, 80.55], "uv_size": [0.2, 0.7]},
								"east": {"uv": [80.55, 71.05], "uv_size": [0.2, 0.7]},
								"south": {"uv": [75.05, 80.55], "uv_size": [0.2, 0.7]},
								"west": {"uv": [76.05, 80.55], "uv_size": [0.2, 0.7]},
								"up": {"uv": [84.55, 24.05], "uv_size": [0.2, 0.2]},
								"down": {"uv": [25.05, 84.75], "uv_size": [0.2, -0.2]}
							}
						},
						{
							"origin": [3.35842, 26.84536, -1.04064],
							"size": [0.49742, 1.50359, 3.32888],
							"pivot": [2.16272, 27.59715, 0.6238],
							"rotation": [0, 0, -12.5],
							"uv": {
								"north": {"uv": [77.05, 80.55], "uv_size": [0.2, 0.7]},
								"east": {"uv": [5.05, 65.55], "uv_size": [1.4, 0.7]},
								"south": {"uv": [80.55, 77.05], "uv_size": [0.2, 0.7]},
								"west": {"uv": [65.55, 5.55], "uv_size": [1.4, 0.7]},
								"up": {"uv": [76.05, 51.55], "uv_size": [0.2, 1.4]},
								"down": {"uv": [52.55, 77.45], "uv_size": [0.2, -1.4]}
							}
						},
						{
							"origin": [3.44947, 26.34447, -1.25138],
							"size": [0.49742, 1.59387, 0.34981],
							"pivot": [2.25376, 27.18654, 0.77415],
							"rotation": [-12.5, 0, -12.5],
							"uv": {
								"north": {"uv": [80.55, 78.55], "uv_size": [0.2, 0.7]},
								"east": {"uv": [79.05, 80.55], "uv_size": [0.2, 0.7]},
								"south": {"uv": [80.05, 80.55], "uv_size": [0.2, 0.7]},
								"west": {"uv": [81.05, 4.05], "uv_size": [0.2, 0.7]},
								"up": {"uv": [84.55, 25.05], "uv_size": [0.2, 0.2]},
								"down": {"uv": [26.05, 84.75], "uv_size": [0.2, -0.2]}
							}
						},
						{
							"origin": [0.56067, 26.34447, 2.14915],
							"size": [3.38621, 1.59387, 0.34981],
							"pivot": [2.25376, 27.18654, 0.47343],
							"rotation": [12.5, 0, -12.5],
							"uv": {
								"north": {"uv": [65.55, 7.05], "uv_size": [1.4, 0.7]},
								"east": {"uv": [6.05, 81.05], "uv_size": [0.2, 0.7]},
								"south": {"uv": [65.55, 12.05], "uv_size": [1.4, 0.7]},
								"west": {"uv": [7.05, 81.05], "uv_size": [0.2, 0.7]},
								"up": {"uv": [76.05, 53.55], "uv_size": [1.4, 0.2]},
								"down": {"uv": [70.05, 76.25], "uv_size": [1.4, -0.2]}
							}
						},
						{
							"origin": [0.26679, 26.64309, -0.69864],
							"size": [3.38622, 1.50307, 0.51773],
							"pivot": [2.05017, 29.98326, 1.64783],
							"rotation": [-12.5, 0, 0],
							"uv": {
								"north": {"uv": [65.55, 13.55], "uv_size": [1.4, 0.7]},
								"east": {"uv": [81.05, 7.55], "uv_size": [0.2, 0.7]},
								"south": {"uv": [30.05, 65.55], "uv_size": [1.4, 0.7]},
								"west": {"uv": [8.05, 81.05], "uv_size": [0.2, 0.7]},
								"up": {"uv": [76.05, 70.55], "uv_size": [1.4, 0.2]},
								"down": {"uv": [72.05, 76.25], "uv_size": [1.4, -0.2]}
							}
						},
						{
							"origin": [0.26679, 26.64309, 1.42851],
							"size": [3.38622, 1.50307, 0.51773],
							"pivot": [2.05017, 29.98326, -0.40025],
							"rotation": [12.5, 0, 0],
							"uv": {
								"north": {"uv": [32.05, 65.55], "uv_size": [1.4, 0.7]},
								"east": {"uv": [81.05, 10.05], "uv_size": [0.2, 0.7]},
								"south": {"uv": [39.55, 65.55], "uv_size": [1.4, 0.7]},
								"west": {"uv": [81.05, 13.55], "uv_size": [0.2, 0.7]},
								"up": {"uv": [76.05, 74.05], "uv_size": [1.4, 0.2]},
								"down": {"uv": [76.05, 75.25], "uv_size": [1.4, -0.2]}
							}
						},
						{
							"origin": [0.44734, 19.35178, -1.52696],
							"size": [3.02511, 6.84143, 0.77143],
							"pivot": [2.05017, 28.0362, -1.43189],
							"rotation": [5, 0, 0],
							"uv": {
								"north": {"uv": [0.05, 38.55], "uv_size": [1.2, 2.9]},
								"east": {"uv": [71.05, 24.05], "uv_size": [0.2, 2.9]},
								"south": {"uv": [4.05, 38.55], "uv_size": [1.2, 2.9]},
								"west": {"uv": [24.55, 71.05], "uv_size": [0.2, 2.9]},
								"up": {"uv": [77.05, 22.05], "uv_size": [1.2, 0.2]},
								"down": {"uv": [77.05, 42.75], "uv_size": [1.2, -0.2]}
							}
						},
						{
							"origin": [0.44734, 18.51312, 1.88665],
							"size": [3.02511, 6.34912, 0.77143],
							"pivot": [2.05016, 26.70523, 2.56303],
							"rotation": [-5, 0, 0],
							"uv": {
								"north": {"uv": [39.55, 11.55], "uv_size": [1.2, 2.7]},
								"east": {"uv": [12.05, 72.55], "uv_size": [0.2, 2.7]},
								"south": {"uv": [39.55, 15.05], "uv_size": [1.2, 2.7]},
								"west": {"uv": [13.05, 72.55], "uv_size": [0.2, 2.7]},
								"up": {"uv": [77.05, 67.55], "uv_size": [1.2, 0.2]},
								"down": {"uv": [70.05, 77.25], "uv_size": [1.2, -0.2]}
							}
						},
						{
							"origin": [0.17992, 20.30322, 1.308],
							"size": [3.55997, 5.20435, 1.96757],
							"pivot": [2.05017, 27.01655, 2.67948],
							"rotation": [-5, 0, 0],
							"uv": {
								"north": {"uv": [6.05, 41.55], "uv_size": [1.4, 2.2]},
								"east": {"uv": [52.55, 58.05], "uv_size": [0.7, 2.2]},
								"south": {"uv": [41.55, 7.55], "uv_size": [1.4, 2.2]},
								"west": {"uv": [54.05, 58.05], "uv_size": [0.7, 2.2]},
								"up": {"uv": [41.55, 65.55], "uv_size": [1.4, 0.7]},
								"down": {"uv": [65.55, 48.25], "uv_size": [1.4, -0.7]}
							}
						},
						{
							"origin": [3.79271, 20.42454, 1.31808],
							"size": [0.53819, 5.0625, 1.96757],
							"pivot": [2.64093, 27.13196, 2.68958],
							"rotation": [-4.98107, 0.43523, 4.98107],
							"uv": {
								"north": {"uv": [53.55, 74.05], "uv_size": [0.2, 2.2]},
								"east": {"uv": [55.55, 58.05], "uv_size": [0.7, 2.2]},
								"south": {"uv": [54.55, 74.05], "uv_size": [0.2, 2.2]},
								"west": {"uv": [1.55, 58.55], "uv_size": [0.7, 2.2]},
								"up": {"uv": [81.05, 15.05], "uv_size": [0.2, 0.7]},
								"down": {"uv": [81.05, 17.25], "uv_size": [0.2, -0.7]}
							}
						},
						{
							"origin": [-0.4111, 20.42454, 1.31808],
							"size": [0.53819, 5.0625, 1.96757],
							"pivot": [1.27887, 27.13196, 2.68958],
							"rotation": [-4.98107, -0.43523, -4.98107],
							"uv": {
								"north": {"uv": [55.55, 74.05], "uv_size": [0.2, 2.2]},
								"east": {"uv": [3.05, 58.55], "uv_size": [0.7, 2.2]},
								"south": {"uv": [56.55, 74.05], "uv_size": [0.2, 2.2]},
								"west": {"uv": [4.55, 58.55], "uv_size": [0.7, 2.2]},
								"up": {"uv": [81.05, 18.05], "uv_size": [0.2, 0.7]},
								"down": {"uv": [81.05, 23.75], "uv_size": [0.2, -0.7]}
							}
						},
						{
							"origin": [-0.26131, 25.34646, 0.22242],
							"size": [4.44242, 2.51683, 3.05313],
							"pivot": [2.05017, 26.70014, 2.67948],
							"rotation": [-5, 0, 0],
							"uv": {
								"north": {"uv": [55.05, 40.55], "uv_size": [1.9, 0.9]},
								"east": {"uv": [63.55, 54.05], "uv_size": [1.2, 0.9]},
								"south": {"uv": [46.55, 55.05], "uv_size": [1.9, 0.9]},
								"west": {"uv": [64.05, 0.05], "uv_size": [1.2, 0.9]},
								"up": {"uv": [5.05, 49.05], "uv_size": [1.9, 1.2]},
								"down": {"uv": [32.55, 50.25], "uv_size": [1.9, -1.2]}
							}
						},
						{
							"origin": [0.67057, 21.81013, 2.85168],
							"size": [1.95659, 8.09009, 0.61551],
							"pivot": [1.72273, 26.70014, 2.43328],
							"rotation": [-17.1921, -28.8791, 8.4988],
							"uv": {
								"north": {"uv": [43.55, 48.05], "uv_size": [0.7, 3.4]},
								"east": {"uv": [6.05, 68.55], "uv_size": [0.2, 3.4]},
								"south": {"uv": [45.05, 48.05], "uv_size": [0.7, 3.4]},
								"west": {"uv": [10.05, 68.55], "uv_size": [0.2, 3.4]},
								"up": {"uv": [80.55, 45.05], "uv_size": [0.7, 0.2]},
								"down": {"uv": [80.55, 67.75], "uv_size": [0.7, -0.2]}
							}
						},
						{
							"origin": [1.3509, 21.81013, 2.85168],
							"size": [1.95659, 8.09009, 0.61551],
							"pivot": [2.25534, 26.70014, 2.43328],
							"rotation": [-17.1921, 28.8791, -8.4988],
							"uv": {
								"north": {"uv": [46.55, 48.05], "uv_size": [0.7, 3.4]},
								"east": {"uv": [13.05, 68.55], "uv_size": [0.2, 3.4]},
								"south": {"uv": [48.05, 48.05], "uv_size": [0.7, 3.4]},
								"west": {"uv": [14.05, 68.55], "uv_size": [0.2, 3.4]},
								"up": {"uv": [81.05, 21.05], "uv_size": [0.7, 0.2]},
								"down": {"uv": [81.05, 24.75], "uv_size": [0.7, -0.2]}
							}
						},
						{
							"origin": [0.3626, 28.3696, 2.05455],
							"size": [3.19458, 2.32355, 2.32355],
							"pivot": [1.95989, 32.1239, 0.6238],
							"rotation": [-45, 0, 0],
							"uv": {
								"north": {"uv": [48.55, 60.55], "uv_size": [1.4, 0.9]},
								"east": {"uv": [10.05, 67.05], "uv_size": [0.9, 0.9]},
								"south": {"uv": [60.55, 57.05], "uv_size": [1.4, 0.9]},
								"west": {"uv": [67.05, 10.05], "uv_size": [0.9, 0.9]},
								"up": {"uv": [60.55, 58.55], "uv_size": [1.4, 0.9]},
								"down": {"uv": [60.55, 60.95], "uv_size": [1.4, -0.9]}
							}
						}
					]
				},
				{
					"name": "LeftHand",
					"parent": "LeftForeArm",
					"pivot": [1.81728, 18.68537, 0.61728],
					"cubes": [
						{
							"origin": [0.14745, 18.38441, -0.95013],
							"size": [3.57092, 0.95623, 3.39827],
							"uv": {
								"north": {"uv": [43.55, 37.55], "uv_size": [1.4, 0.4]},
								"east": {"uv": [48.05, 41.55], "uv_size": [1.4, 0.4]},
								"south": {"uv": [17.55, 52.55], "uv_size": [1.4, 0.4]},
								"west": {"uv": [40.55, 52.55], "uv_size": [1.4, 0.4]},
								"up": {"uv": [51.55, 6.55], "uv_size": [1.4, 1.4]},
								"down": {"uv": [51.55, 15.95], "uv_size": [1.4, -1.4]}
							}
						},
						{
							"origin": [2.4424, 18.59202, -0.74253],
							"size": [1.34518, 0.541, 2.91385],
							"uv": {
								"north": {"uv": [83.05, 34.55], "uv_size": [0.4, 0.2]},
								"east": {"uv": [72.05, 77.05], "uv_size": [1.2, 0.2]},
								"south": {"uv": [35.55, 83.05], "uv_size": [0.4, 0.2]},
								"west": {"uv": [77.05, 76.05], "uv_size": [1.2, 0.2]},
								"up": {"uv": [73.05, 13.05], "uv_size": [0.4, 1.2]},
								"down": {"uv": [73.05, 16.25], "uv_size": [0.4, -1.2]}
							}
						},
						{
							"origin": [0.48177, 17.53244, -0.78322],
							"size": [2.91265, 1.38409, 3.04498],
							"uv": {
								"north": {"uv": [73.05, 8.55], "uv_size": [1.2, 0.4]},
								"east": {"uv": [73.05, 17.05], "uv_size": [1.2, 0.4]},
								"south": {"uv": [73.05, 20.05], "uv_size": [1.2, 0.4]},
								"west": {"uv": [73.05, 21.05], "uv_size": [1.2, 0.4]},
								"up": {"uv": [10.05, 59.05], "uv_size": [1.2, 1.2]},
								"down": {"uv": [59.05, 12.75], "uv_size": [1.2, -1.2]}
							}
						},
						{
							"origin": [0.49909, 17.53244, -0.78322],
							"size": [0.69764, 0.55363, 1.66089],
							"pivot": [-0.60818, 18.63969, 0.73926],
							"rotation": [12.5, 0, 0],
							"uv": {
								"north": {"uv": [84.55, 26.05], "uv_size": [0.2, 0.2]},
								"east": {"uv": [81.05, 25.55], "uv_size": [0.7, 0.2]},
								"south": {"uv": [84.55, 30.05], "uv_size": [0.2, 0.2]},
								"west": {"uv": [81.05, 26.55], "uv_size": [0.7, 0.2]},
								"up": {"uv": [81.05, 27.55], "uv_size": [0.2, 0.7]},
								"down": {"uv": [81.05, 29.75], "uv_size": [0.2, -0.7]}
							}
						},
						{
							"origin": [0.49909, 16.8404, -1.14047],
							"size": [0.69764, 1.31488, 0.63406],
							"uv": {
								"north": {"uv": [83.05, 35.55], "uv_size": [0.2, 0.4]},
								"east": {"uv": [36.55, 83.05], "uv_size": [0.2, 0.4]},
								"south": {"uv": [83.05, 36.55], "uv_size": [0.2, 0.4]},
								"west": {"uv": [37.55, 83.05], "uv_size": [0.2, 0.4]},
								"up": {"uv": [31.05, 84.55], "uv_size": [0.2, 0.2]},
								"down": {"uv": [84.55, 31.25], "uv_size": [0.2, -0.2]}
							}
						},
						{
							"origin": [2.42557, 15.87155, -0.78322],
							"size": [0.70326, 1.66089, 3.04498],
							"uv": {
								"north": {"uv": [32.05, 81.05], "uv_size": [0.2, 0.7]},
								"east": {"uv": [35.55, 68.05], "uv_size": [1.2, 0.7]},
								"south": {"uv": [81.05, 35.05], "uv_size": [0.2, 0.7]},
								"west": {"uv": [68.05, 36.05], "uv_size": [1.2, 0.7]},
								"up": {"uv": [77.05, 77.05], "uv_size": [0.2, 1.2]},
								"down": {"uv": [77.55, 5.75], "uv_size": [0.2, -1.2]}
							}
						},
						{
							"origin": [2.76434, 15.7959, -0.85565],
							"size": [0.77412, 2.70539, 3.18981],
							"uv": {
								"north": {"uv": [6.05, 77.55], "uv_size": [0.2, 1.2]},
								"east": {"uv": [20.55, 55.55], "uv_size": [1.4, 1.2]},
								"south": {"uv": [7.05, 77.55], "uv_size": [0.2, 1.2]},
								"west": {"uv": [55.55, 48.05], "uv_size": [1.4, 1.2]},
								"up": {"uv": [74.05, 76.05], "uv_size": [0.2, 1.4]},
								"down": {"uv": [76.05, 77.45], "uv_size": [0.2, -1.4]}
							}
						},
						{
							"origin": [1.60634, 15.87155, -0.78322],
							"size": [0.81923, 0.83045, 0.55363],
							"uv": {
								"north": {"uv": [84.55, 32.05], "uv_size": [0.2, 0.2]},
								"east": {"uv": [38.55, 84.55], "uv_size": [0.2, 0.2]},
								"south": {"uv": [39.55, 84.55], "uv_size": [0.2, 0.2]},
								"west": {"uv": [84.55, 40.05], "uv_size": [0.2, 0.2]},
								"up": {"uv": [43.55, 84.55], "uv_size": [0.2, 0.2]},
								"down": {"uv": [46.05, 84.75], "uv_size": [0.2, -0.2]}
							}
						},
						{
							"origin": [1.60634, 15.87155, -0.1604],
							"size": [0.81923, 0.83045, 0.55364],
							"uv": {
								"north": {"uv": [49.05, 84.55], "uv_size": [0.2, 0.2]},
								"east": {"uv": [84.55, 51.55], "uv_size": [0.2, 0.2]},
								"south": {"uv": [84.55, 53.55], "uv_size": [0.2, 0.2]},
								"west": {"uv": [84.55, 54.55], "uv_size": [0.2, 0.2]},
								"up": {"uv": [84.55, 55.55], "uv_size": [0.2, 0.2]},
								"down": {"uv": [84.55, 56.75], "uv_size": [0.2, -0.2]}
							}
						},
						{
							"origin": [1.60634, 15.87155, 1.70811],
							"size": [0.83042, 0.83045, 0.55364],
							"uv": {
								"north": {"uv": [84.55, 59.05], "uv_size": [0.2, 0.2]},
								"east": {"uv": [84.55, 60.05], "uv_size": [0.2, 0.2]},
								"south": {"uv": [84.55, 61.05], "uv_size": [0.2, 0.2]},
								"west": {"uv": [65.55, 84.55], "uv_size": [0.2, 0.2]},
								"up": {"uv": [66.55, 84.55], "uv_size": [0.2, 0.2]},
								"down": {"uv": [84.55, 68.25], "uv_size": [0.2, -0.2]}
							}
						},
						{
							"origin": [1.60634, 15.87155, 1.08529],
							"size": [0.81923, 0.83045, 0.55363],
							"uv": {
								"north": {"uv": [84.55, 70.05], "uv_size": [0.2, 0.2]},
								"east": {"uv": [71.05, 84.55], "uv_size": [0.2, 0.2]},
								"south": {"uv": [72.05, 84.55], "uv_size": [0.2, 0.2]},
								"west": {"uv": [73.05, 84.55], "uv_size": [0.2, 0.2]},
								"up": {"uv": [83.05, 84.55], "uv_size": [0.2, 0.2]},
								"down": {"uv": [0.05, 85.25], "uv_size": [0.2, -0.2]}
							}
						},
						{
							"origin": [1.60634, 15.87155, 0.46244],
							"size": [0.81923, 0.83045, 0.55364],
							"uv": {
								"north": {"uv": [1.05, 85.05], "uv_size": [0.2, 0.2]},
								"east": {"uv": [85.05, 1.05], "uv_size": [0.2, 0.2]},
								"south": {"uv": [2.05, 85.05], "uv_size": [0.2, 0.2]},
								"west": {"uv": [85.05, 2.05], "uv_size": [0.2, 0.2]},
								"up": {"uv": [3.05, 85.05], "uv_size": [0.2, 0.2]},
								"down": {"uv": [85.05, 3.25], "uv_size": [0.2, -0.2]}
							}
						},
						{
							"origin": [0.84509, 15.87155, -0.78322],
							"size": [0.76124, 1.5917, 0.55363],
							"uv": {
								"north": {"uv": [81.05, 36.55], "uv_size": [0.2, 0.7]},
								"east": {"uv": [81.05, 38.05], "uv_size": [0.2, 0.7]},
								"south": {"uv": [39.05, 81.05], "uv_size": [0.2, 0.7]},
								"west": {"uv": [81.05, 39.55], "uv_size": [0.2, 0.7]},
								"up": {"uv": [4.05, 85.05], "uv_size": [0.2, 0.2]},
								"down": {"uv": [85.05, 4.25], "uv_size": [0.2, -0.2]}
							}
						},
						{
							"origin": [0.84509, 15.87155, -0.1604],
							"size": [0.76124, 1.5917, 0.55364],
							"uv": {
								"north": {"uv": [40.05, 81.05], "uv_size": [0.2, 0.7]},
								"east": {"uv": [81.05, 46.05], "uv_size": [0.2, 0.7]},
								"south": {"uv": [47.05, 81.05], "uv_size": [0.2, 0.7]},
								"west": {"uv": [81.05, 47.55], "uv_size": [0.2, 0.7]},
								"up": {"uv": [5.05, 85.05], "uv_size": [0.2, 0.2]},
								"down": {"uv": [85.05, 7.25], "uv_size": [0.2, -0.2]}
							}
						},
						{
							"origin": [0.84509, 15.87155, 0.46244],
							"size": [0.76124, 1.5917, 0.55364],
							"uv": {
								"north": {"uv": [81.05, 49.05], "uv_size": [0.2, 0.7]},
								"east": {"uv": [81.05, 50.55], "uv_size": [0.2, 0.7]},
								"south": {"uv": [81.05, 65.55], "uv_size": [0.2, 0.7]},
								"west": {"uv": [66.05, 81.05], "uv_size": [0.2, 0.7]},
								"up": {"uv": [85.05, 8.05], "uv_size": [0.2, 0.2]},
								"down": {"uv": [9.05, 85.25], "uv_size": [0.2, -0.2]}
							}
						},
						{
							"origin": [0.84509, 15.87155, 1.08529],
							"size": [0.76124, 1.5917, 0.55363],
							"uv": {
								"north": {"uv": [67.05, 81.05], "uv_size": [0.2, 0.7]},
								"east": {"uv": [71.55, 81.05], "uv_size": [0.2, 0.7]},
								"south": {"uv": [72.55, 81.05], "uv_size": [0.2, 0.7]},
								"west": {"uv": [81.05, 72.55], "uv_size": [0.2, 0.7]},
								"up": {"uv": [85.05, 9.05], "uv_size": [0.2, 0.2]},
								"down": {"uv": [10.05, 85.25], "uv_size": [0.2, -0.2]}
							}
						},
						{
							"origin": [0.84509, 15.87155, 1.70811],
							"size": [0.76124, 1.5917, 0.55364],
							"uv": {
								"north": {"uv": [73.55, 81.05], "uv_size": [0.2, 0.7]},
								"east": {"uv": [81.05, 74.05], "uv_size": [0.2, 0.7]},
								"south": {"uv": [81.05, 75.55], "uv_size": [0.2, 0.7]},
								"west": {"uv": [81.05, 80.05], "uv_size": [0.2, 0.7]},
								"up": {"uv": [85.05, 10.05], "uv_size": [0.2, 0.2]},
								"down": {"uv": [11.05, 85.25], "uv_size": [0.2, -0.2]}
							}
						}
					]
				},
				{
					"name": "LeftHandLocator",
					"parent": "LeftHand",
					"pivot": [1.88316, 17.14339, 0.73926]
				},
				{
					"name": "SheathLocator",
					"parent": "LeftHand",
					"pivot": [1.88316, 17.14339, 0.73926]
				},
				{
					"name": "LeftWaistLocator",
					"parent": "LeftHand",
					"pivot": [1.88316, 17.14339, 0.73926]
				},
				{
					"name": "RightArm",
					"pivot": [-2.34063, 36.23906, 0.625],
					"cubes": [
						{
							"origin": [-3.97883, 34.91158, -1.29665],
							"size": [4.01678, 4.49623, 3.84331],
							"uv": {
								"north": {"uv": [49.75, 12.55], "uv_size": [-1.7, 1.4]},
								"east": {"uv": [39.75, 48.05], "uv_size": [-1.7, 1.4]},
								"south": {"uv": [49.75, 37.55], "uv_size": [-1.7, 1.4]},
								"west": {"uv": [49.75, 20.55], "uv_size": [-1.7, 1.4]},
								"up": {"uv": [1.75, 44.05], "uv_size": [-1.7, 1.7]},
								"down": {"uv": [4.25, 45.75], "uv_size": [-1.7, -1.7]}
							}
						},
						{
							"origin": [-1.76399, 34.83247, -1.37576],
							"size": [1.96013, 4.97085, 4.00151],
							"uv": {
								"north": {"uv": [49.75, 62.05], "uv_size": [-0.7, 1.7]},
								"east": {"uv": [15.25, 44.05], "uv_size": [-1.7, 1.7]},
								"south": {"uv": [9.75, 62.55], "uv_size": [-0.7, 1.7]},
								"west": {"uv": [9.75, 44.05], "uv_size": [-1.7, 1.7]},
								"up": {"uv": [11.25, 62.55], "uv_size": [-0.7, 1.7]},
								"down": {"uv": [21.25, 64.25], "uv_size": [-0.7, -1.7]}
							}
						},
						{
							"origin": [-4.46758, 38.16334, -1.37576],
							"size": [1.01091, 2.26382, 4.00151],
							"pivot": [-3.4875, 38.50424, 0.62501],
							"rotation": [0, 0, 80],
							"uv": {
								"north": {"uv": [74.95, 41.05], "uv_size": [-0.4, 0.9]},
								"east": {"uv": [40.25, 57.05], "uv_size": [-1.7, 0.9]},
								"south": {"uv": [42.45, 74.55], "uv_size": [-0.4, 0.9]},
								"west": {"uv": [37.75, 57.05], "uv_size": [-1.7, 0.9]},
								"up": {"uv": [0.45, 68.55], "uv_size": [-0.4, 1.7]},
								"down": {"uv": [1.45, 70.25], "uv_size": [-0.4, -1.7]}
							}
						},
						{
							"origin": [-3.74042, 31.30153, -1.11957],
							"size": [3.56662, 5.21101, 3.48918],
							"uv": {
								"north": {"uv": [26.95, 41.05], "uv_size": [-1.4, 2.2]},
								"east": {"uv": [30.95, 41.05], "uv_size": [-1.4, 2.2]},
								"south": {"uv": [42.45, 27.55], "uv_size": [-1.4, 2.2]},
								"west": {"uv": [28.95, 41.05], "uv_size": [-1.4, 2.2]},
								"up": {"uv": [52.45, 33.05], "uv_size": [-1.4, 1.4]},
								"down": {"uv": [52.45, 46.45], "uv_size": [-1.4, -1.4]}
							}
						},
						{
							"origin": [-2.00019, 31.22243, -1.19868],
							"size": [1.90549, 5.29011, 3.64739],
							"uv": {
								"north": {"uv": [46.75, 58.05], "uv_size": [-0.7, 2.2]},
								"east": {"uv": [42.95, 4.55], "uv_size": [-1.4, 2.2]},
								"south": {"uv": [51.75, 58.05], "uv_size": [-0.7, 2.2]},
								"west": {"uv": [42.45, 40.05], "uv_size": [-1.4, 2.2]},
								"up": {"uv": [49.75, 64.55], "uv_size": [-0.7, 1.4]},
								"down": {"uv": [11.75, 66.45], "uv_size": [-0.7, -1.4]}
							}
						},
						{
							"origin": [-3.57318, 28.44455, -0.95888],
							"size": [3.23214, 8.06827, 3.16776],
							"inflate": 0.001,
							"uv": {
								"north": {"uv": [31.45, 18.05], "uv_size": [-1.4, 3.2]},
								"east": {"uv": [31.95, 22.05], "uv_size": [-1.4, 3.2]},
								"south": {"uv": [22.95, 30.55], "uv_size": [-1.4, 3.2]},
								"west": {"uv": [31.95, 0.05], "uv_size": [-1.4, 3.2]},
								"up": {"uv": [52.45, 47.05], "uv_size": [-1.4, 1.4]},
								"down": {"uv": [52.45, 50.45], "uv_size": [-1.4, -1.4]}
							}
						},
						{
							"origin": [-3.57292, 28.36008, 2.00404],
							"size": [3.23161, 2.23956, 2.23956],
							"pivot": [-1.95711, 31.97868, 0.625],
							"rotation": [-45, 0, 0],
							"uv": {
								"north": {"uv": [34.95, 60.55], "uv_size": [-1.4, 0.9]},
								"east": {"uv": [67.45, 66.55], "uv_size": [-0.9, 0.9]},
								"south": {"uv": [36.95, 60.55], "uv_size": [-1.4, 0.9]},
								"west": {"uv": [65.95, 66.55], "uv_size": [-0.9, 0.9]},
								"up": {"uv": [38.95, 60.55], "uv_size": [-1.4, 0.9]},
								"down": {"uv": [61.95, 39.45], "uv_size": [-1.4, -0.9]}
							}
						},
						{
							"origin": [-2.30728, 28.36572, -1.03772],
							"size": [2.04508, 8.14683, 3.32543],
							"uv": {
								"north": {"uv": [42.45, 10.55], "uv_size": [-0.9, 3.2]},
								"east": {"uv": [9.45, 31.05], "uv_size": [-1.4, 3.2]},
								"south": {"uv": [12.95, 41.55], "uv_size": [-0.9, 3.2]},
								"west": {"uv": [4.45, 31.05], "uv_size": [-1.4, 3.2]},
								"up": {"uv": [21.45, 60.55], "uv_size": [-0.9, 1.4]},
								"down": {"uv": [40.45, 61.95], "uv_size": [-0.9, -1.4]}
							}
						}
					]
				},
				{
					"name": "RightForeArm",
					"parent": "RightArm",
					"pivot": [-1.88316, 28.10626, 0.6572],
					"cubes": [
						{
							"origin": [-3.47245, 18.53279, -0.76971],
							"size": [3.02511, 7.67586, 2.58557],
							"uv": {
								"north": {"uv": [6.25, 34.55], "uv_size": [-1.2, 3.4]},
								"east": {"uv": [21.75, 34.55], "uv_size": [-1.2, 3.4]},
								"south": {"uv": [35.75, 15.05], "uv_size": [-1.2, 3.4]},
								"west": {"uv": [35.75, 11.05], "uv_size": [-1.2, 3.4]},
								"up": {"uv": [49.75, 58.55], "uv_size": [-1.2, 1.2]},
								"down": {"uv": [59.75, 58.75], "uv_size": [-1.2, -1.2]}
							}
						},
						{
							"origin": [-3.75666, 19.63835, -1.0741],
							"size": [0.58769, 6.92237, 0.62038],
							"pivot": [-2.06357, 23.05439, 0.68047],
							"rotation": [5, 0, -4.5],
							"uv": {
								"north": {"uv": [62.25, 70.55], "uv_size": [-0.2, 2.9]},
								"east": {"uv": [65.25, 70.55], "uv_size": [-0.2, 2.9]},
								"south": {"uv": [64.25, 70.55], "uv_size": [-0.2, 2.9]},
								"west": {"uv": [63.25, 70.55], "uv_size": [-0.2, 2.9]},
								"up": {"uv": [6.25, 84.55], "uv_size": [-0.2, 0.2]},
								"down": {"uv": [84.75, 6.25], "uv_size": [-0.2, -0.2]}
							}
						},
						{
							"origin": [-0.75082, 19.63836, -1.0741],
							"size": [0.58769, 6.92237, 0.62038],
							"pivot": [-1.85622, 23.0544, 0.6805],
							"rotation": [5, 0, 4.5],
							"uv": {
								"north": {"uv": [66.25, 70.55], "uv_size": [-0.2, 2.9]},
								"east": {"uv": [69.25, 70.55], "uv_size": [-0.2, 2.9]},
								"south": {"uv": [67.25, 70.55], "uv_size": [-0.2, 2.9]},
								"west": {"uv": [70.75, 66.05], "uv_size": [-0.2, 2.9]},
								"up": {"uv": [7.25, 84.55], "uv_size": [-0.2, 0.2]},
								"down": {"uv": [8.25, 84.75], "uv_size": [-0.2, -0.2]}
							}
						},
						{
							"origin": [-0.75082, 19.63836, 1.7013],
							"size": [0.58769, 6.92237, 0.62038],
							"pivot": [-1.85622, 23.0544, 0.5671],
							"rotation": [-5, 0, 4.5],
							"uv": {
								"north": {"uv": [70.75, 69.55], "uv_size": [-0.2, 2.9]},
								"east": {"uv": [3.75, 71.05], "uv_size": [-0.2, 2.9]},
								"south": {"uv": [1.25, 71.05], "uv_size": [-0.2, 2.9]},
								"west": {"uv": [0.25, 71.05], "uv_size": [-0.2, 2.9]},
								"up": {"uv": [84.75, 11.05], "uv_size": [-0.2, 0.2]},
								"down": {"uv": [84.75, 12.25], "uv_size": [-0.2, -0.2]}
							}
						},
						{
							"origin": [-3.75666, 19.63835, 1.70131],
							"size": [0.58769, 6.92237, 0.62038],
							"pivot": [-2.06357, 23.05439, 0.56711],
							"rotation": [-5, 0, -4.5],
							"uv": {
								"north": {"uv": [4.75, 71.05], "uv_size": [-0.2, 2.9]},
								"east": {"uv": [15.25, 71.05], "uv_size": [-0.2, 2.9]},
								"south": {"uv": [71.25, 11.55], "uv_size": [-0.2, 2.9]},
								"west": {"uv": [71.25, 8.05], "uv_size": [-0.2, 2.9]},
								"up": {"uv": [84.75, 19.05], "uv_size": [-0.2, 0.2]},
								"down": {"uv": [84.75, 20.25], "uv_size": [-0.2, -0.2]}
							}
						},
						{
							"origin": [-3.74571, 18.49885, -0.76971],
							"size": [0.49743, 7.83211, 2.78697],
							"pivot": [-2.05258, 22.9149, 0.62379],
							"rotation": [0, 0, -4.5],
							"uv": {
								"north": {"uv": [71.25, 15.05], "uv_size": [-0.2, 2.9]},
								"east": {"uv": [26.25, 37.55], "uv_size": [-1.2, 2.9]},
								"south": {"uv": [16.25, 71.05], "uv_size": [-0.2, 2.9]},
								"west": {"uv": [38.75, 5.05], "uv_size": [-1.2, 2.9]},
								"up": {"uv": [62.75, 77.05], "uv_size": [-0.2, 1.2]},
								"down": {"uv": [63.75, 78.25], "uv_size": [-0.2, -1.2]}
							}
						},
						{
							"origin": [-0.67153, 18.49885, -0.76971],
							"size": [0.49743, 7.83211, 2.78697],
							"pivot": [-1.8672, 22.9149, 0.62379],
							"rotation": [0, 0, 4.5],
							"uv": {
								"north": {"uv": [17.25, 71.05], "uv_size": [-0.2, 2.9]},
								"east": {"uv": [12.75, 38.05], "uv_size": [-1.2, 2.9]},
								"south": {"uv": [18.25, 71.05], "uv_size": [-0.2, 2.9]},
								"west": {"uv": [28.25, 37.55], "uv_size": [-1.2, 2.9]},
								"up": {"uv": [64.75, 77.05], "uv_size": [-0.2, 1.2]},
								"down": {"uv": [65.75, 78.25], "uv_size": [-0.2, -1.2]}
							}
						},
						{
							"origin": [-4.03663, 26.19195, -1.45624],
							"size": [4.15352, 1.03821, 4.06978],
							"uv": {
								"north": {"uv": [70.25, 4.05], "uv_size": [-1.7, 0.4]},
								"east": {"uv": [70.25, 10.55], "uv_size": [-1.7, 0.4]},
								"south": {"uv": [70.25, 9.55], "uv_size": [-1.7, 0.4]},
								"west": {"uv": [70.25, 8.55], "uv_size": [-1.7, 0.4]},
								"up": {"uv": [17.75, 44.05], "uv_size": [-1.7, 1.7]},
								"down": {"uv": [20.25, 45.75], "uv_size": [-1.7, -1.7]}
							}
						},
						{
							"origin": [-2.72745, 24.85589, -1.51942],
							"size": [1.53513, 3.64714, 1.18099],
							"pivot": [-1.95989, 26.67945, -0.92894],
							"rotation": [5, 0, 0],
							"uv": {
								"north": {"uv": [65.75, 25.55], "uv_size": [-0.7, 1.4]},
								"east": {"uv": [71.45, 22.05], "uv_size": [-0.4, 1.4]},
								"south": {"uv": [27.25, 65.05], "uv_size": [-0.7, 1.4]},
								"west": {"uv": [70.95, 20.05], "uv_size": [-0.4, 1.4]},
								"up": {"uv": [76.75, 23.55], "uv_size": [-0.7, 0.4]},
								"down": {"uv": [76.75, 44.45], "uv_size": [-0.7, -0.4]}
							}
						},
						{
							"origin": [-3.653, 27.194, -1.04064],
							"size": [3.38621, 1.50359, 3.32888],
							"uv": {
								"north": {"uv": [66.45, 27.55], "uv_size": [-1.4, 0.7]},
								"east": {"uv": [66.45, 37.55], "uv_size": [-1.4, 0.7]},
								"south": {"uv": [66.45, 30.55], "uv_size": [-1.4, 0.7]},
								"west": {"uv": [66.45, 29.05], "uv_size": [-1.4, 0.7]},
								"up": {"uv": [50.95, 51.05], "uv_size": [-1.4, 1.4]},
								"down": {"uv": [52.95, 5.95], "uv_size": [-1.4, -1.4]}
							}
						},
						{
							"origin": [-0.59559, 27.158, -1.04064],
							"size": [0.49742, 1.50359, 3.32888],
							"pivot": [-0.34688, 27.90979, 0.6238],
							"rotation": [0, 0, -12.5],
							"uv": {
								"north": {"uv": [63.25, 80.55], "uv_size": [-0.2, 0.7]},
								"east": {"uv": [66.95, 2.55], "uv_size": [-1.4, 0.7]},
								"south": {"uv": [64.25, 80.55], "uv_size": [-0.2, 0.7]},
								"west": {"uv": [44.95, 65.05], "uv_size": [-1.4, 0.7]},
								"up": {"uv": [42.25, 76.05], "uv_size": [-0.2, 1.4]},
								"down": {"uv": [47.25, 77.45], "uv_size": [-0.2, -1.4]}
							}
						},
						{
							"origin": [-0.50455, 26.6571, -1.25138],
							"size": [0.49742, 1.59387, 0.34981],
							"pivot": [-0.25585, 27.49916, 0.77415],
							"rotation": [-12.5, 0, -12.5],
							"uv": {
								"north": {"uv": [80.75, 64.05], "uv_size": [-0.2, 0.7]},
								"east": {"uv": [80.75, 69.55], "uv_size": [-0.2, 0.7]},
								"south": {"uv": [69.75, 80.55], "uv_size": [-0.2, 0.7]},
								"west": {"uv": [68.75, 80.55], "uv_size": [-0.2, 0.7]},
								"up": {"uv": [84.75, 21.05], "uv_size": [-0.2, 0.2]},
								"down": {"uv": [24.25, 84.75], "uv_size": [-0.2, -0.2]}
							}
						},
						{
							"origin": [-0.50455, 26.6571, 2.14915],
							"size": [0.49742, 1.59387, 0.34981],
							"pivot": [-0.25585, 27.49916, 0.47343],
							"rotation": [12.5, 0, -12.5],
							"uv": {
								"north": {"uv": [70.75, 80.55], "uv_size": [-0.2, 0.7]},
								"east": {"uv": [76.25, 80.55], "uv_size": [-0.2, 0.7]},
								"south": {"uv": [75.25, 80.55], "uv_size": [-0.2, 0.7]},
								"west": {"uv": [80.75, 71.05], "uv_size": [-0.2, 0.7]},
								"up": {"uv": [84.75, 24.05], "uv_size": [-0.2, 0.2]},
								"down": {"uv": [25.25, 84.75], "uv_size": [-0.2, -0.2]}
							}
						},
						{
							"origin": [-3.85584, 26.84536, -1.04064],
							"size": [0.49742, 1.50359, 3.32888],
							"pivot": [-2.16272, 27.59715, 0.6238],
							"rotation": [0, 0, 12.5],
							"uv": {
								"north": {"uv": [77.25, 80.55], "uv_size": [-0.2, 0.7]},
								"east": {"uv": [66.95, 5.55], "uv_size": [-1.4, 0.7]},
								"south": {"uv": [80.75, 77.05], "uv_size": [-0.2, 0.7]},
								"west": {"uv": [6.45, 65.55], "uv_size": [-1.4, 0.7]},
								"up": {"uv": [76.25, 51.55], "uv_size": [-0.2, 1.4]},
								"down": {"uv": [52.75, 77.45], "uv_size": [-0.2, -1.4]}
							}
						},
						{
							"origin": [-3.94689, 26.34447, -1.25138],
							"size": [0.49742, 1.59387, 0.34981],
							"pivot": [-2.25376, 27.18654, 0.77415],
							"rotation": [-12.5, 0, 12.5],
							"uv": {
								"north": {"uv": [80.75, 78.55], "uv_size": [-0.2, 0.7]},
								"east": {"uv": [81.25, 4.05], "uv_size": [-0.2, 0.7]},
								"south": {"uv": [80.25, 80.55], "uv_size": [-0.2, 0.7]},
								"west": {"uv": [79.25, 80.55], "uv_size": [-0.2, 0.7]},
								"up": {"uv": [84.75, 25.05], "uv_size": [-0.2, 0.2]},
								"down": {"uv": [26.25, 84.75], "uv_size": [-0.2, -0.2]}
							}
						},
						{
							"origin": [-3.94688, 26.34447, 2.14915],
							"size": [3.38621, 1.59387, 0.34981],
							"pivot": [-2.25376, 27.18654, 0.47343],
							"rotation": [12.5, 0, 12.5],
							"uv": {
								"north": {"uv": [66.95, 7.05], "uv_size": [-1.4, 0.7]},
								"east": {"uv": [7.25, 81.05], "uv_size": [-0.2, 0.7]},
								"south": {"uv": [66.95, 12.05], "uv_size": [-1.4, 0.7]},
								"west": {"uv": [6.25, 81.05], "uv_size": [-0.2, 0.7]},
								"up": {"uv": [77.45, 53.55], "uv_size": [-1.4, 0.2]},
								"down": {"uv": [71.45, 76.25], "uv_size": [-1.4, -0.2]}
							}
						},
						{
							"origin": [-3.65301, 26.64309, -0.69864],
							"size": [3.38622, 1.50307, 0.51773],
							"pivot": [-2.05017, 29.98326, 1.64783],
							"rotation": [-12.5, 0, 0],
							"uv": {
								"north": {"uv": [66.95, 13.55], "uv_size": [-1.4, 0.7]},
								"east": {"uv": [8.25, 81.05], "uv_size": [-0.2, 0.7]},
								"south": {"uv": [31.45, 65.55], "uv_size": [-1.4, 0.7]},
								"west": {"uv": [81.25, 7.55], "uv_size": [-0.2, 0.7]},
								"up": {"uv": [77.45, 70.55], "uv_size": [-1.4, 0.2]},
								"down": {"uv": [73.45, 76.25], "uv_size": [-1.4, -0.2]}
							}
						},
						{
							"origin": [-3.65301, 26.64309, 1.42851],
							"size": [3.38622, 1.50307, 0.51773],
							"pivot": [-2.05017, 29.98326, -0.40025],
							"rotation": [12.5, 0, 0],
							"uv": {
								"north": {"uv": [33.45, 65.55], "uv_size": [-1.4, 0.7]},
								"east": {"uv": [81.25, 13.55], "uv_size": [-0.2, 0.7]},
								"south": {"uv": [40.95, 65.55], "uv_size": [-1.4, 0.7]},
								"west": {"uv": [81.25, 10.05], "uv_size": [-0.2, 0.7]},
								"up": {"uv": [77.45, 74.05], "uv_size": [-1.4, 0.2]},
								"down": {"uv": [77.45, 75.25], "uv_size": [-1.4, -0.2]}
							}
						},
						{
							"origin": [-3.47245, 19.35178, -1.52696],
							"size": [3.02511, 6.84143, 0.77143],
							"pivot": [-2.05017, 28.0362, -1.43189],
							"rotation": [5, 0, 0],
							"uv": {
								"north": {"uv": [1.25, 38.55], "uv_size": [-1.2, 2.9]},
								"east": {"uv": [24.75, 71.05], "uv_size": [-0.2, 2.9]},
								"south": {"uv": [5.25, 38.55], "uv_size": [-1.2, 2.9]},
								"west": {"uv": [71.25, 24.05], "uv_size": [-0.2, 2.9]},
								"up": {"uv": [78.25, 22.05], "uv_size": [-1.2, 0.2]},
								"down": {"uv": [78.25, 42.75], "uv_size": [-1.2, -0.2]}
							}
						},
						{
							"origin": [-3.47245, 18.51312, 1.88665],
							"size": [3.02511, 6.34912, 0.77143],
							"pivot": [-2.05016, 26.70523, 2.56303],
							"rotation": [-5, 0, 0],
							"uv": {
								"north": {"uv": [40.75, 11.55], "uv_size": [-1.2, 2.7]},
								"east": {"uv": [13.25, 72.55], "uv_size": [-0.2, 2.7]},
								"south": {"uv": [40.75, 15.05], "uv_size": [-1.2, 2.7]},
								"west": {"uv": [12.25, 72.55], "uv_size": [-0.2, 2.7]},
								"up": {"uv": [78.25, 67.55], "uv_size": [-1.2, 0.2]},
								"down": {"uv": [71.25, 77.25], "uv_size": [-1.2, -0.2]}
							}
						},
						{
							"origin": [-3.73989, 20.30322, 1.308],
							"size": [3.55997, 5.20435, 1.96757],
							"pivot": [-2.05017, 27.01655, 2.67948],
							"rotation": [-5, 0, 0],
							"uv": {
								"north": {"uv": [7.45, 41.55], "uv_size": [-1.4, 2.2]},
								"east": {"uv": [54.75, 58.05], "uv_size": [-0.7, 2.2]},
								"south": {"uv": [42.95, 7.55], "uv_size": [-1.4, 2.2]},
								"west": {"uv": [53.25, 58.05], "uv_size": [-0.7, 2.2]},
								"up": {"uv": [42.95, 65.55], "uv_size": [-1.4, 0.7]},
								"down": {"uv": [66.95, 48.25], "uv_size": [-1.4, -0.7]}
							}
						},
						{
							"origin": [-4.3309, 20.42454, 1.31808],
							"size": [0.53819, 5.0625, 1.96757],
							"pivot": [-2.64093, 27.13196, 2.68958],
							"rotation": [-4.98107, -0.43523, -4.98107],
							"uv": {
								"north": {"uv": [53.75, 74.05], "uv_size": [-0.2, 2.2]},
								"east": {"uv": [2.25, 58.55], "uv_size": [-0.7, 2.2]},
								"south": {"uv": [54.75, 74.05], "uv_size": [-0.2, 2.2]},
								"west": {"uv": [56.25, 58.05], "uv_size": [-0.7, 2.2]},
								"up": {"uv": [81.25, 15.05], "uv_size": [-0.2, 0.7]},
								"down": {"uv": [81.25, 17.25], "uv_size": [-0.2, -0.7]}
							}
						},
						{
							"origin": [-0.12709, 20.42454, 1.31808],
							"size": [0.53819, 5.0625, 1.96757],
							"pivot": [-1.27887, 27.13196, 2.68958],
							"rotation": [-4.98107, 0.43523, 4.98107],
							"uv": {
								"north": {"uv": [55.75, 74.05], "uv_size": [-0.2, 2.2]},
								"east": {"uv": [5.25, 58.55], "uv_size": [-0.7, 2.2]},
								"south": {"uv": [56.75, 74.05], "uv_size": [-0.2, 2.2]},
								"west": {"uv": [3.75, 58.55], "uv_size": [-0.7, 2.2]},
								"up": {"uv": [81.25, 18.05], "uv_size": [-0.2, 0.7]},
								"down": {"uv": [81.25, 23.75], "uv_size": [-0.2, -0.7]}
							}
						},
						{
							"origin": [-4.18111, 25.34646, 0.22242],
							"size": [4.44242, 2.51683, 3.05313],
							"pivot": [-2.05017, 26.70014, 2.67948],
							"rotation": [-5, 0, 0],
							"uv": {
								"north": {"uv": [56.95, 40.55], "uv_size": [-1.9, 0.9]},
								"east": {"uv": [65.25, 0.05], "uv_size": [-1.2, 0.9]},
								"south": {"uv": [48.45, 55.05], "uv_size": [-1.9, 0.9]},
								"west": {"uv": [64.75, 54.05], "uv_size": [-1.2, 0.9]},
								"up": {"uv": [6.95, 49.05], "uv_size": [-1.9, 1.2]},
								"down": {"uv": [34.45, 50.25], "uv_size": [-1.9, -1.2]}
							}
						},
						{
							"origin": [-2.62716, 21.81013, 2.85168],
							"size": [1.95659, 8.09009, 0.61551],
							"pivot": [-1.72273, 26.70014, 2.43328],
							"rotation": [-17.1921, 28.8791, -8.4988],
							"uv": {
								"north": {"uv": [44.25, 48.05], "uv_size": [-0.7, 3.4]},
								"east": {"uv": [10.25, 68.55], "uv_size": [-0.2, 3.4]},
								"south": {"uv": [45.75, 48.05], "uv_size": [-0.7, 3.4]},
								"west": {"uv": [6.25, 68.55], "uv_size": [-0.2, 3.4]},
								"up": {"uv": [81.25, 45.05], "uv_size": [-0.7, 0.2]},
								"down": {"uv": [81.25, 67.75], "uv_size": [-0.7, -0.2]}
							}
						},
						{
							"origin": [-3.30749, 21.81013, 2.85168],
							"size": [1.95659, 8.09009, 0.61551],
							"pivot": [-2.25534, 26.70014, 2.43328],
							"rotation": [-17.1921, -28.8791, 8.4988],
							"uv": {
								"north": {"uv": [47.25, 48.05], "uv_size": [-0.7, 3.4]},
								"east": {"uv": [14.25, 68.55], "uv_size": [-0.2, 3.4]},
								"south": {"uv": [48.75, 48.05], "uv_size": [-0.7, 3.4]},
								"west": {"uv": [13.25, 68.55], "uv_size": [-0.2, 3.4]},
								"up": {"uv": [81.75, 21.05], "uv_size": [-0.7, 0.2]},
								"down": {"uv": [81.75, 24.75], "uv_size": [-0.7, -0.2]}
							}
						},
						{
							"origin": [-3.55718, 28.3696, 2.05455],
							"size": [3.19458, 2.32355, 2.32355],
							"pivot": [-1.95989, 32.1239, 0.6238],
							"rotation": [-45, 0, 0],
							"uv": {
								"north": {"uv": [49.95, 60.55], "uv_size": [-1.4, 0.9]},
								"east": {"uv": [67.95, 10.05], "uv_size": [-0.9, 0.9]},
								"south": {"uv": [61.95, 57.05], "uv_size": [-1.4, 0.9]},
								"west": {"uv": [10.95, 67.05], "uv_size": [-0.9, 0.9]},
								"up": {"uv": [61.95, 58.55], "uv_size": [-1.4, 0.9]},
								"down": {"uv": [61.95, 60.95], "uv_size": [-1.4, -0.9]}
							}
						}
					]
				},
				{
					"name": "RightHand",
					"parent": "RightForeArm",
					"pivot": [-1.81728, 18.68537, 0.61728],
					"cubes": [
						{
							"origin": [-3.71837, 18.38441, -0.95013],
							"size": [3.57092, 0.95623, 3.39827],
							"uv": {
								"north": {"uv": [44.95, 37.55], "uv_size": [-1.4, 0.4]},
								"east": {"uv": [41.95, 52.55], "uv_size": [-1.4, 0.4]},
								"south": {"uv": [18.95, 52.55], "uv_size": [-1.4, 0.4]},
								"west": {"uv": [49.45, 41.55], "uv_size": [-1.4, 0.4]},
								"up": {"uv": [52.95, 6.55], "uv_size": [-1.4, 1.4]},
								"down": {"uv": [52.95, 15.95], "uv_size": [-1.4, -1.4]}
							}
						},
						{
							"origin": [-3.78758, 18.59202, -0.74253],
							"size": [1.34518, 0.541, 2.91385],
							"uv": {
								"north": {"uv": [83.45, 34.55], "uv_size": [-0.4, 0.2]},
								"east": {"uv": [78.25, 76.05], "uv_size": [-1.2, 0.2]},
								"south": {"uv": [35.95, 83.05], "uv_size": [-0.4, 0.2]},
								"west": {"uv": [73.25, 77.05], "uv_size": [-1.2, 0.2]},
								"up": {"uv": [73.45, 13.05], "uv_size": [-0.4, 1.2]},
								"down": {"uv": [73.45, 16.25], "uv_size": [-0.4, -1.2]}
							}
						},
						{
							"origin": [-3.39442, 17.53244, -0.78322],
							"size": [2.91265, 1.38409, 3.04498],
							"uv": {
								"north": {"uv": [74.25, 8.55], "uv_size": [-1.2, 0.4]},
								"east": {"uv": [74.25, 21.05], "uv_size": [-1.2, 0.4]},
								"south": {"uv": [74.25, 20.05], "uv_size": [-1.2, 0.4]},
								"west": {"uv": [74.25, 17.05], "uv_size": [-1.2, 0.4]},
								"up": {"uv": [11.25, 59.05], "uv_size": [-1.2, 1.2]},
								"down": {"uv": [60.25, 12.75], "uv_size": [-1.2, -1.2]}
							}
						},
						{
							"origin": [-1.19673, 17.53244, -0.78322],
							"size": [0.69764, 0.55363, 1.66089],
							"pivot": [0.60818, 18.63969, 0.73926],
							"rotation": [12.5, 0, 0],
							"uv": {
								"north": {"uv": [84.75, 26.05], "uv_size": [-0.2, 0.2]},
								"east": {"uv": [81.75, 26.55], "uv_size": [-0.7, 0.2]},
								"south": {"uv": [84.75, 30.05], "uv_size": [-0.2, 0.2]},
								"west": {"uv": [81.75, 25.55], "uv_size": [-0.7, 0.2]},
								"up": {"uv": [81.25, 27.55], "uv_size": [-0.2, 0.7]},
								"down": {"uv": [81.25, 29.75], "uv_size": [-0.2, -0.7]}
							}
						},
						{
							"origin": [-1.19673, 16.8404, -1.14047],
							"size": [0.69764, 1.31488, 0.63406],
							"uv": {
								"north": {"uv": [83.25, 35.55], "uv_size": [-0.2, 0.4]},
								"east": {"uv": [37.75, 83.05], "uv_size": [-0.2, 0.4]},
								"south": {"uv": [83.25, 36.55], "uv_size": [-0.2, 0.4]},
								"west": {"uv": [36.75, 83.05], "uv_size": [-0.2, 0.4]},
								"up": {"uv": [31.25, 84.55], "uv_size": [-0.2, 0.2]},
								"down": {"uv": [84.75, 31.25], "uv_size": [-0.2, -0.2]}
							}
						},
						{
							"origin": [-3.12883, 15.87155, -0.78322],
							"size": [0.70326, 1.66089, 3.04498],
							"uv": {
								"north": {"uv": [32.25, 81.05], "uv_size": [-0.2, 0.7]},
								"east": {"uv": [69.25, 36.05], "uv_size": [-1.2, 0.7]},
								"south": {"uv": [81.25, 35.05], "uv_size": [-0.2, 0.7]},
								"west": {"uv": [36.75, 68.05], "uv_size": [-1.2, 0.7]},
								"up": {"uv": [77.25, 77.05], "uv_size": [-0.2, 1.2]},
								"down": {"uv": [77.75, 5.75], "uv_size": [-0.2, -1.2]}
							}
						},
						{
							"origin": [-3.53846, 15.7959, -0.85565],
							"size": [0.77412, 2.70539, 3.18981],
							"uv": {
								"north": {"uv": [6.25, 77.55], "uv_size": [-0.2, 1.2]},
								"east": {"uv": [56.95, 48.05], "uv_size": [-1.4, 1.2]},
								"south": {"uv": [7.25, 77.55], "uv_size": [-0.2, 1.2]},
								"west": {"uv": [21.95, 55.55], "uv_size": [-1.4, 1.2]},
								"up": {"uv": [74.25, 76.05], "uv_size": [-0.2, 1.4]},
								"down": {"uv": [76.25, 77.45], "uv_size": [-0.2, -1.4]}
							}
						},
						{
							"origin": [-2.42557, 15.87155, -0.78322],
							"size": [0.81923, 0.83045, 0.55363],
							"uv": {
								"north": {"uv": [84.75, 32.05], "uv_size": [-0.2, 0.2]},
								"east": {"uv": [84.75, 40.05], "uv_size": [-0.2, 0.2]},
								"south": {"uv": [39.75, 84.55], "uv_size": [-0.2, 0.2]},
								"west": {"uv": [38.75, 84.55], "uv_size": [-0.2, 0.2]},
								"up": {"uv": [43.75, 84.55], "uv_size": [-0.2, 0.2]},
								"down": {"uv": [46.25, 84.75], "uv_size": [-0.2, -0.2]}
							}
						},
						{
							"origin": [-2.42557, 15.87155, -0.1604],
							"size": [0.81923, 0.83045, 0.55364],
							"uv": {
								"north": {"uv": [49.25, 84.55], "uv_size": [-0.2, 0.2]},
								"east": {"uv": [84.75, 54.55], "uv_size": [-0.2, 0.2]},
								"south": {"uv": [84.75, 53.55], "uv_size": [-0.2, 0.2]},
								"west": {"uv": [84.75, 51.55], "uv_size": [-0.2, 0.2]},
								"up": {"uv": [84.75, 55.55], "uv_size": [-0.2, 0.2]},
								"down": {"uv": [84.75, 56.75], "uv_size": [-0.2, -0.2]}
							}
						},
						{
							"origin": [-2.43676, 15.87155, 1.70811],
							"size": [0.83042, 0.83045, 0.55364],
							"uv": {
								"north": {"uv": [84.75, 59.05], "uv_size": [-0.2, 0.2]},
								"east": {"uv": [65.75, 84.55], "uv_size": [-0.2, 0.2]},
								"south": {"uv": [84.75, 61.05], "uv_size": [-0.2, 0.2]},
								"west": {"uv": [84.75, 60.05], "uv_size": [-0.2, 0.2]},
								"up": {"uv": [66.75, 84.55], "uv_size": [-0.2, 0.2]},
								"down": {"uv": [84.75, 68.25], "uv_size": [-0.2, -0.2]}
							}
						},
						{
							"origin": [-2.42557, 15.87155, 1.08529],
							"size": [0.81923, 0.83045, 0.55363],
							"uv": {
								"north": {"uv": [84.75, 70.05], "uv_size": [-0.2, 0.2]},
								"east": {"uv": [73.25, 84.55], "uv_size": [-0.2, 0.2]},
								"south": {"uv": [72.25, 84.55], "uv_size": [-0.2, 0.2]},
								"west": {"uv": [71.25, 84.55], "uv_size": [-0.2, 0.2]},
								"up": {"uv": [83.25, 84.55], "uv_size": [-0.2, 0.2]},
								"down": {"uv": [0.25, 85.25], "uv_size": [-0.2, -0.2]}
							}
						},
						{
							"origin": [-2.42557, 15.87155, 0.46244],
							"size": [0.81923, 0.83045, 0.55364],
							"uv": {
								"north": {"uv": [1.25, 85.05], "uv_size": [-0.2, 0.2]},
								"east": {"uv": [85.25, 2.05], "uv_size": [-0.2, 0.2]},
								"south": {"uv": [2.25, 85.05], "uv_size": [-0.2, 0.2]},
								"west": {"uv": [85.25, 1.05], "uv_size": [-0.2, 0.2]},
								"up": {"uv": [3.25, 85.05], "uv_size": [-0.2, 0.2]},
								"down": {"uv": [85.25, 3.25], "uv_size": [-0.2, -0.2]}
							}
						},
						{
							"origin": [-1.60633, 15.87155, -0.78322],
							"size": [0.76124, 1.5917, 0.55363],
							"uv": {
								"north": {"uv": [81.25, 36.55], "uv_size": [-0.2, 0.7]},
								"east": {"uv": [81.25, 39.55], "uv_size": [-0.2, 0.7]},
								"south": {"uv": [39.25, 81.05], "uv_size": [-0.2, 0.7]},
								"west": {"uv": [81.25, 38.05], "uv_size": [-0.2, 0.7]},
								"up": {"uv": [4.25, 85.05], "uv_size": [-0.2, 0.2]},
								"down": {"uv": [85.25, 4.25], "uv_size": [-0.2, -0.2]}
							}
						},
						{
							"origin": [-1.60633, 15.87155, -0.1604],
							"size": [0.76124, 1.5917, 0.55364],
							"uv": {
								"north": {"uv": [40.25, 81.05], "uv_size": [-0.2, 0.7]},
								"east": {"uv": [81.25, 47.55], "uv_size": [-0.2, 0.7]},
								"south": {"uv": [47.25, 81.05], "uv_size": [-0.2, 0.7]},
								"west": {"uv": [81.25, 46.05], "uv_size": [-0.2, 0.7]},
								"up": {"uv": [5.25, 85.05], "uv_size": [-0.2, 0.2]},
								"down": {"uv": [85.25, 7.25], "uv_size": [-0.2, -0.2]}
							}
						},
						{
							"origin": [-1.60633, 15.87155, 0.46244],
							"size": [0.76124, 1.5917, 0.55364],
							"uv": {
								"north": {"uv": [81.25, 49.05], "uv_size": [-0.2, 0.7]},
								"east": {"uv": [66.25, 81.05], "uv_size": [-0.2, 0.7]},
								"south": {"uv": [81.25, 65.55], "uv_size": [-0.2, 0.7]},
								"west": {"uv": [81.25, 50.55], "uv_size": [-0.2, 0.7]},
								"up": {"uv": [85.25, 8.05], "uv_size": [-0.2, 0.2]},
								"down": {"uv": [9.25, 85.25], "uv_size": [-0.2, -0.2]}
							}
						},
						{
							"origin": [-1.60633, 15.87155, 1.08529],
							"size": [0.76124, 1.5917, 0.55363],
							"uv": {
								"north": {"uv": [67.25, 81.05], "uv_size": [-0.2, 0.7]},
								"east": {"uv": [81.25, 72.55], "uv_size": [-0.2, 0.7]},
								"south": {"uv": [72.75, 81.05], "uv_size": [-0.2, 0.7]},
								"west": {"uv": [71.75, 81.05], "uv_size": [-0.2, 0.7]},
								"up": {"uv": [85.25, 9.05], "uv_size": [-0.2, 0.2]},
								"down": {"uv": [10.25, 85.25], "uv_size": [-0.2, -0.2]}
							}
						},
						{
							"origin": [-1.60633, 15.87155, 1.70811],
							"size": [0.76124, 1.5917, 0.55364],
							"uv": {
								"north": {"uv": [73.75, 81.05], "uv_size": [-0.2, 0.7]},
								"east": {"uv": [81.25, 80.05], "uv_size": [-0.2, 0.7]},
								"south": {"uv": [81.25, 75.55], "uv_size": [-0.2, 0.7]},
								"west": {"uv": [81.25, 74.05], "uv_size": [-0.2, 0.7]},
								"up": {"uv": [85.25, 10.05], "uv_size": [-0.2, 0.2]},
								"down": {"uv": [11.25, 85.25], "uv_size": [-0.2, -0.2]}
							}
						}
					]
				},
				{
					"name": "RightHandLocator",
					"parent": "RightHand",
					"pivot": [-1.88316, 17.14339, 0.73926]
				},
				{
					"name": "SheathLocator2",
					"parent": "RightHand",
					"pivot": [-1.88316, 17.14339, 0.73926]
				},
				{
					"name": "RightWaistLocator",
					"parent": "RightHand",
					"pivot": [-1.88316, 17.14339, 0.73926]
				}
			]
		}
	]
}