{
	"format_version": "1.12.0",
	"minecraft:geometry": [
		{
			"description": {
				"identifier": "geometry.unknown",
				"texture_width": 128,
				"texture_height": 128,
				"visible_bounds_width": 7,
				"visible_bounds_height": 5,
				"visible_bounds_offset": [0, 1.5, 0]
			},
			"bones": [
				{
					"name": "Root",
					"pivot": [0, -0.35, 0]
				},
				{
					"name": "AllBody",
					"parent": "Root",
					"pivot": [0, 20.65, 0]
				},
				{
					"name": "UpBody",
					"parent": "AllBody",
					"pivot": [0, 20.65, 0],
					"cubes": [
						{"origin": [-2.7, 27.15, -1.125], "size": [5.4, 5, 4.2], "uv": [46, 78]},
						{"origin": [-3.75, 20.75, -2.525], "size": [7.5, 11, 5.3], "uv": [0, 24]},
						{"origin": [-1.5, 19.75, -2.025], "size": [3, 1, 4.05], "uv": [0, 40]},
						{"origin": [-4, 31.575, -0.9], "size": [8, 1, 4.2], "uv": [0, 45]}
					]
				},
				{
					"name": "AllHead",
					"parent": "UpBody",
					"pivot": [0, 32.425, -0.025],
					"cubes": [
						{"origin": [-1.5, 31.925, -1.525], "size": [3, 2, 3], "uv": [66, 7]}
					]
				},
				{
					"name": "Head",
					"parent": "AllHead",
					"pivot": [0, 33.8, 0],
					"cubes": [
						{"origin": [-4, 33.5, -3.5], "size": [8, 7.4, 7], "uv": [0, 10]}
					]
				},
				{
					"name": "Face",
					"parent": "Head",
					"pivot": [-1.05, 16.8, -4.5]
				},
				{
					"name": "Eyes",
					"parent": "Face",
					"pivot": [-1.05, 16.8, -4.5]
				},
				{
					"name": "Eyebrow",
					"parent": "Eyes",
					"pivot": [0, 1.75, 0]
				},
				{
					"name": "eyeclosed",
					"parent": "Eyebrow",
					"pivot": [-2.875, 36.6, -2.2]
				},
				{
					"name": "r",
					"parent": "eyeclosed",
					"pivot": [0, 114, 1],
					"cubes": [
						{"origin": [1, 36.5, -2.6], "size": [3, 1.4, 1], "uv": [6, 16]}
					]
				},
				{
					"name": "l",
					"parent": "eyeclosed",
					"pivot": [0, 0, 1],
					"cubes": [
						{"origin": [-4, 36.5, -2.6], "size": [3, 1.4, 1], "uv": [6, 16]}
					]
				},
				{
					"name": "RightEyebrow",
					"parent": "Eyebrow",
					"pivot": [-2.875, 36.6, -3.2],
					"cubes": [
						{"origin": [-3.675, 36.35, -3.7], "size": [2.3, 0.75, 1], "uv": [14, 58]},
						{"origin": [-4.45, 36.325, -3.95], "size": [1.1, 0.75, 1], "uv": [60, 7]}
					]
				},
				{
					"name": "LeftEyebrow",
					"parent": "Eyebrow",
					"pivot": [2.875, 36.6, -3.2],
					"cubes": [
						{"origin": [1.375, 36.35, -3.7], "size": [2.3, 0.75, 1], "uv": [0, 7]},
						{"origin": [3.35, 36.325, -3.875], "size": [1.1, 0.75, 1], "uv": [6, 87]}
					]
				},
				{
					"name": "RightEyelid",
					"parent": "Eyes",
					"pivot": [-2.325, 34.8, -3.075],
					"cubes": [
						{"origin": [-3.75, 34.55, -3.525], "size": [2.25, 2.25, 1], "uv": [58, 49]}
					]
				},
				{
					"name": "RightEyesBase",
					"parent": "RightEyelid",
					"pivot": [-1.8, 36.3, -3.1],
					"cubes": [
						{"origin": [-3.025, 34.8, -3.575], "size": [1.4, 2, 1], "uv": [77, 24]}
					]
				},
				{
					"name": "RightPupil",
					"parent": "RightEyesBase",
					"pivot": [-1.625, 17.3, -3.625],
					"cubes": [
						{"origin": [-2.625, 35.3, -2.625], "size": [0.6, 1, 1], "uv": [6, 7]}
					]
				},
				{
					"name": "LeftEyelid",
					"parent": "Eyes",
					"pivot": [2.325, 34.8, -3.075],
					"cubes": [
						{"origin": [1.5, 34.55, -3.525], "size": [2.25, 2.25, 1], "uv": [54, 0]}
					]
				},
				{
					"name": "LeftEyesBase",
					"parent": "LeftEyelid",
					"pivot": [2.825, 36.3, -3.1],
					"cubes": [
						{"origin": [1.625, 34.8, -3.575], "size": [1.4, 2, 1], "uv": [21, 77]}
					]
				},
				{
					"name": "LeftPupil",
					"parent": "LeftEyesBase",
					"pivot": [1.625, 17.3, -3.625],
					"cubes": [
						{"origin": [2.025, 35.3, -2.625], "size": [0.6, 1, 1], "uv": [5, 6]}
					]
				},
				{
					"name": "Hair",
					"parent": "Head",
					"pivot": [-0.14783, 38.51957, 0.42174],
					"cubes": [
						{"origin": [-5.05353, 38.20397, -2.92152], "size": [1.025, 3, 1], "uv": [0, 40]},
						{"origin": [3.75, 33.15, -2.65], "size": [1.5, 8, 6], "uv": [52, 3]},
						{"origin": [4.19647, 38.20397, -2.92152], "size": [1.025, 3, 1], "uv": [0, 40]},
						{"origin": [-5.5, 33.15, -2.65], "size": [1.5, 8, 6], "uv": [52, 3]},
						{"origin": [-2.975, 42.05, -3.8], "size": [6, 1, 8], "uv": [0, 90]},
						{"origin": [2, 42.55, -1.8], "size": [1, 1, 3], "uv": [19, 24]},
						{"origin": [-2, 40.25, -11.4], "size": [4, 2, 1], "pivot": [0, 0, 0], "rotation": [-11, 0, 0], "uv": [71, 63]},
						{"origin": [-4, 41.35, -4], "size": [8, 1, 9], "uv": [0, 0]},
						{"origin": [-2, 42.8, -2.8], "size": [4, 1, 6], "uv": [48, 17]},
						{"origin": [-3, 42.55, -1.8], "size": [1, 1, 3], "uv": [45, 27]},
						{"origin": [-3.975, 42.05, -2.8], "size": [1, 1, 5], "uv": [50, 65]},
						{"origin": [3.025, 42.05, -2.8], "size": [1, 1, 5], "uv": [0, 78]},
						{"origin": [-6.25, 34.15, 0.825], "size": [1, 6, 2], "uv": [0, 70]},
						{"origin": [4, 35.15, 0.325], "size": [2, 6, 2], "uv": [14, 50]},
						{"origin": [-6.25, 32.15, -0.175], "size": [1, 8, 1], "uv": [67, 74]},
						{"origin": [-6, 35.15, -1.175], "size": [1, 4, 1], "uv": [71, 74]},
						{"origin": [2.75, 34.15, -2.65], "size": [2, 8, 7], "uv": [36, 38]},
						{"origin": [3.75, 33.15, -0.675], "size": [2, 8, 1], "uv": [72, 28]},
						{"origin": [3.5, 36.15, -1.675], "size": [2, 4, 1], "uv": [50, 63]},
						{"origin": [-4.4, 36.75, -3.8], "size": [1, 4, 2], "uv": [74, 51]},
						{"origin": [1.84924, 33.89972, 4.48277], "size": [2, 6, 1], "uv": [54, 71]},
						{"origin": [-4.90695, 33.36898, 2.99112], "size": [2, 6, 1.5], "uv": [48, 71]},
						{"origin": [2.65695, 34.36898, 1.99112], "size": [3, 6, 1], "uv": [71, 44]},
						{"origin": [-3.84924, 33.89972, 4.48276], "size": [2, 6, 1], "uv": [42, 71]},
						{"origin": [-4, 34.35, 3], "size": [8, 7, 2], "uv": [32, 9]},
						{"origin": [-3, 35.35, 5], "size": [6, 6, 1], "uv": [60, 0]}
					]
				},
				{
					"name": "front_h1",
					"parent": "Hair",
					"pivot": [0, 16.25, 0.3],
					"cubes": [
						{"origin": [-4.5875, 38.075, -3.65], "size": [2, 4, 8], "uv": [63, 62]},
						{"origin": [-4, 37.675, -4.075], "size": [1, 4, 1], "uv": [56, 30]},
						{"origin": [-3.745, 38.775, -4.175], "size": [1, 3, 1], "uv": [75, 16]},
						{"origin": [-2.25, 39.775, -4.575], "size": [3.75, 2, 1.25], "uv": [74, 4]},
						{"origin": [1.499, 39.275, -4.5], "size": [1, 2.5, 1], "uv": [17, 77]},
						{"origin": [2.525, 37.675, -4.2], "size": [1, 4, 1], "uv": [48, 18]},
						{"origin": [3.3875, 37.575, -3.7], "size": [1, 4, 3], "uv": [25, 0]},
						{"origin": [0.65, 38.25, -4.625], "size": [1, 3.5, 1], "uv": [74, 21]},
						{"origin": [-2.775, 39.4, -4.575], "size": [1, 2.25, 1], "uv": [75, 76]},
						{"origin": [-2.2, 37.875, -4.7], "size": [1, 3, 1], "uv": [44, 53]},
						{"origin": [-0.2, 37.875, -4.7], "size": [1, 4, 1], "uv": [30, 45]},
						{"origin": [-1.2, 37.9, -4.7], "size": [1, 4, 1], "uv": [0, 24]}
					]
				},
				{
					"name": "corner_h1",
					"parent": "Hair",
					"pivot": [-4.87735, 37.37243, -2.86577],
					"cubes": [
						{"origin": [-4.97485, 37.19593, -3.69748], "size": [1.025, 2, 1], "uv": [76, 70]},
						{"origin": [3.91137, 32.84775, -3.95436], "size": [1.025, 2, 1], "uv": [76, 33]},
						{"origin": [3.79631, 30.07801, -3.85436], "size": [1.025, 3, 1], "uv": [34, 53]},
						{"origin": [3.91183, 33.66888, -2.9848], "size": [1.025, 3, 1], "uv": [52, 45]},
						{"origin": [3.70269, 31.81569, -2.98457], "size": [1.025, 2, 1], "uv": [76, 30]},
						{"origin": [3.92592, 36.41357, -2.92341], "size": [1.025, 2, 1], "uv": [76, 27]},
						{"origin": [3.77853, 38.20397, -2.92152], "size": [1.025, 3, 1], "uv": [10, 50]},
						{"origin": [3.98618, 34.26399, -3.67248], "size": [1.025, 3, 1], "uv": [0, 50]},
						{"origin": [3.94985, 37.19593, -3.69748], "size": [1.025, 2, 1], "uv": [75, 73]},
						{"origin": [-4.72769, 31.81569, -2.98457], "size": [1.025, 2, 1], "uv": [75, 7]},
						{"origin": [-4.93683, 33.66888, -2.9848], "size": [1.025, 3, 1], "uv": [20, 45]},
						{"origin": [-4.82131, 30.07801, -3.85435], "size": [1.025, 3, 1], "uv": [0, 45]},
						{"origin": [-4.93637, 32.84775, -3.95435], "size": [1.025, 2, 1], "uv": [35, 61]},
						{"origin": [-4.95092, 36.41357, -2.92341], "size": [1.025, 2, 1], "uv": [23, 60]},
						{"origin": [-5.01118, 34.26399, -3.67248], "size": [1.025, 3, 1], "uv": [24, 28]}
					]
				},
				{
					"name": "long_h1",
					"parent": "Hair",
					"pivot": [0.325, 35.31866, 4.28289]
				},
				{
					"name": "hl_side",
					"parent": "long_h1",
					"pivot": [-2.44485, 8.36452, 15.87866]
				},
				{
					"name": "left_h",
					"parent": "hl_side",
					"pivot": [-16.60103, 13.76808, -0.16395],
					"cubes": [
						{"origin": [-4.24495, 28.66627, 2.89338], "size": [3, 6, 1], "uv": [0, 0]},
						{"origin": [-4.99495, 23.66627, 3.89338], "size": [2.5, 6, 1], "uv": [6, 71]},
						{"origin": [-5.49495, 18.91627, 4.39338], "size": [2.25, 6, 1], "uv": [61, 70]},
						{"origin": [-5.74495, 13.91627, 4.64338], "size": [2.25, 6, 1], "uv": [18, 70]},
						{"origin": [-5.99495, 8.41627, 4.64338], "size": [2.25, 6, 1], "uv": [0, 10]}
					]
				},
				{
					"name": "right_h",
					"parent": "hl_side",
					"pivot": [1.60103, 11.76808, 20.16395],
					"cubes": [
						{"origin": [1.24495, 28.66627, 2.89338], "size": [3, 6, 1], "uv": [23, 10]},
						{"origin": [2.49495, 23.66627, 3.89338], "size": [2.5, 6, 1], "uv": [36, 71]},
						{"origin": [3.24495, 18.91627, 4.39338], "size": [2.25, 6, 1], "uv": [30, 71]},
						{"origin": [3.49495, 13.91627, 4.64338], "size": [2.25, 6, 1], "uv": [24, 71]},
						{"origin": [3.74495, 8.41627, 4.64338], "size": [2.25, 6, 1], "uv": [12, 71]}
					]
				},
				{
					"name": "Ribbon",
					"parent": "Hair",
					"pivot": [-4.75, 38.7, 3.6],
					"rotation": [-1.82257, 33.0231, 8.40116]
				},
				{
					"name": "Arm",
					"parent": "UpBody",
					"pivot": [-0.2, 31.275, 0]
				},
				{
					"name": "LeftArm",
					"parent": "Arm",
					"pivot": [3.4, 31.025, 0],
					"rotation": [0, 0, -18],
					"cubes": [
						{"origin": [2.45, 24.9, -1.7], "size": [3.25, 7.3, 3.4], "uv": [62, 49]},
						{"origin": [2.6, 25.075, -1.5], "size": [3.05, 7, 3], "uv": [38, 61]},
						{"origin": [2.9, 24.175, -1.1], "size": [2.55, 2, 2.2], "uv": [74, 0]},
						{"origin": [2.8, 24.125, -1.125], "size": [2.7, 2.05, 2.3], "uv": [73, 66]}
					]
				},
				{
					"name": "LeftForeArm",
					"parent": "LeftArm",
					"pivot": [4.125, 25.075, 0.025],
					"cubes": [
						{"origin": [2.625, 18.075, -1.475], "size": [3, 7, 3], "uv": [26, 61]},
						{"origin": [2.525, 18.875, -1.575], "size": [3.2, 6.5, 3.2], "uv": [63, 14]}
					]
				},
				{
					"name": "LeftHandLocator",
					"parent": "LeftForeArm",
					"pivot": [4.125, 19.575, 0.025]
				},
				{
					"name": "RightArm",
					"parent": "Arm",
					"pivot": [-3.4, 31.025, 0],
					"rotation": [0, 0, 18],
					"cubes": [
						{"origin": [-5.65, 25.075, -1.5], "size": [3.05, 7, 3], "uv": [59, 60]},
						{"origin": [-5.7, 24.9, -1.7], "size": [3.25, 7.3, 3.4], "uv": [60, 30]},
						{"origin": [-5.45, 24.175, -1.1], "size": [2.55, 2, 2.2], "uv": [72, 12]},
						{"origin": [-5.5, 24.125, -1.125], "size": [2.7, 2.05, 2.3], "uv": [10, 40]}
					]
				},
				{
					"name": "RightForeArm",
					"parent": "RightArm",
					"pivot": [-4.125, 25.075, 0.025],
					"cubes": [
						{"origin": [-5.725, 18.625, -1.575], "size": [3.2, 6.75, 3.2], "uv": [38, 61]},
						{"origin": [-5.625, 18.075, -1.475], "size": [3, 7, 3], "uv": [14, 60]}
					]
				},
				{
					"name": "RightHandLocator",
					"parent": "RightForeArm",
					"pivot": [-4.125, 19.575, 0.025]
				},
				{
					"name": "Collar",
					"parent": "UpBody",
					"pivot": [0, 30.925, -0.275],
					"rotation": [-15, 0, 0],
					"cubes": [
						{"origin": [0.2, 30.125, -3.15], "size": [4.4, 2, 2.2], "uv": [11, 86]},
						{"origin": [-4.6, 30.125, -3.15], "size": [4.4, 2, 2.2], "uv": [66, 40]}
					]
				},
				{
					"name": "ElytraLocator",
					"parent": "UpBody",
					"pivot": [0, 31.65, 2]
				},
				{
					"name": "RifleLocator",
					"parent": "UpBody",
					"pivot": [0, 25.15, 2.3],
					"rotation": [0, 0, 45]
				},
				{
					"name": "PistolLocator",
					"parent": "UpBody",
					"pivot": [-4, 24.75, -1.6],
					"rotation": [-30, 0, 0]
				},
				{
					"name": "DownBody",
					"parent": "AllBody",
					"pivot": [0, 20.65, 0]
				},
				{
					"name": "Leg",
					"parent": "DownBody",
					"pivot": [0, 21.15, 0]
				},
				{
					"name": "LeftLeg",
					"parent": "Leg",
					"pivot": [2.4, 21.15, 0],
					"cubes": [
						{"origin": [0.375, 11.65, -2], "size": [3.65, 10, 4], "uv": [20, 46]}
					]
				},
				{
					"name": "LeftLowerLeg",
					"parent": "LeftLeg",
					"pivot": [2.2, 11.7, 0],
					"cubes": [
						{"origin": [0.5, 6, -1.9], "size": [3.4, 6, 4], "uv": [0, 50]}
					]
				},
				{
					"name": "LeftFoot",
					"parent": "LeftLowerLeg",
					"pivot": [2.1875, 2.5, 0.1375],
					"cubes": [
						{"origin": [0.25, 3.75, -2.1], "size": [3.875, 2.75, 4.375], "uv": [53, 80]},
						{"origin": [0.45, 0, -1.9], "size": [3.575, 4.25, 4], "uv": [53, 78]},
						{"origin": [0.35, 0, -4.4], "size": [3.675, 3, 3], "uv": [68, 80]},
						{"origin": [0.95, 2.575, -3.2], "size": [2.675, 1, 2], "pivot": [0, 0, 0], "rotation": [7.5, 0, 0], "uv": [72, 37]}
					]
				},
				{
					"name": "RightLeg",
					"parent": "Leg",
					"pivot": [-2.4, 21.15, 0],
					"cubes": [
						{"origin": [-4.025, 11.65, -2], "size": [3.65, 10, 4], "uv": [48, 49]}
					]
				},
				{
					"name": "RightLowerLeg",
					"parent": "RightLeg",
					"pivot": [-2.2, 11.7, 0],
					"cubes": [
						{"origin": [-3.9, 6, -1.9], "size": [3.4, 6, 4], "uv": [46, 31]}
					]
				},
				{
					"name": "RightFoot",
					"parent": "RightLowerLeg",
					"pivot": [-2.1875, 2.5, -0.1375],
					"cubes": [
						{"origin": [-4.125, 3.75, -2.1], "size": [3.875, 2.75, 4.375], "uv": [39, 79]},
						{"origin": [-4.025, 0, -4.4], "size": [3.675, 3, 3], "uv": [0, 64]},
						{"origin": [-4.025, 0, -1.9], "size": [3.675, 4.25, 4], "uv": [25, 78]},
						{"origin": [-3.625, 2.575, -3.2], "size": [2.675, 1, 2], "pivot": [0, 0, 0], "rotation": [7.5, 0, 0], "uv": [38, 35]}
					]
				},
				{
					"name": "Skirt",
					"parent": "DownBody",
					"pivot": [0, 23.85, 0.1],
					"cubes": [
						{"origin": [-3.95, 18.65, -2.5], "size": [7.95, 5.95, 5], "uv": [19, 35]},
						{"origin": [-4.2, 17.6, -2.8], "size": [8.4, 3.95, 5.475], "uv": [24, 27]},
						{"origin": [-4.3, 15.55, -2.8], "size": [8.6, 3.2, 5.4], "uv": [25, 19]}
					]
				},
				{
					"name": "RightSkirt",
					"parent": "Skirt",
					"pivot": [-3.525, 23.9, 0.0375],
					"rotation": [0, 0, 17.5]
				},
				{
					"name": "LeftSkirt",
					"parent": "Skirt",
					"pivot": [3.6, 23.9, 0.0375],
					"rotation": [0, 0, -17.5]
				},
				{
					"name": "FrontSkirt",
					"parent": "Skirt",
					"pivot": [0, 24.25, -2.0125],
					"rotation": [-20, 0, 0]
				},
				{
					"name": "BackSkirt",
					"parent": "Skirt",
					"pivot": [0, 24.1, 2.4125],
					"rotation": [12.5, 0, 0]
				}
			]
		}
	]
}