{
	"format_version": "1.12.0",
	"minecraft:geometry": [
		{
			"description": {
				"identifier": "geometry.default",
				"texture_width": 256,
				"texture_height": 256,
				"visible_bounds_width": 5,
				"visible_bounds_height": 4.5,
				"visible_bounds_offset": [0, 1.75, 0]
			},
			"bones": [
				{
					"name": "LeftArm",
					"pivot": [3.725, 34.425, 0],
					"cubes": [
						{
							"origin": [2.075, 24.675, -1.5],
							"size": [2.25, 7.5, 3.05],
							"uv": {
								"north": {"uv": [22, 81], "uv_size": [2.5, 7.5]},
								"east": {"uv": [47, 73], "uv_size": [3, 7.5]},
								"south": {"uv": [70, 82], "uv_size": [2.5, 7.5]},
								"west": {"uv": [31, 74], "uv_size": [3, 7.5]},
								"up": {"uv": [43, 102], "uv_size": [2.5, 3]},
								"down": {"uv": [53, 105], "uv_size": [2.5, -3]}
							}
						},
						{
							"origin": [1.06124, 24.65246, -0.44401],
							"size": [4.15, 3.9, 2.65],
							"pivot": [3.68624, 26.15246, 0.48099],
							"rotation": [0, -90, 1],
							"uv": {
								"north": {"uv": [86, 63], "uv_size": [4, 4]},
								"east": {"uv": [14, 95], "uv_size": [2.5, 4]},
								"south": {"uv": [85, 86], "uv_size": [4, 4]},
								"west": {"uv": [32, 95], "uv_size": [2.5, 4]},
								"up": {"uv": [5, 96], "uv_size": [4, 2.5]},
								"down": {"uv": [61, 98.5], "uv_size": [4, -2.5]}
							}
						}
					]
				},
				{
					"name": "LeftForeArm",
					"parent": "LeftArm",
					"pivot": [3.2, 27.5, 0.025],
					"cubes": [
						{
							"origin": [2.175, 23.67586, -0.85842],
							"size": [2.125, 2.1, 2.1],
							"pivot": [3.6, 24.92586, 0.09158],
							"rotation": [-45, 0, 0],
							"uv": {
								"north": {"uv": [36, 49], "uv_size": [2, 2]},
								"east": {"uv": [58, 40], "uv_size": [2, 2]},
								"south": {"uv": [67, 54], "uv_size": [2, 2]},
								"west": {"uv": [72, 37], "uv_size": [2, 2]},
								"up": {"uv": [81, 29], "uv_size": [2, 2]},
								"down": {"uv": [73, 84], "uv_size": [2, -2]}
							}
						},
						{
							"origin": [1.9, 18.85, -1.475],
							"size": [2.425, 5.8, 3],
							"uv": {
								"north": {"uv": [32, 85], "uv_size": [2.5, 6]},
								"east": {"uv": [60, 83], "uv_size": [3, 6]},
								"south": {"uv": [43, 87], "uv_size": [2.5, 6]},
								"west": {"uv": [0, 84], "uv_size": [3, 6]},
								"up": {"uv": [102, 53], "uv_size": [2.5, 3]},
								"down": {"uv": [102, 64], "uv_size": [2.5, -3]}
							}
						},
						{
							"origin": [1.8, 18.35, -2.575],
							"size": [3.225, 2.9, 6.3],
							"uv": {
								"north": {"uv": [9, 98], "uv_size": [3, 3]},
								"east": {"uv": [81, 26], "uv_size": [6.5, 3]},
								"south": {"uv": [98, 32], "uv_size": [3, 3]},
								"west": {"uv": [44, 81], "uv_size": [6.5, 3]},
								"up": {"uv": [63, 78], "uv_size": [3, 6.5]},
								"down": {"uv": [19, 85.5], "uv_size": [3, -6.5]}
							}
						},
						{
							"origin": [3.97808, 20.9752, -2.1],
							"size": [0.875, 3.425, 4.175],
							"pivot": [3.24058, 22.1752, 0.575],
							"rotation": [0, 0, -9.25],
							"uv": {
								"north": {"uv": [114, 19], "uv_size": [1, 3.5]},
								"east": {"uv": [89, 22], "uv_size": [4, 3.5]},
								"south": {"uv": [29, 114], "uv_size": [1, 3.5]},
								"west": {"uv": [28, 89], "uv_size": [4, 3.5]},
								"up": {"uv": [112, 79], "uv_size": [1, 4]},
								"down": {"uv": [112, 87], "uv_size": [1, -4]}
							}
						},
						{
							"origin": [2.05992, 20.96099, -2.23441],
							"size": [2.225, 3.8, 1.1],
							"pivot": [2.97242, 22.96099, -1.90941],
							"rotation": [-7.29099, 4.90791, -0.95639],
							"uv": {
								"north": {"uv": [10, 101], "uv_size": [2, 4]},
								"east": {"uv": [78, 112], "uv_size": [1, 4]},
								"south": {"uv": [30, 101], "uv_size": [2, 4]},
								"west": {"uv": [79, 112], "uv_size": [1, 4]},
								"up": {"uv": [118, 24], "uv_size": [2, 1]},
								"down": {"uv": [118, 31], "uv_size": [2, -1]}
							}
						},
						{
							"origin": [2.13853, 20.67435, 1.3808],
							"size": [2.225, 4, 1.625],
							"pivot": [3.55103, 22.54935, 2.1558],
							"rotation": [24.61378, 0.59073, -2.94016],
							"uv": {
								"north": {"uv": [101, 32], "uv_size": [2, 4]},
								"east": {"uv": [107, 106], "uv_size": [1.5, 4]},
								"south": {"uv": [101, 36], "uv_size": [2, 4]},
								"west": {"uv": [0, 108], "uv_size": [1.5, 4]},
								"up": {"uv": [115, 108], "uv_size": [2, 1.5]},
								"down": {"uv": [110, 116.5], "uv_size": [2, -1.5]}
							}
						}
					]
				},
				{
					"name": "LeftHand",
					"parent": "LeftForeArm",
					"pivot": [3.7, 21.225, 0.025],
					"cubes": [
						{
							"origin": [2.1, 17.85, -1.675],
							"size": [1.925, 2.1, 2],
							"pivot": [-0.675, 17.95, -0.575],
							"rotation": [-45, 0, 0],
							"uv": {
								"north": {"uv": [110, 94], "uv_size": [2, 2]},
								"east": {"uv": [111, 17], "uv_size": [2, 2]},
								"south": {"uv": [111, 23], "uv_size": [2, 2]},
								"west": {"uv": [111, 25], "uv_size": [2, 2]},
								"up": {"uv": [111, 27], "uv_size": [2, 2]},
								"down": {"uv": [111, 33], "uv_size": [2, -2]}
							}
						},
						{
							"origin": [2.1, 16.85, -1.475],
							"size": [2.225, 2, 3],
							"uv": {
								"north": {"uv": [111, 33], "uv_size": [2, 2]},
								"east": {"uv": [106, 6], "uv_size": [3, 2]},
								"south": {"uv": [35, 111], "uv_size": [2, 2]},
								"west": {"uv": [106, 8], "uv_size": [3, 2]},
								"up": {"uv": [80, 84], "uv_size": [2, 3]},
								"down": {"uv": [10, 88], "uv_size": [2, -3]}
							}
						}
					]
				},
				{
					"name": "LeftHandLocator",
					"parent": "LeftHand",
					"pivot": [3.7, 20.225, 0.025]
				},
				{
					"name": "RightArm",
					"pivot": [-3.8, 34.425, 0],
					"cubes": [
						{
							"origin": [-4.4, 24.575, -1.5],
							"size": [2.25, 7.6, 3.05],
							"uv": {
								"north": {"uv": [82, 81], "uv_size": [2.5, 7.5]},
								"east": {"uv": [74, 37], "uv_size": [3, 7.5]},
								"south": {"uv": [83, 14], "uv_size": [2.5, 7.5]},
								"west": {"uv": [74, 62], "uv_size": [3, 7.5]},
								"up": {"uv": [102, 64], "uv_size": [2.5, 3]},
								"down": {"uv": [67, 105], "uv_size": [2.5, -3]}
							}
						},
						{
							"origin": [-5.21124, 24.65246, -0.44401],
							"size": [4.15, 3.9, 2.65],
							"pivot": [-3.68624, 26.15246, 0.48099],
							"rotation": [0, 90, -1],
							"uv": {
								"north": {"uv": [39, 87], "uv_size": [4, 4]},
								"east": {"uv": [76, 95], "uv_size": [2.5, 4]},
								"south": {"uv": [50, 87], "uv_size": [4, 4]},
								"west": {"uv": [85, 95], "uv_size": [2.5, 4]},
								"up": {"uv": [96, 77], "uv_size": [4, 2.5]},
								"down": {"uv": [88, 98.5], "uv_size": [4, -2.5]}
							}
						}
					]
				},
				{
					"name": "RightForeArm",
					"parent": "RightArm",
					"pivot": [-3.275, 27.575, 0.025],
					"cubes": [
						{
							"origin": [-4.4, 23.55086, -0.85842],
							"size": [2.15, 2.1, 2.1],
							"pivot": [-3.675, 24.80086, 0.09158],
							"rotation": [-45, 0, 0],
							"uv": {
								"north": {"uv": [111, 35], "uv_size": [2, 2]},
								"east": {"uv": [39, 111], "uv_size": [2, 2]},
								"south": {"uv": [41, 111], "uv_size": [2, 2]},
								"west": {"uv": [43, 111], "uv_size": [2, 2]},
								"up": {"uv": [111, 47], "uv_size": [2, 2]},
								"down": {"uv": [111, 51], "uv_size": [2, -2]}
							}
						},
						{
							"origin": [-4.325, 18.85, -1.475],
							"size": [2.425, 5.8, 3],
							"uv": {
								"north": {"uv": [79, 87], "uv_size": [2.5, 6]},
								"east": {"uv": [15, 84], "uv_size": [3, 6]},
								"south": {"uv": [35, 88], "uv_size": [2.5, 6]},
								"west": {"uv": [25, 84], "uv_size": [3, 6]},
								"up": {"uv": [103, 44], "uv_size": [2.5, 3]},
								"down": {"uv": [46, 106], "uv_size": [2.5, -3]}
							}
						},
						{
							"origin": [-4.36353, 20.67435, 1.3808],
							"size": [2.225, 4, 1.625],
							"pivot": [-3.55103, 22.54935, 2.1558],
							"rotation": [24.61378, -0.59073, 2.94016],
							"uv": {
								"north": {"uv": [65, 101], "uv_size": [2, 4]},
								"east": {"uv": [14, 108], "uv_size": [1.5, 4]},
								"south": {"uv": [101, 71], "uv_size": [2, 4]},
								"west": {"uv": [32, 108], "uv_size": [1.5, 4]},
								"up": {"uv": [114, 115], "uv_size": [2, 1.5]},
								"down": {"uv": [116, 1.5], "uv_size": [2, -1.5]}
							}
						},
						{
							"origin": [-5.025, 18.35, -2.575],
							"size": [3.225, 2.9, 6.3],
							"uv": {
								"north": {"uv": [98, 41], "uv_size": [3, 3]},
								"east": {"uv": [75, 81], "uv_size": [6.5, 3]},
								"south": {"uv": [65, 98], "uv_size": [3, 3]},
								"west": {"uv": [5, 82], "uv_size": [6.5, 3]},
								"up": {"uv": [51, 80], "uv_size": [3, 6.5]},
								"down": {"uv": [12, 87.5], "uv_size": [3, -6.5]}
							}
						},
						{
							"origin": [-4.85308, 20.9752, -2.1],
							"size": [0.875, 3.425, 4.175],
							"pivot": [-3.24058, 22.1752, 0.575],
							"rotation": [0, 0, 9.25],
							"uv": {
								"north": {"uv": [32, 114], "uv_size": [1, 3.5]},
								"east": {"uv": [89, 35], "uv_size": [4, 3.5]},
								"south": {"uv": [33, 114], "uv_size": [1, 3.5]},
								"west": {"uv": [89, 44], "uv_size": [4, 3.5]},
								"up": {"uv": [94, 112], "uv_size": [1, 4]},
								"down": {"uv": [95, 116], "uv_size": [1, -4]}
							}
						},
						{
							"origin": [-4.28492, 20.96099, -2.23441],
							"size": [2.225, 3.8, 1.1],
							"pivot": [-2.97242, 22.96099, -1.90941],
							"rotation": [-7.29099, -4.90791, 0.95639],
							"uv": {
								"north": {"uv": [101, 40], "uv_size": [2, 4]},
								"east": {"uv": [112, 87], "uv_size": [1, 4]},
								"south": {"uv": [101, 44], "uv_size": [2, 4]},
								"west": {"uv": [112, 91], "uv_size": [1, 4]},
								"up": {"uv": [31, 118], "uv_size": [2, 1]},
								"down": {"uv": [118, 32], "uv_size": [2, -1]}
							}
						}
					]
				},
				{
					"name": "RightHand",
					"parent": "RightForeArm",
					"pivot": [-3.775, 21.325, 0.025],
					"cubes": [
						{
							"origin": [-4.2, 18.05, -1.775],
							"size": [1.925, 2.1, 2],
							"pivot": [0.6, 18.05, -0.575],
							"rotation": [-45, 0, 0],
							"uv": {
								"north": {"uv": [111, 51], "uv_size": [2, 2]},
								"east": {"uv": [111, 53], "uv_size": [2, 2]},
								"south": {"uv": [58, 111], "uv_size": [2, 2]},
								"west": {"uv": [111, 59], "uv_size": [2, 2]},
								"up": {"uv": [60, 111], "uv_size": [2, 2]},
								"down": {"uv": [111, 63], "uv_size": [2, -2]}
							}
						},
						{
							"origin": [-4.4, 16.95, -1.475],
							"size": [2.225, 2, 3],
							"uv": {
								"north": {"uv": [62, 111], "uv_size": [2, 2]},
								"east": {"uv": [106, 10], "uv_size": [3, 2]},
								"south": {"uv": [111, 63], "uv_size": [2, 2]},
								"west": {"uv": [14, 106], "uv_size": [3, 2]},
								"up": {"uv": [58, 86], "uv_size": [2, 3]},
								"down": {"uv": [68, 90], "uv_size": [2, -3]}
							}
						}
					]
				},
				{
					"name": "RightHandLocator",
					"parent": "RightHand",
					"pivot": [-3.775, 20.325, 0.025]
				}
			]
		}
	]
}