{
	"format_version": "1.12.0",
	"minecraft:geometry": [
		{
			"description": {
				"identifier": "geometry.unknown",
				"texture_width": 256,
				"texture_height": 256,
				"visible_bounds_width": 5,
				"visible_bounds_height": 4.5,
				"visible_bounds_offset": [0, 1.75, 0]
			},
			"bones": [
				{
					"name": "RightArm",
					"pivot": [-2, 28, 0],
					"cubes": [
						{
							"origin": [-3.05345, 22.62166, -1.19],
							"size": [2.45, 6.5, 2.5],
							"uv": {
								"north": {"uv": [2, 87], "uv_size": [2, 7]},
								"east": {"uv": [4, 87], "uv_size": [2, 7]},
								"south": {"uv": [6, 87], "uv_size": [2, 7]},
								"west": {"uv": [11, 87], "uv_size": [2, 7]},
								"up": {"uv": [8, 112], "uv_size": [2, 2]},
								"down": {"uv": [112, 11], "uv_size": [2, -2]}
							}
						},
						{
							"origin": [-2.75345, 22.02166, -0.44],
							"size": [1.875, 1.45, 1.45],
							"pivot": [-1.75345, 22.97166, 0.01],
							"rotation": [-45, 0, 0],
							"uv": {
								"north": {"uv": [54, 123], "uv_size": [2, 1]},
								"east": {"uv": [127, 124], "uv_size": [1, 1]},
								"south": {"uv": [123, 55], "uv_size": [2, 1]},
								"west": {"uv": [125, 127], "uv_size": [1, 1]},
								"up": {"uv": [123, 56], "uv_size": [2, 1]},
								"down": {"uv": [57, 124], "uv_size": [2, -1]}
							}
						}
					]
				},
				{
					"name": "right_sleeve",
					"parent": "RightArm",
					"pivot": [-2, 28, 0],
					"cubes": [
						{
							"origin": [-3.10345, 22.6197, -1.24],
							"size": [2.55, 6.504, 2.6],
							"uv": {
								"north": {"uv": [72, 7], "uv_size": [3, 7]},
								"east": {"uv": [0, 73], "uv_size": [3, 7]},
								"south": {"uv": [73, 14], "uv_size": [3, 7]},
								"west": {"uv": [68, 73], "uv_size": [3, 7]},
								"up": {"uv": [95, 68], "uv_size": [3, 3]},
								"down": {"uv": [95, 74], "uv_size": [3, -3]}
							}
						}
					]
				},
				{
					"name": "right_arm_cappa",
					"parent": "RightArm",
					"pivot": [-1.75, 28, 0],
					"cubes": [
						{
							"origin": [-3.05345, 28.3727, -1.69],
							"size": [2.55, 1, 3.5],
							"uv": {
								"north": {"uv": [55, 118], "uv_size": [3, 1]},
								"east": {"uv": [111, 45], "uv_size": [4, 1]},
								"south": {"uv": [118, 66], "uv_size": [3, 1]},
								"west": {"uv": [10, 112], "uv_size": [4, 1]},
								"up": {"uv": [54, 89], "uv_size": [3, 4]},
								"down": {"uv": [57, 93], "uv_size": [3, -4]}
							}
						}
					]
				},
				{
					"name": "right_arm_front_cappa",
					"parent": "right_arm_cappa",
					"pivot": [-1.65345, 29.3727, -1.69],
					"rotation": [-15, 0, 0],
					"cubes": [
						{
							"origin": [-3.05345, 25.3727, -1.69],
							"size": [2, 4, 1],
							"uv": {
								"north": {"uv": [98, 40], "uv_size": [2, 4]},
								"east": {"uv": [62, 111], "uv_size": [1, 4]},
								"south": {"uv": [98, 44], "uv_size": [2, 4]},
								"west": {"uv": [104, 111], "uv_size": [1, 4]},
								"up": {"uv": [59, 123], "uv_size": [2, 1]},
								"down": {"uv": [61, 124], "uv_size": [2, -1]}
							}
						},
						{
							"origin": [-3.0544, 25.8727, -1.691],
							"size": [2, 0.5, 1],
							"uv": {
								"north": {"uv": [63, 123], "uv_size": [2, 1]},
								"east": {"uv": [127, 125], "uv_size": [1, 1]},
								"south": {"uv": [123, 63], "uv_size": [2, 1]},
								"west": {"uv": [126, 127], "uv_size": [1, 1]},
								"up": {"uv": [123, 64], "uv_size": [2, 1]},
								"down": {"uv": [65, 124], "uv_size": [2, -1]}
							}
						},
						{
							"origin": [-3.55345, 24.2727, -1.59],
							"size": [1.5, 1.5, 0.5],
							"uv": {
								"north": {"uv": [123, 66], "uv_size": [1, 2]},
								"east": {"uv": [68, 123], "uv_size": [1, 2]},
								"south": {"uv": [69, 123], "uv_size": [1, 2]},
								"west": {"uv": [70, 123], "uv_size": [1, 2]},
								"up": {"uv": [127, 126], "uv_size": [1, 1]},
								"down": {"uv": [127, 128], "uv_size": [1, -1]}
							}
						},
						{
							"origin": [-3.05345, 25.6227, -1.69],
							"size": [1, 3.75, 1],
							"pivot": [-3.05345, 29.3727, -1.69],
							"rotation": [0, -1, 15],
							"uv": {
								"north": {"uv": [15, 112], "uv_size": [1, 4]},
								"east": {"uv": [112, 15], "uv_size": [1, 4]},
								"south": {"uv": [20, 112], "uv_size": [1, 4]},
								"west": {"uv": [21, 112], "uv_size": [1, 4]},
								"up": {"uv": [0, 128], "uv_size": [1, 1]},
								"down": {"uv": [128, 1], "uv_size": [1, -1]}
							}
						},
						{
							"origin": [-3.0544, 26.1227, -1.691],
							"size": [1, 0.5, 1],
							"pivot": [-3.05345, 29.3727, -1.69],
							"rotation": [0, -1, 15],
							"uv": {
								"north": {"uv": [1, 128], "uv_size": [1, 1]},
								"east": {"uv": [128, 1], "uv_size": [1, 1]},
								"south": {"uv": [2, 128], "uv_size": [1, 1]},
								"west": {"uv": [128, 2], "uv_size": [1, 1]},
								"up": {"uv": [3, 128], "uv_size": [1, 1]},
								"down": {"uv": [128, 4], "uv_size": [1, -1]}
							}
						}
					]
				},
				{
					"name": "right_arm_back_cappa",
					"parent": "right_arm_cappa",
					"pivot": [-1.65345, 29.3727, 1.815],
					"rotation": [15, 0, 0],
					"cubes": [
						{
							"origin": [-3.05345, 25.37461, 0.81038],
							"size": [2, 4, 1],
							"uv": {
								"north": {"uv": [45, 98], "uv_size": [2, 4]},
								"east": {"uv": [112, 21], "uv_size": [1, 4]},
								"south": {"uv": [47, 98], "uv_size": [2, 4]},
								"west": {"uv": [22, 112], "uv_size": [1, 4]},
								"up": {"uv": [71, 123], "uv_size": [2, 1]},
								"down": {"uv": [123, 74], "uv_size": [2, -1]}
							}
						},
						{
							"origin": [-3.0544, 25.87461, 0.8114],
							"size": [2, 0.5, 1],
							"uv": {
								"north": {"uv": [123, 74], "uv_size": [2, 1]},
								"east": {"uv": [4, 128], "uv_size": [1, 1]},
								"south": {"uv": [75, 123], "uv_size": [2, 1]},
								"west": {"uv": [128, 4], "uv_size": [1, 1]},
								"up": {"uv": [123, 76], "uv_size": [2, 1]},
								"down": {"uv": [123, 78], "uv_size": [2, -1]}
							}
						},
						{
							"origin": [-3.80345, 24.62461, 1.31038],
							"size": [1.5, 1.5, 0.5],
							"pivot": [-2.47845, 25.19961, 1.43538],
							"rotation": [22.5, 0, 0],
							"uv": {
								"north": {"uv": [73, 123], "uv_size": [1, 2]},
								"east": {"uv": [79, 123], "uv_size": [1, 2]},
								"south": {"uv": [80, 123], "uv_size": [1, 2]},
								"west": {"uv": [81, 123], "uv_size": [1, 2]},
								"up": {"uv": [5, 128], "uv_size": [1, 1]},
								"down": {"uv": [128, 6], "uv_size": [1, -1]}
							}
						},
						{
							"origin": [-2.65345, 24.27461, 1.06038],
							"size": [1.5, 1.5, 0.5],
							"pivot": [-2.47845, 25.19961, 1.43538],
							"rotation": [22.5, 0, 0],
							"uv": {
								"north": {"uv": [112, 25], "uv_size": [2, 2]},
								"east": {"uv": [123, 81], "uv_size": [1, 2]},
								"south": {"uv": [112, 27], "uv_size": [2, 2]},
								"west": {"uv": [83, 123], "uv_size": [1, 2]},
								"up": {"uv": [123, 83], "uv_size": [2, 1]},
								"down": {"uv": [84, 124], "uv_size": [2, -1]}
							}
						},
						{
							"origin": [-3.05345, 25.62461, 0.81038],
							"size": [1, 3.75, 1],
							"pivot": [-3.05345, 29.37461, 1.81038],
							"rotation": [0, 1, 15],
							"uv": {
								"north": {"uv": [28, 112], "uv_size": [1, 4]},
								"east": {"uv": [29, 112], "uv_size": [1, 4]},
								"south": {"uv": [112, 29], "uv_size": [1, 4]},
								"west": {"uv": [30, 112], "uv_size": [1, 4]},
								"up": {"uv": [6, 128], "uv_size": [1, 1]},
								"down": {"uv": [128, 7], "uv_size": [1, -1]}
							}
						},
						{
							"origin": [-3.0544, 26.12461, 0.8114],
							"size": [1, 0.5, 1],
							"pivot": [-3.05345, 29.37461, 1.81038],
							"rotation": [0, 1, 15],
							"uv": {
								"north": {"uv": [7, 128], "uv_size": [1, 1]},
								"east": {"uv": [128, 7], "uv_size": [1, 1]},
								"south": {"uv": [8, 128], "uv_size": [1, 1]},
								"west": {"uv": [128, 8], "uv_size": [1, 1]},
								"up": {"uv": [9, 128], "uv_size": [1, 1]},
								"down": {"uv": [128, 10], "uv_size": [1, -1]}
							}
						}
					]
				},
				{
					"name": "right_arm_right_cappa",
					"parent": "right_arm_cappa",
					"pivot": [-3.05345, 29.3727, 0.06],
					"rotation": [0, 0, 15],
					"cubes": [
						{
							"origin": [-3.05345, 25.3727, -1.69],
							"size": [1, 4, 3.5],
							"uv": {
								"north": {"uv": [31, 112], "uv_size": [1, 4]},
								"east": {"uv": [82, 20], "uv_size": [4, 4]},
								"south": {"uv": [112, 33], "uv_size": [1, 4]},
								"west": {"uv": [82, 24], "uv_size": [4, 4]},
								"up": {"uv": [112, 37], "uv_size": [1, 4]},
								"down": {"uv": [38, 116], "uv_size": [1, -4]}
							}
						},
						{
							"origin": [-3.0544, 25.8727, -1.69],
							"size": [1, 0.5, 3.5],
							"uv": {
								"north": {"uv": [10, 128], "uv_size": [1, 1]},
								"east": {"uv": [45, 112], "uv_size": [4, 1]},
								"south": {"uv": [128, 10], "uv_size": [1, 1]},
								"west": {"uv": [112, 46], "uv_size": [4, 1]},
								"up": {"uv": [39, 112], "uv_size": [1, 4]},
								"down": {"uv": [112, 51], "uv_size": [1, -4]}
							}
						},
						{
							"origin": [-2.95345, 24.6227, 1.06],
							"size": [0.5, 1.5, 1.5],
							"uv": {
								"north": {"uv": [123, 84], "uv_size": [1, 2]},
								"east": {"uv": [51, 112], "uv_size": [2, 2]},
								"south": {"uv": [86, 123], "uv_size": [1, 2]},
								"west": {"uv": [112, 51], "uv_size": [2, 2]},
								"up": {"uv": [123, 86], "uv_size": [1, 2]},
								"down": {"uv": [87, 125], "uv_size": [1, -2]}
							}
						},
						{
							"origin": [-2.95345, 24.6227, -1.24],
							"size": [0.5, 1.5, 1.5],
							"uv": {
								"north": {"uv": [123, 88], "uv_size": [1, 2]},
								"east": {"uv": [53, 112], "uv_size": [2, 2]},
								"south": {"uv": [90, 123], "uv_size": [1, 2]},
								"west": {"uv": [112, 59], "uv_size": [2, 2]},
								"up": {"uv": [91, 123], "uv_size": [1, 2]},
								"down": {"uv": [92, 125], "uv_size": [1, -2]}
							}
						},
						{
							"origin": [-2.70345, 24.2727, -0.09],
							"size": [0.5, 1.5, 1.5],
							"uv": {
								"north": {"uv": [123, 92], "uv_size": [1, 2]},
								"east": {"uv": [112, 61], "uv_size": [2, 2]},
								"south": {"uv": [93, 123], "uv_size": [1, 2]},
								"west": {"uv": [112, 63], "uv_size": [2, 2]},
								"up": {"uv": [94, 123], "uv_size": [1, 2]},
								"down": {"uv": [95, 125], "uv_size": [1, -2]}
							}
						},
						{
							"origin": [-2.70345, 24.2727, -2.39],
							"size": [0.5, 1.5, 1.5],
							"uv": {
								"north": {"uv": [96, 123], "uv_size": [1, 2]},
								"east": {"uv": [64, 112], "uv_size": [2, 2]},
								"south": {"uv": [97, 123], "uv_size": [1, 2]},
								"west": {"uv": [112, 65], "uv_size": [2, 2]},
								"up": {"uv": [123, 97], "uv_size": [1, 2]},
								"down": {"uv": [98, 125], "uv_size": [1, -2]}
							}
						}
					]
				},
				{
					"name": "RightForeArm",
					"parent": "RightArm",
					"pivot": [-1.75345, 22.6, 0],
					"cubes": [
						{
							"origin": [-3.00345, 16.12166, -1.14],
							"size": [2.35, 6.5, 2.4],
							"uv": {
								"north": {"uv": [13, 87], "uv_size": [2, 7]},
								"east": {"uv": [87, 27], "uv_size": [2, 7]},
								"south": {"uv": [28, 88], "uv_size": [2, 7]},
								"west": {"uv": [30, 88], "uv_size": [2, 7]},
								"up": {"uv": [66, 112], "uv_size": [2, 2]},
								"down": {"uv": [112, 69], "uv_size": [2, -2]}
							}
						},
						{
							"origin": [-3.05345, 18.62166, -1.19],
							"size": [2.45, 4, 2.5],
							"uv": {
								"north": {"uv": [12, 69], "uv_size": [2, 4]},
								"east": {"uv": [75, 128], "uv_size": [3, 4]},
								"south": {"uv": [43, 84], "uv_size": [2, 4]},
								"west": {"uv": [128, 75], "uv_size": [3, 4]},
								"up": {"uv": [12, 73], "uv_size": [2, 3]},
								"down": {"uv": [26, 88], "uv_size": [2, -3]}
							}
						},
						{
							"origin": [-3.15345, 18.1227, -1.29],
							"size": [2.65, 1, 2.7],
							"uv": {
								"north": {"uv": [84, 128], "uv_size": [3, 1]},
								"east": {"uv": [128, 85], "uv_size": [3, 1]},
								"south": {"uv": [128, 86], "uv_size": [3, 1]},
								"west": {"uv": [87, 128], "uv_size": [3, 1]},
								"up": {"uv": [78, 128], "uv_size": [3, 3]},
								"down": {"uv": [128, 82], "uv_size": [3, -3]}
							}
						}
					]
				},
				{
					"name": "right_cuff",
					"parent": "RightForeArm",
					"pivot": [-1.75345, 16.1, 0],
					"cubes": [
						{
							"origin": [-3.10345, 21.6237, -1.24],
							"size": [2.55, 1, 2.6],
							"uv": {
								"north": {"uv": [118, 67], "uv_size": [3, 1]},
								"east": {"uv": [118, 68], "uv_size": [3, 1]},
								"south": {"uv": [118, 70], "uv_size": [3, 1]},
								"west": {"uv": [118, 71], "uv_size": [3, 1]},
								"up": {"uv": [95, 78], "uv_size": [3, 3]},
								"down": {"uv": [95, 84], "uv_size": [3, -3]}
							}
						}
					]
				},
				{
					"name": "right_front_cuff",
					"parent": "right_cuff",
					"pivot": [-1.82845, 22.6237, -1.24],
					"rotation": [-10, 0, 0],
					"cubes": [
						{
							"origin": [-3.10345, 17.6237, -1.24],
							"size": [2.55, 5, 1],
							"uv": {
								"north": {"uv": [83, 56], "uv_size": [3, 5]},
								"east": {"uv": [107, 89], "uv_size": [1, 5]},
								"south": {"uv": [69, 83], "uv_size": [3, 5]},
								"west": {"uv": [90, 107], "uv_size": [1, 5]},
								"up": {"uv": [118, 74], "uv_size": [3, 1]},
								"down": {"uv": [118, 76], "uv_size": [3, -1]}
							}
						}
					]
				},
				{
					"name": "right_front_right_cuff",
					"parent": "right_front_cuff",
					"pivot": [-3.10345, 22.6237, -1.24],
					"rotation": [0, 0, 10],
					"cubes": [
						{
							"origin": [-3.10345, 17.7737, -1.23],
							"size": [1, 4.85, 1],
							"uv": {
								"north": {"uv": [107, 94], "uv_size": [1, 5]},
								"east": {"uv": [107, 99], "uv_size": [1, 5]},
								"south": {"uv": [107, 104], "uv_size": [1, 5]},
								"west": {"uv": [108, 14], "uv_size": [1, 5]},
								"up": {"uv": [11, 128], "uv_size": [1, 1]},
								"down": {"uv": [128, 12], "uv_size": [1, -1]}
							}
						}
					]
				},
				{
					"name": "left_front_right_cuff2",
					"parent": "right_front_cuff",
					"pivot": [-0.54655, 22.6237, -1.24],
					"rotation": [0, 0, -7.5],
					"cubes": [
						{
							"origin": [-1.54655, 17.7737, -1.23],
							"size": [1, 4.85, 1],
							"uv": {
								"north": {"uv": [108, 19], "uv_size": [1, 5]},
								"east": {"uv": [108, 24], "uv_size": [1, 5]},
								"south": {"uv": [108, 29], "uv_size": [1, 5]},
								"west": {"uv": [108, 34], "uv_size": [1, 5]},
								"up": {"uv": [12, 128], "uv_size": [1, 1]},
								"down": {"uv": [128, 13], "uv_size": [1, -1]}
							}
						}
					]
				},
				{
					"name": "right_back_cuff",
					"parent": "right_cuff",
					"pivot": [-1.82845, 22.6237, 1.365],
					"rotation": [15, 0, 0],
					"cubes": [
						{
							"origin": [-3.10345, 17.62063, 0.35938],
							"size": [2.55, 5, 1],
							"uv": {
								"north": {"uv": [83, 70], "uv_size": [3, 5]},
								"east": {"uv": [36, 108], "uv_size": [1, 5]},
								"south": {"uv": [72, 83], "uv_size": [3, 5]},
								"west": {"uv": [108, 39], "uv_size": [1, 5]},
								"up": {"uv": [118, 76], "uv_size": [3, 1]},
								"down": {"uv": [118, 78], "uv_size": [3, -1]}
							}
						}
					]
				},
				{
					"name": "right_back_right_cuff",
					"parent": "right_back_cuff",
					"pivot": [-3.10345, 22.6237, 1.365],
					"rotation": [0, 0, 10],
					"cubes": [
						{
							"origin": [-3.10292, 17.87068, -0.00062],
							"size": [1, 4.75, 1.35],
							"uv": {
								"north": {"uv": [44, 108], "uv_size": [1, 5]},
								"east": {"uv": [108, 44], "uv_size": [1, 5]},
								"south": {"uv": [108, 49], "uv_size": [1, 5]},
								"west": {"uv": [108, 54], "uv_size": [1, 5]},
								"up": {"uv": [13, 128], "uv_size": [1, 1]},
								"down": {"uv": [128, 14], "uv_size": [1, -1]}
							}
						}
					]
				},
				{
					"name": "right_back_left_cuff",
					"parent": "right_back_cuff",
					"pivot": [-0.54655, 22.6237, 1.365],
					"rotation": [0, 0, -7.5],
					"cubes": [
						{
							"origin": [-1.54695, 17.87066, -0.00062],
							"size": [1, 4.75, 1.35],
							"uv": {
								"north": {"uv": [108, 59], "uv_size": [1, 5]},
								"east": {"uv": [108, 64], "uv_size": [1, 5]},
								"south": {"uv": [108, 69], "uv_size": [1, 5]},
								"west": {"uv": [108, 74], "uv_size": [1, 5]},
								"up": {"uv": [14, 128], "uv_size": [1, 1]},
								"down": {"uv": [128, 15], "uv_size": [1, -1]}
							}
						}
					]
				},
				{
					"name": "right_left_cuff",
					"parent": "right_cuff",
					"pivot": [-0.54655, 22.6237, 0.06],
					"rotation": [0, 0, -7.5],
					"cubes": [
						{
							"origin": [-1.54655, 17.6237, -1.24],
							"size": [1, 5, 2.6],
							"uv": {
								"north": {"uv": [78, 108], "uv_size": [1, 5]},
								"east": {"uv": [83, 75], "uv_size": [3, 5]},
								"south": {"uv": [108, 79], "uv_size": [1, 5]},
								"west": {"uv": [83, 80], "uv_size": [3, 5]},
								"up": {"uv": [1, 118], "uv_size": [1, 3]},
								"down": {"uv": [14, 121], "uv_size": [1, -3]}
							}
						}
					]
				},
				{
					"name": "right_right_cuff",
					"parent": "right_cuff",
					"pivot": [-3.10345, 22.6237, 0.06],
					"rotation": [0, 0, 10],
					"cubes": [
						{
							"origin": [-3.10345, 17.6237, -1.24],
							"size": [1, 5, 2.6],
							"uv": {
								"north": {"uv": [108, 84], "uv_size": [1, 5]},
								"east": {"uv": [8, 84], "uv_size": [3, 5]},
								"south": {"uv": [108, 89], "uv_size": [1, 5]},
								"west": {"uv": [84, 9], "uv_size": [3, 5]},
								"up": {"uv": [18, 118], "uv_size": [1, 3]},
								"down": {"uv": [19, 121], "uv_size": [1, -3]}
							}
						}
					]
				},
				{
					"name": "RightHandLocator",
					"parent": "RightForeArm",
					"pivot": [-2.00345, 17.57166, 0.01]
				},
				{
					"name": "BladeLocator",
					"parent": "RightForeArm",
					"pivot": [-2.00345, 17.57166, 0.01]
				},
				{
					"name": "LeftArm",
					"pivot": [2, 28, 0],
					"cubes": [
						{
							"origin": [0.87845, 22.02166, -0.44],
							"size": [1.875, 1.45, 1.45],
							"pivot": [1.75345, 22.97166, 0.01],
							"rotation": [-45, 0, 0],
							"uv": {
								"north": {"uv": [122, 116], "uv_size": [2, 1]},
								"east": {"uv": [127, 106], "uv_size": [1, 1]},
								"south": {"uv": [123, 7], "uv_size": [2, 1]},
								"west": {"uv": [107, 127], "uv_size": [1, 1]},
								"up": {"uv": [12, 123], "uv_size": [2, 1]},
								"down": {"uv": [123, 15], "uv_size": [2, -1]}
							}
						},
						{
							"origin": [0.60345, 22.6207, -1.19],
							"size": [2.45, 6.502, 2.5],
							"uv": {
								"north": {"uv": [86, 76], "uv_size": [2, 7]},
								"east": {"uv": [31, 0], "uv_size": [3, 7]},
								"south": {"uv": [77, 86], "uv_size": [2, 7]},
								"west": {"uv": [63, 46], "uv_size": [3, 7]},
								"up": {"uv": [103, 93], "uv_size": [2, 3]},
								"down": {"uv": [95, 106], "uv_size": [2, -3]}
							}
						}
					]
				},
				{
					"name": "left_sleeve",
					"parent": "LeftArm",
					"pivot": [2, 28, 0],
					"cubes": [
						{
							"origin": [0.55345, 22.6197, -1.24],
							"size": [2.55, 6.504, 2.6],
							"uv": {
								"north": {"uv": [51, 69], "uv_size": [3, 7]},
								"east": {"uv": [17, 70], "uv_size": [3, 7]},
								"south": {"uv": [71, 55], "uv_size": [3, 7]},
								"west": {"uv": [72, 0], "uv_size": [3, 7]},
								"up": {"uv": [95, 48], "uv_size": [3, 3]},
								"down": {"uv": [95, 54], "uv_size": [3, -3]}
							}
						}
					]
				},
				{
					"name": "left_arm_cappa",
					"parent": "LeftArm",
					"pivot": [1.75, 28, 0],
					"cubes": [
						{
							"origin": [0.50345, 28.3727, -1.69],
							"size": [2.55, 1, 3.5],
							"uv": {
								"north": {"uv": [117, 55], "uv_size": [3, 1]},
								"east": {"uv": [111, 13], "uv_size": [4, 1]},
								"south": {"uv": [117, 56], "uv_size": [3, 1]},
								"west": {"uv": [111, 14], "uv_size": [4, 1]},
								"up": {"uv": [89, 26], "uv_size": [3, 4]},
								"down": {"uv": [89, 34], "uv_size": [3, -4]}
							}
						}
					]
				},
				{
					"name": "left_arm_front_cappa",
					"parent": "left_arm_cappa",
					"pivot": [1.65345, 29.3727, -1.69],
					"rotation": [-15, 0, 0],
					"cubes": [
						{
							"origin": [1.05345, 25.3727, -1.69],
							"size": [2, 4, 1],
							"uv": {
								"north": {"uv": [43, 70], "uv_size": [2, 4]},
								"east": {"uv": [43, 110], "uv_size": [1, 4]},
								"south": {"uv": [87, 0], "uv_size": [2, 4]},
								"west": {"uv": [59, 110], "uv_size": [1, 4]},
								"up": {"uv": [123, 15], "uv_size": [2, 1]},
								"down": {"uv": [16, 124], "uv_size": [2, -1]}
							}
						},
						{
							"origin": [1.0544, 25.8727, -1.691],
							"size": [2, 0.5, 1],
							"uv": {
								"north": {"uv": [18, 123], "uv_size": [2, 1]},
								"east": {"uv": [127, 107], "uv_size": [1, 1]},
								"south": {"uv": [123, 18], "uv_size": [2, 1]},
								"west": {"uv": [108, 127], "uv_size": [1, 1]},
								"up": {"uv": [123, 19], "uv_size": [2, 1]},
								"down": {"uv": [21, 124], "uv_size": [2, -1]}
							}
						},
						{
							"origin": [2.05345, 24.2727, -1.59],
							"size": [1.5, 1.5, 0.5],
							"uv": {
								"north": {"uv": [14, 123], "uv_size": [1, 2]},
								"east": {"uv": [23, 123], "uv_size": [1, 2]},
								"south": {"uv": [24, 123], "uv_size": [1, 2]},
								"west": {"uv": [25, 123], "uv_size": [1, 2]},
								"up": {"uv": [127, 108], "uv_size": [1, 1]},
								"down": {"uv": [109, 128], "uv_size": [1, -1]}
							}
						},
						{
							"origin": [2.05345, 25.6227, -1.69],
							"size": [1, 3.75, 1],
							"pivot": [3.05345, 29.3727, -1.69],
							"rotation": [0, 1, -15],
							"uv": {
								"north": {"uv": [72, 110], "uv_size": [1, 4]},
								"east": {"uv": [77, 110], "uv_size": [1, 4]},
								"south": {"uv": [101, 110], "uv_size": [1, 4]},
								"west": {"uv": [6, 111], "uv_size": [1, 4]},
								"up": {"uv": [127, 109], "uv_size": [1, 1]},
								"down": {"uv": [110, 128], "uv_size": [1, -1]}
							}
						},
						{
							"origin": [2.0544, 26.1227, -1.691],
							"size": [1, 0.5, 1],
							"pivot": [3.05345, 29.3727, -1.69],
							"rotation": [0, 1, -15],
							"uv": {
								"north": {"uv": [127, 110], "uv_size": [1, 1]},
								"east": {"uv": [111, 127], "uv_size": [1, 1]},
								"south": {"uv": [127, 111], "uv_size": [1, 1]},
								"west": {"uv": [112, 127], "uv_size": [1, 1]},
								"up": {"uv": [127, 112], "uv_size": [1, 1]},
								"down": {"uv": [113, 128], "uv_size": [1, -1]}
							}
						}
					]
				},
				{
					"name": "left_arm_back_cappa",
					"parent": "left_arm_cappa",
					"pivot": [1.65345, 29.3727, 1.815],
					"rotation": [15, 0, 0],
					"cubes": [
						{
							"origin": [1.05345, 25.37461, 0.81038],
							"size": [2, 4, 1],
							"uv": {
								"north": {"uv": [34, 95], "uv_size": [2, 4]},
								"east": {"uv": [7, 111], "uv_size": [1, 4]},
								"south": {"uv": [32, 98], "uv_size": [2, 4]},
								"west": {"uv": [111, 15], "uv_size": [1, 4]},
								"up": {"uv": [123, 25], "uv_size": [2, 1]},
								"down": {"uv": [123, 27], "uv_size": [2, -1]}
							}
						},
						{
							"origin": [1.0544, 25.87461, 0.8114],
							"size": [2, 0.5, 1],
							"uv": {
								"north": {"uv": [27, 123], "uv_size": [2, 1]},
								"east": {"uv": [127, 113], "uv_size": [1, 1]},
								"south": {"uv": [123, 28], "uv_size": [2, 1]},
								"west": {"uv": [114, 127], "uv_size": [1, 1]},
								"up": {"uv": [123, 29], "uv_size": [2, 1]},
								"down": {"uv": [30, 124], "uv_size": [2, -1]}
							}
						},
						{
							"origin": [2.30345, 24.62461, 1.31038],
							"size": [1.5, 1.5, 0.5],
							"pivot": [2.47845, 25.19961, 1.43538],
							"rotation": [22.5, 0, 0],
							"uv": {
								"north": {"uv": [123, 31], "uv_size": [1, 2]},
								"east": {"uv": [33, 123], "uv_size": [1, 2]},
								"south": {"uv": [34, 123], "uv_size": [1, 2]},
								"west": {"uv": [35, 123], "uv_size": [1, 2]},
								"up": {"uv": [127, 114], "uv_size": [1, 1]},
								"down": {"uv": [115, 128], "uv_size": [1, -1]}
							}
						},
						{
							"origin": [1.15345, 24.27461, 1.06038],
							"size": [1.5, 1.5, 0.5],
							"pivot": [2.47845, 25.19961, 1.43538],
							"rotation": [22.5, 0, 0],
							"uv": {
								"north": {"uv": [16, 111], "uv_size": [2, 2]},
								"east": {"uv": [36, 123], "uv_size": [1, 2]},
								"south": {"uv": [111, 19], "uv_size": [2, 2]},
								"west": {"uv": [37, 123], "uv_size": [1, 2]},
								"up": {"uv": [123, 37], "uv_size": [2, 1]},
								"down": {"uv": [123, 39], "uv_size": [2, -1]}
							}
						},
						{
							"origin": [2.05345, 25.62461, 0.81038],
							"size": [1, 3.75, 1],
							"pivot": [3.05345, 29.37461, 1.81038],
							"rotation": [0, -1, -15],
							"uv": {
								"north": {"uv": [19, 111], "uv_size": [1, 4]},
								"east": {"uv": [111, 21], "uv_size": [1, 4]},
								"south": {"uv": [111, 25], "uv_size": [1, 4]},
								"west": {"uv": [111, 29], "uv_size": [1, 4]},
								"up": {"uv": [127, 115], "uv_size": [1, 1]},
								"down": {"uv": [116, 128], "uv_size": [1, -1]}
							}
						},
						{
							"origin": [2.0544, 26.12461, 0.8114],
							"size": [1, 0.5, 1],
							"pivot": [3.05345, 29.37461, 1.81038],
							"rotation": [0, -1, -15],
							"uv": {
								"north": {"uv": [127, 116], "uv_size": [1, 1]},
								"east": {"uv": [117, 127], "uv_size": [1, 1]},
								"south": {"uv": [127, 117], "uv_size": [1, 1]},
								"west": {"uv": [118, 127], "uv_size": [1, 1]},
								"up": {"uv": [127, 118], "uv_size": [1, 1]},
								"down": {"uv": [119, 128], "uv_size": [1, -1]}
							}
						}
					]
				},
				{
					"name": "left_arm_right_cappa",
					"parent": "left_arm_cappa",
					"pivot": [3.05345, 29.3727, 0.06],
					"rotation": [0, 0, -15],
					"cubes": [
						{
							"origin": [2.05345, 25.3727, -1.69],
							"size": [1, 4, 3.5],
							"uv": {
								"north": {"uv": [111, 33], "uv_size": [1, 4]},
								"east": {"uv": [65, 80], "uv_size": [4, 4]},
								"south": {"uv": [34, 111], "uv_size": [1, 4]},
								"west": {"uv": [16, 82], "uv_size": [4, 4]},
								"up": {"uv": [35, 111], "uv_size": [1, 4]},
								"down": {"uv": [111, 41], "uv_size": [1, -4]}
							}
						},
						{
							"origin": [2.0544, 25.8727, -1.69],
							"size": [1, 0.5, 3.5],
							"uv": {
								"north": {"uv": [127, 119], "uv_size": [1, 1]},
								"east": {"uv": [111, 41], "uv_size": [4, 1]},
								"south": {"uv": [120, 127], "uv_size": [1, 1]},
								"west": {"uv": [111, 42], "uv_size": [4, 1]},
								"up": {"uv": [55, 111], "uv_size": [1, 4]},
								"down": {"uv": [56, 115], "uv_size": [1, -4]}
							}
						},
						{
							"origin": [2.45345, 24.6227, 1.06],
							"size": [0.5, 1.5, 1.5],
							"uv": {
								"north": {"uv": [39, 123], "uv_size": [1, 2]},
								"east": {"uv": [111, 43], "uv_size": [2, 2]},
								"south": {"uv": [40, 123], "uv_size": [1, 2]},
								"west": {"uv": [57, 111], "uv_size": [2, 2]},
								"up": {"uv": [123, 40], "uv_size": [1, 2]},
								"down": {"uv": [42, 125], "uv_size": [1, -2]}
							}
						},
						{
							"origin": [2.45345, 24.6227, -1.24],
							"size": [0.5, 1.5, 1.5],
							"uv": {
								"north": {"uv": [43, 123], "uv_size": [1, 2]},
								"east": {"uv": [60, 111], "uv_size": [2, 2]},
								"south": {"uv": [123, 43], "uv_size": [1, 2]},
								"west": {"uv": [95, 111], "uv_size": [2, 2]},
								"up": {"uv": [45, 123], "uv_size": [1, 2]},
								"down": {"uv": [46, 125], "uv_size": [1, -2]}
							}
						},
						{
							"origin": [2.20345, 24.2727, -0.09],
							"size": [0.5, 1.5, 1.5],
							"uv": {
								"north": {"uv": [47, 123], "uv_size": [1, 2]},
								"east": {"uv": [97, 111], "uv_size": [2, 2]},
								"south": {"uv": [48, 123], "uv_size": [1, 2]},
								"west": {"uv": [102, 111], "uv_size": [2, 2]},
								"up": {"uv": [49, 123], "uv_size": [1, 2]},
								"down": {"uv": [123, 51], "uv_size": [1, -2]}
							}
						},
						{
							"origin": [2.20345, 24.2727, -2.39],
							"size": [0.5, 1.5, 1.5],
							"uv": {
								"north": {"uv": [50, 123], "uv_size": [1, 2]},
								"east": {"uv": [110, 111], "uv_size": [2, 2]},
								"south": {"uv": [51, 123], "uv_size": [1, 2]},
								"west": {"uv": [0, 112], "uv_size": [2, 2]},
								"up": {"uv": [123, 51], "uv_size": [1, 2]},
								"down": {"uv": [52, 125], "uv_size": [1, -2]}
							}
						}
					]
				},
				{
					"name": "LeftForeArm",
					"parent": "LeftArm",
					"pivot": [1.75345, 22.6, 0],
					"cubes": [
						{
							"origin": [0.65345, 16.12166, -1.14],
							"size": [2.35, 6.5, 2.4],
							"uv": {
								"north": {"uv": [79, 86], "uv_size": [2, 7]},
								"east": {"uv": [81, 86], "uv_size": [2, 7]},
								"south": {"uv": [86, 83], "uv_size": [2, 7]},
								"west": {"uv": [0, 87], "uv_size": [2, 7]},
								"up": {"uv": [2, 112], "uv_size": [2, 2]},
								"down": {"uv": [112, 9], "uv_size": [2, -2]}
							}
						},
						{
							"origin": [0.60345, 18.6227, -1.19],
							"size": [2.45, 4, 2.5],
							"uv": {
								"north": {"uv": [98, 36], "uv_size": [2, 4]},
								"east": {"uv": [40, 89], "uv_size": [3, 4]},
								"south": {"uv": [40, 98], "uv_size": [2, 4]},
								"west": {"uv": [51, 89], "uv_size": [3, 4]},
								"up": {"uv": [103, 96], "uv_size": [2, 3]},
								"down": {"uv": [97, 106], "uv_size": [2, -3]}
							}
						},
						{
							"origin": [0.50345, 18.1227, -1.29],
							"size": [2.65, 1, 2.7],
							"uv": {
								"north": {"uv": [128, 87], "uv_size": [3, 1]},
								"east": {"uv": [128, 88], "uv_size": [3, 1]},
								"south": {"uv": [128, 89], "uv_size": [3, 1]},
								"west": {"uv": [90, 128], "uv_size": [3, 1]},
								"up": {"uv": [81, 128], "uv_size": [3, 3]},
								"down": {"uv": [128, 85], "uv_size": [3, -3]}
							}
						}
					]
				},
				{
					"name": "left_cuff",
					"parent": "LeftForeArm",
					"pivot": [1.75345, 16.1, 0],
					"cubes": [
						{
							"origin": [0.55345, 21.6237, -1.24],
							"size": [2.55, 1, 2.6],
							"uv": {
								"north": {"uv": [117, 69], "uv_size": [3, 1]},
								"east": {"uv": [117, 72], "uv_size": [3, 1]},
								"south": {"uv": [81, 117], "uv_size": [3, 1]},
								"west": {"uv": [89, 117], "uv_size": [3, 1]},
								"up": {"uv": [95, 54], "uv_size": [3, 3]},
								"down": {"uv": [95, 60], "uv_size": [3, -3]}
							}
						}
					]
				},
				{
					"name": "left_front_cuff",
					"parent": "left_cuff",
					"pivot": [1.82845, 22.6237, -1.24],
					"rotation": [-10, 0, 0],
					"cubes": [
						{
							"origin": [0.55345, 17.6237, -1.24],
							"size": [2.55, 5, 1],
							"uv": {
								"north": {"uv": [24, 7], "uv_size": [3, 5]},
								"east": {"uv": [107, 14], "uv_size": [1, 5]},
								"south": {"uv": [32, 76], "uv_size": [3, 5]},
								"west": {"uv": [15, 107], "uv_size": [1, 5]},
								"up": {"uv": [92, 117], "uv_size": [3, 1]},
								"down": {"uv": [115, 118], "uv_size": [3, -1]}
							}
						}
					]
				},
				{
					"name": "left_front_left_cuff",
					"parent": "left_front_cuff",
					"pivot": [3.10345, 22.6237, -1.24],
					"rotation": [0, 0, -10],
					"cubes": [
						{
							"origin": [2.10345, 17.7737, -1.23],
							"size": [1, 4.85, 1],
							"uv": {
								"north": {"uv": [107, 19], "uv_size": [1, 5]},
								"east": {"uv": [20, 107], "uv_size": [1, 5]},
								"south": {"uv": [21, 107], "uv_size": [1, 5]},
								"west": {"uv": [22, 107], "uv_size": [1, 5]},
								"up": {"uv": [127, 120], "uv_size": [1, 1]},
								"down": {"uv": [121, 128], "uv_size": [1, -1]}
							}
						}
					]
				},
				{
					"name": "left_front_right_cuff",
					"parent": "left_front_cuff",
					"pivot": [0.54655, 22.6237, -1.24],
					"rotation": [0, 0, 7.5],
					"cubes": [
						{
							"origin": [0.54655, 17.7737, -1.23],
							"size": [1, 4.85, 1],
							"uv": {
								"north": {"uv": [107, 24], "uv_size": [1, 5]},
								"east": {"uv": [28, 107], "uv_size": [1, 5]},
								"south": {"uv": [29, 107], "uv_size": [1, 5]},
								"west": {"uv": [107, 29], "uv_size": [1, 5]},
								"up": {"uv": [127, 121], "uv_size": [1, 1]},
								"down": {"uv": [122, 128], "uv_size": [1, -1]}
							}
						}
					]
				},
				{
					"name": "left_back_cuff",
					"parent": "left_cuff",
					"pivot": [1.82845, 22.6237, 1.365],
					"rotation": [15, 0, 0],
					"cubes": [
						{
							"origin": [0.55345, 17.62063, 0.35938],
							"size": [2.55, 5, 1],
							"uv": {
								"north": {"uv": [83, 4], "uv_size": [3, 5]},
								"east": {"uv": [30, 107], "uv_size": [1, 5]},
								"south": {"uv": [28, 83], "uv_size": [3, 5]},
								"west": {"uv": [31, 107], "uv_size": [1, 5]},
								"up": {"uv": [4, 118], "uv_size": [3, 1]},
								"down": {"uv": [118, 6], "uv_size": [3, -1]}
							}
						}
					]
				},
				{
					"name": "left_back_left_cuff",
					"parent": "left_back_cuff",
					"pivot": [3.10345, 22.6237, 1.365],
					"rotation": [0, 0, -10],
					"cubes": [
						{
							"origin": [2.10292, 17.87068, -0.00062],
							"size": [1, 4.75, 1.35],
							"uv": {
								"north": {"uv": [107, 34], "uv_size": [1, 5]},
								"east": {"uv": [107, 39], "uv_size": [1, 5]},
								"south": {"uv": [107, 44], "uv_size": [1, 5]},
								"west": {"uv": [107, 49], "uv_size": [1, 5]},
								"up": {"uv": [127, 122], "uv_size": [1, 1]},
								"down": {"uv": [123, 128], "uv_size": [1, -1]}
							}
						}
					]
				},
				{
					"name": "left_back_right_cuff",
					"parent": "left_back_cuff",
					"pivot": [0.54655, 22.6237, 1.365],
					"rotation": [0, 0, 7.5],
					"cubes": [
						{
							"origin": [0.54695, 17.87066, -0.00062],
							"size": [1, 4.75, 1.35],
							"uv": {
								"north": {"uv": [107, 54], "uv_size": [1, 5]},
								"east": {"uv": [107, 59], "uv_size": [1, 5]},
								"south": {"uv": [107, 64], "uv_size": [1, 5]},
								"west": {"uv": [107, 69], "uv_size": [1, 5]},
								"up": {"uv": [127, 123], "uv_size": [1, 1]},
								"down": {"uv": [124, 128], "uv_size": [1, -1]}
							}
						}
					]
				},
				{
					"name": "left_right_cuff",
					"parent": "left_cuff",
					"pivot": [0.54655, 22.6237, 0.06],
					"rotation": [0, 0, 7.5],
					"cubes": [
						{
							"origin": [0.54655, 17.6237, -1.24],
							"size": [1, 5, 2.6],
							"uv": {
								"north": {"uv": [107, 74], "uv_size": [1, 5]},
								"east": {"uv": [31, 83], "uv_size": [3, 5]},
								"south": {"uv": [107, 79], "uv_size": [1, 5]},
								"west": {"uv": [34, 83], "uv_size": [3, 5]},
								"up": {"uv": [84, 117], "uv_size": [1, 3]},
								"down": {"uv": [101, 120], "uv_size": [1, -3]}
							}
						}
					]
				},
				{
					"name": "left_left_cuff",
					"parent": "left_cuff",
					"pivot": [3.10345, 22.6237, 0.06],
					"rotation": [0, 0, -10],
					"cubes": [
						{
							"origin": [2.10345, 17.6237, -1.24],
							"size": [1, 5, 2.6],
							"uv": {
								"north": {"uv": [107, 84], "uv_size": [1, 5]},
								"east": {"uv": [45, 83], "uv_size": [3, 5]},
								"south": {"uv": [89, 107], "uv_size": [1, 5]},
								"west": {"uv": [48, 83], "uv_size": [3, 5]},
								"up": {"uv": [109, 117], "uv_size": [1, 3]},
								"down": {"uv": [0, 121], "uv_size": [1, -3]}
							}
						}
					]
				},
				{
					"name": "LeftHandLocator",
					"parent": "LeftForeArm",
					"pivot": [2.00345, 17.32166, 0.01]
				},
				{
					"name": "LeftWaistLocator",
					"parent": "LeftForeArm",
					"pivot": [2.00345, 17.57166, 0.01]
				},
				{
					"name": "SheathLocator",
					"parent": "LeftForeArm",
					"pivot": [2.00345, 17.57166, 0.01]
				}
			]
		}
	]
}