{
	"format_version": "1.12.0",
	"minecraft:geometry": [
		{
			"description": {
				"identifier": "geometry.unknown",
				"texture_width": 16,
				"texture_height": 16,
				"visible_bounds_width": 2,
				"visible_bounds_height": 1.5,
				"visible_bounds_offset": [0, 0.25, 0]
			},
			"bones": [
				{
					"name": "bow",
					"pivot": [1, 0, 0],
					"rotation": [0, 90, 0]
				},
				{
					"name": "ysmGlowbasic",
					"parent": "bow",
					"pivot": [1, 0, -1],
					"cubes": [
						{
							"origin": [0, -1, -2],
							"size": [2, 2, 2],
							"uv": {
								"north": {"uv": [6, 2], "uv_size": [2, 2]},
								"east": {"uv": [6, 4], "uv_size": [2, 2]},
								"south": {"uv": [6, 6], "uv_size": [2, 2]},
								"west": {"uv": [8, 2], "uv_size": [2, 2]},
								"up": {"uv": [8, 4], "uv_size": [2, 2]},
								"down": {"uv": [6, 10], "uv_size": [2, -2]}
							}
						},
						{
							"origin": [2, 1, 0],
							"size": [-2, -2, -2],
							"inflate": -0.25,
							"uv": {
								"north": {"uv": [8, 6], "uv_size": [2, 2]},
								"east": {"uv": [8, 8], "uv_size": [2, 2]},
								"south": {"uv": [0, 10], "uv_size": [2, 2]},
								"west": {"uv": [2, 10], "uv_size": [2, 2]},
								"up": {"uv": [10, 2], "uv_size": [2, 2]},
								"down": {"uv": [4, 12], "uv_size": [2, -2]}
							}
						}
					]
				},
				{
					"name": "ysmGlowbasic_trailer",
					"parent": "ysmGlowbasic",
					"pivot": [1, 0, 0],
					"cubes": [
						{
							"origin": [0.99, -1, 0],
							"size": [0.01, 2, 6],
							"uv": {
								"north": {"uv": [10, 4], "uv_size": [1, 2]},
								"east": {"uv": [0, 0], "uv_size": [6, 2]},
								"south": {"uv": [6, 10], "uv_size": [1, 2]},
								"west": {"uv": [0, 2], "uv_size": [6, 2]},
								"up": {"uv": [4, 4], "uv_size": [1, 6]},
								"down": {"uv": [5, 10], "uv_size": [1, -6]}
							}
						},
						{
							"origin": [0, 0, 0],
							"size": [2, 0.01, 6],
							"uv": {
								"north": {"uv": [10, 6], "uv_size": [2, 1]},
								"east": {"uv": [6, 0], "uv_size": [6, 1]},
								"south": {"uv": [7, 10], "uv_size": [2, 1]},
								"west": {"uv": [6, 1], "uv_size": [6, 1]},
								"up": {"uv": [0, 4], "uv_size": [2, 6]},
								"down": {"uv": [2, 10], "uv_size": [2, -6]}
							}
						}
					]
				}
			]
		}
	]
}