{
	"format_version": "1.12.0",
	"minecraft:geometry": [
		{
			"description": {
				"identifier": "geometry.unknown",
				"texture_width": 128,
				"texture_height": 128,
				"visible_bounds_width": 3,
				"visible_bounds_height": 4.5,
				"visible_bounds_offset": [0, 1.75, 0]
			},
			"bones": [
				{
					"name": "RightArm",
					"pivot": [-3.24864, 32.59793, 0.2378],
					"cubes": [
						{
							"origin": [-4.09935, 26.30302, -0.97145],
							"size": [2.145, 6.27, 2.42],
							"pivot": [-3.13568, 28.38562, 0.2378],
							"rotation": [0.1869, 0.9194, 0.4772],
							"uv": {
								"north": {"uv": [43, 58], "uv_size": [2, 6.5]},
								"east": {"uv": [15, 49], "uv_size": [2.5, 6.5]},
								"south": {"uv": [58, 56], "uv_size": [2, 6.5]},
								"west": {"uv": [33, 49], "uv_size": [2.5, 6.5]},
								"up": {"uv": [81, 8], "uv_size": [2, 2.5]},
								"down": {"uv": [81, 13.5], "uv_size": [2, -2.5]}
							}
						},
						{
							"origin": [-5.98062, 31.60577, -0.95895],
							"size": [0.99, 1.21, 2.395],
							"pivot": [-3.13568, 28.38562, 0.2378],
							"rotation": [0.6029, 0.7188, 28.9795],
							"uv": {
								"north": {"uv": [60, 111], "uv_size": [1, 1]},
								"east": {"uv": [91, 7], "uv_size": [2.5, 1]},
								"south": {"uv": [111, 60], "uv_size": [1, 1]},
								"west": {"uv": [91, 20], "uv_size": [2.5, 1]},
								"up": {"uv": [93, 14], "uv_size": [1, 2.5]},
								"down": {"uv": [93, 19.5], "uv_size": [1, -2.5]}
							}
						},
						{
							"origin": [-3.79935, 25.60302, -0.67145],
							"size": [1.545, 1.27, 1.82],
							"pivot": [-3.13568, 28.38562, 0.2378],
							"rotation": [0.1869, 0.9194, 0.4772],
							"uv": {
								"north": {"uv": [95, 18], "uv_size": [1.5, 1.5]},
								"east": {"uv": [0, 88], "uv_size": [2, 1.5]},
								"south": {"uv": [95, 20], "uv_size": [1.5, 1.5]},
								"west": {"uv": [2, 88], "uv_size": [2, 1.5]},
								"up": {"uv": [88, 8], "uv_size": [1.5, 2]},
								"down": {"uv": [88, 12], "uv_size": [1.5, -2]}
							}
						},
						{
							"origin": [-3.5156, 32.57299, -0.97396],
							"size": [1.56762, 1.06338, 2.41999],
							"pivot": [-3.12931, 29.15559, 0.23528],
							"rotation": [0.1869, 0.9194, 0.4772],
							"uv": {
								"north": {"uv": [104, 79], "uv_size": [1.5, 1]},
								"east": {"uv": [91, 27], "uv_size": [2.5, 1]},
								"south": {"uv": [104, 81], "uv_size": [1.5, 1]},
								"west": {"uv": [91, 28], "uv_size": [2.5, 1]},
								"up": {"uv": [26, 84], "uv_size": [1.5, 2.5]},
								"down": {"uv": [40, 86.5], "uv_size": [1.5, -2.5]}
							}
						}
					]
				},
				{
					"name": "RightForeArm",
					"parent": "RightArm",
					"pivot": [-3.02314, 26.27985, 0.25471],
					"cubes": [
						{
							"origin": [-4.09936, 19.48302, -0.97145],
							"size": [2.145, 6.82, 2.42],
							"pivot": [-3.13568, 28.38562, 0.2378],
							"rotation": [0.1868, 0.9194, 0.4772],
							"uv": {
								"north": {"uv": [54, 17], "uv_size": [2, 7]},
								"east": {"uv": [48, 0], "uv_size": [2.5, 7]},
								"south": {"uv": [13, 56], "uv_size": [2, 7]},
								"west": {"uv": [49, 7], "uv_size": [2.5, 7]},
								"up": {"uv": [81, 14], "uv_size": [2, 2.5]},
								"down": {"uv": [81, 19.5], "uv_size": [2, -2.5]}
							}
						}
					]
				},
				{
					"name": "RightForeArmCoat",
					"parent": "RightForeArm",
					"pivot": [-3.02314, 26.27985, 0.25471],
					"cubes": [
						{
							"origin": [-4.11388, 21.46863, -1.02401],
							"size": [2.23892, 4.845, 2.51999],
							"pivot": [-2.1502, 28.37124, 3.18524],
							"rotation": [0.1868, 0.9194, 0.4772],
							"uv": {
								"north": {"uv": [6, 66], "uv_size": [2, 5]},
								"east": {"uv": [30, 59], "uv_size": [2.5, 5]},
								"south": {"uv": [66, 31], "uv_size": [2, 5]},
								"west": {"uv": [36, 59], "uv_size": [2.5, 5]},
								"up": {"uv": [81, 20], "uv_size": [2, 2.5]},
								"down": {"uv": [81, 25.5], "uv_size": [2, -2.5]}
							}
						},
						{
							"origin": [-4.25835, 21.49419, -0.97459],
							"size": [0.5, 1.5, 2.51999],
							"pivot": [-4.00835, 21.99419, 0.2854],
							"rotation": [0.10595, 0.93218, -4.52344],
							"uv": {
								"north": {"uv": [113, 81], "uv_size": [0.5, 1.5]},
								"east": {"uv": [42, 84], "uv_size": [2.5, 1.5]},
								"south": {"uv": [83, 113], "uv_size": [0.5, 1.5]},
								"west": {"uv": [50, 84], "uv_size": [2.5, 1.5]},
								"up": {"uv": [1, 107], "uv_size": [0.5, 2.5]},
								"down": {"uv": [2, 109.5], "uv_size": [0.5, -2.5]}
							}
						},
						{
							"origin": [-2.43067, 21.47897, -1.00393],
							"size": [0.5, 1.5, 2.51999],
							"pivot": [-2.18067, 21.97897, 0.25607],
							"rotation": [0.26623, 0.89962, 5.47779],
							"uv": {
								"north": {"uv": [113, 83], "uv_size": [0.5, 1.5]},
								"east": {"uv": [66, 84], "uv_size": [2.5, 1.5]},
								"south": {"uv": [84, 113], "uv_size": [0.5, 1.5]},
								"west": {"uv": [69, 84], "uv_size": [2.5, 1.5]},
								"up": {"uv": [3, 107], "uv_size": [0.5, 2.5]},
								"down": {"uv": [4, 109.5], "uv_size": [0.5, -2.5]}
							}
						},
						{
							"origin": [-4.23092, 21.48329, -1.03365],
							"size": [2.23892, 1.5, 0.5],
							"pivot": [-3.11146, 21.98329, -0.78365],
							"rotation": [5.1868, 0.9194, 0.4772],
							"uv": {
								"north": {"uv": [88, 12], "uv_size": [2, 1.5]},
								"east": {"uv": [85, 113], "uv_size": [0.5, 1.5]},
								"south": {"uv": [18, 88], "uv_size": [2, 1.5]},
								"west": {"uv": [113, 85], "uv_size": [0.5, 1.5]},
								"up": {"uv": [61, 111], "uv_size": [2, 0.5]},
								"down": {"uv": [111, 61.5], "uv_size": [2, -0.5]}
							}
						},
						{
							"origin": [-4.19702, 21.48988, 1.07512],
							"size": [2.23892, 1.5, 0.5],
							"pivot": [-3.07756, 21.98988, 1.32512],
							"rotation": [-4.8132, 0.9194, 0.4772],
							"uv": {
								"north": {"uv": [20, 88], "uv_size": [2, 1.5]},
								"east": {"uv": [86, 113], "uv_size": [0.5, 1.5]},
								"south": {"uv": [22, 88], "uv_size": [2, 1.5]},
								"west": {"uv": [87, 113], "uv_size": [0.5, 1.5]},
								"up": {"uv": [111, 62], "uv_size": [2, 0.5]},
								"down": {"uv": [63, 111.5], "uv_size": [2, -0.5]}
							}
						}
					]
				},
				{
					"name": "RightHand",
					"parent": "RightForeArm",
					"pivot": [-3.13568, 21.78562, 0.2378]
				},
				{
					"name": "RightHandLocator",
					"parent": "RightHand",
					"pivot": [-3.13568, 20.68562, 0.2378]
				},
				{
					"name": "RightArmCoat",
					"parent": "RightArm",
					"pivot": [-3.50746, 33.56386, 0.2378],
					"cubes": [
						{
							"origin": [-5.96812, 31.60577, -1.00895],
							"size": [1.04, 1.21, 2.52],
							"pivot": [-3.07318, 28.38562, 5.2503],
							"rotation": [0.6029, 0.7188, 28.9795],
							"uv": {
								"north": {"uv": [111, 63], "uv_size": [1, 1]},
								"east": {"uv": [91, 41], "uv_size": [2.5, 1]},
								"south": {"uv": [111, 64], "uv_size": [1, 1]},
								"west": {"uv": [92, 21], "uv_size": [2.5, 1]},
								"up": {"uv": [93, 24], "uv_size": [1, 2.5]},
								"down": {"uv": [28, 95.5], "uv_size": [1, -2.5]}
							}
						},
						{
							"origin": [-4.08078, 26.30302, -1.00895],
							"size": [2.23892, 6.29387, 2.51999],
							"pivot": [-3.07318, 28.38562, 5.2503],
							"rotation": [0.1869, 0.9194, 0.4772],
							"uv": {
								"north": {"uv": [6, 59], "uv_size": [2, 6.5]},
								"east": {"uv": [18, 52], "uv_size": [2.5, 6.5]},
								"south": {"uv": [17, 59], "uv_size": [2, 6.5]},
								"west": {"uv": [21, 52], "uv_size": [2.5, 6.5]},
								"up": {"uv": [81, 35], "uv_size": [2, 2.5]},
								"down": {"uv": [81, 40.5], "uv_size": [2, -2.5]}
							}
						},
						{
							"origin": [-3.78685, 25.55302, -0.70895],
							"size": [1.645, 1.32, 1.92],
							"pivot": [-3.07318, 28.38562, 5.2503],
							"rotation": [0.1869, 0.9194, 0.4772],
							"uv": {
								"north": {"uv": [32, 95], "uv_size": [1.5, 1.5]},
								"east": {"uv": [88, 22], "uv_size": [2, 1.5]},
								"south": {"uv": [44, 95], "uv_size": [1.5, 1.5]},
								"west": {"uv": [88, 24], "uv_size": [2, 1.5]},
								"up": {"uv": [88, 26], "uv_size": [1.5, 2]},
								"down": {"uv": [88, 30], "uv_size": [1.5, -2]}
							}
						},
						{
							"origin": [-3.49704, 32.59686, -1.01146],
							"size": [1.66156, 1.06337, 2.51999],
							"pivot": [-3.06681, 29.15559, 5.24778],
							"rotation": [0.1869, 0.9194, 0.4772],
							"uv": {
								"north": {"uv": [104, 82], "uv_size": [1.5, 1]},
								"east": {"uv": [92, 34], "uv_size": [2.5, 1]},
								"south": {"uv": [104, 84], "uv_size": [1.5, 1]},
								"west": {"uv": [92, 46], "uv_size": [2.5, 1]},
								"up": {"uv": [53, 84], "uv_size": [1.5, 2.5]},
								"down": {"uv": [61, 86.5], "uv_size": [1.5, -2.5]}
							}
						}
					]
				},
				{
					"name": "LeftArm",
					"pivot": [3.24864, 32.59793, 0.2378],
					"cubes": [
						{
							"origin": [1.95435, 26.30302, -0.97145],
							"size": [2.145, 6.27, 2.42],
							"pivot": [3.13568, 28.38562, 0.2378],
							"rotation": [0.1869, -0.9194, -0.4772],
							"uv": {
								"north": {"uv": [19, 59], "uv_size": [2, 6.5]},
								"east": {"uv": [24, 52], "uv_size": [2.5, 6.5]},
								"south": {"uv": [21, 59], "uv_size": [2, 6.5]},
								"west": {"uv": [27, 52], "uv_size": [2.5, 6.5]},
								"up": {"uv": [81, 42], "uv_size": [2, 2.5]},
								"down": {"uv": [44, 83.5], "uv_size": [2, -2.5]}
							}
						},
						{
							"origin": [4.99062, 31.60577, -0.95895],
							"size": [0.99, 1.21, 2.395],
							"pivot": [3.13568, 28.38562, 0.2378],
							"rotation": [0.6029, -0.7188, -28.9795],
							"uv": {
								"north": {"uv": [65, 111], "uv_size": [1, 1]},
								"east": {"uv": [92, 51], "uv_size": [2.5, 1]},
								"south": {"uv": [111, 65], "uv_size": [1, 1]},
								"west": {"uv": [93, 29], "uv_size": [2.5, 1]},
								"up": {"uv": [29, 93], "uv_size": [1, 2.5]},
								"down": {"uv": [93, 32.5], "uv_size": [1, -2.5]}
							}
						},
						{
							"origin": [2.25435, 25.60302, -0.67145],
							"size": [1.545, 1.27, 1.82],
							"pivot": [3.13568, 28.38562, 0.2378],
							"rotation": [0.1869, -0.9194, -0.4772],
							"uv": {
								"north": {"uv": [46, 95], "uv_size": [1.5, 1.5]},
								"east": {"uv": [88, 30], "uv_size": [2, 1.5]},
								"south": {"uv": [95, 50], "uv_size": [1.5, 1.5]},
								"west": {"uv": [88, 32], "uv_size": [2, 1.5]},
								"up": {"uv": [88, 35], "uv_size": [1.5, 2]},
								"down": {"uv": [88, 39], "uv_size": [1.5, -2]}
							}
						},
						{
							"origin": [1.94798, 32.57299, -0.97396],
							"size": [1.56762, 1.06338, 2.41999],
							"pivot": [3.12931, 29.15559, 0.23528],
							"rotation": [0.1869, -0.9194, -0.4772],
							"uv": {
								"north": {"uv": [104, 85], "uv_size": [1.5, 1]},
								"east": {"uv": [93, 33], "uv_size": [2.5, 1]},
								"south": {"uv": [87, 104], "uv_size": [1.5, 1]},
								"west": {"uv": [93, 35], "uv_size": [2.5, 1]},
								"up": {"uv": [0, 85], "uv_size": [1.5, 2.5]},
								"down": {"uv": [2, 87.5], "uv_size": [1.5, -2.5]}
							}
						}
					]
				},
				{
					"name": "LeftForeArm",
					"parent": "LeftArm",
					"pivot": [3.02314, 26.27985, 0.25471],
					"cubes": [
						{
							"origin": [1.95436, 19.48302, -0.97145],
							"size": [2.145, 6.82, 2.42],
							"pivot": [3.13568, 28.38562, 0.2378],
							"rotation": [0.1868, -0.9194, -0.4772],
							"uv": {
								"north": {"uv": [15, 56], "uv_size": [2, 7]},
								"east": {"uv": [9, 49], "uv_size": [2.5, 7]},
								"south": {"uv": [56, 17], "uv_size": [2, 7]},
								"west": {"uv": [12, 49], "uv_size": [2.5, 7]},
								"up": {"uv": [81, 48], "uv_size": [2, 2.5]},
								"down": {"uv": [81, 53.5], "uv_size": [2, -2.5]}
							}
						}
					]
				},
				{
					"name": "LeftForeArmCoat",
					"parent": "LeftForeArm",
					"pivot": [3.02314, 26.27985, 0.25471],
					"cubes": [
						{
							"origin": [1.87496, 21.46863, -1.02401],
							"size": [2.23892, 4.845, 2.51999],
							"pivot": [2.1502, 28.37124, 3.18524],
							"rotation": [0.1868, -0.9194, -0.4772],
							"uv": {
								"north": {"uv": [32, 66], "uv_size": [2, 5]},
								"east": {"uv": [39, 59], "uv_size": [2.5, 5]},
								"south": {"uv": [34, 66], "uv_size": [2, 5]},
								"west": {"uv": [45, 59], "uv_size": [2.5, 5]},
								"up": {"uv": [53, 81], "uv_size": [2, 2.5]},
								"down": {"uv": [61, 83.5], "uv_size": [2, -2.5]}
							}
						},
						{
							"origin": [3.75835, 21.49419, -0.97459],
							"size": [0.5, 1.5, 2.51999],
							"pivot": [4.00835, 21.99419, 0.2854],
							"rotation": [0.10595, -0.93218, 4.52344],
							"uv": {
								"north": {"uv": [113, 87], "uv_size": [0.5, 1.5]},
								"east": {"uv": [7, 85], "uv_size": [2.5, 1.5]},
								"south": {"uv": [88, 113], "uv_size": [0.5, 1.5]},
								"west": {"uv": [85, 8], "uv_size": [2.5, 1.5]},
								"up": {"uv": [5, 107], "uv_size": [0.5, 2.5]},
								"down": {"uv": [6, 109.5], "uv_size": [0.5, -2.5]}
							}
						},
						{
							"origin": [1.93067, 21.47897, -1.00393],
							"size": [0.5, 1.5, 2.51999],
							"pivot": [2.18067, 21.97897, 0.25607],
							"rotation": [0.26623, -0.89962, -5.47779],
							"uv": {
								"north": {"uv": [89, 113], "uv_size": [0.5, 1.5]},
								"east": {"uv": [85, 10], "uv_size": [2.5, 1.5]},
								"south": {"uv": [113, 89], "uv_size": [0.5, 1.5]},
								"west": {"uv": [85, 12], "uv_size": [2.5, 1.5]},
								"up": {"uv": [7, 107], "uv_size": [0.5, 2.5]},
								"down": {"uv": [8, 109.5], "uv_size": [0.5, -2.5]}
							}
						},
						{
							"origin": [1.992, 21.48329, -1.03365],
							"size": [2.23892, 1.5, 0.5],
							"pivot": [3.11146, 21.98329, -0.78365],
							"rotation": [5.1868, -0.9194, -0.4772],
							"uv": {
								"north": {"uv": [42, 88], "uv_size": [2, 1.5]},
								"east": {"uv": [113, 91], "uv_size": [0.5, 1.5]},
								"south": {"uv": [88, 42], "uv_size": [2, 1.5]},
								"west": {"uv": [92, 113], "uv_size": [0.5, 1.5]},
								"up": {"uv": [66, 111], "uv_size": [2, 0.5]},
								"down": {"uv": [111, 66.5], "uv_size": [2, -0.5]}
							}
						},
						{
							"origin": [1.9581, 21.48988, 1.07512],
							"size": [2.23892, 1.5, 0.5],
							"pivot": [3.07756, 21.98988, 1.32512],
							"rotation": [-4.8132, -0.9194, -0.4772],
							"uv": {
								"north": {"uv": [88, 44], "uv_size": [2, 1.5]},
								"east": {"uv": [93, 113], "uv_size": [0.5, 1.5]},
								"south": {"uv": [88, 47], "uv_size": [2, 1.5]},
								"west": {"uv": [113, 94], "uv_size": [0.5, 1.5]},
								"up": {"uv": [68, 111], "uv_size": [2, 0.5]},
								"down": {"uv": [70, 111.5], "uv_size": [2, -0.5]}
							}
						}
					]
				},
				{
					"name": "LeftHand",
					"parent": "LeftForeArm",
					"pivot": [3.13568, 21.78562, 0.2378]
				},
				{
					"name": "LeftHandLocator",
					"parent": "LeftHand",
					"pivot": [3.13568, 20.68562, 0.2378]
				},
				{
					"name": "LeftArmCoat",
					"parent": "LeftArm",
					"pivot": [3.50746, 33.56386, 0.2378],
					"cubes": [
						{
							"origin": [4.92812, 31.60577, -1.00895],
							"size": [1.04, 1.21, 2.52],
							"pivot": [3.07318, 28.38562, 5.2503],
							"rotation": [0.6029, -0.7188, -28.9795],
							"uv": {
								"north": {"uv": [111, 71], "uv_size": [1, 1]},
								"east": {"uv": [93, 36], "uv_size": [2.5, 1]},
								"south": {"uv": [72, 111], "uv_size": [1, 1]},
								"west": {"uv": [93, 37], "uv_size": [2.5, 1]},
								"up": {"uv": [34, 93], "uv_size": [1, 2.5]},
								"down": {"uv": [38, 95.5], "uv_size": [1, -2.5]}
							}
						},
						{
							"origin": [1.84185, 26.30302, -1.00895],
							"size": [2.23892, 6.29387, 2.51999],
							"pivot": [3.07318, 28.38562, 5.2503],
							"rotation": [0.1869, -0.9194, -0.4772],
							"uv": {
								"north": {"uv": [23, 59], "uv_size": [2, 6.5]},
								"east": {"uv": [30, 52], "uv_size": [2.5, 6.5]},
								"south": {"uv": [25, 59], "uv_size": [2, 6.5]},
								"west": {"uv": [40, 52], "uv_size": [2.5, 6.5]},
								"up": {"uv": [81, 62], "uv_size": [2, 2.5]},
								"down": {"uv": [66, 83.5], "uv_size": [2, -2.5]}
							}
						},
						{
							"origin": [2.14185, 25.55302, -0.70895],
							"size": [1.645, 1.32, 1.92],
							"pivot": [3.07318, 28.38562, 5.2503],
							"rotation": [0.1869, -0.9194, -0.4772],
							"uv": {
								"north": {"uv": [51, 95], "uv_size": [1.5, 1.5]},
								"east": {"uv": [88, 49], "uv_size": [2, 1.5]},
								"south": {"uv": [69, 95], "uv_size": [1.5, 1.5]},
								"west": {"uv": [50, 88], "uv_size": [2, 1.5]},
								"up": {"uv": [88, 52], "uv_size": [1.5, 2]},
								"down": {"uv": [88, 56], "uv_size": [1.5, -2]}
							}
						},
						{
							"origin": [1.83548, 32.59686, -1.01146],
							"size": [1.66156, 1.06337, 2.51999],
							"pivot": [3.06681, 29.15559, 5.24778],
							"rotation": [0.1869, -0.9194, -0.4772],
							"uv": {
								"north": {"uv": [104, 87], "uv_size": [1.5, 1]},
								"east": {"uv": [93, 38], "uv_size": [2.5, 1]},
								"south": {"uv": [104, 88], "uv_size": [1.5, 1]},
								"west": {"uv": [93, 40], "uv_size": [2.5, 1]},
								"up": {"uv": [85, 14], "uv_size": [1.5, 2.5]},
								"down": {"uv": [85, 19.5], "uv_size": [1.5, -2.5]}
							}
						}
					]
				}
			]
		}
	]
}