{
	"format_version": "1.12.0",
	"minecraft:geometry": [
		{
			"description": {
				"identifier": "geometry.unknown",
				"texture_width": 128,
				"texture_height": 128,
				"visible_bounds_width": 4,
				"visible_bounds_height": 4.5,
				"visible_bounds_offset": [0, 1.75, 0]
			},
			"bones": [
				{
					"name": "Arm",
					"pivot": [0, 31.2, 0]
				},
				{
					"name": "LeftArm",
					"parent": "Arm",
					"pivot": [4.25, 29.9, 0],
					"rotation": [0, 0, -15],
					"cubes": [
						{
							"origin": [3.6, 28.025, -1.95],
							"size": [4.55, 3.1, 4],
							"uv": {
								"north": {"uv": [33.55, 97], "uv_size": [-4.55, 3.1]},
								"east": {"uv": [25, 86], "uv_size": [-4, 3.1]},
								"south": {"uv": [42, 93], "uv_size": [-5, 3]},
								"west": {"uv": [33, 84], "uv_size": [-4, 3.1]},
								"up": {"uv": [37.55, 71], "uv_size": [-4.55, 4]},
								"down": {"uv": [38.55, 81], "uv_size": [-4.55, -4]}
							}
						},
						{
							"origin": [2.95, 24.15, -1.6],
							"size": [3.25, 7, 3.3],
							"uv": {
								"north": {"uv": [60, 60], "uv_size": [3.25, 7]},
								"east": {"uv": [63, 60], "uv_size": [3.3, 7]},
								"south": {"uv": [66, 60], "uv_size": [3.25, 7]},
								"west": {"uv": [57, 60], "uv_size": [3.3, 7]},
								"up": {"uv": [60, 57], "uv_size": [3.25, 3.3]},
								"down": {"uv": [63, 60.3], "uv_size": [3.25, -3.3]}
							}
						}
					]
				},
				{
					"name": "LeftForeArm",
					"parent": "LeftArm",
					"pivot": [4.475, 24.25, 0.025],
					"cubes": [
						{
							"origin": [2.975, 17.225, -1.575],
							"size": [3.2, 8, 3.3],
							"uv": {
								"north": {"uv": [24, 58], "uv_size": [3.2, 8]},
								"east": {"uv": [27, 58], "uv_size": [3.3, 8]},
								"south": {"uv": [30, 58], "uv_size": [3.2, 8]},
								"west": {"uv": [21, 58], "uv_size": [3.3, 8]},
								"up": {"uv": [24, 55], "uv_size": [3.2, 3.3]},
								"down": {"uv": [27, 58.3], "uv_size": [3.2, -3.3]}
							}
						},
						{
							"origin": [2.49971, 20.11846, -1.625],
							"size": [2.05, 4, 3.3],
							"pivot": [4.67471, 21.59346, 0.025],
							"rotation": [0, 0, -2.5],
							"uv": {
								"north": {"uv": [47, 84], "uv_size": [2.05, 4]},
								"east": {"uv": [49, 84], "uv_size": [3.3, 4]},
								"south": {"uv": [52, 84], "uv_size": [2.05, 4]},
								"west": {"uv": [44, 84], "uv_size": [3.3, 4]},
								"up": {"uv": [47, 81], "uv_size": [2.05, 3.3]},
								"down": {"uv": [49, 84.3], "uv_size": [2.05, -3.3]}
							}
						},
						{
							"origin": [4.275, 20.1, -1.725],
							"size": [2.05, 4, 3.5],
							"pivot": [4.6, 21.6, 0.025],
							"rotation": [0, 0, 5],
							"uv": {
								"north": {"uv": [79, 44], "uv_size": [2.05, 4]},
								"east": {"uv": [81, 37], "uv_size": [3.5, 4]},
								"south": {"uv": [84, 37], "uv_size": [2.05, 4]},
								"west": {"uv": [76, 37], "uv_size": [3.5, 4]},
								"up": {"uv": [79, 34], "uv_size": [2.05, 3.5]},
								"down": {"uv": [81, 37.5], "uv_size": [2.05, -3.5]}
							}
						}
					]
				},
				{
					"name": "LeftHand",
					"parent": "LeftForeArm",
					"pivot": [4.575, 18.725, 0.025]
				},
				{
					"name": "LeftHandLocator",
					"parent": "LeftHand",
					"pivot": [4.575, 18.725, 0.025],
					"cubes": [
						{
							"origin": [4.075, 18.225, -0.475],
							"size": [1, 1, 1],
							"uv": {
								"north": {"uv": [42, 48], "uv_size": [1, 1]},
								"east": {"uv": [43, 48], "uv_size": [1, 1]},
								"south": {"uv": [44, 48], "uv_size": [1, 1]},
								"west": {"uv": [41, 48], "uv_size": [1, 1]},
								"up": {"uv": [42, 47], "uv_size": [1, 1]},
								"down": {"uv": [43, 48], "uv_size": [1, -1]}
							}
						}
					]
				},
				{
					"name": "RightArm",
					"parent": "Arm",
					"pivot": [-4.25, 29.775, 0],
					"rotation": [0, 0, 15],
					"cubes": [
						{
							"origin": [-6.2, 24.025, -1.6],
							"size": [3.25, 7, 3.3],
							"uv": {
								"north": {"uv": [63.25, 60], "uv_size": [-3.25, 7]},
								"east": {"uv": [60.3, 60], "uv_size": [-3.3, 7]},
								"south": {"uv": [69.25, 60], "uv_size": [-3.25, 7]},
								"west": {"uv": [66.3, 60], "uv_size": [-3.3, 7]},
								"up": {"uv": [63.25, 57], "uv_size": [-3.25, 3.3]},
								"down": {"uv": [66.25, 60.3], "uv_size": [-3.25, -3.3]}
							}
						},
						{
							"origin": [-8.4, 28.025, -1.95],
							"size": [4.55, 3.1, 4],
							"uv": {
								"north": {"uv": [18, 82], "uv_size": [-5, 3]},
								"east": {"uv": [12, 82], "uv_size": [-4, 3]},
								"south": {"uv": [43, 98], "uv_size": [-5, 3]},
								"west": {"uv": [17, 91], "uv_size": [-4, 3]},
								"up": {"uv": [25, 92], "uv_size": [-5, 4]},
								"down": {"uv": [26, 75], "uv_size": [-5, -4]}
							}
						}
					]
				},
				{
					"name": "RightForeArm",
					"parent": "RightArm",
					"pivot": [-4.475, 24.225, 0.025],
					"cubes": [
						{
							"origin": [-6.175, 17.2, -1.575],
							"size": [3.2, 8, 3.3],
							"uv": {
								"north": {"uv": [27.2, 58], "uv_size": [-3.2, 8]},
								"east": {"uv": [24.3, 58], "uv_size": [-3.3, 8]},
								"south": {"uv": [33.2, 58], "uv_size": [-3.2, 8]},
								"west": {"uv": [30.3, 58], "uv_size": [-3.3, 8]},
								"up": {"uv": [27.2, 55], "uv_size": [-3.2, 3.3]},
								"down": {"uv": [30.2, 58.3], "uv_size": [-3.2, -3.3]}
							}
						},
						{
							"origin": [-6.325, 20.2, -1.725],
							"size": [2.05, 4, 3.5],
							"pivot": [-4.6, 21.7, 0.025],
							"rotation": [0, 0, -5],
							"uv": {
								"north": {"uv": [81.05, 37], "uv_size": [-2.05, 4]},
								"east": {"uv": [75.5, 42], "uv_size": [-3.5, 4]},
								"south": {"uv": [86.05, 37], "uv_size": [-2.05, 4]},
								"west": {"uv": [84.5, 37], "uv_size": [-3.5, 4]},
								"up": {"uv": [81.05, 34], "uv_size": [-2.05, 3.5]},
								"down": {"uv": [83.05, 37.5], "uv_size": [-2.05, -3.5]}
							}
						},
						{
							"origin": [-4.54971, 20.21846, -1.625],
							"size": [2.05, 4, 3.3],
							"pivot": [-4.67471, 21.69346, 0.025],
							"rotation": [0, 0, 2.5],
							"uv": {
								"north": {"uv": [91.05, 82], "uv_size": [-2.05, 4]},
								"east": {"uv": [89.3, 82], "uv_size": [-3.3, 4]},
								"south": {"uv": [96.05, 82], "uv_size": [-2.05, 4]},
								"west": {"uv": [94.3, 82], "uv_size": [-3.3, 4]},
								"up": {"uv": [91.05, 79], "uv_size": [-2.05, 3.3]},
								"down": {"uv": [93.05, 82.3], "uv_size": [-2.05, -3.3]}
							}
						}
					]
				},
				{
					"name": "RightHand",
					"parent": "RightForeArm",
					"pivot": [-4.575, 18.825, 0.025],
					"cubes": [
						{
							"origin": [-5.075, 18.325, -0.475],
							"size": [1, 1, 1],
							"uv": {
								"north": {"uv": [43, 48], "uv_size": [-1, 1]},
								"east": {"uv": [42, 48], "uv_size": [-1, 1]},
								"south": {"uv": [45, 48], "uv_size": [-1, 1]},
								"west": {"uv": [44, 48], "uv_size": [-1, 1]},
								"up": {"uv": [43, 47], "uv_size": [-1, 1]},
								"down": {"uv": [44, 48], "uv_size": [-1, -1]}
							}
						}
					]
				},
				{
					"name": "RightHandLocator",
					"parent": "RightHand",
					"pivot": [-4.575, 18.825, 0.025],
					"cubes": [
						{
							"origin": [-5.075, 18.325, -0.475],
							"size": [1, 1, 1],
							"uv": {
								"north": {"uv": [43, 48], "uv_size": [-1, 1]},
								"east": {"uv": [42, 48], "uv_size": [-1, 1]},
								"south": {"uv": [45, 48], "uv_size": [-1, 1]},
								"west": {"uv": [44, 48], "uv_size": [-1, 1]},
								"up": {"uv": [43, 47], "uv_size": [-1, 1]},
								"down": {"uv": [44, 48], "uv_size": [-1, -1]}
							}
						}
					]
				}
			]
		}
	]
}