{
	"format_version": "1.12.0",
	"minecraft:geometry": [
		{
			"description": {
				"identifier": "geometry.unknown",
				"texture_width": 128,
				"texture_height": 128,
				"visible_bounds_width": 4,
				"visible_bounds_height": 4.5,
				"visible_bounds_offset": [0, 1.75, 0]
			},
			"bones": [
				{
					"name": "Root",
					"pivot": [0, 0, 0]
				},
				{
					"name": "AllBody",
					"parent": "Root",
					"pivot": [0, 20, 0]
				},
				{
					"name": "UpBody",
					"parent": "AllBody",
					"pivot": [0, 24, 0],
					"cubes": [
						{
							"origin": [-2, 30.575, -1.9],
							"size": [4, 1, 4.2],
							"inflate": 0.01,
							"uv": {
								"north": {"uv": [51, 12], "uv_size": [-4, 1]},
								"east": {"uv": [47.2, 12], "uv_size": [-4.2, 1]},
								"south": {"uv": [59, 12], "uv_size": [-4, 1]},
								"west": {"uv": [55.2, 12], "uv_size": [-4.2, 1]},
								"up": {"uv": [51, 8], "uv_size": [-4, 4.2]},
								"down": {"uv": [55, 12.2], "uv_size": [-4, -4.2]}
							}
						},
						{
							"origin": [-2.2, 29.15, -2.125],
							"size": [4.4, 2.25, 4.2],
							"uv": {
								"north": {"uv": [68, 40], "uv_size": [-4, 2]},
								"east": {"uv": [64.2, 35], "uv_size": [-4.2, 2.25]},
								"south": {"uv": [76.4, 35], "uv_size": [-4.4, 2.25]},
								"west": {"uv": [72.2, 35], "uv_size": [-4.2, 2.25]},
								"up": {"uv": [68.4, 31], "uv_size": [-4.4, 4.2]},
								"down": {"uv": [72.4, 35.2], "uv_size": [-4.4, -4.2]}
							}
						},
						{
							"origin": [-4.3, 21.3, -2.525],
							"size": [8.6, 1.5, 4.95],
							"uv": {
								"north": {"uv": [47.6, 36], "uv_size": [-8.6, 1.5]},
								"east": {"uv": [39.95, 36], "uv_size": [-4.95, 1.5]},
								"south": {"uv": [59.6, 36], "uv_size": [-8.6, 1.5]},
								"west": {"uv": [51.95, 36], "uv_size": [-4.95, 1.5]},
								"up": {"uv": [47.6, 32], "uv_size": [-8.6, 4.95]},
								"down": {"uv": [55.6, 36.95], "uv_size": [-8.6, -4.95]}
							}
						},
						{
							"origin": [-1.65, 21.05, -2.7],
							"size": [3.5, 2, 5.275],
							"uv": {
								"north": {"uv": [79.5, 65], "uv_size": [-3.5, 2]},
								"east": {"uv": [76.275, 65], "uv_size": [-5.275, 2]},
								"south": {"uv": [87.5, 65], "uv_size": [-3.5, 2]},
								"west": {"uv": [84.275, 65], "uv_size": [-5.275, 2]},
								"up": {"uv": [79.5, 60], "uv_size": [-3.5, 5.275]},
								"down": {"uv": [82.5, 65.275], "uv_size": [-3.5, -5.275]}
							}
						},
						{
							"origin": [-1.4, 21.3, -2.725],
							"size": [3, 1.5, 5.375],
							"uv": {
								"north": {"uv": [69, 13], "uv_size": [-5, 3.5]},
								"east": {"uv": [91.375, 13], "uv_size": [-5.375, 1.5]},
								"south": {"uv": [102, 13], "uv_size": [-3, 1.5]},
								"west": {"uv": [99.375, 13], "uv_size": [-5.375, 1.5]},
								"up": {"uv": [94, 8], "uv_size": [-3, 5.375]},
								"down": {"uv": [97, 13.375], "uv_size": [-3, -5.375]}
							}
						},
						{
							"origin": [-4, 25.75, -2.325],
							"size": [8, 5, 4.65],
							"uv": {
								"north": {"uv": [41, 25], "uv_size": [-8, 5]},
								"east": {"uv": [33.65, 25], "uv_size": [-4.65, 5]},
								"south": {"uv": [53, 25], "uv_size": [-8, 5]},
								"west": {"uv": [45.65, 25], "uv_size": [-4.65, 5]},
								"up": {"uv": [41, 21], "uv_size": [-8, 4.65]},
								"down": {"uv": [49, 25.65], "uv_size": [-8, -4.65]}
							}
						}
					]
				},
				{
					"name": "AllHead",
					"parent": "UpBody",
					"pivot": [0, 31.2, 0],
					"cubes": [
						{
							"origin": [-1.5, 30.925, -1.525],
							"size": [3, 2, 3],
							"uv": {
								"north": {"uv": [11, 74], "uv_size": [-3, 2]},
								"east": {"uv": [8, 74], "uv_size": [-3, 2]},
								"south": {"uv": [17, 74], "uv_size": [-3, 2]},
								"west": {"uv": [14, 74], "uv_size": [-3, 2]},
								"up": {"uv": [11, 71], "uv_size": [-3, 3]},
								"down": {"uv": [14, 74], "uv_size": [-3, -3]}
							}
						}
					]
				},
				{
					"name": "Head",
					"parent": "AllHead",
					"pivot": [0, 32, 0],
					"cubes": [
						{
							"origin": [-3.5, 34.05, -4],
							"size": [7, 7, 7],
							"uv": {
								"north": {"uv": [20, 8], "uv_size": [-7, 7]},
								"east": {"uv": [13, 8], "uv_size": [-7, 7]},
								"south": {"uv": [34, 8], "uv_size": [-7, 7]},
								"west": {"uv": [27, 8], "uv_size": [-7, 7]},
								"up": {"uv": [20, 1], "uv_size": [-7, 7]},
								"down": {"uv": [27, 8], "uv_size": [-7, -7]}
							}
						},
						{
							"origin": [-3.5, 38.3, -4.25],
							"size": [7, 1.75, 0.25],
							"uv": {
								"north": {"uv": [96, 27], "uv_size": [-7, 1.75]},
								"east": {"uv": [89.25, 27], "uv_size": [-0.25, 1.75]},
								"south": {"uv": [103, 27], "uv_size": [-7, 1.75]},
								"west": {"uv": [96.25, 27], "uv_size": [-0.25, 1.75]},
								"up": {"uv": [96, 27.25], "uv_size": [-7, -0.25]},
								"down": {"uv": [103, 27.25], "uv_size": [-7, -0.25]}
							}
						},
						{
							"origin": [21.5, 49.55, -4.5],
							"size": [1.5, 1.75, 0.5],
							"pivot": [25, 16.5, -7],
							"rotation": [0, 0, -45],
							"uv": {
								"north": {"uv": [89.5, 25], "uv_size": [-1.5, 1.75]},
								"east": {"uv": [88.5, 25], "uv_size": [-0.5, 1.75]},
								"south": {"uv": [90.5, 25], "uv_size": [-1.5, 1.75]},
								"west": {"uv": [89.5, 25], "uv_size": [-0.5, 1.75]},
								"up": {"uv": [89.5, 25.5], "uv_size": [-1.5, -0.5]},
								"down": {"uv": [90.5, 25.5], "uv_size": [-1.5, -0.5]}
							}
						},
						{
							"origin": [22, 48.55, -4.5],
							"size": [1.5, 1.5, 0.5],
							"pivot": [25.5, 15.5, -7],
							"rotation": [0, 0, -42.5],
							"uv": {
								"north": {"uv": [114.5, 20], "uv_size": [-1.5, 1.5]},
								"east": {"uv": [113.5, 20], "uv_size": [-0.5, 1.5]},
								"south": {"uv": [115.5, 20], "uv_size": [-1.5, 1.5]},
								"west": {"uv": [114.5, 20], "uv_size": [-0.5, 1.5]},
								"up": {"uv": [114.5, 20.5], "uv_size": [-1.5, -0.5]},
								"down": {"uv": [115.5, 20.5], "uv_size": [-1.5, -0.5]}
							}
						},
						{
							"origin": [21.25, 49.8, -4.5],
							"size": [1.25, 1.25, 0.5],
							"pivot": [24.75, 16.75, -7],
							"rotation": [0, 0, -42.5],
							"uv": {
								"north": {"uv": [115.25, 12], "uv_size": [-1.25, 1.25]},
								"east": {"uv": [114.5, 12], "uv_size": [-0.5, 1.25]},
								"south": {"uv": [116.25, 12], "uv_size": [-1.25, 1.25]},
								"west": {"uv": [115.5, 12], "uv_size": [-0.5, 1.25]},
								"up": {"uv": [115.25, 12.5], "uv_size": [-1.25, -0.5]},
								"down": {"uv": [116.25, 12.5], "uv_size": [-1.25, -0.5]}
							}
						},
						{
							"origin": [-2.5, 41.05, -3],
							"size": [5, 1, 5],
							"uv": {
								"north": {"uv": [101, 36], "uv_size": [-5, 1]},
								"east": {"uv": [96, 36], "uv_size": [-5, 1]},
								"south": {"uv": [111, 36], "uv_size": [-5, 1]},
								"west": {"uv": [106, 36], "uv_size": [-5, 1]},
								"up": {"uv": [101, 31], "uv_size": [-5, 5]},
								"down": {"uv": [106, 36], "uv_size": [-5, -5]}
							}
						},
						{
							"origin": [-0.5, 48.05, -20],
							"size": [1, 3, 1],
							"pivot": [2, 7, -21],
							"rotation": [-32.5, 0, 0],
							"uv": {
								"north": {"uv": [93, 42], "uv_size": [-1, 3]},
								"east": {"uv": [92, 42], "uv_size": [-1, 3]},
								"south": {"uv": [95, 42], "uv_size": [-1, 3]},
								"west": {"uv": [94, 42], "uv_size": [-1, 3]},
								"up": {"uv": [93, 41], "uv_size": [-1, 1]},
								"down": {"uv": [94, 42], "uv_size": [-1, -1]}
							}
						},
						{
							"origin": [-3.25, 43.25, 1.5],
							"size": [3, 0.75, 3],
							"pivot": [-0.25, 43.25, 1.5],
							"rotation": [-46.3017, 41.99821, -35.00057],
							"uv": {
								"north": {"uv": [107, 42], "uv_size": [-3, 0.75]},
								"east": {"uv": [104, 42], "uv_size": [-3, 0.75]},
								"south": {"uv": [113, 42], "uv_size": [-3, 0.75]},
								"west": {"uv": [110, 42], "uv_size": [-3, 0.75]},
								"up": {"uv": [107, 39], "uv_size": [-3, 3]},
								"down": {"uv": [110, 42], "uv_size": [-3, -3]}
							}
						},
						{
							"origin": [-1.5, 49.8, -21.5],
							"size": [3, 0.75, 3],
							"pivot": [2, 6.5, -21.5],
							"rotation": [-32.5, 0, 0],
							"uv": {
								"north": {"uv": [101, 50], "uv_size": [-3, 0.75]},
								"east": {"uv": [98, 50], "uv_size": [-3, 0.75]},
								"south": {"uv": [107, 50], "uv_size": [-3, 0.75]},
								"west": {"uv": [104, 50], "uv_size": [-3, 0.75]},
								"up": {"uv": [101, 47], "uv_size": [-3, 3]},
								"down": {"uv": [104, 50], "uv_size": [-3, -3]}
							}
						},
						{
							"origin": [-3.5, 33.05, -4],
							"size": [7, 1, 7],
							"uv": {
								"north": {"uv": [104, 62], "uv_size": [-7, 1]},
								"east": {"uv": [97, 62], "uv_size": [-7, 1]},
								"south": {"uv": [118, 62], "uv_size": [-7, 1]},
								"west": {"uv": [111, 62], "uv_size": [-7, 1]},
								"up": {"uv": [104, 55], "uv_size": [-7, 7]},
								"down": {"uv": [111, 62], "uv_size": [-7, -7]}
							}
						},
						{
							"origin": [-4.25, 33, -4.25],
							"size": [3.5, 2.5, 0.25],
							"pivot": [-1.25, 33.5, -4.25],
							"rotation": [0, 0, 70],
							"uv": {
								"north": {"uv": [112.5, 50], "uv_size": [-3.5, 2.5]},
								"east": {"uv": [109.25, 50], "uv_size": [-0.25, 2.5]},
								"south": {"uv": [115.5, 50], "uv_size": [-3.5, 2.5]},
								"west": {"uv": [112.25, 50], "uv_size": [-0.25, 2.5]},
								"up": {"uv": [112.5, 50.25], "uv_size": [-3.5, -0.25]},
								"down": {"uv": [115.5, 50.25], "uv_size": [-3.5, -0.25]}
							}
						},
						{
							"origin": [-0.5, 34.25, -4.25],
							"size": [3.5, 2.5, 0.25],
							"pivot": [1.5, 34.75, -4.25],
							"rotation": [0, 0, -70],
							"uv": {
								"north": {"uv": [112.5, 45], "uv_size": [-3.5, 2.5]},
								"east": {"uv": [109.25, 45], "uv_size": [-0.25, 2.5]},
								"south": {"uv": [115.5, 45], "uv_size": [-3.5, 2.5]},
								"west": {"uv": [112.25, 45], "uv_size": [-0.25, 2.5]},
								"up": {"uv": [112.5, 45.25], "uv_size": [-3.5, -0.25]},
								"down": {"uv": [115.5, 45.25], "uv_size": [-3.5, -0.25]}
							}
						},
						{
							"origin": [-2.5, 32.05, -3],
							"size": [5, 1, 5],
							"uv": {
								"north": {"uv": [100, 70], "uv_size": [-5, 1]},
								"east": {"uv": [95, 70], "uv_size": [-5, 1]},
								"south": {"uv": [110, 70], "uv_size": [-5, 1]},
								"west": {"uv": [105, 70], "uv_size": [-5, 1]},
								"up": {"uv": [100, 65], "uv_size": [-5, 5]},
								"down": {"uv": [105, 70], "uv_size": [-5, -5]}
							}
						},
						{
							"origin": [-4.5, 34.05, -2],
							"size": [1, 6, 5],
							"uv": {
								"north": {"uv": [122, 37], "uv_size": [-1, 6]},
								"east": {"uv": [121, 37], "uv_size": [-5, 6]},
								"south": {"uv": [127, 39], "uv_size": [1, 6]},
								"west": {"uv": [127, 37], "uv_size": [-5, 6]},
								"up": {"uv": [122, 32], "uv_size": [-1, 5]},
								"down": {"uv": [123, 37], "uv_size": [-1, -5]}
							}
						},
						{
							"origin": [3.5, 34.05, -2],
							"size": [1, 6, 5],
							"uv": {
								"north": {"uv": [116, 74], "uv_size": [-1, 6]},
								"east": {"uv": [115, 74], "uv_size": [-5, 6]},
								"south": {"uv": [122, 74], "uv_size": [-1, 6]},
								"west": {"uv": [121, 74], "uv_size": [-5, 6]},
								"up": {"uv": [116, 69], "uv_size": [-1, 5]},
								"down": {"uv": [117, 74], "uv_size": [-1, -5]}
							}
						},
						{
							"origin": [-1.5, 30.85, -1.5],
							"size": [3, 2, 3],
							"inflate": 0.01,
							"uv": {
								"north": {"uv": [47, 66], "uv_size": [-3, 2]},
								"east": {"uv": [44, 66], "uv_size": [-3, 2]},
								"south": {"uv": [53, 66], "uv_size": [-3, 2]},
								"west": {"uv": [50, 66], "uv_size": [-3, 2]},
								"up": {"uv": [47, 63], "uv_size": [-3, 3]},
								"down": {"uv": [50, 66], "uv_size": [-3, -3]}
							}
						},
						{
							"origin": [-1.5, 32.03223, -0.73223],
							"size": [3, 2.12132, 2.12132],
							"pivot": [0, 33.15355, 0.76777],
							"rotation": [45, 0, 0],
							"uv": {
								"north": {"uv": [81, 69], "uv_size": [-3, 2.12132]},
								"east": {"uv": [78.12132, 69], "uv_size": [-2.12132, 2.12132]},
								"south": {"uv": [86, 69], "uv_size": [-3, 2.12132]},
								"west": {"uv": [83.12132, 69], "uv_size": [-2.12132, 2.12132]},
								"up": {"uv": [81, 67], "uv_size": [-3, 2.12132]},
								"down": {"uv": [84, 69.12132], "uv_size": [-3, -2.12132]}
							}
						},
						{
							"origin": [-1.5, 29.73934, -0.56066],
							"size": [3, 2.12132, 2.12132],
							"pivot": [0, 30.8, 0.5],
							"rotation": [45, 0, 0],
							"uv": {
								"north": {"uv": [80, 20], "uv_size": [-3, 2.12132]},
								"east": {"uv": [77.12132, 20], "uv_size": [-2.12132, 2.12132]},
								"south": {"uv": [85, 20], "uv_size": [-3, 2.12132]},
								"west": {"uv": [82.12132, 20], "uv_size": [-2.12132, 2.12132]},
								"up": {"uv": [80, 18], "uv_size": [-3, 2.12132]},
								"down": {"uv": [83, 20.12132], "uv_size": [-3, -2.12132]}
							}
						}
					]
				},
				{
					"name": "Face",
					"parent": "Head",
					"pivot": [0, 32, 0]
				},
				{
					"name": "Eyes",
					"parent": "Face",
					"pivot": [0, 34.075, -0.5]
				},
				{
					"name": "Eyebrow",
					"parent": "Eyes",
					"pivot": [2.875, 35.875, -3.625]
				},
				{
					"name": "LeftEyebrow",
					"parent": "Eyebrow",
					"pivot": [2.875, 37.875, -3.625],
					"rotation": [0, 0, -2.5],
					"cubes": [
						{
							"origin": [-16.225, 42.375, -4.875],
							"size": [2.25, 0.75, 1],
							"pivot": [-20.5, 8.25, -0.75],
							"rotation": [0, 0, 28],
							"uv": {
								"north": {"uv": [121.25, 20], "uv_size": [-2.25, 0.75]},
								"east": {"uv": [119, 20], "uv_size": [-1, 0.75]},
								"south": {"uv": [124.25, 20], "uv_size": [-2.25, 0.75]},
								"west": {"uv": [122, 20], "uv_size": [-1, 0.75]},
								"up": {"uv": [121.25, 19], "uv_size": [-2.25, 1]},
								"down": {"uv": [123.25, 20], "uv_size": [-2.25, -1]}
							}
						},
						{
							"origin": [18.775, 40.125, -4.375],
							"size": [5, 2, 1],
							"pivot": [17.25, 6.25, -0.25],
							"rotation": [0, 0, -32],
							"uv": {
								"north": {"uv": [113, 26], "uv_size": [-5, 2]},
								"east": {"uv": [108, 26], "uv_size": [-1, 2]},
								"south": {"uv": [119, 26], "uv_size": [-5, 2]},
								"west": {"uv": [114, 26], "uv_size": [-1, 2]},
								"up": {"uv": [113, 25], "uv_size": [-5, 1]},
								"down": {"uv": [118, 26], "uv_size": [-5, -1]}
							}
						},
						{
							"origin": [22.525, 40.875, -4.125],
							"size": [3.5, 0.75, 1],
							"pivot": [17.25, 5.75, 0],
							"rotation": [0, 0, -32],
							"uv": {
								"north": {"uv": [114.5, 32], "uv_size": [-3.5, 0.75]},
								"east": {"uv": [111, 32], "uv_size": [-1, 0.75]},
								"south": {"uv": [118.5, 32], "uv_size": [-3.5, 0.75]},
								"west": {"uv": [115, 32], "uv_size": [-1, 0.75]},
								"up": {"uv": [114.5, 31], "uv_size": [-3.5, 1]},
								"down": {"uv": [117.5, 32], "uv_size": [-3.5, -1]}
							}
						},
						{
							"origin": [19.025, 39.125, -4.625],
							"size": [3.25, 1, 1],
							"pivot": [16.75, 6.25, -0.5],
							"rotation": [0, 0, -32],
							"uv": {
								"north": {"uv": [98.25, 19], "uv_size": [-3.25, 1]},
								"east": {"uv": [95, 19], "uv_size": [-1, 1]},
								"south": {"uv": [102.25, 19], "uv_size": [-3.25, 1]},
								"west": {"uv": [99, 19], "uv_size": [-1, 1]},
								"up": {"uv": [98.25, 18], "uv_size": [-3.25, 1]},
								"down": {"uv": [101.25, 19], "uv_size": [-3.25, -1]}
							}
						}
					]
				},
				{
					"name": "RightEyebrow",
					"parent": "Eyebrow",
					"pivot": [-1.875, 35.875, -3.625],
					"cubes": [
						{
							"origin": [-24.525, 40.375, -4.375],
							"size": [5, 2, 1],
							"pivot": [-18, 5.5, -0.25],
							"rotation": [0, 0, 32],
							"uv": {
								"north": {"uv": [76, 79], "uv_size": [-5, 2]},
								"east": {"uv": [71, 79], "uv_size": [-1, 2]},
								"south": {"uv": [82, 79], "uv_size": [-5, 2]},
								"west": {"uv": [77, 79], "uv_size": [-1, 2]},
								"up": {"uv": [76, 78], "uv_size": [-5, 1]},
								"down": {"uv": [77, 77], "uv_size": [-5, -1]}
							}
						},
						{
							"origin": [-23.525, 39.375, -4.625],
							"size": [3.25, 1, 1],
							"pivot": [-18, 4.5, -0.5],
							"rotation": [0, 0, 32],
							"uv": {
								"north": {"uv": [59.25, 75], "uv_size": [-3.25, 1]},
								"east": {"uv": [56, 75], "uv_size": [-1, 1]},
								"south": {"uv": [63.25, 75], "uv_size": [-3.25, 1]},
								"west": {"uv": [60, 75], "uv_size": [-1, 1]},
								"up": {"uv": [59.25, 74], "uv_size": [-3.25, 1]},
								"down": {"uv": [62.25, 75], "uv_size": [-3.25, -1]}
							}
						},
						{
							"origin": [14.225, 42.125, -4.875],
							"size": [2.5, 0.75, 1],
							"pivot": [20, 7, -0.75],
							"rotation": [0, 0, -28],
							"uv": {
								"north": {"uv": [60.5, 79], "uv_size": [-2.5, 0.75]},
								"east": {"uv": [58, 79], "uv_size": [-1, 0.75]},
								"south": {"uv": [63.5, 79], "uv_size": [-2.5, 0.75]},
								"west": {"uv": [61, 79], "uv_size": [-1, 0.75]},
								"up": {"uv": [60.5, 78], "uv_size": [-2.5, 1]},
								"down": {"uv": [62.5, 79], "uv_size": [-2.5, -1]}
							}
						},
						{"origin": [-25.525, 43.375, -4.125], "size": [2.25, 0.75, 1], "pivot": [-21, 8.5, 0], "rotation": [0, 0, 32], "uv": [48, 77]}
					]
				},
				{
					"name": "Eyelid",
					"parent": "Eyes",
					"pivot": [0, 34.775, -0.3]
				},
				{
					"name": "LeftEyelid",
					"parent": "Eyelid",
					"pivot": [2.5, 33.075, -3.525]
				},
				{
					"name": "RightEyelid",
					"parent": "Eyelid",
					"pivot": [-2.5, 33.075, -3.525]
				},
				{
					"name": "LeftShoulderLocator",
					"parent": "Head",
					"pivot": [3, 41.5, 0]
				},
				{
					"name": "RightShoulderLocator",
					"parent": "Head",
					"pivot": [-3, 41.5, 0]
				},
				{
					"name": "Arm",
					"parent": "UpBody",
					"pivot": [0, 31.2, 0]
				},
				{
					"name": "LeftArm",
					"parent": "Arm",
					"pivot": [4.25, 29.9, 0],
					"rotation": [0, 0, -15],
					"cubes": [
						{
							"origin": [3.6, 28.025, -1.95],
							"size": [4.55, 3.1, 4],
							"uv": {
								"north": {"uv": [33.55, 97], "uv_size": [-4.55, 3.1]},
								"east": {"uv": [25, 86], "uv_size": [-4, 3.1]},
								"south": {"uv": [42, 93], "uv_size": [-5, 3]},
								"west": {"uv": [33, 84], "uv_size": [-4, 3.1]},
								"up": {"uv": [37.55, 71], "uv_size": [-4.55, 4]},
								"down": {"uv": [38.55, 81], "uv_size": [-4.55, -4]}
							}
						},
						{
							"origin": [2.95, 24.15, -1.6],
							"size": [3.25, 7, 3.3],
							"uv": {
								"north": {"uv": [60, 60], "uv_size": [3.25, 7]},
								"east": {"uv": [63, 60], "uv_size": [3.3, 7]},
								"south": {"uv": [66, 60], "uv_size": [3.25, 7]},
								"west": {"uv": [57, 60], "uv_size": [3.3, 7]},
								"up": {"uv": [60, 57], "uv_size": [3.25, 3.3]},
								"down": {"uv": [63, 60.3], "uv_size": [3.25, -3.3]}
							}
						}
					]
				},
				{
					"name": "LeftForeArm",
					"parent": "LeftArm",
					"pivot": [4.475, 24.25, 0.025],
					"cubes": [
						{
							"origin": [2.975, 17.225, -1.575],
							"size": [3.2, 8, 3.3],
							"uv": {
								"north": {"uv": [24, 58], "uv_size": [3.2, 8]},
								"east": {"uv": [27, 58], "uv_size": [3.3, 8]},
								"south": {"uv": [30, 58], "uv_size": [3.2, 8]},
								"west": {"uv": [21, 58], "uv_size": [3.3, 8]},
								"up": {"uv": [24, 55], "uv_size": [3.2, 3.3]},
								"down": {"uv": [27, 58.3], "uv_size": [3.2, -3.3]}
							}
						},
						{
							"origin": [2.49971, 20.11846, -1.625],
							"size": [2.05, 4, 3.3],
							"pivot": [4.67471, 21.59346, 0.025],
							"rotation": [0, 0, -2.5],
							"uv": {
								"north": {"uv": [47, 84], "uv_size": [2.05, 4]},
								"east": {"uv": [49, 84], "uv_size": [3.3, 4]},
								"south": {"uv": [52, 84], "uv_size": [2.05, 4]},
								"west": {"uv": [44, 84], "uv_size": [3.3, 4]},
								"up": {"uv": [47, 81], "uv_size": [2.05, 3.3]},
								"down": {"uv": [49, 84.3], "uv_size": [2.05, -3.3]}
							}
						},
						{
							"origin": [4.275, 20.1, -1.725],
							"size": [2.05, 4, 3.5],
							"pivot": [4.6, 21.6, 0.025],
							"rotation": [0, 0, 5],
							"uv": {
								"north": {"uv": [79, 44], "uv_size": [2.05, 4]},
								"east": {"uv": [81, 37], "uv_size": [3.5, 4]},
								"south": {"uv": [84, 37], "uv_size": [2.05, 4]},
								"west": {"uv": [76, 37], "uv_size": [3.5, 4]},
								"up": {"uv": [79, 34], "uv_size": [2.05, 3.5]},
								"down": {"uv": [81, 37.5], "uv_size": [2.05, -3.5]}
							}
						}
					]
				},
				{
					"name": "LeftHand",
					"parent": "LeftForeArm",
					"pivot": [4.575, 18.725, 0.025]
				},
				{
					"name": "LeftHandLocator",
					"parent": "LeftHand",
					"pivot": [4.575, 18.725, 0.025],
					"cubes": [
						{
							"origin": [4.075, 18.225, -0.475],
							"size": [1, 1, 1],
							"uv": {
								"north": {"uv": [42, 48], "uv_size": [1, 1]},
								"east": {"uv": [43, 48], "uv_size": [1, 1]},
								"south": {"uv": [44, 48], "uv_size": [1, 1]},
								"west": {"uv": [41, 48], "uv_size": [1, 1]},
								"up": {"uv": [42, 47], "uv_size": [1, 1]},
								"down": {"uv": [43, 48], "uv_size": [1, -1]}
							}
						}
					]
				},
				{
					"name": "RightArm",
					"parent": "Arm",
					"pivot": [-4.25, 29.775, 0],
					"rotation": [0, 0, 15],
					"cubes": [
						{
							"origin": [-6.2, 24.025, -1.6],
							"size": [3.25, 7, 3.3],
							"uv": {
								"north": {"uv": [63.25, 60], "uv_size": [-3.25, 7]},
								"east": {"uv": [60.3, 60], "uv_size": [-3.3, 7]},
								"south": {"uv": [69.25, 60], "uv_size": [-3.25, 7]},
								"west": {"uv": [66.3, 60], "uv_size": [-3.3, 7]},
								"up": {"uv": [63.25, 57], "uv_size": [-3.25, 3.3]},
								"down": {"uv": [66.25, 60.3], "uv_size": [-3.25, -3.3]}
							}
						},
						{
							"origin": [-8.4, 28.025, -1.95],
							"size": [4.55, 3.1, 4],
							"uv": {
								"north": {"uv": [18, 82], "uv_size": [-5, 3]},
								"east": {"uv": [12, 82], "uv_size": [-4, 3]},
								"south": {"uv": [43, 98], "uv_size": [-5, 3]},
								"west": {"uv": [17, 91], "uv_size": [-4, 3]},
								"up": {"uv": [25, 92], "uv_size": [-5, 4]},
								"down": {"uv": [26, 75], "uv_size": [-5, -4]}
							}
						}
					]
				},
				{
					"name": "RightForeArm",
					"parent": "RightArm",
					"pivot": [-4.475, 24.225, 0.025],
					"cubes": [
						{
							"origin": [-6.175, 17.2, -1.575],
							"size": [3.2, 8, 3.3],
							"uv": {
								"north": {"uv": [27.2, 58], "uv_size": [-3.2, 8]},
								"east": {"uv": [24.3, 58], "uv_size": [-3.3, 8]},
								"south": {"uv": [33.2, 58], "uv_size": [-3.2, 8]},
								"west": {"uv": [30.3, 58], "uv_size": [-3.3, 8]},
								"up": {"uv": [27.2, 55], "uv_size": [-3.2, 3.3]},
								"down": {"uv": [30.2, 58.3], "uv_size": [-3.2, -3.3]}
							}
						},
						{
							"origin": [-6.325, 20.2, -1.725],
							"size": [2.05, 4, 3.5],
							"pivot": [-4.6, 21.7, 0.025],
							"rotation": [0, 0, -5],
							"uv": {
								"north": {"uv": [81.05, 37], "uv_size": [-2.05, 4]},
								"east": {"uv": [75.5, 42], "uv_size": [-3.5, 4]},
								"south": {"uv": [86.05, 37], "uv_size": [-2.05, 4]},
								"west": {"uv": [84.5, 37], "uv_size": [-3.5, 4]},
								"up": {"uv": [81.05, 34], "uv_size": [-2.05, 3.5]},
								"down": {"uv": [83.05, 37.5], "uv_size": [-2.05, -3.5]}
							}
						},
						{
							"origin": [-4.54971, 20.21846, -1.625],
							"size": [2.05, 4, 3.3],
							"pivot": [-4.67471, 21.69346, 0.025],
							"rotation": [0, 0, 2.5],
							"uv": {
								"north": {"uv": [91.05, 82], "uv_size": [-2.05, 4]},
								"east": {"uv": [89.3, 82], "uv_size": [-3.3, 4]},
								"south": {"uv": [96.05, 82], "uv_size": [-2.05, 4]},
								"west": {"uv": [94.3, 82], "uv_size": [-3.3, 4]},
								"up": {"uv": [91.05, 79], "uv_size": [-2.05, 3.3]},
								"down": {"uv": [93.05, 82.3], "uv_size": [-2.05, -3.3]}
							}
						}
					]
				},
				{
					"name": "RightHand",
					"parent": "RightForeArm",
					"pivot": [-4.575, 18.825, 0.025],
					"cubes": [
						{
							"origin": [-5.075, 18.325, -0.475],
							"size": [1, 1, 1],
							"uv": {
								"north": {"uv": [43, 48], "uv_size": [-1, 1]},
								"east": {"uv": [42, 48], "uv_size": [-1, 1]},
								"south": {"uv": [45, 48], "uv_size": [-1, 1]},
								"west": {"uv": [44, 48], "uv_size": [-1, 1]},
								"up": {"uv": [43, 47], "uv_size": [-1, 1]},
								"down": {"uv": [44, 48], "uv_size": [-1, -1]}
							}
						}
					]
				},
				{
					"name": "RightHandLocator",
					"parent": "RightHand",
					"pivot": [-4.575, 18.825, 0.025],
					"cubes": [
						{
							"origin": [-5.075, 18.325, -0.475],
							"size": [1, 1, 1],
							"uv": {
								"north": {"uv": [43, 48], "uv_size": [-1, 1]},
								"east": {"uv": [42, 48], "uv_size": [-1, 1]},
								"south": {"uv": [45, 48], "uv_size": [-1, 1]},
								"west": {"uv": [44, 48], "uv_size": [-1, 1]},
								"up": {"uv": [43, 47], "uv_size": [-1, 1]},
								"down": {"uv": [44, 48], "uv_size": [-1, -1]}
							}
						}
					]
				},
				{
					"name": "RifleLocator",
					"parent": "UpBody",
					"pivot": [0, 25.15, 2.3],
					"rotation": [0, 0, 45]
				},
				{
					"name": "PistolLocator",
					"parent": "UpBody",
					"pivot": [-4, 24.75, -1.6],
					"rotation": [-30, 0, 0]
				},
				{
					"name": "ElytraLocator",
					"parent": "UpBody",
					"pivot": [0, 31.65, 2]
				},
				{
					"name": "RightWaistLocator",
					"parent": "UpBody",
					"pivot": [-4, 21, 0],
					"rotation": [-5, 0, 0]
				},
				{
					"name": "LeftWaistLocator",
					"parent": "UpBody",
					"pivot": [4, 21, 0],
					"rotation": [-20, 0, 0]
				},
				{
					"name": "DownBody",
					"parent": "AllBody",
					"pivot": [0, 24, 0]
				},
				{
					"name": "Skirt",
					"parent": "DownBody",
					"pivot": [0, 23.45, 0.375],
					"cubes": [
						{
							"origin": [-3.75, 19.55, -2.075],
							"size": [7.5, 7, 4.15],
							"uv": {
								"north": {"uv": [73, 98], "uv_size": [-8, 7]},
								"east": {"uv": [65.15, 88], "uv_size": [-4.15, 7]},
								"south": {"uv": [83.5, 88], "uv_size": [-7.5, 7]},
								"west": {"uv": [76.15, 88], "uv_size": [-4.15, 7]},
								"up": {"uv": [72.5, 84], "uv_size": [-7.5, 4.15]},
								"down": {"uv": [79.5, 88.15], "uv_size": [-7.5, -4.15]}
							}
						}
					]
				},
				{
					"name": "LeftLeg",
					"parent": "DownBody",
					"pivot": [2.15, 18.95, -1],
					"rotation": [0, 0, -2.5],
					"cubes": [
						{
							"origin": [0.17862, 11.69905, -2],
							"size": [3.99, 9, 4],
							"uv": {
								"north": {"uv": [45.99, 52], "uv_size": [-3.99, 9]},
								"east": {"uv": [53, 47], "uv_size": [-4, 9]},
								"south": {"uv": [63.99, 47], "uv_size": [-3.99, 9]},
								"west": {"uv": [60, 47], "uv_size": [-4, 9]},
								"up": {"uv": [56.99, 43], "uv_size": [-3.99, 4]},
								"down": {"uv": [59.99, 47], "uv_size": [-3.99, -4]}
							}
						},
						{
							"origin": [0.29362, 10.74905, -1.325],
							"size": [3.675, 2, 2],
							"pivot": [-0.60638, 11.74905, -0.325],
							"rotation": [30, 0, 0],
							"uv": {
								"north": {"uv": [82.675, 9], "uv_size": [-3.675, 2]},
								"east": {"uv": [79, 9], "uv_size": [-2, 2]},
								"south": {"uv": [87.675, 9], "uv_size": [-3.675, 2]},
								"west": {"uv": [84, 9], "uv_size": [-2, 2]},
								"up": {"uv": [82.675, 7], "uv_size": [-3.675, 2]},
								"down": {"uv": [85.675, 9], "uv_size": [-3.675, -2]}
							}
						}
					]
				},
				{
					"name": "LeftLowerLeg",
					"parent": "LeftLeg",
					"pivot": [1.99362, 11.84905, -0.3],
					"cubes": [
						{
							"origin": [0.19362, 2.54905, -1.975],
							"size": [3.95, 9.2, 4],
							"uv": {
								"north": {"uv": [28.95, 46], "uv_size": [-3.95, 9.2]},
								"east": {"uv": [25, 46], "uv_size": [-4, 9.2]},
								"south": {"uv": [35.95, 46], "uv_size": [-3.95, 9.2]},
								"west": {"uv": [32, 46], "uv_size": [-4, 9.2]},
								"up": {"uv": [28.95, 42], "uv_size": [-3.95, 4]},
								"down": {"uv": [31.95, 46], "uv_size": [-3.95, -4]}
							}
						},
						{
							"origin": [0.09362, 2.54905, -2],
							"size": [4.15, 3, 4.2],
							"uv": {
								"north": {"uv": [13.15, 58], "uv_size": [-4.15, 3]},
								"east": {"uv": [9.2, 58], "uv_size": [-4.2, 3]},
								"south": {"uv": [21.15, 58], "uv_size": [-4.15, 3]},
								"west": {"uv": [17.2, 58], "uv_size": [-4.2, 3]},
								"up": {"uv": [13.15, 54], "uv_size": [-4.15, 4.2]},
								"down": {"uv": [17.15, 58.2], "uv_size": [-4.15, -4.2]}
							}
						},
						{
							"origin": [-0.05638, 9.14905, -2.1],
							"size": [4.45, 1.3, 4.4],
							"uv": {
								"north": {"uv": [73.45, 54], "uv_size": [-4.45, 1.3]},
								"east": {"uv": [69.4, 54], "uv_size": [-4.4, 1.3]},
								"south": {"uv": [81.45, 54], "uv_size": [-4.45, 1.3]},
								"west": {"uv": [77.4, 54], "uv_size": [-4.4, 1.3]},
								"up": {"uv": [73.45, 50], "uv_size": [-4.45, 4.4]},
								"down": {"uv": [77.45, 54.4], "uv_size": [-4.45, -4.4]}
							}
						}
					]
				},
				{
					"name": "LeftFoot",
					"parent": "LeftLowerLeg",
					"pivot": [2.1875, 2.5, 0.1375],
					"cubes": [
						{
							"origin": [0.04362, -0.12595, -4],
							"size": [4.225, 3, 6.175],
							"uv": {
								"north": {"uv": [6.225, 29], "uv_size": [-4.225, 3]},
								"east": {"uv": [11.175, 42], "uv_size": [-6.175, 3]},
								"south": {"uv": [26.225, 38], "uv_size": [-4.225, 3]},
								"west": {"uv": [17.175, 46], "uv_size": [-6.175, 3]},
								"up": {"uv": [13.225, 27], "uv_size": [-4.225, 6.175]},
								"down": {"uv": [19.225, 42.175], "uv_size": [-4.225, -6.175]}
							}
						},
						{
							"origin": [0.21862, 2.27405, -3],
							"size": [3.875, 1.1, 2.075],
							"pivot": [2.48112, 2.87405, -2.4125],
							"rotation": [35, 0, 0],
							"uv": {
								"north": {"uv": [46.875, 15], "uv_size": [-3.875, 1.1]},
								"east": {"uv": [43.075, 15], "uv_size": [-2.075, 1.1]},
								"south": {"uv": [51.875, 15], "uv_size": [-3.875, 1.1]},
								"west": {"uv": [48.075, 15], "uv_size": [-2.075, 1.1]},
								"up": {"uv": [46.875, 13], "uv_size": [-3.875, 2.075]},
								"down": {"uv": [49.875, 15.075], "uv_size": [-3.875, -2.075]}
							}
						},
						{
							"origin": [0.24362, 2.37405, -1.45],
							"size": [3.825, 1.75, 2.425],
							"uv": {
								"north": {"uv": [44.825, 20], "uv_size": [-3.825, 1.75]},
								"east": {"uv": [41.425, 20], "uv_size": [-2.425, 1.75]},
								"south": {"uv": [49.825, 20], "uv_size": [-3.825, 1.75]},
								"west": {"uv": [46.425, 20], "uv_size": [-2.425, 1.75]},
								"up": {"uv": [44.825, 18], "uv_size": [-3.825, 2.425]},
								"down": {"uv": [47.825, 20.425], "uv_size": [-3.825, -2.425]}
							}
						}
					]
				},
				{
					"name": "RightLeg",
					"parent": "DownBody",
					"pivot": [-2.15, 18.95, -1],
					"rotation": [0, 0, 2.5],
					"cubes": [
						{
							"origin": [-4.16862, 11.69905, -2],
							"size": [3.99, 9, 4],
							"uv": {
								"north": {"uv": [42, 52], "uv_size": [3.99, 9]},
								"east": {"uv": [56, 47], "uv_size": [4, 9]},
								"south": {"uv": [60, 47], "uv_size": [3.99, 9]},
								"west": {"uv": [49, 47], "uv_size": [4, 9]},
								"up": {"uv": [53, 43], "uv_size": [3.99, 4]},
								"down": {"uv": [56, 47], "uv_size": [3.99, -4]}
							}
						},
						{
							"origin": [-3.96862, 10.74905, -1.325],
							"size": [3.675, 2, 2],
							"pivot": [0.60638, 11.74905, -0.325],
							"rotation": [30, 0, 0],
							"uv": {
								"north": {"uv": [79, 9], "uv_size": [3.675, 2]},
								"east": {"uv": [82, 9], "uv_size": [2, 2]},
								"south": {"uv": [84, 9], "uv_size": [3.675, 2]},
								"west": {"uv": [77, 9], "uv_size": [2, 2]},
								"up": {"uv": [79, 7], "uv_size": [3.675, 2]},
								"down": {"uv": [82, 9], "uv_size": [3.675, -2]}
							}
						}
					]
				},
				{
					"name": "RightLowerLeg",
					"parent": "RightLeg",
					"pivot": [-1.99362, 11.84905, -0.3],
					"cubes": [
						{
							"origin": [-4.14362, 2.54905, -1.975],
							"size": [3.95, 9.2, 4],
							"uv": {
								"north": {"uv": [25, 46], "uv_size": [3.95, 9.2]},
								"east": {"uv": [28, 46], "uv_size": [4, 9.2]},
								"south": {"uv": [32, 46], "uv_size": [3.95, 9.2]},
								"west": {"uv": [21, 46], "uv_size": [4, 9.2]},
								"up": {"uv": [25, 42], "uv_size": [3.95, 4]},
								"down": {"uv": [28, 46], "uv_size": [3.95, -4]}
							}
						},
						{
							"origin": [-4.24362, 2.54905, -2],
							"size": [4.15, 3, 4.2],
							"uv": {
								"north": {"uv": [9, 58], "uv_size": [4.15, 3]},
								"east": {"uv": [13, 58], "uv_size": [4.2, 3]},
								"south": {"uv": [17, 58], "uv_size": [4.15, 3]},
								"west": {"uv": [5, 58], "uv_size": [4.2, 3]},
								"up": {"uv": [9, 54], "uv_size": [4.15, 4.2]},
								"down": {"uv": [13, 58.2], "uv_size": [4.15, -4.2]}
							}
						},
						{
							"origin": [-4.39362, 9.14905, -2.1],
							"size": [4.45, 1.3, 4.4],
							"uv": {
								"north": {"uv": [69, 54], "uv_size": [4.45, 1.3]},
								"east": {"uv": [73, 54], "uv_size": [4.4, 1.3]},
								"south": {"uv": [77, 54], "uv_size": [4.45, 1.3]},
								"west": {"uv": [65, 54], "uv_size": [4.4, 1.3]},
								"up": {"uv": [69, 50], "uv_size": [4.45, 4.4]},
								"down": {"uv": [73, 54.4], "uv_size": [4.45, -4.4]}
							}
						}
					]
				},
				{
					"name": "RightFoot",
					"parent": "RightLowerLeg",
					"pivot": [-2.1875, 2.5, 0.1375],
					"cubes": [
						{
							"origin": [-4.26862, -0.12595, -4],
							"size": [4.225, 3, 6.175],
							"uv": {
								"north": {"uv": [3, 49], "uv_size": [4.225, 3]},
								"east": {"uv": [15, 25], "uv_size": [6.175, 3]},
								"south": {"uv": [22, 32], "uv_size": [4.225, 3]},
								"west": {"uv": [5, 42], "uv_size": [6.175, 3]},
								"up": {"uv": [9, 27], "uv_size": [4.225, 6.175]},
								"down": {"uv": [15, 42.175], "uv_size": [4.225, -6.175]}
							}
						},
						{
							"origin": [-4.09362, 2.27405, -3],
							"size": [3.875, 1.1, 2.075],
							"pivot": [-2.48112, 2.87405, -2.4125],
							"rotation": [35, 0, 0],
							"uv": {
								"north": {"uv": [43, 15], "uv_size": [3.875, 1.1]},
								"east": {"uv": [46, 15], "uv_size": [2.075, 1.1]},
								"south": {"uv": [48, 15], "uv_size": [3.875, 1.1]},
								"west": {"uv": [41, 15], "uv_size": [2.075, 1.1]},
								"up": {"uv": [43, 13], "uv_size": [3.875, 2.075]},
								"down": {"uv": [46, 15.075], "uv_size": [3.875, -2.075]}
							}
						},
						{
							"origin": [-4.06862, 2.37405, -1.45],
							"size": [3.825, 1.75, 2.425],
							"uv": {
								"north": {"uv": [41, 20], "uv_size": [3.825, 1.75]},
								"east": {"uv": [44, 20], "uv_size": [2.425, 1.75]},
								"south": {"uv": [46, 20], "uv_size": [3.825, 1.75]},
								"west": {"uv": [39, 20], "uv_size": [2.425, 1.75]},
								"up": {"uv": [41, 18], "uv_size": [3.825, 2.425]},
								"down": {"uv": [44, 20.425], "uv_size": [3.825, -2.425]}
							}
						}
					]
				}
			]
		}
	]
}