{
	"format_version": "1.12.0",
	"minecraft:geometry": [
		{
			"description": {
				"identifier": "geometry.unknown",
				"texture_width": 128,
				"texture_height": 128,
				"visible_bounds_width": 3,
				"visible_bounds_height": 5.5,
				"visible_bounds_offset": [0, 2.25, 0],
				"ysm_extra_info": {
					// 游戏内模型选择界⾯的名称
					"name": "MC Queen （赛马娘/目白麦昆）",
					// 模型选择界⾯的备注说明
					// 你可以通过 \n 字符来换⾏
					"tips": "\n该模型为免费模型分享,请勿用于商业用途\n模型作者:伊洛是哥斯拉嘛 QQ:1562437496;\n模型适配:星屑海螺 QQ:741330261",
					// 模型选择界⾯的作者栏
					"authors": ["模型作者:伊洛是哥斯拉嘛", "模型适配:星屑海螺"],
					// 模型选择界⾯的协议栏
					"license": "CC BY-NC-SA 4.0",
					// ⾃定义额外动画名，会替换轮盘界⾯的名称
					"extra_animation_names": ["0", "1", "2", "3", "4", "5", "6", "7"]
					}
			},
			"bones": [
				{
					"name": "root",
					"pivot": [0, 0, 0]
				},
				{
					"name": "AllBody",
					"parent": "root",
					"pivot": [0, 20.15, 0]
				},
				{
					"name": "UpBody",
					"parent": "AllBody",
					"pivot": [0, 20.15, 0]
				},
				{
					"name": "AllHead",
					"parent": "UpBody",
					"pivot": [0, 31.9, 0]
				},
				{
					"name": "Head",
					"parent": "AllHead",
					"pivot": [0, 31.9, 0],
					"cubes": [
						{"origin": [-3.5, 31.9, -3.5], "size": [7, 7, 7], "uv": [0, 0]}
					]
				},
				{
					"name": "Face",
					"parent": "Head",
					"pivot": [0, 31.9, 0]
				},
				{
					"name": "Eyes",
					"parent": "Face",
					"pivot": [0, 33.9, 0]
				},
				{
					"name": "Eyelid",
					"parent": "Eyes",
					"pivot": [-2.5, 32.9, -3.025]
				},
				{
					"name": "RightEyelid",
					"parent": "Eyelid",
					"pivot": [-2.5, 32.9, -3.025],
					"cubes": [
						{"origin": [-3.5, 32.9, -3.525], "size": [2, 2, 1], "uv": [71, 44]}
					]
				},
				{
					"name": "RightPublic",
					"parent": "RightEyelid",
					"pivot": [-2.325, 32.9, -3.075]
				},
				{
					"name": "EyeNR",
					"parent": "RightPublic",
					"pivot": [-2.325, 32.9, -3.075],
					"cubes": [
						{"origin": [-3.025, 32.9, -3.575], "size": [1.4, 2, 1], "uv": [61, 75]},
						{"origin": [-2.05, 34.25, -3.6], "size": [0.5, 0.3, 1], "uv": [4, 107]}
					]
				},
				{
					"name": "EyeNRR",
					"parent": "EyeNR",
					"pivot": [-2.325, 33.9, -3.09375],
					"cubes": [
						{"origin": [-2.5, 33.6, -3.625], "size": [0.35, 0.6, 1.05], "uv": [13, 121], "mirror": true},
						{"origin": [-2.6, 33.5, -3.6], "size": [0.55, 0.8, 1.025], "uv": [2, 117], "mirror": true}
					]
				},
				{
					"name": "EyeRedR",
					"parent": "RightPublic",
					"pivot": [-2.325, 33.9, -2.075],
					"cubes": [
						{"origin": [-3.025, 32.9, -2.575], "size": [1.4, 2, 1], "uv": [21, 65], "mirror": true}
					]
				},
				{
					"name": "LeftEyelid",
					"parent": "Eyelid",
					"pivot": [2.5, 32.9, -3.025],
					"cubes": [
						{"origin": [1.5, 32.9, -3.525], "size": [2, 2, 1], "uv": [31, 67]}
					]
				},
				{
					"name": "LeftPublic",
					"parent": "LeftEyelid",
					"pivot": [2.325, 32.9, -3.075]
				},
				{
					"name": "EyeNL",
					"parent": "LeftPublic",
					"pivot": [2.325, 32.9, -3.075],
					"cubes": [
						{"origin": [1.625, 32.9, -3.575], "size": [1.4, 2, 1], "uv": [73, 14]},
						{"origin": [2.625, 34.25, -3.6], "size": [0.5, 0.3, 1], "uv": [4, 107]}
					]
				},
				{
					"name": "EyeNLL",
					"parent": "EyeNL",
					"pivot": [2.325, 33.9, -3.09375],
					"cubes": [
						{"origin": [2.15, 33.6, -3.625], "size": [0.35, 0.6, 1.05], "uv": [13, 121]},
						{"origin": [2.05, 33.5, -3.6], "size": [0.55, 0.8, 1.025], "uv": [2, 117]}
					]
				},
				{
					"name": "EyeRedL",
					"parent": "LeftPublic",
					"pivot": [2.325, 33.9, -2.075],
					"cubes": [
						{"origin": [1.625, 32.9, -2.575], "size": [1.4, 2, 1], "uv": [21, 65]}
					]
				},
				{
					"name": "Eyebrow",
					"parent": "Eyes",
					"pivot": [2.875, 34.7, -3.2]
				},
				{
					"name": "LeftEyebrow",
					"parent": "Eyebrow",
					"pivot": [2.875, 34.7, -3.2],
					"cubes": [
						{"origin": [1.375, 34.7, -3.7], "size": [2.3, 1, 1], "uv": [69, 12]},
						{"origin": [3.35, 34.425, -3.95], "size": [1.1, 1, 1], "uv": [42, 79]}
					]
				},
				{
					"name": "RightEyebrow",
					"parent": "Eyebrow",
					"pivot": [-2.875, 34.7, -3.2],
					"cubes": [
						{"origin": [-3.675, 34.7, -3.7], "size": [2.3, 1, 1], "uv": [47, 73]},
						{"origin": [-4.45, 34.425, -3.95], "size": [1.1, 1, 1], "uv": [78, 57]}
					]
				},
				{
					"name": "Zui",
					"parent": "Face",
					"pivot": [0, 32.6, -2.425],
					"cubes": [
						{"origin": [0.08107, 32.4034, -3.925], "size": [1, 1, 1], "inflate": -0.38, "pivot": [0.60607, 32.9284, -3.525], "rotation": [0, 0, 55], "uv": [95, 122]}
					]
				},
				{
					"name": "Zui2",
					"parent": "Zui",
					"pivot": [0.14167, 32.5, -3.55833],
					"cubes": [
						{"origin": [-0.9, 32.775, -3.525], "size": [1.8, 0.1, 0], "uv": [4, 125]},
						{"origin": [-0.6, 32.15, -3.525], "size": [1.2, 0.75, 0], "uv": [4, 125]}
					]
				},
				{
					"name": "bone23",
					"parent": "Zui2",
					"pivot": [0.375, 33.05, -3.525],
					"rotation": [0, 0, 8.25],
					"cubes": [
						{"origin": [-0.00695, 32.8031, -3.525], "size": [0.925, 0.15, 0], "uv": [4, 125]}
					]
				},
				{
					"name": "bone24",
					"parent": "Zui2",
					"pivot": [-0.375, 33.05, -3.525],
					"rotation": [0, 0, -8.25],
					"cubes": [
						{"origin": [-0.91805, 32.8031, -3.525], "size": [0.9, 0.15, 0], "uv": [4, 125]}
					]
				},
				{
					"name": "bone10",
					"parent": "Zui2",
					"pivot": [0.5125, 33.175, -3.625],
					"rotation": [0, 0, 45]
				},
				{
					"name": "bone3",
					"parent": "Zui2",
					"pivot": [-0.65, 32.725, -3.525],
					"rotation": [0, 0, 65],
					"cubes": [
						{"origin": [-0.775, 32.525, -3.525], "size": [0.675, 0.4, 0], "uv": [4, 125]}
					]
				},
				{
					"name": "bone9",
					"parent": "Zui2",
					"pivot": [0.65, 32.725, -3.525],
					"rotation": [0, 0, -65],
					"cubes": [
						{"origin": [0.1, 32.525, -3.525], "size": [0.675, 0.4, 0], "uv": [4, 125]}
					]
				},
				{
					"name": "Ear",
					"parent": "Head",
					"pivot": [-0.14783, 36.36957, -0.57826]
				},
				{
					"name": "LeftEar",
					"parent": "Ear",
					"pivot": [4.03727, 40.26922, -0.84471],
					"rotation": [15.81097, 8.88258, 4.94059],
					"cubes": [
						{"origin": [4.6658, 40.99475, -1.39471], "size": [1, 3, 2], "pivot": [4.33727, 41.84422, -0.34471], "rotation": [-6.98185, -13.54092, 7.56694], "uv": [88, 87]},
						{"origin": [4.9158, 38.86975, -1.39471], "size": [1, 3, 2], "pivot": [4.33727, 41.84422, -0.31971], "rotation": [-13.15128, -7.69939, 40.1259], "uv": [66, 88]},
						{"origin": [1.29357, 40.48656, -1.65652], "size": [1, 3, 2], "pivot": [4.43727, 39.96922, -0.54471], "rotation": [-14.62628, -4.20094, 54.27642], "uv": [6, 88]},
						{"origin": [2.46407, 40.12486, -2.09374], "size": [1, 3, 2], "pivot": [2.16407, 41.54986, -1.06874], "rotation": [-10.65015, -10.9153, 24.75751], "uv": [88, 0]},
						{"origin": [3.20831, 37.56698, -1.0157], "size": [2, 5, 2], "pivot": [4.43727, 41.76922, -0.54471], "rotation": [13.90745, -7.35147, 30.4939], "uv": [10, 82]}
					]
				},
				{
					"name": "RightEar",
					"parent": "Ear",
					"pivot": [-4.03727, 40.26922, -0.84471],
					"rotation": [15.81097, -8.88258, -4.94059],
					"cubes": [
						{"origin": [-5.6658, 40.99475, -1.39471], "size": [1, 3, 2], "pivot": [-4.33727, 41.84422, -0.34471], "rotation": [-6.98185, 13.54092, -7.56694], "uv": [88, 87], "mirror": true},
						{"origin": [-5.9158, 38.86975, -1.39471], "size": [1, 3, 2], "pivot": [-4.33727, 41.84422, -0.31971], "rotation": [-13.15128, 7.69939, -40.1259], "uv": [66, 88], "mirror": true},
						{"origin": [-2.29357, 40.48656, -1.65652], "size": [1, 3, 2], "pivot": [-4.43727, 39.96922, -0.54471], "rotation": [-14.62628, 4.20094, -54.27642], "uv": [6, 88], "mirror": true},
						{"origin": [-3.46407, 40.12486, -2.09374], "size": [1, 3, 2], "pivot": [-2.16407, 41.54986, -1.06874], "rotation": [-10.65015, 10.9153, -24.75751], "uv": [88, 0], "mirror": true},
						{"origin": [-5.20831, 37.56698, -1.0157], "size": [2, 5, 2], "pivot": [-4.43727, 41.76922, -0.54471], "rotation": [13.90745, 7.35147, -30.4939], "uv": [10, 82], "mirror": true}
					]
				},
				{
					"name": "Hair",
					"parent": "Head",
					"pivot": [0, 36, 0],
					"cubes": [
						{"origin": [-4, 33.125, 4.1], "size": [1, 6, 1], "uv": [22, 89]},
						{"origin": [-3, 32.125, 4.05], "size": [6, 7, 1], "uv": [72, 36]},
						{"origin": [-3, 34.1, 5], "size": [6, 5, 1], "uv": [73, 51]},
						{"origin": [3, 33.15, 4.05], "size": [1, 6, 1], "uv": [18, 89]},
						{"origin": [-0.5, 34.9, -5], "size": [1, 5, 1], "uv": [76, 89]},
						{"origin": [1.5, 36.9, -5], "size": [1, 3, 1], "uv": [58, 45]},
						{"origin": [4.2, 32.9, 3], "size": [1, 5, 1], "uv": [89, 51]},
						{"origin": [4.2, 31.9, 2], "size": [1, 7, 1], "uv": [86, 58]},
						{"origin": [4.2, 31.9, 0], "size": [1, 7, 2], "uv": [52, 84]},
						{"origin": [3.2, 32.9, 0], "size": [1, 2, 3], "uv": [86, 34]},
						{"origin": [-4.2, 32.9, 0], "size": [1, 2, 3], "uv": [86, 22]},
						{"origin": [-4, 32.025, 2.1], "size": [8, 3, 2], "uv": [52, 36]},
						{"origin": [4.2, 34.9, -1], "size": [1, 3, 1], "uv": [0, 40]},
						{"origin": [-5.2, 31.9, 2], "size": [1, 7, 1], "uv": [58, 86]},
						{"origin": [-5.2, 31.9, 0], "size": [1, 7, 2], "uv": [26, 84]},
						{"origin": [-5.2, 34.9, -1], "size": [1, 3, 1], "uv": [22, 31]},
						{"origin": [-5.2, 32.9, 3], "size": [1, 5, 1], "uv": [89, 27]},
						{"origin": [-1.5, 35.9, -5], "size": [1, 4, 1], "uv": [66, 52]},
						{"origin": [0.5, 34.9, -5], "size": [1, 5, 1], "uv": [72, 89]},
						{"origin": [-2.5, 36.9, -5], "size": [1, 3, 1], "uv": [61, 14]},
						{"origin": [-4.4625, 35.95, -3.7], "size": [1, 4, 3], "uv": [32, 86]},
						{"origin": [3.4625, 35.95, -3.7], "size": [1, 4, 3], "uv": [18, 82]},
						{"origin": [-4.5, 33, -1.825], "size": [1, 7, 6], "uv": [44, 39]},
						{"origin": [3.5, 33, -1.825], "size": [1, 7, 6], "uv": [41, 16]},
						{"origin": [-2, 37.6, -4.2], "size": [4, 3, 1], "uv": [22, 58]},
						{"origin": [-3, 39.9, -3.6], "size": [6, 1, 8], "uv": [21, 6]},
						{"origin": [-3.45, 39.1, -3.975], "size": [6.9, 1, 9], "uv": [0, 14]},
						{"origin": [-2, 40.9, -2.6], "size": [4, 1, 6], "uv": [49, 7]},
						{"origin": [-3, 40.9, -1.6], "size": [1, 1, 4], "uv": [83, 53]},
						{"origin": [2, 40.9, -1.6], "size": [1, 1, 4], "uv": [83, 40]},
						{"origin": [-4, 39.9, -2.6], "size": [1, 1, 6], "uv": [71, 14]},
						{"origin": [3, 39.9, -2.6], "size": [1, 1, 6], "uv": [48, 69]},
						{"origin": [2.5, 35.8, -4.5], "size": [1, 4, 1], "uv": [24, 67]},
						{"origin": [-3.5, 35.8, -4.5], "size": [1, 4, 1], "uv": [14, 44]}
					]
				},
				{
					"name": "fajia",
					"parent": "Hair",
					"pivot": [-0.5, 4.25, 2.175],
					"cubes": [
						{"origin": [-4.75, 40.35, -2.925], "size": [1, 1, 1.1], "pivot": [-4.25, 40.86442, -2.21507], "rotation": [-7.24677, 10.21235, -35.6484], "uv": [76, 4]},
						{"origin": [-5.54495, 40.26557, -2.51356], "size": [1, 1, 1], "pivot": [-4.25, 40.86442, -2.21507], "rotation": [-4.27344, 7.78305, -9.97778], "uv": [74, 72]},
						{"origin": [-5.53552, 40.45887, -2.48875], "size": [1, 1, 1], "pivot": [-4.25, 40.86442, -2.21507], "rotation": [-8.70035, 1.74726, -59.81987], "uv": [70, 47]},
						{"origin": [-3.96448, 40.45887, -2.53875], "size": [1, 1, 1], "pivot": [-4.25, 40.86442, -2.21507], "rotation": [-0.11427, 16.83745, -10.33243], "uv": [31, 70]},
						{"origin": [-3.95505, 40.26557, -2.51356], "size": [1, 1, 1], "pivot": [-4.25, 40.86442, -2.21507], "rotation": [-13.12196, 10.64515, -61.54335], "uv": [67, 20]}
					]
				},
				{
					"name": "FrontHair",
					"parent": "Hair",
					"pivot": [0, 37.61167, -2.84979]
				},
				{
					"name": "QianFaR",
					"parent": "FrontHair",
					"pivot": [-3.9125, 37.61167, -1.84979],
					"rotation": [-0.5, 0, 0],
					"cubes": [
						{"origin": [-4.425, 32.11167, -3.84979], "size": [1.025, 5, 2], "uv": [40, 86]},
						{"origin": [-5.425, 33.21167, -3.87479], "size": [1.025, 4, 1], "uv": [42, 15]},
						{"origin": [-5.425, 32.21167, -2.87479], "size": [1.025, 6, 1], "uv": [89, 15]}
					]
				},
				{
					"name": "Xu1_QianFaR3",
					"parent": "QianFaR",
					"pivot": [-4.51182, 33.76275, -2.86408],
					"rotation": [-9.90175, -2.11519, -4.54729],
					"cubes": [
						{"origin": [-5.43682, 28.41275, -3.58908], "size": [1, 5, 1.5], "uv": [46, 29]},
						{"origin": [-4.51182, 27.41275, -3.61408], "size": [1, 6, 1.5], "uv": [62, 86]}
					]
				},
				{
					"name": "QianFaL",
					"parent": "FrontHair",
					"pivot": [3.9125, 37.93667, -1.79979],
					"rotation": [-0.5, 0, 0],
					"cubes": [
						{"origin": [3.4, 33.11167, -3.84979], "size": [1.025, 4, 2], "uv": [46, 86]},
						{"origin": [4.4, 33.21167, -3.87479], "size": [1.025, 4, 1], "uv": [42, 15], "mirror": true},
						{"origin": [4.4, 32.21167, -2.87479], "size": [1.025, 6, 1], "uv": [89, 15], "mirror": true}
					]
				},
				{
					"name": "Xu1_QianFaR2",
					"parent": "QianFaL",
					"pivot": [4.48682, 33.76275, -2.83908],
					"rotation": [-9.90175, 2.11519, 4.54729],
					"cubes": [
						{"origin": [4.43682, 28.41275, -3.58908], "size": [1, 5, 1.5], "uv": [46, 29], "mirror": true},
						{"origin": [3.51182, 27.41275, -3.61408], "size": [1, 6, 1.5], "uv": [62, 86], "mirror": true}
					]
				},
				{
					"name": "LongHair",
					"parent": "Hair",
					"pivot": [0, 34.75, 4.70833],
					"rotation": [10, 0, 0],
					"cubes": [
						{"origin": [-3.5, 29.05, 4.875], "size": [7, 6, 1], "uv": [40, 62]},
						{"origin": [1.5, 30.05, 4.275], "size": [3, 7, 1], "uv": [74, 81]},
						{"origin": [-4.5, 30.05, 4.275], "size": [3, 7, 1], "uv": [66, 80]}
					]
				},
				{
					"name": "TouFa_Chang2",
					"parent": "LongHair",
					"pivot": [0, 29.75, 4.90833],
					"rotation": [-5, 0, 0],
					"cubes": [
						{"origin": [-3, 27.05, 5.075], "size": [6, 3, 1], "uv": [75, 21]},
						{"origin": [3, 27.875, 4.475], "size": [2, 3, 1], "uv": [60, 52]},
						{"origin": [-5, 27.875, 4.475], "size": [2, 3, 1], "pivot": [-4, 29.875, 4.975], "rotation": [0, 0, 5], "uv": [38, 45]}
					]
				},
				{
					"name": "SideHair",
					"parent": "Hair",
					"pivot": [0, 36.875, 3.625]
				},
				{
					"name": "MaWei_A3",
					"parent": "SideHair",
					"pivot": [4.9, 36.875, 3.625],
					"rotation": [3.13728, 55.14639, 1.29654],
					"cubes": [
						{"origin": [3.9, 32.05, 3.525], "size": [2, 5, 1], "uv": [86, 45]}
					]
				},
				{
					"name": "MaWei11",
					"parent": "MaWei_A3",
					"pivot": [4.74167, 32.68333, 3.83333],
					"rotation": [12.45392, -1.08089, 4.88206],
					"cubes": [
						{"origin": [3.775, 27.65, 3.6], "size": [2, 5, 1], "uv": [8, 53]}
					]
				},
				{
					"name": "MaWei_A4",
					"parent": "SideHair",
					"pivot": [-4.9, 36.875, 3.625],
					"rotation": [3.13728, -55.14639, -1.29654],
					"cubes": [
						{"origin": [-5.9, 32.05, 3.525], "size": [2, 5, 1], "uv": [86, 45], "mirror": true}
					]
				},
				{
					"name": "MaWei2",
					"parent": "MaWei_A4",
					"pivot": [-4.74167, 32.68333, 3.83333],
					"rotation": [12.45392, 1.08089, -4.88206],
					"cubes": [
						{"origin": [-5.775, 27.65, 3.6], "size": [2, 5, 1], "uv": [8, 53], "mirror": true}
					]
				},
				{
					"name": "MaWei_A2",
					"parent": "SideHair",
					"pivot": [5.275, 36.525, 2.125],
					"rotation": [42.78411, 87.07391, 36.46912],
					"cubes": [
						{"origin": [4.275, 31.7, 2.025], "size": [2, 5, 1], "uv": [0, 53]}
					]
				},
				{
					"name": "MaWei3",
					"parent": "MaWei_A2",
					"pivot": [5.11667, 32.33333, 2.33333],
					"rotation": [12.29526, -2.78166, 9.58676],
					"cubes": [
						{"origin": [4.15, 28.3, 2.1], "size": [2, 4, 1], "uv": [12, 89]}
					]
				},
				{
					"name": "MaWei_A5",
					"parent": "SideHair",
					"pivot": [-5.275, 36.525, 2.125],
					"rotation": [42.78411, -87.07391, -36.46912],
					"cubes": [
						{"origin": [-6.275, 31.7, 2.025], "size": [2, 5, 1], "uv": [0, 53], "mirror": true}
					]
				},
				{
					"name": "MaWei6",
					"parent": "MaWei_A5",
					"pivot": [-5.11667, 32.33333, 2.33333],
					"rotation": [12.29526, 2.78166, -9.58676],
					"cubes": [
						{"origin": [-6.15, 28.3, 2.1], "size": [2, 4, 1], "uv": [12, 89], "mirror": true}
					]
				},
				{
					"name": "Arm",
					"parent": "UpBody",
					"pivot": [0, 29.7, 0]
				},
				{
					"name": "RightArm",
					"parent": "Arm",
					"pivot": [-4.4, 29.7, 0],
					"rotation": [0, 0, 10.5],
					"cubes": [
						{"origin": [-6, 23.65, -1.6], "size": [3.25, 7.2, 3.2], "uv": [12, 65], "mirror": true},
						{"origin": [-6.475, 26.2, -1.95], "size": [4, 3, 4], "pivot": [-4.475, 27.7, 0.05], "rotation": [0, 0, -5], "uv": [10, 58]},
						{"origin": [-5.9, 23.75, -1.5], "size": [3.05, 7, 3], "uv": [0, 72]}
					]
				},
				{
					"name": "RightForeArm",
					"parent": "RightArm",
					"pivot": [-3.875, 24.5, 0.025],
					"cubes": [
						{"origin": [-6.225, 18.6, -1.7], "size": [3.5, 1, 3.5], "uv": [10, 40], "mirror": true},
						{"origin": [-6.475, 19, -1.95], "size": [4, 3, 4], "uv": [58, 45], "mirror": true},
						{"origin": [-5.975, 19.1, -1.575], "size": [3.2, 5, 3.2], "uv": [65, 72], "mirror": true},
						{"origin": [-4.95744, 20.10126, 0.975], "size": [1, 1, 1.2], "pivot": [-4.45744, 20.60126, 0.075], "rotation": [-90, -45, 90], "uv": [31, 77]}
					]
				},
				{
					"name": "RightHand",
					"parent": "RightForeArm",
					"pivot": [1.625, 10.65, 0],
					"cubes": [
						{"origin": [-5.875, 16.75, -1.475], "size": [3, 7, 3], "uv": [0, 62], "mirror": true}
					]
				},
				{
					"name": "RightHandLocator",
					"parent": "RightHand",
					"pivot": [-4.375, 16.65, 0]
				},
				{
					"name": "LeftArm",
					"parent": "Arm",
					"pivot": [4.4, 29.7, 0],
					"rotation": [0, 0, -10.5],
					"cubes": [
						{"origin": [2.85, 23.75, -1.5], "size": [3.05, 7, 3], "uv": [56, 65]},
						{"origin": [2.75, 23.65, -1.6], "size": [3.25, 7.2, 3.2], "uv": [12, 65]}
					]
				},
				{
					"name": "LeftForeArm",
					"parent": "LeftArm",
					"pivot": [3.875, 24.5, 0.025],
					"cubes": [
						{"origin": [4.025, 19.725, -2.025], "size": [1, 1, 4.2], "pivot": [4.975, 20.5, -1.525], "rotation": [0, 0, 42.5], "uv": [81, 77]},
						{"origin": [3.95744, 20.10126, -2.025], "size": [1, 1, 4.2], "pivot": [4.45744, 20.60126, 0.075], "rotation": [-90, 45, -90], "uv": [81, 77]},
						{"origin": [2.725, 18.6, -1.7], "size": [3.5, 1, 3.5], "uv": [10, 40]},
						{"origin": [2.475, 19, -1.95], "size": [4, 3, 4], "uv": [58, 45]},
						{"origin": [2.775, 19.1, -1.575], "size": [3.2, 5, 3.2], "uv": [65, 72]}
					]
				},
				{
					"name": "LeftHand",
					"parent": "LeftForeArm",
					"pivot": [4.375, 18.65, 0],
					"cubes": [
						{"origin": [2.875, 16.75, -1.475], "size": [3, 7, 3], "uv": [0, 62]}
					]
				},
				{
					"name": "LeftHandLocator",
					"parent": "LeftHand",
					"pivot": [4.375, 16.65, 0]
				},
				{
					"name": "UpperBody",
					"parent": "UpBody",
					"pivot": [0, 20.15, 0],
					"cubes": [
						{"origin": [-1.5, 30.75, -1.525], "size": [3, 2, 3], "uv": [75, 25]},
						{"origin": [-3.5, 18.75, -2.025], "size": [7, 12, 4], "uv": [0, 24]},
						{"origin": [-2, 29.35, -1.95], "size": [4, 2, 4], "uv": [61, 14]}
					]
				},
				{
					"name": "YaoDai",
					"parent": "UpperBody",
					"pivot": [-0.05131, 22.74712, -0.095],
					"rotation": [0, 0, -2.5],
					"cubes": [
						{"origin": [-3.68456, 22.9728, -2.695], "size": [7.825, 1, 1], "pivot": [-0.05956, 22.6978, -0.02], "rotation": [-4.60431, -1.95155, -15.42154], "uv": [55, 26]},
						{"origin": [-3.00956, 23.9228, -2.67], "size": [7.15, 1.5, 1], "pivot": [-0.05956, 22.6978, -0.02], "rotation": [-4.60431, -1.95155, -15.42154], "uv": [71, 0]},
						{"origin": [-2.30956, 26.1478, -2.695], "size": [7.15, 1.5, 1], "pivot": [-0.05956, 22.6978, -0.02], "rotation": [-4.60431, -1.95155, -15.42154], "uv": [71, 0]},
						{"origin": [-3.00956, 23.9228, 1.645], "size": [7.825, 1.5, 1], "pivot": [-0.05956, 22.6978, 0.02], "rotation": [4.60431, 1.95155, -15.42154], "uv": [71, 0]},
						{"origin": [-2.30956, 26.1478, 1.645], "size": [7.825, 1.5, 1], "pivot": [-0.05956, 22.6978, 0.02], "rotation": [4.60431, 1.95155, -15.42154], "uv": [71, 0]}
					]
				},
				{
					"name": "bone",
					"parent": "UpperBody",
					"pivot": [1.44073, 23.69367, -1.7875]
				},
				{
					"name": "bone8",
					"parent": "UpperBody",
					"pivot": [-1.44073, 23.69367, -1.7875]
				},
				{
					"name": "bone5",
					"parent": "UpperBody",
					"pivot": [1.29073, 25.54367, -1.7875],
					"rotation": [9.96271, 0.86717, -4.92442]
				},
				{
					"name": "bone7",
					"parent": "UpperBody",
					"pivot": [-1.29073, 25.54367, -1.7875],
					"rotation": [9.96271, -0.86717, 4.92442]
				},
				{
					"name": "bone6",
					"parent": "UpperBody",
					"pivot": [1.44073, 27.14367, -3.2125],
					"rotation": [15, 0, 0]
				},
				{
					"name": "Clothes",
					"parent": "UpBody",
					"pivot": [0, 20.15, 0]
				},
				{
					"name": "DaYi",
					"parent": "Clothes",
					"pivot": [2.71, 29.24044, 5.48032],
					"cubes": [
						{"origin": [3.75, 21.45, -2.345], "size": [1, 5, 5], "pivot": [3.6, 22.4, -0.675], "rotation": [0, 0, -11], "uv": [24, 67]},
						{"origin": [2.45, 25.925, -2.545], "size": [1.25, 5, 5], "uv": [66, 52]},
						{"origin": [-4.5, 21.56088, 2.84042], "size": [9, 3, 1], "pivot": [0, 20.12566, 3.26754], "rotation": [15, 0, 0], "uv": [55, 22]},
						{"origin": [-5.5, 19.56088, 2.84042], "size": [11, 2, 1], "pivot": [0, 20.12566, 3.26754], "rotation": [15, 0, 0], "uv": [21, 0]},
						{"origin": [-4, 23.87, 1.595], "size": [8, 6, 1], "uv": [50, 29]},
						{"origin": [-1.55446, 27.28781, 2.08229], "size": [1, 1, 1], "pivot": [-1.05446, 27.78781, 2.70729], "rotation": [0.34266, 4.37336, 43.68423], "uv": [61, 4]},
						{"origin": [0.55446, 27.28781, 2.08229], "size": [1, 1, 1], "pivot": [1.05446, 27.78781, 2.70729], "rotation": [0.34266, -4.37336, -43.68423], "uv": [61, 4], "mirror": true},
						{"origin": [-4.75, 21.45, -2.845], "size": [1, 5, 5.5], "pivot": [-3.6, 22.4, -0.675], "rotation": [0, 0, 11], "uv": [68, 26]},
						{"origin": [-3.8, 25.925, -2.545], "size": [1.25, 5, 5], "uv": [68, 62]}
					]
				},
				{
					"name": "M_DaYiBaiR",
					"parent": "DaYi",
					"pivot": [-3.57726, 26.51858, 0.1806],
					"cubes": [
						{"origin": [-4.99068, 23.8, -3.51517], "size": [3, 5, 2], "pivot": [-4.27747, 22.12144, -3.1421], "rotation": [-7.3024, 4.95122, 13.03016], "uv": [76, 60]},
						{"origin": [-3.34068, 28.075, -2.69017], "size": [3, 2, 2], "pivot": [-2.01568, 29.175, -1.94017], "rotation": [-4.76934, 2.91671, 4.76934], "uv": [44, 52]},
						{"origin": [-4.55, 22.45, -3.02], "size": [1, 2, 5], "pivot": [-3.6, 25.4, 0.325], "rotation": [0, 0, 17], "uv": [74, 6], "mirror": true},
						{"origin": [-5.38644, 19.90204, -3.80431], "size": [3, 5, 2], "pivot": [-4.27747, 22.12144, -3.1421], "rotation": [-15.70283, 4.82922, 20.0547], "uv": [50, 76]},
						{"origin": [-4.24357, 16.36054, -3.57147], "size": [2, 4, 1], "pivot": [-4.27747, 22.29644, -3.1421], "rotation": [-15.70283, 4.82922, 25.0547], "uv": [0, 88]},
						{"origin": [-4.85867, 16.29436, -2.86828], "size": [1, 4, 2], "pivot": [-4.27747, 22.12144, -3.1421], "rotation": [-15.70283, 4.82922, 25.0547], "uv": [49, 14]},
						{"origin": [-4.55, 19.45, -3.145], "size": [1, 3, 6], "pivot": [-3.6, 25.4, 0.325], "rotation": [0, 0, 17], "uv": [0, 53]},
						{"origin": [-6.36188, 15.88648, -2.645], "size": [1, 4, 6], "pivot": [-4.97981, 18.67779, 0.25001], "rotation": [0, 0, 22], "uv": [36, 52]},
						{"origin": [-2.67409, 25.69857, -3.27412], "size": [1, 1, 1], "pivot": [-2.62409, 26.19857, -2.77412], "rotation": [-5.16197, 6.12009, 57.72386], "uv": [61, 4]},
						{"origin": [-3.49576, 25.28704, -3.19949], "size": [1, 4, 6], "pivot": [-2.99576, 26.78704, -2.69949], "rotation": [-4.2888, -0.73814, 65.80874], "uv": [38, 97]},
						{"origin": [-3.05227, 23.97639, -3.5212], "size": [1, 1, 1], "pivot": [-3.00227, 24.47639, -3.0212], "rotation": [-5.16197, 6.12009, 57.72386], "uv": [61, 4]},
						{"origin": [-1.85227, 22.67639, -3.5212], "size": [1, 1, 1], "pivot": [-3.00227, 24.47639, -3.0212], "rotation": [-5.16197, 6.12009, 57.72386], "uv": [57, 100]}
					]
				},
				{
					"name": "M_DaYiBaiR2",
					"parent": "DaYi",
					"pivot": [3.57726, 26.51858, 0.1806],
					"cubes": [
						{"origin": [1.99068, 23.8, -3.51517], "size": [3, 5, 2], "pivot": [4.27747, 22.12144, -3.1421], "rotation": [-7.3024, -4.95122, -13.03016], "uv": [76, 60], "mirror": true},
						{"origin": [1.72409, 25.69857, -3.27412], "size": [1, 1, 1], "pivot": [2.62409, 26.19857, -2.77412], "rotation": [-5.16197, -6.12009, -57.72386], "uv": [66, 99], "mirror": true},
						{"origin": [2.10227, 23.97639, -3.5212], "size": [1, 1, 1], "pivot": [3.00227, 24.47639, -3.0212], "rotation": [-5.16197, -6.12009, -57.72386], "uv": [66, 99], "mirror": true},
						{"origin": [0.90227, 22.67639, -3.5212], "size": [1, 1, 1], "pivot": [3.00227, 24.47639, -3.0212], "rotation": [-5.16197, -6.12009, -57.72386], "uv": [62, 103], "mirror": true},
						{"origin": [0.34068, 28.075, -2.69017], "size": [3, 2, 2], "pivot": [2.01568, 29.175, -1.94017], "rotation": [-4.76934, -2.91671, -4.76934], "uv": [44, 52], "mirror": true},
						{"origin": [3.55, 22.45, -3.02], "size": [1, 2, 5], "pivot": [3.6, 25.4, 0.325], "rotation": [0, 0, -17], "uv": [74, 6]},
						{"origin": [2.38644, 19.90204, -3.80431], "size": [3, 5, 2], "pivot": [4.27747, 22.12144, -3.1421], "rotation": [-15.70283, -4.82922, -20.0547], "uv": [50, 76], "mirror": true},
						{"origin": [2.24357, 16.36054, -3.57147], "size": [2, 4, 1], "pivot": [4.27747, 22.29644, -3.1421], "rotation": [-15.70283, -4.82922, -25.0547], "uv": [0, 88], "mirror": true},
						{"origin": [3.85867, 16.29436, -2.86828], "size": [1, 4, 2], "pivot": [4.27747, 22.12144, -3.1421], "rotation": [-15.70283, -4.82922, -25.0547], "uv": [49, 14], "mirror": true},
						{"origin": [3.55, 19.45, -3.145], "size": [1, 3, 6], "pivot": [3.6, 25.4, 0.325], "rotation": [0, 0, -17], "uv": [0, 53], "mirror": true},
						{"origin": [5.36188, 15.88648, -2.645], "size": [1, 4, 6], "pivot": [4.97981, 18.67779, 0.25001], "rotation": [0, 0, -22], "uv": [36, 52], "mirror": true},
						{"origin": [2.49576, 25.28704, -3.19949], "size": [1, 4, 6], "pivot": [2.99576, 26.78704, -2.69949], "rotation": [-4.2888, 0.73814, -65.80874], "uv": [38, 97], "mirror": true}
					]
				},
				{
					"name": "bone12",
					"parent": "DaYi",
					"pivot": [3.12037, 20.66855, 3.39606],
					"cubes": [
						{"origin": [1.05245, 15.64559, 3.29999], "size": [4, 4, 1], "pivot": [2.92745, 17.22059, 3.84999], "rotation": [13.37271, 1.47076, -9.89234], "uv": [80, 67], "mirror": true},
						{"origin": [5.18828, 14.95508, 2.93654], "size": [1, 4, 1], "pivot": [4.97981, 15.67779, -0.34999], "rotation": [13.37271, 1.47076, -14.89234], "uv": [21, 15]}
					]
				},
				{
					"name": "bone13",
					"parent": "DaYi",
					"pivot": [-3.12037, 20.66855, 3.39606],
					"cubes": [
						{"origin": [-6.41813, 16.07071, 2.91075], "size": [2, 4, 1], "pivot": [-5.09313, 17.99571, 3.41075], "rotation": [13.37271, -1.47076, 22.39234], "uv": [87, 10]},
						{"origin": [-5.05245, 15.64559, 3.29999], "size": [4, 4, 1], "pivot": [-2.92745, 17.22059, 3.84999], "rotation": [13.37271, -1.47076, 9.89234], "uv": [80, 67]}
					]
				},
				{
					"name": "Breast",
					"parent": "Clothes",
					"pivot": [0, 29.075, -1.99017]
				},
				{
					"name": "xiong",
					"parent": "Breast",
					"pivot": [0, 29.075, -1.99017],
					"cubes": [
						{"origin": [-2.5, 27.025, -3.01517], "size": [1, 3, 1], "pivot": [0, 29.075, -1.99017], "rotation": [-22.5, 0, 0], "uv": [0, 24]},
						{"origin": [1.5, 27.025, -3.01517], "size": [1, 3, 1], "pivot": [0, 29.075, -1.99017], "rotation": [-22.5, 0, 0], "uv": [0, 24]},
						{"origin": [-1.5, 26.025, -3.01517], "size": [3, 4, 1], "pivot": [0, 29.075, -1.99017], "rotation": [-22.5, 0, 0], "uv": [85, 72]}
					]
				},
				{
					"name": "lingdai",
					"parent": "Breast",
					"pivot": [0.02357, 29.06019, -3.0142],
					"rotation": [-30, 0, 0],
					"cubes": [
						{"origin": [-0.575, 28.375, -3.625], "size": [1.3, 1.3, 1.1], "pivot": [0, 29.025, -3.075], "rotation": [0, 0, -90], "uv": [3, 99]},
						{"origin": [-1.80058, 27.71766, -3.18744], "size": [3.7, 1.1, 0], "pivot": [-0.02024, 27.43053, -3.04909], "rotation": [4.84934, -1.74155, -55.50942], "uv": [14, 106]},
						{"origin": [-1.92588, 27.73659, -3.13392], "size": [3.7, 1.1, 0], "pivot": [-0.02024, 27.43053, -3.04909], "rotation": [4.76902, 1.95117, 53.01692], "uv": [2, 96], "mirror": true},
						{"origin": [-1.26446, 27.02943, -3.08392], "size": [3.7, 1.1, 0], "pivot": [-0.02024, 27.43053, -3.04909], "rotation": [5.14611, -0.24396, 77.9247], "uv": [2, 100], "mirror": true},
						{"origin": [-2.46755, 26.98999, -3.08744], "size": [3.7, 1.1, 0], "pivot": [-0.02024, 27.43053, -3.04909], "rotation": [5.14611, 0.24396, -77.9247], "uv": [2, 103]},
						{"origin": [-2.42606, 29.09271, -3.42339], "size": [2, 1, 1], "pivot": [-1.26408, 29.15943, -2.93245], "rotation": [-2.11751, -4.53051, 15.08377], "uv": [119, 118]},
						{"origin": [-2.41766, 28.22987, -3.44839], "size": [2, 1, 1], "pivot": [-1.26408, 29.15943, -2.93245], "rotation": [2.11751, -4.53051, -35.08377], "uv": [118, 123]},
						{"origin": [-2.34477, 28.67191, -3.47339], "size": [2, 1, 1], "pivot": [-1.26408, 29.15943, -2.93245], "rotation": [0, -5, -10], "uv": [122, 113]},
						{"origin": [0.3451, 28.59479, -3.47247], "size": [2, 1, 1], "pivot": [1.25395, 29.08195, -2.93245], "rotation": [0, 5, 7.5], "uv": [28, 125]},
						{"origin": [0.41686, 28.15713, -3.44747], "size": [2, 1, 1], "pivot": [1.25395, 29.08195, -2.93245], "rotation": [2.11751, 4.53051, 32.58377], "uv": [20, 125]},
						{"origin": [0.42556, 29.01113, -3.42247], "size": [2, 1, 1], "pivot": [1.25395, 29.08195, -2.93245], "rotation": [-2.11751, 4.53051, -17.58377], "uv": [38, 119]}
					]
				},
				{
					"name": "DownBody",
					"parent": "AllBody",
					"pivot": [0, 20.15, 0],
					"cubes": [
						{"origin": [-4.2, 18.125, -2.8], "size": [8.4, 2.2, 5.475], "uv": [21, 15]},
						{"origin": [-3.95, 19.175, -2.5], "size": [7.95, 2.2, 5], "uv": [22, 24]}
					]
				},
				{
					"name": "wb",
					"parent": "DownBody",
					"pivot": [0, 22.15, 2]
				},
				{
					"name": "WeiBa",
					"parent": "wb",
					"pivot": [0, 23.175, 1.8],
					"rotation": [35, 0, 0],
					"cubes": [
						{"origin": [-2.5, 19.565, 1.7], "size": [5, 4, 3], "pivot": [0, 19.675, 4], "rotation": [27.5, 0, 0], "uv": [63, 4]}
					]
				},
				{
					"name": "WeiBa2",
					"parent": "WeiBa",
					"pivot": [0, 19.45025, 3.51068],
					"rotation": [-35, 0, 0],
					"cubes": [
						{"origin": [-2, 17.08883, 2.73892], "size": [4, 3, 3], "pivot": [0, 18.58883, 4.23892], "rotation": [-29.5, 0, 0], "uv": [36, 73]}
					]
				},
				{
					"name": "WeiBa3",
					"parent": "WeiBa2",
					"pivot": [0, 18.05817, 5.20002],
					"rotation": [32.5, 0, 0],
					"cubes": [
						{"origin": [-1, 10.74077, 4.43868], "size": [2, 5.6, 1], "pivot": [0, 12.54077, 4.93868], "rotation": [11.5, 0, 0], "uv": [0, 0]},
						{"origin": [-1.96177, 14.94952, 3.5598], "size": [2, 5, 2], "pivot": [-2.18677, 15.87452, 4.3848], "rotation": [12.05473, -26.48322, -8.13759], "uv": [0, 14]},
						{"origin": [-0.03823, 14.94952, 3.5598], "size": [2, 5, 2], "pivot": [2.18677, 15.87452, 4.3848], "rotation": [12.05473, 26.48322, 8.13759], "uv": [0, 14], "mirror": true},
						{"origin": [-1.5, 14.35901, 3.41018], "size": [3, 3, 3], "pivot": [1, 18.46401, 3.03018], "rotation": [13.5, 0, 0], "uv": [74, 44]}
					]
				},
				{
					"name": "bone2",
					"parent": "WeiBa3",
					"pivot": [0, 11.98721, 5.984],
					"cubes": [
						{"origin": [-2, 12.35901, 5.28518], "size": [4, 3, 2], "pivot": [1.5, 18.46401, 3.03018], "rotation": [-1.25, 0, 0], "uv": [12, 75]},
						{"origin": [-1.5, 7.97441, 4.71032], "size": [3, 5, 1], "pivot": [0, 10.47441, 5.21032], "rotation": [-24.5, 0, 0], "uv": [82, 83]}
					]
				},
				{
					"name": "Skirt",
					"parent": "DownBody",
					"pivot": [0, 20.75, 0.0125]
				},
				{
					"name": "You",
					"parent": "Skirt",
					"pivot": [-3.525, 22.425, 0.0375],
					"rotation": [0, 0, 17.5],
					"cubes": [
						{"origin": [-3.625, 19.7, -1.9625], "size": [1, 3, 4], "uv": [44, 79]},
						{"origin": [-3.625, 16.7, -3.1375], "size": [1, 3, 6], "uv": [26, 58]}
					]
				},
				{
					"name": "Zuo",
					"parent": "Skirt",
					"pivot": [3.6, 22.425, 0.0375],
					"rotation": [0, 0, -17.5],
					"cubes": [
						{"origin": [2.7, 19.6, -1.9625], "size": [1, 3, 4], "uv": [56, 79]},
						{"origin": [2.7, 16.6, -3.1375], "size": [1, 3, 6], "uv": [58, 56]}
					]
				},
				{
					"name": "Qian",
					"parent": "Skirt",
					"pivot": [0, 22.775, -2.0125],
					"rotation": [-20, 0, 0],
					"cubes": [
						{"origin": [-4.25, 19.775, -2.0625], "size": [8.475, 2, 1.1], "uv": [21, 3]},
						{"origin": [-3.7375, 21.775, -2.0625], "size": [7.475, 1, 1.1], "uv": [71, 2]},
						{"origin": [-4.7375, 16.775, -2.0625], "size": [9.475, 3, 1.1], "uv": [52, 41]}
					]
				},
				{
					"name": "Qian2",
					"parent": "Skirt",
					"pivot": [0, 22.625, 2.1875],
					"rotation": [12.5, 0, 0],
					"cubes": [
						{"origin": [-4.25, 19.625, 1.1375], "size": [8.475, 3, 1.1], "uv": [36, 69]},
						{"origin": [-4.7375, 16.625, 1.1375], "size": [9.475, 3, 1.1], "uv": [51, 0]}
					]
				},
				{
					"name": "Leg",
					"parent": "DownBody",
					"pivot": [0, 20.15, 0]
				},
				{
					"name": "LeftLeg",
					"parent": "Leg",
					"pivot": [2.4, 20.15, -1],
					"cubes": [
						{"origin": [0.375, 10.65, -2], "size": [3.65, 10, 4], "uv": [36, 31]},
						{"origin": [0.9, 9.65, -1.375], "size": [2.65, 3, 3], "uv": [81, 4]}
					]
				},
				{
					"name": "LeftLowerLeg",
					"parent": "LeftLeg",
					"pivot": [2.2, 10.7, 0],
					"cubes": [
						{"origin": [0.5, 2, -1.9], "size": [3.4, 9, 4], "uv": [28, 45]},
						{"origin": [0.4, 1.925, -1.975], "size": [3.6, 9.175, 4.175], "uv": [14, 45]},
						{"origin": [0.375, 8.925, -2.025], "size": [3.675, 0.375, 4.25], "uv": [94, 120], "mirror": true},
						{"origin": [0.25, 1.1, -2.1], "size": [3.875, 6, 4.375], "uv": [50, 52]},
						{"origin": [0.275, 6.4, -2.075], "size": [3.825, 1, 4.3], "uv": [68, 120]},
						{"origin": [1.525, 6.4, -2.2], "size": [1.325, 0.975, 1], "uv": [73, 117]},
						{"origin": [1.775, 6.625, -2.225], "size": [0.825, 0.8, 1.025], "uv": [62, 123]}
					]
				},
				{
					"name": "LeftFoot",
					"parent": "LeftLowerLeg",
					"pivot": [2.1875, 1.5, -0.8625],
					"cubes": [
						{"origin": [0.225, 1, -4.325], "size": [3.925, 2, 6.75], "uv": [49, 14]},
						{"origin": [0.275, 0, -4.275], "size": [3.85, 1.2, 3.775], "uv": [80, 30]},
						{"origin": [0.275, 0, 0.5], "size": [3.85, 1.2, 1.775], "uv": [30, 22]},
						{"origin": [0.95, 2.675, -3.4], "size": [2.675, 1, 2], "pivot": [2.6875, 2.5, -2.9], "rotation": [22.5, 0, 0], "uv": [55, 4]},
						{"origin": [0.975, 3.12111, -2.45727], "size": [2.625, 1, 3], "pivot": [2.2875, 3.62111, -1.95727], "rotation": [87.5, 0, 0], "uv": [96, 4]}
					]
				},
				{
					"name": "RightLeg",
					"parent": "Leg",
					"pivot": [-2.4, 20.15, -1],
					"cubes": [
						{"origin": [-4.025, 10.65, -2], "size": [3.65, 10, 4], "uv": [22, 31]},
						{"origin": [-3.55, 9.65, -1.375], "size": [2.65, 3, 3], "uv": [0, 82]}
					]
				},
				{
					"name": "RightLowerLeg",
					"parent": "RightLeg",
					"pivot": [-2.2, 10.7, 0],
					"cubes": [
						{"origin": [-3.9, 2, -1.9], "size": [3.4, 9, 4], "uv": [41, 0]},
						{"origin": [-4, 1.925, -1.975], "size": [3.6, 9.175, 4.175], "uv": [0, 40]},
						{"origin": [-4.05, 8.925, -2.025], "size": [3.675, 0.375, 4.25], "uv": [94, 120]},
						{"origin": [-4.125, 1.1, -2.1], "size": [3.875, 6, 4.375], "uv": [50, 52]},
						{"origin": [-4.1, 6.4, -2.075], "size": [3.825, 1, 4.3], "uv": [68, 120], "mirror": true},
						{"origin": [-2.85, 6.4, -2.2], "size": [1.325, 0.975, 1], "uv": [73, 117], "mirror": true},
						{"origin": [-2.6, 6.625, -2.225], "size": [0.825, 0.8, 1.025], "uv": [62, 123], "mirror": true},
						{"origin": [-3.6, 3.12111, -2.45727], "size": [2.625, 1, 3], "pivot": [-2.2875, 3.62111, -1.95727], "rotation": [87.5, 0, 0], "uv": [96, 4], "mirror": true}
					]
				},
				{
					"name": "RightFoot",
					"parent": "RightLowerLeg",
					"pivot": [2.1875, 1.5, -0.8625],
					"cubes": [
						{"origin": [-4.15, 1, -4.325], "size": [3.925, 2, 6.75], "uv": [49, 14], "mirror": true},
						{"origin": [-4.125, 0, -4.275], "size": [3.85, 1.2, 3.775], "uv": [80, 30], "mirror": true},
						{"origin": [-4.125, 0, 0.5], "size": [3.85, 1.2, 1.775], "uv": [30, 22], "mirror": true},
						{"origin": [-3.625, 2.675, -3.4], "size": [2.675, 1, 2], "pivot": [-2.6875, 2.5, -2.9], "rotation": [22.5, 0, 0], "uv": [55, 4], "mirror": true}
					]
				},
				{
					"name": "wenhao",
					"pivot": [11.25, 47.25, 0],
					"cubes": [
						{"origin": [7, 49, -1], "size": [2, 2, 2], "uv": [115, 51]},
						{"origin": [8, 51, -1], "size": [5, 2, 2], "uv": [112, 54]},
						{"origin": [13, 48, -1], "size": [2, 3, 2], "uv": [115, 53]},
						{"origin": [12, 46, -1], "size": [2, 2, 2], "uv": [117, 54]},
						{"origin": [10, 43, -1], "size": [2, 4, 2], "uv": [113, 53]},
						{"origin": [10, 39, -1], "size": [2, 2, 2], "uv": [117, 51]}
					]
				},
				{
					"name": "gantanhao",
					"pivot": [0, 50.5, 0],
					"cubes": [
						{"origin": [-1, 46, -1], "size": [2, 2, 2], "uv": [115, 54]},
						{"origin": [-1, 50, -1], "size": [2, 8, 2], "uv": [115, 48]}
					]
				}
			]
		}
	]
}