{
	"format_version": "1.12.0",
	"minecraft:geometry": [
		{
			"description": {
				"identifier": "geometry.unknown",
				"texture_width": 32,
				"texture_height": 32,
				"visible_bounds_width": 3,
				"visible_bounds_height": 1.5,
				"visible_bounds_offset": [0, 0.25, 0]
			},
			"bones": [
				{
					"name": "Root",
					"pivot": [8, 0, 0],
					"rotation": [0, 90, 0],
					"cubes": [
						{
							"origin": [7.25, -0.75, -12],
							"size": [1.5, 1.5, 5],
							"uv": {
								"north": {"uv": [13, 10], "uv_size": [1, 1]},
								"east": {"uv": [0, 0], "uv_size": [26, 1]},
								"south": {"uv": [12, 13], "uv_size": [1, 1]},
								"west": {"uv": [0, 1], "uv_size": [26, 1]},
								"up": {"uv": [0, 2], "uv_size": [1, 26]},
								"down": {"uv": [1, 28], "uv_size": [1, -26]}
							}
						},
						{
							"origin": [7.75, 0.8125, -14.625],
							"size": [0.5, 0.5, 3],
							"pivot": [8, 1.0625, -9.125],
							"rotation": [11, 0, 0],
							"uv": {
								"north": {"uv": [14, 3], "uv_size": [1, 1]},
								"east": {"uv": [8, 6], "uv_size": [3, 1]},
								"south": {"uv": [14, 4], "uv_size": [1, 1]},
								"west": {"uv": [8, 7], "uv_size": [3, 1]},
								"up": {"uv": [8, 8], "uv_size": [1, 3]},
								"down": {"uv": [9, 11], "uv_size": [1, -3]}
							}
						},
						{
							"origin": [7.75, -1.3125, -14.625],
							"size": [0.5, 0.5, 3],
							"pivot": [8, -1.0625, -9.125],
							"rotation": [-11, 0, 0],
							"uv": {
								"north": {"uv": [5, 14], "uv_size": [1, 1]},
								"east": {"uv": [10, 2], "uv_size": [3, 1]},
								"south": {"uv": [14, 5], "uv_size": [1, 1]},
								"west": {"uv": [10, 3], "uv_size": [3, 1]},
								"up": {"uv": [4, 10], "uv_size": [1, 3]},
								"down": {"uv": [5, 13], "uv_size": [1, -3]}
							}
						},
						{
							"origin": [7.75, 0.04377, -14.49441],
							"size": [0.5, 0.5, 3],
							"pivot": [8, 0, -13.05151],
							"rotation": [11, 0, -90],
							"uv": {
								"north": {"uv": [8, 14], "uv_size": [1, 1]},
								"east": {"uv": [10, 10], "uv_size": [3, 1]},
								"south": {"uv": [14, 8], "uv_size": [1, 1]},
								"west": {"uv": [11, 6], "uv_size": [3, 1]},
								"up": {"uv": [8, 11], "uv_size": [1, 3]},
								"down": {"uv": [9, 14], "uv_size": [1, -3]}
							}
						},
						{
							"origin": [7.75, -0.54377, -14.49441],
							"size": [0.5, 0.5, 3],
							"pivot": [8, 0, -13.05151],
							"rotation": [-11, 0, -90],
							"uv": {
								"north": {"uv": [6, 14], "uv_size": [1, 1]},
								"east": {"uv": [10, 8], "uv_size": [3, 1]},
								"south": {"uv": [14, 6], "uv_size": [1, 1]},
								"west": {"uv": [10, 9], "uv_size": [3, 1]},
								"up": {"uv": [6, 10], "uv_size": [1, 3]},
								"down": {"uv": [7, 13], "uv_size": [1, -3]}
							}
						}
					]
				}
			]
		}
	]
}