{
	"format_version": "1.21.0",
	"minecraft:geometry": [
		{
			"description": {
				"identifier": "geometry.unknown",
				"texture_width": 128,
				"texture_height": 128,
				"visible_bounds_width": 7,
				"visible_bounds_height": 8,
				"visible_bounds_offset": [0, 3, 0]
			},
			"bones": [
				{
					"name": "Root",
					"pivot": [0, 2.65, 0]
				},
				{
					"name": "AllBody",
					"parent": "Root",
					"pivot": [0, 23.65, 0]
				},
				{
					"name": "UpBody",
					"parent": "AllBody",
					"pivot": [0, 23.65, 0],
					"cubes": [
						{"origin": [0.1, 34.20952, -1.89348], "size": [2.6, 1, 3.2], "pivot": [1, 34.20952, -0.29348], "rotation": [-12.5, 7.5, 37.5], "uv": [34, 1]},
						{"origin": [-2.7, 32.15, -1.8], "size": [5.4, 3, 3.2], "pivot": [0, 34.15, -0.025], "rotation": [-12.5, 0, 0], "uv": [98, 2]},
						{"origin": [-2.4, 33.15, -1.9], "size": [4.8, 1, 3.2], "pivot": [0, 34.15, -0.025], "rotation": [-12.5, 0, 0], "uv": [33, 2]},
						{"origin": [-2.4, 32.15, -2], "size": [4.8, 0.75, 3.2], "pivot": [0, 34.15, -0.025], "rotation": [-20, 0, 0], "uv": [94, 84]},
						{"origin": [-1.4, 34.15, -1.9], "size": [2.8, 1, 3.2], "pivot": [-1, 34.15, -0.025], "rotation": [-12.5, 0, 0], "uv": [35, 2]},
						{"origin": [0, 32.5, -2.5], "size": [1, 1, 2.05], "pivot": [0.5, 33.5, -1.675], "rotation": [-30, 0, 0], "uv": [120, 79]},
						{"origin": [0, 35.01679, -1.5], "size": [1, 1, 1], "pivot": [0, 36.01679, -0.53363], "rotation": [-12.62076, 12.45167, 43.89307], "uv": [121, 24]},
						{"origin": [0.1, 35.2168, -1.6], "size": [0.5, 0.5, 1], "pivot": [0, 36.01679, -0.53363], "rotation": [-12.62076, 12.45167, 43.89307], "uv": [123, 40]},
						{"origin": [0.3, 35.2168, -1.6], "size": [0.5, 0.5, 1], "pivot": [0, 36.01679, -0.53363], "rotation": [-12.62076, 12.45167, 43.89307], "uv": [123, 40]},
						{"origin": [-2.2, 34.15, -1.625], "size": [2.4, 2, 3.2], "pivot": [-1, 35.15, -0.025], "rotation": [0, 0, 32.5], "uv": [102, 2]},
						{"origin": [-1.4, 36.15, -1.725], "size": [2, 0.2, 3.2], "pivot": [-1, 35.15, -0.025], "rotation": [0, 0, 32.5], "uv": [121, 39]},
						{"origin": [-2.2, 33.15, -1.625], "size": [2.4, 2, 3.2], "pivot": [-1, 35.15, -0.025], "rotation": [0, 0, 65], "uv": [102, 2]},
						{"origin": [-3, 32, -3], "size": [0.75, 3.5, 2.05], "pivot": [-2.625, 31.25, -0.475], "rotation": [-17.5, 0, 0], "uv": [121, 76], "mirror": true},
						{"origin": [-2.2, 34.15, -1.625], "size": [2.4, 2, 3.2], "pivot": [-1, 35.15, -0.025], "rotation": [0, 0, 32.5], "uv": [102, 2]},
						{"origin": [-1.7, 34.15, -1.525], "size": [3.4, 2, 2.1], "uv": [20, 0]},
						{"origin": [-1.7, 34.15, -0.525], "size": [3.4, 2, 2.1], "uv": [104, 5]},
						{"origin": [-2, 25.75, -2.025], "size": [4, 7, 4.05], "uv": [0, 24]},
						{"origin": [2.25, 32, -3], "size": [0.75, 3.5, 2.05], "pivot": [2.625, 31.25, -0.475], "rotation": [-17.5, 0, 0], "uv": [118, 66]},
						{"origin": [2.25, 30, -3], "size": [0.75, 2, 2.05], "pivot": [2.625, 31.25, -0.475], "rotation": [-17.5, 0, 0], "uv": [103, 82]},
						{"origin": [2.25, 30, -3], "size": [0.75, 2, 2.05], "pivot": [2.625, 31.25, -0.475], "rotation": [-17.5, 0, 0], "uv": [103, 82]},
						{"origin": [2.25, 30.6, -1.5], "size": [0.75, 5.5, 3.05], "uv": [111, 77]},
						{"origin": [-3, 30.6, -0.5], "size": [0.75, 5.5, 3.05], "pivot": [-2.625, 32.25, 2.525], "rotation": [15, 0, 0], "uv": [117, 65], "mirror": true},
						{"origin": [2.25, 30.6, -0.5], "size": [0.75, 5.5, 3.05], "pivot": [2.625, 32.25, 2.525], "rotation": [15, 0, 0], "uv": [117, 65]},
						{"origin": [-3, 23.75, -2.025], "size": [6, 2, 4.05], "uv": [96, 3]},
						{"origin": [2.25, 32, -3], "size": [0.75, 3.5, 2.05], "pivot": [2.625, 31.25, -0.475], "rotation": [-17.25002, -2.99318, -9.54589], "uv": [118, 66]},
						{"origin": [2, 23.75, -2.025], "size": [1, 9, 4.05], "pivot": [2.5, 29.25, 0], "rotation": [0, 0, -5], "uv": [118, 20]},
						{"origin": [2, 23.75, -2.025], "size": [1, 9, 4.05], "pivot": [2.5, 29.25, 0], "rotation": [0, 0, 5], "uv": [118, 22]},
						{"origin": [-3, 32, -3], "size": [0.75, 3.5, 2.05], "pivot": [-2.625, 31.25, -0.475], "rotation": [-17.25002, 2.99318, 9.54589], "uv": [118, 66], "mirror": true},
						{"origin": [-3, 23.75, -2.025], "size": [1, 9, 4.05], "pivot": [-2.5, 29.25, 0], "rotation": [0, 0, 5], "uv": [118, 20]},
						{"origin": [-3, 23.75, -2.025], "size": [1, 9, 4.05], "pivot": [-2.5, 29.25, 0], "rotation": [0, 0, -5], "uv": [118, 22]},
						{"origin": [-1.5, 22.75, -2.025], "size": [3, 1, 4.05], "uv": [34, 0]},
						{"origin": [-0.6, 23.65, -2.15], "size": [0.1, 9, 1], "uv": [30, 27]},
						{"origin": [-0.2, 34.15, -1.625], "size": [2.4, 2, 3.2], "pivot": [1, 35.15, -0.025], "rotation": [0, 0, -32.5], "uv": [102, 2], "mirror": true},
						{"origin": [-0.2, 33.15, -1.625], "size": [2.4, 2, 3.2], "pivot": [1, 35.15, -0.025], "rotation": [0, 0, -65], "uv": [102, 2], "mirror": true},
						{"origin": [-3, 30, -3], "size": [0.75, 2, 2.05], "pivot": [-2.625, 31.25, -0.475], "rotation": [-17.5, 0, 0], "uv": [103, 82], "mirror": true},
						{"origin": [-0.6, 36.15, -1.725], "size": [2, 0.2, 3.2], "pivot": [1, 35.15, -0.025], "rotation": [0, 0, -32.5], "uv": [121, 39], "mirror": true},
						{"origin": [-2.7, 34.20952, -1.89348], "size": [2.6, 1, 3.2], "pivot": [-1, 34.20952, -0.29348], "rotation": [-12.5, -7.5, -37.5], "uv": [34, 1], "mirror": true},
						{"origin": [-0.6, 35.2168, -1.6], "size": [0.5, 0.5, 1], "pivot": [0, 36.01679, -0.53363], "rotation": [-12.62076, -12.45167, -43.89307], "uv": [123, 40], "mirror": true},
						{"origin": [-3, 30.6, -1.5], "size": [0.75, 5.5, 3.05], "uv": [111, 77], "mirror": true}
					]
				},
				{
					"name": "bone",
					"parent": "UpBody",
					"pivot": [0, 34, -2],
					"cubes": [
						{"origin": [-2.5, 34, -3], "size": [2.5, 1.5, 1], "pivot": [-1, 34, -2], "rotation": [0, 2.5, 22.5], "uv": [120, 29]},
						{"origin": [-4, 34, -3.75], "size": [2.5, 1, 1], "pivot": [-1, 34, -2], "rotation": [30.99293, 51.18666, 60.12925], "uv": [120, 29]},
						{"origin": [-3.5, 34, -4.5], "size": [1, 1, 0.75], "pivot": [-1, 34, -2], "rotation": [30.99293, 51.18666, 60.12925], "uv": [123, 30]},
						{"origin": [-2, 34, -3], "size": [2, 2, 1], "pivot": [-1, 34, -2], "rotation": [0, 0, 45], "uv": [121, 29]},
						{"origin": [0, 34, -3], "size": [2.5, 1.5, 1], "pivot": [1, 34, -2], "rotation": [0, -2.5, -22.5], "uv": [120, 29], "mirror": true},
						{"origin": [1.5, 34, -3.75], "size": [2.5, 1, 1], "pivot": [1, 34, -2], "rotation": [30.99293, -51.18666, -60.12925], "uv": [120, 29], "mirror": true},
						{"origin": [1.5, 35, -2.75], "size": [3.5, 1, 1], "pivot": [2, 35, -1], "rotation": [147.88763, -52.61598, 171.45747], "uv": [119, 29], "mirror": true},
						{"origin": [-5, 35, -2.75], "size": [3.5, 1, 1], "pivot": [-2, 35, -1], "rotation": [147.88763, 52.61598, -171.45747], "uv": [119, 29]},
						{"origin": [2.5, 34, -4.5], "size": [1, 1, 0.75], "pivot": [1, 34, -2], "rotation": [30.99293, -51.18666, -60.12925], "uv": [123, 30], "mirror": true}
					]
				},
				{
					"name": "AllHead",
					"parent": "UpBody",
					"pivot": [0, 36.425, -0.025],
					"cubes": [
						{"origin": [-1.5, 35.925, -1.525], "size": [3, 2, 3], "uv": [4, 18]},
						{"origin": [-1.575, 35.5, -1.575], "size": [3.1, 1, 3.1], "uv": [101, 2]}
					]
				},
				{
					"name": "Head",
					"parent": "AllHead",
					"pivot": [0, 37.05, 0],
					"cubes": [
						{"origin": [-3.5, 39.05, -3.5], "size": [7, 5, 7], "uv": [0, 11]},
						{"origin": [-1.5, 38.05, -3.5], "size": [3, 3, 7], "uv": [4, 11]},
						{"origin": [-0.35, 37, -3.5], "size": [0.7, 2, 7], "uv": [7, 15]},
						{"origin": [-3.2, 40.8, -3.7], "size": [1.7, 0.075, 1], "pivot": [-2.5, 40.875, -3.5], "rotation": [0, 0, 2.5], "uv": [122, 54]},
						{"origin": [-2.5, 40.5, -3.6], "size": [1, 0.075, 1], "pivot": [-2.5, 40.875, -3.5], "rotation": [0, 0, 2.5], "uv": [122, 54]},
						{"origin": [1.4, 38.65, -5.2], "size": [0.5, 0.06, 0.5], "pivot": [1, 38.05, -4], "rotation": [0, -90, 178], "uv": [104, 7]},
						{"origin": [1.5, 40.5, -3.6], "size": [1, 0.075, 1], "pivot": [2.5, 40.875, -3.5], "rotation": [0, 0, -2.5], "uv": [122, 54], "mirror": true},
						{"origin": [1.5, 40.8, -3.7], "size": [1.7, 0.075, 1], "pivot": [2.5, 40.875, -3.5], "rotation": [0, 0, -2.5], "uv": [122, 54], "mirror": true}
					]
				},
				{
					"name": "bone25",
					"parent": "Head",
					"pivot": [0, 39, -1],
					"rotation": [10, 0, 0],
					"cubes": [
						{"origin": [-2.5, 37, -5], "size": [2.5, 1.5, 1], "pivot": [-1, 37, -4], "rotation": [0, 2.5, 22.5], "uv": [120, 29]},
						{"origin": [-4, 37, -5.75], "size": [2.5, 1, 1], "pivot": [-1, 37, -4], "rotation": [30.99293, 51.18666, 60.12925], "uv": [120, 29]},
						{"origin": [-4, 37, -5.65], "size": [2.5, 1.5, 1], "pivot": [-1, 37, -4], "rotation": [9.01672, 42.0683, 32.07461], "uv": [120, 29]},
						{"origin": [-2, 37.2, -5], "size": [2, 2, 1], "pivot": [-1, 37, -4], "rotation": [0, 0, 45], "uv": [121, 29]},
						{"origin": [0, 37, -5], "size": [2.5, 1.5, 1], "pivot": [1, 37, -4], "rotation": [0, -2.5, -22.5], "uv": [120, 29], "mirror": true},
						{"origin": [1.5, 38, -4.75], "size": [3.5, 1, 1], "pivot": [2, 38, -3], "rotation": [147.88763, -52.61598, 171.45747], "uv": [119, 29], "mirror": true},
						{"origin": [-5, 38, -4.75], "size": [3.5, 1, 1], "pivot": [-2, 38, -3], "rotation": [147.88763, 52.61598, -171.45747], "uv": [119, 29]},
						{"origin": [1.5, 37, -5.65], "size": [2.5, 1.5, 1], "pivot": [1, 37, -4], "rotation": [9.01672, -42.0683, -32.07461], "uv": [120, 29], "mirror": true}
					]
				},
				{
					"name": "bone19",
					"parent": "Head",
					"pivot": [-1.65966, 37.73366, 0],
					"cubes": [
						{"origin": [-3.15966, 37.264, -3.5], "size": [3, 2, 7], "pivot": [-1.65966, 37.73366, 0], "rotation": [0, 0, 12.5], "uv": [4, 10]},
						{"origin": [-1.7, 38.05, -3.5], "size": [3.2, 2, 7], "pivot": [1.125, 40.55, 0], "rotation": [0, 0, -82.5], "uv": [4, 10], "mirror": true},
						{"origin": [-1.5, 38.05, -3.5], "size": [3, 2, 7], "pivot": [-1.125, 40.55, 0], "rotation": [0, 0, 82.5], "uv": [5, 15]},
						{"origin": [-0.574, 36.79, -3.5], "size": [3.5, 2, 7], "pivot": [1.65966, 37.73366, 0], "rotation": [0, 0, -25], "uv": [5, 15], "mirror": true}
					]
				},
				{
					"name": "Face",
					"parent": "Head",
					"pivot": [-1.05, 20.05, -4.5]
				},
				{
					"name": "Eyes",
					"parent": "Face",
					"pivot": [0, 1, 0]
				},
				{
					"name": "Eyebrow",
					"parent": "Eyes",
					"pivot": [0, 5, 0]
				},
				{
					"name": "RightEyebrow",
					"parent": "Eyebrow",
					"pivot": [-2.875, 39.85, -3.2],
					"cubes": [
						{"origin": [-3.675, 39.95, -3.7], "size": [1.3, 0.35, 1], "pivot": [-3.025, 40.25, -3.2], "rotation": [0, 0, -5], "uv": [104, 5]},
						{"origin": [-2.675, 40, -3.7], "size": [1.3, 0.35, 1], "pivot": [-2.025, 40.2, -3.2], "rotation": [0, 0, 5], "uv": [106, 3]},
						{"origin": [-2.275, 40, -3.7], "size": [1.3, 0.2, 1], "pivot": [-2.025, 40.2, -3.2], "rotation": [0, 0, 12.5], "uv": [107, 3]},
						{"origin": [-2.175, 40, -3.7], "size": [1.3, 0.2, 1], "pivot": [-2.025, 40.2, -3.2], "rotation": [0, 0, 12.5], "uv": [107, 3]},
						{"origin": [-1.8, 40, -3.7], "size": [0.65, 0.4, 1], "pivot": [-2.025, 40.2, -3.2], "rotation": [0, 0, 12.5], "uv": [108, 3]},
						{"origin": [-1.72, 40.2, -3.7], "size": [0.5, 0.3, 1], "pivot": [-2.025, 40.25, -3.2], "rotation": [0, 0, 12.5], "uv": [111, 3]},
						{"origin": [-1.72, 40.2, -3.7], "size": [0.5, 0.3, 1], "pivot": [-2.025, 40.25, -3.2], "rotation": [0, 0, 12.5], "uv": [111, 3]},
						{"origin": [-3.3, 39.675, -3.65], "size": [0.2, 0.5, 1], "pivot": [-3.25, 39.325, -3.45], "rotation": [0, 0, -37.5], "uv": [107, 6], "mirror": true}
					]
				},
				{
					"name": "LeftEyebrow",
					"parent": "Eyebrow",
					"pivot": [2.875, 39.85, -3.2],
					"cubes": [
						{"origin": [2.375, 39.95, -3.7], "size": [1.3, 0.35, 1], "pivot": [3.025, 40.25, -3.2], "rotation": [0, 0, 5], "uv": [104, 5], "mirror": true},
						{"origin": [1.375, 40, -3.7], "size": [1.3, 0.35, 1], "pivot": [2.025, 40.2, -3.2], "rotation": [0, 0, -7.5], "uv": [106, 3], "mirror": true},
						{"origin": [1.22, 40.2, -3.7], "size": [0.5, 0.3, 1], "pivot": [2.025, 40.25, -3.2], "rotation": [0, 0, -12.5], "uv": [111, 3], "mirror": true},
						{"origin": [3.1, 39.675, -3.65], "size": [0.2, 0.5, 1], "pivot": [3.25, 39.325, -3.45], "rotation": [0, 0, 37.5], "uv": [107, 6]},
						{"origin": [0.975, 40, -3.7], "size": [1.3, 0.2, 1], "pivot": [2.025, 40.2, -3.2], "rotation": [0, 0, -12.5], "uv": [107, 3], "mirror": true},
						{"origin": [1.22, 40.2, -3.7], "size": [0.5, 0.3, 1], "pivot": [2.025, 40.25, -3.2], "rotation": [0, 0, -12.5], "uv": [111, 3], "mirror": true}
					]
				},
				{
					"name": "RightEyelid",
					"parent": "Eyes",
					"pivot": [-2.325, 38.05, -3.075],
					"cubes": [
						{"origin": [-3.5, 39.25, -3.525], "size": [2, 1.2, 1], "uv": [35, 62]}
					]
				},
				{
					"name": "ysmGlowRightEyesBase",
					"parent": "RightEyelid",
					"pivot": [-1.8, 39.55, -3.1],
					"cubes": [
						{"origin": [-2.925, 39.15, -3.585], "size": [1.2, 1, 1], "uv": [122, 4]},
						{"origin": [-2.7525, 39.2, -3.685], "size": [0.9, 0.075, 1], "uv": [96, 87]},
						{"origin": [-2.95, 39.4, -3.6], "size": [0.4, 0.3, 1], "uv": [28, 34]}
					]
				},
				{
					"name": "RightPupil",
					"parent": "ysmGlowRightEyesBase",
					"pivot": [-1.625, 20.55, -3.625],
					"cubes": [
						{"origin": [-2.725, 39.95, -3.625], "size": [0.7, 0.4, 1], "uv": [110, 32], "mirror": true},
						{"origin": [-2.525, 39.45, -3.725], "size": [0.3, 0.4, 1], "uv": [115, 71], "mirror": true}
					]
				},
				{
					"name": "LeftEyelid",
					"parent": "Eyes",
					"pivot": [2.325, 38.05, -3.075],
					"cubes": [
						{"origin": [1.5, 39.15, -3.525], "size": [2, 1.2, 1], "uv": [35, 62], "mirror": true},
						{"origin": [1.5, 39.15, -3.525], "size": [2, 1.2, 1], "uv": [35, 62], "mirror": true}
					]
				},
				{
					"name": "ysmGlowLeftEyesBase",
					"parent": "LeftEyelid",
					"pivot": [1.8, 39.55, -3.1],
					"cubes": [
						{"origin": [1.725, 39.15, -3.585], "size": [1.2, 1, 1], "uv": [122, 4], "mirror": true},
						{"origin": [1.55, 39.4, -3.6], "size": [0.4, 0.3, 1], "uv": [9, 81], "mirror": true},
						{"origin": [1.835, 39.2, -3.685], "size": [0.9, 0.075, 1], "uv": [96, 87], "mirror": true},
						{"origin": [1.65, 39.5, -3.6], "size": [0.4, 0.3, 1], "uv": [28, 34], "mirror": true}
					]
				},
				{
					"name": "LeftPupil",
					"parent": "ysmGlowLeftEyesBase",
					"pivot": [1.625, 20.55, -3.625],
					"cubes": [
						{"origin": [2.025, 39.95, -3.625], "size": [0.7, 0.4, 1], "uv": [110, 32]},
						{"origin": [2.225, 39.45, -3.725], "size": [0.3, 0.4, 1], "uv": [116, 76]}
					]
				},
				{
					"name": "Hair",
					"parent": "Head",
					"pivot": [-0.14783, 41.76957, 0.42174],
					"cubes": [
						{"origin": [-2.975, 45.3, -3.8], "size": [6, 1, 7], "uv": [27, 0]},
						{"origin": [-2.5, 45.1, -3.8], "size": [2, 0.7, 0.1], "pivot": [-1.975, 46.3, -3.3], "rotation": [-22.5, 0, -17.5], "uv": [107, 3]},
						{"origin": [-3, 45.1, -3.8], "size": [0.5, 0.7, 0.1], "pivot": [-1.975, 46.3, -3.3], "rotation": [-22.5, 0, -22.5], "uv": [109, 3]},
						{"origin": [-3.5, 45.4, -3.8], "size": [0.5, 0.7, 0.1], "pivot": [-1.975, 46.3, -3.3], "rotation": [-21.80633, -5.68422, -36.4042], "uv": [109, 3]},
						{"origin": [-1.3, 44, -3.8], "size": [0.3, 1.2, 0.1], "pivot": [-1.975, 46.3, -3.3], "rotation": [-12.5, 0, -42.5], "uv": [110, 3]},
						{"origin": [-4, 44.6, -4], "size": [8, 1, 8], "uv": [8, 0]},
						{"origin": [-2, 46.3, -2.8], "size": [4, 1, 5], "uv": [0, 47]},
						{"origin": [-2, 46.5, -3.3], "size": [4, 1, 1], "pivot": [0, 46.8, -3.3], "rotation": [-45, 0, 0], "uv": [4, 51]},
						{"origin": [-3.6047, 44.7, -2.8], "size": [1, 1, 1], "pivot": [-2.76598, 46.1127, -2.3], "rotation": [-0.02337, -0.99116, -141.04581], "uv": [7, 47]},
						{"origin": [-3, 46.3, -1.8], "size": [1, 1, 3], "uv": [19, 1]},
						{"origin": [2, 46.3, -1.8], "size": [1, 1, 3], "uv": [19, 1]},
						{"origin": [-3.975, 45.3, -2.8], "size": [1, 1, 5], "uv": [15, 40]},
						{"origin": [3.025, 45.3, -2.8], "size": [1, 1, 5], "uv": [23, 31]},
						{"origin": [-5, 38.4, 0.825], "size": [1, 6, 2], "uv": [8, 55]},
						{"origin": [4.5, 38.4, 0.825], "size": [1, 5, 2], "uv": [16, 0]},
						{"origin": [-5.5, 39.4, -0.175], "size": [1, 4, 1], "uv": [32, 60]},
						{"origin": [-5.5, 39.4, -1.175], "size": [1, 4, 1], "uv": [39, 38]},
						{"origin": [3.5, 37.4, 1.35], "size": [1, 8, 2], "uv": [26, 31], "mirror": true},
						{"origin": [3.5, 41.4, -0.65], "size": [1, 4, 2], "uv": [26, 31], "mirror": true},
						{"origin": [3.9, 39.4, -0.2], "size": [1.5, 2, 1], "pivot": [5, 40.4, -0.15], "rotation": [-7.5, 0, 5], "uv": [18, 20], "mirror": true},
						{"origin": [4.5, 39.4, -1.175], "size": [1, 5, 1], "pivot": [5, 40.4, 0.325], "rotation": [-15, 0, -5], "uv": [32, 60], "mirror": true},
						{"origin": [-4.4, 41, -3.8], "size": [1, 4, 2], "uv": [22, 28]},
						{"origin": [4.37996, 39.5637, 1.26257], "size": [2, 4, 1], "pivot": [5.37996, 40.5637, 1.76257], "rotation": [49.1895, 84.2138, 37.8839], "uv": [27, 0]},
						{"origin": [-5.65695, 38.61898, 2.99112], "size": [2, 5, 1], "pivot": [-4.65695, 40.61898, 3.44112], "rotation": [1.2933, -55.2049, 3.0808], "uv": [60, 14], "mirror": true},
						{"origin": [-5.65695, 33.61898, 2.99112], "size": [2, 5, 1], "pivot": [-4.65695, 35.61898, 3.44112], "rotation": [1.2933, -55.2049, 3.0808], "uv": [60, 14], "mirror": true},
						{"origin": [3.65695, 38.61898, 2.99112], "size": [2, 5, 1], "pivot": [4.65695, 40.61898, 3.44112], "rotation": [1.2933, 55.2049, -3.0808], "uv": [60, 14]},
						{"origin": [3.65695, 33.61898, 2.99112], "size": [2, 5, 1], "pivot": [4.65695, 35.61898, 3.44112], "rotation": [1.2933, 55.2049, -3.0808], "uv": [60, 14]},
						{"origin": [3.65695, 30.61898, 2.99112], "size": [2, 5, 1], "pivot": [4.65695, 32.61898, 3.44112], "rotation": [1.2933, 55.2049, -3.0808], "uv": [60, 14]},
						{"origin": [4.65695, 33.61898, 1.99112], "size": [2, 6, 1], "pivot": [5.65695, 35.61898, 2.44112], "rotation": [-18.7067, 55.2049, -25.5808], "uv": [60, 14]},
						{"origin": [4.65695, 31.61898, 1.99112], "size": [2, 5, 1], "pivot": [5.65695, 33.61898, 2.44112], "rotation": [-1.2067, 55.2049, -3.0808], "uv": [60, 14]},
						{"origin": [2.65695, 37.61898, 3.99112], "size": [1, 6, 1], "pivot": [2.65695, 40.61898, 4.44112], "rotation": [1.2933, 20.2049, -3.0808], "uv": [61, 14]},
						{"origin": [2.65695, 29.61898, 3.99112], "size": [2, 6, 1], "pivot": [2.65695, 31.61898, 4.44112], "rotation": [1.2933, 25.2049, -3.0808], "uv": [60, 14]},
						{"origin": [2.65695, 31.61898, 3.99112], "size": [1, 6, 1], "pivot": [2.65695, 34.61898, 4.44112], "rotation": [1.2933, 20.2049, -3.0808], "uv": [61, 14]},
						{"origin": [-3.543, 37.61898, 3.6911], "size": [1, 6, 1], "pivot": [-3.34305, 40.61898, 4.44112], "rotation": [1.2933, -20.2049, -3.0808], "uv": [61, 14]},
						{"origin": [-3.84924, 39.14972, 7.48276], "size": [2, 4, 1], "pivot": [-2.36604, 20.10616, 2.88003], "rotation": [49.1895, -86.7138, -42.8839], "uv": [27, 0], "mirror": true},
						{"origin": [-4.5, 37.4, -2.65], "size": [1, 8, 6], "uv": [22, 28]},
						{"origin": [-4, 37.6, 3], "size": [8, 7, 1], "uv": [36, 34]},
						{"origin": [-4, 36.6, 3], "size": [8, 7, 1], "uv": [36, 34]},
						{"origin": [-4, 31.6, 3], "size": [8, 7, 1], "uv": [36, 34]},
						{"origin": [-3, 38.6, 4], "size": [6, 6, 1], "uv": [46, 16]},
						{"origin": [-3, 36.6, 4], "size": [6, 6, 1], "uv": [46, 16]},
						{"origin": [-3, 30.6, 4], "size": [6, 6, 1], "pivot": [0, 33.6, 4.5], "rotation": [-2.5, 0, 0], "uv": [46, 16]},
						{"origin": [-3, 29.6, 4], "size": [6, 6, 1], "pivot": [-1, 32.6, 4.5], "rotation": [-2.5, 0, 0], "uv": [46, 16]},
						{"origin": [2, 28.6, 4], "size": [1, 6, 1], "pivot": [-1, 31.6, 4.5], "rotation": [-2.5, 0, 0], "uv": [51, 16]},
						{"origin": [0, 28.6, 4], "size": [1, 6, 1], "pivot": [-3, 31.6, 4.5], "rotation": [-2.5, 0, -10], "uv": [51, 16]},
						{"origin": [1, 28.6, 4], "size": [1, 6, 1], "pivot": [-2, 31.6, 4.5], "rotation": [-2.5, 0, -10], "uv": [51, 16]},
						{"origin": [-1, 28.6, 4], "size": [1, 6, 1], "pivot": [-4, 31.6, 4.5], "rotation": [-2.5, 0, -10], "uv": [51, 16]},
						{"origin": [-1, 29.1, 4], "size": [1, 6, 1], "pivot": [-4, 32.6, 4.5], "rotation": [-2.5, 0, 0], "uv": [51, 16]},
						{"origin": [-2, 29.1, 4], "size": [1, 6, 1], "pivot": [-5, 32.6, 4.5], "rotation": [-2.5, 0, -2.5], "uv": [51, 16]},
						{"origin": [-2, 36.6, 5], "size": [4, 6, 1], "uv": [48, 16]},
						{"origin": [-2, 30.6, 5], "size": [4, 6, 1], "pivot": [-1, 33.6, 5.5], "rotation": [2.5, 0, 0], "uv": [48, 16]},
						{"origin": [4.4, 45, -2.3], "size": [0.2, 0.2, 0.2], "uv": [3, 51]},
						{"origin": [-4.5, 45, -2.3], "size": [0.2, 0.2, 0.2], "uv": [3, 51]},
						{"origin": [-4.1478, 44.8696, -1.8], "size": [2, 2, 2], "pivot": [-3.14783, 45.76957, -0.57826], "rotation": [0, 0, 47.5], "uv": [17, 2]},
						{"origin": [3.9522, 44.9696, -2.8], "size": [1, 1, 3], "pivot": [3.85217, 45.76957, -1.57826], "rotation": [0, 0, 42.5], "uv": [37, 2]},
						{"origin": [3.27522, 41.5696, -2.1], "size": [2, 3, 2], "pivot": [4.85217, 43.76957, -0.57826], "rotation": [-12.5, 0, -5], "uv": [19, 2]},
						{"origin": [3.27522, 38.5696, -2.1], "size": [2, 5, 2], "pivot": [4.85217, 41.76957, -0.57826], "rotation": [-12.5, 0, 0], "uv": [19, 2]},
						{"origin": [3.27522, 36.5696, -2.1], "size": [2, 5, 1], "pivot": [4.85217, 39.76957, -0.57826], "rotation": [-12.5, 0, 0], "uv": [20, 3]},
						{"origin": [-4.63, 44.4, -1.8], "size": [2, 2, 2], "pivot": [-6.14783, 45.76957, -0.57826], "rotation": [0, 0, 20], "uv": [38, 35]},
						{"origin": [-5.15, 40, -1.8], "size": [2, 4, 2], "pivot": [-7.14783, 43.76957, -0.57826], "rotation": [-17.5, 0, 0], "uv": [17, 0]},
						{"origin": [-5.15, 36, -0.8], "size": [1, 6, 1], "pivot": [-8.14783, 43.76957, 0.42174], "rotation": [-17.5, 0, 0], "uv": [19, 1]}
					]
				},
				{
					"name": "Hair2",
					"parent": "Hair",
					"pivot": [0.14783, 41.76957, 0.42174],
					"cubes": [
						{"origin": [2.1478, 44.8696, -1.8], "size": [2, 2, 2], "pivot": [3.14783, 45.76957, -0.57826], "rotation": [0, 0, -47.5], "uv": [17, 2], "mirror": true},
						{"origin": [2.63, 44.4, -1.8], "size": [2, 2, 2], "pivot": [6.14783, 45.76957, -0.57826], "rotation": [0, 0, -20], "uv": [38, 35], "mirror": true},
						{"origin": [-6.65695, 31.61898, 1.99112], "size": [2, 3, 1], "pivot": [-5.65695, 33.61898, 2.44112], "rotation": [-8.7067, -55.2049, 8.0808], "uv": [60, 14], "mirror": true},
						{"origin": [-6.65695, 33.61898, 1.99112], "size": [2, 6, 1], "pivot": [-5.65695, 35.61898, 2.44112], "rotation": [-18.7067, -55.2049, 25.5808], "uv": [60, 14], "mirror": true},
						{"origin": [-5.65695, 30.61898, 2.99112], "size": [2, 5, 1], "pivot": [-4.65695, 32.61898, 3.44112], "rotation": [1.2933, -55.2049, 3.0808], "uv": [60, 14], "mirror": true},
						{"origin": [-3.65695, 28.61898, 3.99112], "size": [1, 6, 1], "pivot": [-2.65695, 31.61898, 4.44112], "rotation": [1.2933, -20.2049, 3.0808], "uv": [61, 14], "mirror": true},
						{"origin": [-3.65695, 32.61898, 3.99112], "size": [1, 6, 1], "pivot": [-2.65695, 35.61898, 4.44112], "rotation": [1.2933, -20.2049, 3.0808], "uv": [61, 14], "mirror": true},
						{"origin": [-4.65695, 29.61898, 3.99112], "size": [1, 6, 1], "pivot": [-2.65695, 31.61898, 4.44112], "rotation": [1.2933, -25.2049, 3.0808], "uv": [61, 14], "mirror": true},
						{"origin": [1, 44, -3.8], "size": [0.3, 1.2, 0.1], "pivot": [1.975, 46.3, -3.3], "rotation": [-12.5, 0, 42.5], "uv": [110, 3], "mirror": true},
						{"origin": [2.6047, 44.7, -2.8], "size": [1, 1, 1], "pivot": [2.76598, 46.1127, -2.3], "rotation": [-0.02337, 0.99116, 141.04581], "uv": [7, 47], "mirror": true},
						{"origin": [0.5, 45.1, -3.8], "size": [2, 0.7, 0.1], "pivot": [1.975, 46.3, -3.3], "rotation": [-22.5, 0, 17.5], "uv": [107, 3], "mirror": true},
						{"origin": [2.5, 45.1, -3.8], "size": [0.5, 0.7, 0.1], "pivot": [1.975, 46.3, -3.3], "rotation": [-22.5, 0, 22.5], "uv": [109, 3], "mirror": true},
						{"origin": [3, 45.4, -3.8], "size": [0.5, 0.7, 0.1], "pivot": [1.975, 46.3, -3.3], "rotation": [-21.80633, 5.68422, 36.4042], "uv": [109, 3], "mirror": true}
					]
				},
				{
					"name": "front_h1",
					"parent": "Hair",
					"pivot": [0, 19.5, -0.2],
					"cubes": [
						{"origin": [-4.3375, 40.825, -4.15], "size": [1, 4, 3], "uv": [0, 55]},
						{"origin": [-3.5, 41.425, -4.575], "size": [1, 3, 1], "uv": [62, 0]},
						{"origin": [-2.5, 42.425, -4.575], "size": [1, 2, 1], "uv": [62, 0]},
						{"origin": [-2.495, 41.525, -4.675], "size": [1, 3.5, 1], "pivot": [-1.995, 43.275, -4.175], "rotation": [0, 0, 17.5], "uv": [25, 47]},
						{"origin": [-1.5, 43.025, -4.825], "size": [3, 2, 1], "uv": [77, 0]},
						{"origin": [1.499, 42.025, -5], "size": [1, 3, 1], "uv": [62, 8]},
						{"origin": [2.525, 41, -4.7], "size": [1, 3.9, 1], "pivot": [3.025, 42.925, -4.2], "rotation": [0, 0, 7.5], "uv": [15, 0]},
						{"origin": [3.3875, 40.825, -4.2], "size": [1, 4, 3], "pivot": [3.8875, 42.825, -2.7], "rotation": [0, 0, -2.5], "uv": [54, 34]},
						{"origin": [1.65, 41, -5.125], "size": [1, 3, 1], "pivot": [2, 43.275, -4.7], "rotation": [0, 0, -5], "uv": [19, 4]},
						{"origin": [-1.35, 43, -5.125], "size": [1, 2.5, 1], "pivot": [2, 43.275, -4.7], "rotation": [0, 0, -7.5], "uv": [41, 36]},
						{"origin": [-1.675, 42.9, -5.075], "size": [1, 2, 1], "pivot": [-1, 44.275, -4.575], "rotation": [0, 0, 57.5], "uv": [5, 48]},
						{"origin": [-3.775, 44.1, -3.775], "size": [1, 2, 1], "pivot": [-3, 45.275, -2.575], "rotation": [0.7522, -2.38422, 39.98435], "uv": [7, 50]},
						{"origin": [-2.01057, 40.39714, -4.9], "size": [1, 4, 1], "pivot": [-1.51057, 42.89714, -4.7], "rotation": [0, 0, 40], "uv": [41, 35]},
						{"origin": [0.3, 40.925, -5.2], "size": [1, 4.2, 1], "pivot": [0.3, 43.175, -4.7], "rotation": [0, 0, -12.5], "uv": [22, 1]},
						{"origin": [0.67467, 41.7872, -5.2], "size": [1, 3, 1], "pivot": [1.17467, 43.2872, -4.7], "rotation": [0, 0, -25], "uv": [21, 46]},
						{"origin": [-1.2, 40.45, -5.2], "size": [1, 4.7, 1], "pivot": [0, 43.25, -4.7], "rotation": [0, 0, 7.5], "uv": [21, 9]}
					]
				},
				{
					"name": "bone23",
					"parent": "front_h1",
					"pivot": [-2, 45.275, 1],
					"rotation": [0, 97.5, 0],
					"cubes": [
						{"origin": [-4.675, 42.4, -1.275], "size": [1, 3, 2], "pivot": [-3, 45.275, 0.425], "rotation": [-13.38413, -53.8777, 9.68011], "uv": [6, 49]},
						{"origin": [-4.175, 44.1, -1.275], "size": [1, 3, 2], "pivot": [-3, 45.275, 0.425], "rotation": [-50.93191, -24.49947, 64.66243], "uv": [6, 49]}
					]
				},
				{
					"name": "bone4",
					"parent": "front_h1",
					"pivot": [-2, 45.275, -2],
					"rotation": [0, 25, 0],
					"cubes": [
						{"origin": [-4.675, 42.4, -4.275], "size": [1, 3, 2], "pivot": [-3, 45.275, -2.575], "rotation": [-13.38413, -53.8777, 9.68011], "uv": [6, 49]},
						{"origin": [-4.175, 44.1, -4.275], "size": [1, 3, 2], "pivot": [-3, 45.275, -2.575], "rotation": [-50.93191, -24.49947, 64.66243], "uv": [6, 49]}
					]
				},
				{
					"name": "bone24",
					"parent": "front_h1",
					"pivot": [2, 45.275, -2],
					"rotation": [0, -25, 0],
					"cubes": [
						{"origin": [3.675, 42.4, -4.275], "size": [1, 3, 2], "pivot": [3, 45.275, -2.575], "rotation": [-13.38413, 53.8777, -9.68011], "uv": [6, 49], "mirror": true},
						{"origin": [3.175, 44.1, -4.275], "size": [1, 3, 2], "pivot": [3, 45.275, -2.575], "rotation": [-50.93191, 24.49947, -64.66243], "uv": [6, 49], "mirror": true}
					]
				},
				{
					"name": "bone29",
					"parent": "front_h1",
					"pivot": [2, 45.275, 1],
					"rotation": [0, -97.5, 0],
					"cubes": [
						{"origin": [3.675, 42.4, -1.275], "size": [1, 3, 2], "pivot": [3, 45.275, 0.425], "rotation": [-13.38413, 53.8777, -9.68011], "uv": [6, 49], "mirror": true},
						{"origin": [3.175, 44.1, -1.275], "size": [1, 3, 2], "pivot": [3, 45.275, 0.425], "rotation": [-50.93191, 24.49947, -64.66243], "uv": [6, 49], "mirror": true}
					]
				},
				{
					"name": "corner_h1",
					"parent": "Hair",
					"pivot": [-4.37735, 40.62243, -2.86577],
					"cubes": [
						{"origin": [-4.47485, 40.44593, -3.69748], "size": [1.025, 2, 1], "pivot": [-4.37735, 40.62243, -2.86577], "rotation": [-0.4948, 0.2395, 7.4885], "uv": [16, 1], "mirror": true},
						{"origin": [4.41183, 36.91888, -2.9848], "size": [1.025, 3, 1], "pivot": [4.71154, 36.58917, -2.89858], "rotation": [-3.5529, -1.8007, -0.0898], "uv": [19, 1]},
						{"origin": [4.20269, 33.06569, -2.98457], "size": [1.025, 4, 1], "pivot": [4.58767, 36.6054, -2.90297], "rotation": [-3.8112, -1.1568, 9.8928], "uv": [38, 1]},
						{"origin": [4.42592, 39.66357, -2.92341], "size": [1.025, 2, 1], "pivot": [4.92833, 39.99488, -2.83741], "rotation": [-0.4995, 0.0219, -4.9792], "uv": [36, 1]},
						{"origin": [4.42592, 37.66357, -2.92341], "size": [1.025, 4, 1], "pivot": [4.92833, 39.99488, -2.83741], "rotation": [-0.4995, 0.0219, -22.4792], "uv": [36, 1]},
						{"origin": [4.52853, 41.45397, -2.92152], "size": [1.025, 3, 1], "pivot": [4.52187, 40.69327, -2.86585], "rotation": [-0.4958, -0.0652, -14.9788], "uv": [28, 33]},
						{"origin": [3.6861, 37.51399, -3.67248], "size": [1.025, 3, 1], "pivot": [4.37735, 40.62243, -2.86577], "rotation": [-0.5218, -0.1729, 5.0112], "uv": [20, 1]},
						{"origin": [3.44985, 40.44593, -3.69748], "size": [1.025, 2, 1], "pivot": [4.37735, 40.62243, -2.86577], "rotation": [-0.4948, -0.2395, -7.4885], "uv": [22, 4]},
						{"origin": [-5.22769, 35.06569, -2.98457], "size": [1.025, 2, 1], "pivot": [-4.58767, 36.60539, -2.90296], "rotation": [-3.8111, 1.1568, -9.8928], "uv": [49, 18], "mirror": true},
						{"origin": [-4.70269, 33.06569, -2.98457], "size": [0.5, 3, 0.5], "pivot": [-4.58767, 34.60539, -2.90296], "rotation": [-3.8111, 1.1568, 12.6072], "uv": [51, 19], "mirror": true},
						{"origin": [-5.43683, 36.91888, -2.9848], "size": [1.025, 3, 1], "pivot": [-4.71154, 36.58917, -2.89858], "rotation": [-3.5529, 1.8006, 0.0899], "uv": [5, 48], "mirror": true},
						{"origin": [-4.89236, 36.89003, -0.86578], "size": [0.5, 3, 0.5], "pivot": [-4.90486, 38.39003, -0.36578], "rotation": [-1.0529, 1.8006, 0.0899], "uv": [7, 49], "mirror": true},
						{"origin": [-4.89236, 35.89003, -0.86578], "size": [0.5, 4, 0.5], "pivot": [-4.90486, 37.39003, -0.36578], "rotation": [13.9471, -3.1994, 0.0899], "uv": [7, 49], "mirror": true},
						{"origin": [-4.89236, 35.89003, 0.13422], "size": [0.5, 4, 0.5], "pivot": [-4.90486, 37.39003, 0.63422], "rotation": [-6.0529, -3.1994, 0.0899], "uv": [7, 49], "mirror": true},
						{"origin": [-4.89236, 35.89003, 1.13422], "size": [0.5, 4, 0.5], "pivot": [-4.90486, 37.39003, 1.63422], "rotation": [-11.0529, -3.1994, 0.0899], "uv": [7, 49], "mirror": true},
						{"origin": [-4.89236, 36.89003, 1.13422], "size": [0.5, 3, 0.5], "pivot": [-4.90486, 38.39003, 1.63422], "rotation": [-1.0529, 1.8006, 0.0899], "uv": [7, 49], "mirror": true},
						{"origin": [-4.89236, 36.89003, 0.13422], "size": [0.5, 3, 0.5], "pivot": [-4.90486, 38.39003, 0.63422], "rotation": [-13.5529, 1.8006, 0.0899], "uv": [7, 49], "mirror": true},
						{"origin": [-5.55353, 41.45397, -2.92152], "size": [1.025, 3, 1], "pivot": [-4.52187, 40.69327, -2.86585], "rotation": [-0.4958, 0.0652, 14.9788], "uv": [21, 2], "mirror": true},
						{"origin": [-5.45092, 39.66357, -2.92341], "size": [1.025, 2, 1], "pivot": [-4.92833, 39.99488, -2.83741], "rotation": [-0.4996, -0.0219, 4.9792], "uv": [22, 2], "mirror": true},
						{"origin": [-4.8112, 37.51399, -3.67248], "size": [1.025, 3, 1], "pivot": [-4.37735, 40.62243, -2.86577], "rotation": [-0.5218, 0.1729, -7.5112], "uv": [17, 0], "mirror": true}
					]
				},
				{
					"name": "long_h1",
					"parent": "Hair",
					"pivot": [0.325, 38.56866, 4.28289]
				},
				{
					"name": "bone20",
					"parent": "Head",
					"pivot": [1.65966, 37.73366, 0],
					"cubes": [
						{"origin": [-2.926, 36.79, -3.5], "size": [3.5, 2, 7], "pivot": [-1.65966, 37.73366, 0], "rotation": [0, 0, 25], "uv": [5, 15]}
					]
				},
				{
					"name": "bone21",
					"parent": "Head",
					"pivot": [1.65966, 37.73366, 0]
				},
				{
					"name": "Hair3",
					"parent": "Head",
					"pivot": [0.14783, 41.76957, 0.42174]
				},
				{
					"name": "Breast",
					"parent": "UpBody",
					"pivot": [-0.0125, 31.74747, -2.15834],
					"rotation": [-32.5, 0, 0],
					"cubes": [
						{"origin": [-3.55, 30.7475, -2.7583], "size": [7.075, 3, 3], "pivot": [-0.0125, 32.74747, -2.65834], "rotation": [12.5, 0, 0], "uv": [67, 39]},
						{
							"origin": [-0.475, 31.7475, -2.8583],
							"size": [2, 1, 3],
							"pivot": [-1.0125, 32.74747, -2.65834],
							"rotation": [12.5, 0, 0],
							"uv": {
								"north": {"uv": [5.5, 82.5], "uv_size": [57.5, 24.5]},
								"east": {"uv": [85, 98], "uv_size": [3, 3]},
								"south": {"uv": [98, 98], "uv_size": [7, 3]},
								"west": {"uv": [95, 98], "uv_size": [3, 3]},
								"up": {"uv": [88, 95], "uv_size": [7, 3]},
								"down": {"uv": [95, 98], "uv_size": [7, -3]}
							}
						},
						{"origin": [-0.575, 30.6475, -2.8583], "size": [0.1, 2.5, 3], "pivot": [-4.0125, 32.74747, -2.65834], "rotation": [12.5, 0, 0], "uv": [24, 31]},
						{"origin": [1.425, 30.6475, -2.8583], "size": [0.1, 2.5, 3], "pivot": [-2.0125, 32.74747, -2.65834], "rotation": [12.5, 0, 0], "uv": [26, 31]}
					]
				},
				{
					"name": "Arm",
					"parent": "UpBody",
					"pivot": [-0.2, 34.275, 0]
				},
				{
					"name": "LeftArm",
					"parent": "Arm",
					"pivot": [3.4, 34.025, 0],
					"rotation": [0, 0, -18],
					"cubes": [
						{"origin": [2.7, 27.9, -1.7], "size": [3, 7.3, 3], "uv": [103, 1]},
						{"origin": [2.6, 28.075, -1.5], "size": [3.05, 7, 3], "uv": [60, 60]},
						{"origin": [3.45, 29.9, -1.8], "size": [0.7, 3.3, 3], "uv": [121, 51], "mirror": true},
						{"origin": [3.25, 28.9, -1.8], "size": [0.2, 3.3, 3], "uv": [82, -3], "mirror": true},
						{"origin": [2.9, 27.175, -1.1], "size": [2.55, 2, 2.2], "uv": [67, 56]},
						{"origin": [2.8, 27.125, -1.125], "size": [2.7, 2.05, 2.3], "uv": [63, 47]},
						{"origin": [3.75, 32.075, -1.65], "size": [2.05, 2, 2.8], "uv": [118, 29], "mirror": true}
					]
				},
				{
					"name": "LeftForeArm",
					"parent": "LeftArm",
					"pivot": [4.125, 28.075, 0.025],
					"cubes": [
						{"origin": [2.625, 21.075, -1.475], "size": [3, 7, 3], "uv": [84, 61]},
						{"origin": [4.45, 24.9, -1.7], "size": [0.1, 4.3, 0.1], "uv": [120, 75], "mirror": true},
						{"origin": [3.45, 24.9, -1.7], "size": [0.1, 4.3, 0.1], "uv": [120, 75], "mirror": true},
						{"origin": [2.2, 25.375, -1.675], "size": [3.3, 1, 3.3], "uv": [116, 56], "mirror": true},
						{"origin": [2.725, 23.375, -1.575], "size": [3, 5, 3], "uv": [102, 2]}
					]
				},
				{
					"name": "LeftHandLocator",
					"parent": "LeftForeArm",
					"pivot": [4.125, 22.575, 0.025]
				},
				{
					"name": "bone14",
					"parent": "LeftForeArm",
					"pivot": [4.125, 22.575, 0.025],
					"cubes": [
						{
							"origin": [6.125, 17.575, -4.975],
							"size": [1, 13, 10],
							"uv": {
								"north": {"uv": [122, 108], "uv_size": [1, 1]},
								"east": {"uv": [121, 108], "uv_size": [1, 1]},
								"south": {"uv": [124, 108], "uv_size": [1, 1]},
								"west": {"uv": [123, 108], "uv_size": [1, 1]},
								"up": {"uv": [122, 107], "uv_size": [1, 1]},
								"down": {"uv": [123, 108], "uv_size": [1, -1]}
							}
						},
						{
							"origin": [6.125, 30.575, -4.975],
							"size": [1.3, 0.5, 13],
							"uv": {
								"north": {"uv": [120, 87], "uv_size": [1, 0]},
								"east": {"uv": [107, 87], "uv_size": [13, 0]},
								"south": {"uv": [134, 87], "uv_size": [1, 0]},
								"west": {"uv": [121, 87], "uv_size": [13, 0]},
								"up": {"uv": [120, 74], "uv_size": [1, 13]},
								"down": {"uv": [121, 87], "uv_size": [1, -13]}
							}
						},
						{
							"origin": [6.125, 30.575, 2.525],
							"size": [1.3, 0.5, 13],
							"uv": {
								"north": {"uv": [120, 87], "uv_size": [1, 0]},
								"east": {"uv": [107, 87], "uv_size": [13, 0]},
								"south": {"uv": [134, 87], "uv_size": [1, 0]},
								"west": {"uv": [121, 87], "uv_size": [13, 0]},
								"up": {"uv": [120, 74], "uv_size": [1, 13]},
								"down": {"uv": [121, 87], "uv_size": [1, -13]}
							}
						},
						{
							"origin": [6.125, 17.075, 2.525],
							"size": [1.3, 0.5, 13],
							"uv": {
								"north": {"uv": [120, 87], "uv_size": [1, 0]},
								"east": {"uv": [107, 87], "uv_size": [13, 0]},
								"south": {"uv": [134, 87], "uv_size": [1, 0]},
								"west": {"uv": [121, 87], "uv_size": [13, 0]},
								"up": {"uv": [120, 74], "uv_size": [1, 13]},
								"down": {"uv": [121, 87], "uv_size": [1, -13]}
							}
						},
						{
							"origin": [6.125, 17.075, -5.2],
							"size": [1.3, 0.5, 14],
							"uv": {
								"north": {"uv": [120, 87], "uv_size": [1, 0]},
								"east": {"uv": [107, 87], "uv_size": [13, 0]},
								"south": {"uv": [134, 87], "uv_size": [1, 0]},
								"west": {"uv": [121, 87], "uv_size": [13, 0]},
								"up": {"uv": [120, 74], "uv_size": [1, 13]},
								"down": {"uv": [121, 87], "uv_size": [1, -13]}
							}
						},
						{
							"origin": [6.125, 17.75297, -5.22679],
							"size": [1, 2.5, 2],
							"pivot": [6.625, 19.00297, -4.22679],
							"rotation": [10, 0, 0],
							"uv": {
								"north": {"uv": [122, 108], "uv_size": [1, 1]},
								"east": {"uv": [121, 108], "uv_size": [1, 1]},
								"south": {"uv": [124, 108], "uv_size": [1, 1]},
								"west": {"uv": [123, 108], "uv_size": [1, 1]},
								"up": {"uv": [122, 107], "uv_size": [1, 1]},
								"down": {"uv": [123, 108], "uv_size": [1, -1]}
							}
						},
						{
							"origin": [6.125, 27.8753, -5.28268],
							"size": [1, 2.5, 2],
							"pivot": [6.625, 29.00297, -4.22679],
							"rotation": [-10, 0, 0],
							"uv": {
								"north": {"uv": [122, 108], "uv_size": [1, 1]},
								"east": {"uv": [121, 108], "uv_size": [1, 1]},
								"south": {"uv": [124, 108], "uv_size": [1, 1]},
								"west": {"uv": [123, 108], "uv_size": [1, 1]},
								"up": {"uv": [122, 107], "uv_size": [1, 1]},
								"down": {"uv": [123, 108], "uv_size": [1, -1]}
							}
						},
						{
							"origin": [6.125, 20.575, -11.975],
							"size": [1, 7, 3],
							"uv": {
								"north": {"uv": [122, 108], "uv_size": [1, 1]},
								"east": {"uv": [121, 108], "uv_size": [1, 1]},
								"south": {"uv": [124, 108], "uv_size": [1, 1]},
								"west": {"uv": [123, 108], "uv_size": [1, 1]},
								"up": {"uv": [122, 107], "uv_size": [1, 1]},
								"down": {"uv": [123, 108], "uv_size": [1, -1]}
							}
						},
						{
							"origin": [6.125, 20.575, -12.475],
							"size": [1.3, 7, 0.5],
							"uv": {
								"north": {"uv": [119, 73], "uv_size": [1, 7]},
								"east": {"uv": [118, 73], "uv_size": [1, 7]},
								"south": {"uv": [121, 73], "uv_size": [1, 7]},
								"west": {"uv": [120, 73], "uv_size": [1, 7]},
								"up": {"uv": [119, 72], "uv_size": [1, 1]},
								"down": {"uv": [120, 73], "uv_size": [1, -1]}
							}
						},
						{
							"origin": [6.125, 20.575, -9.475],
							"size": [1.3, 7, 1],
							"uv": {
								"north": {"uv": [119, 73], "uv_size": [1, 7]},
								"east": {"uv": [118, 73], "uv_size": [1, 7]},
								"south": {"uv": [121, 73], "uv_size": [1, 7]},
								"west": {"uv": [120, 73], "uv_size": [1, 7]},
								"up": {"uv": [119, 72], "uv_size": [1, 1]},
								"down": {"uv": [120, 73], "uv_size": [1, -1]}
							}
						},
						{
							"origin": [6.125, 20.575, -5.475],
							"size": [1.3, 7, 1],
							"uv": {
								"north": {"uv": [119, 73], "uv_size": [1, 7]},
								"east": {"uv": [118, 73], "uv_size": [1, 7]},
								"south": {"uv": [121, 73], "uv_size": [1, 7]},
								"west": {"uv": [120, 73], "uv_size": [1, 7]},
								"up": {"uv": [119, 72], "uv_size": [1, 1]},
								"down": {"uv": [120, 73], "uv_size": [1, -1]}
							}
						},
						{
							"origin": [6.125, 20.075, -9.475],
							"size": [1.3, 1, 5],
							"uv": {
								"north": {"uv": [119, 73], "uv_size": [1, 7]},
								"east": {"uv": [118, 73], "uv_size": [1, 7]},
								"south": {"uv": [121, 73], "uv_size": [1, 7]},
								"west": {"uv": [120, 73], "uv_size": [1, 7]},
								"up": {"uv": [119, 72], "uv_size": [1, 1]},
								"down": {"uv": [120, 73], "uv_size": [1, -1]}
							}
						},
						{
							"origin": [6.125, 27.075, -9.475],
							"size": [1.3, 1, 5],
							"uv": {
								"north": {"uv": [119, 73], "uv_size": [1, 7]},
								"east": {"uv": [118, 73], "uv_size": [1, 7]},
								"south": {"uv": [121, 73], "uv_size": [1, 7]},
								"west": {"uv": [120, 73], "uv_size": [1, 7]},
								"up": {"uv": [119, 72], "uv_size": [1, 1]},
								"down": {"uv": [120, 73], "uv_size": [1, -1]}
							}
						},
						{
							"origin": [6.125, 19.575, -10.975],
							"size": [1, 1, 6],
							"uv": {
								"north": {"uv": [122, 108], "uv_size": [1, 1]},
								"east": {"uv": [121, 108], "uv_size": [1, 1]},
								"south": {"uv": [124, 108], "uv_size": [1, 1]},
								"west": {"uv": [123, 108], "uv_size": [1, 1]},
								"up": {"uv": [122, 107], "uv_size": [1, 1]},
								"down": {"uv": [123, 108], "uv_size": [1, -1]}
							}
						},
						{
							"origin": [6.125, 27.575, -10.975],
							"size": [1, 1, 6],
							"uv": {
								"north": {"uv": [122, 108], "uv_size": [1, 1]},
								"east": {"uv": [121, 108], "uv_size": [1, 1]},
								"south": {"uv": [124, 108], "uv_size": [1, 1]},
								"west": {"uv": [123, 108], "uv_size": [1, 1]},
								"up": {"uv": [122, 107], "uv_size": [1, 1]},
								"down": {"uv": [123, 108], "uv_size": [1, -1]}
							}
						},
						{
							"origin": [6.125, 27.9875, -11.375],
							"size": [1, 1, 1.4],
							"pivot": [6.125, 27.575, -9.975],
							"rotation": [45, 0, 0],
							"uv": {
								"north": {"uv": [122, 108], "uv_size": [1, 1]},
								"east": {"uv": [121, 108], "uv_size": [1, 1]},
								"south": {"uv": [124, 108], "uv_size": [1, 1]},
								"west": {"uv": [123, 108], "uv_size": [1, 1]},
								"up": {"uv": [122, 107], "uv_size": [1, 1]},
								"down": {"uv": [123, 108], "uv_size": [1, -1]}
							}
						},
						{
							"origin": [6.125, 20.5875, -11.3875],
							"size": [1, 1.4, 1],
							"pivot": [6.125, 20.575, -9.975],
							"rotation": [45, 0, 0],
							"uv": {
								"north": {"uv": [122, 108], "uv_size": [1, 1]},
								"east": {"uv": [121, 108], "uv_size": [1, 1]},
								"south": {"uv": [124, 108], "uv_size": [1, 1]},
								"west": {"uv": [123, 108], "uv_size": [1, 1]},
								"up": {"uv": [122, 107], "uv_size": [1, 1]},
								"down": {"uv": [123, 108], "uv_size": [1, -1]}
							}
						},
						{
							"origin": [6.125, 17.575, 5.025],
							"size": [1, 13, 10],
							"uv": {
								"north": {"uv": [122, 108], "uv_size": [1, 1]},
								"east": {"uv": [121, 108], "uv_size": [1, 1]},
								"south": {"uv": [124, 108], "uv_size": [1, 1]},
								"west": {"uv": [123, 108], "uv_size": [1, 1]},
								"up": {"uv": [122, 107], "uv_size": [1, 1]},
								"down": {"uv": [123, 108], "uv_size": [1, -1]}
							}
						},
						{
							"origin": [6.725, 22.575, 14.025],
							"size": [1, 2, 1.5],
							"uv": {
								"north": {"uv": [122, 108], "uv_size": [1, 1]},
								"east": {"uv": [121, 108], "uv_size": [1, 1]},
								"south": {"uv": [124, 108], "uv_size": [1, 1]},
								"west": {"uv": [123, 108], "uv_size": [1, 1]},
								"up": {"uv": [122, 107], "uv_size": [1, 1]},
								"down": {"uv": [123, 108], "uv_size": [1, -1]}
							}
						},
						{"origin": [6.425, 19.575, 9.025], "size": [1, 1.5, 1.5], "uv": [27, 34]},
						{"origin": [6.425, 27.575, 9.025], "size": [1, 1.5, 1.5], "uv": [27, 34]},
						{"origin": [6.425, 17.575, 15.025], "size": [1, 13, 0.5], "uv": [119, 74]}
					]
				},
				{
					"name": "bone16",
					"parent": "bone14",
					"pivot": [6.625, 29.00297, -5.22679],
					"cubes": [
						{
							"origin": [6.125, 28.575, -10.975],
							"size": [1.3, 0.5, 5.6],
							"uv": {
								"north": {"uv": [119, 73], "uv_size": [1, 1]},
								"east": {"uv": [113, 73], "uv_size": [6, 1]},
								"south": {"uv": [126, 73], "uv_size": [1, 1]},
								"west": {"uv": [120, 73], "uv_size": [6, 1]},
								"up": {"uv": [119, 67], "uv_size": [1, 6]},
								"down": {"uv": [120, 73], "uv_size": [1, -6]}
							}
						},
						{
							"origin": [6.125, 26.975, -13.02],
							"size": [1.3, 2, 0.5],
							"pivot": [6.125, 26.575, -11.975],
							"rotation": [-45, 0, 0],
							"uv": {
								"north": {"uv": [119, 73], "uv_size": [1, 7]},
								"east": {"uv": [118, 73], "uv_size": [1, 7]},
								"south": {"uv": [121, 73], "uv_size": [1, 7]},
								"west": {"uv": [120, 73], "uv_size": [1, 7]},
								"up": {"uv": [119, 72], "uv_size": [1, 1]},
								"down": {"uv": [120, 73], "uv_size": [1, -1]}
							}
						},
						{"origin": [6.125, 28.5753, -5.7827], "size": [1.3, 2.5, 0.5], "pivot": [6.625, 29.00297, -5.22679], "rotation": [-10, 0, 0], "uv": [117, 80]}
					]
				},
				{
					"name": "bone22",
					"parent": "bone14",
					"pivot": [6.625, 19.103, -5.22679],
					"rotation": [0, 0, -180],
					"cubes": [
						{
							"origin": [5.825, 18.575, -10.975],
							"size": [1.3, 0.5, 5.6],
							"uv": {
								"north": {"uv": [119, 73], "uv_size": [1, 1]},
								"east": {"uv": [113, 73], "uv_size": [6, 1]},
								"south": {"uv": [126, 73], "uv_size": [1, 1]},
								"west": {"uv": [120, 73], "uv_size": [6, 1]},
								"up": {"uv": [119, 67], "uv_size": [1, 6]},
								"down": {"uv": [120, 73], "uv_size": [1, -6]}
							}
						},
						{
							"origin": [5.825, 16.975, -13.02],
							"size": [1.3, 2, 0.5],
							"pivot": [6.125, 16.575, -11.975],
							"rotation": [-45, 0, 0],
							"uv": {
								"north": {"uv": [119, 73], "uv_size": [1, 7]},
								"east": {"uv": [118, 73], "uv_size": [1, 7]},
								"south": {"uv": [121, 73], "uv_size": [1, 7]},
								"west": {"uv": [120, 73], "uv_size": [1, 7]},
								"up": {"uv": [119, 72], "uv_size": [1, 1]},
								"down": {"uv": [120, 73], "uv_size": [1, -1]}
							}
						},
						{"origin": [5.825, 18.5753, -5.7827], "size": [1.3, 2.5, 0.5], "pivot": [6.625, 19.00297, -5.22679], "rotation": [-10, 0, 0], "uv": [117, 80]}
					]
				},
				{
					"name": "knife",
					"parent": "LeftForeArm",
					"pivot": [4.125, 28.075, 0.025],
					"cubes": [
						{"origin": [3.625, 22.075, -1.975], "size": [1, 1, 5], "uv": [115, 73]},
						{"origin": [3.925, 21.575, -2.575], "size": [0.4, 2, 0.6], "uv": [122, 78]},
						{"origin": [3.925, 22.075, -7.975], "size": [0.4, 1, 6], "uv": [115, 72]},
						{"origin": [3.925, 22.075, -13.975], "size": [0.4, 1, 6], "uv": [115, 72]},
						{"origin": [3.925, 22.685, -18.075], "size": [0.4, 0.4, 1], "pivot": [3.125, 22.075, -18.975], "rotation": [-17.5, 0, 0], "uv": [121, 78]},
						{"origin": [3.925, 22.0217, -17.775], "size": [0.4, 0.4, 1], "pivot": [3.125, 22.075, -18.975], "rotation": [17.5, 0, 0], "uv": [121, 78]},
						{"origin": [3.925, 21.3217, -17.3425], "size": [0.4, 0.2, 0.3], "pivot": [3.125, 21.075, -18.975], "rotation": [45, 0, 0], "uv": [125, 81]},
						{"origin": [3.925, 22.075, -16.975], "size": [0.4, 1, 3], "uv": [119, 76]},
						{"origin": [3.925, 22.275, -17.5], "size": [0.4, 0.5, 2], "uv": [120, 77]}
					]
				},
				{
					"name": "bone5",
					"parent": "LeftArm",
					"pivot": [5.4, 29.025, 0]
				},
				{
					"name": "Arm2",
					"parent": "LeftArm",
					"pivot": [0, 0, 0],
					"rotation": [0, 0, 12.5]
				},
				{
					"name": "LeftArm2",
					"parent": "Arm2",
					"pivot": [3.4, 34.025, 0],
					"rotation": [0, 0, -13]
				},
				{
					"name": "LeftForeArm2",
					"parent": "LeftArm2",
					"pivot": [4.125, 28.075, 0.025]
				},
				{
					"name": "LeftArm3",
					"parent": "Arm2",
					"pivot": [3.4, 34.025, 0],
					"rotation": [0, 0, -15]
				},
				{
					"name": "RightArm",
					"parent": "Arm",
					"pivot": [-3.4, 34.025, 0],
					"rotation": [0, 0, 18],
					"cubes": [
						{"origin": [-5.65, 28.075, -1.5], "size": [3.05, 7, 3], "uv": [102, 0]},
						{"origin": [-5.75, 33.075, -1.5], "size": [2.05, 2, 3], "uv": [118, 29]},
						{"origin": [-5.45, 27.9, -1.7], "size": [3, 7.3, 3], "uv": [103, 0]},
						{"origin": [-5.15, 28.9, -1.8], "size": [0.7, 3.3, 3], "uv": [121, 51]},
						{"origin": [-4.45, 28.9, -1.8], "size": [0.2, 3.3, 3], "uv": [82, -3]},
						{"origin": [-3.55, 24.9, -1.7], "size": [0.1, 4.3, 0.1], "uv": [120, 75]},
						{"origin": [-4.55, 24.9, -1.7], "size": [0.1, 4.3, 0.1], "uv": [120, 75]},
						{"origin": [-5.45, 27.175, -1.1], "size": [2.55, 2, 2.2], "uv": [27, 42]},
						{"origin": [-5.5, 27.125, -1.125], "size": [2.7, 2.05, 2.3], "uv": [0, 0]},
						{"origin": [-5.75, 30.075, -1], "size": [1.05, 1.5, 2], "uv": [124, 42]},
						{"origin": [-5.85, 30.875, 0.2], "size": [1.05, 0.6, 0.6], "uv": [121, 78]},
						{"origin": [-5.85, 30.175, -0.55], "size": [1.05, 0.5, 0.5], "pivot": [-5.325, 30.125, 0], "rotation": [-45, 0, 0], "uv": [122, 79]},
						{"origin": [-5.95, 30.075, -0.45], "size": [1.05, 0.5, 0.5], "pivot": [-5.325, 30.125, 0], "rotation": [-45, 0, 0], "uv": [122, 42]},
						{"origin": [-5.85, 29.875, 0.2], "size": [1.05, 0.5, 0.5], "uv": [122, 79]},
						{"origin": [-5.85, 29.875, -0.7], "size": [1.05, 0.5, 0.5], "uv": [122, 79]},
						{"origin": [-5.85, 30.875, -0.8], "size": [1.05, 0.6, 0.6], "uv": [121, 78]},
						{"origin": [-5.75, 29.675, 0], "size": [1.05, 1.414, 1.414], "pivot": [-5.225, 31.075, 0], "rotation": [-45, 0, 0], "uv": [125, 43]}
					]
				},
				{
					"name": "RightForeArm",
					"parent": "RightArm",
					"pivot": [-4.125, 28.075, 0.025],
					"cubes": [
						{"origin": [-5.525, 23.375, -1.575], "size": [3, 5, 3], "uv": [85, 13]},
						{"origin": [-5.725, 25.375, -1.675], "size": [3.3, 1, 3.3], "uv": [116, 56]},
						{"origin": [-5.625, 21.075, -1.475], "size": [3, 7, 3], "uv": [72, 60]}
					]
				},
				{
					"name": "shumiha2",
					"parent": "RightForeArm",
					"pivot": [-3.625, 24.575, -0.475],
					"rotation": [-17.5, 0, 0],
					"cubes": [
						{"origin": [-4.125, 22.575, -0.275], "size": [1, 4, 1], "pivot": [-4.125, 22.575, 0.025], "rotation": [17.5, 0, 0], "uv": [116, 76]},
						{"origin": [-4.125, 21.5, 0.025], "size": [1, 1, 1], "pivot": [-4.125, 22.575, 1.025], "rotation": [-45, 0, 0], "uv": [116, 76]},
						{"origin": [-4.125, 21.6075, -0.575], "size": [1, 5, 1], "uv": [116, 76]},
						{"origin": [-4.125, 16.7075, 0], "size": [1, 5, 1], "pivot": [-4.125, 19.575, 0.025], "rotation": [15, 0, 0], "uv": [116, 76]},
						{"origin": [-4.025, 12.7075, -0.5], "size": [0.8, 3, 0.8], "pivot": [-4.125, 19.575, 0.025], "rotation": [15, 0, 0], "uv": [94, 87]},
						{"origin": [-3.825, 12.7075, -1.1], "size": [0.4, 0.1, 0.8], "pivot": [-4.125, 19.575, -0.975], "rotation": [15, 0, 0], "uv": [95, 87]},
						{"origin": [-3.825, 16.7075, -2.1], "size": [0.4, 0.1, 0.8], "pivot": [-4.125, 19.575, -0.975], "rotation": [35, 0, 0], "uv": [95, 87]},
						{"origin": [-3.825, 13.7075, 0.5], "size": [0.4, 2, 0.4], "pivot": [-4.125, 19.575, 0.025], "rotation": [15, 0, 0], "uv": [96, 88]},
						{"origin": [-3.925, 16.7075, -0.2], "size": [0.6, 5, 1], "pivot": [-4.125, 19.575, 0.025], "rotation": [15, 0, 0], "uv": [101, 85]},
						{"origin": [-3.925, 17.2075, 0.5], "size": [0.6, 2, 1], "pivot": [-4.125, 19.575, 0.025], "rotation": [5, 0, 0], "uv": [101, 85]},
						{"origin": [-3.925, 19.2075, 1.4], "size": [0.6, 1, 0.1], "pivot": [-4.125, 19.575, 0.025], "rotation": [5, 0, 0], "uv": [102, 86]},
						{"origin": [-3.925, 20.1075, 0.4], "size": [0.6, 0.1, 1], "pivot": [-4.125, 19.575, 0.025], "rotation": [5, 0, 0], "uv": [102, 86]},
						{"origin": [-3.925, 19.68345, 0.38948], "size": [0.6, 0.1, 1], "pivot": [-3.625, 19.73345, 0.88948], "rotation": [-15, 0, 0], "uv": [102, 86]},
						{"origin": [-3.825, 16.7075, -0.4], "size": [0.4, 5.2, 1], "pivot": [-4.125, 19.575, 0.025], "rotation": [15, 0, 0], "uv": [102, 85]}
					]
				},
				{
					"name": "bone30",
					"parent": "shumiha2",
					"pivot": [-3.625, 16.57459, 1.83836],
					"rotation": [15, 0, 0],
					"cubes": [
						{"origin": [-4.125, 16.07459, 0.33836], "size": [1, 1, 3], "uv": [93, 87]},
						{"origin": [-4.125, 16.07459, 0.33836], "size": [1, 1, 3], "pivot": [-3.625, 16.57459, 1.83836], "rotation": [0, -45, 0], "uv": [93, 87]},
						{"origin": [-4.125, 16.07459, 0.33836], "size": [1, 1, 3], "pivot": [-3.625, 16.57459, 1.83836], "rotation": [0, -90, 0], "uv": [93, 87]},
						{"origin": [-4.125, 16.07459, 0.33836], "size": [1, 1, 3], "pivot": [-3.625, 16.57459, 1.83836], "rotation": [0, -135, 0], "uv": [93, 87]},
						{"origin": [-4.125, 16.07459, 0.33836], "size": [1, 1, 3], "pivot": [-3.625, 16.57459, 1.83836], "rotation": [0, -150, 0], "uv": [93, 87]},
						{"origin": [-4.125, 16.07459, 0.33836], "size": [1, 1, 3], "pivot": [-3.625, 16.57459, 1.83836], "rotation": [0, -165, 0], "uv": [93, 87]},
						{"origin": [-4.125, 16.07459, 0.33836], "size": [1, 1, 3], "pivot": [-3.625, 16.57459, 1.83836], "rotation": [0, -15, 0], "uv": [93, 87]},
						{"origin": [-4.125, 16.07459, 0.33836], "size": [1, 1, 3], "pivot": [-3.625, 16.57459, 1.83836], "rotation": [0, -30, 0], "uv": [93, 87]},
						{"origin": [-4.125, 16.07459, 0.33836], "size": [1, 1, 3], "pivot": [-3.625, 16.57459, 1.83836], "rotation": [0, -60, 0], "uv": [93, 87]},
						{"origin": [-4.125, 16.07459, 0.33836], "size": [1, 1, 3], "pivot": [-3.625, 16.57459, 1.83836], "rotation": [0, -105, 0], "uv": [93, 87]}
					]
				},
				{
					"name": "RightHandLocator",
					"parent": "RightForeArm",
					"pivot": [-4.125, 22.575, 0.025]
				},
				{
					"name": "bone26",
					"parent": "RightForeArm",
					"pivot": [-4.125, 22.575, 0.025],
					"cubes": [
						{
							"origin": [-7.125, 17.575, -4.975],
							"size": [1, 13, 10],
							"uv": {
								"north": {"uv": [123, 108], "uv_size": [-1, 1]},
								"east": {"uv": [124, 108], "uv_size": [-1, 1]},
								"south": {"uv": [125, 108], "uv_size": [-1, 1]},
								"west": {"uv": [122, 108], "uv_size": [-1, 1]},
								"up": {"uv": [123, 107], "uv_size": [-1, 1]},
								"down": {"uv": [124, 108], "uv_size": [-1, -1]}
							}
						},
						{
							"origin": [-7.425, 30.575, -4.975],
							"size": [1.3, 0.5, 13],
							"uv": {
								"north": {"uv": [121, 87], "uv_size": [-1, 0]},
								"east": {"uv": [134, 87], "uv_size": [-13, 0]},
								"south": {"uv": [135, 87], "uv_size": [-1, 0]},
								"west": {"uv": [120, 87], "uv_size": [-13, 0]},
								"up": {"uv": [121, 74], "uv_size": [-1, 13]},
								"down": {"uv": [122, 87], "uv_size": [-1, -13]}
							}
						},
						{
							"origin": [-7.425, 30.575, 2.525],
							"size": [1.3, 0.5, 13],
							"uv": {
								"north": {"uv": [121, 87], "uv_size": [-1, 0]},
								"east": {"uv": [134, 87], "uv_size": [-13, 0]},
								"south": {"uv": [135, 87], "uv_size": [-1, 0]},
								"west": {"uv": [120, 87], "uv_size": [-13, 0]},
								"up": {"uv": [121, 74], "uv_size": [-1, 13]},
								"down": {"uv": [122, 87], "uv_size": [-1, -13]}
							}
						},
						{
							"origin": [-7.425, 17.075, 2.525],
							"size": [1.3, 0.5, 13],
							"uv": {
								"north": {"uv": [121, 87], "uv_size": [-1, 0]},
								"east": {"uv": [134, 87], "uv_size": [-13, 0]},
								"south": {"uv": [135, 87], "uv_size": [-1, 0]},
								"west": {"uv": [120, 87], "uv_size": [-13, 0]},
								"up": {"uv": [121, 74], "uv_size": [-1, 13]},
								"down": {"uv": [122, 87], "uv_size": [-1, -13]}
							}
						},
						{
							"origin": [-7.425, 17.075, -5.2],
							"size": [1.3, 0.5, 14],
							"uv": {
								"north": {"uv": [121, 87], "uv_size": [-1, 0]},
								"east": {"uv": [134, 87], "uv_size": [-13, 0]},
								"south": {"uv": [135, 87], "uv_size": [-1, 0]},
								"west": {"uv": [120, 87], "uv_size": [-13, 0]},
								"up": {"uv": [121, 74], "uv_size": [-1, 13]},
								"down": {"uv": [122, 87], "uv_size": [-1, -13]}
							}
						},
						{
							"origin": [-7.125, 17.75297, -5.22679],
							"size": [1, 2.5, 2],
							"pivot": [-6.625, 19.00297, -4.22679],
							"rotation": [10, 0, 0],
							"uv": {
								"north": {"uv": [123, 108], "uv_size": [-1, 1]},
								"east": {"uv": [124, 108], "uv_size": [-1, 1]},
								"south": {"uv": [125, 108], "uv_size": [-1, 1]},
								"west": {"uv": [122, 108], "uv_size": [-1, 1]},
								"up": {"uv": [123, 107], "uv_size": [-1, 1]},
								"down": {"uv": [124, 108], "uv_size": [-1, -1]}
							}
						},
						{
							"origin": [-7.125, 27.8753, -5.28268],
							"size": [1, 2.5, 2],
							"pivot": [-6.625, 29.00297, -4.22679],
							"rotation": [-10, 0, 0],
							"uv": {
								"north": {"uv": [123, 108], "uv_size": [-1, 1]},
								"east": {"uv": [124, 108], "uv_size": [-1, 1]},
								"south": {"uv": [125, 108], "uv_size": [-1, 1]},
								"west": {"uv": [122, 108], "uv_size": [-1, 1]},
								"up": {"uv": [123, 107], "uv_size": [-1, 1]},
								"down": {"uv": [124, 108], "uv_size": [-1, -1]}
							}
						},
						{
							"origin": [-7.125, 20.575, -11.975],
							"size": [1, 7, 3],
							"uv": {
								"north": {"uv": [123, 108], "uv_size": [-1, 1]},
								"east": {"uv": [124, 108], "uv_size": [-1, 1]},
								"south": {"uv": [125, 108], "uv_size": [-1, 1]},
								"west": {"uv": [122, 108], "uv_size": [-1, 1]},
								"up": {"uv": [123, 107], "uv_size": [-1, 1]},
								"down": {"uv": [124, 108], "uv_size": [-1, -1]}
							}
						},
						{
							"origin": [-7.425, 20.575, -12.475],
							"size": [1.3, 7, 0.5],
							"uv": {
								"north": {"uv": [120, 73], "uv_size": [-1, 7]},
								"east": {"uv": [121, 73], "uv_size": [-1, 7]},
								"south": {"uv": [122, 73], "uv_size": [-1, 7]},
								"west": {"uv": [119, 73], "uv_size": [-1, 7]},
								"up": {"uv": [120, 72], "uv_size": [-1, 1]},
								"down": {"uv": [121, 73], "uv_size": [-1, -1]}
							}
						},
						{
							"origin": [-7.425, 20.575, -9.475],
							"size": [1.3, 7, 1],
							"uv": {
								"north": {"uv": [120, 73], "uv_size": [-1, 7]},
								"east": {"uv": [121, 73], "uv_size": [-1, 7]},
								"south": {"uv": [122, 73], "uv_size": [-1, 7]},
								"west": {"uv": [119, 73], "uv_size": [-1, 7]},
								"up": {"uv": [120, 72], "uv_size": [-1, 1]},
								"down": {"uv": [121, 73], "uv_size": [-1, -1]}
							}
						},
						{
							"origin": [-7.425, 20.575, -5.475],
							"size": [1.3, 7, 1],
							"uv": {
								"north": {"uv": [120, 73], "uv_size": [-1, 7]},
								"east": {"uv": [121, 73], "uv_size": [-1, 7]},
								"south": {"uv": [122, 73], "uv_size": [-1, 7]},
								"west": {"uv": [119, 73], "uv_size": [-1, 7]},
								"up": {"uv": [120, 72], "uv_size": [-1, 1]},
								"down": {"uv": [121, 73], "uv_size": [-1, -1]}
							}
						},
						{
							"origin": [-7.425, 20.075, -9.475],
							"size": [1.3, 1, 5],
							"uv": {
								"north": {"uv": [120, 73], "uv_size": [-1, 7]},
								"east": {"uv": [121, 73], "uv_size": [-1, 7]},
								"south": {"uv": [122, 73], "uv_size": [-1, 7]},
								"west": {"uv": [119, 73], "uv_size": [-1, 7]},
								"up": {"uv": [120, 72], "uv_size": [-1, 1]},
								"down": {"uv": [121, 73], "uv_size": [-1, -1]}
							}
						},
						{
							"origin": [-7.425, 27.075, -9.475],
							"size": [1.3, 1, 5],
							"uv": {
								"north": {"uv": [120, 73], "uv_size": [-1, 7]},
								"east": {"uv": [121, 73], "uv_size": [-1, 7]},
								"south": {"uv": [122, 73], "uv_size": [-1, 7]},
								"west": {"uv": [119, 73], "uv_size": [-1, 7]},
								"up": {"uv": [120, 72], "uv_size": [-1, 1]},
								"down": {"uv": [121, 73], "uv_size": [-1, -1]}
							}
						},
						{
							"origin": [-7.125, 19.575, -10.975],
							"size": [1, 1, 6],
							"uv": {
								"north": {"uv": [123, 108], "uv_size": [-1, 1]},
								"east": {"uv": [124, 108], "uv_size": [-1, 1]},
								"south": {"uv": [125, 108], "uv_size": [-1, 1]},
								"west": {"uv": [122, 108], "uv_size": [-1, 1]},
								"up": {"uv": [123, 107], "uv_size": [-1, 1]},
								"down": {"uv": [124, 108], "uv_size": [-1, -1]}
							}
						},
						{
							"origin": [-7.125, 27.575, -10.975],
							"size": [1, 1, 6],
							"uv": {
								"north": {"uv": [123, 108], "uv_size": [-1, 1]},
								"east": {"uv": [124, 108], "uv_size": [-1, 1]},
								"south": {"uv": [125, 108], "uv_size": [-1, 1]},
								"west": {"uv": [122, 108], "uv_size": [-1, 1]},
								"up": {"uv": [123, 107], "uv_size": [-1, 1]},
								"down": {"uv": [124, 108], "uv_size": [-1, -1]}
							}
						},
						{
							"origin": [-7.125, 27.9875, -11.375],
							"size": [1, 1, 1.4],
							"pivot": [-6.125, 27.575, -9.975],
							"rotation": [45, 0, 0],
							"uv": {
								"north": {"uv": [123, 108], "uv_size": [-1, 1]},
								"east": {"uv": [124, 108], "uv_size": [-1, 1]},
								"south": {"uv": [125, 108], "uv_size": [-1, 1]},
								"west": {"uv": [122, 108], "uv_size": [-1, 1]},
								"up": {"uv": [123, 107], "uv_size": [-1, 1]},
								"down": {"uv": [124, 108], "uv_size": [-1, -1]}
							}
						},
						{
							"origin": [-7.125, 20.5875, -11.3875],
							"size": [1, 1.4, 1],
							"pivot": [-6.125, 20.575, -9.975],
							"rotation": [45, 0, 0],
							"uv": {
								"north": {"uv": [123, 108], "uv_size": [-1, 1]},
								"east": {"uv": [124, 108], "uv_size": [-1, 1]},
								"south": {"uv": [125, 108], "uv_size": [-1, 1]},
								"west": {"uv": [122, 108], "uv_size": [-1, 1]},
								"up": {"uv": [123, 107], "uv_size": [-1, 1]},
								"down": {"uv": [124, 108], "uv_size": [-1, -1]}
							}
						},
						{
							"origin": [-7.125, 17.575, 5.025],
							"size": [1, 13, 10],
							"uv": {
								"north": {"uv": [123, 108], "uv_size": [-1, 1]},
								"east": {"uv": [124, 108], "uv_size": [-1, 1]},
								"south": {"uv": [125, 108], "uv_size": [-1, 1]},
								"west": {"uv": [122, 108], "uv_size": [-1, 1]},
								"up": {"uv": [123, 107], "uv_size": [-1, 1]},
								"down": {"uv": [124, 108], "uv_size": [-1, -1]}
							}
						},
						{
							"origin": [-7.725, 22.575, 14.025],
							"size": [1, 2, 1.5],
							"uv": {
								"north": {"uv": [123, 108], "uv_size": [-1, 1]},
								"east": {"uv": [124, 108], "uv_size": [-1, 1]},
								"south": {"uv": [125, 108], "uv_size": [-1, 1]},
								"west": {"uv": [122, 108], "uv_size": [-1, 1]},
								"up": {"uv": [123, 107], "uv_size": [-1, 1]},
								"down": {"uv": [124, 108], "uv_size": [-1, -1]}
							}
						},
						{"origin": [-7.425, 19.575, 9.025], "size": [1, 1.5, 1.5], "uv": [27, 34], "mirror": true},
						{"origin": [-7.425, 27.575, 9.025], "size": [1, 1.5, 1.5], "uv": [27, 34], "mirror": true},
						{"origin": [-7.425, 17.575, 15.025], "size": [1, 13, 0.5], "uv": [119, 74], "mirror": true}
					]
				},
				{
					"name": "bone27",
					"parent": "bone26",
					"pivot": [-6.625, 29.00297, -5.22679],
					"cubes": [
						{
							"origin": [-7.425, 28.575, -10.975],
							"size": [1.3, 0.5, 5.6],
							"uv": {
								"north": {"uv": [120, 73], "uv_size": [-1, 1]},
								"east": {"uv": [126, 73], "uv_size": [-6, 1]},
								"south": {"uv": [127, 73], "uv_size": [-1, 1]},
								"west": {"uv": [119, 73], "uv_size": [-6, 1]},
								"up": {"uv": [120, 67], "uv_size": [-1, 6]},
								"down": {"uv": [121, 73], "uv_size": [-1, -6]}
							}
						},
						{
							"origin": [-7.425, 26.975, -13.02],
							"size": [1.3, 2, 0.5],
							"pivot": [-6.125, 26.575, -11.975],
							"rotation": [-45, 0, 0],
							"uv": {
								"north": {"uv": [120, 73], "uv_size": [-1, 7]},
								"east": {"uv": [121, 73], "uv_size": [-1, 7]},
								"south": {"uv": [122, 73], "uv_size": [-1, 7]},
								"west": {"uv": [119, 73], "uv_size": [-1, 7]},
								"up": {"uv": [120, 72], "uv_size": [-1, 1]},
								"down": {"uv": [121, 73], "uv_size": [-1, -1]}
							}
						},
						{"origin": [-7.425, 28.5753, -5.7827], "size": [1.3, 2.5, 0.5], "pivot": [-6.625, 29.00297, -5.22679], "rotation": [-10, 0, 0], "uv": [117, 80], "mirror": true}
					]
				},
				{
					"name": "bone28",
					"parent": "bone26",
					"pivot": [-6.625, 19.103, -5.22679],
					"rotation": [0, 0, 180],
					"cubes": [
						{
							"origin": [-7.125, 18.575, -10.975],
							"size": [1.3, 0.5, 5.6],
							"uv": {
								"north": {"uv": [120, 73], "uv_size": [-1, 1]},
								"east": {"uv": [126, 73], "uv_size": [-6, 1]},
								"south": {"uv": [127, 73], "uv_size": [-1, 1]},
								"west": {"uv": [119, 73], "uv_size": [-6, 1]},
								"up": {"uv": [120, 67], "uv_size": [-1, 6]},
								"down": {"uv": [121, 73], "uv_size": [-1, -6]}
							}
						},
						{
							"origin": [-7.125, 16.975, -13.02],
							"size": [1.3, 2, 0.5],
							"pivot": [-6.125, 16.575, -11.975],
							"rotation": [-45, 0, 0],
							"uv": {
								"north": {"uv": [120, 73], "uv_size": [-1, 7]},
								"east": {"uv": [121, 73], "uv_size": [-1, 7]},
								"south": {"uv": [122, 73], "uv_size": [-1, 7]},
								"west": {"uv": [119, 73], "uv_size": [-1, 7]},
								"up": {"uv": [120, 72], "uv_size": [-1, 1]},
								"down": {"uv": [121, 73], "uv_size": [-1, -1]}
							}
						},
						{"origin": [-7.125, 18.5753, -5.7827], "size": [1.3, 2.5, 0.5], "pivot": [-6.625, 19.00297, -5.22679], "rotation": [-10, 0, 0], "uv": [117, 80], "mirror": true}
					]
				},
				{
					"name": "an94",
					"parent": "RightForeArm",
					"pivot": [-4.125, 28.075, 0.025],
					"cubes": [
						{"origin": [-4.625, 22.075, -2.975], "size": [1, 1, 3.5], "pivot": [-4.125, 22.575, -0.975], "rotation": [7.5, 0, 0], "uv": [115, 69]},
						{"origin": [-4.625, 19.075, -3.975], "size": [1, 3, 2], "uv": [116, 70]},
						{"origin": [-4.825, 19.075, -3.975], "size": [1.1, 3, 1], "uv": [117, 71]},
						{"origin": [-4.625, 19.075, -4.475], "size": [1, 3.5, 0.5], "uv": [119, 72]},
						{"origin": [-4.625, 19.075, -5.275], "size": [1, 0.5, 0.8], "uv": [120, 73]},
						{"origin": [-4.775, 11.275, -2.975], "size": [1.1, 0.1, 1], "uv": [117, 71]},
						{"origin": [-4.775, 11.675, -2.975], "size": [1.1, 0.1, 1], "uv": [117, 71]},
						{"origin": [-4.775, 12.475, -2.975], "size": [1.1, 0.1, 1], "uv": [117, 71]},
						{"origin": [-4.775, 13.275, -2.975], "size": [1.1, 0.1, 1], "uv": [117, 71]},
						{"origin": [-4.775, 13.675, -2.975], "size": [1.1, 0.1, 1], "uv": [117, 71]},
						{"origin": [-4.775, 14.075, -2.975], "size": [1.1, 0.1, 1], "uv": [117, 71]},
						{"origin": [-4.525, 18.975, -5.175], "size": [0.8, 0.5, 0.8], "uv": [40, 5]},
						{"origin": [-4.775, 12.875, -2.975], "size": [1.1, 0.1, 1], "uv": [117, 71]},
						{"origin": [-4.775, 9.275, -2.975], "size": [1.1, 0.1, 1], "uv": [117, 71]},
						{"origin": [-4.775, 10.075, -2.975], "size": [1.1, 0.1, 1], "uv": [117, 71]},
						{"origin": [-4.775, 10.875, -2.975], "size": [1.1, 0.1, 1], "uv": [117, 71]},
						{"origin": [-4.775, 10.475, -2.975], "size": [1.1, 0.1, 1], "uv": [117, 71]},
						{"origin": [-4.775, 11.275, -2.975], "size": [1.1, 0.1, 1], "uv": [117, 71]},
						{"origin": [-4.775, 9.675, -2.975], "size": [1.1, 0.1, 1], "uv": [117, 71]},
						{"origin": [-4.775, 13.275, -2.975], "size": [1.1, 0.1, 1], "uv": [117, 71]},
						{"origin": [-4.775, 12.075, -2.975], "size": [1.1, 0.1, 1], "uv": [117, 71]},
						{"origin": [-4.625, 21.075, -2.975], "size": [1, 4, 1], "uv": [117, 71]},
						{"origin": [-4.725, 23.575, -2.375], "size": [0.3, 0.3, 0.3], "uv": [39, 7]},
						{"origin": [-4.725, 24.175, -3.175], "size": [0.3, 0.1, 1.1], "uv": [39, 7]},
						{"origin": [-4.625, 24.075, -2.475], "size": [1, 6, -0.7], "uv": [120, 73]},
						{"origin": [-4.625, 26.575, -2.475], "size": [1, 3.5, 1], "uv": [117, 71]},
						{"origin": [-4.625, 24.075, -3.075], "size": [1, 6, 1], "pivot": [-4.125, 24.575, -1.975], "rotation": [-17.5, 0, 0], "uv": [117, 71]},
						{"origin": [-4.625, 21.175, -3.9975], "size": [1, 1.5, 1], "pivot": [-4.125, 21.575, -2.975], "rotation": [-45, 0, 0], "uv": [117, 71]},
						{"origin": [-4.625, 20.175, -1.275], "size": [1, 2, 0.2], "pivot": [-4.125, 20.575, 0.025], "rotation": [5, 0, 0], "uv": [118, 72]},
						{"origin": [-4.625, 20.175, -2.275], "size": [1, 0.2, 1.2], "pivot": [-4.125, 20.575, 0.025], "rotation": [5, 0, 0], "uv": [117, 71]},
						{"origin": [-4.625, 13.075, -3.975], "size": [1, 6, 2], "uv": [116, 70]},
						{"origin": [-4.625, 9.075, -3.975], "size": [1, 4, 2], "uv": [116, 70]},
						{"origin": [-4.625, 11.075, -2.975], "size": [1, 4, 1], "pivot": [-4.125, 11.575, -1.975], "rotation": [-7.5, 0, 0], "uv": [117, 71]},
						{"origin": [-4.375, 6.075, -3.175], "size": [0.5, 3, 0.5], "uv": [119, 72]},
						{"origin": [-4.375, 3.075, -3.175], "size": [0.5, 3, 0.5], "uv": [119, 72]},
						{"origin": [-4.375, 6.075, -3.175], "size": [0.5, 0.5, 1], "uv": [119, 72]},
						{"origin": [-4.275, 6.075, -4.175], "size": [0.3, 0.5, 1], "uv": [121, 73]},
						{"origin": [-4.575, 4.075, -3.175], "size": [0.9, 0.5, 0.5], "uv": [119, 72]},
						{"origin": [-4.575, 3.375, -3.175], "size": [0.9, 0.5, 0.5], "uv": [119, 72]},
						{"origin": [-4.275, 6.075, -2.375], "size": [0.3, 3, 0.3], "uv": [121, 73]},
						{"origin": [-4.625, 18.275, -2.975], "size": [1, 1.5, 2], "pivot": [-4.125, 18.575, -0.975], "rotation": [-5, 0, 0], "uv": [116, 70]},
						{"origin": [-4.625, 17.825, -1.075], "size": [1, 1.5, 2], "pivot": [-4.125, 18.575, 1.025], "rotation": [-12.5, 0, 0], "uv": [117, 71]},
						{"origin": [-4.625, 17.775, 0.8], "size": [1, 1.5, 1.3], "pivot": [-4.125, 18.575, 1.025], "rotation": [-22.5, 0, 0], "uv": [119, 73]}
					]
				},
				{
					"name": "knife3",
					"parent": "RightForeArm",
					"pivot": [-4.125, 28.075, 0.025],
					"cubes": [
						{"origin": [-4.625, 22.075, -1.975], "size": [1, 1, 5], "uv": [115, 73], "mirror": true},
						{"origin": [-4.325, 21.575, -2.575], "size": [0.4, 2, 0.6], "uv": [122, 78], "mirror": true},
						{"origin": [-4.325, 22.075, -7.975], "size": [0.4, 1, 6], "uv": [115, 72], "mirror": true},
						{"origin": [-4.325, 22.075, -13.975], "size": [0.4, 1, 6], "uv": [115, 72], "mirror": true},
						{"origin": [-4.325, 22.685, -18.075], "size": [0.4, 0.4, 1], "pivot": [-3.125, 22.075, -18.975], "rotation": [-17.5, 0, 0], "uv": [121, 78], "mirror": true},
						{"origin": [-4.325, 22.0217, -17.775], "size": [0.4, 0.4, 1], "pivot": [-3.125, 22.075, -18.975], "rotation": [17.5, 0, 0], "uv": [121, 78], "mirror": true},
						{"origin": [-4.325, 21.3217, -17.3425], "size": [0.4, 0.2, 0.3], "pivot": [-3.125, 21.075, -18.975], "rotation": [45, 0, 0], "uv": [125, 81], "mirror": true},
						{"origin": [-4.325, 22.075, -16.975], "size": [0.4, 1, 3], "uv": [119, 76], "mirror": true},
						{"origin": [-4.325, 22.275, -17.5], "size": [0.4, 0.5, 2], "uv": [120, 77], "mirror": true}
					]
				},
				{
					"name": "Collar",
					"parent": "UpBody",
					"pivot": [0, 33.925, 0.975],
					"rotation": [-15, 0, 0]
				},
				{
					"name": "bone8",
					"parent": "Collar",
					"pivot": [1.5, 34.125, -1.525]
				},
				{
					"name": "ElytraLocator",
					"parent": "UpBody",
					"pivot": [0, 34.65, 2]
				},
				{
					"name": "RifleLocator",
					"parent": "UpBody",
					"pivot": [0, 28.15, 2.3],
					"rotation": [0, 0, 45]
				},
				{
					"name": "PistolLocator",
					"parent": "UpBody",
					"pivot": [-4, 27.75, -1.6],
					"rotation": [-30, 0, 0]
				},
				{
					"name": "bone12",
					"parent": "UpBody",
					"pivot": [-1, 33.65, 0],
					"cubes": [
						{"origin": [-6.03, 31.1, -2.521], "size": [0.5, 4, 0.5], "pivot": [-6.15, 32.9235, -3.37612], "rotation": [-7.5, 40, 0], "uv": [120, 72]},
						{
							"origin": [-7.4, 22.075, -0.05],
							"size": [1.05, 13, 4],
							"pivot": [-7.125, 31.575, 1],
							"rotation": [0, 37.5, 15],
							"uv": {
								"north": {"uv": [116, 70], "uv_size": [1, 8]},
								"east": {"uv": [112, 70], "uv_size": [4, 8]},
								"south": {"uv": [121, 70], "uv_size": [1, 8]},
								"west": {"uv": [37.5, 0], "uv_size": [4, 8]},
								"up": {"uv": [116, 66], "uv_size": [1, 4]},
								"down": {"uv": [117, 70], "uv_size": [1, -4]}
							}
						},
						{"origin": [-5.53, 31.1, -2.521], "size": [0.5, 4, 0.5], "pivot": [-6.15, 32.9235, -3.37612], "rotation": [-7.5, 40, 0], "uv": [120, 72]},
						{"origin": [-5.153, 31.1, -2.521], "size": [0.2, 4, 0.5], "pivot": [-6.15, 32.9235, -3.37612], "rotation": [-7.5, 40, 0], "uv": [121, 72]},
						{"origin": [-4.5, 30.65, -4], "size": [3.5, 4, 0.5], "pivot": [-2, 30.65, -2], "rotation": [-10, 0, 0], "uv": [117, 72]},
						{"origin": [-4.5, 33.9, -4.27], "size": [3.5, 3, 0.5], "pivot": [-2, 33.65, -3], "rotation": [-67.5, 0, 0], "uv": [117, 72]},
						{"origin": [-2, 33.9, -4.37], "size": [1, 1.25, 0.5], "pivot": [-2, 33.65, -3], "rotation": [-67.5, 0, 0], "uv": [96, 86]},
						{"origin": [-2.5, 35.645, -0.875], "size": [0.5, 2.25, 2.5], "pivot": [-2.25, 36.77, -0.625], "rotation": [-90, -20, 0], "uv": [114, 74]},
						{"origin": [-2.5, 35.645, 1.125], "size": [0.5, 2.25, 2.5], "pivot": [-2.25, 36.77, 1.375], "rotation": [-90, 20, 0], "uv": [114, 74]},
						{"origin": [-2, 33.9, -4.37], "size": [4, 0.75, 0.5], "pivot": [1, 33.65, -3], "rotation": [-67.5, 0, 0], "uv": [93, 86]},
						{"origin": [-4.5, 35.8, 2.12], "size": [3.5, 3, 1], "pivot": [-2, 35.65, 4], "rotation": [67.5, 0, 0], "uv": [116, 71]},
						{"origin": [-4.5, 29.9, 2.5], "size": [3.5, 5, 1], "uv": [116, 71]},
						{"origin": [-1.5, 29.9, 2.5], "size": [3.5, 5, 1], "uv": [116, 71]},
						{"origin": [-2, 31.9, 1.5], "size": [4, 5, 1], "uv": [116, 71]},
						{"origin": [-5.1, 29.3, 2.5], "size": [3.5, 5, 1], "pivot": [-2.75, 32.4, 3], "rotation": [0, 0, 15], "uv": [116, 71]},
						{"origin": [-5.1, 25.3, 2.5], "size": [3.5, 4, 1], "pivot": [-2.75, 32.4, 3], "rotation": [0, 0, 15], "uv": [116, 71]},
						{"origin": [-5.1, 25.5, 2.5], "size": [3.7, -4.5, 1], "pivot": [-2.75, 32.4, 3], "rotation": [0, 0, 15], "uv": [117, 71]},
						{"origin": [-4.5, 24.9, 2.5], "size": [3.5, 5, 1], "uv": [116, 71]},
						{"origin": [-4.5, 20.9, 2.5], "size": [3.5, 5, 1], "uv": [116, 71]},
						{"origin": [-1.5, 24.9, 2.5], "size": [3.5, 5, 1], "uv": [116, 71]},
						{"origin": [-1.5, 20.9, 2.5], "size": [3.5, 5, 1], "uv": [116, 71]},
						{"origin": [-4.5, 36.9, -0.57], "size": [3.5, 1.3, 1], "pivot": [-2, 36.65, 1], "rotation": [90, 0, 0], "uv": [116, 71]},
						{"origin": [-4.5, 27, -3.95], "size": [3.5, 4, 0.5], "uv": [118, 72]},
						{"origin": [-4.5, 28, -4], "size": [3.5, 0.1, 0.5], "uv": [107, 100]},
						{"origin": [-1.3, 28.3, -4], "size": [0.2, 0.2, 0.5], "uv": [111, 100]},
						{"origin": [-4.3, 28.3, -4], "size": [0.2, 0.2, 0.5], "uv": [111, 100]},
						{"origin": [-4.3, 27.6, -4], "size": [0.2, 0.2, 0.5], "uv": [111, 100]},
						{"origin": [-1.3, 27.6, -4], "size": [0.2, 0.2, 0.5], "uv": [111, 100]},
						{"origin": [-4.5, 23, -3.95], "size": [3.5, 4, 0.5], "uv": [117, 72]},
						{"origin": [-5.9, 21, -3.73], "size": [1.5, 10, 0.5], "pivot": [-4.75, 26, -3.7], "rotation": [0, 40, 0], "uv": [119, 72]},
						{"origin": [-4, 21, -3.95], "size": [3, 2, 0.5], "uv": [95, 87]},
						{"origin": [-4.5, 21, -3.95], "size": [0.5, 2, 0.5], "uv": [120, 72]},
						{"origin": [-4.5, 31, -4.05], "size": [3.5, 0.2, 0.5], "pivot": [-2.75, 31.1, -3.8], "rotation": [0, 0, 25], "uv": [111, 101]},
						{"origin": [-4.5, 31.5, -4.05], "size": [2.3, 1.8, 0.5], "pivot": [-2.75, 31.1, -3.8], "rotation": [-7.5, 0, 25], "uv": [92, 88]},
						{"origin": [-4.8, 31.5, -3.95], "size": [0.2, 1.8, 0.5], "pivot": [-2.75, 31.1, -3.8], "rotation": [-7.5, 0, 25], "uv": [107, 99]},
						{"origin": [-2.65, 31.5, -4.13], "size": [0.05, 1.8, 0.5], "pivot": [-1.75, 31.1, -3.8], "rotation": [-7.5, 0, 0], "uv": [119, 83]},
						{"origin": [-2.75, 31.5, -4.13], "size": [0.05, 1.8, 0.5], "pivot": [-1.75, 31.1, -3.8], "rotation": [-7.5, 0, 0], "uv": [119, 83]},
						{"origin": [-2.65, 30.5, -3.99], "size": [0.05, 1.4, 0.5], "pivot": [-1.75, 31.1, -3.8], "rotation": [-7.5, 0, 60], "uv": [119, 83]},
						{"origin": [-2.55, 30.5, -3.99], "size": [0.05, 1.4, 0.5], "pivot": [-1.75, 31.1, -3.8], "rotation": [-7.5, 0, 60], "uv": [119, 83]},
						{"origin": [-4.3, 31.5, -4.05], "size": [2.3, 1, 0.5], "pivot": [-2.75, 31.1, -3.8], "rotation": [-7.5, 0, 25], "uv": [92, 88]},
						{"origin": [-4, 31.5, -4.05], "size": [2.3, 0.5, 0.5], "pivot": [-2.75, 31.1, -3.8], "rotation": [-7.5, 0, 25], "uv": [92, 88]},
						{"origin": [-3.8, 31.5, -4.05], "size": [2.3, 0.25, 0.5], "pivot": [-2.75, 31.1, -3.8], "rotation": [-7.5, 0, 25], "uv": [92, 88]},
						{"origin": [-1.65, 31.1, -3.89], "size": [0.3, 1.8, 0.5], "pivot": [-1.5, 32, -3.8], "rotation": [-7.5, 0, 0], "uv": [94, 88]},
						{"origin": [-3, 30.7, -1.5], "size": [0.75, 5.5, 2.05], "uv": [102, 83], "mirror": true},
						{"origin": [-1.9, 33.95094, -3.41489], "size": [0.5, 1, 0.5], "pivot": [-1.75, 34.40939, -3.16489], "rotation": [-10, 0, 7.5], "uv": [101, 88]},
						{"origin": [-1.9, 33.75, -4.1], "size": [0.3, 0.8, 0.5], "pivot": [1, 30.65, -2], "rotation": [-10, 0, 0], "uv": [117, 80]},
						{"origin": [-2, 33.65, -4.05], "size": [0.5, 1, 0.5], "pivot": [1, 30.65, -2], "rotation": [-10, 0, 0], "uv": [101, 88]}
					]
				},
				{
					"name": "bone15",
					"parent": "UpBody",
					"pivot": [1, 33.65, 0],
					"cubes": [
						{"origin": [1, 30.65, -4], "size": [3.5, 4, 0.5], "pivot": [2, 30.65, -2], "rotation": [-10, 0, 0], "uv": [117, 72], "mirror": true},
						{"origin": [1.5, 33.65, -4.05], "size": [0.5, 1, 0.5], "pivot": [-1, 30.65, -2], "rotation": [-10, 0, 0], "uv": [101, 88], "mirror": true},
						{"origin": [1.6, 33.75, -4.1], "size": [0.3, 0.8, 0.5], "pivot": [-1, 30.65, -2], "rotation": [-10, 0, 0], "uv": [117, 80], "mirror": true},
						{"origin": [1.4, 33.95094, -3.41489], "size": [0.5, 1, 0.5], "pivot": [1.75, 34.40939, -3.16489], "rotation": [-10, 0, -7.5], "uv": [101, 88], "mirror": true},
						{"origin": [1, 33.9, -4.27], "size": [3.5, 3, 0.5], "pivot": [2, 33.65, -3], "rotation": [-67.5, 0, 0], "uv": [117, 72], "mirror": true},
						{"origin": [3, 33.9, -4.27], "size": [1.5, 2.5, 1], "pivot": [2, 33.65, -2], "rotation": [-67.5, 0, 0], "uv": [119, 80], "mirror": true},
						{"origin": [3.25, 35.4, -4.27], "size": [1, 0.5, 1], "pivot": [2, 33.65, -2], "rotation": [-67.5, 0, 0], "uv": [102, 86], "mirror": true},
						{"origin": [3.25, 34.4, -4.27], "size": [1, 0.5, 1], "pivot": [2, 33.65, -2], "rotation": [-67.5, 0, 0], "uv": [102, 86], "mirror": true},
						{"origin": [2.95, 34.4, -4.07], "size": [0.2, 1.5, 0.5], "pivot": [2, 33.65, -2], "rotation": [-67.5, 0, 0], "uv": [111, 101], "mirror": true},
						{"origin": [1, 35.8, 2.12], "size": [3.5, 3, 1], "pivot": [2, 35.65, 4], "rotation": [67.5, 0, 0], "uv": [116, 71], "mirror": true},
						{"origin": [1, 29.9, 2.5], "size": [3.5, 5, 1], "uv": [116, 71], "mirror": true},
						{"origin": [1.6, 29.3, 2.5], "size": [3.5, 5, 1], "pivot": [2.75, 32.4, 3], "rotation": [0, 0, -15], "uv": [116, 71], "mirror": true},
						{"origin": [1.6, 25.3, 2.5], "size": [3.5, 4, 1], "pivot": [2.75, 32.4, 3], "rotation": [0, 0, -15], "uv": [116, 71], "mirror": true},
						{"origin": [1.4, 25.53, 2.5], "size": [3.7, -4.5, 1], "pivot": [2.75, 32.4, 3], "rotation": [0, 0, -15], "uv": [117, 71], "mirror": true},
						{"origin": [1, 24.9, 2.5], "size": [3.5, 5, 1], "uv": [116, 71], "mirror": true},
						{"origin": [1, 20.9, 2.5], "size": [3.5, 5, 1], "uv": [116, 71], "mirror": true},
						{"origin": [1, 36.9, -0.57], "size": [3.5, 1.3, 1], "pivot": [2, 36.65, 1], "rotation": [90, 0, 0], "uv": [116, 71], "mirror": true},
						{"origin": [1, 27, -3.95], "size": [3.5, 4, 0.5], "uv": [118, 72], "mirror": true},
						{"origin": [1.5, 29, -4.05], "size": [3, 1, 0.5], "uv": [95, 90], "mirror": true},
						{"origin": [1, 31, -4.05], "size": [3.5, 0.2, 0.5], "pivot": [2.75, 31.1, -3.8], "rotation": [0, 0, -25], "uv": [111, 101], "mirror": true},
						{"origin": [1, 23, -3.95], "size": [3.5, 4, 0.5], "uv": [117, 72], "mirror": true},
						{"origin": [1, 21, -3.95], "size": [3, 2, 0.5], "uv": [93, 88], "mirror": true},
						{"origin": [4, 21, -3.95], "size": [0.5, 2, 0.5], "uv": [120, 72], "mirror": true},
						{"origin": [1, 33.9, -4.37], "size": [1, 1.25, 0.5], "pivot": [2, 33.65, -3], "rotation": [-67.5, 0, 0], "uv": [96, 86], "mirror": true},
						{"origin": [2, 35.645, 1.125], "size": [0.5, 2.25, 2.5], "pivot": [2.25, 36.77, 1.375], "rotation": [-90, -20, 0], "uv": [114, 74], "mirror": true},
						{"origin": [2, 35.645, -0.875], "size": [0.5, 2.25, 2.5], "pivot": [2.25, 36.77, -0.625], "rotation": [-90, 20, 0], "uv": [114, 74], "mirror": true},
						{"origin": [2.25, 30.7, -1.5], "size": [0.75, 5.5, 2.05], "uv": [102, 83]},
						{"origin": [1, 28, -4], "size": [3.5, 0.1, 0.5], "uv": [107, 100], "mirror": true},
						{"origin": [1.1, 27.6, -4], "size": [0.2, 0.2, 0.5], "uv": [111, 100], "mirror": true},
						{"origin": [4.1, 28.3, -4], "size": [0.2, 0.2, 0.5], "uv": [111, 100], "mirror": true},
						{"origin": [1.1, 28.3, -4], "size": [0.2, 0.2, 0.5], "uv": [111, 100], "mirror": true},
						{"origin": [4.1, 27.6, -4], "size": [0.2, 0.2, 0.5], "uv": [111, 100], "mirror": true},
						{"origin": [4.4, 21, -3.73], "size": [1.5, 10, 0.5], "pivot": [4.75, 26, -3.7], "rotation": [0, -40, 0], "uv": [119, 72], "mirror": true},
						{"origin": [5.53, 31.1, -2.521], "size": [0.5, 4, 0.5], "pivot": [6.15, 32.9235, -3.37612], "rotation": [-7.5, -40, 0], "uv": [120, 72], "mirror": true},
						{"origin": [5.03, 31.1, -2.521], "size": [0.5, 4, 0.5], "pivot": [6.15, 32.9235, -3.37612], "rotation": [-7.5, -40, 0], "uv": [120, 72], "mirror": true},
						{"origin": [4.953, 31.1, -2.521], "size": [0.2, 4, 0.5], "pivot": [6.15, 32.9235, -3.37612], "rotation": [-7.5, -40, 0], "uv": [121, 72], "mirror": true},
						{
							"origin": [6.35, 22.075, -0.05],
							"size": [1.05, 13, 4],
							"pivot": [7.125, 31.575, 1],
							"rotation": [0, -37.5, -15],
							"uv": {
								"north": {"uv": [117, 70], "uv_size": [-1, 8]},
								"east": {"uv": [41.5, 0], "uv_size": [-4, 8]},
								"south": {"uv": [122, 70], "uv_size": [-1, 8]},
								"west": {"uv": [116, 70], "uv_size": [-4, 8]},
								"up": {"uv": [117, 66], "uv_size": [-1, 4]},
								"down": {"uv": [118, 70], "uv_size": [-1, -4]}
							}
						}
					]
				},
				{
					"name": "DownBody",
					"parent": "AllBody",
					"pivot": [0, 23.65, 0]
				},
				{
					"name": "Leg",
					"parent": "DownBody",
					"pivot": [0, 24.15, 0]
				},
				{
					"name": "LeftLeg",
					"parent": "Leg",
					"pivot": [2.4, 24.15, 0]
				},
				{
					"name": "bone18",
					"parent": "LeftLeg",
					"pivot": [0, 0, 0],
					"cubes": [
						{"origin": [0.4, 13, -2.1], "size": [3.6, 1, 2.2], "uv": [118, 29]},
						{"origin": [0.375, 14.65, -2], "size": [3.65, 10, 4], "uv": [8, 10]},
						{
							"origin": [0.375, 24.65, -2],
							"size": [3.65, 1, 4],
							"uv": {
								"north": {"uv": [125, 30], "uv_size": [-4, 2]},
								"east": {"uv": [114, 31], "uv_size": [4, 1]},
								"south": {"uv": [125, 31], "uv_size": [3, 1]},
								"west": {"uv": [121, 31], "uv_size": [4, 1]},
								"up": {"uv": [118, 27], "uv_size": [3, 4]},
								"down": {"uv": [121, 31], "uv_size": [3, -4]}
							}
						},
						{"origin": [0.4225, 11.65, -2], "size": [3.5, 3, 3.8], "uv": [101, 4]}
					]
				},
				{
					"name": "bone10",
					"parent": "bone18",
					"pivot": [2.49741, 17.25777, -0.03333],
					"cubes": [
						{"origin": [2.515, 14.2, -2.1], "size": [1.6, 2, 4.2], "uv": [106, 2], "mirror": true},
						{"origin": [0.3315, 14.62, -2.05], "size": [2, 1.5, 4.1], "uv": [117, 75], "mirror": true},
						{"origin": [0.415, 14.87, -2.1], "size": [3.6, 1, 4.2], "pivot": [2.24, 15.65, -0.2], "rotation": [0, 0, -40], "uv": [103, 5], "mirror": true},
						{"origin": [1.515, 14.2, -2.1], "size": [1.6, 1, 4.2], "uv": [106, 2], "mirror": true}
					]
				},
				{
					"name": "LeftLowerLeg",
					"parent": "LeftLeg",
					"pivot": [2.2, 11.7, 0],
					"cubes": [
						{"origin": [0.4, 4, -2], "size": [3.6, 3, 4], "uv": [100, 3]},
						{"origin": [1, 4, 1.1], "size": [2.4, 3, 0.8], "pivot": [2.2, 6, 1.5], "rotation": [-32.5, 0, 0], "uv": [105, 5]},
						{"origin": [0.5, 2, -1.9], "size": [3.4, 10, 2], "uv": [104, 0]},
						{"origin": [0.4, 10, -2.1], "size": [3.6, 1, 2.2], "uv": [118, 30]},
						{"origin": [0.5, 10, 0.1], "size": [3.4, 2, 2], "pivot": [0, 8, 2], "rotation": [5, 0, 0], "uv": [102, 3]},
						{"origin": [0.5, 5.8371, -0.23455], "size": [3.4, 4.3, 2], "pivot": [2.2, 8.18709, 0.70049], "rotation": [-5, 0, 0], "uv": [99, 3]}
					]
				},
				{
					"name": "LeftFoot",
					"parent": "LeftLowerLeg",
					"pivot": [2.1875, 2.5, 0.1375],
					"cubes": [
						{"origin": [0.25, 0.5, -0.1], "size": [3.875, 3.5, 2.375], "uv": [86, 36]},
						{"origin": [0.25, 1, -2.1], "size": [3.875, 3, 2.375], "uv": [86, 35]},
						{"origin": [0.35, 0.5, -5], "size": [3.675, 2.5, 3], "uv": [68, 70]},
						{"origin": [0.95, 2.575, -4.2], "size": [2.675, 1, 3], "pivot": [2.6875, 2.5, -2.9], "rotation": [22.5, 0, 0], "uv": [107, 1]}
					]
				},
				{
					"name": "bone9",
					"parent": "LeftLeg",
					"pivot": [0, 0, 0],
					"cubes": [
						{
							"origin": [0.27, 20.25, -2.0625],
							"size": [4, 1.15, 4.1],
							"uv": {
								"north": {"uv": [107, 7], "uv_size": [-4, 1]},
								"east": {"uv": [111, 7], "uv_size": [-4, 1]},
								"south": {"uv": [115, 7], "uv_size": [-4, 1]},
								"west": {"uv": [103, 7], "uv_size": [-4, 1]},
								"up": {"uv": [28.5, 2], "uv_size": [-7.5, 4.5]},
								"down": {"uv": [111, 7], "uv_size": [-4, -4]}
							}
						},
						{"origin": [0.27, 22.25, -2.0625], "size": [4, 1.15, 4.1], "uv": [24, 34], "mirror": true},
						{"origin": [0.27, 20.45, -2.1625], "size": [2, 0.85, 4.3], "uv": [119, 29], "mirror": true}
					]
				},
				{
					"name": "RightLeg",
					"parent": "Leg",
					"pivot": [-2.4, 24.15, 0]
				},
				{
					"name": "bone11",
					"parent": "RightLeg",
					"pivot": [-2.49741, 17.25777, -0.03333],
					"cubes": [
						{"origin": [-2.3315, 14.62, -2.05], "size": [2, 1.5, 4.1], "uv": [117, 75]}
					]
				},
				{
					"name": "bone17",
					"parent": "RightLeg",
					"pivot": [-2.49741, 17.25777, -0.03333],
					"cubes": [
						{"origin": [-4, 13, -2.1], "size": [3.6, 1, 2.2], "uv": [118, 30], "mirror": true},
						{"origin": [-3.915, 11.65, -2], "size": [3.5, 3, 3.8], "uv": [102, 2]},
						{"origin": [-4.015, 14.87, -2.1], "size": [3.6, 1, 4.2], "pivot": [-2.24, 15.65, -0.2], "rotation": [0, 0, 40], "uv": [103, 5]},
						{"origin": [-4.115, 14.2, -2.1], "size": [1.6, 2, 4.2], "uv": [106, 2]},
						{"origin": [-3.115, 14.2, -2.1], "size": [1.6, 1, 4.2], "uv": [106, 2]},
						{"origin": [-4.025, 14.65, -2], "size": [3.65, 10, 4], "uv": [7, 10]},
						{
							"origin": [-4.025, 24.65, -2],
							"size": [3.65, 1, 4],
							"uv": {
								"north": {"uv": [118, 33], "uv_size": [3, 1]},
								"east": {"uv": [128, 30], "uv_size": [-10, 4]},
								"south": {"uv": [125, 33], "uv_size": [3, 1]},
								"west": {"uv": [121, 33], "uv_size": [4, 1]},
								"up": {"uv": [118, 29], "uv_size": [3, 4]},
								"down": {"uv": [121, 33], "uv_size": [3, -4]}
							}
						}
					]
				},
				{
					"name": "bone13",
					"parent": "bone17",
					"pivot": [0, -1, 0]
				},
				{
					"name": "RightLowerLeg",
					"parent": "RightLeg",
					"pivot": [-2.2, 11.7, 0],
					"cubes": [
						{"origin": [-3.9, 2, -1.9], "size": [3.4, 4, 3.8], "uv": [102, 0]},
						{"origin": [-3.9, 2, -1.9], "size": [3.4, 10, 2], "uv": [102, 1]},
						{"origin": [-3.9, 5.8371, -0.23455], "size": [3.4, 4.3, 2], "pivot": [2.2, 8.18709, 0.70049], "rotation": [-5, 0, 0], "uv": [102, 2]},
						{"origin": [-3.9, 10, 0.1], "size": [3.4, 2, 2], "pivot": [0, 8, 2], "rotation": [5, 0, 0], "uv": [103, 6]},
						{"origin": [-4, 10, -2.1], "size": [3.6, 1, 2.2], "uv": [118, 27], "mirror": true},
						{"origin": [-3.4, 4, 1.1], "size": [2.4, 3, 0.8], "pivot": [-2.2, 6, 1.5], "rotation": [-32.5, 0, 0], "uv": [105, 5], "mirror": true}
					]
				},
				{
					"name": "RightFoot",
					"parent": "RightLowerLeg",
					"pivot": [-2.1875, 2.5, -0.1375],
					"cubes": [
						{"origin": [-4.125, 0.5, -0.1], "size": [3.875, 3.5, 2.375], "uv": [69, 50]},
						{"origin": [-4.125, 1, -2.1], "size": [3.875, 3, 2.375], "uv": [69, 49]},
						{"origin": [-4.025, 0.5, -5], "size": [3.675, 2.5, 3], "uv": [14, 69]},
						{"origin": [-3.625, 2.575, -4.2], "size": [2.675, 1, 3], "pivot": [-2.6875, 2.5, -2.9], "rotation": [22.5, 0, 0], "uv": [101, 3]}
					]
				},
				{
					"name": "bone7",
					"parent": "RightLeg",
					"pivot": [0, 0, 0],
					"cubes": [
						{
							"origin": [-4.27, 20.25, -2.0625],
							"size": [4, 1.15, 4.1],
							"uv": {
								"north": {"uv": [103, 7], "uv_size": [4, 1]},
								"east": {"uv": [99, 7], "uv_size": [4, 1]},
								"south": {"uv": [111, 7], "uv_size": [4, 1]},
								"west": {"uv": [107, 7], "uv_size": [4, 1]},
								"up": {"uv": [21, 2], "uv_size": [7.5, 4.5]},
								"down": {"uv": [107, 7], "uv_size": [4, -4]}
							}
						},
						{"origin": [-2.27, 20.45, -2.1625], "size": [2, 0.85, 4.3], "uv": [119, 29]},
						{"origin": [-4.27, 22.25, -2.0625], "size": [4, 1.15, 4.1], "uv": [24, 34]}
					]
				},
				{
					"name": "Skirt",
					"parent": "DownBody",
					"pivot": [0, 26.85, 0.1]
				},
				{
					"name": "RightSkirt",
					"parent": "Skirt",
					"pivot": [-3.525, 26.9, 0.0375],
					"rotation": [0, 0, 17.5],
					"cubes": [
						{"origin": [-3.625, 25.175, -1.9625], "size": [1, 4, 4], "uv": [118, 27]}
					]
				},
				{
					"name": "LeftSkirt",
					"parent": "Skirt",
					"pivot": [3.6, 26.9, 0.0375],
					"rotation": [0, 0, -17.5],
					"cubes": [
						{"origin": [2.7, 25.075, -1.9625], "size": [1, 4, 4], "uv": [118, 26]}
					]
				},
				{
					"name": "FrontSkirt",
					"parent": "Skirt",
					"pivot": [0, 27.25, -2.0125],
					"cubes": [
						{"origin": [-4.25, 23.25, -2.0625], "size": [8.475, 1.15, 4.1], "uv": [19, 34]},
						{"origin": [-4.215, 24.4225, -2.0625], "size": [1.24, 3.2, 1.1], "pivot": [-3.5125, 23.75, -1.5125], "rotation": [0, 0, 17.5], "uv": [126, 27]},
						{"origin": [-2.25, 24.25, -2.0625], "size": [4.475, 3, 1.1], "uv": [76, 22]},
						{"origin": [-2.25, 24.25, -2.0625], "size": [4.475, 3, 1.1], "uv": [76, 22], "mirror": true},
						{"origin": [2.975, 24.4225, -2.0625], "size": [1.24, 3.2, 1.1], "pivot": [3.5125, 23.75, -1.5125], "rotation": [0, 0, -17.5], "uv": [126, 27], "mirror": true}
					]
				},
				{
					"name": "bone2",
					"parent": "FrontSkirt",
					"pivot": [0, 2, -2],
					"cubes": [
						{"origin": [1.25, 21.75, -2.5], "size": [0.75, 4.5, 5.5], "pivot": [1.625, 24.5, -0.475], "rotation": [0, 0, 32.5], "uv": [115, 63]},
						{"origin": [2.25, 22.25, -2.5], "size": [0.75, 3.5, 5.5], "pivot": [2.625, 24.5, -0.475], "rotation": [0, 0, -52.5], "uv": [115, 63]},
						{"origin": [-2, 21.75, -2.5], "size": [0.75, 4.5, 5.5], "pivot": [-1.625, 24.5, -0.475], "rotation": [0, 0, -32.5], "uv": [115, 63], "mirror": true},
						{"origin": [-3, 27.75, -2.5], "size": [6, 1.5, 4.05], "uv": [110, 64]},
						{"origin": [-3, 28, -2.6], "size": [6, 1, 4.05], "uv": [87, 87]},
						{"origin": [0, 28, -2.7], "size": [1, 1, 2.05], "uv": [120, 79]},
						{"origin": [-3, 28.75, -3], "size": [0.75, 3, 4.05], "pivot": [-2.625, 30.25, -0.475], "rotation": [17.5, 0, 0], "uv": [95, 84], "mirror": true},
						{"origin": [2.25, 27.75, -2.5], "size": [0.75, 3, 4.05], "uv": [116, 64]},
						{"origin": [-3, 22.25, -2.5], "size": [0.75, 3.5, 5.5], "pivot": [-2.625, 24.5, -0.475], "rotation": [0, 0, 52.5], "uv": [115, 63], "mirror": true},
						{"origin": [2.25, 28.75, -3], "size": [0.75, 3, 4.05], "pivot": [2.625, 30.25, -0.475], "rotation": [17.5, 0, 0], "uv": [93, 83]},
						{"origin": [-3, 25.6, 0], "size": [0.75, 5.5, 3.05], "uv": [117, 65], "mirror": true},
						{"origin": [-3, 25.75, -2.5], "size": [0.75, 3.5, 4.05], "uv": [116, 64], "mirror": true},
						{"origin": [2.25, 25.6, 0], "size": [0.75, 5.5, 3.05], "uv": [117, 65]},
						{"origin": [2.25, 25.75, -2.5], "size": [0.75, 3.5, 4.05], "uv": [116, 64]},
						{"origin": [2.1, 26.75, -1.4], "size": [3.75, 2.5, 1.05], "pivot": [3.975, 28, -0.875], "rotation": [0, -90, -12.5], "uv": [116, 67]},
						{"origin": [6.2, 27.85, -2.5], "size": [0.25, 1.5, 1.05], "pivot": [3.975, 28, -1.875], "rotation": [0, -90, -12.5], "uv": [97, 86]},
						{"origin": [6.8, 27.85, -5.5], "size": [0.25, 1.5, 1.05], "pivot": [3.975, 28, -4.875], "rotation": [0, -90, -12.5], "uv": [97, 86]}
					]
				},
				{
					"name": "bone3",
					"parent": "bone2",
					"pivot": [-3.125, 27.5, -2.975],
					"cubes": [
						{"origin": [-3.25, 26.85, -3.6], "size": [0.25, 2.5, 1.05], "pivot": [-3.125, 27.5, -2.975], "rotation": [0, 17.5, 0], "uv": [105, 46], "mirror": true},
						{"origin": [-4, 25.75, -3.5], "size": [1.75, 3.5, 1.05], "pivot": [-3.125, 27.5, -2.975], "rotation": [0, 17.5, 0], "uv": [118, 67], "mirror": true}
					]
				},
				{
					"name": "bone6",
					"parent": "bone2",
					"pivot": [-4.125, 27.5, -1.975],
					"rotation": [0, 42.5, 0],
					"cubes": [
						{"origin": [-4.25, 26.85, -2.6], "size": [0.25, 2.5, 1.05], "pivot": [-4.125, 27.5, -1.975], "rotation": [0, 17.5, 0], "uv": [105, 46], "mirror": true},
						{"origin": [-5, 25.75, -2.5], "size": [1.75, 3.5, 1.05], "pivot": [-4.125, 27.5, -1.975], "rotation": [0, 17.5, 0], "uv": [118, 67], "mirror": true}
					]
				},
				{
					"name": "BackSkirt",
					"parent": "Skirt",
					"pivot": [0, 27.1, 2.4125],
					"rotation": [5, 0, 0],
					"cubes": [
						{"origin": [-4, 22.5, 1.1625], "size": [8, 2, 1.1], "pivot": [-0.0125, 23.6, 1.9125], "rotation": [-27.5, 0, 0], "uv": [34, 2]}
					]
				}
			]
		}
	]
}