{
	"format_version": "1.12.0",
	"minecraft:geometry": [
		{
			"description": {
				"identifier": "geometry.unknown",
				"texture_width": 128,
				"texture_height": 128,
				"visible_bounds_width": 7,
				"visible_bounds_height": 5,
				"visible_bounds_offset": [0, 1.5, 0]
			},
			"bones": [
				{
					"name": "Root",
					"pivot": [0, -0.35, -5]
				},
				{
					"name": "MAllBody",
					"parent": "Root",
					"pivot": [0, 20.65, 0]
				},
				{
					"name": "AllBody",
					"parent": "MAllBody",
					"pivot": [0, 20.65, 0]
				},
				{
					"name": "UpBody",
					"parent": "AllBody",
					"pivot": [0, 20.65, 0]
				},
				{
					"name": "MUpperBody",
					"parent": "UpBody",
					"pivot": [0, 20.65, 0]
				},
				{
					"name": "UpperBody",
					"parent": "MUpperBody",
					"pivot": [0, 20.65, 0],
					"cubes": [
						{
							"origin": [-3.7, 29.15, 5.875],
							"size": [2.4, 3, 1],
							"pivot": [0, 0, 0],
							"rotation": [15, 0, 0],
							"uv": {
								"north": {"uv": [66, 4], "uv_size": [2, 3]},
								"east": {"uv": [71, 7], "uv_size": [1, 3]},
								"south": {"uv": [66, 16], "uv_size": [2, 3]},
								"west": {"uv": [71, 10], "uv_size": [1, 3]},
								"up": {"uv": [72, 18], "uv_size": [2, 1]},
								"down": {"uv": [72, 24], "uv_size": [2, -1]}
							}
						},
						{
							"origin": [1.3, 29.15, 5.875],
							"size": [2.4, 3, 1],
							"pivot": [0, 0, 0],
							"rotation": [15, 0, 0],
							"uv": {
								"north": {"uv": [59, 66], "uv_size": [2, 3]},
								"east": {"uv": [11, 71], "uv_size": [1, 3]},
								"south": {"uv": [61, 66], "uv_size": [2, 3]},
								"west": {"uv": [71, 13], "uv_size": [1, 3]},
								"up": {"uv": [24, 72], "uv_size": [2, 1]},
								"down": {"uv": [72, 25], "uv_size": [2, -1]}
							}
						},
						{
							"origin": [-3.5, 20.75, -2.025],
							"size": [7, 11, 4.15],
							"uv": {
								"north": {"uv": [0, 0], "uv_size": [7, 11]},
								"east": {"uv": [24, 7], "uv_size": [4, 11]},
								"south": {"uv": [7, 0], "uv_size": [7, 11]},
								"west": {"uv": [0, 26], "uv_size": [4, 11]},
								"up": {"uv": [29, 0], "uv_size": [7, 4]},
								"down": {"uv": [4, 45], "uv_size": [7, -4]}
							}
						},
						{
							"origin": [-2.9, 23.75, -2.275],
							"size": [2, 4, 0.15],
							"uv": {
								"north": {"uv": [64, 4], "uv_size": [2, 4]},
								"east": {"uv": [20, 69], "uv_size": [1, 4]},
								"south": {"uv": [9, 64], "uv_size": [2, 4]},
								"west": {"uv": [21, 69], "uv_size": [1, 4]},
								"up": {"uv": [72, 38], "uv_size": [2, 1]},
								"down": {"uv": [72, 40], "uv_size": [2, -1]}
							}
						},
						{
							"origin": [1, 23.75, -2.275],
							"size": [2, 4, 0.15],
							"uv": {
								"north": {"uv": [28, 64], "uv_size": [2, 4]},
								"east": {"uv": [22, 69], "uv_size": [1, 4]},
								"south": {"uv": [37, 64], "uv_size": [2, 4]},
								"west": {"uv": [69, 22], "uv_size": [1, 4]},
								"up": {"uv": [40, 72], "uv_size": [2, 1]},
								"down": {"uv": [72, 41], "uv_size": [2, -1]}
							}
						},
						{
							"origin": [-3.5, 30.75, 1.975],
							"size": [7, 2, 1.15],
							"uv": {
								"north": {"uv": [55, 32], "uv_size": [7, 2]},
								"east": {"uv": [72, 34], "uv_size": [1, 2]},
								"south": {"uv": [21, 57], "uv_size": [7, 2]},
								"west": {"uv": [72, 36], "uv_size": [1, 2]},
								"up": {"uv": [64, 0], "uv_size": [7, 1]},
								"down": {"uv": [64, 2], "uv_size": [7, -1]}
							}
						},
						{
							"origin": [3, 31.75, -2.025],
							"size": [1, 1, 4.05],
							"uv": {
								"north": {"uv": [36, 73], "uv_size": [1, 1]},
								"east": {"uv": [68, 6], "uv_size": [4, 1]},
								"south": {"uv": [73, 36], "uv_size": [1, 1]},
								"west": {"uv": [69, 3], "uv_size": [4, 1]},
								"up": {"uv": [13, 69], "uv_size": [1, 4]},
								"down": {"uv": [69, 17], "uv_size": [1, -4]}
							}
						},
						{
							"origin": [-4, 31.75, -2.025],
							"size": [1, 1, 4.05],
							"uv": {
								"north": {"uv": [37, 73], "uv_size": [1, 1]},
								"east": {"uv": [14, 69], "uv_size": [4, 1]},
								"south": {"uv": [73, 37], "uv_size": [1, 1]},
								"west": {"uv": [69, 17], "uv_size": [4, 1]},
								"up": {"uv": [18, 69], "uv_size": [1, 4]},
								"down": {"uv": [19, 73], "uv_size": [1, -4]}
							}
						},
						{
							"origin": [-6.25, 17.75, -2.025],
							"size": [1, 8, 4.05],
							"pivot": [-2.75, 0, 0],
							"rotation": [0, 0, 5],
							"uv": {
								"north": {"uv": [27, 62], "uv_size": [1, 8]},
								"east": {"uv": [16, 38], "uv_size": [4, 8]},
								"south": {"uv": [35, 63], "uv_size": [1, 8]},
								"west": {"uv": [20, 38], "uv_size": [4, 8]},
								"up": {"uv": [68, 63], "uv_size": [1, 4]},
								"down": {"uv": [68, 71], "uv_size": [1, -4]}
							}
						},
						{
							"origin": [5.25, 18.2, -2.025],
							"size": [1, 8, 4.05],
							"pivot": [8.75, 0.45, 0],
							"rotation": [0, 0, -5],
							"uv": {
								"north": {"uv": [36, 63], "uv_size": [1, 8]},
								"east": {"uv": [37, 38], "uv_size": [4, 8]},
								"south": {"uv": [8, 64], "uv_size": [1, 8]},
								"west": {"uv": [40, 0], "uv_size": [4, 8]},
								"up": {"uv": [69, 9], "uv_size": [1, 4]},
								"down": {"uv": [12, 73], "uv_size": [1, -4]}
							}
						},
						{
							"origin": [-1, 20, -4.775],
							"size": [2, 6.75, 1.05],
							"pivot": [0, 0, 0],
							"rotation": [-6, 0, 0],
							"uv": {
								"north": {"uv": [45, 51], "uv_size": [2, 7]},
								"east": {"uv": [39, 64], "uv_size": [1, 7]},
								"south": {"uv": [37, 53], "uv_size": [2, 7]},
								"west": {"uv": [40, 64], "uv_size": [1, 7]},
								"up": {"uv": [72, 28], "uv_size": [2, 1]},
								"down": {"uv": [72, 30], "uv_size": [2, -1]}
							}
						},
						{
							"origin": [-1, 16.25, 11.1],
							"size": [2, 1.1, 1.05],
							"pivot": [0, -0.5, -0.125],
							"rotation": [39, 0, 0],
							"uv": {
								"north": {"uv": [72, 31], "uv_size": [2, 1]},
								"east": {"uv": [35, 73], "uv_size": [1, 1]},
								"south": {"uv": [72, 32], "uv_size": [2, 1]},
								"west": {"uv": [73, 35], "uv_size": [1, 1]},
								"up": {"uv": [72, 33], "uv_size": [2, 1]},
								"down": {"uv": [34, 73], "uv_size": [2, -1]}
							}
						},
						{
							"origin": [-3.5, 17.75, -5.025],
							"size": [3, 7, 1.05],
							"pivot": [0, 0, 0],
							"rotation": [-6.02275, 4.97254, -0.52396],
							"uv": {
								"north": {"uv": [30, 50], "uv_size": [3, 7]},
								"east": {"uv": [64, 40], "uv_size": [1, 7]},
								"south": {"uv": [50, 35], "uv_size": [3, 7]},
								"west": {"uv": [41, 64], "uv_size": [1, 7]},
								"up": {"uv": [70, 4], "uv_size": [3, 1]},
								"down": {"uv": [70, 6], "uv_size": [3, -1]}
							}
						},
						{
							"origin": [0.825, 17.75, -5.025],
							"size": [3, 7, 1.05],
							"pivot": [-0.175, 0, 0],
							"rotation": [-6.00567, -2.4863, 0.26149],
							"uv": {
								"north": {"uv": [50, 42], "uv_size": [3, 7]},
								"east": {"uv": [42, 64], "uv_size": [1, 7]},
								"south": {"uv": [47, 50], "uv_size": [3, 7]},
								"west": {"uv": [43, 64], "uv_size": [1, 7]},
								"up": {"uv": [70, 16], "uv_size": [3, 1]},
								"down": {"uv": [70, 26], "uv_size": [3, -1]}
							}
						},
						{
							"origin": [-1.5, 19.75, -2.025],
							"size": [3, 1, 4.05],
							"uv": {
								"north": {"uv": [33, 19], "uv_size": [3, 1]},
								"east": {"uv": [65, 28], "uv_size": [4, 1]},
								"south": {"uv": [69, 18], "uv_size": [3, 1]},
								"west": {"uv": [65, 29], "uv_size": [4, 1]},
								"up": {"uv": [57, 24], "uv_size": [3, 4]},
								"down": {"uv": [28, 61], "uv_size": [3, -4]}
							}
						},
						{
							"origin": [-4, 28.575, -7.15],
							"size": [8, 5, 2.2],
							"pivot": [0, 1, -8.25],
							"rotation": [-15, 0, 0],
							"uv": {
								"north": {"uv": [4, 26], "uv_size": [8, 5]},
								"east": {"uv": [39, 46], "uv_size": [2, 5]},
								"south": {"uv": [28, 7], "uv_size": [8, 5]},
								"west": {"uv": [48, 0], "uv_size": [2, 5]},
								"up": {"uv": [53, 0], "uv_size": [8, 2]},
								"down": {"uv": [53, 4], "uv_size": [8, -2]}
							}
						},
						{
							"origin": [-3.975, 17.575, 4.1],
							"size": [7.95, 5, 1.2],
							"pivot": [0, 0, 0],
							"rotation": [7.5, 0, 0],
							"uv": {
								"north": {"uv": [36, 20], "uv_size": [8, 5]},
								"east": {"uv": [63, 66], "uv_size": [1, 5]},
								"south": {"uv": [36, 25], "uv_size": [8, 5]},
								"west": {"uv": [66, 65], "uv_size": [1, 5]},
								"up": {"uv": [63, 39], "uv_size": [8, 1]},
								"down": {"uv": [0, 65], "uv_size": [8, -1]}
							}
						}
					]
				},
				{
					"name": "AllHead",
					"parent": "UpperBody",
					"pivot": [0, 32.425, -0.025],
					"cubes": [
						{
							"origin": [-1.5, 31.675, -1.525],
							"size": [3, 2, 3],
							"uv": {
								"north": {"uv": [25, 28], "uv_size": [3, 2]},
								"east": {"uv": [40, 18], "uv_size": [3, 2]},
								"south": {"uv": [44, 6], "uv_size": [3, 2]},
								"west": {"uv": [64, 8], "uv_size": [3, 2]},
								"up": {"uv": [25, 59], "uv_size": [3, 3]},
								"down": {"uv": [60, 13], "uv_size": [3, -3]}
							}
						}
					]
				},
				{
					"name": "MHead",
					"parent": "AllHead",
					"pivot": [0, 33.05, 0]
				},
				{
					"name": "Head",
					"parent": "MHead",
					"pivot": [0, 33.05, 0],
					"cubes": [
						{
							"origin": [-3.5, 33.05, -3.5],
							"size": [7, 7, 7],
							"uv": {
								"north": {"uv": [16, 14], "uv_size": [7, 7]},
								"east": {"uv": [0, 19], "uv_size": [7, 7]},
								"south": {"uv": [7, 19], "uv_size": [7, 7]},
								"west": {"uv": [14, 21], "uv_size": [7, 7]},
								"up": {"uv": [21, 21], "uv_size": [7, 7]},
								"down": {"uv": [22, 7], "uv_size": [7, -7]}
							}
						}
					]
				},
				{
					"name": "Hair",
					"parent": "Head",
					"pivot": [-0.14783, 37.76957, 0.42174],
					"cubes": [
						{
							"origin": [-2, 40, -4.4],
							"size": [4, 1, 1],
							"uv": {
								"north": {"uv": [65, 46], "uv_size": [4, 1]},
								"east": {"uv": [49, 35], "uv_size": [1, 1]},
								"south": {"uv": [66, 7], "uv_size": [4, 1]},
								"west": {"uv": [52, 34], "uv_size": [1, 1]},
								"up": {"uv": [0, 67], "uv_size": [4, 1]},
								"down": {"uv": [67, 9], "uv_size": [4, -1]}
							}
						},
						{
							"origin": [-3, 41, -4.4],
							"size": [2, 1, 1],
							"uv": {
								"north": {"uv": [72, 2], "uv_size": [2, 1]},
								"east": {"uv": [73, 17], "uv_size": [1, 1]},
								"south": {"uv": [6, 72], "uv_size": [2, 1]},
								"west": {"uv": [18, 73], "uv_size": [1, 1]},
								"up": {"uv": [72, 6], "uv_size": [2, 1]},
								"down": {"uv": [72, 8], "uv_size": [2, -1]}
							}
						},
						{
							"origin": [-1, 41, -4.4],
							"size": [4, 2, 1],
							"uv": {
								"north": {"uv": [44, 28], "uv_size": [4, 2]},
								"east": {"uv": [71, 69], "uv_size": [1, 2]},
								"south": {"uv": [63, 30], "uv_size": [4, 2]},
								"west": {"uv": [71, 71], "uv_size": [1, 2]},
								"up": {"uv": [67, 37], "uv_size": [4, 1]},
								"down": {"uv": [67, 39], "uv_size": [4, -1]}
							}
						},
						{
							"origin": [-2, 42, -4.4],
							"size": [1, 2, 0],
							"pivot": [-3, 1, 0],
							"rotation": [0, -35, 0],
							"uv": {
								"north": {"uv": [3, 72], "uv_size": [1, 2]},
								"east": {"uv": [0, 0], "uv_size": [0, 2]},
								"south": {"uv": [8, 72], "uv_size": [1, 2]},
								"west": {"uv": [0, 0], "uv_size": [0, 2]},
								"up": {"uv": [0, 0], "uv_size": [1, 0]},
								"down": {"uv": [0, 0], "uv_size": [1, 0]}
							}
						},
						{
							"origin": [-25, 50.85, -4],
							"size": [4, 2, 8],
							"pivot": [-25, 9.25, -2],
							"rotation": [0, 0, 37.5],
							"uv": {
								"north": {"uv": [63, 37], "uv_size": [4, 2]},
								"east": {"uv": [55, 28], "uv_size": [8, 2]},
								"south": {"uv": [49, 63], "uv_size": [4, 2]},
								"west": {"uv": [55, 30], "uv_size": [8, 2]},
								"up": {"uv": [0, 37], "uv_size": [4, 8]},
								"down": {"uv": [37, 38], "uv_size": [4, -8]}
							}
						},
						{
							"origin": [17.025, 35.05, -3.8],
							"size": [5, 3, 8],
							"pivot": [0, -0.25, -1],
							"rotation": [0, 0, -30],
							"uv": {
								"north": {"uv": [23, 18], "uv_size": [5, 3]},
								"east": {"uv": [41, 30], "uv_size": [8, 3]},
								"south": {"uv": [29, 4], "uv_size": [5, 3]},
								"west": {"uv": [41, 33], "uv_size": [8, 3]},
								"up": {"uv": [12, 28], "uv_size": [5, 8]},
								"down": {"uv": [28, 20], "uv_size": [5, -8]}
							}
						},
						{
							"origin": [3.5, 35.4, -0.675],
							"size": [1, 2, 1],
							"uv": {
								"north": {"uv": [16, 36], "uv_size": [1, 2]},
								"east": {"uv": [24, 38], "uv_size": [1, 2]},
								"south": {"uv": [48, 28], "uv_size": [1, 2]},
								"west": {"uv": [49, 61], "uv_size": [1, 2]},
								"up": {"uv": [60, 40], "uv_size": [1, 1]},
								"down": {"uv": [56, 62], "uv_size": [1, -1]}
							}
						},
						{
							"origin": [-4.5, 35.4, -0.675],
							"size": [1, 2, 1],
							"uv": {
								"north": {"uv": [72, 12], "uv_size": [1, 2]},
								"east": {"uv": [72, 14], "uv_size": [1, 2]},
								"south": {"uv": [72, 21], "uv_size": [1, 2]},
								"west": {"uv": [23, 72], "uv_size": [1, 2]},
								"up": {"uv": [32, 73], "uv_size": [1, 1]},
								"down": {"uv": [33, 74], "uv_size": [1, -1]}
							}
						},
						{
							"origin": [3.5, 37.4, -2.65],
							"size": [1, 4, 6],
							"uv": {
								"north": {"uv": [23, 14], "uv_size": [1, 4]},
								"east": {"uv": [41, 36], "uv_size": [6, 4]},
								"south": {"uv": [11, 41], "uv_size": [1, 4]},
								"west": {"uv": [41, 40], "uv_size": [6, 4]},
								"up": {"uv": [44, 64], "uv_size": [1, 6]},
								"down": {"uv": [45, 70], "uv_size": [1, -6]}
							}
						},
						{
							"origin": [4, 34.50864, -0.35468],
							"size": [1, 1, 0],
							"uv": {
								"north": {"uv": [34, 73], "uv_size": [1, 1]},
								"east": {"uv": [0, 0], "uv_size": [0, 1]},
								"south": {"uv": [73, 34], "uv_size": [1, 1]},
								"west": {"uv": [0, 0], "uv_size": [0, 1]},
								"up": {"uv": [0, 0], "uv_size": [1, 0]},
								"down": {"uv": [0, 0], "uv_size": [1, 0]}
							}
						},
						{
							"origin": [-4.25, 34.4, 0.35],
							"size": [1, 3, 3],
							"uv": {
								"north": {"uv": [23, 69], "uv_size": [1, 3]},
								"east": {"uv": [31, 57], "uv_size": [3, 3]},
								"south": {"uv": [24, 69], "uv_size": [1, 3]},
								"west": {"uv": [57, 34], "uv_size": [4, 3]},
								"up": {"uv": [4, 67], "uv_size": [1, 4]},
								"down": {"uv": [5, 71], "uv_size": [1, -4]}
							}
						},
						{
							"origin": [3.25, 34.4, 0.35],
							"size": [1, 3, 3],
							"uv": {
								"north": {"uv": [4, 71], "uv_size": [1, 3]},
								"east": {"uv": [60, 4], "uv_size": [4, 3]},
								"south": {"uv": [5, 71], "uv_size": [1, 3]},
								"west": {"uv": [60, 7], "uv_size": [3, 3]},
								"up": {"uv": [68, 55], "uv_size": [1, 4]},
								"down": {"uv": [68, 63], "uv_size": [1, -4]}
							}
						},
						{
							"origin": [-4.5, 37.4, -2.65],
							"size": [1, 4, 6],
							"uv": {
								"north": {"uv": [68, 47], "uv_size": [1, 4]},
								"east": {"uv": [44, 20], "uv_size": [6, 4]},
								"south": {"uv": [68, 51], "uv_size": [1, 4]},
								"west": {"uv": [44, 24], "uv_size": [6, 4]},
								"up": {"uv": [54, 66], "uv_size": [1, 6]},
								"down": {"uv": [55, 72], "uv_size": [1, -6]}
							}
						},
						{
							"origin": [-4, 33.6, 3],
							"size": [8, 7, 1],
							"uv": {
								"north": {"uv": [14, 0], "uv_size": [8, 7]},
								"east": {"uv": [11, 64], "uv_size": [1, 7]},
								"south": {"uv": [16, 7], "uv_size": [8, 7]},
								"west": {"uv": [30, 64], "uv_size": [1, 7]},
								"up": {"uv": [63, 20], "uv_size": [8, 1]},
								"down": {"uv": [63, 22], "uv_size": [8, -1]}
							}
						},
						{
							"origin": [-1, 39.6, 4],
							"size": [2, 2, 2],
							"uv": {
								"north": {"uv": [67, 44], "uv_size": [2, 2]},
								"east": {"uv": [68, 4], "uv_size": [2, 2]},
								"south": {"uv": [28, 68], "uv_size": [2, 2]},
								"west": {"uv": [37, 68], "uv_size": [2, 2]},
								"up": {"uv": [68, 40], "uv_size": [2, 2]},
								"down": {"uv": [68, 44], "uv_size": [2, -2]}
							}
						},
						{
							"origin": [-3, 41.1, 3.75],
							"size": [6, 1, 1],
							"uv": {
								"north": {"uv": [64, 2], "uv_size": [6, 1]},
								"east": {"uv": [19, 73], "uv_size": [1, 1]},
								"south": {"uv": [64, 36], "uv_size": [6, 1]},
								"west": {"uv": [73, 19], "uv_size": [1, 1]},
								"up": {"uv": [65, 26], "uv_size": [6, 1]},
								"down": {"uv": [65, 28], "uv_size": [6, -1]}
							}
						},
						{
							"origin": [-2.35, 34.6, 6],
							"size": [4, 6, 3],
							"pivot": [-0.35, 0, 0],
							"rotation": [5.24133, 17.43127, 1.5741],
							"uv": {
								"north": {"uv": [33, 40], "uv_size": [4, 6]},
								"east": {"uv": [50, 49], "uv_size": [3, 6]},
								"south": {"uv": [43, 8], "uv_size": [4, 6]},
								"west": {"uv": [39, 51], "uv_size": [3, 6]},
								"up": {"uv": [8, 58], "uv_size": [4, 3]},
								"down": {"uv": [53, 61], "uv_size": [4, -3]}
							}
						},
						{
							"origin": [-1.4, 34.6, 5.5],
							"size": [4, 6, 3],
							"pivot": [-0.4, 0, -0.5],
							"rotation": [5.3191, -19.92066, -1.81693],
							"uv": {
								"north": {"uv": [43, 14], "uv_size": [4, 6]},
								"east": {"uv": [42, 51], "uv_size": [3, 6]},
								"south": {"uv": [44, 0], "uv_size": [4, 6]},
								"west": {"uv": [0, 52], "uv_size": [3, 6]},
								"up": {"uv": [21, 59], "uv_size": [4, 3]},
								"down": {"uv": [57, 62], "uv_size": [4, -3]}
							}
						}
					]
				},
				{
					"name": "front_h1",
					"parent": "Hair",
					"pivot": [0, 39.5, -4.2],
					"cubes": [
						{
							"origin": [-9.3375, 34.575, -3.9],
							"size": [1, 4, 1],
							"pivot": [0, -1, 0],
							"rotation": [0, 0, 7.5],
							"uv": {
								"north": {"uv": [26, 67], "uv_size": [1, 4]},
								"east": {"uv": [31, 67], "uv_size": [1, 4]},
								"south": {"uv": [32, 67], "uv_size": [1, 4]},
								"west": {"uv": [33, 67], "uv_size": [1, 4]},
								"up": {"uv": [72, 71], "uv_size": [1, 1]},
								"down": {"uv": [72, 73], "uv_size": [1, -1]}
							}
						},
						{
							"origin": [5.1625, 31.075, -8.65],
							"size": [1, 4, 1],
							"pivot": [0, -1, 0],
							"rotation": [-7.5, 0, -15],
							"uv": {
								"north": {"uv": [6, 68], "uv_size": [1, 4]},
								"east": {"uv": [7, 68], "uv_size": [1, 4]},
								"south": {"uv": [9, 68], "uv_size": [1, 4]},
								"west": {"uv": [10, 68], "uv_size": [1, 4]},
								"up": {"uv": [73, 12], "uv_size": [1, 1]},
								"down": {"uv": [13, 74], "uv_size": [1, -1]}
							}
						},
						{
							"origin": [3.4125, 34.075, -3.8],
							"size": [1, 4, 2],
							"uv": {
								"north": {"uv": [2, 68], "uv_size": [1, 4]},
								"east": {"uv": [63, 22], "uv_size": [2, 4]},
								"south": {"uv": [3, 68], "uv_size": [1, 4]},
								"west": {"uv": [63, 26], "uv_size": [2, 4]},
								"up": {"uv": [71, 53], "uv_size": [1, 2]},
								"down": {"uv": [71, 57], "uv_size": [1, -2]}
							}
						},
						{
							"origin": [4.1625, 34.075, -5.15],
							"size": [1, 3, 1],
							"pivot": [0, -1, 0],
							"rotation": [-2.5, 0, 0],
							"uv": {
								"north": {"uv": [37, 70], "uv_size": [1, 3]},
								"east": {"uv": [38, 70], "uv_size": [1, 3]},
								"south": {"uv": [70, 40], "uv_size": [1, 3]},
								"west": {"uv": [70, 43], "uv_size": [1, 3]},
								"up": {"uv": [73, 13], "uv_size": [1, 1]},
								"down": {"uv": [14, 74], "uv_size": [1, -1]}
							}
						},
						{
							"origin": [3.9125, 34.075, -4.4],
							"size": [1, 3, 1],
							"pivot": [0, -1, 0],
							"rotation": [-2.5, 0, 0],
							"uv": {
								"north": {"uv": [70, 54], "uv_size": [1, 3]},
								"east": {"uv": [70, 57], "uv_size": [1, 3]},
								"south": {"uv": [70, 60], "uv_size": [1, 3]},
								"west": {"uv": [70, 63], "uv_size": [1, 3]},
								"up": {"uv": [73, 16], "uv_size": [1, 1]},
								"down": {"uv": [17, 74], "uv_size": [1, -1]}
							}
						},
						{
							"origin": [-9.8375, 35.575, -3.8],
							"size": [1, 2, 1],
							"pivot": [0, -1, 0],
							"rotation": [0, 0, 7.5],
							"uv": {
								"north": {"uv": [71, 47], "uv_size": [1, 2]},
								"east": {"uv": [49, 71], "uv_size": [1, 2]},
								"south": {"uv": [50, 71], "uv_size": [1, 2]},
								"west": {"uv": [51, 71], "uv_size": [1, 2]},
								"up": {"uv": [73, 9], "uv_size": [1, 1]},
								"down": {"uv": [73, 11], "uv_size": [1, -1]}
							}
						},
						{
							"origin": [10.1625, 35.575, -3.95],
							"size": [1, 4, 2],
							"pivot": [0, -1, 0],
							"rotation": [0, 0, -10],
							"uv": {
								"north": {"uv": [0, 68], "uv_size": [1, 4]},
								"east": {"uv": [14, 7], "uv_size": [2, 4]},
								"south": {"uv": [1, 68], "uv_size": [1, 4]},
								"west": {"uv": [59, 62], "uv_size": [2, 4]},
								"up": {"uv": [71, 51], "uv_size": [1, 2]},
								"down": {"uv": [52, 73], "uv_size": [1, -2]}
							}
						},
						{
							"origin": [36.4125, 18.575, -4.15],
							"size": [1, 2, 2],
							"pivot": [0, -1, 0],
							"rotation": [0, 0, -57.5],
							"uv": {
								"north": {"uv": [71, 57], "uv_size": [1, 2]},
								"east": {"uv": [67, 30], "uv_size": [2, 2]},
								"south": {"uv": [58, 71], "uv_size": [1, 2]},
								"west": {"uv": [67, 34], "uv_size": [2, 2]},
								"up": {"uv": [71, 59], "uv_size": [1, 2]},
								"down": {"uv": [71, 63], "uv_size": [1, -2]}
							}
						},
						{
							"origin": [35.4125, 17.575, -4.05],
							"size": [1, 3, 2],
							"pivot": [0, -1, 0],
							"rotation": [0, 0, -57.5],
							"uv": {
								"north": {"uv": [70, 46], "uv_size": [1, 3]},
								"east": {"uv": [45, 58], "uv_size": [2, 3]},
								"south": {"uv": [70, 51], "uv_size": [1, 3]},
								"west": {"uv": [6, 65], "uv_size": [2, 3]},
								"up": {"uv": [64, 71], "uv_size": [1, 2]},
								"down": {"uv": [65, 73], "uv_size": [1, -2]}
							}
						},
						{
							"origin": [35.6625, 17.575, -4.2],
							"size": [1, 3, 2],
							"pivot": [0, -1, 0],
							"rotation": [0, 0, -57.5],
							"uv": {
								"north": {"uv": [44, 70], "uv_size": [1, 3]},
								"east": {"uv": [34, 4], "uv_size": [2, 3]},
								"south": {"uv": [45, 70], "uv_size": [1, 3]},
								"west": {"uv": [35, 57], "uv_size": [2, 3]},
								"up": {"uv": [63, 71], "uv_size": [1, 2]},
								"down": {"uv": [71, 65], "uv_size": [1, -2]}
							}
						},
						{
							"origin": [36.6625, 18.575, -4.3],
							"size": [1, 2, 1],
							"pivot": [0, -1, 0],
							"rotation": [0, 0, -57.5],
							"uv": {
								"north": {"uv": [71, 65], "uv_size": [1, 2]},
								"east": {"uv": [67, 71], "uv_size": [1, 2]},
								"south": {"uv": [71, 67], "uv_size": [1, 2]},
								"west": {"uv": [68, 71], "uv_size": [1, 2]},
								"up": {"uv": [73, 14], "uv_size": [1, 1]},
								"down": {"uv": [15, 74], "uv_size": [1, -1]}
							}
						},
						{
							"origin": [10.6625, 35.575, -3.4],
							"size": [1, 4, 2],
							"pivot": [0, -1, 0],
							"rotation": [0, 0, -10],
							"uv": {
								"north": {"uv": [68, 15], "uv_size": [1, 4]},
								"east": {"uv": [31, 63], "uv_size": [2, 4]},
								"south": {"uv": [68, 22], "uv_size": [1, 4]},
								"west": {"uv": [33, 63], "uv_size": [2, 4]},
								"up": {"uv": [56, 71], "uv_size": [1, 2]},
								"down": {"uv": [57, 73], "uv_size": [1, -2]}
							}
						},
						{
							"origin": [-25.5875, 28.575, -4.05],
							"size": [1, 3, 3],
							"pivot": [0, -1, 0],
							"rotation": [0, 0, 35],
							"uv": {
								"north": {"uv": [69, 51], "uv_size": [1, 3]},
								"east": {"uv": [61, 55], "uv_size": [3, 3]},
								"south": {"uv": [69, 54], "uv_size": [1, 3]},
								"west": {"uv": [61, 58], "uv_size": [3, 3]},
								"up": {"uv": [69, 57], "uv_size": [1, 3]},
								"down": {"uv": [59, 72], "uv_size": [1, -3]}
							}
						},
						{
							"origin": [-10.5875, 29.825, -9.2],
							"size": [1, 3, 1],
							"pivot": [-0.75, -1, 0],
							"rotation": [-9.96271, -0.86717, 22.57558],
							"uv": {
								"north": {"uv": [27, 70], "uv_size": [1, 3]},
								"east": {"uv": [28, 70], "uv_size": [1, 3]},
								"south": {"uv": [70, 28], "uv_size": [1, 3]},
								"west": {"uv": [29, 70], "uv_size": [1, 3]},
								"up": {"uv": [73, 11], "uv_size": [1, 1]},
								"down": {"uv": [12, 74], "uv_size": [1, -1]}
							}
						},
						{
							"origin": [-10.0875, 30.825, -8.95],
							"size": [1, 2, 1],
							"pivot": [-0.75, -1, 0],
							"rotation": [-9.96271, -0.86717, 22.57558],
							"uv": {
								"north": {"uv": [0, 72], "uv_size": [1, 2]},
								"east": {"uv": [72, 0], "uv_size": [1, 2]},
								"south": {"uv": [1, 72], "uv_size": [1, 2]},
								"west": {"uv": [2, 72], "uv_size": [1, 2]},
								"up": {"uv": [73, 15], "uv_size": [1, 1]},
								"down": {"uv": [16, 74], "uv_size": [1, -1]}
							}
						},
						{
							"origin": [-26.5875, 28.325, -4.05],
							"size": [1, 4, 0.95],
							"pivot": [0, -1, 0],
							"rotation": [0, 0, 35],
							"uv": {
								"north": {"uv": [34, 67], "uv_size": [1, 4]},
								"east": {"uv": [67, 40], "uv_size": [1, 4]},
								"south": {"uv": [67, 47], "uv_size": [1, 4]},
								"west": {"uv": [67, 51], "uv_size": [1, 4]},
								"up": {"uv": [73, 0], "uv_size": [1, 1]},
								"down": {"uv": [73, 2], "uv_size": [1, -1]}
							}
						},
						{
							"origin": [-18.0875, 34.325, -3.3],
							"size": [1, 3, 1],
							"pivot": [0, -1, 0],
							"rotation": [0, 0, 20],
							"uv": {
								"north": {"uv": [69, 69], "uv_size": [1, 3]},
								"east": {"uv": [70, 9], "uv_size": [1, 3]},
								"south": {"uv": [70, 12], "uv_size": [1, 3]},
								"west": {"uv": [14, 70], "uv_size": [1, 3]},
								"up": {"uv": [73, 5], "uv_size": [1, 1]},
								"down": {"uv": [6, 74], "uv_size": [1, -1]}
							}
						},
						{
							"origin": [-36.8375, 16.325, -4.15],
							"size": [1, 3, 3],
							"pivot": [0, -1.25, 0],
							"rotation": [0, 0, 60],
							"uv": {
								"north": {"uv": [60, 69], "uv_size": [1, 3]},
								"east": {"uv": [61, 61], "uv_size": [3, 3]},
								"south": {"uv": [69, 60], "uv_size": [1, 3]},
								"west": {"uv": [12, 62], "uv_size": [3, 3]},
								"up": {"uv": [61, 69], "uv_size": [1, 3]},
								"down": {"uv": [62, 72], "uv_size": [1, -3]}
							}
						},
						{
							"origin": [-37.8375, 17.325, -4.3],
							"size": [1, 2, 3],
							"pivot": [0, -1.25, 0],
							"rotation": [0, 0, 60],
							"uv": {
								"north": {"uv": [71, 43], "uv_size": [1, 2]},
								"east": {"uv": [24, 65], "uv_size": [3, 2]},
								"south": {"uv": [71, 45], "uv_size": [1, 2]},
								"west": {"uv": [65, 24], "uv_size": [3, 2]},
								"up": {"uv": [69, 63], "uv_size": [1, 3]},
								"down": {"uv": [69, 69], "uv_size": [1, -3]}
							}
						}
					]
				},
				{
					"name": "corner_h1",
					"parent": "Hair",
					"pivot": [-4.37735, 36.62243, -2.86577],
					"cubes": [
						{
							"origin": [-4.47485, 33.44593, -3.69748],
							"size": [1.025, 3, 1],
							"pivot": [-4.37735, 36.62243, -2.86577],
							"rotation": [-0.52887, 0.14994, -2.51116],
							"uv": {
								"north": {"uv": [25, 69], "uv_size": [1, 3]},
								"east": {"uv": [69, 28], "uv_size": [1, 3]},
								"south": {"uv": [69, 44], "uv_size": [1, 3]},
								"west": {"uv": [69, 47], "uv_size": [1, 3]},
								"up": {"uv": [67, 15], "uv_size": [1, 1]},
								"down": {"uv": [70, 3], "uv_size": [1, -1]}
							}
						},
						{
							"origin": [-4.72485, 34.44593, -3.44748],
							"size": [1.025, 4, 1],
							"pivot": [-4.37735, 36.62243, -2.86577],
							"rotation": [-0.52887, 0.14994, -2.51116],
							"uv": {
								"north": {"uv": [67, 55], "uv_size": [1, 4]},
								"east": {"uv": [67, 59], "uv_size": [1, 4]},
								"south": {"uv": [67, 63], "uv_size": [1, 4]},
								"west": {"uv": [67, 67], "uv_size": [1, 4]},
								"up": {"uv": [73, 3], "uv_size": [1, 1]},
								"down": {"uv": [73, 5], "uv_size": [1, -1]}
							}
						},
						{
							"origin": [-5.07485, 35.44593, -3.24748],
							"size": [1.025, 3, 1],
							"pivot": [-4.37735, 36.62243, -2.86577],
							"rotation": [-0.52183, 0.17287, -0.01125],
							"uv": {
								"north": {"uv": [15, 70], "uv_size": [1, 3]},
								"east": {"uv": [16, 70], "uv_size": [1, 3]},
								"south": {"uv": [17, 70], "uv_size": [1, 3]},
								"west": {"uv": [70, 22], "uv_size": [1, 3]},
								"up": {"uv": [7, 73], "uv_size": [1, 1]},
								"down": {"uv": [73, 9], "uv_size": [1, -1]}
							}
						}
					]
				},
				{
					"name": "FLongHair",
					"parent": "Hair",
					"pivot": [-0.175, 40.56866, 6.28289]
				},
				{
					"name": "MLongHair",
					"parent": "FLongHair",
					"pivot": [-0.175, 40.5687, 6.28289]
				},
				{
					"name": "LongHair",
					"parent": "MLongHair",
					"pivot": [0.075, 40.5687, 6.28289]
				},
				{
					"name": "hl_m",
					"parent": "LongHair",
					"pivot": [0, 40.12846, 5.81781],
					"cubes": [
						{
							"origin": [-2, 33.33127, 4.42525],
							"size": [1, 2, 1],
							"pivot": [1.5, 20.13127, 0.05025],
							"rotation": [-7.47178, 0.65182, 4.95744],
							"uv": {
								"north": {"uv": [72, 8], "uv_size": [1, 2]},
								"east": {"uv": [9, 72], "uv_size": [1, 2]},
								"south": {"uv": [10, 72], "uv_size": [1, 2]},
								"west": {"uv": [72, 10], "uv_size": [1, 2]},
								"up": {"uv": [20, 73], "uv_size": [1, 1]},
								"down": {"uv": [73, 21], "uv_size": [1, -1]}
							}
						},
						{
							"origin": [2, 33.33127, 8.92525],
							"size": [1, 3, 1],
							"pivot": [5.5, 20.13127, 4.55025],
							"rotation": [9.91615, 1.29876, -7.38733],
							"uv": {
								"north": {"uv": [66, 70], "uv_size": [1, 3]},
								"east": {"uv": [70, 66], "uv_size": [1, 3]},
								"south": {"uv": [70, 69], "uv_size": [1, 3]},
								"west": {"uv": [71, 0], "uv_size": [1, 3]},
								"up": {"uv": [21, 73], "uv_size": [1, 1]},
								"down": {"uv": [73, 22], "uv_size": [1, -1]}
							}
						},
						{
							"origin": [-0.25, 34.50864, 6.64532],
							"size": [1, 6, 1],
							"uv": {
								"north": {"uv": [65, 40], "uv_size": [1, 6]},
								"east": {"uv": [49, 65], "uv_size": [1, 6]},
								"south": {"uv": [50, 65], "uv_size": [1, 6]},
								"west": {"uv": [51, 65], "uv_size": [1, 6]},
								"up": {"uv": [22, 73], "uv_size": [1, 1]},
								"down": {"uv": [73, 23], "uv_size": [1, -1]}
							}
						},
						{
							"origin": [0.25, 34.25864, 6.14532],
							"size": [1, 6, 1],
							"uv": {
								"north": {"uv": [52, 65], "uv_size": [1, 6]},
								"east": {"uv": [56, 65], "uv_size": [1, 6]},
								"south": {"uv": [57, 65], "uv_size": [1, 6]},
								"west": {"uv": [58, 65], "uv_size": [1, 6]},
								"up": {"uv": [24, 73], "uv_size": [1, 1]},
								"down": {"uv": [25, 74], "uv_size": [1, -1]}
							}
						},
						{
							"origin": [-1, 34.00864, 6.39532],
							"size": [1, 6, 1],
							"uv": {
								"north": {"uv": [64, 65], "uv_size": [1, 6]},
								"east": {"uv": [65, 65], "uv_size": [1, 6]},
								"south": {"uv": [66, 10], "uv_size": [1, 6]},
								"west": {"uv": [66, 40], "uv_size": [1, 6]},
								"up": {"uv": [73, 25], "uv_size": [1, 1]},
								"down": {"uv": [26, 74], "uv_size": [1, -1]}
							}
						},
						{
							"origin": [-0.4, 34.00864, 5.64532],
							"size": [1, 6, 1],
							"uv": {
								"north": {"uv": [46, 66], "uv_size": [1, 6]},
								"east": {"uv": [47, 66], "uv_size": [1, 6]},
								"south": {"uv": [48, 66], "uv_size": [1, 6]},
								"west": {"uv": [53, 66], "uv_size": [1, 6]},
								"up": {"uv": [73, 26], "uv_size": [1, 1]},
								"down": {"uv": [27, 74], "uv_size": [1, -1]}
							}
						},
						{
							"origin": [-0.5, 40.00864, 5.64532],
							"size": [1, 1, 1],
							"uv": {
								"north": {"uv": [73, 27], "uv_size": [1, 1]},
								"east": {"uv": [28, 73], "uv_size": [1, 1]},
								"south": {"uv": [29, 73], "uv_size": [1, 1]},
								"west": {"uv": [30, 73], "uv_size": [1, 1]},
								"up": {"uv": [73, 30], "uv_size": [1, 1]},
								"down": {"uv": [31, 74], "uv_size": [1, -1]}
							}
						}
					]
				},
				{
					"name": "Face",
					"parent": "Head",
					"pivot": [-1.05, 16.05, -4.5]
				},
				{
					"name": "Eyes",
					"parent": "Face",
					"pivot": [-1.05, 16.05, -4.5]
				},
				{
					"name": "Eyebrow",
					"parent": "Eyes",
					"pivot": [0, 36, -3]
				},
				{
					"name": "RightEyebrow",
					"parent": "Eyebrow",
					"pivot": [-2.875, 35.85, -3.2],
					"cubes": [
						{
							"origin": [-3.675, 35.85, -3.7],
							"size": [2.3, 1, 1],
							"uv": {
								"north": {"uv": [48, 5], "uv_size": [2, 1]},
								"east": {"uv": [70, 7], "uv_size": [1, 1]},
								"south": {"uv": [37, 60], "uv_size": [2, 1]},
								"west": {"uv": [70, 15], "uv_size": [1, 1]},
								"up": {"uv": [70, 32], "uv_size": [2, 1]},
								"down": {"uv": [70, 34], "uv_size": [2, -1]}
							}
						},
						{
							"origin": [-4.45, 35.575, -3.95],
							"size": [1.1, 1, 1],
							"uv": {
								"north": {"uv": [42, 72], "uv_size": [1, 1]},
								"east": {"uv": [43, 72], "uv_size": [1, 1]},
								"south": {"uv": [72, 43], "uv_size": [1, 1]},
								"west": {"uv": [72, 44], "uv_size": [1, 1]},
								"up": {"uv": [72, 45], "uv_size": [1, 1]},
								"down": {"uv": [46, 73], "uv_size": [1, -1]}
							}
						}
					]
				},
				{
					"name": "LeftEyebrow",
					"parent": "Eyebrow",
					"pivot": [2.875, 35.85, -3.2],
					"cubes": [
						{
							"origin": [1.375, 35.85, -3.7],
							"size": [2.3, 1, 1],
							"uv": {
								"north": {"uv": [70, 36], "uv_size": [2, 1]},
								"east": {"uv": [72, 46], "uv_size": [1, 1]},
								"south": {"uv": [70, 49], "uv_size": [2, 1]},
								"west": {"uv": [47, 72], "uv_size": [1, 1]},
								"up": {"uv": [71, 19], "uv_size": [2, 1]},
								"down": {"uv": [71, 21], "uv_size": [2, -1]}
							}
						},
						{
							"origin": [3.35, 35.575, -3.875],
							"size": [1.1, 1, 1],
							"uv": {
								"north": {"uv": [72, 47], "uv_size": [1, 1]},
								"east": {"uv": [48, 72], "uv_size": [1, 1]},
								"south": {"uv": [72, 48], "uv_size": [1, 1]},
								"west": {"uv": [72, 49], "uv_size": [1, 1]},
								"up": {"uv": [72, 50], "uv_size": [1, 1]},
								"down": {"uv": [72, 52], "uv_size": [1, -1]}
							}
						}
					]
				},
				{
					"name": "Eyelid",
					"parent": "Eyes",
					"pivot": [0, 35.05, -3.075]
				},
				{
					"name": "RightEyelid",
					"parent": "Eyelid",
					"pivot": [-2.325, 34.05, -3.075],
					"cubes": [
						{
							"origin": [-3.5, 34.05, -3.525],
							"size": [2, 2, 1],
							"uv": {
								"north": {"uv": [14, 19], "uv_size": [2, 2]},
								"east": {"uv": [71, 21], "uv_size": [1, 2]},
								"south": {"uv": [12, 26], "uv_size": [2, 2]},
								"west": {"uv": [71, 23], "uv_size": [1, 2]},
								"up": {"uv": [71, 26], "uv_size": [2, 1]},
								"down": {"uv": [71, 28], "uv_size": [2, -1]}
							}
						}
					]
				},
				{
					"name": "RightEyesBase",
					"parent": "RightEyelid",
					"pivot": [-1.8, 35.55, -3.1],
					"cubes": [
						{
							"origin": [-3.025, 34.05, -3.575],
							"size": [1.4, 2, 1],
							"uv": {
								"north": {"uv": [26, 71], "uv_size": [1, 2]},
								"east": {"uv": [71, 28], "uv_size": [1, 2]},
								"south": {"uv": [30, 71], "uv_size": [1, 2]},
								"west": {"uv": [31, 71], "uv_size": [1, 2]},
								"up": {"uv": [72, 52], "uv_size": [1, 1]},
								"down": {"uv": [53, 73], "uv_size": [1, -1]}
							}
						},
						{
							"origin": [-1.95, 34.4, -3.6],
							"size": [0.4, 0.3, 1],
							"uv": {
								"north": {"uv": [72, 53], "uv_size": [1, 1]},
								"east": {"uv": [54, 72], "uv_size": [1, 1]},
								"south": {"uv": [72, 54], "uv_size": [1, 1]},
								"west": {"uv": [55, 72], "uv_size": [1, 1]},
								"up": {"uv": [72, 55], "uv_size": [1, 1]},
								"down": {"uv": [72, 57], "uv_size": [1, -1]}
							}
						}
					]
				},
				{
					"name": "RightPupil",
					"parent": "RightEyesBase",
					"pivot": [-1.625, 16.55, -3.625],
					"cubes": [
						{
							"origin": [-2.625, 34.55, -3.625],
							"size": [0.6, 1, 1],
							"uv": {
								"north": {"uv": [72, 57], "uv_size": [1, 1]},
								"east": {"uv": [72, 58], "uv_size": [1, 1]},
								"south": {"uv": [59, 72], "uv_size": [1, 1]},
								"west": {"uv": [72, 59], "uv_size": [1, 1]},
								"up": {"uv": [60, 72], "uv_size": [1, 1]},
								"down": {"uv": [72, 61], "uv_size": [1, -1]}
							}
						}
					]
				},
				{
					"name": "LeftEyelid",
					"parent": "Eyelid",
					"pivot": [2.325, 34.05, -3.075],
					"cubes": [
						{
							"origin": [1.5, 34.05, -3.525],
							"size": [2, 2, 1],
							"uv": {
								"north": {"uv": [67, 9], "uv_size": [2, 2]},
								"east": {"uv": [32, 71], "uv_size": [1, 2]},
								"south": {"uv": [67, 11], "uv_size": [2, 2]},
								"west": {"uv": [33, 71], "uv_size": [1, 2]},
								"up": {"uv": [71, 30], "uv_size": [2, 1]},
								"down": {"uv": [34, 72], "uv_size": [2, -1]}
							}
						}
					]
				},
				{
					"name": "LeftEyesBase",
					"parent": "LeftEyelid",
					"pivot": [2.825, 35.55, -3.1],
					"cubes": [
						{
							"origin": [2.675, 34.4, -3.6],
							"size": [0.4, 0.3, 1],
							"uv": {
								"north": {"uv": [61, 72], "uv_size": [1, 1]},
								"east": {"uv": [72, 61], "uv_size": [1, 1]},
								"south": {"uv": [62, 72], "uv_size": [1, 1]},
								"west": {"uv": [72, 62], "uv_size": [1, 1]},
								"up": {"uv": [72, 63], "uv_size": [1, 1]},
								"down": {"uv": [72, 65], "uv_size": [1, -1]}
							}
						},
						{
							"origin": [1.625, 34.05, -3.575],
							"size": [1.4, 2, 1],
							"uv": {
								"north": {"uv": [36, 71], "uv_size": [1, 2]},
								"east": {"uv": [71, 37], "uv_size": [1, 2]},
								"south": {"uv": [39, 71], "uv_size": [1, 2]},
								"west": {"uv": [71, 39], "uv_size": [1, 2]},
								"up": {"uv": [72, 65], "uv_size": [1, 1]},
								"down": {"uv": [72, 67], "uv_size": [1, -1]}
							}
						}
					]
				},
				{
					"name": "LeftPupil",
					"parent": "LeftEyesBase",
					"pivot": [1.625, 16.55, -3.625],
					"cubes": [
						{
							"origin": [2.025, 34.55, -3.625],
							"size": [0.6, 1, 1],
							"uv": {
								"north": {"uv": [72, 67], "uv_size": [1, 1]},
								"east": {"uv": [72, 68], "uv_size": [1, 1]},
								"south": {"uv": [69, 72], "uv_size": [1, 1]},
								"west": {"uv": [72, 69], "uv_size": [1, 1]},
								"up": {"uv": [70, 72], "uv_size": [1, 1]},
								"down": {"uv": [72, 71], "uv_size": [1, -1]}
							}
						}
					]
				},
				{
					"name": "Breast",
					"parent": "UpperBody",
					"pivot": [-0.0125, 28.99747, -2.20834],
					"rotation": [-30, 0, 0],
					"cubes": [
						{
							"origin": [-3.55, 27.49747, -3.20834],
							"size": [3.075, 3, 3],
							"pivot": [0, 0.25, -0.05],
							"rotation": [0, 5, 0],
							"uv": {
								"north": {"uv": [60, 13], "uv_size": [3, 3]},
								"east": {"uv": [60, 16], "uv_size": [3, 3]},
								"south": {"uv": [60, 19], "uv_size": [3, 3]},
								"west": {"uv": [60, 22], "uv_size": [3, 3]},
								"up": {"uv": [60, 25], "uv_size": [3, 3]},
								"down": {"uv": [31, 63], "uv_size": [3, -3]}
							}
						},
						{
							"origin": [-1.5, 27.63205, -3.025],
							"size": [3, 6, 3.05],
							"uv": {
								"north": {"uv": [3, 52], "uv_size": [3, 6]},
								"east": {"uv": [6, 52], "uv_size": [3, 6]},
								"south": {"uv": [9, 52], "uv_size": [3, 6]},
								"west": {"uv": [52, 28], "uv_size": [3, 6]},
								"up": {"uv": [63, 13], "uv_size": [3, 3]},
								"down": {"uv": [63, 19], "uv_size": [3, -3]}
							}
						},
						{
							"origin": [0.45, 27.49747, -3.20834],
							"size": [3.075, 3, 3],
							"pivot": [0, 0.25, -0.05],
							"rotation": [0, -5, 0],
							"uv": {
								"north": {"uv": [15, 62], "uv_size": [3, 3]},
								"east": {"uv": [18, 62], "uv_size": [3, 3]},
								"south": {"uv": [21, 62], "uv_size": [3, 3]},
								"west": {"uv": [24, 62], "uv_size": [3, 3]},
								"up": {"uv": [56, 62], "uv_size": [3, 3]},
								"down": {"uv": [63, 13], "uv_size": [3, -3]}
							}
						}
					]
				},
				{
					"name": "Arm",
					"parent": "UpperBody",
					"pivot": [-0.2, 31.275, 0]
				},
				{
					"name": "LeftArm",
					"parent": "Arm",
					"pivot": [3.4, 31.025, 0],
					"rotation": [0, 0, -18],
					"cubes": [
						{
							"origin": [2.45, 24.9, -1.7],
							"size": [3.25, 7.3, 3.4],
							"uv": {
								"north": {"uv": [33, 12], "uv_size": [3, 7]},
								"east": {"uv": [41, 44], "uv_size": [3, 7]},
								"south": {"uv": [44, 44], "uv_size": [3, 7]},
								"west": {"uv": [0, 45], "uv_size": [3, 7]},
								"up": {"uv": [34, 60], "uv_size": [3, 3]},
								"down": {"uv": [60, 40], "uv_size": [3, -3]}
							}
						},
						{
							"origin": [2.6, 25.075, -1.5],
							"size": [3.05, 7, 3],
							"uv": {
								"north": {"uv": [3, 45], "uv_size": [3, 7]},
								"east": {"uv": [6, 45], "uv_size": [3, 7]},
								"south": {"uv": [9, 45], "uv_size": [3, 7]},
								"west": {"uv": [12, 46], "uv_size": [3, 7]},
								"up": {"uv": [50, 60], "uv_size": [3, 3]},
								"down": {"uv": [0, 64], "uv_size": [3, -3]}
							}
						},
						{
							"origin": [2.9, 24.175, -1.1],
							"size": [2.55, 2, 2.2],
							"uv": {
								"north": {"uv": [64, 34], "uv_size": [3, 2]},
								"east": {"uv": [12, 67], "uv_size": [2, 2]},
								"south": {"uv": [46, 64], "uv_size": [3, 2]},
								"west": {"uv": [67, 13], "uv_size": [2, 2]},
								"up": {"uv": [64, 47], "uv_size": [3, 2]},
								"down": {"uv": [64, 51], "uv_size": [3, -2]}
							}
						},
						{
							"origin": [2.8, 24.125, -1.125],
							"size": [2.7, 2.05, 2.3],
							"uv": {
								"north": {"uv": [64, 51], "uv_size": [3, 2]},
								"east": {"uv": [14, 67], "uv_size": [2, 2]},
								"south": {"uv": [53, 64], "uv_size": [3, 2]},
								"west": {"uv": [16, 67], "uv_size": [2, 2]},
								"up": {"uv": [64, 53], "uv_size": [3, 2]},
								"down": {"uv": [64, 57], "uv_size": [3, -2]}
							}
						}
					]
				},
				{
					"name": "LeftForeArm",
					"parent": "LeftArm",
					"pivot": [4.125, 25.075, 0.025],
					"cubes": [
						{
							"origin": [2.625, 18.075, -1.475],
							"size": [3, 7, 3],
							"uv": {
								"north": {"uv": [15, 46], "uv_size": [3, 7]},
								"east": {"uv": [18, 46], "uv_size": [3, 7]},
								"south": {"uv": [21, 46], "uv_size": [3, 7]},
								"west": {"uv": [33, 46], "uv_size": [3, 7]},
								"up": {"uv": [61, 0], "uv_size": [3, 3]},
								"down": {"uv": [3, 64], "uv_size": [3, -3]}
							}
						},
						{
							"origin": [2.525, 20.375, -1.575],
							"size": [3.2, 5, 3.2],
							"uv": {
								"north": {"uv": [50, 55], "uv_size": [3, 5]},
								"east": {"uv": [57, 4], "uv_size": [3, 5]},
								"south": {"uv": [57, 9], "uv_size": [3, 5]},
								"west": {"uv": [12, 57], "uv_size": [3, 5]},
								"up": {"uv": [6, 61], "uv_size": [3, 3]},
								"down": {"uv": [9, 64], "uv_size": [3, -3]}
							}
						}
					]
				},
				{
					"name": "LeftHand",
					"parent": "LeftForeArm",
					"pivot": [4.125, 19.575, 0.025]
				},
				{
					"name": "LeftHandLocator",
					"parent": "LeftHand",
					"pivot": [4.125, 19.575, 0.025]
				},
				{
					"name": "RightArm",
					"parent": "Arm",
					"pivot": [-3.4, 31.025, 0],
					"rotation": [0, 0, 18],
					"cubes": [
						{
							"origin": [-5.65, 25.075, -1.5],
							"size": [3.05, 7, 3],
							"uv": {
								"north": {"uv": [36, 46], "uv_size": [3, 7]},
								"east": {"uv": [47, 6], "uv_size": [3, 7]},
								"south": {"uv": [47, 13], "uv_size": [3, 7]},
								"west": {"uv": [47, 36], "uv_size": [3, 7]},
								"up": {"uv": [28, 61], "uv_size": [3, 3]},
								"down": {"uv": [61, 37], "uv_size": [3, -3]}
							}
						},
						{
							"origin": [-5.7, 24.9, -1.7],
							"size": [3.25, 7.3, 3.4],
							"uv": {
								"north": {"uv": [47, 43], "uv_size": [3, 7]},
								"east": {"uv": [49, 28], "uv_size": [3, 7]},
								"south": {"uv": [50, 0], "uv_size": [3, 7]},
								"west": {"uv": [50, 7], "uv_size": [3, 7]},
								"up": {"uv": [37, 61], "uv_size": [3, 3]},
								"down": {"uv": [40, 64], "uv_size": [3, -3]}
							}
						},
						{
							"origin": [-5.45, 24.175, -1.1],
							"size": [2.55, 2, 2.2],
							"uv": {
								"north": {"uv": [64, 57], "uv_size": [3, 2]},
								"east": {"uv": [18, 67], "uv_size": [2, 2]},
								"south": {"uv": [64, 59], "uv_size": [3, 2]},
								"west": {"uv": [20, 67], "uv_size": [2, 2]},
								"up": {"uv": [61, 64], "uv_size": [3, 2]},
								"down": {"uv": [64, 63], "uv_size": [3, -2]}
							}
						},
						{
							"origin": [-5.5, 24.125, -1.125],
							"size": [2.7, 2.05, 2.3],
							"uv": {
								"north": {"uv": [64, 63], "uv_size": [3, 2]},
								"east": {"uv": [22, 67], "uv_size": [2, 2]},
								"south": {"uv": [0, 65], "uv_size": [3, 2]},
								"west": {"uv": [24, 67], "uv_size": [2, 2]},
								"up": {"uv": [3, 65], "uv_size": [3, 2]},
								"down": {"uv": [12, 67], "uv_size": [3, -2]}
							}
						}
					]
				},
				{
					"name": "RightForeArm",
					"parent": "RightArm",
					"pivot": [-4.125, 25.075, 0.025],
					"cubes": [
						{
							"origin": [-5.725, 20.375, -1.575],
							"size": [3.2, 5, 3.2],
							"uv": {
								"north": {"uv": [57, 14], "uv_size": [3, 5]},
								"east": {"uv": [15, 57], "uv_size": [3, 5]},
								"south": {"uv": [18, 57], "uv_size": [3, 5]},
								"west": {"uv": [57, 19], "uv_size": [3, 5]},
								"up": {"uv": [61, 40], "uv_size": [3, 3]},
								"down": {"uv": [43, 64], "uv_size": [3, -3]}
							}
						},
						{
							"origin": [-5.625, 18.075, -1.475],
							"size": [3, 7, 3],
							"uv": {
								"north": {"uv": [50, 14], "uv_size": [3, 7]},
								"east": {"uv": [50, 21], "uv_size": [3, 7]},
								"south": {"uv": [24, 50], "uv_size": [3, 7]},
								"west": {"uv": [27, 50], "uv_size": [3, 7]},
								"up": {"uv": [61, 43], "uv_size": [3, 3]},
								"down": {"uv": [46, 64], "uv_size": [3, -3]}
							}
						}
					]
				},
				{
					"name": "RightHand",
					"parent": "RightForeArm",
					"pivot": [-4.125, 19.575, 0.025]
				},
				{
					"name": "RightHandLocator",
					"parent": "RightHand",
					"pivot": [-4.125, 19.575, 0.025]
				},
				{
					"name": "Collar",
					"parent": "UpperBody",
					"pivot": [0, 30.925, -0.025],
					"rotation": [-15, 0, 0]
				},
				{
					"name": "ElytraLocator",
					"parent": "UpperBody",
					"pivot": [0, 31.65, 2]
				},
				{
					"name": "RifleLocator",
					"parent": "UpperBody",
					"pivot": [0, 25.15, 2.3],
					"rotation": [0, 0, 45]
				},
				{
					"name": "PistolLocator",
					"parent": "UpBody",
					"pivot": [-4, 24.75, -1.6],
					"rotation": [-30, 0, 0]
				},
				{
					"name": "LeftWaistLocator",
					"parent": "UpBody",
					"pivot": [4, 23, 0],
					"rotation": [-20, 0, 0]
				},
				{
					"name": "RightWaistLocator",
					"parent": "UpBody",
					"pivot": [-4, 23, 0],
					"rotation": [-5, 0, 0]
				},
				{
					"name": "DownBody",
					"parent": "AllBody",
					"pivot": [0, 20.65, 0]
				},
				{
					"name": "Leg",
					"parent": "DownBody",
					"pivot": [0, 21.15, 0]
				},
				{
					"name": "LeftLeg",
					"parent": "Leg",
					"pivot": [2.4, 21.15, 0],
					"cubes": [
						{
							"origin": [0.375, 11.65, -2],
							"size": [3.65, 9, 4],
							"uv": {
								"north": {"uv": [17, 28], "uv_size": [4, 10]},
								"east": {"uv": [28, 20], "uv_size": [4, 10]},
								"south": {"uv": [21, 28], "uv_size": [4, 10]},
								"west": {"uv": [25, 30], "uv_size": [4, 10]},
								"up": {"uv": [53, 4], "uv_size": [4, 4]},
								"down": {"uv": [53, 12], "uv_size": [4, -4]}
							}
						}
					]
				},
				{
					"name": "LeftLowerLeg",
					"parent": "LeftLeg",
					"pivot": [2.2, 11.7, 0],
					"cubes": [
						{
							"origin": [0.5, 2, -1.9],
							"size": [3.4, 10, 4],
							"uv": {
								"north": {"uv": [40, 8], "uv_size": [3, 10]},
								"east": {"uv": [29, 30], "uv_size": [4, 10]},
								"south": {"uv": [24, 40], "uv_size": [3, 10]},
								"west": {"uv": [4, 31], "uv_size": [4, 10]},
								"up": {"uv": [57, 37], "uv_size": [3, 4]},
								"down": {"uv": [39, 61], "uv_size": [3, -4]}
							}
						}
					]
				},
				{
					"name": "LeftFoot",
					"parent": "LeftLowerLeg",
					"pivot": [2.1875, 2.5, 0.1375],
					"cubes": [
						{
							"origin": [0.25, 0, -2.1],
							"size": [3.875, 4, 4.375],
							"uv": {
								"north": {"uv": [12, 53], "uv_size": [4, 4]},
								"east": {"uv": [53, 12], "uv_size": [4, 4]},
								"south": {"uv": [16, 53], "uv_size": [4, 4]},
								"west": {"uv": [53, 16], "uv_size": [4, 4]},
								"up": {"uv": [20, 53], "uv_size": [4, 4]},
								"down": {"uv": [53, 24], "uv_size": [4, -4]}
							}
						},
						{
							"origin": [0.35, 0, -4.4],
							"size": [3.675, 3, 3],
							"uv": {
								"north": {"uv": [57, 41], "uv_size": [4, 3]},
								"east": {"uv": [61, 46], "uv_size": [3, 3]},
								"south": {"uv": [57, 44], "uv_size": [4, 3]},
								"west": {"uv": [61, 49], "uv_size": [3, 3]},
								"up": {"uv": [57, 47], "uv_size": [4, 3]},
								"down": {"uv": [57, 53], "uv_size": [4, -3]}
							}
						},
						{
							"origin": [0.95, 2.575, -3.2],
							"size": [2.675, 1, 2],
							"pivot": [2.6875, 2.5, -2.9],
							"rotation": [22.5, 0, 0],
							"uv": {
								"north": {"uv": [69, 31], "uv_size": [3, 1]},
								"east": {"uv": [40, 71], "uv_size": [2, 1]},
								"south": {"uv": [69, 34], "uv_size": [3, 1]},
								"west": {"uv": [71, 41], "uv_size": [2, 1]},
								"up": {"uv": [15, 65], "uv_size": [3, 2]},
								"down": {"uv": [18, 67], "uv_size": [3, -2]}
							}
						}
					]
				},
				{
					"name": "RightLeg",
					"parent": "Leg",
					"pivot": [-2.4, 21.15, 0],
					"cubes": [
						{
							"origin": [-4.025, 11.65, -2],
							"size": [3.65, 9, 4],
							"uv": {
								"north": {"uv": [8, 31], "uv_size": [4, 10]},
								"east": {"uv": [32, 20], "uv_size": [4, 10]},
								"south": {"uv": [33, 30], "uv_size": [4, 10]},
								"west": {"uv": [36, 0], "uv_size": [4, 10]},
								"up": {"uv": [53, 24], "uv_size": [4, 4]},
								"down": {"uv": [33, 57], "uv_size": [4, -4]}
							}
						}
					]
				},
				{
					"name": "RightLowerLeg",
					"parent": "RightLeg",
					"pivot": [-2.2, 11.7, 0],
					"cubes": [
						{
							"origin": [-3.9, 2, -1.9],
							"size": [3.4, 10, 4],
							"uv": {
								"north": {"uv": [27, 40], "uv_size": [3, 10]},
								"east": {"uv": [36, 10], "uv_size": [4, 10]},
								"south": {"uv": [30, 40], "uv_size": [3, 10]},
								"west": {"uv": [12, 36], "uv_size": [4, 10]},
								"up": {"uv": [42, 57], "uv_size": [3, 4]},
								"down": {"uv": [47, 61], "uv_size": [3, -4]}
							}
						}
					]
				},
				{
					"name": "RightFoot",
					"parent": "RightLowerLeg",
					"pivot": [-2.1875, 2.5, -0.1375],
					"cubes": [
						{
							"origin": [-4.125, 0, -2.1],
							"size": [3.875, 4, 4.375],
							"uv": {
								"north": {"uv": [53, 34], "uv_size": [4, 4]},
								"east": {"uv": [53, 38], "uv_size": [4, 4]},
								"south": {"uv": [53, 42], "uv_size": [4, 4]},
								"west": {"uv": [53, 46], "uv_size": [4, 4]},
								"up": {"uv": [53, 50], "uv_size": [4, 4]},
								"down": {"uv": [53, 58], "uv_size": [4, -4]}
							}
						},
						{
							"origin": [-4.025, 0, -4.4],
							"size": [3.675, 3, 3],
							"uv": {
								"north": {"uv": [57, 53], "uv_size": [4, 3]},
								"east": {"uv": [61, 52], "uv_size": [3, 3]},
								"south": {"uv": [57, 56], "uv_size": [4, 3]},
								"west": {"uv": [53, 61], "uv_size": [3, 3]},
								"up": {"uv": [0, 58], "uv_size": [4, 3]},
								"down": {"uv": [4, 61], "uv_size": [4, -3]}
							}
						},
						{
							"origin": [-3.625, 2.575, -3.2],
							"size": [2.675, 1, 2],
							"pivot": [-2.6875, 2.5, -2.9],
							"rotation": [22.5, 0, 0],
							"uv": {
								"north": {"uv": [69, 35], "uv_size": [3, 1]},
								"east": {"uv": [42, 71], "uv_size": [2, 1]},
								"south": {"uv": [69, 50], "uv_size": [3, 1]},
								"west": {"uv": [71, 42], "uv_size": [2, 1]},
								"up": {"uv": [21, 65], "uv_size": [3, 2]},
								"down": {"uv": [65, 24], "uv_size": [3, -2]}
							}
						}
					]
				},
				{
					"name": "ElytraMolang",
					"parent": "Root",
					"pivot": [0, -0.35, 0]
				},
				{
					"name": "molang",
					"parent": "Root",
					"pivot": [0, -0.35, 0]
				}
			]
		}
	]
}