{
	"format_version": "1.8.0",
	"animations": {
		"use_mainhand:eat": {
			"loop": true,
			"animation_length": 1.625,
			"bones": {
				"RightArm": {
					"rotation": {
						"0.0": {
							"post": [-54.85353, -19.60638, 29.49793],
							"lerp_mode": "catmullrom"
						},
						"0.0833": {
							"post": [-69.49209, -23.22687, 42.30477],
							"lerp_mode": "catmullrom"
						},
						"0.25": {
							"post": [-69.49209, -23.22687, 42.30477],
							"lerp_mode": "catmullrom"
						},
						"0.375": {
							"post": [-31.64215, -24.29567, 26.92865],
							"lerp_mode": "catmullrom"
						},
						"0.7083": {
							"post": [-26.53514, -23.22975, 18.15761],
							"lerp_mode": "catmullrom"
						},
						"1.0833": {
							"post": [-28.13104, -22.85842, 17.72356],
							"lerp_mode": "catmullrom"
						},
						"1.4167": {
							"post": [-31.16089, -19.53754, 18.0462],
							"lerp_mode": "catmullrom"
						},
						"1.5833": {
							"post": [-48.53985, -13.69097, 27.98871],
							"lerp_mode": "catmullrom"
						},
						"1.625": {
							"post": [-54.85353, -19.60638, 29.49793],
							"lerp_mode": "catmullrom"
						}
					}
				},
				"RightForeArm": {
					"rotation": {
						"0.0": {
							"post": [-110, 0, 0],
							"lerp_mode": "catmullrom"
						},
						"0.0833": {
							"post": [-117.5, 0, 0],
							"lerp_mode": "catmullrom"
						},
						"0.25": {
							"post": [-117.5, 0, 0],
							"lerp_mode": "catmullrom"
						},
						"0.2917": {
							"post": [-123.61, 0, 0],
							"lerp_mode": "catmullrom"
						},
						"0.375": {
							"post": [-115, 0, 0],
							"lerp_mode": "catmullrom"
						},
						"0.7083": {
							"post": [-110.01, 0, 0],
							"lerp_mode": "catmullrom"
						},
						"1.0833": {
							"post": [-106.89, 0, 0],
							"lerp_mode": "catmullrom"
						},
						"1.4167": {
							"post": [-109.25, 0, 0],
							"lerp_mode": "catmullrom"
						},
						"1.5833": {
							"post": [-86.6, 0, 0],
							"lerp_mode": "catmullrom"
						},
						"1.625": {
							"post": [-110, 0, 0],
							"lerp_mode": "catmullrom"
						}
					}
				},
				"Head": {
					"rotation": {
						"0.0": {
							"post": [-7.5, 0, 0],
							"lerp_mode": "catmullrom"
						},
						"0.125": {
							"post": [5, 0, 0],
							"lerp_mode": "catmullrom"
						},
						"0.375": {
							"post": [3.75, 0, 0],
							"lerp_mode": "catmullrom"
						},
						"0.5833": {
							"post": [5, 0, 0],
							"lerp_mode": "catmullrom"
						},
						"0.7917": {
							"post": [3.75, 0, 0],
							"lerp_mode": "catmullrom"
						},
						"1.0": {
							"post": [5, 0, 0],
							"lerp_mode": "catmullrom"
						},
						"1.25": {
							"post": [3.75, 0, 0],
							"lerp_mode": "catmullrom"
						},
						"1.4167": {
							"post": [5, 0, 0],
							"lerp_mode": "catmullrom"
						},
						"1.625": {
							"post": [-7.5, 0, 0],
							"lerp_mode": "catmullrom"
						}
					}
				},
				"RightHandLocator": {
					"position": [0, -1, 0]
				}
			}
		},
		"use_offhand:eat": {
			"loop": true,
			"animation_length": 1.625,
			"bones": {
				"LeftArm": {
					"rotation": {
						"0.0": {
							"post": [-54.85353, 19.60638, -29.49793],
							"lerp_mode": "catmullrom"
						},
						"0.125": {
							"post": [-69.49209, 23.22687, -42.30477],
							"lerp_mode": "catmullrom"
						},
						"0.2083": {
							"post": [-69.49209, 23.22687, -42.30477],
							"lerp_mode": "catmullrom"
						},
						"0.375": {
							"post": [-31.64215, 24.29567, -26.92865],
							"lerp_mode": "catmullrom"
						},
						"0.7083": {
							"post": [-26.53514, 23.22975, -18.15761],
							"lerp_mode": "catmullrom"
						},
						"1.0833": {
							"post": [-28.13104, 22.85842, -17.72356],
							"lerp_mode": "catmullrom"
						},
						"1.4583": {
							"post": [-31.16089, 19.53754, -18.0462],
							"lerp_mode": "catmullrom"
						},
						"1.5417": {
							"post": [-48.53985, 13.69097, -27.98871],
							"lerp_mode": "catmullrom"
						},
						"1.5833": {
							"post": [-54.85353, 19.60638, -29.49793],
							"lerp_mode": "catmullrom"
						}
					}
				},
				"LeftForeArm": {
					"rotation": {
						"0.0": {
							"post": [-110, 0, 0],
							"lerp_mode": "catmullrom"
						},
						"0.125": {
							"post": [-117.5, 0, 0],
							"lerp_mode": "catmullrom"
						},
						"0.2083": {
							"post": [-117.5, 0, 0],
							"lerp_mode": "catmullrom"
						},
						"0.25": {
							"post": [-123.61, 0, 0],
							"lerp_mode": "catmullrom"
						},
						"0.375": {
							"post": [-115, 0, 0],
							"lerp_mode": "catmullrom"
						},
						"0.7083": {
							"post": [-110.01, 0, 0],
							"lerp_mode": "catmullrom"
						},
						"1.0833": {
							"post": [-106.89, 0, 0],
							"lerp_mode": "catmullrom"
						},
						"1.4583": {
							"post": [-109.25, 0, 0],
							"lerp_mode": "catmullrom"
						},
						"1.5417": {
							"post": [-86.6, 0, 0],
							"lerp_mode": "catmullrom"
						},
						"1.5833": {
							"post": [-110, 0, 0],
							"lerp_mode": "catmullrom"
						}
					}
				},
				"Head": {
					"rotation": {
						"0.0": {
							"post": [-7.5, 0, 0],
							"lerp_mode": "catmullrom"
						},
						"0.1667": {
							"post": [5, 0, 0],
							"lerp_mode": "catmullrom"
						},
						"0.375": {
							"post": [3.75, 0, 0],
							"lerp_mode": "catmullrom"
						},
						"0.5833": {
							"post": [5, 0, 0],
							"lerp_mode": "catmullrom"
						},
						"0.7917": {
							"post": [3.75, 0, 0],
							"lerp_mode": "catmullrom"
						},
						"1.0": {
							"post": [5, 0, 0],
							"lerp_mode": "catmullrom"
						},
						"1.2083": {
							"post": [3.75, 0, 0],
							"lerp_mode": "catmullrom"
						},
						"1.4583": {
							"post": [5, 0, 0],
							"lerp_mode": "catmullrom"
						},
						"1.5833": {
							"post": [-7.5, 0, 0],
							"lerp_mode": "catmullrom"
						}
					}
				},
				"LeftHandLocator": {
					"position": [0, -1, 0]
				}
			}
		},
		"use_mainhand:drink": {
			"loop": true,
			"animation_length": 1.58333,
			"bones": {
				"UpBody": {
					"rotation": {
						"0.0": {
							"post": [0, 0, 0],
							"lerp_mode": "catmullrom"
						},
						"0.1667": {
							"post": [-5, 0, 0],
							"lerp_mode": "catmullrom"
						},
						"0.2917": {
							"post": [-4.25, 0, 0],
							"lerp_mode": "catmullrom"
						},
						"0.4583": {
							"post": [-7.5, 0, 0],
							"lerp_mode": "catmullrom"
						},
						"0.625": {
							"post": [-6.75, 0, 0],
							"lerp_mode": "catmullrom"
						},
						"0.7917": {
							"post": [-10, 0, 0],
							"lerp_mode": "catmullrom"
						},
						"1.0833": {
							"post": [-11.75, 0, 0],
							"lerp_mode": "catmullrom"
						},
						"1.25": {
							"post": [-10, 0, 0],
							"lerp_mode": "catmullrom"
						},
						"1.4167": {
							"post": [0, 0, 0],
							"lerp_mode": "catmullrom"
						},
						"1.5833": {
							"post": [0, 0, 0],
							"lerp_mode": "catmullrom"
						}
					}
				},
				"RightArm": {
					"rotation": {
						"0.0": {
							"post": [-10.84904, -14.57421, 9.75071],
							"lerp_mode": "catmullrom"
						},
						"0.0417": [-15.34656, -14.65923, 10.38631],
						"0.0833": [-29.94761, -14.94196, 12.47332],
						"0.125": [-56.0792, -15.45162, 16.21905],
						"0.1667": [-84.8081, -15.93452, 20.02081],
						"0.2083": [-85.52971, -15.93452, 20.02081],
						"0.25": [-86.08648, -15.93452, 20.02081],
						"0.2917": [-86.8081, -15.93452, 20.02081],
						"0.3333": [-86.68618, -15.93452, 20.02081],
						"0.4167": [-85.68002, -15.93452, 20.02081],
						"0.4583": [-85.5581, -15.93452, 20.02081],
						"0.5": [-85.54621, -15.93452, 20.02081],
						"0.5833": [-84.81998, -15.93452, 20.02081],
						"0.625": [-84.8081, -15.93452, 20.02081],
						"0.6667": [-85.12631, -15.93452, 20.02081],
						"0.75": [-85.23988, -15.93452, 20.02081],
						"0.7917": [-85.5581, -15.93452, 20.02081],
						"0.8333": [-86.13518, -15.93452, 20.02081],
						"1.0417": [-88.23102, -15.93452, 20.02081],
						"1.0833": [-88.8081, -15.93452, 20.02081],
						"1.125": [-89.4014, -15.93452, 20.02081],
						"1.2083": [-90.2148, -15.93452, 20.02081],
						"1.25": [-90.8081, -15.93452, 20.02081],
						"1.2917": [-60.28861, -15.45162, 16.21905],
						"1.3333": [-31.78177, -14.94196, 12.47332],
						"1.375": [-15.78537, -14.65923, 10.38631],
						"1.4167": {
							"pre": [-10.84904, -14.57421, 9.75071],
							"post": [-10.84904, -14.57421, 9.75071],
							"lerp_mode": "catmullrom"
						},
						"1.5833": {
							"post": [-10.84904, -14.57421, 9.75071],
							"lerp_mode": "catmullrom"
						}
					}
				},
				"RightForeArm": {
					"rotation": {
						"0.0": {
							"post": [-87.5, 0, 0],
							"lerp_mode": "catmullrom"
						},
						"0.0833": {
							"post": [-81.33, 0, 0],
							"lerp_mode": "catmullrom"
						},
						"0.1667": {
							"post": [-100, 0, 0],
							"lerp_mode": "catmullrom"
						},
						"0.2917": {
							"post": [-98.75, 0, 0],
							"lerp_mode": "catmullrom"
						},
						"0.4583": {
							"post": [-100, 0, 0],
							"lerp_mode": "catmullrom"
						},
						"0.625": {
							"post": [-98.75, 0, 0],
							"lerp_mode": "catmullrom"
						},
						"0.7917": {
							"post": [-100, 0, 0],
							"lerp_mode": "catmullrom"
						},
						"1.0833": {
							"post": [-98.75, 0, 0],
							"lerp_mode": "catmullrom"
						},
						"1.25": {
							"post": [-97.5, 0, 0],
							"lerp_mode": "catmullrom"
						},
						"1.3333": {
							"post": [-81.33, 0, 0],
							"lerp_mode": "catmullrom"
						},
						"1.4167": {
							"post": [-87.5, 0, 0],
							"lerp_mode": "catmullrom"
						},
						"1.5833": {
							"post": [-87.5, 0, 0],
							"lerp_mode": "catmullrom"
						}
					}
				},
				"Head": {
					"rotation": {
						"0.0": {
							"post": [0, 0, 0],
							"lerp_mode": "catmullrom"
						},
						"0.125": {
							"post": [-12.5, 0, 0],
							"lerp_mode": "catmullrom"
						},
						"0.2917": {
							"post": [-16, 0, 0],
							"lerp_mode": "catmullrom"
						},
						"0.4583": {
							"post": [-14.25, 0, 0],
							"lerp_mode": "catmullrom"
						},
						"0.625": {
							"post": [-13, 0, 0],
							"lerp_mode": "catmullrom"
						},
						"0.7917": {
							"post": [-13.75, 0, 0],
							"lerp_mode": "catmullrom"
						},
						"1.0833": {
							"post": [-17.5, 0, 0],
							"lerp_mode": "catmullrom"
						},
						"1.25": {
							"post": [-17.75, 0, 0],
							"lerp_mode": "catmullrom"
						},
						"1.4167": {
							"post": [0, 0, 0],
							"lerp_mode": "catmullrom"
						},
						"1.5833": {
							"post": [0, 0, 0],
							"lerp_mode": "catmullrom"
						}
					}
				}
			}
		},
		"use_offhand:drink": {
			"loop": true,
			"animation_length": 1.58333,
			"bones": {
				"UpBody": {
					"rotation": {
						"0.0": {
							"post": [0, 0, 0],
							"lerp_mode": "catmullrom"
						},
						"0.1667": {
							"post": [-5, 0, 0],
							"lerp_mode": "catmullrom"
						},
						"0.2917": {
							"post": [-4.25, 0, 0],
							"lerp_mode": "catmullrom"
						},
						"0.4583": {
							"post": [-7.5, 0, 0],
							"lerp_mode": "catmullrom"
						},
						"0.625": {
							"post": [-6.75, 0, 0],
							"lerp_mode": "catmullrom"
						},
						"0.7917": {
							"post": [-10, 0, 0],
							"lerp_mode": "catmullrom"
						},
						"1.0833": {
							"post": [-11.75, 0, 0],
							"lerp_mode": "catmullrom"
						},
						"1.25": {
							"post": [-10, 0, 0],
							"lerp_mode": "catmullrom"
						},
						"1.4167": {
							"post": [0, 0, 0],
							"lerp_mode": "catmullrom"
						},
						"1.5833": {
							"post": [0, 0, 0],
							"lerp_mode": "catmullrom"
						}
					}
				},
				"LeftArm": {
					"rotation": {
						"0.0": {
							"post": [-10.84904, 14.57421, -9.75071],
							"lerp_mode": "catmullrom"
						},
						"0.0417": [-15.34656, 14.65923, -10.38631],
						"0.0833": [-29.94761, 14.94196, -12.47332],
						"0.125": [-56.0792, 15.45162, -16.21905],
						"0.1667": [-84.8081, 15.93452, -20.02081],
						"0.2083": [-85.52971, 15.93452, -20.02081],
						"0.25": [-86.08648, 15.93452, -20.02081],
						"0.2917": [-86.8081, 15.93452, -20.02081],
						"0.3333": [-86.68618, 15.93452, -20.02081],
						"0.4167": [-85.68002, 15.93452, -20.02081],
						"0.4583": [-85.5581, 15.93452, -20.02081],
						"0.5": [-85.54621, 15.93452, -20.02081],
						"0.5833": [-84.81998, 15.93452, -20.02081],
						"0.625": [-84.8081, 15.93452, -20.02081],
						"0.6667": [-85.12631, 15.93452, -20.02081],
						"0.75": [-85.23988, 15.93452, -20.02081],
						"0.7917": [-85.5581, 15.93452, -20.02081],
						"0.8333": [-86.13518, 15.93452, -20.02081],
						"1.0417": [-88.23102, 15.93452, -20.02081],
						"1.0833": [-88.8081, 15.93452, -20.02081],
						"1.125": [-89.4014, 15.93452, -20.02081],
						"1.2083": [-90.2148, 15.93452, -20.02081],
						"1.25": [-90.8081, 15.93452, -20.02081],
						"1.2917": [-60.28861, 15.45162, -16.21905],
						"1.3333": [-31.78177, 14.94196, -12.47332],
						"1.375": [-15.78537, 14.65923, -10.38631],
						"1.4167": {
							"pre": [-10.84904, 14.57421, -9.75071],
							"post": [-10.84904, 14.57421, -9.75071],
							"lerp_mode": "catmullrom"
						},
						"1.5833": {
							"post": [-10.84904, 14.57421, -9.75071],
							"lerp_mode": "catmullrom"
						}
					}
				},
				"LeftForeArm": {
					"rotation": {
						"0.0": {
							"post": [-87.5, 0, 0],
							"lerp_mode": "catmullrom"
						},
						"0.0833": {
							"post": [-81.33, 0, 0],
							"lerp_mode": "catmullrom"
						},
						"0.1667": {
							"post": [-100, 0, 0],
							"lerp_mode": "catmullrom"
						},
						"0.2917": {
							"post": [-98.75, 0, 0],
							"lerp_mode": "catmullrom"
						},
						"0.4583": {
							"post": [-100, 0, 0],
							"lerp_mode": "catmullrom"
						},
						"0.625": {
							"post": [-98.75, 0, 0],
							"lerp_mode": "catmullrom"
						},
						"0.7917": {
							"post": [-100, 0, 0],
							"lerp_mode": "catmullrom"
						},
						"1.0833": {
							"post": [-98.75, 0, 0],
							"lerp_mode": "catmullrom"
						},
						"1.25": {
							"post": [-97.5, 0, 0],
							"lerp_mode": "catmullrom"
						},
						"1.3333": {
							"post": [-81.33, 0, 0],
							"lerp_mode": "catmullrom"
						},
						"1.4167": {
							"post": [-87.5, 0, 0],
							"lerp_mode": "catmullrom"
						},
						"1.5833": {
							"post": [-87.5, 0, 0],
							"lerp_mode": "catmullrom"
						}
					}
				},
				"Head": {
					"rotation": {
						"0.0": {
							"post": [0, 0, 0],
							"lerp_mode": "catmullrom"
						},
						"0.125": {
							"post": [-12.5, 0, 0],
							"lerp_mode": "catmullrom"
						},
						"0.2917": {
							"post": [-16, 0, 0],
							"lerp_mode": "catmullrom"
						},
						"0.4583": {
							"post": [-14.25, 0, 0],
							"lerp_mode": "catmullrom"
						},
						"0.625": {
							"post": [-13, 0, 0],
							"lerp_mode": "catmullrom"
						},
						"0.7917": {
							"post": [-13.75, 0, 0],
							"lerp_mode": "catmullrom"
						},
						"1.0833": {
							"post": [-17.5, 0, 0],
							"lerp_mode": "catmullrom"
						},
						"1.25": {
							"post": [-17.75, 0, 0],
							"lerp_mode": "catmullrom"
						},
						"1.4167": {
							"post": [0, 0, 0],
							"lerp_mode": "catmullrom"
						},
						"1.5833": {
							"post": [0, 0, 0],
							"lerp_mode": "catmullrom"
						}
					}
				}
			}
		},
		"hold_offhand:bow": {
			"loop": true,
			"animation_length": 1000,
			"bones": {
				"LeftArm": {
					"rotation": {
						"0.0": [0, 0, 0],
						"0.0417": [-0.03918, 0, -1.52387],
						"0.0833": [-0.41788, 0, -6.48728],
						"0.125": [-1.86354, 0, -15.17499],
						"0.1667": [-5.3384, 0, -26.59248],
						"0.2083": [-11, 0, -37.5],
						"0.25": [-24.84035, 0.3906, -45.65677],
						"0.2917": [-46.84619, 1.42267, -52.45195],
						"0.3333": [-66.20482, 2.85793, -58.26162],
						"0.375": [-79.74538, 4.43084, -63.13433],
						"0.4167": [-88.20636, 5.86609, -66.98822],
						"0.4583": [-92.74265, 6.89817, -69.62037],
						"0.5": [-94.24981, 7.28876, -70.63922],
						"0.6667": [-95.58122, 7.28876, -70.63922],
						"0.7083": [-95.82676, 7.28876, -70.63922],
						"0.75": [-95.72064, 7.28876, -70.63922],
						"0.7917": [-95.16217, 7.28876, -70.63922],
						"0.8333": [-94.24981, 7.28876, -70.63922],
						"0.875": [-88.88985, 7.28876, -70.63922],
						"0.9167": [-69.8426, 7.28876, -70.63922],
						"0.9583": [-25.86741, 7.28876, -70.63922],
						"1.0": [-1.74981, 7.28876, -70.63922],
						"1.5417": [-1.74998, 7.28989, -70.63993],
						"1.625": [-1.75, 7.29, -70.64],
						"1.6667": [-1.81489, 7.02119, -70.15152],
						"1.7083": [-1.83677, 6.46589, -68.73976],
						"1.75": [-1.70582, 5.77822, -66.41567],
						"1.7917": [-1.35922, 5.01992, -63.13974],
						"1.8333": [-0.73616, 4.22567, -58.83702],
						"1.875": [0.23964, 3.4203, -53.39796],
						"1.9167": [1.6773, 2.62605, -46.67161],
						"1.9583": [3.74985, 1.86776, -38.44993],
						"2.0": [6.77388, 1.18009, -28.44642],
						"2.0417": [11.47088, 0.62478, -16.24266],
						"2.0833": [20.72603, 0.35598, -1.20699]
					}
				},
				"LeftForeArm": {
					"rotation": {
						"0.0": [0, 0, 0],
						"0.0417": [-0.84557, 0, 0],
						"0.0833": [-2.4679, 0, 0],
						"0.125": [-4.99788, 0, 0],
						"0.1667": [-8.59877, 0, 0],
						"0.2083": [-13.48357, 0, 0],
						"0.25": [-19.93665, 0, 0],
						"0.2917": [-28.33071, 0, 0],
						"0.3333": [-39.13103, 0, 0],
						"0.375": [-52.72915, 0, 0],
						"0.4167": [-68.52722, 0, 0],
						"0.4583": [-82.3443, 0, 0],
						"0.5": [-87.5, 0, 0],
						"0.6667": [-87.97062, 0, 0],
						"0.8333": [-87.5, 0, 0],
						"0.875": [-84.84766, 0, 0],
						"0.9167": [-73.87072, 0, 0],
						"0.9583": [-29.05452, 0, 0],
						"1.0": [0, 0, 0],
						"1.0417": [1.07502, 0, 0],
						"1.0833": [1.61236, 0, 0],
						"1.125": [1.9656, 0, 0],
						"1.3333": [2.51099, 0, 0],
						"1.5": [1.89223, 0, 0],
						"1.5417": [1.52621, 0, 0],
						"1.5833": [0.98585, 0, 0],
						"1.625": [0, 0, 0],
						"1.6667": [-1.09687, 0, 0],
						"1.7083": [-1.89812, 0, 0],
						"1.75": [-2.82414, 0, 0],
						"1.7917": [-4.06199, 0, 0],
						"1.8333": [-5.74491, 0, 0],
						"1.875": [-7.99964, 0, 0],
						"1.9167": [-10.96861, 0, 0],
						"1.9583": [-14.83241, 0, 0],
						"2.0": [-19.83925, 0, 0],
						"2.0417": [-26.35866, 0, 0],
						"2.0833": [-35, 0, 0]
					}
				},
				"LeftHandLocator": {
					"position": {
						"1.0": [0, -6, 0],
						"1.2917": [0, -6, 0],
						"1.3333": [0, -5.96166, 0],
						"1.375": [0, -5.85711, 0],
						"1.4167": [0, -5.68047, 0],
						"1.4583": [0, -5.42369, 0],
						"1.5": [0, -5.07595, 0],
						"1.5417": [0, -4.62119, 0],
						"1.5833": [0, -4.03373, 0],
						"1.625": [0, -3.266, 0],
						"1.6667": [0, -2.20306, 0],
						"1.7083": [0, 0, 0]
					},
					"scale": {
						"1.0": [0, 0, 0],
						"1.0417": [0.03606, 0.03606, 0.03606],
						"1.0833": [0.21805, 0.21805, 0.21805],
						"1.125": [0.61912, 0.61912, 0.61912],
						"1.1667": [0.88036, 0.88036, 0.88036],
						"1.2083": [0.97864, 0.97864, 0.97864],
						"1.25": [1, 1, 1]
					}
				}
			}
		},
		"hold_mainhand:bow": {
			"loop": true,
			"animation_length": 1000,
			"bones": {
				"RightArm": {
					"rotation": {
						"0.0": [0, 0, 0],
						"0.375": [20.72603, -0.35598, 1.20699]
					}
				},
				"RightForeArm": {
					"rotation": {
						"0.0": [0, 0, 0],
						"0.375": [-35, 0, 0]
					}
				},
				"RightHandLocator": {
					"scale": 0
				},
				"F_01_02": {
					"rotation": {
						"0.0": [0, 0, 0],
						"0.375": [13.75, 0, 0]
					},
					"scale": 1.3
				},
				"bone51": {
					"scale": 1
				},
				"ysmGlowbone62": {
					"scale": 0
				},
				"bone36": {
					"scale": 1.1
				}
			}
		},
		"use_mainhand:bow": {
			"loop": "hold_on_last_frame",
			"animation_length": 60,
			"bones": {
				"LeftArm": {
					"rotation": {
						"0.0": [0, 0, 0],
						"0.4": {
							"pre": [-30.67761, 10.64556, 22.48481],
							"post": [-30.67761, 10.64556, 22.48481],
							"lerp_mode": "catmullrom"
						}
					}
				},
				"LeftForeArm": {
					"rotation": {
						"0.0": [0, 0, 0],
						"0.4": {
							"pre": [0, 0, 30.75],
							"post": [0, 0, 30.75],
							"lerp_mode": "catmullrom"
						}
					}
				},
				"RightArm": {
					"rotation": {
						"0.0": {
							"post": [0, 0, 0],
							"lerp_mode": "catmullrom"
						},
						"0.6": {
							"post": [-15.263, -46.75, 0],
							"lerp_mode": "catmullrom"
						},
						"1.0": {
							"post": [-23.95519, -43.39256, 9.56699],
							"lerp_mode": "catmullrom"
						}
					}
				},
				"RightForeArm": {
					"rotation": {
						"0.0": {
							"post": [0, 0, 0],
							"lerp_mode": "catmullrom"
						},
						"0.6": {
							"post": [-35.13745, 1.92178, -6.82867],
							"lerp_mode": "catmullrom"
						},
						"1.0": {
							"post": [-35.06442, -3.0849, -14.00737],
							"lerp_mode": "catmullrom"
						}
					}
				},
				"RightHandLocator": {
					"scale": 0
				},
				"AllBody": {
					"rotation": [0, "(ysm.head_yaw<0)?(0):(-ysm.head_yaw)", 0]
				},
				"Arm": {
					"rotation": [0, 0, 0]
				},
				"rootpara": {
					"rotation": [0, 0, 0],
					"position": {
						"0.0": [0, 0, 0],
						"0.3": [0, -0.875, 4.275]
					}
				},
				"hip": {
					"rotation": {
						"0.0": [0, 0, 0],
						"0.6": [0, 26, 0]
					},
					"position": [0, 0, 0]
				},
				"ubody": {
					"rotation": {
						"0.0": [0, 0, 0],
						"0.3": [6, 0, 0]
					}
				},
				"Headdpara": {
					"rotation": {
						"0.0": [0, 0, 0],
						"0.7": [0, -23.25, 0]
					}
				},
				"LeftLeg": {
					"rotation": {
						"0.0": [0, 0, 0],
						"0.3": [-21.5, 0, 0]
					}
				},
				"LeftLowerLeg": {
					"rotation": {
						"0.0": [0, 0, 0],
						"0.3": [18.75, 0, 0]
					}
				},
				"RightLeg": {
					"rotation": {
						"0.0": [0, 0, 0],
						"0.3": [7.87758, -0.42361, 3.22481]
					}
				},
				"RightFoot": {
					"rotation": {
						"0.0": [0, 0, 0],
						"0.3": [-12, 0, 0]
					}
				},
				"F_01_02": {
					"rotation": {
						"0.0": [0, 0, 0],
						"0.6": [39.54203, 0.86666, 18.99706],
						"1.0": [39.55595, 1.63775, 19.63395]
					},
					"position": {
						"0.0": [0, 0, 0],
						"0.6": [0, 1.475, 2.925]
					},
					"scale": 1.3
				},
				"ysmGlowbone62": {
					"rotation": {
						"1.0": [0, 0, 0],
						"59.9": [0, -855, 0]
					},
					"position": {
						"1.0": [0, 0, 0],
						"1.3": [0, 0.875, 0],
						"32.1": [0, 1.23, 0],
						"60.0": [0, 0.875, 0]
					},
					"scale": {
						"0.9": [0, 0, 0],
						"1.0": [1, 1, 1],
						"1.3": [1.5, 1.155, 1.2],
						"32.1": [1.2775, 1.03, 1.2],
						"60.0": [1.5, 1.155, 1.2]
					}
				},
				"ysmGlowhuoxing": {
					"position": {
						"1.0": [0, 0, 0],
						"1.6": [0, 7.25, 0],
						"2.2": [0, 0, 0],
						"3.4": [0, 0, 0],
						"4.5": [0, 3.15, 0],
						"7.1": [0, 0, 0],
						"7.7": [0, 7.25, 0],
						"8.3": [0, 0, 0],
						"9.5": [0, 0, 0],
						"10.6": [0, 3.15, 0],
						"12.8": [0, 0, 0],
						"13.4": [0, 7.25, 0],
						"14.0": [0, 0, 0],
						"15.2": [0, 0, 0],
						"16.3": [0, 3.15, 0],
						"20.3": [0, 0, 0],
						"20.9": [0, 7.25, 0],
						"21.5": [0, 0, 0],
						"22.7": [0, 0, 0],
						"23.8": [0, 3.15, 0],
						"28.5": [0, 0, 0],
						"29.1": [0, 7.25, 0],
						"29.7": [0, 0, 0],
						"30.9": [0, 0, 0],
						"32.0": [0, 3.15, 0],
						"34.6": [0, 0, 0],
						"35.2": [0, 7.25, 0],
						"35.8": [0, 0, 0],
						"37.0": [0, 0, 0],
						"38.1": [0, 3.15, 0],
						"40.3": [0, 0, 0],
						"40.9": [0, 7.25, 0],
						"41.5": [0, 0, 0],
						"42.7": [0, 0, 0],
						"43.8": [0, 3.15, 0],
						"47.8": [0, 0, 0],
						"48.4": [0, 7.25, 0],
						"49.0": [0, 0, 0],
						"50.2": [0, 0, 0],
						"51.3": [0, 3.15, 0]
					},
					"scale": {
						"1.0": [1.2, 1.2, 1.2],
						"1.6": [0, 0, 0],
						"3.4": [0, 0, 0],
						"3.5": [1, 1, 1],
						"4.5": [0, 0, 0],
						"6.9": [0, 0, 0],
						"7.1": [1.2, 1.2, 1.2],
						"7.7": [0, 0, 0],
						"9.5": [0, 0, 0],
						"9.6": [1, 1, 1],
						"10.6": [0, 0, 0],
						"12.6": [0, 0, 0],
						"12.8": [1.2, 1.2, 1.2],
						"13.4": [0, 0, 0],
						"15.2": [0, 0, 0],
						"15.3": [1, 1, 1],
						"16.3": [0, 0, 0],
						"20.1": [0, 0, 0],
						"20.3": [1.2, 1.2, 1.2],
						"20.9": [0, 0, 0],
						"22.7": [0, 0, 0],
						"22.8": [1, 1, 1],
						"23.8": [0, 0, 0],
						"28.5": [1.2, 1.2, 1.2],
						"29.1": [0, 0, 0],
						"30.9": [0, 0, 0],
						"31.0": [1, 1, 1],
						"32.0": [0, 0, 0],
						"34.4": [0, 0, 0],
						"34.6": [1.2, 1.2, 1.2],
						"35.2": [0, 0, 0],
						"37.0": [0, 0, 0],
						"37.1": [1, 1, 1],
						"38.1": [0, 0, 0],
						"40.1": [0, 0, 0],
						"40.3": [1.2, 1.2, 1.2],
						"40.9": [0, 0, 0],
						"42.7": [0, 0, 0],
						"42.8": [1, 1, 1],
						"43.8": [0, 0, 0],
						"47.6": [0, 0, 0],
						"47.8": [1.2, 1.2, 1.2],
						"48.4": [0, 0, 0],
						"50.2": [0, 0, 0],
						"50.3": [1, 1, 1],
						"51.3": [0, 0, 0]
					}
				},
				"ysmGlowhuoxing2": {
					"position": {
						"1.0": [0, 0, 0],
						"1.7": [0, 5.425, 0],
						"3.4": [0, 0, 0],
						"4.6": [0, 0, 0],
						"5.7": [1.625, 3.15, 0],
						"7.0": [0, 0, 0],
						"7.7": [0, 5.425, 0],
						"9.4": [0, 0, 0],
						"10.6": [0, 0, 0],
						"11.7": [1.625, 3.15, 0],
						"12.7": [0, 0, 0],
						"13.4": [0, 5.425, 0],
						"15.1": [0, 0, 0],
						"16.3": [0, 0, 0],
						"17.4": [1.625, 3.15, 0],
						"20.2": [0, 0, 0],
						"20.9": [0, 5.425, 0],
						"22.6": [0, 0, 0],
						"23.8": [0, 0, 0],
						"24.9": [1.625, 3.15, 0],
						"28.5": [0, 0, 0],
						"29.2": [0, 5.425, 0],
						"30.9": [0, 0, 0],
						"32.1": [0, 0, 0],
						"33.2": [1.625, 3.15, 0],
						"34.5": [0, 0, 0],
						"35.2": [0, 5.425, 0],
						"36.9": [0, 0, 0],
						"38.1": [0, 0, 0],
						"39.2": [1.625, 3.15, 0],
						"40.2": [0, 0, 0],
						"40.9": [0, 5.425, 0],
						"42.6": [0, 0, 0],
						"43.8": [0, 0, 0],
						"44.9": [1.625, 3.15, 0],
						"47.7": [0, 0, 0],
						"48.4": [0, 5.425, 0],
						"50.1": [0, 0, 0],
						"51.3": [0, 0, 0],
						"52.4": [1.625, 3.15, 0]
					},
					"scale": {
						"1.0": [1, 1, 1],
						"1.7": [0, 0, 0],
						"4.6": [0, 0, 0],
						"4.7": [1, 1, 1],
						"5.7": [0, 0, 0],
						"6.9": [0, 0, 0],
						"7.0": [1, 1, 1],
						"7.7": [0, 0, 0],
						"10.6": [0, 0, 0],
						"10.7": [1, 1, 1],
						"11.7": [0, 0, 0],
						"12.6": [0, 0, 0],
						"12.7": [1, 1, 1],
						"13.4": [0, 0, 0],
						"16.3": [0, 0, 0],
						"16.4": [1, 1, 1],
						"17.4": [0, 0, 0],
						"20.1": [0, 0, 0],
						"20.2": [1, 1, 1],
						"20.9": [0, 0, 0],
						"23.8": [0, 0, 0],
						"23.9": [1, 1, 1],
						"24.9": [0, 0, 0],
						"28.5": [1, 1, 1],
						"29.2": [0, 0, 0],
						"32.1": [0, 0, 0],
						"32.2": [1, 1, 1],
						"33.2": [0, 0, 0],
						"34.4": [0, 0, 0],
						"34.5": [1, 1, 1],
						"35.2": [0, 0, 0],
						"38.1": [0, 0, 0],
						"38.2": [1, 1, 1],
						"39.2": [0, 0, 0],
						"40.1": [0, 0, 0],
						"40.2": [1, 1, 1],
						"40.9": [0, 0, 0],
						"43.8": [0, 0, 0],
						"43.9": [1, 1, 1],
						"44.9": [0, 0, 0],
						"47.6": [0, 0, 0],
						"47.7": [1, 1, 1],
						"48.4": [0, 0, 0],
						"51.3": [0, 0, 0],
						"51.4": [1, 1, 1],
						"52.4": [0, 0, 0]
					}
				},
				"bone54": {
					"position": {
						"0.7": [0, 0, 0],
						"1.0": [-0.325, 0.325, 0]
					}
				},
				"bone55": {
					"position": {
						"0.7": [0, 0, 0],
						"1.0": [-0.325, 0, 0]
					}
				},
				"bone56": {
					"position": {
						"0.7": [0, 0, 0],
						"1.0": [-0.325, -0.3, 0]
					}
				},
				"bone58": {
					"position": {
						"0.7": [0, 0, 0],
						"1.0": [0, 0.325, 0]
					}
				},
				"bone57": {
					"position": {
						"0.7": [0, 0, 0],
						"1.0": [0.3, 0.325, 0]
					}
				},
				"bone59": {
					"position": {
						"0.7": [0, 0, 0],
						"1.0": [0.275, 0, 0]
					}
				},
				"bone60": {
					"position": {
						"0.7": [0, 0, 0],
						"1.0": [0.275, -0.3, 0]
					}
				},
				"bone61": {
					"position": {
						"0.7": [0, 0, 0],
						"1.0": [0, -0.3, 0]
					}
				},
				"bone36": {
					"scale": 1.1
				},
				"ysmGlowhexadecagon": {
					"rotation": {
						"0.0": [0, 0, 0],
						"1.0": [-45, 0, 0],
						"60.0": [-22562.5, 0, 0]
					}
				}
			}
		},
		"use_offhand:bow": {
			"loop": "hold_on_last_frame",
			"animation_length": 60,
			"bones": {
				"UpBody": {
					"rotation": {
						"0.0": {
							"post": [10.0698, 64.5813, 11.1234],
							"lerp_mode": "catmullrom"
						},
						"0.5": {
							"post": [-3.3031, "(ysm.head_yaw>0)?(75-0.5*ysm.head_yaw):(75)", -0.8413],
							"lerp_mode": "catmullrom"
						},
						"1.0": {
							"post": [-3.9489, "(ysm.head_yaw>0)?(77.4888-ysm.head_yaw):(77.4888)", -1.506],
							"lerp_mode": "catmullrom"
						}
					}
				},
				"LeftArm": {
					"rotation": {
						"0.0": {
							"post": [-51.4704, -7.4448, 28.9102],
							"lerp_mode": "catmullrom"
						},
						"0.5": {
							"post": [-80.1097, -29.4633, 11.3843],
							"lerp_mode": "catmullrom"
						},
						"1.0": {
							"post": [-77.0228, -61.5595, 5.0828],
							"lerp_mode": "catmullrom"
						}
					}
				},
				"LeftForeArm": {
					"rotation": {
						"0.0": {
							"post": [-5, 0, 0],
							"lerp_mode": "catmullrom"
						},
						"0.5": {
							"post": [0, 0, 0],
							"lerp_mode": "catmullrom"
						},
						"1.0": {
							"post": [0, 0, 0],
							"lerp_mode": "catmullrom"
						}
					}
				},
				"RightArm": {
					"rotation": {
						"0.0": {
							"post": [-51.1309, -33.6397, 57.0131],
							"lerp_mode": "catmullrom"
						},
						"0.5": {
							"post": [-42.3116, -14.7367, 66.1183],
							"lerp_mode": "catmullrom"
						},
						"1.0": {
							"post": [20.9526, -11.0157, 62.6916],
							"lerp_mode": "catmullrom"
						}
					}
				},
				"RightForeArm": {
					"rotation": {
						"0.0": {
							"post": [-72.5, 0, 0],
							"lerp_mode": "catmullrom"
						},
						"0.5": {
							"post": [-105, 0, 0],
							"lerp_mode": "catmullrom"
						},
						"1.0": {
							"post": [-155, 0, 0],
							"lerp_mode": "catmullrom"
						}
					}
				},
				"Head": {
					"rotation": {
						"0.0": {
							"post": [13.0859, -61.5204, -15.6374],
							"lerp_mode": "catmullrom"
						},
						"0.5": {
							"post": [45.8757, "-65.2536+0.5*ysm.head_yaw", -38.7767],
							"lerp_mode": "catmullrom"
						},
						"1.0": {
							"post": [51.2554, "-70.4355+ysm.head_yaw", -44.3434],
							"lerp_mode": "catmullrom"
						}
					}
				},
				"LeftHandLocator": {
					"rotation": {
						"0.0": [0, 0, -42.5],
						"0.5": [0, 0, -42.5],
						"1.0": [0, 0, -15]
					},
					"scale": {
						"0.0": [1, 1, 1],
						"0.5": [1.5, 1.5, 1.5],
						"1.0": [2, 2, 2]
					}
				},
				"AllBody": {
					"rotation": [0, "(ysm.head_yaw>0)?(0):(-ysm.head_yaw)", 0]
				},
				"Arm": {
					"rotation": {
						"0.0": [0, 0, 0],
						"1.0": [0, "-ysm.head_pitch/9", "-ysm.head_pitch"]
					}
				},
				"Headdpara": {
					"rotation": {
						"0.0": {
							"post": [13.0859, -61.5204, -15.6374],
							"lerp_mode": "catmullrom"
						},
						"0.5": {
							"post": [45.8757, "-65.2536+0.5*ysm.head_yaw", -38.7767],
							"lerp_mode": "catmullrom"
						},
						"1.0": {
							"post": [51.2554, "-70.4355+ysm.head_yaw", -44.3434],
							"lerp_mode": "catmullrom"
						}
					}
				}
			}
		},
		"use_mainhand:crossbow": {
			"loop": "hold_on_last_frame",
			"animation_length": 60,
			"bones": {
				"UpBody": {
					"rotation": {
						"0.0": {
							"post": [8.50054, 42.03887, 7.73311],
							"lerp_mode": "catmullrom"
						},
						"0.75": {
							"post": [5.14895, 42.32665, 5.48217],
							"lerp_mode": "catmullrom"
						},
						"1.5": {
							"post": [3.46296, 42.43373, 4.34568],
							"lerp_mode": "catmullrom"
						}
					}
				},
				"LeftArm": {
					"rotation": {
						"0.0": {
							"post": [-67.944, -5.60712, 11.51943],
							"lerp_mode": "catmullrom"
						},
						"0.75": {
							"post": [-54.41405, 25.55395, -52.04293],
							"lerp_mode": "catmullrom"
						},
						"1.5": {
							"post": [-91.12417, 29.42528, -77.08012],
							"lerp_mode": "catmullrom"
						}
					}
				},
				"LeftForeArm": {
					"rotation": {
						"0.0": {
							"post": [0, 0, 0],
							"lerp_mode": "catmullrom"
						},
						"0.75": {
							"post": [-62.5, 0, 0],
							"lerp_mode": "catmullrom"
						},
						"1.5": {
							"post": [-80, 0, 0],
							"lerp_mode": "catmullrom"
						}
					}
				},
				"RightArm": {
					"rotation": {
						"0.0": {
							"post": [-8.55383, -55.39007, 45.06239],
							"lerp_mode": "catmullrom"
						},
						"0.75": {
							"post": [-12.57823, -50.22393, 43.02751],
							"lerp_mode": "catmullrom"
						},
						"1.5": {
							"post": [-26.35807, -45.31681, 40.75433],
							"lerp_mode": "catmullrom"
						}
					}
				},
				"RightForeArm": {
					"rotation": {
						"0.0": {
							"post": [-120.32416, -11.38539, -37.37979],
							"lerp_mode": "catmullrom"
						},
						"0.75": {
							"post": [-114.73652, -11.90156, -38.32191],
							"lerp_mode": "catmullrom"
						},
						"1.5": {
							"post": [-91.92898, 2.26726, -41.14055],
							"lerp_mode": "catmullrom"
						}
					}
				},
				"Head": {
					"rotation": {
						"0.0": {
							"post": [23.38462, -37.19141, -5.65574],
							"lerp_mode": "catmullrom"
						},
						"0.75": {
							"post": [23.38462, -37.19141, -5.65574],
							"lerp_mode": "catmullrom"
						},
						"1.5": {
							"post": [23.38462, -37.19141, -5.65574],
							"lerp_mode": "catmullrom"
						}
					}
				},
				"RightHandLocator": {
					"position": [0, -4, 0]
				}
			}
		},
		"use_offhand:crossbow": {
			"loop": "hold_on_last_frame",
			"animation_length": 60,
			"bones": {
				"UpBody": {
					"rotation": {
						"0.0": {
							"post": [8.50054, -42.03887, -7.73311],
							"lerp_mode": "catmullrom"
						},
						"0.75": {
							"post": [5.14895, -42.32665, -5.48217],
							"lerp_mode": "catmullrom"
						},
						"1.5": {
							"post": [3.46296, -42.43373, -4.34568],
							"lerp_mode": "catmullrom"
						}
					}
				},
				"LeftArm": {
					"rotation": {
						"0.0": {
							"post": [-8.55383, 55.39007, -45.06239],
							"lerp_mode": "catmullrom"
						},
						"0.75": {
							"post": [-12.57823, 50.22393, -43.02751],
							"lerp_mode": "catmullrom"
						},
						"1.5": {
							"post": [-26.35807, 45.31681, -40.75433],
							"lerp_mode": "catmullrom"
						}
					}
				},
				"LeftForeArm": {
					"rotation": {
						"0.0": {
							"post": [-120.32416, 11.38539, 37.37979],
							"lerp_mode": "catmullrom"
						},
						"0.75": {
							"post": [-114.73652, 11.90156, 38.32191],
							"lerp_mode": "catmullrom"
						},
						"1.5": {
							"post": [-91.92898, -2.26726, 41.14055],
							"lerp_mode": "catmullrom"
						}
					}
				},
				"RightArm": {
					"rotation": {
						"0.0": {
							"post": [-67.944, 5.60712, -11.51943],
							"lerp_mode": "catmullrom"
						},
						"0.75": {
							"post": [-54.41405, -25.55395, 52.04293],
							"lerp_mode": "catmullrom"
						},
						"1.5": {
							"post": [-91.12417, -29.42528, 77.08012],
							"lerp_mode": "catmullrom"
						}
					}
				},
				"RightForeArm": {
					"rotation": {
						"0.0": {
							"post": [0, 0, 0],
							"lerp_mode": "catmullrom"
						},
						"0.75": {
							"post": [-62.5, 0, 0],
							"lerp_mode": "catmullrom"
						},
						"1.5": {
							"post": [-80, 0, 0],
							"lerp_mode": "catmullrom"
						}
					}
				},
				"Head": {
					"rotation": {
						"0.0": {
							"post": [23.38462, 37.19141, 5.65574],
							"lerp_mode": "catmullrom"
						},
						"0.75": {
							"post": [23.38462, 37.19141, 5.65574],
							"lerp_mode": "catmullrom"
						},
						"1.5": {
							"post": [23.38462, 37.19141, 5.65574],
							"lerp_mode": "catmullrom"
						}
					}
				},
				"LeftHandLocator": {
					"position": [0, -4, 0]
				}
			}
		},
		"use_mainhand:spyglass": {
			"loop": true,
			"bones": {
				"RightArm": {
					"rotation": ["-71.0563-0.8*ysm.head_pitch", "-0.5*ysm.head_yaw", 0]
				},
				"RightForeArm": {
					"rotation": [-112.5, 0, 0]
				},
				"Head": {
					"rotation": ["0.2*ysm.head_pitch", "0.5*ysm.head_yaw", 0]
				},
				"RightHandLocator": {
					"rotation": [174.99046, -4.99523, 0.21865]
				},
				"UpBody": {
					"rotation": ["-0.2*ysm.head_pitch", "-0.5*ysm.head_yaw", 0]
				}
			}
		},
		"use_offhand:spyglass": {
			"loop": true,
			"animation_length": 0.49,
			"bones": {
				"LeftArm": {
					"rotation": ["-71.0563-0.8*ysm.head_pitch", "-0.5*ysm.head_yaw", 0]
				},
				"LeftForeArm": {
					"rotation": [-112.5, 0, 0]
				},
				"Head": {
					"rotation": ["0.2*ysm.head_pitch", "0.5*ysm.head_yaw", 0]
				},
				"LeftHandLocator": {
					"rotation": {
						"0.0": [120, 0, 0],
						"0.4898": [180, 0, 0]
					},
					"position": {
						"0.0": [0, 0, 0],
						"0.4898": [0, 0, 10]
					}
				},
				"UpBody": {
					"rotation": ["-0.2*ysm.head_pitch", "-0.5*ysm.head_yaw", 0]
				}
			}
		},
		"use_mainhand:spear": {
			"loop": "hold_on_last_frame",
			"animation_length": 60,
			"bones": {
				"UpBody": {
					"rotation": {
						"0.0": {
							"post": [0, 24.97457, 0],
							"lerp_mode": "catmullrom"
						},
						"0.5": {
							"post": ["-0.2*ysm.head_pitch", "(ysm.head_yaw>0)?(-ysm.head_yaw+35.1606):(35.1606)", "-0.1*ysm.head_pitch"],
							"lerp_mode": "catmullrom"
						}
					}
				},
				"LeftArm": {
					"rotation": {
						"0.0": {
							"post": [-9.9136, -0.11264, -1.29876],
							"lerp_mode": "catmullrom"
						},
						"0.5": {
							"post": [-64.12934, -30, -7.78321],
							"lerp_mode": "catmullrom"
						}
					}
				},
				"LeftForeArm": {
					"rotation": {
						"0.0": {
							"post": [-27.5, 0, 0],
							"lerp_mode": "catmullrom"
						},
						"0.5": {
							"post": [-20, 0, 0],
							"lerp_mode": "catmullrom"
						}
					}
				},
				"RightArm": {
					"rotation": {
						"0.0": {
							"post": [15.14334, -17.34551, 7.85952],
							"lerp_mode": "catmullrom"
						},
						"0.5": {
							"post": [-6.27156, 75.77567, 70.72033],
							"lerp_mode": "catmullrom"
						}
					}
				},
				"RightForeArm": {
					"rotation": {
						"0.0": {
							"post": [-7.5, 0, 0],
							"lerp_mode": "catmullrom"
						},
						"0.5": {
							"post": [-79.6859, -17.2294, 58.4333],
							"lerp_mode": "catmullrom"
						}
					}
				},
				"Head": {
					"rotation": {
						"0.0": {
							"post": [0, -20, 0],
							"lerp_mode": "catmullrom"
						},
						"0.5": {
							"post": ["0.2*ysm.head_pitch", "ysm.head_yaw-ysm.head_pitch/5-35", 0],
							"lerp_mode": "catmullrom"
						}
					}
				},
				"RightHandLocator": {
					"rotation": {
						"0.0": {
							"post": [120, 0, 0],
							"lerp_mode": "catmullrom"
						},
						"0.5": {
							"post": [180, 0, 0],
							"lerp_mode": "catmullrom"
						}
					},
					"position": {
						"0.0": [0, 0, 0],
						"0.5": [0, 0, -10]
					}
				},
				"AllBody": {
					"rotation": [0, "(ysm.head_yaw<0)?(-ysm.head_yaw):(0)", 0]
				},
				"Arm": {
					"rotation": {
						"0.0": [0, 0, 0],
						"0.5": ["-0.7*ysm.head_pitch", 0, "-ysm.head_pitch/5"]
					}
				}
			}
		},
		"use_offhand:spear": {
			"loop": "hold_on_last_frame",
			"animation_length": 60,
			"bones": {
				"UpBody": {
					"rotation": {
						"0.0": {
							"post": [1.16524, -24.97457, -2.75806],
							"lerp_mode": "catmullrom"
						},
						"0.5": {
							"post": ["-0.2*ysm.head_pitch", "(ysm.head_yaw<0)?(-ysm.head_yaw-35.1606):(-35.1606)", "-0.1*ysm.head_pitch"],
							"lerp_mode": "catmullrom"
						}
					}
				},
				"LeftArm": {
					"rotation": {
						"0.0": {
							"post": [15.14334, 17.34551, -7.85952],
							"lerp_mode": "catmullrom"
						},
						"0.5833": {
							"post": [70.0273, -40.73565, -124.15801],
							"lerp_mode": "catmullrom"
						}
					}
				},
				"LeftForeArm": {
					"rotation": {
						"0.0": {
							"post": [-7.5, 0, 0],
							"lerp_mode": "catmullrom"
						},
						"0.5833": {
							"post": [-87.83459, 1.2497, -29.97638],
							"lerp_mode": "catmullrom"
						}
					}
				},
				"RightArm": {
					"rotation": {
						"0.0": {
							"post": [-9.9136, 0.11264, 1.29876],
							"lerp_mode": "catmullrom"
						},
						"0.5833": {
							"post": [-64.12934, 30, 7.7832],
							"lerp_mode": "catmullrom"
						}
					}
				},
				"RightForeArm": {
					"rotation": {
						"0.0": {
							"post": [-27.5, 0, 0],
							"lerp_mode": "catmullrom"
						},
						"0.5833": {
							"post": [-20, 0, 0],
							"lerp_mode": "catmullrom"
						}
					}
				},
				"Head": {
					"rotation": {
						"0.0": {
							"post": [0, 20, 0],
							"lerp_mode": "catmullrom"
						},
						"0.5": {
							"post": ["0.2*ysm.head_pitch", "ysm.head_yaw-ysm.head_pitch/5+35", 0],
							"lerp_mode": "catmullrom"
						}
					},
					"position": {
						"0.0": {
							"post": [0, 0, 0],
							"lerp_mode": "catmullrom"
						}
					}
				},
				"RightHandLocator": {
					"rotation": {
						"0.0": {
							"post": [92.5, 0, 0],
							"lerp_mode": "catmullrom"
						},
						"0.5833": {
							"post": [257.5, 0, 0],
							"lerp_mode": "catmullrom"
						}
					}
				},
				"LeftHandLocator": {
					"rotation": {
						"0.0": {
							"post": [120, 0, 0],
							"lerp_mode": "catmullrom"
						},
						"0.5833": {
							"post": [180, 0, 0],
							"lerp_mode": "catmullrom"
						}
					},
					"position": {
						"0.0": [0, 0, 0],
						"0.5833": [0, 0, -10]
					}
				},
				"AllBody": {
					"rotation": [0, "(ysm.head_yaw>0)?(-ysm.head_yaw):(0)", 0]
				},
				"Arm": {
					"rotation": {
						"0.0": ["-0.7*ysm.head_pitch", 0, 0],
						"0.5": ["-0.7*ysm.head_pitch", 0, "ysm.head_pitch/5"]
					}
				}
			}
		},
		"use_mainhand$minecraft:shield": {
			"animation_length": 0.375,
			"bones": {
				"UpBody": {
					"rotation": {
						"0.0": {
							"post": ["1.6675-0.2*ysm.head_pitch", "-27.448-0.3*ysm.head_yaw", -5.46571],
							"lerp_mode": "catmullrom"
						}
					}
				},
				"RightArm": {
					"rotation": {
						"0.0": {
							"post": [-43.48192, -2.43525, 29.49685],
							"lerp_mode": "catmullrom"
						}
					}
				},
				"RightForeArm": {
					"rotation": {
						"0.0": {
							"post": [-109.05613, 6.60796, 16.24074],
							"lerp_mode": "catmullrom"
						}
					}
				},
				"Head": {
					"rotation": {
						"0.0": {
							"post": [0.3677, "27.4925+0.3*ysm.head_yaw", 2.6484],
							"lerp_mode": "catmullrom"
						}
					}
				},
				"RightHandLocator": {
					"rotation": [106.84933, 37.56532, 37.00149],
					"position": [0, 0, 0]
				},
				"Arm": {
					"rotation": ["-0.3*ysm.head_pitch", "-0.3*ysm.head_yaw", 0]
				}
			}
		},
		"use_offhand$minecraft:shield": {
			"animation_length": 0.375,
			"bones": {
				"UpBody": {
					"rotation": {
						"0.0": {
							"post": ["1.6675-0.2*ysm.head_pitch", "27.448-0.3*ysm.head_yaw", 5.46571],
							"lerp_mode": "catmullrom"
						}
					}
				},
				"LeftArm": {
					"rotation": {
						"0.0": {
							"post": [-43.48192, 2.43525, -29.49685],
							"lerp_mode": "catmullrom"
						}
					}
				},
				"LeftForeArm": {
					"rotation": {
						"0.0": {
							"post": [-109.05613, -6.60796, -16.24074],
							"lerp_mode": "catmullrom"
						}
					}
				},
				"Head": {
					"rotation": {
						"0.0": {
							"post": [0.3677, "-27.4925+0.3*ysm.head_yaw", -2.6484],
							"lerp_mode": "catmullrom"
						}
					}
				},
				"LeftHandLocator": {
					"rotation": [116.97434, -45.23796, -42.01285],
					"position": [0, 0, 0]
				},
				"Arm": {
					"rotation": ["-0.3*ysm.head_pitch", "-0.3*ysm.head_yaw", 0]
				}
			}
		},
		"hold_mainhand:charged_crossbow": {
			"loop": true,
			"animation_length": 2,
			"bones": {
				"UpBody": {
					"rotation": {
						"0.0": {
							"post": ["5.8216-0.25*ysm.head_pitch", "(ysm.head_yaw>0)?(-ysm.head_yaw+42):(42)", 5.93491],
							"lerp_mode": "catmullrom"
						},
						"2.0": {
							"post": ["5.8216-0.25*ysm.head_pitch", "(ysm.head_yaw>0)?(-ysm.head_yaw+42):(42)", 5.93491],
							"lerp_mode": "catmullrom"
						}
					}
				},
				"LeftArm": {
					"rotation": {
						"0.0": [-67.38897, 22.94668, -11.68886],
						"0.5417": [-67.42741, 22.67983, -11.78819],
						"1.0": [-67.45752, 22.47366, -11.86621],
						"1.5417": [-67.41908, 22.7405, -11.76688],
						"2.0": [-67.38897, 22.94668, -11.68886]
					}
				},
				"LeftForeArm": {
					"rotation": {
						"0.0": {
							"post": [-12.5, 0, 0],
							"lerp_mode": "catmullrom"
						},
						"1.0": {
							"post": [-12, 0, 0],
							"lerp_mode": "catmullrom"
						},
						"2.0": {
							"post": [-12.5, 0, 0],
							"lerp_mode": "catmullrom"
						}
					}
				},
				"RightArm": {
					"rotation": {
						"0.0": [-12.45084, -50.38918, 43.09853],
						"0.5417": [-12.95053, -49.73874, 42.82327],
						"1.0": [-13.34018, -49.2346, 42.59466],
						"1.5417": [-12.84049, -49.88504, 42.86991],
						"2.0": [-12.45084, -50.38918, 43.09853]
					}
				},
				"RightForeArm": {
					"rotation": {
						"0.0": [-124.66556, -0.59056, -43.77358],
						"0.5417": [-123.82888, -0.58311, -43.75416],
						"1.0": [-123.1664, -0.57693, -43.73804],
						"1.5417": [-124.00308, -0.58438, -43.75745],
						"2.0": [-124.66556, -0.59056, -43.77358]
					}
				},
				"Head": {
					"rotation": {
						"0.0": {
							"post": ["5.8846+0.3*ysm.head_pitch", "-37.1914+ysm.head_yaw-ysm.head_pitch/5", "-5.6557-ysm.head_pitch/9"],
							"lerp_mode": "catmullrom"
						},
						"2.0": {
							"post": ["5.8846+0.3*ysm.head_pitch", "-37.1914+ysm.head_yaw-ysm.head_pitch/5", "-5.6557-ysm.head_pitch/9"],
							"lerp_mode": "catmullrom"
						}
					}
				},
				"RightHandLocator": {
					"rotation": [0, 0, -10],
					"position": [0, -4, 1]
				},
				"AllBody": {
					"rotation": [0, "(ysm.head_yaw<0)?(-ysm.head_yaw):(0)", 0]
				},
				"Arm": {
					"rotation": ["math.min(-0.75*ysm.head_pitch,20)", "-ysm.head_pitch/4", "-0.5*ysm.head_pitch"],
					"position": [1, -0.4, 0.5]
				}
			}
		},
		"hold_offhand:charged_crossbow": {
			"loop": true,
			"animation_length": 2,
			"bones": {
				"UpBody": {
					"rotation": {
						"0.0": {
							"post": ["5.8216-0.25*ysm.head_pitch", "(ysm.head_yaw<0)?(-ysm.head_yaw-42):(-42)", -5.93491],
							"lerp_mode": "catmullrom"
						},
						"1.9583": {
							"post": ["5.8216-0.25*ysm.head_pitch", "(ysm.head_yaw<0)?(-ysm.head_yaw-42):(-42)", -5.93491],
							"lerp_mode": "catmullrom"
						}
					}
				},
				"LeftArm": {
					"rotation": {
						"0.0": [-12.45084, 50.38918, -43.09853],
						"0.5417": [-12.95053, 49.73874, -42.82327],
						"1.0": [-13.34018, 49.2346, -42.59466],
						"1.5417": [-12.84049, 49.88504, -42.86991],
						"2.0": [-12.45084, 50.38918, -43.09853]
					}
				},
				"LeftForeArm": {
					"rotation": {
						"0.0": [-124.66556, 0.59056, 43.77358],
						"0.5417": [-123.82888, 0.58311, 43.75416],
						"1.0": [-123.1664, 0.57693, 43.73804],
						"1.5417": [-124.00308, 0.58438, 43.75745],
						"2.0": [-124.66556, 0.59056, 43.77358]
					}
				},
				"RightArm": {
					"rotation": {
						"0.0": [-67.38897, -22.94668, 11.68886],
						"0.5417": [-67.42741, -22.67983, 11.78819],
						"1.0": [-67.45752, -22.47366, 11.86621],
						"1.5417": [-67.41908, -22.7405, 11.76688],
						"2.0": [-67.38897, -22.94668, 11.68886]
					}
				},
				"RightForeArm": {
					"rotation": {
						"0.0": {
							"post": [-12.5, 0, 0],
							"lerp_mode": "catmullrom"
						},
						"1.0": {
							"post": [-12, 0, 0],
							"lerp_mode": "catmullrom"
						},
						"2.0": {
							"post": [-12.5, 0, 0],
							"lerp_mode": "catmullrom"
						}
					}
				},
				"Head": {
					"rotation": {
						"0.0": {
							"post": ["5.8846+0.3*ysm.head_pitch", "37.1914+ysm.head_yaw-ysm.head_pitch/5", "5.6557-ysm.head_pitch/9"],
							"lerp_mode": "catmullrom"
						},
						"2.0": {
							"post": ["5.8846+0.3*ysm.head_pitch", "37.1914+ysm.head_yaw-ysm.head_pitch/5", "5.6557-ysm.head_pitch/9"],
							"lerp_mode": "catmullrom"
						}
					}
				},
				"LeftHandLocator": {
					"rotation": [0, 0, 10],
					"position": [0, -4, 1]
				},
				"AllBody": {
					"rotation": [0, "(ysm.head_yaw>0)?(-ysm.head_yaw):(0)", 0]
				},
				"Arm": {
					"rotation": ["math.min(-0.75*ysm.head_pitch,20)", "ysm.head_pitch/4", "0.5*ysm.head_pitch"],
					"position": [-1, -0.4, 0.5]
				}
			}
		},
		"hold_mainhand:fishing": {
			"loop": true,
			"animation_length": 2,
			"bones": {
				"UpBody": {
					"rotation": {
						"0.0": [0, 0, 0],
						"0.5417": [-0.27738, 0, 0],
						"1.0": [-0.5, 0, 0],
						"1.5417": [-0.22262, 0, 0],
						"2.0": [0, 0, 0]
					}
				},
				"LeftArm": {
					"rotation": {
						"0.0": {
							"post": [-39.11318, 26.28361, 18.43127],
							"lerp_mode": "catmullrom"
						},
						"1.0": {
							"post": [-40.61318, 28.78361, 18.43127],
							"lerp_mode": "catmullrom"
						},
						"2.0": {
							"post": [-39.11318, 26.28361, 18.43127],
							"lerp_mode": "catmullrom"
						}
					}
				},
				"LeftForeArm": {
					"rotation": {
						"0.0": {
							"post": [-17.5, 0, 0],
							"lerp_mode": "catmullrom"
						},
						"2.0": {
							"post": [-17.5, 0, 0],
							"lerp_mode": "catmullrom"
						}
					}
				},
				"RightArm": {
					"rotation": {
						"0.0": [-35.37104, -21.21137, -22.01862],
						"0.5417": [-36.12104, -20.71137, -22.01862],
						"1.0": [-35.37104, -21.21137, -22.01862],
						"1.5417": [-35.37104, -21.21137, -22.01862],
						"2.0": [-35.37104, -21.21137, -22.01862]
					}
				},
				"RightForeArm": {
					"rotation": {
						"0.0": {
							"post": [-19.67957, -3.61372, -10.13114],
							"lerp_mode": "catmullrom"
						},
						"1.0": {
							"post": [-19.67957, -3.61372, -10.13114],
							"lerp_mode": "catmullrom"
						},
						"2.0": {
							"post": [-19.67957, -3.61372, -10.13114],
							"lerp_mode": "catmullrom"
						}
					}
				},
				"Head": {
					"rotation": [0, 0, 0]
				},
				"LeftHandLocator": {
					"rotation": [42.5, 0, 0]
				},
				"RightHandLocator": {
					"rotation": [42.5, 0, 0]
				}
			}
		},
		"hold_mainhand:sword": {
			"loop": true,
			"animation_length": 1000,
			"bones": {
				"RightArm": {
					"rotation": {
						"0.0": {
							"post": [-97.46225, -36.71685, 51.49777],
							"lerp_mode": "catmullrom"
						},
						"0.125": {
							"post": [-92.61808, -7.10286, 51.32016],
							"lerp_mode": "catmullrom"
						},
						"0.25": {
							"post": [-48.50106, -0.44446, 35.22605],
							"lerp_mode": "catmullrom"
						},
						"0.375": {
							"post": [10, 0, 7.5],
							"lerp_mode": "catmullrom"
						}
					}
				},
				"RightForeArm": {
					"rotation": {
						"0.0": {
							"post": [-108.80269, -33.86635, 75.99698],
							"lerp_mode": "catmullrom"
						},
						"0.0833": {
							"post": [-105.50118, -21.40045, 61.16334],
							"lerp_mode": "catmullrom"
						},
						"0.2083": {
							"post": [-65.91488, 17.5341, 14.83364],
							"lerp_mode": "catmullrom"
						},
						"0.25": {
							"post": [-14.6033, 26.57748, 4.07258],
							"lerp_mode": "catmullrom"
						},
						"0.2917": {
							"post": [0, 30, 0],
							"lerp_mode": "catmullrom"
						},
						"0.375": {
							"post": [-13.48014, 30, 0],
							"lerp_mode": "catmullrom"
						}
					}
				},
				"RightHand": {
					"rotation": {
						"0.0": {
							"post": [22.5, 0, 0],
							"lerp_mode": "catmullrom"
						},
						"0.2917": {
							"post": [17.5, 0, 0],
							"lerp_mode": "catmullrom"
						},
						"0.375": {
							"post": [-18.25, 0, 0],
							"lerp_mode": "catmullrom"
						}
					}
				},
				"RightHandLocator": {
					"scale": 0
				},
				"EGO": {
					"rotation": {
						"0.0": [0, 0, 0],
						"0.3333": [-135, 22.5, -180],
						"0.375": [-190.43126, 0.27675, -211.98998]
					},
					"scale": 1
				},
				"bone35": {
					"rotation": {
						"0.2917": [0, 0, 0],
						"0.375": [-24, 0, 0]
					}
				}
			}
		},
		"swing:sword": {
			"loop": "hold_on_last_frame",
			"animation_length": 1.5,
			"bones": {
				"UpBody": {
					"rotation": [0, 0, 0]
				},
				"UpperBody": {
					"rotation": {
						"0.0": ["v.jump?-20:0", "v.jump?0:15", 0],
						"0.0417": {
							"pre": ["v.jump?7.06:0.117", "v.jump?0:14.7352", 0],
							"post": ["v.jump?7.06:0.117", "v.jump?0:14.7352", 0],
							"lerp_mode": "catmullrom"
						},
						"0.0833": {
							"post": ["v.jump?30.53:4.8851", "v.jump?0:2.1551", 0],
							"lerp_mode": "catmullrom"
						},
						"0.1667": {
							"post": ["v.jump?36:15", "v.jump?0:-40", 0],
							"lerp_mode": "catmullrom"
						},
						"0.2917": ["v.jump?36:15", "v.jump?0:-40", 0],
						"0.5": {
							"pre": ["v.jump?36:15", "v.jump?0:-40", 0],
							"post": ["v.jump?36:15", "v.jump?0:-40", 0],
							"lerp_mode": "catmullrom"
						},
						"0.75": {
							"post": ["v.jump?36:15", "v.jump?0:-40", 0],
							"lerp_mode": "catmullrom"
						},
						"1.0833": {
							"post": [0, 0, 0],
							"lerp_mode": "catmullrom"
						},
						"1.5": {
							"post": [0, 0, 0],
							"lerp_mode": "catmullrom"
						}
					}
				},
				"RightArm": {
					"rotation": {
						"0.0": [-167.21, 2.73, "v.jump?-33.2615:-90+v.random"],
						"0.0833": {
							"pre": ["v.jump?-150:-80", 1.52, "v.jump?-18.59:-90+v.random"],
							"post": ["v.jump?-150:-80", 1.52, "v.jump?-18.59:-90+v.random"],
							"lerp_mode": "catmullrom"
						},
						"0.1667": {
							"post": ["v.jump?-60:-60", 0, "v.jump?-7.4954:-90+v.random"],
							"lerp_mode": "catmullrom"
						},
						"0.25": ["v.jump?-40:-60", 0, "v.jump?-7.4954:-90+v.random"],
						"0.75": ["v.jump?-37.2289:-60", 0, "v.jump?-7.4954:-90+v.random"],
						"1.0": {
							"pre": [-85.22452, -2.75181, 56.00523],
							"post": [-85.22452, -2.75181, 56.00523],
							"lerp_mode": "catmullrom"
						},
						"1.4167": {
							"post": [-85.22452, -2.75181, 56.00523],
							"lerp_mode": "catmullrom"
						},
						"1.5": {
							"post": [10, 0, 7.5],
							"lerp_mode": "catmullrom"
						}
					}
				},
				"RightForeArm": {
					"rotation": {
						"0.0": {
							"post": [-90, 0, 0],
							"lerp_mode": "catmullrom"
						},
						"0.0833": {
							"post": [-14, 0, 0],
							"lerp_mode": "catmullrom"
						},
						"0.25": {
							"post": [0, 0, 0],
							"lerp_mode": "catmullrom"
						},
						"0.75": {
							"post": [0, 0, 0],
							"lerp_mode": "catmullrom"
						},
						"1.0": {
							"post": [0, 0, 0],
							"lerp_mode": "catmullrom"
						},
						"1.4167": {
							"post": [-53.05557, 11.85986, 26.95579],
							"lerp_mode": "catmullrom"
						},
						"1.5": {
							"post": [0, 30, 0],
							"lerp_mode": "catmullrom"
						}
					}
				},
				"RightHand": {
					"rotation": {
						"0.0": {
							"post": [0, 0, 0],
							"lerp_mode": "catmullrom"
						},
						"0.0417": {
							"post": [5.41554, 0, 0],
							"lerp_mode": "catmullrom"
						},
						"0.0833": {
							"post": [20.91542, 0, 0],
							"lerp_mode": "catmullrom"
						},
						"0.125": {
							"post": [54.33, 0, 0],
							"lerp_mode": "catmullrom"
						},
						"0.2083": {
							"post": [59.78506, 0, 0],
							"lerp_mode": "catmullrom"
						},
						"0.2917": [60, 0, 0],
						"0.5": [60, 0, 0],
						"0.75": {
							"pre": [60, 0, 0],
							"post": [60, 0, 0],
							"lerp_mode": "catmullrom"
						},
						"1.4167": {
							"post": [30.59, 0, 0],
							"lerp_mode": "catmullrom"
						},
						"1.5": {
							"post": [17.5, 0, 0],
							"lerp_mode": "catmullrom"
						}
					}
				},
				"EGO": {
					"scale": 1
				}
			},
			"timeline": {
				"0.0": ["v.jump=q.is_jumping;", "v.random=math.random(-30,30);"]
			}
		}
	}
}