{
	"format_version": "1.12.0",
	"minecraft:geometry": [
		{
			"description": {
				"identifier": "geometry.unknown",
				"texture_width": 256,
				"texture_height": 256,
				"visible_bounds_width": 6,
				"visible_bounds_height": 6,
				"visible_bounds_offset": [0, 2, 0]
			},
			"bones": [
				{
					"name": "Arm",
					"pivot": [0, 34.79717, 0.06224]
				},
				{
					"name": "LeftArm",
					"parent": "Arm",
					"pivot": [3.65, 34.8481, 0.88724],
					"cubes": [
						{
							"origin": [2.13359, 27.92728, -0.5779],
							"size": [2.3, 7.7, 2.95],
							"pivot": [3.35859, 34.02728, 0.9471],
							"rotation": [4.99527, -0.21782, -2.5095],
							"uv": {
								"north": {"uv": [57.032, 96.032], "uv_size": [2.468, 7.468]},
								"east": {"uv": [51.032, 91.032], "uv_size": [2.936, 7.468]},
								"south": {"uv": [0.032, 97.032], "uv_size": [2.468, 7.468]},
								"west": {"uv": [62.032, 91.032], "uv_size": [2.936, 7.468]},
								"up": {"uv": [94.032, 125.032], "uv_size": [2.468, 2.936]},
								"down": {"uv": [125.032, 109.968], "uv_size": [2.468, -2.936]}
							}
						},
						{
							"origin": [2.03359, 27.80228, -0.6779],
							"size": [2.5, 7.925, 3.15],
							"pivot": [3.35859, 34.02728, 0.9471],
							"rotation": [4.99527, -0.21782, -2.5095],
							"uv": {
								"north": {"uv": [86.032, 94.032], "uv_size": [2.468, 7.936]},
								"east": {"uv": [42.032, 85.032], "uv_size": [2.936, 7.936]},
								"south": {"uv": [95.032, 90.032], "uv_size": [2.468, 7.936]},
								"west": {"uv": [20.032, 90.032], "uv_size": [2.936, 7.936]},
								"up": {"uv": [128.032, 36.032], "uv_size": [2.468, 2.936]},
								"down": {"uv": [128.032, 41.968], "uv_size": [2.468, -2.936]}
							}
						},
						{
							"origin": [2.33347, 27.92256, -0.48298],
							"size": [2.3, 2.05, 2.1],
							"pivot": [3.60847, 29.37256, 2.04202],
							"rotation": [49.99527, -0.21782, -2.5095],
							"uv": {
								"north": {"uv": [136.032, 107.032], "uv_size": [2.468, 1.936]},
								"east": {"uv": [16.032, 101.032], "uv_size": [1.936, 1.936]},
								"south": {"uv": [136.032, 112.032], "uv_size": [2.468, 1.936]},
								"west": {"uv": [103.032, 15.032], "uv_size": [1.936, 1.936]},
								"up": {"uv": [136.032, 114.032], "uv_size": [2.468, 1.936]},
								"down": {"uv": [118.032, 137.968], "uv_size": [2.468, -1.936]}
							}
						}
					]
				},
				{
					"name": "ysmGlowbone63",
					"parent": "LeftArm",
					"pivot": [3.44822, 31.87325, 1.08373],
					"rotation": [-2.71687, -9.41059, -6.88807],
					"cubes": [
						{
							"origin": [1.82322, 33.15241, -0.86797],
							"size": [3.25, 0.65, 3.9],
							"pivot": [3.27322, 31.87741, 1.08203],
							"rotation": [4.95456, -0.67341, 2.72087],
							"uv": {
								"north": {"uv": [153.032, 73.032], "uv_size": [3.468, 0.468]},
								"east": {"uv": [112.032, 152.032], "uv_size": [3.936, 0.468]},
								"south": {"uv": [153.032, 74.032], "uv_size": [3.468, 0.468]},
								"west": {"uv": [152.032, 112.032], "uv_size": [3.936, 0.468]},
								"up": {"uv": [106.032, 70.032], "uv_size": [3.468, 3.936]},
								"down": {"uv": [76.032, 109.968], "uv_size": [3.468, -3.936]}
							}
						},
						{
							"origin": [1.87322, 30.60241, -0.81797],
							"size": [3.15, 2.575, 3.8],
							"pivot": [3.27322, 31.87741, 1.08203],
							"rotation": [4.95456, -0.67341, 2.72087],
							"uv": {
								"north": {"uv": [128.032, 74.032], "uv_size": [2.936, 2.468]},
								"east": {"uv": [24.032, 118.032], "uv_size": [3.936, 2.468]},
								"south": {"uv": [128.032, 77.032], "uv_size": [2.936, 2.468]},
								"west": {"uv": [118.032, 30.032], "uv_size": [3.936, 2.468]},
								"up": {"uv": [112.032, 0.032], "uv_size": [2.936, 3.936]},
								"down": {"uv": [3.032, 115.968], "uv_size": [2.936, -3.936]}
							}
						},
						{
							"origin": [1.82322, 29.95241, -0.86797],
							"size": [3.25, 0.65, 3.9],
							"pivot": [3.27322, 31.87741, 1.08203],
							"rotation": [4.95456, -0.67341, 2.72087],
							"uv": {
								"north": {"uv": [153.032, 75.032], "uv_size": [3.468, 0.468]},
								"east": {"uv": [152.032, 113.032], "uv_size": [3.936, 0.468]},
								"south": {"uv": [153.032, 76.032], "uv_size": [3.468, 0.468]},
								"west": {"uv": [152.032, 114.032], "uv_size": [3.936, 0.468]},
								"up": {"uv": [106.032, 84.032], "uv_size": [3.468, 3.936]},
								"down": {"uv": [106.032, 91.968], "uv_size": [3.468, -3.936]}
							}
						}
					]
				},
				{
					"name": "LeftForeArm",
					"parent": "LeftArm",
					"pivot": [3.325, 27.8981, 1.46224],
					"rotation": [-3.25, 0, 0],
					"cubes": [
						{
							"origin": [3.575, 21.87515, 0.03452],
							"size": [1.15, 6, 2.8],
							"pivot": [3.725, 24.87515, 1.53452],
							"rotation": [0, 0, -2],
							"uv": {
								"north": {"uv": [92.032, 78.032], "uv_size": [0.936, 5.936]},
								"east": {"uv": [96.032, 78.032], "uv_size": [2.936, 5.936]},
								"south": {"uv": [55.032, 129.032], "uv_size": [0.936, 5.936]},
								"west": {"uv": [97.032, 10.032], "uv_size": [2.936, 5.936]},
								"up": {"uv": [139.032, 147.032], "uv_size": [0.936, 2.936]},
								"down": {"uv": [140.032, 149.968], "uv_size": [0.936, -2.936]}
							}
						},
						{
							"origin": [2.61115, 21.87554, 1.14087],
							"size": [1.725, 6, 1.4],
							"pivot": [3.73615, 24.87554, 1.84087],
							"rotation": [0, -49.75, -2],
							"uv": {
								"north": {"uv": [120.032, 89.032], "uv_size": [1.468, 5.936]},
								"east": {"uv": [103.032, 120.032], "uv_size": [1.468, 5.936]},
								"south": {"uv": [120.032, 104.032], "uv_size": [1.468, 5.936]},
								"west": {"uv": [105.032, 120.032], "uv_size": [1.468, 5.936]},
								"up": {"uv": [150.032, 42.032], "uv_size": [1.468, 1.468]},
								"down": {"uv": [150.032, 45.5], "uv_size": [1.468, -1.468]}
							}
						},
						{
							"origin": [2.475, 21.87515, 0.03452],
							"size": [2.25, 6, 1.4],
							"pivot": [3.725, 24.87515, 1.53452],
							"rotation": [0, 0, -2],
							"uv": {
								"north": {"uv": [103.032, 84.032], "uv_size": [2.468, 5.936]},
								"east": {"uv": [101.032, 119.032], "uv_size": [1.468, 5.936]},
								"south": {"uv": [103.032, 90.032], "uv_size": [2.468, 5.936]},
								"west": {"uv": [120.032, 58.032], "uv_size": [1.468, 5.936]},
								"up": {"uv": [143.032, 83.032], "uv_size": [2.468, 1.468]},
								"down": {"uv": [143.032, 86.5], "uv_size": [2.468, -1.468]}
							}
						},
						{
							"origin": [2.4, 23.57515, -0.11548],
							"size": [2.5, 4.575, 3.025],
							"pivot": [3.725, 24.87515, 1.53452],
							"rotation": [0, 0, -2],
							"uv": {
								"north": {"uv": [82.032, 112.032], "uv_size": [2.468, 4.468]},
								"east": {"uv": [3.032, 107.032], "uv_size": [2.936, 4.468]},
								"south": {"uv": [86.032, 112.032], "uv_size": [2.468, 4.468]},
								"west": {"uv": [107.032, 24.032], "uv_size": [2.936, 4.468]},
								"up": {"uv": [41.032, 128.032], "uv_size": [2.468, 2.936]},
								"down": {"uv": [128.032, 44.968], "uv_size": [2.468, -2.936]}
							}
						},
						{
							"origin": [2.45, 23.15015, -0.06548],
							"size": [2.4, 0.875, 2.925],
							"pivot": [3.725, 24.87515, 1.53452],
							"rotation": [0, 0, -2],
							"uv": {
								"north": {"uv": [148.032, 107.032], "uv_size": [2.468, 0.936]},
								"east": {"uv": [109.032, 5.032], "uv_size": [2.936, 0.936]},
								"south": {"uv": [148.032, 108.032], "uv_size": [2.468, 0.936]},
								"west": {"uv": [111.032, 44.032], "uv_size": [2.936, 0.936]},
								"up": {"uv": [44.032, 128.032], "uv_size": [2.468, 2.936]},
								"down": {"uv": [128.032, 47.968], "uv_size": [2.468, -2.936]}
							}
						}
					]
				},
				{
					"name": "bone11",
					"parent": "LeftForeArm",
					"pivot": [3.35859, 33.47933, 1.01938],
					"cubes": [
						{
							"origin": [1.95859, 24.45433, -0.95562],
							"size": [2.65, 1.025, 3.3],
							"pivot": [3.35859, 33.47933, 1.01938],
							"rotation": [4.99527, -0.21782, -2.5095],
							"uv": {
								"north": {"uv": [149.032, 65.032], "uv_size": [2.468, 0.936]},
								"east": {"uv": [145.032, 2.032], "uv_size": [3.468, 0.936]},
								"south": {"uv": [149.032, 100.032], "uv_size": [2.468, 0.936]},
								"west": {"uv": [145.032, 14.032], "uv_size": [3.468, 0.936]},
								"up": {"uv": [13.032, 123.032], "uv_size": [2.468, 3.468]},
								"down": {"uv": [123.032, 22.5], "uv_size": [2.468, -3.468]}
							}
						},
						{
							"origin": [3.23359, 24.37933, -1.03062],
							"size": [1.125, 1.175, 0.175],
							"pivot": [3.35859, 33.47933, 1.01938],
							"rotation": [4.99527, -0.21782, -2.5095],
							"uv": {
								"north": {"uv": [157.032, 118.032], "uv_size": [0.936, 0.936]},
								"east": {"uv": [129.032, 159.032], "uv_size": [0.468, 0.936]},
								"south": {"uv": [157.032, 119.032], "uv_size": [0.936, 0.936]},
								"west": {"uv": [130.032, 159.032], "uv_size": [0.468, 0.936]},
								"up": {"uv": [131.032, 159.032], "uv_size": [0.936, 0.468]},
								"down": {"uv": [132.032, 159.5], "uv_size": [0.936, -0.468]}
							}
						},
						{
							"origin": [3.35859, 24.50433, -1.08062],
							"size": [0.875, 0.925, 0.175],
							"pivot": [3.35859, 33.47933, 1.01938],
							"rotation": [4.99527, -0.21782, -2.5095],
							"uv": {
								"north": {"uv": [157.032, 120.032], "uv_size": [0.936, 0.936]},
								"east": {"uv": [133.032, 159.032], "uv_size": [0.468, 0.936]},
								"south": {"uv": [122.032, 157.032], "uv_size": [0.936, 0.936]},
								"west": {"uv": [134.032, 159.032], "uv_size": [0.468, 0.936]},
								"up": {"uv": [135.032, 159.032], "uv_size": [0.936, 0.468]},
								"down": {"uv": [159.032, 135.5], "uv_size": [0.936, -0.468]}
							}
						},
						{
							"origin": [3.83359, 24.82933, -1.13062],
							"size": [0.65, 0.275, 0.225],
							"pivot": [3.35859, 33.47933, 1.01938],
							"rotation": [4.99527, -0.21782, -2.5095],
							"uv": {
								"north": {"uv": [161.032, 75.032], "uv_size": [0.468, 0.468]},
								"east": {"uv": [76.032, 161.032], "uv_size": [0.468, 0.468]},
								"south": {"uv": [161.032, 76.032], "uv_size": [0.468, 0.468]},
								"west": {"uv": [77.032, 161.032], "uv_size": [0.468, 0.468]},
								"up": {"uv": [161.032, 77.032], "uv_size": [0.468, 0.468]},
								"down": {"uv": [78.032, 161.5], "uv_size": [0.468, -0.468]}
							}
						}
					]
				},
				{
					"name": "bone12",
					"parent": "LeftForeArm",
					"pivot": [3.28359, 35.50433, 1.01938],
					"cubes": [
						{
							"origin": [1.88359, 26.47933, -0.95562],
							"size": [2.65, 1.025, 3.3],
							"pivot": [3.28359, 35.50433, 1.01938],
							"rotation": [4.99527, -0.21782, -2.5095],
							"uv": {
								"north": {"uv": [149.032, 104.032], "uv_size": [2.468, 0.936]},
								"east": {"uv": [145.032, 15.032], "uv_size": [3.468, 0.936]},
								"south": {"uv": [149.032, 105.032], "uv_size": [2.468, 0.936]},
								"west": {"uv": [145.032, 42.032], "uv_size": [3.468, 0.936]},
								"up": {"uv": [123.032, 23.032], "uv_size": [2.468, 3.468]},
								"down": {"uv": [123.032, 36.5], "uv_size": [2.468, -3.468]}
							}
						},
						{
							"origin": [3.15859, 26.40433, -1.03062],
							"size": [1.125, 1.175, 0.175],
							"pivot": [3.28359, 35.50433, 1.01938],
							"rotation": [4.99527, -0.21782, -2.5095],
							"uv": {
								"north": {"uv": [123.032, 157.032], "uv_size": [0.936, 0.936]},
								"east": {"uv": [136.032, 159.032], "uv_size": [0.468, 0.936]},
								"south": {"uv": [157.032, 127.032], "uv_size": [0.936, 0.936]},
								"west": {"uv": [159.032, 136.032], "uv_size": [0.468, 0.936]},
								"up": {"uv": [159.032, 137.032], "uv_size": [0.936, 0.468]},
								"down": {"uv": [159.032, 138.5], "uv_size": [0.936, -0.468]}
							}
						},
						{
							"origin": [3.28359, 26.52933, -1.08062],
							"size": [0.875, 0.925, 0.175],
							"pivot": [3.28359, 35.50433, 1.01938],
							"rotation": [4.99527, -0.21782, -2.5095],
							"uv": {
								"north": {"uv": [157.032, 128.032], "uv_size": [0.936, 0.936]},
								"east": {"uv": [159.032, 139.032], "uv_size": [0.468, 0.936]},
								"south": {"uv": [129.032, 157.032], "uv_size": [0.936, 0.936]},
								"west": {"uv": [159.032, 140.032], "uv_size": [0.468, 0.936]},
								"up": {"uv": [159.032, 142.032], "uv_size": [0.936, 0.468]},
								"down": {"uv": [159.032, 143.5], "uv_size": [0.936, -0.468]}
							}
						},
						{
							"origin": [3.75859, 26.85433, -1.13062],
							"size": [0.65, 0.275, 0.225],
							"pivot": [3.28359, 35.50433, 1.01938],
							"rotation": [4.99527, -0.21782, -2.5095],
							"uv": {
								"north": {"uv": [161.032, 78.032], "uv_size": [0.468, 0.468]},
								"east": {"uv": [79.032, 161.032], "uv_size": [0.468, 0.468]},
								"south": {"uv": [161.032, 79.032], "uv_size": [0.468, 0.468]},
								"west": {"uv": [80.032, 161.032], "uv_size": [0.468, 0.468]},
								"up": {"uv": [161.032, 80.032], "uv_size": [0.468, 0.468]},
								"down": {"uv": [81.032, 161.5], "uv_size": [0.468, -0.468]}
							}
						}
					]
				},
				{
					"name": "LeftHand",
					"parent": "LeftForeArm",
					"pivot": [3.93668, 21.6825, 1.33452],
					"rotation": [0, 15, 0],
					"cubes": [
						{
							"origin": [3.46624, 19.95955, 0.11525],
							"size": [1.6, 2, 2.2],
							"pivot": [3.39641, 19.60045, 1.6258],
							"rotation": [0.87038, -4.92385, -8.28742],
							"uv": {
								"north": {"uv": [22.032, 146.032], "uv_size": [1.468, 1.936]},
								"east": {"uv": [108.032, 45.032], "uv_size": [1.936, 1.936]},
								"south": {"uv": [146.032, 26.032], "uv_size": [1.468, 1.936]},
								"west": {"uv": [80.032, 108.032], "uv_size": [1.936, 1.936]},
								"up": {"uv": [146.032, 28.032], "uv_size": [1.468, 1.936]},
								"down": {"uv": [146.032, 31.968], "uv_size": [1.468, -1.936]}
							}
						},
						{
							"origin": [3.46624, 19.79525, 2.37836],
							"size": [1.6, 2, 1],
							"pivot": [3.39641, 19.60045, 1.6258],
							"rotation": [13.87038, -4.92385, -8.28742],
							"uv": {
								"north": {"uv": [81.032, 146.032], "uv_size": [1.468, 1.936]},
								"east": {"uv": [16.032, 152.032], "uv_size": [0.936, 1.936]},
								"south": {"uv": [83.032, 146.032], "uv_size": [1.468, 1.936]},
								"west": {"uv": [17.032, 152.032], "uv_size": [0.936, 1.936]},
								"up": {"uv": [153.032, 145.032], "uv_size": [1.468, 0.936]},
								"down": {"uv": [153.032, 150.968], "uv_size": [1.468, -0.936]}
							}
						},
						{
							"origin": [3.68009, 18.75799, 1.91611],
							"size": [1, 2, 0.8],
							"pivot": [3.39641, 19.60045, 1.6258],
							"rotation": [-1.50701, -4.76804, 19.31274],
							"uv": {
								"north": {"uv": [105.032, 50.032], "uv_size": [0.936, 1.936]},
								"east": {"uv": [105.032, 70.032], "uv_size": [0.936, 1.936]},
								"south": {"uv": [106.032, 24.032], "uv_size": [0.936, 1.936]},
								"west": {"uv": [99.032, 107.032], "uv_size": [0.936, 1.936]},
								"up": {"uv": [110.032, 49.032], "uv_size": [0.936, 0.936]},
								"down": {"uv": [67.032, 113.968], "uv_size": [0.936, -0.936]}
							}
						},
						{
							"origin": [3.37591, 18.01685, 2.70927],
							"size": [0.8, 1.4, 0.8],
							"pivot": [3.85571, 19.00979, 3.11742],
							"rotation": [-4.06985, -4.19649, 32.2449],
							"uv": {
								"north": {"uv": [101.032, 153.032], "uv_size": [0.936, 1.468]},
								"east": {"uv": [109.032, 153.032], "uv_size": [0.936, 1.468]},
								"south": {"uv": [153.032, 110.032], "uv_size": [0.936, 1.468]},
								"west": {"uv": [112.032, 153.032], "uv_size": [0.936, 1.468]},
								"up": {"uv": [114.032, 27.032], "uv_size": [0.936, 0.936]},
								"down": {"uv": [116.032, 39.968], "uv_size": [0.936, -0.936]}
							}
						},
						{
							"origin": [3.47036, 19.32011, 2.70927],
							"size": [0.8, 1.3, 0.8],
							"pivot": [3.85571, 19.00979, 3.11742],
							"rotation": [-2.84463, -5.10628, 17.2226],
							"uv": {
								"north": {"uv": [153.032, 141.032], "uv_size": [0.936, 1.468]},
								"east": {"uv": [153.032, 143.032], "uv_size": [0.936, 1.468]},
								"south": {"uv": [148.032, 153.032], "uv_size": [0.936, 1.468]},
								"west": {"uv": [153.032, 148.032], "uv_size": [0.936, 1.468]},
								"up": {"uv": [151.032, 8.032], "uv_size": [0.936, 0.936]},
								"down": {"uv": [151.032, 41.968], "uv_size": [0.936, -0.936]}
							}
						},
						{
							"origin": [3.80265, 18.55047, 1.91611],
							"size": [0.8, 2, 0.8],
							"pivot": [3.39641, 19.60045, 1.6258],
							"rotation": [-4.99924, -0.08716, 90.75381],
							"uv": {
								"north": {"uv": [85.032, 115.032], "uv_size": [0.936, 1.936]},
								"east": {"uv": [42.032, 116.032], "uv_size": [0.936, 1.936]},
								"south": {"uv": [94.032, 117.032], "uv_size": [0.936, 1.936]},
								"west": {"uv": [2.032, 118.032], "uv_size": [0.936, 1.936]},
								"up": {"uv": [119.032, 83.032], "uv_size": [0.936, 0.936]},
								"down": {"uv": [119.032, 104.968], "uv_size": [0.936, -0.936]}
							}
						},
						{
							"origin": [3.71175, 18.69001, 1.11525],
							"size": [1, 2, 0.8],
							"pivot": [3.39641, 19.60045, 1.6258],
							"rotation": [-1.50701, -4.76804, 19.31274],
							"uv": {
								"north": {"uv": [13.032, 152.032], "uv_size": [0.936, 1.936]},
								"east": {"uv": [152.032, 13.032], "uv_size": [0.936, 1.936]},
								"south": {"uv": [14.032, 152.032], "uv_size": [0.936, 1.936]},
								"west": {"uv": [152.032, 15.032], "uv_size": [0.936, 1.936]},
								"up": {"uv": [147.032, 99.032], "uv_size": [0.936, 0.936]},
								"down": {"uv": [150.032, 85.968], "uv_size": [0.936, -0.936]}
							}
						},
						{
							"origin": [3.58545, 19.05775, 1.11525],
							"size": [0.8, 1.8, 0.8],
							"pivot": [3.39641, 19.60045, 1.6258],
							"rotation": [-4.8522, 1.20816, 105.69881],
							"uv": {
								"north": {"uv": [152.032, 7.032], "uv_size": [0.936, 1.936]},
								"east": {"uv": [152.032, 9.032], "uv_size": [0.936, 1.936]},
								"south": {"uv": [11.032, 152.032], "uv_size": [0.936, 1.936]},
								"west": {"uv": [152.032, 11.032], "uv_size": [0.936, 1.936]},
								"up": {"uv": [147.032, 69.032], "uv_size": [0.936, 0.936]},
								"down": {"uv": [147.032, 82.968], "uv_size": [0.936, -0.936]}
							}
						},
						{
							"origin": [3.97851, 19.24405, 0.21526],
							"size": [1, 1, 0.9],
							"pivot": [3.39641, 19.60045, 1.6258],
							"rotation": [0, -5, 1.75],
							"uv": {
								"north": {"uv": [5.032, 120.032], "uv_size": [0.936, 0.936]},
								"east": {"uv": [120.032, 7.032], "uv_size": [0.936, 0.936]},
								"south": {"uv": [120.032, 16.032], "uv_size": [0.936, 0.936]},
								"west": {"uv": [13.032, 122.032], "uv_size": [0.936, 0.936]},
								"up": {"uv": [123.032, 57.032], "uv_size": [0.936, 0.936]},
								"down": {"uv": [61.032, 123.968], "uv_size": [0.936, -0.936]}
							}
						},
						{
							"origin": [4.08968, 18.21096, 0.21564],
							"size": [0.8, 2, 0.8],
							"pivot": [3.39641, 19.60045, 1.6258],
							"rotation": [-2.87277, -4.09405, 36.8527],
							"uv": {
								"north": {"uv": [7.032, 121.032], "uv_size": [0.936, 1.936]},
								"east": {"uv": [77.032, 121.032], "uv_size": [0.936, 1.936]},
								"south": {"uv": [39.032, 122.032], "uv_size": [0.936, 1.936]},
								"west": {"uv": [53.032, 122.032], "uv_size": [0.936, 1.936]},
								"up": {"uv": [73.032, 123.032], "uv_size": [0.936, 0.936]},
								"down": {"uv": [79.032, 123.968], "uv_size": [0.936, -0.936]}
							}
						},
						{
							"origin": [0.96868, 19.7572, 1.17751],
							"size": [0.9, 1.6, 1.6],
							"pivot": [3.39641, 19.60045, 1.6258],
							"rotation": [13.74956, -45.34628, 35.73038],
							"uv": {
								"north": {"uv": [113.032, 153.032], "uv_size": [0.936, 1.468]},
								"east": {"uv": [150.032, 20.032], "uv_size": [1.468, 1.468]},
								"south": {"uv": [114.032, 153.032], "uv_size": [0.936, 1.468]},
								"west": {"uv": [150.032, 22.032], "uv_size": [1.468, 1.468]},
								"up": {"uv": [115.032, 153.032], "uv_size": [0.936, 1.468]},
								"down": {"uv": [116.032, 154.5], "uv_size": [0.936, -1.468]}
							}
						},
						{
							"origin": [1.31659, 19.08035, 0.6846],
							"size": [0.9, 1.8, 0.9],
							"pivot": [3.39641, 19.60045, 1.6258],
							"rotation": [20.74366, -42.03023, -5.97506],
							"uv": {
								"north": {"uv": [87.032, 124.032], "uv_size": [0.936, 1.936]},
								"east": {"uv": [126.032, 12.032], "uv_size": [0.936, 1.936]},
								"south": {"uv": [126.032, 25.032], "uv_size": [0.936, 1.936]},
								"west": {"uv": [64.032, 126.032], "uv_size": [0.936, 1.936]},
								"up": {"uv": [123.032, 82.032], "uv_size": [0.936, 0.936]},
								"down": {"uv": [35.032, 124.968], "uv_size": [0.936, -0.936]}
							}
						}
					]
				},
				{
					"name": "LeftHandLocator",
					"parent": "LeftHand",
					"pivot": [3.825, 18.90015, 2.28452]
				},
				{
					"name": "RightArm",
					"parent": "Arm",
					"pivot": [-3.65, 34.8481, 0.88724],
					"cubes": [
						{
							"origin": [-4.43359, 27.92728, -0.5779],
							"size": [2.3, 7.7, 2.95],
							"pivot": [-3.35859, 34.02728, 0.9471],
							"rotation": [4.99527, 0.21782, 2.5095],
							"uv": {
								"north": {"uv": [20.032, 98.032], "uv_size": [2.468, 7.468]},
								"east": {"uv": [65.032, 91.032], "uv_size": [2.936, 7.468]},
								"south": {"uv": [45.032, 98.032], "uv_size": [2.468, 7.468]},
								"west": {"uv": [68.032, 91.032], "uv_size": [2.936, 7.468]},
								"up": {"uv": [125.032, 110.032], "uv_size": [2.468, 2.936]},
								"down": {"uv": [120.032, 127.968], "uv_size": [2.468, -2.936]}
							}
						},
						{
							"origin": [-4.53359, 27.80228, -0.6779],
							"size": [2.5, 7.925, 3.15],
							"pivot": [-3.35859, 34.02728, 0.9471],
							"rotation": [4.99527, 0.21782, 2.5095],
							"uv": {
								"north": {"uv": [96.032, 0.032], "uv_size": [2.468, 7.936]},
								"east": {"uv": [45.032, 90.032], "uv_size": [2.936, 7.936]},
								"south": {"uv": [31.032, 96.032], "uv_size": [2.468, 7.936]},
								"west": {"uv": [48.032, 91.032], "uv_size": [2.936, 7.936]},
								"up": {"uv": [48.032, 128.032], "uv_size": [2.468, 2.936]},
								"down": {"uv": [128.032, 55.968], "uv_size": [2.468, -2.936]}
							}
						},
						{
							"origin": [-4.63347, 27.92256, -0.48298],
							"size": [2.3, 2.05, 2.1],
							"pivot": [-3.60847, 29.37256, 2.04202],
							"rotation": [49.99527, 0.21782, 2.5095],
							"uv": {
								"north": {"uv": [136, 121], "uv_size": [2.5, 2]},
								"east": {"uv": [16, 115], "uv_size": [2, 2]},
								"south": {"uv": [136, 123], "uv_size": [2.5, 2]},
								"west": {"uv": [124, 102], "uv_size": [2, 2]},
								"up": {"uv": [136, 127], "uv_size": [2.5, 2]},
								"down": {"uv": [136, 131], "uv_size": [2.5, -2]}
							}
						}
					]
				},
				{
					"name": "bone8",
					"parent": "RightArm",
					"pivot": [-3.35859, 34.02728, 0.9471],
					"cubes": [
						{
							"origin": [-4.60859, 32.05228, -0.7529],
							"size": [2.65, 1.025, 3.3],
							"pivot": [-3.35859, 34.02728, 0.9471],
							"rotation": [4.99527, 0.21782, 2.5095],
							"uv": {
								"north": {"uv": [149.032, 5.032], "uv_size": [2.468, 0.936]},
								"east": {"uv": [144.032, 123.032], "uv_size": [3.468, 0.936]},
								"south": {"uv": [149.032, 14.032], "uv_size": [2.468, 0.936]},
								"west": {"uv": [144.032, 124.032], "uv_size": [3.468, 0.936]},
								"up": {"uv": [0.032, 123.032], "uv_size": [2.468, 3.468]},
								"down": {"uv": [123.032, 3.5], "uv_size": [2.468, -3.468]}
							}
						},
						{
							"origin": [-3.75859, 31.97728, -0.8279],
							"size": [1.125, 1.175, 0.175],
							"pivot": [-3.35859, 34.02728, 0.9471],
							"rotation": [4.99527, 0.21782, 2.5095],
							"uv": {
								"north": {"uv": [107.032, 157.032], "uv_size": [0.936, 0.936]},
								"east": {"uv": [159.032, 108.032], "uv_size": [0.468, 0.936]},
								"south": {"uv": [157.032, 110.032], "uv_size": [0.936, 0.936]},
								"west": {"uv": [109.032, 159.032], "uv_size": [0.468, 0.936]},
								"up": {"uv": [159.032, 109.032], "uv_size": [0.936, 0.468]},
								"down": {"uv": [110.032, 159.5], "uv_size": [0.936, -0.468]}
							}
						},
						{
							"origin": [-3.63359, 32.10228, -0.8779],
							"size": [0.875, 0.925, 0.175],
							"pivot": [-3.35859, 34.02728, 0.9471],
							"rotation": [4.99527, 0.21782, 2.5095],
							"uv": {
								"north": {"uv": [157.032, 111.032], "uv_size": [0.936, 0.936]},
								"east": {"uv": [111.032, 159.032], "uv_size": [0.468, 0.936]},
								"south": {"uv": [157.032, 112.032], "uv_size": [0.936, 0.936]},
								"west": {"uv": [112.032, 159.032], "uv_size": [0.468, 0.936]},
								"up": {"uv": [113.032, 159.032], "uv_size": [0.936, 0.468]},
								"down": {"uv": [114.032, 159.5], "uv_size": [0.936, -0.468]}
							}
						},
						{
							"origin": [-3.90859, 32.42728, -0.9279],
							"size": [0.625, 0.275, 0.225],
							"pivot": [-3.35859, 34.02728, 0.9471],
							"rotation": [4.99527, 0.21782, 2.5095],
							"uv": {
								"north": {"uv": [161.032, 66.032], "uv_size": [0.468, 0.468]},
								"east": {"uv": [67.032, 161.032], "uv_size": [0.468, 0.468]},
								"south": {"uv": [161.032, 67.032], "uv_size": [0.468, 0.468]},
								"west": {"uv": [68.032, 161.032], "uv_size": [0.468, 0.468]},
								"up": {"uv": [161.032, 68.032], "uv_size": [0.468, 0.468]},
								"down": {"uv": [69.032, 161.5], "uv_size": [0.468, -0.468]}
							}
						}
					]
				},
				{
					"name": "bone9",
					"parent": "RightArm",
					"pivot": [-3.51418, 30.41131, -0.23],
					"rotation": [0, 0, 15],
					"cubes": [
						{
							"origin": [-4.87841, 30.00611, -0.7529],
							"size": [2.95, 1.025, 3.5],
							"pivot": [-3.45341, 31.98111, 0.9471],
							"rotation": [4.99527, 0.21782, 2.5095],
							"uv": {
								"north": {"uv": [114.032, 35.032], "uv_size": [2.936, 0.936]},
								"east": {"uv": [144.032, 127.032], "uv_size": [3.468, 0.936]},
								"south": {"uv": [114.032, 52.032], "uv_size": [2.936, 0.936]},
								"west": {"uv": [144.032, 128.032], "uv_size": [3.468, 0.936]},
								"up": {"uv": [19.032, 117.032], "uv_size": [2.936, 3.468]},
								"down": {"uv": [117.032, 38.5], "uv_size": [2.936, -3.468]}
							}
						},
						{
							"origin": [-3.32841, 29.93111, -0.8279],
							"size": [1.125, 1.175, 0.175],
							"pivot": [-3.45341, 31.98111, 0.9471],
							"rotation": [4.99527, 0.21782, 2.5095],
							"uv": {
								"north": {"uv": [113.032, 157.032], "uv_size": [0.936, 0.936]},
								"east": {"uv": [115.032, 159.032], "uv_size": [0.468, 0.936]},
								"south": {"uv": [157.032, 113.032], "uv_size": [0.936, 0.936]},
								"west": {"uv": [116.032, 159.032], "uv_size": [0.468, 0.936]},
								"up": {"uv": [159.032, 116.032], "uv_size": [0.936, 0.468]},
								"down": {"uv": [159.032, 117.5], "uv_size": [0.936, -0.468]}
							}
						},
						{
							"origin": [-3.20341, 30.05611, -0.8779],
							"size": [0.875, 0.925, 0.175],
							"pivot": [-3.45341, 31.98111, 0.9471],
							"rotation": [4.99527, 0.21782, 2.5095],
							"uv": {
								"north": {"uv": [114.032, 157.032], "uv_size": [0.936, 0.936]},
								"east": {"uv": [159.032, 118.032], "uv_size": [0.468, 0.936]},
								"south": {"uv": [115.032, 157.032], "uv_size": [0.936, 0.936]},
								"west": {"uv": [159.032, 119.032], "uv_size": [0.468, 0.936]},
								"up": {"uv": [159.032, 120.032], "uv_size": [0.936, 0.468]},
								"down": {"uv": [159.032, 121.5], "uv_size": [0.936, -0.468]}
							}
						},
						{
							"origin": [-3.47841, 30.38111, -0.9279],
							"size": [0.625, 0.275, 0.225],
							"pivot": [-3.45341, 31.98111, 0.9471],
							"rotation": [4.99527, 0.21782, 2.5095],
							"uv": {
								"north": {"uv": [161.032, 69.032], "uv_size": [0.468, 0.468]},
								"east": {"uv": [70.032, 161.032], "uv_size": [0.468, 0.468]},
								"south": {"uv": [161.032, 70.032], "uv_size": [0.468, 0.468]},
								"west": {"uv": [71.032, 161.032], "uv_size": [0.468, 0.468]},
								"up": {"uv": [161.032, 71.032], "uv_size": [0.468, 0.468]},
								"down": {"uv": [72.032, 161.5], "uv_size": [0.468, -0.468]}
							}
						}
					]
				},
				{
					"name": "RightForeArm",
					"parent": "RightArm",
					"pivot": [-3.325, 28.0481, 1.31224],
					"rotation": [0.25, 0, 0],
					"cubes": [
						{
							"origin": [-4.725, 21.87311, -0.01898],
							"size": [1.15, 6, 2.7],
							"pivot": [-3.725, 24.87311, 1.48102],
							"rotation": [0, 0, 2],
							"uv": {
								"north": {"uv": [75.032, 129.032], "uv_size": [0.936, 5.936]},
								"east": {"uv": [98.032, 48.032], "uv_size": [2.936, 5.936]},
								"south": {"uv": [59.032, 131.032], "uv_size": [0.936, 5.936]},
								"west": {"uv": [98.032, 67.032], "uv_size": [2.936, 5.936]},
								"up": {"uv": [147.032, 140.032], "uv_size": [0.936, 2.936]},
								"down": {"uv": [147.032, 145.968], "uv_size": [0.936, -2.936]}
							}
						},
						{
							"origin": [-4.33615, 21.8735, 1.08737],
							"size": [1.725, 6, 1.4],
							"pivot": [-3.73615, 24.8735, 1.78737],
							"rotation": [0, 49.75, 2],
							"uv": {
								"north": {"uv": [107.032, 120.032], "uv_size": [1.468, 5.936]},
								"east": {"uv": [120.032, 110.032], "uv_size": [1.468, 5.936]},
								"south": {"uv": [120.032, 119.032], "uv_size": [1.468, 5.936]},
								"west": {"uv": [5.032, 121.032], "uv_size": [1.468, 5.936]},
								"up": {"uv": [150.032, 46.032], "uv_size": [1.468, 1.468]},
								"down": {"uv": [150.032, 49.5], "uv_size": [1.468, -1.468]}
							}
						},
						{
							"origin": [-4.725, 21.87311, -0.01898],
							"size": [2.25, 6, 1.4],
							"pivot": [-3.725, 24.87311, 1.48102],
							"rotation": [0, 0, 2],
							"uv": {
								"north": {"uv": [100.032, 103.032], "uv_size": [2.468, 5.936]},
								"east": {"uv": [120.032, 64.032], "uv_size": [1.468, 5.936]},
								"south": {"uv": [103.032, 103.032], "uv_size": [2.468, 5.936]},
								"west": {"uv": [120.032, 83.032], "uv_size": [1.468, 5.936]},
								"up": {"uv": [86.032, 143.032], "uv_size": [2.468, 1.468]},
								"down": {"uv": [143.032, 94.5], "uv_size": [2.468, -1.468]}
							}
						},
						{
							"origin": [-4.85, 23.14811, -0.14398],
							"size": [2.4, 0.875, 2.925],
							"pivot": [-3.725, 24.87311, 1.45602],
							"rotation": [0, 0, 2],
							"uv": {
								"north": {"uv": [148.032, 115.032], "uv_size": [2.468, 0.936]},
								"east": {"uv": [111.032, 55.032], "uv_size": [2.936, 0.936]},
								"south": {"uv": [148.032, 121.032], "uv_size": [2.468, 0.936]},
								"west": {"uv": [111.032, 76.032], "uv_size": [2.936, 0.936]},
								"up": {"uv": [64.032, 128.032], "uv_size": [2.468, 2.936]},
								"down": {"uv": [67.032, 130.968], "uv_size": [2.468, -2.936]}
							}
						},
						{
							"origin": [-4.9, 23.57311, -0.19398],
							"size": [2.5, 4.575, 3.025],
							"pivot": [-3.725, 24.87311, 1.45602],
							"rotation": [0, 0, 2],
							"uv": {
								"north": {"uv": [89.032, 112.032], "uv_size": [2.468, 4.468]},
								"east": {"uv": [107.032, 56.032], "uv_size": [2.936, 4.468]},
								"south": {"uv": [92.032, 112.032], "uv_size": [2.468, 4.468]},
								"west": {"uv": [86.032, 107.032], "uv_size": [2.936, 4.468]},
								"up": {"uv": [128.032, 56.032], "uv_size": [2.468, 2.936]},
								"down": {"uv": [128.032, 64.968], "uv_size": [2.468, -2.936]}
							}
						}
					]
				},
				{
					"name": "bone10",
					"parent": "RightForeArm",
					"pivot": [-3.35859, 33.20229, 1.01588],
					"cubes": [
						{
							"origin": [-4.60859, 24.17729, -1.05912],
							"size": [2.65, 1.025, 3.3],
							"pivot": [-3.35859, 33.20229, 1.01588],
							"rotation": [4.99527, 0.21782, 2.5095],
							"uv": {
								"north": {"uv": [149.032, 15.032], "uv_size": [2.468, 0.936]},
								"east": {"uv": [145.032, 0.032], "uv_size": [3.468, 0.936]},
								"south": {"uv": [149.032, 40.032], "uv_size": [2.468, 0.936]},
								"west": {"uv": [145.032, 1.032], "uv_size": [3.468, 0.936]},
								"up": {"uv": [7.032, 123.032], "uv_size": [2.468, 3.468]},
								"down": {"uv": [123.032, 13.5], "uv_size": [2.468, -3.468]}
							}
						},
						{
							"origin": [-4.35859, 24.10229, -1.13412],
							"size": [1.125, 1.175, 0.175],
							"pivot": [-3.35859, 33.20229, 1.01588],
							"rotation": [4.99527, 0.21782, 2.5095],
							"uv": {
								"north": {"uv": [157.032, 115.032], "uv_size": [0.936, 0.936]},
								"east": {"uv": [159.032, 122.032], "uv_size": [0.468, 0.936]},
								"south": {"uv": [116.032, 157.032], "uv_size": [0.936, 0.936]},
								"west": {"uv": [159.032, 123.032], "uv_size": [0.468, 0.936]},
								"up": {"uv": [125.032, 159.032], "uv_size": [0.936, 0.468]},
								"down": {"uv": [159.032, 125.5], "uv_size": [0.936, -0.468]}
							}
						},
						{
							"origin": [-4.23359, 24.22729, -1.18412],
							"size": [0.875, 0.925, 0.175],
							"pivot": [-3.35859, 33.20229, 1.01588],
							"rotation": [4.99527, 0.21782, 2.5095],
							"uv": {
								"north": {"uv": [157.032, 116.032], "uv_size": [0.936, 0.936]},
								"east": {"uv": [126.032, 159.032], "uv_size": [0.468, 0.936]},
								"south": {"uv": [157.032, 117.032], "uv_size": [0.936, 0.936]},
								"west": {"uv": [159.032, 126.032], "uv_size": [0.468, 0.936]},
								"up": {"uv": [159.032, 127.032], "uv_size": [0.936, 0.468]},
								"down": {"uv": [159.032, 128.5], "uv_size": [0.936, -0.468]}
							}
						},
						{
							"origin": [-4.45859, 24.55229, -1.23412],
							"size": [0.575, 0.275, 0.225],
							"pivot": [-3.35859, 33.20229, 1.01588],
							"rotation": [4.99527, 0.21782, 2.5095],
							"uv": {
								"north": {"uv": [161.032, 72.032], "uv_size": [0.468, 0.468]},
								"east": {"uv": [73.032, 161.032], "uv_size": [0.468, 0.468]},
								"south": {"uv": [161.032, 73.032], "uv_size": [0.468, 0.468]},
								"west": {"uv": [74.032, 161.032], "uv_size": [0.468, 0.468]},
								"up": {"uv": [161.032, 74.032], "uv_size": [0.468, 0.468]},
								"down": {"uv": [75.032, 161.5], "uv_size": [0.468, -0.468]}
							}
						}
					]
				},
				{
					"name": "RightHand",
					"parent": "RightForeArm",
					"pivot": [-3.93668, 21.95546, 1.10602],
					"rotation": [0, -15, 0],
					"cubes": [
						{
							"origin": [-5.06624, 19.95751, 0.06175],
							"size": [1.6, 2, 2.2],
							"pivot": [-3.39641, 19.59841, 1.5723],
							"rotation": [0.87038, 4.92385, 8.28742],
							"uv": {
								"north": {"uv": [146.032, 83.032], "uv_size": [1.468, 1.936]},
								"east": {"uv": [141.032, 67.032], "uv_size": [1.936, 1.936]},
								"south": {"uv": [146.032, 85.032], "uv_size": [1.468, 1.936]},
								"west": {"uv": [141.032, 69.032], "uv_size": [1.936, 1.936]},
								"up": {"uv": [89.032, 146.032], "uv_size": [1.468, 1.936]},
								"down": {"uv": [146.032, 94.968], "uv_size": [1.468, -1.936]}
							}
						},
						{
							"origin": [-5.06624, 19.79321, 2.32486],
							"size": [1.6, 2, 1],
							"pivot": [-3.39641, 19.59841, 1.5723],
							"rotation": [13.87038, 4.92385, 8.28742],
							"uv": {
								"north": {"uv": [95.032, 146.032], "uv_size": [1.468, 1.936]},
								"east": {"uv": [152.032, 17.032], "uv_size": [0.936, 1.936]},
								"south": {"uv": [97.032, 146.032], "uv_size": [1.468, 1.936]},
								"west": {"uv": [18.032, 152.032], "uv_size": [0.936, 1.936]},
								"up": {"uv": [153.032, 151.032], "uv_size": [1.468, 0.936]},
								"down": {"uv": [153.032, 152.968], "uv_size": [1.468, -0.936]}
							}
						},
						{
							"origin": [-4.68009, 18.75595, 1.86261],
							"size": [1, 2, 0.8],
							"pivot": [-3.39641, 19.59841, 1.5723],
							"rotation": [-1.50701, 4.76804, -19.31274],
							"uv": {
								"north": {"uv": [152.032, 19.032], "uv_size": [0.936, 1.936]},
								"east": {"uv": [21.032, 152.032], "uv_size": [0.936, 1.936]},
								"south": {"uv": [152.032, 21.032], "uv_size": [0.936, 1.936]},
								"west": {"uv": [152.032, 23.032], "uv_size": [0.936, 1.936]},
								"up": {"uv": [156.032, 131.032], "uv_size": [0.936, 0.936]},
								"down": {"uv": [156.032, 132.968], "uv_size": [0.936, -0.936]}
							}
						},
						{
							"origin": [-4.17591, 18.01482, 2.65577],
							"size": [0.8, 1.4, 0.8],
							"pivot": [-3.85571, 19.00775, 3.06392],
							"rotation": [-4.06985, 4.19649, -32.2449],
							"uv": {
								"north": {"uv": [150.032, 153.032], "uv_size": [0.936, 1.468]},
								"east": {"uv": [153.032, 153.032], "uv_size": [0.936, 1.468]},
								"south": {"uv": [154.032, 0.032], "uv_size": [0.936, 1.468]},
								"west": {"uv": [154.032, 2.032], "uv_size": [0.936, 1.468]},
								"up": {"uv": [133.032, 156.032], "uv_size": [0.936, 0.936]},
								"down": {"uv": [156.032, 133.968], "uv_size": [0.936, -0.936]}
							}
						},
						{
							"origin": [-4.27036, 19.31807, 2.65577],
							"size": [0.8, 1.3, 0.8],
							"pivot": [-3.85571, 19.00775, 3.06392],
							"rotation": [-2.84463, 5.10628, -17.2226],
							"uv": {
								"north": {"uv": [3.032, 154.032], "uv_size": [0.936, 1.468]},
								"east": {"uv": [4.032, 154.032], "uv_size": [0.936, 1.468]},
								"south": {"uv": [5.032, 154.032], "uv_size": [0.936, 1.468]},
								"west": {"uv": [154.032, 5.032], "uv_size": [0.936, 1.468]},
								"up": {"uv": [134.032, 156.032], "uv_size": [0.936, 0.936]},
								"down": {"uv": [156.032, 134.968], "uv_size": [0.936, -0.936]}
							}
						},
						{
							"origin": [-4.60265, 18.54844, 1.86261],
							"size": [0.8, 2, 0.8],
							"pivot": [-3.39641, 19.59841, 1.5723],
							"rotation": [-4.99924, 0.08716, -90.75381],
							"uv": {
								"north": {"uv": [24.032, 152.032], "uv_size": [0.936, 1.936]},
								"east": {"uv": [25.032, 152.032], "uv_size": [0.936, 1.936]},
								"south": {"uv": [152.032, 25.032], "uv_size": [0.936, 1.936]},
								"west": {"uv": [26.032, 152.032], "uv_size": [0.936, 1.936]},
								"up": {"uv": [135.032, 156.032], "uv_size": [0.936, 0.936]},
								"down": {"uv": [156.032, 135.968], "uv_size": [0.936, -0.936]}
							}
						},
						{
							"origin": [-4.71175, 18.68797, 1.06175],
							"size": [1, 2, 0.8],
							"pivot": [-3.39641, 19.59841, 1.5723],
							"rotation": [-1.50701, 4.76804, -19.31274],
							"uv": {
								"north": {"uv": [27.032, 152.032], "uv_size": [0.936, 1.936]},
								"east": {"uv": [152.032, 27.032], "uv_size": [0.936, 1.936]},
								"south": {"uv": [28.032, 152.032], "uv_size": [0.936, 1.936]},
								"west": {"uv": [29.032, 152.032], "uv_size": [0.936, 1.936]},
								"up": {"uv": [136.032, 156.032], "uv_size": [0.936, 0.936]},
								"down": {"uv": [156.032, 136.968], "uv_size": [0.936, -0.936]}
							}
						},
						{
							"origin": [-4.38545, 19.05571, 1.06175],
							"size": [0.8, 1.8, 0.8],
							"pivot": [-3.39641, 19.59841, 1.5723],
							"rotation": [-4.8522, -1.20816, -105.69881],
							"uv": {
								"north": {"uv": [152.032, 29.032], "uv_size": [0.936, 1.936]},
								"east": {"uv": [152.032, 31.032], "uv_size": [0.936, 1.936]},
								"south": {"uv": [33.032, 152.032], "uv_size": [0.936, 1.936]},
								"west": {"uv": [152.032, 33.032], "uv_size": [0.936, 1.936]},
								"up": {"uv": [137.032, 156.032], "uv_size": [0.936, 0.936]},
								"down": {"uv": [156.032, 137.968], "uv_size": [0.936, -0.936]}
							}
						},
						{
							"origin": [-4.97851, 19.24201, 0.16176],
							"size": [1, 1, 0.9],
							"pivot": [-3.39641, 19.59841, 1.5723],
							"rotation": [0, 5, -1.75],
							"uv": {
								"north": {"uv": [138.032, 156.032], "uv_size": [0.936, 0.936]},
								"east": {"uv": [139.032, 156.032], "uv_size": [0.936, 0.936]},
								"south": {"uv": [156.032, 140.032], "uv_size": [0.936, 0.936]},
								"west": {"uv": [141.032, 156.032], "uv_size": [0.936, 0.936]},
								"up": {"uv": [156.032, 141.032], "uv_size": [0.936, 0.936]},
								"down": {"uv": [142.032, 156.968], "uv_size": [0.936, -0.936]}
							}
						},
						{
							"origin": [-4.88968, 18.20892, 0.16214],
							"size": [0.8, 2, 0.8],
							"pivot": [-3.39641, 19.59841, 1.5723],
							"rotation": [-2.87277, 4.09405, -36.8527],
							"uv": {
								"north": {"uv": [34.032, 152.032], "uv_size": [0.936, 1.936]},
								"east": {"uv": [35.032, 152.032], "uv_size": [0.936, 1.936]},
								"south": {"uv": [152.032, 35.032], "uv_size": [0.936, 1.936]},
								"west": {"uv": [36.032, 152.032], "uv_size": [0.936, 1.936]},
								"up": {"uv": [156.032, 142.032], "uv_size": [0.936, 0.936]},
								"down": {"uv": [143.032, 156.968], "uv_size": [0.936, -0.936]}
							}
						},
						{
							"origin": [-1.86868, 19.75517, 1.12401],
							"size": [0.9, 1.6, 1.6],
							"pivot": [-3.39641, 19.59841, 1.5723],
							"rotation": [13.74956, 45.34628, -35.73038],
							"uv": {
								"north": {"uv": [6.032, 154.032], "uv_size": [0.936, 1.468]},
								"east": {"uv": [150.032, 28.032], "uv_size": [1.468, 1.468]},
								"south": {"uv": [154.032, 7.032], "uv_size": [0.936, 1.468]},
								"west": {"uv": [150.032, 30.032], "uv_size": [1.468, 1.468]},
								"up": {"uv": [154.032, 9.032], "uv_size": [0.936, 1.468]},
								"down": {"uv": [11.032, 155.5], "uv_size": [0.936, -1.468]}
							}
						},
						{
							"origin": [-2.21659, 19.07831, 0.6311],
							"size": [0.9, 1.8, 0.9],
							"pivot": [-3.39641, 19.59841, 1.5723],
							"rotation": [20.74366, 42.03023, 5.97506],
							"uv": {
								"north": {"uv": [37.032, 152.032], "uv_size": [0.936, 1.936]},
								"east": {"uv": [152.032, 37.032], "uv_size": [0.936, 1.936]},
								"south": {"uv": [38.032, 152.032], "uv_size": [0.936, 1.936]},
								"west": {"uv": [39.032, 152.032], "uv_size": [0.936, 1.936]},
								"up": {"uv": [156.032, 143.032], "uv_size": [0.936, 0.936]},
								"down": {"uv": [156.032, 144.968], "uv_size": [0.936, -0.936]}
							}
						}
					]
				},
				{
					"name": "RightHandLocator",
					"parent": "RightHand",
					"pivot": [-3.825, 18.92311, 2.05602]
				}
			]
		}
	]
}