{
	"format_version": "1.19.0",
	"animation_controllers": {
		"player.pre_parallel_0": {
			"states": {
				"default": {
					"animations": ["hair_physics", "pre_parallel1", "pre_parallel2", "pre_parallel3", "pre_parallel4", "pre_parallel5", "pre_parallel6", "pre_parallel7"]
				}
			}
		},
		"player.pre_parallel_1": {
			"states": {
				"default": {
					"animations": []
				}
			}
		},
		"player.pre_parallel_2": {
			"states": {
				"default": {
					"animations": []
				}
			}
		},
		"player.pre_parallel_3": {
			"states": {
				"default": {
					"animations": []
				}
			}
		},
		"player.pre_parallel_4": {
			"states": {
				"default": {
					"animations": []
				}
			}
		},
		"player.pre_parallel_5": {
			"states": {
				"default": {
					"animations": []
				}
			}
		},
		"player.pre_parallel_6": {
			"states": {
				"default": {
					"animations": []
				}
			}
		},
		"player.pre_parallel_7": {
			"states": {
				"default": {
					"animations": []
				}
			}
		},
		"player.parallel_0": {
			"states": {
				"default": {
					"animations": ["parallel0", "parallel1", "parallel2", "parallel3", "parallel4", "parallel5", "parallel6", "parallel7"]
				}
			}
		},
		"player.parallel_1": {
			"states": {
				"default": {
					"animations": ["attack_empty"],
					"on_exit": ["v.swing_sword=0;v.attack=math.mod(v.attack+1,3);"],
					"transitions": [
						{"attack1": "v.swing_sword&&v.attack==0&&!v.jump"},
						{"attack2": "v.swing_sword&&v.attack==1&&!v.jump"},
						{"attack3": "v.swing_sword&&v.attack==2&&!v.jump"},
						{"attack_jump": "v.swing_sword&&v.jump"}
					]
				},
				"attack1": {
					"animations": ["sword_attack_01"],
					"on_exit": ["v.swing_sword=0;v.attack=math.mod(v.attack+1,3);"],
					"transitions": [
						{"attack2": "v.swing_sword&&v.attack==1&&!v.jump"},
						{"default": "q.all_animations_finished"},
						{"attack_jump": "v.swing_sword&&v.jump"}
					],
					"blend_transition": 0.05,
					"blend_via_shortest_path": true
				},
				"attack2": {
					"animations": ["sword_attack_02"],
					"on_exit": ["v.swing_sword=0;v.attack=math.mod(v.attack+1,3);"],
					"transitions": [
						{"attack3": "v.swing_sword&&v.attack==2&&!v.jump"},
						{"default": "q.all_animations_finished"},
						{"attack_jump": "v.swing_sword&&v.jump"}
					],
					"blend_transition": 0.05,
					"blend_via_shortest_path": true
				},
				"attack3": {
					"animations": ["sword_attack_03"],
					"on_exit": ["v.swing_sword=0;v.attack=math.mod(v.attack+1,3);"],
					"transitions": [
						{"default": "q.all_animations_finished"},
						{"attack1": "v.swing_sword&&v.attack==0&&!v.jump"},
						{"attack_jump": "v.swing_sword&&v.jump"}
					],
					"blend_transition": {
						"0.0": 1,
						"0.0056": 0.96985,
						"0.0111": 0.88302,
						"0.0167": 0.75,
						"0.0222": 0.58682,
						"0.0278": 0.41318,
						"0.0333": 0.25,
						"0.0389": 0.11698,
						"0.0445": 0.03015,
						"0.05": 0
					},
					"blend_via_shortest_path": true
				},
				"attack_jump": {
					"animations": ["sword_jump_attack"],
					"on_exit": ["v.swing_sword=0;v.attack=math.mod(v.attack+1,3);"],
					"transitions": [
						{"default": "q.all_animations_finished"},
						{"attack1": "v.swing_sword&&!v.jump"}
					],
					"blend_transition": 0.05,
					"blend_via_shortest_path": true
				}
			}
		},
		"player.parallel_2": {
			"states": {
				"default": {
					"animations": []
				}
			}
		},
		"player.parallel_3": {
			"states": {
				"default": {
					"animations": []
				}
			}
		},
		"player.parallel_4": {
			"states": {
				"default": {
					"animations": []
				}
			}
		},
		"player.parallel_5": {
			"states": {
				"default": {
					"animations": ["attack_empty"],
					"on_exit": ["v.attack_sound=0;"],
					"transitions": [
						{"受击": "v.attack_sound==1"}
					]
				},
				"受击": {
					"animations": ["sound_taitongkule_attacked"],
					"on_exit": ["v.attack_sound=0;"],
					"transitions": [
						{"default": "q.all_animations_finished"}
					]
				}
			}
		},
		"player.parallel_6": {
			"states": {
				"default": {
					"animations": ["attack_empty"],
					"on_exit": ["v.face_sound=0;"],
					"transitions": [
						{"太快乐了": "v.face_sound==4"},
						{"太痛苦了": "v.face_sound==2"},
						{"怒好怒": "v.face_sound==3"},
						{"好好睡": "v.face_sound==6"},
						{"兽人来袭": "v.face_sound==5"}
					]
				},
				"太快乐了": {
					"animations": ["sound_taikuailele"],
					"on_exit": ["v.face_sound=0;"],
					"transitions": [
						{"default": "q.all_animations_finished"}
					]
				},
				"太痛苦了": {
					"animations": ["sound_taitongkule"],
					"on_exit": ["v.face_sound=0;"],
					"transitions": [
						{"default": "q.all_animations_finished"}
					]
				},
				"怒好怒": {
					"animations": ["sound_nu"],
					"on_exit": ["v.face_sound=0;"],
					"transitions": [
						{"default": "q.all_animations_finished"}
					]
				},
				"好好睡": {
					"animations": ["sound_sleep"],
					"on_exit": ["v.face_sound=0;"],
					"transitions": [
						{"default": "q.all_animations_finished"}
					]
				},
				"兽人来袭": {
					"animations": ["sound_haoxiangyoushouren"],
					"on_exit": ["v.face_sound=0;"],
					"transitions": [
						{"default": "q.all_animations_finished"}
					]
				}
			}
		},
		"player.parallel_7": {
			"states": {
				"default": {
					"animations": ["attack_empty"],
					"on_exit": ["v.landao=0;"],
					"transitions": [
						{"岚刀": "v.landao==1"},
						{"磨刀": "v.landao==3"},
						{"燃烧刀": "v.landao==2"},
						{"射他身上": "v.landao==4"}
					]
				},
				"岚刀": {
					"animations": [
						{"sound_landao": "v.sound==0"}
					],
					"on_exit": ["v.landao=0;"],
					"transitions": [
						{"default": "q.all_animations_finished"}
					]
				},
				"磨刀": {
					"animations": [
						{"sound_modao": "v.sound==0"}
					],
					"on_exit": ["v.landao=0;"],
					"transitions": [
						{"default": "q.all_animations_finished"}
					]
				},
				"燃烧刀": {
					"animations": [
						{"sound_ranshaodao": "v.sound==0"}
					],
					"on_exit": ["v.landao=0;"],
					"transitions": [
						{"default": "q.all_animations_finished"}
					]
				},
				"射他身上": {
					"animations": [
						{"sound_shetashenshang": "v.sound==0"}
					],
					"on_exit": ["v.landao=0;"],
					"transitions": [
						{"default": "q.all_animations_finished"}
					]
				}
			}
		}
	}
}