{
	"format_version": "1.12.0",
	"minecraft:geometry": [
		{
			"description": {
				"identifier": "geometry.unknown",
				"texture_width": 256,
				"texture_height": 256,
				"visible_bounds_width": 7,
				"visible_bounds_height": 5,
				"visible_bounds_offset": [0, 1.5, 0]
			},
			"bones": [
				{
					"name": "LeftArm",
					"pivot": [1.1, 31.025, 0],
					"cubes": [
						{
							"origin": [0.15, 24.9, -2],
							"size": [3.25, 7.3, 3.4],
							"uv": {
								"north": {"uv": [56, 27], "uv_size": [3.5, 7.5]},
								"east": {"uv": [16, 57], "uv_size": [3.5, 7.5]},
								"south": {"uv": [46, 57], "uv_size": [3.5, 7.5]},
								"west": {"uv": [50, 57], "uv_size": [3.5, 7.5]},
								"up": {"uv": [86, 69], "uv_size": [3.5, 3.5]},
								"down": {"uv": [87, 23.5], "uv_size": [3.5, -3.5]}
							}
						},
						{
							"origin": [0.05, 24.8, -2.1],
							"size": [3.45, 5.1, 3.6],
							"uv": {
								"north": {"uv": [71, 6], "uv_size": [3.5, 5]},
								"east": {"uv": [27, 71], "uv_size": [3.5, 5]},
								"south": {"uv": [72, 11], "uv_size": [3.5, 5]},
								"west": {"uv": [12, 72], "uv_size": [3.5, 5]},
								"up": {"uv": [100, 27], "uv_size": [3.5, 3.5]},
								"down": {"uv": [100, 34.5], "uv_size": [3.5, -3.5]}
							}
						},
						{
							"origin": [0.3, 25.075, -1.8],
							"size": [3.05, 7, 3],
							"uv": {
								"north": {"uv": [31, 62], "uv_size": [3, 7]},
								"east": {"uv": [58, 62], "uv_size": [3, 7]},
								"south": {"uv": [61, 62], "uv_size": [3, 7]},
								"west": {"uv": [4, 63], "uv_size": [3, 7]},
								"up": {"uv": [105, 16], "uv_size": [3, 3]},
								"down": {"uv": [105, 22], "uv_size": [3, -3]}
							}
						},
						{
							"origin": [0.6, 24.175, -1.4],
							"size": [2.55, 2, 2.2],
							"uv": {
								"north": {"uv": [114, 89], "uv_size": [2.5, 2]},
								"east": {"uv": [100, 118], "uv_size": [2, 2]},
								"south": {"uv": [114, 101], "uv_size": [2.5, 2]},
								"west": {"uv": [102, 118], "uv_size": [2, 2]},
								"up": {"uv": [114, 105], "uv_size": [2.5, 2]},
								"down": {"uv": [115, 24], "uv_size": [2.5, -2]}
							}
						},
						{
							"origin": [0.5, 24.125, -1.425],
							"size": [2.7, 2.05, 2.3],
							"uv": {
								"north": {"uv": [115, 76], "uv_size": [2.5, 2]},
								"east": {"uv": [115, 83], "uv_size": [2.5, 2]},
								"south": {"uv": [115, 85], "uv_size": [2.5, 2]},
								"west": {"uv": [87, 115], "uv_size": [2.5, 2]},
								"up": {"uv": [111, 83], "uv_size": [2.5, 2.5]},
								"down": {"uv": [111, 88.5], "uv_size": [2.5, -2.5]}
							}
						}
					]
				},
				{
					"name": "LeftForeArm",
					"parent": "LeftArm",
					"pivot": [1.825, 25.075, 0.025],
					"rotation": [0, 0, 2],
					"cubes": [
						{
							"origin": [0.325, 18.075, -1.775],
							"size": [3, 7, 3],
							"uv": {
								"north": {"uv": [7, 63], "uv_size": [3, 7]},
								"east": {"uv": [10, 63], "uv_size": [3, 7]},
								"south": {"uv": [34, 63], "uv_size": [3, 7]},
								"west": {"uv": [37, 63], "uv_size": [3, 7]},
								"up": {"uv": [105, 22], "uv_size": [3, 3]},
								"down": {"uv": [105, 38], "uv_size": [3, -3]}
							}
						},
						{
							"origin": [0.225, 18.975, -1.875],
							"size": [3.2, 1.3, 3.2],
							"uv": {
								"north": {"uv": [116, 96], "uv_size": [3, 1.5]},
								"east": {"uv": [116, 98], "uv_size": [3, 1.5]},
								"south": {"uv": [116, 103], "uv_size": [3, 1.5]},
								"west": {"uv": [116, 109], "uv_size": [3, 1.5]},
								"up": {"uv": [105, 38], "uv_size": [3, 3]},
								"down": {"uv": [44, 108], "uv_size": [3, -3]}
							}
						},
						{
							"origin": [0.225, 20.375, -1.875],
							"size": [3.2, 5, 3.2],
							"uv": {
								"north": {"uv": [76, 18], "uv_size": [3, 5]},
								"east": {"uv": [19, 76], "uv_size": [3, 5]},
								"south": {"uv": [22, 76], "uv_size": [3, 5]},
								"west": {"uv": [25, 76], "uv_size": [3, 5]},
								"up": {"uv": [47, 105], "uv_size": [3, 3]},
								"down": {"uv": [50, 108], "uv_size": [3, -3]}
							}
						},
						{
							"origin": [3.225, 23.875, -1.875],
							"size": [0.4, 0.7, 3.2],
							"uv": {
								"north": {"uv": [41, 166], "uv_size": [0.5, 0.5]},
								"east": {"uv": [136, 142], "uv_size": [3, 0.5]},
								"south": {"uv": [166, 41], "uv_size": [0.5, 0.5]},
								"west": {"uv": [142, 136], "uv_size": [3, 0.5]},
								"up": {"uv": [142, 137], "uv_size": [0.5, 3]},
								"down": {"uv": [139, 145], "uv_size": [0.5, -3]}
							}
						},
						{
							"origin": [3.225, 22.93325, -1.77208],
							"size": [0.4, 0.7, 3.2],
							"pivot": [-2.3, 24, 0],
							"rotation": [-8, 0, 0],
							"uv": {
								"north": {"uv": [42, 166], "uv_size": [0.5, 0.5]},
								"east": {"uv": [140, 142], "uv_size": [3, 0.5]},
								"south": {"uv": [166, 42], "uv_size": [0.5, 0.5]},
								"west": {"uv": [0, 143], "uv_size": [3, 0.5]},
								"up": {"uv": [3, 143], "uv_size": [0.5, 3]},
								"down": {"uv": [10, 146], "uv_size": [0.5, -3]}
							}
						},
						{
							"origin": [3.225, 22.46271, 5.13811],
							"size": [0.3, 0.7, 3.1],
							"pivot": [-2.3, 0, 0],
							"rotation": [17, 0, 0],
							"uv": {
								"north": {"uv": [43, 166], "uv_size": [0.5, 0.5]},
								"east": {"uv": [11, 143], "uv_size": [3, 0.5]},
								"south": {"uv": [166, 43], "uv_size": [0.5, 0.5]},
								"west": {"uv": [143, 13], "uv_size": [3, 0.5]},
								"up": {"uv": [14, 143], "uv_size": [0.5, 3]},
								"down": {"uv": [143, 17], "uv_size": [0.5, -3]}
							}
						},
						{
							"origin": [3.225, 22.24707, -3.02075],
							"size": [0.4, 0.7, 3.6],
							"pivot": [-2.3, 24, 0],
							"rotation": [35, 0, 0],
							"uv": {
								"north": {"uv": [44, 166], "uv_size": [0.5, 0.5]},
								"east": {"uv": [141, 29], "uv_size": [3.5, 0.5]},
								"south": {"uv": [166, 44], "uv_size": [0.5, 0.5]},
								"west": {"uv": [141, 30], "uv_size": [3.5, 0.5]},
								"up": {"uv": [30, 141], "uv_size": [0.5, 3.5]},
								"down": {"uv": [141, 36.5], "uv_size": [0.5, -3.5]}
							}
						},
						{
							"origin": [3.225, 21.85298, -1.34906],
							"size": [0.3, 0.7, 3.7],
							"pivot": [-2.3, 24, 0],
							"rotation": [-24, 0, 0],
							"uv": {
								"north": {"uv": [45, 166], "uv_size": [0.5, 0.5]},
								"east": {"uv": [141, 31], "uv_size": [3.5, 0.5]},
								"south": {"uv": [166, 45], "uv_size": [0.5, 0.5]},
								"west": {"uv": [37, 141], "uv_size": [3.5, 0.5]},
								"up": {"uv": [41, 141], "uv_size": [0.5, 3.5]},
								"down": {"uv": [141, 44.5], "uv_size": [0.5, -3.5]}
							}
						},
						{
							"origin": [0.225, 20.775, -2.075],
							"size": [3.4, 0.6, 0.6],
							"pivot": [-2.3, 23, 0],
							"rotation": [0, 0, 1],
							"uv": {
								"north": {"uv": [141, 45], "uv_size": [3.5, 0.5]},
								"east": {"uv": [46, 166], "uv_size": [0.5, 0.5]},
								"south": {"uv": [141, 46], "uv_size": [3.5, 0.5]},
								"west": {"uv": [166, 46], "uv_size": [0.5, 0.5]},
								"up": {"uv": [141, 47], "uv_size": [3.5, 0.5]},
								"down": {"uv": [141, 48.5], "uv_size": [3.5, -0.5]}
							}
						},
						{
							"origin": [0.225, 22.575, -1.975],
							"size": [3.4, 0.7, 0.5],
							"pivot": [-2.3, 23, 0],
							"rotation": [0, 0, 17],
							"uv": {
								"north": {"uv": [141, 53], "uv_size": [3.5, 0.5]},
								"east": {"uv": [47, 166], "uv_size": [0.5, 0.5]},
								"south": {"uv": [141, 54], "uv_size": [3.5, 0.5]},
								"west": {"uv": [166, 47], "uv_size": [0.5, 0.5]},
								"up": {"uv": [141, 55], "uv_size": [3.5, 0.5]},
								"down": {"uv": [141, 56.5], "uv_size": [3.5, -0.5]}
							}
						},
						{
							"origin": [-0.275, 20.975, -1.975],
							"size": [3.4, 0.7, 0.5],
							"pivot": [-2.3, 23, 0],
							"rotation": [0, 0, -21],
							"uv": {
								"north": {"uv": [141, 57], "uv_size": [3.5, 0.5]},
								"east": {"uv": [48, 166], "uv_size": [0.5, 0.5]},
								"south": {"uv": [141, 58], "uv_size": [3.5, 0.5]},
								"west": {"uv": [166, 48], "uv_size": [0.5, 0.5]},
								"up": {"uv": [141, 59], "uv_size": [3.5, 0.5]},
								"down": {"uv": [141, 60.5], "uv_size": [3.5, -0.5]}
							}
						},
						{
							"origin": [-0.175, 24.175, -2.075],
							"size": [3.4, 0.7, 0.6],
							"pivot": [-2.3, 23, 0],
							"rotation": [0, 0, 17],
							"uv": {
								"north": {"uv": [141, 61], "uv_size": [3.5, 0.5]},
								"east": {"uv": [49, 166], "uv_size": [0.5, 0.5]},
								"south": {"uv": [141, 62], "uv_size": [3.5, 0.5]},
								"west": {"uv": [166, 49], "uv_size": [0.5, 0.5]},
								"up": {"uv": [141, 63], "uv_size": [3.5, 0.5]},
								"down": {"uv": [141, 64.5], "uv_size": [3.5, -0.5]}
							}
						},
						{
							"origin": [0.325, 22.775, -1.975],
							"size": [3.3, 0.7, 0.5],
							"pivot": [-2.3, 23, 0],
							"rotation": [0, 0, -11],
							"uv": {
								"north": {"uv": [141, 65], "uv_size": [3.5, 0.5]},
								"east": {"uv": [50, 166], "uv_size": [0.5, 0.5]},
								"south": {"uv": [141, 66], "uv_size": [3.5, 0.5]},
								"west": {"uv": [166, 50], "uv_size": [0.5, 0.5]},
								"up": {"uv": [141, 67], "uv_size": [3.5, 0.5]},
								"down": {"uv": [141, 68.5], "uv_size": [3.5, -0.5]}
							}
						},
						{
							"origin": [0.125, 22.81776, -1.96949],
							"size": [0.3, 0.8, 3.2],
							"pivot": [-2.3, 23, 0],
							"rotation": [-11, 0, 0],
							"uv": {
								"north": {"uv": [160, 41], "uv_size": [0.5, 1]},
								"east": {"uv": [129, 89], "uv_size": [3, 1]},
								"south": {"uv": [160, 42], "uv_size": [0.5, 1]},
								"west": {"uv": [129, 90], "uv_size": [3, 1]},
								"up": {"uv": [15, 143], "uv_size": [0.5, 3]},
								"down": {"uv": [16, 146], "uv_size": [0.5, -3]}
							}
						},
						{
							"origin": [0.025, 22.02709, -1.97044],
							"size": [0.4, 0.8, 3.2],
							"pivot": [-2.3, 23, 0],
							"rotation": [10, 0, 0],
							"uv": {
								"north": {"uv": [160, 43], "uv_size": [0.5, 1]},
								"east": {"uv": [129, 99], "uv_size": [3, 1]},
								"south": {"uv": [160, 44], "uv_size": [0.5, 1]},
								"west": {"uv": [129, 101], "uv_size": [3, 1]},
								"up": {"uv": [17, 143], "uv_size": [0.5, 3]},
								"down": {"uv": [19, 146], "uv_size": [0.5, -3]}
							}
						},
						{
							"origin": [0.125, 21.39735, -1.56478],
							"size": [0.3, 0.8, 3.2],
							"pivot": [-2.3, 23, 0],
							"rotation": [-15, 0, 0],
							"uv": {
								"north": {"uv": [160, 45], "uv_size": [0.5, 1]},
								"east": {"uv": [129, 102], "uv_size": [3, 1]},
								"south": {"uv": [160, 46], "uv_size": [0.5, 1]},
								"west": {"uv": [129, 105], "uv_size": [3, 1]},
								"up": {"uv": [20, 143], "uv_size": [0.5, 3]},
								"down": {"uv": [23, 146], "uv_size": [0.5, -3]}
							}
						},
						{
							"origin": [0.125, 20.81156, -2.07276],
							"size": [0.3, 0.8, 3.2],
							"pivot": [-2.3, 23, 0],
							"rotation": [7, 0, 0],
							"uv": {
								"north": {"uv": [160, 47], "uv_size": [0.5, 1]},
								"east": {"uv": [129, 106], "uv_size": [3, 1]},
								"south": {"uv": [160, 48], "uv_size": [0.5, 1]},
								"west": {"uv": [129, 112], "uv_size": [3, 1]},
								"up": {"uv": [24, 143], "uv_size": [0.5, 3]},
								"down": {"uv": [25, 146], "uv_size": [0.5, -3]}
							}
						},
						{
							"origin": [0.125, 21.875, 1.125],
							"size": [3.4, 0.7, 0.3],
							"pivot": [-2.3, 23, 0],
							"rotation": [0, 0, -20],
							"uv": {
								"north": {"uv": [141, 69], "uv_size": [3.5, 0.5]},
								"east": {"uv": [51, 166], "uv_size": [0.5, 0.5]},
								"south": {"uv": [141, 70], "uv_size": [3.5, 0.5]},
								"west": {"uv": [166, 51], "uv_size": [0.5, 0.5]},
								"up": {"uv": [141, 71], "uv_size": [3.5, 0.5]},
								"down": {"uv": [141, 72.5], "uv_size": [3.5, -0.5]}
							}
						},
						{
							"origin": [0.025, 21.675, 1.125],
							"size": [3.4, 0.7, 0.3],
							"pivot": [-2.3, 23, 0],
							"rotation": [0, 0, -11],
							"uv": {
								"north": {"uv": [141, 74], "uv_size": [3.5, 0.5]},
								"east": {"uv": [52, 166], "uv_size": [0.5, 0.5]},
								"south": {"uv": [141, 75], "uv_size": [3.5, 0.5]},
								"west": {"uv": [166, 52], "uv_size": [0.5, 0.5]},
								"up": {"uv": [141, 76], "uv_size": [3.5, 0.5]},
								"down": {"uv": [141, 77.5], "uv_size": [3.5, -0.5]}
							}
						},
						{
							"origin": [0.025, 23.275, 1.125],
							"size": [3.5, 0.7, 0.4],
							"pivot": [-2.3, 23, 0],
							"rotation": [0, 0, 23],
							"uv": {
								"north": {"uv": [141, 78], "uv_size": [3.5, 0.5]},
								"east": {"uv": [53, 166], "uv_size": [0.5, 0.5]},
								"south": {"uv": [141, 79], "uv_size": [3.5, 0.5]},
								"west": {"uv": [166, 53], "uv_size": [0.5, 0.5]},
								"up": {"uv": [141, 80], "uv_size": [3.5, 0.5]},
								"down": {"uv": [141, 81.5], "uv_size": [3.5, -0.5]}
							}
						}
					]
				},
				{
					"name": "LeftHandLocator",
					"parent": "LeftForeArm",
					"pivot": [1.825, 19.575, 0.025]
				},
				{
					"name": "RightArm",
					"pivot": [-1.2, 31.025, 0],
					"cubes": [
						{
							"origin": [-3.45, 25.075, -1.8],
							"size": [3.05, 7, 3],
							"uv": {
								"north": {"uv": [64, 48], "uv_size": [3, 7]},
								"east": {"uv": [64, 62], "uv_size": [3, 7]},
								"south": {"uv": [65, 10], "uv_size": [3, 7]},
								"west": {"uv": [13, 65], "uv_size": [3, 7]},
								"up": {"uv": [105, 55], "uv_size": [3, 3]},
								"down": {"uv": [105, 61], "uv_size": [3, -3]}
							}
						},
						{
							"origin": [-3.6, 24.8, -2.1],
							"size": [3.45, 5.1, 3.6],
							"uv": {
								"north": {"uv": [72, 16], "uv_size": [3.5, 5]},
								"east": {"uv": [72, 21], "uv_size": [3.5, 5]},
								"south": {"uv": [72, 37], "uv_size": [3.5, 5]},
								"west": {"uv": [42, 72], "uv_size": [3.5, 5]},
								"up": {"uv": [70, 100], "uv_size": [3.5, 3.5]},
								"down": {"uv": [100, 84.5], "uv_size": [3.5, -3.5]}
							}
						},
						{
							"origin": [-3.5, 24.9, -2],
							"size": [3.25, 7.3, 3.4],
							"uv": {
								"north": {"uv": [54, 57], "uv_size": [3.5, 7.5]},
								"east": {"uv": [0, 58], "uv_size": [3.5, 7.5]},
								"south": {"uv": [20, 58], "uv_size": [3.5, 7.5]},
								"west": {"uv": [24, 58], "uv_size": [3.5, 7.5]},
								"up": {"uv": [100, 85], "uv_size": [3.5, 3.5]},
								"down": {"uv": [100, 92.5], "uv_size": [3.5, -3.5]}
							}
						},
						{
							"origin": [-3.25, 24.175, -1.4],
							"size": [2.55, 2, 2.2],
							"uv": {
								"north": {"uv": [115, 87], "uv_size": [2.5, 2]},
								"east": {"uv": [4, 119], "uv_size": [2, 2]},
								"south": {"uv": [104, 115], "uv_size": [2.5, 2]},
								"west": {"uv": [27, 119], "uv_size": [2, 2]},
								"up": {"uv": [112, 115], "uv_size": [2.5, 2]},
								"down": {"uv": [115, 117], "uv_size": [2.5, -2]}
							}
						},
						{
							"origin": [-3.3, 24.125, -1.425],
							"size": [2.7, 2.05, 2.3],
							"uv": {
								"north": {"uv": [8, 116], "uv_size": [2.5, 2]},
								"east": {"uv": [116, 31], "uv_size": [2.5, 2]},
								"south": {"uv": [32, 116], "uv_size": [2.5, 2]},
								"west": {"uv": [35, 116], "uv_size": [2.5, 2]},
								"up": {"uv": [111, 89], "uv_size": [2.5, 2.5]},
								"down": {"uv": [111, 99.5], "uv_size": [2.5, -2.5]}
							}
						}
					]
				},
				{
					"name": "RightForeArm",
					"parent": "RightArm",
					"pivot": [-1.925, 25.075, 0.025],
					"rotation": [0, 0, -2],
					"cubes": [
						{
							"origin": [-3.525, 20.375, -1.875],
							"size": [3.2, 5, 3.2],
							"uv": {
								"north": {"uv": [28, 76], "uv_size": [3, 5]},
								"east": {"uv": [76, 37], "uv_size": [3, 5]},
								"south": {"uv": [54, 76], "uv_size": [3, 5]},
								"west": {"uv": [57, 76], "uv_size": [3, 5]},
								"up": {"uv": [105, 61], "uv_size": [3, 3]},
								"down": {"uv": [105, 67], "uv_size": [3, -3]}
							}
						},
						{
							"origin": [-3.625, 21.875, 1.125],
							"size": [3.4, 0.7, 0.3],
							"pivot": [2.2, 23, 0],
							"rotation": [0, 0, 20],
							"uv": {
								"north": {"uv": [141, 82], "uv_size": [3.5, 0.5]},
								"east": {"uv": [54, 166], "uv_size": [0.5, 0.5]},
								"south": {"uv": [141, 83], "uv_size": [3.5, 0.5]},
								"west": {"uv": [166, 54], "uv_size": [0.5, 0.5]},
								"up": {"uv": [141, 84], "uv_size": [3.5, 0.5]},
								"down": {"uv": [141, 85.5], "uv_size": [3.5, -0.5]}
							}
						},
						{
							"origin": [-3.525, 21.675, 1.125],
							"size": [3.4, 0.7, 0.3],
							"pivot": [2.2, 23, 0],
							"rotation": [0, 0, 11],
							"uv": {
								"north": {"uv": [141, 86], "uv_size": [3.5, 0.5]},
								"east": {"uv": [55, 166], "uv_size": [0.5, 0.5]},
								"south": {"uv": [141, 87], "uv_size": [3.5, 0.5]},
								"west": {"uv": [166, 55], "uv_size": [0.5, 0.5]},
								"up": {"uv": [141, 88], "uv_size": [3.5, 0.5]},
								"down": {"uv": [141, 89.5], "uv_size": [3.5, -0.5]}
							}
						},
						{
							"origin": [-3.625, 23.275, 1.125],
							"size": [3.5, 0.7, 0.4],
							"pivot": [2.2, 23, 0],
							"rotation": [0, 0, -23],
							"uv": {
								"north": {"uv": [141, 90], "uv_size": [3.5, 0.5]},
								"east": {"uv": [56, 166], "uv_size": [0.5, 0.5]},
								"south": {"uv": [141, 91], "uv_size": [3.5, 0.5]},
								"west": {"uv": [166, 56], "uv_size": [0.5, 0.5]},
								"up": {"uv": [141, 92], "uv_size": [3.5, 0.5]},
								"down": {"uv": [93, 141.5], "uv_size": [3.5, -0.5]}
							}
						},
						{
							"origin": [-0.525, 22.81776, -1.96949],
							"size": [0.3, 0.8, 3.2],
							"pivot": [2.2, 23, 0],
							"rotation": [-11, 0, 0],
							"uv": {
								"north": {"uv": [160, 49], "uv_size": [0.5, 1]},
								"east": {"uv": [129, 123], "uv_size": [3, 1]},
								"south": {"uv": [160, 50], "uv_size": [0.5, 1]},
								"west": {"uv": [130, 5], "uv_size": [3, 1]},
								"up": {"uv": [26, 143], "uv_size": [0.5, 3]},
								"down": {"uv": [27, 146], "uv_size": [0.5, -3]}
							}
						},
						{
							"origin": [-0.525, 22.02709, -1.97044],
							"size": [0.4, 0.8, 3.2],
							"pivot": [2.2, 23, 0],
							"rotation": [10, 0, 0],
							"uv": {
								"north": {"uv": [160, 51], "uv_size": [0.5, 1]},
								"east": {"uv": [130, 17], "uv_size": [3, 1]},
								"south": {"uv": [160, 52], "uv_size": [0.5, 1]},
								"west": {"uv": [130, 18], "uv_size": [3, 1]},
								"up": {"uv": [28, 143], "uv_size": [0.5, 3]},
								"down": {"uv": [29, 146], "uv_size": [0.5, -3]}
							}
						},
						{
							"origin": [-0.525, 21.39735, -1.56478],
							"size": [0.3, 0.8, 3.2],
							"pivot": [2.2, 23, 0],
							"rotation": [-15, 0, 0],
							"uv": {
								"north": {"uv": [160, 53], "uv_size": [0.5, 1]},
								"east": {"uv": [130, 35], "uv_size": [3, 1]},
								"south": {"uv": [160, 54], "uv_size": [0.5, 1]},
								"west": {"uv": [130, 36], "uv_size": [3, 1]},
								"up": {"uv": [143, 33], "uv_size": [0.5, 3]},
								"down": {"uv": [95, 146], "uv_size": [0.5, -3]}
							}
						},
						{
							"origin": [-0.525, 20.81156, -2.07276],
							"size": [0.3, 0.8, 3.2],
							"pivot": [2.2, 23, 0],
							"rotation": [7, 0, 0],
							"uv": {
								"north": {"uv": [160, 55], "uv_size": [0.5, 1]},
								"east": {"uv": [130, 40], "uv_size": [3, 1]},
								"south": {"uv": [160, 56], "uv_size": [0.5, 1]},
								"west": {"uv": [50, 130], "uv_size": [3, 1]},
								"up": {"uv": [96, 143], "uv_size": [0.5, 3]},
								"down": {"uv": [98, 146], "uv_size": [0.5, -3]}
							}
						},
						{
							"origin": [-3.725, 22.775, -1.975],
							"size": [3.3, 0.7, 0.5],
							"pivot": [2.2, 23, 0],
							"rotation": [0, 0, 11],
							"uv": {
								"north": {"uv": [141, 93], "uv_size": [3.5, 0.5]},
								"east": {"uv": [57, 166], "uv_size": [0.5, 0.5]},
								"south": {"uv": [98, 141], "uv_size": [3.5, 0.5]},
								"west": {"uv": [166, 57], "uv_size": [0.5, 0.5]},
								"up": {"uv": [102, 141], "uv_size": [3.5, 0.5]},
								"down": {"uv": [110, 141.5], "uv_size": [3.5, -0.5]}
							}
						},
						{
							"origin": [-3.325, 24.175, -2.075],
							"size": [3.4, 0.7, 0.6],
							"pivot": [2.2, 23, 0],
							"rotation": [0, 0, -17],
							"uv": {
								"north": {"uv": [141, 118], "uv_size": [3.5, 0.5]},
								"east": {"uv": [58, 166], "uv_size": [0.5, 0.5]},
								"south": {"uv": [119, 141], "uv_size": [3.5, 0.5]},
								"west": {"uv": [166, 58], "uv_size": [0.5, 0.5]},
								"up": {"uv": [141, 119], "uv_size": [3.5, 0.5]},
								"down": {"uv": [141, 120.5], "uv_size": [3.5, -0.5]}
							}
						},
						{
							"origin": [-3.225, 20.975, -1.975],
							"size": [3.4, 0.7, 0.5],
							"pivot": [2.2, 23, 0],
							"rotation": [0, 0, 21],
							"uv": {
								"north": {"uv": [141, 121], "uv_size": [3.5, 0.5]},
								"east": {"uv": [59, 166], "uv_size": [0.5, 0.5]},
								"south": {"uv": [141, 123], "uv_size": [3.5, 0.5]},
								"west": {"uv": [166, 59], "uv_size": [0.5, 0.5]},
								"up": {"uv": [124, 141], "uv_size": [3.5, 0.5]},
								"down": {"uv": [141, 124.5], "uv_size": [3.5, -0.5]}
							}
						},
						{
							"origin": [-3.725, 22.575, -1.975],
							"size": [3.4, 0.7, 0.5],
							"pivot": [2.2, 23, 0],
							"rotation": [0, 0, -17],
							"uv": {
								"north": {"uv": [141, 125], "uv_size": [3.5, 0.5]},
								"east": {"uv": [60, 166], "uv_size": [0.5, 0.5]},
								"south": {"uv": [141, 126], "uv_size": [3.5, 0.5]},
								"west": {"uv": [166, 60], "uv_size": [0.5, 0.5]},
								"up": {"uv": [141, 130], "uv_size": [3.5, 0.5]},
								"down": {"uv": [141, 131.5], "uv_size": [3.5, -0.5]}
							}
						},
						{
							"origin": [-3.725, 20.775, -2.075],
							"size": [3.4, 0.6, 0.6],
							"pivot": [2.2, 23, 0],
							"rotation": [0, 0, -1],
							"uv": {
								"north": {"uv": [141, 132], "uv_size": [3.5, 0.5]},
								"east": {"uv": [61, 166], "uv_size": [0.5, 0.5]},
								"south": {"uv": [141, 133], "uv_size": [3.5, 0.5]},
								"west": {"uv": [166, 61], "uv_size": [0.5, 0.5]},
								"up": {"uv": [135, 141], "uv_size": [3.5, 0.5]},
								"down": {"uv": [139, 141.5], "uv_size": [3.5, -0.5]}
							}
						},
						{
							"origin": [-3.725, 23.875, -1.875],
							"size": [0.4, 0.7, 3.2],
							"uv": {
								"north": {"uv": [62, 166], "uv_size": [0.5, 0.5]},
								"east": {"uv": [143, 17], "uv_size": [3, 0.5]},
								"south": {"uv": [166, 62], "uv_size": [0.5, 0.5]},
								"west": {"uv": [143, 18], "uv_size": [3, 0.5]},
								"up": {"uv": [99, 143], "uv_size": [0.5, 3]},
								"down": {"uv": [100, 146], "uv_size": [0.5, -3]}
							}
						},
						{
							"origin": [-3.625, 21.85298, -1.34906],
							"size": [0.3, 0.7, 3.7],
							"pivot": [2.2, 24, 0],
							"rotation": [-24, 0, 0],
							"uv": {
								"north": {"uv": [63, 166], "uv_size": [0.5, 0.5]},
								"east": {"uv": [141, 140], "uv_size": [3.5, 0.5]},
								"south": {"uv": [166, 63], "uv_size": [0.5, 0.5]},
								"west": {"uv": [0, 142], "uv_size": [3.5, 0.5]},
								"up": {"uv": [45, 141], "uv_size": [0.5, 3.5]},
								"down": {"uv": [63, 144.5], "uv_size": [0.5, -3.5]}
							}
						},
						{
							"origin": [-3.725, 22.24707, -3.02075],
							"size": [0.4, 0.7, 3.6],
							"pivot": [2.2, 24, 0],
							"rotation": [35, 0, 0],
							"uv": {
								"north": {"uv": [64, 166], "uv_size": [0.5, 0.5]},
								"east": {"uv": [142, 1], "uv_size": [3.5, 0.5]},
								"south": {"uv": [166, 64], "uv_size": [0.5, 0.5]},
								"west": {"uv": [142, 2], "uv_size": [3.5, 0.5]},
								"up": {"uv": [82, 141], "uv_size": [0.5, 3.5]},
								"down": {"uv": [83, 144.5], "uv_size": [0.5, -3.5]}
							}
						},
						{
							"origin": [-3.725, 22.93325, -1.77208],
							"size": [0.4, 0.7, 3.2],
							"pivot": [2.2, 24, 0],
							"rotation": [-8, 0, 0],
							"uv": {
								"north": {"uv": [65, 166], "uv_size": [0.5, 0.5]},
								"east": {"uv": [143, 36], "uv_size": [3, 0.5]},
								"south": {"uv": [166, 65], "uv_size": [0.5, 0.5]},
								"west": {"uv": [143, 52], "uv_size": [3, 0.5]},
								"up": {"uv": [101, 143], "uv_size": [0.5, 3]},
								"down": {"uv": [102, 146], "uv_size": [0.5, -3]}
							}
						},
						{
							"origin": [-3.625, 22.46271, 5.13811],
							"size": [0.3, 0.7, 3.1],
							"pivot": [2.2, 0, 0],
							"rotation": [17, 0, 0],
							"uv": {
								"north": {"uv": [66, 166], "uv_size": [0.5, 0.5]},
								"east": {"uv": [143, 102], "uv_size": [3, 0.5]},
								"south": {"uv": [166, 66], "uv_size": [0.5, 0.5]},
								"west": {"uv": [143, 105], "uv_size": [3, 0.5]},
								"up": {"uv": [103, 143], "uv_size": [0.5, 3]},
								"down": {"uv": [143, 111], "uv_size": [0.5, -3]}
							}
						},
						{
							"origin": [-3.425, 18.075, -1.775],
							"size": [3, 7, 3],
							"uv": {
								"north": {"uv": [16, 65], "uv_size": [3, 7]},
								"east": {"uv": [45, 65], "uv_size": [3, 7]},
								"south": {"uv": [48, 65], "uv_size": [3, 7]},
								"west": {"uv": [51, 65], "uv_size": [3, 7]},
								"up": {"uv": [105, 67], "uv_size": [3, 3]},
								"down": {"uv": [105, 73], "uv_size": [3, -3]}
							}
						},
						{
							"origin": [-3.525, 18.975, -1.875],
							"size": [3.2, 1.3, 3.2],
							"uv": {
								"north": {"uv": [116, 111], "uv_size": [3, 1.5]},
								"east": {"uv": [116, 113], "uv_size": [3, 1.5]},
								"south": {"uv": [117, 0], "uv_size": [3, 1.5]},
								"west": {"uv": [4, 117], "uv_size": [3, 1.5]},
								"up": {"uv": [105, 73], "uv_size": [3, 3]},
								"down": {"uv": [102, 108], "uv_size": [3, -3]}
							}
						}
					]
				},
				{
					"name": "RightHandLocator",
					"parent": "RightForeArm",
					"pivot": [-1.925, 19.575, 0.025]
				}
			]
		}
	]
}