{
	"format_version": "1.8.0",
	"animations": {
		"use_mainhand:eat": {
			"loop": true,
			"animation_length": 1.625,
			"bones": {
				"RightArm": {
					"rotation": {
						"0.0": {
							"post": [-54.85353, -19.60638, 29.49793],
							"lerp_mode": "catmullrom"
						},
						"0.0833": {
							"post": [-69.49209, -23.22687, 42.30477],
							"lerp_mode": "catmullrom"
						},
						"0.25": {
							"post": [-69.49209, -23.22687, 42.30477],
							"lerp_mode": "catmullrom"
						},
						"0.375": {
							"post": [-31.64215, -24.29567, 26.92865],
							"lerp_mode": "catmullrom"
						},
						"0.7083": {
							"post": [-26.53514, -23.22975, 18.15761],
							"lerp_mode": "catmullrom"
						},
						"1.0833": {
							"post": [-28.13104, -22.85842, 17.72356],
							"lerp_mode": "catmullrom"
						},
						"1.4167": {
							"post": [-31.16089, -19.53754, 18.0462],
							"lerp_mode": "catmullrom"
						},
						"1.5833": {
							"post": [-48.53985, -13.69097, 27.98871],
							"lerp_mode": "catmullrom"
						},
						"1.625": {
							"post": [-54.85353, -19.60638, 29.49793],
							"lerp_mode": "catmullrom"
						}
					}
				},
				"RightForeArm": {
					"rotation": {
						"0.0": {
							"post": [-110, 0, 0],
							"lerp_mode": "catmullrom"
						},
						"0.0833": {
							"post": [-117.5, 0, 0],
							"lerp_mode": "catmullrom"
						},
						"0.25": {
							"post": [-117.5, 0, 0],
							"lerp_mode": "catmullrom"
						},
						"0.2917": {
							"post": [-123.61, 0, 0],
							"lerp_mode": "catmullrom"
						},
						"0.375": {
							"post": [-115, 0, 0],
							"lerp_mode": "catmullrom"
						},
						"0.7083": {
							"post": [-110.01, 0, 0],
							"lerp_mode": "catmullrom"
						},
						"1.0833": {
							"post": [-106.89, 0, 0],
							"lerp_mode": "catmullrom"
						},
						"1.4167": {
							"post": [-109.25, 0, 0],
							"lerp_mode": "catmullrom"
						},
						"1.5833": {
							"post": [-86.6, 0, 0],
							"lerp_mode": "catmullrom"
						},
						"1.625": {
							"post": [-110, 0, 0],
							"lerp_mode": "catmullrom"
						}
					}
				},
				"Head": {
					"rotation": {
						"0.0": {
							"post": [-7.5, 0, 0],
							"lerp_mode": "catmullrom"
						},
						"0.125": {
							"post": [5, 0, 0],
							"lerp_mode": "catmullrom"
						},
						"0.375": {
							"post": [3.75, 0, 0],
							"lerp_mode": "catmullrom"
						},
						"0.5833": {
							"post": [5, 0, 0],
							"lerp_mode": "catmullrom"
						},
						"0.7917": {
							"post": [3.75, 0, 0],
							"lerp_mode": "catmullrom"
						},
						"1.0": {
							"post": [5, 0, 0],
							"lerp_mode": "catmullrom"
						},
						"1.25": {
							"post": [3.75, 0, 0],
							"lerp_mode": "catmullrom"
						},
						"1.4167": {
							"post": [5, 0, 0],
							"lerp_mode": "catmullrom"
						},
						"1.625": {
							"post": [-7.5, 0, 0],
							"lerp_mode": "catmullrom"
						}
					}
				},
				"RightHandLocator": {
					"position": [0, -1, 0]
				}
			}
		},
		"use_offhand:eat": {
			"loop": true,
			"animation_length": 1.625,
			"bones": {
				"LeftArm": {
					"rotation": {
						"0.0": {
							"post": [-54.85353, 19.60638, -29.49793],
							"lerp_mode": "catmullrom"
						},
						"0.125": {
							"post": [-69.49209, 23.22687, -42.30477],
							"lerp_mode": "catmullrom"
						},
						"0.2083": {
							"post": [-69.49209, 23.22687, -42.30477],
							"lerp_mode": "catmullrom"
						},
						"0.375": {
							"post": [-31.64215, 24.29567, -26.92865],
							"lerp_mode": "catmullrom"
						},
						"0.7083": {
							"post": [-26.53514, 23.22975, -18.15761],
							"lerp_mode": "catmullrom"
						},
						"1.0833": {
							"post": [-28.13104, 22.85842, -17.72356],
							"lerp_mode": "catmullrom"
						},
						"1.4583": {
							"post": [-31.16089, 19.53754, -18.0462],
							"lerp_mode": "catmullrom"
						},
						"1.5417": {
							"post": [-48.53985, 13.69097, -27.98871],
							"lerp_mode": "catmullrom"
						},
						"1.5833": {
							"post": [-54.85353, 19.60638, -29.49793],
							"lerp_mode": "catmullrom"
						}
					}
				},
				"LeftForeArm": {
					"rotation": {
						"0.0": {
							"post": [-110, 0, 0],
							"lerp_mode": "catmullrom"
						},
						"0.125": {
							"post": [-117.5, 0, 0],
							"lerp_mode": "catmullrom"
						},
						"0.2083": {
							"post": [-117.5, 0, 0],
							"lerp_mode": "catmullrom"
						},
						"0.25": {
							"post": [-123.61, 0, 0],
							"lerp_mode": "catmullrom"
						},
						"0.375": {
							"post": [-115, 0, 0],
							"lerp_mode": "catmullrom"
						},
						"0.7083": {
							"post": [-110.01, 0, 0],
							"lerp_mode": "catmullrom"
						},
						"1.0833": {
							"post": [-106.89, 0, 0],
							"lerp_mode": "catmullrom"
						},
						"1.4583": {
							"post": [-109.25, 0, 0],
							"lerp_mode": "catmullrom"
						},
						"1.5417": {
							"post": [-86.6, 0, 0],
							"lerp_mode": "catmullrom"
						},
						"1.5833": {
							"post": [-110, 0, 0],
							"lerp_mode": "catmullrom"
						}
					}
				},
				"Head": {
					"rotation": {
						"0.0": {
							"post": [-7.5, 0, 0],
							"lerp_mode": "catmullrom"
						},
						"0.1667": {
							"post": [5, 0, 0],
							"lerp_mode": "catmullrom"
						},
						"0.375": {
							"post": [3.75, 0, 0],
							"lerp_mode": "catmullrom"
						},
						"0.5833": {
							"post": [5, 0, 0],
							"lerp_mode": "catmullrom"
						},
						"0.7917": {
							"post": [3.75, 0, 0],
							"lerp_mode": "catmullrom"
						},
						"1.0": {
							"post": [5, 0, 0],
							"lerp_mode": "catmullrom"
						},
						"1.2083": {
							"post": [3.75, 0, 0],
							"lerp_mode": "catmullrom"
						},
						"1.4583": {
							"post": [5, 0, 0],
							"lerp_mode": "catmullrom"
						},
						"1.5833": {
							"post": [-7.5, 0, 0],
							"lerp_mode": "catmullrom"
						}
					}
				},
				"LeftHandLocator": {
					"position": [0, -1, 0]
				}
			}
		},
		"use_mainhand:drink": {
			"loop": true,
			"animation_length": 1.58333,
			"bones": {
				"UpBody": {
					"rotation": {
						"0.0": {
							"post": [0, 0, 0],
							"lerp_mode": "catmullrom"
						},
						"0.1667": {
							"post": [-5, 0, 0],
							"lerp_mode": "catmullrom"
						},
						"0.2917": {
							"post": [-4.25, 0, 0],
							"lerp_mode": "catmullrom"
						},
						"0.4583": {
							"post": [-7.5, 0, 0],
							"lerp_mode": "catmullrom"
						},
						"0.625": {
							"post": [-6.75, 0, 0],
							"lerp_mode": "catmullrom"
						},
						"0.7917": {
							"post": [-10, 0, 0],
							"lerp_mode": "catmullrom"
						},
						"1.0833": {
							"post": [-11.75, 0, 0],
							"lerp_mode": "catmullrom"
						},
						"1.25": {
							"post": [-10, 0, 0],
							"lerp_mode": "catmullrom"
						},
						"1.4167": {
							"post": [0, 0, 0],
							"lerp_mode": "catmullrom"
						},
						"1.5833": {
							"post": [0, 0, 0],
							"lerp_mode": "catmullrom"
						}
					}
				},
				"RightArm": {
					"rotation": {
						"0.0": {
							"post": [-10.84904, -14.57421, 9.75071],
							"lerp_mode": "catmullrom"
						},
						"0.0417": [-15.34656, -14.65923, 10.38631],
						"0.0833": [-29.94761, -14.94196, 12.47332],
						"0.125": [-56.0792, -15.45162, 16.21905],
						"0.1667": [-84.8081, -15.93452, 20.02081],
						"0.2083": [-85.52971, -15.93452, 20.02081],
						"0.25": [-86.08648, -15.93452, 20.02081],
						"0.2917": [-86.8081, -15.93452, 20.02081],
						"0.3333": [-86.68618, -15.93452, 20.02081],
						"0.4167": [-85.68002, -15.93452, 20.02081],
						"0.4583": [-85.5581, -15.93452, 20.02081],
						"0.5": [-85.54621, -15.93452, 20.02081],
						"0.5833": [-84.81998, -15.93452, 20.02081],
						"0.625": [-84.8081, -15.93452, 20.02081],
						"0.6667": [-85.12631, -15.93452, 20.02081],
						"0.75": [-85.23988, -15.93452, 20.02081],
						"0.7917": [-85.5581, -15.93452, 20.02081],
						"0.8333": [-86.13518, -15.93452, 20.02081],
						"1.0417": [-88.23102, -15.93452, 20.02081],
						"1.0833": [-88.8081, -15.93452, 20.02081],
						"1.125": [-89.4014, -15.93452, 20.02081],
						"1.2083": [-90.2148, -15.93452, 20.02081],
						"1.25": [-90.8081, -15.93452, 20.02081],
						"1.2917": [-60.28861, -15.45162, 16.21905],
						"1.3333": [-31.78177, -14.94196, 12.47332],
						"1.375": [-15.78537, -14.65923, 10.38631],
						"1.4167": {
							"pre": [-10.84904, -14.57421, 9.75071],
							"post": [-10.84904, -14.57421, 9.75071],
							"lerp_mode": "catmullrom"
						},
						"1.5833": {
							"post": [-10.84904, -14.57421, 9.75071],
							"lerp_mode": "catmullrom"
						}
					}
				},
				"RightForeArm": {
					"rotation": {
						"0.0": {
							"post": [-87.5, 0, 0],
							"lerp_mode": "catmullrom"
						},
						"0.0833": {
							"post": [-81.33, 0, 0],
							"lerp_mode": "catmullrom"
						},
						"0.1667": {
							"post": [-100, 0, 0],
							"lerp_mode": "catmullrom"
						},
						"0.2917": {
							"post": [-98.75, 0, 0],
							"lerp_mode": "catmullrom"
						},
						"0.4583": {
							"post": [-100, 0, 0],
							"lerp_mode": "catmullrom"
						},
						"0.625": {
							"post": [-98.75, 0, 0],
							"lerp_mode": "catmullrom"
						},
						"0.7917": {
							"post": [-100, 0, 0],
							"lerp_mode": "catmullrom"
						},
						"1.0833": {
							"post": [-98.75, 0, 0],
							"lerp_mode": "catmullrom"
						},
						"1.25": {
							"post": [-97.5, 0, 0],
							"lerp_mode": "catmullrom"
						},
						"1.3333": {
							"post": [-81.33, 0, 0],
							"lerp_mode": "catmullrom"
						},
						"1.4167": {
							"post": [-87.5, 0, 0],
							"lerp_mode": "catmullrom"
						},
						"1.5833": {
							"post": [-87.5, 0, 0],
							"lerp_mode": "catmullrom"
						}
					}
				},
				"Head": {
					"rotation": {
						"0.0": {
							"post": [0, 0, 0],
							"lerp_mode": "catmullrom"
						},
						"0.125": {
							"post": [-12.5, 0, 0],
							"lerp_mode": "catmullrom"
						},
						"0.2917": {
							"post": [-16, 0, 0],
							"lerp_mode": "catmullrom"
						},
						"0.4583": {
							"post": [-14.25, 0, 0],
							"lerp_mode": "catmullrom"
						},
						"0.625": {
							"post": [-13, 0, 0],
							"lerp_mode": "catmullrom"
						},
						"0.7917": {
							"post": [-13.75, 0, 0],
							"lerp_mode": "catmullrom"
						},
						"1.0833": {
							"post": [-17.5, 0, 0],
							"lerp_mode": "catmullrom"
						},
						"1.25": {
							"post": [-17.75, 0, 0],
							"lerp_mode": "catmullrom"
						},
						"1.4167": {
							"post": [0, 0, 0],
							"lerp_mode": "catmullrom"
						},
						"1.5833": {
							"post": [0, 0, 0],
							"lerp_mode": "catmullrom"
						}
					}
				}
			}
		},
		"use_offhand:drink": {
			"loop": true,
			"animation_length": 1.58333,
			"bones": {
				"UpBody": {
					"rotation": {
						"0.0": {
							"post": [0, 0, 0],
							"lerp_mode": "catmullrom"
						},
						"0.1667": {
							"post": [-5, 0, 0],
							"lerp_mode": "catmullrom"
						},
						"0.2917": {
							"post": [-4.25, 0, 0],
							"lerp_mode": "catmullrom"
						},
						"0.4583": {
							"post": [-7.5, 0, 0],
							"lerp_mode": "catmullrom"
						},
						"0.625": {
							"post": [-6.75, 0, 0],
							"lerp_mode": "catmullrom"
						},
						"0.7917": {
							"post": [-10, 0, 0],
							"lerp_mode": "catmullrom"
						},
						"1.0833": {
							"post": [-11.75, 0, 0],
							"lerp_mode": "catmullrom"
						},
						"1.25": {
							"post": [-10, 0, 0],
							"lerp_mode": "catmullrom"
						},
						"1.4167": {
							"post": [0, 0, 0],
							"lerp_mode": "catmullrom"
						},
						"1.5833": {
							"post": [0, 0, 0],
							"lerp_mode": "catmullrom"
						}
					}
				},
				"LeftArm": {
					"rotation": {
						"0.0": {
							"post": [-10.84904, 14.57421, -9.75071],
							"lerp_mode": "catmullrom"
						},
						"0.0417": [-15.34656, 14.65923, -10.38631],
						"0.0833": [-29.94761, 14.94196, -12.47332],
						"0.125": [-56.0792, 15.45162, -16.21905],
						"0.1667": [-84.8081, 15.93452, -20.02081],
						"0.2083": [-85.52971, 15.93452, -20.02081],
						"0.25": [-86.08648, 15.93452, -20.02081],
						"0.2917": [-86.8081, 15.93452, -20.02081],
						"0.3333": [-86.68618, 15.93452, -20.02081],
						"0.4167": [-85.68002, 15.93452, -20.02081],
						"0.4583": [-85.5581, 15.93452, -20.02081],
						"0.5": [-85.54621, 15.93452, -20.02081],
						"0.5833": [-84.81998, 15.93452, -20.02081],
						"0.625": [-84.8081, 15.93452, -20.02081],
						"0.6667": [-85.12631, 15.93452, -20.02081],
						"0.75": [-85.23988, 15.93452, -20.02081],
						"0.7917": [-85.5581, 15.93452, -20.02081],
						"0.8333": [-86.13518, 15.93452, -20.02081],
						"1.0417": [-88.23102, 15.93452, -20.02081],
						"1.0833": [-88.8081, 15.93452, -20.02081],
						"1.125": [-89.4014, 15.93452, -20.02081],
						"1.2083": [-90.2148, 15.93452, -20.02081],
						"1.25": [-90.8081, 15.93452, -20.02081],
						"1.2917": [-60.28861, 15.45162, -16.21905],
						"1.3333": [-31.78177, 14.94196, -12.47332],
						"1.375": [-15.78537, 14.65923, -10.38631],
						"1.4167": {
							"pre": [-10.84904, 14.57421, -9.75071],
							"post": [-10.84904, 14.57421, -9.75071],
							"lerp_mode": "catmullrom"
						},
						"1.5833": {
							"post": [-10.84904, 14.57421, -9.75071],
							"lerp_mode": "catmullrom"
						}
					}
				},
				"LeftForeArm": {
					"rotation": {
						"0.0": {
							"post": [-87.5, 0, 0],
							"lerp_mode": "catmullrom"
						},
						"0.0833": {
							"post": [-81.33, 0, 0],
							"lerp_mode": "catmullrom"
						},
						"0.1667": {
							"post": [-100, 0, 0],
							"lerp_mode": "catmullrom"
						},
						"0.2917": {
							"post": [-98.75, 0, 0],
							"lerp_mode": "catmullrom"
						},
						"0.4583": {
							"post": [-100, 0, 0],
							"lerp_mode": "catmullrom"
						},
						"0.625": {
							"post": [-98.75, 0, 0],
							"lerp_mode": "catmullrom"
						},
						"0.7917": {
							"post": [-100, 0, 0],
							"lerp_mode": "catmullrom"
						},
						"1.0833": {
							"post": [-98.75, 0, 0],
							"lerp_mode": "catmullrom"
						},
						"1.25": {
							"post": [-97.5, 0, 0],
							"lerp_mode": "catmullrom"
						},
						"1.3333": {
							"post": [-81.33, 0, 0],
							"lerp_mode": "catmullrom"
						},
						"1.4167": {
							"post": [-87.5, 0, 0],
							"lerp_mode": "catmullrom"
						},
						"1.5833": {
							"post": [-87.5, 0, 0],
							"lerp_mode": "catmullrom"
						}
					}
				},
				"Head": {
					"rotation": {
						"0.0": {
							"post": [0, 0, 0],
							"lerp_mode": "catmullrom"
						},
						"0.125": {
							"post": [-12.5, 0, 0],
							"lerp_mode": "catmullrom"
						},
						"0.2917": {
							"post": [-16, 0, 0],
							"lerp_mode": "catmullrom"
						},
						"0.4583": {
							"post": [-14.25, 0, 0],
							"lerp_mode": "catmullrom"
						},
						"0.625": {
							"post": [-13, 0, 0],
							"lerp_mode": "catmullrom"
						},
						"0.7917": {
							"post": [-13.75, 0, 0],
							"lerp_mode": "catmullrom"
						},
						"1.0833": {
							"post": [-17.5, 0, 0],
							"lerp_mode": "catmullrom"
						},
						"1.25": {
							"post": [-17.75, 0, 0],
							"lerp_mode": "catmullrom"
						},
						"1.4167": {
							"post": [0, 0, 0],
							"lerp_mode": "catmullrom"
						},
						"1.5833": {
							"post": [0, 0, 0],
							"lerp_mode": "catmullrom"
						}
					}
				}
			}
		},
		"use_offhand:bow": {
			"loop": "hold_on_last_frame",
			"animation_length": 60,
			"bones": {
				"UpBody": {
					"rotation": {
						"0.0": {
							"post": [10.0698, 64.5813, 11.1234],
							"lerp_mode": "catmullrom"
						},
						"0.5": {
							"post": [-3.3031, "(ysm.head_yaw>0)?(75-0.5*ysm.head_yaw):(75)", -0.8413],
							"lerp_mode": "catmullrom"
						},
						"1.0": {
							"post": [-3.9489, "(ysm.head_yaw>0)?(77.4888-ysm.head_yaw):(77.4888)", -1.506],
							"lerp_mode": "catmullrom"
						}
					}
				},
				"LeftArm": {
					"rotation": {
						"0.0": {
							"post": [-51.4704, -7.4448, 28.9102],
							"lerp_mode": "catmullrom"
						},
						"0.5": {
							"post": [-80.1097, -29.4633, 11.3843],
							"lerp_mode": "catmullrom"
						},
						"1.0": {
							"post": [-77.0228, -61.5595, 5.0828],
							"lerp_mode": "catmullrom"
						}
					}
				},
				"LeftForeArm": {
					"rotation": {
						"0.0": {
							"post": [-5, 0, 0],
							"lerp_mode": "catmullrom"
						},
						"0.5": {
							"post": [0, 0, 0],
							"lerp_mode": "catmullrom"
						},
						"1.0": {
							"post": [0, 0, 0],
							"lerp_mode": "catmullrom"
						}
					}
				},
				"RightArm": {
					"rotation": {
						"0.0": {
							"post": [-51.1309, -33.6397, 57.0131],
							"lerp_mode": "catmullrom"
						},
						"0.5": {
							"post": [-42.3116, -14.7367, 66.1183],
							"lerp_mode": "catmullrom"
						},
						"1.0": {
							"post": [20.9526, -11.0157, 62.6916],
							"lerp_mode": "catmullrom"
						}
					}
				},
				"RightForeArm": {
					"rotation": {
						"0.0": {
							"post": [-72.5, 0, 0],
							"lerp_mode": "catmullrom"
						},
						"0.5": {
							"post": [-105, 0, 0],
							"lerp_mode": "catmullrom"
						},
						"1.0": {
							"post": [-155, 0, 0],
							"lerp_mode": "catmullrom"
						}
					}
				},
				"Head": {
					"rotation": {
						"0.0": {
							"post": [13.0859, -61.5204, -15.6374],
							"lerp_mode": "catmullrom"
						},
						"0.5": {
							"post": [45.8757, "-65.2536+0.5*ysm.head_yaw", -38.7767],
							"lerp_mode": "catmullrom"
						},
						"1.0": {
							"post": [51.2554, "-70.4355+ysm.head_yaw", -44.3434],
							"lerp_mode": "catmullrom"
						}
					}
				},
				"LeftHandLocator": {
					"rotation": {
						"0.0": [0, 0, -42.5],
						"0.5": [0, 0, -42.5],
						"1.0": [0, 0, -15]
					},
					"scale": {
						"0.0": [1, 1, 1],
						"0.5": [1.5, 1.5, 1.5],
						"1.0": [2, 2, 2]
					}
				},
				"AllBody": {
					"rotation": [0, "(ysm.head_yaw>0)?(0):(-ysm.head_yaw)", 0]
				},
				"Arm": {
					"rotation": {
						"0.0": [0, 0, 0],
						"1.0": [0, "-ysm.head_pitch/9", "-ysm.head_pitch"]
					}
				}
			}
		},
		"use_offhand:crossbow": {
			"loop": "hold_on_last_frame",
			"animation_length": 60,
			"bones": {
				"UpBody": {
					"rotation": {
						"0.0": {
							"post": [8.50054, -42.03887, -7.73311],
							"lerp_mode": "catmullrom"
						},
						"0.75": {
							"post": [5.14895, -42.32665, -5.48217],
							"lerp_mode": "catmullrom"
						},
						"1.5": {
							"post": [3.46296, -42.43373, -4.34568],
							"lerp_mode": "catmullrom"
						}
					}
				},
				"LeftArm": {
					"rotation": {
						"0.0": {
							"post": [-8.55383, 55.39007, -45.06239],
							"lerp_mode": "catmullrom"
						},
						"0.75": {
							"post": [-12.57823, 50.22393, -43.02751],
							"lerp_mode": "catmullrom"
						},
						"1.5": {
							"post": [-26.35807, 45.31681, -40.75433],
							"lerp_mode": "catmullrom"
						}
					}
				},
				"LeftForeArm": {
					"rotation": {
						"0.0": {
							"post": [-120.32416, 11.38539, 37.37979],
							"lerp_mode": "catmullrom"
						},
						"0.75": {
							"post": [-114.73652, 11.90156, 38.32191],
							"lerp_mode": "catmullrom"
						},
						"1.5": {
							"post": [-91.92898, -2.26726, 41.14055],
							"lerp_mode": "catmullrom"
						}
					}
				},
				"RightArm": {
					"rotation": {
						"0.0": {
							"post": [-67.944, 5.60712, -11.51943],
							"lerp_mode": "catmullrom"
						},
						"0.75": {
							"post": [-54.41405, -25.55395, 52.04293],
							"lerp_mode": "catmullrom"
						},
						"1.5": {
							"post": [-91.12417, -29.42528, 77.08012],
							"lerp_mode": "catmullrom"
						}
					}
				},
				"RightForeArm": {
					"rotation": {
						"0.0": {
							"post": [0, 0, 0],
							"lerp_mode": "catmullrom"
						},
						"0.75": {
							"post": [-62.5, 0, 0],
							"lerp_mode": "catmullrom"
						},
						"1.5": {
							"post": [-80, 0, 0],
							"lerp_mode": "catmullrom"
						}
					}
				},
				"Head": {
					"rotation": {
						"0.0": {
							"post": [23.38462, 37.19141, 5.65574],
							"lerp_mode": "catmullrom"
						},
						"0.75": {
							"post": [23.38462, 37.19141, 5.65574],
							"lerp_mode": "catmullrom"
						},
						"1.5": {
							"post": [23.38462, 37.19141, 5.65574],
							"lerp_mode": "catmullrom"
						}
					}
				},
				"LeftHandLocator": {
					"position": [0, -4, 0]
				}
			}
		},
		"use_mainhand:crossbow": {
			"loop": "hold_on_last_frame",
			"animation_length": 60,
			"bones": {
				"UpBody": {
					"rotation": {
						"0.0": {
							"post": ["5.8216-0.25*ysm.head_pitch", "(ysm.head_yaw>0)?(-ysm.head_yaw+42):(42)", 5.93491],
							"lerp_mode": "catmullrom"
						},
						"0.5833": {
							"post": ["5.8216-0.25*ysm.head_pitch", "(ysm.head_yaw>0)?(-ysm.head_yaw+42):(42)", 5.93491],
							"lerp_mode": "catmullrom"
						},
						"0.6667": {
							"post": [3.11666, 42.23388, 1.9025],
							"lerp_mode": "catmullrom"
						},
						"0.75": {
							"post": [6.73984, 41.88686, 7.3088],
							"lerp_mode": "catmullrom"
						},
						"2.0": {
							"post": ["5.8216-0.25*ysm.head_pitch", "(ysm.head_yaw>0)?(-ysm.head_yaw+42):(42)", 5.93491],
							"lerp_mode": "catmullrom"
						}
					}
				},
				"LeftArm": {
					"rotation": {
						"0.0": [-67.38897, 22.94668, -11.68886],
						"0.3333": [-69.20251, 4.17093, -19.31875],
						"1.0833": [-69.20251, 4.17093, -19.31875],
						"1.25": [-67.45752, 22.47366, -11.86621],
						"1.5833": [-67.41908, 22.7405, -11.76688],
						"2.0": [-67.38897, 22.94668, -11.68886]
					}
				},
				"LeftForeArm": {
					"rotation": {
						"0.0": {
							"post": [-12.5, 0, 0],
							"lerp_mode": "catmullrom"
						},
						"1.0": {
							"post": [-12, 0, 0],
							"lerp_mode": "catmullrom"
						},
						"2.0": {
							"post": [-12.5, 0, 0],
							"lerp_mode": "catmullrom"
						}
					}
				},
				"RightArm": {
					"rotation": {
						"0.0": [-39.45084, -50.38918, 43.09853],
						"0.0833": [-35.1414, -45.20866, 43.2026],
						"0.1667": [-34.66197, -44.16227, 45.0609],
						"0.3333": [-31.16608, -45.23575, 41.85105],
						"0.4167": [-27.15448, -44.42776, 39.23221],
						"0.5833": [-41.15448, -44.42776, 39.23221],
						"0.6667": [-51.15448, -44.42776, 39.23221],
						"0.75": [-40.55375, -59.41091, 58.5609]
					}
				},
				"RightForeArm": {
					"rotation": {
						"0.0": {
							"post": [-69.22266, 21.0503, -35.80591],
							"lerp_mode": "catmullrom"
						},
						"0.0833": {
							"post": [-83.5, 16.64, -37.02],
							"lerp_mode": "catmullrom"
						},
						"0.1667": {
							"post": [-82.53319, 12.91334, -38.80176],
							"lerp_mode": "catmullrom"
						},
						"0.4167": {
							"post": [-88.59369, 18.40411, -43.31575],
							"lerp_mode": "catmullrom"
						},
						"0.5833": {
							"post": [-100.48301, 28.40088, -43.03816],
							"lerp_mode": "catmullrom"
						},
						"0.6667": {
							"post": [-109.03616, 31.24161, -44.1501],
							"lerp_mode": "catmullrom"
						},
						"1.0": {
							"post": [-102.04, 31.24, -44.15],
							"lerp_mode": "catmullrom"
						},
						"1.0833": {
							"post": [-92.80815, 22.25165, -43.63641],
							"lerp_mode": "catmullrom"
						}
					}
				},
				"Head": {
					"rotation": {
						"0.0": {
							"post": ["5.8846+0.3*ysm.head_pitch", "-37.1914+ysm.head_yaw-ysm.head_pitch/5", "-5.6557-ysm.head_pitch/9"],
							"lerp_mode": "catmullrom"
						},
						"0.5833": {
							"post": ["5.8846+0.3*ysm.head_pitch", "-37.1914+ysm.head_yaw-ysm.head_pitch/5", "-5.6557-ysm.head_pitch/9"],
							"lerp_mode": "catmullrom"
						},
						"0.6667": {
							"post": [7.62844, -37.01312, -6.89177],
							"lerp_mode": "catmullrom"
						},
						"0.75": {
							"post": [5.35011, -37.35356, -3.13843],
							"lerp_mode": "catmullrom"
						},
						"2.0": {
							"post": ["5.8846+0.3*ysm.head_pitch", "-37.1914+ysm.head_yaw-ysm.head_pitch/5", "-5.6557-ysm.head_pitch/9"],
							"lerp_mode": "catmullrom"
						}
					}
				},
				"RightHandLocator": {
					"rotation": [0, 0, -10],
					"position": [0, -4, 1],
					"scale": 0
				},
				"AllBody": {
					"rotation": [0, "(ysm.head_yaw<0)?(-ysm.head_yaw):(0)", 0]
				},
				"Arm": {
					"rotation": ["math.min(-0.75*ysm.head_pitch,20)", "-ysm.head_pitch/4", "-0.5*ysm.head_pitch"],
					"position": [1, -0.4, 0.5]
				},
				"gun": {
					"rotation": {
						"0.0": {
							"post": [46.57625, -27.09037, -18.80577],
							"lerp_mode": "catmullrom"
						},
						"0.25": {
							"post": [4.25208, -41.48719, 0.56014],
							"lerp_mode": "catmullrom"
						},
						"1.0": {
							"post": [4.25208, -41.48719, 0.56014],
							"lerp_mode": "catmullrom"
						},
						"1.1667": {
							"post": [46.57625, -27.09037, -18.80577],
							"lerp_mode": "catmullrom"
						}
					},
					"position": {
						"0.0": {
							"post": [-0.4, -12.1, -2.6],
							"lerp_mode": "catmullrom"
						},
						"0.5": {
							"post": [-1.4, -12.1, -1.6],
							"lerp_mode": "catmullrom"
						},
						"0.6667": {
							"post": [-1.4, -8, -4.6],
							"lerp_mode": "catmullrom"
						},
						"0.75": {
							"post": [-1.4, -11, -1.6],
							"lerp_mode": "catmullrom"
						}
					}
				},
				"qiangtang": {
					"rotation": [-253.46124, -13.05229, -149.77387],
					"position": [-11.6, 18.8, -11.9]
				},
				"qiangshen": {
					"rotation": {
						"0.0": {
							"post": [-66.16372, 18.50742, -5.89246],
							"lerp_mode": "catmullrom"
						}
					},
					"position": [-4.5, 6.2, -20.8]
				},
				"banji": {
					"rotation": {
						"0.0": {
							"post": [147.5, 14.69046, -180],
							"lerp_mode": "catmullrom"
						}
					},
					"position": {
						"0.0": {
							"post": [-24.3, 10, -20.7],
							"lerp_mode": "catmullrom"
						}
					}
				},
				"humu": {
					"rotation": {
						"0.0": {
							"post": [15.6544, 2.45364, 12.80179],
							"lerp_mode": "catmullrom"
						}
					},
					"position": [-16.8, 11.5, -6.4]
				},
				"Arm_gun": {
					"rotation": [0, -42.5, 0]
				}
			}
		},
		"use_mainhand:spyglass": {
			"loop": true,
			"bones": {
				"RightArm": {
					"rotation": ["-71.0563-0.8*ysm.head_pitch", "-0.5*ysm.head_yaw", 0]
				},
				"RightForeArm": {
					"rotation": [-112.5, 0, 0]
				},
				"Head": {
					"rotation": ["0.2*ysm.head_pitch", "0.5*ysm.head_yaw", 0]
				},
				"RightHandLocator": {
					"rotation": [174.99046, -4.99523, 0.21865]
				},
				"UpBody": {
					"rotation": ["-0.2*ysm.head_pitch", "-0.5*ysm.head_yaw", 0]
				}
			}
		},
		"use_offhand:spyglass": {
			"loop": true,
			"animation_length": 0.49,
			"bones": {
				"LeftArm": {
					"rotation": ["-71.0563-0.8*ysm.head_pitch", "-0.5*ysm.head_yaw", 0]
				},
				"LeftForeArm": {
					"rotation": [-112.5, 0, 0]
				},
				"Head": {
					"rotation": ["0.2*ysm.head_pitch", "0.5*ysm.head_yaw", 0]
				},
				"LeftHandLocator": {
					"rotation": {
						"0.0": [120, 0, 0],
						"0.49": [180, 0, 0]
					},
					"position": {
						"0.0": [0, 0, 0],
						"0.49": [0, 0, 10]
					}
				},
				"UpBody": {
					"rotation": ["-0.2*ysm.head_pitch", "-0.5*ysm.head_yaw", 0]
				}
			}
		},
		"use_mainhand:spear": {
			"loop": "hold_on_last_frame",
			"animation_length": 60,
			"bones": {
				"UpBody": {
					"rotation": {
						"0.0": {
							"post": [0, 24.97457, 0],
							"lerp_mode": "catmullrom"
						},
						"0.5": {
							"post": ["-0.2*ysm.head_pitch", "(ysm.head_yaw>0)?(-ysm.head_yaw+35.1606):(35.1606)", "-0.1*ysm.head_pitch"],
							"lerp_mode": "catmullrom"
						}
					}
				},
				"LeftArm": {
					"rotation": {
						"0.0": {
							"post": [-9.9136, -0.11264, -1.29876],
							"lerp_mode": "catmullrom"
						},
						"0.5": {
							"post": [-64.12934, -30, -7.78321],
							"lerp_mode": "catmullrom"
						}
					}
				},
				"LeftForeArm": {
					"rotation": {
						"0.0": {
							"post": [-27.5, 0, 0],
							"lerp_mode": "catmullrom"
						},
						"0.5": {
							"post": [-20, 0, 0],
							"lerp_mode": "catmullrom"
						}
					}
				},
				"RightArm": {
					"rotation": {
						"0.0": {
							"post": [15.14334, -17.34551, 7.85952],
							"lerp_mode": "catmullrom"
						},
						"0.5": {
							"post": [-6.27156, 75.77567, 70.72033],
							"lerp_mode": "catmullrom"
						}
					}
				},
				"RightForeArm": {
					"rotation": {
						"0.0": {
							"post": [-7.5, 0, 0],
							"lerp_mode": "catmullrom"
						},
						"0.5": {
							"post": [-79.6859, -17.2294, 58.4333],
							"lerp_mode": "catmullrom"
						}
					}
				},
				"Head": {
					"rotation": {
						"0.0": {
							"post": [0, -20, 0],
							"lerp_mode": "catmullrom"
						},
						"0.5": {
							"post": ["0.2*ysm.head_pitch", "ysm.head_yaw-ysm.head_pitch/5-35", 0],
							"lerp_mode": "catmullrom"
						}
					}
				},
				"RightHandLocator": {
					"rotation": {
						"0.0": {
							"post": [120, 0, 0],
							"lerp_mode": "catmullrom"
						},
						"0.5": {
							"post": [180, 0, 0],
							"lerp_mode": "catmullrom"
						}
					},
					"position": {
						"0.0": [0, 0, 0],
						"0.5": [0, 0, -10]
					}
				},
				"AllBody": {
					"rotation": [0, "(ysm.head_yaw<0)?(-ysm.head_yaw):(0)", 0]
				},
				"Arm": {
					"rotation": {
						"0.0": [0, 0, 0],
						"0.5": ["-0.7*ysm.head_pitch", 0, "-ysm.head_pitch/5"]
					}
				}
			}
		},
		"use_offhand:spear": {
			"loop": "hold_on_last_frame",
			"animation_length": 60,
			"bones": {
				"UpBody": {
					"rotation": {
						"0.0": {
							"post": [1.16524, -24.97457, -2.75806],
							"lerp_mode": "catmullrom"
						},
						"0.5": {
							"post": ["-0.2*ysm.head_pitch", "(ysm.head_yaw<0)?(-ysm.head_yaw-35.1606):(-35.1606)", "-0.1*ysm.head_pitch"],
							"lerp_mode": "catmullrom"
						}
					}
				},
				"LeftArm": {
					"rotation": {
						"0.0": {
							"post": [15.14334, 17.34551, -7.85952],
							"lerp_mode": "catmullrom"
						},
						"0.5833": {
							"post": [70.0273, -40.73565, -124.15801],
							"lerp_mode": "catmullrom"
						}
					}
				},
				"LeftForeArm": {
					"rotation": {
						"0.0": {
							"post": [-7.5, 0, 0],
							"lerp_mode": "catmullrom"
						},
						"0.5833": {
							"post": [-87.83459, 1.2497, -29.97638],
							"lerp_mode": "catmullrom"
						}
					}
				},
				"RightArm": {
					"rotation": {
						"0.0": {
							"post": [-9.9136, 0.11264, 1.29876],
							"lerp_mode": "catmullrom"
						},
						"0.5833": {
							"post": [-64.12934, 30, 7.7832],
							"lerp_mode": "catmullrom"
						}
					}
				},
				"RightForeArm": {
					"rotation": {
						"0.0": {
							"post": [-27.5, 0, 0],
							"lerp_mode": "catmullrom"
						},
						"0.5833": {
							"post": [-20, 0, 0],
							"lerp_mode": "catmullrom"
						}
					}
				},
				"Head": {
					"rotation": {
						"0.0": {
							"post": [0, 20, 0],
							"lerp_mode": "catmullrom"
						},
						"0.5": {
							"post": ["0.2*ysm.head_pitch", "ysm.head_yaw-ysm.head_pitch/5+35", 0],
							"lerp_mode": "catmullrom"
						}
					},
					"position": {
						"0.0": {
							"post": [0, 0, 0],
							"lerp_mode": "catmullrom"
						}
					}
				},
				"RightHandLocator": {
					"rotation": {
						"0.0": {
							"post": [92.5, 0, 0],
							"lerp_mode": "catmullrom"
						},
						"0.5833": {
							"post": [257.5, 0, 0],
							"lerp_mode": "catmullrom"
						}
					}
				},
				"LeftHandLocator": {
					"rotation": {
						"0.0": {
							"post": [120, 0, 0],
							"lerp_mode": "catmullrom"
						},
						"0.5833": {
							"post": [180, 0, 0],
							"lerp_mode": "catmullrom"
						}
					},
					"position": {
						"0.0": [0, 0, 0],
						"0.5833": [0, 0, -10]
					}
				},
				"AllBody": {
					"rotation": [0, "(ysm.head_yaw>0)?(-ysm.head_yaw):(0)", 0]
				},
				"Arm": {
					"rotation": {
						"0.0": ["-0.7*ysm.head_pitch", 0, 0],
						"0.5": ["-0.7*ysm.head_pitch", 0, "ysm.head_pitch/5"]
					}
				}
			}
		},
		"use_mainhand$minecraft:shield": {
			"animation_length": 0.375,
			"bones": {
				"UpBody": {
					"rotation": {
						"0.0": {
							"post": ["1.6675-0.2*ysm.head_pitch", "-27.448-0.3*ysm.head_yaw", -5.46571],
							"lerp_mode": "catmullrom"
						}
					}
				},
				"RightArm": {
					"rotation": {
						"0.0": {
							"post": [-43.48192, -2.43525, 29.49685],
							"lerp_mode": "catmullrom"
						}
					}
				},
				"RightForeArm": {
					"rotation": {
						"0.0": {
							"post": [-109.05613, 6.60796, 16.24074],
							"lerp_mode": "catmullrom"
						}
					}
				},
				"Head": {
					"rotation": {
						"0.0": {
							"post": [0.3677, "27.4925+0.3*ysm.head_yaw", 2.6484],
							"lerp_mode": "catmullrom"
						}
					}
				},
				"RightHandLocator": {
					"rotation": [106.84933, 37.56532, 37.00149],
					"position": [0, 0, 0]
				},
				"Arm": {
					"rotation": ["-0.3*ysm.head_pitch", "-0.3*ysm.head_yaw", 0]
				}
			}
		},
		"use_offhand$minecraft:shield": {
			"animation_length": 0.375,
			"bones": {
				"UpBody": {
					"rotation": {
						"0.0": {
							"post": ["1.6675-0.2*ysm.head_pitch", "27.448-0.3*ysm.head_yaw", 5.46571],
							"lerp_mode": "catmullrom"
						}
					}
				},
				"LeftArm": {
					"rotation": {
						"0.0": {
							"post": [-43.48192, 2.43525, -29.49685],
							"lerp_mode": "catmullrom"
						}
					}
				},
				"LeftForeArm": {
					"rotation": {
						"0.0": {
							"post": [-109.05613, -6.60796, -16.24074],
							"lerp_mode": "catmullrom"
						}
					}
				},
				"Head": {
					"rotation": {
						"0.0": {
							"post": [0.3677, "-27.4925+0.3*ysm.head_yaw", -2.6484],
							"lerp_mode": "catmullrom"
						}
					}
				},
				"LeftHandLocator": {
					"rotation": [116.97434, -45.23796, -42.01285],
					"position": [0, 0, 0]
				},
				"Arm": {
					"rotation": ["-0.3*ysm.head_pitch", "-0.3*ysm.head_yaw", 0]
				}
			}
		},
		"hold_mainhand:fishing": {
			"loop": true,
			"animation_length": 2,
			"bones": {
				"UpBody": {
					"rotation": {
						"0.0": [0, 0, 0],
						"0.5417": [-0.27738, 0, 0],
						"1.0": [-0.5, 0, 0],
						"1.5417": [-0.22262, 0, 0],
						"2.0": [0, 0, 0]
					}
				},
				"LeftArm": {
					"rotation": {
						"0.0": {
							"post": [-56.72671, 19.95595, 11.62581],
							"lerp_mode": "catmullrom"
						},
						"1.0": {
							"post": [-56.22671, 19.95595, 11.62581],
							"lerp_mode": "catmullrom"
						},
						"2.0": {
							"post": [-56.72671, 19.95595, 11.62581],
							"lerp_mode": "catmullrom"
						}
					}
				},
				"LeftForeArm": {
					"rotation": {
						"0.0": {
							"post": [-17.5, 0, 0],
							"lerp_mode": "catmullrom"
						},
						"2.0": {
							"post": [-17.5, 0, 0],
							"lerp_mode": "catmullrom"
						}
					}
				},
				"RightArm": {
					"rotation": {
						"0.0": [-54.6887, -15.93333, -15.34595],
						"0.5417": [-54.26914, -15.93333, -15.34595],
						"1.0": [-53.9387, -15.93333, -15.34595],
						"1.5417": [-54.35826, -15.93333, -15.34595],
						"2.0": [-54.6887, -15.93333, -15.34595]
					}
				},
				"RightForeArm": {
					"rotation": {
						"0.0": {
							"post": [-20, 0, 0],
							"lerp_mode": "catmullrom"
						},
						"1.0": {
							"post": [-20.5, 0, 0],
							"lerp_mode": "catmullrom"
						},
						"2.0": {
							"post": [-20, 0, 0],
							"lerp_mode": "catmullrom"
						}
					}
				},
				"Head": {
					"rotation": [0, 0, 0]
				},
				"LeftHandLocator": {
					"rotation": [42.5, 0, 0]
				},
				"RightHandLocator": {
					"rotation": [42.5, 0, 0]
				}
			}
		},
		"hold_mainhand:charged_crossbow": {
			"loop": "hold_on_last_frame",
			"bones": {
				"UpBody": {
					"rotation": {
						"0.0": {
							"post": ["5.8216-0.25*ysm.head_pitch", "(ysm.head_yaw>0)?(-ysm.head_yaw+42):(42)", 5.93491],
							"lerp_mode": "catmullrom"
						}
					}
				},
				"LeftArm": {
					"rotation": {
						"0.0": {
							"post": [-67.38897, 22.94668, -11.68886],
							"lerp_mode": "catmullrom"
						}
					}
				},
				"LeftForeArm": {
					"rotation": {
						"0.0": {
							"post": [-12.5, 0, 0],
							"lerp_mode": "catmullrom"
						}
					}
				},
				"RightArm": {
					"rotation": {
						"0.0": {
							"post": [-12.45084, -50.38918, 43.09853],
							"lerp_mode": "catmullrom"
						}
					}
				},
				"RightForeArm": {
					"rotation": {
						"0.0": {
							"post": [-94.66556, -0.59056, -43.77358],
							"lerp_mode": "catmullrom"
						}
					}
				},
				"Head": {
					"rotation": {
						"0.0": {
							"post": ["5.8846+0.3*ysm.head_pitch", "-37.1914+ysm.head_yaw-ysm.head_pitch/5", "-5.6557-ysm.head_pitch/9"],
							"lerp_mode": "catmullrom"
						}
					}
				},
				"RightHandLocator": {
					"position": [0, -4, 0],
					"scale": 0
				},
				"gun": {
					"rotation": {
						"0.0": {
							"post": [46.57625, -27.09037, -18.80577],
							"lerp_mode": "catmullrom"
						}
					},
					"position": {
						"0.0": {
							"post": [-1.4, -10.1, -0.6],
							"lerp_mode": "catmullrom"
						}
					}
				},
				"qiangtang": {
					"rotation": [-253.46124, -13.05229, -149.77387],
					"position": [-11.6, 18.8, -11.9]
				},
				"qiangshen": {
					"rotation": {
						"0.0": {
							"post": [-66.16372, 18.50742, -5.89246],
							"lerp_mode": "catmullrom"
						}
					},
					"position": [-4.5, 6.2, -20.8]
				},
				"banji": {
					"rotation": {
						"0.0": {
							"post": [147.5, 14.69046, -180],
							"lerp_mode": "catmullrom"
						}
					},
					"position": {
						"0.0": {
							"post": [-24.3, 10, -20.7],
							"lerp_mode": "catmullrom"
						}
					}
				},
				"humu": {
					"rotation": {
						"0.0": {
							"post": [15.6544, 2.45364, 12.80179],
							"lerp_mode": "catmullrom"
						}
					},
					"position": [-16.8, 11.5, -6.4]
				},
				"Arm_gun": {
					"rotation": [0, -46, 0]
				}
			}
		},
		"hold_offhand:charged_crossbow": {
			"loop": "hold_on_last_frame",
			"bones": {
				"UpBody": {
					"rotation": {
						"0.0": {
							"post": [3.46296, -42.43373, -4.34568],
							"lerp_mode": "catmullrom"
						}
					}
				},
				"LeftArm": {
					"rotation": {
						"0.0": {
							"post": [-26.35807, 45.31681, -40.75433],
							"lerp_mode": "catmullrom"
						}
					}
				},
				"LeftForeArm": {
					"rotation": {
						"0.0": {
							"post": [-89.8697, -13.7461, 42.4586],
							"lerp_mode": "catmullrom"
						}
					}
				},
				"RightArm": {
					"rotation": {
						"0.0": {
							"post": [-91.12417, -29.42528, 77.08012],
							"lerp_mode": "catmullrom"
						}
					}
				},
				"RightForeArm": {
					"rotation": {
						"0.0": {
							"post": [-26.5, 0, 0],
							"lerp_mode": "catmullrom"
						}
					}
				},
				"Head": {
					"rotation": {
						"0.0": {
							"post": [6.38462, 37.19141, 5.65574],
							"lerp_mode": "catmullrom"
						}
					}
				},
				"gun": {
					"rotation": [18.85376, 8.82853, 1.89307],
					"position": [-3, -8, 2.4]
				},
				"qiangtang": {
					"rotation": {
						"0.0": {
							"post": [128.13723, -55.26434, -146.95485],
							"lerp_mode": "catmullrom"
						}
					},
					"position": {
						"0.0": {
							"post": [17.2, 13.4, -21.9],
							"lerp_mode": "catmullrom"
						}
					}
				},
				"qiangshen": {
					"rotation": {
						"0.0": {
							"post": [-35.54324, -24.53895, -3.91035],
							"lerp_mode": "catmullrom"
						}
					},
					"position": {
						"0.0": {
							"post": [21.3, 1.4, -23.8],
							"lerp_mode": "catmullrom"
						}
					}
				},
				"banji": {
					"rotation": {
						"0.0": {
							"post": [0, 165, 0],
							"lerp_mode": "catmullrom"
						}
					},
					"position": {
						"0.0": {
							"post": [2.3, 3.6, -21.1],
							"lerp_mode": "catmullrom"
						}
					}
				},
				"humu": {
					"rotation": {
						"0.0": {
							"post": [38.10291, -35.56777, 18.99134],
							"lerp_mode": "catmullrom"
						}
					},
					"position": {
						"0.0": {
							"post": [8.3, 6.3, -7.1],
							"lerp_mode": "catmullrom"
						}
					}
				},
				"LeftHandLocator": {
					"scale": 0
				},
				"Arm_gun": {
					"rotation": [0, 45, 0],
					"position": [-1.9, 0, -1.1]
				}
			}
		},
		"hold_mainhand:crossbow": {
			"loop": true,
			"animation_length": 3000,
			"bones": {
				"UpBody": {
					"rotation": {
						"0.0": {
							"post": [0, 0, 0],
							"lerp_mode": "catmullrom"
						},
						"0.25": {
							"post": [-0.13, -2.5, 1.51],
							"lerp_mode": "catmullrom"
						},
						"0.5": {
							"post": [-0.26, -4.99, 3.01],
							"lerp_mode": "catmullrom"
						},
						"1.5833": {
							"post": [-0.26, -4.99, 3.01],
							"lerp_mode": "catmullrom"
						},
						"1.75": {
							"post": [-0.52469, 7.49615, 0.93601],
							"lerp_mode": "catmullrom"
						},
						"1.9167": {
							"post": ["5.8216-0.25*ysm.head_pitch", "(ysm.head_yaw>0)?(-ysm.head_yaw+42):(42)", 5.93491],
							"lerp_mode": "catmullrom"
						}
					}
				},
				"LeftArm": {
					"rotation": {
						"1.5833": {
							"pre": [0, 0, 0],
							"post": [0, 0, 0],
							"lerp_mode": "catmullrom"
						},
						"1.75": {
							"post": [-65, 0, 0],
							"lerp_mode": "catmullrom"
						},
						"1.9167": {
							"post": [-67.38897, 22.94668, -11.68886],
							"lerp_mode": "catmullrom"
						}
					}
				},
				"LeftForeArm": {
					"rotation": {
						"1.5833": {
							"pre": [0, 0, 0],
							"post": [0, 0, 0],
							"lerp_mode": "catmullrom"
						},
						"1.9167": {
							"post": [-12.5, 0, 0],
							"lerp_mode": "catmullrom"
						}
					}
				},
				"RightArm": {
					"rotation": {
						"0.0": {
							"post": [0, 0, 0],
							"lerp_mode": "catmullrom"
						},
						"0.25": {
							"post": [-83.91, 15.38, -17.8],
							"lerp_mode": "catmullrom"
						},
						"0.5": {
							"post": [-167.81468, 30.7632, -35.59791],
							"lerp_mode": "catmullrom"
						},
						"1.5833": {
							"post": [-167.81468, 30.7632, -35.59791],
							"lerp_mode": "catmullrom"
						},
						"1.6667": {
							"post": [-140.18166, 24.30584, -31.44323],
							"lerp_mode": "catmullrom"
						},
						"1.75": {
							"post": [-83.68378, 22.38802, -11.74057],
							"lerp_mode": "catmullrom"
						},
						"1.8333": {
							"post": [-41.53619, -14.12044, 16.9104],
							"lerp_mode": "catmullrom"
						},
						"1.9167": {
							"post": [-12.45084, -50.38918, 43.09853],
							"lerp_mode": "catmullrom"
						}
					}
				},
				"RightForeArm": {
					"rotation": {
						"1.5833": {
							"pre": [0, 0, 0],
							"post": [0, 0, 0],
							"lerp_mode": "catmullrom"
						},
						"1.9167": {
							"post": [-94.66556, -0.59056, -43.77358],
							"lerp_mode": "catmullrom"
						}
					}
				},
				"Head": {
					"rotation": {
						"0.0": {
							"post": [0, 0, 0],
							"lerp_mode": "catmullrom"
						},
						"0.25": {
							"post": [0, 0, -1.5],
							"lerp_mode": "catmullrom"
						},
						"0.5": {
							"post": [0, 0, -3],
							"lerp_mode": "catmullrom"
						},
						"1.5833": {
							"post": [0, 0, "-5.6557-ysm.head_pitch/9"],
							"lerp_mode": "catmullrom"
						},
						"1.9167": {
							"post": ["5.8846+0.3*ysm.head_pitch", "-37.1914+ysm.head_yaw-ysm.head_pitch/5", "-5.6557-ysm.head_pitch/9"],
							"lerp_mode": "catmullrom"
						}
					}
				},
				"RightHandLocator": {
					"position": [0, -4, 0],
					"scale": 0
				},
				"gun": {
					"rotation": {
						"1.5833": {
							"pre": [0, 0, 0],
							"post": [0, 0, 0]
						},
						"1.625": [2.26813, -1.31923, -0.91579],
						"1.6667": [7.76639, -4.5172, -3.13578],
						"1.7083": [15.10272, -8.78427, -6.09792],
						"1.7917": [31.46086, -18.29873, -12.70273],
						"1.8333": [38.79933, -22.56704, -15.66574],
						"1.875": [44.30149, -25.76729, -17.88731],
						"1.9167": {
							"pre": [46.57625, -27.09037, -18.80577],
							"post": [46.57625, -27.09037, -18.80577],
							"lerp_mode": "catmullrom"
						}
					},
					"position": {
						"1.5833": {
							"pre": [0, 4, -1],
							"post": [0, 0, 0]
						},
						"1.625": [0.53768, 0.25966, -1.33578],
						"1.6667": {
							"pre": [1.42, 0.34, -0.49],
							"post": [0.82, -2.46, -0.49],
							"lerp_mode": "catmullrom"
						},
						"1.7083": {
							"post": [0.08, 0.28, -4.68],
							"lerp_mode": "catmullrom"
						},
						"1.75": {
							"post": [0.72, -6.2, -0.35],
							"lerp_mode": "catmullrom"
						},
						"1.8333": {
							"post": [0.85, -9.38, 4.78],
							"lerp_mode": "catmullrom"
						},
						"1.9167": {
							"post": [-1.4, -10.1, -0.6],
							"lerp_mode": "catmullrom"
						}
					}
				},
				"qiangtang": {
					"rotation": {
						"0.8333": {
							"pre": [0, 0, 0],
							"post": [0, 0, 0],
							"lerp_mode": "catmullrom"
						},
						"1.0": {
							"post": [0, 82.5, 0],
							"lerp_mode": "catmullrom"
						},
						"1.1667": {
							"post": [-191.36171, -24.19102, -145.92166],
							"lerp_mode": "catmullrom"
						},
						"1.3333": [-253.46124, -13.05229, -149.77387]
					},
					"position": {
						"0.8333": {
							"pre": [0, 0, 0],
							"post": [0, 0, 0],
							"lerp_mode": "catmullrom"
						},
						"1.0": {
							"post": [-5, 0, 0],
							"lerp_mode": "catmullrom"
						},
						"1.1667": {
							"post": [-5, 10, -14],
							"lerp_mode": "catmullrom"
						},
						"1.25": {
							"post": [-15.5, 14.8, -20],
							"lerp_mode": "catmullrom"
						},
						"1.5": [-17.5, 24.7, -20],
						"1.5833": [-11.6, 18.8, -11.9]
					}
				},
				"qiangshen": {
					"rotation": {
						"0.8333": {
							"pre": [0, 0, 0],
							"post": [0, 0, 0],
							"lerp_mode": "catmullrom"
						},
						"1.0": {
							"post": [0, 11, 0],
							"lerp_mode": "catmullrom"
						},
						"1.1667": {
							"post": [-66.16372, 18.50742, -5.89246],
							"lerp_mode": "catmullrom"
						}
					},
					"position": {
						"0.75": {
							"pre": [0, 0, 0],
							"post": [0, 0, 0],
							"lerp_mode": "catmullrom"
						},
						"0.9167": {
							"post": [-5.5, 8.2, 0],
							"lerp_mode": "catmullrom"
						},
						"1.0833": {
							"post": [-5.5, 12.2, -10.9],
							"lerp_mode": "catmullrom"
						},
						"1.3333": [-4.5, 6.2, -20.8]
					}
				},
				"banji": {
					"rotation": {
						"0.0833": {
							"pre": [0, 0, 0],
							"post": [0, 0, 0],
							"lerp_mode": "catmullrom"
						},
						"0.4167": {
							"post": [147.5, 14.69046, -180],
							"lerp_mode": "catmullrom"
						}
					},
					"position": {
						"0.25": [0, 0, 0],
						"0.3333": [-4.00392, 3.39447, 0.8652],
						"0.4167": [-14.0981, 11.38085, 1.64789],
						"0.5": {
							"pre": [-22.05, 16.4, -0.85],
							"post": [-22.05, 16.4, -0.85],
							"lerp_mode": "catmullrom"
						},
						"0.75": {
							"post": [-24.3, 10, -20.7],
							"lerp_mode": "catmullrom"
						}
					}
				},
				"humu": {
					"rotation": {
						"0.75": {
							"pre": [0, 0, 0],
							"post": [0, 0, 0],
							"lerp_mode": "catmullrom"
						},
						"0.8333": {
							"post": [-9, 0, 0],
							"lerp_mode": "catmullrom"
						},
						"1.0833": {
							"post": [15.6544, 2.45364, 12.80179],
							"lerp_mode": "catmullrom"
						}
					},
					"position": {
						"0.8333": {
							"pre": [0, 0, 0],
							"post": [0, 0, 0],
							"lerp_mode": "catmullrom"
						},
						"0.9167": {
							"post": [-12.6, 0, 3.3],
							"lerp_mode": "catmullrom"
						},
						"1.0833": {
							"post": [-12.6, 7.1, 3.3],
							"lerp_mode": "catmullrom"
						},
						"1.3333": [-12.6, 7.1, 3.3],
						"1.4167": [-16.8, 11.5, -6.4]
					}
				},
				"Arm_gun": {
					"rotation": {
						"0.0": [0, 0, 0],
						"1.7083": [0, -8, 0],
						"1.8333": [0, -25, 0],
						"1.9167": [0, -49, 0]
					}
				}
			}
		},
		"hold_offhand:crossbow": {
			"loop": true,
			"bones": {
				"UpBody": {
					"rotation": {
						"0.0": {
							"post": [3.46296, -42.43373, -4.34568],
							"lerp_mode": "catmullrom"
						}
					}
				},
				"LeftArm": {
					"rotation": {
						"0.0": {
							"post": [-26.35807, 45.31681, -40.75433],
							"lerp_mode": "catmullrom"
						}
					}
				},
				"LeftForeArm": {
					"rotation": {
						"0.0": {
							"post": [-89.8697, -13.7461, 42.4586],
							"lerp_mode": "catmullrom"
						}
					}
				},
				"RightArm": {
					"rotation": {
						"0.0": {
							"post": [-91.12417, -29.42528, 77.08012],
							"lerp_mode": "catmullrom"
						}
					}
				},
				"RightForeArm": {
					"rotation": {
						"0.0": {
							"post": [-26.5, 0, 0],
							"lerp_mode": "catmullrom"
						}
					}
				},
				"Head": {
					"rotation": {
						"0.0": {
							"post": [6.38462, 37.19141, 5.65574],
							"lerp_mode": "catmullrom"
						}
					}
				},
				"gun": {
					"rotation": [18.85376, 8.82853, 1.89307],
					"position": [-3, -8, 2.4]
				},
				"qiangtang": {
					"rotation": {
						"0.0": {
							"post": [128.13723, -55.26434, -146.95485],
							"lerp_mode": "catmullrom"
						}
					},
					"position": {
						"0.0": {
							"post": [17.2, 13.4, -21.9],
							"lerp_mode": "catmullrom"
						}
					}
				},
				"qiangshen": {
					"rotation": {
						"0.0": {
							"post": [-35.54324, -24.53895, -3.91035],
							"lerp_mode": "catmullrom"
						}
					},
					"position": {
						"0.0": {
							"post": [21.3, 1.4, -23.8],
							"lerp_mode": "catmullrom"
						}
					}
				},
				"banji": {
					"rotation": {
						"0.0": {
							"post": [0, 165, 0],
							"lerp_mode": "catmullrom"
						}
					},
					"position": {
						"0.0": {
							"post": [2.3, 3.6, -21.1],
							"lerp_mode": "catmullrom"
						}
					}
				},
				"humu": {
					"rotation": {
						"0.0": {
							"post": [38.10291, -35.56777, 18.99134],
							"lerp_mode": "catmullrom"
						}
					},
					"position": {
						"0.0": {
							"post": [8.3, 6.3, -7.1],
							"lerp_mode": "catmullrom"
						}
					}
				},
				"LeftHandLocator": {
					"scale": 0
				},
				"Arm_gun": {
					"rotation": [-3, 40.5, 0]
				}
			}
		},
		"use_mainhand:bow": {
			"loop": "hold_on_last_frame",
			"animation_length": 60,
			"bones": {
				"UpBody": {
					"rotation": [0, -30, 0]
				},
				"RightArm": {
					"rotation": {
						"0.0": [-35.30617, -19.82543, -28.11645],
						"0.5833": [-62.31598, 7.44336, -10.15211]
					}
				},
				"RightForeArm": {
					"rotation": {
						"0.0": [0, 0, -45.5],
						"0.5833": [-19.9299, -1.70818, -2.69986]
					}
				},
				"AllHead": {
					"rotation": [0, 30, 0]
				},
				"gun": {
					"rotation": [0, 30, 0]
				},
				"qiangtang": {
					"rotation": {
						"0.0": {
							"post": [-209.29889, -55.68908, -144.51421],
							"lerp_mode": "catmullrom"
						}
					},
					"position": {
						"0.0": {
							"post": [-12, -2, 0],
							"lerp_mode": "catmullrom"
						}
					}
				},
				"shang": {
					"position": {
						"0.3333": [0, 0, 0],
						"0.5833": [0, -0.7, -1.1]
					}
				},
				"qiangshen": {
					"rotation": {
						"0.0": {
							"post": [-9.91768, -17.58741, -5.56829],
							"lerp_mode": "catmullrom"
						}
					},
					"position": {
						"0.0": {
							"post": [-4.5, 3, -13],
							"lerp_mode": "catmullrom"
						}
					}
				},
				"kedon1": {
					"rotation": {
						"0.8333": {
							"pre": [0, 0, 0],
							"post": [0, 0, 0],
							"lerp_mode": "catmullrom"
						},
						"1.0": {
							"post": [0, 30, 0],
							"lerp_mode": "catmullrom"
						}
					}
				},
				"kedon2": {
					"rotation": {
						"0.5": {
							"pre": [0, 0, 0],
							"post": [0, 0, 0],
							"lerp_mode": "catmullrom"
						},
						"0.9167": {
							"post": [0, 30, 0],
							"lerp_mode": "catmullrom"
						}
					}
				},
				"kedon3": {
					"rotation": {
						"0.8333": {
							"pre": [0, 0, 0],
							"post": [0, 0, 0],
							"lerp_mode": "catmullrom"
						},
						"1.0": {
							"post": [0, -30, 0],
							"lerp_mode": "catmullrom"
						}
					}
				},
				"kedon4": {
					"rotation": {
						"0.5": {
							"pre": [0, 0, 0],
							"post": [0, 0, 0],
							"lerp_mode": "catmullrom"
						},
						"0.9167": {
							"post": [0, -30, 0],
							"lerp_mode": "catmullrom"
						}
					},
					"position": [0, -0.3, 1.4]
				},
				"banji": {
					"rotation": {
						"0.0": {
							"post": [-160, -20.30954, -180],
							"lerp_mode": "catmullrom"
						}
					},
					"position": {
						"0.0": {
							"post": [0, 4, -22],
							"lerp_mode": "catmullrom"
						}
					}
				},
				"kedon5": {
					"rotation": {
						"0.5833": [0, 0, 0],
						"0.9167": [25, 0, 0]
					}
				},
				"kedon6": {
					"rotation": {
						"0.8333": [0, 0, 0],
						"1.0833": [25, 0, 0]
					}
				},
				"humu": {
					"rotation": {
						"0.0": {
							"post": [-117.28103, -34.10874, -162.76134],
							"lerp_mode": "catmullrom"
						}
					},
					"position": {
						"0.0": {
							"post": [8, -8, 2],
							"lerp_mode": "catmullrom"
						}
					}
				},
				"kedon7": {
					"rotation": {
						"0.5833": [0, 0, 0],
						"0.9167": [0, 15, 0]
					}
				},
				"kedon8": {
					"rotation": {
						"0.8333": [0, 0, 0],
						"1.0833": [0, 15, 0]
					}
				},
				"kedon9": {
					"rotation": {
						"0.8333": [0, 0, 0],
						"1.0833": [0, -15, 0]
					}
				},
				"kedon10": {
					"rotation": {
						"0.5833": [0, 0, 0],
						"0.9167": [0, -15, 0]
					}
				},
				"kedon12": {
					"rotation": {
						"1.0833": [0, 0, 0],
						"1.4167": [46.78082, 13.99545, 14.43276]
					}
				},
				"kedon13": {
					"rotation": {
						"1.0833": [0, 0, 0],
						"1.4167": [46.78082, -13.99545, -14.43276]
					}
				},
				"RightHandLocator": {
					"scale": 0
				},
				"Arm_dao": {
					"rotation": {
						"0.0": {
							"post": [0, 0, 0],
							"lerp_mode": "catmullrom"
						},
						"0.5833": [-133.68908, 18.27812, 37.45023]
					},
					"position": {
						"0.0": {
							"post": [0, 0, 0],
							"lerp_mode": "catmullrom"
						},
						"0.25": {
							"post": [-2.17, 1.32, -3.32],
							"lerp_mode": "catmullrom"
						},
						"0.3333": {
							"post": [-3.38, 1.75, -5.31],
							"lerp_mode": "catmullrom"
						},
						"0.4167": {
							"post": [-6.24, 3.52, -7],
							"lerp_mode": "catmullrom"
						},
						"0.5833": [-9.1, 5.3, -8.1]
					}
				}
			}
		},
		"hold_mainhand:bow": {
			"loop": "hold_on_last_frame",
			"animation_length": 3000,
			"bones": {
				"UpBody": {
					"rotation": {
						"0.0": {
							"post": [0, 0, 0],
							"lerp_mode": "catmullrom"
						},
						"0.6667": {
							"post": [0, -25, 0],
							"lerp_mode": "catmullrom"
						},
						"1.25": {
							"post": [0, -25, 0],
							"lerp_mode": "catmullrom"
						},
						"1.5": [0, -30, 0]
					}
				},
				"AllHead": {
					"rotation": {
						"0.0": {
							"post": [0, 0, 0],
							"lerp_mode": "catmullrom"
						},
						"0.4167": {
							"post": [0, 25, 0],
							"lerp_mode": "catmullrom"
						},
						"1.25": {
							"post": [0, 25, 0],
							"lerp_mode": "catmullrom"
						},
						"1.5": [0, 30, 0]
					}
				},
				"RightArm": {
					"rotation": {
						"0.25": {
							"pre": [0, 0, 0],
							"post": [0, 0, 0],
							"lerp_mode": "catmullrom"
						},
						"0.5833": {
							"post": [-78.86947, 17.86082, 8.61996],
							"lerp_mode": "catmullrom"
						},
						"0.6667": {
							"post": [-76.37, 17.86, 8.62],
							"lerp_mode": "catmullrom"
						},
						"1.25": {
							"post": [-76.37, 17.86, 8.62],
							"lerp_mode": "catmullrom"
						},
						"1.5": {
							"post": [-35.30617, -19.82543, -28.11645],
							"lerp_mode": "catmullrom"
						}
					}
				},
				"RightHandLocator": {
					"scale": 0
				},
				"gun": {
					"rotation": {
						"0.0": [0, 0, 0],
						"0.25": [0, 25, 0],
						"1.25": [0, 25, 0],
						"1.5": [0, 30, 0]
					}
				},
				"qiangtang": {
					"rotation": {
						"0.4583": {
							"pre": [0, 0, 0],
							"post": [0, 0, 0],
							"lerp_mode": "catmullrom"
						},
						"1.0417": {
							"post": [-209.29889, -55.68908, -144.51421],
							"lerp_mode": "catmullrom"
						}
					},
					"position": {
						"0.5833": {
							"pre": [0, 0, 0],
							"post": [0, 0, 0],
							"lerp_mode": "catmullrom"
						},
						"1.0417": {
							"post": [-12, -2, 0],
							"lerp_mode": "catmullrom"
						}
					}
				},
				"qiangshen": {
					"rotation": {
						"0.5833": {
							"pre": [0, 0, 0],
							"post": [0, 0, 0],
							"lerp_mode": "catmullrom"
						},
						"1.375": {
							"post": [-9.91768, -17.58741, -5.56829],
							"lerp_mode": "catmullrom"
						}
					},
					"position": {
						"0.4583": {
							"pre": [0, 0, 0],
							"post": [0, 0, 0],
							"lerp_mode": "catmullrom"
						},
						"1.25": {
							"post": [-4.5, 3, -13],
							"lerp_mode": "catmullrom"
						}
					}
				},
				"banji": {
					"rotation": {
						"0.625": {
							"pre": [0, 0, 0],
							"post": [0, 0, 0],
							"lerp_mode": "catmullrom"
						},
						"1.125": {
							"post": [-160, -20.30954, -180],
							"lerp_mode": "catmullrom"
						}
					},
					"position": {
						"0.5833": {
							"pre": [0, 0, 0],
							"post": [0, 0, 0],
							"lerp_mode": "catmullrom"
						},
						"1.125": {
							"post": [0, 4, -22],
							"lerp_mode": "catmullrom"
						}
					}
				},
				"humu": {
					"rotation": {
						"0.4583": {
							"pre": [0, 0, 0],
							"post": [0, 0, 0],
							"lerp_mode": "catmullrom"
						},
						"1.2917": {
							"post": [-117.28103, -34.10874, -162.76134],
							"lerp_mode": "catmullrom"
						}
					},
					"position": {
						"0.4583": {
							"pre": [0, 0, 0],
							"post": [0, 0, 0],
							"lerp_mode": "catmullrom"
						},
						"1.2917": {
							"post": [8, -8, 2],
							"lerp_mode": "catmullrom"
						}
					}
				},
				"RightForeArm": {
					"rotation": {
						"0.5": [0, 0, 0],
						"0.625": [-9, 0, 0],
						"1.25": [-8.49, -0.17, -1.45],
						"1.5": [0, 0, -45.5]
					}
				}
			}
		}
	},
	"geckolib_format_version": 2
}