{
	"format_version": "1.12.0",
	"minecraft:geometry": [
		{
			"description": {
				"identifier": "geometry.unknown",
				"texture_width": 64,
				"texture_height": 64,
				"visible_bounds_width": 2,
				"visible_bounds_height": 3.5,
				"visible_bounds_offset": [0, 1.25, 0]
			},
			"bones": [
				{
					"name": "LeftArm",
					"pivot": [4, 26.75, -1.8],
					"cubes": [
						{"origin": [3.475, 27, -1.85], "size": [3, 1, 1], "uv": [56, 57]},
						{"origin": [3.475, 20, -1.85], "size": [4, 7, 1], "uv": [20, 47], "mirror": true},
						{"origin": [4.475, 18, -1.85], "size": [3, 2, 1], "uv": [56, 54]}
					]
				},
				{
					"name": "LeftHandLocator",
					"parent": "LeftArm",
					"pivot": [6, 17.75, -1.7]
				},
				{
					"name": "RightArm",
					"pivot": [-4, 26.75, -1.9],
					"cubes": [
						{"origin": [-7.475, 18, -1.95], "size": [3, 2, 1], "uv": [56, 54]},
						{"origin": [-6.475, 27, -1.95], "size": [3, 1, 1], "uv": [56, 57]},
						{"origin": [-7.475, 20, -1.95], "size": [4, 7, 1], "uv": [20, 47]}
					]
				},
				{
					"name": "RightHandLocator",
					"parent": "RightArm",
					"pivot": [-6, 17.75, -1.7]
				}
			]
		}
	]
}