{
	"format_version": "1.12.0",
	"minecraft:geometry": [
		{
			"description": {
				"identifier": "geometry.unknown",
				"texture_width": 64,
				"texture_height": 64,
				"visible_bounds_width": 3,
				"visible_bounds_height": 3.5,
				"visible_bounds_offset": [0, 1.25, 0]
			},
			"bones": [
				{
					"name": "MRoot",
					"pivot": [0, 0, 0]
				},
				{
					"name": "Root",
					"parent": "MRoot",
					"pivot": [0, 0, 0]
				},
				{
					"name": "MAllBody",
					"parent": "Root",
					"pivot": [0, 20.5, -2]
				},
				{
					"name": "AllBody",
					"parent": "MAllBody",
					"pivot": [0, 20.5, -2]
				},
				{
					"name": "MUpBody",
					"parent": "AllBody",
					"pivot": [0, 12, -1.9]
				},
				{
					"name": "UpBody",
					"parent": "MUpBody",
					"pivot": [0, 12, -1.9],
					"cubes": [
						{"origin": [-4, 12, -1.9], "size": [8, 5, 1], "uv": [3, 33]}
					]
				},
				{
					"name": "UpperBody",
					"parent": "UpBody",
					"pivot": [0, 17, -1.4],
					"cubes": [
						{"origin": [-4, 17, -1.9], "size": [8, 7, 1], "uv": [3, 26]}
					]
				},
				{
					"name": "Arm",
					"parent": "UpperBody",
					"pivot": [0, 22.75, -1.7]
				},
				{
					"name": "LeftArm",
					"parent": "Arm",
					"pivot": [4, 23, -1.7],
					"rotation": [0, 0, -18],
					"cubes": [
						{"origin": [3.475, 23, -1.75], "size": [3, 1, 1], "uv": [56, 57]},
						{"origin": [3.475, 19, -1.75], "size": [4, 4, 1], "uv": [20, 47], "mirror": true}
					]
				},
				{
					"name": "LeftForeArm",
					"parent": "LeftArm",
					"pivot": [5.475, 19, -1.25],
					"cubes": [
						{
							"origin": [3.475, 16, -1.75],
							"size": [4, 3, 1],
							"uv": {
								"north": {"uv": [25, 52], "uv_size": [-4, 3]},
								"east": {"uv": [26, 52], "uv_size": [-1, 3]},
								"south": {"uv": [30, 52], "uv_size": [-4, 3]},
								"west": {"uv": [21, 52], "uv_size": [-1, 3]},
								"up": {"uv": [25, 51], "uv_size": [-4, 1]},
								"down": {"uv": [30, 52], "uv_size": [-4, -1]}
							}
						}
					]
				},
				{
					"name": "LeftHand",
					"parent": "LeftForeArm",
					"pivot": [6, 15.75, -1.6],
					"cubes": [
						{"origin": [4.475, 14, -1.75], "size": [3, 2, 1], "uv": [56, 54]}
					]
				},
				{
					"name": "LeftHandLocator",
					"parent": "LeftHand",
					"pivot": [6, 14.75, -1.6]
				},
				{
					"name": "RightArm",
					"parent": "Arm",
					"pivot": [-4, 23, -1.7],
					"rotation": [0, 0, 18],
					"cubes": [
						{"origin": [-6.475, 23, -1.75], "size": [3, 1, 1], "uv": [56, 57], "mirror": true},
						{"origin": [-7.475, 19, -1.75], "size": [4, 4, 1], "uv": [20, 47]}
					]
				},
				{
					"name": "RightForeArm",
					"parent": "RightArm",
					"pivot": [-5.475, 19, -1.25],
					"cubes": [
						{
							"origin": [-7.475, 16, -1.75],
							"size": [4, 3, 1],
							"uv": {
								"north": {"uv": [21, 52], "uv_size": [4, 3]},
								"east": {"uv": [20, 52], "uv_size": [1, 3]},
								"south": {"uv": [26, 52], "uv_size": [4, 3]},
								"west": {"uv": [25, 52], "uv_size": [1, 3]},
								"up": {"uv": [21, 51], "uv_size": [4, 1]},
								"down": {"uv": [26, 52], "uv_size": [4, -1]}
							}
						}
					]
				},
				{
					"name": "RightHand",
					"parent": "RightForeArm",
					"pivot": [-6, 15.75, -1.6],
					"cubes": [
						{"origin": [-7.475, 14, -1.75], "size": [3, 2, 1], "uv": [56, 54], "mirror": true}
					]
				},
				{
					"name": "RightHandLocator",
					"parent": "RightHand",
					"pivot": [-6, 14.75, -1.6]
				},
				{
					"name": "AllHead",
					"parent": "UpperBody",
					"pivot": [0, 24.025, -1.425]
				},
				{
					"name": "MHead",
					"parent": "AllHead",
					"pivot": [0, 24.025, -1.425]
				},
				{
					"name": "Head",
					"parent": "MHead",
					"pivot": [0, 24.025, -1.425],
					"cubes": [
						{"origin": [-3, 37, -1.9], "size": [6, 1, 1], "uv": [48, 57]},
						{"origin": [-5, 36, -1.9], "size": [10, 1, 1], "uv": [20, 59]},
						{"origin": [-6, 34, -1.9], "size": [12, 2, 1], "uv": [12, 61]},
						{"origin": [-4, 24, -1.9], "size": [8, 1, 1], "uv": [46, 57]},
						{"origin": [-5, 25, -1.9], "size": [10, 1, 1], "uv": [42, 59]},
						{"origin": [-6, 26, -1.9], "size": [12, 2, 1], "uv": [38, 61]},
						{"origin": [-7, 28, -1.9], "size": [14, 6, 1], "uv": [1, 1]}
					]
				},
				{
					"name": "Shetou",
					"parent": "Head",
					"pivot": [0.125, 25.875, -1.375],
					"cubes": [
						{"origin": [-2.375, 22.875, -1.89462], "size": [5, 3, 1], "inflate": -0.05, "uv": [52, 0]}
					]
				},
				{
					"name": "Shetou2",
					"parent": "Shetou",
					"pivot": [0.125, 22.875, -1.39462],
					"cubes": [
						{"origin": [-2.375, 19.975, -1.89462], "size": [5, 3, 1], "inflate": -0.05, "uv": [52, 0]}
					]
				},
				{
					"name": "Shetou3",
					"parent": "Shetou2",
					"pivot": [0.125, 20.075, -1.39462],
					"cubes": [
						{"origin": [-2.375, 19.075, -1.89462], "size": [5, 1, 1], "inflate": -0.05, "uv": [52, 0]},
						{"origin": [-1.375, 18.175, -1.89462], "size": [3, 1, 1], "inflate": -0.05, "uv": [56, 57]}
					]
				},
				{
					"name": "Elytra",
					"parent": "UpperBody",
					"pivot": [0, 23, -0.4]
				},
				{
					"name": "Elytralocator",
					"parent": "Elytra",
					"pivot": [0, 23, -0.4]
				},
				{
					"name": "RifleLocator",
					"parent": "UpperBody",
					"pivot": [0, 22, 1.6],
					"rotation": [0, 0, -40]
				},
				{
					"name": "PistolLocator",
					"parent": "UpBody",
					"pivot": [-4, 12, -1.4]
				},
				{
					"name": "DownBody",
					"parent": "AllBody",
					"pivot": [0, 12, -2]
				},
				{
					"name": "LeftLeg",
					"parent": "DownBody",
					"pivot": [2.15, 12, -1.425],
					"cubes": [
						{"origin": [0.15, 7, -1.925], "size": [4, 5, 1], "uv": [28, 26]}
					]
				},
				{
					"name": "LeftLowerLeg",
					"parent": "LeftLeg",
					"pivot": [2.15, 7, -1.425],
					"cubes": [
						{"origin": [0.15, 1, -1.925], "size": [4, 6, 1], "uv": [28, 26]}
					]
				},
				{
					"name": "LeftFoot",
					"parent": "LeftLowerLeg",
					"pivot": [2.65, 1, -1.425],
					"cubes": [
						{"origin": [1.15, 0, -1.925], "size": [3, 1, 1], "uv": [56, 56]}
					]
				},
				{
					"name": "RightLeg",
					"parent": "DownBody",
					"pivot": [-2.15, 12, -1.425],
					"cubes": [
						{"origin": [-4.15, 7, -1.925], "size": [4, 5, 1], "uv": [28, 26], "mirror": true}
					]
				},
				{
					"name": "RightLowerLeg",
					"parent": "RightLeg",
					"pivot": [-2.15, 7, -1.425],
					"cubes": [
						{"origin": [-4.15, 1, -1.925], "size": [4, 6, 1], "uv": [28, 26], "mirror": true}
					]
				},
				{
					"name": "RightFoot",
					"parent": "RightLowerLeg",
					"pivot": [-2.65, 1, -1.425],
					"cubes": [
						{"origin": [-4.15, 0, -1.925], "size": [3, 1, 1], "uv": [56, 56], "mirror": true}
					]
				}
			]
		}
	]
}