{
	"format_version": "1.12.0",
	"minecraft:geometry": [
		{
			"description": {
				"identifier": "geometry.default",
				"texture_width": 256,
				"texture_height": 256,
				"visible_bounds_width": 5,
				"visible_bounds_height": 4.5,
				"visible_bounds_offset": [0, 1.75, 0]
			},
			"bones": [
				{
					"name": "LeftArm",
					"pivot": [3.725, 34.425, 0],
					"cubes": [
						{
							"origin": [2.075, 27.675, -1.5],
							"size": [2.25, 7.5, 3.05],
							"uv": {
								"north": {"uv": [23, 72], "uv_size": [2.5, 7.5]},
								"east": {"uv": [34, 64], "uv_size": [3, 7.5]},
								"south": {"uv": [64, 72], "uv_size": [2.5, 7.5]},
								"west": {"uv": [64, 56], "uv_size": [3, 7.5]},
								"up": {"uv": [96, 77], "uv_size": [2.5, 3]},
								"down": {"uv": [96, 85], "uv_size": [2.5, -3]}
							}
						}
					]
				},
				{
					"name": "LeftForeArm",
					"parent": "LeftArm",
					"pivot": [3.2, 27.5, 0.025],
					"cubes": [
						{
							"origin": [2.175, 26.67586, -0.85842],
							"size": [2.125, 2.1, 2.1],
							"pivot": [3.6, 27.92586, 0.09158],
							"rotation": [-45, 0, 0],
							"uv": {
								"north": {"uv": [55, 73], "uv_size": [2, 2]},
								"east": {"uv": [105, 96], "uv_size": [2, 2]},
								"south": {"uv": [106, 17], "uv_size": [2, 2]},
								"west": {"uv": [60, 106], "uv_size": [2, 2]},
								"up": {"uv": [106, 67], "uv_size": [2, 2]},
								"down": {"uv": [106, 71], "uv_size": [2, -2]}
							}
						},
						{
							"origin": [2.1, 21.85, -1.475],
							"size": [2.225, 5.8, 3],
							"uv": {
								"north": {"uv": [36, 47], "uv_size": [2, 6]},
								"east": {"uv": [26, 74], "uv_size": [3, 6]},
								"south": {"uv": [34, 57], "uv_size": [2, 6]},
								"west": {"uv": [74, 41], "uv_size": [3, 6]},
								"up": {"uv": [62, 75], "uv_size": [2, 3]},
								"down": {"uv": [41, 103], "uv_size": [2, -3]}
							}
						},
						{
							"origin": [1.8, 22.25, -1.775],
							"size": [2.825, 0.5, 3.6],
							"pivot": [3.2125, 22.5, 0.025],
							"rotation": [0, 0, -10],
							"uv": {
								"north": {"uv": [2, 114], "uv_size": [3, 0.5]},
								"east": {"uv": [112, 65], "uv_size": [3.5, 0.5]},
								"south": {"uv": [114, 2], "uv_size": [3, 0.5]},
								"west": {"uv": [112, 75], "uv_size": [3.5, 0.5]},
								"up": {"uv": [70, 89], "uv_size": [3, 3.5]},
								"down": {"uv": [76, 92.5], "uv_size": [3, -3.5]}
							}
						}
					]
				},
				{
					"name": "LeftHand",
					"parent": "LeftForeArm",
					"pivot": [3.7, 21.225, 0.025],
					"cubes": [
						{
							"origin": [2.2, 20.85, -1.675],
							"size": [1.925, 2.1, 2],
							"pivot": [-0.675, 20.95, -0.575],
							"rotation": [-45, 0, 0],
							"uv": {
								"north": {"uv": [106, 71], "uv_size": [2, 2]},
								"east": {"uv": [106, 74], "uv_size": [2, 2]},
								"south": {"uv": [106, 76], "uv_size": [2, 2]},
								"west": {"uv": [106, 79], "uv_size": [2, 2]},
								"up": {"uv": [106, 87], "uv_size": [2, 2]},
								"down": {"uv": [106, 91], "uv_size": [2, -2]}
							}
						},
						{
							"origin": [2.1, 19.85, -1.475],
							"size": [2.225, 2, 3],
							"uv": {
								"north": {"uv": [106, 91], "uv_size": [2, 2]},
								"east": {"uv": [100, 46], "uv_size": [3, 2]},
								"south": {"uv": [106, 93], "uv_size": [2, 2]},
								"west": {"uv": [47, 100], "uv_size": [3, 2]},
								"up": {"uv": [50, 100], "uv_size": [2, 3]},
								"down": {"uv": [52, 103], "uv_size": [2, -3]}
							}
						}
					]
				},
				{
					"name": "LeftHandLocator",
					"parent": "LeftHand",
					"pivot": [3.7, 20.225, 0.025]
				},
				{
					"name": "RightArm",
					"pivot": [-3.8, 34.425, 0],
					"cubes": [
						{
							"origin": [-4.325, 27.675, -1.5],
							"size": [2.25, 7.5, 3.05],
							"uv": {
								"north": {"uv": [52, 73], "uv_size": [2.5, 7.5]},
								"east": {"uv": [61, 64], "uv_size": [3, 7.5]},
								"south": {"uv": [0, 74], "uv_size": [2.5, 7.5]},
								"west": {"uv": [64, 64], "uv_size": [3, 7.5]},
								"up": {"uv": [97, 27], "uv_size": [2.5, 3]},
								"down": {"uv": [28, 100], "uv_size": [2.5, -3]}
							}
						}
					]
				},
				{
					"name": "RightForeArm",
					"parent": "RightArm",
					"pivot": [-3.275, 27.575, 0.025],
					"cubes": [
						{
							"origin": [-4.3, 26.55086, -0.85842],
							"size": [2.05, 2.1, 2.1],
							"pivot": [-3.675, 27.80086, 0.09158],
							"rotation": [-45, 0, 0],
							"uv": {
								"north": {"uv": [106, 98], "uv_size": [2, 2]},
								"east": {"uv": [101, 106], "uv_size": [2, 2]},
								"south": {"uv": [103, 106], "uv_size": [2, 2]},
								"west": {"uv": [105, 106], "uv_size": [2, 2]},
								"up": {"uv": [0, 107], "uv_size": [2, 2]},
								"down": {"uv": [107, 2], "uv_size": [2, -2]}
							}
						},
						{
							"origin": [-4.325, 21.85, -1.475],
							"size": [2.225, 5.8, 3],
							"uv": {
								"north": {"uv": [5, 63], "uv_size": [2, 6]},
								"east": {"uv": [42, 74], "uv_size": [3, 6]},
								"south": {"uv": [37, 64], "uv_size": [2, 6]},
								"west": {"uv": [45, 74], "uv_size": [3, 6]},
								"up": {"uv": [91, 101], "uv_size": [2, 3]},
								"down": {"uv": [102, 23], "uv_size": [2, -3]}
							}
						}
					]
				},
				{
					"name": "RightHand",
					"parent": "RightForeArm",
					"pivot": [-3.775, 21.325, 0.025],
					"cubes": [
						{
							"origin": [-4.2, 21.05, -1.775],
							"size": [1.925, 2.1, 2],
							"pivot": [0.6, 21.05, -0.575],
							"rotation": [-45, 0, 0],
							"uv": {
								"north": {"uv": [107, 4], "uv_size": [2, 2]},
								"east": {"uv": [6, 107], "uv_size": [2, 2]},
								"south": {"uv": [107, 6], "uv_size": [2, 2]},
								"west": {"uv": [8, 107], "uv_size": [2, 2]},
								"up": {"uv": [10, 107], "uv_size": [2, 2]},
								"down": {"uv": [107, 12], "uv_size": [2, -2]}
							}
						},
						{
							"origin": [-4.325, 19.85, -1.475],
							"size": [2.225, 2, 3],
							"uv": {
								"north": {"uv": [107, 12], "uv_size": [2, 2]},
								"east": {"uv": [102, 8], "uv_size": [3, 2]},
								"south": {"uv": [13, 107], "uv_size": [2, 2]},
								"west": {"uv": [102, 30], "uv_size": [3, 2]},
								"up": {"uv": [102, 35], "uv_size": [2, 3]},
								"down": {"uv": [102, 41], "uv_size": [2, -3]}
							}
						}
					]
				},
				{
					"name": "RightHandLocator",
					"parent": "RightHand",
					"pivot": [-3.775, 20.325, 0.025]
				}
			]
		}
	]
}