{
	"format_version": "1.12.0",
	"minecraft:geometry": [
		{
			"description": {
				"identifier": "geometry.unknown",
				"texture_width": 256,
				"texture_height": 256,
				"visible_bounds_width": 19,
				"visible_bounds_height": 17,
				"visible_bounds_offset": [0, 0.5, 0]
			},
			"bones": [
				{
					"name": "Arm",
					"pivot": [-0.2, 29.1, 0]
				},
				{
					"name": "RightArm",
					"parent": "Arm",
					"pivot": [-2.25, 33, 0],
					"cubes": [
						{
							"origin": [-2.625, 30, -0.5],
							"size": [1, 3, 1],
							"uv": {
								"north": {"uv": [42, 109], "uv_size": [1, 3]},
								"east": {"uv": [49, 109], "uv_size": [1, 3]},
								"south": {"uv": [51, 109], "uv_size": [1, 3]},
								"west": {"uv": [73, 109], "uv_size": [1, 3]},
								"up": {"uv": [62, 94], "uv_size": [1, 1]},
								"down": {"uv": [45, 97], "uv_size": [1, -1]}
							}
						},
						{
							"origin": [-3.125, 27.25, -0.875],
							"size": [2, 3, 1.5],
							"uv": {
								"north": {"uv": [78, 83], "uv_size": [2, 3]},
								"east": {"uv": [95, 4], "uv_size": [1.5, 3]},
								"south": {"uv": [84, 25], "uv_size": [2, 3]},
								"west": {"uv": [20, 95], "uv_size": [1.5, 3]},
								"up": {"uv": [85, 109], "uv_size": [2, 1.5]},
								"down": {"uv": [93, 110.5], "uv_size": [2, -1.5]}
							}
						},
						{
							"origin": [-4.125, 26.25, -1.125],
							"size": [4, 2, 2],
							"inflate": 0.0625,
							"uv": {
								"north": {"uv": [68, 27], "uv_size": [4, 2]},
								"east": {"uv": [82, 100], "uv_size": [2, 2]},
								"south": {"uv": [68, 38], "uv_size": [4, 2]},
								"west": {"uv": [85, 100], "uv_size": [2, 2]},
								"up": {"uv": [57, 68], "uv_size": [4, 2]},
								"down": {"uv": [62, 70], "uv_size": [4, -2]}
							}
						},
						{
							"origin": [-3.125, 32, -1],
							"size": [2, 2, 2],
							"inflate": 0.0625,
							"uv": {
								"north": {"uv": [68, 100], "uv_size": [2, 2]},
								"east": {"uv": [100, 68], "uv_size": [2, 2]},
								"south": {"uv": [71, 100], "uv_size": [2, 2]},
								"west": {"uv": [100, 71], "uv_size": [2, 2]},
								"up": {"uv": [100, 74], "uv_size": [2, 2]},
								"down": {"uv": [100, 79], "uv_size": [2, -2]}
							}
						}
					]
				},
				{
					"name": "RightForeArm",
					"parent": "RightArm",
					"pivot": [-2.25, 27.25, 0],
					"cubes": [
						{
							"origin": [-3.125, 19.5, -1.25],
							"size": [2, 7, 2.25],
							"uv": {
								"north": {"uv": [10, 38], "uv_size": [2, 7]},
								"east": {"uv": [23, 29], "uv_size": [2.5, 7]},
								"south": {"uv": [41, 4], "uv_size": [2, 7]},
								"west": {"uv": [27, 29], "uv_size": [2.5, 7]},
								"up": {"uv": [12, 92], "uv_size": [2, 2.5]},
								"down": {"uv": [38, 94.5], "uv_size": [2, -2.5]}
							}
						},
						{
							"origin": [-4, 17.5, -0.5],
							"size": [0.75, 9, 0.75],
							"uv": {
								"north": {"uv": [25, 61], "uv_size": [1, 9]},
								"east": {"uv": [53, 62], "uv_size": [1, 9]},
								"south": {"uv": [55, 62], "uv_size": [1, 9]},
								"west": {"uv": [6, 63], "uv_size": [1, 9]},
								"up": {"uv": [48, 98], "uv_size": [1, 1]},
								"down": {"uv": [98, 66], "uv_size": [1, -1]}
							}
						},
						{
							"origin": [-3.5, 17.5, -0.5],
							"size": [2.75, 1, 0.75],
							"inflate": -0.125,
							"uv": {
								"north": {"uv": [66, 17], "uv_size": [3, 1]},
								"east": {"uv": [82, 98], "uv_size": [1, 1]},
								"south": {"uv": [0, 110], "uv_size": [3, 1]},
								"west": {"uv": [100, 80], "uv_size": [1, 1]},
								"up": {"uv": [110, 0], "uv_size": [3, 1]},
								"down": {"uv": [4, 111], "uv_size": [3, -1]}
							}
						},
						{
							"origin": [-1, 17.5, -0.5],
							"size": [0.75, 9, 0.75],
							"uv": {
								"north": {"uv": [8, 63], "uv_size": [1, 9]},
								"east": {"uv": [27, 63], "uv_size": [1, 9]},
								"south": {"uv": [29, 63], "uv_size": [1, 9]},
								"west": {"uv": [43, 63], "uv_size": [1, 9]},
								"up": {"uv": [88, 100], "uv_size": [1, 1]},
								"down": {"uv": [101, 64], "uv_size": [1, -1]}
							}
						}
					]
				},
				{
					"name": "RightHand",
					"parent": "RightForeArm",
					"pivot": [-2.25, 18.25, -0.125],
					"cubes": [
						{
							"origin": [-3.125, 17.25, -1.875],
							"size": [2, 2, 3.5],
							"uv": {
								"north": {"uv": [0, 101], "uv_size": [2, 2]},
								"east": {"uv": [76, 71], "uv_size": [3.5, 2]},
								"south": {"uv": [101, 4], "uv_size": [2, 2]},
								"west": {"uv": [76, 74], "uv_size": [3.5, 2]},
								"up": {"uv": [77, 24], "uv_size": [2, 3.5]},
								"down": {"uv": [49, 80.5], "uv_size": [2, -3.5]}
							}
						}
					]
				},
				{
					"name": "BladeLocator",
					"parent": "RightHand",
					"pivot": [-2.275, 18.275, 0.05]
				},
				{
					"name": "RightHandLocator",
					"parent": "RightHand",
					"pivot": [-2.275, 18.275, 0.05]
				},
				{
					"name": "LeftArm",
					"parent": "Arm",
					"pivot": [2.125, 33.02381, -0.07815],
					"cubes": [
						{
							"origin": [1.125, 32, -1],
							"size": [2, 2, 2],
							"inflate": 0.0625,
							"uv": {
								"north": {"uv": [101, 7], "uv_size": [2, 2]},
								"east": {"uv": [9, 101], "uv_size": [2, 2]},
								"south": {"uv": [22, 101], "uv_size": [2, 2]},
								"west": {"uv": [101, 32], "uv_size": [2, 2]},
								"up": {"uv": [101, 35], "uv_size": [2, 2]},
								"down": {"uv": [44, 103], "uv_size": [2, -2]}
							}
						},
						{
							"origin": [1.125, 26.46474, -1.12226],
							"size": [2, 4, 2],
							"inflate": -0.0625,
							"uv": {
								"north": {"uv": [10, 68], "uv_size": [2, 4]},
								"east": {"uv": [13, 69], "uv_size": [2, 4]},
								"south": {"uv": [16, 69], "uv_size": [2, 4]},
								"west": {"uv": [31, 69], "uv_size": [2, 4]},
								"up": {"uv": [51, 101], "uv_size": [2, 2]},
								"down": {"uv": [101, 53], "uv_size": [2, -2]}
							}
						},
						{
							"origin": [1.17188, 25.46474, 0.56524],
							"size": [1.90625, 2, 0.62774],
							"inflate": -0.0625,
							"pivot": [2.125, 25.46474, 0.56524],
							"rotation": [25, 0, 0],
							"uv": {
								"north": {"uv": [101, 60], "uv_size": [2, 2]},
								"east": {"uv": [6, 138], "uv_size": [0.5, 2]},
								"south": {"uv": [74, 101], "uv_size": [2, 2]},
								"west": {"uv": [19, 138], "uv_size": [0.5, 2]},
								"up": {"uv": [2, 139], "uv_size": [2, 0.5]},
								"down": {"uv": [8, 139.5], "uv_size": [2, -0.5]}
							}
						},
						{
							"origin": [1.17188, 25.46474, 1.06798],
							"size": [1.90625, 2, 0.49726],
							"inflate": -0.0625,
							"pivot": [2.125, 25.46474, 0.56524],
							"rotation": [25, 0, 0],
							"uv": {
								"north": {"uv": [77, 101], "uv_size": [2, 2]},
								"east": {"uv": [41, 138], "uv_size": [0.5, 2]},
								"south": {"uv": [101, 84], "uv_size": [2, 2]},
								"west": {"uv": [78, 138], "uv_size": [0.5, 2]},
								"up": {"uv": [11, 139], "uv_size": [2, 0.5]},
								"down": {"uv": [139, 16.5], "uv_size": [2, -0.5]}
							}
						},
						{
							"origin": [1.17188, 22.96474, 0.69024],
							"size": [1.90625, 3, 0.75],
							"inflate": -0.0625,
							"uv": {
								"north": {"uv": [84, 36], "uv_size": [2, 3]},
								"east": {"uv": [75, 109], "uv_size": [1, 3]},
								"south": {"uv": [84, 40], "uv_size": [2, 3]},
								"west": {"uv": [102, 109], "uv_size": [1, 3]},
								"up": {"uv": [124, 82], "uv_size": [2, 1]},
								"down": {"uv": [90, 125], "uv_size": [2, -1]}
							}
						},
						{
							"origin": [1.375, 29.90853, -2.86951],
							"size": [1.5, 0.6875, 3],
							"inflate": 0.01563,
							"pivot": [2.125, 30.43978, -1.36951],
							"rotation": [-20, 0, 0],
							"uv": {
								"north": {"uv": [144, 2], "uv_size": [1.5, 0.5]},
								"east": {"uv": [129, 98], "uv_size": [3, 0.5]},
								"south": {"uv": [144, 6], "uv_size": [1.5, 0.5]},
								"west": {"uv": [129, 100], "uv_size": [3, 0.5]},
								"up": {"uv": [95, 34], "uv_size": [1.5, 3]},
								"down": {"uv": [95, 41], "uv_size": [1.5, -3]}
							}
						},
						{
							"origin": [1.23437, 29.65224, 0.81524],
							"size": [1.78125, 0.6875, 1],
							"inflate": 0.01563,
							"pivot": [2.125, 28.71474, 3.31524],
							"rotation": [-1, 0, 0],
							"uv": {
								"north": {"uv": [139, 18], "uv_size": [2, 0.5]},
								"east": {"uv": [25, 147], "uv_size": [1, 0.5]},
								"south": {"uv": [139, 20], "uv_size": [2, 0.5]},
								"west": {"uv": [27, 147], "uv_size": [1, 0.5]},
								"up": {"uv": [95, 124], "uv_size": [2, 1]},
								"down": {"uv": [98, 125], "uv_size": [2, -1]}
							}
						},
						{
							"origin": [1.23437, 23.65224, 1.31524],
							"size": [1.78125, 0.6875, 1],
							"inflate": 0.01563,
							"pivot": [2.125, 22.71474, 3.81524],
							"rotation": [-1, 0, 0],
							"uv": {
								"north": {"uv": [139, 22], "uv_size": [2, 0.5]},
								"east": {"uv": [29, 147], "uv_size": [1, 0.5]},
								"south": {"uv": [23, 139], "uv_size": [2, 0.5]},
								"west": {"uv": [147, 30], "uv_size": [1, 0.5]},
								"up": {"uv": [101, 124], "uv_size": [2, 1]},
								"down": {"uv": [104, 125], "uv_size": [2, -1]}
							}
						},
						{
							"origin": [1.23437, 28.40224, -1.93476],
							"size": [1.78125, 0.6875, 1],
							"inflate": 0.01563,
							"pivot": [2.125, 27.46474, 0.56524],
							"rotation": [-1, 0, 0],
							"uv": {
								"north": {"uv": [139, 26], "uv_size": [2, 0.5]},
								"east": {"uv": [31, 147], "uv_size": [1, 0.5]},
								"south": {"uv": [139, 28], "uv_size": [2, 0.5]},
								"west": {"uv": [147, 32], "uv_size": [1, 0.5]},
								"up": {"uv": [124, 120], "uv_size": [2, 1]},
								"down": {"uv": [125, 4], "uv_size": [2, -1]}
							}
						},
						{
							"origin": [1.625, 30.17605, -0.54411],
							"size": [1, 3, 1],
							"uv": {
								"north": {"uv": [8, 110], "uv_size": [1, 3]},
								"east": {"uv": [10, 110], "uv_size": [1, 3]},
								"south": {"uv": [110, 13], "uv_size": [1, 3]},
								"west": {"uv": [15, 110], "uv_size": [1, 3]},
								"up": {"uv": [66, 106], "uv_size": [1, 1]},
								"down": {"uv": [102, 114], "uv_size": [1, -1]}
							}
						},
						{
							"origin": [1.875, 24, 1.4375],
							"size": [0.5, 6, 0.5],
							"pivot": [0, 28.5, 1.75],
							"rotation": [5, 0, 0],
							"uv": {
								"north": {"uv": [21, 110], "uv_size": [0.5, 6]},
								"east": {"uv": [110, 37], "uv_size": [0.5, 6]},
								"south": {"uv": [44, 110], "uv_size": [0.5, 6]},
								"west": {"uv": [71, 110], "uv_size": [0.5, 6]},
								"up": {"uv": [150, 64], "uv_size": [0.5, 0.5]},
								"down": {"uv": [150, 66.5], "uv_size": [0.5, -0.5]}
							}
						},
						{
							"origin": [1.875, 29.0625, -1.9375],
							"size": [0.5, 2, 0.5],
							"pivot": [2.25, 29.0625, -1.6875],
							"rotation": [25, 0, 0],
							"uv": {
								"north": {"uv": [92, 138], "uv_size": [0.5, 2]},
								"east": {"uv": [14, 139], "uv_size": [0.5, 2]},
								"south": {"uv": [139, 30], "uv_size": [0.5, 2]},
								"west": {"uv": [139, 33], "uv_size": [0.5, 2]},
								"up": {"uv": [150, 68], "uv_size": [0.5, 0.5]},
								"down": {"uv": [150, 70.5], "uv_size": [0.5, -0.5]}
							}
						}
					]
				},
				{
					"name": "LeftForeArm",
					"parent": "LeftArm",
					"pivot": [2.125, 24, 1],
					"cubes": [
						{
							"origin": [1.625, 21.75, 0.5],
							"size": [1, 2.25, 1],
							"uv": {
								"north": {"uv": [13, 117], "uv_size": [1, 2.5]},
								"east": {"uv": [15, 117], "uv_size": [1, 2.5]},
								"south": {"uv": [17, 117], "uv_size": [1, 2.5]},
								"west": {"uv": [117, 17], "uv_size": [1, 2.5]},
								"up": {"uv": [139, 36], "uv_size": [1, 1]},
								"down": {"uv": [139, 39], "uv_size": [1, -1]}
							}
						}
					]
				},
				{
					"name": "LeftHand",
					"parent": "LeftForeArm",
					"pivot": [2.125, 20.875, 1],
					"cubes": [
						{
							"origin": [1.125, 20, 0],
							"size": [2, 2, 2],
							"inflate": 0.0625,
							"uv": {
								"north": {"uv": [99, 101], "uv_size": [2, 2]},
								"east": {"uv": [12, 102], "uv_size": [2, 2]},
								"south": {"uv": [102, 13], "uv_size": [2, 2]},
								"west": {"uv": [102, 16], "uv_size": [2, 2]},
								"up": {"uv": [18, 102], "uv_size": [2, 2]},
								"down": {"uv": [38, 104], "uv_size": [2, -2]}
							}
						},
						{
							"origin": [1.125, 16.5, 0],
							"size": [2, 2, 2],
							"uv": {
								"north": {"uv": [102, 38], "uv_size": [2, 2]},
								"east": {"uv": [102, 41], "uv_size": [2, 2]},
								"south": {"uv": [102, 44], "uv_size": [2, 2]},
								"west": {"uv": [54, 102], "uv_size": [2, 2]},
								"up": {"uv": [102, 54], "uv_size": [2, 2]},
								"down": {"uv": [57, 104], "uv_size": [2, -2]}
							}
						},
						{
							"origin": [1.125, 18.5, -1],
							"size": [2, 3, 4],
							"uv": {
								"north": {"uv": [50, 84], "uv_size": [2, 3]},
								"east": {"uv": [30, 47], "uv_size": [4, 3]},
								"south": {"uv": [84, 56], "uv_size": [2, 3]},
								"west": {"uv": [45, 47], "uv_size": [4, 3]},
								"up": {"uv": [69, 45], "uv_size": [2, 4]},
								"down": {"uv": [69, 58], "uv_size": [2, -4]}
							}
						}
					]
				},
				{
					"name": "LeftHandLocator",
					"parent": "LeftHand",
					"pivot": [2.225, 18.275, 1.05]
				}
			]
		}
	]
}