{
	"format_version": "1.12.0",
	"minecraft:geometry": [
		{
			"description": {
				"identifier": "geometry.unknown",
				"texture_width": 128,
				"texture_height": 128,
				"visible_bounds_width": 7,
				"visible_bounds_height": 5,
				"visible_bounds_offset": [0, 1.5, 0]
			},
			"bones": [
				{
					"name": "Root",
					"pivot": [0, -0.35, -5]
				},
				{
					"name": "MAllBody",
					"parent": "Root",
					"pivot": [0, 20.65, 0]
				},
				{
					"name": "AllBody",
					"parent": "MAllBody",
					"pivot": [0, 20.65, 0]
				},
				{
					"name": "UpBody",
					"parent": "AllBody",
					"pivot": [0, 20.65, 0]
				},
				{
					"name": "MUpperBody",
					"parent": "UpBody",
					"pivot": [0, 20.65, 0]
				},
				{
					"name": "UpperBody",
					"parent": "MUpperBody",
					"pivot": [0, 20.65, 0],
					"cubes": [
						{"origin": [-3.5, 20.75, -2.025], "size": [7, 11, 4.05], "uv": [0, 23]},
						{"origin": [-1.5, 19.75, -2.025], "size": [3, 1, 4.05], "uv": [38, 74]},
						{"origin": [-4, 31.575, -1.9], "size": [8, 1, 4.2], "uv": [24, 46]},
						{"origin": [-0.6875, 30.59747, -3.80834], "size": [1, 1, 1.25], "pivot": [-0.1875, 29.84747, -4.55834], "rotation": [-25, 0, 0], "uv": [18, 50]}
					]
				},
				{
					"name": "AllHead",
					"parent": "UpperBody",
					"pivot": [0, 32.425, -0.025],
					"cubes": [
						{"origin": [-1.5, 31.925, -1.525], "size": [3, 2, 3], "uv": [76, 31]}
					]
				},
				{
					"name": "MHead",
					"parent": "AllHead",
					"pivot": [0, 33.05, 0]
				},
				{
					"name": "Head",
					"parent": "MHead",
					"pivot": [0, 33.05, 0],
					"cubes": [
						{"origin": [-3.5, 33.05, -3.5], "size": [7, 7, 7], "uv": [0, 0]},
						{"origin": [3, 40.05, -1], "size": [1, 4, 1.75], "uv": [104, 40]},
						{"origin": [3.5, 38.55, -1], "size": [1, 4.75, 2], "uv": [38, 108]},
						{"origin": [2.75, 39.55, -1], "size": [1, 4, 1.75], "uv": [109, 114]},
						{"origin": [-3.75, 39.55, -1], "size": [1, 4, 1.75], "uv": [109, 114], "mirror": true},
						{"origin": [-4.5, 38.55, -1], "size": [1, 4.75, 2], "uv": [38, 108], "mirror": true},
						{"origin": [-4, 40.05, -1.25], "size": [1, 3.25, 2.25], "uv": [103, 68], "mirror": true},
						{"origin": [-4, 40.05, -1], "size": [1, 4, 1.75], "uv": [104, 40], "mirror": true},
						{"origin": [3, 40.05, -1], "size": [1, 4, 2], "uv": [113, 111]},
						{"origin": [3, 40.05, -1.25], "size": [1, 3.25, 2.25], "uv": [103, 68]},
						{"origin": [-4, 40.05, -1], "size": [1, 4, 2], "uv": [113, 111], "mirror": true}
					]
				},
				{
					"name": "Hair",
					"parent": "Head",
					"pivot": [-0.14783, 37.76957, 5.42174],
					"cubes": [
						{"origin": [-2.975, 41.3, -2.8], "size": [6, 1, 7], "uv": [28, 0]},
						{"origin": [-2, 40, -3.4], "size": [4, 2, 1], "uv": [32, 20]},
						{"origin": [-4, 40.6, -3], "size": [8, 1, 8], "uv": [0, 14]},
						{"origin": [-2, 42.3, -1.8], "size": [4, 1, 5], "uv": [60, 14]},
						{"origin": [-3, 42.3, -0.8], "size": [1, 1, 3], "uv": [0, 88]},
						{"origin": [2, 42.3, -0.8], "size": [1, 1, 3], "uv": [88, 0]},
						{"origin": [-3.975, 41.3, -1.8], "size": [1, 1, 5], "uv": [76, 25]},
						{"origin": [3.025, 41.3, -1.8], "size": [1, 1, 5], "uv": [64, 76]},
						{"origin": [-5.5, 34.4, 1.825], "size": [1, 6, 2], "uv": [12, 81]},
						{"origin": [4.5, 34.4, 1.825], "size": [1, 6, 2], "uv": [18, 81]},
						{"origin": [-5.5, 32.4, 0.825], "size": [1, 8, 1], "uv": [8, 82]},
						{"origin": [-5.5, 35.4, -0.175], "size": [1, 4, 1], "uv": [40, 87]},
						{"origin": [3.5, 33.4, -1.65], "size": [1.25, 8, 6], "uv": [50, 26]},
						{"origin": [4.5, 32.4, 0.825], "size": [1, 8, 1], "uv": [68, 82]},
						{"origin": [4.5, 35.4, -0.175], "size": [1, 4, 1], "uv": [90, 44]},
						{"origin": [-4.4, 36, -2.8], "size": [1, 4, 2], "uv": [88, 22]},
						{"origin": [1.84924, 33.14972, 8.48277], "size": [2, 6, 1], "pivot": [2.36604, 17.10616, 7.88004], "rotation": [49.1895, 86.7138, 42.8839], "uv": [72, 82]},
						{"origin": [-5.65695, 33.61898, 3.99112], "size": [2, 6, 1], "pivot": [-4.65695, 36.61898, 8.44112], "rotation": [1.2933, -55.2049, 3.0808], "uv": [78, 82]},
						{"origin": [3.65695, 33.61898, 3.99112], "size": [2, 6, 1], "pivot": [4.65695, 36.61898, 8.44112], "rotation": [1.2933, 55.2049, -3.0808], "uv": [84, 63]},
						{"origin": [-3.84924, 33.14972, 8.48276], "size": [2, 6, 1], "pivot": [-2.36604, 17.10616, 7.88003], "rotation": [49.1895, -86.7138, -42.8839], "uv": [84, 82]},
						{"origin": [-4.75, 33.4, -1.65], "size": [1.25, 8, 6], "uv": [50, 26], "mirror": true},
						{"origin": [-2.5, 33.34601, 7.88558], "size": [5, 5, 1], "pivot": [0, 19.14601, 6.88558], "rotation": [7.5, 0, 0], "uv": [76, 76]},
						{"origin": [-4, 33.6, 4], "size": [8, 7, 1], "uv": [54, 0]},
						{"origin": [-3, 34.6, 5], "size": [6, 6, 1], "uv": [70, 64]}
					]
				},
				{
					"name": "front_h1",
					"parent": "Hair",
					"pivot": [0, 40.5, 0.8],
					"cubes": [
						{"origin": [-4.3375, 36.825, -3.4], "size": [1, 4, 3.25], "uv": [44, 79]},
						{"origin": [-3.75, 36.925, -3.575], "size": [1.25, 4, 1], "uv": [90, 62]},
						{"origin": [-2.495, 38.025, -3.675], "size": [1, 3, 1], "uv": [90, 85]},
						{"origin": [-1.5, 39.025, -3.825], "size": [3, 2, 1], "uv": [78, 17]},
						{"origin": [1.499, 38.025, -4], "size": [1, 3, 1], "uv": [28, 91]},
						{"origin": [2.525, 36.925, -3.7], "size": [1, 4, 1], "uv": [90, 80]},
						{"origin": [3.3875, 36.825, -3.2], "size": [1, 4, 3], "uv": [80, 50]},
						{"origin": [-2.775, 34.9, -4.075], "size": [1, 5, 1], "pivot": [-2, 39.275, 0.425], "rotation": [0, 0, 25], "uv": [46, 26]},
						{"origin": [-2.2, 37.125, -4.2], "size": [1, 3, 1], "pivot": [0, 38.25, 0.3], "rotation": [0, 0, 12.5], "uv": [32, 91]}
					]
				},
				{
					"name": "corner_h1",
					"parent": "Hair",
					"pivot": [-4.37735, 36.62243, 2.13423],
					"cubes": [
						{"origin": [-4.47485, 36.44593, -2.69748], "size": [1.025, 2, 1], "pivot": [-4.37735, 36.62243, 2.13423], "rotation": [-0.4948, 0.2395, 7.4885], "uv": [90, 67]},
						{"origin": [4.42592, 35.66357, -1.92341], "size": [1.025, 2, 1], "pivot": [4.92833, 35.99488, 2.16259], "rotation": [-0.4995, 0.0219, -4.9792], "uv": [0, 92]},
						{"origin": [4.52853, 37.45397, -1.92152], "size": [1.025, 3, 1], "pivot": [4.52187, 36.69327, 2.13415], "rotation": [-0.4958, -0.0652, -14.9788], "uv": [36, 91]},
						{"origin": [3.44985, 36.44593, -2.69748], "size": [1.025, 2, 1], "pivot": [4.37735, 36.62243, 2.13423], "rotation": [-0.4948, -0.2395, -7.4885], "uv": [4, 92]},
						{"origin": [-5.22769, 31.06569, -1.98457], "size": [1.025, 2, 1], "pivot": [-4.58767, 32.60539, 2.09704], "rotation": [-3.8111, 1.1568, -9.8928], "uv": [40, 92]},
						{"origin": [-5.43683, 32.91888, -1.9848], "size": [1.025, 3, 1], "pivot": [-4.71154, 32.58917, 2.10142], "rotation": [-3.5529, 1.8006, 0.0899], "uv": [44, 91]},
						{"origin": [-5.57131, 29.32801, -2.85435], "size": [1.025, 3, 1], "pivot": [-3.78868, 31.91337, 1.63315], "rotation": [-6.0826, 1.7564, -4.4725], "uv": [48, 91]},
						{"origin": [-4.43637, 32.09775, -2.95435], "size": [1.025, 2, 1], "pivot": [-3.78868, 31.91337, 1.63315], "rotation": [-6.0826, 1.7564, -4.4725], "uv": [92, 41]},
						{"origin": [-5.55353, 37.45397, -1.92152], "size": [1.025, 3, 1], "pivot": [-4.52187, 36.69327, 2.13415], "rotation": [-0.4958, 0.0652, 14.9788], "uv": [52, 91]},
						{"origin": [-5.45092, 35.66357, -1.92341], "size": [1.025, 2, 1], "pivot": [-4.92833, 35.99488, 2.16259], "rotation": [-0.4996, -0.0219, 4.9792], "uv": [70, 93]},
						{"origin": [-4.51118, 33.51399, -2.67248], "size": [1.025, 3, 1], "pivot": [-4.37735, 36.62243, 2.13423], "rotation": [-0.5218, 0.1729, -0.0112], "uv": [56, 91]}
					]
				},
				{
					"name": "FLongHair",
					"parent": "Hair",
					"pivot": [0.325, 35.56866, 10.28289]
				},
				{
					"name": "MLongHair",
					"parent": "FLongHair",
					"pivot": [0.325, 35.5687, 10.28289]
				},
				{
					"name": "LongHair",
					"parent": "MLongHair",
					"pivot": [0.325, 35.5687, 10.28289]
				},
				{
					"name": "hl_side",
					"parent": "LongHair",
					"pivot": [0, 32.71651, 10.24811],
					"cubes": [
						{"origin": [4.75602, 29.85383, 3.16344], "size": [2, 5, 1], "pivot": [5.48102, 32.35383, 7.66344], "rotation": [-5.52696, 75.26092, -18.5121], "uv": [88, 28]},
						{"origin": [-6.75602, 29.85383, 3.16344], "size": [2, 5, 1], "pivot": [-5.48102, 32.35383, 7.66344], "rotation": [-5.52696, -75.26092, 18.5121], "uv": [88, 50]},
						{"origin": [11.50505, 25.91627, 18.10662], "size": [3, 5, 1], "pivot": [-3.24919, 15.37844, 19.44856], "rotation": [-0.1122, 51.2465, -15.5809], "uv": [80, 57]},
						{"origin": [11.74434, 19.96115, 14.94924], "size": [2, 5, 1], "pivot": [-2.78264, 12.41642, 15.43881], "rotation": [-19.4775, 49.3157, -30.9666], "uv": [88, 56]},
						{"origin": [13.3521, 20.80306, 13.9267], "size": [1, 4, 1], "pivot": [-2.78264, 12.41642, 15.43881], "rotation": [-19.4775, 49.3157, -30.9666], "uv": [8, 91]},
						{"origin": [15.71874, 26.89662, 18.00257], "size": [3, 5, 1], "pivot": [1.60103, 11.01808, 25.16395], "rotation": [11.9446, 52.8785, -3.6717], "uv": [52, 81]},
						{"origin": [15.88533, 19.7841, 13.91842], "size": [2, 5, 1], "pivot": [2.44485, 7.61452, 20.87866], "rotation": [-8.8434, 52.9314, -20.2885], "uv": [60, 88]},
						{"origin": [-14.50505, 25.91627, 18.10662], "size": [3, 5, 1], "pivot": [3.24919, 15.37844, 19.44856], "rotation": [-0.1122, -51.2465, 15.5809], "uv": [0, 82]},
						{"origin": [-13.74434, 19.96115, 14.94924], "size": [2, 5, 1], "pivot": [2.78264, 12.41642, 15.43881], "rotation": [-19.4775, -49.3157, 30.9666], "uv": [88, 74]},
						{"origin": [-14.3521, 20.80306, 13.9267], "size": [1, 4, 1], "pivot": [2.78264, 12.41642, 15.43881], "rotation": [-19.4775, -49.3157, 30.9666], "uv": [24, 91]},
						{"origin": [-18.71874, 26.89662, 18.00257], "size": [3, 5, 1], "pivot": [-1.60103, 11.01808, 25.16395], "rotation": [11.9446, -52.8785, 3.6717], "uv": [60, 82]},
						{"origin": [-17.88533, 19.7841, 13.91842], "size": [2, 5, 1], "pivot": [-2.44485, 7.61452, 20.87866], "rotation": [-8.8434, -52.9314, 20.2885], "uv": [12, 89]}
					]
				},
				{
					"name": "hl_m",
					"parent": "LongHair",
					"pivot": [0, 38.12846, 9.81781],
					"cubes": [
						{"origin": [-4, 20.33127, 3.52525], "size": [1, 2, 1], "pivot": [-0.5, 7.13127, 3.15025], "rotation": [-7.5, 0, 0], "uv": [74, 93]},
						{"origin": [-4.85, 22.33127, 3.52525], "size": [2, 4, 1], "pivot": [-0.5, 7.13127, 3.15025], "rotation": [-7.5, 0, 0], "uv": [18, 89]},
						{"origin": [3, 20.33127, 3.52525], "size": [1, 2, 1], "pivot": [0.5, 7.13127, 3.15025], "rotation": [-7.5, 0, 0], "uv": [78, 93]},
						{"origin": [2.85, 22.33127, 3.52525], "size": [2, 4, 1], "pivot": [0.5, 7.13127, 3.15025], "rotation": [-7.5, 0, 0], "uv": [88, 89]},
						{"origin": [-1.5, 20.25295, 4.49511], "size": [3, 1, 1], "pivot": [-2, 7.05295, 3.74511], "rotation": [-7.5, 0, 0], "uv": [0, 38]},
						{"origin": [-0.5, 18.25295, 4.49511], "size": [1, 3, 1], "pivot": [-2, 7.05295, 3.74511], "rotation": [-7.5, 0, 0], "uv": [66, 91]},
						{"origin": [-2, 21.25295, 4.49511], "size": [4, 2, 1], "pivot": [-2.5, 7.05295, 3.74511], "rotation": [-7.5, 0, 0], "uv": [14, 47]},
						{"origin": [-2.5, 23.25295, 4.49511], "size": [5, 3, 1], "pivot": [-2, 7.05295, 3.74511], "rotation": [-7.5, 0, 0], "uv": [78, 13]},
						{"origin": [-4.85, 25.58395, 4.2935], "size": [3, 3, 1], "pivot": [0.5, 11.38395, 3.9185], "rotation": [-5, 0, 0], "uv": [72, 89]},
						{"origin": [-4, 25.53165, 5.26622], "size": [8, 3, 1], "pivot": [-1.5, 11.33165, 4.51622], "rotation": [-5, 0, 0], "uv": [62, 50]},
						{"origin": [-4.5, 28.00864, 5.67032], "size": [3, 4, 1], "uv": [86, 5]},
						{"origin": [-3.5, 27.00864, 6.64532], "size": [7, 5, 1], "uv": [38, 68]},
						{"origin": [-4, 31.32846, 7.19281], "size": [3, 4, 1], "pivot": [0.5, 18.12846, 6.81781], "rotation": [7.5, 0, 0], "uv": [86, 17]},
						{"origin": [-3, 30.40677, 8.16268], "size": [6, 5, 1], "pivot": [0.5, 18.20677, 7.41268], "rotation": [7.5, 0, 0], "uv": [24, 73]},
						{"origin": [3, 24.58395, 4.2935], "size": [2, 1, 1], "pivot": [0.5, 11.38395, 3.9185], "rotation": [-5, 0, 0], "uv": [88, 34]},
						{"origin": [1.85, 25.58395, 4.2935], "size": [3, 3, 1], "pivot": [-0.5, 11.38395, 3.9185], "rotation": [-5, 0, 0], "uv": [80, 89]},
						{"origin": [1.5, 28.00864, 5.67032], "size": [3, 4, 1], "uv": [86, 36]},
						{"origin": [1, 31.32846, 7.19281], "size": [3, 4, 1], "pivot": [-0.5, 18.12846, 6.81781], "rotation": [7.5, 0, 0], "uv": [44, 86]}
					]
				},
				{
					"name": "Face",
					"parent": "Head",
					"pivot": [-1.05, 16.05, -4.5],
					"cubes": [
						{
							"origin": [-3.14783, 33.76957, -3.62826],
							"size": [1, 0.1, 3],
							"pivot": [-2.14783, 33.76957, -4.37826],
							"rotation": [0, 0, 7.5],
							"uv": {
								"north": {"uv": [4, 102.5], "uv_size": [1, 1]},
								"east": {"uv": [1, 102.5], "uv_size": [3, 1]},
								"south": {"uv": [8, 102.5], "uv_size": [1, 1]},
								"west": {"uv": [5, 102.5], "uv_size": [3, 1]},
								"up": {"uv": [4, 99.5], "uv_size": [1, 4]},
								"down": {"uv": [5, 103.5], "uv_size": [1, -4]}
							}
						},
						{
							"origin": [-3.14783, 33.46957, -3.62826],
							"size": [1, 0.1, 3],
							"pivot": [-2.14783, 33.46957, -4.37826],
							"rotation": [0, 0, -7.5],
							"uv": {
								"north": {"uv": [4, 102.5], "uv_size": [1, 1]},
								"east": {"uv": [1, 102.5], "uv_size": [3, 1]},
								"south": {"uv": [8, 102.5], "uv_size": [1, 1]},
								"west": {"uv": [5, 102.5], "uv_size": [3, 1]},
								"up": {"uv": [4, 99.5], "uv_size": [1, 4]},
								"down": {"uv": [5, 103.5], "uv_size": [1, -4]}
							}
						},
						{
							"origin": [-3.14783, 33.6196, -3.62826],
							"size": [1, 0.1, 3],
							"uv": {
								"north": {"uv": [4, 102.5], "uv_size": [1, 1]},
								"east": {"uv": [1, 102.5], "uv_size": [3, 1]},
								"south": {"uv": [8, 102.5], "uv_size": [1, 1]},
								"west": {"uv": [5, 102.5], "uv_size": [3, 1]},
								"up": {"uv": [4, 99.5], "uv_size": [1, 4]},
								"down": {"uv": [5, 103.5], "uv_size": [1, -4]}
							}
						},
						{
							"origin": [2.14783, 33.6196, -3.62826],
							"size": [1, 0.1, 3],
							"uv": {
								"north": {"uv": [4, 102.5], "uv_size": [1, 1]},
								"east": {"uv": [1, 102.5], "uv_size": [3, 1]},
								"south": {"uv": [8, 102.5], "uv_size": [1, 1]},
								"west": {"uv": [5, 102.5], "uv_size": [3, 1]},
								"up": {"uv": [4, 99.5], "uv_size": [1, 4]},
								"down": {"uv": [5, 103.5], "uv_size": [1, -4]}
							}
						},
						{
							"origin": [2.14783, 33.76957, -3.62826],
							"size": [1, 0.1, 3],
							"pivot": [2.14783, 33.76957, -4.37826],
							"rotation": [0, 0, -7.5],
							"uv": {
								"north": {"uv": [4, 102.5], "uv_size": [1, 1]},
								"east": {"uv": [1, 102.5], "uv_size": [3, 1]},
								"south": {"uv": [8, 102.5], "uv_size": [1, 1]},
								"west": {"uv": [5, 102.5], "uv_size": [3, 1]},
								"up": {"uv": [4, 99.5], "uv_size": [1, 4]},
								"down": {"uv": [5, 103.5], "uv_size": [1, -4]}
							}
						},
						{
							"origin": [2.14783, 33.46957, -3.62826],
							"size": [1, 0.1, 3],
							"pivot": [2.14783, 33.46957, -4.37826],
							"rotation": [0, 0, 7.5],
							"uv": {
								"north": {"uv": [4, 102.5], "uv_size": [1, 1]},
								"east": {"uv": [1, 102.5], "uv_size": [3, 1]},
								"south": {"uv": [8, 102.5], "uv_size": [1, 1]},
								"west": {"uv": [5, 102.5], "uv_size": [3, 1]},
								"up": {"uv": [4, 99.5], "uv_size": [1, 4]},
								"down": {"uv": [5, 103.5], "uv_size": [1, -4]}
							}
						}
					]
				},
				{
					"name": "Eyes",
					"parent": "Face",
					"pivot": [-1.05, 16.05, -4.5]
				},
				{
					"name": "Eyebrow",
					"parent": "Eyes",
					"pivot": [0, 36, -3]
				},
				{
					"name": "RightEyebrow",
					"parent": "Eyebrow",
					"pivot": [-2.875, 35.85, -3.2],
					"cubes": [
						{"origin": [-3.675, 35.85, -3.7], "size": [2.3, 1, 1], "pivot": [-2.525, 36.35, -3.2], "rotation": [0, 0, 5], "uv": [8, 38]}
					]
				},
				{
					"name": "LeftEyebrow",
					"parent": "Eyebrow",
					"pivot": [2.875, 35.85, -3.2],
					"cubes": [
						{"origin": [1.375, 35.85, -3.7], "size": [2.3, 1, 1], "pivot": [2.525, 36.35, -3.2], "rotation": [0, 0, -5], "uv": [14, 38]}
					]
				},
				{
					"name": "Eyelid",
					"parent": "Eyes",
					"pivot": [0, 35.05, -3.075]
				},
				{
					"name": "RightEyelid",
					"parent": "Eyelid",
					"pivot": [-2.325, 34.55, -3.075],
					"cubes": [
						{"origin": [-3.5, 34.05, -3.525], "size": [2, 2, 1], "uv": [42, 51]}
					]
				},
				{
					"name": "RightEyesBase",
					"parent": "RightEyelid",
					"pivot": [-2.2875, 35.05, -3.0875],
					"cubes": [
						{"origin": [-3.025, 34.05, -3.575], "size": [1.4, 2, 1], "uv": [42, 20]},
						{"origin": [-1.95, 35.4, -3.6], "size": [0.4, 0.3, 1], "uv": [14, 50]}
					]
				},
				{
					"name": "RightPupil",
					"parent": "RightEyesBase",
					"pivot": [-2.325, 35.05, -3.125],
					"cubes": [
						{"origin": [-2.625, 34.55, -3.625], "size": [0.6, 1, 1], "uv": [20, 38]}
					]
				},
				{
					"name": "LeftEyelid",
					"parent": "Eyelid",
					"pivot": [2.325, 34.55, -3.075],
					"cubes": [
						{"origin": [1.5, 34.05, -3.525], "size": [2, 2, 1], "uv": [86, 41]}
					]
				},
				{
					"name": "LeftEyesBase",
					"parent": "LeftEyelid",
					"pivot": [2.35, 35.05, -3.0875],
					"cubes": [
						{"origin": [2.675, 35.4, -3.6], "size": [0.4, 0.3, 1], "uv": [16, 50]},
						{"origin": [1.625, 34.05, -3.575], "size": [1.4, 2, 1], "uv": [38, 65]}
					]
				},
				{
					"name": "LeftPupil",
					"parent": "LeftEyesBase",
					"pivot": [2.325, 35.05, -3.125],
					"cubes": [
						{"origin": [2.025, 34.55, -3.625], "size": [0.6, 1, 1], "uv": [12, 61]}
					]
				},
				{
					"name": "LeftShoulderLocator",
					"parent": "Head",
					"pivot": [3, 42.8, 0]
				},
				{
					"name": "RightShoulderLocator",
					"parent": "Head",
					"pivot": [-3, 42.8, 0]
				},
				{
					"name": "Hair2",
					"parent": "Head",
					"pivot": [0.14783, 37.76957, 0.42174]
				},
				{
					"name": "corner_h2",
					"parent": "Hair2",
					"pivot": [4.37735, 36.62243, -2.86577]
				},
				{
					"name": "Breast",
					"parent": "UpperBody",
					"pivot": [-0.0125, 28.34747, -1.55834],
					"rotation": [-22.5, 0, 0],
					"cubes": [
						{"origin": [-3.55, 30.34747, -3.55834], "size": [7.075, 1.5, 4.3], "uv": [24, 25]},
						{"origin": [0.0375, 26.34747, -3.55834], "size": [3.45, 4, 2], "uv": [109, 96]},
						{"origin": [-3.4875, 26.34747, -3.55834], "size": [3.45, 4, 2], "uv": [109, 96], "mirror": true},
						{"origin": [-3.78566, 26.75747, -3.9672], "size": [7.5, 1.3, 6.7], "pivot": [-0.03566, 27.40747, -1.6172], "rotation": [22.46846, 0.1283, 0.23449], "uv": [8, 103]}
					]
				},
				{
					"name": "BreastDeco",
					"parent": "Breast",
					"pivot": [-3.86759, 29.59239, -1.80834],
					"cubes": [
						{"origin": [-4.2625, 29.34747, -3.85834], "size": [7.85, 1, 0.1], "pivot": [-0.5125, 28.34747, -2.75834], "rotation": [-4.76968, 1.50179, 17.43745], "uv": [1, 1]},
						{"origin": [3.5875, 29.34747, -3.65834], "size": [0.1, 1, 2.9], "pivot": [0.4875, 28.34747, -2.75834], "rotation": [7.73032, 1.50179, 17.43745], "uv": [94, 4]},
						{"origin": [-3.5875, 29.34747, -3.85834], "size": [7.85, 1, 0.1], "pivot": [0.5125, 28.34747, -2.75834], "rotation": [-4.76968, -1.50179, -17.43745], "uv": [1, 1]},
						{"origin": [-3.91759, 28.34239, -3.85834], "size": [0.1, 1, 3.1], "pivot": [-3.86759, 28.59239, -2.30834], "rotation": [7.73032, -1.50179, -17.43745], "uv": [90, 13]}
					]
				},
				{
					"name": "Arm",
					"parent": "UpperBody",
					"pivot": [-0.2, 31.275, 0]
				},
				{
					"name": "LeftArm",
					"parent": "Arm",
					"pivot": [3.4, 31.025, 0],
					"rotation": [0, 0, -18],
					"cubes": [
						{"origin": [2.6, 25.075, -1.5], "size": [3.05, 7, 3], "uv": [68, 54]},
						{"origin": [2.9, 24.175, -1.1], "size": [2.55, 2, 2.2], "uv": [86, 70]},
						{"origin": [2.8, 24.125, -1.125], "size": [2.7, 2.05, 2.3], "uv": [24, 87]}
					]
				},
				{
					"name": "LeftForeArm",
					"parent": "LeftArm",
					"pivot": [4.125, 25.075, 0.025],
					"cubes": [
						{"origin": [2.625, 18.075, -1.475], "size": [3, 7, 3], "uv": [62, 40]},
						{"origin": [2.525, 20.375, -1.575], "size": [3.2, 5, 3.2], "uv": [0, 74]}
					]
				},
				{
					"name": "LeftHand",
					"parent": "LeftForeArm",
					"pivot": [4.125, 19.575, 0.025]
				},
				{
					"name": "LeftHandLocator2",
					"parent": "LeftHand",
					"pivot": [4.125, 19.575, 0.025]
				},
				{
					"name": "LeftHandLocator3",
					"parent": "LeftHand",
					"pivot": [4.125, 19.575, 0.025]
				},
				{
					"name": "RightArm",
					"parent": "Arm",
					"pivot": [-3.4, 31.025, 0],
					"rotation": [0, 0, 18],
					"cubes": [
						{"origin": [-5.65, 25.075, -1.5], "size": [3.05, 7, 3], "uv": [68, 54], "mirror": true},
						{"origin": [-5.45, 24.175, -1.1], "size": [2.55, 2, 2.2], "uv": [32, 87]},
						{"origin": [-5.5, 24.125, -1.125], "size": [2.7, 2.05, 2.3], "uv": [52, 87]}
					]
				},
				{
					"name": "RightForeArm",
					"parent": "RightArm",
					"pivot": [-4.125, 25.075, 0.025],
					"cubes": [
						{"origin": [-5.625, 18.075, -1.475], "size": [3, 7, 3], "uv": [62, 40], "mirror": true},
						{"origin": [-5.675, 20.375, -1.575], "size": [3.2, 5, 3.2], "uv": [74, 36]}
					]
				},
				{
					"name": "RightHand",
					"parent": "RightForeArm",
					"pivot": [-4.125, 19.575, 0.025]
				},
				{
					"name": "RightHandLocator2",
					"parent": "RightHand",
					"pivot": [-4.125, 19.575, 0.025]
				},
				{
					"name": "Collar",
					"parent": "UpperBody",
					"pivot": [0, 30.925, -0.025],
					"rotation": [-15, 0, 0]
				},
				{
					"name": "ElytraLocator",
					"parent": "UpperBody",
					"pivot": [0, 31.65, 2]
				},
				{
					"name": "RifleLocator",
					"parent": "UpperBody",
					"pivot": [0, 25.15, 2.3],
					"rotation": [0, 0, 45]
				},
				{
					"name": "Panties",
					"parent": "UpperBody",
					"pivot": [0, 20.65, 0],
					"cubes": [
						{"origin": [-4.25, 20.65, -2.25], "size": [8.5, 2, 4.5], "uv": [24, 40]},
						{"origin": [-4.35, 20.65, -2.25], "size": [8.7, 2, 4.6], "uv": [46, 20]},
						{"origin": [-2, 19.4, -2.25], "size": [4, 1.25, 4.5], "uv": [70, 20]},
						{"origin": [-4.5, 21.15, -2.75], "size": [9, 1, 5.25], "pivot": [0, 21.65, -0.875], "rotation": [0, 0, 10], "uv": [28, 8]},
						{"origin": [-4.4, 19.35, -2.7], "size": [5.4, 3.4, 0.1], "uv": [64, 36]},
						{"origin": [-4.4, 19.35, -2.7], "size": [0.1, 3.4, 5], "uv": [24, 79]},
						{"origin": [-4.4, 19.35, 2.2], "size": [8.1, 3.4, 0.1], "uv": [74, 47]},
						{"origin": [-3.7, 19.35, 2.2], "size": [8.1, 3.4, 0.1], "uv": [74, 44]},
						{"origin": [-1, 19.35, -2.7], "size": [5.4, 3.4, 0.1], "uv": [86, 10]},
						{"origin": [4.3, 19.35, -2.7], "size": [0.1, 3.4, 5], "uv": [34, 79]},
						{"origin": [-4.5, 21.15, -2.75], "size": [9, 1, 5.25], "pivot": [0, 21.65, -0.875], "rotation": [0, 0, -10], "uv": [22, 34]}
					]
				},
				{
					"name": "Breast2",
					"parent": "UpperBody",
					"pivot": [0.0125, 28.34747, -1.55834],
					"rotation": [-22.5, 0, 0]
				},
				{
					"name": "PistolLocator",
					"parent": "UpBody",
					"pivot": [-4, 24.75, -1.6],
					"rotation": [-30, 0, 0]
				},
				{
					"name": "LeftWaistLocator",
					"parent": "UpBody",
					"pivot": [4, 23, 0],
					"rotation": [-20, 0, 0]
				},
				{
					"name": "RightWaistLocator",
					"parent": "UpBody",
					"pivot": [-4, 23, 0],
					"rotation": [-5, 0, 0]
				},
				{
					"name": "DownBody",
					"parent": "AllBody",
					"pivot": [0, 20.65, 0]
				},
				{
					"name": "Leg",
					"parent": "DownBody",
					"pivot": [0, 21.15, 0]
				},
				{
					"name": "LeftLeg",
					"parent": "Leg",
					"pivot": [2.4, 21.15, 0],
					"cubes": [
						{"origin": [0.2, 17.15, -2.25], "size": [4.05, 1, 4.75], "pivot": [0, 17.65, -0.875], "rotation": [0, 0, -10], "uv": [70, 71]},
						{"origin": [0.375, 10.65, -2], "size": [3.65, 10, 4], "uv": [42, 54]}
					]
				},
				{
					"name": "LeftLowerLeg",
					"parent": "LeftLeg",
					"pivot": [2.2, 11.7, 0],
					"cubes": [
						{"origin": [0.5, 2, -1.9], "size": [3.4, 10, 3.9], "uv": [56, 54]},
						{"origin": [0.275, 3.65, -2.1], "size": [3.85, 10, 4.2], "uv": [48, 40]}
					]
				},
				{
					"name": "LeftFoot",
					"parent": "LeftLowerLeg",
					"pivot": [2.1875, 2.5, 0.1375],
					"cubes": [
						{"origin": [0.25, 0, -2.1], "size": [3.875, 4, 4.375], "uv": [24, 65]},
						{"origin": [0.35, 0, -4.4], "size": [3.675, 3, 3], "uv": [12, 75]}
					]
				},
				{
					"name": "RightLeg",
					"parent": "Leg",
					"pivot": [-2.4, 21.15, 0],
					"cubes": [
						{"origin": [-4.025, 10.65, -2], "size": [3.65, 10, 4], "uv": [0, 47]},
						{"origin": [-4.25, 17.15, -2.25], "size": [4.05, 1, 4.75], "pivot": [0, 17.65, -0.875], "rotation": [0, 0, 10], "uv": [72, 0]}
					]
				},
				{
					"name": "RightLowerLeg",
					"parent": "RightLeg",
					"pivot": [-2.2, 11.7, 0],
					"cubes": [
						{"origin": [-3.9, 2, -1.9], "size": [3.4, 10, 3.9], "uv": [0, 61]},
						{"origin": [-4.125, 3.65, -2.1], "size": [3.85, 10, 4.2], "uv": [28, 51]}
					]
				},
				{
					"name": "RightFoot",
					"parent": "RightLowerLeg",
					"pivot": [-2.1875, 2.5, -0.1375],
					"cubes": [
						{"origin": [-4.125, 0, -2.1], "size": [3.875, 4, 4.375], "uv": [56, 67]},
						{"origin": [-4.025, 0, -4.4], "size": [3.675, 3, 3], "uv": [52, 75]}
					]
				},
				{
					"name": "molang",
					"parent": "Root",
					"pivot": [0, -0.35, 0]
				}
			]
		}
	]
}