{
	"format_version": "1.21.0",
	"minecraft:geometry": [
		{
			"description": {
				"identifier": "geometry.unknown",
				"texture_width": 256,
				"texture_height": 256,
				"visible_bounds_width": 12,
				"visible_bounds_height": 7,
				"visible_bounds_offset": [0, 2.5, 0]
			},
			"bones": [
				{
					"name": "LeftArm",
					"pivot": [0.9625, 31.7125, 0.8125],
					"cubes": [
						{
							"origin": [-0.04143, 29.04111, -1.0625],
							"size": [2.9875, 3.1875, 3.75],
							"uv": {
								"north": {"uv": [186, 139], "uv_size": [3, 3]},
								"east": {"uv": [179, 164], "uv_size": [4, 3]},
								"south": {"uv": [141, 186], "uv_size": [3, 3]},
								"west": {"uv": [167, 179], "uv_size": [4, 3]},
								"up": {"uv": [161, 179], "uv_size": [3, 4]},
								"down": {"uv": [179, 178], "uv_size": [3, -4]}
							}
						},
						{
							"origin": [-0.17495, 27.79615, -0.625],
							"size": [2.7375, 1.1875, 2.875],
							"pivot": [0.88893, 30.75827, 0.8125],
							"rotation": [0, 0, -21],
							"uv": {
								"north": {"uv": [208, 66], "uv_size": [2.5, 1]},
								"east": {"uv": [205, 150], "uv_size": [3, 1]},
								"south": {"uv": [208, 67], "uv_size": [2.5, 1]},
								"west": {"uv": [205, 151], "uv_size": [3, 1]},
								"up": {"uv": [110, 190], "uv_size": [2.5, 3]},
								"down": {"uv": [157, 193], "uv_size": [2.5, -3]}
							}
						},
						{
							"origin": [2.13363, 28.04681, -0.24623],
							"size": [2.7375, 1.1875, 0.625],
							"pivot": [2.13893, 27.75827, 0.6875],
							"rotation": [167.41563, 46.22861, 160.92063],
							"uv": {
								"north": {"uv": [208, 68], "uv_size": [2.5, 1]},
								"east": {"uv": [221, 147], "uv_size": [0.5, 1]},
								"south": {"uv": [208, 69], "uv_size": [2.5, 1]},
								"west": {"uv": [148, 221], "uv_size": [0.5, 1]},
								"up": {"uv": [215, 205], "uv_size": [2.5, 0.5]},
								"down": {"uv": [215, 207.5], "uv_size": [2.5, -0.5]}
							}
						},
						{
							"origin": [2.44655, 27.42374, -0.24623],
							"size": [2.7375, 1.1875, 0.625],
							"pivot": [2.13893, 27.75827, 0.6875],
							"rotation": [-156.28246, 42.48546, -148.85721],
							"uv": {
								"north": {"uv": [208, 70], "uv_size": [2.5, 1]},
								"east": {"uv": [221, 148], "uv_size": [0.5, 1]},
								"south": {"uv": [71, 208], "uv_size": [2.5, 1]},
								"west": {"uv": [149, 221], "uv_size": [0.5, 1]},
								"up": {"uv": [215, 208], "uv_size": [2.5, 0.5]},
								"down": {"uv": [215, 209.5], "uv_size": [2.5, -0.5]}
							}
						},
						{
							"origin": [2.37529, 28.16656, 0.75521],
							"size": [2.7375, 1.1875, 0.625],
							"pivot": [2.13893, 27.75827, 0.6875],
							"rotation": [-164.71744, -45.54439, 159.05303],
							"uv": {
								"north": {"uv": [208, 71], "uv_size": [2.5, 1]},
								"east": {"uv": [221, 149], "uv_size": [0.5, 1]},
								"south": {"uv": [208, 72], "uv_size": [2.5, 1]},
								"west": {"uv": [150, 221], "uv_size": [0.5, 1]},
								"up": {"uv": [215, 210], "uv_size": [2.5, 0.5]},
								"down": {"uv": [215, 211.5], "uv_size": [2.5, -0.5]}
							}
						},
						{
							"origin": [2.71283, 27.3809, 0.75521],
							"size": [2.7375, 1.1875, 0.625],
							"pivot": [2.13893, 27.75827, 0.6875],
							"rotation": [158.64003, -43.4963, -150.39517],
							"uv": {
								"north": {"uv": [208, 73], "uv_size": [2.5, 1]},
								"east": {"uv": [151, 221], "uv_size": [0.5, 1]},
								"south": {"uv": [74, 208], "uv_size": [2.5, 1]},
								"west": {"uv": [221, 151], "uv_size": [0.5, 1]},
								"up": {"uv": [215, 212], "uv_size": [2.5, 0.5]},
								"down": {"uv": [215, 213.5], "uv_size": [2.5, -0.5]}
							}
						},
						{
							"origin": [1.79178, 28.01565, -0.9375],
							"size": [2.7375, 1.1875, 2.875],
							"pivot": [2.13893, 27.75827, 0.6875],
							"rotation": [-180, 0, 165.5],
							"uv": {
								"north": {"uv": [208, 74], "uv_size": [2.5, 1]},
								"east": {"uv": [205, 152], "uv_size": [3, 1]},
								"south": {"uv": [208, 75], "uv_size": [2.5, 1]},
								"west": {"uv": [205, 153], "uv_size": [3, 1]},
								"up": {"uv": [190, 178], "uv_size": [2.5, 3]},
								"down": {"uv": [186, 193], "uv_size": [2.5, -3]}
							}
						},
						{
							"origin": [2.15015, 27.59689, -0.9375],
							"size": [2.7375, 1.1875, 2.875],
							"pivot": [2.13893, 27.75827, 0.6875],
							"rotation": [180, 0, -159],
							"uv": {
								"north": {"uv": [208, 76], "uv_size": [2.5, 1]},
								"east": {"uv": [205, 154], "uv_size": [3, 1]},
								"south": {"uv": [208, 79], "uv_size": [2.5, 1]},
								"west": {"uv": [205, 155], "uv_size": [3, 1]},
								"up": {"uv": [190, 187], "uv_size": [2.5, 3]},
								"down": {"uv": [189, 193], "uv_size": [2.5, -3]}
							}
						},
						{
							"origin": [1.49511, 28.03357, -0.0625],
							"size": [2.7375, 1.1875, 2.875],
							"pivot": [1.70143, 28.32077, 1.375],
							"rotation": [90, 75.5, 90],
							"uv": {
								"north": {"uv": [208, 80], "uv_size": [2.5, 1]},
								"east": {"uv": [205, 156], "uv_size": [3, 1]},
								"south": {"uv": [81, 208], "uv_size": [2.5, 1]},
								"west": {"uv": [205, 159], "uv_size": [3, 1]},
								"up": {"uv": [191, 9], "uv_size": [2.5, 3]},
								"down": {"uv": [191, 21], "uv_size": [2.5, -3]}
							}
						},
						{
							"origin": [1.51107, 27.63425, -0.0625],
							"size": [2.7375, 1.1875, 2.875],
							"pivot": [1.70143, 28.32077, 1.375],
							"rotation": [-90, 69, -90],
							"uv": {
								"north": {"uv": [208, 81], "uv_size": [2.5, 1]},
								"east": {"uv": [205, 160], "uv_size": [3, 1]},
								"south": {"uv": [208, 83], "uv_size": [2.5, 1]},
								"west": {"uv": [205, 161], "uv_size": [3, 1]},
								"up": {"uv": [191, 21], "uv_size": [2.5, 3]},
								"down": {"uv": [191, 39], "uv_size": [2.5, -3]}
							}
						},
						{
							"origin": [1.37011, 28.03357, 0.5],
							"size": [2.7375, 1.1875, 0.625],
							"pivot": [1.57643, 28.32077, 0.8125],
							"rotation": [15.28256, 45.54439, 20.94697],
							"uv": {
								"north": {"uv": [84, 208], "uv_size": [2.5, 1]},
								"east": {"uv": [152, 221], "uv_size": [0.5, 1]},
								"south": {"uv": [208, 84], "uv_size": [2.5, 1]},
								"west": {"uv": [221, 152], "uv_size": [0.5, 1]},
								"up": {"uv": [215, 214], "uv_size": [2.5, 0.5]},
								"down": {"uv": [215, 215.5], "uv_size": [2.5, -0.5]}
							}
						},
						{
							"origin": [1.38607, 27.63425, 0.5],
							"size": [2.7375, 1.1875, 0.625],
							"pivot": [1.57643, 28.32077, 0.8125],
							"rotation": [-21.35997, 43.4963, -29.60483],
							"uv": {
								"north": {"uv": [208, 85], "uv_size": [2.5, 1]},
								"east": {"uv": [153, 221], "uv_size": [0.5, 1]},
								"south": {"uv": [208, 86], "uv_size": [2.5, 1]},
								"west": {"uv": [221, 153], "uv_size": [0.5, 1]},
								"up": {"uv": [216, 0], "uv_size": [2.5, 0.5]},
								"down": {"uv": [216, 1.5], "uv_size": [2.5, -0.5]}
							}
						},
						{
							"origin": [1.37011, 27.97107, 0.5],
							"size": [2.7375, 1.1875, 0.625],
							"pivot": [1.57643, 28.25827, 0.8125],
							"rotation": [-12.58437, -46.22861, 19.07937],
							"uv": {
								"north": {"uv": [87, 208], "uv_size": [2.5, 1]},
								"east": {"uv": [154, 221], "uv_size": [0.5, 1]},
								"south": {"uv": [208, 89], "uv_size": [2.5, 1]},
								"west": {"uv": [221, 154], "uv_size": [0.5, 1]},
								"up": {"uv": [216, 2], "uv_size": [2.5, 0.5]},
								"down": {"uv": [216, 3.5], "uv_size": [2.5, -0.5]}
							}
						},
						{
							"origin": [1.38607, 27.57175, 0.5],
							"size": [2.7375, 1.1875, 0.625],
							"pivot": [1.57643, 28.25827, 0.8125],
							"rotation": [23.71754, -42.48546, -31.14279],
							"uv": {
								"north": {"uv": [208, 91], "uv_size": [2.5, 1]},
								"east": {"uv": [156, 221], "uv_size": [0.5, 1]},
								"south": {"uv": [208, 94], "uv_size": [2.5, 1]},
								"west": {"uv": [157, 221], "uv_size": [0.5, 1]},
								"up": {"uv": [216, 4], "uv_size": [2.5, 0.5]},
								"down": {"uv": [216, 5.5], "uv_size": [2.5, -0.5]}
							}
						},
						{
							"origin": [1.37011, 28.03357, -1.1875],
							"size": [2.7375, 1.1875, 2.875],
							"pivot": [1.57643, 28.32077, 0.25],
							"rotation": [-90, -75.5, 90],
							"uv": {
								"north": {"uv": [208, 95], "uv_size": [2.5, 1]},
								"east": {"uv": [205, 162], "uv_size": [3, 1]},
								"south": {"uv": [208, 97], "uv_size": [2.5, 1]},
								"west": {"uv": [205, 163], "uv_size": [3, 1]},
								"up": {"uv": [191, 39], "uv_size": [2.5, 3]},
								"down": {"uv": [191, 45], "uv_size": [2.5, -3]}
							}
						},
						{
							"origin": [1.38607, 27.63425, -1.1875],
							"size": [2.7375, 1.1875, 2.875],
							"pivot": [1.57643, 28.32077, 0.25],
							"rotation": [90, -69, -90],
							"uv": {
								"north": {"uv": [208, 98], "uv_size": [2.5, 1]},
								"east": {"uv": [205, 164], "uv_size": [3, 1]},
								"south": {"uv": [208, 99], "uv_size": [2.5, 1]},
								"west": {"uv": [205, 165], "uv_size": [3, 1]},
								"up": {"uv": [191, 45], "uv_size": [2.5, 3]},
								"down": {"uv": [191, 51], "uv_size": [2.5, -3]}
							}
						},
						{
							"origin": [1.32505, 27.73365, -0.625],
							"size": [2.7375, 1.1875, 2.875],
							"pivot": [2.38893, 30.69577, 0.8125],
							"rotation": [0, 0, 14.5],
							"uv": {
								"north": {"uv": [208, 100], "uv_size": [2.5, 1]},
								"east": {"uv": [177, 205], "uv_size": [3, 1]},
								"south": {"uv": [208, 101], "uv_size": [2.5, 1]},
								"west": {"uv": [180, 205], "uv_size": [3, 1]},
								"up": {"uv": [73, 191], "uv_size": [2.5, 3]},
								"down": {"uv": [76, 194], "uv_size": [2.5, -3]}
							}
						},
						{
							"origin": [-0.18745, 26.45865, -0.85],
							"size": [3.425, 1.125, 3.325],
							"uv": {
								"north": {"uv": [203, 176], "uv_size": [3.5, 1]},
								"east": {"uv": [177, 203], "uv_size": [3.5, 1]},
								"south": {"uv": [203, 177], "uv_size": [3.5, 1]},
								"west": {"uv": [181, 203], "uv_size": [3.5, 1]},
								"up": {"uv": [178, 38], "uv_size": [3.5, 3.5]},
								"down": {"uv": [178, 59.5], "uv_size": [3.5, -3.5]}
							}
						},
						{
							"origin": [0.15005, 25.15865, -0.3125],
							"size": [2.6375, 2.05, 2.3],
							"uv": {
								"north": {"uv": [198, 66], "uv_size": [2.5, 2]},
								"east": {"uv": [198, 68], "uv_size": [2.5, 2]},
								"south": {"uv": [198, 70], "uv_size": [2.5, 2]},
								"west": {"uv": [198, 86], "uv_size": [2.5, 2]},
								"up": {"uv": [144, 194], "uv_size": [2.5, 2.5]},
								"down": {"uv": [147, 196.5], "uv_size": [2.5, -2.5]}
							}
						}
					]
				},
				{
					"name": "LeftForeArm",
					"parent": "LeftArm",
					"pivot": [0.45143, 21.95827, 0.8375]
				},
				{
					"name": "LeftHand",
					"parent": "LeftForeArm",
					"pivot": [0.88893, 18.14577, 0.8375]
				},
				{
					"name": "LeftHandLocator",
					"parent": "LeftHand",
					"pivot": [1.01393, 18.64577, 0.8375]
				},
				{
					"name": "leftshou",
					"parent": "LeftForeArm",
					"pivot": [1.45143, 20.00827, 0.6875],
					"rotation": [-9.4171, 21.07992, -2.75597],
					"cubes": [
						{
							"origin": [0.22491, 19.97377, -1.01728],
							"size": [3.2138, 0.8316, 3.5343],
							"uv": {
								"north": {"uv": [217, 157], "uv_size": [2, 0.5]},
								"east": {"uv": [216, 6], "uv_size": [2.5, 0.5]},
								"south": {"uv": [217, 158], "uv_size": [2, 0.5]},
								"west": {"uv": [216, 7], "uv_size": [2.5, 0.5]},
								"up": {"uv": [117, 198], "uv_size": [2, 2.5]},
								"down": {"uv": [119, 200.5], "uv_size": [2, -2.5]}
							}
						},
						{
							"origin": [0.82154, 17.13761, -0.84647],
							"size": [1.24813, 3.12883, 3.16796],
							"uv": {
								"north": {"uv": [0, 202], "uv_size": [1.5, 2.5]},
								"east": {"uv": [167, 194], "uv_size": [2.5, 2.5]},
								"south": {"uv": [38, 202], "uv_size": [1.5, 2.5]},
								"west": {"uv": [194, 172], "uv_size": [2.5, 2.5]},
								"up": {"uv": [52, 202], "uv_size": [1.5, 2.5]},
								"down": {"uv": [80, 204.5], "uv_size": [1.5, -2.5]}
							}
						},
						{
							"origin": [0.80401, 16.61088, -1.18004],
							"size": [0.8873, 1.36195, 0.7623],
							"pivot": [1.67873, 18.37267, -0.65755],
							"rotation": [-0.93915, -7.07951, 54.59385],
							"uv": {
								"north": {"uv": [159, 221], "uv_size": [0.5, 1]},
								"east": {"uv": [160, 221], "uv_size": [0.5, 1]},
								"south": {"uv": [161, 221], "uv_size": [0.5, 1]},
								"west": {"uv": [221, 162], "uv_size": [0.5, 1]},
								"up": {"uv": [111, 223], "uv_size": [0.5, 0.5]},
								"down": {"uv": [223, 111.5], "uv_size": [0.5, -0.5]}
							}
						},
						{
							"origin": [1.15581, 15.96356, -1.46314],
							"size": [0.6048, 1.0924, 0.6048],
							"pivot": [1.82678, 18.55752, -0.13715],
							"rotation": [11.06085, -7.07951, 54.59385],
							"uv": {
								"north": {"uv": [164, 221], "uv_size": [0.5, 1]},
								"east": {"uv": [165, 221], "uv_size": [0.5, 1]},
								"south": {"uv": [221, 165], "uv_size": [0.5, 1]},
								"west": {"uv": [166, 221], "uv_size": [0.5, 1]},
								"up": {"uv": [112, 223], "uv_size": [0.5, 0.5]},
								"down": {"uv": [223, 112.5], "uv_size": [0.5, -0.5]}
							}
						},
						{
							"origin": [1.16703, 15.60845, -0.89654],
							"size": [0.6998, 1.6428, 0.9294],
							"pivot": [1.77948, 17.50062, 0.341],
							"rotation": [-9.98657, -0.52071, 38.5455],
							"uv": {
								"north": {"uv": [221, 167], "uv_size": [0.5, 1]},
								"east": {"uv": [168, 221], "uv_size": [0.5, 1]},
								"south": {"uv": [221, 168], "uv_size": [0.5, 1]},
								"west": {"uv": [169, 221], "uv_size": [0.5, 1]},
								"up": {"uv": [113, 223], "uv_size": [0.5, 0.5]},
								"down": {"uv": [223, 113.5], "uv_size": [0.5, -0.5]}
							}
						},
						{
							"origin": [2.93811, 15.35218, -0.70359],
							"size": [0.58855, 0.8439, 0.6169],
							"pivot": [1.96698, 17.81312, 0.341],
							"rotation": [-7.96341, 6.06809, 79.57723],
							"uv": {
								"north": {"uv": [219, 101], "uv_size": [0.5, 1.5]},
								"east": {"uv": [103, 219], "uv_size": [0.5, 1.5]},
								"south": {"uv": [219, 103], "uv_size": [0.5, 1.5]},
								"west": {"uv": [104, 219], "uv_size": [0.5, 1.5]},
								"up": {"uv": [114, 223], "uv_size": [0.5, 0.5]},
								"down": {"uv": [223, 114.5], "uv_size": [0.5, -0.5]}
							}
						},
						{
							"origin": [1.30441, 15.50635, -0.09377],
							"size": [0.8737, 1.8978, 0.7487],
							"pivot": [1.65448, 17.37562, 0.341],
							"rotation": [0.5074, -2.51383, 54.77348],
							"uv": {
								"north": {"uv": [105, 219], "uv_size": [0.5, 1.5]},
								"east": {"uv": [219, 105], "uv_size": [0.5, 1.5]},
								"south": {"uv": [106, 219], "uv_size": [0.5, 1.5]},
								"west": {"uv": [107, 219], "uv_size": [0.5, 1.5]},
								"up": {"uv": [115, 223], "uv_size": [0.5, 0.5]},
								"down": {"uv": [223, 115.5], "uv_size": [0.5, -0.5]}
							}
						},
						{
							"origin": [2.66721, 15.11833, -0.06391],
							"size": [0.6537, 1.2529, 0.6862],
							"pivot": [1.65448, 17.37562, 0.341],
							"rotation": [-1.38218, -2.16037, 99.81067],
							"uv": {
								"north": {"uv": [219, 107], "uv_size": [0.5, 1.5]},
								"east": {"uv": [108, 219], "uv_size": [0.5, 1.5]},
								"south": {"uv": [109, 219], "uv_size": [0.5, 1.5]},
								"west": {"uv": [219, 109], "uv_size": [0.5, 1.5]},
								"up": {"uv": [116, 223], "uv_size": [0.5, 0.5]},
								"down": {"uv": [223, 116.5], "uv_size": [0.5, -0.5]}
							}
						},
						{
							"origin": [1.03948, 15.94043, 0.8686],
							"size": [0.6237, 1.5228, 0.7487],
							"pivot": [1.09198, 17.43812, 0.341],
							"rotation": [5.93584, -2.61935, 67.54659],
							"uv": {
								"north": {"uv": [110, 219], "uv_size": [0.5, 1.5]},
								"east": {"uv": [111, 219], "uv_size": [0.5, 1.5]},
								"south": {"uv": [219, 111], "uv_size": [0.5, 1.5]},
								"west": {"uv": [219, 113], "uv_size": [0.5, 1.5]},
								"up": {"uv": [117, 223], "uv_size": [0.5, 0.5]},
								"down": {"uv": [223, 117.5], "uv_size": [0.5, -0.5]}
							}
						},
						{
							"origin": [2.26187, 14.81569, 0.89628],
							"size": [0.5287, 0.9621, 0.6537],
							"pivot": [1.46698, 17.00062, 0.341],
							"rotation": [1.91865, -6.19708, 117.57855],
							"uv": {
								"north": {"uv": [221, 169], "uv_size": [0.5, 1]},
								"east": {"uv": [170, 221], "uv_size": [0.5, 1]},
								"south": {"uv": [221, 170], "uv_size": [0.5, 1]},
								"west": {"uv": [171, 221], "uv_size": [0.5, 1]},
								"up": {"uv": [118, 223], "uv_size": [0.5, 0.5]},
								"down": {"uv": [223, 118.5], "uv_size": [0.5, -0.5]}
							}
						},
						{
							"origin": [0.76669, 14.88064, 1.62152],
							"size": [0.6237, 1.46045, 0.8112],
							"pivot": [1.27948, 16.75062, 0.341],
							"rotation": [10.35394, -4.94827, 96.69829],
							"uv": {
								"north": {"uv": [114, 219], "uv_size": [0.5, 1.5]},
								"east": {"uv": [115, 219], "uv_size": [0.5, 1.5]},
								"south": {"uv": [219, 115], "uv_size": [0.5, 1.5]},
								"west": {"uv": [116, 219], "uv_size": [0.5, 1.5]},
								"up": {"uv": [119, 223], "uv_size": [0.5, 0.5]},
								"down": {"uv": [223, 119.5], "uv_size": [0.5, -0.5]}
							}
						},
						{
							"origin": [1.69428, 14.41548, 1.74801],
							"size": [0.4662, 0.67975, 0.6537],
							"pivot": [1.27948, 16.75062, 0.341],
							"rotation": [7.31619, -8.85, 122.57997],
							"uv": {
								"north": {"uv": [172, 221], "uv_size": [0.5, 1]},
								"east": {"uv": [221, 172], "uv_size": [0.5, 1]},
								"south": {"uv": [173, 221], "uv_size": [0.5, 1]},
								"west": {"uv": [221, 173], "uv_size": [0.5, 1]},
								"up": {"uv": [120, 223], "uv_size": [0.5, 0.5]},
								"down": {"uv": [223, 120.5], "uv_size": [0.5, -0.5]}
							}
						},
						{
							"origin": [0.02665, 17.32134, -0.94614],
							"size": [0.97266, 1.80467, 3.36729],
							"pivot": [1.19551, 20.92377, 0.66703],
							"rotation": [0, 0, -17],
							"uv": {
								"north": {"uv": [214, 73], "uv_size": [1, 1.5]},
								"east": {"uv": [203, 35], "uv_size": [2.5, 1.5]},
								"south": {"uv": [214, 75], "uv_size": [1, 1.5]},
								"west": {"uv": [203, 37], "uv_size": [2.5, 1.5]},
								"up": {"uv": [185, 207], "uv_size": [1, 2.5]},
								"down": {"uv": [186, 209.5], "uv_size": [1, -2.5]}
							}
						},
						{
							"origin": [0.99017, 18.77857, -0.94614],
							"size": [1.09236, 1.56618, 3.36729],
							"pivot": [1.19551, 20.92377, 0.66703],
							"rotation": [0, 0, 11],
							"uv": {
								"north": {"uv": [140, 217], "uv_size": [1, 1]},
								"east": {"uv": [102, 208], "uv_size": [2.5, 1]},
								"south": {"uv": [144, 217], "uv_size": [1, 1]},
								"west": {"uv": [208, 102], "uv_size": [2.5, 1]},
								"up": {"uv": [192, 207], "uv_size": [1, 2.5]},
								"down": {"uv": [203, 209.5], "uv_size": [1, -2.5]}
							}
						},
						{
							"origin": [1.6427, 17.06942, -0.32428],
							"size": [0.7255, 2.9106, 2.1483],
							"pivot": [1.90638, 17.1966, 0.845],
							"rotation": [0, 0, 9],
							"uv": {
								"north": {"uv": [192, 215], "uv_size": [0.5, 2.5]},
								"east": {"uv": [87, 202], "uv_size": [1.5, 2.5]},
								"south": {"uv": [206, 215], "uv_size": [0.5, 2.5]},
								"west": {"uv": [185, 202], "uv_size": [1.5, 2.5]},
								"up": {"uv": [117, 219], "uv_size": [0.5, 1.5]},
								"down": {"uv": [219, 118.5], "uv_size": [0.5, -1.5]}
							}
						}
					]
				},
				{
					"name": "LeftForeArm2",
					"parent": "LeftForeArm",
					"pivot": [0.45143, 21.95827, 0.8375],
					"cubes": [
						{
							"origin": [0.72505, 20.23365, -0.225],
							"size": [1.8125, 4.3125, 2],
							"pivot": [1.57643, 20.00827, 1.0625],
							"rotation": [5, 0, 0],
							"uv": {
								"north": {"uv": [8, 165], "uv_size": [2, 4.5]},
								"east": {"uv": [107, 186], "uv_size": [2, 4.5]},
								"south": {"uv": [186, 142], "uv_size": [2, 4.5]},
								"west": {"uv": [144, 186], "uv_size": [2, 4.5]},
								"up": {"uv": [157, 200], "uv_size": [2, 2]},
								"down": {"uv": [197, 202], "uv_size": [2, -2]}
							}
						},
						{
							"origin": [0.53755, 24.22391, -0.42667],
							"size": [1.875, 1.8125, 2.25],
							"pivot": [1.57643, 23.00827, 1],
							"rotation": [172, 0.5, -180],
							"uv": {
								"north": {"uv": [200, 198], "uv_size": [2, 2]},
								"east": {"uv": [198, 88], "uv_size": [2.5, 2]},
								"south": {"uv": [199, 200], "uv_size": [2, 2]},
								"west": {"uv": [198, 90], "uv_size": [2.5, 2]},
								"up": {"uv": [73, 198], "uv_size": [2, 2.5]},
								"down": {"uv": [198, 96.5], "uv_size": [2, -2.5]}
							}
						},
						{
							"origin": [0.53755, 20.20148, -0.05087],
							"size": [1.8125, 4.3125, 2.1875],
							"pivot": [1.57643, 23.00827, 1],
							"rotation": [-175, 0.5, 180],
							"uv": {
								"north": {"uv": [146, 186], "uv_size": [2, 4.5]},
								"east": {"uv": [186, 147], "uv_size": [2, 4.5]},
								"south": {"uv": [148, 186], "uv_size": [2, 4.5]},
								"west": {"uv": [186, 152], "uv_size": [2, 4.5]},
								"up": {"uv": [201, 14], "uv_size": [2, 2]},
								"down": {"uv": [201, 18], "uv_size": [2, -2]}
							}
						},
						{
							"origin": [0.91255, 24.22391, -0.86417],
							"size": [2.125, 1.8125, 2.0625],
							"pivot": [1.82643, 23.00827, 0.5625],
							"rotation": [172, -85, -180],
							"uv": {
								"north": {"uv": [201, 18], "uv_size": [2, 2]},
								"east": {"uv": [22, 201], "uv_size": [2, 2]},
								"south": {"uv": [30, 201], "uv_size": [2, 2]},
								"west": {"uv": [32, 201], "uv_size": [2, 2]},
								"up": {"uv": [201, 36], "uv_size": [2, 2]},
								"down": {"uv": [40, 203], "uv_size": [2, -2]}
							}
						},
						{
							"origin": [0.66255, 20.20148, -0.17587],
							"size": [2.125, 4.3125, 2],
							"pivot": [1.57643, 23.00827, 0.875],
							"rotation": [0, 90, -5],
							"uv": {
								"north": {"uv": [154, 186], "uv_size": [2, 4.5]},
								"east": {"uv": [168, 186], "uv_size": [2, 4.5]},
								"south": {"uv": [186, 169], "uv_size": [2, 4.5]},
								"west": {"uv": [186, 174], "uv_size": [2, 4.5]},
								"up": {"uv": [42, 201], "uv_size": [2, 2]},
								"down": {"uv": [44, 203], "uv_size": [2, -2]}
							}
						},
						{
							"origin": [0.66255, 24.22391, -0.55167],
							"size": [2.125, 1.8125, 2.0625],
							"pivot": [1.57643, 23.00827, 0.875],
							"rotation": [0, 90, 8],
							"uv": {
								"north": {"uv": [56, 201], "uv_size": [2, 2]},
								"east": {"uv": [58, 201], "uv_size": [2, 2]},
								"south": {"uv": [201, 66], "uv_size": [2, 2]},
								"west": {"uv": [201, 68], "uv_size": [2, 2]},
								"up": {"uv": [201, 70], "uv_size": [2, 2]},
								"down": {"uv": [73, 203], "uv_size": [2, -2]}
							}
						},
						{
							"origin": [0.91255, 20.20148, -0.48837],
							"size": [2.125, 4.3125, 2],
							"pivot": [1.82643, 23.00827, 0.5625],
							"rotation": [-175, -85, -180],
							"uv": {
								"north": {"uv": [179, 186], "uv_size": [2, 4.5]},
								"east": {"uv": [186, 179], "uv_size": [2, 4.5]},
								"south": {"uv": [181, 186], "uv_size": [2, 4.5]},
								"west": {"uv": [183, 186], "uv_size": [2, 4.5]},
								"up": {"uv": [201, 85], "uv_size": [2, 2]},
								"down": {"uv": [201, 89], "uv_size": [2, -2]}
							}
						},
						{
							"origin": [0.72505, 24.23365, -0.725],
							"size": [1.8125, 1.8125, 2.5625],
							"pivot": [1.57643, 24.00827, 0.5625],
							"rotation": [-8, 0, 0],
							"uv": {
								"north": {"uv": [201, 89], "uv_size": [2, 2]},
								"east": {"uv": [198, 97], "uv_size": [2.5, 2]},
								"south": {"uv": [93, 201], "uv_size": [2, 2]},
								"west": {"uv": [198, 99], "uv_size": [2.5, 2]},
								"up": {"uv": [110, 198], "uv_size": [2, 2.5]},
								"down": {"uv": [115, 200.5], "uv_size": [2, -2.5]}
							}
						}
					]
				},
				{
					"name": "RightArm",
					"pivot": [-1.4, 33.775, 0.625],
					"cubes": [
						{
							"origin": [-3.75857, 27.35361, -0.8125],
							"size": [2.7375, 0.6875, 2.875],
							"uv": {
								"north": {"uv": [12, 216], "uv_size": [2.5, 0.5]},
								"east": {"uv": [117, 214], "uv_size": [3, 0.5]},
								"south": {"uv": [216, 12], "uv_size": [2.5, 0.5]},
								"west": {"uv": [120, 214], "uv_size": [3, 0.5]},
								"up": {"uv": [191, 114], "uv_size": [2.5, 3]},
								"down": {"uv": [191, 120], "uv_size": [2.5, -3]}
							}
						},
						{
							"origin": [-3.88357, 30.85361, -1.25],
							"size": [2.9875, 3.1875, 3.75],
							"uv": {
								"north": {"uv": [14, 187], "uv_size": [3, 3]},
								"east": {"uv": [180, 4], "uv_size": [4, 3]},
								"south": {"uv": [187, 15], "uv_size": [3, 3]},
								"west": {"uv": [180, 7], "uv_size": [4, 3]},
								"up": {"uv": [180, 16], "uv_size": [3, 4]},
								"down": {"uv": [180, 24], "uv_size": [3, -4]}
							}
						},
						{
							"origin": [-3.32107, 29.22861, -0.8125],
							"size": [2.7375, 1.1875, 2.875],
							"pivot": [-1.64745, 32.19074, 0.625],
							"rotation": [0, 0, 21],
							"uv": {
								"north": {"uv": [105, 208], "uv_size": [2.5, 1]},
								"east": {"uv": [206, 21], "uv_size": [3, 1]},
								"south": {"uv": [208, 107], "uv_size": [2.5, 1]},
								"west": {"uv": [206, 24], "uv_size": [3, 1]},
								"up": {"uv": [191, 120], "uv_size": [2.5, 3]},
								"down": {"uv": [191, 126], "uv_size": [2.5, -3]}
							}
						},
						{
							"origin": [-5.62965, 29.47927, -0.43373],
							"size": [2.7375, 1.1875, 0.625],
							"pivot": [-2.89745, 29.19074, 0.5],
							"rotation": [167.41563, -46.22861, -160.92063],
							"uv": {
								"north": {"uv": [110, 208], "uv_size": [2.5, 1]},
								"east": {"uv": [221, 177], "uv_size": [0.5, 1]},
								"south": {"uv": [208, 110], "uv_size": [2.5, 1]},
								"west": {"uv": [179, 221], "uv_size": [0.5, 1]},
								"up": {"uv": [216, 14], "uv_size": [2.5, 0.5]},
								"down": {"uv": [216, 15.5], "uv_size": [2.5, -0.5]}
							}
						},
						{
							"origin": [-5.94257, 28.8562, -0.43373],
							"size": [2.7375, 1.1875, 0.625],
							"pivot": [-2.89745, 29.19074, 0.5],
							"rotation": [-156.28246, -42.48546, 148.85721],
							"uv": {
								"north": {"uv": [208, 111], "uv_size": [2.5, 1]},
								"east": {"uv": [180, 221], "uv_size": [0.5, 1]},
								"south": {"uv": [208, 114], "uv_size": [2.5, 1]},
								"west": {"uv": [221, 180], "uv_size": [0.5, 1]},
								"up": {"uv": [216, 17], "uv_size": [2.5, 0.5]},
								"down": {"uv": [216, 19.5], "uv_size": [2.5, -0.5]}
							}
						},
						{
							"origin": [-5.87131, 29.59902, 0.56771],
							"size": [2.7375, 1.1875, 0.625],
							"pivot": [-2.89745, 29.19074, 0.5],
							"rotation": [-164.71744, 45.54439, -159.05303],
							"uv": {
								"north": {"uv": [115, 208], "uv_size": [2.5, 1]},
								"east": {"uv": [181, 221], "uv_size": [0.5, 1]},
								"south": {"uv": [208, 115], "uv_size": [2.5, 1]},
								"west": {"uv": [221, 181], "uv_size": [0.5, 1]},
								"up": {"uv": [216, 20], "uv_size": [2.5, 0.5]},
								"down": {"uv": [216, 22.5], "uv_size": [2.5, -0.5]}
							}
						},
						{
							"origin": [-6.20885, 28.81336, 0.56771],
							"size": [2.7375, 1.1875, 0.625],
							"pivot": [-2.89745, 29.19074, 0.5],
							"rotation": [158.64003, 43.4963, 150.39517],
							"uv": {
								"north": {"uv": [208, 116], "uv_size": [2.5, 1]},
								"east": {"uv": [182, 221], "uv_size": [0.5, 1]},
								"south": {"uv": [208, 117], "uv_size": [2.5, 1]},
								"west": {"uv": [221, 182], "uv_size": [0.5, 1]},
								"up": {"uv": [216, 23], "uv_size": [2.5, 0.5]},
								"down": {"uv": [216, 24.5], "uv_size": [2.5, -0.5]}
							}
						},
						{
							"origin": [-5.2878, 29.44811, -1.125],
							"size": [2.7375, 1.1875, 2.875],
							"pivot": [-2.89745, 29.19074, 0.5],
							"rotation": [-180, 0, -165.5],
							"uv": {
								"north": {"uv": [118, 208], "uv_size": [2.5, 1]},
								"east": {"uv": [206, 25], "uv_size": [3, 1]},
								"south": {"uv": [208, 118], "uv_size": [2.5, 1]},
								"west": {"uv": [27, 206], "uv_size": [3, 1]},
								"up": {"uv": [191, 133], "uv_size": [2.5, 3]},
								"down": {"uv": [191, 139], "uv_size": [2.5, -3]}
							}
						},
						{
							"origin": [-5.64617, 29.02935, -1.125],
							"size": [2.7375, 1.1875, 2.875],
							"pivot": [-2.89745, 29.19074, 0.5],
							"rotation": [180, 0, 159],
							"uv": {
								"north": {"uv": [208, 119], "uv_size": [2.5, 1]},
								"east": {"uv": [30, 206], "uv_size": [3, 1]},
								"south": {"uv": [208, 120], "uv_size": [2.5, 1]},
								"west": {"uv": [206, 33], "uv_size": [3, 1]},
								"up": {"uv": [144, 191], "uv_size": [2.5, 3]},
								"down": {"uv": [147, 194], "uv_size": [2.5, -3]}
							}
						},
						{
							"origin": [-4.99113, 29.46603, -0.25],
							"size": [2.7375, 1.1875, 2.875],
							"pivot": [-2.45995, 29.75324, 1.1875],
							"rotation": [90, -75.5, -90],
							"uv": {
								"north": {"uv": [121, 208], "uv_size": [2.5, 1]},
								"east": {"uv": [206, 34], "uv_size": [3, 1]},
								"south": {"uv": [124, 208], "uv_size": [2.5, 1]},
								"west": {"uv": [206, 35], "uv_size": [3, 1]},
								"up": {"uv": [191, 159], "uv_size": [2.5, 3]},
								"down": {"uv": [191, 165], "uv_size": [2.5, -3]}
							}
						},
						{
							"origin": [-5.00709, 29.06671, -0.25],
							"size": [2.7375, 1.1875, 2.875],
							"pivot": [-2.45995, 29.75324, 1.1875],
							"rotation": [-90, -69, 90],
							"uv": {
								"north": {"uv": [127, 208], "uv_size": [2.5, 1]},
								"east": {"uv": [206, 36], "uv_size": [3, 1]},
								"south": {"uv": [208, 129], "uv_size": [2.5, 1]},
								"west": {"uv": [206, 37], "uv_size": [3, 1]},
								"up": {"uv": [167, 191], "uv_size": [2.5, 3]},
								"down": {"uv": [179, 194], "uv_size": [2.5, -3]}
							}
						},
						{
							"origin": [-4.86613, 29.46603, 0.3125],
							"size": [2.7375, 1.1875, 0.625],
							"pivot": [-2.33495, 29.75324, 0.625],
							"rotation": [15.28256, -45.54439, -20.94697],
							"uv": {
								"north": {"uv": [208, 130], "uv_size": [2.5, 1]},
								"east": {"uv": [183, 221], "uv_size": [0.5, 1]},
								"south": {"uv": [208, 136], "uv_size": [2.5, 1]},
								"west": {"uv": [221, 183], "uv_size": [0.5, 1]},
								"up": {"uv": [216, 25], "uv_size": [2.5, 0.5]},
								"down": {"uv": [216, 26.5], "uv_size": [2.5, -0.5]}
							}
						},
						{
							"origin": [-4.88209, 29.06671, 0.3125],
							"size": [2.7375, 1.1875, 0.625],
							"pivot": [-2.33495, 29.75324, 0.625],
							"rotation": [-21.35997, -43.4963, 29.60483],
							"uv": {
								"north": {"uv": [138, 208], "uv_size": [2.5, 1]},
								"east": {"uv": [184, 221], "uv_size": [0.5, 1]},
								"south": {"uv": [208, 140], "uv_size": [2.5, 1]},
								"west": {"uv": [185, 221], "uv_size": [0.5, 1]},
								"up": {"uv": [216, 30], "uv_size": [2.5, 0.5]},
								"down": {"uv": [216, 31.5], "uv_size": [2.5, -0.5]}
							}
						},
						{
							"origin": [-4.86613, 29.40353, 0.3125],
							"size": [2.7375, 1.1875, 0.625],
							"pivot": [-2.33495, 29.69074, 0.625],
							"rotation": [-12.58437, 46.22861, -19.07937],
							"uv": {
								"north": {"uv": [208, 141], "uv_size": [2.5, 1]},
								"east": {"uv": [186, 221], "uv_size": [0.5, 1]},
								"south": {"uv": [208, 142], "uv_size": [2.5, 1]},
								"west": {"uv": [187, 221], "uv_size": [0.5, 1]},
								"up": {"uv": [216, 32], "uv_size": [2.5, 0.5]},
								"down": {"uv": [216, 34.5], "uv_size": [2.5, -0.5]}
							}
						},
						{
							"origin": [-4.88209, 29.00421, 0.3125],
							"size": [2.7375, 1.1875, 0.625],
							"pivot": [-2.33495, 29.69074, 0.625],
							"rotation": [23.71754, 42.48546, 31.14279],
							"uv": {
								"north": {"uv": [208, 143], "uv_size": [2.5, 1]},
								"east": {"uv": [188, 221], "uv_size": [0.5, 1]},
								"south": {"uv": [144, 208], "uv_size": [2.5, 1]},
								"west": {"uv": [221, 188], "uv_size": [0.5, 1]},
								"up": {"uv": [216, 35], "uv_size": [2.5, 0.5]},
								"down": {"uv": [38, 216.5], "uv_size": [2.5, -0.5]}
							}
						},
						{
							"origin": [-4.86613, 29.46603, -1.375],
							"size": [2.7375, 1.1875, 2.875],
							"pivot": [-2.33495, 29.75324, 0.0625],
							"rotation": [-90, 75.5, -90],
							"uv": {
								"north": {"uv": [208, 144], "uv_size": [2.5, 1]},
								"east": {"uv": [206, 38], "uv_size": [3, 1]},
								"south": {"uv": [208, 145], "uv_size": [2.5, 1]},
								"west": {"uv": [206, 42], "uv_size": [3, 1]},
								"up": {"uv": [182, 191], "uv_size": [2.5, 3]},
								"down": {"uv": [0, 195], "uv_size": [2.5, -3]}
							}
						},
						{
							"origin": [-4.88209, 29.06671, -1.375],
							"size": [2.7375, 1.1875, 2.875],
							"pivot": [-2.33495, 29.75324, 0.0625],
							"rotation": [90, 69, 90],
							"uv": {
								"north": {"uv": [208, 146], "uv_size": [2.5, 1]},
								"east": {"uv": [206, 43], "uv_size": [3, 1]},
								"south": {"uv": [147, 208], "uv_size": [2.5, 1]},
								"west": {"uv": [206, 44], "uv_size": [3, 1]},
								"up": {"uv": [192, 3], "uv_size": [2.5, 3]},
								"down": {"uv": [192, 9], "uv_size": [2.5, -3]}
							}
						},
						{
							"origin": [-4.82107, 29.16611, -0.8125],
							"size": [2.7375, 1.1875, 2.875],
							"pivot": [-3.14745, 32.12824, 0.625],
							"rotation": [0, 0, -14.5],
							"uv": {
								"north": {"uv": [208, 148], "uv_size": [2.5, 1]},
								"east": {"uv": [206, 45], "uv_size": [3, 1]},
								"south": {"uv": [208, 149], "uv_size": [2.5, 1]},
								"west": {"uv": [55, 206], "uv_size": [3, 1]},
								"up": {"uv": [18, 192], "uv_size": [2.5, 3]},
								"down": {"uv": [21, 195], "uv_size": [2.5, -3]}
							}
						},
						{
							"origin": [-3.99607, 27.89111, -1.0375],
							"size": [3.425, 1.125, 3.325],
							"uv": {
								"north": {"uv": [203, 184], "uv_size": [3.5, 1]},
								"east": {"uv": [203, 185], "uv_size": [3.5, 1]},
								"south": {"uv": [203, 186], "uv_size": [3.5, 1]},
								"west": {"uv": [203, 187], "uv_size": [3.5, 1]},
								"up": {"uv": [90, 178], "uv_size": [3.5, 3.5]},
								"down": {"uv": [178, 95.5], "uv_size": [3.5, -3.5]}
							}
						},
						{
							"origin": [-3.54607, 26.59111, -0.5],
							"size": [2.6375, 2.05, 2.3],
							"uv": {
								"north": {"uv": [198, 101], "uv_size": [2.5, 2]},
								"east": {"uv": [198, 145], "uv_size": [2.5, 2]},
								"south": {"uv": [198, 147], "uv_size": [2.5, 2]},
								"west": {"uv": [157, 198], "uv_size": [2.5, 2]},
								"up": {"uv": [173, 194], "uv_size": [2.5, 2.5]},
								"down": {"uv": [194, 177.5], "uv_size": [2.5, -2.5]}
							}
						}
					]
				},
				{
					"name": "RightForeArm",
					"parent": "RightArm",
					"pivot": [-2.52245, 27.39074, 0.65]
				},
				{
					"name": "rightshou",
					"parent": "RightForeArm",
					"pivot": [-2.20995, 21.56574, 0.5],
					"rotation": [0, 0, -1.5],
					"cubes": [
						{
							"origin": [-4.05339, 21.20397, -0.95753],
							"size": [2.86535, 0.98794, 3.06325],
							"uv": {
								"north": {"uv": [217, 173], "uv_size": [2, 0.5]},
								"east": {"uv": [216, 39], "uv_size": [2.5, 0.5]},
								"south": {"uv": [217, 178], "uv_size": [2, 0.5]},
								"west": {"uv": [216, 40], "uv_size": [2.5, 0.5]},
								"up": {"uv": [60, 199], "uv_size": [2, 2.5]},
								"down": {"uv": [62, 201.5], "uv_size": [2, -2.5]}
							}
						},
						{
							"origin": [-2.62015, 17.97045, -0.87961],
							"size": [1.09978, 3.8815, 2.87804],
							"pivot": [-2, 20, 0],
							"rotation": [0, 0, -15],
							"uv": {
								"north": {"uv": [22, 203], "uv_size": [1.5, 2.5]},
								"east": {"uv": [179, 194], "uv_size": [2.5, 2.5]},
								"south": {"uv": [36, 203], "uv_size": [1.5, 2.5]},
								"west": {"uv": [182, 194], "uv_size": [2.5, 2.5]},
								"up": {"uv": [203, 39], "uv_size": [1.5, 2.5]},
								"down": {"uv": [40, 205.5], "uv_size": [1.5, -2.5]}
							}
						},
						{
							"origin": [-2.72255, 18.3251, -1.23882],
							"size": [1.14211, 1.35961, 1.06786],
							"pivot": [-2.19371, 19.8828, -0.84475],
							"rotation": [-36.31767, -0.47388, -53.4058],
							"uv": {
								"north": {"uv": [189, 221], "uv_size": [0.5, 1]},
								"east": {"uv": [221, 189], "uv_size": [0.5, 1]},
								"south": {"uv": [190, 221], "uv_size": [0.5, 1]},
								"west": {"uv": [221, 190], "uv_size": [0.5, 1]},
								"up": {"uv": [143, 223], "uv_size": [0.5, 0.5]},
								"down": {"uv": [223, 143.5], "uv_size": [0.5, -0.5]}
							}
						},
						{
							"origin": [-2.54919, 18.14027, -2.33048],
							"size": [0.72, 0.89766, 0.76175],
							"pivot": [-2.19371, 19.8828, -0.84475],
							"rotation": [14.18233, -0.47388, -53.4058],
							"uv": {
								"north": {"uv": [191, 221], "uv_size": [0.5, 1]},
								"east": {"uv": [193, 221], "uv_size": [0.5, 1]},
								"south": {"uv": [221, 193], "uv_size": [0.5, 1]},
								"west": {"uv": [194, 221], "uv_size": [0.5, 1]},
								"up": {"uv": [144, 223], "uv_size": [0.5, 0.5]},
								"down": {"uv": [223, 144.5], "uv_size": [0.5, -0.5]}
							}
						},
						{
							"origin": [-0.9155, 18.73404, -1.53958],
							"size": [0.72, 0.83516, 0.63675],
							"pivot": [0.61879, 19.3203, -2.09475],
							"rotation": [45.18233, -0.47388, -53.4058],
							"uv": {
								"north": {"uv": [191, 221], "uv_size": [0.5, 1]},
								"east": {"uv": [193, 221], "uv_size": [0.5, 1]},
								"south": {"uv": [221, 193], "uv_size": [0.5, 1]},
								"west": {"uv": [194, 221], "uv_size": [0.5, 1]},
								"up": {"uv": [144, 223], "uv_size": [0.5, 0.5]},
								"down": {"uv": [223, 144.5], "uv_size": [0.5, -0.5]}
							}
						},
						{
							"origin": [-3.82877, 16.73521, -1.11006],
							"size": [0.90561, 1.67115, 0.87863],
							"pivot": [-2.70417, 19.56189, 3.40951],
							"rotation": [-4.32469, 1.95022, -25.90332],
							"uv": {
								"north": {"uv": [221, 194], "uv_size": [0.5, 1]},
								"east": {"uv": [195, 221], "uv_size": [0.5, 1]},
								"south": {"uv": [196, 221], "uv_size": [0.5, 1]},
								"west": {"uv": [197, 221], "uv_size": [0.5, 1]},
								"up": {"uv": [145, 223], "uv_size": [0.5, 0.5]},
								"down": {"uv": [223, 145.5], "uv_size": [0.5, -0.5]}
							}
						},
						{
							"origin": [-4.76714, 16.4513, -1.0764],
							"size": [0.74536, 2.0778, 0.77752],
							"pivot": [-2.52815, 18.91738, 3.48376],
							"rotation": [-4.70076, -0.63468, -83.80363],
							"uv": {
								"north": {"uv": [219, 137], "uv_size": [0.5, 1.5]},
								"east": {"uv": [138, 219], "uv_size": [0.5, 1.5]},
								"south": {"uv": [139, 219], "uv_size": [0.5, 1.5]},
								"west": {"uv": [219, 139], "uv_size": [0.5, 1.5]},
								"up": {"uv": [146, 223], "uv_size": [0.5, 0.5]},
								"down": {"uv": [223, 146.5], "uv_size": [0.5, -0.5]}
							}
						},
						{
							"origin": [-3.5309, 16.29273, -0.37306],
							"size": [0.74096, 2.0589, 0.85096],
							"pivot": [-2.67667, 18.90189, 3.13451],
							"rotation": [-0.42777, 2.52859, -51.29405],
							"uv": {
								"north": {"uv": [221, 197], "uv_size": [0.5, 1]},
								"east": {"uv": [198, 221], "uv_size": [0.5, 1]},
								"south": {"uv": [221, 198], "uv_size": [0.5, 1]},
								"west": {"uv": [199, 221], "uv_size": [0.5, 1]},
								"up": {"uv": [147, 223], "uv_size": [0.5, 0.5]},
								"down": {"uv": [223, 147.5], "uv_size": [0.5, -0.5]}
							}
						},
						{
							"origin": [-4.08124, 16.31331, -0.2933],
							"size": [0.66671, 1.62145, 0.7381],
							"pivot": [-2.2594, 18.34738, 3.13451],
							"rotation": [-1.70314, 1.91757, -109.31311],
							"uv": {
								"north": {"uv": [140, 219], "uv_size": [0.5, 1.5]},
								"east": {"uv": [141, 219], "uv_size": [0.5, 1.5]},
								"south": {"uv": [219, 141], "uv_size": [0.5, 1.5]},
								"west": {"uv": [142, 219], "uv_size": [0.5, 1.5]},
								"up": {"uv": [148, 223], "uv_size": [0.5, 0.5]},
								"down": {"uv": [223, 148.5], "uv_size": [0.5, -0.5]}
							}
						},
						{
							"origin": [-1.64594, 17.33604, 0.77121],
							"size": [0.74096, 1.4704, 0.74096],
							"pivot": [-1.43367, 18.05764, 3.02451],
							"rotation": [5.39307, 3.60887, -95.51239],
							"uv": {
								"north": {"uv": [221, 199], "uv_size": [0.5, 1]},
								"east": {"uv": [200, 221], "uv_size": [0.5, 1]},
								"south": {"uv": [221, 200], "uv_size": [0.5, 1]},
								"west": {"uv": [201, 221], "uv_size": [0.5, 1]},
								"up": {"uv": [149, 223], "uv_size": [0.5, 0.5]},
								"down": {"uv": [223, 149.5], "uv_size": [0.5, -0.5]}
							}
						},
						{
							"origin": [-2.14341, 16.42675, 0.8179],
							"size": [0.59246, 1.44222, 0.66385],
							"pivot": [-1.43367, 18.05764, 3.02451],
							"rotation": [3.83567, 5.23443, -141.50702],
							"uv": {
								"north": {"uv": [221, 201], "uv_size": [0.5, 1]},
								"east": {"uv": [202, 221], "uv_size": [0.5, 1]},
								"south": {"uv": [203, 221], "uv_size": [0.5, 1]},
								"west": {"uv": [204, 221], "uv_size": [0.5, 1]},
								"up": {"uv": [150, 223], "uv_size": [0.5, 0.5]},
								"down": {"uv": [223, 150.5], "uv_size": [0.5, -0.5]}
							}
						},
						{
							"origin": [-2.23521, 17.31609, 1.34245],
							"size": [0.74096, 1.30882, 0.74096],
							"pivot": [-1.94792, 18.48664, 1.70451],
							"rotation": [18.90776, -5.37855, -79.81714],
							"uv": {
								"north": {"uv": [143, 219], "uv_size": [0.5, 1.5]},
								"east": {"uv": [219, 143], "uv_size": [0.5, 1.5]},
								"south": {"uv": [144, 219], "uv_size": [0.5, 1.5]},
								"west": {"uv": [145, 219], "uv_size": [0.5, 1.5]},
								"up": {"uv": [151, 223], "uv_size": [0.5, 0.5]},
								"down": {"uv": [223, 151.5], "uv_size": [0.5, -0.5]}
							}
						},
						{
							"origin": [-2.93046, 16.67167, 1.42477],
							"size": [0.51821, 1.24465, 0.66385],
							"pivot": [-1.94792, 18.48664, 1.70451],
							"rotation": [18.64392, 9.13749, -128.75113],
							"uv": {
								"north": {"uv": [221, 204], "uv_size": [0.5, 1]},
								"east": {"uv": [205, 221], "uv_size": [0.5, 1]},
								"south": {"uv": [221, 205], "uv_size": [0.5, 1]},
								"west": {"uv": [206, 221], "uv_size": [0.5, 1]},
								"up": {"uv": [152, 223], "uv_size": [0.5, 0.5]},
								"down": {"uv": [223, 152.5], "uv_size": [0.5, -0.5]}
							}
						},
						{
							"origin": [-2.75789, 17.62647, -1.05301],
							"size": [1.40552, 1.83145, 3.07484],
							"pivot": [-1.59633, 19.93496, 0.47568],
							"rotation": [0, 0, 25],
							"uv": {
								"north": {"uv": [105, 214], "uv_size": [1, 1.5]},
								"east": {"uv": [42, 203], "uv_size": [2.5, 1.5]},
								"south": {"uv": [123, 214], "uv_size": [1, 1.5]},
								"west": {"uv": [203, 42], "uv_size": [2.5, 1.5]},
								"up": {"uv": [40, 208], "uv_size": [1, 2.5]},
								"down": {"uv": [41, 210.5], "uv_size": [1, -2.5]}
							}
						},
						{
							"origin": [-3.36539, 20.08435, -0.93551],
							"size": [1.32839, 1.86062, 2.92734],
							"pivot": [-2.28094, 22.63286, 0.47568],
							"rotation": [0, 0, -11],
							"uv": {
								"north": {"uv": [217, 187], "uv_size": [1, 1]},
								"east": {"uv": [208, 150], "uv_size": [2.5, 1]},
								"south": {"uv": [217, 198], "uv_size": [1, 1]},
								"west": {"uv": [208, 151], "uv_size": [2.5, 1]},
								"up": {"uv": [46, 208], "uv_size": [1, 2.5]},
								"down": {"uv": [53, 210.5], "uv_size": [1, -2.5]}
							}
						},
						{
							"origin": [-3.52798, 18.47098, -0.53699],
							"size": [0.82289, 3.30929, 2.22218],
							"pivot": [-3.01834, 18.47358, 0.68711],
							"rotation": [0, 0, -9],
							"uv": {
								"north": {"uv": [212, 215], "uv_size": [0.5, 2.5]},
								"east": {"uv": [203, 51], "uv_size": [1.5, 2.5]},
								"south": {"uv": [15, 216], "uv_size": [0.5, 2.5]},
								"west": {"uv": [203, 54], "uv_size": [1.5, 2.5]},
								"up": {"uv": [219, 145], "uv_size": [0.5, 1.5]},
								"down": {"uv": [146, 220.5], "uv_size": [0.5, -1.5]}
							}
						}
					]
				},
				{
					"name": "RightHand",
					"parent": "RightForeArm",
					"pivot": [-1.95995, 19.14074, 0.65]
				},
				{
					"name": "RightHandLocator",
					"parent": "RightHand",
					"pivot": [-1.95995, 18.89074, 0.65]
				},
				{
					"name": "RightForeArm2",
					"parent": "RightForeArm",
					"pivot": [-2.52245, 27.39074, 0.65],
					"cubes": [
						{
							"origin": [-3.29607, 25.66611, -0.9125],
							"size": [1.8125, 1.8125, 2.5625],
							"pivot": [-2.33495, 25.44074, 0.375],
							"rotation": [-8, 0, 0],
							"uv": {
								"north": {"uv": [95, 201], "uv_size": [2, 2]},
								"east": {"uv": [198, 163], "uv_size": [2.5, 2]},
								"south": {"uv": [97, 201], "uv_size": [2, 2]},
								"west": {"uv": [198, 186], "uv_size": [2.5, 2]},
								"up": {"uv": [187, 198], "uv_size": [2, 2.5]},
								"down": {"uv": [195, 200.5], "uv_size": [2, -2.5]}
							}
						},
						{
							"origin": [-3.79607, 21.63395, -0.67587],
							"size": [2.125, 4.3125, 2],
							"pivot": [-2.58495, 24.44074, 0.375],
							"rotation": [-175, 85, 180],
							"uv": {
								"north": {"uv": [187, 18], "uv_size": [2, 4.5]},
								"east": {"uv": [19, 187], "uv_size": [2, 4.5]},
								"south": {"uv": [21, 187], "uv_size": [2, 4.5]},
								"west": {"uv": [23, 187], "uv_size": [2, 4.5]},
								"up": {"uv": [201, 97], "uv_size": [2, 2]},
								"down": {"uv": [201, 101], "uv_size": [2, -2]}
							}
						},
						{
							"origin": [-3.54607, 25.65638, -0.73917],
							"size": [2.125, 1.8125, 2.0625],
							"pivot": [-2.33495, 24.44074, 0.6875],
							"rotation": [0, -90, -8],
							"uv": {
								"north": {"uv": [201, 101], "uv_size": [2, 2]},
								"east": {"uv": [102, 201], "uv_size": [2, 2]},
								"south": {"uv": [104, 201], "uv_size": [2, 2]},
								"west": {"uv": [106, 201], "uv_size": [2, 2]},
								"up": {"uv": [110, 201], "uv_size": [2, 2]},
								"down": {"uv": [201, 115], "uv_size": [2, -2]}
							}
						},
						{
							"origin": [-3.54607, 21.63395, -0.36337],
							"size": [2.125, 4.3125, 2],
							"pivot": [-2.33495, 24.44074, 0.6875],
							"rotation": [0, -90, 5],
							"uv": {
								"north": {"uv": [187, 23], "uv_size": [2, 4.5]},
								"east": {"uv": [25, 187], "uv_size": [2, 4.5]},
								"south": {"uv": [31, 187], "uv_size": [2, 4.5]},
								"west": {"uv": [33, 187], "uv_size": [2, 4.5]},
								"up": {"uv": [115, 201], "uv_size": [2, 2]},
								"down": {"uv": [201, 117], "uv_size": [2, -2]}
							}
						},
						{
							"origin": [-3.79607, 25.65638, -1.05167],
							"size": [2.125, 1.8125, 2.0625],
							"pivot": [-2.58495, 24.44074, 0.375],
							"rotation": [172, 85, 180],
							"uv": {
								"north": {"uv": [117, 201], "uv_size": [2, 2]},
								"east": {"uv": [201, 117], "uv_size": [2, 2]},
								"south": {"uv": [119, 201], "uv_size": [2, 2]},
								"west": {"uv": [201, 119], "uv_size": [2, 2]},
								"up": {"uv": [121, 201], "uv_size": [2, 2]},
								"down": {"uv": [201, 126], "uv_size": [2, -2]}
							}
						},
						{
							"origin": [-3.10857, 21.63395, -0.23837],
							"size": [1.8125, 4.3125, 2.1875],
							"pivot": [-2.33495, 24.44074, 0.8125],
							"rotation": [-175, -0.5, -180],
							"uv": {
								"north": {"uv": [187, 37], "uv_size": [2, 4.5]},
								"east": {"uv": [38, 187], "uv_size": [2, 4.5]},
								"south": {"uv": [40, 187], "uv_size": [2, 4.5]},
								"west": {"uv": [42, 187], "uv_size": [2, 4.5]},
								"up": {"uv": [126, 201], "uv_size": [2, 2]},
								"down": {"uv": [201, 129], "uv_size": [2, -2]}
							}
						},
						{
							"origin": [-3.17107, 25.65638, -0.61417],
							"size": [1.875, 1.8125, 2.25],
							"pivot": [-2.33495, 24.44074, 0.8125],
							"rotation": [172, -0.5, 180],
							"uv": {
								"north": {"uv": [128, 201], "uv_size": [2, 2]},
								"east": {"uv": [198, 188], "uv_size": [2.5, 2]},
								"south": {"uv": [201, 138], "uv_size": [2, 2]},
								"west": {"uv": [197, 198], "uv_size": [2.5, 2]},
								"up": {"uv": [13, 199], "uv_size": [2, 2.5]},
								"down": {"uv": [52, 201.5], "uv_size": [2, -2.5]}
							}
						},
						{
							"origin": [-3.29607, 21.66611, -0.4125],
							"size": [1.8125, 4.3125, 2],
							"pivot": [-2.33495, 21.44074, 0.875],
							"rotation": [5, 0, 0],
							"uv": {
								"north": {"uv": [187, 42], "uv_size": [2, 4.5]},
								"east": {"uv": [44, 187], "uv_size": [2, 4.5]},
								"south": {"uv": [46, 187], "uv_size": [2, 4.5]},
								"west": {"uv": [187, 47], "uv_size": [2, 4.5]},
								"up": {"uv": [140, 201], "uv_size": [2, 2]},
								"down": {"uv": [201, 142], "uv_size": [2, -2]}
							}
						}
					]
				}
			]
		}
	]
}