{
	"format_version": "1.12.0",
	"minecraft:geometry": [
		{
			"description": {
				"identifier": "geometry.unknown",
				"texture_width": 256,
				"texture_height": 256,
				"visible_bounds_width": 5,
				"visible_bounds_height": 6,
				"visible_bounds_offset": [0, 2, 0],
				"ysm_extra_info": {
					"name": "a",
					"tips": "b",
					"authors": ["c"],
					"license": "d"
				}
			},
			"bones": [
				{
					"name": "LeftArm",
					"pivot": [3.33198, 33.76382, 0.33754],
					"cubes": [
						{"origin": [1.7573, 27.01034, -1.32246], "size": [3.32, 7.32, 3.32], "inflate": -0.5, "uv": [14, 93]}
					]
				},
				{
					"name": "LeftElbow",
					"parent": "LeftArm",
					"pivot": [3.4192, 27.47034, 0.744],
					"cubes": [
						{"origin": [1.7592, 26.21034, -0.516], "size": [3.32, 2.52, 2.52], "inflate": -0.5, "uv": [130, 125]}
					]
				},
				{
					"name": "LeftForeArm",
					"parent": "LeftArm",
					"pivot": [3.3737, 27.52918, 0.4],
					"cubes": [
						{"origin": [1.7573, 18.61034, -1.32246], "size": [3.32, 9.32, 3.32], "inflate": -0.5, "uv": [84, 28]}
					]
				},
				{
					"name": "ysmGlow5",
					"parent": "LeftForeArm",
					"pivot": [3.35635, 21.05635, 0.28852],
					"rotation": [-90, 0, 0],
					"cubes": [
						{"origin": [-0.89365, 16.80635, -2.53648], "size": [8.5, 8.5, 5.65], "inflate": -2.5, "uv": [64, 62]}
					]
				},
				{
					"name": "bone15",
					"parent": "LeftForeArm",
					"pivot": [2.7411, 24.82026, 0.33754],
					"rotation": [10, 0, 0],
					"cubes": [
						{"origin": [1.7573, 19.64803, 0.72781], "size": [3.32, 8.12, 1.72], "inflate": -0.5, "uv": [33, 119]}
					]
				},
				{
					"name": "bone16",
					"parent": "bone15",
					"pivot": [2.7411, 24.82026, 0.33754],
					"rotation": [0, 0, -10],
					"cubes": [
						{"origin": [2.87446, 19.45202, 0.72706], "size": [2.6, 7.96, 1.72], "inflate": -0.5, "uv": [132, 107]}
					]
				},
				{
					"name": "bone17",
					"parent": "bone15",
					"pivot": [2.7411, 24.82026, 0.33754],
					"rotation": [0, 0, 10],
					"cubes": [
						{"origin": [1.33958, 19.68685, 0.72706], "size": [2.6, 7.96, 1.72], "inflate": -0.5, "uv": [132, 47]}
					]
				},
				{
					"name": "bone18",
					"parent": "LeftForeArm",
					"pivot": [2.7411, 24.82026, 0.33754],
					"rotation": [-10, 0, 0],
					"cubes": [
						{"origin": [1.7573, 19.64803, -1.79181], "size": [3.32, 8.12, 1.72], "inflate": -0.5, "uv": [118, 106]}
					]
				},
				{
					"name": "ysmGlow2",
					"parent": "bone18",
					"pivot": [0, 0, 0],
					"cubes": [
						{"origin": [2.9073, 19.99803, -1.94181], "size": [2.07, 2.02, 1.87], "inflate": -0.5, "uv": [66, 95]},
						{"origin": [3.1573, 20.99803, -1.94181], "size": [1.57, 2.02, 1.87], "inflate": -0.5, "uv": [5, 106]},
						{"origin": [2.9073, 21.99803, -1.94181], "size": [2.07, 2.02, 1.87], "inflate": -0.5, "uv": [73, 83]}
					]
				},
				{
					"name": "bone19",
					"parent": "bone18",
					"pivot": [2.7411, 24.82026, 0.33754],
					"rotation": [0, 0, 10],
					"cubes": [
						{"origin": [1.33958, 19.68685, -1.77197], "size": [2.6, 7.96, 1.72], "inflate": -0.5, "uv": [41, 132]}
					]
				},
				{
					"name": "bone20",
					"parent": "bone18",
					"pivot": [2.7411, 24.82026, 0.33754],
					"rotation": [0, 0, -10],
					"cubes": [
						{"origin": [2.87446, 19.45202, -1.77197], "size": [2.6, 7.96, 1.72], "inflate": -0.5, "uv": [23, 132]}
					]
				},
				{
					"name": "bone21",
					"parent": "LeftForeArm",
					"pivot": [2.7411, 25.62026, 0.33754],
					"rotation": [0, 0, 10],
					"cubes": [
						{"origin": [1.43523, 19.77762, -1.32246], "size": [1.72, 8.12, 3.32], "inflate": -0.5, "uv": [75, 108]}
					]
				},
				{
					"name": "bone22",
					"parent": "bone21",
					"pivot": [2.7411, 24.82026, 0.33754],
					"rotation": [10, 0, 0],
					"cubes": [
						{"origin": [1.43643, 19.69704, -0.17253], "size": [1.72, 7.96, 2.6], "inflate": -0.5, "uv": [128, 26]}
					]
				},
				{
					"name": "bone23",
					"parent": "bone21",
					"pivot": [2.7411, 24.82026, 0.33754],
					"rotation": [-10, 0, 0],
					"cubes": [
						{"origin": [1.43643, 19.69704, -1.75238], "size": [1.72, 7.96, 2.6], "inflate": -0.5, "uv": [126, 127]}
					]
				},
				{
					"name": "bone24",
					"parent": "LeftForeArm",
					"pivot": [2.7411, 24.82026, 0.33754],
					"rotation": [0, 0, -10],
					"cubes": [
						{"origin": [3.81085, 19.53062, -1.32246], "size": [1.72, 8.12, 3.32], "inflate": -0.5, "uv": [67, 108]}
					]
				},
				{
					"name": "bone25",
					"parent": "bone24",
					"pivot": [2.7411, 24.82026, 0.33754],
					"rotation": [10, 0, 0],
					"cubes": [
						{"origin": [3.79654, 19.45379, -0.21542], "size": [1.72, 7.96, 2.6], "inflate": -0.5, "uv": [120, 127]}
					]
				},
				{
					"name": "bone26",
					"parent": "bone24",
					"pivot": [2.7411, 24.82026, 0.33754],
					"rotation": [-10, 0, 0],
					"cubes": [
						{"origin": [3.79654, 19.45379, -1.70949], "size": [1.72, 7.96, 2.6], "inflate": -0.5, "uv": [96, 127]}
					]
				},
				{
					"name": "LeftHandLocator",
					"parent": "LeftForeArm",
					"pivot": [3.29995, 20.61878, 0.4]
				},
				{
					"name": "bone14",
					"parent": "LeftArm",
					"pivot": [5.23554, 34.72182, -0.24],
					"rotation": [0, 0, -47],
					"cubes": [
						{"origin": [2.19464, 34.09523, -1.31446], "size": [2.44, 2.68, 3.32], "inflate": -0.5, "uv": [23, 127]}
					]
				},
				{
					"name": "RightArm",
					"pivot": [-3.33198, 33.76382, 0.33754],
					"cubes": [
						{"origin": [-5.0773, 27.01034, -1.32246], "size": [3.32, 7.32, 3.32], "inflate": -0.5, "uv": [85, 92]}
					]
				},
				{
					"name": "RightElbow",
					"parent": "RightArm",
					"pivot": [-3.4192, 27.47034, 0.744],
					"cubes": [
						{"origin": [-5.0792, 26.21034, -0.516], "size": [3.32, 2.52, 2.52], "inflate": -0.5, "uv": [130, 22]}
					]
				},
				{
					"name": "RightForeArm",
					"parent": "RightArm",
					"pivot": [-3.3737, 27.52918, 0.4],
					"cubes": [
						{"origin": [-5.0773, 18.61034, -1.32246], "size": [3.32, 9.32, 3.32], "inflate": -0.5, "uv": [76, 83]}
					]
				},
				{
					"name": "bone2",
					"parent": "RightForeArm",
					"pivot": [-2.7411, 24.82026, 0.33754],
					"rotation": [10, 0, 0],
					"cubes": [
						{"origin": [-5.0773, 19.64803, 0.72781], "size": [3.32, 8.12, 1.72], "inflate": -0.5, "uv": [99, 118]}
					]
				},
				{
					"name": "bone3",
					"parent": "bone2",
					"pivot": [-2.7411, 24.82026, 0.33754],
					"rotation": [0, 0, 10],
					"cubes": [
						{"origin": [-5.47446, 19.45202, 0.72706], "size": [2.6, 7.96, 1.72], "inflate": -0.5, "uv": [131, 88]}
					]
				},
				{
					"name": "bone4",
					"parent": "bone2",
					"pivot": [-2.7411, 24.82026, 0.33754],
					"rotation": [0, 0, -10],
					"cubes": [
						{"origin": [-3.93958, 19.68685, 0.72706], "size": [2.6, 7.96, 1.72], "inflate": -0.5, "uv": [130, 99]}
					]
				},
				{
					"name": "bone5",
					"parent": "RightForeArm",
					"pivot": [-2.7411, 24.82026, 0.33754],
					"rotation": [-10, 0, 0],
					"cubes": [
						{"origin": [-5.0773, 19.64803, -1.79181], "size": [3.32, 8.12, 1.72], "inflate": -0.5, "uv": [25, 118]}
					]
				},
				{
					"name": "ysmGlow",
					"parent": "bone5",
					"pivot": [0, 0, 0],
					"cubes": [
						{"origin": [-4.9773, 19.99803, -1.94181], "size": [2.07, 2.02, 1.87], "inflate": -0.5, "uv": [81, 28]},
						{"origin": [-4.7273, 20.99803, -1.94181], "size": [1.57, 2.02, 1.87], "inflate": -0.5, "uv": [42, 104]},
						{"origin": [-4.9773, 21.99803, -1.94181], "size": [2.07, 2.02, 1.87], "inflate": -0.5, "uv": [78, 43]}
					]
				},
				{
					"name": "bone6",
					"parent": "bone5",
					"pivot": [-2.7411, 24.82026, 0.33754],
					"rotation": [0, 0, -10],
					"cubes": [
						{"origin": [-3.93958, 19.68685, -1.77197], "size": [2.6, 7.96, 1.72], "inflate": -0.5, "uv": [90, 130]}
					]
				},
				{
					"name": "bone7",
					"parent": "bone5",
					"pivot": [-2.7411, 24.82026, 0.33754],
					"rotation": [0, 0, 10],
					"cubes": [
						{"origin": [-5.47446, 19.45202, -1.77197], "size": [2.6, 7.96, 1.72], "inflate": -0.5, "uv": [84, 130]}
					]
				},
				{
					"name": "bone8",
					"parent": "RightForeArm",
					"pivot": [-2.7411, 25.62026, 0.33754],
					"rotation": [0, 0, -10],
					"cubes": [
						{"origin": [-3.15523, 19.77762, -1.32246], "size": [1.72, 8.12, 3.32], "inflate": -0.5, "uv": [0, 106]}
					]
				},
				{
					"name": "bone9",
					"parent": "bone8",
					"pivot": [-2.7411, 24.82026, 0.33754],
					"rotation": [10, 0, 0],
					"cubes": [
						{"origin": [-3.15643, 19.69704, -0.17253], "size": [1.72, 7.96, 2.6], "inflate": -0.5, "uv": [126, 106]}
					]
				},
				{
					"name": "bone10",
					"parent": "bone8",
					"pivot": [-2.7411, 24.82026, 0.33754],
					"rotation": [-10, 0, 0],
					"cubes": [
						{"origin": [-3.15643, 19.69704, -1.75238], "size": [1.72, 7.96, 2.6], "inflate": -0.5, "uv": [105, 126]}
					]
				},
				{
					"name": "bone11",
					"parent": "RightForeArm",
					"pivot": [-2.7411, 24.82026, 0.33754],
					"rotation": [0, 0, 10],
					"cubes": [
						{"origin": [-5.53085, 19.53062, -1.32246], "size": [1.72, 8.12, 3.32], "inflate": -0.5, "uv": [88, 105]}
					]
				},
				{
					"name": "bone12",
					"parent": "bone11",
					"pivot": [-2.7411, 24.82026, 0.33754],
					"rotation": [10, 0, 0],
					"cubes": [
						{"origin": [-5.51654, 19.45379, -0.21542], "size": [1.72, 7.96, 2.6], "inflate": -0.5, "uv": [78, 126]}
					]
				},
				{
					"name": "bone13",
					"parent": "bone11",
					"pivot": [-2.7411, 24.82026, 0.33754],
					"rotation": [-10, 0, 0],
					"cubes": [
						{"origin": [-5.51654, 19.45379, -1.70949], "size": [1.72, 7.96, 2.6], "inflate": -0.5, "uv": [70, 126]}
					]
				},
				{
					"name": "RightHandLocator",
					"parent": "RightForeArm",
					"pivot": [-3.29995, 20.61878, 0.4]
				},
				{
					"name": "bone30",
					"parent": "RightArm",
					"pivot": [-5.23554, 34.72182, -0.24],
					"rotation": [0, 0, 47],
					"cubes": [
						{"origin": [-4.63464, 34.09523, -1.31446], "size": [2.44, 2.68, 3.32], "inflate": -0.5, "uv": [86, 125]}
					]
				}
			]
		}
	]
}