{
	"format_version": "1.12.0",
	"minecraft:geometry": [
		{
			"description": {
				"identifier": "geometry.unknown",
				"texture_width": 256,
				"texture_height": 256,
				"visible_bounds_width": 5,
				"visible_bounds_height": 6,
				"visible_bounds_offset": [0, 2, 0],
				"ysm_extra_info": {
					"name": "§c高塔幽灵(Carminite Gastguard)",
					"tips": "暮色森林",
					"authors": ["§e雾雨波波沙"],
					"license": "CC BY-NC-SA 4.0",
					"extra_animation_names": ["§c试验物品115", "比划", "鼓掌", "是", "否", "拳皇", "拳皇2", "接着舞"]
				}
			},
			"bones": [
				{
					"name": "Root",
					"pivot": [0, 0, 0]
				},
				{
					"name": "AllBody",
					"parent": "Root",
					"pivot": [0, 21.4, 0]
				},
				{
					"name": "UpBody",
					"parent": "AllBody",
					"pivot": [0, 27.8, -0.56]
				},
				{
					"name": "AllHead",
					"parent": "UpBody",
					"pivot": [0, 35, 0.24]
				},
				{
					"name": "Head",
					"parent": "AllHead",
					"pivot": [0, 35.87, 0.16],
					"cubes": [
						{"origin": [-3.7, 35.94, -3.22], "size": [7.4, 7.8, 7.4], "inflate": -0.5, "uv": [42, 32]}
					]
				},
				{
					"name": "Face",
					"parent": "Head",
					"pivot": [0, 36.12, -3.04]
				},
				{
					"name": "Eyes",
					"parent": "Face",
					"pivot": [0.16, 40.2, -2.64]
				},
				{
					"name": "Eyebrow",
					"parent": "Eyes",
					"pivot": [0.16, 40.2, -2.64]
				},
				{
					"name": "LeftEyebrow",
					"parent": "Eyebrow",
					"pivot": [0.08, 40.2, -2.64]
				},
				{
					"name": "bone161",
					"parent": "LeftEyebrow",
					"pivot": [-0.08, 40.28, -2.64],
					"rotation": [0, 0, -9],
					"cubes": [
						{"origin": [-0.20134, 37.51112, -4.332], "size": [4.36, 3.32, 3.16], "inflate": -1.5, "uv": [77, 102]}
					]
				},
				{
					"name": "bone162",
					"parent": "bone161",
					"pivot": [2.56, 40.76, -2.64],
					"rotation": [0, 0, -62.5],
					"cubes": [
						{"origin": [-0.63042, 38.07974, -4.332], "size": [3.24, 3.56, 3.16], "inflate": -1.5, "uv": [114, 63]},
						{"origin": [0.36958, 38.83974, -3.332], "size": [1.08, 1.24, 1.16], "inflate": -0.5, "uv": [82, 126]}
					]
				},
				{
					"name": "bone163",
					"parent": "LeftEyebrow",
					"pivot": [1.52, 41.08, -2.64],
					"rotation": [0, 0, 47],
					"cubes": [
						{"origin": [1.14517, 37.88845, -4.3], "size": [3.16, 3.56, 3.16], "inflate": -1.5, "uv": [42, 113]}
					]
				},
				{
					"name": "bone164",
					"parent": "LeftEyebrow",
					"pivot": [2.96, 40.76, -2.64],
					"rotation": [0, 0, 12],
					"cubes": [
						{"origin": [2.7921, 38.24157, -3.332], "size": [1.08, 1.48, 1.16], "inflate": -0.5, "uv": [93, 125]}
					]
				},
				{
					"name": "RightEyebrow",
					"parent": "Eyebrow",
					"pivot": [-0.08, 40.2, -2.64]
				},
				{
					"name": "bone165",
					"parent": "RightEyebrow",
					"pivot": [0.08, 40.28, -2.64],
					"rotation": [0, 0, 9],
					"cubes": [
						{"origin": [-4.23866, 37.51112, -4.332], "size": [4.44, 3.32, 3.08], "inflate": -1.5, "uv": [100, 82]}
					]
				},
				{
					"name": "bone166",
					"parent": "bone165",
					"pivot": [-2.56, 40.76, -2.64],
					"rotation": [0, 0, 62.5],
					"cubes": [
						{"origin": [-2.60958, 38.07974, -4.332], "size": [3.24, 3.56, 3.16], "inflate": -1.5, "uv": [96, 112]},
						{"origin": [-1.44958, 38.83974, -3.332], "size": [1.08, 1.24, 1.16], "inflate": -0.5, "uv": [89, 116]}
					]
				},
				{
					"name": "bone167",
					"parent": "RightEyebrow",
					"pivot": [-1.52, 41, -2.64],
					"rotation": [0, 0, -47],
					"cubes": [
						{"origin": [-4.24666, 37.86301, -4.3], "size": [3.16, 3.56, 3.16], "inflate": -1.5, "uv": [20, 112]}
					]
				},
				{
					"name": "bone168",
					"parent": "RightEyebrow",
					"pivot": [-2.96, 40.76, -2.64],
					"rotation": [0, 0, -12],
					"cubes": [
						{"origin": [-3.8721, 38.24157, -3.332], "size": [1.08, 1.48, 1.16], "inflate": -0.5, "uv": [15, 116]}
					]
				},
				{
					"name": "LeftEyelid",
					"parent": "Eyes",
					"pivot": [0.08, 37.8, -2.64],
					"cubes": [
						{"origin": [-0.22, 36.86, -4.268], "size": [4.648, 4.04, 3.16], "inflate": -1.5, "uv": [100, 62]}
					]
				},
				{
					"name": "LeftEyesBase",
					"parent": "LeftEyelid",
					"pivot": [2.32, 37.8, -2.8],
					"cubes": [
						{"origin": [-1.9, 34.86, -6.3], "size": [7.96, 8.04, 7.16], "inflate": -3.5, "uv": [49, 47]}
					]
				},
				{
					"name": "RightEyelid",
					"parent": "Eyes",
					"pivot": [-0.08, 37.8, -2.64],
					"cubes": [
						{"origin": [-4.428, 36.86, -4.268], "size": [4.648, 4.04, 3.16], "inflate": -1.5, "uv": [97, 43]}
					]
				},
				{
					"name": "RightEyesBase",
					"parent": "RightEyelid",
					"pivot": [-2, 37.8, -2.8],
					"cubes": [
						{"origin": [-6.06, 34.86, -6.3], "size": [7.96, 8.04, 7.16], "inflate": -3.5, "uv": [49, 47]}
					]
				},
				{
					"name": "brow4",
					"parent": "Eyes",
					"pivot": [0.24, 39.32, -2.64],
					"rotation": [0, 0, -8],
					"cubes": [
						{"origin": [-0.04723, 38.7699, -4.3], "size": [3.88, 3.16, 3.16], "inflate": -1.5, "uv": [112, 16]}
					]
				},
				{
					"name": "brow5",
					"parent": "Eyes",
					"pivot": [-0.24, 39.72, -2.64],
					"rotation": [0, 0, 8],
					"cubes": [
						{"origin": [-3.83277, 38.7699, -4.3], "size": [3.88, 3.16, 3.16], "inflate": -1.5, "uv": [112, 10]}
					]
				},
				{
					"name": "Hair",
					"parent": "Head",
					"pivot": [0, 41.12, 0.16],
					"cubes": [
						{"origin": [-2.97115, 43.68755, -2.54], "size": [5.928, 1.8, 5.92], "inflate": -0.5, "uv": [70, 47]}
					]
				},
				{
					"name": "bone55",
					"parent": "Hair",
					"pivot": [0, 37, 0.24]
				},
				{
					"name": "bone57",
					"parent": "bone55",
					"pivot": [0, 41.16, 0.24],
					"rotation": [-10, 0, 0],
					"cubes": [
						{"origin": [-1.86162, 39.04581, -4.61022], "size": [3.68, 3.96, 1.4], "inflate": -0.5, "uv": [132, 36]},
						{"origin": [-2.98162, 42.00581, -4.61022], "size": [5.84, 1.8, 1.4], "inflate": -0.5, "uv": [0, 44]}
					]
				},
				{
					"name": "bone59",
					"parent": "bone57",
					"pivot": [0, 41.16, 0.24],
					"rotation": [-50, 0, 0],
					"cubes": [
						{"origin": [-2.98, 38.73226, -4.73035], "size": [5.92, 2.84, 1.8], "inflate": -0.5, "uv": [130, 0]}
					]
				},
				{
					"name": "bone60",
					"parent": "bone57",
					"pivot": [0, 41.16, 0.24],
					"rotation": [21, 0, 0],
					"cubes": [
						{"origin": [-1.38162, 39.512, -4.89974], "size": [2.72, 2.2, 1.32], "inflate": -0.5, "uv": [88, 102]},
						{"origin": [-1.86162, 39.672, -4.89974], "size": [1.36, 2.04, 1.32], "inflate": -0.5, "uv": [51, 113]}
					]
				},
				{
					"name": "bone85",
					"parent": "bone60",
					"pivot": [-0.24, 41.16, 0.24],
					"rotation": [0, 0, 16],
					"cubes": [
						{"origin": [0.30082, 40.02627, -4.89696], "size": [1.44, 2.12, 1.32], "inflate": -0.5, "uv": [113, 0]}
					]
				},
				{
					"name": "bone86",
					"parent": "bone57",
					"pivot": [0, 41.16, 0.24],
					"rotation": [0, 0, -10],
					"cubes": [
						{"origin": [1.40242, 39.18846, -4.6136], "size": [1.88, 4.2, 1.56], "inflate": -0.5, "uv": [131, 135]}
					]
				},
				{
					"name": "bone87",
					"parent": "bone86",
					"pivot": [1.6, 41.16, -4.56],
					"rotation": [0, 0, -20],
					"cubes": [
						{"origin": [0.99603, 39.31434, -4.524], "size": [1.88, 3.48, 1.4], "inflate": -0.5, "uv": [104, 88]}
					]
				},
				{
					"name": "bone89",
					"parent": "bone86",
					"pivot": [2.33758, 38.06109, -3.86778],
					"rotation": [26.23484, 4.20135, -15.8047],
					"cubes": [
						{"origin": [1.87979, 35.97803, -3.83848], "size": [1.88, 4.2, 1.56], "inflate": -0.5, "uv": [106, 135]}
					]
				},
				{
					"name": "bone90",
					"parent": "bone89",
					"pivot": [2.33758, 38.06109, -3.86778],
					"rotation": [0, -42, 0],
					"cubes": [
						{"origin": [2.87709, 35.57803, -4.5915], "size": [1.88, 4.6, 1.56], "inflate": -0.5, "uv": [104, 22]}
					]
				},
				{
					"name": "bone91",
					"parent": "bone90",
					"pivot": [2.33758, 35.58109, -3.86778],
					"rotation": [23.06306, 6.82968, -15.60499],
					"cubes": [
						{"origin": [2.99101, 33.45832, -4.37003], "size": [1.8, 2.84, 1.56], "inflate": -0.5, "uv": [109, 0]}
					]
				},
				{
					"name": "bone93",
					"parent": "bone57",
					"pivot": [0, 41.16, 0.24],
					"rotation": [0, 0, 10],
					"cubes": [
						{"origin": [-3.32181, 38.7015, -4.604], "size": [1.88, 4.68, 1.8], "inflate": -0.5, "uv": [0, 88]}
					]
				},
				{
					"name": "bone94",
					"parent": "bone93",
					"pivot": [-1.6, 41.16, -4.56],
					"rotation": [0, 0, 20],
					"cubes": [
						{"origin": [-2.87603, 39.31434, -4.524], "size": [1.88, 3.48, 1.4], "inflate": -0.5, "uv": [104, 69]}
					]
				},
				{
					"name": "bone95",
					"parent": "bone93",
					"pivot": [-2.17859, 39.71339, -4.28005],
					"rotation": [27.99845, -8.63822, 17.43654],
					"cubes": [
						{"origin": [-3.15717, 35.74987, -4.87261], "size": [1.88, 4.04, 1.8], "inflate": -0.5, "uv": [70, 47]}
					]
				},
				{
					"name": "bone96",
					"parent": "bone95",
					"pivot": [-2.09859, 36.51339, -4.28005],
					"rotation": [0, 46, 0],
					"cubes": [
						{"origin": [-3.80002, 35.74987, -5.24616], "size": [1.88, 3.64, 1.8], "inflate": -0.5, "uv": [104, 36]}
					]
				},
				{
					"name": "bone97",
					"parent": "bone96",
					"pivot": [-2.09859, 36.51339, -4.28005],
					"rotation": [12, 0, -19],
					"cubes": [
						{"origin": [-3.82037, 34.40918, -5.20645], "size": [1.8, 2.84, 1.4], "inflate": -0.5, "uv": [72, 108]}
					]
				},
				{
					"name": "bone98",
					"parent": "bone93",
					"pivot": [0, 41.16, 0.24],
					"rotation": [0, 45, 0],
					"cubes": [
						{"origin": [-1.65925, 38.2215, -5.33138], "size": [2.36, 5.16, 1.48], "inflate": -0.5, "uv": [8, 134]},
						{"origin": [-0.29925, 38.7015, -5.33138], "size": [1.88, 4.68, 1.48], "inflate": -0.5, "uv": [64, 62]}
					]
				},
				{
					"name": "bone99",
					"parent": "bone55",
					"pivot": [0, 38.6, 0.24],
					"rotation": [10, 0, 0]
				},
				{
					"name": "bone102",
					"parent": "bone99",
					"pivot": [0, 38.6, 0.24],
					"rotation": [0, 0, 10]
				},
				{
					"name": "bone103",
					"parent": "bone99",
					"pivot": [0, 38.6, 0.24],
					"rotation": [0, 0, -10]
				},
				{
					"name": "bone104",
					"parent": "bone103",
					"pivot": [0, 38.6, 0.24],
					"rotation": [0, 45, 0],
					"cubes": [
						{"origin": [-1.65989, 38.30736, -5.24875], "size": [2.36, 3.56, 1.56], "inflate": -0.5, "uv": [79, 78]}
					]
				},
				{
					"name": "bone105",
					"parent": "bone104",
					"pivot": [0, 37, -6.16],
					"rotation": [-9, 0, 0],
					"cubes": [
						{"origin": [-1.25989, 36.11347, -5.55574], "size": [1.96, 3.48, 1.56], "inflate": -0.5, "uv": [36, 100]}
					]
				},
				{
					"name": "bone106",
					"parent": "bone105",
					"pivot": [-0.4, 37.48, -4.8],
					"rotation": [16, 0, 0],
					"cubes": [
						{"origin": [-1.25989, 34.85755, -5.78469], "size": [1.96, 2.36, 1.56], "inflate": -0.5, "uv": [108, 10]}
					]
				},
				{
					"name": "bone107",
					"parent": "Hair",
					"pivot": [0, 37, 0.24],
					"rotation": [0, 90, 0]
				},
				{
					"name": "bone108",
					"parent": "bone107",
					"pivot": [0, 41.16, 0.24],
					"rotation": [-10, 0, 0],
					"cubes": [
						{"origin": [-3.14, 35.53757, -4.76779], "size": [5.92, 8.28, 1.8], "inflate": -0.5, "uv": [100, 13]},
						{"origin": [-3.86, 38.73757, -4.76779], "size": [1.8, 1.24, 1.8], "inflate": -0.5, "uv": [111, 63]},
						{"origin": [1.78, 38.73757, -4.76779], "size": [1.72, 1.24, 1.8], "inflate": -0.5, "uv": [57, 106]}
					]
				},
				{
					"name": "bone109",
					"parent": "bone108",
					"pivot": [0, 41.16, 0.24],
					"rotation": [-50, 0, 0],
					"cubes": [
						{"origin": [-3.14, 38.5937, -4.81035], "size": [5.92, 2.84, 1.8], "inflate": -0.5, "uv": [127, 85]}
					]
				},
				{
					"name": "bone110",
					"parent": "bone108",
					"pivot": [0, 41.16, 0.24],
					"rotation": [0, 0, -10],
					"cubes": [
						{"origin": [1.16002, 38.38888, -4.724], "size": [1.96, 5, 1.8], "inflate": -0.5, "uv": [79, 135]}
					]
				},
				{
					"name": "bone111",
					"parent": "bone108",
					"pivot": [0, 41.16, 0.24],
					"rotation": [0, 0, 10],
					"cubes": [
						{"origin": [-3.47454, 38.32637, -4.756], "size": [1.96, 5, 1.8], "inflate": -0.5, "uv": [71, 135]}
					]
				},
				{
					"name": "bone113",
					"parent": "bone111",
					"pivot": [0, 41.16, 0.24],
					"rotation": [0, 45, 0],
					"cubes": [
						{"origin": [-1.65584, 36.56637, -5.55082], "size": [3.24, 6.76, 1.4], "inflate": -0.5, "uv": [130, 69]}
					]
				},
				{
					"name": "RightHeadFrag",
					"parent": "bone108",
					"pivot": [0, 43, -4.25],
					"rotation": [-12.5, 0, 0],
					"cubes": [
						{"origin": [-2.1, 38.56187, -4.98995], "size": [3.92, 5.03, 1.8], "inflate": -0.5, "uv": [134, 7]}
					]
				},
				{
					"name": "RightHeadFrag2",
					"parent": "RightHeadFrag",
					"pivot": [0, 39.05, -4.25],
					"rotation": [5, 0, 0],
					"cubes": [
						{"origin": [-2.1, 34.61187, -4.98995], "size": [3.92, 5.03, 1.8], "inflate": -0.5, "uv": [0, 134]}
					]
				},
				{
					"name": "RightHeadFrag3",
					"parent": "RightHeadFrag2",
					"pivot": [0, 35.05, -4.25],
					"rotation": [5, 0, 0],
					"cubes": [
						{"origin": [-2.1, 30.61187, -4.98995], "size": [3.92, 5.03, 1.8], "inflate": -0.5, "uv": [111, 133]}
					]
				},
				{
					"name": "bone130",
					"parent": "bone107",
					"pivot": [0, 38.6, 0.24],
					"rotation": [10, 0, 0],
					"cubes": [
						{"origin": [-3.14, 34.67637, -4.7089], "size": [5.92, 6.68, 1.8], "inflate": -0.5, "uv": [109, 88]},
						{"origin": [-3.86, 40.11637, -4.7089], "size": [1.8, 1.24, 1.8], "inflate": -0.5, "uv": [46, 104]},
						{"origin": [-0.22, 38.11637, -6.7089], "size": [5.72, 5.24, 5.8], "inflate": -2.5, "uv": [76, 0]}
					]
				},
				{
					"name": "bone131",
					"parent": "bone130",
					"pivot": [0, 38.6, 0.24],
					"rotation": [0, 0, 10],
					"cubes": [
						{"origin": [1.10203, 36.14, -4.756], "size": [1.96, 5.56, 1.8], "inflate": -0.5, "uv": [61, 135]}
					]
				},
				{
					"name": "bone132",
					"parent": "bone130",
					"pivot": [0, 38.6, 0.24],
					"rotation": [0, 0, -10],
					"cubes": [
						{"origin": [-3.41656, 36.76251, -4.708], "size": [1.96, 5, 1.8], "inflate": -0.5, "uv": [35, 135]}
					]
				},
				{
					"name": "bone133",
					"parent": "bone132",
					"pivot": [0, 38.6, 0.24],
					"rotation": [0, 45, 0],
					"cubes": [
						{"origin": [-1.65648, 35.16251, -5.46818], "size": [3.24, 6.76, 1.56], "inflate": -0.5, "uv": [49, 130]}
					]
				},
				{
					"name": "bone134",
					"parent": "Hair",
					"pivot": [0, 37, 0.24],
					"rotation": [0, 180, 0]
				},
				{
					"name": "bone135",
					"parent": "bone134",
					"pivot": [0, 41.16, 0.24],
					"rotation": [-10, 0, 0],
					"cubes": [
						{"origin": [-2.98, 35.50979, -4.92536], "size": [5.92, 8.28, 1.8], "inflate": -0.5, "uv": [98, 73]},
						{"origin": [-3.7, 38.70979, -4.92536], "size": [1.8, 1.24, 1.8], "inflate": -0.5, "uv": [22, 103]},
						{"origin": [1.94, 38.70979, -4.92536], "size": [1.72, 1.24, 1.8], "inflate": -0.5, "uv": [100, 88]}
					]
				},
				{
					"name": "bone136",
					"parent": "bone135",
					"pivot": [0, 41.16, 0.24],
					"rotation": [-50, 0, 0],
					"cubes": [
						{"origin": [-2.98, 38.45514, -4.89035], "size": [5.92, 2.84, 1.8], "inflate": -0.5, "uv": [126, 66]}
					]
				},
				{
					"name": "bone137",
					"parent": "bone135",
					"pivot": [0, 41.16, 0.24],
					"rotation": [0, 0, -10],
					"cubes": [
						{"origin": [1.31277, 38.33373, -4.916], "size": [1.96, 5, 1.8], "inflate": -0.5, "uv": [102, 134]}
					]
				},
				{
					"name": "bone138",
					"parent": "bone135",
					"pivot": [0, 41.16, 0.24],
					"rotation": [0, 0, 10],
					"cubes": [
						{"origin": [-3.31216, 38.32678, -4.916], "size": [1.96, 5, 1.8], "inflate": -0.5, "uv": [75, 134]}
					]
				},
				{
					"name": "bone139",
					"parent": "bone138",
					"pivot": [0, 41.16, 0.24],
					"rotation": [0, 45, 0],
					"cubes": [
						{"origin": [-1.42958, 36.56678, -5.54739], "size": [3.24, 6.76, 1.4], "inflate": -0.5, "uv": [60, 128]}
					]
				},
				{
					"name": "bone140",
					"parent": "bone134",
					"pivot": [0, 38.6, 0.24],
					"rotation": [10, 0, 0],
					"cubes": [
						{"origin": [-2.98, 34.70416, -4.86646], "size": [5.92, 6.68, 1.8], "inflate": -0.5, "uv": [106, 108]},
						{"origin": [-3.7, 40.14416, -4.86646], "size": [1.8, 1.24, 1.8], "inflate": -0.5, "uv": [100, 4]},
						{"origin": [1.94, 40.14416, -4.86646], "size": [1.72, 1.24, 1.8], "inflate": -0.5, "uv": [60, 96]}
					]
				},
				{
					"name": "bone141",
					"parent": "bone140",
					"pivot": [0, 38.6, 0.24],
					"rotation": [0, 0, 10],
					"cubes": [
						{"origin": [1.25478, 36.75514, -4.852], "size": [1.96, 5, 1.8], "inflate": -0.5, "uv": [67, 134]}
					]
				},
				{
					"name": "bone147",
					"parent": "bone140",
					"pivot": [0, 38.6, 0.24],
					"rotation": [0, 0, -10],
					"cubes": [
						{"origin": [-3.25418, 36.76208, -4.852], "size": [1.96, 5, 1.8], "inflate": -0.5, "uv": [57, 134]}
					]
				},
				{
					"name": "bone148",
					"parent": "bone147",
					"pivot": [0, 38.6, 0.24],
					"rotation": [0, 45, 0],
					"cubes": [
						{"origin": [-1.43024, 35.16208, -5.46475], "size": [3.24, 6.76, 1.56], "inflate": -0.5, "uv": [33, 128]}
					]
				},
				{
					"name": "bone149",
					"parent": "Hair",
					"pivot": [0, 38.6, 0.24],
					"rotation": [0, -90, 0]
				},
				{
					"name": "bone150",
					"parent": "bone149",
					"pivot": [0, 42.76, 0.24],
					"rotation": [-10, 0, 0],
					"cubes": [
						{"origin": [-2.82, 35.56187, -4.48995], "size": [5.92, 8.28, 1.8], "inflate": -0.5, "uv": [97, 92]},
						{"origin": [-3.54, 38.76187, -4.48995], "size": [1.8, 1.24, 1.8], "inflate": -0.5, "uv": [96, 4]},
						{"origin": [2.1, 38.76187, -4.48995], "size": [1.72, 1.24, 1.8], "inflate": -0.5, "uv": [94, 73]}
					]
				},
				{
					"name": "LeftHeadFrag",
					"parent": "bone150",
					"pivot": [0, 43, -4],
					"rotation": [-12.5, 0, 0],
					"cubes": [
						{"origin": [-1.82, 38.56187, -4.73995], "size": [3.92, 5.03, 1.8], "inflate": -0.5, "uv": [132, 129]}
					]
				},
				{
					"name": "LeftHeadFrag2",
					"parent": "LeftHeadFrag",
					"pivot": [0, 39.05, -4],
					"rotation": [5, 0, 0],
					"cubes": [
						{"origin": [-1.82, 34.61187, -4.73995], "size": [3.92, 5.03, 1.8], "inflate": -0.5, "uv": [132, 115]}
					]
				},
				{
					"name": "LeftHeadFrag3",
					"parent": "LeftHeadFrag2",
					"pivot": [0, 35.05, -4],
					"rotation": [5, 0, 0],
					"cubes": [
						{"origin": [-1.82, 30.61187, -4.73995], "size": [3.92, 5.03, 1.8], "inflate": -0.5, "uv": [132, 55]}
					]
				},
				{
					"name": "bone151",
					"parent": "bone150",
					"pivot": [0, 42.76, 0.24],
					"rotation": [-50, 0, 0],
					"cubes": [
						{"origin": [-2.82, 39.3937, -3.4247], "size": [5.92, 2.84, 1.8], "inflate": -0.5, "uv": [126, 44]}
					]
				},
				{
					"name": "bone152",
					"parent": "bone150",
					"pivot": [0, 42.76, 0.24],
					"rotation": [0, 0, -10],
					"cubes": [
						{"origin": [1.20154, 38.38155, -4.47816], "size": [1.96, 5, 1.8], "inflate": -0.5, "uv": [0, 126]}
					]
				},
				{
					"name": "bone153",
					"parent": "bone150",
					"pivot": [0, 42.76, 0.24],
					"rotation": [0, 0, 10],
					"cubes": [
						{"origin": [-2.88579, 38.43018, -4.47816], "size": [1.96, 5, 1.8], "inflate": -0.5, "uv": [83, 108]}
					]
				},
				{
					"name": "bone154",
					"parent": "bone153",
					"pivot": [0, 42.76, 0.24],
					"rotation": [0, 45, 0],
					"cubes": [
						{"origin": [-0.63598, 38.27018, -4.93803], "size": [2.44, 5.16, 1.4], "inflate": -0.5, "uv": [64, 75]},
						{"origin": [-1.43598, 39.23018, -4.93803], "size": [1.8, 4.2, 1.48], "inflate": -0.5, "uv": [64, 15]},
						{"origin": [0.15771, 35.07134, -4.11411], "size": [1.64, 2.68, 1.4], "inflate": -0.5, "uv": [107, 59]}
					]
				},
				{
					"name": "bone155",
					"parent": "bone149",
					"pivot": [0, 40.2, 0.24],
					"rotation": [10, 0, 0],
					"cubes": [
						{"origin": [-2.82, 34.70067, -4.98674], "size": [5.92, 6.68, 1.8], "inflate": -0.5, "uv": [108, 38]},
						{"origin": [-3.54, 40.14067, -4.98674], "size": [1.8, 1.24, 1.8], "inflate": -0.5, "uv": [94, 13]},
						{"origin": [2.1, 40.14067, -4.98674], "size": [1.72, 1.24, 1.8], "inflate": -0.5, "uv": [91, 55]}
					]
				},
				{
					"name": "bone156",
					"parent": "bone155",
					"pivot": [0, 40.2, 0.24],
					"rotation": [0, 0, 10],
					"cubes": [
						{"origin": [1.69078, 36.80381, -4.98584], "size": [1.96, 5, 1.8], "inflate": -0.5, "uv": [104, 4]}
					]
				},
				{
					"name": "bone157",
					"parent": "bone155",
					"pivot": [0, 40.2, 0.24],
					"rotation": [0, 0, -10],
					"cubes": [
						{"origin": [-3.37504, 36.75518, -5.00184], "size": [1.96, 5, 1.8], "inflate": -0.5, "uv": [36, 94]}
					]
				},
				{
					"name": "bone158",
					"parent": "bone157",
					"pivot": [0, 40.2, 0.24],
					"rotation": [0, 45, 0],
					"cubes": [
						{"origin": [-0.23066, 39.15518, -5.63526], "size": [2.04, 2.76, 1.56], "inflate": -0.5, "uv": [101, 59]}
					]
				},
				{
					"name": "bone159",
					"parent": "bone158",
					"pivot": [0.4, 39.08, -4.8],
					"rotation": [-14.99956, 16.26108, -4.60243],
					"cubes": [
						{"origin": [-0.55066, 36.03518, -5.6352], "size": [2.04, 4.76, 1.56], "inflate": -0.5, "uv": [29, 135]}
					]
				},
				{
					"name": "bone160",
					"parent": "bone159",
					"pivot": [0.4, 39.08, -4.8],
					"rotation": [24, 0, 0],
					"cubes": [
						{"origin": [-0.55066, 35.43155, -6.64136], "size": [2.04, 1.96, 1.56], "inflate": -0.5, "uv": [85, 65]}
					]
				},
				{
					"name": "corner2",
					"parent": "Hair",
					"pivot": [0, 38.52, 0.16],
					"rotation": [0, -45, 0],
					"cubes": [
						{"origin": [-1.45107, 42.76338, 3.2237], "size": [3.24, 1.8, 2.2], "inflate": -0.5, "uv": [79, 75]},
						{"origin": [-1.44952, 42.76338, -4.76429], "size": [3.24, 1.8, 2.2], "inflate": -0.5, "uv": [78, 40]},
						{"origin": [3.0637, 42.76338, -1.28952], "size": [2.2, 1.8, 3.24], "inflate": -0.5, "uv": [131, 32]},
						{"origin": [-4.92429, 42.76338, -1.29107], "size": [2.2, 1.8, 3.24], "inflate": -0.5, "uv": [131, 3]}
					]
				},
				{
					"name": "bone169",
					"parent": "Head",
					"pivot": [0, 37.64, 0],
					"rotation": [0, 0, -12],
					"cubes": [
						{"origin": [-0.85133, 35.28712, -3.22], "size": [4.2, 1.72, 7.4], "inflate": -0.5, "uv": [64, 75]}
					]
				},
				{
					"name": "bone170",
					"parent": "Head",
					"pivot": [0, 37.64, 0],
					"rotation": [0, 0, 12],
					"cubes": [
						{"origin": [-3.34731, 35.30442, -3.22], "size": [4.28, 1.72, 7.4], "inflate": -0.5, "uv": [63, 39]}
					]
				},
				{
					"name": "CarminiteGast",
					"parent": "Head",
					"pivot": [0, 37, 0],
					"cubes": [
						{"origin": [-8, 33, -8], "size": [16, 16, 16], "inflate": 14, "uv": [142, 0]}
					]
				},
				{
					"name": "CarminiteGast9",
					"parent": "CarminiteGast",
					"pivot": [14, 19, 0],
					"cubes": [
						{"origin": [13, -15, -1], "size": [2, 32, 2], "inflate": 3, "pivot": [14, 19, 0], "rotation": [10, 0, 0], "uv": [56, 62]}
					]
				},
				{
					"name": "CarminiteGast8",
					"parent": "CarminiteGast",
					"pivot": [-14, 19, 0],
					"cubes": [
						{"origin": [-15, -15, -1], "size": [2, 32, 2], "inflate": 3, "pivot": [-14, 19, 0], "rotation": [10, 0, 0], "uv": [48, 62]}
					]
				},
				{
					"name": "CarminiteGast7",
					"parent": "CarminiteGast",
					"pivot": [0, 19, -13],
					"cubes": [
						{"origin": [-1, -15, -14], "size": [2, 32, 2], "inflate": 3, "pivot": [0, 19, -13], "rotation": [10, 0, 0], "uv": [40, 54]}
					]
				},
				{
					"name": "CarminiteGast6",
					"parent": "CarminiteGast",
					"pivot": [0, 19, 13],
					"cubes": [
						{"origin": [-1, -15, 12], "size": [2, 32, 2], "inflate": 3, "pivot": [-13, 19, 13], "rotation": [10, 0, 0], "uv": [32, 54]}
					]
				},
				{
					"name": "CarminiteGast5",
					"parent": "CarminiteGast",
					"pivot": [-14, 19, 13],
					"cubes": [
						{"origin": [-15, -15, 12], "size": [2, 32, 2], "inflate": 3, "pivot": [-14, 19, 13], "rotation": [10, 0, 0], "uv": [24, 54]}
					]
				},
				{
					"name": "CarminiteGast4",
					"parent": "CarminiteGast",
					"pivot": [14, 19, 13],
					"cubes": [
						{"origin": [13, -15, 12], "size": [2, 32, 2], "inflate": 3, "pivot": [14, 19, 13], "rotation": [10, 0, 0], "uv": [16, 54]}
					]
				},
				{
					"name": "CarminiteGast3",
					"parent": "CarminiteGast",
					"pivot": [15, 19, -13],
					"cubes": [
						{"origin": [13, -15, -14], "size": [2, 32, 2], "inflate": 3, "pivot": [14, 19, -13], "rotation": [10, 0, 0], "uv": [8, 54]}
					]
				},
				{
					"name": "CarminiteGast2",
					"parent": "CarminiteGast",
					"pivot": [-14, 19, -13],
					"cubes": [
						{"origin": [-15, -15, -14], "size": [2, 32, 2], "inflate": 3, "pivot": [-14, 19, -13], "rotation": [10, 0, 0], "uv": [0, 54]}
					]
				},
				{
					"name": "Neck",
					"parent": "AllHead",
					"pivot": [0, 34.85, 0.16],
					"cubes": [
						{"origin": [-1.46, 34.1, -1.3], "size": [2.92, 3, 2.92], "inflate": -0.5, "uv": [131, 76]}
					]
				},
				{
					"name": "Arm",
					"parent": "UpBody",
					"pivot": [0, 34.2, -0.24]
				},
				{
					"name": "LeftArm",
					"parent": "Arm",
					"pivot": [3.33198, 33.76382, 0.33754],
					"rotation": [0, 0, -20],
					"cubes": [
						{"origin": [1.7573, 27.01034, -1.32246], "size": [3.32, 7.32, 3.32], "inflate": -0.5, "uv": [14, 93]}
					]
				},
				{
					"name": "LeftElbow",
					"parent": "LeftArm",
					"pivot": [3.4192, 27.47034, 0.744],
					"cubes": [
						{"origin": [1.7592, 26.21034, -0.516], "size": [3.32, 2.52, 2.52], "inflate": -0.5, "uv": [130, 125]}
					]
				},
				{
					"name": "LeftForeArm",
					"parent": "LeftArm",
					"pivot": [3.3737, 27.52918, 0.4],
					"cubes": [
						{"origin": [1.7573, 18.61034, -1.32246], "size": [3.32, 9.32, 3.32], "inflate": -0.5, "uv": [84, 28]}
					]
				},
				{
					"name": "ysmGlow5",
					"parent": "LeftForeArm",
					"pivot": [3.35635, 21.05635, 0.28852],
					"rotation": [-90, 0, 0],
					"cubes": [
						{"origin": [-0.89365, 16.80635, -2.53648], "size": [8.5, 8.5, 5.65], "inflate": -2.5, "uv": [64, 62]}
					]
				},
				{
					"name": "bone15",
					"parent": "LeftForeArm",
					"pivot": [2.7411, 24.82026, 0.33754],
					"rotation": [10, 0, 0],
					"cubes": [
						{"origin": [1.7573, 19.64803, 0.72781], "size": [3.32, 8.12, 1.72], "inflate": -0.5, "uv": [33, 119]}
					]
				},
				{
					"name": "bone16",
					"parent": "bone15",
					"pivot": [2.7411, 24.82026, 0.33754],
					"rotation": [0, 0, -10],
					"cubes": [
						{"origin": [2.87446, 19.45202, 0.72706], "size": [2.6, 7.96, 1.72], "inflate": -0.5, "uv": [132, 107]}
					]
				},
				{
					"name": "bone17",
					"parent": "bone15",
					"pivot": [2.7411, 24.82026, 0.33754],
					"rotation": [0, 0, 10],
					"cubes": [
						{"origin": [1.33958, 19.68685, 0.72706], "size": [2.6, 7.96, 1.72], "inflate": -0.5, "uv": [132, 47]}
					]
				},
				{
					"name": "bone18",
					"parent": "LeftForeArm",
					"pivot": [2.7411, 24.82026, 0.33754],
					"rotation": [-10, 0, 0],
					"cubes": [
						{"origin": [1.7573, 19.64803, -1.79181], "size": [3.32, 8.12, 1.72], "inflate": -0.5, "uv": [118, 106]}
					]
				},
				{
					"name": "ysmGlow2",
					"parent": "bone18",
					"pivot": [0, 0, 0],
					"cubes": [
						{"origin": [2.9073, 19.99803, -1.94181], "size": [2.07, 2.02, 1.87], "inflate": -0.5, "uv": [66, 95]},
						{"origin": [3.1573, 20.99803, -1.94181], "size": [1.57, 2.02, 1.87], "inflate": -0.5, "uv": [5, 106]},
						{"origin": [2.9073, 21.99803, -1.94181], "size": [2.07, 2.02, 1.87], "inflate": -0.5, "uv": [73, 83]}
					]
				},
				{
					"name": "bone19",
					"parent": "bone18",
					"pivot": [2.7411, 24.82026, 0.33754],
					"rotation": [0, 0, 10],
					"cubes": [
						{"origin": [1.33958, 19.68685, -1.77197], "size": [2.6, 7.96, 1.72], "inflate": -0.5, "uv": [41, 132]}
					]
				},
				{
					"name": "bone20",
					"parent": "bone18",
					"pivot": [2.7411, 24.82026, 0.33754],
					"rotation": [0, 0, -10],
					"cubes": [
						{"origin": [2.87446, 19.45202, -1.77197], "size": [2.6, 7.96, 1.72], "inflate": -0.5, "uv": [23, 132]}
					]
				},
				{
					"name": "bone21",
					"parent": "LeftForeArm",
					"pivot": [2.7411, 25.62026, 0.33754],
					"rotation": [0, 0, 10],
					"cubes": [
						{"origin": [1.43523, 19.77762, -1.32246], "size": [1.72, 8.12, 3.32], "inflate": -0.5, "uv": [75, 108]}
					]
				},
				{
					"name": "bone22",
					"parent": "bone21",
					"pivot": [2.7411, 24.82026, 0.33754],
					"rotation": [10, 0, 0],
					"cubes": [
						{"origin": [1.43643, 19.69704, -0.17253], "size": [1.72, 7.96, 2.6], "inflate": -0.5, "uv": [128, 26]}
					]
				},
				{
					"name": "bone23",
					"parent": "bone21",
					"pivot": [2.7411, 24.82026, 0.33754],
					"rotation": [-10, 0, 0],
					"cubes": [
						{"origin": [1.43643, 19.69704, -1.75238], "size": [1.72, 7.96, 2.6], "inflate": -0.5, "uv": [126, 127]}
					]
				},
				{
					"name": "bone24",
					"parent": "LeftForeArm",
					"pivot": [2.7411, 24.82026, 0.33754],
					"rotation": [0, 0, -10],
					"cubes": [
						{"origin": [3.81085, 19.53062, -1.32246], "size": [1.72, 8.12, 3.32], "inflate": -0.5, "uv": [67, 108]}
					]
				},
				{
					"name": "bone25",
					"parent": "bone24",
					"pivot": [2.7411, 24.82026, 0.33754],
					"rotation": [10, 0, 0],
					"cubes": [
						{"origin": [3.79654, 19.45379, -0.21542], "size": [1.72, 7.96, 2.6], "inflate": -0.5, "uv": [120, 127]}
					]
				},
				{
					"name": "bone26",
					"parent": "bone24",
					"pivot": [2.7411, 24.82026, 0.33754],
					"rotation": [-10, 0, 0],
					"cubes": [
						{"origin": [3.79654, 19.45379, -1.70949], "size": [1.72, 7.96, 2.6], "inflate": -0.5, "uv": [96, 127]}
					]
				},
				{
					"name": "LeftHandLocator",
					"parent": "LeftForeArm",
					"pivot": [3.29995, 20.61878, 0.4]
				},
				{
					"name": "bone14",
					"parent": "LeftArm",
					"pivot": [5.23554, 34.72182, -0.24],
					"rotation": [0, 0, -47],
					"cubes": [
						{"origin": [2.19464, 34.09523, -1.31446], "size": [2.44, 2.68, 3.32], "inflate": -0.5, "uv": [23, 127]}
					]
				},
				{
					"name": "RightArm",
					"parent": "Arm",
					"pivot": [-3.33198, 33.76382, 0.33754],
					"rotation": [0, 0, 20],
					"cubes": [
						{"origin": [-5.0773, 27.01034, -1.32246], "size": [3.32, 7.32, 3.32], "inflate": -0.5, "uv": [85, 92]}
					]
				},
				{
					"name": "RightElbow",
					"parent": "RightArm",
					"pivot": [-3.4192, 27.47034, 0.744],
					"cubes": [
						{"origin": [-5.0792, 26.21034, -0.516], "size": [3.32, 2.52, 2.52], "inflate": -0.5, "uv": [130, 22]}
					]
				},
				{
					"name": "RightForeArm",
					"parent": "RightArm",
					"pivot": [-3.3737, 27.52918, 0.4],
					"cubes": [
						{"origin": [-5.0773, 18.61034, -1.32246], "size": [3.32, 9.32, 3.32], "inflate": -0.5, "uv": [76, 83]}
					]
				},
				{
					"name": "bone2",
					"parent": "RightForeArm",
					"pivot": [-2.7411, 24.82026, 0.33754],
					"rotation": [10, 0, 0],
					"cubes": [
						{"origin": [-5.0773, 19.64803, 0.72781], "size": [3.32, 8.12, 1.72], "inflate": -0.5, "uv": [99, 118]}
					]
				},
				{
					"name": "bone3",
					"parent": "bone2",
					"pivot": [-2.7411, 24.82026, 0.33754],
					"rotation": [0, 0, 10],
					"cubes": [
						{"origin": [-5.47446, 19.45202, 0.72706], "size": [2.6, 7.96, 1.72], "inflate": -0.5, "uv": [131, 88]}
					]
				},
				{
					"name": "bone4",
					"parent": "bone2",
					"pivot": [-2.7411, 24.82026, 0.33754],
					"rotation": [0, 0, -10],
					"cubes": [
						{"origin": [-3.93958, 19.68685, 0.72706], "size": [2.6, 7.96, 1.72], "inflate": -0.5, "uv": [130, 99]}
					]
				},
				{
					"name": "bone5",
					"parent": "RightForeArm",
					"pivot": [-2.7411, 24.82026, 0.33754],
					"rotation": [-10, 0, 0],
					"cubes": [
						{"origin": [-5.0773, 19.64803, -1.79181], "size": [3.32, 8.12, 1.72], "inflate": -0.5, "uv": [25, 118]}
					]
				},
				{
					"name": "ysmGlow",
					"parent": "bone5",
					"pivot": [0, 0, 0],
					"cubes": [
						{"origin": [-4.9773, 19.99803, -1.94181], "size": [2.07, 2.02, 1.87], "inflate": -0.5, "uv": [81, 28]},
						{"origin": [-4.7273, 20.99803, -1.94181], "size": [1.57, 2.02, 1.87], "inflate": -0.5, "uv": [42, 104]},
						{"origin": [-4.9773, 21.99803, -1.94181], "size": [2.07, 2.02, 1.87], "inflate": -0.5, "uv": [78, 43]}
					]
				},
				{
					"name": "bone6",
					"parent": "bone5",
					"pivot": [-2.7411, 24.82026, 0.33754],
					"rotation": [0, 0, -10],
					"cubes": [
						{"origin": [-3.93958, 19.68685, -1.77197], "size": [2.6, 7.96, 1.72], "inflate": -0.5, "uv": [90, 130]}
					]
				},
				{
					"name": "bone7",
					"parent": "bone5",
					"pivot": [-2.7411, 24.82026, 0.33754],
					"rotation": [0, 0, 10],
					"cubes": [
						{"origin": [-5.47446, 19.45202, -1.77197], "size": [2.6, 7.96, 1.72], "inflate": -0.5, "uv": [84, 130]}
					]
				},
				{
					"name": "bone8",
					"parent": "RightForeArm",
					"pivot": [-2.7411, 25.62026, 0.33754],
					"rotation": [0, 0, -10],
					"cubes": [
						{"origin": [-3.15523, 19.77762, -1.32246], "size": [1.72, 8.12, 3.32], "inflate": -0.5, "uv": [0, 106]}
					]
				},
				{
					"name": "bone9",
					"parent": "bone8",
					"pivot": [-2.7411, 24.82026, 0.33754],
					"rotation": [10, 0, 0],
					"cubes": [
						{"origin": [-3.15643, 19.69704, -0.17253], "size": [1.72, 7.96, 2.6], "inflate": -0.5, "uv": [126, 106]}
					]
				},
				{
					"name": "bone10",
					"parent": "bone8",
					"pivot": [-2.7411, 24.82026, 0.33754],
					"rotation": [-10, 0, 0],
					"cubes": [
						{"origin": [-3.15643, 19.69704, -1.75238], "size": [1.72, 7.96, 2.6], "inflate": -0.5, "uv": [105, 126]}
					]
				},
				{
					"name": "bone11",
					"parent": "RightForeArm",
					"pivot": [-2.7411, 24.82026, 0.33754],
					"rotation": [0, 0, 10],
					"cubes": [
						{"origin": [-5.53085, 19.53062, -1.32246], "size": [1.72, 8.12, 3.32], "inflate": -0.5, "uv": [88, 105]}
					]
				},
				{
					"name": "bone12",
					"parent": "bone11",
					"pivot": [-2.7411, 24.82026, 0.33754],
					"rotation": [10, 0, 0],
					"cubes": [
						{"origin": [-5.51654, 19.45379, -0.21542], "size": [1.72, 7.96, 2.6], "inflate": -0.5, "uv": [78, 126]}
					]
				},
				{
					"name": "bone13",
					"parent": "bone11",
					"pivot": [-2.7411, 24.82026, 0.33754],
					"rotation": [-10, 0, 0],
					"cubes": [
						{"origin": [-5.51654, 19.45379, -1.70949], "size": [1.72, 7.96, 2.6], "inflate": -0.5, "uv": [70, 126]}
					]
				},
				{
					"name": "RightHandLocator",
					"parent": "RightForeArm",
					"pivot": [-3.29995, 20.61878, 0.4]
				},
				{
					"name": "bone30",
					"parent": "RightArm",
					"pivot": [-5.23554, 34.72182, -0.24],
					"rotation": [0, 0, 47],
					"cubes": [
						{"origin": [-4.63464, 34.09523, -1.31446], "size": [2.44, 2.68, 3.32], "inflate": -0.5, "uv": [86, 125]}
					]
				},
				{
					"name": "bone66",
					"parent": "UpBody",
					"pivot": [0, 34.2, -0.64],
					"rotation": [-5, 0, 0],
					"cubes": [
						{"origin": [-3.7, 26.99586, -1.25286], "size": [7.4, 8.28, 3.08], "inflate": -0.5, "uv": [64, 28]},
						{"origin": [-2.75565, 26.99586, -2.50514], "size": [5.512, 4.68, 1.48], "inflate": -0.5, "uv": [118, 101]},
						{"origin": [-3.74, 31.26274, -0.17442], "size": [7.48, 3.08, 2.6], "inflate": -0.5, "uv": [9, 88]}
					]
				},
				{
					"name": "bone127",
					"parent": "bone66",
					"pivot": [-2.64, 29.8, -0.64],
					"rotation": [0, 53, 0],
					"cubes": [
						{"origin": [-3.38688, 26.99586, -1.65517], "size": [2.568, 6.12, 1.48], "inflate": -0.5, "uv": [48, 0]},
						{"origin": [-3.38688, 32.11586, -1.65517], "size": [1.608, 2.36, 1.08], "inflate": -0.5, "uv": [18, 103]},
						{"origin": [-3.38688, 33.47586, -1.65517], "size": [1.208, 1.56, 1.08], "inflate": -0.5, "uv": [90, 73]}
					]
				},
				{
					"name": "bone128",
					"parent": "bone127",
					"pivot": [-0.88, 33.72, -1.28],
					"rotation": [0, 0, 18],
					"cubes": [
						{"origin": [-1.24454, 30.55501, -1.65517], "size": [1.288, 2.12, 1.08], "inflate": -0.5, "uv": [98, 82]}
					]
				},
				{
					"name": "bone129",
					"parent": "bone127",
					"pivot": [-2.56, 35.72, -1.04],
					"rotation": [0, 0, -35.5],
					"cubes": [
						{"origin": [-4.61176, 31.3568, -1.65517], "size": [1.768, 3.24, 1.08], "inflate": -0.5, "uv": [90, 19]},
						{"origin": [-4.16378, 33.5968, -1.65517], "size": [1.32, 1.64, 1.08], "inflate": -0.5, "uv": [83, 60]},
						{"origin": [-4.00378, 34.2368, -1.65517], "size": [1.16, 1.4, 1.08], "inflate": -0.5, "uv": [54, 62]}
					]
				},
				{
					"name": "bone121",
					"parent": "bone66",
					"pivot": [2.64, 29.8, -0.64],
					"rotation": [0, -53, 0],
					"cubes": [
						{"origin": [0.81888, 26.99586, -1.65517], "size": [2.568, 6.12, 1.48], "inflate": -0.5, "uv": [42, 32]},
						{"origin": [1.77888, 32.11586, -1.65517], "size": [1.608, 2.36, 1.08], "inflate": -0.5, "uv": [23, 93]},
						{"origin": [2.17888, 33.47586, -1.65517], "size": [1.208, 1.56, 1.08], "inflate": -0.5, "uv": [38, 54]}
					]
				},
				{
					"name": "bone120",
					"parent": "bone121",
					"pivot": [0.88, 33.72, -1.28],
					"rotation": [0, 0, -18],
					"cubes": [
						{"origin": [-0.04346, 30.55501, -1.65517], "size": [1.288, 2.12, 1.08], "inflate": -0.5, "uv": [90, 66]}
					]
				},
				{
					"name": "bone123",
					"parent": "bone121",
					"pivot": [2.56, 35.72, -1.04],
					"rotation": [0, 0, 35.5],
					"cubes": [
						{"origin": [2.84376, 31.3568, -1.65517], "size": [1.768, 3.24, 1.08], "inflate": -0.5, "uv": [88, 86]},
						{"origin": [2.84378, 33.5968, -1.65517], "size": [1.32, 1.64, 1.08], "inflate": -0.5, "uv": [30, 54]},
						{"origin": [2.84378, 34.2368, -1.65517], "size": [1.16, 1.4, 1.08], "inflate": -0.5, "uv": [22, 54]}
					]
				},
				{
					"name": "bone71",
					"parent": "bone66",
					"pivot": [0, 34.2, -0.64],
					"rotation": [-15, 0, 0],
					"cubes": [
						{"origin": [-3.7, 29.60978, 0.36899], "size": [7.4, 3.4, 2.6], "inflate": -0.5, "uv": [85, 60]}
					]
				},
				{
					"name": "bone68",
					"parent": "UpBody",
					"pivot": [0, 34.2, -0.8],
					"rotation": [55, 0, 0],
					"cubes": [
						{"origin": [-2.548, 31.97267, -3.81875], "size": [5.096, 3, 4.04], "inflate": -0.5, "uv": [77, 53]},
						{"origin": [1.548, 33.89267, -1.06675], "size": [2.024, 1.08, 1.288], "inflate": -0.5, "uv": [77, 60]},
						{"origin": [-3.572, 33.89267, -1.06675], "size": [2.024, 1.08, 1.288], "inflate": -0.5, "uv": [69, 5]}
					]
				},
				{
					"name": "bone125",
					"parent": "bone68",
					"pivot": [-3.2, 35.70747, 0.77678],
					"rotation": [0, -20.5, 0],
					"cubes": [
						{"origin": [-4.05523, 33.89267, -3.96283], "size": [1.96, 1.08, 3.88], "inflate": -0.5, "uv": [111, 45]},
						{"origin": [-4.05523, 33.89267, -1.08283], "size": [1.16, 1.08, 1.368], "inflate": -0.5, "uv": [14, 54]}
					]
				},
				{
					"name": "bone122",
					"parent": "bone68",
					"pivot": [3.2, 35.70747, 0.77678],
					"rotation": [0, 20.5, 0],
					"cubes": [
						{"origin": [2.09523, 33.89267, -3.96283], "size": [1.96, 1.08, 3.88], "inflate": -0.5, "uv": [39, 88]},
						{"origin": [2.89523, 33.89267, -1.08283], "size": [1.16, 1.08, 1.368], "inflate": -0.5, "uv": [6, 54]}
					]
				},
				{
					"name": "bone69",
					"parent": "bone68",
					"pivot": [0, 34.2, -0.8],
					"rotation": [47.5, 0, 0],
					"cubes": [
						{"origin": [-3.75, 31.6099, -2.23688], "size": [7.5, 2.94, 2.54], "inflate": -0.55, "uv": [91, 51]}
					]
				},
				{
					"name": "bone70",
					"parent": "bone69",
					"pivot": [0, 34.2, -0.8],
					"rotation": [15, 0, 0],
					"cubes": [
						{"origin": [-3.74, 31.58626, -3.05368], "size": [7.48, 2.84, 2.76], "inflate": -0.5, "uv": [91, 0]}
					]
				},
				{
					"name": "bone67",
					"parent": "UpBody",
					"pivot": [0, 34.2, -0.8],
					"rotation": [10, 0, 0],
					"cubes": [
						{"origin": [-2.548, 30.99178, -3.27384], "size": [5.096, 2.12, 1.08], "inflate": -0.5, "uv": [60, 125]}
					]
				},
				{
					"name": "bone126",
					"parent": "bone67",
					"pivot": [-2, 34.18747, -2.50322],
					"rotation": [0, 0, 10.5],
					"cubes": [
						{"origin": [-2.26005, 30.97742, -3.27384], "size": [1.24, 2.152, 1.08], "inflate": -0.5, "uv": [44, 88]}
					]
				},
				{
					"name": "bone124",
					"parent": "bone67",
					"pivot": [2, 34.18747, -2.50322],
					"rotation": [0, 0, -10.5],
					"cubes": [
						{"origin": [1.02005, 30.97742, -3.27384], "size": [1.24, 2.152, 1.08], "inflate": -0.5, "uv": [9, 32]}
					]
				},
				{
					"name": "Cloth",
					"parent": "UpBody",
					"pivot": [0, 31.8, -0.56]
				},
				{
					"name": "Bustier",
					"parent": "Cloth",
					"pivot": [0, 31.8, -0.56],
					"rotation": [-5, 0, 0],
					"cubes": [
						{"origin": [-3.74365, 27.80635, -4.31352], "size": [7.5, 3.75, 1.8], "inflate": -0.5, "uv": [95, 55]},
						{"origin": [-3.74365, 27.80635, 2.51352], "size": [7.5, 3.75, 1.8], "inflate": -0.5, "uv": [0, 11]}
					]
				},
				{
					"name": "RightBustier",
					"parent": "Bustier",
					"pivot": [-3.25, 29.8, -0.56],
					"cubes": [
						{"origin": [-8.00635, 27.80635, -2.31352], "size": [1.8, 3.75, 4.65], "inflate": -0.5, "uv": [117, 81]}
					]
				},
				{
					"name": "RightFragFlag",
					"parent": "RightBustier",
					"pivot": [-7, 28.45, 0.59],
					"rotation": [90, 85, 90],
					"cubes": [
						{"origin": [-8.75635, 22.00635, -0.06352], "size": [3.5, 6.95, 1.55], "inflate": -0.5, "uv": [41, 125]}
					]
				},
				{
					"name": "RightFragFlag2",
					"parent": "RightFragFlag",
					"pivot": [-7, 21.2, 1.09],
					"rotation": [-10, 0, 0],
					"cubes": [
						{"origin": [-9.25635, 15.70635, 0.43648], "size": [4.5, 7.95, 1.55], "inflate": -0.5, "uv": [111, 77]}
					]
				},
				{
					"name": "RightFragFlag3",
					"parent": "RightFragFlag2",
					"pivot": [-7, 16.3, 1.09],
					"rotation": [5, 0, 0],
					"cubes": [
						{"origin": [-9.25635, 10.80635, 0.43648], "size": [4.5, 6, 1.55], "inflate": -0.5, "uv": [89, 118]}
					]
				},
				{
					"name": "RightFragFlag4",
					"parent": "RightFragFlag3",
					"pivot": [-7, 11.4, 1.09],
					"rotation": [2.5, 0, 0],
					"cubes": [
						{"origin": [-9.25635, 2.90635, 0.43648], "size": [4.5, 9, 1.55], "inflate": -0.5, "uv": [96, 101]}
					]
				},
				{
					"name": "bone32",
					"parent": "RightBustier",
					"pivot": [-7.50635, 29.68135, 1.81352],
					"rotation": [0, -25, 0],
					"cubes": [
						{"origin": [-8.00931, 27.80635, 0.53], "size": [5.7, 3.75, 1.8], "inflate": -0.5, "uv": [123, 81]}
					]
				},
				{
					"name": "RearAnteriorFragFlag2",
					"parent": "bone32",
					"pivot": [-5, 28.3, 1.41],
					"rotation": [15, 0, -3.5],
					"cubes": [
						{"origin": [-6.75635, 23.80635, 0.51352], "size": [4.25, 5, 1.55], "inflate": -0.5, "uv": [50, 124]}
					]
				},
				{
					"name": "FragFlag18",
					"parent": "RearAnteriorFragFlag2",
					"pivot": [-5, 24.4, 1.41],
					"rotation": [2.5, 0, 0],
					"cubes": [
						{"origin": [-6.75635, 19.90635, 0.51352], "size": [4.25, 5, 1.55], "inflate": -0.5, "uv": [124, 16]}
					]
				},
				{
					"name": "FragFlag19",
					"parent": "FragFlag18",
					"pivot": [-5, 20.5, 1.41],
					"rotation": [-5, 0, 0],
					"cubes": [
						{"origin": [-6.75635, 16.00635, 0.51352], "size": [4.25, 5, 1.55], "inflate": -0.5, "uv": [124, 10]}
					]
				},
				{
					"name": "FragFlag20",
					"parent": "FragFlag19",
					"pivot": [-5, 16.6, 1.41],
					"rotation": [-2.5, 0, 0],
					"cubes": [
						{"origin": [-6.75635, 12.10635, 0.51352], "size": [4.25, 5, 1.55], "inflate": -0.5, "uv": [123, 60]}
					]
				},
				{
					"name": "FragFlag21",
					"parent": "FragFlag20",
					"pivot": [-5, 12.7, 1.41],
					"cubes": [
						{"origin": [-6.75635, 7.20635, 0.51352], "size": [4.25, 6, 1.55], "inflate": -0.5, "uv": [118, 29]}
					]
				},
				{
					"name": "FragFlag22",
					"parent": "FragFlag21",
					"pivot": [-5, 7.8, 1.41],
					"cubes": [
						{"origin": [-6.75635, 0.30635, 0.51352], "size": [4.25, 8, 1.55], "inflate": -0.5, "uv": [57, 108]}
					]
				},
				{
					"name": "bone33",
					"parent": "RightBustier",
					"pivot": [-7.50635, 29.68135, -1.81352],
					"rotation": [0, 25, 0],
					"cubes": [
						{"origin": [-8.00931, 27.80635, -2.33], "size": [5.7, 3.75, 1.8], "inflate": -0.5, "uv": [122, 40]}
					]
				},
				{
					"name": "AnteriorFragFlag2",
					"parent": "bone33",
					"pivot": [-5, 28.3, -1.41],
					"rotation": [-2.5, 0, 2.5],
					"cubes": [
						{"origin": [-6.75635, 23.80635, -2.06352], "size": [4.25, 5, 1.55], "inflate": -0.5, "uv": [122, 121]}
					]
				},
				{
					"name": "FragFlag23",
					"parent": "AnteriorFragFlag2",
					"pivot": [-5, 24.4, -1.41],
					"rotation": [-2.5, 0, 0],
					"cubes": [
						{"origin": [-6.75635, 19.90635, -2.06352], "size": [4.25, 5, 1.55], "inflate": -0.5, "uv": [122, 115]}
					]
				},
				{
					"name": "FragFlag24",
					"parent": "FragFlag23",
					"pivot": [-5, 20.5, -1.41],
					"rotation": [5, 0, 0],
					"cubes": [
						{"origin": [-6.75635, 16.00635, -2.06352], "size": [4.25, 5, 1.55], "inflate": -0.5, "uv": [122, 48]}
					]
				},
				{
					"name": "FragFlag25",
					"parent": "FragFlag24",
					"pivot": [-5, 16.6, -1.41],
					"rotation": [2.5, 0, 0],
					"cubes": [
						{"origin": [-6.75635, 12.10635, -2.06352], "size": [4.25, 5, 1.55], "inflate": -0.5, "uv": [121, 94]}
					]
				},
				{
					"name": "FragFlag26",
					"parent": "FragFlag25",
					"pivot": [-5, 12.7, -1.41],
					"cubes": [
						{"origin": [-6.75635, 6.20635, -2.06352], "size": [4.25, 7, 1.55], "inflate": -0.5, "uv": [111, 55]}
					]
				},
				{
					"name": "LeftBustier",
					"parent": "Bustier",
					"pivot": [3.25, 29.8, -0.56],
					"cubes": [
						{"origin": [6.20635, 27.80635, -2.31352], "size": [1.8, 3.75, 4.65], "inflate": -0.5, "uv": [116, 41]}
					]
				},
				{
					"name": "LeftFragFlag",
					"parent": "LeftBustier",
					"pivot": [7, 28.45, 0.59],
					"rotation": [90, -85, -90],
					"cubes": [
						{"origin": [5.25635, 22.00635, -0.06352], "size": [3.5, 6.95, 1.55], "inflate": -0.5, "uv": [77, 95]}
					]
				},
				{
					"name": "LeftFragFlag2",
					"parent": "LeftFragFlag",
					"pivot": [7, 21.2, 1.09],
					"rotation": [-10, 0, 0],
					"cubes": [
						{"origin": [4.75635, 15.70635, 0.43648], "size": [4.5, 7.95, 1.55], "inflate": -0.5, "uv": [32, 111]}
					]
				},
				{
					"name": "LeftFragFlag3",
					"parent": "LeftFragFlag2",
					"pivot": [7, 16.3, 1.09],
					"rotation": [5, 0, 0],
					"cubes": [
						{"origin": [4.75635, 10.80635, 0.43648], "size": [4.5, 6, 1.55], "inflate": -0.5, "uv": [15, 118]}
					]
				},
				{
					"name": "LeftFragFlag4",
					"parent": "LeftFragFlag3",
					"pivot": [7, 11.4, 1.09],
					"rotation": [2.5, 0, 0],
					"cubes": [
						{"origin": [4.75635, 2.90635, 0.43648], "size": [4.5, 9, 1.55], "inflate": -0.5, "uv": [50, 96]}
					]
				},
				{
					"name": "bone31",
					"parent": "LeftBustier",
					"pivot": [7.50635, 29.68135, 1.81352],
					"rotation": [0, 25, 0],
					"cubes": [
						{"origin": [2.30931, 27.80635, 0.53], "size": [5.7, 3.75, 1.8], "inflate": -0.5, "uv": [120, 36]}
					]
				},
				{
					"name": "RearAnteriorFragFlag",
					"parent": "bone31",
					"pivot": [5, 28.3, 1.41],
					"rotation": [15, 0, 3.5],
					"cubes": [
						{"origin": [2.50635, 23.80635, 0.51352], "size": [4.25, 5, 1.55], "inflate": -0.5, "uv": [121, 88]}
					]
				},
				{
					"name": "FragFlag9",
					"parent": "RearAnteriorFragFlag",
					"pivot": [5, 24.4, 1.41],
					"rotation": [2.5, 0, 0],
					"cubes": [
						{"origin": [2.50635, 19.90635, 0.51352], "size": [4.25, 5, 1.55], "inflate": -0.5, "uv": [121, 75]}
					]
				},
				{
					"name": "FragFlag10",
					"parent": "FragFlag9",
					"pivot": [5, 20.5, 1.41],
					"rotation": [-5, 0, 0],
					"cubes": [
						{"origin": [2.50635, 16.00635, 0.51352], "size": [4.25, 5, 1.55], "inflate": -0.5, "uv": [121, 54]}
					]
				},
				{
					"name": "FragFlag11",
					"parent": "FragFlag10",
					"pivot": [5, 16.6, 1.41],
					"rotation": [-2.5, 0, 0],
					"cubes": [
						{"origin": [2.50635, 12.10635, 0.51352], "size": [4.25, 5, 1.55], "inflate": -0.5, "uv": [120, 69]}
					]
				},
				{
					"name": "FragFlag12",
					"parent": "FragFlag11",
					"pivot": [5, 12.7, 1.41],
					"cubes": [
						{"origin": [2.50635, 7.20635, 0.51352], "size": [4.25, 6, 1.55], "inflate": -0.5, "uv": [54, 117]}
					]
				},
				{
					"name": "FragFlag13",
					"parent": "FragFlag12",
					"pivot": [5, 7.8, 1.41],
					"cubes": [
						{"origin": [2.50635, 0.30635, 0.51352], "size": [4.25, 8, 1.55], "inflate": -0.5, "uv": [108, 29]}
					]
				},
				{
					"name": "bone",
					"parent": "LeftBustier",
					"pivot": [7.50635, 29.68135, -1.81352],
					"rotation": [0, -25, 0],
					"cubes": [
						{"origin": [2.30931, 27.80635, -2.33], "size": [5.7, 3.75, 1.8], "inflate": -0.5, "uv": [120, 6]}
					]
				},
				{
					"name": "AnteriorFragFlag",
					"parent": "bone",
					"pivot": [5, 28.3, -1.41],
					"rotation": [-2.5, 0, -2.5],
					"cubes": [
						{"origin": [2.50635, 23.80635, -2.06352], "size": [4.25, 5, 1.55], "inflate": -0.5, "uv": [120, 22]}
					]
				},
				{
					"name": "FragFlag6",
					"parent": "AnteriorFragFlag",
					"pivot": [5, 24.4, -1.41],
					"rotation": [-2.5, 0, 0],
					"cubes": [
						{"origin": [2.50635, 19.90635, -2.06352], "size": [4.25, 5, 1.55], "inflate": -0.5, "uv": [120, 0]}
					]
				},
				{
					"name": "FragFlag7",
					"parent": "FragFlag6",
					"pivot": [5, 20.5, -1.41],
					"rotation": [5, 0, 0],
					"cubes": [
						{"origin": [2.50635, 16.00635, -2.06352], "size": [4.25, 5, 1.55], "inflate": -0.5, "uv": [64, 119]}
					]
				},
				{
					"name": "FragFlag8",
					"parent": "FragFlag7",
					"pivot": [5, 16.6, -1.41],
					"rotation": [2.5, 0, 0],
					"cubes": [
						{"origin": [2.50635, 12.10635, -2.06352], "size": [4.25, 5, 1.55], "inflate": -0.5, "uv": [41, 119]}
					]
				},
				{
					"name": "FragFlag5",
					"parent": "FragFlag8",
					"pivot": [5, 12.7, -1.41],
					"cubes": [
						{"origin": [2.50635, 6.20635, -2.06352], "size": [4.25, 7, 1.55], "inflate": -0.5, "uv": [110, 69]}
					]
				},
				{
					"name": "BackFragFlag",
					"parent": "Bustier",
					"pivot": [0, 28.3, 3.41],
					"rotation": [15, 0, 0],
					"cubes": [
						{"origin": [-2.74365, 22.30635, 2.51352], "size": [5.5, 6.5, 1.55], "inflate": -0.5, "uv": [108, 22]}
					]
				},
				{
					"name": "ysmGlow4",
					"parent": "BackFragFlag",
					"pivot": [0.00635, 26.05635, 3.33852],
					"cubes": [
						{"origin": [-4.24365, 21.80635, 0.51352], "size": [8.5, 8.5, 5.65], "inflate": -2.5, "uv": [64, 62]}
					]
				},
				{
					"name": "FragFlag14",
					"parent": "BackFragFlag",
					"pivot": [0, 22.9, 3.41],
					"rotation": [2.5, 0, 0],
					"cubes": [
						{"origin": [-2.74365, 16.90635, 2.51352], "size": [5.5, 6.5, 1.55], "inflate": -0.5, "uv": [108, 3]}
					]
				},
				{
					"name": "FragFlag15",
					"parent": "FragFlag14",
					"pivot": [0, 17.5, 3.41],
					"rotation": [-2.5, 0, 0],
					"cubes": [
						{"origin": [-2.74365, 11.50635, 2.51352], "size": [5.5, 6.5, 1.55], "inflate": -0.5, "uv": [106, 101]}
					]
				},
				{
					"name": "FragFlag16",
					"parent": "FragFlag15",
					"pivot": [0, 12.1, 3.41],
					"rotation": [-2.5, 0, 0],
					"cubes": [
						{"origin": [-2.74365, 4.10635, 2.51352], "size": [5.5, 8.5, 1.55], "inflate": -0.5, "uv": [0, 97]}
					]
				},
				{
					"name": "FragFlag17",
					"parent": "FragFlag16",
					"pivot": [0, 4.7, 3.41],
					"cubes": [
						{"origin": [-2.74365, -1.29365, 2.51352], "size": [5.5, 6.5, 1.55], "inflate": -0.5, "uv": [45, 106]}
					]
				},
				{
					"name": "FrontFragFlag",
					"parent": "Bustier",
					"pivot": [0, 28.3, -3.41],
					"rotation": [-2.5, 0, 0],
					"cubes": [
						{"origin": [-2.74365, 23.30635, -4.06352], "size": [5.5, 5.5, 1.55], "inflate": -0.5, "uv": [110, 49]}
					]
				},
				{
					"name": "ysmGlow3",
					"parent": "FrontFragFlag",
					"pivot": [0.00635, 26.05635, -3.33852],
					"cubes": [
						{"origin": [-4.24365, 21.80635, -6.16352], "size": [8.5, 8.5, 5.65], "inflate": -2.5, "uv": [64, 15]}
					]
				},
				{
					"name": "FragFlag2",
					"parent": "FrontFragFlag",
					"pivot": [0, 23.9, -3.41],
					"rotation": [-2.5, 0, 0],
					"cubes": [
						{"origin": [-2.74365, 18.90635, -4.06352], "size": [5.5, 5.5, 1.55], "inflate": -0.5, "uv": [8, 110]}
					]
				},
				{
					"name": "FragFlag3",
					"parent": "FragFlag2",
					"pivot": [0, 19.5, -3.41],
					"rotation": [5, 0, 0],
					"cubes": [
						{"origin": [-2.74365, 14.50635, -4.06352], "size": [5.5, 5.5, 1.55], "inflate": -0.5, "uv": [109, 95]}
					]
				},
				{
					"name": "FragFlag4",
					"parent": "FragFlag3",
					"pivot": [0, 15.1, -3.41],
					"rotation": [2.5, 0, 0],
					"cubes": [
						{"origin": [-2.74365, 9.10635, -4.06352], "size": [5.5, 6.5, 1.55], "inflate": -0.5, "uv": [21, 105]}
					]
				},
				{
					"name": "DownBody",
					"parent": "AllBody",
					"pivot": [0, 27.8, 0]
				},
				{
					"name": "Skirt",
					"parent": "DownBody",
					"pivot": [0, 27.8, 0],
					"cubes": [
						{"origin": [-2.75565, 23.95099, -3.16827], "size": [5.512, 4.6, 1.56], "inflate": -0.5, "uv": [69, 0]}
					]
				},
				{
					"name": "FrontSkirt",
					"parent": "Skirt",
					"pivot": [0, 26.68, -2.72]
				},
				{
					"name": "bone74",
					"parent": "FrontSkirt",
					"pivot": [0, 26.68, -2.72],
					"rotation": [-10, 0, 0],
					"cubes": [
						{"origin": [-2.75565, 18.35981, -3.25096], "size": [5.512, 8.84, 1.8], "inflate": -0.5, "uv": [96, 27]}
					]
				},
				{
					"name": "bone119",
					"parent": "bone74",
					"pivot": [0, 30.29693, -0.19451],
					"rotation": [0, 0, -13.5],
					"cubes": [
						{"origin": [-1.01842, 18.17262, -3.17096], "size": [2.872, 8.6, 1.72], "inflate": -0.5, "uv": [17, 125]}
					]
				},
				{
					"name": "bone118",
					"parent": "bone74",
					"pivot": [0, 30.29693, -0.19451],
					"rotation": [0, 0, 13.5],
					"cubes": [
						{"origin": [-1.85358, 18.17262, -3.17096], "size": [2.872, 8.6, 1.72], "inflate": -0.5, "uv": [11, 125]}
					]
				},
				{
					"name": "bone114",
					"parent": "FrontSkirt",
					"pivot": [0, 24.84, -0.48],
					"rotation": [-17, 53, 0],
					"cubes": [
						{"origin": [-2.38184, 17.59838, -4.5033], "size": [3.272, 8.6, 1.72], "inflate": -0.5, "uv": [7, 116]}
					]
				},
				{
					"name": "bone117",
					"parent": "FrontSkirt",
					"pivot": [0, 24.84, -0.48],
					"rotation": [-17, -53, 0],
					"cubes": [
						{"origin": [-0.89016, 17.59838, -4.5033], "size": [3.272, 8.6, 1.72], "inflate": -0.5, "uv": [114, 115]}
					]
				},
				{
					"name": "RightSkirt",
					"parent": "Skirt",
					"pivot": [-3.28, 28.2, -0.48],
					"rotation": [0, -90, 14],
					"cubes": [
						{"origin": [-4.16371, 18.3915, -1.779], "size": [2.952, 10.36, 1.72], "inflate": -0.5, "uv": [108, 115]}
					]
				},
				{
					"name": "bone115",
					"parent": "RightSkirt",
					"pivot": [-3.2, 25.99248, -0.09293],
					"rotation": [0, 0, 10],
					"cubes": [
						{"origin": [-4.24371, 18.4715, -1.78], "size": [2.312, 8.6, 1.72], "inflate": -0.5, "uv": [5, 125]}
					]
				},
				{
					"name": "bone143",
					"parent": "RightSkirt",
					"pivot": [-3.2, 26.23248, -0.09293],
					"rotation": [0, 0, -13.5],
					"cubes": [
						{"origin": [-4.16814, 25.78406, -1.62426], "size": [1.512, 3, 1.56], "inflate": -0.5, "uv": [27, 88]},
						{"origin": [-2.52642, 18.26406, -3.22426], "size": [1.752, 10.12, 3.16], "inflate": -0.5, "uv": [69, 95]},
						{"origin": [-3.96642, 18.26406, -1.78426], "size": [2.872, 8.52, 1.72], "inflate": -0.5, "uv": [114, 124]}
					]
				},
				{
					"name": "LeftSkirt",
					"parent": "Skirt",
					"pivot": [3.28, 28.2, -0.48],
					"rotation": [0, 90, -14],
					"cubes": [
						{"origin": [1.21171, 18.3915, -1.779], "size": [2.952, 10.36, 1.72], "inflate": -0.5, "uv": [83, 115]}
					]
				},
				{
					"name": "bone145",
					"parent": "LeftSkirt",
					"pivot": [3.2, 26.23248, -0.09293],
					"rotation": [0, 0, 13.5],
					"cubes": [
						{"origin": [2.65614, 25.78406, -1.62426], "size": [1.512, 3, 1.56], "inflate": -0.5, "uv": [77, 53]},
						{"origin": [0.77442, 18.26406, -3.30426], "size": [1.752, 10.12, 3.24], "inflate": -0.5, "uv": [61, 95]},
						{"origin": [1.09442, 18.26406, -1.78426], "size": [2.872, 8.52, 1.72], "inflate": -0.5, "uv": [74, 119]}
					]
				},
				{
					"name": "bone116",
					"parent": "LeftSkirt",
					"pivot": [3.2, 25.99248, -0.09293],
					"rotation": [0, 0, -10],
					"cubes": [
						{"origin": [1.93171, 18.4715, -1.78], "size": [2.312, 8.6, 1.72], "inflate": -0.5, "uv": [0, 117]}
					]
				},
				{
					"name": "BackSkirt",
					"parent": "Skirt",
					"pivot": [0, 27.8, 1.12],
					"rotation": [13, 0, 0],
					"cubes": [
						{"origin": [-3.7, 18.37795, -0.03992], "size": [7.4, 10.36, 1.72], "inflate": -0.5, "uv": [0, 0]}
					]
				},
				{
					"name": "bone142",
					"parent": "Skirt",
					"pivot": [-0.00035, 27.05099, -2.58827],
					"rotation": [0, -53, 0],
					"cubes": [
						{"origin": [0.79346, 23.95099, -4.93814], "size": [2.632, 4.6, 1.56], "inflate": -0.5, "uv": [134, 26]}
					]
				},
				{
					"name": "bone146",
					"parent": "bone142",
					"pivot": [2.9183, 26.1816, -4.39517],
					"rotation": [0, 0, -19],
					"cubes": [
						{"origin": [1.62568, 23.92682, -4.9368], "size": [2.408, 4.52, 1.48], "inflate": -0.5, "uv": [14, 134]}
					]
				},
				{
					"name": "bone27",
					"parent": "Skirt",
					"pivot": [0.00035, 27.05099, -2.58827],
					"rotation": [0, 53, 0],
					"cubes": [
						{"origin": [-3.42546, 23.95099, -4.93814], "size": [2.632, 4.6, 1.56], "inflate": -0.5, "uv": [134, 13]}
					]
				},
				{
					"name": "bone28",
					"parent": "bone27",
					"pivot": [-2.9183, 26.1816, -4.39517],
					"rotation": [0, 0, 19],
					"cubes": [
						{"origin": [-4.03368, 23.92682, -4.9368], "size": [2.408, 4.52, 1.48], "inflate": -0.5, "uv": [133, 61]}
					]
				},
				{
					"name": "Leg",
					"parent": "DownBody",
					"pivot": [0, 21.4, 0]
				},
				{
					"name": "Basin",
					"parent": "Leg",
					"pivot": [0, 21.4, 0]
				},
				{
					"name": "bone29",
					"parent": "Basin",
					"pivot": [0, 35.8, -0.64],
					"rotation": [10, 0, 0],
					"cubes": [
						{"origin": [-3.348, 21.07178, -4.79384], "size": [6.696, 4.04, 1.56], "inflate": -0.5, "uv": [76, 10]}
					]
				},
				{
					"name": "bone79",
					"parent": "Basin",
					"pivot": [-3.15784, 21.76824, -0.20638],
					"rotation": [89.5346, -22.4212, -80.1302],
					"cubes": [
						{"origin": [-4.49147, 18.91525, -2.9891], "size": [3.08, 4.76, 4.68], "inflate": -0.5, "uv": [90, 65]}
					]
				},
				{
					"name": "bone56",
					"parent": "bone79",
					"pivot": [-3.15784, 21.76824, -0.20638],
					"rotation": [0, 0, -21.5],
					"cubes": [
						{"origin": [-5.25123, 19.49128, -3.3891], "size": [2.36, 4.36, 5.08], "inflate": -0.5, "uv": [0, 88]}
					]
				},
				{
					"name": "bone81",
					"parent": "bone79",
					"pivot": [-3.15784, 21.76824, -0.20638],
					"rotation": [-40, 0, 0],
					"cubes": [
						{"origin": [-4.49147, 17.99843, -4.22256], "size": [3.24, 3.4, 4.28], "inflate": -0.5, "uv": [94, 36]}
					]
				},
				{
					"name": "bone78",
					"parent": "Basin",
					"pivot": [3.15784, 21.76824, -0.20638],
					"rotation": [89.5346, 22.4212, 80.1302],
					"cubes": [
						{"origin": [1.41147, 18.91525, -2.9891], "size": [3.08, 4.76, 4.68], "inflate": -0.5, "uv": [90, 19]}
					]
				},
				{
					"name": "bone112",
					"parent": "bone78",
					"pivot": [3.15784, 21.76824, -0.20638],
					"rotation": [0, 0, 21.5],
					"cubes": [
						{"origin": [2.89123, 19.49128, -3.3891], "size": [2.36, 4.36, 5.08], "inflate": -0.5, "uv": [85, 10]}
					]
				},
				{
					"name": "bone234",
					"parent": "bone78",
					"pivot": [3.15784, 21.76824, -0.20638],
					"rotation": [-40, 0, 0],
					"cubes": [
						{"origin": [1.25147, 17.99843, -4.22256], "size": [3.24, 3.4, 4.28], "inflate": -0.5, "uv": [94, 6]}
					]
				},
				{
					"name": "LeftLeg",
					"parent": "Leg",
					"pivot": [2.8, 19.57, -0.05]
				},
				{
					"name": "LeftLowerLeg",
					"parent": "LeftLeg",
					"pivot": [2.8, 11.32, 0.5],
					"cubes": [
						{"origin": [0.7, 2.5, -2.02], "size": [3.88, 9.32, 3.88], "inflate": -0.5, "uv": [64, 83]}
					]
				},
				{
					"name": "LeftKnee",
					"parent": "LeftLeg",
					"pivot": [2.8, 10.92, 0.5],
					"cubes": [
						{"origin": [0.692, 8.9, -2.1], "size": [3.896, 4.52, 3.88], "inflate": -0.5, "uv": [33, 104]}
					]
				},
				{
					"name": "bone237",
					"parent": "LeftLeg",
					"pivot": [2.64, 15.32, 0],
					"rotation": [0, 0, -1],
					"cubes": [
						{"origin": [0.64598, 10.8168, -2.06242], "size": [3.56, 8.86, 3.96], "inflate": -0.5, "uv": [86, 75]}
					]
				},
				{
					"name": "bone238",
					"parent": "bone237",
					"pivot": [3.76, 15.32, 0],
					"rotation": [0, 0, 4.5],
					"cubes": [
						{"origin": [2.66957, 10.772, -2.0388], "size": [2.2, 8.86, 3.88], "inflate": -0.5, "uv": [26, 94]}
					]
				},
				{
					"name": "LeftHip",
					"parent": "LeftLeg",
					"pivot": [2.78598, 19.4768, -0.08242],
					"cubes": [
						{"origin": [0.40598, 18.0168, -2.14242], "size": [4.76, 2.97, 4.12], "inflate": -0.5, "uv": [88, 86]}
					]
				},
				{
					"name": "RightLeg",
					"parent": "Leg",
					"pivot": [-2.8, 19.57, -0.05]
				},
				{
					"name": "RightLowerLeg",
					"parent": "RightLeg",
					"pivot": [-2.8, 11.32, 0.5],
					"cubes": [
						{"origin": [-4.58, 2.5, -2.02], "size": [3.88, 9.32, 3.88], "inflate": -0.5, "uv": [0, 32]}
					]
				},
				{
					"name": "RightKnee",
					"parent": "RightLeg",
					"pivot": [-2.8, 11.32, 0.5],
					"cubes": [
						{"origin": [-4.588, 8.9, -2.1], "size": [3.896, 4.52, 3.88], "inflate": -0.5, "uv": [9, 103]}
					]
				},
				{
					"name": "bone65",
					"parent": "RightLeg",
					"pivot": [-2.64, 15.32, 0],
					"rotation": [0, 0, 1],
					"cubes": [
						{"origin": [-4.20598, 10.8168, -2.06242], "size": [3.56, 8.86, 3.96], "inflate": -0.5, "uv": [85, 40]}
					]
				},
				{
					"name": "bone64",
					"parent": "bone65",
					"pivot": [-3.76, 15.32, 0],
					"rotation": [0, 0, -4.5],
					"cubes": [
						{"origin": [-4.86957, 10.772, -2.0388], "size": [2.2, 8.86, 3.88], "inflate": -0.5, "uv": [40, 93]}
					]
				},
				{
					"name": "RightHip",
					"parent": "RightLeg",
					"pivot": [-2.78598, 19.4768, -0.08242],
					"cubes": [
						{"origin": [-5.16598, 18.0168, -2.14242], "size": [4.76, 2.97, 4.12], "inflate": -0.5, "uv": [27, 88]}
					]
				},
				{
					"name": "Experiment115",
					"pivot": [0, 0, 0],
					"cubes": [
						{"origin": [-7, 1.75, -7], "size": [14, 8, 14], "inflate": 1.75, "uv": [0, 32]}
					]
				}
			]
		}
	]
}