{
	"format_version": "1.12.0",
	"minecraft:geometry": [
		{
			"description": {
				"identifier": "geometry.unknown",
				"texture_width": 128,
				"texture_height": 128,
				"visible_bounds_width": 3,
				"visible_bounds_height": 4.5,
				"visible_bounds_offset": [0, 1.75, 0]
			},
			"bones": [
				{
					"name": "LeftArm",
					"pivot": [1.15, 30.775, 0],
					"cubes": [
						{"origin": [0.2, 25.11875, -1.7], "size": [3.25, 7.3, 3.4], "uv": [14, 54]}
					]
				},
				{
					"name": "LeftForeArm",
					"parent": "LeftArm",
					"pivot": [1.875, 24.825, 0.025],
					"cubes": [
						{"origin": [0.025, 20.125, -1.825], "size": [3.7, 1.5, 3.7], "uv": [24, 75]},
						{"origin": [0.275, 20.625, -1.575], "size": [3.2, 4.5, 3.2], "uv": [0, 66]},
						{"origin": [1.925, 16.81875, -0.77813], "size": [2, 0.8125, 0.7531], "uv": [62, 121]},
						{"origin": [1.925, 16.81875, -1.575], "size": [2, 0.8125, 0.7531], "uv": [62, 121]},
						{"origin": [1.925, 16.81875, 0.01875], "size": [2, 0.8125, 0.7531], "uv": [62, 121]},
						{"origin": [1.925, 16.81875, 0.83125], "size": [2, 0.8125, 0.7531], "uv": [62, 121]},
						{"origin": [1.76875, 16.725, -1.62188], "size": [2, 1, 3.2531], "uv": [59, 115]},
						{"origin": [0.26875, 16.475, -1.84061], "size": [3.25, 3.75, 3.75313], "uv": [80, 113]}
					]
				},
				{
					"name": "LeftHandLocator",
					"parent": "LeftForeArm",
					"pivot": [1.875, 19.325, 0.025]
				},
				{
					"name": "RightArm",
					"pivot": [-1.15, 30.775, 0],
					"cubes": [
						{"origin": [-3.45, 25.15, -1.7], "size": [3.25, 7.3, 3.4], "uv": [14, 54]}
					]
				},
				{
					"name": "RightForeArm",
					"parent": "RightArm",
					"pivot": [-1.875, 24.825, 0.025],
					"cubes": [
						{"origin": [-3.725, 20.125, -1.825], "size": [3.7, 1.5, 3.7], "uv": [24, 75]},
						{"origin": [-3.475, 20.625, -1.575], "size": [3.2, 4.5, 3.2], "uv": [0, 66]},
						{"origin": [-3.41875, 16.475, -1.87188], "size": [3.25, 3.75, 3.7531], "uv": [83, 113]},
						{"origin": [-3.825, 16.81875, -0.77813], "size": [1.9375, 0.8125, 0.7531], "uv": [63, 118]},
						{"origin": [-3.825, 16.81875, 0.01875], "size": [1.9375, 0.8125, 0.7531], "uv": [63, 118]},
						{"origin": [-3.825, 16.81875, 0.83125], "size": [1.9375, 0.8125, 0.7531], "uv": [63, 118]},
						{"origin": [-3.825, 16.81875, -1.575], "size": [1.9375, 0.8125, 0.7531], "uv": [60, 115]},
						{"origin": [-3.66875, 16.725, -1.62188], "size": [1.9375, 1, 3.2531], "uv": [60, 113]}
					]
				},
				{
					"name": "RightHandLocator",
					"parent": "RightForeArm",
					"pivot": [-1.875, 19.325, 0.025]
				}
			]
		}
	]
}