{
	"format_version": "1.12.0",
	"minecraft:geometry": [
		{
			"description": {
				"identifier": "geometry.unknown",
				"texture_width": 128,
				"texture_height": 128,
				"visible_bounds_width": 7,
				"visible_bounds_height": 7,
				"visible_bounds_offset": [0, 2.5, 0]
			},
			"bones": [
				{
					"name": "Root",
					"pivot": [0, 0, 0]
				},
				{
					"name": "MAllBody",
					"parent": "Root",
					"pivot": [0, 20.65, 0]
				},
				{
					"name": "AllBody",
					"parent": "MAllBody",
					"pivot": [0, 20.65, 0]
				},
				{
					"name": "UpBody",
					"parent": "AllBody",
					"pivot": [0, 22.65, 0]
				},
				{
					"name": "MUpperBody",
					"parent": "UpBody",
					"pivot": [0, 22.65, 0]
				},
				{
					"name": "UpperBody",
					"parent": "MUpperBody",
					"pivot": [0, 22.65, 0],
					"cubes": [
						{"origin": [-4, 22.75, -2.025], "size": [8, 12, 4.05], "uv": [0, 14]}
					]
				},
				{
					"name": "smoke2",
					"parent": "UpperBody",
					"pivot": [-4.625, 21.25, 4.1875],
					"rotation": [0, -25, 0],
					"cubes": [
						{"origin": [-4.875, 19.25, 3.6875], "size": [1, 4, 1], "uv": [61, 116]},
						{"origin": [-4.875, 19.25, 2.98438], "size": [1, 4, 1], "uv": [81, 92]},
						{"origin": [-4.17187, 19.25, 3.6875], "size": [1, 4, 1], "uv": [81, 92]},
						{"origin": [-4.875, 19.25, 4.39063], "size": [1, 4, 1], "uv": [81, 92]},
						{"origin": [-5.57812, 19.25, 3.6875], "size": [1, 4, 1], "uv": [81, 92]},
						{"origin": [-5.375, 19.25, 4.1875], "size": [1, 4, 1], "pivot": [-4.875, 19.25, 4.6875], "rotation": [0, -45, 0], "uv": [81, 92]},
						{"origin": [-4.375, 19.25, 4.1875], "size": [1, 4, 1], "pivot": [-3.875, 19.25, 4.6875], "rotation": [0, -45, 0], "uv": [81, 92]},
						{"origin": [-5.375, 19.25, 3.1875], "size": [1, 4, 1], "pivot": [-4.875, 19.25, 3.6875], "rotation": [0, -45, 0], "uv": [81, 92]},
						{"origin": [-4.375, 19.25, 3.1875], "size": [1, 4, 1], "pivot": [-3.875, 19.25, 3.6875], "rotation": [0, -45, 0], "uv": [81, 92]},
						{"origin": [-5.4375, 23.25, 3.125], "size": [1.125, 0.25, 1.125], "pivot": [-4.875, 23.25, 3.6875], "rotation": [0, -45, 0], "uv": [61, 116]},
						{"origin": [-4.875, 23.25, 2.89063], "size": [1, 0.25, 1.15625], "uv": [62, 116]},
						{"origin": [-4.4375, 23.25, 3.125], "size": [1.125, 0.25, 1.125], "pivot": [-3.875, 23.25, 3.6875], "rotation": [0, -45, 0], "uv": [61, 116]},
						{"origin": [-4.23437, 23.25, 3.6875], "size": [1.15625, 0.25, 1], "uv": [63, 118]},
						{"origin": [-4.4375, 23.25, 4.125], "size": [1.125, 0.25, 1.125], "pivot": [-3.875, 23.25, 4.6875], "rotation": [0, -45, 0], "uv": [61, 116]},
						{"origin": [-4.875, 23.25, 4.32813], "size": [1, 0.25, 1.15625], "uv": [63, 116]},
						{"origin": [-5.4375, 23.25, 4.125], "size": [1.125, 0.25, 1.125], "pivot": [-4.875, 23.25, 4.6875], "rotation": [0, -45, 0], "uv": [61, 116]},
						{"origin": [-5.67187, 23.25, 3.6875], "size": [1.15625, 0.25, 1], "uv": [63, 118]},
						{"origin": [-4.9375, 23.25, 3.625], "size": [1.125, 0.25, 1.125], "uv": [61, 116]},
						{"origin": [-4.23437, 19, 3.6875], "size": [1.15625, 0.25, 1], "uv": [63, 118]},
						{"origin": [-4.875, 19, 2.89063], "size": [1, 0.25, 1.15625], "uv": [62, 116]},
						{"origin": [-4.4375, 19, 3.125], "size": [1.125, 0.25, 1.125], "pivot": [-3.875, 19, 3.6875], "rotation": [0, -45, 0], "uv": [61, 116]},
						{"origin": [-4.875, 19, 4.32813], "size": [1, 0.25, 1.15625], "uv": [63, 116]},
						{"origin": [-5.4375, 19, 4.125], "size": [1.125, 0.25, 1.125], "pivot": [-4.875, 19, 4.6875], "rotation": [0, -45, 0], "uv": [61, 116]},
						{"origin": [-5.67187, 19, 3.6875], "size": [1.15625, 0.25, 1], "uv": [63, 118]},
						{"origin": [-5.4375, 19, 3.125], "size": [1.125, 0.25, 1.125], "pivot": [-4.875, 19, 3.6875], "rotation": [0, -45, 0], "uv": [61, 116]},
						{"origin": [-4.4375, 19, 4.125], "size": [1.125, 0.25, 1.125], "pivot": [-3.875, 19, 4.6875], "rotation": [0, -45, 0], "uv": [61, 116]},
						{"origin": [-4.9375, 19, 3.625], "size": [1.125, 0.25, 1.125], "uv": [61, 116]},
						{"origin": [-5, 24.125, 5.07813], "size": [0.9375, 0.25, 0], "uv": [114, 67]},
						{"origin": [-4.3125, 23.625, 5.07813], "size": [0.25, 0.5, 0], "uv": [115, 67]},
						{"origin": [-5, 23.625, 5.07813], "size": [0.25, 0.5, 0], "uv": [115, 67]},
						{"origin": [-5, 23.375, 5.07813], "size": [0.9375, 0.25, 0], "uv": [114, 67]},
						{"origin": [-4.625, 24.25, 3.32813], "size": [0.25, 0.25, 1.75], "uv": [111, 65]},
						{"origin": [-4.85625, 23.475, 3.70624], "size": [1, 1, 1], "uv": [56, 117]},
						{"origin": [-5.10625, 24.475, 3.45624], "size": [1.5, 0.5, 1.5], "uv": [57, 117]},
						{"origin": [-5.65312, 24.225, 3.70624], "size": [0.79688, 0.25, 1], "uv": [62, 119]},
						{"origin": [-5.96562, 23.67813, 3.70624], "size": [0.34375, 0.17188, 1], "pivot": [-6.39062, 24.125, 4.20313], "rotation": [0, 0, -45], "uv": [62, 119]},
						{"origin": [-6.48125, 22.6, 3.70624], "size": [4.375, 0.25, 1], "pivot": [-5.375, 23.125, 4.20313], "rotation": [0, 0, 90], "uv": [60, 119]}
					]
				},
				{
					"name": "bullet-proofvest",
					"parent": "UpperBody",
					"pivot": [0, 27, 0.25],
					"cubes": [
						{"origin": [-4.25, 34.75, -3.025], "size": [2.25, 0.5, 5.55], "uv": [102, 112]},
						{"origin": [2, 34.75, -3.025], "size": [2.25, 0.5, 5.55], "uv": [105, 113]},
						{"origin": [-4.25, 22.75, 2.52188], "size": [8.5, 12.5, 1], "uv": [103, 108]},
						{"origin": [-4.25, 33.25, -3.47812], "size": [2.25, 2, 1], "uv": [103, 108]},
						{"origin": [2, 33.25, -3.47812], "size": [2.25, 2, 1], "uv": [103, 108]},
						{"origin": [-4.25, 22.75, -3.47812], "size": [8.5, 10.5, 1], "uv": [103, 108]},
						{"origin": [-4.25, 22.75, -3.025], "size": [0.75, 8, 5.55], "uv": [103, 107]},
						{"origin": [3.5, 22.75, -3.025], "size": [0.75, 8, 5.55], "uv": [107, 108]},
						{"origin": [-4, 33.75, -2.525], "size": [8, 1, 1.3], "pivot": [2.5, 34, -3.5], "rotation": [-90, 0, 0], "uv": [66, 0]},
						{"origin": [-4, 33.75, 3.975], "size": [8, 1, 1.3], "pivot": [2.5, 34, 3], "rotation": [-90, 0, 0], "uv": [66, 0]},
						{"origin": [-4.5, 30, -2.525], "size": [9, 7.5, 1.3], "pivot": [2.5, 30.25, -3.5], "rotation": [-90, 0, 0], "uv": [108, 0]},
						{"origin": [-4.5, 28, -2.525], "size": [9, 7.5, 1.3], "pivot": [2.5, 28.25, -3.5], "rotation": [-90, 0, 0], "uv": [108, 0]},
						{"origin": [-4.5, 26, -2.525], "size": [9, 7.5, 1.3], "pivot": [2.5, 26.25, -3.5], "rotation": [-90, 0, 0], "uv": [108, 0]}
					]
				},
				{
					"name": "radio",
					"parent": "bullet-proofvest",
					"pivot": [5.09375, 25.25, 4],
					"rotation": [0, 47.5, 0],
					"cubes": [
						{"origin": [3.84375, 22.75, 3.225], "size": [2.25, 4, 1.55], "uv": [107, 116]},
						{"origin": [3.96875, 24, 3.4375], "size": [2, 4, 1], "uv": [14, 78]},
						{"origin": [5.34375, 28, 3.6875], "size": [0.5, 6, 0.5], "uv": [83, 114]},
						{"origin": [4.09375, 28, 3.6875], "size": [0.5, 0.5, 0.5], "uv": [84, 116]},
						{"origin": [4.71875, 28, 3.6875], "size": [0.5, 0.5, 0.5], "uv": [88, 112]}
					]
				},
				{
					"name": "falshbang",
					"parent": "bullet-proofvest",
					"pivot": [3.5625, 31.5, 5.14063],
					"cubes": [
						{"origin": [2.83125, 30.225, 4.26874], "size": [1.5, 3, 1.5], "uv": [115, 31]},
						{"origin": [3.08125, 34.225, 4.51874], "size": [1, 1, 1], "uv": [56, 117]},
						{"origin": [2.33125, 35.225, 4.51874], "size": [1.75, 0.25, 1], "uv": [56, 117]},
						{"origin": [2.83125, 35.225, 4.26874], "size": [1.5, 0.5, 1.5], "uv": [57, 117]},
						{"origin": [1.90938, 34.475, 4.51874], "size": [1.25, 0.25, 1], "pivot": [2.26563, 34.5625, 5.01563], "rotation": [0, 0, -75], "uv": [57, 117]},
						{"origin": [1.55, 33.52188, 4.51874], "size": [2.5, 0.25, 1], "pivot": [1.90625, 33.60938, 5.01563], "rotation": [0, 0, 90], "uv": [57, 117]},
						{"origin": [2.15938, 33.39688, 4.51874], "size": [0.4375, 0.25, 1], "pivot": [1.70313, 33.48438, 5.01563], "rotation": [0, 0, -57.5], "uv": [58, 117]},
						{"origin": [3.08125, 33.225, 4.51874], "size": [1, 1, 1], "uv": [91, 29]},
						{"origin": [3.78438, 33.225, 4.51874], "size": [1, 1, 1], "uv": [91, 29]},
						{"origin": [3.08125, 33.225, 5.20624], "size": [1, 1, 1], "uv": [91, 29]},
						{"origin": [2.3625, 33.225, 4.50312], "size": [1, 1, 1], "uv": [91, 29]},
						{"origin": [3.08125, 33.225, 3.79999], "size": [1, 1, 1], "uv": [91, 29]},
						{"origin": [3.58125, 33.225, 4.01874], "size": [1, 1, 1], "pivot": [4.0625, 33.75, 4.51563], "rotation": [0, 45, 0], "uv": [91, 29]},
						{"origin": [2.58125, 33.225, 5.01874], "size": [1, 1, 1], "pivot": [3.0625, 33.75, 5.51563], "rotation": [0, 45, 0], "uv": [91, 29]},
						{"origin": [2.58125, 33.225, 3.98749], "size": [1, 1, 1], "pivot": [3.0625, 33.75, 4.48438], "rotation": [0, -45, 0], "uv": [91, 29]},
						{"origin": [3.58125, 33.225, 4.98749], "size": [1, 1, 1], "pivot": [4.0625, 33.75, 5.48438], "rotation": [0, -45, 0], "uv": [91, 29]},
						{"origin": [3.08125, 29.35, 4.51874], "size": [1, 1, 1], "uv": [91, 29]},
						{"origin": [3.08125, 29.35, 5.20624], "size": [1, 1, 1], "uv": [91, 29]},
						{"origin": [2.58125, 29.35, 5.01874], "size": [1, 1, 1], "pivot": [3.0625, 29.875, 5.51563], "rotation": [0, 45, 0], "uv": [91, 29]},
						{"origin": [2.3625, 29.35, 4.50312], "size": [1, 1, 1], "uv": [91, 29]},
						{"origin": [2.58125, 29.35, 3.98749], "size": [1, 1, 1], "pivot": [3.0625, 29.875, 4.48438], "rotation": [0, -45, 0], "uv": [91, 29]},
						{"origin": [3.08125, 29.35, 3.79999], "size": [1, 1, 1], "uv": [91, 29]},
						{"origin": [3.58125, 29.35, 4.01874], "size": [1, 1, 1], "pivot": [4.0625, 29.875, 4.51563], "rotation": [0, 45, 0], "uv": [91, 29]},
						{"origin": [3.78438, 29.35, 4.51874], "size": [1, 1, 1], "uv": [91, 29]},
						{"origin": [3.58125, 29.35, 4.98749], "size": [1, 1, 1], "pivot": [4.0625, 29.875, 5.48438], "rotation": [0, -45, 0], "uv": [91, 29]},
						{"origin": [3.08125, 30.725, 4.51874], "size": [1, 2.25, 1], "uv": [119, 31]},
						{"origin": [3.3125, 35, 4.64063], "size": [0.25, 0.25, 1.75], "uv": [111, 65]},
						{"origin": [2.9375, 34.875, 6.39063], "size": [0.9375, 0.25, 0], "uv": [114, 67]},
						{"origin": [2.9375, 34.125, 6.39063], "size": [0.9375, 0.25, 0], "uv": [114, 67]},
						{"origin": [3.625, 34.375, 6.39063], "size": [0.25, 0.5, 0], "uv": [115, 67]},
						{"origin": [2.9375, 34.375, 6.39063], "size": [0.25, 0.5, 0], "uv": [115, 67]},
						{"origin": [1.8125, 29.25, 6.28751], "size": [3, 3.5, 0], "uv": [109, 110]},
						{"origin": [1.8125, 58.75, -21.18124], "size": [3, 2.48438, 0], "pivot": [2.0625, 31.5, -23.45312], "rotation": [-90, 0, 0], "uv": [109, 110]},
						{"origin": [1.8125, 29.25, 3.7875], "size": [3, 3.5, 0], "uv": [109, 110]},
						{"origin": [4.57813, 29.25, 5.55313], "size": [2.5, 3.5, 0], "pivot": [4.07813, 2, 3.28125], "rotation": [0, -90, 0], "uv": [110, 110]},
						{"origin": [7.57813, 29.25, 5.55313], "size": [2.5, 3.5, 0], "pivot": [7.07813, 2, 3.28125], "rotation": [0, -90, 0], "uv": [110, 110]}
					]
				},
				{
					"name": "smoke",
					"parent": "bullet-proofvest",
					"pivot": [-0.125, 32, 4.9375],
					"cubes": [
						{"origin": [-0.375, 30, 4.4375], "size": [1, 4, 1], "uv": [61, 116]},
						{"origin": [-0.375, 30, 3.73438], "size": [1, 4, 1], "uv": [81, 92]},
						{"origin": [0.32813, 30, 4.4375], "size": [1, 4, 1], "uv": [81, 92]},
						{"origin": [-0.375, 30, 5.14063], "size": [1, 4, 1], "uv": [81, 92]},
						{"origin": [-1.07812, 30, 4.4375], "size": [1, 4, 1], "uv": [81, 92]},
						{"origin": [-0.875, 30, 4.9375], "size": [1, 4, 1], "pivot": [-0.375, 30, 5.4375], "rotation": [0, -45, 0], "uv": [81, 92]},
						{"origin": [0.125, 30, 4.9375], "size": [1, 4, 1], "pivot": [0.625, 30, 5.4375], "rotation": [0, -45, 0], "uv": [81, 92]},
						{"origin": [-0.875, 30, 3.9375], "size": [1, 4, 1], "pivot": [-0.375, 30, 4.4375], "rotation": [0, -45, 0], "uv": [81, 92]},
						{"origin": [0.125, 30, 3.9375], "size": [1, 4, 1], "pivot": [0.625, 30, 4.4375], "rotation": [0, -45, 0], "uv": [81, 92]},
						{"origin": [-0.9375, 34, 3.875], "size": [1.125, 0.25, 1.125], "pivot": [-0.375, 34, 4.4375], "rotation": [0, -45, 0], "uv": [61, 116]},
						{"origin": [-0.375, 34, 3.64063], "size": [1, 0.25, 1.15625], "uv": [62, 116]},
						{"origin": [0.0625, 34, 3.875], "size": [1.125, 0.25, 1.125], "pivot": [0.625, 34, 4.4375], "rotation": [0, -45, 0], "uv": [61, 116]},
						{"origin": [0.26563, 34, 4.4375], "size": [1.15625, 0.25, 1], "uv": [63, 118]},
						{"origin": [0.0625, 34, 4.875], "size": [1.125, 0.25, 1.125], "pivot": [0.625, 34, 5.4375], "rotation": [0, -45, 0], "uv": [61, 116]},
						{"origin": [-0.375, 34, 5.07813], "size": [1, 0.25, 1.15625], "uv": [63, 116]},
						{"origin": [-0.9375, 34, 4.875], "size": [1.125, 0.25, 1.125], "pivot": [-0.375, 34, 5.4375], "rotation": [0, -45, 0], "uv": [61, 116]},
						{"origin": [-1.17187, 34, 4.4375], "size": [1.15625, 0.25, 1], "uv": [63, 118]},
						{"origin": [-0.4375, 34, 4.375], "size": [1.125, 0.25, 1.125], "uv": [61, 116]},
						{"origin": [0.26563, 29.75, 4.4375], "size": [1.15625, 0.25, 1], "uv": [63, 118]},
						{"origin": [-0.375, 29.75, 3.64063], "size": [1, 0.25, 1.15625], "uv": [62, 116]},
						{"origin": [0.0625, 29.75, 3.875], "size": [1.125, 0.25, 1.125], "pivot": [0.625, 29.75, 4.4375], "rotation": [0, -45, 0], "uv": [61, 116]},
						{"origin": [-0.375, 29.75, 5.07813], "size": [1, 0.25, 1.15625], "uv": [63, 116]},
						{"origin": [-0.9375, 29.75, 4.875], "size": [1.125, 0.25, 1.125], "pivot": [-0.375, 29.75, 5.4375], "rotation": [0, -45, 0], "uv": [61, 116]},
						{"origin": [-1.17187, 29.75, 4.4375], "size": [1.15625, 0.25, 1], "uv": [63, 118]},
						{"origin": [-0.9375, 29.75, 3.875], "size": [1.125, 0.25, 1.125], "pivot": [-0.375, 29.75, 4.4375], "rotation": [0, -45, 0], "uv": [61, 116]},
						{"origin": [0.0625, 29.75, 4.875], "size": [1.125, 0.25, 1.125], "pivot": [0.625, 29.75, 5.4375], "rotation": [0, -45, 0], "uv": [61, 116]},
						{"origin": [-0.4375, 29.75, 4.375], "size": [1.125, 0.25, 1.125], "uv": [61, 116]},
						{"origin": [-0.5, 34.875, 5.82813], "size": [0.9375, 0.25, 0], "uv": [114, 67]},
						{"origin": [0.1875, 34.375, 5.82813], "size": [0.25, 0.5, 0], "uv": [115, 67]},
						{"origin": [-0.5, 34.375, 5.82813], "size": [0.25, 0.5, 0], "uv": [115, 67]},
						{"origin": [-0.5, 34.125, 5.82813], "size": [0.9375, 0.25, 0], "uv": [114, 67]},
						{"origin": [-0.125, 35, 4.07813], "size": [0.25, 0.25, 1.75], "uv": [111, 65]},
						{"origin": [-0.35625, 34.225, 4.45624], "size": [1, 1, 1], "uv": [56, 117]},
						{"origin": [-0.60625, 35.225, 4.20624], "size": [1.5, 0.5, 1.5], "uv": [57, 117]},
						{"origin": [-1.15312, 34.975, 4.45624], "size": [0.79688, 0.25, 1], "uv": [62, 119]},
						{"origin": [-1.46562, 34.42813, 4.45624], "size": [0.34375, 0.17188, 1], "pivot": [-1.89062, 34.875, 4.95313], "rotation": [0, 0, -45], "uv": [62, 119]},
						{"origin": [-1.98125, 33.35, 4.45624], "size": [4.375, 0.25, 1], "pivot": [-0.875, 33.875, 4.95313], "rotation": [0, 0, 90], "uv": [60, 119]},
						{"origin": [4.32813, 29.25, 5.24063], "size": [2.8125, 3.5, 0], "pivot": [3.82813, 2, 2.96875], "rotation": [0, -90, 0], "uv": [110, 110]},
						{"origin": [1.32813, 29.25, 5.24063], "size": [2.82813, 3.5, 0], "pivot": [0.82813, 2, 2.96875], "rotation": [0, -90, 0], "uv": [110, 110]},
						{"origin": [-1.4375, 29.25, 3.475], "size": [3, 3.5, 0], "uv": [109, 110]},
						{"origin": [-1.4375, 58.76563, -21.49374], "size": [3, 2.79688, 0], "pivot": [-1.1875, 31.51563, -23.76562], "rotation": [-90, 0, 0], "uv": [109, 110]},
						{"origin": [-1.4375, 29.25, 6.28751], "size": [3, 3.5, 0], "uv": [109, 110]}
					]
				},
				{
					"name": "magazine",
					"parent": "bullet-proofvest",
					"pivot": [-4.75, 26.25, -4],
					"rotation": [0, 45, 0],
					"cubes": [
						{"origin": [-5.75, 25.5, -4.5], "size": [2, 2.25, 1], "uv": [11, 117]},
						{"origin": [-5.75, 27.75, -4.5], "size": [2, 0.375, 0.125], "uv": [12, 118]},
						{"origin": [-3.79687, 27.625, -4.45312], "size": [0.76563, 0.375, 0.125], "pivot": [-3.79687, 27.875, -4.39062], "rotation": [0, -90, 0], "uv": [14, 118]},
						{"origin": [-5.75, 27.98438, -4.39062], "size": [2, 0.28125, 0.125], "pivot": [-4.5, 28.14063, -4.32812], "rotation": [-65, 0, 0], "uv": [12, 118]},
						{"origin": [-5.75, 27.98438, -3.73437], "size": [2, 0.28125, 0.125], "pivot": [-4.5, 28.14063, -3.67187], "rotation": [65, 0, 0], "uv": [12, 118]},
						{"origin": [-5.75, 27.75, -3.625], "size": [2, 0.375, 0.125], "uv": [12, 118]},
						{"origin": [-6.51562, 23.76563, -4.5], "size": [2, 2.25, 1], "pivot": [-5.26562, 24.01563, -3.5], "rotation": [0, 0, 25], "uv": [11, 117]}
					]
				},
				{
					"name": "bullet",
					"parent": "magazine",
					"pivot": [-4.5, 27.875, -4],
					"cubes": [
						{"origin": [-5.01562, 27.64063, -4.25], "size": [1.21875, 0.5, 0.5], "uv": [70, 40]},
						{"origin": [-5.26562, 27.70313, -4.20312], "size": [0.25, 0.39063, 0.39063], "uv": [83, 68]},
						{"origin": [-4.01562, 27.70313, -4.20312], "size": [0.25, 0.39063, 0.39063], "uv": [83, 68]},
						{"origin": [-5.51562, 27.76563, -4.14062], "size": [0.25, 0.26563, 0.26563], "uv": [85, 70]},
						{"origin": [-5.70312, 27.82813, -4.07812], "size": [0.1875, 0.14063, 0.14063], "uv": [88, 72]}
					]
				},
				{
					"name": "magazine2",
					"parent": "bullet-proofvest",
					"pivot": [-2.4375, 26.25, -4.25],
					"cubes": [
						{"origin": [-3.4375, 24.25, -4.75], "size": [2, 3.5, 1], "uv": [11, 117]},
						{"origin": [-3.4375, 27.75, -4.75], "size": [2, 0.375, 0.125], "uv": [12, 118]},
						{"origin": [-1.48437, 27.625, -4.70312], "size": [0.76563, 0.375, 0.125], "pivot": [-1.48437, 27.875, -4.64062], "rotation": [0, -90, 0], "uv": [14, 118]},
						{"origin": [-3.4375, 27.98438, -4.64062], "size": [2, 0.28125, 0.125], "pivot": [-2.1875, 28.14063, -4.57812], "rotation": [-65, 0, 0], "uv": [12, 118]},
						{"origin": [-3.4375, 27.98438, -3.98437], "size": [2, 0.28125, 0.125], "pivot": [-2.1875, 28.14063, -3.92187], "rotation": [65, 0, 0], "uv": [12, 118]},
						{"origin": [-3.4375, 27.75, -3.875], "size": [2, 0.375, 0.125], "uv": [12, 118]}
					]
				},
				{
					"name": "bullet2",
					"parent": "magazine2",
					"pivot": [-2.1875, 27.875, -4.25],
					"cubes": [
						{"origin": [-2.70312, 27.64063, -4.5], "size": [1.21875, 0.5, 0.5], "uv": [70, 40]},
						{"origin": [-2.95312, 27.70313, -4.45312], "size": [0.25, 0.39063, 0.39063], "uv": [83, 68]},
						{"origin": [-1.70312, 27.70313, -4.45312], "size": [0.25, 0.39063, 0.39063], "uv": [83, 68]},
						{"origin": [-3.20312, 27.76563, -4.39062], "size": [0.25, 0.26563, 0.26563], "uv": [85, 70]},
						{"origin": [-3.39062, 27.82813, -4.32812], "size": [0.1875, 0.14063, 0.14063], "uv": [88, 72]}
					]
				},
				{
					"name": "Pistol_magazine",
					"parent": "bullet-proofvest",
					"pivot": [4, 28, -4.25],
					"cubes": [
						{"origin": [3.25, 23.25, -4.75], "size": [1.5, 7.5, 1], "uv": [13, 117]},
						{"origin": [3.25, 30.75, -4.75], "size": [1.5, 0.375, 0.125], "uv": [14, 118]},
						{"origin": [4.70313, 30.625, -4.70312], "size": [0.76563, 0.375, 0.125], "pivot": [4.70313, 30.875, -4.64062], "rotation": [0, -90, 0], "uv": [15, 118]},
						{"origin": [3.25, 30.98438, -4.64062], "size": [1.5, 0.28125, 0.125], "pivot": [4, 31.14063, -4.57812], "rotation": [-65, 0, 0], "uv": [14, 118]},
						{"origin": [3.25, 30.98438, -3.98437], "size": [1.5, 0.28125, 0.125], "pivot": [4, 31.14063, -3.92187], "rotation": [65, 0, 0], "uv": [14, 118]},
						{"origin": [3.25, 30.75, -3.875], "size": [1.5, 0.375, 0.125], "uv": [14, 118]}
					]
				},
				{
					"name": "bullet4",
					"parent": "Pistol_magazine",
					"pivot": [3.875, 30.875, -4.25],
					"cubes": [
						{"origin": [3.85938, 30.64063, -4.5], "size": [0.71875, 0.5, 0.5], "uv": [72, 40]},
						{"origin": [3.60938, 30.70313, -4.45312], "size": [0.25, 0.39063, 0.39063], "uv": [85, 68]},
						{"origin": [4.10938, 30.70313, -4.45312], "size": [0.5, 0.39063, 0.39063], "uv": [84, 68]},
						{"origin": [3.35938, 30.76563, -4.39062], "size": [0.25, 0.26563, 0.26563], "uv": [87, 70]}
					]
				},
				{
					"name": "Pistol_magazine2",
					"parent": "bullet-proofvest",
					"pivot": [2.125, 28, -4.25],
					"cubes": [
						{"origin": [1.625, 23.25, -4.75], "size": [1.5, 7.5, 1], "uv": [13, 117]},
						{"origin": [1.625, 30.75, -4.75], "size": [1.5, 0.375, 0.125], "uv": [14, 118]},
						{"origin": [3.07813, 30.625, -4.70312], "size": [0.76563, 0.375, 0.125], "pivot": [3.07813, 30.875, -4.64062], "rotation": [0, -90, 0], "uv": [15, 118]},
						{"origin": [1.625, 30.98438, -4.64062], "size": [1.5, 0.28125, 0.125], "pivot": [2.375, 31.14063, -4.57812], "rotation": [-65, 0, 0], "uv": [14, 118]},
						{"origin": [1.625, 30.98438, -3.98437], "size": [1.5, 0.28125, 0.125], "pivot": [2.375, 31.14063, -3.92187], "rotation": [65, 0, 0], "uv": [14, 118]},
						{"origin": [1.625, 30.75, -3.875], "size": [1.5, 0.375, 0.125], "uv": [14, 118]}
					]
				},
				{
					"name": "bullet3",
					"parent": "Pistol_magazine2",
					"pivot": [2.25, 30.875, -4.25],
					"cubes": [
						{"origin": [2.23438, 30.64063, -4.5], "size": [0.71875, 0.5, 0.5], "uv": [72, 40]},
						{"origin": [1.98438, 30.70313, -4.45312], "size": [0.25, 0.39063, 0.39063], "uv": [85, 68]},
						{"origin": [2.48438, 30.70313, -4.45312], "size": [0.5, 0.39063, 0.39063], "uv": [84, 68]},
						{"origin": [1.73438, 30.76563, -4.39062], "size": [0.25, 0.26563, 0.26563], "uv": [87, 70]}
					]
				},
				{
					"name": "Pistol_magazine3",
					"parent": "bullet-proofvest",
					"pivot": [0.5, 27.75, -4.25],
					"cubes": [
						{"origin": [0, 23.25, -4.75], "size": [1.5, 7.5, 1], "uv": [13, 117]},
						{"origin": [0, 30.75, -4.75], "size": [1.5, 0.375, 0.125], "uv": [14, 118]},
						{"origin": [1.45313, 30.625, -4.70312], "size": [0.76563, 0.375, 0.125], "pivot": [1.45313, 30.875, -4.64062], "rotation": [0, -90, 0], "uv": [15, 118]},
						{"origin": [0, 30.98438, -4.64062], "size": [1.5, 0.28125, 0.125], "pivot": [0.75, 31.14063, -4.57812], "rotation": [-65, 0, 0], "uv": [14, 118]},
						{"origin": [0, 30.98438, -3.98437], "size": [1.5, 0.28125, 0.125], "pivot": [0.75, 31.14063, -3.92187], "rotation": [65, 0, 0], "uv": [14, 118]},
						{"origin": [0, 30.75, -3.875], "size": [1.5, 0.375, 0.125], "uv": [14, 118]}
					]
				},
				{
					"name": "bullet5",
					"parent": "Pistol_magazine3",
					"pivot": [0.625, 30.875, -4.25],
					"cubes": [
						{"origin": [0.60938, 30.64063, -4.5], "size": [0.71875, 0.5, 0.5], "uv": [72, 40]},
						{"origin": [0.35938, 30.70313, -4.45312], "size": [0.25, 0.39063, 0.39063], "uv": [85, 68]},
						{"origin": [0.85938, 30.70313, -4.45312], "size": [0.5, 0.39063, 0.39063], "uv": [84, 68]},
						{"origin": [0.10938, 30.76563, -4.39062], "size": [0.25, 0.26563, 0.26563], "uv": [87, 70]}
					]
				},
				{
					"name": "AllHead",
					"parent": "UpperBody",
					"pivot": [0, 35.425, -0.025],
					"cubes": [
						{"origin": [-1.5, 33.925, -1.525], "size": [3, 3, 3], "uv": [12, 72]}
					]
				},
				{
					"name": "Hat",
					"parent": "AllHead",
					"pivot": [0, 35.75, 2],
					"cubes": [
						{"origin": [-3.75, 34.3625, 3.5], "size": [7.5, 2.875, 1], "pivot": [-0.25, 36.0625, 4], "rotation": [110, 0, 0], "uv": [39, 38]},
						{"origin": [-3.75, 36.19062, 4.35938], "size": [7.5, 1.92188, 1.40625], "uv": [39, 38]},
						{"origin": [-3.75, 35.06562, 3.5], "size": [7.5, 4.42188, 1], "pivot": [-0.25, 37.0625, 4], "rotation": [135, 0, 0], "uv": [39, 38]},
						{"origin": [2.25, 33.2375, -0.125], "size": [1.5, 4.375, 1], "pivot": [-0.25, 35.1875, 0.375], "rotation": [-90, 0, 0], "uv": [45, 38]},
						{"origin": [-3.75, 33.2375, -0.125], "size": [1.5, 4.375, 1], "pivot": [-6.25, 35.1875, 0.375], "rotation": [-90, 0, 0], "uv": [45, 38]}
					]
				},
				{
					"name": "MHead",
					"parent": "AllHead",
					"pivot": [0, 36.05, 0]
				},
				{
					"name": "Head",
					"parent": "MHead",
					"pivot": [0, 36.05, 0],
					"cubes": [
						{"origin": [-3.5, 36.05, -3.5], "size": [7, 7, 7], "uv": [0, 0]}
					]
				},
				{
					"name": "Gasmask",
					"parent": "Head",
					"pivot": [0, 2, 0],
					"cubes": [
						{"origin": [-3.34375, 35.78437, -4.09375], "size": [6.6875, 6.76563, 1.875], "uv": [80, 118]},
						{"origin": [-3.40625, 36.03437, -3.84375], "size": [6.8125, 6.76563, 1.875], "uv": [80, 113]},
						{"origin": [-2.46875, 42.28437, -3.84375], "size": [1.25, 1, 6], "uv": [81, 112]},
						{"origin": [-4.21875, 40.28437, -3.67187], "size": [1.25, 1.23438, 7.5], "pivot": [-3.5, 40.75, 0.92188], "rotation": [0, 0, 90], "uv": [80, 113]},
						{"origin": [2.53125, 40.28437, -3.67187], "size": [1.25, 1.23438, 7.5], "pivot": [3.25, 40.75, 0.92188], "rotation": [0, 0, 90], "uv": [80, 110]},
						{"origin": [-4.21875, 37.28437, -3.67187], "size": [1.25, 1.23438, 7.5], "pivot": [-3.5, 37.75, 0.92188], "rotation": [0, 0, 90], "uv": [78, 107]},
						{"origin": [2.53125, 37.28437, -3.67187], "size": [1.25, 1.23438, 7.5], "pivot": [3.25, 37.75, 0.92188], "rotation": [0, 0, 90], "uv": [80, 110]},
						{"origin": [1.28125, 42.28437, -3.84375], "size": [1.25, 1, 6], "uv": [81, 110]},
						{"origin": [-3.28125, 36.53437, 1.90625], "size": [6.5625, 6.76563, 2], "uv": [79, 112]},
						{"origin": [-2.90625, 38.78437, -4.25], "size": [2.0625, 2.0625, 1], "uv": [60, 114]},
						{"origin": [-2.98437, 40.78437, -4.32812], "size": [2.0625, 0.3125, 1], "uv": [36, 117]},
						{"origin": [-4.03125, 39.34687, -4.32812], "size": [2.5625, 0.3125, 1], "pivot": [-2.75, 39.8125, -3.48437], "rotation": [0, 0, 90], "uv": [35, 114]},
						{"origin": [0.875, 38.78437, -4.1875], "size": [2.0625, 2.0625, 1], "uv": [66, 115]},
						{"origin": [0.875, 38.53437, -4.26562], "size": [2.0625, 0.3125, 1], "uv": [35, 116]},
						{"origin": [1.78125, 39.59687, -4.26562], "size": [2.5625, 0.3125, 1], "pivot": [3.0625, 39.8125, -3.42187], "rotation": [0, 0, 90], "uv": [36, 116]},
						{"origin": [0.875, 40.78437, -4.26562], "size": [2.0625, 0.3125, 1], "uv": [35, 116]},
						{"origin": [-0.15625, 39.34687, -4.26562], "size": [2.5625, 0.3125, 1], "pivot": [1.125, 39.8125, -3.42187], "rotation": [0, 0, 90], "uv": [36, 114]},
						{"origin": [-2.09375, 39.59687, -4.32812], "size": [2.5625, 0.3125, 1], "pivot": [-0.8125, 39.8125, -3.48437], "rotation": [0, 0, 90], "uv": [35, 113]},
						{"origin": [-2.98437, 38.53437, -4.32812], "size": [2.0625, 0.3125, 1], "uv": [39, 115]},
						{"origin": [-1.78125, 35.78437, -5.09375], "size": [3.5625, 2.26563, 1], "uv": [83, 115]},
						{"origin": [-0.65625, 36.28437, -5.34375], "size": [1.26563, 1.26563, 1], "uv": [86, 118]},
						{"origin": [-2.59375, 36.28437, -4.84375], "size": [1.26563, 1.26563, 1], "pivot": [-1.96875, 37, -4.25], "rotation": [0, 45, 0], "uv": [85, 117]},
						{"origin": [1.40625, 36.28437, -5.09375], "size": [1.26563, 1.26563, 1.25], "pivot": [2.03125, 37, -4.25], "rotation": [0, -45, 0], "uv": [85, 116]},
						{"origin": [1.77635, 35.39375, -6.3701], "size": [3, 3, 2], "pivot": [3.3125, 36.85938, -5.45312], "rotation": [0, -45, 0], "uv": [58, 76]},
						{"origin": [-1.03125, 37.65937, -5.34375], "size": [2.01563, 0.26563, 1], "uv": [84, 116]},
						{"origin": [-1.03125, 35.90937, -5.34375], "size": [2.01563, 0.26563, 1], "uv": [85, 117]},
						{"origin": [-1.9375, 36.90937, -5.34375], "size": [1.76563, 0.26563, 1], "pivot": [-1.0625, 36.875, -4.75], "rotation": [0, 0, 90], "uv": [82, 114]},
						{"origin": [-0.1875, 36.90937, -5.34375], "size": [1.76563, 0.26563, 1], "pivot": [0.6875, 36.875, -4.75], "rotation": [0, 0, 90], "uv": [84, 114]},
						{"origin": [0.67188, 35.78437, -4.09375], "size": [1.5625, 2.26563, 1], "pivot": [2.45313, 37, -3.25], "rotation": [0, -45, 0], "uv": [83, 113]},
						{"origin": [-2.70312, 35.78437, -5.0625], "size": [1.42188, 2.26563, 1], "pivot": [-1.5625, 36.75, -4.46875], "rotation": [0, 45, 0], "uv": [86, 113]},
						{"origin": [-0.51562, 37.84687, -4.92187], "size": [1, 3.79688, 1], "pivot": [-0.04687, 38.5625, -4.32812], "rotation": [-15, 0, 0], "uv": [87, 115]},
						{"origin": [-1.67187, 37.76226, -4.38671], "size": [1.57813, 3.79688, 1], "pivot": [-0.625, 39.75, -3.875], "rotation": [-18.66201, 36.01651, -11.23272], "uv": [85, 114]},
						{"origin": [0.07813, 37.79351, -4.41796], "size": [1.57813, 3.79688, 1], "pivot": [0.54688, 39.78125, -3.90625], "rotation": [-18.66201, -36.01651, 11.23272], "uv": [85, 114]}
					]
				},
				{
					"name": "LeftShoulderLocator",
					"parent": "Head",
					"pivot": [3, 45.8, 0]
				},
				{
					"name": "RightShoulderLocator",
					"parent": "Head",
					"pivot": [-3, 45.8, 0]
				},
				{
					"name": "Arm",
					"parent": "UpperBody",
					"pivot": [-0.2, 33.025, 0]
				},
				{
					"name": "LeftArm",
					"parent": "Arm",
					"pivot": [4.65, 33.525, 0],
					"rotation": [0, 0, -5],
					"cubes": [
						{"origin": [3.7, 27.4, -1.7], "size": [3.25, 7.3, 3.4], "uv": [14, 54]}
					]
				},
				{
					"name": "LeftForeArm",
					"parent": "LeftArm",
					"pivot": [5.375, 27.575, 0.025],
					"cubes": [
						{"origin": [3.775, 23.375, -1.575], "size": [3.2, 4.5, 3.2], "uv": [0, 66]},
						{"origin": [3.525, 22.875, -1.825], "size": [3.7, 1.5, 3.7], "uv": [24, 75]}
					]
				},
				{
					"name": "LeftHand",
					"parent": "LeftForeArm",
					"pivot": [5.375, 22.325, -0.19374],
					"cubes": [
						{"origin": [4.45625, 19.725, -1.84061], "size": [1.5, 3.75, 3.75313], "uv": [81, 113]},
						{"origin": [5.95625, 19.975, -1.62188], "size": [0.25, 1, 3.2531], "uv": [60, 115]},
						{"origin": [6.1125, 20.06875, 0.83125], "size": [0.25, 0.8125, 0.7531], "uv": [63, 121]},
						{"origin": [6.1125, 20.06875, 0.01875], "size": [0.25, 0.8125, 0.7531], "uv": [63, 121]},
						{"origin": [6.1125, 20.06875, -1.575], "size": [0.25, 0.8125, 0.7531], "uv": [63, 121]},
						{"origin": [6.1125, 20.06875, -0.77813], "size": [0.25, 0.8125, 0.7531], "uv": [63, 121]},
						{"origin": [2.8066, 21.37999, -2.72995], "size": [1, 1.5, 1], "pivot": [3.375, 21.25, -2.21875], "rotation": [-34.78158, 16.64378, 83.73031], "uv": [85, 114]},
						{"origin": [5.12813, 18.42813, -1.84061], "size": [1, 1.75, 1], "pivot": [5.42188, 20.1875, -1.21874], "rotation": [0, 0, 40], "uv": [86, 113]},
						{"origin": [5.09222, 18.00738, -1.09061], "size": [1, 2, 1], "pivot": [5.67188, 20.04688, -0.51562], "rotation": [0, 0, 45], "uv": [85, 116]},
						{"origin": [5.20625, 18.77188, -0.09062], "size": [1, 1.5, 1], "pivot": [5.5, 20.28125, 0.48438], "rotation": [0, 0, 50], "uv": [87, 118]},
						{"origin": [5.15938, 18.85001, 0.90939], "size": [1, 1.25, 1], "pivot": [5.70313, 20.10938, 1.48438], "rotation": [0, 0, 55], "uv": [84, 115]},
						{"origin": [4.22188, 17.06876, -1.84061], "size": [1, 1.75, 1], "pivot": [4.76563, 18.82813, -1.46874], "rotation": [0, 0, 80], "uv": [86, 117]},
						{"origin": [3.925, 17.0375, -1.09061], "size": [1, 1.75, 1], "pivot": [4.48438, 18.75, -0.51562], "rotation": [0, 0, 90], "uv": [86, 114]},
						{"origin": [4.3625, 17.47501, -0.09062], "size": [1, 1.75, 1], "pivot": [4.89063, 19.23438, 0.48438], "rotation": [0, 0, 100], "uv": [86, 116]},
						{"origin": [4.55, 17.67815, 0.90939], "size": [1, 1.75, 1], "pivot": [5.09375, 19.43751, 1.48438], "rotation": [0, 0, 110], "uv": [85, 116]},
						{"origin": [3.07725, 20.26566, -3.03085], "size": [1, 1.5, 1], "pivot": [3.59376, 20.70313, -2.65623], "rotation": [-39.37768, -11.17171, 33.8287], "uv": [82, 115]},
						{"origin": [3.01475, 20.23441, -3.0621], "size": [1.0625, 0.84375, 0.5625], "pivot": [3.56251, 20.70313, -2.62498], "rotation": [-39.37768, -11.17171, 33.8287], "uv": [60, 118]},
						{"origin": [2.9875, 18.13126, -1.84061], "size": [1.0625, 0.84375, 0.5625], "pivot": [3.56251, 18.68751, -1.29686], "rotation": [0, -90, 80], "uv": [60, 118]},
						{"origin": [2.7375, 18.25626, -1.09061], "size": [1.0625, 0.84375, 0.5625], "pivot": [3.31251, 18.81251, -0.54687], "rotation": [0, -90, 90], "uv": [60, 118]},
						{"origin": [3.1125, 18.94376, -0.09061], "size": [1.0625, 0.84375, 0.5625], "pivot": [3.68751, 19.50001, 0.45314], "rotation": [0, -90, 100], "uv": [60, 118]},
						{"origin": [3.39375, 19.36563, 0.90939], "size": [1.0625, 0.84375, 0.5625], "pivot": [3.96876, 19.92188, 1.45315], "rotation": [0, -90, 110], "uv": [60, 118]}
					]
				},
				{
					"name": "LeftHandLocator",
					"parent": "LeftHand",
					"pivot": [4.375, 20.325, -0.19374]
				},
				{
					"name": "SheathLocator",
					"parent": "LeftHand",
					"pivot": [4.375, 20.325, -0.19374]
				},
				{
					"name": "LeftWaistLocator",
					"parent": "LeftHand",
					"pivot": [4.375, 20.325, -0.19374]
				},
				{
					"name": "flag",
					"parent": "LeftArm",
					"pivot": [0, 0, 0],
					"cubes": [
						{"origin": [5.98438, 31, -1.5], "size": [1, 2, 3], "uv": [45, 90]},
						{"origin": [5.98438, 30.85938, -1.64062], "size": [0.98438, 2.28125, 3.28125], "uv": [57, 91]},
						{"origin": [6.03125, 31.01563, -0.09375], "size": [1, 1.96875, 0.23438], "uv": [22, 93]},
						{"origin": [6.03125, 31.01563, -0.125], "size": [0.98438, 1.96875, 0.29688], "uv": [36, 95]},
						{"origin": [6.03125, 31.07813, -0.54687], "size": [1, 2.96875, 0.23438], "pivot": [7.03125, 32.0625, -0.5], "rotation": [-90, 0, 0], "uv": [22, 93]},
						{"origin": [6.03125, 31.07813, -0.57812], "size": [0.98438, 2.96875, 0.29688], "pivot": [7.03125, 32.0625, -0.5], "rotation": [-90, 0, 0], "uv": [36, 93]},
						{"origin": [6.03125, 30.59375, -0.48437], "size": [1, 3.4375, 0.14063], "pivot": [7.03125, 31.78125, -0.48437], "rotation": [-57.5, 0, 0], "uv": [22, 93]},
						{"origin": [6.01563, 30.59375, -0.5], "size": [1, 3.4375, 0.17188], "pivot": [7.01563, 31.78125, -0.48437], "rotation": [-57.5, 0, 0], "uv": [34, 93]},
						{"origin": [6.03125, 30.46875, 0.40625], "size": [1, 3.4375, 0.14063], "pivot": [7.03125, 31.65625, 0.40625], "rotation": [57.5, 0, 0], "uv": [22, 93]},
						{"origin": [6.03125, 30.46875, 0.39063], "size": [0.98438, 3.4375, 0.17188], "pivot": [7.03125, 31.65625, 0.40625], "rotation": [57.5, 0, 0], "uv": [36, 95]}
					]
				},
				{
					"name": "RightArm",
					"parent": "Arm",
					"pivot": [-4.65, 33.525, 0],
					"rotation": [0, 0, 5],
					"cubes": [
						{"origin": [-6.95, 27.4, -1.7], "size": [3.25, 7.3, 3.4], "uv": [14, 54]}
					]
				},
				{
					"name": "flag2",
					"parent": "RightArm",
					"pivot": [-6.5, 32, 0],
					"rotation": [0, 180, 0],
					"cubes": [
						{"origin": [-7.01562, 31, -1.5], "size": [1, 2, 3], "uv": [45, 90]},
						{"origin": [-7.01562, 30.85938, -1.64062], "size": [0.98438, 2.28125, 3.28125], "uv": [57, 91]},
						{"origin": [-6.96875, 31.01563, -0.09375], "size": [1, 1.96875, 0.23438], "uv": [22, 93]},
						{"origin": [-6.96875, 31.01563, -0.125], "size": [0.98438, 1.96875, 0.29688], "uv": [36, 95]},
						{"origin": [-6.96875, 31.07813, -0.54687], "size": [1, 2.96875, 0.23438], "pivot": [-5.96875, 32.0625, -0.5], "rotation": [-90, 0, 0], "uv": [22, 93]},
						{"origin": [-6.96875, 31.07813, -0.57812], "size": [0.98438, 2.96875, 0.29688], "pivot": [-5.96875, 32.0625, -0.5], "rotation": [-90, 0, 0], "uv": [36, 93]},
						{"origin": [-6.96875, 30.59375, -0.48437], "size": [1, 3.4375, 0.14063], "pivot": [-5.96875, 31.78125, -0.48437], "rotation": [-57.5, 0, 0], "uv": [22, 93]},
						{"origin": [-6.98437, 30.59375, -0.5], "size": [1, 3.4375, 0.17188], "pivot": [-5.98437, 31.78125, -0.48437], "rotation": [-57.5, 0, 0], "uv": [34, 93]},
						{"origin": [-6.96875, 30.46875, 0.40625], "size": [1, 3.4375, 0.14063], "pivot": [-5.96875, 31.65625, 0.40625], "rotation": [57.5, 0, 0], "uv": [22, 93]},
						{"origin": [-6.96875, 30.46875, 0.39063], "size": [0.98438, 3.4375, 0.17188], "pivot": [-5.96875, 31.65625, 0.40625], "rotation": [57.5, 0, 0], "uv": [36, 95]}
					]
				},
				{
					"name": "RightForeArm",
					"parent": "RightArm",
					"pivot": [-5.375, 27.575, 0.025],
					"cubes": [
						{"origin": [-6.975, 23.375, -1.575], "size": [3.2, 4.5, 3.2], "uv": [0, 66]},
						{"origin": [-7.225, 22.875, -1.825], "size": [3.7, 1.5, 3.7], "uv": [24, 75]}
					]
				},
				{
					"name": "RightHand",
					"parent": "RightForeArm",
					"pivot": [-5.375, 22.325, -0.225],
					"rotation": [0, 0, 10],
					"cubes": [
						{"origin": [-5.98125, 19.725, -1.87188], "size": [1.5, 3.75, 3.7531], "uv": [83, 113]},
						{"origin": [-6.23125, 19.975, -1.62188], "size": [0.25, 1, 3.2531], "uv": [60, 113]},
						{"origin": [-6.3875, 20.06875, -1.575], "size": [0.25, 0.8125, 0.7531], "uv": [60, 115]},
						{"origin": [-6.3875, 20.06875, 0.83125], "size": [0.25, 0.8125, 0.7531], "uv": [63, 118]},
						{"origin": [-6.3875, 20.06875, 0.01875], "size": [0.25, 0.8125, 0.7531], "uv": [63, 118]},
						{"origin": [-6.3875, 20.06875, -0.77813], "size": [0.25, 0.8125, 0.7531], "uv": [63, 118]}
					]
				},
				{
					"name": "thumb",
					"parent": "RightHand",
					"pivot": [-4.54687, 20.96875, -1.60937],
					"rotation": [19.1083, 19.01917, 27.54938],
					"cubes": [
						{"origin": [-4.98125, 19.42813, -2.12188], "size": [1, 1.5, 1], "pivot": [-4.5, 20.75, -1.5], "rotation": [-7.59001, 15.81499, -68.55573], "uv": [84, 114]}
					]
				},
				{
					"name": "bone3",
					"parent": "thumb",
					"pivot": [-3.21875, 20.54688, -1.82812],
					"rotation": [-1.42445, 7.93633, -45.62367],
					"cubes": [
						{"origin": [-4.02812, 19.06876, -2.35625], "size": [1, 1.5, 1], "uv": [86, 114]},
						{"origin": [-4.10624, 19.05313, -2.35624], "size": [1.0625, 0.84375, 0.5625], "pivot": [-3.53124, 19.60938, -1.81248], "rotation": [0, -90, 0], "uv": [61, 117]}
					]
				},
				{
					"name": "littlefinger",
					"parent": "RightHand",
					"pivot": [-5.875, 19.75, 1.4375],
					"rotation": [0, 0, 10],
					"cubes": [
						{"origin": [-5.98125, 18.70938, 0.62813], "size": [1, 1.25, 1], "pivot": [-5.51562, 19.98438, 1.25], "rotation": [180, 0, 155], "uv": [87, 113]}
					]
				},
				{
					"name": "bone2",
					"parent": "littlefinger",
					"pivot": [-5.40625, 18.59375, 1.3125],
					"rotation": [0, 0, 72.5],
					"cubes": [
						{"origin": [-6.04375, 17.81875, 0.62813], "size": [1, 1.25, 1], "pivot": [-5.57812, 19.09375, 1.25], "rotation": [180, 0, 80], "uv": [78, 121]},
						{"origin": [-4.98125, 18.58438, 0.87813], "size": [1.0625, 0.84375, 0.5625], "pivot": [-4.40624, 19.14063, 1.42189], "rotation": [0, -90, 80], "uv": [61, 117]}
					]
				},
				{
					"name": "ringfinger",
					"parent": "RightHand",
					"pivot": [-6, 19.73438, 0.375],
					"rotation": [0, 0, 10],
					"cubes": [
						{"origin": [-5.98125, 18.45938, 0.12813], "size": [1, 1.5, 1], "pivot": [-5.51562, 19.98438, 0.5], "rotation": [180, 0, 155], "uv": [83, 115]}
					]
				},
				{
					"name": "bone",
					"parent": "ringfinger",
					"pivot": [-5.35937, 18.39063, 0.34375],
					"rotation": [0, 0, 75],
					"cubes": [
						{"origin": [-4.93437, 18.52189, -0.12187], "size": [1, 1.75, 1], "pivot": [-4.70312, 19.29689, 0.32813], "rotation": [0, 0, 80], "uv": [80, 117]},
						{"origin": [-4.43437, 18.50627, -0.12187], "size": [1.0625, 0.84375, 0.5625], "pivot": [-3.85937, 19.06252, 0.42189], "rotation": [0, -90, 80], "uv": [61, 117]}
					]
				},
				{
					"name": "middlefinger",
					"parent": "RightHand",
					"pivot": [-5.5, 19.75, -0.5],
					"rotation": [0, 0, 17.5],
					"cubes": [
						{"origin": [-5.98125, 17.99063, -1.37187], "size": [1, 2, 1], "pivot": [-5.51562, 20.01563, -0.75], "rotation": [180, 0, 150], "uv": [85, 118]}
					]
				},
				{
					"name": "Middlefinger2",
					"parent": "middlefinger",
					"pivot": [-4.90625, 18.0625, -0.5],
					"rotation": [0, 0, 72.5],
					"cubes": [
						{"origin": [-4.62187, 18.19376, -1.12187], "size": [1, 1.75, 1], "pivot": [-4.39062, 18.96876, -0.67187], "rotation": [0, 0, 70], "uv": [84, 116]},
						{"origin": [-4.21562, 18.41251, -1.12187], "size": [1.0625, 0.84375, 0.5625], "pivot": [-3.64062, 18.96876, -0.57811], "rotation": [0, -90, 70], "uv": [61, 117]}
					]
				},
				{
					"name": "foreinger",
					"parent": "RightHand",
					"pivot": [-5, 20, -1.25],
					"rotation": [12.3423, 2.55868, -7.05239],
					"cubes": [
						{"origin": [-5.90312, 18.16765, -1.94521], "size": [1, 1.75, 1], "pivot": [-5.4375, 19.90626, -1.4375], "rotation": [-165, 0, 172.5], "uv": [85, 116]}
					]
				},
				{
					"name": "indexginger",
					"parent": "foreinger",
					"pivot": [-5.1875, 18.3125, -1.75],
					"rotation": [0, 0, 52.5],
					"cubes": [
						{"origin": [-4.59681, 17.35697, -2.4555], "size": [1, 1.75, 1], "pivot": [-4.39062, 18.18751, -2.14062], "rotation": [15.12353, 7.24305, 114.45155], "uv": [82, 117]},
						{"origin": [-4.28361, 16.98197, -2.83443], "size": [1.0625, 0.84375, 0.5625], "pivot": [-3.84374, 17.59376, -2.26561], "rotation": [64.02768, -73.26807, 49.46105], "uv": [61, 117]}
					]
				},
				{
					"name": "RightHandLocator",
					"parent": "RightHand",
					"pivot": [-4.25, 20.325, -0.475],
					"rotation": [0, -7.5, -20]
				},
				{
					"name": "BladeLocator",
					"parent": "RightHand",
					"pivot": [-4.25, 20.325, -0.475],
					"rotation": [0, -7.5, -20]
				},
				{
					"name": "ElytraLocator",
					"parent": "UpperBody",
					"pivot": [0, 33.65, 2]
				},
				{
					"name": "RifleLocator",
					"parent": "UpperBody",
					"pivot": [-2.5, 27.15, 3.3],
					"rotation": [22.5, 0, -102.5]
				},
				{
					"name": "BackpackLocator",
					"parent": "UpperBody",
					"pivot": [0, 32, 0]
				},
				{
					"name": "DownBody",
					"parent": "AllBody",
					"pivot": [0, 20.65, 0],
					"cubes": [
						{"origin": [-4, 20.75, -2.025], "size": [8, 2, 4.05], "uv": [0, 14]},
						{"origin": [-4.0625, 21.5625, -2.525], "size": [8.125, 1, 5.05], "uv": [98, 90]},
						{"origin": [1.28125, 21.125, 1.475], "size": [2.625, 0.6875, 1.05], "pivot": [2.96875, 21.625, 2.25], "rotation": [0, 0, -25], "uv": [108, 94]},
						{"origin": [-1.46875, 20.84375, 1.475], "size": [3.40625, 0.6875, 1.05], "pivot": [1, 21.34375, 2.25], "rotation": [0, 0, 25], "uv": [107, 94]}
					]
				},
				{
					"name": "Demolitiontool",
					"parent": "DownBody",
					"pivot": [0, 21, 4],
					"cubes": [
						{"origin": [0.25, 18.6875, 2.0625], "size": [4.25, 4, 2.25], "pivot": [3.25, 20.6875, 3.3125], "rotation": [0, 20, 0], "uv": [40, 59]},
						{"origin": [0, 22.5625, 2], "size": [4.75, 0.1875, 2.375], "pivot": [3.25, 23.75, 3.3125], "rotation": [0, 20, 0], "uv": [87, 0]},
						{"origin": [0, 18.5625, 2], "size": [4.75, 0.1875, 2.375], "pivot": [3.25, 19.75, 3.3125], "rotation": [0, 20, 0], "uv": [87, 5]},
						{"origin": [0, 20.5, 3], "size": [4.75, 0.1875, 1.375], "pivot": [3.25, 21.6875, 3.3125], "rotation": [90, 20, 0], "uv": [88, 6]},
						{"origin": [-4.5625, 22.5625, 2.5625], "size": [4.75, 0.1875, 2.375], "pivot": [-1.3125, 23.75, 3.875], "rotation": [0, -20, 0], "uv": [87, 0]},
						{"origin": [-4.5625, 18.5625, 2.5625], "size": [4.75, 0.1875, 2.375], "pivot": [-1.3125, 19.75, 3.875], "rotation": [0, -20, 0], "uv": [87, 5]},
						{"origin": [-4.5625, 20.5, 3.5625], "size": [4.75, 0.1875, 1.375], "pivot": [-1.3125, 21.6875, 3.875], "rotation": [90, -20, 0], "uv": [88, 6]},
						{"origin": [0.23438, 18.9375, 3.0625], "size": [4.28125, 3.76563, 0.1875], "pivot": [3.25, 20.6875, 3.3125], "rotation": [0, 20, 0], "uv": [9, 112]},
						{"origin": [-4.28125, 18.9375, 3.67188], "size": [4.28125, 3.76563, 0.1875], "pivot": [-1.26562, 20.6875, 3.92188], "rotation": [0, -20, 0], "uv": [9, 112]},
						{"origin": [-4.25, 18.6875, 2.625], "size": [4.25, 4, 2.25], "pivot": [-1.25, 20.6875, 3.875], "rotation": [0, -20, 0], "uv": [52, 59]},
						{"origin": [-5.84375, 19.75, 3.1], "size": [4.0625, 1, 1.25312], "pivot": [-3.1875, 20, 2.125], "rotation": [-20, 0, 90], "uv": [70, 0]},
						{"origin": [-3.48437, 19.75, 3.95938], "size": [4.0625, 1, 1.25312], "pivot": [-0.82812, 20, 2.98438], "rotation": [-20, 0, 90], "uv": [70, 0]},
						{"origin": [-1.92187, 19.75, 4.14688], "size": [4.0625, 1, 1.25312], "pivot": [0.73438, 20, 3.17188], "rotation": [20, 0, 90], "uv": [70, 0]},
						{"origin": [0.07813, 19.75, 3.45938], "size": [4.0625, 1, 1.25312], "pivot": [2.73438, 20, 2.48438], "rotation": [20, 0, 90], "uv": [70, 0]},
						{"origin": [-4.75, 21.5, 4.3125], "size": [2, 0.5, 0.5], "pivot": [-3.75, 20, 5.3125], "rotation": [0, -20, 0], "uv": [59, 97]},
						{"origin": [-2.85937, 21.6875, 5.17188], "size": [2.1875, 0.125, 0.125], "pivot": [-1.85937, 20, 5.98438], "rotation": [0, -20, 0], "uv": [108, 64]}
					]
				},
				{
					"name": "pincers",
					"parent": "Demolitiontool",
					"pivot": [-2.5625, 20.375, 4.875],
					"rotation": [0, -20, 0],
					"cubes": [
						{"origin": [-2.3125, 20.625, 4.5625], "size": [2, 0.5, 0.5], "uv": [71, 96]},
						{"origin": [-2.64062, 20.45313, 4.5625], "size": [0.8125, 0.5, 0.5], "pivot": [-2.82812, 18.95313, 5.5625], "rotation": [0, 0, -12.5], "uv": [73, 96]},
						{"origin": [-3.42187, 20.28125, 4.5625], "size": [0.8125, 0.5, 0.5], "pivot": [-3.60937, 18.78125, 5.5625], "rotation": [0, 0, -12.5], "uv": [109, 67]},
						{"origin": [-4.6875, 20.42188, 4.5625], "size": [0.8125, 0.5, 0.5], "pivot": [-4.875, 18.92188, 5.5625], "rotation": [0, 0, -12.5], "uv": [109, 67]},
						{"origin": [-3.73437, 19.46875, 4.5625], "size": [0.8125, 0.5, 0.5], "pivot": [-3.92187, 17.96875, 5.5625], "rotation": [0, 0, -22.5], "uv": [109, 67]},
						{"origin": [-4.17187, 19.73438, 4.5625], "size": [0.8125, 1.04688, 0.5], "uv": [109, 67]},
						{"origin": [-3.39062, 19.64063, 4.5625], "size": [0.8125, 0.5, 0.5], "pivot": [-3.57812, 18.14063, 5.5625], "rotation": [0, 0, 12.5], "uv": [73, 96]},
						{"origin": [-4.17187, 19.8125, 4.5625], "size": [0.8125, 0.5, 0.5], "pivot": [-4.35937, 18.3125, 5.5625], "rotation": [0, 0, 12.5], "uv": [113, 70]},
						{"origin": [-5.4375, 19.6875, 4.5625], "size": [0.8125, 0.5, 0.5], "pivot": [-5.625, 18.1875, 5.5625], "rotation": [0, 0, 12.5], "uv": [113, 70]},
						{"origin": [-5.07812, 20.8125, 4.5625], "size": [0.8125, 0.5, 0.5], "pivot": [-5.26562, 19.3125, 5.5625], "rotation": [0, 0, 22.5], "uv": [113, 70]},
						{"origin": [-2.3125, 19.375, 4.5625], "size": [2, 0.5, 0.5], "uv": [71, 96]}
					]
				},
				{
					"name": "Leg",
					"parent": "DownBody",
					"pivot": [0, 21.15, 0]
				},
				{
					"name": "LeftLeg",
					"parent": "Leg",
					"pivot": [2.4, 21.15, 0],
					"cubes": [
						{"origin": [0, 11.65, -2], "size": [4.275, 10, 4.25], "uv": [0, 30]},
						{"origin": [-0.54687, 18.49375, -2.25], "size": [4.28126, 1, 1], "pivot": [2.5, 18.59375, 0], "rotation": [0, 0, -39.25], "uv": [107, 94]},
						{"origin": [-0.25, 19.68125, -2.25], "size": [5.70313, 1, 1.25], "pivot": [2.25, 19.78125, 0], "rotation": [0, 0, 62.5], "uv": [106, 94]},
						{"origin": [3.5625, 16.5625, -2.25937], "size": [1, 0.79688, 4.78438], "uv": [108, 92]},
						{"origin": [-0.4375, 16.57813, -2.25937], "size": [0.64063, 0.78125, 4.78438], "uv": [109, 92]},
						{"origin": [5.35938, 16.5625, -3.79062], "size": [1, 0.79688, 4.78438], "pivot": [2.29688, -6.0625, -1.53125], "rotation": [0, -90, 0], "uv": [108, 92]}
					]
				},
				{
					"name": "O",
					"parent": "LeftLeg",
					"pivot": [4, 21.75, -1.75],
					"rotation": [0, 50, 0],
					"cubes": [
						{"origin": [3.9375, 21, -2.75], "size": [0.5, 0.5, 2], "uv": [107, 65]},
						{"origin": [3.9375, 17.875, -2.64062], "size": [0.5, 0.5, 1.8125], "uv": [109, 67]},
						{"origin": [3.9375, 19, -2.75], "size": [0.5, 0.5, 2], "uv": [107, 65]},
						{"origin": [3.9375, 14.60938, -3], "size": [0.5, 1.03125, 2.75], "uv": [107, 65]},
						{"origin": [3.9375, 15.60938, -4.14062], "size": [0.5, 0.90625, 1.75], "pivot": [4.1875, 15.85938, -3.89062], "rotation": [-45, 0, 0], "uv": [108, 66]},
						{"origin": [3.9375, 14.71875, -0.5], "size": [0.5, 0.90625, 1.60938], "pivot": [4.1875, 14.96875, -0.25], "rotation": [45, 0, 0], "uv": [109, 67]},
						{"origin": [3.9375, 20, -3.75], "size": [0.5, 0.5, 2], "pivot": [4.1875, 20.25, -2.75], "rotation": [-90, 0, 0], "uv": [107, 65]},
						{"origin": [3.9375, 20, -1.75], "size": [0.5, 0.5, 2], "pivot": [4.1875, 20.25, -0.75], "rotation": [-90, 0, 0], "uv": [107, 65]},
						{"origin": [3.9375, 16.89063, -1.54687], "size": [0.5, 0.5, 2.1875], "pivot": [4.1875, 17.14063, -0.54687], "rotation": [-60, 0, 0], "uv": [107, 65]},
						{"origin": [3.9375, 16.32813, -3.35937], "size": [0.5, 0.5, 1.34375], "pivot": [4.1875, 16.57813, -3.20312], "rotation": [-60, 0, 0], "uv": [108, 66]},
						{"origin": [3.9375, 17.875, -1.59375], "size": [0.5, 0.5, 0.9375], "pivot": [4.1875, 18.125, -1.65625], "rotation": [-30, 0, 0], "uv": [109, 67]},
						{"origin": [3.9375, 17.34375, -2.64062], "size": [0.5, 0.5, 0.9375], "pivot": [4.1875, 17.59375, -2.70312], "rotation": [30, 0, 0], "uv": [109, 67]},
						{"origin": [3.9375, 16.875, -3.95312], "size": [0.5, 0.5, 2.04688], "pivot": [4.1875, 17.125, -2.90625], "rotation": [60, 0, 0], "uv": [107, 65]},
						{"origin": [3.9375, 16.20313, -1.23437], "size": [0.5, 0.5, 1.21875], "pivot": [4.1875, 16.45313, -0.1875], "rotation": [60, 0, 0], "uv": [108, 66]},
						{"origin": [3.9375, 17.82813, -2.75], "size": [0.5, 1, 1.125], "pivot": [4.1875, 18.32813, -1.75], "rotation": [-90, 0, 0], "uv": [108, 66]},
						{"origin": [3.9375, 17.89063, -1.26562], "size": [0.5, 0.39063, 0.84375], "pivot": [4.1875, 18.14063, -1.42187], "rotation": [70, 0, 0], "uv": [110, 68]},
						{"origin": [3.9375, 18.5, -2.53125], "size": [0.5, 0.20313, 0.32813], "pivot": [4.1875, 18.45313, -2.34375], "rotation": [70, 0, 0], "uv": [110, 68]},
						{"origin": [3.9375, 17.90625, -3.07812], "size": [0.5, 0.375, 0.73438], "pivot": [4.1875, 18.15625, -2.07812], "rotation": [-70, 0, 0], "uv": [109, 67]},
						{"origin": [3.9375, 18.48438, -1.3125], "size": [0.5, 0.21875, 0.375], "pivot": [4.1875, 18.45313, -1.125], "rotation": [-70, 0, 0], "uv": [109, 67]}
					]
				},
				{
					"name": "LeftKneecap",
					"parent": "LeftLeg",
					"pivot": [2.25, 12, 0],
					"cubes": [
						{"origin": [-0.25, 10.25, -2.5], "size": [4.75, 3.5, 1], "uv": [0, 88]},
						{"origin": [-0.25, 12.5, -1.5], "size": [4.75, 1, 3.78125], "uv": [81, 111]},
						{"origin": [-0.1875, 10, -2.0625], "size": [4.625, 4, 1.28125], "uv": [85, 114]},
						{"origin": [-0.25, 10.5, -1.5], "size": [4.75, 1, 3.90625], "uv": [81, 117]}
					]
				},
				{
					"name": "LeftLowerLeg",
					"parent": "LeftLeg",
					"pivot": [2.2, 11.7, 0],
					"cubes": [
						{"origin": [0, 7.5, -1.9], "size": [4.2125, 4.5, 4.25], "uv": [46, 12]},
						{"origin": [0.25, 2.5, -1.65], "size": [3.7125, 5, 3.75], "uv": [81, 111]}
					]
				},
				{
					"name": "LeftFoot",
					"parent": "LeftLowerLeg",
					"pivot": [2.15625, 2.5, 0.1375],
					"cubes": [
						{"origin": [0.10612, -0.12595, -6.14062], "size": [4.225, 1, 4.81563], "uv": [28, 116]},
						{"origin": [0.10612, 0.62405, -1.39062], "size": [4.225, 1, 3.23751], "pivot": [-0.03125, 0.75, 1.75], "rotation": [12.5, 0, 0], "uv": [31, 113]},
						{"origin": [0.23112, 0.87405, -6], "size": [3.975, 1.75, 8.175], "uv": [76, 112]},
						{"origin": [0.10612, -0.12595, 1.25], "size": [4.225, 1.75, 1], "uv": [30, 116]},
						{"origin": [0.18737, 1.89905, -3], "size": [3.84375, 1.1, 2.075], "pivot": [2.44987, 2.49905, -2.4125], "rotation": [35, 0, 0], "uv": [82, 115]}
					]
				},
				{
					"name": "RightLeg",
					"parent": "Leg",
					"pivot": [-2.4, 21.15, 0],
					"cubes": [
						{"origin": [-4.275, 11.65, -2], "size": [4.275, 10, 4.25], "uv": [16, 32]},
						{"origin": [-5.25, 13.65, -2.23437], "size": [1, 6, 4.73438], "uv": [83, 112]},
						{"origin": [-4.25, 17.65, -2.3125], "size": [4.29688, 1, 4.89063], "uv": [78, 114]},
						{"origin": [-4.23442, 18.29062, -2.25], "size": [4.2813, 1, 1], "pivot": [-2.6875, 18.39063, 0], "rotation": [0, 0, 39.25], "uv": [107, 94]},
						{"origin": [-5.54687, 18.99375, -2.25], "size": [5.70313, 1, 1.25], "pivot": [-3.04687, 19.09375, 0], "rotation": [0, 0, -62.5], "uv": [106, 94]},
						{"origin": [-5, 16.5625, -2.25937], "size": [1, 0.79688, 4.78438], "uv": [108, 92]},
						{"origin": [0.79688, 16.5625, -3.79062], "size": [1, 0.79688, 4.78438], "pivot": [-2.26562, -6.0625, -1.53125], "rotation": [0, -90, 0], "uv": [108, 92]},
						{"origin": [-0.625, 16.57813, -2.25937], "size": [0.64063, 0.78125, 4.78438], "uv": [109, 92]},
						{"origin": [-5.20312, 21.36875, 0.25], "size": [3.5, 1, 1], "pivot": [-4, 21.46875, 0.75], "rotation": [-90, 0, 110], "uv": [81, 119]},
						{"origin": [-4.98437, 21.49375, -1.75], "size": [3.34375, 1, 1], "pivot": [-3.9375, 21.59375, -1.25], "rotation": [-90, 0, 110], "uv": [83, 116]},
						{"origin": [-4.25, 14.65, -2.25], "size": [4.29688, 1, 4.75], "uv": [77, 118]}
					]
				},
				{
					"name": "gun",
					"parent": "RightLeg",
					"pivot": [-6, 17, 0],
					"cubes": [
						{"origin": [-5.75, 13.72813, -0.75], "size": [1, 5.92187, 3], "uv": [83, 114]},
						{"origin": [-7.26562, 13.60313, -0.75], "size": [1, 6, 3], "uv": [79, 113]},
						{"origin": [-8.5, 14.00938, 0], "size": [1, 5.64062, 1], "pivot": [-7.5, 16.75, -0.75], "rotation": [0, 90, 0], "uv": [88, 115]}
					]
				},
				{
					"name": "PistolLocator",
					"parent": "gun",
					"pivot": [-5.625, 19.4375, 1.16562]
				},
				{
					"name": "RightWaistLocator",
					"parent": "gun",
					"pivot": [-6.15625, 17.4375, 1],
					"rotation": [-5, 180, -180]
				},
				{
					"name": "RightKneecap",
					"parent": "RightLeg",
					"pivot": [-2, 12, 0],
					"cubes": [
						{"origin": [-4.5, 10.25, -2.5], "size": [4.75, 3.5, 1], "uv": [0, 88]},
						{"origin": [-4.5, 12.5, -1.5], "size": [4.75, 1, 3.78125], "uv": [79, 110]},
						{"origin": [-4.4375, 10, -2.0625], "size": [4.625, 4, 1.28125], "uv": [85, 115]},
						{"origin": [-4.5, 10.5, -1.5], "size": [4.75, 1, 3.90625], "uv": [79, 115]}
					]
				},
				{
					"name": "RightLowerLeg",
					"parent": "RightLeg",
					"pivot": [-2.2, 11.7, 0],
					"cubes": [
						{"origin": [-4.2125, 7.5, -1.9], "size": [4.2125, 4.5, 4.25], "uv": [14, 46]},
						{"origin": [-3.9625, 2.5, -1.65], "size": [3.7125, 5, 3.75], "uv": [81, 110]}
					]
				},
				{
					"name": "RightFoot",
					"parent": "RightLowerLeg",
					"pivot": [-2.125, 2.5, 0.1375],
					"cubes": [
						{"origin": [-4.29987, -0.12595, -6.14062], "size": [4.24063, 1, 4.81563], "uv": [27, 118]},
						{"origin": [-4.29987, 0.62405, -1.64062], "size": [4.24063, 1, 3.48751], "pivot": [0.0625, 0.75, 1.75], "rotation": [12.5, 0, 0], "uv": [30, 113]},
						{"origin": [-4.17487, 0.87405, -6], "size": [3.99062, 1.75, 8.175], "uv": [76, 114]},
						{"origin": [-4.29987, -0.12595, 1.25], "size": [4.19375, 1.75, 1], "uv": [29, 116]},
						{"origin": [-3.99987, 1.9303, -3], "size": [3.84375, 1.1, 2.075], "pivot": [-2.41862, 2.5303, -2.4125], "rotation": [35, 0, 0], "uv": [82, 115]}
					]
				},
				{
					"name": "molang",
					"pivot": [-6.25, 16.65, 0]
				}
			]
		}
	]
}