{
	"format_version": "1.12.0",
	"minecraft:geometry": [
		{
			"description": {
				"identifier": "geometry.unknown",
				"texture_width": 64,
				"texture_height": 64,
				"visible_bounds_width": 3,
				"visible_bounds_height": 3.5,
				"visible_bounds_offset": [0, 1.25, 0]
			},
			"bones": [
				{
					"name": "Root",
					"pivot": [0, 0, 0]
				},
				{
					"name": "AllBody",
					"parent": "Root",
					"pivot": [0, 9, 0]
				},
				{
					"name": "UpBody",
					"parent": "AllBody",
					"pivot": [0, 9, 0],
					"cubes": [
						{"origin": [-2, 8, -3], "size": [5, 8, 4], "uv": [0, 17]}
					]
				},
				{
					"name": "AllHead",
					"parent": "UpBody",
					"pivot": [0, 16.2, 0]
				},
				{
					"name": "Head",
					"parent": "AllHead",
					"pivot": [0, 16, 0]
				},
				{
					"name": "Face",
					"parent": "Head",
					"pivot": [0, 16, 0],
					"cubes": [
						{
							"origin": [-4, 16, -5],
							"size": [9, 8, 8],
							"uv": {
								"north": {"uv": [8, 9], "uv_size": [9, 8]},
								"east": {"uv": [0, 9], "uv_size": [8, 8]},
								"south": {"uv": [25, 9], "uv_size": [9, 8]},
								"west": {"uv": [17, 9], "uv_size": [8, 8]},
								"up": {"uv": [17, 0], "uv_size": [9, 8]},
								"down": {"uv": [17, 8], "uv_size": [9, -8]}
							}
						}
					]
				},
				{
					"name": "hair",
					"parent": "Head",
					"pivot": [0, 16, 0],
					"cubes": [
						{"origin": [-8, 19, 3], "size": [1, 1, 1], "uv": [31, 51], "mirror": true},
						{"origin": [-7, 19, 3], "size": [1, 1, 1], "uv": [31, 51], "mirror": true},
						{"origin": [-8, 19, 2], "size": [1, 1, 1], "uv": [30, 50], "mirror": true},
						{"origin": [-7, 19, 2], "size": [1, 1, 1], "uv": [30, 50], "mirror": true},
						{"origin": [-7, 19, 0], "size": [1, 1, 1], "uv": [28, 48], "mirror": true},
						{"origin": [-8, 19, 1], "size": [1, 1, 1], "uv": [29, 49], "mirror": true},
						{"origin": [-7, 19, 1], "size": [1, 1, 1], "uv": [29, 49], "mirror": true},
						{"origin": [-5, 20, -1], "size": [1, 1, 1], "uv": [27, 47], "mirror": true},
						{"origin": [-5, 20, -2], "size": [1, 1, 1], "uv": [27, 47], "mirror": true},
						{"origin": [-5, 21, -3], "size": [1, 1, 1], "uv": [27, 47], "mirror": true},
						{"origin": [-5, 21, -2], "size": [1, 1, 1], "uv": [27, 47], "mirror": true},
						{"origin": [-6, 23, -1], "size": [1, 1, 1], "uv": [27, 47], "mirror": true},
						{"origin": [-6, 23, 0], "size": [1, 1, 1], "uv": [28, 48], "mirror": true},
						{"origin": [-6, 23, 2], "size": [1, 1, 1], "uv": [30, 50], "mirror": true},
						{"origin": [-6, 22, 2], "size": [1, 1, 1], "uv": [30, 50], "mirror": true},
						{"origin": [-6, 23, 1], "size": [1, 1, 1], "uv": [29, 49], "mirror": true},
						{"origin": [-6, 22, 1], "size": [1, 1, 1], "uv": [29, 49], "mirror": true},
						{"origin": [-6, 21, 1], "size": [1, 1, 1], "uv": [29, 49], "mirror": true},
						{"origin": [-6, 20, 1], "size": [1, 1, 1], "uv": [29, 49], "mirror": true},
						{"origin": [-6, 20, 0], "size": [1, 1, 1], "uv": [28, 48], "mirror": true},
						{"origin": [-7, 20, -2], "size": [1, 1, 1], "uv": [27, 47], "mirror": true},
						{"origin": [-7, 20, -1], "size": [1, 1, 1], "uv": [27, 47], "mirror": true},
						{"origin": [-7, 21, -1], "size": [1, 1, 1], "uv": [27, 47], "mirror": true},
						{"origin": [-7, 22, -1], "size": [1, 1, 1], "uv": [27, 47], "mirror": true},
						{"origin": [-7, 22, 0], "size": [1, 1, 1], "uv": [28, 48], "mirror": true},
						{"origin": [-7, 21, 0], "size": [1, 1, 1], "uv": [28, 48], "mirror": true},
						{"origin": [-6, 22, 0], "size": [1, 1, 1], "uv": [28, 48], "mirror": true},
						{"origin": [-6, 22, -1], "size": [1, 1, 1], "uv": [27, 47], "mirror": true},
						{"origin": [4, 22, -3], "size": [1, 1, 1], "uv": [27, 47], "mirror": true},
						{"origin": [-6, 21, 0], "size": [1, 1, 1], "uv": [28, 48], "mirror": true},
						{"origin": [-6, 21, -1], "size": [1, 1, 1], "uv": [27, 47], "mirror": true},
						{"origin": [-6, 22, -2], "size": [1, 1, 1], "uv": [27, 47], "mirror": true},
						{"origin": [-6, 22, -3], "size": [1, 1, 1], "uv": [27, 47], "mirror": true},
						{"origin": [4, 22, -3], "size": [1, 1, 1], "uv": [27, 47], "mirror": true},
						{"origin": [-5, 21, -4], "size": [1, 1, 1], "uv": [27, 47], "mirror": true},
						{"origin": [-5, 21, -6], "size": [1, 1, 1], "uv": [27, 47], "mirror": true},
						{"origin": [-5, 21, -5], "size": [1, 1, 1], "uv": [27, 47], "mirror": true},
						{"origin": [-5, 22, -5], "size": [1, 1, 1], "uv": [27, 47], "mirror": true},
						{"origin": [-5, 22, -4], "size": [1, 1, 1], "uv": [27, 47], "mirror": true},
						{"origin": [-5, 23, -4], "size": [1, 1, 1], "uv": [27, 47], "mirror": true},
						{"origin": [-4, 24, -4], "size": [1, 1, 1], "uv": [27, 47], "mirror": true},
						{"origin": [-2, 24, -4], "size": [1, 1, 1], "uv": [27, 47], "mirror": true},
						{"origin": [-1, 24, -4], "size": [1, 1, 1], "uv": [27, 47], "mirror": true},
						{"origin": [0, 24, -4], "size": [1, 1, 1], "uv": [27, 47], "mirror": true},
						{"origin": [1, 24, -4], "size": [1, 1, 1], "uv": [27, 47], "mirror": true},
						{"origin": [2, 24, -4], "size": [1, 1, 1], "uv": [27, 47], "mirror": true},
						{"origin": [3, 24, -4], "size": [1, 1, 1], "uv": [27, 47], "mirror": true},
						{"origin": [-3, 15, -2], "size": [1, 1, 1], "uv": [27, 47], "mirror": true},
						{"origin": [-4, 15, -1], "size": [1, 1, 1], "uv": [27, 47], "mirror": true},
						{"origin": [-3, 15, -1], "size": [1, 1, 1], "uv": [27, 47], "mirror": true},
						{"origin": [-3, 14, 0], "size": [1, 1, 1], "uv": [28, 48], "mirror": true},
						{"origin": [-3, 15, 0], "size": [1, 1, 1], "uv": [28, 48], "mirror": true},
						{"origin": [-4, 15, 0], "size": [1, 1, 1], "uv": [28, 48], "mirror": true},
						{"origin": [-5, 15, -1], "size": [1, 1, 1], "uv": [27, 47], "mirror": true},
						{"origin": [-5, 15, 0], "size": [1, 1, 1], "uv": [28, 48], "mirror": true},
						{"origin": [-5, 15, 4], "size": [1, 1, 1], "uv": [32, 52], "mirror": true},
						{"origin": [-4, 15, 4], "size": [1, 1, 1], "uv": [32, 52], "mirror": true},
						{"origin": [-3, 15, 4], "size": [1, 1, 1], "uv": [32, 52], "mirror": true},
						{"origin": [-2, 15, 4], "size": [1, 1, 1], "uv": [32, 52], "mirror": true},
						{"origin": [-1, 15, 4], "size": [1, 1, 1], "uv": [32, 52], "mirror": true},
						{"origin": [0, 15, 4], "size": [1, 1, 1], "uv": [32, 52], "mirror": true},
						{"origin": [1, 15, 4], "size": [1, 1, 1], "uv": [32, 52], "mirror": true},
						{"origin": [2, 15, 4], "size": [1, 1, 1], "uv": [32, 52], "mirror": true},
						{"origin": [3, 15, 4], "size": [1, 1, 1], "uv": [32, 52], "mirror": true},
						{"origin": [4, 15, 4], "size": [1, 1, 1], "uv": [32, 52], "mirror": true},
						{"origin": [4, 15, 4], "size": [1, 1, 1], "uv": [32, 52], "mirror": true},
						{"origin": [4, 15, 4], "size": [1, 1, 1], "uv": [32, 52], "mirror": true},
						{"origin": [3, 15, 3], "size": [1, 1, 1], "uv": [31, 51], "mirror": true},
						{"origin": [4, 15, 3], "size": [1, 1, 1], "uv": [31, 51], "mirror": true},
						{"origin": [-5, 15, 3], "size": [1, 1, 1], "uv": [31, 51], "mirror": true},
						{"origin": [-5, 15, 2], "size": [1, 1, 1], "uv": [30, 50], "mirror": true},
						{"origin": [-5, 16, 1], "size": [1, 1, 1], "uv": [29, 49], "mirror": true},
						{"origin": [-5, 16, 2], "size": [1, 1, 1], "uv": [30, 50], "mirror": true},
						{"origin": [-6, 17, 2], "size": [1, 1, 1], "uv": [30, 50], "mirror": true},
						{"origin": [-5, 17, 2], "size": [1, 1, 1], "uv": [30, 50], "mirror": true},
						{"origin": [-5, 17, 1], "size": [1, 1, 1], "uv": [29, 49], "mirror": true},
						{"origin": [-5, 16, -1], "size": [1, 1, 1], "uv": [27, 47], "mirror": true},
						{"origin": [-5, 16, 0], "size": [1, 1, 1], "uv": [28, 48], "mirror": true},
						{"origin": [-5, 17, 0], "size": [1, 1, 1], "uv": [28, 48], "mirror": true},
						{"origin": [-5, 18, 0], "size": [1, 1, 1], "uv": [28, 48], "mirror": true},
						{"origin": [-5, 21, -1], "size": [1, 1, 1], "uv": [27, 47], "mirror": true},
						{"origin": [-5, 21, 0], "size": [1, 1, 1], "uv": [28, 48], "mirror": true},
						{"origin": [-5, 21, 1], "size": [1, 1, 1], "uv": [29, 49], "mirror": true},
						{"origin": [-5, 20, 1], "size": [1, 1, 1], "uv": [29, 49], "mirror": true},
						{"origin": [-5, 20, 0], "size": [1, 1, 1], "uv": [28, 48], "mirror": true},
						{"origin": [-5, 19, -1], "size": [1, 1, 1], "uv": [27, 47], "mirror": true},
						{"origin": [-5, 19, 0], "size": [1, 1, 1], "uv": [28, 48], "mirror": true},
						{"origin": [-5, 19, 1], "size": [1, 1, 1], "uv": [29, 49], "mirror": true},
						{"origin": [-6, 19, 0], "size": [1, 1, 1], "uv": [28, 48], "mirror": true},
						{"origin": [-6, 19, 1], "size": [1, 1, 1], "uv": [29, 49], "mirror": true},
						{"origin": [-6, 18, 0], "size": [1, 1, 1], "uv": [28, 48], "mirror": true},
						{"origin": [-6, 18, 1], "size": [1, 1, 1], "uv": [29, 49], "mirror": true},
						{"origin": [-7, 18, 1], "size": [1, 1, 1], "uv": [29, 49], "mirror": true},
						{"origin": [-7, 18, 2], "size": [1, 1, 1], "uv": [30, 50], "mirror": true},
						{"origin": [-7, 18, 3], "size": [1, 1, 1], "uv": [31, 51], "mirror": true},
						{"origin": [-7, 18, 5], "size": [1, 1, 1], "uv": [33, 53], "mirror": true},
						{"origin": [5, 18, 3], "size": [1, 1, 1], "uv": [31, 51], "mirror": true},
						{"origin": [-7, 18, 4], "size": [1, 1, 1], "uv": [32, 52], "mirror": true},
						{"origin": [-7, 19, 4], "size": [1, 1, 1], "uv": [32, 52], "mirror": true},
						{"origin": [4, 18, 4], "size": [1, 1, 1], "uv": [32, 52], "mirror": true},
						{"origin": [4, 18, 5], "size": [1, 1, 1], "uv": [33, 53], "mirror": true},
						{"origin": [-6, 19, 2], "size": [1, 1, 1], "uv": [30, 50], "mirror": true},
						{"origin": [-6, 20, 2], "size": [1, 1, 1], "uv": [30, 50], "mirror": true},
						{"origin": [-6, 21, 2], "size": [1, 1, 1], "uv": [30, 50], "mirror": true},
						{"origin": [-6, 19, 3], "size": [1, 1, 1], "uv": [31, 51], "mirror": true},
						{"origin": [-6, 21, 3], "size": [1, 1, 1], "uv": [31, 51], "mirror": true},
						{"origin": [-6, 20, 3], "size": [1, 1, 1], "uv": [31, 51], "mirror": true},
						{"origin": [-6, 21, 4], "size": [1, 1, 1], "uv": [32, 52], "mirror": true},
						{"origin": [-6, 20, 5], "size": [1, 1, 1], "uv": [33, 53], "mirror": true},
						{"origin": [-6, 20, 4], "size": [1, 1, 1], "uv": [32, 52], "mirror": true},
						{"origin": [-6, 19, 4], "size": [1, 1, 1], "uv": [32, 52], "mirror": true},
						{"origin": [-6, 19, 5], "size": [1, 1, 1], "uv": [33, 53], "mirror": true},
						{"origin": [-7, 15, 6], "size": [1, 1, 1], "uv": [34, 54], "mirror": true},
						{"origin": [-2, 12, 4], "size": [6, 1, 1], "uv": [32, 52], "mirror": true},
						{"origin": [-3, 12, 3], "size": [7, 1, 1], "uv": [31, 51], "mirror": true},
						{"origin": [-2, 12, 2], "size": [6, 1, 1], "uv": [30, 50], "mirror": true},
						{"origin": [4, 12, 3], "size": [1, 1, 1], "uv": [31, 51], "mirror": true},
						{"origin": [-3, 13, 3], "size": [8, 1, 1], "uv": [31, 51], "mirror": true},
						{"origin": [4, 13, 2], "size": [1, 1, 1], "uv": [30, 50], "mirror": true},
						{"origin": [-4, 13, 2], "size": [8, 1, 1], "uv": [30, 50], "mirror": true},
						{"origin": [3, 14, 0], "size": [1, 1, 1], "uv": [28, 48], "mirror": true},
						{"origin": [3, 13, 1], "size": [1, 1, 1], "uv": [29, 49], "mirror": true},
						{"origin": [-3, 13, 1], "size": [6, 1, 1], "uv": [29, 49], "mirror": true},
						{"origin": [-5, 14, 1], "size": [9, 1, 1], "uv": [29, 49], "mirror": true},
						{"origin": [4, 14, 5], "size": [1, 1, 1], "uv": [33, 53], "mirror": true},
						{"origin": [-6, 14, 4], "size": [11, 1, 1], "uv": [32, 52], "mirror": true},
						{"origin": [5, 14, 5], "size": [1, 1, 1], "uv": [33, 53], "mirror": true},
						{"origin": [5, 14, 4], "size": [1, 1, 1], "uv": [32, 52], "mirror": true},
						{"origin": [5, 14, 3], "size": [1, 1, 1], "uv": [31, 51], "mirror": true},
						{"origin": [-5, 14, 3], "size": [10, 1, 1], "uv": [31, 51], "mirror": true},
						{"origin": [-5, 14, 2], "size": [10, 1, 1], "uv": [30, 50], "mirror": true},
						{"origin": [4, 14, 1], "size": [1, 1, 1], "uv": [29, 49], "mirror": true},
						{"origin": [-4, 15, 1], "size": [9, 1, 1], "uv": [29, 49], "mirror": true},
						{"origin": [-3, 14, 5], "size": [1, 1, 1], "uv": [33, 53], "mirror": true},
						{"origin": [-2, 14, 5], "size": [1, 1, 1], "uv": [33, 53], "mirror": true},
						{"origin": [-1, 14, 5], "size": [1, 1, 1], "uv": [33, 53], "mirror": true},
						{"origin": [3, 14, 5], "size": [1, 1, 1], "uv": [33, 53], "mirror": true},
						{"origin": [2, 14, 5], "size": [1, 1, 1], "uv": [33, 53], "mirror": true},
						{"origin": [1, 14, 5], "size": [1, 1, 1], "uv": [33, 53], "mirror": true},
						{"origin": [0, 14, 5], "size": [1, 1, 1], "uv": [33, 53], "mirror": true},
						{"origin": [-3, 13, 4], "size": [1, 1, 1], "uv": [32, 52], "mirror": true},
						{"origin": [-2, 13, 4], "size": [1, 1, 1], "uv": [32, 52], "mirror": true},
						{"origin": [-1, 13, 4], "size": [1, 1, 1], "uv": [32, 52], "mirror": true},
						{"origin": [3, 13, 4], "size": [1, 1, 1], "uv": [32, 52], "mirror": true},
						{"origin": [2, 13, 4], "size": [1, 1, 1], "uv": [32, 52], "mirror": true},
						{"origin": [1, 13, 4], "size": [1, 1, 1], "uv": [32, 52], "mirror": true},
						{"origin": [0, 13, 4], "size": [1, 1, 1], "uv": [32, 52], "mirror": true},
						{"origin": [0, 13, 5], "size": [1, 1, 1], "uv": [33, 53], "mirror": true},
						{"origin": [0, 13, 5], "size": [1, 1, 1], "uv": [33, 53], "mirror": true},
						{"origin": [0, 13, 6], "size": [1, 1, 1], "uv": [34, 54], "mirror": true},
						{"origin": [-5, 10, 7], "size": [1, 1, 1], "uv": [35, 55], "mirror": true},
						{"origin": [-5, 11, 6], "size": [1, 1, 1], "uv": [34, 54], "mirror": true},
						{"origin": [-3, 11, 6], "size": [1, 1, 1], "uv": [34, 54], "mirror": true},
						{"origin": [-4, 11, 6], "size": [1, 1, 1], "uv": [34, 54], "mirror": true},
						{"origin": [-4, 11, 5], "size": [1, 1, 1], "uv": [33, 53], "mirror": true},
						{"origin": [-4, 12, 5], "size": [1, 1, 1], "uv": [33, 53], "mirror": true},
						{"origin": [-3, 12, 5], "size": [1, 1, 1], "uv": [33, 53], "mirror": true},
						{"origin": [-2, 12, 5], "size": [1, 1, 1], "uv": [33, 53], "mirror": true},
						{"origin": [-1, 12, 5], "size": [1, 1, 1], "uv": [33, 53], "mirror": true},
						{"origin": [5, 10, 7], "size": [1, 1, 1], "uv": [35, 55], "mirror": true},
						{"origin": [5, 11, 6], "size": [1, 1, 1], "uv": [34, 54], "mirror": true},
						{"origin": [4, 11, 6], "size": [1, 1, 1], "uv": [34, 54], "mirror": true},
						{"origin": [3, 11, 6], "size": [1, 1, 1], "uv": [34, 54], "mirror": true},
						{"origin": [4, 11, 5], "size": [1, 1, 1], "uv": [33, 53], "mirror": true},
						{"origin": [3, 11, 5], "size": [1, 1, 1], "uv": [33, 53], "mirror": true},
						{"origin": [4, 12, 5], "size": [1, 1, 1], "uv": [33, 53], "mirror": true},
						{"origin": [3, 12, 5], "size": [1, 1, 1], "uv": [33, 53], "mirror": true},
						{"origin": [2, 12, 5], "size": [1, 1, 1], "uv": [33, 53], "mirror": true},
						{"origin": [1, 12, 5], "size": [1, 1, 1], "uv": [33, 53], "mirror": true},
						{"origin": [0, 12, 5], "size": [1, 1, 1], "uv": [33, 53], "mirror": true},
						{"origin": [0, 10, 7], "size": [1, 1, 1], "uv": [35, 55], "mirror": true},
						{"origin": [0, 10, 6], "size": [1, 1, 1], "uv": [34, 54], "mirror": true},
						{"origin": [-1, 11, 6], "size": [1, 1, 1], "uv": [34, 54], "mirror": true},
						{"origin": [1, 11, 6], "size": [1, 1, 1], "uv": [34, 54], "mirror": true},
						{"origin": [0, 11, 6], "size": [1, 1, 1], "uv": [34, 54], "mirror": true},
						{"origin": [0, 12, 6], "size": [1, 1, 1], "uv": [34, 54], "mirror": true},
						{"origin": [-6, 16, 5], "size": [12, 1, 1], "uv": [33, 53], "mirror": true},
						{"origin": [-7, 16, 4], "size": [13, 1, 1], "uv": [32, 52], "mirror": true},
						{"origin": [3, 17, 7], "size": [1, 1, 1], "uv": [35, 55], "mirror": true},
						{"origin": [3, 16, 7], "size": [1, 1, 1], "uv": [35, 55], "mirror": true},
						{"origin": [4, 16, 8], "size": [1, 1, 1], "uv": [36, 56], "mirror": true},
						{"origin": [4, 16, 7], "size": [1, 1, 1], "uv": [35, 55], "mirror": true},
						{"origin": [4, 15, 6], "size": [1, 1, 1], "uv": [34, 54], "mirror": true},
						{"origin": [5, 15, 6], "size": [1, 1, 1], "uv": [34, 54], "mirror": true},
						{"origin": [-7, 15, 5], "size": [13, 1, 1], "uv": [33, 53], "mirror": true},
						{"origin": [5, 15, 4], "size": [1, 1, 1], "uv": [32, 52], "mirror": true},
						{"origin": [8, 15, 7], "size": [1, 1, 1], "uv": [35, 55], "mirror": true},
						{"origin": [8, 15, 6], "size": [1, 1, 1], "uv": [34, 54], "mirror": true},
						{"origin": [8, 15, 5], "size": [1, 1, 1], "uv": [33, 53], "mirror": true},
						{"origin": [7, 15, 5], "size": [1, 1, 1], "uv": [33, 53], "mirror": true},
						{"origin": [6, 16, 5], "size": [1, 1, 1], "uv": [33, 53], "mirror": true},
						{"origin": [6, 15, 5], "size": [1, 1, 1], "uv": [33, 53], "mirror": true},
						{"origin": [6, 15, 4], "size": [1, 1, 1], "uv": [32, 52], "mirror": true},
						{"origin": [7, 16, 4], "size": [1, 1, 1], "uv": [32, 52], "mirror": true},
						{"origin": [6, 16, 4], "size": [1, 1, 1], "uv": [32, 52], "mirror": true},
						{"origin": [7, 16, 3], "size": [1, 1, 1], "uv": [31, 51], "mirror": true},
						{"origin": [6, 16, 3], "size": [1, 1, 1], "uv": [31, 51], "mirror": true},
						{"origin": [5, 16, 3], "size": [1, 1, 1], "uv": [31, 51], "mirror": true},
						{"origin": [6, 15, 3], "size": [1, 1, 1], "uv": [31, 51], "mirror": true},
						{"origin": [-7, 17, 5], "size": [12, 1, 1], "uv": [33, 53], "mirror": true},
						{"origin": [5, 17, 5], "size": [1, 1, 1], "uv": [33, 53], "mirror": true},
						{"origin": [-7, 17, 4], "size": [12, 1, 1], "uv": [32, 52], "mirror": true},
						{"origin": [5, 17, 4], "size": [1, 1, 1], "uv": [32, 52], "mirror": true},
						{"origin": [-6, 17, 3], "size": [12, 1, 1], "uv": [31, 51], "mirror": true},
						{"origin": [5, 17, 2], "size": [1, 1, 1], "uv": [30, 50], "mirror": true},
						{"origin": [-6, 16, 3], "size": [11, 1, 1], "uv": [31, 51], "mirror": true},
						{"origin": [5, 16, 2], "size": [1, 1, 1], "uv": [30, 50], "mirror": true},
						{"origin": [5, 16, 1], "size": [1, 1, 1], "uv": [29, 49], "mirror": true},
						{"origin": [5, 15, 3], "size": [1, 1, 1], "uv": [31, 51], "mirror": true},
						{"origin": [5, 15, 2], "size": [1, 1, 1], "uv": [30, 50], "mirror": true},
						{"origin": [5, 15, 1], "size": [1, 1, 1], "uv": [29, 49], "mirror": true},
						{"origin": [5, 15, 0], "size": [1, 1, 1], "uv": [28, 48], "mirror": true},
						{"origin": [4, 15, 0], "size": [1, 1, 1], "uv": [28, 48], "mirror": true},
						{"origin": [4, 15, -1], "size": [1, 1, 1], "uv": [27, 47], "mirror": true},
						{"origin": [5, 16, -1], "size": [1, 1, 1], "uv": [27, 47], "mirror": true},
						{"origin": [5, 16, 0], "size": [1, 1, 1], "uv": [28, 48], "mirror": true},
						{"origin": [5, 17, -2], "size": [1, 1, 1], "uv": [27, 47], "mirror": true},
						{"origin": [5, 17, -1], "size": [1, 1, 1], "uv": [27, 47], "mirror": true},
						{"origin": [5, 17, 0], "size": [1, 1, 1], "uv": [28, 48], "mirror": true},
						{"origin": [5, 17, 1], "size": [1, 1, 1], "uv": [29, 49], "mirror": true},
						{"origin": [6, 17, 0], "size": [1, 1, 1], "uv": [28, 48], "mirror": true},
						{"origin": [6, 16, 2], "size": [1, 1, 1], "uv": [30, 50], "mirror": true},
						{"origin": [6, 16, 1], "size": [1, 1, 1], "uv": [29, 49], "mirror": true},
						{"origin": [6, 17, 1], "size": [1, 1, 1], "uv": [29, 49], "mirror": true},
						{"origin": [6, 17, 2], "size": [1, 1, 1], "uv": [30, 50], "mirror": true},
						{"origin": [0, 13, 8], "size": [1, 1, 1], "uv": [36, 56], "mirror": true},
						{"origin": [-1, 13, 7], "size": [1, 1, 1], "uv": [35, 55], "mirror": true},
						{"origin": [0, 13, 7], "size": [1, 1, 1], "uv": [35, 55], "mirror": true},
						{"origin": [0, 13, 6], "size": [1, 1, 1], "uv": [34, 54], "mirror": true},
						{"origin": [1, 13, 7], "size": [1, 1, 1], "uv": [35, 55], "mirror": true},
						{"origin": [-2, 14, 7], "size": [1, 1, 1], "uv": [35, 55], "mirror": true},
						{"origin": [-1, 14, 7], "size": [1, 1, 1], "uv": [35, 55], "mirror": true},
						{"origin": [-2, 14, 6], "size": [1, 1, 1], "uv": [34, 54], "mirror": true},
						{"origin": [-1, 14, 6], "size": [1, 1, 1], "uv": [34, 54], "mirror": true},
						{"origin": [0, 14, 6], "size": [1, 1, 1], "uv": [34, 54], "mirror": true},
						{"origin": [0, 14, 7], "size": [1, 1, 1], "uv": [35, 55], "mirror": true},
						{"origin": [1, 14, 7], "size": [1, 1, 1], "uv": [35, 55], "mirror": true},
						{"origin": [1, 14, 6], "size": [1, 1, 1], "uv": [34, 54], "mirror": true},
						{"origin": [2, 14, 7], "size": [1, 1, 1], "uv": [35, 55], "mirror": true},
						{"origin": [2, 14, 6], "size": [1, 1, 1], "uv": [34, 54], "mirror": true},
						{"origin": [-4, 15, 6], "size": [1, 1, 1], "uv": [34, 54], "mirror": true},
						{"origin": [-3, 15, 6], "size": [1, 1, 1], "uv": [34, 54], "mirror": true},
						{"origin": [-2, 15, 6], "size": [1, 1, 1], "uv": [34, 54], "mirror": true},
						{"origin": [-1, 15, 6], "size": [1, 1, 1], "uv": [34, 54], "mirror": true},
						{"origin": [0, 15, 6], "size": [1, 1, 1], "uv": [34, 54], "mirror": true},
						{"origin": [2, 15, 6], "size": [1, 1, 1], "uv": [34, 54], "mirror": true},
						{"origin": [1, 15, 6], "size": [1, 1, 1], "uv": [34, 54], "mirror": true},
						{"origin": [3, 15, 6], "size": [1, 1, 1], "uv": [34, 54], "mirror": true},
						{"origin": [-2, 17, 7], "size": [1, 1, 1], "uv": [35, 55], "mirror": true},
						{"origin": [-4, 16, 6], "size": [1, 1, 1], "uv": [34, 54], "mirror": true},
						{"origin": [-3, 16, 6], "size": [1, 1, 1], "uv": [34, 54], "mirror": true},
						{"origin": [-2, 16, 6], "size": [1, 1, 1], "uv": [34, 54], "mirror": true},
						{"origin": [-1, 16, 8], "size": [1, 1, 1], "uv": [36, 56], "mirror": true},
						{"origin": [0, 16, 8], "size": [1, 1, 1], "uv": [36, 56], "mirror": true},
						{"origin": [-1, 16, 7], "size": [1, 1, 1], "uv": [35, 55], "mirror": true},
						{"origin": [0, 16, 7], "size": [1, 1, 1], "uv": [35, 55], "mirror": true},
						{"origin": [1, 16, 7], "size": [1, 1, 1], "uv": [35, 55], "mirror": true},
						{"origin": [-1, 16, 6], "size": [1, 1, 1], "uv": [34, 54], "mirror": true},
						{"origin": [0, 16, 6], "size": [1, 1, 1], "uv": [34, 54], "mirror": true},
						{"origin": [1, 16, 6], "size": [1, 1, 1], "uv": [34, 54], "mirror": true},
						{"origin": [2, 16, 6], "size": [1, 1, 1], "uv": [34, 54], "mirror": true},
						{"origin": [4, 16, 6], "size": [1, 1, 1], "uv": [34, 54], "mirror": true},
						{"origin": [3, 16, 6], "size": [1, 1, 1], "uv": [34, 54], "mirror": true},
						{"origin": [-3, 19, 7], "size": [1, 1, 1], "uv": [35, 55], "mirror": true},
						{"origin": [-2, 19, 7], "size": [1, 1, 1], "uv": [35, 55], "mirror": true},
						{"origin": [-3, 17, 7], "size": [1, 1, 1], "uv": [35, 55], "mirror": true},
						{"origin": [-3, 18, 7], "size": [1, 1, 1], "uv": [35, 55], "mirror": true},
						{"origin": [-3, 17, 6], "size": [1, 1, 1], "uv": [34, 54], "mirror": true},
						{"origin": [-3, 18, 6], "size": [1, 1, 1], "uv": [34, 54], "mirror": true},
						{"origin": [-7, 17, 6], "size": [1, 1, 1], "uv": [34, 54], "mirror": true},
						{"origin": [-7, 18, 6], "size": [1, 1, 1], "uv": [34, 54], "mirror": true},
						{"origin": [-6, 17, 6], "size": [1, 1, 1], "uv": [34, 54], "mirror": true},
						{"origin": [-5, 17, 6], "size": [1, 1, 1], "uv": [34, 54], "mirror": true},
						{"origin": [-4, 17, 6], "size": [1, 1, 1], "uv": [34, 54], "mirror": true},
						{"origin": [-4, 18, 6], "size": [1, 1, 1], "uv": [34, 54], "mirror": true},
						{"origin": [-5, 18, 6], "size": [1, 1, 1], "uv": [34, 54], "mirror": true},
						{"origin": [-6, 18, 6], "size": [1, 1, 1], "uv": [34, 54], "mirror": true},
						{"origin": [-6, 19, 6], "size": [1, 1, 1], "uv": [34, 54], "mirror": true},
						{"origin": [-5, 19, 6], "size": [1, 1, 1], "uv": [34, 54], "mirror": true},
						{"origin": [-4, 19, 6], "size": [1, 1, 1], "uv": [34, 54], "mirror": true},
						{"origin": [-3, 19, 6], "size": [1, 1, 1], "uv": [34, 54], "mirror": true},
						{"origin": [-2, 19, 6], "size": [1, 1, 1], "uv": [34, 54], "mirror": true},
						{"origin": [-1, 19, 6], "size": [1, 1, 1], "uv": [34, 54], "mirror": true},
						{"origin": [0, 19, 6], "size": [1, 1, 1], "uv": [34, 54], "mirror": true},
						{"origin": [1, 19, 6], "size": [1, 1, 1], "uv": [34, 54], "mirror": true},
						{"origin": [2, 19, 6], "size": [1, 1, 1], "uv": [34, 54], "mirror": true},
						{"origin": [3, 19, 6], "size": [1, 1, 1], "uv": [34, 54], "mirror": true},
						{"origin": [-5, 20, 6], "size": [1, 1, 1], "uv": [34, 54], "mirror": true},
						{"origin": [-5, 21, 6], "size": [1, 1, 1], "uv": [34, 54], "mirror": true},
						{"origin": [-5, 22, 6], "size": [1, 1, 1], "uv": [34, 54], "mirror": true},
						{"origin": [-4, 22, 6], "size": [1, 1, 1], "uv": [34, 54], "mirror": true},
						{"origin": [-3, 22, 6], "size": [1, 2, 1], "uv": [34, 54], "mirror": true},
						{"origin": [-2, 22, 6], "size": [1, 1, 1], "uv": [34, 54], "mirror": true},
						{"origin": [-1, 22, 6], "size": [1, 1, 1], "uv": [34, 54], "mirror": true},
						{"origin": [0, 22, 6], "size": [1, 1, 1], "uv": [34, 54], "mirror": true},
						{"origin": [1, 22, 6], "size": [1, 1, 1], "uv": [34, 54], "mirror": true},
						{"origin": [5, 20, 6], "size": [1, 1, 1], "uv": [34, 54], "mirror": true},
						{"origin": [5, 21, 6], "size": [1, 1, 1], "uv": [34, 54], "mirror": true},
						{"origin": [5, 22, 6], "size": [1, 1, 1], "uv": [34, 54], "mirror": true},
						{"origin": [4, 22, 6], "size": [1, 1, 1], "uv": [34, 54], "mirror": true},
						{"origin": [3, 22, 6], "size": [1, 2, 1], "uv": [34, 54], "mirror": true},
						{"origin": [2, 22, 6], "size": [1, 1, 1], "uv": [34, 54], "mirror": true},
						{"origin": [-1, 20, 7], "size": [1, 1, 1], "uv": [35, 55], "mirror": true},
						{"origin": [-2, 20, 7], "size": [1, 1, 1], "uv": [35, 55], "mirror": true},
						{"origin": [-3, 20, 7], "size": [1, 1, 1], "uv": [35, 55], "mirror": true},
						{"origin": [-4, 20, 7], "size": [1, 1, 1], "uv": [35, 55], "mirror": true},
						{"origin": [-4, 21, 7], "size": [1, 1, 1], "uv": [35, 55], "mirror": true},
						{"origin": [-3, 21, 7], "size": [1, 1, 1], "uv": [35, 55], "mirror": true},
						{"origin": [-2, 21, 7], "size": [1, 1, 1], "uv": [35, 55], "mirror": true},
						{"origin": [-1, 21, 7], "size": [1, 1, 1], "uv": [35, 55], "mirror": true},
						{"origin": [0, 21, 7], "size": [1, 1, 1], "uv": [35, 55], "mirror": true},
						{"origin": [1, 21, 7], "size": [1, 1, 1], "uv": [35, 55], "mirror": true},
						{"origin": [2, 21, 7], "size": [1, 1, 1], "uv": [35, 55], "mirror": true},
						{"origin": [3, 21, 7], "size": [1, 1, 1], "uv": [35, 55], "mirror": true},
						{"origin": [4, 21, 7], "size": [1, 1, 1], "uv": [35, 55], "mirror": true},
						{"origin": [4, 20, 7], "size": [1, 1, 1], "uv": [35, 55], "mirror": true},
						{"origin": [4, 20, 6], "size": [1, 1, 1], "uv": [34, 54], "mirror": true},
						{"origin": [2, 18, 7], "size": [1, 1, 1], "uv": [35, 55], "mirror": true},
						{"origin": [3, 18, 6], "size": [1, 1, 1], "uv": [34, 54], "mirror": true},
						{"origin": [4, 19, 6], "size": [1, 1, 1], "uv": [34, 54], "mirror": true},
						{"origin": [4, 18, 6], "size": [1, 1, 1], "uv": [34, 54], "mirror": true},
						{"origin": [5, 19, 6], "size": [1, 1, 1], "uv": [34, 54], "mirror": true},
						{"origin": [5, 18, 6], "size": [1, 1, 1], "uv": [34, 54], "mirror": true},
						{"origin": [6, 18, 6], "size": [1, 1, 1], "uv": [34, 54], "mirror": true},
						{"origin": [6, 17, 6], "size": [1, 1, 1], "uv": [34, 54], "mirror": true},
						{"origin": [5, 17, 6], "size": [1, 1, 1], "uv": [34, 54], "mirror": true},
						{"origin": [4, 17, 6], "size": [1, 1, 1], "uv": [34, 54], "mirror": true},
						{"origin": [3, 17, 6], "size": [1, 1, 1], "uv": [34, 54], "mirror": true},
						{"origin": [2, 17, 6], "size": [1, 1, 1], "uv": [34, 54], "mirror": true},
						{"origin": [2, 17, 7], "size": [1, 1, 1], "uv": [35, 55], "mirror": true},
						{"origin": [1, 17, 7], "size": [1, 1, 1], "uv": [35, 55], "mirror": true},
						{"origin": [1, 16, 8], "size": [1, 1, 1], "uv": [36, 56], "mirror": true},
						{"origin": [0, 16, 10], "size": [1, 1, 1], "uv": [38, 58], "mirror": true},
						{"origin": [-1, 16, 9], "size": [1, 1, 1], "uv": [37, 57], "mirror": true},
						{"origin": [0, 16, 9], "size": [1, 1, 1], "uv": [37, 57], "mirror": true},
						{"origin": [1, 16, 9], "size": [1, 1, 1], "uv": [37, 57], "mirror": true},
						{"origin": [0, 17, 9], "size": [1, 1, 1], "uv": [37, 57], "mirror": true},
						{"origin": [1, 17, 9], "size": [1, 1, 1], "uv": [37, 57], "mirror": true},
						{"origin": [1, 18, 9], "size": [1, 1, 1], "uv": [37, 57], "mirror": true},
						{"origin": [-1, 17, 9], "size": [1, 1, 1], "uv": [37, 57], "mirror": true},
						{"origin": [-1, 18, 9], "size": [1, 1, 1], "uv": [37, 57], "mirror": true},
						{"origin": [0, 18, 9], "size": [1, 1, 1], "uv": [37, 57], "mirror": true},
						{"origin": [-2, 17, 8], "size": [1, 1, 1], "uv": [36, 56], "mirror": true},
						{"origin": [-2, 18, 8], "size": [1, 1, 1], "uv": [36, 56], "mirror": true},
						{"origin": [-2, 19, 8], "size": [1, 1, 1], "uv": [36, 56], "mirror": true},
						{"origin": [2, 17, 8], "size": [1, 1, 1], "uv": [36, 56], "mirror": true},
						{"origin": [2, 18, 8], "size": [1, 1, 1], "uv": [36, 56], "mirror": true},
						{"origin": [2, 18, 8], "size": [1, 1, 1], "uv": [36, 56], "mirror": true},
						{"origin": [2, 19, 8], "size": [1, 1, 1], "uv": [36, 56], "mirror": true},
						{"origin": [-1, 17, 8], "size": [1, 1, 1], "uv": [36, 56], "mirror": true},
						{"origin": [-1, 18, 8], "size": [1, 1, 1], "uv": [36, 56], "mirror": true},
						{"origin": [-1, 19, 8], "size": [1, 1, 1], "uv": [36, 56], "mirror": true},
						{"origin": [1, 17, 8], "size": [1, 1, 1], "uv": [36, 56], "mirror": true},
						{"origin": [1, 18, 8], "size": [1, 1, 1], "uv": [36, 56], "mirror": true},
						{"origin": [1, 19, 8], "size": [1, 1, 1], "uv": [36, 56], "mirror": true},
						{"origin": [0, 17, 8], "size": [1, 1, 1], "uv": [36, 56], "mirror": true},
						{"origin": [0, 18, 8], "size": [1, 1, 1], "uv": [36, 56], "mirror": true},
						{"origin": [0, 19, 8], "size": [1, 1, 1], "uv": [36, 56], "mirror": true},
						{"origin": [-3, 26, 3], "size": [1, 1, 1], "uv": [31, 51], "mirror": true},
						{"origin": [-3, 25, 4], "size": [1, 1, 1], "uv": [32, 52], "mirror": true},
						{"origin": [-3, 25, 5], "size": [1, 1, 1], "uv": [33, 53], "mirror": true},
						{"origin": [-2, 25, 5], "size": [1, 1, 1], "uv": [33, 53], "mirror": true},
						{"origin": [-1, 25, 5], "size": [1, 1, 1], "uv": [33, 53], "mirror": true},
						{"origin": [0, 25, 5], "size": [1, 1, 1], "uv": [33, 53], "mirror": true},
						{"origin": [1, 25, 5], "size": [1, 1, 1], "uv": [33, 53], "mirror": true},
						{"origin": [2, 25, 5], "size": [1, 1, 1], "uv": [33, 53], "mirror": true},
						{"origin": [3, 25, 5], "size": [1, 1, 1], "uv": [33, 53], "mirror": true},
						{"origin": [-3, 24, 5], "size": [7, 1, 1], "uv": [33, 53], "mirror": true},
						{"origin": [4, 24, 5], "size": [1, 1, 1], "uv": [33, 53], "mirror": true},
						{"origin": [4, 23, 5], "size": [1, 1, 1], "uv": [33, 53], "mirror": true},
						{"origin": [4, 22, 5], "size": [1, 1, 1], "uv": [33, 53], "mirror": true},
						{"origin": [-3, 23, 5], "size": [7, 1, 1], "uv": [33, 53], "mirror": true},
						{"origin": [3, 19, 7], "size": [1, 1, 1], "uv": [35, 55], "mirror": true},
						{"origin": [3, 20, 7], "size": [1, 1, 1], "uv": [35, 55], "mirror": true},
						{"origin": [2, 20, 7], "size": [1, 1, 1], "uv": [35, 55], "mirror": true},
						{"origin": [1, 20, 7], "size": [1, 1, 1], "uv": [35, 55], "mirror": true},
						{"origin": [0, 20, 8], "size": [1, 1, 1], "uv": [36, 56], "mirror": true},
						{"origin": [0, 21, 8], "size": [1, 1, 1], "uv": [36, 56], "mirror": true},
						{"origin": [1, 21, 8], "size": [1, 1, 1], "uv": [36, 56], "mirror": true},
						{"origin": [-1, 21, 8], "size": [1, 1, 1], "uv": [36, 56], "mirror": true},
						{"origin": [-1, 21, 6], "size": [1, 1, 1], "uv": [34, 54], "mirror": true},
						{"origin": [0, 21, 6], "size": [1, 1, 1], "uv": [34, 54], "mirror": true},
						{"origin": [1, 21, 6], "size": [1, 1, 1], "uv": [34, 54], "mirror": true},
						{"origin": [-2, 22, 7], "size": [1, 1, 1], "uv": [35, 55], "mirror": true},
						{"origin": [-1, 22, 7], "size": [1, 1, 1], "uv": [35, 55], "mirror": true},
						{"origin": [0, 22, 7], "size": [1, 1, 1], "uv": [35, 55], "mirror": true},
						{"origin": [1, 22, 7], "size": [1, 1, 1], "uv": [35, 55], "mirror": true},
						{"origin": [-2, 23, 7], "size": [1, 1, 1], "uv": [35, 55], "mirror": true},
						{"origin": [-1, 23, 7], "size": [1, 1, 1], "uv": [35, 55], "mirror": true},
						{"origin": [0, 23, 7], "size": [1, 1, 1], "uv": [35, 55], "mirror": true},
						{"origin": [1, 23, 7], "size": [1, 1, 1], "uv": [35, 55], "mirror": true},
						{"origin": [2, 22, 7], "size": [1, 1, 1], "uv": [35, 55], "mirror": true},
						{"origin": [2, 23, 7], "size": [1, 1, 1], "uv": [35, 55], "mirror": true},
						{"origin": [2, 22, 5], "size": [1, 1, 1], "uv": [33, 53], "mirror": true},
						{"origin": [2, 23, 5], "size": [1, 1, 1], "uv": [33, 53], "mirror": true},
						{"origin": [3, 22, 5], "size": [1, 1, 1], "uv": [33, 53], "mirror": true},
						{"origin": [-4, 23, 4], "size": [8, 1, 1], "uv": [32, 52], "mirror": true},
						{"origin": [4, 21, 4], "size": [1, 1, 1], "uv": [32, 52], "mirror": true},
						{"origin": [4, 22, 4], "size": [1, 1, 1], "uv": [32, 52], "mirror": true},
						{"origin": [4, 23, 4], "size": [1, 1, 1], "uv": [32, 52], "mirror": true},
						{"origin": [-5, 23, 3], "size": [10, 1, 1], "uv": [31, 51], "mirror": true},
						{"origin": [6, 23, -1], "size": [1, 2, 4], "uv": [30, 50], "mirror": true},
						{"origin": [-5, 22, -3], "size": [11, 3, 6], "uv": [30, 50], "mirror": true},
						{"origin": [-3, 25, -3], "size": [8, 1, 7], "uv": [31, 51], "mirror": true},
						{"origin": [5, 25, -2], "size": [1, 1, 5], "uv": [30, 50], "mirror": true},
						{"origin": [4, 26, -1], "size": [1, 1, 4], "uv": [30, 50], "mirror": true},
						{"origin": [2, 26, -2], "size": [2, 1, 6], "uv": [31, 51], "mirror": true},
						{"origin": [-3, 26, -2], "size": [2, 1, 1], "uv": [27, 47], "mirror": true},
						{"origin": [-5, 25, -2], "size": [2, 1, 4], "uv": [29, 49], "mirror": true},
						{"origin": [0, 25, 7], "size": [1, 1, 1], "uv": [35, 55], "mirror": true},
						{"origin": [-2, 24, 6], "size": [5, 1, 1], "uv": [34, 54], "mirror": true},
						{"origin": [-1, 25, 6], "size": [3, 1, 1], "uv": [34, 54], "mirror": true},
						{"origin": [-2, 26, 3], "size": [4, 1, 2], "uv": [32, 52], "mirror": true},
						{"origin": [-4, 26, -1], "size": [3, 1, 4], "uv": [30, 50], "mirror": true},
						{"origin": [-2, 27, -1], "size": [1, 1, 3], "uv": [29, 49], "mirror": true},
						{"origin": [4, 22, -6], "size": [1, 1, 1], "uv": [27, 47], "mirror": true},
						{"origin": [-3, 23, -6], "size": [1, 1, 1], "uv": [27, 47], "mirror": true},
						{"origin": [-4, 22, -6], "size": [1, 1, 1], "uv": [27, 47], "mirror": true},
						{"origin": [3, 23, -6], "size": [1, 1, 1], "uv": [27, 47], "mirror": true},
						{"origin": [2, 27, -1], "size": [1, 1, 4], "uv": [30, 50], "mirror": true},
						{"origin": [-1, 27, -2], "size": [3, 1, 5], "uv": [30, 50], "mirror": true},
						{"origin": [6, 22, 1], "size": [1, 1, 2], "uv": [30, 50], "mirror": true},
						{"origin": [6, 21, -1], "size": [1, 1, 1], "uv": [27, 47], "mirror": true},
						{"origin": [5, 22, -4], "size": [1, 1, 1], "uv": [27, 47], "mirror": true},
						{"origin": [4, 24, -4], "size": [1, 1, 1], "uv": [27, 47], "mirror": true},
						{"origin": [-2, 26, -3], "size": [5, 1, 1], "uv": [27, 47], "mirror": true},
						{"origin": [-3, 25, -4], "size": [7, 1, 1], "uv": [27, 47], "mirror": true},
						{"origin": [-3, 24, -5], "size": [7, 1, 1], "uv": [27, 47], "mirror": true},
						{"origin": [2, 26, 4], "size": [1, 1, 1], "uv": [32, 52], "mirror": true},
						{"origin": [2, 25, 4], "size": [2, 1, 1], "uv": [32, 52], "mirror": true},
						{"origin": [-3, 24, 4], "size": [8, 1, 1], "uv": [32, 52], "mirror": true},
						{"origin": [-5, 19, 3], "size": [11, 4, 3], "uv": [33, 53], "mirror": true},
						{"origin": [7, 17, 3], "size": [1, 1, 5], "uv": [35, 55], "mirror": true},
						{"origin": [8, 17, 4], "size": [1, 1, 6], "uv": [37, 57], "mirror": true},
						{"origin": [7, 18, 4], "size": [1, 1, 3], "uv": [34, 54], "mirror": true},
						{"origin": [7, 18, 1], "size": [1, 2, 3], "uv": [31, 51], "mirror": true},
						{"origin": [6, 18, 2], "size": [1, 2, 3], "uv": [32, 52], "mirror": true},
						{"origin": [6, 18, 0], "size": [1, 3, 4], "uv": [31, 51], "mirror": true},
						{"origin": [6, 21, 2], "size": [1, 1, 1], "uv": [30, 50], "mirror": true},
						{"origin": [6, 22, 3], "size": [1, 1, 1], "uv": [31, 51], "mirror": true},
						{"origin": [6, 23, 3], "size": [1, 1, 2], "uv": [32, 52], "mirror": true},
						{"origin": [5, 23, 3], "size": [1, 1, 1], "uv": [31, 51], "mirror": true},
						{"origin": [-4, 24, 3], "size": [10, 1, 1], "uv": [31, 51], "mirror": true},
						{"origin": [2, 27, -2], "size": [1, 1, 1], "uv": [27, 47], "mirror": true},
						{"origin": [-1, 23, -6], "size": [3, 1, 1], "uv": [27, 47], "mirror": true}
					]
				},
				{
					"name": "redpeices",
					"parent": "hair",
					"pivot": [5, 21, 0],
					"cubes": [
						{"origin": [0, 24, -6], "size": [1, 1, 1], "uv": [42, 25], "mirror": true},
						{"origin": [0, 25, -5], "size": [1, 1, 1], "uv": [40, 24], "mirror": true},
						{"origin": [1, 26, -4], "size": [1, 1, 1], "uv": [25, 22], "mirror": true},
						{"origin": [1, 27, -3], "size": [1, 1, 1], "uv": [40, 25], "mirror": true},
						{"origin": [2, 28, -2], "size": [1, 1, 7], "uv": [38, 31], "mirror": true},
						{"origin": [-6, 21, -4], "size": [1, 1, 1], "uv": [42, 26], "mirror": true},
						{"origin": [-6, 21, -2], "size": [1, 1, 1], "uv": [43, 23], "mirror": true},
						{"origin": [-6, 21, -3], "size": [1, 1, 1], "uv": [43, 24], "mirror": true},
						{"origin": [-8, 20, -1], "size": [1, 1, 1], "uv": [42, 27], "mirror": true},
						{"origin": [-8, 20, 0], "size": [1, 1, 2], "uv": [42, 29], "mirror": true},
						{"origin": [-9, 19, 2], "size": [1, 1, 1], "uv": [44, 25], "mirror": true},
						{"origin": [-9, 19, 1], "size": [1, 1, 1], "uv": [44, 29], "mirror": true},
						{"origin": [-9, 19, 3], "size": [1, 1, 1], "uv": [35, 27], "mirror": true},
						{"origin": [-8, 19, 4], "size": [1, 1, 1], "uv": [30, 27], "mirror": true},
						{"origin": [-8, 19, 6], "size": [1, 1, 1], "uv": [37, 30], "mirror": true},
						{"origin": [-8, 19, 5], "size": [1, 1, 1], "uv": [45, 31], "mirror": true},
						{"origin": [-9, 19, 6], "size": [1, 1, 1], "uv": [37, 29], "mirror": true},
						{"origin": [-9, 19, 7], "size": [1, 1, 1], "uv": [39, 30], "mirror": true},
						{"origin": [2, 27, 3], "size": [1, 1, 1], "uv": [35, 28], "mirror": true},
						{"origin": [6, 22, -3], "size": [1, 1, 4], "uv": [42, 36], "mirror": true},
						{"origin": [8, 21, 1], "size": [1, 1, 4], "uv": [36, 29], "mirror": true},
						{"origin": [9, 21, 3], "size": [1, 1, 4], "uv": [43, 36], "mirror": true},
						{
							"origin": [7, 21, 0],
							"size": [1, 1, 3],
							"uv": {
								"north": {"uv": [64, 42], "uv_size": [0, 1]},
								"east": {"uv": [61, 42], "uv_size": [3, 1]},
								"south": {"uv": [0, 42], "uv_size": [0, 1]},
								"west": {"uv": [0, 42], "uv_size": [3, 1]},
								"up": {"uv": [26, 33], "uv_size": [0, -3]},
								"down": {"uv": [0, 64], "uv_size": [0, -3]}
							}
						}
					]
				},
				{
					"name": "LeftShoulderLocator",
					"parent": "Head",
					"pivot": [3, 15.5, 0]
				},
				{
					"name": "RightShoulderLocator",
					"parent": "Head",
					"pivot": [-2, 15.5, 0]
				},
				{
					"name": "Arm",
					"parent": "UpBody",
					"pivot": [-23, 31.2, 0]
				},
				{
					"name": "LeftArm",
					"parent": "Arm",
					"pivot": [2.25, 15.9, 0],
					"rotation": [0, 0, -15],
					"cubes": [
						{"origin": [2, 16, -2], "size": [8, 2, 2], "pivot": [2, 16, -1], "rotation": [0, 0, 95], "uv": [26, 0]},
						{"origin": [2.075, 8.225, -0.475], "size": [1, 1, 1], "uv": [36, 47], "mirror": true}
					]
				},
				{
					"name": "RightArm",
					"parent": "Arm",
					"pivot": [-1.25, 16.775, 0],
					"rotation": [0, 0, 15],
					"cubes": [
						{"origin": [-2.075, 8.325, -0.475], "size": [1, 1, 1], "uv": [36, 47]},
						{"origin": [-8, 15, -2], "size": [8, 2, 2], "pivot": [-1, 15, -1], "rotation": [0, 0, -95], "uv": [44, 3]}
					]
				},
				{
					"name": "RifleLocator",
					"parent": "UpBody",
					"pivot": [0, 11.15, 2.3],
					"rotation": [0, 0, 45]
				},
				{
					"name": "PistolLocator",
					"parent": "UpBody",
					"pivot": [0, 10.75, -1.6],
					"rotation": [-30, 0, 0]
				},
				{
					"name": "ElytraLocator",
					"parent": "UpBody",
					"pivot": [0, 11.65, 2]
				},
				{
					"name": "RightWaistLocator",
					"parent": "UpBody",
					"pivot": [2, 9, 0],
					"rotation": [-5, 0, 0]
				},
				{
					"name": "LeftWaistLocator",
					"parent": "UpBody",
					"pivot": [-1, 10, 0],
					"rotation": [-20, 0, 0]
				},
				{
					"name": "DownBody",
					"parent": "AllBody",
					"pivot": [0, 9, 0]
				},
				{
					"name": "LeftLeg",
					"parent": "DownBody",
					"pivot": [3.15, 7.95, -1],
					"rotation": [0, 0, -2.5],
					"cubes": [
						{"origin": [1, 0, -2], "size": [2, 8, 2], "uv": [34, 7]}
					]
				},
				{
					"name": "RightLeg",
					"parent": "DownBody",
					"pivot": [-1.15, 7.95, -1],
					"rotation": [0, 0, 2.5],
					"cubes": [
						{"origin": [-2, 0, -2], "size": [2, 8, 2], "uv": [42, 7]}
					]
				}
			]
		}
	]
}