{
	"format_version": "1.12.0",
	"minecraft:geometry": [
		{
			"description": {
				"identifier": "geometry.unknown",
				"texture_width": 128,
				"texture_height": 128,
				"visible_bounds_width": 3,
				"visible_bounds_height": 4.5,
				"visible_bounds_offset": [0, 1.75, 0]
			},
			"bones": [
				{
					"name": "RightArm",
					"pivot": [-0.76582, 28.77929, 0],
					"cubes": [
						{
							"origin": [-2.85486, 20.80401, -1.39268],
							"size": [2.5386, 6.49921, 2.78539],
							"uv": {
								"north": {"uv": [55, 46], "uv_size": [2.5, 7]},
								"east": {"uv": [49, 19], "uv_size": [3, 7]},
								"south": {"uv": [56, 0], "uv_size": [2.5, 7]},
								"west": {"uv": [0, 50], "uv_size": [3, 7]},
								"up": {"uv": [73, 30], "uv_size": [2.5, 3]},
								"down": {"uv": [31, 76], "uv_size": [2.5, -3]}
							}
						},
						{
							"origin": [-2.96793, 20.55651, -1.46232],
							"size": [2.68019, 6.82416, 2.92465],
							"uv": {
								"north": {"uv": [46, 22], "uv_size": [3, 7.5]},
								"east": {"uv": [33, 46], "uv_size": [3, 7.5]},
								"south": {"uv": [41, 46], "uv_size": [3, 7.5]},
								"west": {"uv": [44, 46], "uv_size": [3, 7.5]},
								"up": {"uv": [69, 36], "uv_size": [3, 3]},
								"down": {"uv": [69, 42], "uv_size": [3, -3]}
							}
						},
						{
							"origin": [-2.84583, 20.52403, -1.80799],
							"size": [2.43598, 1.63458, 1.65411],
							"pivot": [1.90227, 21.82678, 0.41182],
							"rotation": [43, 0, 0],
							"uv": {
								"north": {"uv": [84, 31], "uv_size": [2.5, 1.5]},
								"east": {"uv": [87, 15], "uv_size": [2, 1.5]},
								"south": {"uv": [84, 33], "uv_size": [2.5, 1.5]},
								"west": {"uv": [16, 87], "uv_size": [2, 1.5]},
								"up": {"uv": [81, 24], "uv_size": [2.5, 2]},
								"down": {"uv": [81, 28], "uv_size": [2.5, -2]}
							}
						},
						{
							"origin": [-2.84583, 20.62176, 0.15387],
							"size": [2.43598, 1.53684, 1.65411],
							"pivot": [1.90227, 21.82678, -0.41182],
							"rotation": [-43, 0, 0],
							"uv": {
								"north": {"uv": [34, 84], "uv_size": [2.5, 1.5]},
								"east": {"uv": [87, 17], "uv_size": [2, 1.5]},
								"south": {"uv": [84, 35], "uv_size": [2.5, 1.5]},
								"west": {"uv": [18, 87], "uv_size": [2, 1.5]},
								"up": {"uv": [81, 28], "uv_size": [2.5, 2]},
								"down": {"uv": [81, 32], "uv_size": [2.5, -2]}
							}
						}
					]
				},
				{
					"name": "RightForeArm",
					"parent": "RightArm",
					"pivot": [-1.43896, 23.25497, 0.02322],
					"cubes": [
						{
							"origin": [-2.94357, 16.05349, -1.43794],
							"size": [2.63144, 5.15294, 2.92465],
							"uv": {
								"north": {"uv": [0, 57], "uv_size": [3, 5.5]},
								"east": {"uv": [3, 57], "uv_size": [3, 5.5]},
								"south": {"uv": [6, 57], "uv_size": [3, 5.5]},
								"west": {"uv": [23, 57], "uv_size": [3, 5.5]},
								"up": {"uv": [40, 69], "uv_size": [3, 3]},
								"down": {"uv": [69, 45], "uv_size": [3, -3]}
							}
						},
						{
							"origin": [-2.84583, 19.60339, -1.80799],
							"size": [2.43598, 1.63458, 1.65411],
							"pivot": [1.90227, 19.9352, 0.41182],
							"rotation": [-43, 0, 0],
							"uv": {
								"north": {"uv": [37, 84], "uv_size": [2.5, 1.5]},
								"east": {"uv": [87, 19], "uv_size": [2, 1.5]},
								"south": {"uv": [84, 37], "uv_size": [2.5, 1.5]},
								"west": {"uv": [20, 87], "uv_size": [2, 1.5]},
								"up": {"uv": [81, 44], "uv_size": [2.5, 2]},
								"down": {"uv": [81, 57], "uv_size": [2.5, -2]}
							}
						},
						{
							"origin": [-2.84583, 19.60339, 0.15387],
							"size": [2.43598, 1.53684, 1.65411],
							"pivot": [1.90227, 19.9352, -0.41182],
							"rotation": [43, 0, 0],
							"uv": {
								"north": {"uv": [84, 39], "uv_size": [2.5, 1.5]},
								"east": {"uv": [87, 21], "uv_size": [2, 1.5]},
								"south": {"uv": [84, 41], "uv_size": [2.5, 1.5]},
								"west": {"uv": [87, 23], "uv_size": [2, 1.5]},
								"up": {"uv": [81, 68], "uv_size": [2.5, 2]},
								"down": {"uv": [70, 83], "uv_size": [2.5, -2]}
							}
						},
						{
							"origin": [-3.03642, 15.96064, -1.5308],
							"size": [2.81713, 0.78919, 3.11034],
							"uv": {
								"north": {"uv": [87, 5], "uv_size": [3, 1]},
								"east": {"uv": [84, 69], "uv_size": [3.5, 1]},
								"south": {"uv": [24, 87], "uv_size": [3, 1]},
								"west": {"uv": [84, 76], "uv_size": [3.5, 1]},
								"up": {"uv": [0, 67], "uv_size": [3, 3.5]},
								"down": {"uv": [67, 3.5], "uv_size": [3, -3.5]}
							}
						},
						{
							"origin": [-3.03642, 16.8891, -0.3238],
							"size": [0.60349, 0.60349, 0.51065],
							"uv": {
								"north": {"uv": [101, 12], "uv_size": [0.5, 0.5]},
								"east": {"uv": [13, 101], "uv_size": [0.5, 0.5]},
								"south": {"uv": [101, 13], "uv_size": [0.5, 0.5]},
								"west": {"uv": [14, 101], "uv_size": [0.5, 0.5]},
								"up": {"uv": [101, 14], "uv_size": [0.5, 0.5]},
								"down": {"uv": [15, 101.5], "uv_size": [0.5, -0.5]}
							}
						},
						{
							"origin": [-2.83165, 14.30483, -1.36948],
							"size": [2.49217, 6.49921, 2.78538],
							"uv": {
								"north": {"uv": [56, 7], "uv_size": [2.5, 7]},
								"east": {"uv": [3, 50], "uv_size": [3, 7]},
								"south": {"uv": [9, 56], "uv_size": [2.5, 7]},
								"west": {"uv": [6, 50], "uv_size": [3, 7]},
								"up": {"uv": [34, 73], "uv_size": [2.5, 3]},
								"down": {"uv": [45, 76], "uv_size": [2.5, -3]}
							}
						}
					]
				},
				{
					"name": "RightHandLocator",
					"parent": "RightForeArm",
					"pivot": [-1.43896, 18.14845, 0.02322]
				},
				{
					"name": "LeftArm",
					"pivot": [0.96583, 28.77929, 0],
					"cubes": [
						{
							"origin": [0.51627, 20.80401, -1.39268],
							"size": [2.5386, 6.49921, 2.78539],
							"uv": {
								"north": {"uv": [20, 54], "uv_size": [2.5, 7]},
								"east": {"uv": [48, 36], "uv_size": [3, 7]},
								"south": {"uv": [44, 54], "uv_size": [2.5, 7]},
								"west": {"uv": [11, 49], "uv_size": [3, 7]},
								"up": {"uv": [73, 5], "uv_size": [2.5, 3]},
								"down": {"uv": [8, 76], "uv_size": [2.5, -3]}
							}
						},
						{
							"origin": [0.4148, 20.59429, -1.46232],
							"size": [2.68019, 6.82416, 2.92465],
							"uv": {
								"north": {"uv": [44, 0], "uv_size": [3, 7.5]},
								"east": {"uv": [45, 30], "uv_size": [3, 7.5]},
								"south": {"uv": [45, 38], "uv_size": [3, 7.5]},
								"west": {"uv": [46, 14], "uv_size": [3, 7.5]},
								"up": {"uv": [26, 69], "uv_size": [3, 3]},
								"down": {"uv": [69, 30], "uv_size": [3, -3]}
							}
						},
						{
							"origin": [0.56127, 6.93608, -32.27311],
							"size": [2.43598, 1.63458, 1.36092],
							"pivot": [2.13367, -26.51127, 0.53695],
							"rotation": [-43, 0, 0],
							"uv": {
								"north": {"uv": [77, 83], "uv_size": [2.5, 1.5]},
								"east": {"uv": [89, 0], "uv_size": [1.5, 1.5]},
								"south": {"uv": [84, 9], "uv_size": [2.5, 1.5]},
								"west": {"uv": [89, 3], "uv_size": [1.5, 1.5]},
								"up": {"uv": [84, 11], "uv_size": [2.5, 1.5]},
								"down": {"uv": [84, 16.5], "uv_size": [2.5, -1.5]}
							}
						},
						{
							"origin": [0.56127, 7.09834, -32.82104],
							"size": [2.43598, 1.34138, 1.75185],
							"pivot": [2.13367, -25.95805, -0.01098],
							"rotation": [-43, 0, 0],
							"uv": {
								"north": {"uv": [84, 17], "uv_size": [2.5, 1.5]},
								"east": {"uv": [8, 87], "uv_size": [2, 1.5]},
								"south": {"uv": [84, 19], "uv_size": [2.5, 1.5]},
								"west": {"uv": [87, 9], "uv_size": [2, 1.5]},
								"up": {"uv": [81, 16], "uv_size": [2.5, 2]},
								"down": {"uv": [81, 20], "uv_size": [2.5, -2]}
							}
						}
					]
				},
				{
					"name": "LeftForeArm",
					"parent": "LeftArm",
					"pivot": [1.63896, 23.25497, 0.02322],
					"cubes": [
						{
							"origin": [0.53946, 14.30483, -1.36948],
							"size": [2.49217, 6.49921, 2.78538],
							"uv": {
								"north": {"uv": [55, 32], "uv_size": [2.5, 7]},
								"east": {"uv": [49, 12], "uv_size": [3, 7]},
								"south": {"uv": [55, 39], "uv_size": [2.5, 7]},
								"west": {"uv": [14, 49], "uv_size": [3, 7]},
								"up": {"uv": [73, 8], "uv_size": [2.5, 3]},
								"down": {"uv": [73, 30], "uv_size": [2.5, -3]}
							}
						},
						{
							"origin": [0.53689, 20.74006, -0.97536],
							"size": [2.43598, 1.34138, 1.75185],
							"pivot": [2.01158, 21.02922, -0.02607],
							"rotation": [43, 0, 0],
							"uv": {
								"north": {"uv": [84, 21], "uv_size": [2.5, 1.5]},
								"east": {"uv": [11, 87], "uv_size": [2, 1.5]},
								"south": {"uv": [84, 23], "uv_size": [2.5, 1.5]},
								"west": {"uv": [87, 11], "uv_size": [2, 1.5]},
								"up": {"uv": [81, 20], "uv_size": [2.5, 2]},
								"down": {"uv": [81, 24], "uv_size": [2.5, -2]}
							}
						},
						{
							"origin": [0.53689, 20.60915, -0.42742],
							"size": [2.43598, 1.63458, 1.36092],
							"pivot": [2.01158, 21.58243, 0.52187],
							"rotation": [43, 0, 0],
							"uv": {
								"north": {"uv": [84, 25], "uv_size": [2.5, 1.5]},
								"east": {"uv": [89, 12], "uv_size": [1.5, 1.5]},
								"south": {"uv": [84, 27], "uv_size": [2.5, 1.5]},
								"west": {"uv": [89, 27], "uv_size": [1.5, 1.5]},
								"up": {"uv": [84, 29], "uv_size": [2.5, 1.5]},
								"down": {"uv": [31, 85.5], "uv_size": [2.5, -1.5]}
							}
						},
						{
							"origin": [0.43916, 15.99842, -1.43794],
							"size": [2.63144, 5.15294, 2.92465],
							"uv": {
								"north": {"uv": [12, 56], "uv_size": [3, 5.5]},
								"east": {"uv": [56, 18], "uv_size": [3, 5.5]},
								"south": {"uv": [56, 24], "uv_size": [3, 5.5]},
								"west": {"uv": [35, 56], "uv_size": [3, 5.5]},
								"up": {"uv": [69, 30], "uv_size": [3, 3]},
								"down": {"uv": [69, 36], "uv_size": [3, -3]}
							}
						},
						{
							"origin": [0.34631, 15.90557, -1.5308],
							"size": [2.81713, 0.78919, 3.11034],
							"uv": {
								"north": {"uv": [86, 66], "uv_size": [3, 1]},
								"east": {"uv": [84, 67], "uv_size": [3.5, 1]},
								"south": {"uv": [87, 2], "uv_size": [3, 1]},
								"west": {"uv": [84, 68], "uv_size": [3.5, 1]},
								"up": {"uv": [66, 53], "uv_size": [3, 3.5]},
								"down": {"uv": [66, 60.5], "uv_size": [3, -3.5]}
							}
						},
						{
							"origin": [2.54006, 16.8891, -0.3238],
							"size": [0.60349, 0.60349, 0.51065],
							"uv": {
								"north": {"uv": [101, 9], "uv_size": [0.5, 0.5]},
								"east": {"uv": [10, 101], "uv_size": [0.5, 0.5]},
								"south": {"uv": [101, 10], "uv_size": [0.5, 0.5]},
								"west": {"uv": [11, 101], "uv_size": [0.5, 0.5]},
								"up": {"uv": [101, 11], "uv_size": [0.5, 0.5]},
								"down": {"uv": [12, 101.5], "uv_size": [0.5, -0.5]}
							}
						}
					]
				},
				{
					"name": "LeftHandLocator",
					"parent": "LeftForeArm",
					"pivot": [1.63896, 18.14845, 0.02322]
				}
			]
		}
	]
}