{
	"format_version": "1.12.0",
	"minecraft:geometry": [
		{
			"description": {
				"identifier": "geometry.unknown",
				"texture_width": 128,
				"texture_height": 128,
				"visible_bounds_width": 4,
				"visible_bounds_height": 23,
				"visible_bounds_offset": [0, -7.5, 0],
				"ysm_extra_info": {
					"name": "Bee",
					"tips": "She wont sting"
				}
			},
			"bones": [
				{
					"name": "Root",
					"pivot": [0, 24, 0]
				},
				{
					"name": "AllBody",
					"parent": "Root",
					"pivot": [0, 0, 0]
				},
				{
					"name": "Legs",
					"parent": "AllBody",
					"pivot": [0, 0, 0]
				},
				{
					"name": "RightLeg",
					"parent": "Legs",
					"pivot": [-2, 13, 0.5]
				},
				{
					"name": "left_leg2",
					"parent": "RightLeg",
					"pivot": [-2, 13.1, 0],
					"cubes": [
						{"origin": [-4, 0, -1.5], "size": [1, 12, 4], "pivot": [-4, 12, 0], "rotation": [0, 0, -3.6], "uv": [14, 41]}
					]
				},
				{
					"name": "bone8",
					"parent": "left_leg2",
					"pivot": [0, 1.1, 0],
					"cubes": [
						{"origin": [-4, 12, -1.5], "size": [3.75, 1, 4], "uv": [1, 53]},
						{"origin": [-3.248, 0, -1.5], "size": [3, 12, 4], "uv": [0, 36]}
					]
				},
				{
					"name": "left_leg_sub_1",
					"parent": "bone8",
					"pivot": [0, 1.1, 0]
				},
				{
					"name": "LeftLeg",
					"parent": "Legs",
					"pivot": [2, 13, 0.5]
				},
				{
					"name": "right_leg2",
					"parent": "LeftLeg",
					"pivot": [2, 13.1, 1],
					"cubes": [
						{"origin": [3, 0, -1.5], "size": [1, 12, 4], "pivot": [4, 12, 0], "rotation": [0, 0, 3.6], "uv": [28, 40]}
					]
				},
				{
					"name": "bone3",
					"parent": "right_leg2",
					"pivot": [0, 1.1, 0],
					"cubes": [
						{"origin": [0.25, 12, -1.5], "size": [3.75, 1, 4], "uv": [52, 43]},
						{"origin": [0.248, 0, -1.5], "size": [3, 12, 4], "uv": [34, 0]}
					]
				},
				{
					"name": "right_leg_sub_1",
					"parent": "bone3",
					"pivot": [0, 1.1, 0]
				},
				{
					"name": "UpBody",
					"parent": "AllBody",
					"pivot": [0, 13, 1]
				},
				{
					"name": "UpperBody",
					"parent": "UpBody",
					"pivot": [0, 13, 1]
				},
				{
					"name": "Head",
					"parent": "UpperBody",
					"pivot": [0, 24.1, 0],
					"cubes": [
						{"origin": [-4, 24, -4], "size": [8, 8, 8], "uv": [0, 0]}
					]
				},
				{
					"name": "Eyes",
					"parent": "Head",
					"pivot": [0, -0.5, 0]
				},
				{
					"name": "Eyelashes",
					"parent": "Eyes",
					"pivot": [0, 27.6, -0.1]
				},
				{
					"name": "LeftEyelash",
					"parent": "Eyelashes",
					"pivot": [2, 28.1, -4.1],
					"cubes": [
						{
							"origin": [1, 28.5, -4.175],
							"size": [3, 0.5, 0.3],
							"inflate": 0.02,
							"uv": {
								"north": {"uv": [121, 1], "uv_size": [3, 1]},
								"east": {"uv": [120, 1], "uv_size": [1, 1]},
								"south": {"uv": [125, 1], "uv_size": [3, 1]},
								"west": {"uv": [124, 1], "uv_size": [1, 1]},
								"up": {"uv": [124, 1], "uv_size": [-3, -1]},
								"down": {"uv": [127, 1], "uv_size": [-3, -1]}
							}
						},
						{
							"origin": [4, 28.75, -4.175],
							"size": [0.5, 0.5, 0.3],
							"inflate": 0.02,
							"uv": {
								"north": {"uv": [121, 1], "uv_size": [3, 1]},
								"east": {"uv": [120, 1], "uv_size": [1, 1]},
								"south": {"uv": [125, 1], "uv_size": [3, 1]},
								"west": {"uv": [124, 1], "uv_size": [1, 1]},
								"up": {"uv": [121, 0], "uv_size": [3, 1]},
								"down": {"uv": [124, 1], "uv_size": [3, -1]}
							}
						}
					]
				},
				{
					"name": "RightEyelash",
					"parent": "Eyelashes",
					"pivot": [-2, 28.1, -4.1],
					"cubes": [
						{
							"origin": [-4, 28.5, -4.175],
							"size": [3, 0.5, 0.3],
							"inflate": 0.02,
							"uv": {
								"north": {"uv": [124, 1], "uv_size": [-3, 1]},
								"east": {"uv": [125, 1], "uv_size": [-1, 1]},
								"south": {"uv": [128, 1], "uv_size": [-3, 1]},
								"west": {"uv": [121, 1], "uv_size": [-1, 1]},
								"up": {"uv": [124, 0], "uv_size": [-3, 1]},
								"down": {"uv": [127, 1], "uv_size": [-3, -1]}
							}
						},
						{
							"origin": [-4.5, 28.75, -4.175],
							"size": [0.5, 0.5, 0.3],
							"inflate": 0.02,
							"uv": {
								"north": {"uv": [124, 1], "uv_size": [-3, 1]},
								"east": {"uv": [125, 1], "uv_size": [-1, 1]},
								"south": {"uv": [128, 1], "uv_size": [-3, 1]},
								"west": {"uv": [121, 1], "uv_size": [-1, 1]},
								"up": {"uv": [124, 0], "uv_size": [-3, 1]},
								"down": {"uv": [127, 1], "uv_size": [-3, -1]}
							}
						}
					]
				},
				{
					"name": "RightEyelash2",
					"parent": "Eyelashes",
					"pivot": [0, 26.85, -0.1],
					"cubes": [
						{
							"origin": [-4.5, 28, -4.175],
							"size": [0.5, 0.5, 0.3],
							"inflate": 0.02,
							"uv": {
								"north": {"uv": [124, 1], "uv_size": [-3, 1]},
								"east": {"uv": [125, 1], "uv_size": [-1, 1]},
								"south": {"uv": [128, 1], "uv_size": [-3, 1]},
								"west": {"uv": [121, 1], "uv_size": [-1, 1]},
								"up": {"uv": [124, 0], "uv_size": [-3, 1]},
								"down": {"uv": [127, 1], "uv_size": [-3, -1]}
							}
						}
					]
				},
				{
					"name": "LeftEyelash2",
					"parent": "Eyelashes",
					"pivot": [0, 26.85, -0.1],
					"cubes": [
						{
							"origin": [4, 28, -4.175],
							"size": [0.5, 0.5, 0.3],
							"inflate": 0.02,
							"uv": {
								"north": {"uv": [121, 1], "uv_size": [3, 1]},
								"east": {"uv": [120, 1], "uv_size": [1, 1]},
								"south": {"uv": [125, 1], "uv_size": [3, 1]},
								"west": {"uv": [124, 1], "uv_size": [1, 1]},
								"up": {"uv": [121, 0], "uv_size": [3, 1]},
								"down": {"uv": [124, 1], "uv_size": [3, -1]}
							}
						}
					]
				},
				{
					"name": "Eyeballs",
					"parent": "Eyes",
					"pivot": [0, 25, -4.1]
				},
				{
					"name": "LeftEyeBall",
					"parent": "Eyeballs",
					"pivot": [2, 25, -4.1],
					"cubes": [
						{"origin": [1, 25, -4.05], "size": [3, 3.5, 1], "uv": [64, 66]}
					]
				},
				{
					"name": "LeftIris",
					"parent": "LeftEyeBall",
					"pivot": [0, -0.5, 0],
					"cubes": [
						{"origin": [1, 25.5, -4.25], "size": [1.5, 2.5, 1], "inflate": -0.1, "uv": [31, 0]}
					]
				},
				{
					"name": "RightEyeBall",
					"parent": "Eyeballs",
					"pivot": [-2, 25, -4.1],
					"cubes": [
						{
							"origin": [-4, 25, -4.05],
							"size": [3, 3.5, 1],
							"uv": {
								"north": {"uv": [67, 32], "uv_size": [2, 3]},
								"east": {"uv": [66, 32], "uv_size": [1, 3]},
								"south": {"uv": [70, 32], "uv_size": [2, 3]},
								"west": {"uv": [69, 32], "uv_size": [1, 3]},
								"up": {"uv": [67, 31], "uv_size": [2, 1]},
								"down": {"uv": [69, 32], "uv_size": [2, -1]}
							}
						}
					]
				},
				{
					"name": "RightIris",
					"parent": "RightEyeBall",
					"pivot": [0, -0.5, 0],
					"cubes": [
						{"origin": [-2.5, 25.5, -4.25], "size": [1.5, 2.5, 1], "inflate": -0.1, "uv": [19, 25]}
					]
				},
				{
					"name": "Eyelids",
					"parent": "Eyes",
					"pivot": [0, 29, -4.05],
					"cubes": [
						{
							"origin": [-4, 28.5, -4.175],
							"size": [3, 0.5, 0.3],
							"inflate": 0.01,
							"uv": {
								"north": {"uv": [113, 1], "uv_size": [3, 1]},
								"east": {"uv": [112, 1], "uv_size": [1, 1]},
								"south": {"uv": [117, 1], "uv_size": [3, 1]},
								"west": {"uv": [116, 1], "uv_size": [1, 1]},
								"up": {"uv": [113, 0], "uv_size": [3, 1]},
								"down": {"uv": [116, 1], "uv_size": [3, -1]}
							}
						},
						{
							"origin": [1, 28.5, -4.175],
							"size": [3, 0.5, 0.3],
							"inflate": 0.01,
							"uv": {
								"north": {"uv": [116, 1], "uv_size": [-3, 1]},
								"east": {"uv": [117, 1], "uv_size": [-1, 1]},
								"south": {"uv": [120, 1], "uv_size": [-3, 1]},
								"west": {"uv": [113, 1], "uv_size": [-1, 1]},
								"up": {"uv": [116, 0], "uv_size": [-3, 1]},
								"down": {"uv": [119, 1], "uv_size": [-3, -1]}
							}
						}
					]
				},
				{
					"name": "blush",
					"parent": "Head",
					"pivot": [0, 0.5, 2.75],
					"cubes": [
						{"origin": [-4, 25.5, -0.5], "size": [8, 1, 0], "uv": [49, 48]}
					]
				},
				{
					"name": "hair",
					"parent": "Head",
					"pivot": [0, 24.1, 0],
					"cubes": [
						{"origin": [-4, 31.5, -4], "size": [8, 1, 8], "uv": [0, 16]},
						{"origin": [-4, 24, 1.5], "size": [8, 8, 3], "uv": [0, 25]},
						{"origin": [-4, 23, 1.5], "size": [8, 1, 3], "uv": [39, 37]},
						{"origin": [-2, 29.5, -4.5], "size": [3, 2.5, 3], "uv": [44, 57]},
						{"origin": [-4, 29, -4.5], "size": [2, 3, 3], "uv": [24, 0]},
						{"origin": [2, 29.5, -4.5], "size": [1, 2.5, 3], "uv": [44, 62]},
						{"origin": [3, 29, -4.5], "size": [1, 3, 3], "uv": [0, 0]},
						{"origin": [1, 30, -4.5], "size": [1, 2, 3], "uv": [61, 0]},
						{"origin": [3.5, 24, -4], "size": [1, 8, 8], "uv": [24, 24]},
						{"origin": [3, 23, -4], "size": [1, 1, 8], "uv": [34, 16]},
						{"origin": [-4, 23, -4], "size": [1, 1, 8], "uv": [14, 32]},
						{"origin": [-4.5, 24, -4], "size": [1, 8, 8], "uv": [24, 8]}
					]
				},
				{
					"name": "antena",
					"parent": "hair",
					"pivot": [-2, 0, -7],
					"cubes": [
						{"origin": [3, 31.5, -8], "size": [0, 3, 5], "uv": [116, 32]},
						{"origin": [-3, 31.5, -8], "size": [0, 3, 5], "uv": [116, 32], "mirror": true}
					]
				},
				{
					"name": "hair2",
					"parent": "hair",
					"pivot": [0, 31.73396, 3.09796],
					"rotation": [-50, 0, 0],
					"cubes": [
						{"origin": [-2, 31.5, 1.75], "size": [4, 2, 4], "uv": [50, 51]},
						{"origin": [-1, 33.5, 4.75], "size": [2, 3, 1], "pivot": [0, 33.5, 4.25], "rotation": [-17.5, 0, 0], "uv": [65, 62]},
						{"origin": [-1, 35.91009, 5.33269], "size": [2, 3, 1], "pivot": [0, 35.91009, 5.08269], "rotation": [10, 0, 0], "uv": [12, 64]},
						{"origin": [-1, 33.5, 1.75], "size": [2, 3, 1], "pivot": [0, 33.5, 2.25], "rotation": [17.5, 0, 0], "uv": [52, 65]},
						{"origin": [-1, 36.2108, 1.12102], "size": [2, 3, 1], "pivot": [0, 36.2108, 1.37102], "rotation": [-10, 0, 0], "uv": [65, 10]},
						{"origin": [-2, 33.5, 2.75], "size": [1, 3, 2], "pivot": [-1, 33.5, 2.25], "rotation": [0, 0, -17.5], "uv": [6, 64]},
						{"origin": [-2.60583, 36.06045, 2.75], "size": [1, 3, 2], "pivot": [-1.85583, 36.06045, 2.25], "rotation": [0, 0, 10], "uv": [59, 62]},
						{"origin": [1, 33.5, 2.75], "size": [1, 3, 2], "pivot": [1, 33.5, 2.25], "rotation": [0, 0, 17.5], "uv": [64, 5]},
						{"origin": [1.60583, 36.06045, 2.75], "size": [1, 3, 2], "pivot": [1.85583, 36.06045, 2.25], "rotation": [0, 0, -10], "uv": [0, 64]}
					]
				},
				{
					"name": "Torso",
					"parent": "UpperBody",
					"pivot": [0, 24.1, 0],
					"cubes": [
						{"origin": [-2.5, 19.001, -0.5], "size": [5, 4, 2], "uv": [53, 22]},
						{"origin": [-2.5, 15, -1.5], "size": [5, 4, 3], "uv": [48, 3]},
						{"origin": [-4, 13, -1.5], "size": [8, 2, 3], "uv": [34, 25]},
						{"origin": [-4, 13, 1.5], "size": [8, 1, 1], "uv": [45, 20]},
						{"origin": [-1.001, 23.001, -0.5], "size": [2, 1, 2], "uv": [62, 52]},
						{"origin": [-4, 15, -1.5], "size": [2, 3, 3], "inflate": -0.001, "pivot": [-4, 15, 0], "rotation": [0, 0, 31.5], "uv": [0, 58]},
						{"origin": [2, 15, -1.5], "size": [2, 3, 3], "inflate": -0.001, "pivot": [4, 15, 0], "rotation": [0, 0, -31], "uv": [22, 25]}
					]
				},
				{
					"name": "pussy",
					"parent": "Torso",
					"pivot": [-0.6, 14.5, -1.5],
					"cubes": [
						{"origin": [0.1, 12.5, -1.5], "size": [1, 2, 1], "pivot": [0.6, 14.5, -1.5], "rotation": [-5, 0, 0], "uv": [6, 125], "mirror": true},
						{"origin": [-1.1, 12.5, -1.5], "size": [1, 2, 1], "pivot": [-0.6, 14.5, -1.5], "rotation": [-5, 0, 0], "uv": [6, 125]},
						{"origin": [-0.5, 12.4, -1.6], "size": [1, 2, 1.25], "inflate": -0.2, "pivot": [-0.6, 14.5, -1.5], "rotation": [-5, 0, 0], "uv": [11, 125]},
						{"origin": [-0.45, 12.35559, -1.75472], "size": [1, 2, 1.25], "inflate": -0.2, "pivot": [0.4, 12.55036, -0.73422], "rotation": [-70, 0, 0], "uv": [11, 125]},
						{"origin": [-1.1, 12.42045, -0.67812], "size": [1, 2, 2], "pivot": [-0.6, 12.42045, -0.67812], "rotation": [20, 0, 0], "uv": [5, 121]},
						{"origin": [0.1, 12.42045, -0.67812], "size": [1, 2, 2], "pivot": [0.6, 12.42045, -0.67812], "rotation": [20, 0, 0], "uv": [5, 121], "mirror": true}
					]
				},
				{
					"name": "Wings",
					"parent": "Torso",
					"pivot": [0, 21, 1.5]
				},
				{
					"name": "LeftWing",
					"parent": "Wings",
					"pivot": [0, 22, 1.5],
					"rotation": [0, -3, -12.5],
					"cubes": [
						{"origin": [-0.43229, 16.04741, 1.52266], "size": [9, 6, 0], "uv": [42, 30]}
					]
				},
				{
					"name": "RightWing",
					"parent": "Wings",
					"pivot": [0, 22, 1.5],
					"rotation": [0, 0, 12.5],
					"cubes": [
						{"origin": [-8.56712, 16.04741, 1.5], "size": [9, 6, 0], "pivot": [0.43288, 17.04741, -0.5], "rotation": [0, 3, 0], "uv": [38, 41]}
					]
				},
				{
					"name": "bone",
					"parent": "Torso",
					"pivot": [0, 0, 3],
					"cubes": [
						{"origin": [-2, 15, 1.5], "size": [4, 4, 5], "uv": [110, 8]},
						{"origin": [-1.5, 15.5, 6.5], "size": [3, 3, 1], "uv": [120, 4]}
					]
				},
				{
					"name": "tits",
					"parent": "Torso",
					"pivot": [0, 22.25, -0.5],
					"rotation": [15, 0, 0],
					"cubes": [
						{"origin": [-2.5, 18.75, -4.5], "size": [3.5, 3.5, 5], "pivot": [-2.5, 22.75, -0.5], "rotation": [0, 18.14, 0], "uv": [38, 47]},
						{"origin": [-1.25, 20, -4.75], "size": [1, 1, 1], "pivot": [-2.5, 22.75, -0.5], "rotation": [0, 18.14, 0], "uv": [71, 51]},
						{"origin": [0.25, 20, -4.75], "size": [1, 1, 1], "pivot": [2.5, 22.75, -0.5], "rotation": [0, -18.14, 0], "uv": [71, 51], "mirror": true},
						{"origin": [0, 18.75, -4.5], "size": [1.5, 3.5, 0], "pivot": [-2.5, 22.75, -0.5], "rotation": [0, 18.14, 0], "uv": [5, 88]},
						{"origin": [-1.5, 18.75, -4.5], "size": [1.5, 3.5, 0], "pivot": [2.5, 22.75, -0.5], "rotation": [0, -18.14, 0], "uv": [5, 88], "mirror": true},
						{"origin": [-1, 18.75, -4.5], "size": [3.5, 3.5, 5], "pivot": [2.5, 22.75, -0.5], "rotation": [0, -18.14, -0.001], "uv": [44, 11]}
					]
				},
				{
					"name": "bone2",
					"parent": "Torso",
					"pivot": [0, 14, 2.5],
					"rotation": [16.2, 0, 0],
					"cubes": [
						{"origin": [-2.5, 15, 1.5], "size": [5, 3, 1], "uv": [56, 58]},
						{"origin": [-4, 14, 1.5], "size": [8, 1, 1], "uv": [46, 1]},
						{"origin": [2, 15, 1.5], "size": [2, 4, 1], "inflate": -0.001, "pivot": [4, 15, 2.5], "rotation": [0, 0, -30], "uv": [63, 38]},
						{"origin": [-4, 15, 1.5], "size": [2, 4, 1], "inflate": -0.001, "pivot": [-4, 15, 2.5], "rotation": [0, 0, 30], "uv": [1, 17]}
					]
				},
				{
					"name": "Elytra",
					"parent": "Torso",
					"pivot": [0, 13, 0]
				},
				{
					"name": "ElytraLocator",
					"parent": "Elytra",
					"pivot": [0, 22, 0.5]
				},
				{
					"name": "RightArm",
					"parent": "Torso",
					"pivot": [-3, 21.5, 0.5],
					"rotation": [0, 0, 17.5]
				},
				{
					"name": "RightForeArm",
					"parent": "RightArm",
					"pivot": [-3, 21.6, 0.5],
					"cubes": [
						{"origin": [-4, 12.5, -0.5], "size": [2, 10, 2], "inflate": -0.01, "uv": [36, 55]}
					]
				},
				{
					"name": "RightHand",
					"parent": "RightForeArm",
					"pivot": [-3, 13.6, 0.5]
				},
				{
					"name": "RightHandLocator",
					"parent": "RightHand",
					"pivot": [-3, 13.6, 0.5]
				},
				{
					"name": "LeftArm",
					"parent": "Torso",
					"pivot": [3, 21.5, 0.5],
					"rotation": [0, 0, -17.5]
				},
				{
					"name": "LeftForeArm",
					"parent": "LeftArm",
					"pivot": [3, 21.6, 0.5],
					"cubes": [
						{"origin": [2, 12.5, -0.5], "size": [2, 10, 2], "inflate": -0.01, "uv": [22, 55]}
					]
				},
				{
					"name": "LeftHand",
					"parent": "LeftForeArm",
					"pivot": [3, 13.6, 0.5]
				},
				{
					"name": "LeftHandLocator",
					"parent": "LeftHand",
					"pivot": [3, 13.6, 0.5]
				}
			]
		}
	]
}