{
	"format_version": "1.12.0",
	"minecraft:geometry": [
		{
			"description": {
				"identifier": "geometry.unknown",
				"texture_width": 256,
				"texture_height": 256,
				"visible_bounds_width": 5,
				"visible_bounds_height": 4.5,
				"visible_bounds_offset": [0, 1.75, 0]
			},
			"bones": [
				{
					"name": "RightArm",
					"pivot": [-2.9, 34.5, 0.3775],
					"cubes": [
						{
							"origin": [-4.71808, 27.64541, -1.1225],
							"size": [2.6, 7.11, 3.05],
							"uv": {
								"north": {"uv": [27, 70], "uv_size": [3, 7]},
								"east": {"uv": [44, 70], "uv_size": [3, 7]},
								"south": {"uv": [48, 70], "uv_size": [3, 7]},
								"west": {"uv": [52, 70], "uv_size": [3, 7]},
								"up": {"uv": [14, 129], "uv_size": [3, 3]},
								"down": {"uv": [26, 132], "uv_size": [3, -3]}
							}
						},
						{
							"origin": [-4.44808, 30.35541, -1.2125],
							"size": [0.95, 0.7, 0.25],
							"pivot": [-6.36808, 31.50541, 0.4025],
							"rotation": [0, 0, -15],
							"uv": {
								"north": {"uv": [28, 214], "uv_size": [1, 1]},
								"east": {"uv": [30, 214], "uv_size": [1, 1]},
								"south": {"uv": [214, 34], "uv_size": [1, 1]},
								"west": {"uv": [36, 214], "uv_size": [1, 1]},
								"up": {"uv": [214, 36], "uv_size": [1, 1]},
								"down": {"uv": [38, 215], "uv_size": [1, -1]}
							}
						},
						{
							"origin": [-3.97808, 30.65541, -1.2625],
							"size": [0.45, 0.1, 0.25],
							"pivot": [-6.36808, 31.50541, 0.4025],
							"rotation": [0, 0, -15],
							"uv": {
								"north": {"uv": [214, 18], "uv_size": [1, 1]},
								"east": {"uv": [214, 20], "uv_size": [1, 1]},
								"south": {"uv": [22, 214], "uv_size": [1, 1]},
								"west": {"uv": [214, 22], "uv_size": [1, 1]},
								"up": {"uv": [26, 214], "uv_size": [1, 1]},
								"down": {"uv": [214, 27], "uv_size": [1, -1]}
							}
						},
						{
							"origin": [-4.34808, 30.45541, -1.2325],
							"size": [0.75, 0.5, 0.25],
							"pivot": [-6.36808, 31.50541, 0.4025],
							"rotation": [0, 0, -15],
							"uv": {
								"north": {"uv": [214, 10], "uv_size": [1, 1]},
								"east": {"uv": [214, 12], "uv_size": [1, 1]},
								"south": {"uv": [14, 214], "uv_size": [1, 1]},
								"west": {"uv": [214, 14], "uv_size": [1, 1]},
								"up": {"uv": [16, 214], "uv_size": [1, 1]},
								"down": {"uv": [18, 215], "uv_size": [1, -1]}
							}
						},
						{
							"origin": [-4.94808, 30.45541, -1.1725],
							"size": [2.83, 0.5, 3.15],
							"pivot": [-6.36808, 31.50541, 0.4025],
							"rotation": [0, 0, -15],
							"uv": {
								"north": {"uv": [187, 156], "uv_size": [3, 1]},
								"east": {"uv": [187, 158], "uv_size": [3, 1]},
								"south": {"uv": [187, 160], "uv_size": [3, 1]},
								"west": {"uv": [162, 187], "uv_size": [3, 1]},
								"up": {"uv": [30, 129], "uv_size": [3, 3]},
								"down": {"uv": [34, 132], "uv_size": [3, -3]}
							}
						},
						{
							"origin": [-3.70808, 31.24541, -1.1325],
							"size": [1.6, 1, 3.07],
							"uv": {
								"north": {"uv": [77, 200], "uv_size": [2, 1]},
								"east": {"uv": [173, 187], "uv_size": [3, 1]},
								"south": {"uv": [80, 200], "uv_size": [2, 1]},
								"west": {"uv": [177, 187], "uv_size": [3, 1]},
								"up": {"uv": [155, 7], "uv_size": [2, 3]},
								"down": {"uv": [155, 19], "uv_size": [2, -3]}
							}
						},
						{
							"origin": [-5.88808, 31.85541, -1.1425],
							"size": [2.51, 1, 3.09],
							"pivot": [-3.41808, 34.25541, 0.4025],
							"rotation": [0, 0, -32.5],
							"uv": {
								"north": {"uv": [181, 187], "uv_size": [3, 1]},
								"east": {"uv": [185, 187], "uv_size": [3, 1]},
								"south": {"uv": [0, 188], "uv_size": [3, 1]},
								"west": {"uv": [4, 188], "uv_size": [3, 1]},
								"up": {"uv": [38, 129], "uv_size": [3, 3]},
								"down": {"uv": [50, 133], "uv_size": [3, -3]}
							}
						},
						{
							"origin": [-4.64692, 34.11273, -1.1025],
							"size": [2.45, 1.1, 3],
							"pivot": [-3.52162, 34.7862, 0.4025],
							"rotation": [0, 0, -22.5],
							"uv": {
								"north": {"uv": [83, 200], "uv_size": [2, 1]},
								"east": {"uv": [8, 188], "uv_size": [3, 1]},
								"south": {"uv": [86, 200], "uv_size": [2, 1]},
								"west": {"uv": [12, 188], "uv_size": [3, 1]},
								"up": {"uv": [155, 20], "uv_size": [2, 3]},
								"down": {"uv": [155, 27], "uv_size": [2, -3]}
							}
						}
					]
				},
				{
					"name": "RightForeArm",
					"parent": "RightArm",
					"pivot": [-3.74308, 27.64541, 0.4025],
					"cubes": [
						{
							"origin": [-4.23159, 24.51078, -1.5312],
							"size": [1, 4.2, 2.7],
							"pivot": [-2.96244, 24.87738, -0.6562],
							"rotation": [-90, -77.5, 90],
							"uv": {
								"north": {"uv": [47, 178], "uv_size": [1, 4]},
								"east": {"uv": [96, 105], "uv_size": [3, 4]},
								"south": {"uv": [54, 178], "uv_size": [1, 4]},
								"west": {"uv": [32, 106], "uv_size": [3, 4]},
								"up": {"uv": [166, 187], "uv_size": [1, 3]},
								"down": {"uv": [16, 191], "uv_size": [1, -3]}
							}
						},
						{
							"origin": [-5.64029, 24.51078, -1.0725],
							"size": [1.3, 4.2, 3.05],
							"pivot": [-4.37114, 24.87738, 0.6025],
							"rotation": [0, 0, 12.5],
							"uv": {
								"north": {"uv": [71, 178], "uv_size": [1, 4]},
								"east": {"uv": [106, 55], "uv_size": [3, 4]},
								"south": {"uv": [76, 178], "uv_size": [1, 4]},
								"west": {"uv": [106, 70], "uv_size": [3, 4]},
								"up": {"uv": [18, 188], "uv_size": [1, 3]},
								"down": {"uv": [20, 191], "uv_size": [1, -3]}
							}
						},
						{
							"origin": [-5.22496, 26.27637, 0.3775],
							"size": [0.25, 1.31, 0.15],
							"pivot": [-5.09996, 26.93637, 0.4525],
							"rotation": [60, 0, 12.5],
							"uv": {
								"north": {"uv": [214, 63], "uv_size": [1, 1]},
								"east": {"uv": [64, 214], "uv_size": [1, 1]},
								"south": {"uv": [69, 214], "uv_size": [1, 1]},
								"west": {"uv": [214, 72], "uv_size": [1, 1]},
								"up": {"uv": [74, 214], "uv_size": [1, 1]},
								"down": {"uv": [214, 75], "uv_size": [1, -1]}
							}
						},
						{
							"origin": [-5.22496, 26.27637, 0.3775],
							"size": [0.25, 1.31, 0.15],
							"pivot": [-5.09996, 26.93637, 0.4525],
							"rotation": [-60, 0, 12.5],
							"uv": {
								"north": {"uv": [76, 214], "uv_size": [1, 1]},
								"east": {"uv": [214, 76], "uv_size": [1, 1]},
								"south": {"uv": [78, 214], "uv_size": [1, 1]},
								"west": {"uv": [80, 214], "uv_size": [1, 1]},
								"up": {"uv": [82, 214], "uv_size": [1, 1]},
								"down": {"uv": [214, 83], "uv_size": [1, -1]}
							}
						},
						{
							"origin": [-5.42496, 25.38637, 0.3775],
							"size": [0.25, 1.31, 0.15],
							"pivot": [-5.29996, 26.04637, 0.4525],
							"rotation": [60, 0, 12.5],
							"uv": {
								"north": {"uv": [84, 214], "uv_size": [1, 1]},
								"east": {"uv": [214, 84], "uv_size": [1, 1]},
								"south": {"uv": [86, 214], "uv_size": [1, 1]},
								"west": {"uv": [88, 214], "uv_size": [1, 1]},
								"up": {"uv": [90, 214], "uv_size": [1, 1]},
								"down": {"uv": [92, 215], "uv_size": [1, -1]}
							}
						},
						{
							"origin": [-5.42496, 25.38637, 0.3775],
							"size": [0.25, 1.31, 0.15],
							"pivot": [-5.29996, 26.04637, 0.4525],
							"rotation": [-60, 0, 12.5],
							"uv": {
								"north": {"uv": [94, 214], "uv_size": [1, 1]},
								"east": {"uv": [101, 214], "uv_size": [1, 1]},
								"south": {"uv": [103, 214], "uv_size": [1, 1]},
								"west": {"uv": [105, 214], "uv_size": [1, 1]},
								"up": {"uv": [107, 214], "uv_size": [1, 1]},
								"down": {"uv": [109, 215], "uv_size": [1, -1]}
							}
						},
						{
							"origin": [-4.23159, 24.51078, -0.2638],
							"size": [1, 4.2, 2.7],
							"pivot": [-2.96244, 24.87738, 1.5612],
							"rotation": [89.99999, 77.5, 89.99999],
							"uv": {
								"north": {"uv": [78, 178], "uv_size": [1, 4]},
								"east": {"uv": [107, 28], "uv_size": [3, 4]},
								"south": {"uv": [86, 178], "uv_size": [1, 4]},
								"west": {"uv": [36, 107], "uv_size": [3, 4]},
								"up": {"uv": [22, 188], "uv_size": [1, 3]},
								"down": {"uv": [26, 191], "uv_size": [1, -3]}
							}
						},
						{
							"origin": [-2.43458, 24.51078, -1.0725],
							"size": [1.2, 4.2, 3.05],
							"pivot": [-2.50374, 24.87738, 0.4525],
							"rotation": [0, 0, -12.5],
							"uv": {
								"north": {"uv": [178, 89], "uv_size": [1, 4]},
								"east": {"uv": [55, 107], "uv_size": [3, 4]},
								"south": {"uv": [98, 178], "uv_size": [1, 4]},
								"west": {"uv": [107, 92], "uv_size": [3, 4]},
								"up": {"uv": [37, 188], "uv_size": [1, 3]},
								"down": {"uv": [39, 191], "uv_size": [1, -3]}
							}
						},
						{
							"origin": [-4.61808, 26.69376, -1.05552],
							"size": [2.4, 2.05668, 2.05668],
							"pivot": [0.53192, 27.25044, 0.30115],
							"rotation": [-45, 0, 0],
							"uv": {
								"north": {"uv": [36, 178], "uv_size": [2, 2]},
								"east": {"uv": [178, 40], "uv_size": [2, 2]},
								"south": {"uv": [42, 178], "uv_size": [2, 2]},
								"west": {"uv": [178, 43], "uv_size": [2, 2]},
								"up": {"uv": [178, 49], "uv_size": [2, 2]},
								"down": {"uv": [51, 180], "uv_size": [2, -2]}
							}
						},
						{
							"origin": [-4.69308, 21.89541, -1.0975],
							"size": [2.55, 6, 3],
							"uv": {
								"north": {"uv": [0, 79], "uv_size": [3, 6]},
								"east": {"uv": [4, 79], "uv_size": [3, 6]},
								"south": {"uv": [79, 7], "uv_size": [3, 6]},
								"west": {"uv": [16, 79], "uv_size": [3, 6]},
								"up": {"uv": [95, 130], "uv_size": [3, 3]},
								"down": {"uv": [99, 133], "uv_size": [3, -3]}
							}
						},
						{
							"origin": [-4.74308, 24.54541, -1.1475],
							"size": [2.65, 0.75, 3.1],
							"uv": {
								"north": {"uv": [188, 45], "uv_size": [3, 1]},
								"east": {"uv": [188, 52], "uv_size": [3, 1]},
								"south": {"uv": [55, 188], "uv_size": [3, 1]},
								"west": {"uv": [61, 188], "uv_size": [3, 1]},
								"up": {"uv": [62, 131], "uv_size": [3, 3]},
								"down": {"uv": [81, 134], "uv_size": [3, -3]}
							}
						},
						{
							"origin": [-4.79308, 23.49541, 0.0525],
							"size": [1, 0.7, 0.7],
							"uv": {
								"north": {"uv": [40, 214], "uv_size": [1, 1]},
								"east": {"uv": [42, 214], "uv_size": [1, 1]},
								"south": {"uv": [214, 42], "uv_size": [1, 1]},
								"west": {"uv": [44, 214], "uv_size": [1, 1]},
								"up": {"uv": [46, 214], "uv_size": [1, 1]},
								"down": {"uv": [214, 47], "uv_size": [1, -1]}
							}
						},
						{
							"origin": [-4.79308, 22.29541, 0.0525],
							"size": [1, 0.7, 0.7],
							"uv": {
								"north": {"uv": [214, 54], "uv_size": [1, 1]},
								"east": {"uv": [56, 214], "uv_size": [1, 1]},
								"south": {"uv": [214, 59], "uv_size": [1, 1]},
								"west": {"uv": [60, 214], "uv_size": [1, 1]},
								"up": {"uv": [214, 61], "uv_size": [1, 1]},
								"down": {"uv": [62, 215], "uv_size": [1, -1]}
							}
						}
					]
				},
				{
					"name": "RightHand",
					"parent": "RightForeArm",
					"pivot": [-3.74308, 22.17041, 0.4025],
					"cubes": [
						{
							"origin": [-4.59308, 21.35902, -0.9339],
							"size": [2.35, 2.12132, 2.12132],
							"pivot": [0.63192, 21.89541, -0.1975],
							"rotation": [-45, 0, 0],
							"uv": {
								"north": {"uv": [178, 55], "uv_size": [2, 2]},
								"east": {"uv": [178, 61], "uv_size": [2, 2]},
								"south": {"uv": [178, 67], "uv_size": [2, 2]},
								"west": {"uv": [178, 103], "uv_size": [2, 2]},
								"up": {"uv": [104, 178], "uv_size": [2, 2]},
								"down": {"uv": [107, 180], "uv_size": [2, -2]}
							}
						},
						{
							"origin": [-4.72308, 19.14541, -1.1275],
							"size": [2.6, 3, 3.05],
							"uv": {
								"north": {"uv": [107, 130], "uv_size": [3, 3]},
								"east": {"uv": [127, 130], "uv_size": [3, 3]},
								"south": {"uv": [18, 131], "uv_size": [3, 3]},
								"west": {"uv": [131, 36], "uv_size": [3, 3]},
								"up": {"uv": [42, 131], "uv_size": [3, 3]},
								"down": {"uv": [58, 134], "uv_size": [3, -3]}
							}
						}
					]
				},
				{
					"name": "RightHandLocator",
					"parent": "RightHand",
					"pivot": [-3.64808, 19.14541, 0.3975],
					"cubes": [
						{
							"origin": [-3.87308, 20.14541, -0.1275],
							"size": [0.75, 1, 1.05],
							"uv": {
								"north": {"uv": [111, 214], "uv_size": [1, 1]},
								"east": {"uv": [113, 214], "uv_size": [1, 1]},
								"south": {"uv": [115, 214], "uv_size": [1, 1]},
								"west": {"uv": [117, 214], "uv_size": [1, 1]},
								"up": {"uv": [121, 214], "uv_size": [1, 1]},
								"down": {"uv": [123, 215], "uv_size": [1, -1]}
							}
						}
					]
				},
				{
					"name": "LeftArm",
					"pivot": [2.9, 34.5, 0.3775],
					"cubes": [
						{
							"origin": [2.11808, 27.64541, -1.1225],
							"size": [2.6, 7.11, 3.05],
							"uv": {
								"north": {"uv": [56, 70], "uv_size": [3, 7]},
								"east": {"uv": [60, 70], "uv_size": [3, 7]},
								"south": {"uv": [16, 71], "uv_size": [3, 7]},
								"west": {"uv": [31, 71], "uv_size": [3, 7]},
								"up": {"uv": [85, 131], "uv_size": [3, 3]},
								"down": {"uv": [131, 91], "uv_size": [3, -3]}
							}
						},
						{
							"origin": [2.11808, 30.45541, -1.1725],
							"size": [2.83, 0.5, 3.15],
							"pivot": [6.36808, 31.50541, 0.4025],
							"rotation": [0, 0, 15],
							"uv": {
								"north": {"uv": [100, 188], "uv_size": [3, 1]},
								"east": {"uv": [188, 108], "uv_size": [3, 1]},
								"south": {"uv": [188, 110], "uv_size": [3, 1]},
								"west": {"uv": [188, 112], "uv_size": [3, 1]},
								"up": {"uv": [89, 131], "uv_size": [3, 3]},
								"down": {"uv": [131, 95], "uv_size": [3, -3]}
							}
						},
						{
							"origin": [3.59808, 30.45541, -1.2325],
							"size": [0.75, 0.5, 0.25],
							"pivot": [6.36808, 31.50541, 0.4025],
							"rotation": [0, 0, 15],
							"uv": {
								"north": {"uv": [214, 144], "uv_size": [1, 1]},
								"east": {"uv": [150, 214], "uv_size": [1, 1]},
								"south": {"uv": [152, 214], "uv_size": [1, 1]},
								"west": {"uv": [157, 214], "uv_size": [1, 1]},
								"up": {"uv": [214, 157], "uv_size": [1, 1]},
								"down": {"uv": [214, 160], "uv_size": [1, -1]}
							}
						},
						{
							"origin": [3.52808, 30.65541, -1.2625],
							"size": [0.45, 0.1, 0.25],
							"pivot": [6.36808, 31.50541, 0.4025],
							"rotation": [0, 0, 15],
							"uv": {
								"north": {"uv": [214, 161], "uv_size": [1, 1]},
								"east": {"uv": [214, 163], "uv_size": [1, 1]},
								"south": {"uv": [166, 214], "uv_size": [1, 1]},
								"west": {"uv": [168, 214], "uv_size": [1, 1]},
								"up": {"uv": [170, 214], "uv_size": [1, 1]},
								"down": {"uv": [214, 171], "uv_size": [1, -1]}
							}
						},
						{
							"origin": [3.49808, 30.35541, -1.2125],
							"size": [0.95, 0.7, 0.25],
							"pivot": [6.36808, 31.50541, 0.4025],
							"rotation": [0, 0, 15],
							"uv": {
								"north": {"uv": [172, 214], "uv_size": [1, 1]},
								"east": {"uv": [214, 172], "uv_size": [1, 1]},
								"south": {"uv": [174, 214], "uv_size": [1, 1]},
								"west": {"uv": [214, 174], "uv_size": [1, 1]},
								"up": {"uv": [176, 214], "uv_size": [1, 1]},
								"down": {"uv": [214, 177], "uv_size": [1, -1]}
							}
						},
						{
							"origin": [2.10808, 31.24541, -1.1325],
							"size": [1.6, 1, 3.07],
							"uv": {
								"north": {"uv": [200, 113], "uv_size": [2, 1]},
								"east": {"uv": [188, 114], "uv_size": [3, 1]},
								"south": {"uv": [200, 115], "uv_size": [2, 1]},
								"west": {"uv": [116, 188], "uv_size": [3, 1]},
								"up": {"uv": [155, 32], "uv_size": [2, 3]},
								"down": {"uv": [37, 158], "uv_size": [2, -3]}
							}
						},
						{
							"origin": [3.37808, 31.85541, -1.1425],
							"size": [2.51, 1, 3.09],
							"pivot": [3.41808, 34.25541, 0.4025],
							"rotation": [0, 0, 32.5],
							"uv": {
								"north": {"uv": [188, 116], "uv_size": [3, 1]},
								"east": {"uv": [188, 121], "uv_size": [3, 1]},
								"south": {"uv": [188, 123], "uv_size": [3, 1]},
								"west": {"uv": [188, 127], "uv_size": [3, 1]},
								"up": {"uv": [131, 105], "uv_size": [3, 3]},
								"down": {"uv": [131, 112], "uv_size": [3, -3]}
							}
						},
						{
							"origin": [2.19692, 34.11273, -1.1025],
							"size": [2.45, 1.1, 3],
							"pivot": [3.52162, 34.7862, 0.4025],
							"rotation": [0, 0, 22.5],
							"uv": {
								"north": {"uv": [200, 117], "uv_size": [2, 1]},
								"east": {"uv": [129, 188], "uv_size": [3, 1]},
								"south": {"uv": [200, 119], "uv_size": [2, 1]},
								"west": {"uv": [188, 131], "uv_size": [3, 1]},
								"up": {"uv": [155, 48], "uv_size": [2, 3]},
								"down": {"uv": [53, 158], "uv_size": [2, -3]}
							}
						}
					]
				},
				{
					"name": "LeftForeArm",
					"parent": "LeftArm",
					"pivot": [3.74308, 27.64541, 0.4025],
					"cubes": [
						{
							"origin": [2.21808, 26.69376, -1.05552],
							"size": [2.4, 2.05668, 2.05668],
							"pivot": [-0.53192, 27.25044, 0.30115],
							"rotation": [-45, 0, 0],
							"uv": {
								"north": {"uv": [125, 178], "uv_size": [2, 2]},
								"east": {"uv": [178, 149], "uv_size": [2, 2]},
								"south": {"uv": [155, 178], "uv_size": [2, 2]},
								"west": {"uv": [158, 178], "uv_size": [2, 2]},
								"up": {"uv": [161, 178], "uv_size": [2, 2]},
								"down": {"uv": [178, 163], "uv_size": [2, -2]}
							}
						},
						{
							"origin": [2.14308, 21.89541, -1.0975],
							"size": [2.55, 6, 3],
							"uv": {
								"north": {"uv": [28, 79], "uv_size": [3, 6]},
								"east": {"uv": [64, 79], "uv_size": [3, 6]},
								"south": {"uv": [80, 14], "uv_size": [3, 6]},
								"west": {"uv": [80, 21], "uv_size": [3, 6]},
								"up": {"uv": [111, 131], "uv_size": [3, 3]},
								"down": {"uv": [131, 116], "uv_size": [3, -3]}
							}
						},
						{
							"origin": [2.09308, 24.54541, -1.1475],
							"size": [2.65, 0.75, 3.1],
							"uv": {
								"north": {"uv": [133, 188], "uv_size": [3, 1]},
								"east": {"uv": [188, 133], "uv_size": [3, 1]},
								"south": {"uv": [188, 135], "uv_size": [3, 1]},
								"west": {"uv": [188, 150], "uv_size": [3, 1]},
								"up": {"uv": [131, 117], "uv_size": [3, 3]},
								"down": {"uv": [131, 129], "uv_size": [3, -3]}
							}
						},
						{
							"origin": [3.79308, 23.49541, 0.0525],
							"size": [1, 0.7, 0.7],
							"uv": {
								"north": {"uv": [178, 214], "uv_size": [1, 1]},
								"east": {"uv": [214, 178], "uv_size": [1, 1]},
								"south": {"uv": [180, 214], "uv_size": [1, 1]},
								"west": {"uv": [214, 180], "uv_size": [1, 1]},
								"up": {"uv": [182, 214], "uv_size": [1, 1]},
								"down": {"uv": [184, 215], "uv_size": [1, -1]}
							}
						},
						{
							"origin": [3.79308, 22.29541, 0.0525],
							"size": [1, 0.7, 0.7],
							"uv": {
								"north": {"uv": [188, 214], "uv_size": [1, 1]},
								"east": {"uv": [214, 188], "uv_size": [1, 1]},
								"south": {"uv": [190, 214], "uv_size": [1, 1]},
								"west": {"uv": [214, 190], "uv_size": [1, 1]},
								"up": {"uv": [192, 214], "uv_size": [1, 1]},
								"down": {"uv": [194, 215], "uv_size": [1, -1]}
							}
						},
						{
							"origin": [3.23159, 24.51078, -1.5312],
							"size": [1, 4.2, 2.7],
							"pivot": [2.96244, 24.87738, -0.6562],
							"rotation": [-90, 77.5, -90],
							"uv": {
								"north": {"uv": [164, 178], "uv_size": [1, 4]},
								"east": {"uv": [100, 107], "uv_size": [3, 4]},
								"south": {"uv": [178, 164], "uv_size": [1, 4]},
								"west": {"uv": [104, 107], "uv_size": [3, 4]},
								"up": {"uv": [73, 188], "uv_size": [1, 3]},
								"down": {"uv": [79, 191], "uv_size": [1, -3]}
							}
						},
						{
							"origin": [4.34029, 24.51078, -1.0725],
							"size": [1.3, 4.2, 3.05],
							"pivot": [4.37114, 24.87738, 0.6025],
							"rotation": [0, 0, -12.5],
							"uv": {
								"north": {"uv": [178, 176], "uv_size": [1, 4]},
								"east": {"uv": [108, 4], "uv_size": [3, 4]},
								"south": {"uv": [179, 6], "uv_size": [1, 4]},
								"west": {"uv": [108, 9], "uv_size": [3, 4]},
								"up": {"uv": [83, 188], "uv_size": [1, 3]},
								"down": {"uv": [122, 191], "uv_size": [1, -3]}
							}
						},
						{
							"origin": [4.97496, 26.27637, 0.3775],
							"size": [0.25, 1.31, 0.15],
							"pivot": [5.09996, 26.93637, 0.4525],
							"rotation": [60, 0, -12.5],
							"uv": {
								"north": {"uv": [196, 214], "uv_size": [1, 1]},
								"east": {"uv": [198, 214], "uv_size": [1, 1]},
								"south": {"uv": [200, 214], "uv_size": [1, 1]},
								"west": {"uv": [214, 200], "uv_size": [1, 1]},
								"up": {"uv": [202, 214], "uv_size": [1, 1]},
								"down": {"uv": [214, 207], "uv_size": [1, -1]}
							}
						},
						{
							"origin": [4.97496, 26.27637, 0.3775],
							"size": [0.25, 1.31, 0.15],
							"pivot": [5.09996, 26.93637, 0.4525],
							"rotation": [-60, 0, -12.5],
							"uv": {
								"north": {"uv": [208, 214], "uv_size": [1, 1]},
								"east": {"uv": [214, 208], "uv_size": [1, 1]},
								"south": {"uv": [210, 214], "uv_size": [1, 1]},
								"west": {"uv": [0, 215], "uv_size": [1, 1]},
								"up": {"uv": [215, 0], "uv_size": [1, 1]},
								"down": {"uv": [215, 3], "uv_size": [1, -1]}
							}
						},
						{
							"origin": [5.17496, 25.38637, 0.3775],
							"size": [0.25, 1.31, 0.15],
							"pivot": [5.29996, 26.04637, 0.4525],
							"rotation": [60, 0, -12.5],
							"uv": {
								"north": {"uv": [215, 6], "uv_size": [1, 1]},
								"east": {"uv": [215, 8], "uv_size": [1, 1]},
								"south": {"uv": [12, 215], "uv_size": [1, 1]},
								"west": {"uv": [215, 16], "uv_size": [1, 1]},
								"up": {"uv": [20, 215], "uv_size": [1, 1]},
								"down": {"uv": [24, 216], "uv_size": [1, -1]}
							}
						},
						{
							"origin": [5.17496, 25.38637, 0.3775],
							"size": [0.25, 1.31, 0.15],
							"pivot": [5.29996, 26.04637, 0.4525],
							"rotation": [-60, 0, -12.5],
							"uv": {
								"north": {"uv": [215, 24], "uv_size": [1, 1]},
								"east": {"uv": [215, 28], "uv_size": [1, 1]},
								"south": {"uv": [215, 30], "uv_size": [1, 1]},
								"west": {"uv": [32, 215], "uv_size": [1, 1]},
								"up": {"uv": [215, 32], "uv_size": [1, 1]},
								"down": {"uv": [34, 216], "uv_size": [1, -1]}
							}
						},
						{
							"origin": [3.23159, 24.51078, -0.2638],
							"size": [1, 4.2, 2.7],
							"pivot": [2.96244, 24.87738, 1.5612],
							"rotation": [89.99999, -77.5, -89.99999],
							"uv": {
								"north": {"uv": [179, 11], "uv_size": [1, 4]},
								"east": {"uv": [108, 14], "uv_size": [3, 4]},
								"south": {"uv": [16, 179], "uv_size": [1, 4]},
								"west": {"uv": [51, 108], "uv_size": [3, 4]},
								"up": {"uv": [137, 188], "uv_size": [1, 3]},
								"down": {"uv": [143, 191], "uv_size": [1, -3]}
							}
						},
						{
							"origin": [1.23458, 24.51078, -1.0725],
							"size": [1.2, 4.2, 3.05],
							"pivot": [2.50374, 24.87738, 0.4525],
							"rotation": [0, 0, 12.5],
							"uv": {
								"north": {"uv": [179, 16], "uv_size": [1, 4]},
								"east": {"uv": [108, 60], "uv_size": [3, 4]},
								"south": {"uv": [27, 179], "uv_size": [1, 4]},
								"west": {"uv": [108, 65], "uv_size": [3, 4]},
								"up": {"uv": [188, 162], "uv_size": [1, 3]},
								"down": {"uv": [188, 176], "uv_size": [1, -3]}
							}
						}
					]
				},
				{
					"name": "LeftHand",
					"parent": "LeftForeArm",
					"pivot": [3.74308, 22.17041, 0.4025],
					"cubes": [
						{
							"origin": [2.24308, 21.35902, -0.9339],
							"size": [2.35, 2.12132, 2.12132],
							"pivot": [-0.63192, 21.89541, -0.1975],
							"rotation": [-45, 0, 0],
							"uv": {
								"north": {"uv": [179, 21], "uv_size": [2, 2]},
								"east": {"uv": [33, 179], "uv_size": [2, 2]},
								"south": {"uv": [179, 35], "uv_size": [2, 2]},
								"west": {"uv": [39, 179], "uv_size": [2, 2]},
								"up": {"uv": [56, 179], "uv_size": [2, 2]},
								"down": {"uv": [179, 60], "uv_size": [2, -2]}
							}
						},
						{
							"origin": [2.12308, 19.14541, -1.1275],
							"size": [2.6, 3, 3.05],
							"uv": {
								"north": {"uv": [131, 130], "uv_size": [3, 3]},
								"east": {"uv": [0, 132], "uv_size": [3, 3]},
								"south": {"uv": [4, 132], "uv_size": [3, 3]},
								"west": {"uv": [22, 132], "uv_size": [3, 3]},
								"up": {"uv": [54, 132], "uv_size": [3, 3]},
								"down": {"uv": [69, 135], "uv_size": [3, -3]}
							}
						}
					]
				},
				{
					"name": "LeftHandLocator",
					"parent": "LeftHand",
					"pivot": [3.64808, 19.14541, 0.3975],
					"cubes": [
						{
							"origin": [3.12308, 20.14541, -0.1275],
							"size": [0.75, 1, 1.05],
							"uv": {
								"north": {"uv": [215, 38], "uv_size": [1, 1]},
								"east": {"uv": [215, 40], "uv_size": [1, 1]},
								"south": {"uv": [215, 44], "uv_size": [1, 1]},
								"west": {"uv": [48, 215], "uv_size": [1, 1]},
								"up": {"uv": [215, 48], "uv_size": [1, 1]},
								"down": {"uv": [50, 216], "uv_size": [1, -1]}
							}
						}
					]
				}
			]
		}
	]
}