{
	"format_version": "1.8.0",
	"animations": {
		"idle": {
			"loop": true,
			"animation_length": 3,
			"bones": {
				"body": {
					"rotation": [0, 0, 0],
					"position": [0, 0, 0],
					"scale": 1
				},
				"body3": {
					"rotation": [0, 0, 0],
					"position": [0, 0, 0],
					"scale": 0.04258
				},
				"bone9": {
					"rotation": [-2.5, 0, 0]
				},
				"bone5": {
					"rotation": [0, 0, 0]
				},
				"bone3": {
					"rotation": [2, 0, 0]
				}
			}
		},
		"walk": {
			"loop": true,
			"animation_length": 1,
			"bones": {
				"body1": {
					"rotation": {
						"0.0": [0, 0, 0],
						"0.375": [3.5, 0, 0],
						"0.875": [0, 0, 0]
					}
				},
				"jiangye": {
					"rotation": {
						"0.0": [0, 0, 0],
						"0.5": [7.5, 0, 0],
						"0.875": [2.5, 0, 0]
					}
				},
				"bone11": {
					"rotation": {
						"0.0": [0, 0, 0],
						"0.0417": [-7.5, 0, 0],
						"0.1667": [-5, 0, 0],
						"0.25": [30, 0, 0],
						"0.2917": [40, 0, 0],
						"0.3333": [35, 0, 0],
						"0.375": [45, 0, 0],
						"0.4583": [30, 0, 0],
						"0.5417": [2.5, 0, 0],
						"0.5833": [-7.5, 0, 0],
						"0.6667": [-17.5, 0, 0],
						"0.7917": [-10, 0, 0],
						"1.0": [0, 0, 0]
					}
				},
				"bone9": {
					"rotation": {
						"0.0": [0, 0, 0],
						"0.1667": [-7.5, 0, 0],
						"0.25": [-15, 0, 0],
						"0.2917": [-25, 0, 0],
						"0.3333": [-17.5, 0, 0],
						"0.375": [-7.5, 0, 0],
						"0.4583": [10, 0, 0],
						"0.5": [-2.5, 0, 0],
						"0.5417": [10, 0, 0],
						"0.5833": [-2.5, 0, 0],
						"0.625": [-15, 0, 0],
						"0.6667": [-25, 0, 0],
						"0.7917": [-30, 0, 0],
						"1.0": [0, 0, 0]
					}
				},
				"bone5": {
					"rotation": {
						"0.0": [0, 0, 0],
						"0.0417": [-7.5, 0, 0],
						"0.1667": [2.5, 0, 0],
						"0.25": [-10, 0, 0],
						"0.2917": [-12.5, 0, 0],
						"0.3333": [-15, 0, 0],
						"0.375": [-5, 0, 0],
						"0.4583": [-15, 0, 0],
						"0.5": [-37.5, 0, 0],
						"0.5417": [-25, 0, 0],
						"0.625": [-12.5, 0, 0],
						"0.6667": [7.5, 0, 0],
						"0.7917": [15, 0, 0],
						"1.0": [0, 0, 0]
					}
				},
				"bone3": {
					"rotation": {
						"0.0": [0, 0, 0],
						"0.0417": [12.5, 0, 0],
						"0.1667": [10, 0, 0],
						"0.25": [-5, 0, 0],
						"0.2917": [-2.5, 0, 0],
						"0.3333": [-2.5, 0, 0],
						"0.375": [-17.5, 0, 0],
						"0.4583": [2.5, 0, 0],
						"0.5": [30, 0, 0],
						"0.5417": [35, 0, 0],
						"0.625": [15, 0, 0],
						"0.6667": [30, 0, 0],
						"0.7917": [22.5, 0, 0],
						"0.8333": [5, 0, 0],
						"0.9167": [10, 0, 0],
						"1.0": [0, 0, 0]
					}
				},
				"bone10": {
					"rotation": {
						"0.0": [0, 0, 0],
						"0.125": [35, 0, 0],
						"0.25": [-17.5, 0, 0],
						"0.2917": [-12.5, 0, 0],
						"0.3333": [-15, 0, 0],
						"0.375": [-7.5, 0, 0],
						"0.5417": [12.5, 0, 0],
						"0.625": [47.5, 0, 0],
						"0.6667": [52.5, 0, 0],
						"0.7083": [40, 0, 0],
						"0.7917": [47.5, 0, 0],
						"0.8333": [22.5, 0, 0],
						"1.0": [0, 0, 0]
					}
				},
				"bone12": {
					"rotation": {
						"0.0": [0, 0, 0],
						"0.125": [-5, 0, 0],
						"0.1667": [20, 0, 0],
						"0.25": [0, 0, 0],
						"0.2917": [-5, 0, 0],
						"0.3333": [-30, 0, 0],
						"0.375": [-15, 0, 0],
						"0.5417": [-5, 0, 0],
						"0.625": [-25, 0, 0],
						"0.6667": [-22.5, 0, 0],
						"0.7083": [-7.5, 0, 0],
						"0.7917": [17.5, 0, 0],
						"0.8333": [15, 0, 0],
						"1.0": [0, 0, 0]
					}
				},
				"bone13": {
					"rotation": {
						"0.0": [0, 0, 0],
						"0.1667": [-27.5, 0, 0],
						"0.25": [-7.5, 0, 0],
						"0.3333": [20, 0, 0],
						"0.375": [7.5, 0, 0],
						"0.5417": [-5, 0, 0],
						"0.625": [-12.5, 0, 0],
						"0.6667": [-5, 0, 0],
						"0.7083": [-15, 0, 0],
						"0.7917": [-30, 0, 0],
						"0.8333": [-37.5, 0, 0],
						"1.0": [0, 0, 0]
					}
				},
				"bone14": {
					"rotation": {
						"0.0": [0, 0, 0],
						"0.0833": [-2.5, 0, 0],
						"0.125": [10, 0, 0],
						"0.1667": [2.5, 0, 0],
						"0.25": [-5, 0, 0],
						"0.3333": [25, 0, 0],
						"0.375": [15, 0, 0],
						"0.5417": [-2.5, 0, 0],
						"0.625": [-10, 0, 0],
						"0.6667": [-25, 0, 0],
						"0.7917": [-17.5, 0, 0],
						"0.8333": [0, 0, 0],
						"0.9167": [10, 0, 0],
						"1.0": [0, 0, 0]
					}
				},
				"body3": {
					"rotation": [0, 0, 0],
					"position": [0, 0, 0],
					"scale": 0.05313
				}
			}
		},
		"run": {
			"loop": true,
			"animation_length": 0.7638,
			"bones": {
				"body1": {
					"rotation": {
						"0.0": [0, 0, 0],
						"0.2864": [3.5, 0, 0],
						"0.6684": [0, 0, 0]
					}
				},
				"jiangye": {
					"rotation": {
						"0.0": [0, 0, 0],
						"0.3819": [7.5, 0, 0],
						"0.6684": [2.5, 0, 0]
					}
				},
				"bone11": {
					"rotation": {
						"0.0": [0, 0, 0],
						"0.0318": [-7.5, 0, 0],
						"0.1273": [-5, 0, 0],
						"0.191": [30, 0, 0],
						"0.2228": [40, 0, 0],
						"0.2546": [35, 0, 0],
						"0.2864": [45, 0, 0],
						"0.3501": [30, 0, 0],
						"0.4137": [2.5, 0, 0],
						"0.4456": [-7.5, 0, 0],
						"0.5092": [-17.5, 0, 0],
						"0.6047": [-10, 0, 0],
						"0.7638": [0, 0, 0]
					}
				},
				"bone9": {
					"rotation": {
						"0.0": [0, 0, 0],
						"0.1273": [-7.5, 0, 0],
						"0.191": [-15, 0, 0],
						"0.2228": [-25, 0, 0],
						"0.2546": [-17.5, 0, 0],
						"0.2864": [-7.5, 0, 0],
						"0.3501": [10, 0, 0],
						"0.3819": [-2.5, 0, 0],
						"0.4137": [10, 0, 0],
						"0.4456": [-2.5, 0, 0],
						"0.4774": [-15, 0, 0],
						"0.5092": [-25, 0, 0],
						"0.6047": [-30, 0, 0],
						"0.7638": [0, 0, 0]
					}
				},
				"bone5": {
					"rotation": {
						"0.0": [0, 0, 0],
						"0.0318": [-7.5, 0, 0],
						"0.1273": [2.5, 0, 0],
						"0.191": [-10, 0, 0],
						"0.2228": [-12.5, 0, 0],
						"0.2546": [-15, 0, 0],
						"0.2864": [-5, 0, 0],
						"0.3501": [-15, 0, 0],
						"0.3819": [-37.5, 0, 0],
						"0.4137": [-25, 0, 0],
						"0.4774": [-12.5, 0, 0],
						"0.5092": [7.5, 0, 0],
						"0.6047": [15, 0, 0],
						"0.7638": [0, 0, 0]
					}
				},
				"bone3": {
					"rotation": {
						"0.0": [0, 0, 0],
						"0.0318": [12.5, 0, 0],
						"0.1273": [10, 0, 0],
						"0.191": [-5, 0, 0],
						"0.2228": [-2.5, 0, 0],
						"0.2546": [-2.5, 0, 0],
						"0.2864": [-17.5, 0, 0],
						"0.3501": [2.5, 0, 0],
						"0.3819": [30, 0, 0],
						"0.4137": [35, 0, 0],
						"0.4774": [15, 0, 0],
						"0.5092": [30, 0, 0],
						"0.6047": [22.5, 0, 0],
						"0.6365": [5, 0, 0],
						"0.7002": [10, 0, 0],
						"0.7638": [0, 0, 0]
					}
				},
				"bone10": {
					"rotation": {
						"0.0": [0, 0, 0],
						"0.0955": [35, 0, 0],
						"0.191": [-17.5, 0, 0],
						"0.2228": [-12.5, 0, 0],
						"0.2546": [-15, 0, 0],
						"0.2864": [-7.5, 0, 0],
						"0.4137": [12.5, 0, 0],
						"0.4774": [47.5, 0, 0],
						"0.5092": [52.5, 0, 0],
						"0.5411": [40, 0, 0],
						"0.6047": [47.5, 0, 0],
						"0.6365": [22.5, 0, 0],
						"0.7638": [0, 0, 0]
					}
				},
				"bone12": {
					"rotation": {
						"0.0": [0, 0, 0],
						"0.0955": [-5, 0, 0],
						"0.1273": [20, 0, 0],
						"0.191": [0, 0, 0],
						"0.2228": [-5, 0, 0],
						"0.2546": [-30, 0, 0],
						"0.2864": [-15, 0, 0],
						"0.4137": [-5, 0, 0],
						"0.4774": [-25, 0, 0],
						"0.5092": [-22.5, 0, 0],
						"0.5411": [-7.5, 0, 0],
						"0.6047": [17.5, 0, 0],
						"0.6365": [15, 0, 0],
						"0.7638": [0, 0, 0]
					}
				},
				"bone13": {
					"rotation": {
						"0.0": [0, 0, 0],
						"0.1273": [-27.5, 0, 0],
						"0.191": [-7.5, 0, 0],
						"0.2546": [20, 0, 0],
						"0.2864": [7.5, 0, 0],
						"0.4137": [-5, 0, 0],
						"0.4774": [-12.5, 0, 0],
						"0.5092": [-5, 0, 0],
						"0.5411": [-15, 0, 0],
						"0.6047": [-30, 0, 0],
						"0.6365": [-37.5, 0, 0],
						"0.7638": [0, 0, 0]
					}
				},
				"bone14": {
					"rotation": {
						"0.0": [0, 0, 0],
						"0.0637": [-2.5, 0, 0],
						"0.0955": [10, 0, 0],
						"0.1273": [2.5, 0, 0],
						"0.191": [-5, 0, 0],
						"0.2546": [25, 0, 0],
						"0.2864": [15, 0, 0],
						"0.4137": [-2.5, 0, 0],
						"0.4774": [-10, 0, 0],
						"0.5092": [-25, 0, 0],
						"0.6047": [-17.5, 0, 0],
						"0.6365": [0, 0, 0],
						"0.7002": [10, 0, 0],
						"0.7638": [0, 0, 0]
					}
				},
				"body3": {
					"rotation": [0, 0, 0],
					"position": [0, 0, 0],
					"scale": 0.05313
				}
			}
		},
		"jump": {
			"loop": true,
			"animation_length": 0.75,
			"bones": {
				"body": {
					"rotation": [0, 0, 0],
					"position": [0, 0, 0],
					"scale": 0.0668
				},
				"body1": {
					"rotation": [0, 0, 0],
					"position": [0, 0, 0],
					"scale": 1
				},
				"body3": {
					"rotation": [0, 0, 0],
					"position": [0, -10.96875, 0],
					"scale": 1
				},
				"luoxuanjiang2": {
					"rotation": {
						"0.0": [0, 0, 0],
						"0.75": [0, -360, 0]
					}
				}
			}
		},
		"sneak": {
			"loop": true,
			"animation_length": 1,
			"bones": {
				"body": {
					"rotation": {
						"0.0": [0, 0, 0],
						"0.5": [0, 0, 0],
						"1.0": [0, 0, 0]
					},
					"position": {
						"0.0": [0, -11.46, 0],
						"0.5": [0, -11.46, 0],
						"1.0": [0, -11.46, 0]
					},
					"scale": {
						"0.0": [1, 1, 1],
						"0.5": [1, 1, 1],
						"1.0": [1, 1, 1]
					}
				},
				"body1": {
					"rotation": {
						"0.0": [0, 0, 0],
						"0.5": [5, 0, 0],
						"1.0": [0, 0, 0]
					},
					"position": {
						"0.0": [0, 0, 0],
						"1.0": [0, 0, 0]
					}
				},
				"jiangye": {
					"rotation": {
						"0.0": [11, 0, 0],
						"0.5": [0, 0, 0],
						"1.0": [11, 0, 0]
					},
					"position": {
						"0.0": [0, 0, 0],
						"1.0": [0, 0, 0]
					}
				},
				"bone11": {
					"rotation": {
						"0.0": [6, 0, 0],
						"0.0417": [-11.5, 0, 0],
						"0.25": [-18.65, 0, 0],
						"0.5": [6, 0, 0],
						"0.625": [33.5, 0, 0],
						"0.75": [44.33, 0, 0],
						"0.875": [35.17, 0, 0],
						"1.0": [6, 0, 0]
					}
				},
				"bone9": {
					"rotation": {
						"0.0": [34, 0, 0],
						"0.25": [35.5, 0, 0],
						"0.5": [34, 0, 0],
						"0.625": [21.5, 0, 0],
						"0.75": [40.67, 0, 0],
						"1.0": [34, 0, 0]
					}
				},
				"bone5": {
					"rotation": {
						"0.0": [-51.5, 0, 0],
						"0.25": [-37.5, 0, 0],
						"0.5": [-51.5, 0, 0],
						"0.625": [-61.5, 0, 0],
						"0.875": [-62.33, 0, 0],
						"1.0": [-51.5, 0, 0]
					}
				},
				"bone3": {
					"rotation": {
						"0.0": [11, 0, 0],
						"0.25": [26, 0, 0],
						"0.5": [11, 0, 0],
						"0.625": [3.5, 0, 0],
						"0.75": [-16.5, 0, 0],
						"1.0": [11, 0, 0]
					},
					"position": {
						"0.0": [0, 0, 0],
						"0.5": [0, 0, 0],
						"1.0": [0, 0, 0]
					}
				},
				"bone10": {
					"rotation": {
						"0.0": [6, 0, 0],
						"0.0833": [16, 0, 0],
						"0.25": [26, 0, 0],
						"0.375": [36, 0, 0],
						"0.5": [6, 0, 0],
						"0.5417": [-9, 0, 0],
						"0.75": [-22.18, 0, 0],
						"1.0": [6, 0, 0]
					}
				},
				"bone12": {
					"rotation": {
						"0.0": [37, 0, 0],
						"0.0833": [42, 0, 0],
						"0.25": [39.5, 0, 0],
						"0.5": [37, 0, 0],
						"0.5417": [27, 0, 0],
						"0.75": [16.55, 0, 0],
						"0.875": [36.78, 0, 0],
						"1.0": [37, 0, 0]
					}
				},
				"bone13": {
					"rotation": {
						"0.0": [-51, 0, 0],
						"0.0833": [-56, 0, 0],
						"0.25": [-63.5, 0, 0],
						"0.5": [-51, 0, 0],
						"0.5417": [-46, 0, 0],
						"0.75": [-35.77, 0, 0],
						"1.0": [-51, 0, 0]
					}
				},
				"bone14": {
					"rotation": {
						"0.0": [8, 0, 0],
						"0.0833": [-2, 0, 0],
						"0.25": [-2, 0, 0],
						"0.375": [-14.5, 0, 0],
						"0.5": [8, 0, 0],
						"0.5417": [25.5, 0, 0],
						"0.75": [40.05, 0, 0],
						"0.875": [16.53, 0, 0],
						"1.0": [8, 0, 0]
					},
					"position": {
						"0.0": [0, 0, 0],
						"0.5": [0, 0, 0],
						"1.0": [0, 0, 0]
					}
				},
				"body3": {
					"rotation": {
						"0.0": [0, 0, 0],
						"1.0": [0, 0, 0]
					},
					"position": {
						"0.0": [0, -11, 0],
						"1.0": [0, -11, 0]
					},
					"scale": {
						"0.0": [0.1047, 0.1047, 0.1047],
						"1.0": [0.1047, 0.1047, 0.1047]
					}
				}
			}
		},
		"sneaking": {
			"loop": true,
			"animation_length": 44.7917,
			"bones": {
				"bone3": {
					"rotation": [11, 0, 0],
					"position": [0, 0, 0]
				},
				"bone14": {
					"rotation": [8, 0, 0],
					"position": [0, 0, 0]
				},
				"body": {
					"rotation": [0, 0, 0],
					"position": [0, -11.46, 0],
					"scale": 1
				},
				"jiangye": {
					"rotation": [11, 0, 0]
				},
				"bone11": {
					"rotation": [6, 0, 0]
				},
				"bone9": {
					"rotation": [34, 0, 0]
				},
				"bone5": {
					"rotation": [-51.5, 0, 0]
				},
				"bone10": {
					"rotation": [6, 0, 0]
				},
				"bone12": {
					"rotation": [37, 0, 0]
				},
				"bone13": {
					"rotation": [-51, 0, 0]
				},
				"body3": {
					"rotation": [0, 0, 0],
					"position": [0, -11, 0],
					"scale": 0.1047
				}
			}
		},
		"swim": {
			"loop": true,
			"animation_length": 1,
			"bones": {
				"body": {
					"position": [0, -20.21094, 0],
					"scale": 0.07656
				},
				"body3": {
					"rotation": [7, 0, 0],
					"position": [0, -20.95312, 0]
				},
				"luoxuanjiang2": {
					"rotation": {
						"0.0": [0, 0, 0],
						"1.0": [0, -360, 0]
					}
				},
				"Root": {
					"position": [0, -17.73437, 0],
					"scale": 1.2
				}
			}
		},
		"swim_stand": {
			"loop": true,
			"animation_length": 1,
			"bones": {
				"body": {
					"rotation": [0, 0, 0],
					"position": [0, 0, 0],
					"scale": -0.01211
				},
				"luoxuanjiang2": {
					"rotation": {
						"0.0": [0, 0, 0],
						"1.0": [0, -360, 0]
					}
				},
				"body3": {
					"position": [0, -15.25, 0]
				}
			}
		},
		"fly": {
			"loop": true,
			"animation_length": 0.75,
			"bones": {
				"body": {
					"rotation": [0, 0, 0],
					"position": [0, -9.44531, 0],
					"scale": 0.0145
				},
				"body1": {
					"rotation": [0, 0, 0],
					"position": [0, 0, 0],
					"scale": 1
				},
				"body3": {
					"rotation": [0, 0, 0],
					"position": [0, -11.23437, 0],
					"scale": 1
				},
				"luoxuanjiang2": {
					"rotation": {
						"0.0": [0, 0, 0],
						"0.75": [0, -361, 0]
					}
				}
			}
		},
		"elytra_fly": {
			"loop": true,
			"animation_length": 0.75,
			"bones": {
				"body": {
					"rotation": [0, 0, 0],
					"position": [0, -18.45703, 0],
					"scale": 0.0961
				},
				"body1": {
					"rotation": [0, 0, 0],
					"position": [0, 0, 0],
					"scale": 1
				},
				"body3": {
					"rotation": [13, 0, 0],
					"position": [0, -18.38281, 0],
					"scale": 1
				},
				"luoxuanjiang2": {
					"rotation": {
						"0.0": [0, 0, 0],
						"0.75": [0, -360, 0]
					}
				},
				"Root": {
					"position": [0, -14.45703, 0]
				}
			}
		},
		"sit": {
			"loop": true,
			"animation_length": 4.75,
			"bones": {
				"body": {
					"rotation": [0, 0, 0],
					"position": {
						"0.0": [0, -7.46875, 0],
						"4.75": [0, -4.95359, 0]
					},
					"scale": 1
				},
				"jiangye": {
					"rotation": [20, 0, 0]
				},
				"bone11": {
					"rotation": [-17, 0, 0]
				},
				"bone9": {
					"rotation": [31, 0, 0]
				},
				"bone5": {
					"rotation": [-66, 0, 0]
				},
				"bone3": {
					"rotation": [50, 0, 0]
				},
				"bone10": {
					"rotation": [-16, 0, 0]
				},
				"bone12": {
					"rotation": [31, 0, 0]
				},
				"bone13": {
					"rotation": [-66, 0, 0]
				},
				"bone14": {
					"rotation": [51, 0, 0]
				},
				"body3": {
					"position": [0, -6.53906, 0],
					"scale": 0.09414
				}
			}
		},
		"ride": {
			"loop": true,
			"bones": {
				"body3": {
					"scale": 0.04297
				}
			}
		},
		"ride_pig": {
			"animation_length": 0.375,
			"bones": {
				"LongHead": {
					"rotation": [17.5, 0, 0]
				},
				"body3": {
					"scale": 0.01094
				}
			}
		},
		"boat": {
			"loop": true,
			"animation_length": 0.75,
			"bones": {
				"body": {
					"scale": 0.07227
				},
				"body3": {
					"rotation": [0, 0, 0],
					"position": [0, 0, 0],
					"scale": 1
				},
				"luoxuanjiang2": {
					"rotation": {
						"0.0": [0, 0, 0],
						"0.75": [0, -360, 0]
					}
				}
			}
		},
		"climb": {
			"loop": true,
			"animation_length": 1,
			"bones": {
				"body": {
					"position": [0, -12.84375, 0],
					"scale": 0.14375
				},
				"body3": {
					"rotation": [5, 0, 0],
					"position": [0, -15.78125, 0],
					"scale": 1
				},
				"luoxuanjiang2": {
					"rotation": {
						"0.0": [0, 0, 0],
						"1.0": [0, -360, 0]
					}
				}
			}
		},
		"climbing": {
			"loop": true,
			"animation_length": 1,
			"bones": {
				"body": {
					"position": [0, -12.84375, 0],
					"scale": 0.14375
				},
				"body3": {
					"rotation": [5, 0, 0],
					"position": [0, -15.78125, 0],
					"scale": 1
				},
				"luoxuanjiang2": {
					"rotation": {
						"0.0": [0, 0, 0],
						"1.0": [0, -360, 0]
					},
					"position": [0, 0, 0]
				}
			}
		},
		"attacked": {
			"animation_length": 0.4583,
			"bones": {
				"body1": {
					"rotation": [0, 0, 0],
					"position": [0, 0, 0],
					"scale": 1
				},
				"body3": {
					"rotation": [0, 0, 0],
					"position": [0, 0, 0],
					"scale": 0.0293
				}
			}
		},
		"death": {
			"loop": "hold_on_last_frame",
			"animation_length": 1,
			"bones": {
				"body3": {
					"rotation": [0, 0, 0],
					"position": [0, 0, 0],
					"scale": 0.00391
				}
			}
		},
		"sleep": {
			"animation_length": 0.375,
			"bones": {
				"body": {
					"scale": 0.10586
				},
				"body1": {
					"rotation": [0, 0, 0],
					"position": [0, 0, 0],
					"scale": 1
				},
				"body3": {
					"rotation": [0, 0, 0],
					"position": [0, 0, 0],
					"scale": 1
				}
			}
		},
		"riptide": {
			"loop": true,
			"animation_length": 0.75,
			"bones": {
				"body": {
					"rotation": [0, 0, 0],
					"position": [0, -19.96094, 0],
					"scale": 0.19492
				},
				"body1": {
					"rotation": [0, 0, 0],
					"position": [0, 0, 0],
					"scale": 1
				},
				"body3": {
					"rotation": [8, 0, 0],
					"position": [0, -21.51953, 0],
					"scale": 1
				},
				"luoxuanjiang2": {
					"rotation": {
						"0.0": [0, 0, 0],
						"0.75": [0, -360, 0]
					}
				}
			}
		},
		"use_mainhand": {
			"animation_length": 0.375,
			"bones": {
				"body1": {
					"rotation": {
						"0.0": [0, 0, 0],
						"0.2083": [6, 0, 0],
						"0.375": [0, 0, 0]
					},
					"position": {
						"0.0": [0, 0, 0],
						"0.375": [0, 0, 0]
					}
				},
				"jiangye": {
					"rotation": {
						"0.0": [0, 0, 0],
						"0.1667": [-8, 0, 0],
						"0.375": [0, 0, 0]
					},
					"position": {
						"0.0": [0, 0, 0],
						"0.375": [0, 0, 0]
					}
				},
				"body3": {
					"rotation": [0, 0, 0],
					"position": [0, 0, 0],
					"scale": 0.02227
				}
			}
		},
		"use_offhand": {
			"animation_length": 0.375,
			"bones": {
				"body1": {
					"rotation": {
						"0.0": [0, 0, 0],
						"0.2083": [6, 0, 0],
						"0.375": [0, 0, 0]
					},
					"position": {
						"0.0": [0, 0, 0],
						"0.375": [0, 0, 0]
					}
				},
				"jiangye": {
					"rotation": {
						"0.0": [0, 0, 0],
						"0.1667": [-8, 0, 0],
						"0.375": [0, 0, 0]
					},
					"position": {
						"0.0": [0, 0, 0],
						"0.375": [0, 0, 0]
					}
				},
				"body3": {
					"rotation": [0, 0, 0],
					"position": [0, 0, 0],
					"scale": 0.0223
				}
			}
		},
		"swing_hand": {
			"animation_length": 0.375,
			"bones": {
				"body1": {
					"rotation": {
						"0.0": [0, 0, 0],
						"0.2083": [6, 0, 0],
						"0.375": [0, 0, 0]
					},
					"position": {
						"0.0": [0, 0, 0],
						"0.375": [0, 0, 0]
					}
				},
				"jiangye": {
					"rotation": {
						"0.0": [0, 0, 0],
						"0.1667": [-8, 0, 0],
						"0.375": [0, 0, 0]
					},
					"position": {
						"0.0": [0, 0, 0],
						"0.375": [0, 0, 0]
					}
				},
				"body3": {
					"rotation": [0, 0, 0],
					"position": [0, 0, 0],
					"scale": 0.0223
				}
			}
		},
		"swing_offhand": {
			"animation_length": 0.375,
			"bones": {
				"body1": {
					"rotation": {
						"0.0": [0, 0, 0],
						"0.2083": [6, 0, 0],
						"0.375": [0, 0, 0]
					},
					"position": {
						"0.0": [0, 0, 0],
						"0.375": [0, 0, 0]
					}
				},
				"jiangye": {
					"rotation": {
						"0.0": [0, 0, 0],
						"0.1667": [-8, 0, 0],
						"0.375": [0, 0, 0]
					},
					"position": {
						"0.0": [0, 0, 0],
						"0.375": [0, 0, 0]
					}
				},
				"body3": {
					"rotation": [0, 0, 0],
					"position": [0, 0, 0],
					"scale": 0.0223
				}
			}
		},
		"ladder_up": {
			"loop": true,
			"animation_length": 1,
			"bones": {
				"body": {
					"scale": 0.01328
				},
				"body3": {
					"rotation": [-21, 0, 0],
					"position": [0, -0.79297, 22.05859],
					"scale": 1
				},
				"luoxuanjiang2": {
					"rotation": {
						"0.0": [0, 0, 0],
						"0.9583": [0, -360, 0]
					}
				}
			}
		},
		"ladder_stillness": {
			"loop": true,
			"animation_length": 1,
			"bones": {
				"body": {
					"position": {
						"0.0": [0, 0, 0],
						"0.0417": [0, 0, 19.96875]
					},
					"scale": 0.01328
				},
				"body3": {
					"rotation": [-3, 0, 0],
					"position": [0, -0.79297, 22.05859],
					"scale": 1
				},
				"luoxuanjiang2": {
					"rotation": {
						"0.0": [0, 0, 0],
						"0.9583": [0, -360, 0]
					}
				}
			}
		},
		"ladder_down": {
			"loop": true,
			"animation_length": 1,
			"bones": {
				"body": {
					"position": {
						"0.0": [0, 0, 0],
						"0.0417": [0, 0, 28.05078]
					},
					"scale": 0.01328
				},
				"body3": {
					"rotation": [23, 0, 0],
					"position": [0, -0.79297, 22.05859],
					"scale": 1
				},
				"luoxuanjiang2": {
					"rotation": {
						"0.0": [0, 0, 0],
						"0.9583": [0, -360, 0]
					}
				}
			}
		},
		"passenger$touhou_little_maid:maid": {
			"loop": true,
			"bones": {
				"clothe": {
					"rotation": [7.5, 0, 0]
				},
				"body3": {
					"rotation": [0, 0, 0],
					"position": [0, 0, 0],
					"scale": 1
				}
			}
		},
		"——物理模拟——": {
			"loop": true
		},
		"parallel0": {
			"loop": true
		},
		"pre_parallel0": {
			"loop": true
		},
		"——眨眼动画——": {
			"loop": true
		},
		"pre_parallel1": {
			"loop": true,
			"animation_length": 4
		},
		"——并行动画——": {
			"loop": true
		},
		"parallel1": {
			"loop": true
		},
		"parallel2": {
			"loop": true
		},
		"parallel3": {
			"loop": true
		},
		"parallel4": {
			"loop": true
		},
		"parallel5": {
			"loop": true
		},
		"parallel6": {
			"loop": true
		},
		"parallel7": {
			"loop": true
		},
		"——低优先级并行动画——": {
			"loop": true
		},
		"pre_parallel2": {
			"loop": true
		},
		"pre_parallel3": {
			"loop": true
		},
		"pre_parallel4": {
			"loop": true
		},
		"pre_parallel5": {
			"loop": true
		},
		"pre_parallel6": {
			"loop": true
		},
		"pre_parallel7": {
			"loop": true
		},
		"empty": {
			"loop": true,
			"animation_length": 2
		},
		"climbing2": {
			"loop": true,
			"animation_length": 1,
			"bones": {
				"body": {
					"position": [0, -17.10547, 0],
					"scale": 0
				},
				"luoxuanjiang2": {
					"position": [0, 0, 0]
				}
			}
		},
		"climbing3": {
			"loop": true,
			"animation_length": 1,
			"bones": {
				"body": {
					"position": [0, -17.10547, 0],
					"scale": 0.01328
				},
				"body3": {
					"rotation": [-21, 0, 0],
					"position": [0, -0.79297, 22.05859]
				},
				"luoxuanjiang2": {
					"rotation": {
						"0.0": [0, 0, 0],
						"0.9583": [0, -360, 0]
					},
					"position": [0, 0, 0]
				}
			}
		},
		"new": {
			"loop": true
		},
		"new2": {
			"loop": true
		},
		"sneaking2": {
			"loop": true,
			"animation_length": 44.7917,
			"bones": {
				"bone3": {
					"rotation": {
						"0.0": [11, 0, 0],
						"0.25": [26, 0, 0],
						"0.5": [11, 0, 0],
						"0.625": [3.5, 0, 0],
						"0.75": [-16.5, 0, 0],
						"1.0": [11, 0, 0]
					},
					"position": {
						"0.0": [0, 0, 0],
						"0.5": [0, 0, 0],
						"1.0": [0, 0, 0]
					}
				},
				"bone14": {
					"rotation": {
						"0.0": [8, 0, 0],
						"0.0833": [-2, 0, 0],
						"0.25": [-2, 0, 0],
						"0.375": [-14.5, 0, 0],
						"0.5": [8, 0, 0],
						"0.5417": [25.5, 0, 0],
						"0.75": [40.05, 0, 0],
						"0.875": [16.53, 0, 0],
						"1.0": [8, 0, 0]
					},
					"position": {
						"0.0": [0, 0, 0],
						"0.5": [0, 0, 0],
						"1.0": [0, 0, 0]
					}
				},
				"body": {
					"rotation": {
						"0.0": [0, 0, 0],
						"0.5": [0, 0, 0],
						"1.0": [0, 0, 0]
					},
					"position": {
						"0.0": [0, -11.46, 0],
						"0.5": [0, -11.46, 0],
						"1.0": [0, -11.46, 0]
					},
					"scale": {
						"0.0": [1, 1, 1],
						"0.5": [1, 1, 1],
						"1.0": [1, 1, 1]
					}
				},
				"jiangye": {
					"rotation": [11, 0, 0]
				},
				"bone11": {
					"rotation": {
						"0.0": [6, 0, 0],
						"0.0417": [-11.5, 0, 0],
						"0.25": [-18.65, 0, 0],
						"0.5": [6, 0, 0],
						"0.625": [33.5, 0, 0],
						"0.75": [44.33, 0, 0],
						"0.875": [35.17, 0, 0],
						"1.0": [6, 0, 0]
					}
				},
				"bone9": {
					"rotation": {
						"0.0": [34, 0, 0],
						"0.25": [35.5, 0, 0],
						"0.5": [34, 0, 0],
						"0.625": [21.5, 0, 0],
						"0.75": [40.67, 0, 0],
						"1.0": [34, 0, 0]
					}
				},
				"bone5": {
					"rotation": {
						"0.0": [-51.5, 0, 0],
						"0.25": [-37.5, 0, 0],
						"0.5": [-51.5, 0, 0],
						"0.625": [-61.5, 0, 0],
						"0.875": [-62.33, 0, 0],
						"1.0": [-51.5, 0, 0]
					}
				},
				"bone10": {
					"rotation": {
						"0.0": [6, 0, 0],
						"0.0833": [16, 0, 0],
						"0.25": [26, 0, 0],
						"0.375": [36, 0, 0],
						"0.5": [6, 0, 0],
						"0.5417": [-9, 0, 0],
						"0.75": [-22.18, 0, 0],
						"1.0": [6, 0, 0]
					}
				},
				"bone12": {
					"rotation": {
						"0.0": [37, 0, 0],
						"0.0833": [42, 0, 0],
						"0.25": [39.5, 0, 0],
						"0.5": [37, 0, 0],
						"0.5417": [27, 0, 0],
						"0.75": [16.55, 0, 0],
						"0.875": [36.78, 0, 0],
						"1.0": [37, 0, 0]
					}
				},
				"bone13": {
					"rotation": {
						"0.0": [-51, 0, 0],
						"0.0833": [-56, 0, 0],
						"0.25": [-63.5, 0, 0],
						"0.5": [-51, 0, 0],
						"0.5417": [-46, 0, 0],
						"0.75": [-35.77, 0, 0],
						"1.0": [-51, 0, 0]
					}
				},
				"body3": {
					"rotation": {
						"0.0": [0, 0, 0],
						"1.0": [0, 0, 0]
					},
					"position": {
						"0.0": [0, -11, 0],
						"1.0": [0, -11, 0]
					},
					"scale": {
						"0.0": [0.1047, 0.1047, 0.1047],
						"1.0": [0.1047, 0.1047, 0.1047]
					}
				},
				"body1": {
					"rotation": {
						"0.0": [0, 0, 0],
						"0.5": [5, 0, 0],
						"1.0": [0, 0, 0]
					},
					"position": {
						"0.0": [0, 0, 0],
						"1.0": [0, 0, 0]
					}
				},
				"luoxuanjiang2": {
					"rotation": {
						"0.0": [26, 0, 0],
						"0.25": [11, 0, 0]
					}
				}
			}
		},
		"ride2": {
			"loop": true,
			"animation_length": 4.75,
			"bones": {
				"body3": {
					"scale": 0.04297
				}
			}
		},
		"ride3": {
			"loop": true,
			"bones": {
				"body3": {
					"scale": 0.04297
				}
			}
		},
		"ride4": {
			"loop": true,
			"bones": {
				"body3": {
					"scale": 0.04297
				}
			}
		},
		"ride5": {
			"loop": true,
			"animation_length": 1,
			"bones": {
				"body3": {
					"scale": 0.04297
				}
			}
		},
		"ride6": {
			"loop": true,
			"bones": {
				"body3": {
					"scale": 0.04297
				}
			}
		},
		"idle2": {
			"loop": true,
			"animation_length": 3,
			"bones": {
				"body": {
					"rotation": [0, 0, 0],
					"position": [0, 0, 0],
					"scale": 1
				},
				"body3": {
					"rotation": [0, 0, 0],
					"position": [0, 0, 0],
					"scale": 0.04258
				}
			}
		},
		"walk2": {
			"loop": true,
			"animation_length": 1,
			"bones": {
				"body1": {
					"rotation": {
						"0.0": [0, 0, 0],
						"0.375": [3.5, 0, 0],
						"0.875": [0, 0, 0]
					}
				},
				"jiangye": {
					"rotation": {
						"0.0": [0, 0, 0],
						"0.5": [7.5, 0, 0],
						"0.875": [2.5, 0, 0]
					}
				},
				"bone11": {
					"rotation": {
						"0.0": [0, 0, 0],
						"0.0417": [-7.5, 0, 0],
						"0.1667": [-5, 0, 0],
						"0.25": [30, 0, 0],
						"0.2917": [40, 0, 0],
						"0.3333": [35, 0, 0],
						"0.375": [45, 0, 0],
						"0.4583": [30, 0, 0],
						"0.5417": [2.5, 0, 0],
						"0.5833": [-7.5, 0, 0],
						"0.6667": [-17.5, 0, 0],
						"0.7917": [-10, 0, 0],
						"1.0": [0, 0, 0]
					}
				},
				"bone9": {
					"rotation": {
						"0.0": [0, 0, 0],
						"0.1667": [-7.5, 0, 0],
						"0.25": [-15, 0, 0],
						"0.2917": [-25, 0, 0],
						"0.3333": [-17.5, 0, 0],
						"0.375": [-7.5, 0, 0],
						"0.4583": [10, 0, 0],
						"0.5": [-2.5, 0, 0],
						"0.5417": [10, 0, 0],
						"0.5833": [-2.5, 0, 0],
						"0.625": [-15, 0, 0],
						"0.6667": [-25, 0, 0],
						"0.7917": [-30, 0, 0],
						"1.0": [0, 0, 0]
					}
				},
				"bone5": {
					"rotation": {
						"0.0": [0, 0, 0],
						"0.0417": [-7.5, 0, 0],
						"0.1667": [2.5, 0, 0],
						"0.25": [-10, 0, 0],
						"0.2917": [-12.5, 0, 0],
						"0.3333": [-15, 0, 0],
						"0.375": [-5, 0, 0],
						"0.4583": [-15, 0, 0],
						"0.5": [-37.5, 0, 0],
						"0.5417": [-25, 0, 0],
						"0.625": [-12.5, 0, 0],
						"0.6667": [7.5, 0, 0],
						"0.7917": [15, 0, 0],
						"1.0": [0, 0, 0]
					}
				},
				"bone3": {
					"rotation": {
						"0.0": [0, 0, 0],
						"0.0417": [12.5, 0, 0],
						"0.1667": [10, 0, 0],
						"0.25": [-5, 0, 0],
						"0.2917": [-2.5, 0, 0],
						"0.3333": [-2.5, 0, 0],
						"0.375": [-17.5, 0, 0],
						"0.4583": [2.5, 0, 0],
						"0.5": [30, 0, 0],
						"0.5417": [35, 0, 0],
						"0.625": [15, 0, 0],
						"0.6667": [30, 0, 0],
						"0.7917": [22.5, 0, 0],
						"0.8333": [5, 0, 0],
						"0.9167": [10, 0, 0],
						"1.0": [0, 0, 0]
					}
				},
				"bone10": {
					"rotation": {
						"0.0": [0, 0, 0],
						"0.125": [35, 0, 0],
						"0.25": [-17.5, 0, 0],
						"0.2917": [-12.5, 0, 0],
						"0.3333": [-15, 0, 0],
						"0.375": [-7.5, 0, 0],
						"0.5417": [12.5, 0, 0],
						"0.625": [47.5, 0, 0],
						"0.6667": [52.5, 0, 0],
						"0.7083": [40, 0, 0],
						"0.7917": [47.5, 0, 0],
						"0.8333": [22.5, 0, 0],
						"1.0": [0, 0, 0]
					}
				},
				"bone12": {
					"rotation": {
						"0.0": [0, 0, 0],
						"0.125": [-5, 0, 0],
						"0.1667": [20, 0, 0],
						"0.25": [0, 0, 0],
						"0.2917": [-5, 0, 0],
						"0.3333": [-30, 0, 0],
						"0.375": [-15, 0, 0],
						"0.5417": [-5, 0, 0],
						"0.625": [-25, 0, 0],
						"0.6667": [-22.5, 0, 0],
						"0.7083": [-7.5, 0, 0],
						"0.7917": [17.5, 0, 0],
						"0.8333": [15, 0, 0],
						"1.0": [0, 0, 0]
					}
				},
				"bone13": {
					"rotation": {
						"0.0": [0, 0, 0],
						"0.1667": [-27.5, 0, 0],
						"0.25": [-7.5, 0, 0],
						"0.3333": [20, 0, 0],
						"0.375": [7.5, 0, 0],
						"0.5417": [-5, 0, 0],
						"0.625": [-12.5, 0, 0],
						"0.6667": [-5, 0, 0],
						"0.7083": [-15, 0, 0],
						"0.7917": [-30, 0, 0],
						"0.8333": [-37.5, 0, 0],
						"1.0": [0, 0, 0]
					}
				},
				"bone14": {
					"rotation": {
						"0.0": [0, 0, 0],
						"0.0833": [-2.5, 0, 0],
						"0.125": [10, 0, 0],
						"0.1667": [2.5, 0, 0],
						"0.25": [-5, 0, 0],
						"0.3333": [25, 0, 0],
						"0.375": [15, 0, 0],
						"0.5417": [-2.5, 0, 0],
						"0.625": [-10, 0, 0],
						"0.6667": [-25, 0, 0],
						"0.7917": [-17.5, 0, 0],
						"0.8333": [0, 0, 0],
						"0.9167": [10, 0, 0],
						"1.0": [0, 0, 0]
					}
				},
				"body3": {
					"rotation": [0, 0, 0],
					"position": [0, 0, 0],
					"scale": 0.05313
				}
			}
		},
		"run2": {
			"loop": true,
			"animation_length": 0.7638,
			"bones": {
				"body1": {
					"rotation": {
						"0.0": [0, 0, 0],
						"0.2917": [3.5, 0, 0],
						"0.6667": [0, 0, 0]
					}
				},
				"jiangye": {
					"rotation": {
						"0.0": [0, 0, 0],
						"0.375": [7.5, 0, 0],
						"0.6667": [2.5, 0, 0]
					}
				},
				"bone11": {
					"rotation": {
						"0.0": [0, 0, 0],
						"0.0417": [-7.5, 0, 0],
						"0.125": [-5, 0, 0],
						"0.2083": [40, 0, 0],
						"0.25": [35, 0, 0],
						"0.2917": [45, 0, 0],
						"0.3333": [30, 0, 0],
						"0.4167": [2.5, 0, 0],
						"0.4583": [-7.5, 0, 0],
						"0.5": [-17.5, 0, 0],
						"0.625": [-10, 0, 0],
						"0.75": [0, 0, 0]
					}
				},
				"bone9": {
					"rotation": {
						"0.0": [0, 0, 0],
						"0.125": [-7.5, 0, 0],
						"0.2083": [-25, 0, 0],
						"0.25": [-17.5, 0, 0],
						"0.2917": [-7.5, 0, 0],
						"0.3333": [10, 0, 0],
						"0.375": [-2.5, 0, 0],
						"0.4167": [10, 0, 0],
						"0.4583": [-15, 0, 0],
						"0.5": [-25, 0, 0],
						"0.625": [-30, 0, 0],
						"0.75": [0, 0, 0]
					}
				},
				"bone5": {
					"rotation": {
						"0.0": [0, 0, 0],
						"0.0417": [-7.5, 0, 0],
						"0.125": [2.5, 0, 0],
						"0.2083": [-12.5, 0, 0],
						"0.25": [-15, 0, 0],
						"0.2917": [-5, 0, 0],
						"0.3333": [-15, 0, 0],
						"0.375": [-37.5, 0, 0],
						"0.4167": [-25, 0, 0],
						"0.4583": [-12.5, 0, 0],
						"0.5": [7.5, 0, 0],
						"0.625": [15, 0, 0],
						"0.75": [0, 0, 0]
					}
				},
				"bone3": {
					"rotation": {
						"0.0": [0, 0, 0],
						"0.0417": [12.5, 0, 0],
						"0.125": [10, 0, 0],
						"0.2083": [-2.5, 0, 0],
						"0.25": [-2.5, 0, 0],
						"0.2917": [-17.5, 0, 0],
						"0.3333": [2.5, 0, 0],
						"0.375": [30, 0, 0],
						"0.4167": [35, 0, 0],
						"0.4583": [15, 0, 0],
						"0.5": [30, 0, 0],
						"0.625": [5, 0, 0],
						"0.7083": [10, 0, 0],
						"0.75": [0, 0, 0]
					}
				},
				"bone10": {
					"rotation": {
						"0.0": [0, 0, 0],
						"0.0833": [35, 0, 0],
						"0.2083": [-12.5, 0, 0],
						"0.25": [-15, 0, 0],
						"0.2917": [-7.5, 0, 0],
						"0.4167": [12.5, 0, 0],
						"0.4583": [47.5, 0, 0],
						"0.5": [52.5, 0, 0],
						"0.5417": [40, 0, 0],
						"0.625": [22.5, 0, 0],
						"0.75": [0, 0, 0]
					}
				},
				"bone12": {
					"rotation": {
						"0.0": [0, 0, 0],
						"0.0833": [-5, 0, 0],
						"0.125": [20, 0, 0],
						"0.2083": [-5, 0, 0],
						"0.25": [-30, 0, 0],
						"0.2917": [-15, 0, 0],
						"0.4167": [-5, 0, 0],
						"0.4583": [-25, 0, 0],
						"0.5": [-22.5, 0, 0],
						"0.5417": [-7.5, 0, 0],
						"0.625": [15, 0, 0],
						"0.75": [0, 0, 0]
					}
				},
				"bone13": {
					"rotation": {
						"0.0": [0, 0, 0],
						"0.125": [-27.5, 0, 0],
						"0.2083": [-7.5, 0, 0],
						"0.25": [20, 0, 0],
						"0.2917": [7.5, 0, 0],
						"0.4167": [-5, 0, 0],
						"0.4583": [-12.5, 0, 0],
						"0.5": [-5, 0, 0],
						"0.5417": [-15, 0, 0],
						"0.625": [-37.5, 0, 0],
						"0.75": [0, 0, 0]
					}
				},
				"bone14": {
					"rotation": {
						"0.0": [0, 0, 0],
						"0.0833": [10, 0, 0],
						"0.125": [2.5, 0, 0],
						"0.2083": [-5, 0, 0],
						"0.25": [25, 0, 0],
						"0.2917": [15, 0, 0],
						"0.4167": [-2.5, 0, 0],
						"0.4583": [-10, 0, 0],
						"0.5": [-25, 0, 0],
						"0.625": [0, 0, 0],
						"0.7083": [10, 0, 0],
						"0.75": [0, 0, 0]
					}
				},
				"body3": {
					"rotation": [0, 0, 0],
					"position": [0, 0, 0],
					"scale": 0.05313
				}
			}
		},
		"jump2": {
			"loop": true,
			"animation_length": 0.75,
			"bones": {
				"body": {
					"rotation": [0, 0, 0],
					"position": [0, 0, 0],
					"scale": 0.0668
				},
				"body1": {
					"rotation": [0, 0, 0],
					"position": [0, 0, 0],
					"scale": 1
				},
				"body3": {
					"rotation": [0, 0, 0],
					"position": [0, -10.96875, 0],
					"scale": 1
				},
				"luoxuanjiang2": {
					"rotation": {
						"0.0": [0, 0, 0],
						"0.75": [0, -360, 0]
					}
				}
			}
		},
		"sneak2": {
			"loop": true,
			"animation_length": 1,
			"bones": {
				"body": {
					"rotation": {
						"0.0": [0, 0, 0],
						"0.5": [0, 0, 0],
						"1.0": [0, 0, 0]
					},
					"position": {
						"0.0": [0, -11.46, 0],
						"0.5": [0, -11.46, 0],
						"1.0": [0, -11.46, 0]
					},
					"scale": {
						"0.0": [1, 1, 1],
						"0.5": [1, 1, 1],
						"1.0": [1, 1, 1]
					}
				},
				"body1": {
					"rotation": {
						"0.0": [0, 0, 0],
						"0.5": [5, 0, 0],
						"1.0": [0, 0, 0]
					},
					"position": {
						"0.0": [0, 0, 0],
						"1.0": [0, 0, 0]
					}
				},
				"jiangye": {
					"rotation": {
						"0.0": [11, 0, 0],
						"0.5": [0, 0, 0],
						"1.0": [11, 0, 0]
					},
					"position": {
						"0.0": [0, 0, 0],
						"1.0": [0, 0, 0]
					}
				},
				"bone11": {
					"rotation": {
						"0.0": [6, 0, 0],
						"0.0417": [-11.5, 0, 0],
						"0.25": [-18.65, 0, 0],
						"0.5": [6, 0, 0],
						"0.625": [33.5, 0, 0],
						"0.75": [44.33, 0, 0],
						"0.875": [35.17, 0, 0],
						"1.0": [6, 0, 0]
					}
				},
				"bone9": {
					"rotation": {
						"0.0": [34, 0, 0],
						"0.25": [35.5, 0, 0],
						"0.5": [34, 0, 0],
						"0.625": [21.5, 0, 0],
						"0.75": [40.67, 0, 0],
						"1.0": [34, 0, 0]
					}
				},
				"bone5": {
					"rotation": {
						"0.0": [-51.5, 0, 0],
						"0.25": [-37.5, 0, 0],
						"0.5": [-51.5, 0, 0],
						"0.625": [-61.5, 0, 0],
						"0.875": [-62.33, 0, 0],
						"1.0": [-51.5, 0, 0]
					}
				},
				"bone3": {
					"rotation": {
						"0.0": [11, 0, 0],
						"0.25": [26, 0, 0],
						"0.5": [11, 0, 0],
						"0.625": [3.5, 0, 0],
						"0.75": [-16.5, 0, 0],
						"1.0": [11, 0, 0]
					},
					"position": {
						"0.0": [0, 0, 0],
						"0.5": [0, 0, 0],
						"1.0": [0, 0, 0]
					}
				},
				"bone10": {
					"rotation": {
						"0.0": [6, 0, 0],
						"0.0833": [16, 0, 0],
						"0.25": [26, 0, 0],
						"0.375": [36, 0, 0],
						"0.5": [6, 0, 0],
						"0.5417": [-9, 0, 0],
						"0.75": [-22.18, 0, 0],
						"1.0": [6, 0, 0]
					}
				},
				"bone12": {
					"rotation": {
						"0.0": [37, 0, 0],
						"0.0833": [42, 0, 0],
						"0.25": [39.5, 0, 0],
						"0.5": [37, 0, 0],
						"0.5417": [27, 0, 0],
						"0.75": [16.55, 0, 0],
						"0.875": [36.78, 0, 0],
						"1.0": [37, 0, 0]
					}
				},
				"bone13": {
					"rotation": {
						"0.0": [-51, 0, 0],
						"0.0833": [-56, 0, 0],
						"0.25": [-63.5, 0, 0],
						"0.5": [-51, 0, 0],
						"0.5417": [-46, 0, 0],
						"0.75": [-35.77, 0, 0],
						"1.0": [-51, 0, 0]
					}
				},
				"bone14": {
					"rotation": {
						"0.0": [8, 0, 0],
						"0.0833": [-2, 0, 0],
						"0.25": [-2, 0, 0],
						"0.375": [-14.5, 0, 0],
						"0.5": [8, 0, 0],
						"0.5417": [25.5, 0, 0],
						"0.75": [40.05, 0, 0],
						"0.875": [16.53, 0, 0],
						"1.0": [8, 0, 0]
					},
					"position": {
						"0.0": [0, 0, 0],
						"0.5": [0, 0, 0],
						"1.0": [0, 0, 0]
					}
				},
				"body3": {
					"rotation": {
						"0.0": [0, 0, 0],
						"1.0": [0, 0, 0]
					},
					"position": {
						"0.0": [0, -11, 0],
						"1.0": [0, -11, 0]
					},
					"scale": {
						"0.0": [0.1047, 0.1047, 0.1047],
						"1.0": [0.1047, 0.1047, 0.1047]
					}
				}
			}
		},
		"sneaking3": {
			"loop": true,
			"animation_length": 44.7917,
			"bones": {
				"bone3": {
					"rotation": [11, 0, 0],
					"position": [0, 0, 0]
				},
				"bone14": {
					"rotation": [8, 0, 0],
					"position": [0, 0, 0]
				},
				"body": {
					"rotation": [0, 0, 0],
					"position": [0, -11.46, 0],
					"scale": 1
				},
				"jiangye": {
					"rotation": [11, 0, 0]
				},
				"bone11": {
					"rotation": [6, 0, 0]
				},
				"bone9": {
					"rotation": [34, 0, 0]
				},
				"bone5": {
					"rotation": [-51.5, 0, 0]
				},
				"bone10": {
					"rotation": [6, 0, 0]
				},
				"bone12": {
					"rotation": [37, 0, 0]
				},
				"bone13": {
					"rotation": [-51, 0, 0]
				},
				"body3": {
					"rotation": [0, 0, 0],
					"position": [0, -11, 0],
					"scale": 0.1047
				}
			}
		},
		"swim2": {
			"loop": true,
			"animation_length": 1,
			"bones": {
				"body": {
					"position": [0, -20.21094, 0],
					"scale": 0.07656
				},
				"body3": {
					"rotation": [7, 0, 0],
					"position": [0, -20.95312, 0]
				},
				"luoxuanjiang2": {
					"rotation": {
						"0.0": [0, 0, 0],
						"1.0": [0, -360, 0]
					}
				}
			}
		},
		"swim_stand2": {
			"loop": true,
			"animation_length": 1,
			"bones": {
				"body": {
					"rotation": [0, 0, 0],
					"position": [0, 0, 0],
					"scale": -0.01211
				},
				"luoxuanjiang2": {
					"rotation": {
						"0.0": [0, 0, 0],
						"1.0": [0, -360, 0]
					}
				}
			}
		},
		"fly2": {
			"loop": true,
			"animation_length": 0.75,
			"bones": {
				"body": {
					"rotation": [0, 0, 0],
					"position": [0, -9.44531, 0],
					"scale": 0.0145
				},
				"body1": {
					"rotation": [0, 0, 0],
					"position": [0, 0, 0],
					"scale": 1
				},
				"body3": {
					"rotation": [0, 0, 0],
					"position": [0, -11.23437, 0],
					"scale": 1
				},
				"luoxuanjiang2": {
					"rotation": {
						"0.0": [0, 0, 0],
						"0.75": [0, -361, 0]
					}
				}
			}
		},
		"elytra_fly2": {
			"loop": true,
			"animation_length": 0.75,
			"bones": {
				"body": {
					"rotation": [0, 0, 0],
					"position": [0, -18.45703, 0],
					"scale": 0.0961
				},
				"body1": {
					"rotation": [0, 0, 0],
					"position": [0, 0, 0],
					"scale": 1
				},
				"body3": {
					"rotation": [13, 0, 0],
					"position": [0, -18.38281, 0],
					"scale": 1
				},
				"luoxuanjiang2": {
					"rotation": {
						"0.0": [0, 0, 0],
						"0.75": [0, -360, 0]
					}
				}
			}
		},
		"sit2": {
			"loop": true,
			"animation_length": 4.75,
			"bones": {
				"body": {
					"rotation": [0, 0, 0],
					"position": {
						"0.0": [0, -7.46875, 0],
						"4.75": [0, -4.95359, 0]
					},
					"scale": 1
				},
				"jiangye": {
					"rotation": [20, 0, 0]
				},
				"bone11": {
					"rotation": [-17, 0, 0]
				},
				"bone9": {
					"rotation": [31, 0, 0]
				},
				"bone5": {
					"rotation": [-66, 0, 0]
				},
				"bone3": {
					"rotation": [50, 0, 0]
				},
				"bone10": {
					"rotation": [-16, 0, 0]
				},
				"bone12": {
					"rotation": [31, 0, 0]
				},
				"bone13": {
					"rotation": [-66, 0, 0]
				},
				"bone14": {
					"rotation": [51, 0, 0]
				},
				"body3": {
					"position": [0, -6.53906, 0],
					"scale": 0.09414
				}
			}
		},
		"ride7": {
			"loop": true,
			"bones": {
				"body3": {
					"scale": 0.04297
				}
			}
		},
		"ride_pig2": {
			"animation_length": 0.375,
			"bones": {
				"LongHead": {
					"rotation": [17.5, 0, 0]
				},
				"body3": {
					"scale": 0.01094
				}
			}
		},
		"boat2": {
			"loop": true,
			"animation_length": 0.75,
			"bones": {
				"body": {
					"scale": 0.07227
				},
				"body3": {
					"rotation": [0, 0, 0],
					"position": [0, 0, 0],
					"scale": 1
				},
				"luoxuanjiang2": {
					"rotation": {
						"0.0": [0, 0, 0],
						"0.75": [0, -360, 0]
					}
				}
			}
		},
		"climb2": {
			"loop": true,
			"animation_length": 1,
			"bones": {
				"body": {
					"position": [0, -12.84375, 0],
					"scale": 0.14375
				},
				"body3": {
					"rotation": [5, 0, 0],
					"position": [0, -15.78125, 0],
					"scale": 1
				},
				"luoxuanjiang2": {
					"rotation": {
						"0.0": [0, 0, 0],
						"1.0": [0, -360, 0]
					}
				}
			}
		},
		"climbing4": {
			"loop": true,
			"animation_length": 1,
			"bones": {
				"body": {
					"position": [0, -12.84375, 0],
					"scale": 0.14375
				},
				"body3": {
					"rotation": [5, 0, 0],
					"position": [0, -15.78125, 0],
					"scale": 1
				},
				"luoxuanjiang2": {
					"rotation": {
						"0.0": [0, 0, 0],
						"1.0": [0, -360, 0]
					},
					"position": [0, 0, 0]
				}
			}
		},
		"attacked2": {
			"animation_length": 0.4583,
			"bones": {
				"body1": {
					"rotation": [0, 0, 0],
					"position": [0, 0, 0],
					"scale": 1
				},
				"body3": {
					"rotation": [0, 0, 0],
					"position": [0, 0, 0],
					"scale": 0.0293
				}
			}
		},
		"death2": {
			"loop": "hold_on_last_frame",
			"animation_length": 1,
			"bones": {
				"body3": {
					"rotation": [0, 0, 0],
					"position": [0, 0, 0],
					"scale": 0.00391
				}
			}
		},
		"sleep2": {
			"animation_length": 0.375,
			"bones": {
				"body": {
					"scale": 0.10586
				},
				"body1": {
					"rotation": [0, 0, 0],
					"position": [0, 0, 0],
					"scale": 1
				},
				"body3": {
					"rotation": [0, 0, 0],
					"position": [0, 0, 0],
					"scale": 1
				}
			}
		},
		"riptide2": {
			"loop": true,
			"animation_length": 0.75,
			"bones": {
				"body": {
					"rotation": [0, 0, 0],
					"position": [0, -19.96094, 0],
					"scale": 0.19492
				},
				"body1": {
					"rotation": [0, 0, 0],
					"position": [0, 0, 0],
					"scale": 1
				},
				"body3": {
					"rotation": [8, 0, 0],
					"position": [0, -21.51953, 0],
					"scale": 1
				},
				"luoxuanjiang2": {
					"rotation": {
						"0.0": [0, 0, 0],
						"0.75": [0, -360, 0]
					}
				}
			}
		},
		"use_mainhand2": {
			"animation_length": 0.375,
			"bones": {
				"body1": {
					"rotation": {
						"0.0": [0, 0, 0],
						"0.2083": [6, 0, 0],
						"0.375": [0, 0, 0]
					},
					"position": {
						"0.0": [0, 0, 0],
						"0.375": [0, 0, 0]
					}
				},
				"jiangye": {
					"rotation": {
						"0.0": [0, 0, 0],
						"0.1667": [-8, 0, 0],
						"0.375": [0, 0, 0]
					},
					"position": {
						"0.0": [0, 0, 0],
						"0.375": [0, 0, 0]
					}
				},
				"body3": {
					"rotation": [0, 0, 0],
					"position": [0, 0, 0],
					"scale": 0.02227
				}
			}
		},
		"use_offhand2": {
			"animation_length": 0.375,
			"bones": {
				"body1": {
					"rotation": {
						"0.0": [0, 0, 0],
						"0.2083": [6, 0, 0],
						"0.375": [0, 0, 0]
					},
					"position": {
						"0.0": [0, 0, 0],
						"0.375": [0, 0, 0]
					}
				},
				"jiangye": {
					"rotation": {
						"0.0": [0, 0, 0],
						"0.1667": [-8, 0, 0],
						"0.375": [0, 0, 0]
					},
					"position": {
						"0.0": [0, 0, 0],
						"0.375": [0, 0, 0]
					}
				},
				"body3": {
					"rotation": [0, 0, 0],
					"position": [0, 0, 0],
					"scale": 0.0223
				}
			}
		},
		"swing_hand2": {
			"animation_length": 0.375,
			"bones": {
				"body1": {
					"rotation": {
						"0.0": [0, 0, 0],
						"0.2083": [6, 0, 0],
						"0.375": [0, 0, 0]
					},
					"position": {
						"0.0": [0, 0, 0],
						"0.375": [0, 0, 0]
					}
				},
				"jiangye": {
					"rotation": {
						"0.0": [0, 0, 0],
						"0.1667": [-8, 0, 0],
						"0.375": [0, 0, 0]
					},
					"position": {
						"0.0": [0, 0, 0],
						"0.375": [0, 0, 0]
					}
				},
				"body3": {
					"rotation": [0, 0, 0],
					"position": [0, 0, 0],
					"scale": 0.0223
				}
			}
		},
		"swing_offhand2": {
			"animation_length": 0.375,
			"bones": {
				"body1": {
					"rotation": {
						"0.0": [0, 0, 0],
						"0.2083": [6, 0, 0],
						"0.375": [0, 0, 0]
					},
					"position": {
						"0.0": [0, 0, 0],
						"0.375": [0, 0, 0]
					}
				},
				"jiangye": {
					"rotation": {
						"0.0": [0, 0, 0],
						"0.1667": [-8, 0, 0],
						"0.375": [0, 0, 0]
					},
					"position": {
						"0.0": [0, 0, 0],
						"0.375": [0, 0, 0]
					}
				},
				"body3": {
					"rotation": [0, 0, 0],
					"position": [0, 0, 0],
					"scale": 0.0223
				}
			}
		},
		"ladder_up2": {
			"loop": true,
			"animation_length": 1,
			"bones": {
				"body": {
					"scale": 0.01328
				},
				"body3": {
					"rotation": [-21, 0, 0],
					"position": [0, -0.79297, 22.05859],
					"scale": 1
				},
				"luoxuanjiang2": {
					"rotation": {
						"0.0": [0, 0, 0],
						"0.9583": [0, -360, 0]
					}
				}
			}
		},
		"ladder_stillness2": {
			"loop": true,
			"animation_length": 1,
			"bones": {
				"body": {
					"position": {
						"0.0": [0, 0, 0],
						"0.0417": [0, 0, 19.96875]
					},
					"scale": 0.01328
				},
				"body3": {
					"rotation": [-3, 0, 0],
					"position": [0, -0.79297, 22.05859],
					"scale": 1
				},
				"luoxuanjiang2": {
					"rotation": {
						"0.0": [0, 0, 0],
						"0.9583": [0, -360, 0]
					}
				}
			}
		},
		"ladder_down2": {
			"loop": true,
			"animation_length": 1,
			"bones": {
				"body": {
					"position": {
						"0.0": [0, 0, 0],
						"0.0417": [0, 0, 28.05078]
					},
					"scale": 0.01328
				},
				"body3": {
					"rotation": [23, 0, 0],
					"position": [0, -0.79297, 22.05859],
					"scale": 1
				},
				"luoxuanjiang2": {
					"rotation": {
						"0.0": [0, 0, 0],
						"0.9583": [0, -360, 0]
					}
				}
			}
		},
		"passenger$touhou_little_maid:maid2": {
			"loop": true,
			"bones": {
				"clothe": {
					"rotation": [7.5, 0, 0]
				},
				"body3": {
					"rotation": [0, 0, 0],
					"position": [0, 0, 0],
					"scale": 1
				}
			}
		},
		"——物理模拟——2": {
			"loop": true
		},
		"parallel8": {
			"loop": true
		},
		"pre_parallel8": {
			"loop": true
		},
		"——眨眼动画——2": {
			"loop": true
		},
		"pre_parallel9": {
			"loop": true,
			"animation_length": 4
		},
		"——并行动画——2": {
			"loop": true
		},
		"parallel9": {
			"loop": true
		},
		"parallel10": {
			"loop": true
		},
		"parallel11": {
			"loop": true
		},
		"parallel12": {
			"loop": true
		},
		"parallel13": {
			"loop": true
		},
		"parallel14": {
			"loop": true
		},
		"parallel15": {
			"loop": true
		},
		"——低优先级并行动画——2": {
			"loop": true
		},
		"pre_parallel10": {
			"loop": true
		},
		"pre_parallel11": {
			"loop": true
		},
		"pre_parallel12": {
			"loop": true
		},
		"pre_parallel13": {
			"loop": true
		},
		"pre_parallel14": {
			"loop": true
		},
		"pre_parallel15": {
			"loop": true
		},
		"empty2": {
			"loop": true,
			"animation_length": 2
		},
		"climbing5": {
			"loop": true,
			"animation_length": 1,
			"bones": {
				"body": {
					"position": [0, -17.10547, 0],
					"scale": 0
				},
				"luoxuanjiang2": {
					"position": [0, 0, 0]
				}
			}
		},
		"climbing6": {
			"loop": true,
			"animation_length": 1,
			"bones": {
				"body": {
					"position": [0, -17.10547, 0],
					"scale": 0.01328
				},
				"body3": {
					"rotation": [-21, 0, 0],
					"position": [0, -0.79297, 22.05859]
				},
				"luoxuanjiang2": {
					"rotation": {
						"0.0": [0, 0, 0],
						"0.9583": [0, -360, 0]
					},
					"position": [0, 0, 0]
				}
			}
		},
		"new3": {
			"loop": true
		},
		"new4": {
			"loop": true
		},
		"sneaking4": {
			"loop": true,
			"animation_length": 44.7917,
			"bones": {
				"bone3": {
					"rotation": {
						"0.0": [11, 0, 0],
						"0.25": [26, 0, 0],
						"0.5": [11, 0, 0],
						"0.625": [3.5, 0, 0],
						"0.75": [-16.5, 0, 0],
						"1.0": [11, 0, 0]
					},
					"position": {
						"0.0": [0, 0, 0],
						"0.5": [0, 0, 0],
						"1.0": [0, 0, 0]
					}
				},
				"bone14": {
					"rotation": {
						"0.0": [8, 0, 0],
						"0.0833": [-2, 0, 0],
						"0.25": [-2, 0, 0],
						"0.375": [-14.5, 0, 0],
						"0.5": [8, 0, 0],
						"0.5417": [25.5, 0, 0],
						"0.75": [40.05, 0, 0],
						"0.875": [16.53, 0, 0],
						"1.0": [8, 0, 0]
					},
					"position": {
						"0.0": [0, 0, 0],
						"0.5": [0, 0, 0],
						"1.0": [0, 0, 0]
					}
				},
				"body": {
					"rotation": {
						"0.0": [0, 0, 0],
						"0.5": [0, 0, 0],
						"1.0": [0, 0, 0]
					},
					"position": {
						"0.0": [0, -11.46, 0],
						"0.5": [0, -11.46, 0],
						"1.0": [0, -11.46, 0]
					},
					"scale": {
						"0.0": [1, 1, 1],
						"0.5": [1, 1, 1],
						"1.0": [1, 1, 1]
					}
				},
				"jiangye": {
					"rotation": [11, 0, 0]
				},
				"bone11": {
					"rotation": {
						"0.0": [6, 0, 0],
						"0.0417": [-11.5, 0, 0],
						"0.25": [-18.65, 0, 0],
						"0.5": [6, 0, 0],
						"0.625": [33.5, 0, 0],
						"0.75": [44.33, 0, 0],
						"0.875": [35.17, 0, 0],
						"1.0": [6, 0, 0]
					}
				},
				"bone9": {
					"rotation": {
						"0.0": [34, 0, 0],
						"0.25": [35.5, 0, 0],
						"0.5": [34, 0, 0],
						"0.625": [21.5, 0, 0],
						"0.75": [40.67, 0, 0],
						"1.0": [34, 0, 0]
					}
				},
				"bone5": {
					"rotation": {
						"0.0": [-51.5, 0, 0],
						"0.25": [-37.5, 0, 0],
						"0.5": [-51.5, 0, 0],
						"0.625": [-61.5, 0, 0],
						"0.875": [-62.33, 0, 0],
						"1.0": [-51.5, 0, 0]
					}
				},
				"bone10": {
					"rotation": {
						"0.0": [6, 0, 0],
						"0.0833": [16, 0, 0],
						"0.25": [26, 0, 0],
						"0.375": [36, 0, 0],
						"0.5": [6, 0, 0],
						"0.5417": [-9, 0, 0],
						"0.75": [-22.18, 0, 0],
						"1.0": [6, 0, 0]
					}
				},
				"bone12": {
					"rotation": {
						"0.0": [37, 0, 0],
						"0.0833": [42, 0, 0],
						"0.25": [39.5, 0, 0],
						"0.5": [37, 0, 0],
						"0.5417": [27, 0, 0],
						"0.75": [16.55, 0, 0],
						"0.875": [36.78, 0, 0],
						"1.0": [37, 0, 0]
					}
				},
				"bone13": {
					"rotation": {
						"0.0": [-51, 0, 0],
						"0.0833": [-56, 0, 0],
						"0.25": [-63.5, 0, 0],
						"0.5": [-51, 0, 0],
						"0.5417": [-46, 0, 0],
						"0.75": [-35.77, 0, 0],
						"1.0": [-51, 0, 0]
					}
				},
				"body3": {
					"rotation": {
						"0.0": [0, 0, 0],
						"1.0": [0, 0, 0]
					},
					"position": {
						"0.0": [0, -11, 0],
						"1.0": [0, -11, 0]
					},
					"scale": {
						"0.0": [0.1047, 0.1047, 0.1047],
						"1.0": [0.1047, 0.1047, 0.1047]
					}
				},
				"body1": {
					"rotation": {
						"0.0": [0, 0, 0],
						"0.5": [5, 0, 0],
						"1.0": [0, 0, 0]
					},
					"position": {
						"0.0": [0, 0, 0],
						"1.0": [0, 0, 0]
					}
				},
				"luoxuanjiang2": {
					"rotation": {
						"0.0": [26, 0, 0],
						"0.25": [11, 0, 0]
					}
				}
			}
		},
		"ride8": {
			"loop": true,
			"animation_length": 4.75,
			"bones": {
				"body3": {
					"scale": 0.04297
				}
			}
		},
		"ride9": {
			"loop": true,
			"bones": {
				"body3": {
					"scale": 0.04297
				}
			}
		},
		"ride10": {
			"loop": true,
			"bones": {
				"body3": {
					"scale": 0.04297
				}
			}
		},
		"ride11": {
			"loop": true,
			"animation_length": 1,
			"bones": {
				"body3": {
					"scale": 0.04297
				}
			}
		},
		"ride12": {
			"loop": true,
			"bones": {
				"body3": {
					"scale": 0.04297
				}
			}
		}
	},
	"geckolib_format_version": 2
}