{
	"format_version": "1.8.0",
	"animations": {
		"swem:idle": {
			"loop": true,
			"bones": {
				"UpBody": {
					"rotation": [10, 0, 0]
				},
				"Root": {
					"rotation": [0, 0, 0],
					"position": [0, 0, 0]
				},
				"AllBody": {
					"position": [0, -5, 0]
				},
				"UpperBody": {
					"rotation": [0, 0, 0]
				},
				"Head": {
					"rotation": [-10, 0, 0]
				},
				"LongHair": {
					"rotation": [12.5, 0, 0]
				},
				"LeftArm": {
					"rotation": [-53.41494, 9.96761, 7.541]
				},
				"LeftForeArm": {
					"rotation": [0, 0, 0]
				},
				"RightArm": {
					"rotation": [-53.41494, -9.96761, -7.541]
				},
				"RightForeArm": {
					"rotation": [0, 0, 0]
				},
				"LeftLeg": {
					"rotation": [-79, -58.65606, -1.85034],
					"position": [0, -1, 0]
				},
				"LeftLowerLeg": {
					"rotation": [72.5, 0, 0]
				},
				"LeftFoot": {
					"rotation": [20, 0, 0]
				},
				"RightLeg": {
					"rotation": [-79, 58.65606, 1.85034],
					"position": [0, -1, 0]
				},
				"RightLowerLeg": {
					"rotation": [72.5, 0, 0]
				},
				"RightFoot": {
					"rotation": [20, 0, 0]
				}
			}
		},
		"swem:walk": {
			"loop": true,
			"animation_length": 1.625,
			"bones": {
				"UpBody": {
					"rotation": ["10+math.cos(2*query.anim_time*360/(39/24))*2", 0, 0]
				},
				"Root": {
					"rotation": [0, 0, 0],
					"position": {
						"0.0": [0, -0.3, 0],
						"0.0417": [0, -0.26, 0],
						"0.0833": [0, -0.2, 0],
						"0.125": [0, -0.12, 0],
						"0.1667": [0, -0.03, 0],
						"0.2083": [0, 0.06, 0],
						"0.25": [0, 0.15, 0],
						"0.2917": [0, 0.23, 0],
						"0.3333": [0, 0.28, 0],
						"0.375": [0, 0.3, 0],
						"0.4167": [0, 0.29, 0],
						"0.4583": [0, 0.25, 0],
						"0.5": [0, 0.19, 0],
						"0.5417": [0, 0.1, 0],
						"0.5833": [0, 0.01, 0],
						"0.625": [0, -0.09, 0],
						"0.6667": [0, -0.17, 0],
						"0.7083": [0, -0.24, 0],
						"0.75": [0, -0.29, 0],
						"0.7917": [0, -0.3, 0],
						"0.8333": [0, -0.28, 0],
						"0.875": [0, -0.24, 0],
						"0.9167": [0, -0.17, 0],
						"0.9583": [0, -0.08, 0],
						"1.0": [0, 0.02, 0],
						"1.0417": [0, 0.11, 0],
						"1.0833": [0, 0.19, 0],
						"1.125": [0, 0.26, 0],
						"1.1667": [0, 0.29, 0],
						"1.2083": [0, 0.3, 0],
						"1.25": [0, 0.27, 0],
						"1.2917": [0, 0.22, 0],
						"1.3333": [0, 0.15, 0],
						"1.375": [0, 0.06, 0],
						"1.4167": [0, -0.04, 0],
						"1.4583": [0, -0.13, 0],
						"1.5": [0, -0.21, 0],
						"1.5417": [0, -0.27, 0],
						"1.5833": [0, -0.3, 0],
						"1.625": [0, -0.3, 0]
					}
				},
				"AllBody": {
					"position": [0, -5, 0]
				},
				"UpperBody": {
					"rotation": [0, 0, 0]
				},
				"Head": {
					"rotation": {
						"0.0": [-11.73, 0, 0],
						"0.0417": [-11.33, 0, 0],
						"0.0833": [-10.78, 0, 0],
						"0.125": [-10.16, 0, 0],
						"0.1667": [-9.52, 0, 0],
						"0.2083": [-8.93, 0, 0],
						"0.25": [-8.45, 0, 0],
						"0.2917": [-8.13, 0, 0],
						"0.3333": [-8, 0, 0],
						"0.375": [-8.08, 0, 0],
						"0.4167": [-8.35, 0, 0],
						"0.4583": [-8.8, 0, 0],
						"0.5": [-9.37, 0, 0],
						"0.5417": [-10, 0, 0],
						"0.5833": [-10.63, 0, 0],
						"0.625": [-11.2, 0, 0],
						"0.6667": [-11.65, 0, 0],
						"0.7083": [-11.92, 0, 0],
						"0.75": [-12, 0, 0],
						"0.7917": [-11.87, 0, 0],
						"0.8333": [-11.55, 0, 0],
						"0.875": [-11.07, 0, 0],
						"0.9167": [-10.48, 0, 0],
						"0.9583": [-9.84, 0, 0],
						"1.0": [-9.22, 0, 0],
						"1.0417": [-8.67, 0, 0],
						"1.0833": [-8.27, 0, 0],
						"1.125": [-8.04, 0, 0],
						"1.1667": [-8.01, 0, 0],
						"1.2083": [-8.19, 0, 0],
						"1.25": [-8.56, 0, 0],
						"1.2917": [-9.07, 0, 0],
						"1.3333": [-9.68, 0, 0],
						"1.375": [-10.32, 0, 0],
						"1.4167": [-10.93, 0, 0],
						"1.4583": [-11.44, 0, 0],
						"1.5": [-11.81, 0, 0],
						"1.5417": [-11.99, 0, 0],
						"1.5833": [-11.96, 0, 0],
						"1.625": [-11.73, 0, 0]
					}
				},
				"LongHair": {
					"rotation": {
						"0.0": [12.5, 0, 0],
						"0.0417": [10.92, 0, 0],
						"0.0833": [9.5, 0, 0],
						"0.125": [8.39, 0, 0],
						"0.1667": [7.7, 0, 0],
						"0.2083": [7.5, 0, 0],
						"0.25": [7.82, 0, 0],
						"0.2917": [8.63, 0, 0],
						"0.3333": [9.83, 0, 0],
						"0.375": [11.3, 0, 0],
						"0.4167": [12.9, 0, 0],
						"0.4583": [14.46, 0, 0],
						"0.5": [15.82, 0, 0],
						"0.5417": [16.83, 0, 0],
						"0.5833": [17.4, 0, 0],
						"0.625": [17.46, 0, 0],
						"0.6667": [17.02, 0, 0],
						"0.7083": [16.11, 0, 0],
						"0.75": [14.82, 0, 0],
						"0.7917": [13.3, 0, 0],
						"0.8333": [11.7, 0, 0],
						"0.875": [10.18, 0, 0],
						"0.9167": [8.89, 0, 0],
						"0.9583": [7.98, 0, 0],
						"1.0": [7.54, 0, 0],
						"1.0417": [7.6, 0, 0],
						"1.0833": [8.17, 0, 0],
						"1.125": [9.18, 0, 0],
						"1.1667": [10.54, 0, 0],
						"1.2083": [12.1, 0, 0],
						"1.25": [13.7, 0, 0],
						"1.2917": [15.17, 0, 0],
						"1.3333": [16.37, 0, 0],
						"1.375": [17.18, 0, 0],
						"1.4167": [17.5, 0, 0],
						"1.4583": [17.3, 0, 0],
						"1.5": [16.61, 0, 0],
						"1.5417": [15.5, 0, 0],
						"1.5833": [14.08, 0, 0],
						"1.625": [12.5, 0, 0]
					}
				},
				"LeftArm": {
					"rotation": [-53.41494, 9.96761, 7.541]
				},
				"LeftForeArm": {
					"rotation": [0, 0, 0]
				},
				"RightArm": {
					"rotation": [-53.41494, -9.96761, -7.541]
				},
				"RightForeArm": {
					"rotation": [0, 0, 0]
				},
				"LeftLeg": {
					"rotation": [-79, -58.65606, -1.85034],
					"position": [0, -1, 0]
				},
				"LeftLowerLeg": {
					"rotation": [72.5, 0, 0]
				},
				"LeftFoot": {
					"rotation": [20, 0, 0]
				},
				"RightLeg": {
					"rotation": [-79, 58.65606, 1.85034],
					"position": [0, -1, 0]
				},
				"RightLowerLeg": {
					"rotation": [72.5, 0, 0]
				},
				"RightFoot": {
					"rotation": [20, 0, 0]
				},
				"molang": {
					"rotation": {
						"0.0": ["v.bv=q.ground_speed>0?math.cos(2*query.anim_time*360/(24/24))*5", 0, 0],
						"1.625": ["v.bv=q.ground_speed>0?math.cos(2*query.anim_time*360/(39/24))*5", 0, 0]
					}
				}
			}
		},
		"swem:trot": {
			"loop": true,
			"animation_length": 1.04,
			"bones": {
				"UpBody": {
					"rotation": {
						"0.0": [15, 0, 0],
						"0.04": [15.93, 0, 0],
						"0.08": [16.65, 0, 0],
						"0.12": [16.99, 0, 0],
						"0.16": [16.87, 0, 0],
						"0.2": [16.33, 0, 0],
						"0.24": [15.48, 0, 0],
						"0.28": [14.52, 0, 0],
						"0.32": [13.67, 0, 0],
						"0.36": [13.13, 0, 0],
						"0.4": [13.01, 0, 0],
						"0.44": [13.35, 0, 0],
						"0.48": [14.07, 0, 0],
						"0.52": [15, 0, 0],
						"0.56": [15.93, 0, 0],
						"0.6": [16.65, 0, 0],
						"0.64": [16.99, 0, 0],
						"0.68": [16.87, 0, 0],
						"0.72": [16.33, 0, 0],
						"0.76": [15.48, 0, 0],
						"0.8": [14.52, 0, 0],
						"0.84": [13.67, 0, 0],
						"0.88": [13.13, 0, 0],
						"0.92": [13.01, 0, 0],
						"0.96": [13.35, 0, 0],
						"1.0": [14.07, 0, 0],
						"1.04": [15, 0, 0]
					}
				},
				"Root": {
					"rotation": [0, 0, 0],
					"position": {
						"0.0": [0, 0.8, 0],
						"0.04": [0, 0.71, 0],
						"0.08": [0, 0.45, 0],
						"0.12": [0, 0.1, 0],
						"0.16": [0, -0.28, 0],
						"0.2": [0, -0.6, 0],
						"0.24": [0, -0.78, 0],
						"0.28": [0, -0.78, 0],
						"0.32": [0, -0.6, 0],
						"0.36": [0, -0.28, 0],
						"0.4": [0, 0.1, 0],
						"0.44": [0, 0.45, 0],
						"0.48": [0, 0.71, 0],
						"0.52": [0, 0.8, 0],
						"0.56": [0, 0.71, 0],
						"0.6": [0, 0.45, 0],
						"0.64": [0, 0.1, 0],
						"0.68": [0, -0.28, 0],
						"0.72": [0, -0.6, 0],
						"0.76": [0, -0.78, 0],
						"0.8": [0, -0.78, 0],
						"0.84": [0, -0.6, 0],
						"0.88": [0, -0.28, 0],
						"0.92": [0, 0.1, 0],
						"0.96": [0, 0.45, 0],
						"1.0": [0, 0.71, 0],
						"1.04": [0, 0.8, 0]
					}
				},
				"AllBody": {
					"position": [0, -4, 0]
				},
				"Head": {
					"rotation": {
						"0.0": [-11, 0, 0],
						"0.04": [-11.69, 0, 0],
						"0.08": [-11.99, 0, 0],
						"0.12": [-11.84, 0, 0],
						"0.16": [-11.26, 0, 0],
						"0.2": [-10.4, 0, 0],
						"0.24": [-9.44, 0, 0],
						"0.28": [-8.61, 0, 0],
						"0.32": [-8.1, 0, 0],
						"0.36": [-8.03, 0, 0],
						"0.4": [-8.4, 0, 0],
						"0.44": [-9.14, 0, 0],
						"0.48": [-10.08, 0, 0],
						"0.52": [-11, 0, 0],
						"0.56": [-11.69, 0, 0],
						"0.6": [-11.99, 0, 0],
						"0.64": [-11.84, 0, 0],
						"0.68": [-11.26, 0, 0],
						"0.72": [-10.4, 0, 0],
						"0.76": [-9.44, 0, 0],
						"0.8": [-8.61, 0, 0],
						"0.84": [-8.1, 0, 0],
						"0.88": [-8.03, 0, 0],
						"0.92": [-8.4, 0, 0],
						"0.96": [-9.14, 0, 0],
						"1.0": [-10.08, 0, 0]
					}
				},
				"LongHair": {
					"rotation": {
						"0.0": [15.96, 0, 0],
						"0.04": [16.5, 0, 0],
						"0.08": [16.11, 0, 0],
						"0.12": [14.9, 0, 0],
						"0.16": [13.14, 0, 0],
						"0.2": [11.23, 0, 0],
						"0.24": [9.62, 0, 0],
						"0.28": [8.66, 0, 0],
						"0.32": [8.58, 0, 0],
						"0.36": [9.4, 0, 0],
						"0.4": [10.93, 0, 0],
						"0.44": [12.82, 0, 0],
						"0.48": [14.64, 0, 0],
						"0.52": [15.96, 0, 0],
						"0.56": [16.5, 0, 0],
						"0.6": [16.11, 0, 0],
						"0.64": [14.9, 0, 0],
						"0.68": [13.14, 0, 0],
						"0.72": [11.23, 0, 0],
						"0.76": [9.62, 0, 0],
						"0.8": [8.66, 0, 0],
						"0.84": [8.58, 0, 0],
						"0.88": [9.4, 0, 0],
						"0.92": [10.93, 0, 0],
						"0.96": [12.82, 0, 0],
						"1.0": [14.64, 0, 0]
					}
				},
				"LeftArm": {
					"rotation": [-53.41494, 9.96761, 7.541]
				},
				"LeftForeArm": {
					"rotation": [-32.5, 0, 0]
				},
				"RightArm": {
					"rotation": [-53.41494, -9.96761, -7.541]
				},
				"RightForeArm": {
					"rotation": [-32.5, 0, 0]
				},
				"LeftLeg": {
					"rotation": [-79, -58.65606, -1.85034],
					"position": [0, -1, 0]
				},
				"LeftLowerLeg": {
					"rotation": [72.5, 0, 0]
				},
				"LeftFoot": {
					"rotation": [20, 0, 0]
				},
				"RightLeg": {
					"rotation": [-79, 58.65606, 1.85034],
					"position": [0, -1, 0]
				},
				"RightLowerLeg": {
					"rotation": [72.5, 0, 0]
				},
				"RightFoot": {
					"rotation": [20, 0, 0]
				},
				"molang": {
					"rotation": ["v.bv=q.ground_speed>0?math.cos(2*query.anim_time*360/(26/25))*5", 0, 0]
				}
			}
		},
		"swem:canter": {
			"loop": true,
			"animation_length": 0.8,
			"bones": {
				"UpBody": {
					"rotation": {
						"0.0": [36, 0, 0],
						"0.02": [35.93, 0, 0],
						"0.04": [35.71, 0, 0],
						"0.06": [35.35, 0, 0],
						"0.08": [34.85, 0, 0],
						"0.1": [34.24, 0, 0],
						"0.12": [33.53, 0, 0],
						"0.14": [32.72, 0, 0],
						"0.16": [31.85, 0, 0],
						"0.18": [30.94, 0, 0],
						"0.2": [30, 0, 0],
						"0.22": [29.06, 0, 0],
						"0.24": [28.15, 0, 0],
						"0.26": [27.28, 0, 0],
						"0.28": [26.47, 0, 0],
						"0.3": [25.76, 0, 0],
						"0.32": [25.15, 0, 0],
						"0.34": [24.65, 0, 0],
						"0.36": [24.29, 0, 0],
						"0.38": [24.07, 0, 0],
						"0.4": [24, 0, 0],
						"0.42": [24.07, 0, 0],
						"0.44": [24.29, 0, 0],
						"0.46": [24.65, 0, 0],
						"0.48": [25.15, 0, 0],
						"0.5": [25.76, 0, 0],
						"0.52": [26.47, 0, 0],
						"0.54": [27.28, 0, 0],
						"0.56": [28.15, 0, 0],
						"0.58": [29.06, 0, 0],
						"0.6": [30, 0, 0],
						"0.62": [30.94, 0, 0],
						"0.64": [31.85, 0, 0],
						"0.66": [32.72, 0, 0],
						"0.68": [33.53, 0, 0],
						"0.7": [34.24, 0, 0],
						"0.72": [34.85, 0, 0],
						"0.74": [35.35, 0, 0],
						"0.76": [35.71, 0, 0],
						"0.78": [35.93, 0, 0],
						"0.8": [36, 0, 0]
					}
				},
				"Root": {
					"rotation": {
						"0.0": [-4, 0, 0],
						"0.02": [-3.95, 0, 0],
						"0.04": [-3.8, 0, 0],
						"0.06": [-3.56, 0, 0],
						"0.08": [-3.24, 0, 0],
						"0.1": [-2.83, 0, 0],
						"0.12": [-2.35, 0, 0],
						"0.14": [-1.82, 0, 0],
						"0.16": [-1.24, 0, 0],
						"0.18": [-0.63, 0, 0],
						"0.2": [0, 0, 0],
						"0.22": [0.63, 0, 0],
						"0.24": [1.24, 0, 0],
						"0.26": [1.82, 0, 0],
						"0.28": [2.35, 0, 0],
						"0.3": [2.83, 0, 0],
						"0.32": [3.24, 0, 0],
						"0.34": [3.56, 0, 0],
						"0.36": [3.8, 0, 0],
						"0.38": [3.95, 0, 0],
						"0.4": [4, 0, 0],
						"0.42": [3.95, 0, 0],
						"0.44": [3.8, 0, 0],
						"0.46": [3.56, 0, 0],
						"0.48": [3.24, 0, 0],
						"0.5": [2.83, 0, 0],
						"0.52": [2.35, 0, 0],
						"0.54": [1.82, 0, 0],
						"0.56": [1.24, 0, 0],
						"0.58": [0.63, 0, 0],
						"0.6": [0, 0, 0],
						"0.62": [-0.63, 0, 0],
						"0.64": [-1.24, 0, 0],
						"0.66": [-1.82, 0, 0],
						"0.68": [-2.35, 0, 0],
						"0.7": [-2.83, 0, 0],
						"0.72": [-3.24, 0, 0],
						"0.74": [-3.56, 0, 0],
						"0.76": [-3.8, 0, 0],
						"0.78": [-3.95, 0, 0],
						"0.8": [-4, 0, 0]
					},
					"position": {
						"0.0": [0, 0, 0],
						"0.02": [0, -0.31, 0],
						"0.04": [0, -0.62, 0],
						"0.06": [0, -0.91, 0],
						"0.08": [0, -1.18, 0],
						"0.1": [0, -1.41, 0],
						"0.12": [0, -1.62, 0],
						"0.14": [0, -1.78, 0],
						"0.16": [0, -1.9, 0],
						"0.18": [0, -1.98, 0],
						"0.2": [0, -2, 0],
						"0.22": [0, -1.98, 0],
						"0.24": [0, -1.9, 0],
						"0.26": [0, -1.78, 0],
						"0.28": [0, -1.62, 0],
						"0.3": [0, -1.41, 0],
						"0.32": [0, -1.18, 0],
						"0.34": [0, -0.91, 0],
						"0.36": [0, -0.62, 0],
						"0.38": [0, -0.31, 0],
						"0.4": [0, 0, 0],
						"0.42": [0, 0.31, 0],
						"0.44": [0, 0.62, 0],
						"0.46": [0, 0.91, 0],
						"0.48": [0, 1.18, 0],
						"0.5": [0, 1.41, 0],
						"0.52": [0, 1.62, 0],
						"0.54": [0, 1.78, 0],
						"0.56": [0, 1.9, 0],
						"0.58": [0, 1.98, 0],
						"0.6": [0, 2, 0],
						"0.62": [0, 1.98, 0],
						"0.64": [0, 1.9, 0],
						"0.66": [0, 1.78, 0],
						"0.68": [0, 1.62, 0],
						"0.7": [0, 1.41, 0],
						"0.72": [0, 1.18, 0],
						"0.74": [0, 0.91, 0],
						"0.76": [0, 0.62, 0],
						"0.78": [0, 0.31, 0],
						"0.8": [0, 0, 0]
					}
				},
				"AllBody": {
					"position": [0, -4, 0]
				},
				"Head": {
					"rotation": {
						"0.0": [-21.5, 0, 0],
						"0.02": [-21.89, 0, 0],
						"0.04": [-22.23, 0, 0],
						"0.06": [-22.52, 0, 0],
						"0.08": [-22.74, 0, 0],
						"0.1": [-22.9, 0, 0],
						"0.12": [-22.98, 0, 0],
						"0.14": [-23, 0, 0],
						"0.16": [-22.93, 0, 0],
						"0.18": [-22.8, 0, 0],
						"0.2": [-22.6, 0, 0],
						"0.22": [-22.33, 0, 0],
						"0.24": [-22.01, 0, 0],
						"0.26": [-21.63, 0, 0],
						"0.28": [-21.22, 0, 0],
						"0.3": [-20.78, 0, 0],
						"0.32": [-20.31, 0, 0],
						"0.34": [-19.84, 0, 0],
						"0.36": [-19.38, 0, 0],
						"0.38": [-18.92, 0, 0],
						"0.4": [-18.5, 0, 0],
						"0.42": [-18.11, 0, 0],
						"0.44": [-17.77, 0, 0],
						"0.46": [-17.48, 0, 0],
						"0.48": [-17.26, 0, 0],
						"0.5": [-17.1, 0, 0],
						"0.52": [-17.02, 0, 0],
						"0.54": [-17, 0, 0],
						"0.56": [-17.07, 0, 0],
						"0.58": [-17.2, 0, 0],
						"0.6": [-17.4, 0, 0],
						"0.62": [-17.67, 0, 0],
						"0.64": [-17.99, 0, 0],
						"0.66": [-18.37, 0, 0],
						"0.68": [-18.78, 0, 0],
						"0.7": [-19.22, 0, 0],
						"0.72": [-19.69, 0, 0],
						"0.74": [-20.16, 0, 0],
						"0.76": [-20.62, 0, 0],
						"0.78": [-21.08, 0, 0],
						"0.8": [-21.5, 0, 0]
					}
				},
				"LongHair": {
					"rotation": {
						"0.0": [18.93, 0, 0],
						"0.02": [20.05, 0, 0],
						"0.04": [20.98, 0, 0],
						"0.06": [21.71, 0, 0],
						"0.08": [22.2, 0, 0],
						"0.1": [22.46, 0, 0],
						"0.12": [22.48, 0, 0],
						"0.14": [22.24, 0, 0],
						"0.16": [21.77, 0, 0],
						"0.18": [21.07, 0, 0],
						"0.2": [20.16, 0, 0],
						"0.22": [19.06, 0, 0],
						"0.24": [17.8, 0, 0],
						"0.26": [16.41, 0, 0],
						"0.28": [14.92, 0, 0],
						"0.3": [13.37, 0, 0],
						"0.32": [11.8, 0, 0],
						"0.34": [10.25, 0, 0],
						"0.36": [8.75, 0, 0],
						"0.38": [7.35, 0, 0],
						"0.4": [6.07, 0, 0],
						"0.42": [4.95, 0, 0],
						"0.44": [4.02, 0, 0],
						"0.46": [3.29, 0, 0],
						"0.48": [2.8, 0, 0],
						"0.5": [2.54, 0, 0],
						"0.52": [2.52, 0, 0],
						"0.54": [2.76, 0, 0],
						"0.56": [3.23, 0, 0],
						"0.58": [3.93, 0, 0],
						"0.6": [4.84, 0, 0],
						"0.62": [5.94, 0, 0],
						"0.64": [7.2, 0, 0],
						"0.66": [8.59, 0, 0],
						"0.68": [10.08, 0, 0],
						"0.7": [11.63, 0, 0],
						"0.72": [13.2, 0, 0],
						"0.74": [14.75, 0, 0],
						"0.76": [16.25, 0, 0],
						"0.78": [17.65, 0, 0],
						"0.8": [18.93, 0, 0]
					}
				},
				"LeftArm": {
					"rotation": [-53.41494, 9.96761, 7.541]
				},
				"LeftForeArm": {
					"rotation": [-32.5, 0, 0]
				},
				"RightArm": {
					"rotation": [-53.41494, -9.96761, -7.541]
				},
				"RightForeArm": {
					"rotation": [-32.5, 0, 0]
				},
				"LeftLeg": {
					"rotation": [-79, -58.65606, -1.85034],
					"position": [0, -1, 0]
				},
				"LeftLowerLeg": {
					"rotation": [72.5, 0, 0]
				},
				"LeftFoot": {
					"rotation": [20, 0, 0]
				},
				"RightLeg": {
					"rotation": [-79, 58.65606, 1.85034],
					"position": [0, -1, 0]
				},
				"RightLowerLeg": {
					"rotation": [72.5, 0, 0]
				},
				"RightFoot": {
					"rotation": [20, 0, 0]
				},
				"molang": {
					"rotation": ["v.bv=q.ground_speed>0?math.cos(2*query.anim_time*360/(40/50))*5", 0, 0]
				}
			}
		},
		"swem:canter_ext": {
			"loop": true,
			"animation_length": 0.74,
			"bones": {
				"UpBody": {
					"rotation": {
						"0.0": [38.66, 0, 0],
						"0.02": [37.69, 0, 0],
						"0.04": [36.5, 0, 0],
						"0.06": [35.12, 0, 0],
						"0.08": [33.6, 0, 0],
						"0.1": [31.97, 0, 0],
						"0.12": [30.28, 0, 0],
						"0.14": [28.59, 0, 0],
						"0.16": [26.94, 0, 0],
						"0.18": [25.37, 0, 0],
						"0.2": [23.94, 0, 0],
						"0.22": [22.68, 0, 0],
						"0.24": [21.64, 0, 0],
						"0.26": [20.83, 0, 0],
						"0.28": [20.29, 0, 0],
						"0.3": [20.03, 0, 0],
						"0.32": [20.05, 0, 0],
						"0.34": [20.36, 0, 0],
						"0.36": [20.95, 0, 0],
						"0.38": [21.79, 0, 0],
						"0.4": [22.88, 0, 0],
						"0.42": [24.17, 0, 0],
						"0.44": [25.62, 0, 0],
						"0.46": [27.21, 0, 0],
						"0.48": [28.87, 0, 0],
						"0.5": [30.57, 0, 0],
						"0.52": [32.24, 0, 0],
						"0.54": [33.86, 0, 0],
						"0.56": [35.36, 0, 0],
						"0.58": [36.71, 0, 0],
						"0.6": [37.87, 0, 0],
						"0.62": [38.8, 0, 0],
						"0.64": [39.47, 0, 0],
						"0.66": [39.88, 0, 0],
						"0.68": [40, 0, 0],
						"0.7": [39.83, 0, 0],
						"0.72": [39.38, 0, 0],
						"0.74": [38.66, 0, 0]
					}
				},
				"Root": {
					"rotation": {
						"0.0": [-5, 0, 0],
						"0.02": [-4.93, 0, 0],
						"0.04": [-4.71, 0, 0],
						"0.06": [-4.37, 0, 0],
						"0.08": [-3.89, 0, 0],
						"0.1": [-3.3, 0, 0],
						"0.12": [-2.62, 0, 0],
						"0.14": [-1.86, 0, 0],
						"0.16": [-1.05, 0, 0],
						"0.18": [-0.21, 0, 0],
						"0.2": [0.64, 0, 0],
						"0.22": [1.46, 0, 0],
						"0.24": [2.25, 0, 0],
						"0.26": [2.97, 0, 0],
						"0.28": [3.61, 0, 0],
						"0.3": [4.14, 0, 0],
						"0.32": [4.56, 0, 0],
						"0.34": [4.84, 0, 0],
						"0.36": [4.98, 0, 0],
						"0.38": [4.98, 0, 0],
						"0.4": [4.84, 0, 0],
						"0.42": [4.56, 0, 0],
						"0.44": [4.14, 0, 0],
						"0.46": [3.61, 0, 0],
						"0.48": [2.97, 0, 0],
						"0.5": [2.25, 0, 0],
						"0.52": [1.46, 0, 0],
						"0.54": [0.64, 0, 0],
						"0.56": [-0.21, 0, 0],
						"0.58": [-1.05, 0, 0],
						"0.6": [-1.86, 0, 0],
						"0.62": [-2.62, 0, 0],
						"0.64": [-3.3, 0, 0],
						"0.66": [-3.89, 0, 0],
						"0.68": [-4.37, 0, 0],
						"0.7": [-4.71, 0, 0],
						"0.72": [-4.93, 0, 0],
						"0.74": [-5, 0, 0]
					},
					"position": {
						"0.0": [0, 0, 0.25],
						"0.02": [0, -0.25, 0.17],
						"0.04": [0, -0.5, 0.09],
						"0.06": [0, -0.73, 0.01],
						"0.08": [0, -0.94, -0.08],
						"0.1": [0, -1.13, -0.16],
						"0.12": [0, -1.28, -0.24],
						"0.14": [0, -1.39, -0.31],
						"0.16": [0, -1.47, -0.37],
						"0.18": [0, -1.5, -0.42],
						"0.2": [0, -1.49, -0.46],
						"0.22": [0, -1.43, -0.49],
						"0.24": [0, -1.34, -0.5],
						"0.26": [0, -1.21, -0.5],
						"0.28": [0, -1.04, -0.48],
						"0.3": [0, -0.84, -0.45],
						"0.32": [0, -0.62, -0.41],
						"0.34": [0, -0.38, -0.35],
						"0.36": [0, -0.13, -0.29],
						"0.38": [0, 0.13, -0.21],
						"0.4": [0, 0.38, -0.13],
						"0.42": [0, 0.62, -0.05],
						"0.44": [0, 0.84, 0.04],
						"0.46": [0, 1.04, 0.12],
						"0.48": [0, 1.21, 0.2],
						"0.5": [0, 1.34, 0.27],
						"0.52": [0, 1.43, 0.34],
						"0.54": [0, 1.49, 0.4],
						"0.56": [0, 1.5, 0.44],
						"0.58": [0, 1.47, 0.48],
						"0.6": [0, 1.39, 0.5],
						"0.62": [0, 1.28, 0.5],
						"0.64": [0, 1.13, 0.49],
						"0.66": [0, 0.94, 0.47],
						"0.68": [0, 0.73, 0.43],
						"0.7": [0, 0.5, 0.38],
						"0.72": [0, 0.25, 0.32],
						"0.74": [0, 0, 0.25]
					}
				},
				"AllBody": {
					"position": [0, -4, 0]
				},
				"Head": {
					"rotation": {
						"0.0": [-20, 0, 0],
						"0.02": [-19.15, 0, 0],
						"0.04": [-18.33, 0, 0],
						"0.06": [-17.56, 0, 0],
						"0.08": [-16.86, 0, 0],
						"0.1": [-16.25, 0, 0],
						"0.12": [-15.74, 0, 0],
						"0.14": [-15.36, 0, 0],
						"0.16": [-15.11, 0, 0],
						"0.18": [-15, 0, 0],
						"0.2": [-15.04, 0, 0],
						"0.22": [-15.22, 0, 0],
						"0.24": [-15.54, 0, 0],
						"0.26": [-15.98, 0, 0],
						"0.28": [-16.54, 0, 0],
						"0.3": [-17.2, 0, 0],
						"0.32": [-17.94, 0, 0],
						"0.34": [-18.74, 0, 0],
						"0.36": [-19.58, 0, 0],
						"0.38": [-20.42, 0, 0],
						"0.4": [-21.26, 0, 0],
						"0.42": [-22.06, 0, 0],
						"0.44": [-22.8, 0, 0],
						"0.46": [-23.46, 0, 0],
						"0.48": [-24.02, 0, 0],
						"0.5": [-24.46, 0, 0],
						"0.52": [-24.78, 0, 0],
						"0.54": [-24.96, 0, 0],
						"0.56": [-25, 0, 0],
						"0.58": [-24.89, 0, 0],
						"0.6": [-24.64, 0, 0],
						"0.62": [-24.26, 0, 0],
						"0.64": [-23.75, 0, 0],
						"0.66": [-23.14, 0, 0],
						"0.68": [-22.44, 0, 0],
						"0.7": [-21.67, 0, 0],
						"0.72": [-20.85, 0, 0],
						"0.74": [-20, 0, 0]
					}
				},
				"LongHair": {
					"rotation": {
						"0.0": [13.26, 0, 0],
						"0.02": [14.57, 0, 0],
						"0.04": [15.92, 0, 0],
						"0.06": [17.28, 0, 0],
						"0.08": [18.59, 0, 0],
						"0.1": [19.84, 0, 0],
						"0.12": [20.97, 0, 0],
						"0.14": [21.96, 0, 0],
						"0.16": [22.77, 0, 0],
						"0.18": [23.39, 0, 0],
						"0.2": [23.8, 0, 0],
						"0.22": [23.99, 0, 0],
						"0.24": [23.94, 0, 0],
						"0.26": [23.67, 0, 0],
						"0.28": [23.18, 0, 0],
						"0.3": [22.48, 0, 0],
						"0.32": [21.59, 0, 0],
						"0.34": [20.54, 0, 0],
						"0.36": [19.36, 0, 0],
						"0.38": [18.09, 0, 0],
						"0.4": [16.75, 0, 0],
						"0.42": [15.4, 0, 0],
						"0.44": [14.06, 0, 0],
						"0.46": [12.77, 0, 0],
						"0.48": [11.58, 0, 0],
						"0.5": [10.52, 0, 0],
						"0.52": [9.61, 0, 0],
						"0.54": [8.89, 0, 0],
						"0.56": [8.37, 0, 0],
						"0.58": [8.07, 0, 0],
						"0.6": [8, 0, 0],
						"0.62": [8.16, 0, 0],
						"0.64": [8.55, 0, 0],
						"0.66": [9.15, 0, 0],
						"0.68": [9.95, 0, 0],
						"0.7": [10.92, 0, 0],
						"0.72": [12.03, 0, 0],
						"0.74": [13.26, 0, 0]
					}
				},
				"LeftArm": {
					"rotation": [-53.41494, 9.96761, 7.541]
				},
				"LeftForeArm": {
					"rotation": [-32.5, 0, 0]
				},
				"RightArm": {
					"rotation": [-53.41494, -9.96761, -7.541]
				},
				"RightForeArm": {
					"rotation": [-32.5, 0, 0]
				},
				"LeftLeg": {
					"rotation": [-79, -58.65606, -1.85034],
					"position": [0, -1, 0]
				},
				"LeftLowerLeg": {
					"rotation": [72.5, 0, 0]
				},
				"LeftFoot": {
					"rotation": [20, 0, 0]
				},
				"RightLeg": {
					"rotation": [-79, 58.65606, 1.85034],
					"position": [0, -1, 0]
				},
				"RightLowerLeg": {
					"rotation": [72.5, 0, 0]
				},
				"RightFoot": {
					"rotation": [20, 0, 0]
				},
				"molang": {
					"rotation": ["v.bv=q.ground_speed>0?math.cos(1*query.anim_time*360/(37/50))*5", 0, 0]
				}
			}
		},
		"swem:gallop": {
			"loop": true,
			"animation_length": 0.56,
			"bones": {
				"UpBody": {
					"rotation": {
						"0.0": [44.33, 0, 0],
						"0.04": [44.99, 0, 0],
						"0.08": [44.65, 0, 0],
						"0.12": [43.4, 0, 0],
						"0.16": [41.47, 0, 0],
						"0.2": [39.25, 0, 0],
						"0.24": [37.18, 0, 0],
						"0.28": [35.67, 0, 0],
						"0.32": [35.01, 0, 0],
						"0.36": [35.35, 0, 0],
						"0.4": [36.6, 0, 0],
						"0.44": [38.53, 0, 0],
						"0.48": [40.75, 0, 0],
						"0.52": [42.82, 0, 0],
						"0.56": [44.33, 0, 0]
					}
				},
				"Root": {
					"rotation": {
						"0.0": [-2.6, 0, 0],
						"0.04": [-2.99, 0, 0],
						"0.08": [-2.79, 0, 0],
						"0.12": [-2.04, 0, 0],
						"0.16": [-0.88, 0, 0],
						"0.2": [0.45, 0, 0],
						"0.24": [1.69, 0, 0],
						"0.28": [2.6, 0, 0],
						"0.32": [2.99, 0, 0],
						"0.36": [2.79, 0, 0],
						"0.4": [2.04, 0, 0],
						"0.44": [0.88, 0, 0],
						"0.48": [-0.45, 0, 0],
						"0.52": [-1.69, 0, 0],
						"0.56": [-2.6, 0, 0]
					},
					"position": {
						"0.0": [0, 0, 0],
						"0.04": [0, -0.17, 0],
						"0.08": [0, -0.31, 0],
						"0.12": [0, -0.39, 0],
						"0.16": [0, -0.39, 0],
						"0.2": [0, -0.31, 0],
						"0.24": [0, -0.17, 0],
						"0.28": [0, 0, 0],
						"0.32": [0, 0.17, 0],
						"0.36": [0, 0.31, 0],
						"0.4": [0, 0.39, 0],
						"0.44": [0, 0.39, 0],
						"0.48": [0, 0.31, 0],
						"0.52": [0, 0.17, 0],
						"0.56": [0, 0, 0]
					}
				},
				"AllBody": {
					"position": [0, -4, 0]
				},
				"AllHead": {
					"rotation": [0, 0, 0]
				},
				"Head": {
					"rotation": {
						"0.0": [-41.5, 0, 0],
						"0.04": [-42.48, 0, 0],
						"0.08": [-42.97, 0, 0],
						"0.12": [-42.87, 0, 0],
						"0.16": [-42.2, 0, 0],
						"0.2": [-41.1, 0, 0],
						"0.24": [-39.78, 0, 0],
						"0.28": [-38.5, 0, 0],
						"0.32": [-37.52, 0, 0],
						"0.36": [-37.03, 0, 0],
						"0.4": [-37.13, 0, 0],
						"0.44": [-37.8, 0, 0],
						"0.48": [-38.9, 0, 0],
						"0.52": [-40.22, 0, 0],
						"0.56": [-41.5, 0, 0]
					}
				},
				"LongHair": {
					"rotation": {
						"0.0": [33.63, 0, 0],
						"0.04": [35.4, 0, 0],
						"0.08": [37.09, 0, 0],
						"0.12": [38.36, 0, 0],
						"0.16": [38.97, 0, 0],
						"0.2": [38.79, 0, 0],
						"0.24": [37.86, 0, 0],
						"0.28": [36.37, 0, 0],
						"0.32": [34.6, 0, 0],
						"0.36": [32.91, 0, 0],
						"0.4": [31.64, 0, 0],
						"0.44": [31.03, 0, 0],
						"0.48": [31.21, 0, 0],
						"0.52": [32.14, 0, 0],
						"0.56": [33.63, 0, 0]
					}
				},
				"LeftArm": {
					"rotation": [-85.97286, -2.50133, 6.6567]
				},
				"LeftForeArm": {
					"rotation": [-32.5, 0, 0]
				},
				"RightArm": {
					"rotation": [-85.97286, 2.50133, -6.6567]
				},
				"RightForeArm": {
					"rotation": [-32.5, 0, 0]
				},
				"LeftLeg": {
					"rotation": [-79, -58.65606, -1.85034],
					"position": [0, -1, 0]
				},
				"LeftLowerLeg": {
					"rotation": [72.5, 0, 0]
				},
				"LeftFoot": {
					"rotation": [20, 0, 0]
				},
				"RightLeg": {
					"rotation": [-79, 58.65606, 1.85034],
					"position": [0, -1, 0]
				},
				"RightLowerLeg": {
					"rotation": [72.5, 0, 0]
				},
				"RightFoot": {
					"rotation": [20, 0, 0]
				},
				"molang": {
					"rotation": ["v.bv=q.ground_speed>0?math.cos(1*query.anim_time*360/(14/25))*5", 0, 0]
				},
				"UpperBody": {
					"rotation": [15, 0, 0]
				}
			}
		},
		"swem:jump_lv1": {
			"loop": true,
			"animation_length": 0.8,
			"bones": {
				"Root": {
					"rotation": {
						"0.0": {
							"post": [-10, 0, 0],
							"lerp_mode": "catmullrom"
						},
						"0.42": {
							"post": [10, 0, 0],
							"lerp_mode": "catmullrom"
						},
						"0.8": {
							"post": [-10, 0, 0],
							"lerp_mode": "catmullrom"
						}
					},
					"position": {
						"0.0": [0, 0, 0],
						"0.8": [0, 0, 0]
					}
				},
				"AllBody": {
					"position": [0, -5, 0]
				},
				"UpBody": {
					"rotation": {
						"0.0": {
							"post": [10, 0, 0],
							"lerp_mode": "catmullrom"
						},
						"0.34": {
							"post": [0, 0, 0],
							"lerp_mode": "catmullrom"
						},
						"0.8": {
							"post": [10, 0, 0],
							"lerp_mode": "catmullrom"
						}
					}
				},
				"UpperBody": {
					"rotation": {
						"0.0": {
							"post": [0, 0, 0],
							"lerp_mode": "catmullrom"
						},
						"0.3": {
							"post": [-5, 0, 0],
							"lerp_mode": "catmullrom"
						},
						"0.8": {
							"post": [0, 0, 0],
							"lerp_mode": "catmullrom"
						}
					}
				},
				"Head": {
					"rotation": {
						"0.0": {
							"post": [-3, 0, 0],
							"lerp_mode": "catmullrom"
						},
						"0.26": {
							"post": [-13, 0, 0],
							"lerp_mode": "catmullrom"
						},
						"0.8": {
							"post": [-3, 0, 0],
							"lerp_mode": "catmullrom"
						}
					}
				},
				"LongHair": {
					"rotation": {
						"0.0": {
							"post": [12.5, 0, 0],
							"lerp_mode": "catmullrom"
						},
						"0.24": {
							"post": [40, 0, 0],
							"lerp_mode": "catmullrom"
						},
						"0.52": {
							"post": [2.5, 0, 0],
							"lerp_mode": "catmullrom"
						},
						"0.8": {
							"post": [12.5, 0, 0],
							"lerp_mode": "catmullrom"
						}
					}
				},
				"LeftArm": {
					"rotation": [-53.41494, 9.96761, 7.541]
				},
				"LeftForeArm": {
					"rotation": [0, 0, 0]
				},
				"RightArm": {
					"rotation": [-53.41494, -9.96761, -7.541]
				},
				"RightForeArm": {
					"rotation": [0, 0, 0]
				},
				"LeftLeg": {
					"rotation": [-79, -58.65606, -1.85034],
					"position": [0, -1, 0]
				},
				"LeftLowerLeg": {
					"rotation": [72.5, 0, 0]
				},
				"LeftFoot": {
					"rotation": [20, 0, 0]
				},
				"RightLeg": {
					"rotation": [-79, 58.65606, 1.85034],
					"position": [0, -1, 0]
				},
				"RightLowerLeg": {
					"rotation": [72.5, 0, 0]
				},
				"RightFoot": {
					"rotation": [20, 0, 0]
				}
			}
		},
		"swem:jump_lv2": {
			"loop": true,
			"animation_length": 0.9,
			"bones": {
				"Root": {
					"rotation": {
						"0.0": {
							"post": [-10, 0, 0],
							"lerp_mode": "catmullrom"
						},
						"0.48": {
							"post": [17.5, 0, 0],
							"lerp_mode": "catmullrom"
						},
						"0.9": {
							"post": [-10, 0, 0],
							"lerp_mode": "catmullrom"
						}
					},
					"position": {
						"0.0": {
							"post": [0, 0, 0],
							"lerp_mode": "catmullrom"
						},
						"0.48": {
							"post": [0, -1, -2],
							"lerp_mode": "catmullrom"
						},
						"0.9": {
							"post": [0, 0, 0],
							"lerp_mode": "catmullrom"
						}
					}
				},
				"AllBody": {
					"position": [0, -5, 0]
				},
				"UpBody": {
					"rotation": {
						"0.0": {
							"post": [10, 0, 0],
							"lerp_mode": "catmullrom"
						},
						"0.38": {
							"post": [0, 0, 0],
							"lerp_mode": "catmullrom"
						},
						"0.64": {
							"post": [12.5, 0, 0],
							"lerp_mode": "catmullrom"
						},
						"0.9": {
							"post": [10, 0, 0],
							"lerp_mode": "catmullrom"
						}
					}
				},
				"UpperBody": {
					"rotation": {
						"0.0": {
							"post": [0, 0, 0],
							"lerp_mode": "catmullrom"
						},
						"0.34": {
							"post": [-5, 0, 0],
							"lerp_mode": "catmullrom"
						},
						"0.9": {
							"post": [0, 0, 0],
							"lerp_mode": "catmullrom"
						}
					}
				},
				"Head": {
					"rotation": {
						"0.0": {
							"post": [-3, 0, 0],
							"lerp_mode": "catmullrom"
						},
						"0.3": {
							"post": [-13, 0, 0],
							"lerp_mode": "catmullrom"
						},
						"0.9": {
							"post": [-3, 0, 0],
							"lerp_mode": "catmullrom"
						}
					}
				},
				"LongHair": {
					"rotation": {
						"0.0": {
							"post": [12.5, 0, 0],
							"lerp_mode": "catmullrom"
						},
						"0.26": {
							"post": [40, 0, 0],
							"lerp_mode": "catmullrom"
						},
						"0.58": {
							"post": [2.5, 0, 0],
							"lerp_mode": "catmullrom"
						},
						"0.9": {
							"post": [12.5, 0, 0],
							"lerp_mode": "catmullrom"
						}
					}
				},
				"LeftArm": {
					"rotation": [-53.41494, 9.96761, 7.541]
				},
				"LeftForeArm": {
					"rotation": [0, 0, 0]
				},
				"RightArm": {
					"rotation": [-53.41494, -9.96761, -7.541]
				},
				"RightForeArm": {
					"rotation": [0, 0, 0]
				},
				"LeftLeg": {
					"rotation": [-79, -58.65606, -1.85034],
					"position": [0, -1, 0]
				},
				"LeftLowerLeg": {
					"rotation": [72.5, 0, 0]
				},
				"LeftFoot": {
					"rotation": [20, 0, 0]
				},
				"RightLeg": {
					"rotation": [-79, 58.65606, 1.85034],
					"position": [0, -1, 0]
				},
				"RightLowerLeg": {
					"rotation": [72.5, 0, 0]
				},
				"RightFoot": {
					"rotation": [20, 0, 0]
				}
			}
		},
		"swem:jump_lv3": {
			"loop": true,
			"animation_length": 1.12,
			"bones": {
				"Root": {
					"rotation": {
						"0.0": {
							"post": [-10, 0, 0],
							"lerp_mode": "catmullrom"
						},
						"0.6": {
							"post": [20, 0, 0],
							"lerp_mode": "catmullrom"
						},
						"1.12": {
							"post": [-10, 0, 0],
							"lerp_mode": "catmullrom"
						}
					},
					"position": {
						"0.0": {
							"post": [0, 0, 0],
							"lerp_mode": "catmullrom"
						},
						"0.6": {
							"post": [0, -1, -2.6],
							"lerp_mode": "catmullrom"
						},
						"1.12": {
							"post": [0, 0, 0],
							"lerp_mode": "catmullrom"
						}
					}
				},
				"AllBody": {
					"position": [0, -5, 0]
				},
				"UpBody": {
					"rotation": {
						"0.0": {
							"post": [10, 0, 0],
							"lerp_mode": "catmullrom"
						},
						"0.48": {
							"post": [0, 0, 0],
							"lerp_mode": "catmullrom"
						},
						"0.84": {
							"post": [15, 0, 0],
							"lerp_mode": "catmullrom"
						},
						"1.12": {
							"post": [10, 0, 0],
							"lerp_mode": "catmullrom"
						}
					}
				},
				"UpperBody": {
					"rotation": {
						"0.0": {
							"post": [0, 0, 0],
							"lerp_mode": "catmullrom"
						},
						"0.42": {
							"post": [-5, 0, 0],
							"lerp_mode": "catmullrom"
						},
						"1.12": {
							"post": [0, 0, 0],
							"lerp_mode": "catmullrom"
						}
					}
				},
				"Head": {
					"rotation": {
						"0.0": {
							"post": [-3, 0, 0],
							"lerp_mode": "catmullrom"
						},
						"0.38": {
							"post": [-13, 0, 0],
							"lerp_mode": "catmullrom"
						},
						"1.12": {
							"post": [-3, 0, 0],
							"lerp_mode": "catmullrom"
						}
					}
				},
				"LongHair": {
					"rotation": {
						"0.0": {
							"post": [12.5, 0, 0],
							"lerp_mode": "catmullrom"
						},
						"0.32": {
							"post": [40, 0, 0],
							"lerp_mode": "catmullrom"
						},
						"0.72": {
							"post": [2.5, 0, 0],
							"lerp_mode": "catmullrom"
						},
						"1.12": {
							"post": [12.5, 0, 0],
							"lerp_mode": "catmullrom"
						}
					}
				},
				"LeftArm": {
					"rotation": [-53.41494, 9.96761, 7.541]
				},
				"LeftForeArm": {
					"rotation": [0, 0, 0]
				},
				"RightArm": {
					"rotation": [-53.41494, -9.96761, -7.541]
				},
				"RightForeArm": {
					"rotation": [0, 0, 0]
				},
				"LeftLeg": {
					"rotation": [-79, -58.65606, -1.85034],
					"position": [0, -1, 0]
				},
				"LeftLowerLeg": {
					"rotation": [72.5, 0, 0]
				},
				"LeftFoot": {
					"rotation": [20, 0, 0]
				},
				"RightLeg": {
					"rotation": [-79, 58.65606, 1.85034],
					"position": [0, -1, 0]
				},
				"RightLowerLeg": {
					"rotation": [72.5, 0, 0]
				},
				"RightFoot": {
					"rotation": [20, 0, 0]
				}
			}
		},
		"swem:jump_lv4": {
			"loop": true,
			"animation_length": 1.42,
			"bones": {
				"Root": {
					"rotation": {
						"0.0": {
							"post": [-10, 0, 0],
							"lerp_mode": "catmullrom"
						},
						"0.76": {
							"post": [20, 0, 0],
							"lerp_mode": "catmullrom"
						},
						"1.42": {
							"post": [-10, 0, 0],
							"lerp_mode": "catmullrom"
						}
					},
					"position": {
						"0.0": {
							"post": [0, 0, 0],
							"lerp_mode": "catmullrom"
						},
						"0.76": {
							"post": [0, -1.7, -3.3],
							"lerp_mode": "catmullrom"
						},
						"1.42": {
							"post": [0, 0, 0],
							"lerp_mode": "catmullrom"
						}
					}
				},
				"AllBody": {
					"position": [0, -5, 0]
				},
				"UpBody": {
					"rotation": {
						"0.0": {
							"post": [10, 0, 0],
							"lerp_mode": "catmullrom"
						},
						"0.6": {
							"post": [0, 0, 0],
							"lerp_mode": "catmullrom"
						},
						"1.06": {
							"post": [15, 0, 0],
							"lerp_mode": "catmullrom"
						},
						"1.42": {
							"post": [10, 0, 0],
							"lerp_mode": "catmullrom"
						}
					}
				},
				"UpperBody": {
					"rotation": {
						"0.0": {
							"post": [0, 0, 0],
							"lerp_mode": "catmullrom"
						},
						"0.52": {
							"post": [-5, 0, 0],
							"lerp_mode": "catmullrom"
						},
						"1.42": {
							"post": [0, 0, 0],
							"lerp_mode": "catmullrom"
						}
					}
				},
				"Head": {
					"rotation": {
						"0.0": {
							"post": [-3, 0, 0],
							"lerp_mode": "catmullrom"
						},
						"0.48": {
							"post": [-13, 0, 0],
							"lerp_mode": "catmullrom"
						},
						"1.42": {
							"post": [-3, 0, 0],
							"lerp_mode": "catmullrom"
						}
					}
				},
				"LongHair": {
					"rotation": {
						"0.0": {
							"post": [12.5, 0, 0],
							"lerp_mode": "catmullrom"
						},
						"0.4": {
							"post": [40, 0, 0],
							"lerp_mode": "catmullrom"
						},
						"0.9": {
							"post": [2.5, 0, 0],
							"lerp_mode": "catmullrom"
						},
						"1.42": {
							"post": [12.5, 0, 0],
							"lerp_mode": "catmullrom"
						}
					}
				},
				"LeftArm": {
					"rotation": [-53.41494, 9.96761, 7.541]
				},
				"LeftForeArm": {
					"rotation": [0, 0, 0]
				},
				"RightArm": {
					"rotation": [-53.41494, -9.96761, -7.541]
				},
				"RightForeArm": {
					"rotation": [0, 0, 0]
				},
				"LeftLeg": {
					"rotation": [-79, -58.65606, -1.85034],
					"position": [0, -1, 0]
				},
				"LeftLowerLeg": {
					"rotation": [72.5, 0, 0]
				},
				"LeftFoot": {
					"rotation": [20, 0, 0]
				},
				"RightLeg": {
					"rotation": [-79, 58.65606, 1.85034],
					"position": [0, -1, 0]
				},
				"RightLowerLeg": {
					"rotation": [72.5, 0, 0]
				},
				"RightFoot": {
					"rotation": [20, 0, 0]
				}
			}
		},
		"swem:jump_lv5": {
			"loop": true,
			"animation_length": 1.68,
			"bones": {
				"Root": {
					"rotation": {
						"0.0": {
							"post": [-10, 0, 0],
							"lerp_mode": "catmullrom"
						},
						"0.3": {
							"post": [-10, 0, 0],
							"lerp_mode": "catmullrom"
						},
						"0.88": {
							"post": [27.5, 0, 0],
							"lerp_mode": "catmullrom"
						},
						"1.68": {
							"post": [-10, 0, 0],
							"lerp_mode": "catmullrom"
						}
					},
					"position": {
						"0.0": {
							"post": [0, 0, 0],
							"lerp_mode": "catmullrom"
						},
						"0.3": {
							"post": [0, 1, 3],
							"lerp_mode": "catmullrom"
						},
						"0.88": {
							"post": [0, -4.7, -8.3],
							"lerp_mode": "catmullrom"
						},
						"1.68": {
							"post": [0, 0, 0],
							"lerp_mode": "catmullrom"
						}
					}
				},
				"AllBody": {
					"position": [0, -5, 0]
				},
				"UpBody": {
					"rotation": {
						"0.0": {
							"post": [10, 0, 0],
							"lerp_mode": "catmullrom"
						},
						"0.7": {
							"post": [-12.5, 0, 0],
							"lerp_mode": "catmullrom"
						},
						"1.26": {
							"post": [30, 0, 0],
							"lerp_mode": "catmullrom"
						},
						"1.68": {
							"post": [10, 0, 0],
							"lerp_mode": "catmullrom"
						}
					}
				},
				"UpperBody": {
					"rotation": {
						"0.0": {
							"post": [0, 0, 0],
							"lerp_mode": "catmullrom"
						},
						"0.6": {
							"post": [-5, 0, 0],
							"lerp_mode": "catmullrom"
						},
						"1.68": {
							"post": [0, 0, 0],
							"lerp_mode": "catmullrom"
						}
					}
				},
				"Head": {
					"rotation": {
						"0.0": {
							"post": [-3, 0, 0],
							"lerp_mode": "catmullrom"
						},
						"0.56": {
							"post": [-13, 0, 0],
							"lerp_mode": "catmullrom"
						},
						"1.68": {
							"post": [-3, 0, 0],
							"lerp_mode": "catmullrom"
						}
					}
				},
				"LongHair": {
					"rotation": {
						"0.0": {
							"post": [12.5, 0, 0],
							"lerp_mode": "catmullrom"
						},
						"0.46": {
							"post": [40, 0, 0],
							"lerp_mode": "catmullrom"
						},
						"1.08": {
							"post": [2.5, 0, 0],
							"lerp_mode": "catmullrom"
						},
						"1.68": {
							"post": [12.5, 0, 0],
							"lerp_mode": "catmullrom"
						}
					}
				},
				"LeftArm": {
					"rotation": [-53.41494, 9.96761, 7.541]
				},
				"LeftForeArm": {
					"rotation": [0, 0, 0]
				},
				"RightArm": {
					"rotation": [-53.41494, -9.96761, -7.541]
				},
				"RightForeArm": {
					"rotation": [0, 0, 0]
				},
				"LeftLeg": {
					"rotation": [-79, -58.65606, -1.85034],
					"position": [0, -1, 0]
				},
				"LeftLowerLeg": {
					"rotation": [72.5, 0, 0]
				},
				"LeftFoot": {
					"rotation": [20, 0, 0]
				},
				"RightLeg": {
					"rotation": [-79, 58.65606, 1.85034],
					"position": [0, -1, 0]
				},
				"RightLowerLeg": {
					"rotation": [72.5, 0, 0]
				},
				"RightFoot": {
					"rotation": [20, 0, 0]
				}
			}
		},
		"swem:idle2": {
			"loop": true
		},
		"swem:walk2": {
			"loop": true,
			"animation_length": 1.625
		},
		"swem:trot2": {
			"loop": true,
			"animation_length": 1.04
		},
		"swem:canter2": {
			"loop": true,
			"animation_length": 0.8
		},
		"swem:canter_ext2": {
			"loop": true,
			"animation_length": 0.74
		},
		"swem:gallop2": {
			"loop": true,
			"animation_length": 0.56
		},
		"swem:jump_lv6": {
			"loop": true,
			"animation_length": 0.8
		},
		"swem:jump_lv7": {
			"loop": true,
			"animation_length": 0.9
		},
		"swem:jump_lv8": {
			"loop": true,
			"animation_length": 1.12
		},
		"swem:jump_lv9": {
			"loop": true,
			"animation_length": 1.42
		},
		"swem:jump_lv10": {
			"loop": true,
			"animation_length": 1.68
		}
	}
}