{
	"format_version": "1.12.0",
	"minecraft:geometry": [
		{
			"description": {
				"identifier": "geometry.unknown",
				"texture_width": 128,
				"texture_height": 128,
				"visible_bounds_width": 3,
				"visible_bounds_height": 4.5,
				"visible_bounds_offset": [0, 1.75, 0]
			},
			"bones": [
				{
					"name": "LeftArm",
					"pivot": [1.15, 30.775, 0],
					"cubes": [
						{
							"origin": [1.90938, 27.0875, -1.90312],
							"size": [1.79688, 2.31562, 3.80625],
							"uv": {
								"north": {"uv": [103, 104], "uv_size": [1.75, 2.25]},
								"east": {"uv": [89, 87], "uv_size": [3.75, 2.25]},
								"south": {"uv": [4, 105], "uv_size": [1.75, 2.25]},
								"west": {"uv": [4, 90], "uv_size": [3.75, 2.25]},
								"up": {"uv": [12, 94], "uv_size": [1.75, 3.75]},
								"down": {"uv": [16, 97.75], "uv_size": [1.75, -3.75]}
							}
						},
						{
							"origin": [0.12813, 27.5875, -1.91875],
							"size": [3.53125, 0.81562, 3.8375],
							"uv": {
								"north": {"uv": [107, 102], "uv_size": [3.5, 0.75]},
								"east": {"uv": [107, 64], "uv_size": [3.75, 0.75]},
								"south": {"uv": [107, 103], "uv_size": [3.5, 0.75]},
								"west": {"uv": [107, 65], "uv_size": [3.75, 0.75]},
								"up": {"uv": [24, 78], "uv_size": [3.5, 3.75]},
								"down": {"uv": [28, 81.75], "uv_size": [3.5, -3.75]}
							}
						},
						{
							"origin": [0.60625, 31.49375, -1.96562],
							"size": [2.78125, 0.97187, 3.93125],
							"pivot": [2.67188, 32.25, 0],
							"rotation": [0, 0, 25],
							"uv": {
								"north": {"uv": [78, 8], "uv_size": [2.75, 1]},
								"east": {"uv": [104, 34], "uv_size": [4, 1]},
								"south": {"uv": [81, 74], "uv_size": [2.75, 1]},
								"west": {"uv": [104, 35], "uv_size": [4, 1]},
								"up": {"uv": [82, 20], "uv_size": [2.75, 4]},
								"down": {"uv": [21, 86], "uv_size": [2.75, -4]}
							}
						},
						{
							"origin": [3.05938, 28.15, -1.96562],
							"size": [2.34375, 0.81562, 3.93125],
							"pivot": [3.875, 28.75, 0],
							"rotation": [0, 0, 72.5],
							"uv": {
								"north": {"uv": [111, 44], "uv_size": [2.25, 0.75]},
								"east": {"uv": [107, 45], "uv_size": [4, 0.75]},
								"south": {"uv": [45, 111], "uv_size": [2.25, 0.75]},
								"west": {"uv": [107, 51], "uv_size": [4, 0.75]},
								"up": {"uv": [86, 87], "uv_size": [2.25, 4]},
								"down": {"uv": [88, 14], "uv_size": [2.25, -4]}
							}
						},
						{
							"origin": [3.05938, 29.65, -1.96562],
							"size": [2.34375, 0.81562, 3.93125],
							"pivot": [3.875, 30.25, 0],
							"rotation": [0, 0, 72.5],
							"uv": {
								"north": {"uv": [111, 39], "uv_size": [2.25, 0.75]},
								"east": {"uv": [40, 107], "uv_size": [4, 0.75]},
								"south": {"uv": [111, 42], "uv_size": [2.25, 0.75]},
								"west": {"uv": [107, 44], "uv_size": [4, 0.75]},
								"up": {"uv": [67, 87], "uv_size": [2.25, 4]},
								"down": {"uv": [83, 91], "uv_size": [2.25, -4]}
							}
						},
						{
							"origin": [3.05938, 31.15, -1.96562],
							"size": [2.34375, 0.81562, 3.93125],
							"pivot": [3.875, 31.75, 0],
							"rotation": [0, 0, 72.5],
							"uv": {
								"north": {"uv": [111, 29], "uv_size": [2.25, 0.75]},
								"east": {"uv": [107, 29], "uv_size": [4, 0.75]},
								"south": {"uv": [111, 31], "uv_size": [2.25, 0.75]},
								"west": {"uv": [107, 31], "uv_size": [4, 0.75]},
								"up": {"uv": [61, 87], "uv_size": [2.25, 4]},
								"down": {"uv": [64, 91], "uv_size": [2.25, -4]}
							}
						},
						{
							"origin": [0.93438, 32.4, -1.96562],
							"size": [3.59375, 0.81562, 3.93125],
							"pivot": [3, 33, 0],
							"rotation": [0, 0, 25],
							"uv": {
								"north": {"uv": [108, 8], "uv_size": [3.5, 0.75]},
								"east": {"uv": [107, 27], "uv_size": [4, 0.75]},
								"south": {"uv": [108, 17], "uv_size": [3.5, 0.75]},
								"west": {"uv": [107, 28], "uv_size": [4, 0.75]},
								"up": {"uv": [75, 35], "uv_size": [3.5, 4]},
								"down": {"uv": [75, 43], "uv_size": [3.5, -4]}
							}
						},
						{
							"origin": [0.18438, 29.4, -1.90312],
							"size": [3.53125, 3.31562, 3.80625],
							"uv": {
								"north": {"uv": [74, 81], "uv_size": [3.5, 3.25]},
								"east": {"uv": [70, 79], "uv_size": [3.75, 3.25]},
								"south": {"uv": [78, 81], "uv_size": [3.5, 3.25]},
								"west": {"uv": [79, 77], "uv_size": [3.75, 3.25]},
								"up": {"uv": [77, 69], "uv_size": [3.5, 3.75]},
								"down": {"uv": [75, 80.75], "uv_size": [3.5, -3.75]}
							}
						},
						{
							"origin": [0.1375, 26.4625, -1.95],
							"size": [3.625, 0.925, 4.025],
							"uv": {
								"north": {"uv": [105, 57], "uv_size": [3.75, 1]},
								"east": {"uv": [49, 104], "uv_size": [4, 1]},
								"south": {"uv": [105, 58], "uv_size": [3.75, 1]},
								"west": {"uv": [104, 56], "uv_size": [4, 1]},
								"up": {"uv": [0, 73], "uv_size": [3.75, 4]},
								"down": {"uv": [10, 77], "uv_size": [3.75, -4]}
							}
						},
						{
							"origin": [0.2, 25.775, 1.8],
							"size": [3.5, 2.4875, 1.0875],
							"uv": {
								"north": {"uv": [89, 6], "uv_size": [3.5, 2.5]},
								"east": {"uv": [26, 108], "uv_size": [1, 2.5]},
								"south": {"uv": [89, 23], "uv_size": [3.5, 2.5]},
								"west": {"uv": [36, 108], "uv_size": [1, 2.5]},
								"up": {"uv": [106, 16], "uv_size": [3.5, 1]},
								"down": {"uv": [106, 20], "uv_size": [3.5, -1]}
							}
						},
						{
							"origin": [0.2, 26.3375, -1.8875],
							"size": [3.5, 6.3625, 3.775],
							"uv": {
								"north": {"uv": [30, 55], "uv_size": [3.5, 6.25]},
								"east": {"uv": [52, 25], "uv_size": [3.75, 6.25]},
								"south": {"uv": [54, 55], "uv_size": [3.5, 6.25]},
								"west": {"uv": [0, 53], "uv_size": [3.75, 6.25]},
								"up": {"uv": [4, 76], "uv_size": [3.5, 3.75]},
								"down": {"uv": [35, 79.75], "uv_size": [3.5, -3.75]}
							}
						}
					]
				},
				{
					"name": "LeftForeArm",
					"parent": "LeftArm",
					"pivot": [1.875, 24.825, 0.025],
					"cubes": [
						{
							"origin": [0.2125, 24.625, -1.95],
							"size": [2.0125, 1, 3.95],
							"uv": {
								"north": {"uv": [109, 69], "uv_size": [2, 1]},
								"east": {"uv": [104, 24], "uv_size": [4, 1]},
								"south": {"uv": [109, 70], "uv_size": [2, 1]},
								"west": {"uv": [104, 30], "uv_size": [4, 1]},
								"up": {"uv": [91, 0], "uv_size": [2, 4]},
								"down": {"uv": [91, 14], "uv_size": [2, -4]}
							}
						},
						{
							"origin": [0.2125, 21.625, -1.95],
							"size": [2.0125, 1, 3.95],
							"uv": {
								"north": {"uv": [109, 71], "uv_size": [2, 1]},
								"east": {"uv": [104, 32], "uv_size": [4, 1]},
								"south": {"uv": [74, 109], "uv_size": [2, 1]},
								"west": {"uv": [104, 33], "uv_size": [4, 1]},
								"up": {"uv": [14, 91], "uv_size": [2, 4]},
								"down": {"uv": [23, 95], "uv_size": [2, -4]}
							}
						},
						{
							"origin": [2.2125, 21.125, -1.95],
							"size": [1.7625, 5, 3.95],
							"uv": {
								"north": {"uv": [0, 89], "uv_size": [1.75, 5]},
								"east": {"uv": [62, 42], "uv_size": [4, 5]},
								"south": {"uv": [2, 89], "uv_size": [1.75, 5]},
								"west": {"uv": [62, 47], "uv_size": [4, 5]},
								"up": {"uv": [85, 93], "uv_size": [1.75, 4]},
								"down": {"uv": [87, 97], "uv_size": [1.75, -4]}
							}
						},
						{
							"origin": [3.9625, 20.875, -2.0125],
							"size": [0.3875, 5.5, 4.075],
							"uv": {
								"north": {"uv": [94, 107], "uv_size": [0.5, 5.5]},
								"east": {"uv": [54, 49], "uv_size": [4, 5.5]},
								"south": {"uv": [95, 107], "uv_size": [0.5, 5.5]},
								"west": {"uv": [55, 8], "uv_size": [4, 5.5]},
								"up": {"uv": [1, 109], "uv_size": [0.5, 4]},
								"down": {"uv": [31, 113], "uv_size": [0.5, -4]}
							}
						},
						{
							"origin": [0.275, 20.875, -1.8875],
							"size": [3.7, 5.5, 3.825],
							"uv": {
								"north": {"uv": [9, 57], "uv_size": [3.75, 5.5]},
								"east": {"uv": [41, 57], "uv_size": [3.75, 5.5]},
								"south": {"uv": [50, 57], "uv_size": [3.75, 5.5]},
								"west": {"uv": [58, 41], "uv_size": [3.75, 5.5]},
								"up": {"uv": [54, 73], "uv_size": [3.75, 3.75]},
								"down": {"uv": [74, 20.75], "uv_size": [3.75, -3.75]}
							}
						},
						{
							"origin": [3.95625, 17.475, -1.62188],
							"size": [0.25, 1, 3.2531],
							"uv": {
								"north": {"uv": [115, 118], "uv_size": [0.25, 1]},
								"east": {"uv": [106, 37], "uv_size": [3.25, 1]},
								"south": {"uv": [118, 115], "uv_size": [0.25, 1]},
								"west": {"uv": [106, 38], "uv_size": [3.25, 1]},
								"up": {"uv": [115, 55], "uv_size": [0.25, 3.25]},
								"down": {"uv": [56, 118.25], "uv_size": [0.25, -3.25]}
							}
						},
						{
							"origin": [4.1125, 17.56875, -1.575],
							"size": [0.25, 0.8125, 0.7531],
							"uv": {
								"north": {"uv": [119, 53], "uv_size": [0.25, 0.75]},
								"east": {"uv": [116, 70], "uv_size": [0.75, 0.75]},
								"south": {"uv": [54, 119], "uv_size": [0.25, 0.75]},
								"west": {"uv": [71, 116], "uv_size": [0.75, 0.75]},
								"up": {"uv": [119, 54], "uv_size": [0.25, 0.75]},
								"down": {"uv": [55, 119.75], "uv_size": [0.25, -0.75]}
							}
						},
						{
							"origin": [4.1125, 17.56875, -0.77813],
							"size": [0.25, 0.8125, 0.7531],
							"uv": {
								"north": {"uv": [56, 119], "uv_size": [0.25, 0.75]},
								"east": {"uv": [116, 71], "uv_size": [0.75, 0.75]},
								"south": {"uv": [57, 119], "uv_size": [0.25, 0.75]},
								"west": {"uv": [72, 116], "uv_size": [0.75, 0.75]},
								"up": {"uv": [58, 119], "uv_size": [0.25, 0.75]},
								"down": {"uv": [59, 119.75], "uv_size": [0.25, -0.75]}
							}
						},
						{
							"origin": [4.1125, 17.56875, 0.01875],
							"size": [0.25, 0.8125, 0.7531],
							"uv": {
								"north": {"uv": [51, 119], "uv_size": [0.25, 0.75]},
								"east": {"uv": [116, 69], "uv_size": [0.75, 0.75]},
								"south": {"uv": [119, 51], "uv_size": [0.25, 0.75]},
								"west": {"uv": [70, 116], "uv_size": [0.75, 0.75]},
								"up": {"uv": [52, 119], "uv_size": [0.25, 0.75]},
								"down": {"uv": [119, 52.75], "uv_size": [0.25, -0.75]}
							}
						},
						{
							"origin": [4.1125, 17.56875, 0.83125],
							"size": [0.25, 0.8125, 0.7531],
							"uv": {
								"north": {"uv": [49, 119], "uv_size": [0.25, 0.75]},
								"east": {"uv": [116, 68], "uv_size": [0.75, 0.75]},
								"south": {"uv": [119, 49], "uv_size": [0.25, 0.75]},
								"west": {"uv": [69, 116], "uv_size": [0.75, 0.75]},
								"up": {"uv": [50, 119], "uv_size": [0.25, 0.75]},
								"down": {"uv": [119, 50.75], "uv_size": [0.25, -0.75]}
							}
						},
						{
							"origin": [0.45625, 17.225, -1.84061],
							"size": [3.5, 3.75, 3.75313],
							"uv": {
								"north": {"uv": [46, 96], "uv_size": [1.5, 3.75]},
								"east": {"uv": [23, 74], "uv_size": [3.75, 3.75]},
								"south": {"uv": [48, 96], "uv_size": [1.5, 3.75]},
								"west": {"uv": [27, 74], "uv_size": [3.75, 3.75]},
								"up": {"uv": [94, 96], "uv_size": [1.5, 3.75]},
								"down": {"uv": [96, 99.75], "uv_size": [1.5, -3.75]}
							}
						}
					]
				},
				{
					"name": "LeftHandLocator",
					"parent": "LeftForeArm",
					"pivot": [1.875, 19.325, 0.025]
				},
				{
					"name": "RightArm",
					"pivot": [-1.15, 30.775, 0],
					"cubes": [
						{
							"origin": [-3.55937, 27.5875, -1.91875],
							"size": [3.40625, 0.81562, 3.8375],
							"uv": {
								"north": {"uv": [107, 90], "uv_size": [3.5, 0.75]},
								"east": {"uv": [107, 52], "uv_size": [3.75, 0.75]},
								"south": {"uv": [107, 91], "uv_size": [3.5, 0.75]},
								"west": {"uv": [107, 53], "uv_size": [3.75, 0.75]},
								"up": {"uv": [78, 17], "uv_size": [3.5, 3.75]},
								"down": {"uv": [20, 81.75], "uv_size": [3.5, -3.75]}
							}
						},
						{
							"origin": [-3.71562, 27.0875, -1.90312],
							"size": [1.78125, 2.31562, 3.80625],
							"uv": {
								"north": {"uv": [93, 104], "uv_size": [1.75, 2.25]},
								"east": {"uv": [89, 47], "uv_size": [3.75, 2.25]},
								"south": {"uv": [95, 104], "uv_size": [1.75, 2.25]},
								"west": {"uv": [89, 74], "uv_size": [3.75, 2.25]},
								"up": {"uv": [2, 94], "uv_size": [1.75, 3.75]},
								"down": {"uv": [8, 97.75], "uv_size": [1.75, -3.75]}
							}
						},
						{
							"origin": [-4.2, 27.38438, -1.96563],
							"size": [2.34375, 0.81562, 3.93125],
							"pivot": [-3.67187, 27.48438, 0],
							"rotation": [0, 0, -72.5],
							"uv": {
								"north": {"uv": [111, 27], "uv_size": [2.25, 0.75]},
								"east": {"uv": [107, 21], "uv_size": [4, 0.75]},
								"south": {"uv": [111, 28], "uv_size": [2.25, 0.75]},
								"west": {"uv": [107, 22], "uv_size": [4, 0.75]},
								"up": {"uv": [27, 87], "uv_size": [2.25, 4]},
								"down": {"uv": [32, 91], "uv_size": [2.25, -4]}
							}
						},
						{
							"origin": [-4.2, 28.88438, -1.96563],
							"size": [2.34375, 0.81562, 3.93125],
							"pivot": [-3.67187, 28.98438, 0],
							"rotation": [0, 0, -72.5],
							"uv": {
								"north": {"uv": [111, 25], "uv_size": [2.25, 0.75]},
								"east": {"uv": [107, 14], "uv_size": [4, 0.75]},
								"south": {"uv": [111, 26], "uv_size": [2.25, 0.75]},
								"west": {"uv": [15, 107], "uv_size": [4, 0.75]},
								"up": {"uv": [80, 86], "uv_size": [2.25, 4]},
								"down": {"uv": [24, 91], "uv_size": [2.25, -4]}
							}
						},
						{
							"origin": [-4.2, 30.38438, -1.96563],
							"size": [2.34375, 0.81562, 3.93125],
							"pivot": [-3.67187, 30.48438, 0],
							"rotation": [0, 0, -72.5],
							"uv": {
								"north": {"uv": [111, 22], "uv_size": [2.25, 0.75]},
								"east": {"uv": [107, 12], "uv_size": [4, 0.75]},
								"south": {"uv": [23, 111], "uv_size": [2.25, 0.75]},
								"west": {"uv": [107, 13], "uv_size": [4, 0.75]},
								"up": {"uv": [86, 33], "uv_size": [2.25, 4]},
								"down": {"uv": [46, 90], "uv_size": [2.25, -4]}
							}
						},
						{
							"origin": [-3.6375, 31.88438, -1.96563],
							"size": [3.09375, 0.81562, 3.93125],
							"pivot": [-1.85937, 31.98438, 0],
							"rotation": [0, 0, -25],
							"uv": {
								"north": {"uv": [108, 98], "uv_size": [3, 0.75]},
								"east": {"uv": [23, 107], "uv_size": [4, 0.75]},
								"south": {"uv": [109, 5], "uv_size": [3, 0.75]},
								"west": {"uv": [107, 26], "uv_size": [4, 0.75]},
								"up": {"uv": [4, 80], "uv_size": [3, 4]},
								"down": {"uv": [34, 84], "uv_size": [3, -4]}
							}
						},
						{
							"origin": [-4.3875, 32.38438, -1.96563],
							"size": [3.59375, 0.81562, 3.93125],
							"pivot": [-2.60937, 32.48438, 0],
							"rotation": [0, 0, -25],
							"uv": {
								"north": {"uv": [108, 6], "uv_size": [3.5, 0.75]},
								"east": {"uv": [11, 107], "uv_size": [4, 0.75]},
								"south": {"uv": [108, 7], "uv_size": [3.5, 0.75]},
								"west": {"uv": [107, 11], "uv_size": [4, 0.75]},
								"up": {"uv": [75, 21], "uv_size": [3.5, 4]},
								"down": {"uv": [75, 29], "uv_size": [3.5, -4]}
							}
						},
						{
							"origin": [-3.71562, 29.4, -1.90312],
							"size": [3.53125, 3.31562, 3.80625],
							"uv": {
								"north": {"uv": [0, 81], "uv_size": [3.5, 3.25]},
								"east": {"uv": [79, 43], "uv_size": [3.75, 3.25]},
								"south": {"uv": [51, 81], "uv_size": [3.5, 3.25]},
								"west": {"uv": [79, 53], "uv_size": [3.75, 3.25]},
								"up": {"uv": [16, 77], "uv_size": [3.5, 3.75]},
								"down": {"uv": [51, 80.75], "uv_size": [3.5, -3.75]}
							}
						},
						{
							"origin": [-3.675, 25.775, 1.8],
							"size": [3.5, 2.4875, 1.0875],
							"uv": {
								"north": {"uv": [89, 33], "uv_size": [3.5, 2.5]},
								"east": {"uv": [37, 108], "uv_size": [1, 2.5]},
								"south": {"uv": [89, 36], "uv_size": [3.5, 2.5]},
								"west": {"uv": [40, 108], "uv_size": [1, 2.5]},
								"up": {"uv": [106, 20], "uv_size": [3.5, 1]},
								"down": {"uv": [106, 37], "uv_size": [3.5, -1]}
							}
						},
						{
							"origin": [-3.7375, 26.4625, -1.95],
							"size": [3.625, 0.925, 4.025],
							"uv": {
								"north": {"uv": [105, 59], "uv_size": [3.75, 1]},
								"east": {"uv": [104, 79], "uv_size": [4, 1]},
								"south": {"uv": [65, 105], "uv_size": [3.75, 1]},
								"west": {"uv": [88, 104], "uv_size": [4, 1]},
								"up": {"uv": [73, 11], "uv_size": [3.75, 4]},
								"down": {"uv": [14, 77], "uv_size": [3.75, -4]}
							}
						},
						{
							"origin": [-3.7, 26.3375, -1.8875],
							"size": [3.5, 6.3625, 3.775],
							"uv": {
								"north": {"uv": [25, 56], "uv_size": [3.5, 6.25]},
								"east": {"uv": [13, 53], "uv_size": [3.75, 6.25]},
								"south": {"uv": [56, 25], "uv_size": [3.5, 6.25]},
								"west": {"uv": [17, 53], "uv_size": [3.75, 6.25]},
								"up": {"uv": [39, 76], "uv_size": [3.5, 3.75]},
								"down": {"uv": [47, 79.75], "uv_size": [3.5, -3.75]}
							}
						}
					]
				},
				{
					"name": "RightForeArm",
					"parent": "RightArm",
					"pivot": [-1.875, 24.825, 0.025],
					"cubes": [
						{
							"origin": [-3.725, 20.875, -1.8875],
							"size": [3.7, 5.5, 3.825],
							"uv": {
								"north": {"uv": [58, 47], "uv_size": [3.75, 5.5]},
								"east": {"uv": [58, 53], "uv_size": [3.75, 5.5]},
								"south": {"uv": [4, 59], "uv_size": [3.75, 5.5]},
								"west": {"uv": [59, 4], "uv_size": [3.75, 5.5]},
								"up": {"uv": [31, 74], "uv_size": [3.75, 3.75]},
								"down": {"uv": [43, 77.75], "uv_size": [3.75, -3.75]}
							}
						},
						{
							"origin": [-4.1, 20.875, -2.0125],
							"size": [0.3875, 5.5, 4.075],
							"uv": {
								"north": {"uv": [92, 107], "uv_size": [0.5, 5.5]},
								"east": {"uv": [21, 53], "uv_size": [4, 5.5]},
								"south": {"uv": [93, 107], "uv_size": [0.5, 5.5]},
								"west": {"uv": [54, 43], "uv_size": [4, 5.5]},
								"up": {"uv": [43, 108], "uv_size": [0.5, 4]},
								"down": {"uv": [105, 112], "uv_size": [0.5, -4]}
							}
						},
						{
							"origin": [-3.725, 21.125, -1.95],
							"size": [1.7625, 5, 3.95],
							"uv": {
								"north": {"uv": [53, 88], "uv_size": [1.75, 5]},
								"east": {"uv": [0, 60], "uv_size": [4, 5]},
								"south": {"uv": [78, 88], "uv_size": [1.75, 5]},
								"west": {"uv": [62, 37], "uv_size": [4, 5]},
								"up": {"uv": [72, 93], "uv_size": [1.75, 4]},
								"down": {"uv": [77, 97], "uv_size": [1.75, -4]}
							}
						},
						{
							"origin": [-1.975, 24.625, -1.95],
							"size": [2.0125, 1, 3.95],
							"uv": {
								"north": {"uv": [64, 109], "uv_size": [2, 1]},
								"east": {"uv": [104, 8], "uv_size": [4, 1]},
								"south": {"uv": [109, 66], "uv_size": [2, 1]},
								"west": {"uv": [104, 17], "uv_size": [4, 1]},
								"up": {"uv": [21, 90], "uv_size": [2, 4]},
								"down": {"uv": [46, 94], "uv_size": [2, -4]}
							}
						},
						{
							"origin": [-1.975, 21.625, -1.95],
							"size": [2.0125, 1, 3.95],
							"uv": {
								"north": {"uv": [109, 67], "uv_size": [2, 1]},
								"east": {"uv": [104, 18], "uv_size": [4, 1]},
								"south": {"uv": [109, 68], "uv_size": [2, 1]},
								"west": {"uv": [104, 23], "uv_size": [4, 1]},
								"up": {"uv": [80, 90], "uv_size": [2, 4]},
								"down": {"uv": [89, 94], "uv_size": [2, -4]}
							}
						},
						{
							"origin": [-4.1375, 17.56875, -1.575],
							"size": [0.25, 0.8125, 0.7531],
							"uv": {
								"north": {"uv": [119, 59], "uv_size": [0.25, 0.75]},
								"east": {"uv": [116, 72], "uv_size": [0.75, 0.75]},
								"south": {"uv": [60, 119], "uv_size": [0.25, 0.75]},
								"west": {"uv": [73, 116], "uv_size": [0.75, 0.75]},
								"up": {"uv": [119, 60], "uv_size": [0.25, 0.75]},
								"down": {"uv": [61, 119.75], "uv_size": [0.25, -0.75]}
							}
						},
						{
							"origin": [-4.1375, 17.56875, -0.77813],
							"size": [0.25, 0.8125, 0.7531],
							"uv": {
								"north": {"uv": [119, 65], "uv_size": [0.25, 0.75]},
								"east": {"uv": [77, 116], "uv_size": [0.75, 0.75]},
								"south": {"uv": [66, 119], "uv_size": [0.25, 0.75]},
								"west": {"uv": [78, 116], "uv_size": [0.75, 0.75]},
								"up": {"uv": [119, 66], "uv_size": [0.25, 0.75]},
								"down": {"uv": [67, 119.75], "uv_size": [0.25, -0.75]}
							}
						},
						{
							"origin": [-4.1375, 17.56875, 0.01875],
							"size": [0.25, 0.8125, 0.7531],
							"uv": {
								"north": {"uv": [119, 63], "uv_size": [0.25, 0.75]},
								"east": {"uv": [75, 116], "uv_size": [0.75, 0.75]},
								"south": {"uv": [64, 119], "uv_size": [0.25, 0.75]},
								"west": {"uv": [76, 116], "uv_size": [0.75, 0.75]},
								"up": {"uv": [119, 64], "uv_size": [0.25, 0.75]},
								"down": {"uv": [65, 119.75], "uv_size": [0.25, -0.75]}
							}
						},
						{
							"origin": [-4.1375, 17.56875, 0.83125],
							"size": [0.25, 0.8125, 0.7531],
							"uv": {
								"north": {"uv": [119, 61], "uv_size": [0.25, 0.75]},
								"east": {"uv": [116, 73], "uv_size": [0.75, 0.75]},
								"south": {"uv": [62, 119], "uv_size": [0.25, 0.75]},
								"west": {"uv": [74, 116], "uv_size": [0.75, 0.75]},
								"up": {"uv": [119, 62], "uv_size": [0.25, 0.75]},
								"down": {"uv": [63, 119.75], "uv_size": [0.25, -0.75]}
							}
						},
						{
							"origin": [-3.98125, 17.475, -1.62188],
							"size": [0.25, 1, 3.2531],
							"uv": {
								"north": {"uv": [116, 118], "uv_size": [0.25, 1]},
								"east": {"uv": [106, 43], "uv_size": [3.25, 1]},
								"south": {"uv": [118, 116], "uv_size": [0.25, 1]},
								"west": {"uv": [106, 50], "uv_size": [3.25, 1]},
								"up": {"uv": [57, 115], "uv_size": [0.25, 3.25]},
								"down": {"uv": [58, 118.25], "uv_size": [0.25, -3.25]}
							}
						},
						{
							"origin": [-3.73125, 17.225, -1.87188],
							"size": [3.75, 3.75, 3.7531],
							"uv": {
								"north": {"uv": [97, 4], "uv_size": [1.5, 3.75]},
								"east": {"uv": [58, 74], "uv_size": [3.75, 3.75]},
								"south": {"uv": [97, 9], "uv_size": [1.5, 3.75]},
								"west": {"uv": [62, 74], "uv_size": [3.75, 3.75]},
								"up": {"uv": [25, 97], "uv_size": [1.5, 3.75]},
								"down": {"uv": [32, 100.75], "uv_size": [1.5, -3.75]}
							}
						}
					]
				},
				{
					"name": "RightHandLocator",
					"parent": "RightForeArm",
					"pivot": [-1.875, 19.325, 0.025]
				}
			]
		}
	]
}