{
	"format_version": "1.12.0",
	"minecraft:geometry": [
		{
			"description": {
				"identifier": "geometry.unknown",
				"texture_width": 128,
				"texture_height": 128,
				"visible_bounds_width": 3,
				"visible_bounds_height": 4.5,
				"visible_bounds_offset": [0, 1.75, 0]
			},
			"bones": [
				{
					"name": "LeftArm",
					"pivot": [0.83, 27.17375, 0],
					"cubes": [
						{
							"origin": [0.07, 21.52125, -1.425],
							"size": [2.8975, 6.65, 2.85],
							"uv": {
								"north": {"uv": [42, 49], "uv_size": [3, 7]},
								"east": {"uv": [0, 50], "uv_size": [3, 7]},
								"south": {"uv": [6, 50], "uv_size": [3, 7]},
								"west": {"uv": [9, 50], "uv_size": [3, 7]},
								"up": {"uv": [12, 71], "uv_size": [3, 3]},
								"down": {"uv": [15, 74], "uv_size": [3, -3]}
							}
						},
						{
							"origin": [-0.03383, 21.30664, -1.49625],
							"size": [3.04238, 6.9825, 2.9925],
							"uv": {
								"north": {"uv": [33, 46], "uv_size": [3, 7.5]},
								"east": {"uv": [47, 37], "uv_size": [3, 7.5]},
								"south": {"uv": [47, 45], "uv_size": [3, 7.5]},
								"west": {"uv": [48, 6], "uv_size": [3, 7.5]},
								"up": {"uv": [18, 71], "uv_size": [3, 3]},
								"down": {"uv": [21, 74], "uv_size": [3, -3]}
							}
						},
						{
							"origin": [0.355, 20.66625, -1.045],
							"size": [2.4225, 1.9, 2.09],
							"uv": {
								"north": {"uv": [82, 11], "uv_size": [2.5, 2]},
								"east": {"uv": [83, 59], "uv_size": [2, 2]},
								"south": {"uv": [82, 13], "uv_size": [2.5, 2]},
								"west": {"uv": [22, 84], "uv_size": [2, 2]},
								"up": {"uv": [82, 16], "uv_size": [2.5, 2]},
								"down": {"uv": [82, 20], "uv_size": [2.5, -2]}
							}
						},
						{
							"origin": [0.26, 20.61875, -1.06875],
							"size": [2.565, 1.9475, 2.185],
							"uv": {
								"north": {"uv": [82, 20], "uv_size": [2.5, 2]},
								"east": {"uv": [22, 82], "uv_size": [2.5, 2]},
								"south": {"uv": [82, 22], "uv_size": [2.5, 2]},
								"west": {"uv": [82, 24], "uv_size": [2.5, 2]},
								"up": {"uv": [79, 69], "uv_size": [2.5, 2.5]},
								"down": {"uv": [78, 81.5], "uv_size": [2.5, -2.5]}
							}
						}
					]
				},
				{
					"name": "LeftForeArm",
					"parent": "LeftArm",
					"pivot": [1.51875, 21.52125, 0.02375],
					"cubes": [
						{
							"origin": [0.09375, 14.87125, -1.40125],
							"size": [2.85, 6.65, 2.85],
							"uv": {
								"north": {"uv": [50, 37], "uv_size": [3, 7]},
								"east": {"uv": [50, 44], "uv_size": [3, 7]},
								"south": {"uv": [51, 6], "uv_size": [3, 7]},
								"west": {"uv": [12, 51], "uv_size": [3, 7]},
								"up": {"uv": [24, 71], "uv_size": [3, 3]},
								"down": {"uv": [27, 74], "uv_size": [3, -3]}
							}
						},
						{
							"origin": [-0.00889, 16.60414, -1.47131],
							"size": [2.9925, 5.2725, 2.9925],
							"uv": {
								"north": {"uv": [57, 0], "uv_size": [3, 5.5]},
								"east": {"uv": [4, 57], "uv_size": [3, 5.5]},
								"south": {"uv": [7, 57], "uv_size": [3, 5.5]},
								"west": {"uv": [57, 40], "uv_size": [3, 5.5]},
								"up": {"uv": [30, 71], "uv_size": [3, 3]},
								"down": {"uv": [33, 74], "uv_size": [3, -3]}
							}
						},
						{
							"origin": [-0.10389, 16.50914, -1.56631],
							"size": [3.1825, 0.8075, 3.1825],
							"uv": {
								"north": {"uv": [84, 4], "uv_size": [3.5, 1]},
								"east": {"uv": [84, 66], "uv_size": [3.5, 1]},
								"south": {"uv": [84, 67], "uv_size": [3.5, 1]},
								"west": {"uv": [84, 76], "uv_size": [3.5, 1]},
								"up": {"uv": [64, 31], "uv_size": [3.5, 3.5]},
								"down": {"uv": [64, 57.5], "uv_size": [3.5, -3.5]}
							}
						},
						{
							"origin": [2.44076, 17.51549, -0.33131],
							"size": [0.6175, 0.6175, 0.5225],
							"uv": {
								"north": {"uv": [97, 11], "uv_size": [0.5, 0.5]},
								"east": {"uv": [12, 97], "uv_size": [0.5, 0.5]},
								"south": {"uv": [97, 12], "uv_size": [0.5, 0.5]},
								"west": {"uv": [13, 97], "uv_size": [0.5, 0.5]},
								"up": {"uv": [97, 13], "uv_size": [0.5, 0.5]},
								"down": {"uv": [14, 97.5], "uv_size": [0.5, -0.5]}
							}
						}
					]
				},
				{
					"name": "LeftHandLocator",
					"parent": "LeftForeArm",
					"pivot": [1.51875, 16.29625, 0.02375]
				},
				{
					"name": "RightArm",
					"pivot": [-1.33, 27.17375, 0],
					"cubes": [
						{
							"origin": [-3.4675, 21.52125, -1.425],
							"size": [2.8975, 6.65, 2.85],
							"uv": {
								"north": {"uv": [15, 51], "uv_size": [3, 7]},
								"east": {"uv": [51, 19], "uv_size": [3, 7]},
								"south": {"uv": [23, 51], "uv_size": [3, 7]},
								"west": {"uv": [26, 51], "uv_size": [3, 7]},
								"up": {"uv": [36, 71], "uv_size": [3, 3]},
								"down": {"uv": [39, 74], "uv_size": [3, -3]}
							}
						},
						{
							"origin": [-3.5832, 21.26799, -1.49625],
							"size": [3.04238, 6.9825, 2.9925],
							"uv": {
								"north": {"uv": [20, 48], "uv_size": [3, 7.5]},
								"east": {"uv": [36, 48], "uv_size": [3, 7.5]},
								"south": {"uv": [39, 48], "uv_size": [3, 7.5]},
								"west": {"uv": [3, 49], "uv_size": [3, 7.5]},
								"up": {"uv": [42, 71], "uv_size": [3, 3]},
								"down": {"uv": [47, 74], "uv_size": [3, -3]}
							}
						},
						{
							"origin": [-3.2775, 20.66625, -1.045],
							"size": [2.4225, 1.9, 2.09],
							"uv": {
								"north": {"uv": [25, 82], "uv_size": [2.5, 2]},
								"east": {"uv": [24, 84], "uv_size": [2, 2]},
								"south": {"uv": [82, 26], "uv_size": [2.5, 2]},
								"west": {"uv": [26, 84], "uv_size": [2, 2]},
								"up": {"uv": [28, 82], "uv_size": [2.5, 2]},
								"down": {"uv": [82, 30], "uv_size": [2.5, -2]}
							}
						},
						{
							"origin": [-3.325, 20.61875, -1.06875],
							"size": [2.565, 1.9475, 2.185],
							"uv": {
								"north": {"uv": [82, 30], "uv_size": [2.5, 2]},
								"east": {"uv": [82, 32], "uv_size": [2.5, 2]},
								"south": {"uv": [82, 34], "uv_size": [2.5, 2]},
								"west": {"uv": [82, 36], "uv_size": [2.5, 2]},
								"up": {"uv": [80, 0], "uv_size": [2.5, 2.5]},
								"down": {"uv": [8, 82.5], "uv_size": [2.5, -2.5]}
							}
						}
					]
				},
				{
					"name": "RightForeArm",
					"parent": "RightArm",
					"pivot": [-2.01875, 21.52125, 0.02375],
					"cubes": [
						{
							"origin": [-3.55826, 16.66049, -1.47131],
							"size": [2.9925, 5.2725, 2.9925],
							"uv": {
								"north": {"uv": [57, 46], "uv_size": [3, 5.5]},
								"east": {"uv": [57, 52], "uv_size": [3, 5.5]},
								"south": {"uv": [58, 6], "uv_size": [3, 5.5]},
								"west": {"uv": [10, 58], "uv_size": [3, 5.5]},
								"up": {"uv": [50, 71], "uv_size": [3, 3]},
								"down": {"uv": [58, 74], "uv_size": [3, -3]}
							}
						},
						{
							"origin": [-3.65326, 16.56549, -1.56631],
							"size": [3.1825, 0.8075, 3.1825],
							"uv": {
								"north": {"uv": [84, 77], "uv_size": [3.5, 1]},
								"east": {"uv": [41, 85], "uv_size": [3.5, 1]},
								"south": {"uv": [85, 43], "uv_size": [3.5, 1]},
								"west": {"uv": [85, 47], "uv_size": [3.5, 1]},
								"up": {"uv": [65, 58], "uv_size": [3.5, 3.5]},
								"down": {"uv": [66, 21.5], "uv_size": [3.5, -3.5]}
							}
						},
						{
							"origin": [-3.65326, 16.56549, -1.56631],
							"size": [3.1825, 0.8075, 3.1825],
							"uv": {
								"north": {"uv": [85, 48], "uv_size": [3.5, 1]},
								"east": {"uv": [85, 49], "uv_size": [3.5, 1]},
								"south": {"uv": [85, 50], "uv_size": [3.5, 1]},
								"west": {"uv": [85, 51], "uv_size": [3.5, 1]},
								"up": {"uv": [66, 37], "uv_size": [3.5, 3.5]},
								"down": {"uv": [66, 44.5], "uv_size": [3.5, -3.5]}
							}
						},
						{
							"origin": [-3.65326, 17.51549, -0.33131],
							"size": [0.6175, 0.6175, 0.5225],
							"uv": {
								"north": {"uv": [97, 14], "uv_size": [0.5, 0.5]},
								"east": {"uv": [15, 97], "uv_size": [0.5, 0.5]},
								"south": {"uv": [97, 15], "uv_size": [0.5, 0.5]},
								"west": {"uv": [16, 97], "uv_size": [0.5, 0.5]},
								"up": {"uv": [97, 16], "uv_size": [0.5, 0.5]},
								"down": {"uv": [17, 97.5], "uv_size": [0.5, -0.5]}
							}
						},
						{
							"origin": [-3.44375, 14.87125, -1.40125],
							"size": [2.85, 6.65, 2.85],
							"uv": {
								"north": {"uv": [29, 51], "uv_size": [3, 7]},
								"east": {"uv": [50, 51], "uv_size": [3, 7]},
								"south": {"uv": [53, 26], "uv_size": [3, 7]},
								"west": {"uv": [53, 33], "uv_size": [3, 7]},
								"up": {"uv": [61, 71], "uv_size": [3, 3]},
								"down": {"uv": [72, 18], "uv_size": [3, -3]}
							}
						}
					]
				},
				{
					"name": "RightHandLocator",
					"parent": "RightForeArm",
					"pivot": [-2.01875, 16.29625, 0.02375]
				}
			]
		}
	]
}