{
  "spec": 2,
  "metadata": {
    "name": "Senko San",
    "license": {
      "type": "CC 0"
    },
    "link": {
      "home": "https://modrinth.com/mod/yes-steve-model"
    }
  },
    "properties": {
    "height_scale": 1,
    "width_scale": 1,
    "free": true
  },
  "files": {
    "player": {
      "model": {
        "main": "models/main.json",
        "arm": "models/arm.json"
      },
      "animation": {
        "main": "animations/main.animation.json"
      },
      "texture": [
        "textures/fox.png"
      ]
    }
  }
}