{
    "spec": 2,
    "metadata": {
        "name": "Tahu",
        "tips": "Courageous Toa of Fire",
        "license": {
            "type": "CC 0"
        },
        "authors": [
            {
                "name": "CrystalizedSun",
                "comment": "The Contributor of TLM mod"
            }
        ]
    },
    "properties": {
        "default_texture": "Tahu",
        "free": true,
        "extra_animation": {
            "extra0": "#kanohi_config",
            "extra1": "",
            "extra2": "",
            "extra3": "",
            "extra4": "",
            "extra5": "",
            "extra6": "",
            "extra7": ""
        },
        "extra_animation_buttons": [
            {
                "id": "kanohi_config",
                "name": "0",
                "config_forms": [
                    {
                        "type": "radio",
                        "title": "Kanohi",
                        "description": "Selection of Kanohi",
                        "value": "v.kanohi",
                        "labels": {
                            "Hau": "v.kanohi=0;",
                            "Miru": "v.kanohi=1;",
                            "Kakama": "v.kanohi=2;",
                            "Pakari": "v.kanohi=3;",
                            "Akaku": "v.kanohi=4;",
                            "Kaukau": "v.kanohi=5;"
                        }
                    }
                ]
            }
        ]
    },
    "files": {
        "player": {
            "model": {
                "main": "models/main.json",
                "arm": "models/arm.json"
            },
            "animation": {
                "main": "animations/main.animation.json",
                "tac": "animations/tac.animation.json",
                "tlm": "animations/tlm.animation.json"
            },
            "texture": [
                "textures/tahu.png",
                "textures/tahu_goldmask.png"
            ]
        }
    }
}