{
	"format_version": "1.12.0",
	"minecraft:geometry": [
		{
			"description": {
				"identifier": "geometry.unknown",
				"texture_width": 256,
				"texture_height": 256,
				"visible_bounds_width": 3,
				"visible_bounds_height": 5.5,
				"visible_bounds_offset": [0, 2.25, 0]
			},
			"bones": [
				{
					"name": "LeftArm",
					"pivot": [1.25, 38, 0],
					"cubes": [
						{
							"origin": [0.45, 29.5, -1.8],
							"size": [3.8, 9.5, 3.8],
							"uv": {
								"north": {"uv": [65, 8], "uv_size": [4, 10]},
								"east": {"uv": [50, 65], "uv_size": [4, 10]},
								"south": {"uv": [55, 65], "uv_size": [4, 10]},
								"west": {"uv": [6, 66], "uv_size": [4, 10]},
								"up": {"uv": [30, 89], "uv_size": [4, 4]},
								"down": {"uv": [89, 34], "uv_size": [4, -4]}
							}
						},
						{
							"origin": [0.85, 28.35, -1.4],
							"size": [3, 2, 3],
							"uv": {
								"north": {"uv": [59, 87], "uv_size": [3, 2]},
								"east": {"uv": [107, 20], "uv_size": [3, 2]},
								"south": {"uv": [107, 63], "uv_size": [3, 2]},
								"west": {"uv": [81, 107], "uv_size": [3, 2]},
								"up": {"uv": [33, 24], "uv_size": [3, 3]},
								"down": {"uv": [97, 85], "uv_size": [3, -3]}
							}
						}
					]
				},
				{
					"name": "LeftForeArm",
					"parent": "LeftArm",
					"pivot": [2.25, 29.5, 0],
					"cubes": [
						{
							"origin": [0.455, 20, -1.795],
							"size": [3.79, 9.5, 3.79],
							"uv": {
								"north": {"uv": [11, 66], "uv_size": [4, 10]},
								"east": {"uv": [66, 19], "uv_size": [4, 10]},
								"south": {"uv": [66, 30], "uv_size": [4, 10]},
								"west": {"uv": [66, 41], "uv_size": [4, 10]},
								"up": {"uv": [89, 35], "uv_size": [4, 4]},
								"down": {"uv": [89, 44], "uv_size": [4, -4]}
							}
						},
						{
							"origin": [1.1, 18.25, -1.15],
							"size": [2.5, 2, 2.5],
							"uv": {
								"north": {"uv": [108, 82], "uv_size": [3, 2]},
								"east": {"uv": [89, 108], "uv_size": [3, 2]},
								"south": {"uv": [108, 103], "uv_size": [3, 2]},
								"west": {"uv": [109, 0], "uv_size": [3, 2]},
								"up": {"uv": [99, 10], "uv_size": [3, 3]},
								"down": {"uv": [22, 102], "uv_size": [3, -3]}
							}
						}
					]
				},
				{
					"name": "LeftHand",
					"parent": "LeftForeArm",
					"pivot": [2.25, 20, 0],
					"cubes": [
						{
							"origin": [0.625, 16.5, -1.625],
							"size": [3.5, 3.5, 3.5],
							"uv": {
								"north": {"uv": [90, 78], "uv_size": [4, 4]},
								"east": {"uv": [91, 0], "uv_size": [4, 4]},
								"south": {"uv": [35, 91], "uv_size": [4, 4]},
								"west": {"uv": [40, 91], "uv_size": [4, 4]},
								"up": {"uv": [91, 56], "uv_size": [4, 4]},
								"down": {"uv": [91, 65], "uv_size": [4, -4]}
							}
						}
					]
				},
				{
					"name": "RightArm",
					"pivot": [-1.5, 38, 0],
					"cubes": [
						{
							"origin": [-4.3, 29.5, -1.8],
							"size": [3.8, 9.5, 3.8],
							"uv": {
								"north": {"uv": [66, 52], "uv_size": [4, 10]},
								"east": {"uv": [60, 66], "uv_size": [4, 10]},
								"south": {"uv": [66, 63], "uv_size": [4, 10]},
								"west": {"uv": [16, 67], "uv_size": [4, 10]},
								"up": {"uv": [89, 45], "uv_size": [4, 4]},
								"down": {"uv": [54, 93], "uv_size": [4, -4]}
							}
						},
						{
							"origin": [-3.9, 28.35, -1.4],
							"size": [3, 2, 3],
							"uv": {
								"north": {"uv": [107, 106], "uv_size": [3, 2]},
								"east": {"uv": [13, 108], "uv_size": [3, 2]},
								"south": {"uv": [17, 108], "uv_size": [3, 2]},
								"west": {"uv": [108, 40], "uv_size": [3, 2]},
								"up": {"uv": [98, 17], "uv_size": [3, 3]},
								"down": {"uv": [98, 24], "uv_size": [3, -3]}
							}
						}
					]
				},
				{
					"name": "RightForeArm",
					"parent": "RightArm",
					"pivot": [-2.5, 29.5, 0],
					"cubes": [
						{
							"origin": [-4.295, 20, -1.795],
							"size": [3.79, 9.5, 3.79],
							"uv": {
								"north": {"uv": [21, 67], "uv_size": [4, 10]},
								"east": {"uv": [26, 67], "uv_size": [4, 10]},
								"south": {"uv": [31, 67], "uv_size": [4, 10]},
								"west": {"uv": [36, 67], "uv_size": [4, 10]},
								"up": {"uv": [73, 89], "uv_size": [4, 4]},
								"down": {"uv": [78, 93], "uv_size": [4, -4]}
							}
						},
						{
							"origin": [-3.65, 18.75, -1.15],
							"size": [2.5, 2, 2.5],
							"uv": {
								"north": {"uv": [108, 70], "uv_size": [3, 2]},
								"east": {"uv": [108, 73], "uv_size": [3, 2]},
								"south": {"uv": [108, 76], "uv_size": [3, 2]},
								"west": {"uv": [108, 79], "uv_size": [3, 2]},
								"up": {"uv": [98, 43], "uv_size": [3, 3]},
								"down": {"uv": [3, 102], "uv_size": [3, -3]}
							}
						}
					]
				},
				{
					"name": "RightHand",
					"parent": "RightForeArm",
					"pivot": [-2.5, 20, 0],
					"cubes": [
						{
							"origin": [-4.125, 16.5, -1.625],
							"size": [3.5, 3.5, 3.5],
							"uv": {
								"north": {"uv": [83, 89], "uv_size": [4, 4]},
								"east": {"uv": [88, 89], "uv_size": [4, 4]},
								"south": {"uv": [5, 90], "uv_size": [4, 4]},
								"west": {"uv": [59, 90], "uv_size": [4, 4]},
								"up": {"uv": [90, 68], "uv_size": [4, 4]},
								"down": {"uv": [90, 77], "uv_size": [4, -4]}
							}
						}
					]
				}
			]
		}
	]
}