{
	"format_version": "1.12.0",
	"minecraft:geometry": [
		{
			"description": {
				"identifier": "geometry.unknown",
				"texture_width": 128,
				"texture_height": 128,
				"visible_bounds_width": 3,
				"visible_bounds_height": 4.5,
				"visible_bounds_offset": [0, 1.75, 0]
			},
			"bones": [
				{
					"name": "RightArm",
					"pivot": [-10.39135, 29.36951, -0.50157],
					"cubes": [
						{
							"origin": [-6.80306, 27.87052, -2.11043],
							"size": [1.9134, 3.22956, 2.91989],
							"pivot": [-6.65928, 29.33046, -0.3408],
							"rotation": [-16.17567, 3.19404, 25.10838],
							"uv": {
								"north": {"uv": [55.5, 12], "uv_size": [1, 1.5]},
								"east": {"uv": [6, 52.5], "uv_size": [1.5, 1.5]},
								"south": {"uv": [35, 60.5], "uv_size": [1, 1.5]},
								"west": {"uv": [7.5, 52.5], "uv_size": [1.5, 1.5]},
								"up": {"uv": [47.5, 60.5], "uv_size": [1, 1.5]},
								"down": {"uv": [49, 62], "uv_size": [1, -1.5]}
							}
						},
						{
							"origin": [-5.15858, 27.7642, -2.32657],
							"size": [1.91341, 3.28859, 4.1221],
							"pivot": [-5.0148, 29.28317, -0.55695],
							"rotation": [-17.69442, 24.92234, -7.65678],
							"uv": {
								"north": {"uv": [58.5, 48], "uv_size": [1, 1.75]},
								"east": {"uv": [46, 31.5], "uv_size": [2, 1.75]},
								"south": {"uv": [58.5, 50], "uv_size": [1, 1.75]},
								"west": {"uv": [46, 33.5], "uv_size": [2, 1.75]},
								"up": {"uv": [9.5, 56.5], "uv_size": [1, 2]},
								"down": {"uv": [56.5, 13], "uv_size": [1, -2]}
							}
						},
						{
							"origin": [-6.36664, 22.75945, -1.66203],
							"size": [3.025, 7.30727, 2.42],
							"uv": {
								"north": {"uv": [21, 28.5], "uv_size": [1.5, 3.75]},
								"east": {"uv": [6.5, 37], "uv_size": [1.25, 3.75]},
								"south": {"uv": [22.5, 28.5], "uv_size": [1.5, 3.75]},
								"west": {"uv": [8, 37], "uv_size": [1.25, 3.75]},
								"up": {"uv": [57, 52.5], "uv_size": [1.5, 1.25]},
								"down": {"uv": [57, 55.25], "uv_size": [1.5, -1.25]}
							}
						},
						{
							"origin": [-6.36664, 22.69904, -1.97378],
							"size": [3.025, 7.30726, 0.52937],
							"pivot": [-5.75219, 25.57279, -0.95285],
							"rotation": [-4, 0, 0],
							"uv": {
								"north": {"uv": [27, 28.5], "uv_size": [1.5, 3.75]},
								"east": {"uv": [57, 65.5], "uv_size": [0.25, 3.75]},
								"south": {"uv": [28.5, 28.5], "uv_size": [1.5, 3.75]},
								"west": {"uv": [59.5, 65.5], "uv_size": [0.25, 3.75]},
								"up": {"uv": [44, 71], "uv_size": [1.5, 0.25]},
								"down": {"uv": [71, 44.25], "uv_size": [1.5, -0.25]}
							}
						},
						{
							"origin": [-6.36664, 22.69904, 0.54035],
							"size": [3.025, 7.30726, 0.52937],
							"pivot": [-5.75219, 25.57279, 0.04878],
							"rotation": [4, 0, 0],
							"uv": {
								"north": {"uv": [29, 0], "uv_size": [1.5, 3.75]},
								"east": {"uv": [60, 65.5], "uv_size": [0.25, 3.75]},
								"south": {"uv": [29, 4], "uv_size": [1.5, 3.75]},
								"west": {"uv": [60.5, 65.5], "uv_size": [0.25, 3.75]},
								"up": {"uv": [45.5, 71], "uv_size": [1.5, 0.25]},
								"down": {"uv": [47, 71.25], "uv_size": [1.5, -0.25]}
							}
						},
						{
							"origin": [-6.75539, 22.72277, -1.66203],
							"size": [0.75625, 7.30727, 2.42],
							"pivot": [-6.14093, 25.59652, -0.64109],
							"rotation": [0, 0, 5],
							"uv": {
								"north": {"uv": [16, 57], "uv_size": [0.5, 3.75]},
								"east": {"uv": [9.5, 37], "uv_size": [1.25, 3.75]},
								"south": {"uv": [24.5, 57], "uv_size": [0.5, 3.75]},
								"west": {"uv": [37.5, 0], "uv_size": [1.25, 3.75]},
								"up": {"uv": [67.5, 2.5], "uv_size": [0.5, 1.25]},
								"down": {"uv": [4, 68.75], "uv_size": [0.5, -1.25]}
							}
						},
						{
							"origin": [-3.70915, 22.72277, -1.66203],
							"size": [0.75625, 7.30727, 2.42],
							"inflate": 0.001,
							"pivot": [-3.56735, 25.59652, -0.64109],
							"rotation": [0, 0, -5],
							"uv": {
								"north": {"uv": [36, 57], "uv_size": [0.5, 3.75]},
								"east": {"uv": [13.5, 37.5], "uv_size": [1.25, 3.75]},
								"south": {"uv": [48.5, 57], "uv_size": [0.5, 3.75]},
								"west": {"uv": [19, 37.5], "uv_size": [1.25, 3.75]},
								"up": {"uv": [5, 67.5], "uv_size": [0.5, 1.25]},
								"down": {"uv": [5.5, 68.75], "uv_size": [0.5, -1.25]}
							}
						},
						{
							"origin": [-5.27987, 27.7642, -2.32657],
							"size": [2.1637, 3.55031, 4.12544],
							"pivot": [-3.51024, 29.54489, -0.55695],
							"rotation": [-17.69442, -24.92234, 7.65678],
							"uv": {
								"north": {"uv": [35, 53], "uv_size": [1.25, 1.75]},
								"east": {"uv": [46, 35.5], "uv_size": [2, 1.75]},
								"south": {"uv": [38.5, 53], "uv_size": [1.25, 1.75]},
								"west": {"uv": [46, 37.5], "uv_size": [2, 1.75]},
								"up": {"uv": [50.5, 13.5], "uv_size": [1.25, 2]},
								"down": {"uv": [50.5, 17.5], "uv_size": [1.25, -2]}
							}
						},
						{
							"origin": [-5.28358, 27.7642, -2.32657],
							"size": [1.91341, 3.55031, 4.2471],
							"pivot": [-5.1398, 29.54489, -0.55695],
							"rotation": [-17.69442, 24.92234, -7.65678],
							"uv": {
								"north": {"uv": [58.5, 52], "uv_size": [1, 1.75]},
								"east": {"uv": [40.5, 46], "uv_size": [2, 1.75]},
								"south": {"uv": [58, 58.5], "uv_size": [1, 1.75]},
								"west": {"uv": [46, 41.5], "uv_size": [2, 1.75]},
								"up": {"uv": [56.5, 13], "uv_size": [1, 2]},
								"down": {"uv": [56.5, 17], "uv_size": [1, -2]}
							}
						},
						{
							"origin": [-6.49164, 23.02117, -1.66203],
							"size": [3.025, 7.30727, 2.42],
							"uv": {
								"north": {"uv": [2.5, 29.5], "uv_size": [1.5, 3.75]},
								"east": {"uv": [23.5, 37.5], "uv_size": [1.25, 3.75]},
								"south": {"uv": [4, 29.5], "uv_size": [1.5, 3.75]},
								"west": {"uv": [37.5, 24.5], "uv_size": [1.25, 3.75]},
								"up": {"uv": [23, 58], "uv_size": [1.5, 1.25]},
								"down": {"uv": [30, 59.25], "uv_size": [1.5, -1.25]}
							}
						},
						{
							"origin": [-6.92806, 28.13224, -2.11043],
							"size": [1.9134, 3.22956, 2.91989],
							"pivot": [-6.78428, 29.59218, -0.3408],
							"rotation": [-16.17567, 3.19404, 25.10838],
							"uv": {
								"north": {"uv": [61, 31], "uv_size": [1, 1.5]},
								"east": {"uv": [17, 52.5], "uv_size": [1.5, 1.5]},
								"south": {"uv": [32, 61], "uv_size": [1, 1.5]},
								"west": {"uv": [20.5, 52.5], "uv_size": [1.5, 1.5]},
								"up": {"uv": [61, 32.5], "uv_size": [1, 1.5]},
								"down": {"uv": [61, 35.5], "uv_size": [1, -1.5]}
							}
						},
						{
							"origin": [-3.83415, 22.98449, -1.66203],
							"size": [0.75625, 7.30727, 2.42],
							"pivot": [-3.69235, 25.85824, -0.64109],
							"rotation": [0, 0, -5],
							"uv": {
								"north": {"uv": [6.5, 58], "uv_size": [0.5, 3.75]},
								"east": {"uv": [37.5, 32.5], "uv_size": [1.25, 3.75]},
								"south": {"uv": [7.5, 58], "uv_size": [0.5, 3.75]},
								"west": {"uv": [11, 38], "uv_size": [1.25, 3.75]},
								"up": {"uv": [34, 67.5], "uv_size": [0.5, 1.25]},
								"down": {"uv": [35, 68.75], "uv_size": [0.5, -1.25]}
							}
						},
						{
							"origin": [-5.81102, 21.43305, -1.30281],
							"size": [1.78664, 2.23093, 1.66375],
							"uv": {
								"north": {"uv": [45, 65.5], "uv_size": [1, 1]},
								"east": {"uv": [24.5, 67], "uv_size": [0.75, 1]},
								"south": {"uv": [65.5, 45.5], "uv_size": [1, 1]},
								"west": {"uv": [67, 25], "uv_size": [0.75, 1]},
								"up": {"uv": [25.5, 67], "uv_size": [1, 0.75]},
								"down": {"uv": [67, 26.75], "uv_size": [1, -0.75]}
							}
						},
						{
							"origin": [-6.88039, 22.98449, -1.66203],
							"size": [0.75625, 7.30727, 2.42],
							"pivot": [-6.26593, 25.85824, -0.64109],
							"rotation": [0, 0, 5],
							"uv": {
								"north": {"uv": [8, 58], "uv_size": [0.5, 3.75]},
								"east": {"uv": [38, 15], "uv_size": [1.25, 3.75]},
								"south": {"uv": [15, 58], "uv_size": [0.5, 3.75]},
								"west": {"uv": [38, 19], "uv_size": [1.25, 3.75]},
								"up": {"uv": [67.5, 35], "uv_size": [0.5, 1.25]},
								"down": {"uv": [35.5, 68.75], "uv_size": [0.5, -1.25]}
							}
						},
						{
							"origin": [-6.49164, 22.96075, -1.97378],
							"size": [3.025, 7.30727, 0.52937],
							"pivot": [-5.87719, 25.8345, -0.95285],
							"rotation": [-4, 0, 0],
							"uv": {
								"north": {"uv": [8.5, 29.5], "uv_size": [1.5, 3.75]},
								"east": {"uv": [61, 65.5], "uv_size": [0.25, 3.75]},
								"south": {"uv": [10, 29.5], "uv_size": [1.5, 3.75]},
								"west": {"uv": [62.5, 65.5], "uv_size": [0.25, 3.75]},
								"up": {"uv": [71, 53.5], "uv_size": [1.5, 0.25]},
								"down": {"uv": [71, 54.25], "uv_size": [1.5, -0.25]}
							}
						},
						{
							"origin": [-6.49164, 22.96075, 0.54035],
							"size": [3.025, 7.30727, 0.52937],
							"pivot": [-5.87719, 25.8345, 0.04878],
							"rotation": [4, 0, 0],
							"uv": {
								"north": {"uv": [30.5, 0], "uv_size": [1.5, 3.75]},
								"east": {"uv": [63, 65.5], "uv_size": [0.25, 3.75]},
								"south": {"uv": [30.5, 4], "uv_size": [1.5, 3.75]},
								"west": {"uv": [63.5, 65.5], "uv_size": [0.25, 3.75]},
								"up": {"uv": [71, 54.5], "uv_size": [1.5, 0.25]},
								"down": {"uv": [55, 71.25], "uv_size": [1.5, -0.25]}
							}
						}
					]
				},
				{
					"name": "RightForeArm",
					"parent": "RightArm",
					"pivot": [-12.99438, 22.07404, 0.04878],
					"cubes": [
						{
							"origin": [-6.36664, 14.74896, 0.54035],
							"size": [3.025, 7.18437, 0.52937],
							"pivot": [-5.75219, 17.49982, 0.04878],
							"rotation": [4, 0, 0],
							"uv": {
								"north": {"uv": [17.5, 32.5], "uv_size": [1.5, 3.5]},
								"east": {"uv": [17, 66], "uv_size": [0.25, 3.5]},
								"south": {"uv": [26.5, 32.5], "uv_size": [1.5, 3.5]},
								"west": {"uv": [17.5, 66], "uv_size": [0.25, 3.5]},
								"up": {"uv": [33.5, 71], "uv_size": [1.5, 0.25]},
								"down": {"uv": [35, 71.25], "uv_size": [1.5, -0.25]}
							}
						},
						{
							"origin": [-3.70915, 16.03941, -1.66203],
							"size": [0.75625, 5.93656, 2.42],
							"inflate": 0.001,
							"pivot": [-3.56735, 17.54246, -0.64109],
							"rotation": [0, 0, -5],
							"uv": {
								"north": {"uv": [52, 59.5], "uv_size": [0.5, 3]},
								"east": {"uv": [14.5, 42], "uv_size": [1.25, 3]},
								"south": {"uv": [57, 59.5], "uv_size": [0.5, 3]},
								"west": {"uv": [11, 44.5], "uv_size": [1.25, 3]},
								"up": {"uv": [58.5, 67], "uv_size": [0.5, 1.25]},
								"down": {"uv": [59, 68.25], "uv_size": [0.5, -1.25]}
							}
						},
						{
							"origin": [-6.75539, 16.37027, -1.66203],
							"size": [0.75625, 5.6057, 2.42],
							"pivot": [-6.14093, 17.54246, -0.64109],
							"rotation": [0, 0, 5],
							"uv": {
								"north": {"uv": [14.5, 61], "uv_size": [0.5, 2.75]},
								"east": {"uv": [3.5, 46.5], "uv_size": [1.25, 2.75]},
								"south": {"uv": [36, 61], "uv_size": [0.5, 2.75]},
								"west": {"uv": [5, 46.5], "uv_size": [1.25, 2.75]},
								"up": {"uv": [67, 61], "uv_size": [0.5, 1.25]},
								"down": {"uv": [61.5, 68.25], "uv_size": [0.5, -1.25]}
							}
						},
						{
							"origin": [-6.36664, 14.96814, -1.97438],
							"size": [3.025, 6.96695, 0.77515],
							"pivot": [-5.75219, 17.50158, -0.70766],
							"rotation": [-4, 0, 0],
							"uv": {
								"north": {"uv": [28, 32.5], "uv_size": [1.5, 3.5]},
								"east": {"uv": [28.5, 6], "uv_size": [0.5, 3.5]},
								"south": {"uv": [29.5, 32.5], "uv_size": [1.5, 3.5]},
								"west": {"uv": [39, 40.5], "uv_size": [0.5, 3.5]},
								"up": {"uv": [42, 13], "uv_size": [1.5, 0.5]},
								"down": {"uv": [44.5, 42], "uv_size": [1.5, -0.5]}
							}
						},
						{
							"origin": [-5.45605, 18.21476, -1.77169],
							"size": [1.28092, 0.4819, 3.73376],
							"pivot": [-4.81231, 16.30456, -0.4342],
							"rotation": [96.34534, 29.99496, -0.5773],
							"uv": {
								"north": {"uv": [41.5, 72.5], "uv_size": [0.75, 0.25]},
								"east": {"uv": [69.5, 9], "uv_size": [1.75, 0.25]},
								"south": {"uv": [72.5, 41.5], "uv_size": [0.75, 0.25]},
								"west": {"uv": [69.5, 9.5], "uv_size": [1.75, 0.25]},
								"up": {"uv": [55.5, 61], "uv_size": [0.75, 1.75]},
								"down": {"uv": [59, 62.75], "uv_size": [0.75, -1.75]}
							}
						},
						{
							"origin": [-5.45654, 18.21287, -1.77169],
							"size": [1.28089, 0.4819, 3.73376],
							"pivot": [-4.81231, 16.30456, -0.4342],
							"rotation": [96.5, 0, 0],
							"uv": {
								"north": {"uv": [72.5, 42], "uv_size": [0.75, 0.25]},
								"east": {"uv": [14, 69.5], "uv_size": [1.75, 0.25]},
								"south": {"uv": [42.5, 72.5], "uv_size": [0.75, 0.25]},
								"west": {"uv": [69.5, 16], "uv_size": [1.75, 0.25]},
								"up": {"uv": [4, 61.5], "uv_size": [0.75, 1.75]},
								"down": {"uv": [8.5, 63.25], "uv_size": [0.75, -1.75]}
							}
						},
						{
							"origin": [-5.45605, 18.21098, -1.77169],
							"size": [1.28092, 0.48191, 3.73376],
							"pivot": [-4.81231, 16.30456, -0.4342],
							"rotation": [96.34534, -29.99496, 0.5773],
							"uv": {
								"north": {"uv": [72.5, 42.5], "uv_size": [0.75, 0.25]},
								"east": {"uv": [69.5, 16.5], "uv_size": [1.75, 0.25]},
								"south": {"uv": [72.5, 43], "uv_size": [0.75, 0.25]},
								"west": {"uv": [17, 69.5], "uv_size": [1.75, 0.25]},
								"up": {"uv": [9.5, 61.5], "uv_size": [0.75, 1.75]},
								"down": {"uv": [10.5, 63.25], "uv_size": [0.75, -1.75]}
							}
						},
						{
							"origin": [-5.45466, 18.21616, -1.77169],
							"size": [1.28092, 0.4819, 3.73376],
							"pivot": [-4.81231, 16.30456, -0.4342],
							"rotation": [95.50061, 59.98489, -1.73144],
							"uv": {
								"north": {"uv": [43.5, 72.5], "uv_size": [0.75, 0.25]},
								"east": {"uv": [69.5, 17], "uv_size": [1.75, 0.25]},
								"south": {"uv": [72.5, 43.5], "uv_size": [0.75, 0.25]},
								"west": {"uv": [69.5, 17.5], "uv_size": [1.75, 0.25]},
								"up": {"uv": [11.5, 61.5], "uv_size": [0.75, 1.75]},
								"down": {"uv": [61.5, 18.75], "uv_size": [0.75, -1.75]}
							}
						},
						{
							"origin": [-5.45278, 18.20155, -1.77169],
							"size": [1.28092, 0.49701, 3.73372],
							"pivot": [-4.81231, 16.30456, -0.4342],
							"rotation": [7.5, 89, -90],
							"uv": {
								"north": {"uv": [72.5, 44], "uv_size": [0.75, 0.25]},
								"east": {"uv": [69.5, 18], "uv_size": [1.75, 0.25]},
								"south": {"uv": [44.5, 72.5], "uv_size": [0.75, 0.25]},
								"west": {"uv": [69.5, 18.5], "uv_size": [1.75, 0.25]},
								"up": {"uv": [28, 61.5], "uv_size": [0.75, 1.75]},
								"down": {"uv": [33, 63.25], "uv_size": [0.75, -1.75]}
							}
						},
						{
							"origin": [-5.45087, 18.21615, -1.77169],
							"size": [1.28092, 0.4819, 3.73372],
							"pivot": [-4.81231, 16.30456, -0.4342],
							"rotation": [-80.50061, 59.98489, -178.26856],
							"uv": {
								"north": {"uv": [72.5, 44.5], "uv_size": [0.75, 0.25]},
								"east": {"uv": [69.5, 19], "uv_size": [1.75, 0.25]},
								"south": {"uv": [72.5, 45], "uv_size": [0.75, 0.25]},
								"west": {"uv": [69.5, 19.5], "uv_size": [1.75, 0.25]},
								"up": {"uv": [34, 61.5], "uv_size": [0.75, 1.75]},
								"down": {"uv": [36.5, 63.25], "uv_size": [0.75, -1.75]}
							}
						},
						{
							"origin": [-5.44949, 18.21477, -1.77169],
							"size": [1.28092, 0.4819, 3.73372],
							"pivot": [-4.81231, 16.30456, -0.4342],
							"rotation": [-81.34534, 29.99496, -179.4227],
							"uv": {
								"north": {"uv": [45.5, 72.5], "uv_size": [0.75, 0.25]},
								"east": {"uv": [69.5, 20], "uv_size": [1.75, 0.25]},
								"south": {"uv": [72.5, 45.5], "uv_size": [0.75, 0.25]},
								"west": {"uv": [20.5, 69.5], "uv_size": [1.75, 0.25]},
								"up": {"uv": [38.5, 61.5], "uv_size": [0.75, 1.75]},
								"down": {"uv": [61.5, 40.25], "uv_size": [0.75, -1.75]}
							}
						},
						{
							"origin": [-5.44899, 18.21287, -1.77169],
							"size": [1.28092, 0.4819, 3.73372],
							"pivot": [-4.81231, 16.30456, -0.4342],
							"rotation": [-81.5, 0, 180],
							"uv": {
								"north": {"uv": [72.5, 46], "uv_size": [0.75, 0.25]},
								"east": {"uv": [69.5, 20.5], "uv_size": [1.75, 0.25]},
								"south": {"uv": [46.5, 72.5], "uv_size": [0.75, 0.25]},
								"west": {"uv": [69.5, 21.5], "uv_size": [1.75, 0.25]},
								"up": {"uv": [39.5, 61.5], "uv_size": [0.75, 1.75]},
								"down": {"uv": [40.5, 63.25], "uv_size": [0.75, -1.75]}
							}
						},
						{
							"origin": [-5.44948, 18.21097, -1.77169],
							"size": [1.28091, 0.4819, 3.73372],
							"pivot": [-4.81231, 16.30456, -0.4342],
							"rotation": [-81.34534, -29.99496, 179.4227],
							"uv": {
								"north": {"uv": [72.5, 46.5], "uv_size": [0.75, 0.25]},
								"east": {"uv": [69.5, 22], "uv_size": [1.75, 0.25]},
								"south": {"uv": [72.5, 47], "uv_size": [0.75, 0.25]},
								"west": {"uv": [69.5, 22.5], "uv_size": [1.75, 0.25]},
								"up": {"uv": [41.5, 61.5], "uv_size": [0.75, 1.75]},
								"down": {"uv": [42.5, 63.25], "uv_size": [0.75, -1.75]}
							}
						},
						{
							"origin": [-5.45087, 18.2096, -1.77169],
							"size": [1.28091, 0.4819, 3.73372],
							"pivot": [-4.81231, 16.30456, -0.4342],
							"rotation": [-80.50061, -59.98489, 178.26856],
							"uv": {
								"north": {"uv": [47.5, 72.5], "uv_size": [0.75, 0.25]},
								"east": {"uv": [69.5, 23], "uv_size": [1.75, 0.25]},
								"south": {"uv": [72.5, 47.5], "uv_size": [0.75, 0.25]},
								"west": {"uv": [69.5, 23.5], "uv_size": [1.75, 0.25]},
								"up": {"uv": [43.5, 61.5], "uv_size": [0.75, 1.75]},
								"down": {"uv": [61.5, 46.25], "uv_size": [0.75, -1.75]}
							}
						},
						{
							"origin": [-5.45275, 18.2091, -1.77169],
							"size": [1.28091, 0.48191, 3.73372],
							"pivot": [-4.81231, 16.30456, -0.4342],
							"rotation": [7.5, -89, 90],
							"uv": {
								"north": {"uv": [72.5, 48], "uv_size": [0.75, 0.25]},
								"east": {"uv": [69.5, 24], "uv_size": [1.75, 0.25]},
								"south": {"uv": [48.5, 72.5], "uv_size": [0.75, 0.25]},
								"west": {"uv": [69.5, 24.5], "uv_size": [1.75, 0.25]},
								"up": {"uv": [45.5, 61.5], "uv_size": [0.75, 1.75]},
								"down": {"uv": [46.5, 63.25], "uv_size": [0.75, -1.75]}
							}
						},
						{
							"origin": [-5.45466, 18.20959, -1.77169],
							"size": [1.28092, 0.4819, 3.73376],
							"pivot": [-4.81231, 16.30456, -0.4342],
							"rotation": [95.50061, -59.98489, 1.73144],
							"uv": {
								"north": {"uv": [72.5, 48.5], "uv_size": [0.75, 0.25]},
								"east": {"uv": [69.5, 25], "uv_size": [1.75, 0.25]},
								"south": {"uv": [72.5, 49], "uv_size": [0.75, 0.25]},
								"west": {"uv": [69.5, 25.5], "uv_size": [1.75, 0.25]},
								"up": {"uv": [61.5, 46.5], "uv_size": [0.75, 1.75]},
								"down": {"uv": [61.5, 50.25], "uv_size": [0.75, -1.75]}
							}
						},
						{
							"origin": [-6.36664, 14.70539, -1.66203],
							"size": [3.025, 7.30727, 2.42],
							"uv": {
								"north": {"uv": [29, 8], "uv_size": [1.5, 3.75]},
								"east": {"uv": [20.5, 37.5], "uv_size": [1.25, 3.75]},
								"south": {"uv": [29, 12], "uv_size": [1.5, 3.75]},
								"west": {"uv": [22, 37.5], "uv_size": [1.25, 3.75]},
								"up": {"uv": [57.5, 0], "uv_size": [1.5, 1.25]},
								"down": {"uv": [57.5, 18.75], "uv_size": [1.5, -1.25]}
							}
						},
						{
							"origin": [-4.78133, 13.43895, -2.12901],
							"size": [0.69641, 1.64248, 0.72269],
							"pivot": [-4.36085, 13.98426, -1.62313],
							"rotation": [0, 0, -20],
							"uv": {
								"north": {"uv": [51.5, 72.5], "uv_size": [0.25, 0.75]},
								"east": {"uv": [72.5, 51.5], "uv_size": [0.25, 0.75]},
								"south": {"uv": [52, 72.5], "uv_size": [0.25, 0.75]},
								"west": {"uv": [52.5, 72.5], "uv_size": [0.25, 0.75]},
								"up": {"uv": [73.5, 26], "uv_size": [0.25, 0.25]},
								"down": {"uv": [26.5, 73.75], "uv_size": [0.25, -0.25]}
							}
						},
						{
							"origin": [-4.63441, 12.25796, -2.12901],
							"size": [0.64385, 1.34026, 0.72269],
							"pivot": [-4.41104, 12.50104, -1.62313],
							"rotation": [0, 0, 4],
							"uv": {
								"north": {"uv": [54, 72.5], "uv_size": [0.25, 0.75]},
								"east": {"uv": [54.5, 72.5], "uv_size": [0.25, 0.75]},
								"south": {"uv": [72.5, 54.5], "uv_size": [0.25, 0.75]},
								"west": {"uv": [55, 72.5], "uv_size": [0.25, 0.75]},
								"up": {"uv": [73.5, 27], "uv_size": [0.25, 0.25]},
								"down": {"uv": [27.5, 73.75], "uv_size": [0.25, -0.25]}
							}
						},
						{
							"origin": [-6.49164, 14.96711, -1.66203],
							"size": [3.025, 7.30727, 2.42],
							"uv": {
								"north": {"uv": [5.5, 29.5], "uv_size": [1.5, 3.75]},
								"east": {"uv": [25, 37.5], "uv_size": [1.25, 3.75]},
								"south": {"uv": [7, 29.5], "uv_size": [1.5, 3.75]},
								"west": {"uv": [37.5, 28.5], "uv_size": [1.25, 3.75]},
								"up": {"uv": [58, 55.5], "uv_size": [1.5, 1.25]},
								"down": {"uv": [56, 59.25], "uv_size": [1.5, -1.25]}
							}
						},
						{
							"origin": [-6.49164, 15.22986, -1.97438],
							"size": [3.025, 6.96695, 0.77515],
							"pivot": [-5.87719, 17.7633, -0.70766],
							"rotation": [-4, 0, 0],
							"uv": {
								"north": {"uv": [5.5, 33.5], "uv_size": [1.5, 3.5]},
								"east": {"uv": [26, 59], "uv_size": [0.5, 3.5]},
								"south": {"uv": [7, 33.5], "uv_size": [1.5, 3.5]},
								"west": {"uv": [26.5, 59], "uv_size": [0.5, 3.5]},
								"up": {"uv": [59.5, 22], "uv_size": [1.5, 0.5]},
								"down": {"uv": [66, 9], "uv_size": [1.5, -0.5]}
							}
						},
						{
							"origin": [-6.49164, 15.01068, 0.54035],
							"size": [3.025, 7.18437, 0.52937],
							"pivot": [-5.87719, 17.76154, 0.04878],
							"rotation": [4, 0, 0],
							"uv": {
								"north": {"uv": [8.5, 33.5], "uv_size": [1.5, 3.5]},
								"east": {"uv": [21.5, 66], "uv_size": [0.25, 3.5]},
								"south": {"uv": [10, 33.5], "uv_size": [1.5, 3.5]},
								"west": {"uv": [22, 66], "uv_size": [0.25, 3.5]},
								"up": {"uv": [71, 56.5], "uv_size": [1.5, 0.25]},
								"down": {"uv": [71, 57.25], "uv_size": [1.5, -0.25]}
							}
						},
						{
							"origin": [-6.88039, 16.63199, -1.66203],
							"size": [0.75625, 5.6057, 2.42],
							"pivot": [-6.26593, 17.80418, -0.64109],
							"rotation": [0, 0, 5],
							"uv": {
								"north": {"uv": [51, 61], "uv_size": [0.5, 2.75]},
								"east": {"uv": [14.5, 47], "uv_size": [1.25, 2.75]},
								"south": {"uv": [51.5, 61], "uv_size": [0.5, 2.75]},
								"west": {"uv": [18.5, 47], "uv_size": [1.25, 2.75]},
								"up": {"uv": [37.5, 67.5], "uv_size": [0.5, 1.25]},
								"down": {"uv": [38, 68.75], "uv_size": [0.5, -1.25]}
							}
						},
						{
							"origin": [-3.83415, 16.30113, -1.66203],
							"size": [0.75625, 5.93656, 2.42],
							"pivot": [-3.69235, 17.80418, -0.64109],
							"rotation": [0, 0, -5],
							"uv": {
								"north": {"uv": [50, 60.5], "uv_size": [0.5, 3]},
								"east": {"uv": [0, 45], "uv_size": [1.25, 3]},
								"south": {"uv": [7, 61], "uv_size": [0.5, 3]},
								"west": {"uv": [45, 0], "uv_size": [1.25, 3]},
								"up": {"uv": [39, 67.5], "uv_size": [0.5, 1.25]},
								"down": {"uv": [39.5, 68.75], "uv_size": [0.5, -1.25]}
							}
						},
						{
							"origin": [-5.43192, 13.16194, -1.564],
							"size": [0.7605, 2.3267, 2.40459],
							"pivot": [-4.89319, 14.25912, -0.5588],
							"rotation": [0, 0, 26],
							"uv": {
								"north": {"uv": [42.5, 67.5], "uv_size": [0.5, 1.25]},
								"east": {"uv": [0, 60], "uv_size": [1.25, 1.25]},
								"south": {"uv": [67.5, 42.5], "uv_size": [0.5, 1.25]},
								"west": {"uv": [60, 1], "uv_size": [1.25, 1.25]},
								"up": {"uv": [43, 67.5], "uv_size": [0.5, 1.25]},
								"down": {"uv": [43.5, 68.75], "uv_size": [0.5, -1.25]}
							}
						},
						{
							"origin": [-5.93558, 12.23114, -1.564],
							"size": [0.69642, 1.26143, 0.72269],
							"pivot": [-5.65964, 12.39539, -1.05812],
							"rotation": [0, 0, 4],
							"uv": {
								"north": {"uv": [3.5, 73], "uv_size": [0.25, 0.75]},
								"east": {"uv": [4, 73], "uv_size": [0.25, 0.75]},
								"south": {"uv": [73, 4], "uv_size": [0.25, 0.75]},
								"west": {"uv": [4.5, 73], "uv_size": [0.25, 0.75]},
								"up": {"uv": [73.5, 35.5], "uv_size": [0.25, 0.25]},
								"down": {"uv": [36, 73.75], "uv_size": [0.25, -0.25]}
							}
						},
						{
							"origin": [-5.65463, 11.31817, -1.564],
							"size": [0.69641, 1.05118, 0.72269],
							"pivot": [-5.37869, 11.27218, -1.05812],
							"rotation": [0, 0, -16],
							"uv": {
								"north": {"uv": [66.5, 73], "uv_size": [0.25, 0.5]},
								"east": {"uv": [67, 73], "uv_size": [0.25, 0.5]},
								"south": {"uv": [67.5, 73], "uv_size": [0.25, 0.5]},
								"west": {"uv": [68, 73], "uv_size": [0.25, 0.5]},
								"up": {"uv": [73.5, 36.5], "uv_size": [0.25, 0.25]},
								"down": {"uv": [37, 73.75], "uv_size": [0.25, -0.25]}
							}
						},
						{
							"origin": [-5.06441, 10.56087, -1.564],
							"size": [0.69641, 1.05119, 0.72269],
							"pivot": [-4.78847, 10.51488, -1.05812],
							"rotation": [0, 0, -36],
							"uv": {
								"north": {"uv": [70.5, 73], "uv_size": [0.25, 0.5]},
								"east": {"uv": [73, 70.5], "uv_size": [0.25, 0.5]},
								"south": {"uv": [71, 73], "uv_size": [0.25, 0.5]},
								"west": {"uv": [71.5, 73], "uv_size": [0.25, 0.5]},
								"up": {"uv": [73.5, 37.5], "uv_size": [0.25, 0.25]},
								"down": {"uv": [38, 73.75], "uv_size": [0.25, -0.25]}
							}
						},
						{
							"origin": [-5.94881, 12.14295, -0.72819],
							"size": [0.74517, 1.34973, 0.77328],
							"pivot": [-5.65355, 12.3187, -0.18689],
							"rotation": [0, 0, 4],
							"uv": {
								"north": {"uv": [73, 6], "uv_size": [0.25, 0.75]},
								"east": {"uv": [71, 58], "uv_size": [0.5, 0.75]},
								"south": {"uv": [6.5, 73], "uv_size": [0.25, 0.75]},
								"west": {"uv": [71, 59], "uv_size": [0.5, 0.75]},
								"up": {"uv": [0.5, 73.5], "uv_size": [0.25, 0.5]},
								"down": {"uv": [73.5, 1.5], "uv_size": [0.25, -0.5]}
							}
						},
						{
							"origin": [-5.01666, 10.35576, -0.72819],
							"size": [0.74516, 1.12477, 0.77328],
							"pivot": [-4.7214, 10.30656, -0.18689],
							"rotation": [0, 0, -36],
							"uv": {
								"north": {"uv": [73.5, 1.5], "uv_size": [0.25, 0.5]},
								"east": {"uv": [56, 71.5], "uv_size": [0.5, 0.5]},
								"south": {"uv": [73.5, 2], "uv_size": [0.25, 0.5]},
								"west": {"uv": [56.5, 71.5], "uv_size": [0.5, 0.5]},
								"up": {"uv": [73.5, 2.5], "uv_size": [0.25, 0.5]},
								"down": {"uv": [73.5, 3.5], "uv_size": [0.25, -0.5]}
							}
						},
						{
							"origin": [-5.64819, 11.16607, -0.72819],
							"size": [0.74516, 1.12477, 0.77328],
							"pivot": [-5.35294, 11.11686, -0.18689],
							"rotation": [0, 0, -16],
							"uv": {
								"north": {"uv": [73.5, 3.5], "uv_size": [0.25, 0.5]},
								"east": {"uv": [57, 71.5], "uv_size": [0.5, 0.5]},
								"south": {"uv": [73.5, 4], "uv_size": [0.25, 0.5]},
								"west": {"uv": [57.5, 71.5], "uv_size": [0.5, 0.5]},
								"up": {"uv": [73.5, 4.5], "uv_size": [0.25, 0.5]},
								"down": {"uv": [73.5, 5.5], "uv_size": [0.25, -0.5]}
							}
						},
						{
							"origin": [-5.84893, 12.33202, 0.19599],
							"size": [0.61981, 1.12267, 0.64319],
							"pivot": [-5.60335, 12.4782, 0.64623],
							"rotation": [0, 0, 4],
							"uv": {
								"north": {"uv": [73.5, 9], "uv_size": [0.25, 0.5]},
								"east": {"uv": [9.5, 73.5], "uv_size": [0.25, 0.5]},
								"south": {"uv": [73.5, 9.5], "uv_size": [0.25, 0.5]},
								"west": {"uv": [10, 73.5], "uv_size": [0.25, 0.5]},
								"up": {"uv": [73.5, 40], "uv_size": [0.25, 0.25]},
								"down": {"uv": [40.5, 73.75], "uv_size": [0.25, -0.25]}
							}
						},
						{
							"origin": [-5.07359, 10.84548, 0.19599],
							"size": [0.6198, 0.93556, 0.64319],
							"pivot": [-4.82801, 10.80455, 0.64623],
							"rotation": [0, 0, -36],
							"uv": {
								"north": {"uv": [73.5, 10], "uv_size": [0.25, 0.5]},
								"east": {"uv": [10.5, 73.5], "uv_size": [0.25, 0.5]},
								"south": {"uv": [73.5, 10.5], "uv_size": [0.25, 0.5]},
								"west": {"uv": [11, 73.5], "uv_size": [0.25, 0.5]},
								"up": {"uv": [73.5, 40.5], "uv_size": [0.25, 0.25]},
								"down": {"uv": [41, 73.75], "uv_size": [0.25, -0.25]}
							}
						},
						{
							"origin": [-5.59889, 11.51947, 0.19599],
							"size": [0.61981, 0.93556, 0.64319],
							"pivot": [-5.3533, 11.47854, 0.64623],
							"rotation": [0, 0, -16],
							"uv": {
								"north": {"uv": [73.5, 11], "uv_size": [0.25, 0.5]},
								"east": {"uv": [11.5, 73.5], "uv_size": [0.25, 0.5]},
								"south": {"uv": [73.5, 11.5], "uv_size": [0.25, 0.5]},
								"west": {"uv": [12, 73.5], "uv_size": [0.25, 0.5]},
								"up": {"uv": [73.5, 41], "uv_size": [0.25, 0.25]},
								"down": {"uv": [41.5, 73.75], "uv_size": [0.25, -0.25]}
							}
						}
					]
				},
				{
					"name": "LeftArm",
					"pivot": [9.99787, 29.83718, -0.49771],
					"cubes": [
						{
							"origin": [3.16586, 23.02117, -1.66203],
							"size": [3.025, 7.30727, 2.42],
							"uv": {
								"north": {"uv": [19.5, 27.5], "uv_size": [1.5, 3.75]},
								"east": {"uv": [36, 24.5], "uv_size": [1.25, 3.75]},
								"south": {"uv": [11.5, 28.5], "uv_size": [1.5, 3.75]},
								"west": {"uv": [32.5, 36], "uv_size": [1.25, 3.75]},
								"up": {"uv": [41.5, 57], "uv_size": [1.5, 1.25]},
								"down": {"uv": [57, 42.75], "uv_size": [1.5, -1.25]}
							}
						},
						{
							"origin": [3.16586, 22.96075, -1.97378],
							"size": [3.025, 7.30727, 0.52937],
							"pivot": [5.5764, 25.8345, -0.95285],
							"rotation": [-4, 0, 0],
							"uv": {
								"north": {"uv": [16, 28.5], "uv_size": [1.5, 3.75]},
								"east": {"uv": [52.5, 65.5], "uv_size": [0.25, 3.75]},
								"south": {"uv": [17.5, 28.5], "uv_size": [1.5, 3.75]},
								"west": {"uv": [53, 65.5], "uv_size": [0.25, 3.75]},
								"up": {"uv": [36.5, 71], "uv_size": [1.5, 0.25]},
								"down": {"uv": [38, 71.25], "uv_size": [1.5, -0.25]}
							}
						},
						{
							"origin": [3.16586, 22.96075, 0.54035],
							"size": [3.025, 7.30727, 0.52937],
							"pivot": [5.5764, 25.8345, 0.04878],
							"rotation": [4, 0, 0],
							"uv": {
								"north": {"uv": [24, 28.5], "uv_size": [1.5, 3.75]},
								"east": {"uv": [53.5, 65.5], "uv_size": [0.25, 3.75]},
								"south": {"uv": [25.5, 28.5], "uv_size": [1.5, 3.75]},
								"west": {"uv": [56.5, 65.5], "uv_size": [0.25, 3.75]},
								"up": {"uv": [71, 38.5], "uv_size": [1.5, 0.25]},
								"down": {"uv": [71, 39.25], "uv_size": [1.5, -0.25]}
							}
						},
						{
							"origin": [5.82335, 22.98449, -1.66203],
							"size": [0.75625, 7.30727, 2.42],
							"pivot": [5.96515, 25.85824, -0.64109],
							"rotation": [0, 0, -5],
							"uv": {
								"north": {"uv": [7, 57], "uv_size": [0.5, 3.75]},
								"east": {"uv": [5, 37], "uv_size": [1.25, 3.75]},
								"south": {"uv": [15.5, 57], "uv_size": [0.5, 3.75]},
								"west": {"uv": [37, 6], "uv_size": [1.25, 3.75]},
								"up": {"uv": [57.5, 67], "uv_size": [0.5, 1.25]},
								"down": {"uv": [58, 68.25], "uv_size": [0.5, -1.25]}
							}
						},
						{
							"origin": [2.68647, 27.7642, -2.32657],
							"size": [2.29261, 3.55031, 4.12544],
							"pivot": [3.20946, 29.54489, -0.55695],
							"rotation": [-17.69442, 24.92234, -7.65678],
							"uv": {
								"north": {"uv": [53, 7.5], "uv_size": [1.25, 1.75]},
								"east": {"uv": [28.5, 45.5], "uv_size": [2, 1.75]},
								"south": {"uv": [53, 18], "uv_size": [1.25, 1.75]},
								"west": {"uv": [30.5, 45.5], "uv_size": [2, 1.75]},
								"up": {"uv": [18.5, 50], "uv_size": [1.25, 2]},
								"down": {"uv": [28, 52], "uv_size": [1.25, -2]}
							}
						},
						{
							"origin": [3.06938, 27.7642, -2.32657],
							"size": [1.91341, 3.55031, 4.2471],
							"pivot": [4.83901, 29.54489, -0.55695],
							"rotation": [-17.69442, -24.92234, 7.65678],
							"uv": {
								"north": {"uv": [46.5, 58.5], "uv_size": [1, 1.75]},
								"east": {"uv": [38.5, 45.5], "uv_size": [2, 1.75]},
								"south": {"uv": [47.5, 58.5], "uv_size": [1, 1.75]},
								"west": {"uv": [12.5, 46], "uv_size": [2, 1.75]},
								"up": {"uv": [8.5, 56.5], "uv_size": [1, 2]},
								"down": {"uv": [56.5, 11], "uv_size": [1, -2]}
							}
						},
						{
							"origin": [4.71387, 28.13224, -2.11043],
							"size": [1.91341, 3.22956, 2.91989],
							"pivot": [6.4835, 29.59218, -0.3408],
							"rotation": [-16.17567, -3.19404, -25.10838],
							"uv": {
								"north": {"uv": [58, 60.5], "uv_size": [1, 1.5]},
								"east": {"uv": [11, 52.5], "uv_size": [1.5, 1.5]},
								"south": {"uv": [15.5, 61], "uv_size": [1, 1.5]},
								"west": {"uv": [12.5, 52.5], "uv_size": [1.5, 1.5]},
								"up": {"uv": [61, 25], "uv_size": [1, 1.5]},
								"down": {"uv": [61, 28], "uv_size": [1, -1.5]}
							}
						},
						{
							"origin": [2.77711, 22.98449, -1.66203],
							"size": [0.75625, 7.30727, 2.42],
							"pivot": [3.39156, 25.85824, -0.64109],
							"rotation": [0, 0, 5],
							"uv": {
								"north": {"uv": [21, 56], "uv_size": [0.5, 3.75]},
								"east": {"uv": [2, 37], "uv_size": [1.25, 3.75]},
								"south": {"uv": [19.5, 56.5], "uv_size": [0.5, 3.75]},
								"west": {"uv": [3.5, 37], "uv_size": [1.25, 3.75]},
								"up": {"uv": [56, 67], "uv_size": [0.5, 1.25]},
								"down": {"uv": [67, 57.75], "uv_size": [0.5, -1.25]}
							}
						},
						{
							"origin": [4.58887, 27.87052, -2.11043],
							"size": [1.91341, 3.22956, 2.91989],
							"pivot": [6.3585, 29.33046, -0.3408],
							"rotation": [-16.17567, -3.19404, -25.10838],
							"uv": {
								"north": {"uv": [61, 28], "uv_size": [1, 1.5]},
								"east": {"uv": [14, 52.5], "uv_size": [1.5, 1.5]},
								"south": {"uv": [61, 29.5], "uv_size": [1, 1.5]},
								"west": {"uv": [15.5, 52.5], "uv_size": [1.5, 1.5]},
								"up": {"uv": [30, 61], "uv_size": [1, 1.5]},
								"down": {"uv": [31, 62.5], "uv_size": [1, -1.5]}
							}
						},
						{
							"origin": [3.59859, 21.17133, -1.30281],
							"size": [1.78664, 2.23094, 1.66375],
							"uv": {
								"north": {"uv": [63, 15.5], "uv_size": [1, 1]},
								"east": {"uv": [22.5, 67], "uv_size": [0.75, 1]},
								"south": {"uv": [65.5, 44.5], "uv_size": [1, 1]},
								"west": {"uv": [67, 23], "uv_size": [0.75, 1]},
								"up": {"uv": [23.5, 67], "uv_size": [1, 0.75]},
								"down": {"uv": [67, 24.75], "uv_size": [1, -0.75]}
							}
						},
						{
							"origin": [2.94438, 27.74467, -2.32657],
							"size": [1.91341, 3.54641, 4.2471],
							"pivot": [4.71401, 29.28317, -0.55695],
							"rotation": [-17.69442, -24.92234, 7.65678],
							"uv": {
								"north": {"uv": [59, 17.5], "uv_size": [1, 1.75]},
								"east": {"uv": [46.5, 0], "uv_size": [2, 1.75]},
								"south": {"uv": [18.5, 59], "uv_size": [1, 1.75]},
								"west": {"uv": [1.5, 46.5], "uv_size": [2, 1.75]},
								"up": {"uv": [56.5, 17], "uv_size": [1, 2]},
								"down": {"uv": [17.5, 58.5], "uv_size": [1, -2]}
							}
						},
						{
							"origin": [3.04086, 22.75945, -1.66203],
							"size": [3.025, 7.30727, 2.42],
							"uv": {
								"north": {"uv": [0, 30], "uv_size": [1.5, 3.75]},
								"east": {"uv": [38, 36.5], "uv_size": [1.25, 3.75]},
								"south": {"uv": [30, 28.5], "uv_size": [1.5, 3.75]},
								"west": {"uv": [38.5, 4], "uv_size": [1.25, 3.75]},
								"up": {"uv": [58, 57], "uv_size": [1.5, 1.25]},
								"down": {"uv": [58.5, 2.75], "uv_size": [1.5, -1.25]}
							}
						},
						{
							"origin": [3.04086, 22.69904, -1.97378],
							"size": [3.025, 7.30726, 0.52937],
							"pivot": [5.4514, 25.57279, -0.95285],
							"rotation": [-4, 0, 0],
							"uv": {
								"north": {"uv": [30.5, 8], "uv_size": [1.5, 3.75]},
								"east": {"uv": [64, 65.5], "uv_size": [0.25, 3.75]},
								"south": {"uv": [30.5, 12], "uv_size": [1.5, 3.75]},
								"west": {"uv": [64.5, 65.5], "uv_size": [0.25, 3.75]},
								"up": {"uv": [71, 56], "uv_size": [1.5, 0.25]},
								"down": {"uv": [56.5, 71.25], "uv_size": [1.5, -0.25]}
							}
						},
						{
							"origin": [3.04086, 22.69904, 0.54035],
							"size": [3.025, 7.30726, 0.52937],
							"pivot": [5.4514, 25.57279, 0.04878],
							"rotation": [4, 0, 0],
							"uv": {
								"north": {"uv": [19, 31.5], "uv_size": [1.5, 3.75]},
								"east": {"uv": [65, 65.5], "uv_size": [0.25, 3.75]},
								"south": {"uv": [31.5, 28.5], "uv_size": [1.5, 3.75]},
								"west": {"uv": [65.5, 65.5], "uv_size": [0.25, 3.75]},
								"up": {"uv": [71, 57.5], "uv_size": [1.5, 0.25]},
								"down": {"uv": [58, 71.25], "uv_size": [1.5, -0.25]}
							}
						},
						{
							"origin": [5.69835, 22.72277, -1.66203],
							"size": [0.75625, 7.30727, 2.42],
							"pivot": [5.84015, 25.59652, -0.64109],
							"rotation": [0, 0, -5],
							"uv": {
								"north": {"uv": [16.5, 58], "uv_size": [0.5, 3.75]},
								"east": {"uv": [38.5, 8], "uv_size": [1.25, 3.75]},
								"south": {"uv": [17, 58], "uv_size": [0.5, 3.75]},
								"west": {"uv": [39, 0], "uv_size": [1.25, 3.75]},
								"up": {"uv": [67.5, 38], "uv_size": [0.5, 1.25]},
								"down": {"uv": [38.5, 68.75], "uv_size": [0.5, -1.25]}
							}
						},
						{
							"origin": [2.65211, 22.72277, -1.66203],
							"size": [0.75625, 7.30727, 2.42],
							"pivot": [3.26656, 25.59652, -0.64109],
							"rotation": [0, 0, 5],
							"uv": {
								"north": {"uv": [20, 58], "uv_size": [0.5, 3.75]},
								"east": {"uv": [39, 23], "uv_size": [1.25, 3.75]},
								"south": {"uv": [20.5, 58], "uv_size": [0.5, 3.75]},
								"west": {"uv": [39, 27], "uv_size": [1.25, 3.75]},
								"up": {"uv": [67.5, 39.5], "uv_size": [0.5, 1.25]},
								"down": {"uv": [67.5, 42.25], "uv_size": [0.5, -1.25]}
							}
						}
					]
				},
				{
					"name": "LeftForeArm",
					"parent": "LeftArm",
					"pivot": [12.95226, 21.70147, -0.50201],
					"cubes": [
						{
							"origin": [3.16586, 14.96711, -1.66203],
							"size": [3.025, 7.30727, 2.42],
							"uv": {
								"north": {"uv": [13, 28.5], "uv_size": [1.5, 3.75]},
								"east": {"uv": [35, 36.5], "uv_size": [1.25, 3.75]},
								"south": {"uv": [14.5, 28.5], "uv_size": [1.5, 3.75]},
								"west": {"uv": [36.5, 36.5], "uv_size": [1.25, 3.75]},
								"up": {"uv": [57, 49.5], "uv_size": [1.5, 1.25]},
								"down": {"uv": [57, 52.25], "uv_size": [1.5, -1.25]}
							}
						},
						{
							"origin": [3.81478, 12.51967, -2.12901],
							"size": [0.64385, 1.34027, 0.72269],
							"pivot": [4.23525, 12.76276, -1.62313],
							"rotation": [0, 0, -4],
							"uv": {
								"north": {"uv": [31, 72.5], "uv_size": [0.25, 0.75]},
								"east": {"uv": [72.5, 31], "uv_size": [0.25, 0.75]},
								"south": {"uv": [31.5, 72.5], "uv_size": [0.25, 0.75]},
								"west": {"uv": [32, 72.5], "uv_size": [0.25, 0.75]},
								"up": {"uv": [73.5, 24.5], "uv_size": [0.25, 0.25]},
								"down": {"uv": [25, 73.75], "uv_size": [0.25, -0.25]}
							}
						},
						{
							"origin": [3.16586, 15.22986, -1.97438],
							"size": [3.025, 6.96695, 0.77515],
							"pivot": [5.5764, 17.7633, -0.70766],
							"rotation": [-4, 0, 0],
							"uv": {
								"north": {"uv": [31, 32.5], "uv_size": [1.5, 3.5]},
								"east": {"uv": [34.5, 41.5], "uv_size": [0.5, 3.5]},
								"south": {"uv": [32.5, 32.5], "uv_size": [1.5, 3.5]},
								"west": {"uv": [13, 42.5], "uv_size": [0.5, 3.5]},
								"up": {"uv": [52, 41], "uv_size": [1.5, 0.5]},
								"down": {"uv": [52.5, 5], "uv_size": [1.5, -0.5]}
							}
						},
						{
							"origin": [3.16586, 15.01068, 0.54035],
							"size": [3.025, 7.18437, 0.52937],
							"pivot": [5.5764, 17.76154, 0.04878],
							"rotation": [4, 0, 0],
							"uv": {
								"north": {"uv": [33, 8], "uv_size": [1.5, 3.5]},
								"east": {"uv": [18, 66], "uv_size": [0.25, 3.5]},
								"south": {"uv": [33, 28.5], "uv_size": [1.5, 3.5]},
								"west": {"uv": [18.5, 66], "uv_size": [0.25, 3.5]},
								"up": {"uv": [71, 44.5], "uv_size": [1.5, 0.25]},
								"down": {"uv": [71, 45.25], "uv_size": [1.5, -0.25]}
							}
						},
						{
							"origin": [5.82335, 16.63199, -1.66203],
							"size": [0.75625, 5.6057, 2.42],
							"inflate": 0.001,
							"pivot": [5.96515, 17.80418, -0.64109],
							"rotation": [0, 0, -5],
							"uv": {
								"north": {"uv": [61, 47.5], "uv_size": [0.5, 2.75]},
								"east": {"uv": [46.5, 13], "uv_size": [1.25, 2.75]},
								"south": {"uv": [48.5, 61], "uv_size": [0.5, 2.75]},
								"west": {"uv": [46.5, 16], "uv_size": [1.25, 2.75]},
								"up": {"uv": [62, 67], "uv_size": [0.5, 1.25]},
								"down": {"uv": [67.5, 2.25], "uv_size": [0.5, -1.25]}
							}
						},
						{
							"origin": [2.77711, 16.30113, -1.66203],
							"size": [0.75625, 5.93656, 2.42],
							"pivot": [3.39156, 17.80418, -0.64109],
							"rotation": [0, 0, 5],
							"uv": {
								"north": {"uv": [29.5, 60], "uv_size": [0.5, 3]},
								"east": {"uv": [44.5, 27.5], "uv_size": [1.25, 3]},
								"south": {"uv": [55, 60], "uv_size": [0.5, 3]},
								"west": {"uv": [44.5, 30.5], "uv_size": [1.25, 3]},
								"up": {"uv": [67.5, 4], "uv_size": [0.5, 1.25]},
								"down": {"uv": [4.5, 68.75], "uv_size": [0.5, -1.25]}
							}
						},
						{
							"origin": [4.37063, 13.16194, -1.564],
							"size": [0.7605, 2.3267, 2.40459],
							"pivot": [4.5924, 14.25912, -0.5588],
							"rotation": [0, 0, -26],
							"uv": {
								"north": {"uv": [67.5, 5.5], "uv_size": [0.5, 1.25]},
								"east": {"uv": [59.5, 37], "uv_size": [1.25, 1.25]},
								"south": {"uv": [6, 67.5], "uv_size": [0.5, 1.25]},
								"west": {"uv": [59.5, 41.5], "uv_size": [1.25, 1.25]},
								"up": {"uv": [6.5, 67.5], "uv_size": [0.5, 1.25]},
								"down": {"uv": [67.5, 8.25], "uv_size": [0.5, -1.25]}
							}
						},
						{
							"origin": [3.90913, 13.70067, -2.12901],
							"size": [0.69641, 1.64248, 0.72269],
							"pivot": [4.18506, 14.24598, -1.62313],
							"rotation": [0, 0, 20],
							"uv": {
								"north": {"uv": [49.5, 72.5], "uv_size": [0.25, 0.75]},
								"east": {"uv": [50, 72.5], "uv_size": [0.25, 0.75]},
								"south": {"uv": [50.5, 72.5], "uv_size": [0.25, 0.75]},
								"west": {"uv": [51, 72.5], "uv_size": [0.25, 0.75]},
								"up": {"uv": [73.5, 25], "uv_size": [0.25, 0.25]},
								"down": {"uv": [25.5, 73.75], "uv_size": [0.25, -0.25]}
							}
						},
						{
							"origin": [4.93838, 12.23114, -1.564],
							"size": [0.69641, 1.26143, 0.72269],
							"pivot": [5.35885, 12.39539, -1.05812],
							"rotation": [0, 0, -4],
							"uv": {
								"north": {"uv": [72.5, 52.5], "uv_size": [0.25, 0.75]},
								"east": {"uv": [53, 72.5], "uv_size": [0.25, 0.75]},
								"south": {"uv": [53.5, 72.5], "uv_size": [0.25, 0.75]},
								"west": {"uv": [72.5, 53.5], "uv_size": [0.25, 0.75]},
								"up": {"uv": [73.5, 26.5], "uv_size": [0.25, 0.25]},
								"down": {"uv": [27, 73.75], "uv_size": [0.25, -0.25]}
							}
						},
						{
							"origin": [4.65743, 11.31817, -1.564],
							"size": [0.69641, 1.05118, 0.72269],
							"pivot": [5.0779, 11.27218, -1.05812],
							"rotation": [0, 0, 16],
							"uv": {
								"north": {"uv": [28.5, 73], "uv_size": [0.25, 0.5]},
								"east": {"uv": [73, 29], "uv_size": [0.25, 0.5]},
								"south": {"uv": [73, 29.5], "uv_size": [0.25, 0.5]},
								"west": {"uv": [73, 30], "uv_size": [0.25, 0.5]},
								"up": {"uv": [73.5, 27.5], "uv_size": [0.25, 0.25]},
								"down": {"uv": [28, 73.75], "uv_size": [0.25, -0.25]}
							}
						},
						{
							"origin": [4.06721, 10.56087, -1.564],
							"size": [0.69641, 1.05119, 0.72269],
							"pivot": [4.48769, 10.51488, -1.05812],
							"rotation": [0, 0, 36],
							"uv": {
								"north": {"uv": [33, 73], "uv_size": [0.25, 0.5]},
								"east": {"uv": [73, 33], "uv_size": [0.25, 0.5]},
								"south": {"uv": [33.5, 73], "uv_size": [0.25, 0.5]},
								"west": {"uv": [73, 33.5], "uv_size": [0.25, 0.5]},
								"up": {"uv": [73.5, 28.5], "uv_size": [0.25, 0.25]},
								"down": {"uv": [29, 73.75], "uv_size": [0.25, -0.25]}
							}
						},
						{
							"origin": [4.87942, 12.14295, -0.72819],
							"size": [0.74516, 1.34973, 0.77328],
							"pivot": [5.32933, 12.3187, -0.18689],
							"rotation": [0, 0, -4],
							"uv": {
								"north": {"uv": [55.5, 72.5], "uv_size": [0.25, 0.75]},
								"east": {"uv": [49, 70.5], "uv_size": [0.5, 0.75]},
								"south": {"uv": [72.5, 55.5], "uv_size": [0.25, 0.75]},
								"west": {"uv": [49.5, 70.5], "uv_size": [0.5, 0.75]},
								"up": {"uv": [36, 73], "uv_size": [0.25, 0.5]},
								"down": {"uv": [36.5, 73.5], "uv_size": [0.25, -0.5]}
							}
						},
						{
							"origin": [3.94727, 10.35576, -0.72819],
							"size": [0.74516, 1.12477, 0.77328],
							"pivot": [4.39718, 10.30656, -0.18689],
							"rotation": [0, 0, 36],
							"uv": {
								"north": {"uv": [37, 73], "uv_size": [0.25, 0.5]},
								"east": {"uv": [48, 71.5], "uv_size": [0.5, 0.5]},
								"south": {"uv": [37.5, 73], "uv_size": [0.25, 0.5]},
								"west": {"uv": [71.5, 49.5], "uv_size": [0.5, 0.5]},
								"up": {"uv": [38, 73], "uv_size": [0.25, 0.5]},
								"down": {"uv": [38.5, 73.5], "uv_size": [0.25, -0.5]}
							}
						},
						{
							"origin": [4.5788, 11.16607, -0.72819],
							"size": [0.74517, 1.12477, 0.77328],
							"pivot": [5.02871, 11.11686, -0.18689],
							"rotation": [0, 0, 16],
							"uv": {
								"north": {"uv": [39, 73], "uv_size": [0.25, 0.5]},
								"east": {"uv": [50.5, 71.5], "uv_size": [0.5, 0.5]},
								"south": {"uv": [39.5, 73], "uv_size": [0.25, 0.5]},
								"west": {"uv": [71.5, 50.5], "uv_size": [0.5, 0.5]},
								"up": {"uv": [40, 73], "uv_size": [0.25, 0.5]},
								"down": {"uv": [40.5, 73.5], "uv_size": [0.25, -0.5]}
							}
						},
						{
							"origin": [4.92834, 12.33202, 0.19599],
							"size": [0.6198, 1.12267, 0.64319],
							"pivot": [5.30256, 12.4782, 0.64623],
							"rotation": [0, 0, -4],
							"uv": {
								"north": {"uv": [45, 73], "uv_size": [0.25, 0.5]},
								"east": {"uv": [45.5, 73], "uv_size": [0.25, 0.5]},
								"south": {"uv": [46, 73], "uv_size": [0.25, 0.5]},
								"west": {"uv": [46.5, 73], "uv_size": [0.25, 0.5]},
								"up": {"uv": [73.5, 31], "uv_size": [0.25, 0.25]},
								"down": {"uv": [31.5, 73.75], "uv_size": [0.25, -0.25]}
							}
						},
						{
							"origin": [4.153, 10.84548, 0.19599],
							"size": [0.6198, 0.93556, 0.64319],
							"pivot": [4.52722, 10.80455, 0.64623],
							"rotation": [0, 0, 36],
							"uv": {
								"north": {"uv": [47, 73], "uv_size": [0.25, 0.5]},
								"east": {"uv": [47.5, 73], "uv_size": [0.25, 0.5]},
								"south": {"uv": [48, 73], "uv_size": [0.25, 0.5]},
								"west": {"uv": [48.5, 73], "uv_size": [0.25, 0.5]},
								"up": {"uv": [73.5, 31.5], "uv_size": [0.25, 0.25]},
								"down": {"uv": [32, 73.75], "uv_size": [0.25, -0.25]}
							}
						},
						{
							"origin": [4.67829, 11.51947, 0.19599],
							"size": [0.61981, 0.93556, 0.64319],
							"pivot": [5.05252, 11.47854, 0.64623],
							"rotation": [0, 0, 16],
							"uv": {
								"north": {"uv": [49, 73], "uv_size": [0.25, 0.5]},
								"east": {"uv": [73, 49.5], "uv_size": [0.25, 0.5]},
								"south": {"uv": [73, 50], "uv_size": [0.25, 0.5]},
								"west": {"uv": [73, 50.5], "uv_size": [0.25, 0.5]},
								"up": {"uv": [73.5, 32], "uv_size": [0.25, 0.25]},
								"down": {"uv": [32.5, 73.75], "uv_size": [0.25, -0.25]}
							}
						},
						{
							"origin": [4.56407, 13.35984, -1.564],
							"size": [0.76051, 2.32669, 2.40459],
							"pivot": [4.78584, 14.45701, -0.5588],
							"rotation": [0, 0, -13],
							"uv": {
								"north": {"uv": [67.5, 10], "uv_size": [0.5, 1.25]},
								"east": {"uv": [59.5, 49], "uv_size": [1.25, 1.25]},
								"south": {"uv": [10.5, 67.5], "uv_size": [0.5, 1.25]},
								"west": {"uv": [50.5, 59.5], "uv_size": [1.25, 1.25]},
								"up": {"uv": [11, 67.5], "uv_size": [0.5, 1.25]},
								"down": {"uv": [11.5, 68.75], "uv_size": [0.5, -1.25]}
							}
						},
						{
							"origin": [3.04086, 14.74896, 0.54035],
							"size": [3.025, 7.18437, 0.52937],
							"pivot": [5.4514, 17.49982, 0.04878],
							"rotation": [4, 0, 0],
							"uv": {
								"north": {"uv": [33.5, 0], "uv_size": [1.5, 3.5]},
								"east": {"uv": [20.5, 66], "uv_size": [0.25, 3.5]},
								"south": {"uv": [2.5, 33.5], "uv_size": [1.5, 3.5]},
								"west": {"uv": [21, 66], "uv_size": [0.25, 3.5]},
								"up": {"uv": [71, 53], "uv_size": [1.5, 0.25]},
								"down": {"uv": [53.5, 71.25], "uv_size": [1.5, -0.25]}
							}
						},
						{
							"origin": [2.65211, 16.03941, -1.66203],
							"size": [0.75625, 5.93656, 2.42],
							"pivot": [3.26656, 17.54246, -0.64109],
							"rotation": [0, 0, 5],
							"uv": {
								"north": {"uv": [6, 60.5], "uv_size": [0.5, 3]},
								"east": {"uv": [44.5, 33.5], "uv_size": [1.25, 3]},
								"south": {"uv": [19.5, 60.5], "uv_size": [0.5, 3]},
								"west": {"uv": [44.5, 36.5], "uv_size": [1.25, 3]},
								"up": {"uv": [36, 67.5], "uv_size": [0.5, 1.25]},
								"down": {"uv": [36.5, 68.75], "uv_size": [0.5, -1.25]}
							}
						},
						{
							"origin": [5.69835, 16.37027, -1.66203],
							"size": [0.75625, 5.6057, 2.42],
							"pivot": [5.84015, 17.54246, -0.64109],
							"rotation": [0, 0, -5],
							"uv": {
								"north": {"uv": [50.5, 61], "uv_size": [0.5, 2.75]},
								"east": {"uv": [46.5, 43.5], "uv_size": [1.25, 2.75]},
								"south": {"uv": [61, 50.5], "uv_size": [0.5, 2.75]},
								"west": {"uv": [46.5, 46.5], "uv_size": [1.25, 2.75]},
								"up": {"uv": [67.5, 36.5], "uv_size": [0.5, 1.25]},
								"down": {"uv": [37, 68.75], "uv_size": [0.5, -1.25]}
							}
						},
						{
							"origin": [3.04086, 14.96814, -1.97438],
							"size": [3.025, 6.96695, 0.77515],
							"pivot": [5.4514, 17.50158, -0.70766],
							"rotation": [-4, 0, 0],
							"uv": {
								"north": {"uv": [33.5, 3.5], "uv_size": [1.5, 3.5]},
								"east": {"uv": [25, 59], "uv_size": [0.5, 3.5]},
								"south": {"uv": [4, 33.5], "uv_size": [1.5, 3.5]},
								"west": {"uv": [25.5, 59], "uv_size": [0.5, 3.5]},
								"up": {"uv": [53.5, 26], "uv_size": [1.5, 0.5]},
								"down": {"uv": [57.5, 46], "uv_size": [1.5, -0.5]}
							}
						},
						{
							"origin": [3.87434, 18.21476, -1.77169],
							"size": [1.28092, 0.4819, 3.73376],
							"pivot": [4.51152, 16.30456, -0.4342],
							"rotation": [96.34534, -29.99496, 0.5773],
							"uv": {
								"north": {"uv": [65.5, 72.5], "uv_size": [0.75, 0.25]},
								"east": {"uv": [69.5, 26], "uv_size": [1.75, 0.25]},
								"south": {"uv": [72.5, 65.5], "uv_size": [0.75, 0.25]},
								"west": {"uv": [69.5, 26.5], "uv_size": [1.75, 0.25]},
								"up": {"uv": [61.5, 50.5], "uv_size": [0.75, 1.75]},
								"down": {"uv": [60, 63.25], "uv_size": [0.75, -1.75]}
							}
						},
						{
							"origin": [3.87486, 18.21287, -1.77169],
							"size": [1.2809, 0.4819, 3.73376],
							"pivot": [4.51152, 16.30456, -0.4342],
							"rotation": [96.5, 0, 0],
							"uv": {
								"north": {"uv": [72.5, 66], "uv_size": [0.75, 0.25]},
								"east": {"uv": [69.5, 27], "uv_size": [1.75, 0.25]},
								"south": {"uv": [66.5, 72.5], "uv_size": [0.75, 0.25]},
								"west": {"uv": [69.5, 27.5], "uv_size": [1.75, 0.25]},
								"up": {"uv": [61, 61.5], "uv_size": [0.75, 1.75]},
								"down": {"uv": [62, 4.75], "uv_size": [0.75, -1.75]}
							}
						},
						{
							"origin": [3.87434, 18.21098, -1.77169],
							"size": [1.28092, 0.48191, 3.73376],
							"pivot": [4.51152, 16.30456, -0.4342],
							"rotation": [96.34534, 29.99496, -0.5773],
							"uv": {
								"north": {"uv": [72.5, 66.5], "uv_size": [0.75, 0.25]},
								"east": {"uv": [69.5, 28], "uv_size": [1.75, 0.25]},
								"south": {"uv": [72.5, 67], "uv_size": [0.75, 0.25]},
								"west": {"uv": [69.5, 28.5], "uv_size": [1.75, 0.25]},
								"up": {"uv": [7.5, 62], "uv_size": [0.75, 1.75]},
								"down": {"uv": [62, 11.25], "uv_size": [0.75, -1.75]}
							}
						},
						{
							"origin": [3.87296, 18.21616, -1.77169],
							"size": [1.28091, 0.4819, 3.73376],
							"pivot": [4.51152, 16.30456, -0.4342],
							"rotation": [95.50061, -59.98489, 1.73144],
							"uv": {
								"north": {"uv": [67.5, 72.5], "uv_size": [0.75, 0.25]},
								"east": {"uv": [69.5, 29], "uv_size": [1.75, 0.25]},
								"south": {"uv": [72.5, 67.5], "uv_size": [0.75, 0.25]},
								"west": {"uv": [69.5, 29.5], "uv_size": [1.75, 0.25]},
								"up": {"uv": [62, 11.5], "uv_size": [0.75, 1.75]},
								"down": {"uv": [12.5, 63.75], "uv_size": [0.75, -1.75]}
							}
						},
						{
							"origin": [3.87107, 18.20155, -1.77169],
							"size": [1.28092, 0.49701, 3.73372],
							"pivot": [4.51152, 16.30456, -0.4342],
							"rotation": [7.5, -89, 90],
							"uv": {
								"north": {"uv": [72.5, 68], "uv_size": [0.75, 0.25]},
								"east": {"uv": [69.5, 30.5], "uv_size": [1.75, 0.25]},
								"south": {"uv": [68.5, 72.5], "uv_size": [0.75, 0.25]},
								"west": {"uv": [69.5, 31], "uv_size": [1.75, 0.25]},
								"up": {"uv": [13.5, 62], "uv_size": [0.75, 1.75]},
								"down": {"uv": [62, 15.25], "uv_size": [0.75, -1.75]}
							}
						},
						{
							"origin": [3.86917, 18.21615, -1.77169],
							"size": [1.28091, 0.4819, 3.73372],
							"pivot": [4.51152, 16.30456, -0.4342],
							"rotation": [-80.50061, -59.98489, 178.26856],
							"uv": {
								"north": {"uv": [72.5, 68.5], "uv_size": [0.75, 0.25]},
								"east": {"uv": [69.5, 31.5], "uv_size": [1.75, 0.25]},
								"south": {"uv": [72.5, 69], "uv_size": [0.75, 0.25]},
								"west": {"uv": [69.5, 32], "uv_size": [1.75, 0.25]},
								"up": {"uv": [16.5, 62], "uv_size": [0.75, 1.75]},
								"down": {"uv": [17.5, 63.75], "uv_size": [0.75, -1.75]}
							}
						},
						{
							"origin": [3.86778, 18.21477, -1.77169],
							"size": [1.28092, 0.4819, 3.73372],
							"pivot": [4.51152, 16.30456, -0.4342],
							"rotation": [-81.34534, -29.99496, 179.4227],
							"uv": {
								"north": {"uv": [69.5, 72.5], "uv_size": [0.75, 0.25]},
								"east": {"uv": [69.5, 32.5], "uv_size": [1.75, 0.25]},
								"south": {"uv": [72.5, 69.5], "uv_size": [0.75, 0.25]},
								"west": {"uv": [69.5, 33], "uv_size": [1.75, 0.25]},
								"up": {"uv": [18.5, 62], "uv_size": [0.75, 1.75]},
								"down": {"uv": [20, 63.75], "uv_size": [0.75, -1.75]}
							}
						},
						{
							"origin": [3.86728, 18.21287, -1.77169],
							"size": [1.28092, 0.4819, 3.73372],
							"pivot": [4.51152, 16.30456, -0.4342],
							"rotation": [-81.5, 0, -180],
							"uv": {
								"north": {"uv": [72.5, 70], "uv_size": [0.75, 0.25]},
								"east": {"uv": [69.5, 33.5], "uv_size": [1.75, 0.25]},
								"south": {"uv": [70.5, 72.5], "uv_size": [0.75, 0.25]},
								"west": {"uv": [69.5, 34], "uv_size": [1.75, 0.25]},
								"up": {"uv": [21, 62], "uv_size": [0.75, 1.75]},
								"down": {"uv": [22, 63.75], "uv_size": [0.75, -1.75]}
							}
						},
						{
							"origin": [3.86778, 18.21097, -1.77169],
							"size": [1.28092, 0.4819, 3.73372],
							"pivot": [4.51152, 16.30456, -0.4342],
							"rotation": [-81.34534, 29.99496, -179.4227],
							"uv": {
								"north": {"uv": [72.5, 71], "uv_size": [0.75, 0.25]},
								"east": {"uv": [69.5, 34.5], "uv_size": [1.75, 0.25]},
								"south": {"uv": [71.5, 72.5], "uv_size": [0.75, 0.25]},
								"west": {"uv": [69.5, 35], "uv_size": [1.75, 0.25]},
								"up": {"uv": [23, 62], "uv_size": [0.75, 1.75]},
								"down": {"uv": [24, 63.75], "uv_size": [0.75, -1.75]}
							}
						},
						{
							"origin": [3.86917, 18.2096, -1.77169],
							"size": [1.28091, 0.4819, 3.73372],
							"pivot": [4.51152, 16.30456, -0.4342],
							"rotation": [-80.50061, 59.98489, -178.26856],
							"uv": {
								"north": {"uv": [72.5, 71.5], "uv_size": [0.75, 0.25]},
								"east": {"uv": [69.5, 35.5], "uv_size": [1.75, 0.25]},
								"south": {"uv": [72.5, 72], "uv_size": [0.75, 0.25]},
								"west": {"uv": [69.5, 36], "uv_size": [1.75, 0.25]},
								"up": {"uv": [62, 24], "uv_size": [0.75, 1.75]},
								"down": {"uv": [62, 27.75], "uv_size": [0.75, -1.75]}
							}
						},
						{
							"origin": [3.87105, 18.2091, -1.77169],
							"size": [1.28092, 0.48191, 3.73372],
							"pivot": [4.51152, 16.30456, -0.4342],
							"rotation": [7.5, 89, -90],
							"uv": {
								"north": {"uv": [72.5, 72.5], "uv_size": [0.75, 0.25]},
								"east": {"uv": [69.5, 36.5], "uv_size": [1.75, 0.25]},
								"south": {"uv": [0, 73], "uv_size": [0.75, 0.25]},
								"west": {"uv": [69.5, 37], "uv_size": [1.75, 0.25]},
								"up": {"uv": [62, 28], "uv_size": [0.75, 1.75]},
								"down": {"uv": [62, 31.75], "uv_size": [0.75, -1.75]}
							}
						},
						{
							"origin": [3.87296, 18.20959, -1.77169],
							"size": [1.28091, 0.4819, 3.73376],
							"pivot": [4.51152, 16.30456, -0.4342],
							"rotation": [95.50061, 59.98489, -1.73144],
							"uv": {
								"north": {"uv": [73, 0], "uv_size": [0.75, 0.25]},
								"east": {"uv": [69.5, 37.5], "uv_size": [1.75, 0.25]},
								"south": {"uv": [73, 0.5], "uv_size": [0.75, 0.25]},
								"west": {"uv": [69.5, 38], "uv_size": [1.75, 0.25]},
								"up": {"uv": [62, 32], "uv_size": [0.75, 1.75]},
								"down": {"uv": [35, 63.75], "uv_size": [0.75, -1.75]}
							}
						},
						{
							"origin": [3.04086, 14.70539, -1.66203],
							"size": [3.025, 7.30727, 2.42],
							"uv": {
								"north": {"uv": [32, 0], "uv_size": [1.5, 3.75]},
								"east": {"uv": [39, 31], "uv_size": [1.25, 3.75]},
								"south": {"uv": [32, 4], "uv_size": [1.5, 3.75]},
								"west": {"uv": [39.5, 12], "uv_size": [1.25, 3.75]},
								"up": {"uv": [2, 58.5], "uv_size": [1.5, 1.25]},
								"down": {"uv": [58.5, 6.25], "uv_size": [1.5, -1.25]}
							}
						}
					]
				}
			]
		}
	]
}