{
	"format_version": "1.8.0",
	"animations": {
		"use_mainhand:eat": {
			"loop": true,
			"animation_length": 1.625,
			"bones": {
				"RightArm": {
					"rotation": {
						"0.0": {
							"post": [-54.85353, -19.60638, 29.49793],
							"lerp_mode": "catmullrom"
						},
						"0.0833": {
							"post": [-69.49209, -23.22687, 42.30477],
							"lerp_mode": "catmullrom"
						},
						"0.25": {
							"post": [-69.49209, -23.22687, 42.30477],
							"lerp_mode": "catmullrom"
						},
						"0.375": {
							"post": [-31.64215, -24.29567, 26.92865],
							"lerp_mode": "catmullrom"
						},
						"0.7083": {
							"post": [-26.53514, -23.22975, 18.15761],
							"lerp_mode": "catmullrom"
						},
						"1.0833": {
							"post": [-28.13104, -22.85842, 17.72356],
							"lerp_mode": "catmullrom"
						},
						"1.4167": {
							"post": [-31.16089, -19.53754, 18.0462],
							"lerp_mode": "catmullrom"
						},
						"1.5833": {
							"post": [-48.53985, -13.69097, 27.98871],
							"lerp_mode": "catmullrom"
						},
						"1.625": {
							"post": [-54.85353, -19.60638, 29.49793],
							"lerp_mode": "catmullrom"
						}
					}
				},
				"RightForeArm": {
					"rotation": {
						"0.0": {
							"post": [-110, 0, 0],
							"lerp_mode": "catmullrom"
						},
						"0.0833": {
							"post": [-117.5, 0, 0],
							"lerp_mode": "catmullrom"
						},
						"0.25": {
							"post": [-117.5, 0, 0],
							"lerp_mode": "catmullrom"
						},
						"0.2917": {
							"post": [-123.61, 0, 0],
							"lerp_mode": "catmullrom"
						},
						"0.375": {
							"post": [-115, 0, 0],
							"lerp_mode": "catmullrom"
						},
						"0.7083": {
							"post": [-110.01, 0, 0],
							"lerp_mode": "catmullrom"
						},
						"1.0833": {
							"post": [-106.89, 0, 0],
							"lerp_mode": "catmullrom"
						},
						"1.4167": {
							"post": [-109.25, 0, 0],
							"lerp_mode": "catmullrom"
						},
						"1.5833": {
							"post": [-86.6, 0, 0],
							"lerp_mode": "catmullrom"
						},
						"1.625": {
							"post": [-110, 0, 0],
							"lerp_mode": "catmullrom"
						}
					}
				},
				"Head": {
					"rotation": {
						"0.0": {
							"post": [-7.5, 0, 0],
							"lerp_mode": "catmullrom"
						},
						"0.125": {
							"post": [5, 0, 0],
							"lerp_mode": "catmullrom"
						},
						"0.375": {
							"post": [3.75, 0, 0],
							"lerp_mode": "catmullrom"
						},
						"0.5833": {
							"post": [5, 0, 0],
							"lerp_mode": "catmullrom"
						},
						"0.7917": {
							"post": [3.75, 0, 0],
							"lerp_mode": "catmullrom"
						},
						"1.0": {
							"post": [5, 0, 0],
							"lerp_mode": "catmullrom"
						},
						"1.25": {
							"post": [3.75, 0, 0],
							"lerp_mode": "catmullrom"
						},
						"1.4167": {
							"post": [5, 0, 0],
							"lerp_mode": "catmullrom"
						},
						"1.625": {
							"post": [-7.5, 0, 0],
							"lerp_mode": "catmullrom"
						}
					}
				},
				"RightHandLocator": {
					"position": [0, -1, 0]
				}
			}
		},
		"use_offhand:eat": {
			"loop": true,
			"animation_length": 1.625,
			"bones": {
				"LeftArm": {
					"rotation": {
						"0.0": {
							"post": [-54.85353, 19.60638, -29.49793],
							"lerp_mode": "catmullrom"
						},
						"0.125": {
							"post": [-69.49209, 23.22687, -42.30477],
							"lerp_mode": "catmullrom"
						},
						"0.2083": {
							"post": [-69.49209, 23.22687, -42.30477],
							"lerp_mode": "catmullrom"
						},
						"0.375": {
							"post": [-31.64215, 24.29567, -26.92865],
							"lerp_mode": "catmullrom"
						},
						"0.7083": {
							"post": [-26.53514, 23.22975, -18.15761],
							"lerp_mode": "catmullrom"
						},
						"1.0833": {
							"post": [-28.13104, 22.85842, -17.72356],
							"lerp_mode": "catmullrom"
						},
						"1.4583": {
							"post": [-31.16089, 19.53754, -18.0462],
							"lerp_mode": "catmullrom"
						},
						"1.5417": {
							"post": [-48.53985, 13.69097, -27.98871],
							"lerp_mode": "catmullrom"
						},
						"1.5833": {
							"post": [-54.85353, 19.60638, -29.49793],
							"lerp_mode": "catmullrom"
						}
					}
				},
				"LeftForeArm": {
					"rotation": {
						"0.0": {
							"post": [-110, 0, 0],
							"lerp_mode": "catmullrom"
						},
						"0.125": {
							"post": [-117.5, 0, 0],
							"lerp_mode": "catmullrom"
						},
						"0.2083": {
							"post": [-117.5, 0, 0],
							"lerp_mode": "catmullrom"
						},
						"0.25": {
							"post": [-123.61, 0, 0],
							"lerp_mode": "catmullrom"
						},
						"0.375": {
							"post": [-115, 0, 0],
							"lerp_mode": "catmullrom"
						},
						"0.7083": {
							"post": [-110.01, 0, 0],
							"lerp_mode": "catmullrom"
						},
						"1.0833": {
							"post": [-106.89, 0, 0],
							"lerp_mode": "catmullrom"
						},
						"1.4583": {
							"post": [-109.25, 0, 0],
							"lerp_mode": "catmullrom"
						},
						"1.5417": {
							"post": [-86.6, 0, 0],
							"lerp_mode": "catmullrom"
						},
						"1.5833": {
							"post": [-110, 0, 0],
							"lerp_mode": "catmullrom"
						}
					}
				},
				"Head": {
					"rotation": {
						"0.0": {
							"post": [-7.5, 0, 0],
							"lerp_mode": "catmullrom"
						},
						"0.1667": {
							"post": [5, 0, 0],
							"lerp_mode": "catmullrom"
						},
						"0.375": {
							"post": [3.75, 0, 0],
							"lerp_mode": "catmullrom"
						},
						"0.5833": {
							"post": [5, 0, 0],
							"lerp_mode": "catmullrom"
						},
						"0.7917": {
							"post": [3.75, 0, 0],
							"lerp_mode": "catmullrom"
						},
						"1.0": {
							"post": [5, 0, 0],
							"lerp_mode": "catmullrom"
						},
						"1.2083": {
							"post": [3.75, 0, 0],
							"lerp_mode": "catmullrom"
						},
						"1.4583": {
							"post": [5, 0, 0],
							"lerp_mode": "catmullrom"
						},
						"1.5833": {
							"post": [-7.5, 0, 0],
							"lerp_mode": "catmullrom"
						}
					}
				},
				"LeftHandLocator": {
					"position": [0, -1, 0]
				}
			}
		},
		"use_mainhand:drink": {
			"loop": true,
			"animation_length": 1.58333,
			"bones": {
				"UpBody": {
					"rotation": {
						"0.0": {
							"post": [0, 0, 0],
							"lerp_mode": "catmullrom"
						},
						"0.1667": {
							"post": [-5, 0, 0],
							"lerp_mode": "catmullrom"
						},
						"0.2917": {
							"post": [-4.25, 0, 0],
							"lerp_mode": "catmullrom"
						},
						"0.4583": {
							"post": [-7.5, 0, 0],
							"lerp_mode": "catmullrom"
						},
						"0.625": {
							"post": [-6.75, 0, 0],
							"lerp_mode": "catmullrom"
						},
						"0.7917": {
							"post": [-10, 0, 0],
							"lerp_mode": "catmullrom"
						},
						"1.0833": {
							"post": [-11.75, 0, 0],
							"lerp_mode": "catmullrom"
						},
						"1.25": {
							"post": [-10, 0, 0],
							"lerp_mode": "catmullrom"
						},
						"1.4167": {
							"post": [0, 0, 0],
							"lerp_mode": "catmullrom"
						},
						"1.5833": {
							"post": [0, 0, 0],
							"lerp_mode": "catmullrom"
						}
					}
				},
				"RightArm": {
					"rotation": {
						"0.0": {
							"post": [-10.84904, -14.57421, 9.75071],
							"lerp_mode": "catmullrom"
						},
						"0.0417": [-15.34656, -14.65923, 10.38631],
						"0.0833": [-29.94761, -14.94196, 12.47332],
						"0.125": [-56.0792, -15.45162, 16.21905],
						"0.1667": [-84.8081, -15.93452, 20.02081],
						"0.2083": [-85.52971, -15.93452, 20.02081],
						"0.25": [-86.08648, -15.93452, 20.02081],
						"0.2917": [-86.8081, -15.93452, 20.02081],
						"0.3333": [-86.68618, -15.93452, 20.02081],
						"0.4167": [-85.68002, -15.93452, 20.02081],
						"0.4583": [-85.5581, -15.93452, 20.02081],
						"0.5": [-85.54621, -15.93452, 20.02081],
						"0.5833": [-84.81998, -15.93452, 20.02081],
						"0.625": [-84.8081, -15.93452, 20.02081],
						"0.6667": [-85.12631, -15.93452, 20.02081],
						"0.75": [-85.23988, -15.93452, 20.02081],
						"0.7917": [-85.5581, -15.93452, 20.02081],
						"0.8333": [-86.13518, -15.93452, 20.02081],
						"1.0417": [-88.23102, -15.93452, 20.02081],
						"1.0833": [-88.8081, -15.93452, 20.02081],
						"1.125": [-89.4014, -15.93452, 20.02081],
						"1.2083": [-90.2148, -15.93452, 20.02081],
						"1.25": [-90.8081, -15.93452, 20.02081],
						"1.2917": [-60.28861, -15.45162, 16.21905],
						"1.3333": [-31.78177, -14.94196, 12.47332],
						"1.375": [-15.78537, -14.65923, 10.38631],
						"1.4167": {
							"pre": [-10.84904, -14.57421, 9.75071],
							"post": [-10.84904, -14.57421, 9.75071],
							"lerp_mode": "catmullrom"
						},
						"1.5833": {
							"post": [-10.84904, -14.57421, 9.75071],
							"lerp_mode": "catmullrom"
						}
					}
				},
				"RightForeArm": {
					"rotation": {
						"0.0": {
							"post": [-87.5, 0, 0],
							"lerp_mode": "catmullrom"
						},
						"0.0833": {
							"post": [-81.33, 0, 0],
							"lerp_mode": "catmullrom"
						},
						"0.1667": {
							"post": [-100, 0, 0],
							"lerp_mode": "catmullrom"
						},
						"0.2917": {
							"post": [-98.75, 0, 0],
							"lerp_mode": "catmullrom"
						},
						"0.4583": {
							"post": [-100, 0, 0],
							"lerp_mode": "catmullrom"
						},
						"0.625": {
							"post": [-98.75, 0, 0],
							"lerp_mode": "catmullrom"
						},
						"0.7917": {
							"post": [-100, 0, 0],
							"lerp_mode": "catmullrom"
						},
						"1.0833": {
							"post": [-98.75, 0, 0],
							"lerp_mode": "catmullrom"
						},
						"1.25": {
							"post": [-97.5, 0, 0],
							"lerp_mode": "catmullrom"
						},
						"1.3333": {
							"post": [-81.33, 0, 0],
							"lerp_mode": "catmullrom"
						},
						"1.4167": {
							"post": [-87.5, 0, 0],
							"lerp_mode": "catmullrom"
						},
						"1.5833": {
							"post": [-87.5, 0, 0],
							"lerp_mode": "catmullrom"
						}
					}
				},
				"Head": {
					"rotation": {
						"0.0": {
							"post": [0, 0, 0],
							"lerp_mode": "catmullrom"
						},
						"0.125": {
							"post": [-12.5, 0, 0],
							"lerp_mode": "catmullrom"
						},
						"0.2917": {
							"post": [-16, 0, 0],
							"lerp_mode": "catmullrom"
						},
						"0.4583": {
							"post": [-14.25, 0, 0],
							"lerp_mode": "catmullrom"
						},
						"0.625": {
							"post": [-13, 0, 0],
							"lerp_mode": "catmullrom"
						},
						"0.7917": {
							"post": [-13.75, 0, 0],
							"lerp_mode": "catmullrom"
						},
						"1.0833": {
							"post": [-17.5, 0, 0],
							"lerp_mode": "catmullrom"
						},
						"1.25": {
							"post": [-17.75, 0, 0],
							"lerp_mode": "catmullrom"
						},
						"1.4167": {
							"post": [0, 0, 0],
							"lerp_mode": "catmullrom"
						},
						"1.5833": {
							"post": [0, 0, 0],
							"lerp_mode": "catmullrom"
						}
					}
				}
			}
		},
		"use_offhand:drink": {
			"loop": true,
			"animation_length": 1.58333,
			"bones": {
				"UpBody": {
					"rotation": {
						"0.0": {
							"post": [0, 0, 0],
							"lerp_mode": "catmullrom"
						},
						"0.1667": {
							"post": [-5, 0, 0],
							"lerp_mode": "catmullrom"
						},
						"0.2917": {
							"post": [-4.25, 0, 0],
							"lerp_mode": "catmullrom"
						},
						"0.4583": {
							"post": [-7.5, 0, 0],
							"lerp_mode": "catmullrom"
						},
						"0.625": {
							"post": [-6.75, 0, 0],
							"lerp_mode": "catmullrom"
						},
						"0.7917": {
							"post": [-10, 0, 0],
							"lerp_mode": "catmullrom"
						},
						"1.0833": {
							"post": [-11.75, 0, 0],
							"lerp_mode": "catmullrom"
						},
						"1.25": {
							"post": [-10, 0, 0],
							"lerp_mode": "catmullrom"
						},
						"1.4167": {
							"post": [0, 0, 0],
							"lerp_mode": "catmullrom"
						},
						"1.5833": {
							"post": [0, 0, 0],
							"lerp_mode": "catmullrom"
						}
					}
				},
				"LeftArm": {
					"rotation": {
						"0.0": {
							"post": [-10.84904, 14.57421, -9.75071],
							"lerp_mode": "catmullrom"
						},
						"0.0417": [-15.34656, 14.65923, -10.38631],
						"0.0833": [-29.94761, 14.94196, -12.47332],
						"0.125": [-56.0792, 15.45162, -16.21905],
						"0.1667": [-84.8081, 15.93452, -20.02081],
						"0.2083": [-85.52971, 15.93452, -20.02081],
						"0.25": [-86.08648, 15.93452, -20.02081],
						"0.2917": [-86.8081, 15.93452, -20.02081],
						"0.3333": [-86.68618, 15.93452, -20.02081],
						"0.4167": [-85.68002, 15.93452, -20.02081],
						"0.4583": [-85.5581, 15.93452, -20.02081],
						"0.5": [-85.54621, 15.93452, -20.02081],
						"0.5833": [-84.81998, 15.93452, -20.02081],
						"0.625": [-84.8081, 15.93452, -20.02081],
						"0.6667": [-85.12631, 15.93452, -20.02081],
						"0.75": [-85.23988, 15.93452, -20.02081],
						"0.7917": [-85.5581, 15.93452, -20.02081],
						"0.8333": [-86.13518, 15.93452, -20.02081],
						"1.0417": [-88.23102, 15.93452, -20.02081],
						"1.0833": [-88.8081, 15.93452, -20.02081],
						"1.125": [-89.4014, 15.93452, -20.02081],
						"1.2083": [-90.2148, 15.93452, -20.02081],
						"1.25": [-90.8081, 15.93452, -20.02081],
						"1.2917": [-60.28861, 15.45162, -16.21905],
						"1.3333": [-31.78177, 14.94196, -12.47332],
						"1.375": [-15.78537, 14.65923, -10.38631],
						"1.4167": {
							"pre": [-10.84904, 14.57421, -9.75071],
							"post": [-10.84904, 14.57421, -9.75071],
							"lerp_mode": "catmullrom"
						},
						"1.5833": {
							"post": [-10.84904, 14.57421, -9.75071],
							"lerp_mode": "catmullrom"
						}
					}
				},
				"LeftForeArm": {
					"rotation": {
						"0.0": {
							"post": [-87.5, 0, 0],
							"lerp_mode": "catmullrom"
						},
						"0.0833": {
							"post": [-81.33, 0, 0],
							"lerp_mode": "catmullrom"
						},
						"0.1667": {
							"post": [-100, 0, 0],
							"lerp_mode": "catmullrom"
						},
						"0.2917": {
							"post": [-98.75, 0, 0],
							"lerp_mode": "catmullrom"
						},
						"0.4583": {
							"post": [-100, 0, 0],
							"lerp_mode": "catmullrom"
						},
						"0.625": {
							"post": [-98.75, 0, 0],
							"lerp_mode": "catmullrom"
						},
						"0.7917": {
							"post": [-100, 0, 0],
							"lerp_mode": "catmullrom"
						},
						"1.0833": {
							"post": [-98.75, 0, 0],
							"lerp_mode": "catmullrom"
						},
						"1.25": {
							"post": [-97.5, 0, 0],
							"lerp_mode": "catmullrom"
						},
						"1.3333": {
							"post": [-81.33, 0, 0],
							"lerp_mode": "catmullrom"
						},
						"1.4167": {
							"post": [-87.5, 0, 0],
							"lerp_mode": "catmullrom"
						},
						"1.5833": {
							"post": [-87.5, 0, 0],
							"lerp_mode": "catmullrom"
						}
					}
				},
				"Head": {
					"rotation": {
						"0.0": {
							"post": [0, 0, 0],
							"lerp_mode": "catmullrom"
						},
						"0.125": {
							"post": [-12.5, 0, 0],
							"lerp_mode": "catmullrom"
						},
						"0.2917": {
							"post": [-16, 0, 0],
							"lerp_mode": "catmullrom"
						},
						"0.4583": {
							"post": [-14.25, 0, 0],
							"lerp_mode": "catmullrom"
						},
						"0.625": {
							"post": [-13, 0, 0],
							"lerp_mode": "catmullrom"
						},
						"0.7917": {
							"post": [-13.75, 0, 0],
							"lerp_mode": "catmullrom"
						},
						"1.0833": {
							"post": [-17.5, 0, 0],
							"lerp_mode": "catmullrom"
						},
						"1.25": {
							"post": [-17.75, 0, 0],
							"lerp_mode": "catmullrom"
						},
						"1.4167": {
							"post": [0, 0, 0],
							"lerp_mode": "catmullrom"
						},
						"1.5833": {
							"post": [0, 0, 0],
							"lerp_mode": "catmullrom"
						}
					}
				}
			}
		},
		"use_mainhand:bow": {
			"loop": "hold_on_last_frame",
			"animation_length": 60,
			"bones": {
				"UpBody": {
					"rotation": {
						"0.0": {
							"post": [10.0698, -64.5813, -11.1234],
							"lerp_mode": "catmullrom"
						},
						"0.5": {
							"post": [-3.3031, "(ysm.head_yaw<0)?(-75-0.5*ysm.head_yaw):(-75)", 0.8413],
							"lerp_mode": "catmullrom"
						},
						"1.0": {
							"post": [-3.9489, "(ysm.head_yaw<0)?(-77.4888-ysm.head_yaw):(-77.4888)", 1.506],
							"lerp_mode": "catmullrom"
						}
					}
				},
				"LeftArm": {
					"rotation": {
						"0.0": {
							"post": [-51.1309, 33.6397, -57.0131],
							"lerp_mode": "catmullrom"
						},
						"0.5": {
							"post": [-42.3116, 14.7367, -66.1183],
							"lerp_mode": "catmullrom"
						},
						"1.0": {
							"post": [20.9526, 11.0157, -62.6916],
							"lerp_mode": "catmullrom"
						}
					}
				},
				"LeftForeArm": {
					"rotation": {
						"0.0": {
							"post": [-72.5, 0, 0],
							"lerp_mode": "catmullrom"
						},
						"0.5": {
							"post": [-105, 0, 0],
							"lerp_mode": "catmullrom"
						},
						"1.0": {
							"post": [-155, 0, 0],
							"lerp_mode": "catmullrom"
						}
					}
				},
				"RightArm": {
					"rotation": {
						"0.0": {
							"post": [-51.4704, 7.4448, -28.9102],
							"lerp_mode": "catmullrom"
						},
						"0.5": {
							"post": [-80.1097, 29.4633, -11.3843],
							"lerp_mode": "catmullrom"
						},
						"1.0": {
							"post": [-77.0228, 61.5595, -5.0828],
							"lerp_mode": "catmullrom"
						}
					}
				},
				"RightForeArm": {
					"rotation": {
						"0.0": {
							"post": [-5, 0, 0],
							"lerp_mode": "catmullrom"
						},
						"0.5": {
							"post": [0, 0, 0],
							"lerp_mode": "catmullrom"
						},
						"1.0": {
							"post": [0, 0, 0],
							"lerp_mode": "catmullrom"
						}
					}
				},
				"Head": {
					"rotation": {
						"0.0": {
							"post": [13.0859, 61.5204, 15.6374],
							"lerp_mode": "catmullrom"
						},
						"0.5": {
							"post": [45.8757, "65.2536+0.5*ysm.head_yaw", 38.7767],
							"lerp_mode": "catmullrom"
						},
						"1.0": {
							"post": [51.2554, "70.4355+ysm.head_yaw", 44.3434],
							"lerp_mode": "catmullrom"
						}
					}
				},
				"RightHandLocator": {
					"rotation": {
						"0.0": [0, 0, 47.5],
						"0.5": [0, 0, 47.5],
						"1.0": [0, 0, 15]
					},
					"scale": {
						"0.0": [1, 1, 1],
						"0.5": [1.5, 1.5, 1.5],
						"1.0": [2, 2, 2]
					}
				},
				"AllBody": {
					"rotation": [0, "(ysm.head_yaw<0)?(0):(-ysm.head_yaw)", 0]
				},
				"Arm": {
					"rotation": {
						"0.0": [0, 0, 0],
						"1.0": [0, "ysm.head_pitch/9", "ysm.head_pitch"]
					}
				}
			}
		},
		"use_offhand:bow": {
			"loop": "hold_on_last_frame",
			"animation_length": 60,
			"bones": {
				"UpBody": {
					"rotation": {
						"0.0": {
							"post": [10.0698, 64.5813, 11.1234],
							"lerp_mode": "catmullrom"
						},
						"0.5": {
							"post": [-3.3031, "(ysm.head_yaw>0)?(75-0.5*ysm.head_yaw):(75)", -0.8413],
							"lerp_mode": "catmullrom"
						},
						"1.0": {
							"post": [-3.9489, "(ysm.head_yaw>0)?(77.4888-ysm.head_yaw):(77.4888)", -1.506],
							"lerp_mode": "catmullrom"
						}
					}
				},
				"LeftArm": {
					"rotation": {
						"0.0": {
							"post": [-51.4704, -7.4448, 28.9102],
							"lerp_mode": "catmullrom"
						},
						"0.5": {
							"post": [-80.1097, -29.4633, 11.3843],
							"lerp_mode": "catmullrom"
						},
						"1.0": {
							"post": [-77.0228, -61.5595, 5.0828],
							"lerp_mode": "catmullrom"
						}
					}
				},
				"LeftForeArm": {
					"rotation": {
						"0.0": {
							"post": [-5, 0, 0],
							"lerp_mode": "catmullrom"
						},
						"0.5": {
							"post": [0, 0, 0],
							"lerp_mode": "catmullrom"
						},
						"1.0": {
							"post": [0, 0, 0],
							"lerp_mode": "catmullrom"
						}
					}
				},
				"RightArm": {
					"rotation": {
						"0.0": {
							"post": [-51.1309, -33.6397, 57.0131],
							"lerp_mode": "catmullrom"
						},
						"0.5": {
							"post": [-42.3116, -14.7367, 66.1183],
							"lerp_mode": "catmullrom"
						},
						"1.0": {
							"post": [20.9526, -11.0157, 62.6916],
							"lerp_mode": "catmullrom"
						}
					}
				},
				"RightForeArm": {
					"rotation": {
						"0.0": {
							"post": [-72.5, 0, 0],
							"lerp_mode": "catmullrom"
						},
						"0.5": {
							"post": [-105, 0, 0],
							"lerp_mode": "catmullrom"
						},
						"1.0": {
							"post": [-155, 0, 0],
							"lerp_mode": "catmullrom"
						}
					}
				},
				"Head": {
					"rotation": {
						"0.0": {
							"post": [13.0859, -61.5204, -15.6374],
							"lerp_mode": "catmullrom"
						},
						"0.5": {
							"post": [45.8757, "-65.2536+0.5*ysm.head_yaw", -38.7767],
							"lerp_mode": "catmullrom"
						},
						"1.0": {
							"post": [51.2554, "-70.4355+ysm.head_yaw", -44.3434],
							"lerp_mode": "catmullrom"
						}
					}
				},
				"LeftHandLocator": {
					"rotation": {
						"0.0": [0, 0, -42.5],
						"0.5": [0, 0, -42.5],
						"1.0": [0, 0, -15]
					},
					"scale": {
						"0.0": [1, 1, 1],
						"0.5": [1.5, 1.5, 1.5],
						"1.0": [2, 2, 2]
					}
				},
				"AllBody": {
					"rotation": [0, "(ysm.head_yaw>0)?(0):(-ysm.head_yaw)", 0]
				},
				"Arm": {
					"rotation": {
						"0.0": [0, 0, 0],
						"1.0": [0, "-ysm.head_pitch/9", "-ysm.head_pitch"]
					}
				}
			}
		},
		"use_mainhand:crossbow": {
			"loop": "hold_on_last_frame",
			"animation_length": 10,
			"bones": {
				"UpBody": {
					"rotation": {
						"0.0": {
							"post": ["8.6439-0.25*ysm.head_pitch", "(ysm.head_yaw<0)?(29.7174-0.3*ysm.head_yaw):(29.7174-0.8*ysm.head_yaw)", 4.30963],
							"lerp_mode": "catmullrom"
						}
					}
				},
				"AllHead": {
					"rotation": {
						"0.0": {
							"post": [0, -27.5, 0],
							"lerp_mode": "catmullrom"
						}
					}
				},
				"Head": {
					"rotation": {
						"0.0": {
							"post": ["-7.5+(1-0.7)*ysm.head_pitch", "(ysm.head_yaw<0)?((1-0.7)*ysm.head_yaw):((1-0.2)*ysm.head_yaw)", -5],
							"lerp_mode": "catmullrom"
						},
						"0.1667": {
							"post": ["22.385+(1-0.5)*ysm.head_pitch", "(ysm.head_yaw<0)?((1-0.5)*ysm.head_yaw-8.6541):((1-0.15)*ysm.head_yaw-8.6541)", -5.21036],
							"lerp_mode": "catmullrom"
						},
						"0.5417": {
							"post": ["7.344+(1-0.3)*ysm.head_pitch", "(ysm.head_yaw<0)?((1-0.3)*ysm.head_yaw-6.2236):((1-0.1)*ysm.head_yaw-6.2236)", -3.2926],
							"lerp_mode": "catmullrom"
						},
						"0.9167": {
							"post": ["7.344+(1-0.1)*ysm.head_pitch", "(ysm.head_yaw<0)?((1-0.1)*ysm.head_yaw-6.2236):((1-0.05)*ysm.head_yaw-6.2236)", -3.2926],
							"lerp_mode": "catmullrom"
						},
						"1.1667": {
							"post": ["-5.0706+(1-0.3)*ysm.head_pitch", "(ysm.head_yaw<0)?((1-0.3)*ysm.head_yaw-9.2626):((1-0.1)*ysm.head_yaw-9.2626)", -6.26843],
							"lerp_mode": "catmullrom"
						},
						"1.4167": {
							"post": ["-5.0706+(1-0.5)*ysm.head_pitch", "(ysm.head_yaw<0)?((1-0.5)*ysm.head_yaw-9.2626):((1-0.15)*ysm.head_yaw-9.2626)", -6.26843],
							"lerp_mode": "catmullrom"
						},
						"1.6667": {
							"post": ["-7.5+(1-0.7)*ysm.head_pitch", "(ysm.head_yaw<0)?((1-0.7)*ysm.head_yaw):((1-0.2)*ysm.head_yaw)", -5],
							"lerp_mode": "catmullrom"
						}
					}
				},
				"LeftArm": {
					"rotation": {
						"0.0": {
							"post": [-84.60457, 13.99724, -8.96831],
							"lerp_mode": "catmullrom"
						},
						"0.0417": [-75.76114, 16.94757, -8.22897],
						"0.0833": [-32.27567, 32.187, -4.41004],
						"0.125": [18.94165, 47.42643, -0.59111],
						"0.1667": [31.21437, 50.37676, 0.14823],
						"0.2083": [32.80079, 50.37676, 0.14823],
						"0.25": [33.71963, 50.37676, 0.14823],
						"0.2917": [32.88901, 50.37676, 0.14823],
						"0.3333": [31.21437, 50.37676, 0.14823],
						"0.375": [20.98523, 47.97247, -1.76701],
						"0.4167": [-3.19623, 39.31025, -8.66728],
						"0.4583": [-28.50141, 26.31984, -19.01537],
						"0.5": [-44.35158, 17.65762, -25.91564],
						"0.5417": [-49.23507, 15.25333, -27.83088],
						"0.5833": [-49.28659, 15.25333, -27.83088],
						"0.625": [-49.68354, 15.25333, -27.83088],
						"0.6667": [-49.73507, 15.25333, -27.83088],
						"0.75": {
							"pre": [-69.98507, 15.25333, -27.83088],
							"post": [-69.98507, 15.25333, -27.83088],
							"lerp_mode": "catmullrom"
						},
						"0.9167": {
							"post": [-69.98507, 15.25333, -27.83088],
							"lerp_mode": "catmullrom"
						},
						"1.0417": {
							"post": [-70.91921, -10.78547, -17.93258],
							"lerp_mode": "catmullrom"
						},
						"1.1667": {
							"post": [-88.34663, -13.15546, -56.8125],
							"lerp_mode": "catmullrom"
						},
						"1.25": {
							"post": [-84.17088, -13.42612, -59.57714],
							"lerp_mode": "catmullrom"
						},
						"1.3333": {
							"post": [-84.17088, -13.42612, -59.57714],
							"lerp_mode": "catmullrom"
						},
						"1.375": {
							"post": [-79.586, -11.19491, -51.4581],
							"lerp_mode": "catmullrom"
						},
						"1.4167": {
							"post": [-68.19708, -19.22329, -47.65002],
							"lerp_mode": "catmullrom"
						},
						"1.5": {
							"post": [-84.60457, 13.99724, -8.96831],
							"lerp_mode": "catmullrom"
						}
					},
					"position": {
						"0.0": {
							"post": [0, 0.3, 0.1],
							"lerp_mode": "catmullrom"
						},
						"0.1667": {
							"post": [0, 0, 0],
							"lerp_mode": "catmullrom"
						},
						"0.3333": {
							"post": [0, 0, 0],
							"lerp_mode": "catmullrom"
						},
						"0.9167": {
							"post": [0, 0, 0],
							"lerp_mode": "catmullrom"
						},
						"1.1667": {
							"post": [0, 0.3, 0.1],
							"lerp_mode": "catmullrom"
						}
					}
				},
				"LeftForeArm": {
					"rotation": {
						"0.0": {
							"post": [-25, 0, 0],
							"lerp_mode": "catmullrom"
						},
						"0.1667": {
							"post": [-107.5, 0, 0],
							"lerp_mode": "catmullrom"
						},
						"0.3333": {
							"post": [-107.5, 0, 0],
							"lerp_mode": "catmullrom"
						},
						"0.375": [-104.76189, 0, 0],
						"0.4167": [-94.89701, 0, 0],
						"0.4583": [-80.10299, 0, 0],
						"0.5": [-70.23811, 0, 0],
						"0.5417": [-67.5, 0, 0],
						"0.5833": [-67.39695, 0, 0],
						"0.625": [-66.60305, 0, 0],
						"0.6667": [-66.5, 0, 0],
						"0.75": {
							"pre": [-53.25, 0, 0],
							"post": [-53.25, 0, 0],
							"lerp_mode": "catmullrom"
						},
						"0.9167": {
							"post": [-53.25, 0, 0],
							"lerp_mode": "catmullrom"
						},
						"1.0417": {
							"post": [-65.75, 0, 0],
							"lerp_mode": "catmullrom"
						},
						"1.1667": {
							"post": [-42, 0, 0],
							"lerp_mode": "catmullrom"
						},
						"1.25": {
							"post": [-56.53, 0, 0],
							"lerp_mode": "catmullrom"
						},
						"1.3333": {
							"post": [-56.53, 0, 0],
							"lerp_mode": "catmullrom"
						},
						"1.375": {
							"post": [-68.25, 0, 0],
							"lerp_mode": "catmullrom"
						},
						"1.4583": {
							"post": [-98.25, 0, 0],
							"lerp_mode": "catmullrom"
						},
						"1.6667": {
							"post": [-25, 0, 0],
							"lerp_mode": "catmullrom"
						}
					}
				},
				"RightArm": {
					"rotation": {
						"0.0": {
							"post": [-83.97987, -21.09662, -12.36718],
							"lerp_mode": "catmullrom"
						},
						"0.1667": {
							"post": [-80.20792, -20.32034, 3.22936],
							"lerp_mode": "catmullrom"
						},
						"0.5417": {
							"post": [-78.43229, -19.39305, -1.99477],
							"lerp_mode": "catmullrom"
						},
						"0.6667": {
							"post": [-78.43229, -19.39305, -1.99477],
							"lerp_mode": "catmullrom"
						},
						"0.75": {
							"post": [-78.10526, -19.49257, -1.47515],
							"lerp_mode": "catmullrom"
						},
						"0.9167": {
							"post": [-78.60526, -19.49257, -1.47515],
							"lerp_mode": "catmullrom"
						},
						"1.1667": {
							"post": [-83.97987, -21.09662, -12.36718],
							"lerp_mode": "catmullrom"
						},
						"1.3333": {
							"post": [-83.97987, -21.09662, -12.36718],
							"lerp_mode": "catmullrom"
						},
						"1.4167": {
							"post": [-83.47987, -21.09662, -12.36718],
							"lerp_mode": "catmullrom"
						},
						"1.5": {
							"post": [-83.97987, -21.09662, -12.36718],
							"lerp_mode": "catmullrom"
						},
						"1.6667": {
							"post": [-83.97987, -21.09662, -12.36718],
							"lerp_mode": "catmullrom"
						}
					},
					"position": {
						"0.0": {
							"post": [0, 0.5, 0],
							"lerp_mode": "catmullrom"
						}
					}
				},
				"RightForeArm": {
					"rotation": {
						"0.0": {
							"post": [-25, 0, 0],
							"lerp_mode": "catmullrom"
						},
						"0.1667": {
							"post": [-32.25, 0, 0],
							"lerp_mode": "catmullrom"
						},
						"0.2083": [-32.86671, 1.88661, -1.55864],
						"0.25": [-34.26728, 6.17114, -5.09836],
						"0.2917": [-36.07852, 11.71199, -9.676],
						"0.3333": [-38.09675, 17.88606, -14.77678],
						"0.375": [-40.17876, 24.25522, -20.03874],
						"0.4167": [-42.197, 30.42929, -25.13953],
						"0.4583": [-44.00824, 35.97014, -29.71716],
						"0.5": [-45.40881, 40.25467, -33.25688],
						"0.5417": [-46.02552, 42.14128, -34.81552],
						"0.5833": [-46.18264, 42.30006, -35.04625],
						"0.625": [-47.3931, 43.52331, -36.82379],
						"0.6667": [-47.55023, 43.6821, -37.05452],
						"0.75": {
							"pre": [-49.02552, 42.14128, -34.81552],
							"post": [-49.02552, 42.14128, -34.81552],
							"lerp_mode": "catmullrom"
						},
						"0.9167": {
							"post": [-47.02552, 42.14128, -34.81552],
							"lerp_mode": "catmullrom"
						},
						"1.1667": {
							"post": [-25, 0, 0],
							"lerp_mode": "catmullrom"
						},
						"1.3333": {
							"post": [-25, 0, 0],
							"lerp_mode": "catmullrom"
						},
						"1.375": {
							"post": [-25.25, 0, 0],
							"lerp_mode": "catmullrom"
						},
						"1.4167": {
							"post": [-25, 0, 0],
							"lerp_mode": "catmullrom"
						},
						"1.5": {
							"post": [-25, 0, 0],
							"lerp_mode": "catmullrom"
						}
					}
				},
				"Arm": {
					"rotation": {
						"0.0": {
							"post": ["-0.75*ysm.head_pitch", "(ysm.head_yaw<0)?(-10-0.7*ysm.head_yaw):(-10-0.2*ysm.head_yaw)", "-ysm.head_pitch/5"],
							"lerp_mode": "catmullrom"
						},
						"0.25": {
							"post": [0, 0, 0],
							"lerp_mode": "catmullrom"
						},
						"0.9167": {
							"post": [0, 0, 0],
							"lerp_mode": "catmullrom"
						},
						"1.6667": {
							"post": ["-0.75*ysm.head_pitch", "(ysm.head_yaw<0)?(-10-0.7*ysm.head_yaw):(-10-0.2*ysm.head_yaw)", "-ysm.head_pitch/5"],
							"lerp_mode": "catmullrom"
						}
					}
				},
				"RightHandLocator": {
					"rotation": {
						"0.0": {
							"post": [9.52875, 4.23738, 3.7343],
							"lerp_mode": "catmullrom"
						},
						"0.1667": {
							"post": [9.70362, 11.6323, 4.99839],
							"lerp_mode": "catmullrom"
						},
						"0.5417": {
							"post": [12.20362, 11.6323, 4.99839],
							"lerp_mode": "catmullrom"
						},
						"0.6667": {
							"post": [12.20362, 11.6323, 4.99839],
							"lerp_mode": "catmullrom"
						},
						"0.75": {
							"post": [2.20362, 11.6323, 4.99839],
							"lerp_mode": "catmullrom"
						},
						"0.9167": {
							"post": [2.20362, 11.6323, 4.99839],
							"lerp_mode": "catmullrom"
						},
						"1.1667": {
							"post": [9.52875, 4.23738, 3.7343],
							"lerp_mode": "catmullrom"
						},
						"1.3333": {
							"post": [9.52875, 4.23738, 3.7343],
							"lerp_mode": "catmullrom"
						},
						"1.375": {
							"post": [5.77875, 4.23738, 3.7343],
							"lerp_mode": "catmullrom"
						},
						"1.4167": {
							"post": [9.52875, 4.23738, 3.7343],
							"lerp_mode": "catmullrom"
						}
					},
					"position": {
						"0.0": {
							"post": [0, 0, 0.436],
							"lerp_mode": "catmullrom"
						},
						"0.1667": {
							"post": [-0.1, 0, 0.44],
							"lerp_mode": "catmullrom"
						},
						"0.9167": {
							"post": [-0.1, 0, 0.44],
							"lerp_mode": "catmullrom"
						},
						"1.1667": {
							"post": [0, 0, 0.436],
							"lerp_mode": "catmullrom"
						},
						"1.3333": {
							"post": [0, 0, 0.436],
							"lerp_mode": "catmullrom"
						},
						"1.4167": {
							"post": [0, 0, 0.436],
							"lerp_mode": "catmullrom"
						}
					},
					"scale": [0, 0, 0]
				},
				"long_h1": {
					"rotation": [0, 0, 5]
				},
				"bone": {
					"position": [6, -0.5, 0],
					"scale": [1, 1, 1]
				},
				"bone2": {
					"scale": {
						"0.625": [1, 1, 0],
						"0.6667": [1, 1, 1]
					}
				},
				"bone3": {
					"position": {
						"0.0": [0, 0, 0],
						"0.2083": [0, 0, 98]
					},
					"scale": {
						"0.2083": [1, 1, 1],
						"0.25": [0, 0, 0]
					}
				}
			}
		},
		"use_offhand:crossbow": {
			"loop": "hold_on_last_frame",
			"animation_length": 60,
			"bones": {
				"UpBody": {
					"rotation": {
						"0.0": {
							"post": [8.50054, -42.03887, -7.73311],
							"lerp_mode": "catmullrom"
						},
						"0.75": {
							"post": [5.14895, -42.32665, -5.48217],
							"lerp_mode": "catmullrom"
						},
						"1.5": {
							"post": [3.46296, -42.43373, -4.34568],
							"lerp_mode": "catmullrom"
						}
					}
				},
				"LeftArm": {
					"rotation": {
						"0.0": {
							"post": [-8.55383, 55.39007, -45.06239],
							"lerp_mode": "catmullrom"
						},
						"0.75": {
							"post": [-12.57823, 50.22393, -43.02751],
							"lerp_mode": "catmullrom"
						},
						"1.5": {
							"post": [-26.35807, 45.31681, -40.75433],
							"lerp_mode": "catmullrom"
						}
					}
				},
				"LeftForeArm": {
					"rotation": {
						"0.0": {
							"post": [-120.32416, 11.38539, 37.37979],
							"lerp_mode": "catmullrom"
						},
						"0.75": {
							"post": [-114.73652, 11.90156, 38.32191],
							"lerp_mode": "catmullrom"
						},
						"1.5": {
							"post": [-91.92898, -2.26726, 41.14055],
							"lerp_mode": "catmullrom"
						}
					}
				},
				"RightArm": {
					"rotation": {
						"0.0": {
							"post": [-67.944, 5.60712, -11.51943],
							"lerp_mode": "catmullrom"
						},
						"0.75": {
							"post": [-54.41405, -25.55395, 52.04293],
							"lerp_mode": "catmullrom"
						},
						"1.5": {
							"post": [-91.12417, -29.42528, 77.08012],
							"lerp_mode": "catmullrom"
						}
					}
				},
				"RightForeArm": {
					"rotation": {
						"0.0": {
							"post": [0, 0, 0],
							"lerp_mode": "catmullrom"
						},
						"0.75": {
							"post": [-62.5, 0, 0],
							"lerp_mode": "catmullrom"
						},
						"1.5": {
							"post": [-80, 0, 0],
							"lerp_mode": "catmullrom"
						}
					}
				},
				"Head": {
					"rotation": {
						"0.0": {
							"post": [23.38462, 37.19141, 5.65574],
							"lerp_mode": "catmullrom"
						},
						"0.75": {
							"post": [23.38462, 37.19141, 5.65574],
							"lerp_mode": "catmullrom"
						},
						"1.5": {
							"post": [23.38462, 37.19141, 5.65574],
							"lerp_mode": "catmullrom"
						}
					}
				},
				"LeftHandLocator": {
					"position": [0, -4, 0]
				}
			}
		},
		"use_mainhand:spyglass": {
			"loop": true,
			"bones": {
				"RightArm": {
					"rotation": ["-71.0563-0.8*ysm.head_pitch", "-0.5*ysm.head_yaw", 0]
				},
				"RightForeArm": {
					"rotation": [-112.5, 0, 0]
				},
				"Head": {
					"rotation": ["0.2*ysm.head_pitch", "0.5*ysm.head_yaw", 0]
				},
				"RightHandLocator": {
					"rotation": [174.99046, -4.99523, 0.21865]
				},
				"UpBody": {
					"rotation": ["-0.2*ysm.head_pitch", "-0.5*ysm.head_yaw", 0]
				}
			}
		},
		"use_offhand:spyglass": {
			"loop": true,
			"animation_length": 0.49,
			"bones": {
				"LeftArm": {
					"rotation": ["-71.0563-0.8*ysm.head_pitch", "-0.5*ysm.head_yaw", 0]
				},
				"LeftForeArm": {
					"rotation": [-112.5, 0, 0]
				},
				"Head": {
					"rotation": ["0.2*ysm.head_pitch", "0.5*ysm.head_yaw", 0]
				},
				"LeftHandLocator": {
					"rotation": {
						"0.0": [120, 0, 0],
						"0.49": [180, 0, 0]
					},
					"position": {
						"0.0": [0, 0, 0],
						"0.49": [0, 0, 10]
					}
				},
				"UpBody": {
					"rotation": ["-0.2*ysm.head_pitch", "-0.5*ysm.head_yaw", 0]
				}
			}
		},
		"use_mainhand:spear": {
			"loop": "hold_on_last_frame",
			"animation_length": 60,
			"bones": {
				"UpBody": {
					"rotation": {
						"0.0": {
							"post": [0, 24.97457, 0],
							"lerp_mode": "catmullrom"
						},
						"0.5": {
							"post": ["-0.2*ysm.head_pitch", "(ysm.head_yaw>0)?(-ysm.head_yaw+35.1606):(35.1606)", "-0.1*ysm.head_pitch"],
							"lerp_mode": "catmullrom"
						}
					}
				},
				"LeftArm": {
					"rotation": {
						"0.0": {
							"post": [-9.9136, -0.11264, -1.29876],
							"lerp_mode": "catmullrom"
						},
						"0.5": {
							"post": [-64.12934, -30, -7.78321],
							"lerp_mode": "catmullrom"
						}
					}
				},
				"LeftForeArm": {
					"rotation": {
						"0.0": {
							"post": [-27.5, 0, 0],
							"lerp_mode": "catmullrom"
						},
						"0.5": {
							"post": [-20, 0, 0],
							"lerp_mode": "catmullrom"
						}
					}
				},
				"RightArm": {
					"rotation": {
						"0.0": {
							"post": [15.14334, -17.34551, 7.85952],
							"lerp_mode": "catmullrom"
						},
						"0.5": {
							"post": [-6.27156, 75.77567, 70.72033],
							"lerp_mode": "catmullrom"
						}
					}
				},
				"RightForeArm": {
					"rotation": {
						"0.0": {
							"post": [-7.5, 0, 0],
							"lerp_mode": "catmullrom"
						},
						"0.5": {
							"post": [-79.6859, -17.2294, 58.4333],
							"lerp_mode": "catmullrom"
						}
					}
				},
				"Head": {
					"rotation": {
						"0.0": {
							"post": [0, -20, 0],
							"lerp_mode": "catmullrom"
						},
						"0.5": {
							"post": ["0.2*ysm.head_pitch", "ysm.head_yaw-ysm.head_pitch/5-35", 0],
							"lerp_mode": "catmullrom"
						}
					}
				},
				"RightHandLocator": {
					"rotation": {
						"0.0": {
							"post": [120, 0, 0],
							"lerp_mode": "catmullrom"
						},
						"0.5": {
							"post": [180, 0, 0],
							"lerp_mode": "catmullrom"
						}
					},
					"position": {
						"0.0": [0, 0, 0],
						"0.5": [0, 0, -10]
					}
				},
				"AllBody": {
					"rotation": [0, "(ysm.head_yaw<0)?(-ysm.head_yaw):(0)", 0]
				},
				"Arm": {
					"rotation": {
						"0.0": [0, 0, 0],
						"0.5": ["-0.7*ysm.head_pitch", 0, "-ysm.head_pitch/5"]
					}
				}
			}
		},
		"use_offhand:spear": {
			"loop": "hold_on_last_frame",
			"animation_length": 60,
			"bones": {
				"UpBody": {
					"rotation": {
						"0.0": {
							"post": [1.16524, -24.97457, -2.75806],
							"lerp_mode": "catmullrom"
						},
						"0.5": {
							"post": ["-0.2*ysm.head_pitch", "(ysm.head_yaw<0)?(-ysm.head_yaw-35.1606):(-35.1606)", "-0.1*ysm.head_pitch"],
							"lerp_mode": "catmullrom"
						}
					}
				},
				"LeftArm": {
					"rotation": {
						"0.0": {
							"post": [15.14334, 17.34551, -7.85952],
							"lerp_mode": "catmullrom"
						},
						"0.5833": {
							"post": [70.0273, -40.73565, -124.15801],
							"lerp_mode": "catmullrom"
						}
					}
				},
				"LeftForeArm": {
					"rotation": {
						"0.0": {
							"post": [-7.5, 0, 0],
							"lerp_mode": "catmullrom"
						},
						"0.5833": {
							"post": [-87.83459, 1.2497, -29.97638],
							"lerp_mode": "catmullrom"
						}
					}
				},
				"RightArm": {
					"rotation": {
						"0.0": {
							"post": [-9.9136, 0.11264, 1.29876],
							"lerp_mode": "catmullrom"
						},
						"0.5833": {
							"post": [-64.12934, 30, 7.7832],
							"lerp_mode": "catmullrom"
						}
					}
				},
				"RightForeArm": {
					"rotation": {
						"0.0": {
							"post": [-27.5, 0, 0],
							"lerp_mode": "catmullrom"
						},
						"0.5833": {
							"post": [-20, 0, 0],
							"lerp_mode": "catmullrom"
						}
					}
				},
				"Head": {
					"rotation": {
						"0.0": {
							"post": [0, 20, 0],
							"lerp_mode": "catmullrom"
						},
						"0.5": {
							"post": ["0.2*ysm.head_pitch", "ysm.head_yaw-ysm.head_pitch/5+35", 0],
							"lerp_mode": "catmullrom"
						}
					},
					"position": {
						"0.0": {
							"post": [0, 0, 0],
							"lerp_mode": "catmullrom"
						}
					}
				},
				"RightHandLocator": {
					"rotation": {
						"0.0": {
							"post": [92.5, 0, 0],
							"lerp_mode": "catmullrom"
						},
						"0.5833": {
							"post": [257.5, 0, 0],
							"lerp_mode": "catmullrom"
						}
					}
				},
				"LeftHandLocator": {
					"rotation": {
						"0.0": {
							"post": [120, 0, 0],
							"lerp_mode": "catmullrom"
						},
						"0.5833": {
							"post": [180, 0, 0],
							"lerp_mode": "catmullrom"
						}
					},
					"position": {
						"0.0": [0, 0, 0],
						"0.5833": [0, 0, -10]
					}
				},
				"AllBody": {
					"rotation": [0, "(ysm.head_yaw>0)?(-ysm.head_yaw):(0)", 0]
				},
				"Arm": {
					"rotation": {
						"0.0": ["-0.7*ysm.head_pitch", 0, 0],
						"0.5": ["-0.7*ysm.head_pitch", 0, "ysm.head_pitch/5"]
					}
				}
			}
		},
		"use_mainhand$minecraft:shield": {
			"animation_length": 0.375,
			"bones": {
				"UpBody": {
					"rotation": {
						"0.0": {
							"post": ["1.6675-0.2*ysm.head_pitch", "-27.448-0.3*ysm.head_yaw", -5.46571],
							"lerp_mode": "catmullrom"
						}
					}
				},
				"RightArm": {
					"rotation": {
						"0.0": {
							"post": [-43.48192, -2.43525, 29.49685],
							"lerp_mode": "catmullrom"
						}
					}
				},
				"RightForeArm": {
					"rotation": {
						"0.0": {
							"post": [-109.05613, 6.60796, 16.24074],
							"lerp_mode": "catmullrom"
						}
					}
				},
				"Head": {
					"rotation": {
						"0.0": {
							"post": [0.3677, "27.4925+0.3*ysm.head_yaw", 2.6484],
							"lerp_mode": "catmullrom"
						}
					}
				},
				"RightHandLocator": {
					"rotation": [106.84933, 37.56532, 37.00149],
					"position": [0, 0, 0]
				},
				"Arm": {
					"rotation": ["-0.3*ysm.head_pitch", "-0.3*ysm.head_yaw", 0]
				}
			}
		},
		"use_offhand$minecraft:shield": {
			"animation_length": 0.375,
			"bones": {
				"UpBody": {
					"rotation": {
						"0.0": {
							"post": ["1.6675-0.2*ysm.head_pitch", "27.448-0.3*ysm.head_yaw", 5.46571],
							"lerp_mode": "catmullrom"
						}
					}
				},
				"LeftArm": {
					"rotation": {
						"0.0": {
							"post": [-43.48192, 2.43525, -29.49685],
							"lerp_mode": "catmullrom"
						}
					}
				},
				"LeftForeArm": {
					"rotation": {
						"0.0": {
							"post": [-109.05613, -6.60796, -16.24074],
							"lerp_mode": "catmullrom"
						}
					}
				},
				"Head": {
					"rotation": {
						"0.0": {
							"post": [0.3677, "-27.4925+0.3*ysm.head_yaw", -2.6484],
							"lerp_mode": "catmullrom"
						}
					}
				},
				"LeftHandLocator": {
					"rotation": [116.97434, -45.23796, -42.01285],
					"position": [0, 0, 0]
				},
				"Arm": {
					"rotation": ["-0.3*ysm.head_pitch", "-0.3*ysm.head_yaw", 0]
				}
			}
		},
		"hold_mainhand:charged_crossbow": {
			"loop": true,
			"bones": {
				"UpBody": {
					"rotation": {
						"0.0": {
							"post": ["8.6439-0.25*ysm.head_pitch", "(ysm.head_yaw<0)?(29.7174-0.3*ysm.head_yaw):(29.7174-0.8*ysm.head_yaw)", 4.30963],
							"lerp_mode": "catmullrom"
						}
					}
				},
				"AllHead": {
					"rotation": {
						"0.0": {
							"post": [0, -27.5, 0],
							"lerp_mode": "catmullrom"
						}
					}
				},
				"Head": {
					"rotation": {
						"0.0": {
							"post": ["-7.5+(1-0.7)*ysm.head_pitch", "(ysm.head_yaw<0)?((1-0.7)*ysm.head_yaw):((1-0.2)*ysm.head_yaw)", -10],
							"lerp_mode": "catmullrom"
						}
					}
				},
				"LeftArm": {
					"rotation": {
						"0.0": {
							"post": [-84.60457, 13.99724, -8.96831],
							"lerp_mode": "catmullrom"
						}
					},
					"position": {
						"0.0": {
							"post": [0, 0.3, 0.1],
							"lerp_mode": "catmullrom"
						}
					}
				},
				"LeftForeArm": {
					"rotation": {
						"0.0": {
							"post": [-25, 0, 0],
							"lerp_mode": "catmullrom"
						}
					}
				},
				"RightArm": {
					"rotation": {
						"0.0": {
							"post": [-83.97987, -21.09662, -12.36718],
							"lerp_mode": "catmullrom"
						}
					},
					"position": {
						"0.0": {
							"post": [0, 0.5, 0],
							"lerp_mode": "catmullrom"
						}
					}
				},
				"RightForeArm": {
					"rotation": {
						"0.0": {
							"post": [-25, 0, 0],
							"lerp_mode": "catmullrom"
						}
					}
				},
				"Arm": {
					"rotation": {
						"0.0": {
							"post": ["-0.75*ysm.head_pitch", "(ysm.head_yaw<0)?(-10-0.7*ysm.head_yaw):(-10-0.2*ysm.head_yaw)", "-ysm.head_pitch/5"],
							"lerp_mode": "catmullrom"
						}
					}
				},
				"RightHandLocator": {
					"rotation": {
						"0.0": {
							"post": [9.52875, 4.23738, 3.7343],
							"lerp_mode": "catmullrom"
						}
					},
					"position": {
						"0.0": {
							"post": [0, 0, 0.436],
							"lerp_mode": "catmullrom"
						}
					},
					"scale": [0, 0, 0]
				},
				"long_h1": {
					"rotation": [0, 0, 10]
				},
				"bone": {
					"position": [6, 0, 0],
					"scale": [1, 1, 1]
				}
			}
		},
		"hold_offhand:charged_crossbow": {
			"loop": true,
			"animation_length": 2,
			"bones": {
				"UpBody": {
					"rotation": {
						"0.0": {
							"post": ["5.8216-0.25*ysm.head_pitch", "(ysm.head_yaw<0)?(-ysm.head_yaw-42):(-42)", -5.93491],
							"lerp_mode": "catmullrom"
						},
						"1.9583": {
							"post": ["5.8216-0.25*ysm.head_pitch", "(ysm.head_yaw<0)?(-ysm.head_yaw-42):(-42)", -5.93491],
							"lerp_mode": "catmullrom"
						}
					}
				},
				"LeftArm": {
					"rotation": {
						"0.0": [-12.45084, 50.38918, -43.09853],
						"0.5417": [-12.95053, 49.73874, -42.82327],
						"1.0": [-13.34018, 49.2346, -42.59466],
						"1.5417": [-12.84049, 49.88504, -42.86991],
						"2.0": [-12.45084, 50.38918, -43.09853]
					}
				},
				"LeftForeArm": {
					"rotation": {
						"0.0": [-124.66556, 0.59056, 43.77358],
						"0.5417": [-123.82888, 0.58311, 43.75416],
						"1.0": [-123.1664, 0.57693, 43.73804],
						"1.5417": [-124.00308, 0.58438, 43.75745],
						"2.0": [-124.66556, 0.59056, 43.77358]
					}
				},
				"RightArm": {
					"rotation": {
						"0.0": [-67.38897, -22.94668, 11.68886],
						"0.5417": [-67.42741, -22.67983, 11.78819],
						"1.0": [-67.45752, -22.47366, 11.86621],
						"1.5417": [-67.41908, -22.7405, 11.76688],
						"2.0": [-67.38897, -22.94668, 11.68886]
					}
				},
				"RightForeArm": {
					"rotation": {
						"0.0": {
							"post": [-12.5, 0, 0],
							"lerp_mode": "catmullrom"
						},
						"1.0": {
							"post": [-12, 0, 0],
							"lerp_mode": "catmullrom"
						},
						"2.0": {
							"post": [-12.5, 0, 0],
							"lerp_mode": "catmullrom"
						}
					}
				},
				"Head": {
					"rotation": {
						"0.0": {
							"post": ["5.8846+0.3*ysm.head_pitch", "37.1914+ysm.head_yaw-ysm.head_pitch/5", "5.6557-ysm.head_pitch/9"],
							"lerp_mode": "catmullrom"
						},
						"2.0": {
							"post": ["5.8846+0.3*ysm.head_pitch", "37.1914+ysm.head_yaw-ysm.head_pitch/5", "5.6557-ysm.head_pitch/9"],
							"lerp_mode": "catmullrom"
						}
					}
				},
				"LeftHandLocator": {
					"rotation": [0, 0, 10],
					"position": [0, -4, 1]
				},
				"AllBody": {
					"rotation": [0, "(ysm.head_yaw>0)?(-ysm.head_yaw):(0)", 0]
				},
				"Arm": {
					"rotation": ["math.min(-0.75*ysm.head_pitch,20)", "ysm.head_pitch/4", "0.5*ysm.head_pitch"],
					"position": [-1, -0.4, 0.5]
				}
			}
		},
		"hold_mainhand:fishing": {
			"loop": true,
			"animation_length": 2,
			"bones": {
				"UpBody": {
					"rotation": {
						"0.0": [0, 0, 0],
						"0.5417": [-0.27738, 0, 0],
						"1.0": [-0.5, 0, 0],
						"1.5417": [-0.22262, 0, 0],
						"2.0": [0, 0, 0]
					}
				},
				"LeftArm": {
					"rotation": {
						"0.0": {
							"post": [-56.72671, 19.95595, 11.62581],
							"lerp_mode": "catmullrom"
						},
						"1.0": {
							"post": [-56.22671, 19.95595, 11.62581],
							"lerp_mode": "catmullrom"
						},
						"2.0": {
							"post": [-56.72671, 19.95595, 11.62581],
							"lerp_mode": "catmullrom"
						}
					}
				},
				"LeftForeArm": {
					"rotation": {
						"0.0": {
							"post": [-17.5, 0, 0],
							"lerp_mode": "catmullrom"
						},
						"2.0": {
							"post": [-17.5, 0, 0],
							"lerp_mode": "catmullrom"
						}
					}
				},
				"RightArm": {
					"rotation": {
						"0.0": [-54.6887, -15.93333, -15.34595],
						"0.5417": [-54.26914, -15.93333, -15.34595],
						"1.0": [-53.9387, -15.93333, -15.34595],
						"1.5417": [-54.35826, -15.93333, -15.34595],
						"2.0": [-54.6887, -15.93333, -15.34595]
					}
				},
				"RightForeArm": {
					"rotation": {
						"0.0": {
							"post": [-20, 0, 0],
							"lerp_mode": "catmullrom"
						},
						"1.0": {
							"post": [-20.5, 0, 0],
							"lerp_mode": "catmullrom"
						},
						"2.0": {
							"post": [-20, 0, 0],
							"lerp_mode": "catmullrom"
						}
					}
				},
				"Head": {
					"rotation": [0, 0, 0]
				},
				"LeftHandLocator": {
					"rotation": [42.5, 0, 0]
				},
				"RightHandLocator": {
					"rotation": [42.5, 0, 0]
				}
			}
		},
		"hold_mainhand$minecraft:crossbow": {
			"loop": true,
			"bones": {
				"RightHandLocator": {
					"scale": [0, 0, 0]
				},
				"bone": {
					"position": [6, 0, 0],
					"scale": [1, 1, 1]
				}
			}
		},
		"swing$minecraft:crossbow": {
			"animation_length": 0.58333,
			"bones": {
				"RightArm": {
					"rotation": {
						"0.0": [0, 0, 0],
						"0.0417": [-10, 0, 0],
						"0.125": [-32.5, 0, 0],
						"0.2083": [-79.84892, -9.84655, -1.75378],
						"0.2917": [-68.02711, -1.27263, 0.82651],
						"0.375": [-50, 0, 0],
						"0.4583": [0, 0, 0]
					}
				},
				"RightForeArm": {
					"rotation": {
						"0.0": [0, 0, 0],
						"0.0833": [-7.5, 0, 0]
					}
				},
				"RightHandLocator": {
					"scale": [0, 0, 0]
				},
				"bone": {
					"position": [6, 0, 0],
					"scale": [1, 1, 1]
				}
			}
		}
	},
	"geckolib_format_version": 2
}