{
	"format_version": "1.8.0",
	"animations": {
		"none": {
			"loop": true
		},
		"use_mainhand:eat": {
			"loop": true,
			"animation_length": 1.5833,
			"bones": {
				"Head": {
					"rotation": {
						"0.0": [0, 0, 0],
						"0.625": [0, 0, 0],
						"0.75": [2.5, 0, 0],
						"0.875": [0, 0, 0],
						"1.0": [2.5, 0, 0],
						"1.125": [0, 0, 0],
						"1.25": [2.5, 0, 0],
						"1.375": [0, 0, 0],
						"1.5": [2.5, 0, 0],
						"1.5833": [0, 0, 0]
					}
				},
				"RightArm": {
					"rotation": {
						"0.0": [-10, 0, 0],
						"0.25": [-7.5, 0, 0],
						"0.5": [-55, -35, 32.5],
						"0.75": [-10, 0, 0],
						"1.0": [0, 0, 10],
						"1.25": [15, 0, -10],
						"1.4167": [0, 0, 10],
						"1.5833": [-10, 0, 0]
					},
					"position": [0, 0, 0]
				},
				"RightForeArm": {
					"rotation": {
						"0.0": [-80, 0, 0],
						"0.25": [-80, 0, 0],
						"0.5": [-125, 10, 25],
						"0.75": [-80, 0, 0],
						"1.0": [0, 0, 0],
						"1.25": [-10, 0, -15],
						"1.4167": [0, 0, 0],
						"1.5833": [-80, 0, 0]
					}
				},
				"RightHandLocator": {
					"position": {
						"0.5": [0, 0, 0],
						"0.5417": [0.5, -0.25, -4],
						"0.5833": [1, 1, -9],
						"1.25": [0, 0, 0]
					},
					"scale": {
						"0.5": [1, 1, 1],
						"0.5833": [0, 0, 0],
						"1.25": [0, 0, 0],
						"1.3333": [1, 1, 1]
					}
				},
				"Mask": {
					"rotation": {
						"0.25": [0, 0, 0],
						"0.375": [-25, 0, 0],
						"0.75": [-25, 0, 0],
						"0.875": [0, 0, 0]
					},
					"position": {
						"0.25": [0, 0, 0],
						"0.375": [0, 0.05, -1],
						"0.75": [0, 0.05, -1],
						"0.875": [0, 0, 0]
					}
				},
				"LeftArm": {
					"rotation": {
						"0.0": [0, 0, 0],
						"0.25": [-70, 30, -27.5],
						"0.875": [-70, 30, -27.5],
						"1.125": [0, 0, 0]
					}
				},
				"LeftForeArm": {
					"rotation": {
						"0.0": [0, 0, 0],
						"0.25": [-130, 5, -5],
						"0.375": [-115, -5, 0],
						"0.75": [-115, -5, 0],
						"0.875": [-130, 5, -5],
						"1.125": [0, 0, 0]
					}
				}
			}
		},
		"use_offhand:eat": {
			"loop": true,
			"animation_length": 1.5833,
			"bones": {
				"Head": {
					"rotation": {
						"0.0": [0, 0, 0],
						"0.625": [0, 0, 0],
						"0.75": [2.5, 0, 0],
						"0.875": [0, 0, 0],
						"1.0": [2.5, 0, 0],
						"1.125": [0, 0, 0],
						"1.25": [2.5, 0, 0],
						"1.375": [0, 0, 0],
						"1.5": [2.5, 0, 0],
						"1.5833": [0, 0, 0]
					}
				},
				"RightArm": {
					"rotation": {
						"0.0": [0, 0, 0],
						"0.25": [-70, -30, 27.5],
						"0.875": [-70, -30, 27.5],
						"1.125": [0, 0, 0]
					}
				},
				"RightForeArm": {
					"rotation": {
						"0.0": [0, 0, 0],
						"0.25": [-130, -5, 5],
						"0.375": [-115, 5, 0],
						"0.75": [-115, 5, 0],
						"0.875": [-130, -5, 5],
						"1.125": [0, 0, 0]
					}
				},
				"Mask": {
					"rotation": {
						"0.25": [0, 0, 0],
						"0.375": [-25, 0, 0],
						"0.75": [-25, 0, 0],
						"0.875": [0, 0, 0]
					},
					"position": {
						"0.25": [0, 0, 0],
						"0.375": [0, 0.05, -1],
						"0.75": [0, 0.05, -1],
						"0.875": [0, 0, 0]
					}
				},
				"LeftArm": {
					"rotation": {
						"0.0": [-10, 0, 0],
						"0.25": [-7.5, 0, 0],
						"0.5": [-55, 35, -32.5],
						"0.75": [-10, 0, 0],
						"1.0": [0, 0, -10],
						"1.25": [15, 0, 10],
						"1.4167": [0, 0, -10],
						"1.5833": [-10, 0, 0]
					}
				},
				"LeftForeArm": {
					"rotation": {
						"0.0": [-80, 0, 0],
						"0.25": [-80, 0, 0],
						"0.5": [-125, -10, -25],
						"0.75": [-80, 0, 0],
						"1.0": [0, 0, 0],
						"1.25": [-10, 0, 15],
						"1.4167": [0, 0, 0],
						"1.5833": [-80, 0, 0]
					}
				},
				"LeftHandLocator": {
					"position": {
						"0.5": [0, 0, 0],
						"0.5417": [0.5, -0.25, -4],
						"0.5833": [1, 1, -9],
						"1.25": [0, 0, 0]
					},
					"scale": {
						"0.5": [1, 1, 1],
						"0.5833": [0, 0, 0],
						"1.25": [0, 0, 0],
						"1.3333": [1, 1, 1]
					}
				}
			}
		},
		"use_mainhand:drink": {
			"loop": true,
			"animation_length": 1.5833,
			"bones": {
				"Head": {
					"rotation": {
						"0.0": [0, 0, 0],
						"0.125": [-10, 0, 0],
						"0.625": [-10, 0, 0],
						"0.75": [0, 0, 0]
					}
				},
				"RightArm": {
					"rotation": {
						"0.0": [-10, 0, 0],
						"0.125": [-65, -35, 32.5],
						"0.625": [-65, -35, 32.5],
						"0.75": [-10, -15, 2.5],
						"0.875": [10, 25, 10],
						"1.0": [15, 25, 10],
						"1.125": [0, 0, 10],
						"1.375": [15, 0, -10],
						"1.4583": [0, 0, 10],
						"1.5833": [-10, 0, 0]
					},
					"position": [0, 0, 0]
				},
				"RightForeArm": {
					"rotation": {
						"0.0": [-80, 0, 0],
						"0.125": [-110, 20, 30],
						"0.625": [-110, 20, 30],
						"0.75": [-80, 0, 0],
						"0.875": [-20, 0, 0],
						"1.0": [-10, 0, 0],
						"1.125": [0, 0, 0],
						"1.375": [-10, 0, -15],
						"1.4583": [0, 0, 0],
						"1.5833": [-80, 0, 0]
					}
				},
				"RightHandLocator": {
					"position": {
						"0.875": [0, 0, 0],
						"1.0": [0, -28, 0],
						"1.0833": [1, -27.78, 3],
						"1.375": [0, 0, 0]
					},
					"scale": {
						"1.0": [1, 1, 1],
						"1.0833": [0, 0, 0],
						"1.375": [0, 0, 0],
						"1.4583": [1, 1, 1]
					}
				},
				"UpperBody": {
					"rotation": {
						"0.125": [0, 0, 0],
						"0.625": [-10, 0, 0],
						"0.75": [0, 0, 0]
					}
				}
			}
		},
		"use_offhand:drink": {
			"loop": true,
			"animation_length": 1.5833,
			"bones": {
				"Head": {
					"rotation": {
						"0.0": [0, 0, 0],
						"0.125": [-10, 0, 0],
						"0.625": [-10, 0, 0],
						"0.75": [0, 0, 0]
					}
				},
				"UpperBody": {
					"rotation": {
						"0.125": [0, 0, 0],
						"0.625": [-10, 0, 0],
						"0.75": [0, 0, 0]
					}
				},
				"LeftArm": {
					"rotation": {
						"0.0": [-10, 0, 0],
						"0.125": [-65, 35, -32.5],
						"0.625": [-65, 35, -32.5],
						"0.75": [-10, 15, -2.5],
						"0.875": [10, -25, -10],
						"1.0": [15, -25, -10],
						"1.125": [0, 0, -10],
						"1.375": [15, 0, 10],
						"1.4583": [0, 0, -10],
						"1.5833": [-10, 0, 0]
					}
				},
				"LeftForeArm": {
					"rotation": {
						"0.0": [-80, 0, 0],
						"0.125": [-110, -20, -30],
						"0.625": [-110, -20, -30],
						"0.75": [-80, 0, 0],
						"0.875": [-20, 0, 0],
						"1.0": [-10, 0, 0],
						"1.125": [0, 0, 0],
						"1.375": [-10, 0, 15],
						"1.4583": [0, 0, 0],
						"1.5833": [-80, 0, 0]
					}
				},
				"LeftHandLocator": {
					"position": {
						"0.875": [0, 0, 0],
						"1.0": [0, -28, 0],
						"1.0833": [-1, -27.78, 3],
						"1.375": [0, 0, 0]
					},
					"scale": {
						"1.0": [1, 1, 1],
						"1.0833": [0, 0, 0],
						"1.375": [0, 0, 0],
						"1.4583": [1, 1, 1]
					}
				}
			}
		},
		"hold_mainhand:sword": {
			"loop": true,
			"animation_length": 1,
			"bones": {
				"TacticalKnife": {
					"scale": 1
				}
			}
		},
		"hold_offhand:sword": {
			"loop": true,
			"animation_length": 1,
			"bones": {
				"TacticalKnife4": {
					"scale": 1
				}
			}
		},
		"swing:sword": {
			"loop": "hold_on_last_frame",
			"animation_length": 1.6333,
			"bones": {
				"UpperBody": {
					"rotation": {
						"0.0": [8.62347, 1.94304, 1.54193],
						"0.0333": [11.06871, -8.31745, 2.52276],
						"0.0667": [19.674, -22.81557, -1.24546],
						"0.1": [20.96492, -29.85051, -4.14965],
						"0.1333": [21.90097, -23.00759, -0.6963],
						"0.1667": [21.22273, -23.53509, 0.58962],
						"0.3667": [11.22273, -23.53509, 0.58962],
						"0.6333": [2.42717, -11.30017, 4.92622],
						"0.9": [3.13663, -1.07019, 0.39517],
						"1.2667": {
							"pre": [1, 2.5, 0],
							"post": [1, 2.5, 0],
							"lerp_mode": "catmullrom"
						},
						"1.6333": [3.5, 2.5, 0]
					}
				},
				"LeftArm": {
					"rotation": {
						"0.0": [-33.37327, -22.24619, -19.98867],
						"0.0333": [17.92217, -35.80322, -27.51451],
						"0.1667": [50.30451, -15.39814, -14.37009],
						"0.3667": [30.30451, -15.39814, -14.37009],
						"0.6333": [9.63079, -16.14868, -11.89207],
						"0.9": [14.11719, 15.68789, -21.23243],
						"1.2667": {
							"pre": [5, 15, -2.5],
							"post": [5, 15, -2.5],
							"lerp_mode": "catmullrom"
						},
						"1.6333": [5, 10, -5]
					}
				},
				"LeftForeArm": {
					"rotation": {
						"0.0": [-90, 0, 0],
						"0.0333": [-102.5, 0, 0],
						"0.1667": [-127.5, 0, 0],
						"0.3667": [-102.5, 0, 0],
						"0.6333": [-92.5, 0, 0],
						"0.9": [-57.5, 0, 0],
						"1.2667": {
							"pre": [-10, 0, 0],
							"post": [-10, 0, 0],
							"lerp_mode": "catmullrom"
						}
					}
				},
				"RightArm": {
					"rotation": {
						"0.0": [-228.36515, 75.67202, -127.42982],
						"0.0333": [-166.65487, 47.27642, -47.79042],
						"0.0667": [-76.81468, 43.69349, 27.02756],
						"0.1": [-84.89485, 35.20192, -30.88549],
						"0.1333": [-64.17991, 17.99439, -3.63037],
						"0.1667": [-80.06187, -28.12697, 64.35208],
						"0.2": [-89.22022, -26.2958, 91.60093],
						"0.3667": [-80.2903, 9.31918, 98.421],
						"0.6333": [-12.65553, -0.37367, 43.70728],
						"0.9": [-9.64891, -11.53068, 27.85663],
						"1.2667": {
							"pre": [5, 15, 0],
							"post": [5, 15, 0],
							"lerp_mode": "catmullrom"
						},
						"1.6333": [10, 15, 5]
					},
					"position": [0, 0, 0]
				},
				"RightForeArm": {
					"rotation": {
						"0.0": [-75, 0, 0],
						"0.0333": [-75, 0, 0],
						"0.0667": [-22.5, 0, 0],
						"0.1": [-10, 0, 0],
						"0.1667": [-30, 0, 0],
						"0.2": [-63.75, 0, 0],
						"0.3667": [-82.5, 0, 0],
						"0.6333": [-92.5, 0, 0],
						"0.9": [-70, 0, 0],
						"1.2667": {
							"pre": [-15, 0, 0],
							"post": [-15, 0, 0],
							"lerp_mode": "catmullrom"
						},
						"1.6333": [-25, 0, 0]
					}
				},
				"Head": {
					"rotation": {
						"0.0": [-7.05598, -12.16576, -0.75769],
						"0.0333": [-6.50002, 7.51641, -4.6043],
						"0.0667": [-22.77845, 41.19411, -16.7201],
						"0.1": [-33.03126, 46.55912, -32.39264],
						"0.1333": [-31.38015, 43.03737, -33.51949],
						"0.1667": [-29.0216, 20.78235, -19.90558],
						"0.3667": [-6.08952, 33.23727, -7.44706],
						"0.6333": [8.93794, 11.23613, -0.02875],
						"0.9": [6.26773, 1.35465, -1.57514],
						"1.2667": {
							"pre": [-2.5, -15, 0],
							"post": [-2.5, -15, 0],
							"lerp_mode": "catmullrom"
						},
						"1.6333": [5, -15, 0]
					}
				},
				"TacticalKnife": {
					"scale": 1
				},
				"ysmGlowSlash1": {
					"scale": {
						"0.0333": [0, 1, 1],
						"0.0667": [1, 1, 1],
						"0.1667": [0, 1, 1]
					}
				},
				"ysmGlowSlash2": {
					"scale": {
						"0.0333": [0, 1, 1],
						"0.0667": [1, 1, 1],
						"0.1333": [0, 1, 1]
					}
				},
				"ysmGlowSlash3": {
					"scale": {
						"0.0333": [0, 1, 1],
						"0.0667": [1, 1, 1],
						"0.1": [0, 1, 1]
					}
				},
				"slash4": {
					"scale": {
						"0.1667": [2, 2, 2],
						"0.2": [0, 0, 0]
					}
				},
				"Slash": {
					"rotation": [27.5, 5, -20],
					"position": [-4, 31, -15],
					"scale": 1.43
				},
				"TacticalKnife4": {
					"scale": 0
				},
				"TacticalKnife3": {
					"scale": 0
				},
				"UpBody": {
					"rotation": {
						"0.0": [2.51899, -0.00479, 0.2172],
						"0.0333": [7.58661, -9.9805, -0.44756],
						"0.0667": [8.61647, -29.78565, -3.42992],
						"0.1": [17.22372, -39.65894, -5.3665],
						"0.1333": [27.02436, -55.93705, -15.07381],
						"0.1667": [32.29773, -55.83339, -15.41549],
						"0.3667": [24.79773, -55.83339, -15.41549],
						"0.6333": [6.92605, -25.21153, 0.67047],
						"0.9": [3.88933, -2.58077, 0.83118],
						"1.2667": {
							"pre": [0, 2.5, 0],
							"post": [0, 2.5, 0],
							"lerp_mode": "catmullrom"
						},
						"1.6333": [2.5, 2.5, 0]
					}
				},
				"LeftHand": {
					"rotation": {
						"0.0": [-4.18273, 10.36541, 4.18273],
						"0.0333": [-2.78058, 10.82156, 11.79886],
						"0.1667": [-2.92184, 20.80925, 11.28252],
						"0.3667": [-2.80664, 13.31859, 11.67427],
						"0.6333": [-10.89459, 13.18334, 9.10964],
						"0.9": [-7.01702, 27.88851, 5.93696],
						"1.2667": {
							"pre": [-10, 0, 0],
							"post": [-10, 0, 0],
							"lerp_mode": "catmullrom"
						}
					}
				},
				"RightHand": {
					"rotation": {
						"0.0": [8.03564, 65.9671, -22.17258],
						"0.0333": [51.63517, 50.92898, 4.26407],
						"0.0667": [26.06415, 45.64199, 6.99133],
						"0.1": [17.32085, 36.10564, 4.72456],
						"0.1333": [41.60533, 35.51592, -2.06677],
						"0.1667": [46.00868, 29.76989, -7.79706],
						"0.2": [48.39437, 8.57897, -0.83714],
						"0.3667": [12.96138, -1.12146, -7.2891],
						"0.6333": [7.96233, 1.31486, -6.72839],
						"0.9": [8.69107, 23.58407, -3.41247],
						"1.2667": {
							"pre": [10, 5, 0],
							"post": [10, 5, 0],
							"lerp_mode": "catmullrom"
						}
					}
				}
			}
		},
		"swing:sword2": {
			"loop": "hold_on_last_frame",
			"animation_length": 1.6333,
			"bones": {
				"UpperBody": {
					"rotation": {
						"0.0": [8.62347, 1.94304, 1.54193],
						"0.0333": [11.06871, -8.31745, 2.52276],
						"0.0667": [19.674, -22.81557, -1.24546],
						"0.1": [20.96492, -29.85051, -4.14965],
						"0.1333": [21.90097, -23.00759, -0.6963],
						"0.1667": [21.22273, -23.53509, 0.58962],
						"0.3667": [11.22273, -23.53509, 0.58962],
						"0.6333": [2.42717, -11.30017, 4.92622],
						"0.9": [3.13663, -1.07019, 0.39517],
						"1.2667": {
							"pre": [1, 2.5, 0],
							"post": [1, 2.5, 0],
							"lerp_mode": "catmullrom"
						},
						"1.6333": [3.5, 2.5, 0]
					}
				},
				"LeftArm": {
					"rotation": {
						"0.0": [-33.37327, -22.24619, -19.98867],
						"0.0333": [17.92217, -35.80322, -27.51451],
						"0.1667": [50.30451, -15.39814, -14.37009],
						"0.3667": [30.30451, -15.39814, -14.37009],
						"0.6333": [9.63079, -16.14868, -11.89207],
						"0.9": [14.11719, 15.68789, -21.23243],
						"1.2667": {
							"pre": [5, 15, -2.5],
							"post": [5, 15, -2.5],
							"lerp_mode": "catmullrom"
						},
						"1.6333": [5, 10, -5]
					}
				},
				"LeftForeArm": {
					"rotation": {
						"0.0": [-90, 0, 0],
						"0.0333": [-102.5, 0, 0],
						"0.1667": [-127.5, 0, 0],
						"0.3667": [-102.5, 0, 0],
						"0.6333": [-92.5, 0, 0],
						"0.9": [-57.5, 0, 0],
						"1.2667": {
							"pre": [-10, 0, 0],
							"post": [-10, 0, 0],
							"lerp_mode": "catmullrom"
						}
					}
				},
				"RightArm": {
					"rotation": {
						"0.0": [-228.36515, 75.67202, -127.42982],
						"0.0333": [-166.65487, 47.27642, -47.79042],
						"0.0667": [-76.81468, 43.69349, 27.02756],
						"0.1": [-84.89485, 35.20192, -30.88549],
						"0.1333": [-64.17991, 17.99439, -3.63037],
						"0.1667": [-80.06187, -28.12697, 64.35208],
						"0.2": [-89.22022, -26.2958, 91.60093],
						"0.3667": [-80.2903, 9.31918, 98.421],
						"0.6333": [-12.65553, -0.37367, 43.70728],
						"0.9": [-9.64891, -11.53068, 27.85663],
						"1.2667": {
							"pre": [5, 15, 0],
							"post": [5, 15, 0],
							"lerp_mode": "catmullrom"
						},
						"1.6333": [10, 15, 5]
					},
					"position": [0, 0, 0]
				},
				"RightForeArm": {
					"rotation": {
						"0.0": [-75, 0, 0],
						"0.0333": [-75, 0, 0],
						"0.0667": [-22.5, 0, 0],
						"0.1": [-10, 0, 0],
						"0.1667": [-30, 0, 0],
						"0.2": [-63.75, 0, 0],
						"0.3667": [-82.5, 0, 0],
						"0.6333": [-92.5, 0, 0],
						"0.9": [-70, 0, 0],
						"1.2667": {
							"pre": [-15, 0, 0],
							"post": [-15, 0, 0],
							"lerp_mode": "catmullrom"
						},
						"1.6333": [-25, 0, 0]
					}
				},
				"RightHandLocator": {
					"scale": 0
				},
				"Head": {
					"rotation": {
						"0.0": [-7.05598, -12.16576, -0.75769],
						"0.0333": [-6.50002, 7.51641, -4.6043],
						"0.0667": [-22.77845, 41.19411, -16.7201],
						"0.1": [-33.03126, 46.55912, -32.39264],
						"0.1333": [-31.38015, 43.03737, -33.51949],
						"0.1667": [-29.0216, 20.78235, -19.90558],
						"0.3667": [-6.08952, 33.23727, -7.44706],
						"0.6333": [8.93794, 11.23613, -0.02875],
						"0.9": [6.26773, 1.35465, -1.57514],
						"1.2667": {
							"pre": [-2.5, -15, 0],
							"post": [-2.5, -15, 0],
							"lerp_mode": "catmullrom"
						},
						"1.6333": [5, -15, 0]
					}
				},
				"TacticalKnife": {
					"scale": 1
				},
				"ysmGlowSlash1": {
					"scale": {
						"0.0333": [0, 1, 1],
						"0.0667": [1, 1, 1],
						"0.1667": [0, 1, 1]
					}
				},
				"ysmGlowSlash2": {
					"scale": {
						"0.0333": [0, 1, 1],
						"0.0667": [1, 1, 1],
						"0.1333": [0, 1, 1]
					}
				},
				"ysmGlowSlash3": {
					"scale": {
						"0.0333": [0, 1, 1],
						"0.0667": [1, 1, 1],
						"0.1": [0, 1, 1]
					}
				},
				"slash4": {
					"scale": {
						"0.1667": [2, 2, 2],
						"0.2": [0, 0, 0]
					}
				},
				"Slash": {
					"rotation": [27.5, 5, -20],
					"position": [-4, 31, -15],
					"scale": 1.43
				},
				"TacticalKnife4": {
					"scale": 0
				},
				"TacticalKnife3": {
					"scale": 0
				},
				"Root": {
					"rotation": [0, 10, 0],
					"position": {
						"0.0": [0, -0.15, -2.25],
						"0.0333": [0, -0.9, -6.25],
						"0.1667": [-1.5, -3.4, -8.75],
						"0.6333": [-3.5, -4.15, -2.75],
						"0.9": [-2, -0.9, 2.25],
						"1.2667": [0, 0, 0]
					}
				},
				"UpBody": {
					"rotation": {
						"0.0": [2.51899, -0.00479, 0.2172],
						"0.0333": [7.58661, -9.9805, -0.44756],
						"0.0667": [8.61647, -29.78565, -3.42992],
						"0.1": [17.22372, -39.65894, -5.3665],
						"0.1333": [27.02436, -55.93705, -15.07381],
						"0.1667": [32.29773, -55.83339, -15.41549],
						"0.3667": [24.79773, -55.83339, -15.41549],
						"0.6333": [6.92605, -25.21153, 0.67047],
						"0.9": [3.88933, -2.58077, 0.83118],
						"1.2667": {
							"pre": [0, 2.5, 0],
							"post": [0, 2.5, 0],
							"lerp_mode": "catmullrom"
						},
						"1.6333": [2.5, 2.5, 0]
					}
				},
				"LeftHand": {
					"rotation": {
						"0.0": [-4.18273, 10.36541, 4.18273],
						"0.0333": [-2.78058, 10.82156, 11.79886],
						"0.1667": [-2.92184, 20.80925, 11.28252],
						"0.3667": [-2.80664, 13.31859, 11.67427],
						"0.6333": [-10.89459, 13.18334, 9.10964],
						"0.9": [-7.01702, 27.88851, 5.93696],
						"1.2667": {
							"pre": [-10, 0, 0],
							"post": [-10, 0, 0],
							"lerp_mode": "catmullrom"
						}
					}
				},
				"RightHand": {
					"rotation": {
						"0.0": [8.03564, 65.9671, -22.17258],
						"0.0333": [51.63517, 50.92898, 4.26407],
						"0.0667": [26.06415, 45.64199, 6.99133],
						"0.1": [17.32085, 36.10564, 4.72456],
						"0.1333": [41.60533, 35.51592, -2.06677],
						"0.1667": [46.00868, 29.76989, -7.79706],
						"0.2": [48.39437, 8.57897, -0.83714],
						"0.3667": [12.96138, -1.12146, -7.2891],
						"0.6333": [7.96233, 1.31486, -6.72839],
						"0.9": [8.69107, 23.58407, -3.41247],
						"1.2667": {
							"pre": [10, 5, 0],
							"post": [10, 5, 0],
							"lerp_mode": "catmullrom"
						}
					}
				},
				"HuntingKnife": {
					"scale": 1
				},
				"RightLeg": {
					"rotation": {
						"0.0": [11.12061, -1.97549, 6.53118],
						"0.0333": [23.03489, -6.24694, 10.13207],
						"0.1667": [-7.33302, -13.71322, 9.74032],
						"0.6333": [-10.28114, 13.05452, 8.31815],
						"0.9": [-9.45077, 13.02649, 0.2052],
						"1.2667": [-2.5, 15, 2]
					}
				},
				"RightLowerLeg": {
					"rotation": {
						"0.0": [5, 0, 0],
						"0.0333": [10, 0, 0],
						"0.1667": [70, 0, 0],
						"0.6333": [57.5, 0, 0],
						"0.9": [30, 0, 0],
						"1.2667": [5, 0, 0]
					}
				},
				"RightFoot": {
					"rotation": {
						"0.0": [-10.08453, -7.38542, -0.69038],
						"0.0333": [-7.58453, -7.38542, -0.69038],
						"0.1667": [2.41547, -7.38542, -0.69038],
						"0.6333": [-44.82738, -9.15197, -2.47802],
						"0.9": [-20.56573, -8.05235, 2.45518],
						"1.2667": [-2.5, 0, -2]
					}
				},
				"LeftLeg": {
					"rotation": {
						"0.0": [-7.46691, -6.06336, -6.87254],
						"0.0333": [-13.95118, -6.74171, -11.77918],
						"0.1667": [-31.06678, -3.89362, -18.27507],
						"0.6333": [-30.434, -6.24546, -25.4253],
						"0.9": [-16.35467, -10.00958, -7.50333],
						"1.2667": [-2.5, -10, -2]
					}
				},
				"LeftLowerLeg": {
					"rotation": {
						"0.0": [12.5, 0, 0],
						"0.0333": [7.5, 0, 0],
						"0.1667": [50, 0, 0],
						"0.6333": [25, 0, 0],
						"0.9": [22.7, 0, 0],
						"1.2667": [5, 0, 0]
					}
				},
				"LeftFoot": {
					"rotation": {
						"0.0": [-5.33422, 3.05929, 3.73145],
						"0.0333": [7.54648, -5.0343, 10.44687],
						"0.1667": [-16.50171, 5.87404, 13.61079],
						"0.6333": [6.47617, -6.07963, 21.92406],
						"0.9": [-11.64827, 6.82619, 5.20734],
						"1.2667": [-2.5, 0, 2]
					}
				}
			}
		},
		"hold_mainhand$minecraft:iron_sword": {
			"loop": true,
			"animation_length": 1000,
			"bones": {
				"RightHandLocator": {
					"scale": 0
				},
				"HuntingKnife": {
					"scale": 1
				}
			}
		},
		"hold_offhand$minecraft:iron_sword": {
			"loop": true,
			"animation_length": 1,
			"bones": {
				"TacticalKnife4": {
					"scale": 1
				}
			}
		},
		"swing$minecraft:iron_sword": {
			"loop": "hold_on_last_frame",
			"animation_length": 1.6333,
			"bones": {
				"UpperBody": {
					"rotation": {
						"0.0": [8.62347, 1.94304, 1.54193],
						"0.0333": [11.06871, -8.31745, 2.52276],
						"0.0667": [19.674, -22.81557, -1.24546],
						"0.1": [20.96492, -29.85051, -4.14965],
						"0.1333": [21.90097, -23.00759, -0.6963],
						"0.1667": [21.22273, -23.53509, 0.58962],
						"0.3667": [11.22273, -23.53509, 0.58962],
						"0.6333": [2.42717, -11.30017, 4.92622],
						"0.9": [3.13663, -1.07019, 0.39517],
						"1.2667": {
							"pre": [1, 2.5, 0],
							"post": [1, 2.5, 0],
							"lerp_mode": "catmullrom"
						},
						"1.6333": [3.5, 2.5, 0]
					}
				},
				"LeftArm": {
					"rotation": {
						"0.0": [-33.37327, -22.24619, -19.98867],
						"0.0333": [17.92217, -35.80322, -27.51451],
						"0.1667": [50.30451, -15.39814, -14.37009],
						"0.3667": [30.30451, -15.39814, -14.37009],
						"0.6333": [9.63079, -16.14868, -11.89207],
						"0.9": [14.11719, 15.68789, -21.23243],
						"1.2667": {
							"pre": [5, 15, -2.5],
							"post": [5, 15, -2.5],
							"lerp_mode": "catmullrom"
						},
						"1.6333": [5, 10, -5]
					}
				},
				"LeftForeArm": {
					"rotation": {
						"0.0": [-90, 0, 0],
						"0.0333": [-102.5, 0, 0],
						"0.1667": [-127.5, 0, 0],
						"0.3667": [-102.5, 0, 0],
						"0.6333": [-92.5, 0, 0],
						"0.9": [-57.5, 0, 0],
						"1.2667": {
							"pre": [-10, 0, 0],
							"post": [-10, 0, 0],
							"lerp_mode": "catmullrom"
						}
					}
				},
				"RightArm": {
					"rotation": {
						"0.0": [-228.36515, 75.67202, -127.42982],
						"0.0333": [-166.65487, 47.27642, -47.79042],
						"0.0667": [-76.81468, 43.69349, 27.02756],
						"0.1": [-84.89485, 35.20192, -30.88549],
						"0.1333": [-64.17991, 17.99439, -3.63037],
						"0.1667": [-80.06187, -28.12697, 64.35208],
						"0.2": [-89.22022, -26.2958, 91.60093],
						"0.3667": [-80.2903, 9.31918, 98.421],
						"0.6333": [-12.65553, -0.37367, 43.70728],
						"0.9": [-9.64891, -11.53068, 27.85663],
						"1.2667": {
							"pre": [5, 15, 0],
							"post": [5, 15, 0],
							"lerp_mode": "catmullrom"
						},
						"1.6333": [10, 15, 5]
					},
					"position": [0, 0, 0]
				},
				"RightForeArm": {
					"rotation": {
						"0.0": [-75, 0, 0],
						"0.0333": [-75, 0, 0],
						"0.0667": [-22.5, 0, 0],
						"0.1": [-10, 0, 0],
						"0.1667": [-30, 0, 0],
						"0.2": [-63.75, 0, 0],
						"0.3667": [-82.5, 0, 0],
						"0.6333": [-92.5, 0, 0],
						"0.9": [-70, 0, 0],
						"1.2667": {
							"pre": [-15, 0, 0],
							"post": [-15, 0, 0],
							"lerp_mode": "catmullrom"
						},
						"1.6333": [-25, 0, 0]
					}
				},
				"Head": {
					"rotation": {
						"0.0": [-7.05598, -12.16576, -0.75769],
						"0.0333": [-6.50002, 7.51641, -4.6043],
						"0.0667": [-22.77845, 41.19411, -16.7201],
						"0.1": [-33.03126, 46.55912, -32.39264],
						"0.1333": [-31.38015, 43.03737, -33.51949],
						"0.1667": [-29.0216, 20.78235, -19.90558],
						"0.3667": [-6.08952, 33.23727, -7.44706],
						"0.6333": [8.93794, 11.23613, -0.02875],
						"0.9": [6.26773, 1.35465, -1.57514],
						"1.2667": {
							"pre": [-2.5, -15, 0],
							"post": [-2.5, -15, 0],
							"lerp_mode": "catmullrom"
						},
						"1.6333": [5, -15, 0]
					}
				},
				"TacticalKnife": {
					"scale": 1
				},
				"ysmGlowSlash1": {
					"scale": {
						"0.0333": [0, 1, 1],
						"0.0667": [1, 1, 1],
						"0.1667": [0, 1, 1]
					}
				},
				"ysmGlowSlash2": {
					"scale": {
						"0.0333": [0, 1, 1],
						"0.0667": [1, 1, 1],
						"0.1333": [0, 1, 1]
					}
				},
				"ysmGlowSlash3": {
					"scale": {
						"0.0333": [0, 1, 1],
						"0.0667": [1, 1, 1],
						"0.1": [0, 1, 1]
					}
				},
				"slash4": {
					"scale": {
						"0.1667": [2, 2, 2],
						"0.2": [0, 0, 0]
					}
				},
				"Slash": {
					"rotation": [27.5, 5, -20],
					"position": [-4, 31, -15],
					"scale": 1.43
				},
				"TacticalKnife4": {
					"scale": 0
				},
				"TacticalKnife3": {
					"scale": 0
				},
				"UpBody": {
					"rotation": {
						"0.0": [2.51899, -0.00479, 0.2172],
						"0.0333": [7.58661, -9.9805, -0.44756],
						"0.0667": [8.61647, -29.78565, -3.42992],
						"0.1": [17.22372, -39.65894, -5.3665],
						"0.1333": [27.02436, -55.93705, -15.07381],
						"0.1667": [32.29773, -55.83339, -15.41549],
						"0.3667": [24.79773, -55.83339, -15.41549],
						"0.6333": [6.92605, -25.21153, 0.67047],
						"0.9": [3.88933, -2.58077, 0.83118],
						"1.2667": {
							"pre": [0, 2.5, 0],
							"post": [0, 2.5, 0],
							"lerp_mode": "catmullrom"
						},
						"1.6333": [2.5, 2.5, 0]
					}
				},
				"LeftHand": {
					"rotation": {
						"0.0": [-4.18273, 10.36541, 4.18273],
						"0.0333": [-2.78058, 10.82156, 11.79886],
						"0.1667": [-2.92184, 20.80925, 11.28252],
						"0.3667": [-2.80664, 13.31859, 11.67427],
						"0.6333": [-10.89459, 13.18334, 9.10964],
						"0.9": [-7.01702, 27.88851, 5.93696],
						"1.2667": {
							"pre": [-10, 0, 0],
							"post": [-10, 0, 0],
							"lerp_mode": "catmullrom"
						}
					}
				},
				"RightHand": {
					"rotation": {
						"0.0": [8.03564, 65.9671, -22.17258],
						"0.0333": [51.63517, 50.92898, 4.26407],
						"0.0667": [26.06415, 45.64199, 6.99133],
						"0.1": [17.32085, 36.10564, 4.72456],
						"0.1333": [41.60533, 35.51592, -2.06677],
						"0.1667": [46.00868, 29.76989, -7.79706],
						"0.2": [48.39437, 8.57897, -0.83714],
						"0.3667": [12.96138, -1.12146, -7.2891],
						"0.6333": [7.96233, 1.31486, -6.72839],
						"0.9": [8.69107, 23.58407, -3.41247],
						"1.2667": {
							"pre": [10, 5, 0],
							"post": [10, 5, 0],
							"lerp_mode": "catmullrom"
						}
					}
				},
				"RightHandLocator": {
					"scale": 0
				},
				"HuntingKnife": {
					"scale": 1
				}
			}
		},
		"hold_mainhand:bow": {
			"loop": true,
			"animation_length": 1,
			"bones": {
				"TacticalKnife": {
					"scale": 1
				}
			}
		},
		"hold_offhand:bow": {
			"loop": true,
			"animation_length": 1,
			"bones": {
				"TacticalKnife": {
					"scale": 1
				}
			}
		},
		"use_mainhand:bow": {
			"loop": "hold_on_last_frame",
			"animation_length": 60,
			"bones": {
				"Root": {
					"rotation": [0, 0, 0]
				},
				"UpBody": {
					"rotation": [0, 0, 0]
				},
				"UpperBody": {
					"rotation": [0, 0, 0]
				},
				"Head": {
					"rotation": [0, 0, 0]
				},
				"Arm": {
					"rotation": ["-0.7*ysm.head_pitch", 0, "-ysm.head_pitch/5"]
				},
				"LeftArm": {
					"rotation": {
						"0.0": [0, 0, 0],
						"0.375": [-57.37515, 11.88225, -47.28981],
						"0.5": [-46.45776, 18.41839, -52.396],
						"1.0": {
							"pre": [-47.42007, 18.69236, -73.95974],
							"post": [-47.42007, 18.69236, -73.95974],
							"lerp_mode": "catmullrom"
						}
					}
				},
				"LeftForeArm": {
					"rotation": {
						"0.0": [0, 0, 0],
						"0.375": [-85, 0, 0],
						"0.5": [-97.5, 0, 0],
						"1.0": {
							"pre": [-120, 0, 0],
							"post": [-120, 0, 0],
							"lerp_mode": "catmullrom"
						}
					}
				},
				"LeftHand": {
					"rotation": {
						"0.0": [0, 0, 0],
						"0.375": [36.6928, -30.02158, -29.38958],
						"0.5": [46.46043, -22.1164, -40.18695],
						"1.0": {
							"pre": [74.76581, -15.73967, -69.7009],
							"post": [74.76581, -15.73967, -69.7009],
							"lerp_mode": "catmullrom"
						}
					}
				},
				"RightArm": {
					"rotation": {
						"0.0": {
							"post": [0, 0, 0],
							"lerp_mode": "catmullrom"
						},
						"0.25": {
							"post": [-85, -17.5, 0],
							"lerp_mode": "catmullrom"
						},
						"0.5": {
							"post": [-85, -22.5, 0],
							"lerp_mode": "catmullrom"
						}
					},
					"position": [0, 0, 0]
				},
				"RightForeArm": {
					"rotation": {
						"0.0": {
							"post": [0, 0, 0],
							"lerp_mode": "catmullrom"
						},
						"0.25": {
							"post": [-10, 0, 0],
							"lerp_mode": "catmullrom"
						},
						"0.5": {
							"post": [-5, 0, 0],
							"lerp_mode": "catmullrom"
						}
					}
				},
				"RightHand": {
					"rotation": {
						"0.0": {
							"post": [0, 0, 0],
							"lerp_mode": "catmullrom"
						},
						"0.25": {
							"post": [0, 0, 15],
							"lerp_mode": "catmullrom"
						}
					}
				},
				"RightHandLocator": {
					"rotation": [0, 0, 10],
					"position": [0.5, 0, 0]
				}
			}
		},
		"use_offhand:bow": {
			"loop": "hold_on_last_frame",
			"animation_length": 60,
			"bones": {
				"Root": {
					"rotation": [0, 0, 0]
				},
				"UpBody": {
					"rotation": [0, 0, 0]
				},
				"UpperBody": {
					"rotation": [0, 0, 0]
				},
				"Head": {
					"rotation": [0, 0, 0]
				},
				"Arm": {
					"rotation": ["-0.7*ysm.head_pitch", 0, "-ysm.head_pitch/5"]
				},
				"LeftArm": {
					"rotation": {
						"0.0": {
							"post": [0, 0, 0],
							"lerp_mode": "catmullrom"
						},
						"0.25": {
							"post": [-85, 17.5, 0],
							"lerp_mode": "catmullrom"
						},
						"0.5": {
							"post": [-85, 22.5, 0],
							"lerp_mode": "catmullrom"
						}
					}
				},
				"LeftForeArm": {
					"rotation": {
						"0.0": {
							"post": [0, 0, 0],
							"lerp_mode": "catmullrom"
						},
						"0.25": {
							"post": [-10, 0, 0],
							"lerp_mode": "catmullrom"
						},
						"0.5": {
							"post": [-5, 0, 0],
							"lerp_mode": "catmullrom"
						}
					}
				},
				"LeftHand": {
					"rotation": {
						"0.0": {
							"post": [0, 0, 0],
							"lerp_mode": "catmullrom"
						},
						"0.25": {
							"post": [0, 0, -15],
							"lerp_mode": "catmullrom"
						}
					}
				},
				"LeftHandLocator": {
					"rotation": [0, 0, -10],
					"position": [-0.5, 0, 0]
				},
				"RightArm": {
					"rotation": {
						"0.0": [0, 0, 0],
						"0.375": [-57.37515, -11.88225, 47.28981],
						"0.5": [-46.45776, -18.41839, 52.396],
						"1.0": {
							"pre": [-47.42007, -18.69236, 73.95974],
							"post": [-47.42007, -18.69236, 73.95974],
							"lerp_mode": "catmullrom"
						}
					},
					"position": [0, 0, 0]
				},
				"RightForeArm": {
					"rotation": {
						"0.0": [0, 0, 0],
						"0.375": [-85, 0, 0],
						"0.5": [-97.5, 0, 0],
						"1.0": {
							"pre": [-120, 0, 0],
							"post": [-120, 0, 0],
							"lerp_mode": "catmullrom"
						}
					}
				},
				"RightHand": {
					"rotation": {
						"0.0": [0, 0, 0],
						"0.375": [36.6928, 30.02158, 29.38958],
						"0.5": [46.46043, 22.1164, 40.18695],
						"1.0": {
							"pre": [74.76581, 15.73967, 69.7009],
							"post": [74.76581, 15.73967, 69.7009],
							"lerp_mode": "catmullrom"
						}
					}
				},
				"RightHandLocator": {
					"rotation": [0, 0, 0],
					"position": [0, 0, 0]
				}
			}
		},
		"hold_mainhand:spear": {
			"loop": true,
			"animation_length": 1,
			"bones": {
				"TacticalKnife": {
					"scale": 1
				},
				"RightHandLocator": {
					"rotation": [0, 0, 0],
					"position": [0, 0, -10]
				}
			}
		},
		"hold_offhand:spear": {
			"loop": true,
			"animation_length": 1,
			"bones": {
				"TacticalKnife": {
					"scale": 1
				},
				"LeftHandLocator": {
					"position": [0, 0, -10]
				}
			}
		},
		"use_mainhand:spear": {
			"loop": "hold_on_last_frame",
			"animation_length": 60,
			"bones": {
				"Root": {
					"rotation": [0, 0, 0]
				},
				"AllBody": {
					"rotation": [0, "(ysm.head_yaw<0)?(-ysm.head_yaw):(0)", 0]
				},
				"UpBody": {
					"rotation": {
						"0.0": {
							"post": [0, 24.97457, 0],
							"lerp_mode": "catmullrom"
						},
						"0.5": {
							"post": ["-0.2*ysm.head_pitch", "(ysm.head_yaw>0)?(-ysm.head_yaw+35.1606):(35.1606)", "-0.1*ysm.head_pitch"],
							"lerp_mode": "catmullrom"
						}
					}
				},
				"Head": {
					"rotation": {
						"0.0": {
							"post": [0, -20, 0],
							"lerp_mode": "catmullrom"
						},
						"0.5": {
							"post": ["0.2*ysm.head_pitch", "ysm.head_yaw-ysm.head_pitch/5-35", 0],
							"lerp_mode": "catmullrom"
						}
					}
				},
				"Arm": {
					"rotation": {
						"0.0": [0, 0, 0],
						"0.5": ["-0.7*ysm.head_pitch", 0, "-ysm.head_pitch/5"]
					}
				},
				"LeftArm": {
					"rotation": {
						"0.0": {
							"post": [-9.9136, -0.11264, -1.29876],
							"lerp_mode": "catmullrom"
						},
						"0.5": {
							"post": [-64.12934, -30, -7.78321],
							"lerp_mode": "catmullrom"
						}
					}
				},
				"LeftForeArm": {
					"rotation": {
						"0.0": {
							"post": [-27.5, 0, 0],
							"lerp_mode": "catmullrom"
						},
						"0.5": {
							"post": [-20, 0, 0],
							"lerp_mode": "catmullrom"
						}
					}
				},
				"RightArm": {
					"rotation": {
						"0.0": {
							"post": [15.14334, -17.34551, 7.85952],
							"lerp_mode": "catmullrom"
						},
						"0.5": {
							"post": [-6.27156, 75.77567, 70.72033],
							"lerp_mode": "catmullrom"
						}
					},
					"position": [0, 0, 0]
				},
				"RightForeArm": {
					"rotation": {
						"0.0": {
							"post": [-7.5, 0, 0],
							"lerp_mode": "catmullrom"
						},
						"0.5": {
							"post": [-79.6859, -17.2294, 58.4333],
							"lerp_mode": "catmullrom"
						}
					}
				},
				"RightHand": {
					"rotation": {
						"0.0": {
							"post": [0, 0, 0],
							"lerp_mode": "catmullrom"
						},
						"0.4": {
							"post": [-5, 10, 22.5],
							"lerp_mode": "catmullrom"
						}
					}
				},
				"RightHandLocator": {
					"rotation": {
						"0.0": {
							"post": [120, 0, 0],
							"lerp_mode": "catmullrom"
						},
						"0.5": {
							"post": [180, 0, 0],
							"lerp_mode": "catmullrom"
						}
					},
					"position": {
						"0.0": [0, 0, -10],
						"0.5": [0, 0, -10]
					},
					"scale": [1, 1, 1.5]
				}
			}
		},
		"use_offhand:spear": {
			"loop": "hold_on_last_frame",
			"animation_length": 60,
			"bones": {
				"Root": {
					"rotation": [0, 0, 0]
				},
				"AllBody": {
					"rotation": [0, "(ysm.head_yaw>0)?(-ysm.head_yaw):(0)", 0]
				},
				"UpBody": {
					"rotation": {
						"0.0": {
							"post": [1.16524, -24.97457, -2.75806],
							"lerp_mode": "catmullrom"
						},
						"0.5": {
							"post": ["-0.2*ysm.head_pitch", "(ysm.head_yaw<0)?(-ysm.head_yaw-35.1606):(-35.1606)", "-0.1*ysm.head_pitch"],
							"lerp_mode": "catmullrom"
						}
					}
				},
				"Head": {
					"rotation": {
						"0.0": {
							"post": [0, 20, 0],
							"lerp_mode": "catmullrom"
						},
						"0.5": {
							"post": ["0.2*ysm.head_pitch", "ysm.head_yaw-ysm.head_pitch/5+35", 0],
							"lerp_mode": "catmullrom"
						}
					},
					"position": {
						"0.0": {
							"post": [0, 0, 0],
							"lerp_mode": "catmullrom"
						}
					}
				},
				"Arm": {
					"rotation": {
						"0.0": ["-0.7*ysm.head_pitch", 0, 0],
						"0.5": ["-0.7*ysm.head_pitch", 0, "ysm.head_pitch/5"]
					}
				},
				"LeftArm": {
					"rotation": {
						"0.0": {
							"post": [15.14334, 17.34551, -7.85952],
							"lerp_mode": "catmullrom"
						},
						"0.5833": {
							"post": [70.0273, -40.73565, -124.15801],
							"lerp_mode": "catmullrom"
						}
					}
				},
				"LeftForeArm": {
					"rotation": {
						"0.0": {
							"post": [-7.5, 0, 0],
							"lerp_mode": "catmullrom"
						},
						"0.5833": {
							"post": [-87.83459, 1.2497, -29.97638],
							"lerp_mode": "catmullrom"
						}
					}
				},
				"LeftHand": {
					"rotation": {
						"0.0": {
							"post": [0, 0, 0],
							"lerp_mode": "catmullrom"
						},
						"0.5": {
							"post": [-5, -10, -22.5],
							"lerp_mode": "catmullrom"
						}
					}
				},
				"LeftHandLocator": {
					"rotation": {
						"0.0": {
							"post": [120, 0, 0],
							"lerp_mode": "catmullrom"
						},
						"0.5833": {
							"post": [180, 0, 0],
							"lerp_mode": "catmullrom"
						}
					},
					"position": {
						"0.0": [0, 0, -10],
						"0.5833": [0, 0, -10]
					},
					"scale": [1, 1, 1.5]
				},
				"RightArm": {
					"rotation": {
						"0.0": {
							"post": [-9.9136, 0.11264, 1.29876],
							"lerp_mode": "catmullrom"
						},
						"0.5833": {
							"post": [-64.12934, 30, 7.7832],
							"lerp_mode": "catmullrom"
						}
					},
					"position": [0, 0, 0]
				},
				"RightForeArm": {
					"rotation": {
						"0.0": {
							"post": [-27.5, 0, 0],
							"lerp_mode": "catmullrom"
						},
						"0.5833": {
							"post": [-20, 0, 0],
							"lerp_mode": "catmullrom"
						}
					}
				},
				"RightHandLocator": {
					"rotation": [0, 0, 0],
					"position": [0, 0, 0]
				}
			}
		},
		"swing:spear": {
			"loop": "hold_on_last_frame",
			"animation_length": 0.5,
			"bones": {
				"TacticalKnife": {
					"scale": 1
				},
				"UpBody": {
					"rotation": {
						"0.0": [2.5, 2.5, 0],
						"0.125": [-2.4418, 12.49031, 0.44451],
						"0.2083": {
							"pre": [15.39059, -24.91575, 0.64779],
							"post": [15.39059, -24.91575, 0.64779],
							"lerp_mode": "catmullrom"
						},
						"0.375": [-2.40453, 7.49477, 0.65909],
						"0.5": [2.5, 2.5, 0]
					}
				},
				"UpperBody": {
					"rotation": {
						"0.0": [3.5, 2.5, 0],
						"0.125": [13.60113, 7.36099, 1.17552],
						"0.2083": {
							"pre": [11.30297, -20.08384, -0.59408],
							"post": [11.30297, -20.08384, -0.59408],
							"lerp_mode": "catmullrom"
						},
						"0.375": [13.5, 2.5, 0],
						"0.5": [3.5, 2.5, 0]
					}
				},
				"Head": {
					"rotation": {
						"0.0": [5, -15, 0],
						"0.125": [5.13932, -19.98047, -0.46311],
						"0.2083": {
							"pre": [-24.52821, 40.50056, -19.22333],
							"post": [-24.52821, 40.50056, -19.22333],
							"lerp_mode": "catmullrom"
						},
						"0.375": [4.90418, -10.01864, 0.44197],
						"0.5": [5, -15, 0]
					}
				},
				"LeftArm": {
					"rotation": [5, 10, -5]
				},
				"LeftForeArm": {
					"rotation": [-10, 0, 0]
				},
				"LeftHand": {
					"rotation": [-10, 0, 0]
				},
				"RightArm": {
					"rotation": {
						"0.0": [10, 15, 5],
						"0.125": [27.76779, -27.58187, 10.6479],
						"0.2083": {
							"pre": [-72.16311, 34.21584, -14.57198],
							"post": [-72.16311, 34.21584, -14.57198],
							"lerp_mode": "catmullrom"
						},
						"0.375": [3.63008, -19.9541, 8.37806],
						"0.5": [10, 15, 5]
					},
					"position": [0, 0, 0]
				},
				"RightForeArm": {
					"rotation": {
						"0.0": [-25, 0, 0],
						"0.125": [-75, 0, 0],
						"0.1667": [-49.49341, -0.38044, 0.4989],
						"0.2083": {
							"pre": [-12.5, 0, 0],
							"post": [-12.5, 0, 0],
							"lerp_mode": "catmullrom"
						},
						"0.375": [-50, 0, 0],
						"0.5": [-25, 0, 0]
					}
				},
				"RightHand": {
					"rotation": {
						"0.0": [10, 5, 0],
						"0.125": [25, 5, 0],
						"0.1667": [52.04027, -0.90987, 4.62273],
						"0.2083": {
							"pre": [50.16067, -0.43761, 1.29245],
							"post": [50.16067, -0.43761, 1.29245],
							"lerp_mode": "catmullrom"
						},
						"0.375": [30, 5, 0],
						"0.5": [10, 5, 0]
					}
				},
				"RightHandLocator": {
					"rotation": [0, 0, 0],
					"position": {
						"0.0": [0, 0, -10],
						"0.125": [0, 0, -10],
						"0.2083": {
							"pre": [0, 0, -12],
							"post": [0, 0, -12],
							"lerp_mode": "catmullrom"
						},
						"0.375": [0, 0, -10]
					}
				}
			}
		},
		"use_mainhand:crossbow": {
			"loop": "hold_on_last_frame",
			"animation_length": 60,
			"bones": {
				"UpBody": {
					"rotation": {
						"0.0": {
							"post": [8.50054, 42.03887, 7.73311],
							"lerp_mode": "catmullrom"
						},
						"0.75": {
							"post": [5.14895, 42.32665, 5.48217],
							"lerp_mode": "catmullrom"
						},
						"1.5": {
							"post": [3.46296, 42.43373, 4.34568],
							"lerp_mode": "catmullrom"
						}
					}
				},
				"UpperBody": {
					"rotation": [0, 0, 0]
				},
				"AllHead": {
					"rotation": [0, 0, 0]
				},
				"Head": {
					"rotation": {
						"0.0": {
							"post": [23.38462, -37.19141, -5.65574],
							"lerp_mode": "catmullrom"
						},
						"0.75": {
							"post": [23.38462, -37.19141, -5.65574],
							"lerp_mode": "catmullrom"
						},
						"1.5": {
							"post": [23.38462, -37.19141, -5.65574],
							"lerp_mode": "catmullrom"
						}
					}
				},
				"LeftArm": {
					"rotation": {
						"0.0": {
							"post": [-67.944, -5.60712, 11.51943],
							"lerp_mode": "catmullrom"
						},
						"0.75": {
							"post": [-54.41405, 25.55395, -52.04293],
							"lerp_mode": "catmullrom"
						},
						"1.5": {
							"post": [-78.941, 30.50568, -82.716],
							"lerp_mode": "catmullrom"
						}
					}
				},
				"LeftForeArm": {
					"rotation": {
						"0.0": {
							"post": [0, 0, 0],
							"lerp_mode": "catmullrom"
						},
						"0.75": {
							"post": [-62.5, 0, 0],
							"lerp_mode": "catmullrom"
						},
						"1.5": {
							"post": [-77.5, 0, 0],
							"lerp_mode": "catmullrom"
						}
					}
				},
				"LeftHandLocator": {
					"scale": 0
				},
				"RightArm": {
					"rotation": {
						"0.0": {
							"post": [-8.55383, -55.39007, 45.06239],
							"lerp_mode": "catmullrom"
						},
						"0.75": {
							"post": [-12.57823, -50.22393, 43.02751],
							"lerp_mode": "catmullrom"
						},
						"1.5": {
							"post": [-26.35807, -45.31681, 40.75433],
							"lerp_mode": "catmullrom"
						}
					},
					"position": [0, 0, 0]
				},
				"RightForeArm": {
					"rotation": {
						"0.0": {
							"post": [-105.11676, -6.56056, -38.70833],
							"lerp_mode": "catmullrom"
						},
						"0.75": {
							"post": [-99.59688, -6.97246, -39.17275],
							"lerp_mode": "catmullrom"
						},
						"1.5": {
							"post": [-91.94307, 7.26441, -41.31],
							"lerp_mode": "catmullrom"
						}
					}
				},
				"RightHand": {
					"rotation": [0, 0, 0]
				},
				"RightHandLocator": {
					"rotation": [0, 0, 0],
					"position": [0, -4, 0]
				}
			}
		},
		"use_offhand:crossbow": {
			"loop": "hold_on_last_frame",
			"animation_length": 60,
			"bones": {
				"UpBody": {
					"rotation": {
						"0.0": {
							"post": [8.50054, -42.03887, -7.73311],
							"lerp_mode": "catmullrom"
						},
						"0.75": {
							"post": [5.14895, -42.32665, -5.48217],
							"lerp_mode": "catmullrom"
						},
						"1.5": {
							"post": [3.46296, -42.43373, -4.34568],
							"lerp_mode": "catmullrom"
						}
					}
				},
				"UpperBody": {
					"rotation": [0, 0, 0]
				},
				"AllHead": {
					"rotation": [0, 0, 0]
				},
				"Head": {
					"rotation": {
						"0.0": {
							"post": [23.38462, 37.19141, 5.65574],
							"lerp_mode": "catmullrom"
						},
						"0.75": {
							"post": [23.38462, 37.19141, 5.65574],
							"lerp_mode": "catmullrom"
						},
						"1.5": {
							"post": [23.38462, 37.19141, 5.65574],
							"lerp_mode": "catmullrom"
						}
					}
				},
				"LeftArm": {
					"rotation": {
						"0.0": {
							"post": [-8.55383, 55.39007, -45.06239],
							"lerp_mode": "catmullrom"
						},
						"0.75": {
							"post": [-12.57823, 50.22393, -43.02751],
							"lerp_mode": "catmullrom"
						},
						"1.5": {
							"post": [-26.35807, 45.31681, -40.75433],
							"lerp_mode": "catmullrom"
						}
					}
				},
				"LeftForeArm": {
					"rotation": {
						"0.0": {
							"post": [-105.11676, 6.56056, 38.70833],
							"lerp_mode": "catmullrom"
						},
						"0.75": {
							"post": [-99.59688, 6.97246, 39.17275],
							"lerp_mode": "catmullrom"
						},
						"1.5": {
							"post": [-91.94307, -7.26441, 41.31],
							"lerp_mode": "catmullrom"
						}
					}
				},
				"LeftHand": {
					"rotation": [0, 0, 0]
				},
				"LeftHandLocator": {
					"rotation": [0, 0, 0],
					"position": [0, -4, 0]
				},
				"RightArm": {
					"rotation": {
						"0.0": {
							"post": [-67.944, 5.60712, -11.51943],
							"lerp_mode": "catmullrom"
						},
						"0.75": {
							"post": [-54.41405, -25.55395, 52.04293],
							"lerp_mode": "catmullrom"
						},
						"1.5": {
							"post": [-78.941, -30.50568, 82.716],
							"lerp_mode": "catmullrom"
						}
					},
					"position": [0, 0, 0]
				},
				"RightForeArm": {
					"rotation": {
						"0.0": {
							"post": [0, 0, 0],
							"lerp_mode": "catmullrom"
						},
						"0.75": {
							"post": [-62.5, 0, 0],
							"lerp_mode": "catmullrom"
						},
						"1.5": {
							"post": [-77.5, 0, 0],
							"lerp_mode": "catmullrom"
						}
					}
				},
				"RightHandLocator": {
					"scale": 0
				}
			}
		},
		"hold_mainhand:charged_crossbow": {
			"loop": true,
			"animation_length": 0.5,
			"bones": {
				"Root": {
					"rotation": [0, 0, 0]
				},
				"UpBody": {
					"rotation": [0, 0, 0]
				},
				"UpperBody": {
					"rotation": [0, 0, 0]
				},
				"Head": {
					"rotation": [5, 0, 0]
				},
				"Arm": {
					"rotation": ["-0.7*ysm.head_pitch", 0, "-ysm.head_pitch/5"]
				},
				"LeftArm": {
					"rotation": [-63.41348, -10.679, 55.4253]
				},
				"LeftForeArm": {
					"rotation": [0, 0, 30]
				},
				"LeftHand": {
					"rotation": [-1.17573, -16.84098, 10.4348]
				},
				"RightArm": {
					"rotation": [-27.32848, -39.88164, 33.11589],
					"position": [0, 0, 0]
				},
				"RightForeArm": {
					"rotation": [-120, 0, 0]
				},
				"RightHand": {
					"rotation": [42.64817, -7.19333, 48.47897]
				},
				"RightHandLocator": {
					"rotation": [0, 0, -15],
					"position": [1, -3, 0]
				}
			}
		},
		"hold_offhand:charged_crossbow": {
			"loop": true,
			"animation_length": 0.5,
			"bones": {
				"Root": {
					"rotation": [0, 0, 0]
				},
				"UpBody": {
					"rotation": [0, 0, 0]
				},
				"UpperBody": {
					"rotation": [0, 0, 0]
				},
				"Head": {
					"rotation": [5, 0, 0]
				},
				"Arm": {
					"rotation": ["-0.7*ysm.head_pitch", 0, "-ysm.head_pitch/5"]
				},
				"LeftArm": {
					"rotation": [-27.32848, 39.88164, -33.11589]
				},
				"LeftForeArm": {
					"rotation": [-120, 0, 0]
				},
				"LeftHand": {
					"rotation": [42.64817, 7.19333, -48.47897]
				},
				"LeftHandLocator": {
					"rotation": [0, 0, 15],
					"position": [-1, -3, 0]
				},
				"RightArm": {
					"rotation": [-63.41348, 10.679, -55.4253],
					"position": [0, 0, 0]
				},
				"RightForeArm": {
					"rotation": [0, 0, -30]
				},
				"RightHand": {
					"rotation": [-1.17573, 16.84098, -10.4348]
				},
				"RightHandLocator": {
					"rotation": [0, 0, 0],
					"position": [0, 0, 0]
				}
			}
		}
	}
}