{
	"format_version": "1.12.0",
	"minecraft:geometry": [
		{
			"description": {
				"identifier": "geometry.default",
				"texture_width": 256,
				"texture_height": 256,
				"visible_bounds_width": 5,
				"visible_bounds_height": 6.5,
				"visible_bounds_offset": [0, 2.75, 0]
			},
			"bones": [
				{
					"name": "LeftArm",
					"pivot": [4.4, 30.7, 0],
					"cubes": [
						{"origin": [2.75, 25.65, -1.5], "size": [3.05, 6.2, 3.05], "uv": [22, 54]}
					]
				},
				{
					"name": "zuoshouyifu",
					"parent": "LeftArm",
					"pivot": [-0.5, 1.1, 0],
					"cubes": [
						{
							"origin": [5.55606, 27.18798, -2.9872],
							"size": [0.5, 0.6, 0.25],
							"pivot": [5.62791, 27.46934, -0.88649],
							"rotation": [32.0106, 4.1718, -97.37586],
							"uv": {
								"north": {"uv": [103, 47], "uv_size": [3, 6]},
								"east": {"uv": [103, 48], "uv_size": [2, 6]},
								"south": {"uv": [103, 48], "uv_size": [2, 6]},
								"west": {"uv": [104, 49], "uv_size": [-1, 5]},
								"up": {"uv": [105, 53], "uv_size": [-2, -3]},
								"down": {"uv": [106, 52], "uv_size": [-3, -2]}
							}
						},
						{"origin": [4.54731, 24.67068, -2.61451], "size": [1.3, 3.1, 0.8], "pivot": [5.62791, 27.46934, -0.88649], "rotation": [19.30706, -30.95077, -22.85779], "uv": [104, 48]},
						{"origin": [4.04221, 25.96952, -2.61451], "size": [1.3, 2.4, 0.8], "pivot": [5.62791, 27.46934, -0.88649], "rotation": [29.37338, -21.75457, -45.23166], "uv": [119, 105]},
						{"origin": [4.44081, 26.45222, -2.25261], "size": [1.2, 2.4, 0.8], "pivot": [5.62791, 27.46934, -0.88649], "rotation": [69.68688, -48.73407, -69.12517], "uv": [104, 48]},
						{"origin": [3.60411, 24.96333, 1.40667], "size": [1.3, 3.1, 0.8], "pivot": [5.62791, 27.46934, -0.88649], "rotation": [-19.30706, 30.95077, -22.85779], "uv": [104, 48]},
						{"origin": [3.27732, 26.59419, 1.40667], "size": [1.3, 2.4, 0.8], "pivot": [5.62791, 27.46934, -0.88649], "rotation": [-29.37338, 21.75457, -45.23166], "uv": [104, 48]},
						{"origin": [3.05582, 27.43294, 0.06039], "size": [1.2, 2, 0.8], "pivot": [5.62791, 27.46934, -0.88649], "rotation": [-69.68688, 48.73407, -69.12517], "uv": [104, 48]},
						{
							"origin": [6.20198, 26.24914, -1.00137],
							"size": [0.8, 0.4, 2.3],
							"pivot": [6.60198, 26.44914, 0.14863],
							"rotation": [-149.02185, 0.2079, 0.00177],
							"uv": {
								"north": {"uv": [2, 104], "uv_size": [0, 0]},
								"east": {"uv": [5, 104], "uv_size": [-3, 1]},
								"south": {"uv": [3, 104], "uv_size": [-3, 2]},
								"west": {"uv": [5, 104], "uv_size": [-5, 4]},
								"up": {"uv": [2, 102], "uv_size": [0, 2]},
								"down": {"uv": [2, 106], "uv_size": [0, -2]}
							}
						},
						{
							"origin": [6.20198, 26.24914, -1.00137],
							"size": [0.8, 0.4, 2.3],
							"pivot": [6.60198, 26.44914, 0.14863],
							"rotation": [143.97815, 0.2079, 0.00177],
							"uv": {
								"north": {"uv": [2, 104], "uv_size": [0, 0]},
								"east": {"uv": [5, 104], "uv_size": [-3, 1]},
								"south": {"uv": [3, 104], "uv_size": [-3, 2]},
								"west": {"uv": [5, 104], "uv_size": [-5, 4]},
								"up": {"uv": [2, 102], "uv_size": [0, 2]},
								"down": {"uv": [2, 106], "uv_size": [0, -2]}
							}
						},
						{
							"origin": [6.20198, 26.24914, -1.00137],
							"size": [0.8, 0.4, 2.3],
							"pivot": [6.60198, 26.44914, 0.14863],
							"rotation": [88.97815, 0.2079, 0.00177],
							"uv": {
								"north": {"uv": [2, 104], "uv_size": [0, 0]},
								"east": {"uv": [5, 104], "uv_size": [-3, 1]},
								"south": {"uv": [3, 104], "uv_size": [-3, 2]},
								"west": {"uv": [5, 104], "uv_size": [-5, 4]},
								"up": {"uv": [2, 102], "uv_size": [0, 2]},
								"down": {"uv": [2, 106], "uv_size": [0, -2]}
							}
						},
						{
							"origin": [5.25606, 26.78798, -2.8872],
							"size": [0.5, 2.5, 0.25],
							"pivot": [5.62791, 27.46934, -0.88649],
							"rotation": [32.0106, 4.1718, -97.37586],
							"uv": {
								"north": {"uv": [103, 47], "uv_size": [3, 6]},
								"east": {"uv": [103, 48], "uv_size": [2, 6]},
								"south": {"uv": [103, 48], "uv_size": [2, 6]},
								"west": {"uv": [104, 49], "uv_size": [-1, 5]},
								"up": {"uv": [105, 53], "uv_size": [-2, -3]},
								"down": {"uv": [106, 52], "uv_size": [-3, -2]}
							}
						},
						{
							"origin": [1.70286, 27.13334, -2.78191],
							"size": [3, 2, 0],
							"pivot": [5.62791, 27.46934, -0.88649],
							"rotation": [-5.32393, -27.31233, 9.06091],
							"uv": {
								"north": {"uv": [2, 115], "uv_size": [21, 6]},
								"east": {"uv": [2, 115], "uv_size": [0, 12]},
								"south": {"uv": [10, 115], "uv_size": [8, 12]},
								"west": {"uv": [10, 115], "uv_size": [0, 12]},
								"up": {"uv": [2, 115], "uv_size": [8, 0]},
								"down": {"uv": [10, 115], "uv_size": [8, 0]}
							}
						},
						{
							"origin": [1.75595, 26.35363, -2.6584],
							"size": [2.4, 0.5, 0],
							"pivot": [5.62791, 27.46934, -0.88649],
							"rotation": [-12.53008, -28.41812, 12.03756],
							"uv": {
								"north": {"uv": [116, 104.3], "uv_size": [8, 1]},
								"east": {"uv": [0, 0], "uv_size": [0, 1]},
								"south": {"uv": [8, 0], "uv_size": [8, 1]},
								"west": {"uv": [8, 0], "uv_size": [0, 1]},
								"up": {"uv": [0, 0], "uv_size": [8, 0]},
								"down": {"uv": [8, 0], "uv_size": [8, 0]}
							}
						},
						{
							"origin": [5.03495, 27.30436, -3.1374],
							"size": [1.4, 4.5, 0.25],
							"pivot": [5.62791, 27.46934, -0.88649],
							"rotation": [17.32706, -24.83987, -64.3813],
							"uv": {
								"north": {"uv": [103, 47], "uv_size": [3, 6]},
								"east": {"uv": [103, 48], "uv_size": [2, 6]},
								"south": {"uv": [103, 48], "uv_size": [2, 6]},
								"west": {"uv": [104, 49], "uv_size": [-1, 5]},
								"up": {"uv": [105, 53], "uv_size": [-2, -3]},
								"down": {"uv": [106, 52], "uv_size": [-3, -2]}
							}
						},
						{"origin": [5.09297, 27.34249, -2.83826], "size": [1, 4, 1], "pivot": [5.62525, 27.98137, -1.14965], "rotation": [14.25668, -17.3789, -66.68994], "uv": [103, 48]},
						{"origin": [5.09297, 27.62448, -2.84186], "size": [1, 1, 1], "pivot": [5.62525, 27.98137, -1.14965], "rotation": [54.25668, -17.3789, -66.68994], "uv": [103, 47]},
						{"origin": [5.93183, 25.85133, -0.1654], "size": [1, 4, 1], "pivot": [6.43183, 27.85133, 0.3346], "rotation": [86.90216, -2.40159, -67.52969], "uv": [104, 47]},
						{
							"origin": [3.80874, 27.01591, -1.33459],
							"size": [1.5, 1.2, 0],
							"pivot": [5.62525, 27.98137, -1.14965],
							"rotation": [-15.13414, -57.46254, 13.54762],
							"uv": {
								"north": {"uv": [2, 115], "uv_size": [21, 6]},
								"east": {"uv": [2, 115], "uv_size": [0, 12]},
								"south": {"uv": [10, 115], "uv_size": [8, 12]},
								"west": {"uv": [10, 115], "uv_size": [0, 12]},
								"up": {"uv": [2, 115], "uv_size": [8, 0]},
								"down": {"uv": [10, 115], "uv_size": [8, 0]}
							}
						},
						{"origin": [5.88759, 27.3801, 2.44567], "size": [1, 1, 0.5], "pivot": [6.38759, 27.8801, 2.69567], "rotation": [4.27479, 71.59319, 16.68784], "uv": [105, 48], "mirror": true},
						{"origin": [6.8, 26.4, -1.2], "size": [0.7, 3.3, 2.3], "pivot": [14.65, 23.6, 0.9], "rotation": [0, 0, -12.5], "uv": [116, 102]},
						{"origin": [0.77669, 24.25861, -2.25913], "size": [4.4, 3, 0.4], "pivot": [3.3045, 24.69958, -1.82286], "rotation": [11.81746, -27.30363, 13.86306], "uv": [69, 218], "mirror": true},
						{
							"origin": [1.96475, 24.77526, -1.6034],
							"size": [3, 2, 0.2],
							"pivot": [3.3045, 24.69958, -1.82286],
							"rotation": [-135.18958, -25.56748, 4.00142],
							"uv": {
								"north": {"uv": [117, 16], "uv_size": [-16, 11]},
								"east": {"uv": [116, 15], "uv_size": [-15, 10]},
								"south": {"uv": [88, 114], "uv_size": [-4, 14]},
								"west": {"uv": [120, 14], "uv_size": [-17, 8]},
								"up": {"uv": [117, 26], "uv_size": [-15, -12]},
								"down": {"uv": [117, 26], "uv_size": [-16, -11]}
							}
						},
						{"origin": [0.50189, 23.38511, -2.67686], "size": [2.8, 3.8, 0.5], "pivot": [2.70189, 25.48511, -2.42686], "rotation": [-13.14478, -62.39511, 36.82961], "uv": [84, 117], "mirror": true}
					]
				},
				{
					"name": "LeftForeArm",
					"parent": "LeftArm",
					"pivot": [3.875, 25.5, 0.025],
					"cubes": [
						{"origin": [2.85, 24.67586, -0.85842], "size": [2.85, 2.1, 2.1], "pivot": [4.275, 25.92586, 0.09158], "rotation": [-45, 0, 0], "uv": [71, 55]},
						{"origin": [2.775, 19.75, -1.475], "size": [3, 6, 3], "uv": [53, 198]},
						{"origin": [2.96179, 17.48704, -1.15421], "size": [2.25, 2, 2], "pivot": [4.28679, 18.18704, -0.25421], "rotation": [-2.41632, -0.94015, 0.14571], "uv": [120, 124], "mirror": true},
						{"origin": [2.74403, 19.37938, -1.67404], "size": [3, 0.4, 3.4], "uv": [116, 100], "mirror": true},
						{"origin": [6.1285, 20.41108, -0.97544], "size": [0.1, 0.5, 2], "pivot": [4.50502, 20.94436, 0.05169], "rotation": [-2.56864, -0.35712, 12.00001], "uv": [120, 103], "mirror": true},
						{"origin": [6.12791, 21.21005, -0.90217], "size": [0.1, 0.5, 2], "pivot": [4.50502, 20.94436, 0.05169], "rotation": [-5.57081, 1.63344, 11.80589], "uv": [123, 103], "mirror": true},
						{"origin": [6.19559, 21.45095, -0.72138], "size": [0.2, 0.275, 0.3], "pivot": [4.50502, 20.94436, 0.05169], "rotation": [-134.95547, -4.76632, 6.37897], "uv": [73, 121], "mirror": true},
						{"origin": [6.19559, 21.45095, -0.92138], "size": [0.2, 0.275, 0.3], "pivot": [4.50502, 20.94436, 0.05169], "rotation": [-134.95547, -4.76632, 6.37897], "uv": [73, 121], "mirror": true},
						{"origin": [6.19559, 21.05095, -1.12138], "size": [0.2, 0.275, 0.3], "pivot": [4.50502, 20.94436, 0.05169], "rotation": [-134.95547, -4.76632, 6.37897], "uv": [73, 121], "mirror": true},
						{"origin": [6.19559, 21.45095, -1.12138], "size": [0.2, 0.275, 0.3], "pivot": [4.50502, 20.94436, 0.05169], "rotation": [-134.95547, -4.76632, 6.37897], "uv": [73, 121], "mirror": true},
						{"origin": [6.09559, 21.73105, -0.44024], "size": [0.4, 0.4, 0.4], "pivot": [4.50502, 20.94436, 0.05169], "rotation": [-90.95547, -4.76632, 6.37897], "uv": [73, 121], "mirror": true},
						{"origin": [6.06778, 21.94633, -0.09828], "size": [0.2, 0.275, 0.3], "pivot": [4.50502, 20.94436, 0.05169], "rotation": [-134.95547, -4.76632, 6.37897], "uv": [73, 121], "mirror": true},
						{"origin": [6.06778, 21.94633, -0.29828], "size": [0.2, 0.275, 0.3], "pivot": [4.50502, 20.94436, 0.05169], "rotation": [-134.95547, -4.76632, 6.37897], "uv": [73, 121], "mirror": true},
						{"origin": [6.06778, 21.54633, -0.49828], "size": [0.2, 0.275, 0.3], "pivot": [4.50502, 20.94436, 0.05169], "rotation": [-134.95547, -4.76632, 6.37897], "uv": [73, 121], "mirror": true},
						{"origin": [6.06778, 21.74633, -0.49828], "size": [0.2, 0.275, 0.3], "pivot": [4.50502, 20.94436, 0.05169], "rotation": [-134.95547, -4.76632, 6.37897], "uv": [73, 121], "mirror": true},
						{"origin": [6.06778, 21.94633, -0.49828], "size": [0.2, 0.275, 0.3], "pivot": [4.50502, 20.94436, 0.05169], "rotation": [-134.95547, -4.76632, 6.37897], "uv": [73, 121], "mirror": true},
						{"origin": [5.96778, 21.65457, 0.3521], "size": [0.4, 0.4, 0.4], "pivot": [4.50502, 20.94436, 0.05169], "rotation": [-90.95547, -4.76632, 6.37897], "uv": [73, 121], "mirror": true},
						{"origin": [6.12722, 21.30707, 0.68172], "size": [0.2, 0.275, 0.3], "pivot": [4.50502, 20.94436, 0.05169], "rotation": [134.95547, 4.76632, 6.37897], "uv": [73, 121], "mirror": true},
						{"origin": [6.12722, 21.30707, 0.88172], "size": [0.2, 0.275, 0.3], "pivot": [4.50502, 20.94436, 0.05169], "rotation": [134.95547, 4.76632, 6.37897], "uv": [73, 121], "mirror": true},
						{"origin": [6.12722, 20.90707, 1.08172], "size": [0.2, 0.275, 0.3], "pivot": [4.50502, 20.94436, 0.05169], "rotation": [134.95547, 4.76632, 6.37897], "uv": [73, 121], "mirror": true},
						{"origin": [6.12722, 21.10707, 1.08172], "size": [0.2, 0.275, 0.3], "pivot": [4.50502, 20.94436, 0.05169], "rotation": [134.95547, 4.76632, 6.37897], "uv": [73, 121], "mirror": true},
						{"origin": [6.12722, 21.30707, 1.08172], "size": [0.2, 0.275, 0.3], "pivot": [4.50502, 20.94436, 0.05169], "rotation": [134.95547, 4.76632, 6.37897], "uv": [73, 121], "mirror": true},
						{"origin": [6.02722, 21.73659, 0.35647], "size": [0.4, 0.4, 0.4], "pivot": [4.50502, 20.94436, 0.05169], "rotation": [90.95547, 4.76632, 6.37897], "uv": [73, 121], "mirror": true},
						{"origin": [6.09131, 21.9485, 0.04353], "size": [0.2, 0.275, 0.3], "pivot": [4.50502, 20.94436, 0.05169], "rotation": [134.95547, 4.76632, 6.37897], "uv": [73, 121], "mirror": true},
						{"origin": [6.09131, 21.9485, 0.24353], "size": [0.2, 0.275, 0.3], "pivot": [4.50502, 20.94436, 0.05169], "rotation": [134.95547, 4.76632, 6.37897], "uv": [73, 121], "mirror": true},
						{"origin": [6.09131, 21.5485, 0.44353], "size": [0.2, 0.275, 0.3], "pivot": [4.50502, 20.94436, 0.05169], "rotation": [134.95547, 4.76632, 6.37897], "uv": [73, 121], "mirror": true},
						{"origin": [6.09131, 21.7485, 0.44353], "size": [0.2, 0.275, 0.3], "pivot": [4.50502, 20.94436, 0.05169], "rotation": [134.95547, 4.76632, 6.37897], "uv": [73, 121], "mirror": true},
						{"origin": [6.09131, 21.9485, 0.44353], "size": [0.2, 0.275, 0.3], "pivot": [4.50502, 20.94436, 0.05169], "rotation": [134.95547, 4.76632, 6.37897], "uv": [73, 121], "mirror": true},
						{"origin": [5.99131, 21.75468, -0.54817], "size": [0.4, 0.4, 0.4], "pivot": [4.50502, 20.94436, 0.05169], "rotation": [90.95547, 4.76632, 6.37897], "uv": [73, 121], "mirror": true},
						{
							"origin": [5.08012, 19.63455, -1.37534],
							"size": [0.8, 0.4, 2.7],
							"pivot": [4.50502, 20.94436, 0.05169],
							"rotation": [-3, 0, -2],
							"uv": {
								"north": {"uv": [124, 101], "uv_size": [-4, 4]},
								"east": {"uv": [124, 101], "uv_size": [-7, 1]},
								"south": {"uv": [119, 100], "uv_size": [6, 5]},
								"west": {"uv": [125, 101], "uv_size": [-7, 5]},
								"up": {"uv": [120, 100], "uv_size": [-2, 7]},
								"down": {"uv": [120, 89], "uv_size": [-2, -7]}
							}
						},
						{
							"origin": [2.97149, 20.01461, 1.95209],
							"size": [2.6, 2, 0.1],
							"pivot": [4.50502, 20.94436, 0.05169],
							"rotation": [-14.16955, 1.29256, 0.05452],
							"uv": {
								"north": {"uv": [117, 83], "uv_size": [2, 2]},
								"east": {"uv": [120, 101], "uv_size": [0, 2]},
								"south": {"uv": [117, 101], "uv_size": [5, 3]},
								"west": {"uv": [118, 101], "uv_size": [0, 2]},
								"up": {"uv": [119, 83], "uv_size": [-4, 3]},
								"down": {"uv": [121, 86], "uv_size": [-4, -3]}
							}
						},
						{
							"origin": [2.58536, 20.12981, -1.93408],
							"size": [2.8, 2, 0.1],
							"pivot": [4.50502, 20.94436, 0.05169],
							"rotation": [11, 0, 0],
							"uv": {
								"north": {"uv": [122, 101], "uv_size": [-5, 3]},
								"east": {"uv": [120, 101], "uv_size": [0, 2]},
								"south": {"uv": [119, 83], "uv_size": [-2, 2]},
								"west": {"uv": [118, 101], "uv_size": [0, 2]},
								"up": {"uv": [119, 86], "uv_size": [-4, -3]},
								"down": {"uv": [121, 83], "uv_size": [-4, 3]}
							}
						},
						{
							"origin": [3.23072, 20.07227, -2.13972],
							"size": [2.6, 2, 0.1],
							"pivot": [4.50502, 20.94436, 0.05169],
							"rotation": [-97.94516, 84.56862, -109.40426],
							"uv": {
								"north": {"uv": [122, 101], "uv_size": [-5, 3]},
								"east": {"uv": [120, 101], "uv_size": [0, 2]},
								"south": {"uv": [119, 83], "uv_size": [-2, 2]},
								"west": {"uv": [118, 101], "uv_size": [0, 2]},
								"up": {"uv": [119, 86], "uv_size": [-4, -3]},
								"down": {"uv": [121, 83], "uv_size": [-4, 3]}
							}
						},
						{
							"origin": [5.62815, 20.1268, -2.13272],
							"size": [0.3, 2, 0.1],
							"pivot": [4.50502, 20.94436, 0.05169],
							"rotation": [-167.17224, 7.5641, 175.46004],
							"uv": {
								"north": {"uv": [122, 101], "uv_size": [-5, 3]},
								"east": {"uv": [120, 101], "uv_size": [0, 2]},
								"south": {"uv": [119, 83], "uv_size": [-2, 2]},
								"west": {"uv": [118, 101], "uv_size": [0, 2]},
								"up": {"uv": [119, 86], "uv_size": [-4, -3]},
								"down": {"uv": [121, 83], "uv_size": [-4, 3]}
							}
						},
						{
							"origin": [3.56152, 20.10381, -2.44185],
							"size": [0.5, 2, 0.1],
							"pivot": [4.50502, 20.94436, 0.05169],
							"rotation": [-162.35986, 67.88956, -175.15289],
							"uv": {
								"north": {"uv": [122, 101], "uv_size": [-5, 3]},
								"east": {"uv": [120, 101], "uv_size": [0, 2]},
								"south": {"uv": [119, 83], "uv_size": [-2, 2]},
								"west": {"uv": [118, 101], "uv_size": [0, 2]},
								"up": {"uv": [119, 86], "uv_size": [-4, -3]},
								"down": {"uv": [121, 83], "uv_size": [-4, 3]}
							}
						},
						{
							"origin": [3.94179, 20.33762, 2.64152],
							"size": [0.4, 2, 0.1],
							"pivot": [4.50502, 20.94436, 0.05169],
							"rotation": [163.95332, -58.5133, -175.33157],
							"uv": {
								"north": {"uv": [117, 83], "uv_size": [2, 2]},
								"east": {"uv": [120, 101], "uv_size": [0, 2]},
								"south": {"uv": [117, 101], "uv_size": [5, 3]},
								"west": {"uv": [118, 101], "uv_size": [0, 2]},
								"up": {"uv": [119, 83], "uv_size": [-4, 3]},
								"down": {"uv": [121, 86], "uv_size": [-4, -3]}
							}
						},
						{
							"origin": [5.39571, 20.25899, -1.8462],
							"size": [0.3, 2, 0.1],
							"pivot": [4.50502, 20.94436, 0.05169],
							"rotation": [13.69221, 1.34717, 2.88132],
							"uv": {
								"north": {"uv": [122, 101], "uv_size": [-5, 3]},
								"east": {"uv": [120, 101], "uv_size": [0, 2]},
								"south": {"uv": [119, 83], "uv_size": [-2, 2]},
								"west": {"uv": [118, 101], "uv_size": [0, 2]},
								"up": {"uv": [119, 86], "uv_size": [-4, -3]},
								"down": {"uv": [121, 83], "uv_size": [-4, 3]}
							}
						},
						{
							"origin": [4.51777, 20.23948, -2.20009],
							"size": [0.4, 2, 0.1],
							"pivot": [4.50502, 20.94436, 0.05169],
							"rotation": [13.47017, -28.5463, -1.67087],
							"uv": {
								"north": {"uv": [122, 101], "uv_size": [-5, 3]},
								"east": {"uv": [120, 101], "uv_size": [0, 2]},
								"south": {"uv": [119, 83], "uv_size": [-2, 2]},
								"west": {"uv": [118, 101], "uv_size": [0, 2]},
								"up": {"uv": [119, 86], "uv_size": [-4, -3]},
								"down": {"uv": [121, 83], "uv_size": [-4, 3]}
							}
						},
						{
							"origin": [3.42328, 20.05147, 1.67003],
							"size": [0.4, 2, 0.1],
							"pivot": [4.50502, 20.94436, 0.05169],
							"rotation": [-56.66676, 82.79864, -43.68114],
							"uv": {
								"north": {"uv": [117, 83], "uv_size": [2, 2]},
								"east": {"uv": [120, 101], "uv_size": [0, 2]},
								"south": {"uv": [117, 101], "uv_size": [5, 3]},
								"west": {"uv": [118, 101], "uv_size": [0, 2]},
								"up": {"uv": [119, 83], "uv_size": [-4, 3]},
								"down": {"uv": [121, 86], "uv_size": [-4, -3]}
							}
						},
						{
							"origin": [3.22073, 20.05147, 1.83328],
							"size": [0.5, 2, 0.1],
							"pivot": [4.50502, 20.94436, 0.05169],
							"rotation": [-23.56591, 74.81337, -10.05162],
							"uv": {
								"north": {"uv": [117, 83], "uv_size": [2, 2]},
								"east": {"uv": [120, 101], "uv_size": [0, 2]},
								"south": {"uv": [117, 101], "uv_size": [5, 3]},
								"west": {"uv": [118, 101], "uv_size": [0, 2]},
								"up": {"uv": [119, 83], "uv_size": [-4, 3]},
								"down": {"uv": [121, 86], "uv_size": [-4, -3]}
							}
						},
						{
							"origin": [4.02617, 20.18866, 2.15645],
							"size": [0.4, 2, 0.1],
							"pivot": [4.50502, 20.94436, 0.05169],
							"rotation": [-20.74975, 45.60396, -6.11227],
							"uv": {
								"north": {"uv": [117, 83], "uv_size": [2, 2]},
								"east": {"uv": [120, 101], "uv_size": [0, 2]},
								"south": {"uv": [117, 101], "uv_size": [5, 3]},
								"west": {"uv": [118, 101], "uv_size": [0, 2]},
								"up": {"uv": [119, 83], "uv_size": [-4, 3]},
								"down": {"uv": [121, 86], "uv_size": [-4, -3]}
							}
						},
						{
							"origin": [4.94533, 20.23247, 2.05675],
							"size": [0.3, 2, 0.1],
							"pivot": [4.50502, 20.94436, 0.05169],
							"rotation": [-17.56669, 16.24154, 2.37298],
							"uv": {
								"north": {"uv": [117, 83], "uv_size": [2, 2]},
								"east": {"uv": [120, 101], "uv_size": [0, 2]},
								"south": {"uv": [117, 101], "uv_size": [5, 3]},
								"west": {"uv": [118, 101], "uv_size": [0, 2]},
								"up": {"uv": [119, 83], "uv_size": [-4, 3]},
								"down": {"uv": [121, 86], "uv_size": [-4, -3]}
							}
						},
						{
							"origin": [3.06318, 20.09938, -1.64245],
							"size": [0.6, 2, 0.1],
							"pivot": [4.50502, 20.94436, 0.05169],
							"rotation": [33.99441, -86.35905, -22.7571],
							"uv": {
								"north": {"uv": [122, 101], "uv_size": [-5, 3]},
								"east": {"uv": [120, 101], "uv_size": [0, 2]},
								"south": {"uv": [119, 83], "uv_size": [-2, 2]},
								"west": {"uv": [118, 101], "uv_size": [0, 2]},
								"up": {"uv": [119, 86], "uv_size": [-4, -3]},
								"down": {"uv": [121, 83], "uv_size": [-4, 3]}
							}
						},
						{
							"origin": [3.6199, 20.17325, -2.09879],
							"size": [0.5, 2, 0.1],
							"pivot": [4.50502, 20.94436, 0.05169],
							"rotation": [9.42377, -57.6192, 3.04607],
							"uv": {
								"north": {"uv": [122, 101], "uv_size": [-5, 3]},
								"east": {"uv": [120, 101], "uv_size": [0, 2]},
								"south": {"uv": [119, 83], "uv_size": [-2, 2]},
								"west": {"uv": [118, 101], "uv_size": [0, 2]},
								"up": {"uv": [119, 86], "uv_size": [-4, -3]},
								"down": {"uv": [121, 83], "uv_size": [-4, 3]}
							}
						},
						{
							"origin": [5.12151, 20.39018, 2.51357],
							"size": [0.3, 2, 0.1],
							"pivot": [4.50502, 20.94436, 0.05169],
							"rotation": [167.36944, -28.65574, 178.01964],
							"uv": {
								"north": {"uv": [117, 83], "uv_size": [2, 2]},
								"east": {"uv": [120, 101], "uv_size": [0, 2]},
								"south": {"uv": [117, 101], "uv_size": [5, 3]},
								"west": {"uv": [118, 101], "uv_size": [0, 2]},
								"up": {"uv": [119, 83], "uv_size": [-4, 3]},
								"down": {"uv": [121, 86], "uv_size": [-4, -3]}
							}
						},
						{
							"origin": [2.89919, 20.16174, 2.21935],
							"size": [0.5, 2, 0.1],
							"pivot": [4.50502, 20.94436, 0.05169],
							"rotation": [-166.30619, -87.41663, 155.28955],
							"uv": {
								"north": {"uv": [117, 83], "uv_size": [2, 2]},
								"east": {"uv": [120, 101], "uv_size": [0, 2]},
								"south": {"uv": [117, 101], "uv_size": [5, 3]},
								"west": {"uv": [118, 101], "uv_size": [0, 2]},
								"up": {"uv": [119, 83], "uv_size": [-4, 3]},
								"down": {"uv": [121, 86], "uv_size": [-4, -3]}
							}
						},
						{
							"origin": [4.60343, 20.27162, -2.49717],
							"size": [0.4, 2, 0.1],
							"pivot": [4.50502, 20.94436, 0.05169],
							"rotation": [-160.5329, 38.63541, -176.22749],
							"uv": {
								"north": {"uv": [122, 101], "uv_size": [-5, 3]},
								"east": {"uv": [120, 101], "uv_size": [0, 2]},
								"south": {"uv": [119, 83], "uv_size": [-2, 2]},
								"west": {"uv": [118, 101], "uv_size": [0, 2]},
								"up": {"uv": [119, 86], "uv_size": [-4, -3]},
								"down": {"uv": [121, 83], "uv_size": [-4, 3]}
							}
						},
						{
							"origin": [3.94179, 20.33762, 2.64152],
							"size": [0.4, 2, 0.1],
							"pivot": [4.50502, 20.94436, 0.05169],
							"rotation": [163.95332, -58.5133, -175.33157],
							"uv": {
								"north": {"uv": [117, 83], "uv_size": [2, 2]},
								"east": {"uv": [120, 101], "uv_size": [0, 2]},
								"south": {"uv": [117, 101], "uv_size": [5, 3]},
								"west": {"uv": [118, 101], "uv_size": [0, 2]},
								"up": {"uv": [119, 83], "uv_size": [-4, 3]},
								"down": {"uv": [121, 86], "uv_size": [-4, -3]}
							}
						},
						{
							"origin": [5.12151, 20.39018, 2.51357],
							"size": [0.3, 2, 0.1],
							"pivot": [4.50502, 20.94436, 0.05169],
							"rotation": [167.36944, -28.65574, 178.01964],
							"uv": {
								"north": {"uv": [117, 83], "uv_size": [2, 2]},
								"east": {"uv": [120, 101], "uv_size": [0, 2]},
								"south": {"uv": [117, 101], "uv_size": [5, 3]},
								"west": {"uv": [118, 101], "uv_size": [0, 2]},
								"up": {"uv": [119, 83], "uv_size": [-4, 3]},
								"down": {"uv": [121, 86], "uv_size": [-4, -3]}
							}
						},
						{
							"origin": [2.89919, 20.16174, 2.21935],
							"size": [0.5, 2, 0.1],
							"pivot": [4.50502, 20.94436, 0.05169],
							"rotation": [-166.30619, -87.41663, 155.28955],
							"uv": {
								"north": {"uv": [117, 83], "uv_size": [2, 2]},
								"east": {"uv": [120, 101], "uv_size": [0, 2]},
								"south": {"uv": [117, 101], "uv_size": [5, 3]},
								"west": {"uv": [118, 101], "uv_size": [0, 2]},
								"up": {"uv": [119, 83], "uv_size": [-4, 3]},
								"down": {"uv": [121, 86], "uv_size": [-4, -3]}
							}
						},
						{
							"origin": [4.60343, 20.27162, -2.49717],
							"size": [0.4, 2, 0.1],
							"pivot": [4.50502, 20.94436, 0.05169],
							"rotation": [-160.5329, 38.63541, -176.22749],
							"uv": {
								"north": {"uv": [122, 101], "uv_size": [-5, 3]},
								"east": {"uv": [120, 101], "uv_size": [0, 2]},
								"south": {"uv": [119, 83], "uv_size": [-2, 2]},
								"west": {"uv": [118, 101], "uv_size": [0, 2]},
								"up": {"uv": [119, 86], "uv_size": [-4, -3]},
								"down": {"uv": [121, 83], "uv_size": [-4, 3]}
							}
						}
					]
				},
				{
					"name": "LeftHand",
					"parent": "LeftForeArm",
					"pivot": [4.375, 20.025, 0.025]
				},
				{
					"name": "LeftHandLocator",
					"parent": "LeftHand",
					"pivot": [4.375, 19.025, 0.025]
				},
				{
					"name": "RightArm",
					"pivot": [-4.4, 30.6, 0],
					"cubes": [
						{"origin": [-5.8, 25.55, -1.5], "size": [3.05, 6.2, 3.05], "uv": [10, 52]}
					]
				},
				{
					"name": "RightForeArm",
					"parent": "RightArm",
					"pivot": [-3.875, 25.4, 0.025],
					"cubes": [
						{"origin": [-5.7, 24.57586, -0.85842], "size": [2.85, 2.1, 2.1], "pivot": [-4.275, 25.82586, 0.09158], "rotation": [-45, 0, 0], "uv": [70, 29]},
						{"origin": [-5.775, 19.65, -1.475], "size": [3, 6, 3], "uv": [62, 205]}
					]
				},
				{
					"name": "youshouyifu",
					"parent": "RightForeArm",
					"pivot": [-5.33603, 23.08058, -0.40173],
					"rotation": [0, 0, -14],
					"cubes": [
						{"origin": [-6.15808, 25.53647, -2.02359], "size": [1.3, 2.4, 0.8], "pivot": [-5.50808, 26.73647, -1.62359], "rotation": [69.68688, 48.73407, 75.12517], "uv": [104, 48], "mirror": true},
						{"origin": [-6.68129, 23.77613, -2.31582], "size": [1.3, 3.1, 0.8], "pivot": [-5.28129, 24.27613, -1.91582], "rotation": [19.30706, 30.95077, 28.85779], "uv": [104, 48], "mirror": true},
						{
							"origin": [-5.90105, 25.95575, -2.95774],
							"size": [0.5, 0.6, 0.25],
							"pivot": [-5.35105, 26.80575, -2.93274],
							"rotation": [32.0106, -4.1718, 103.37586],
							"uv": {
								"north": {"uv": [106, 47], "uv_size": [-3, 6]},
								"east": {"uv": [103, 49], "uv_size": [1, 5]},
								"south": {"uv": [105, 48], "uv_size": [-2, 6]},
								"west": {"uv": [105, 48], "uv_size": [-2, 6]},
								"up": {"uv": [103, 53], "uv_size": [2, -3]},
								"down": {"uv": [103, 52], "uv_size": [3, -2]}
							}
						},
						{"origin": [-7.05899, 25.45755, -1.09906], "size": [0.7, 3.3, 2.3], "pivot": [-12.80899, 23.05755, 0.90094], "rotation": [0, 0, 12.5], "uv": [103, 46], "mirror": true},
						{"origin": [-6.68129, 23.57613, 1.4177], "size": [1.3, 3.1, 0.8], "pivot": [-5.28129, 24.07613, 1.8177], "rotation": [-19.30706, -30.95077, 28.85779], "uv": [104, 48], "mirror": true},
						{"origin": [-6.41403, 24.36969, 1.55322], "size": [1.3, 2.4, 0.8], "pivot": [-5.16403, 24.81969, 1.95322], "rotation": [-29.37338, -21.75457, 51.23166], "uv": [104, 48], "mirror": true},
						{"origin": [-6.15808, 25.33647, 1.12547], "size": [1.3, 2.4, 0.8], "pivot": [-5.50808, 26.53647, 1.52547], "rotation": [-69.68688, -48.73407, 75.12517], "uv": [104, 48], "mirror": true},
						{
							"origin": [-4.51489, 26.27285, -3.37079],
							"size": [1.4, 4.5, 0.25],
							"pivot": [-3.81489, 28.52285, -3.24579],
							"rotation": [17.32706, 24.83987, 70.3813],
							"uv": {
								"north": {"uv": [106, 47], "uv_size": [-3, 6]},
								"east": {"uv": [103, 49], "uv_size": [1, 5]},
								"south": {"uv": [105, 48], "uv_size": [-2, 6]},
								"west": {"uv": [105, 48], "uv_size": [-2, 6]},
								"up": {"uv": [103, 53], "uv_size": [2, -3]},
								"down": {"uv": [103, 52], "uv_size": [3, -2]}
							}
						},
						{
							"origin": [-4.40899, 26.36997, -3.84361],
							"size": [2.4, 0.5, 0],
							"pivot": [-3.20899, 26.61997, -3.84361],
							"rotation": [-12.36046, 26.95336, -5.67252],
							"uv": {
								"north": {"uv": [124, 104.3], "uv_size": [-8, 1]},
								"east": {"uv": [8, 0], "uv_size": [0, 1]},
								"south": {"uv": [16, 0], "uv_size": [-8, 1]},
								"west": {"uv": [0, 0], "uv_size": [0, 1]},
								"up": {"uv": [8, 0], "uv_size": [-8, 0]},
								"down": {"uv": [16, 0], "uv_size": [-8, 0]}
							}
						},
						{
							"origin": [-4.91645, 26.83303, -3.62037],
							"size": [3, 2, 0],
							"pivot": [-3.41645, 27.83303, -3.62037],
							"rotation": [-5.32393, 27.31233, -3.06091],
							"uv": {
								"north": {"uv": [23, 115], "uv_size": [-21, 6]},
								"east": {"uv": [10, 115], "uv_size": [0, 12]},
								"south": {"uv": [18, 115], "uv_size": [-8, 12]},
								"west": {"uv": [2, 115], "uv_size": [0, 12]},
								"up": {"uv": [10, 115], "uv_size": [-8, 0]},
								"down": {"uv": [18, 115], "uv_size": [-8, 0]}
							}
						},
						{
							"origin": [-5.60105, 25.55575, -2.85774],
							"size": [0.5, 2.5, 0.25],
							"pivot": [-5.35105, 26.80575, -2.93274],
							"rotation": [32.0106, -4.1718, 103.37586],
							"uv": {
								"north": {"uv": [106, 47], "uv_size": [-3, 6]},
								"east": {"uv": [103, 49], "uv_size": [1, 5]},
								"south": {"uv": [105, 48], "uv_size": [-2, 6]},
								"west": {"uv": [105, 48], "uv_size": [-2, 6]},
								"up": {"uv": [103, 53], "uv_size": [2, -3]},
								"down": {"uv": [103, 52], "uv_size": [3, -2]}
							}
						},
						{"origin": [-6.41403, 24.56969, -2.45134], "size": [1.3, 2.4, 0.8], "pivot": [-5.16403, 25.01969, -2.05134], "rotation": [29.37338, 21.75457, 51.23166], "uv": [104, 48], "mirror": true},
						{
							"origin": [-6.35899, 25.85579, -1.00079],
							"size": [0.8, 0.4, 2.3],
							"pivot": [-6.05899, 26.05579, 0.14921],
							"rotation": [143.97815, -0.2079, 11.99823],
							"uv": {
								"north": {"uv": [2, 104], "uv_size": [0, 0]},
								"east": {"uv": [0, 104], "uv_size": [5, 4]},
								"south": {"uv": [0, 104], "uv_size": [3, 2]},
								"west": {"uv": [2, 104], "uv_size": [3, 1]},
								"up": {"uv": [2, 102], "uv_size": [0, 2]},
								"down": {"uv": [2, 106], "uv_size": [0, -2]}
							}
						},
						{
							"origin": [-6.35899, 25.85579, -1.00079],
							"size": [0.8, 0.4, 2.3],
							"pivot": [-6.05899, 26.05579, 0.14921],
							"rotation": [88.97815, -0.2079, 11.99823],
							"uv": {
								"north": {"uv": [2, 104], "uv_size": [0, 0]},
								"east": {"uv": [0, 104], "uv_size": [5, 4]},
								"south": {"uv": [0, 104], "uv_size": [3, 2]},
								"west": {"uv": [2, 104], "uv_size": [3, 1]},
								"up": {"uv": [2, 102], "uv_size": [0, 2]},
								"down": {"uv": [2, 106], "uv_size": [0, -2]}
							}
						},
						{
							"origin": [-6.35899, 25.85579, -1.00079],
							"size": [0.8, 0.4, 2.3],
							"pivot": [-6.05899, 26.05579, 0.14921],
							"rotation": [-149.02185, -0.2079, 11.99823],
							"uv": {
								"north": {"uv": [2, 104], "uv_size": [0, 0]},
								"east": {"uv": [0, 104], "uv_size": [5, 4]},
								"south": {"uv": [0, 104], "uv_size": [3, 2]},
								"west": {"uv": [2, 104], "uv_size": [3, 1]},
								"up": {"uv": [2, 102], "uv_size": [0, 2]},
								"down": {"uv": [2, 106], "uv_size": [0, -2]}
							}
						},
						{"origin": [-5.95288, 25.5472, -0.27953], "size": [1, 4, 1], "pivot": [-5.45288, 27.5472, 0.22047], "rotation": [88.81343, -0.21971, 67.49129], "uv": [104, 47], "mirror": true},
						{"origin": [-6.43351, 27.20755, 2.01976], "size": [1, 1, 0.5], "pivot": [-5.93351, 27.80755, 2.66976], "rotation": [-13.08425, -60.96417, 3.8184], "uv": [105, 48]},
						{"origin": [-25.35899, 8.95755, -1.79906], "size": [1, 1, 1], "pivot": [1.84101, 0.55755, 0.00094], "rotation": [56.28331, 12.77746, 67.21761], "uv": [103, 47], "mirror": true},
						{"origin": [-25.35899, 6.55755, -7.39906], "size": [1, 4, 1], "pivot": [1.84101, 0.55755, 0.00094], "rotation": [16.28331, 12.77746, 67.21761], "uv": [103, 48], "mirror": true},
						{"origin": [-7.10899, 20.5888, -1.2693], "size": [0.4, 0.4, 0.4], "pivot": [-6.90899, 20.80023, -1.09844], "rotation": [90.95547, -4.76632, 8.62103], "uv": [73, 121]},
						{"origin": [-7.00899, 21.4888, -1.2693], "size": [0.4, 0.4, 0.4], "pivot": [-6.80899, 21.70023, -1.09844], "rotation": [90.95547, -4.76632, 8.62103], "uv": [73, 121]},
						{
							"origin": [-6.68725, 20.14758, -1.84661],
							"size": [0.4, 2, 0.1],
							"pivot": [-6.48228, 21.13362, -1.72736],
							"rotation": [13.47017, 28.5463, 16.67087],
							"uv": {
								"north": {"uv": [117, 101], "uv_size": [5, 3]},
								"east": {"uv": [118, 101], "uv_size": [0, 2]},
								"south": {"uv": [117, 83], "uv_size": [2, 2]},
								"west": {"uv": [120, 101], "uv_size": [0, 2]},
								"up": {"uv": [115, 86], "uv_size": [4, -3]},
								"down": {"uv": [117, 83], "uv_size": [4, 3]}
							}
						},
						{
							"origin": [-6.94866, 20.18492, -1.66353],
							"size": [0.5, 2, 0.1],
							"pivot": [-6.69866, 21.18492, -1.61353],
							"rotation": [9.42377, 57.6192, 11.95393],
							"uv": {
								"north": {"uv": [117, 101], "uv_size": [5, 3]},
								"east": {"uv": [118, 101], "uv_size": [0, 2]},
								"south": {"uv": [117, 83], "uv_size": [2, 2]},
								"west": {"uv": [120, 101], "uv_size": [0, 2]},
								"up": {"uv": [115, 86], "uv_size": [4, -3]},
								"down": {"uv": [117, 83], "uv_size": [4, 3]}
							}
						},
						{
							"origin": [-6.21053, 19.68648, -1.93297],
							"size": [2.8, 2, 0.1],
							"pivot": [-4.81053, 20.68648, -1.88297],
							"rotation": [11, 0, 15],
							"uv": {
								"north": {"uv": [117, 101], "uv_size": [5, 3]},
								"east": {"uv": [118, 101], "uv_size": [0, 2]},
								"south": {"uv": [117, 83], "uv_size": [2, 2]},
								"west": {"uv": [120, 101], "uv_size": [0, 2]},
								"up": {"uv": [115, 86], "uv_size": [4, -3]},
								"down": {"uv": [117, 83], "uv_size": [4, 3]}
							}
						},
						{"origin": [-6.81343, 19.40908, -1.67311], "size": [3, 0.4, 3.4], "pivot": [-5.31343, 19.80908, 0.02689], "rotation": [0, 0, 15], "uv": [116, 100]},
						{
							"origin": [-6.89016, 20.0265, -1.42715],
							"size": [0.8, 0.4, 2.7],
							"pivot": [-6.49016, 20.3265, -0.07715],
							"rotation": [-3, 0, 17],
							"uv": {
								"north": {"uv": [120, 101], "uv_size": [4, 4]},
								"east": {"uv": [118, 101], "uv_size": [7, 5]},
								"south": {"uv": [125, 100], "uv_size": [-6, 5]},
								"west": {"uv": [117, 101], "uv_size": [7, 1]},
								"up": {"uv": [118, 100], "uv_size": [2, 7]},
								"down": {"uv": [118, 89], "uv_size": [2, -7]}
							}
						},
						{"origin": [-7.00899, 20.77138, -1.30776], "size": [0.2, 0.275, 0.3], "pivot": [-6.90899, 20.80023, -1.09844], "rotation": [134.95547, -4.76632, 8.62103], "uv": [73, 121]},
						{"origin": [-7.00016, 20.55812, -0.97674], "size": [0.1, 0.5, 2], "pivot": [-6.95016, 20.80812, 0.02326], "rotation": [-2.56864, 0.35712, 2.99999], "uv": [123, 103]},
						{"origin": [-7.00899, 20.37138, -1.10776], "size": [0.2, 0.275, 0.3], "pivot": [-6.90899, 20.80023, -1.09844], "rotation": [134.95547, -4.76632, 8.62103], "uv": [73, 121]},
						{"origin": [-6.90899, 21.27138, -1.10776], "size": [0.2, 0.275, 0.3], "pivot": [-6.80899, 21.70023, -1.09844], "rotation": [134.95547, -4.76632, 8.62103], "uv": [73, 121]},
						{"origin": [-6.95463, 21.36276, -0.8986], "size": [0.1, 0.5, 2], "pivot": [-6.90463, 21.61276, 0.0014], "rotation": [-5.57081, -1.63344, 3.19411], "uv": [123, 103]},
						{"origin": [-7.10899, 21.2888, 0.97117], "size": [0.4, 0.4, 0.4], "pivot": [-6.90899, 21.50023, 1.20031], "rotation": [-90.95547, 4.76632, 8.62103], "uv": [73, 121]},
						{"origin": [-7.00899, 21.47138, 1.30964], "size": [0.2, 0.275, 0.3], "pivot": [-6.90899, 21.50023, 1.20031], "rotation": [-134.95547, 4.76632, 8.62103], "uv": [73, 121]},
						{"origin": [-7.00899, 21.07138, 0.90964], "size": [0.2, 0.275, 0.3], "pivot": [-6.90899, 21.50023, 1.20031], "rotation": [-134.95547, 4.76632, 8.62103], "uv": [73, 121]},
						{
							"origin": [-3.8278, 19.14266, 1.74186],
							"size": [0.4, 2, 0.1],
							"pivot": [-3.6278, 20.14266, 1.79186],
							"rotation": [-160.5329, -38.63541, -168.77251],
							"uv": {
								"north": {"uv": [117, 101], "uv_size": [5, 3]},
								"east": {"uv": [118, 101], "uv_size": [0, 2]},
								"south": {"uv": [117, 83], "uv_size": [2, 2]},
								"west": {"uv": [120, 101], "uv_size": [0, 2]},
								"up": {"uv": [115, 86], "uv_size": [4, -3]},
								"down": {"uv": [117, 83], "uv_size": [4, 3]}
							}
						},
						{
							"origin": [-3.81997, 19.32818, -1.53223],
							"size": [0.5, 2, 0.1],
							"pivot": [-3.35479, 20.30212, -1.60643],
							"rotation": [-166.30619, 87.41663, -140.28955],
							"uv": {
								"north": {"uv": [119, 83], "uv_size": [-2, 2]},
								"east": {"uv": [118, 101], "uv_size": [0, 2]},
								"south": {"uv": [122, 101], "uv_size": [-5, 3]},
								"west": {"uv": [120, 101], "uv_size": [0, 2]},
								"up": {"uv": [115, 83], "uv_size": [4, 3]},
								"down": {"uv": [117, 86], "uv_size": [4, -3]}
							}
						},
						{
							"origin": [-3.2852, 19.3257, -1.53967],
							"size": [0.3, 2, 0.1],
							"pivot": [-3.35479, 20.30212, -1.60643],
							"rotation": [167.36944, 28.65574, -163.01964],
							"uv": {
								"north": {"uv": [119, 83], "uv_size": [-2, 2]},
								"east": {"uv": [118, 101], "uv_size": [0, 2]},
								"south": {"uv": [122, 101], "uv_size": [-5, 3]},
								"west": {"uv": [120, 101], "uv_size": [0, 2]},
								"up": {"uv": [115, 83], "uv_size": [4, 3]},
								"down": {"uv": [117, 86], "uv_size": [4, -3]}
							}
						},
						{
							"origin": [-3.55976, 19.31608, -1.58717],
							"size": [0.4, 2, 0.1],
							"pivot": [-3.35479, 20.30212, -1.60643],
							"rotation": [163.95332, 58.5133, -169.66843],
							"uv": {
								"north": {"uv": [119, 83], "uv_size": [-2, 2]},
								"east": {"uv": [118, 101], "uv_size": [0, 2]},
								"south": {"uv": [122, 101], "uv_size": [-5, 3]},
								"west": {"uv": [120, 101], "uv_size": [0, 2]},
								"up": {"uv": [115, 83], "uv_size": [4, 3]},
								"down": {"uv": [117, 86], "uv_size": [4, -3]}
							}
						},
						{
							"origin": [-3.8278, 19.14266, 1.74186],
							"size": [0.4, 2, 0.1],
							"pivot": [-3.6278, 20.14266, 1.79186],
							"rotation": [-160.5329, -38.63541, -168.77251],
							"uv": {
								"north": {"uv": [117, 101], "uv_size": [5, 3]},
								"east": {"uv": [118, 101], "uv_size": [0, 2]},
								"south": {"uv": [117, 83], "uv_size": [2, 2]},
								"west": {"uv": [120, 101], "uv_size": [0, 2]},
								"up": {"uv": [115, 86], "uv_size": [4, -3]},
								"down": {"uv": [117, 83], "uv_size": [4, 3]}
							}
						},
						{
							"origin": [-3.81997, 19.32818, -1.53223],
							"size": [0.5, 2, 0.1],
							"pivot": [-3.35479, 20.30212, -1.60643],
							"rotation": [-166.30619, 87.41663, -140.28955],
							"uv": {
								"north": {"uv": [119, 83], "uv_size": [-2, 2]},
								"east": {"uv": [118, 101], "uv_size": [0, 2]},
								"south": {"uv": [122, 101], "uv_size": [-5, 3]},
								"west": {"uv": [120, 101], "uv_size": [0, 2]},
								"up": {"uv": [115, 83], "uv_size": [4, 3]},
								"down": {"uv": [117, 86], "uv_size": [4, -3]}
							}
						},
						{
							"origin": [-3.2852, 19.3257, -1.53967],
							"size": [0.3, 2, 0.1],
							"pivot": [-3.35479, 20.30212, -1.60643],
							"rotation": [167.36944, 28.65574, -163.01964],
							"uv": {
								"north": {"uv": [119, 83], "uv_size": [-2, 2]},
								"east": {"uv": [118, 101], "uv_size": [0, 2]},
								"south": {"uv": [122, 101], "uv_size": [-5, 3]},
								"west": {"uv": [120, 101], "uv_size": [0, 2]},
								"up": {"uv": [115, 83], "uv_size": [4, 3]},
								"down": {"uv": [117, 86], "uv_size": [4, -3]}
							}
						},
						{
							"origin": [-7.18228, 20.21636, -1.27888],
							"size": [0.6, 2, 0.1],
							"pivot": [-6.83228, 21.21636, -1.22888],
							"rotation": [33.99441, 86.35905, 37.7571],
							"uv": {
								"north": {"uv": [117, 101], "uv_size": [5, 3]},
								"east": {"uv": [118, 101], "uv_size": [0, 2]},
								"south": {"uv": [117, 83], "uv_size": [2, 2]},
								"west": {"uv": [120, 101], "uv_size": [0, 2]},
								"up": {"uv": [115, 86], "uv_size": [4, -3]},
								"down": {"uv": [117, 83], "uv_size": [4, 3]}
							}
						},
						{
							"origin": [-6.55207, 19.98857, 1.74368],
							"size": [0.3, 2, 0.1],
							"pivot": [-6.62167, 20.96499, 1.67693],
							"rotation": [-17.56669, -16.24154, 12.62702],
							"uv": {
								"north": {"uv": [119, 83], "uv_size": [-2, 2]},
								"east": {"uv": [118, 101], "uv_size": [0, 2]},
								"south": {"uv": [122, 101], "uv_size": [-5, 3]},
								"west": {"uv": [120, 101], "uv_size": [0, 2]},
								"up": {"uv": [115, 83], "uv_size": [4, 3]},
								"down": {"uv": [117, 86], "uv_size": [4, -3]}
							}
						},
						{
							"origin": [-6.82663, 19.97895, 1.69619],
							"size": [0.4, 2, 0.1],
							"pivot": [-6.62167, 20.96499, 1.67693],
							"rotation": [-20.74975, -45.60396, 21.11227],
							"uv": {
								"north": {"uv": [119, 83], "uv_size": [-2, 2]},
								"east": {"uv": [118, 101], "uv_size": [0, 2]},
								"south": {"uv": [122, 101], "uv_size": [-5, 3]},
								"west": {"uv": [120, 101], "uv_size": [0, 2]},
								"up": {"uv": [115, 83], "uv_size": [4, 3]},
								"down": {"uv": [117, 86], "uv_size": [4, -3]}
							}
						},
						{
							"origin": [-7.08685, 19.99104, 1.75113],
							"size": [0.5, 2, 0.1],
							"pivot": [-6.62167, 20.96499, 1.67693],
							"rotation": [-23.56591, -74.81337, 25.05162],
							"uv": {
								"north": {"uv": [119, 83], "uv_size": [-2, 2]},
								"east": {"uv": [118, 101], "uv_size": [0, 2]},
								"south": {"uv": [122, 101], "uv_size": [-5, 3]},
								"west": {"uv": [120, 101], "uv_size": [0, 2]},
								"up": {"uv": [115, 83], "uv_size": [4, 3]},
								"down": {"uv": [117, 86], "uv_size": [4, -3]}
							}
						},
						{
							"origin": [-7.11271, 20.06104, 1.05316],
							"size": [0.4, 2, 0.1],
							"pivot": [-6.86271, 21.06104, 1.10316],
							"rotation": [-56.66676, -82.79864, 58.68114],
							"uv": {
								"north": {"uv": [119, 83], "uv_size": [-2, 2]},
								"east": {"uv": [118, 101], "uv_size": [0, 2]},
								"south": {"uv": [122, 101], "uv_size": [-5, 3]},
								"west": {"uv": [120, 101], "uv_size": [0, 2]},
								"up": {"uv": [115, 83], "uv_size": [4, 3]},
								"down": {"uv": [117, 86], "uv_size": [4, -3]}
							}
						},
						{
							"origin": [-6.41269, 20.1572, -1.89411],
							"size": [0.3, 2, 0.1],
							"pivot": [-6.48228, 21.13362, -1.72736],
							"rotation": [13.69221, -1.34717, 12.11868],
							"uv": {
								"north": {"uv": [117, 101], "uv_size": [5, 3]},
								"east": {"uv": [118, 101], "uv_size": [0, 2]},
								"south": {"uv": [117, 83], "uv_size": [2, 2]},
								"west": {"uv": [120, 101], "uv_size": [0, 2]},
								"up": {"uv": [115, 86], "uv_size": [4, -3]},
								"down": {"uv": [117, 83], "uv_size": [4, 3]}
							}
						},
						{
							"origin": [-3.55976, 19.31608, -1.58717],
							"size": [0.4, 2, 0.1],
							"pivot": [-3.35479, 20.30212, -1.60643],
							"rotation": [163.95332, 58.5133, -169.66843],
							"uv": {
								"north": {"uv": [119, 83], "uv_size": [-2, 2]},
								"east": {"uv": [118, 101], "uv_size": [0, 2]},
								"south": {"uv": [122, 101], "uv_size": [-5, 3]},
								"west": {"uv": [120, 101], "uv_size": [0, 2]},
								"up": {"uv": [115, 83], "uv_size": [4, 3]},
								"down": {"uv": [117, 86], "uv_size": [4, -3]}
							}
						},
						{
							"origin": [-3.70702, 19.08042, 1.5398],
							"size": [0.5, 2, 0.1],
							"pivot": [-3.45702, 20.08042, 1.5898],
							"rotation": [-162.35986, -67.88956, -169.84711],
							"uv": {
								"north": {"uv": [117, 101], "uv_size": [5, 3]},
								"east": {"uv": [118, 101], "uv_size": [0, 2]},
								"south": {"uv": [117, 83], "uv_size": [2, 2]},
								"west": {"uv": [120, 101], "uv_size": [0, 2]},
								"up": {"uv": [115, 86], "uv_size": [4, -3]},
								"down": {"uv": [117, 83], "uv_size": [4, 3]}
							}
						},
						{
							"origin": [-5.35016, 19.4513, 1.84215],
							"size": [0.3, 2, 0.1],
							"pivot": [-4.54802, 20.38238, 1.97694],
							"rotation": [-167.17224, -7.5641, -160.46004],
							"uv": {
								"north": {"uv": [117, 101], "uv_size": [5, 3]},
								"east": {"uv": [118, 101], "uv_size": [0, 2]},
								"south": {"uv": [117, 83], "uv_size": [2, 2]},
								"west": {"uv": [120, 101], "uv_size": [0, 2]},
								"up": {"uv": [115, 86], "uv_size": [4, -3]},
								"down": {"uv": [117, 83], "uv_size": [4, 3]}
							}
						},
						{
							"origin": [-4.58961, 19.16274, 0.01705],
							"size": [2.6, 2, 0.1],
							"pivot": [-3.28961, 20.16274, 0.06705],
							"rotation": [-97.94516, -84.56862, 124.40426],
							"uv": {
								"north": {"uv": [117, 101], "uv_size": [5, 3]},
								"east": {"uv": [118, 101], "uv_size": [0, 2]},
								"south": {"uv": [117, 83], "uv_size": [2, 2]},
								"west": {"uv": [120, 101], "uv_size": [0, 2]},
								"up": {"uv": [115, 86], "uv_size": [4, -3]},
								"down": {"uv": [117, 83], "uv_size": [4, 3]}
							}
						},
						{
							"origin": [-6.50923, 19.38773, 1.92934],
							"size": [2.6, 2, 0.1],
							"pivot": [-4.54802, 20.38238, 1.97694],
							"rotation": [-14.16955, -1.29256, 14.94548],
							"uv": {
								"north": {"uv": [119, 83], "uv_size": [-2, 2]},
								"east": {"uv": [118, 101], "uv_size": [0, 2]},
								"south": {"uv": [122, 101], "uv_size": [-5, 3]},
								"west": {"uv": [120, 101], "uv_size": [0, 2]},
								"up": {"uv": [115, 83], "uv_size": [4, 3]},
								"down": {"uv": [117, 86], "uv_size": [4, -3]}
							}
						},
						{
							"origin": [-6.22615, 26.75613, -2.79626],
							"size": [1.5, 1.2, 0],
							"pivot": [-4.87615, 27.35613, -2.89626],
							"rotation": [-5.85481, 58.3002, -5.68343],
							"uv": {
								"north": {"uv": [23, 115], "uv_size": [-21, 6]},
								"east": {"uv": [10, 115], "uv_size": [0, 12]},
								"south": {"uv": [18, 115], "uv_size": [-8, 12]},
								"west": {"uv": [2, 115], "uv_size": [0, 12]},
								"up": {"uv": [10, 115], "uv_size": [-8, 0]},
								"down": {"uv": [18, 115], "uv_size": [-8, 0]}
							}
						},
						{"origin": [-5.5958, 23.59453, -2.96083], "size": [4.4, 3, 0.4], "pivot": [-3.3958, 24.84453, -3.26083], "rotation": [11.81746, 27.30363, 2.13694], "uv": [39, 213]},
						{
							"origin": [-4.927, 22.21526, -1.87428],
							"size": [3, 2, 0.2],
							"pivot": [-3.427, 23.21526, -1.77428],
							"rotation": [-135.18958, 25.56748, 11.99858],
							"uv": {
								"north": {"uv": [101, 16], "uv_size": [16, 11]},
								"east": {"uv": [103, 14], "uv_size": [17, 8]},
								"south": {"uv": [84, 114], "uv_size": [4, 14]},
								"west": {"uv": [101, 15], "uv_size": [15, 10]},
								"up": {"uv": [102, 26], "uv_size": [15, -12]},
								"down": {"uv": [101, 26], "uv_size": [16, -11]}
							}
						},
						{"origin": [-3.55223, 22.84502, -3.20829], "size": [3.4, 3.8, 0.5], "pivot": [-1.75223, 24.74502, -2.95829], "rotation": [-12.37107, 59.19824, -14.82155], "uv": [83, 119]}
					]
				},
				{
					"name": "bone6",
					"parent": "youshouyifu",
					"pivot": [-6.93465, 20.77479, 1.10301],
					"rotation": [-5.31311, -0.02187, -5.99173],
					"cubes": [
						{"origin": [-7.11448, 20.48632, 0.87615], "size": [0.4, 0.4, 0.4], "pivot": [-6.91448, 20.69775, 1.10529], "rotation": [-90.95547, 4.76632, 8.62103], "uv": [73, 121]},
						{"origin": [-7.01448, 20.66889, 0.81462], "size": [0.2, 0.275, 0.3], "pivot": [-6.91448, 20.69775, 1.10529], "rotation": [-134.95547, 4.76632, 8.62103], "uv": [73, 121]},
						{"origin": [-7.01448, 20.46889, 0.81462], "size": [0.2, 0.275, 0.3], "pivot": [-6.91448, 20.69775, 1.10529], "rotation": [-134.95547, 4.76632, 8.62103], "uv": [73, 121]},
						{"origin": [-7.01448, 20.26889, 0.81462], "size": [0.2, 0.275, 0.3], "pivot": [-6.91448, 20.69775, 1.10529], "rotation": [-134.95547, 4.76632, 8.62103], "uv": [73, 121]},
						{"origin": [-7.01448, 20.66889, 1.01462], "size": [0.2, 0.275, 0.3], "pivot": [-6.91448, 20.69775, 1.10529], "rotation": [-134.95547, 4.76632, 8.62103], "uv": [73, 121]},
						{"origin": [-7.01448, 20.66889, 1.21462], "size": [0.2, 0.275, 0.3], "pivot": [-6.91448, 20.69775, 1.10529], "rotation": [-134.95547, 4.76632, 8.62103], "uv": [73, 121]}
					]
				},
				{
					"name": "bone7",
					"parent": "youshouyifu",
					"pivot": [-6.93465, 21.57479, 1.20301],
					"rotation": [-2.00763, 4.99695, -5.17494],
					"cubes": [
						{"origin": [-7.01389, 21.46907, 0.91367], "size": [0.2, 0.275, 0.3], "pivot": [-6.91389, 21.49792, 1.20434], "rotation": [-134.95547, 4.76632, 8.62103], "uv": [73, 121]},
						{"origin": [-7.01389, 21.26907, 0.91367], "size": [0.2, 0.275, 0.3], "pivot": [-6.91389, 21.49792, 1.20434], "rotation": [-134.95547, 4.76632, 8.62103], "uv": [73, 121]},
						{"origin": [-7.01389, 21.46907, 1.11367], "size": [0.2, 0.275, 0.3], "pivot": [-6.91389, 21.49792, 1.20434], "rotation": [-134.95547, 4.76632, 8.62103], "uv": [73, 121]}
					]
				},
				{
					"name": "bone5",
					"parent": "youshouyifu",
					"pivot": [-6.83465, 21.77479, -1.10301],
					"rotation": [0, 0, -5],
					"cubes": [
						{"origin": [-6.91355, 21.669, -1.10776], "size": [0.2, 0.275, 0.3], "pivot": [-6.81355, 21.69786, -1.09844], "rotation": [134.95547, -4.76632, 8.62103], "uv": [73, 121]},
						{"origin": [-6.91355, 21.469, -1.10776], "size": [0.2, 0.275, 0.3], "pivot": [-6.81355, 21.69786, -1.09844], "rotation": [134.95547, -4.76632, 8.62103], "uv": [73, 121]},
						{"origin": [-6.91355, 21.669, -1.30776], "size": [0.2, 0.275, 0.3], "pivot": [-6.81355, 21.69786, -1.09844], "rotation": [134.95547, -4.76632, 8.62103], "uv": [73, 121]},
						{"origin": [-6.91355, 21.669, -1.50776], "size": [0.2, 0.275, 0.3], "pivot": [-6.81355, 21.69786, -1.09844], "rotation": [134.95547, -4.76632, 8.62103], "uv": [73, 121]}
					]
				},
				{
					"name": "bone4",
					"parent": "youshouyifu",
					"pivot": [-6.93465, 20.87479, -1.10301],
					"rotation": [0.31311, 0.02187, -5.99173],
					"cubes": [
						{"origin": [-7.01448, 20.76857, -1.10805], "size": [0.2, 0.275, 0.3], "pivot": [-6.91448, 20.79743, -1.09872], "rotation": [134.95547, -4.76632, 8.62103], "uv": [73, 121]},
						{"origin": [-7.01448, 20.56857, -1.10805], "size": [0.2, 0.275, 0.3], "pivot": [-6.91448, 20.79743, -1.09872], "rotation": [134.95547, -4.76632, 8.62103], "uv": [73, 121]},
						{"origin": [-7.01448, 20.76857, -1.50805], "size": [0.2, 0.275, 0.3], "pivot": [-6.91448, 20.79743, -1.09872], "rotation": [134.95547, -4.76632, 8.62103], "uv": [73, 121]}
					]
				},
				{
					"name": "RightHand",
					"parent": "RightForeArm",
					"pivot": [-4.375, 19.925, 0.025],
					"cubes": [
						{"origin": [-5.275, 17.65, -0.975], "size": [2.25, 2, 2], "uv": [120, 124]}
					]
				},
				{
					"name": "RightHandLocator",
					"parent": "RightHand",
					"pivot": [-4.375, 18.925, 0.025]
				}
			]
		}
	]
}