{
	"spec": 2,
	"metadata": {
		"name": "舒赫拉特\"Fuze\"凯西克巴耶夫",
		"tips": "只有在你无法适应的时候，混乱才会成为敌人",
		"license": {
			"type": "CC 0"
		},
		"authors": [
			{
				"name": "XG残党",
				"avatar": "avatar/1721656327_385063_CBeF.png",
				"contact": {
					"B站": "https://b23.tv/mSs1PEB"
				},
				"comment": "What can I say"
			}
		]
	},
	"properties": {
		"default_texture": "blue",
		"free": true,
		"height_scale": 0.85,
		"width_scale": 0.85,
		"extra_animation": {
			"new": "",
			"extra1": "",
			"extra2": "",
			"extra3": "",
			"extra4": "",
			"extra5": "",
			"extra6": "",
			"extra7": "",
			"new1": ""
		},
		"preview_animation": "new",
		"render_layers_first": false,
		"disable_preview_rotation": true,
		"all_cutout": false
	},
	"files": {
		"player": {
			"model": {
				"main": "models/main.json",
				"arm": "models/arm.json"
			},
			"animation": {
				"main": "animations/main.animation.json",
				"tac": "animations/tac.animation.json",
				"arm": "animations/arm.animation.json",
				"extra": "animations/extra.animation.json"
			},
			"texture": [
				{
					"uv": "textures/blue.png"
				}
			]
		}
	}
}