{
	"format_version": "1.12.0",
	"minecraft:geometry": [
		{
			"description": {
				"identifier": "geometry.unknown",
				"texture_width": 256,
				"texture_height": 256,
				"visible_bounds_width": 28,
				"visible_bounds_height": 18,
				"visible_bounds_offset": [0, 4, 0]
			},
			"bones": [
				{
					"name": "LeftArm",
					"pivot": [0.9, 29.2979, 0],
					"cubes": [
						{
							"origin": [0.15, 23.1729, -1.7],
							"size": [3.05, 7.3, 3.4],
							"uv": {
								"north": {"uv": [60, 5], "uv_size": [3, 7]},
								"east": {"uv": [30, 60], "uv_size": [3, 7]},
								"south": {"uv": [19, 61], "uv_size": [3, 7]},
								"west": {"uv": [34, 62], "uv_size": [3, 7]},
								"up": {"uv": [96, 78], "uv_size": [3, 3]},
								"down": {"uv": [100, 13], "uv_size": [3, -3]}
							}
						},
						{
							"origin": [2.64271, 29.84127, -1.69],
							"size": [1.45, 0.9, 3.38],
							"pivot": [2.46771, 28.49127, 0],
							"rotation": [0, 0, -30],
							"uv": {
								"north": {"uv": [183, 42], "uv_size": [1, 1]},
								"east": {"uv": [149, 52], "uv_size": [3, 1]},
								"south": {"uv": [44, 183], "uv_size": [1, 1]},
								"west": {"uv": [150, 12], "uv_size": [3, 1]},
								"up": {"uv": [12, 150], "uv_size": [1, 3]},
								"down": {"uv": [150, 17], "uv_size": [1, -3]}
							}
						},
						{
							"origin": [1.37782, 30.2462, -1.69],
							"size": [1.45, 1.9, 3.38],
							"pivot": [2.10282, 30.6962, 0],
							"rotation": [0, 0, -72.5],
							"uv": {
								"north": {"uv": [111, 159], "uv_size": [1, 2]},
								"east": {"uv": [115, 82], "uv_size": [3, 2]},
								"south": {"uv": [159, 114], "uv_size": [1, 2]},
								"west": {"uv": [123, 4], "uv_size": [3, 2]},
								"up": {"uv": [150, 18], "uv_size": [1, 3]},
								"down": {"uv": [150, 25], "uv_size": [1, -3]}
							}
						},
						{
							"origin": [0.4, 22.4479, -1.1],
							"size": [2.55, 2, 2.2],
							"uv": {
								"north": {"uv": [123, 102], "uv_size": [3, 2]},
								"east": {"uv": [139, 74], "uv_size": [2, 2]},
								"south": {"uv": [123, 112], "uv_size": [3, 2]},
								"west": {"uv": [139, 77], "uv_size": [2, 2]},
								"up": {"uv": [123, 115], "uv_size": [3, 2]},
								"down": {"uv": [123, 120], "uv_size": [3, -2]}
							}
						},
						{
							"origin": [0.3, 22.3979, -1.125],
							"size": [2.7, 2.05, 2.3],
							"uv": {
								"north": {"uv": [123, 121], "uv_size": [3, 2]},
								"east": {"uv": [79, 139], "uv_size": [2, 2]},
								"south": {"uv": [2, 124], "uv_size": [3, 2]},
								"west": {"uv": [139, 80], "uv_size": [2, 2]},
								"up": {"uv": [6, 124], "uv_size": [3, 2]},
								"down": {"uv": [124, 9], "uv_size": [3, -2]}
							}
						}
					]
				},
				{
					"name": "LeftForeArm",
					"parent": "LeftArm",
					"pivot": [1.675, 23.8979, 0.025],
					"cubes": [
						{
							"origin": [0.325, 16.3479, -1.475],
							"size": [2.7, 7, 3],
							"uv": {
								"north": {"uv": [56, 62], "uv_size": [3, 7]},
								"east": {"uv": [60, 62], "uv_size": [3, 7]},
								"south": {"uv": [38, 63], "uv_size": [3, 7]},
								"west": {"uv": [42, 63], "uv_size": [3, 7]},
								"up": {"uv": [101, 14], "uv_size": [3, 3]},
								"down": {"uv": [36, 104], "uv_size": [3, -3]}
							}
						},
						{
							"origin": [0.225, 20.2479, -1.575],
							"size": [2.9, 3.4, 3.2],
							"uv": {
								"north": {"uv": [40, 101], "uv_size": [3, 3]},
								"east": {"uv": [44, 101], "uv_size": [3, 3]},
								"south": {"uv": [101, 62], "uv_size": [3, 3]},
								"west": {"uv": [101, 88], "uv_size": [3, 3]},
								"up": {"uv": [101, 92], "uv_size": [3, 3]},
								"down": {"uv": [101, 99], "uv_size": [3, -3]}
							}
						}
					]
				},
				{
					"name": "LeftHand",
					"parent": "LeftForeArm",
					"pivot": [1.625, 17.8479, 0.025]
				},
				{
					"name": "LeftHandLocator",
					"parent": "LeftHand",
					"pivot": [1.625, 17.8479, 1.525]
				},
				{
					"name": "RightArm",
					"pivot": [-0.9, 29.2979, 0],
					"cubes": [
						{
							"origin": [-4.09271, 29.84127, -1.69],
							"size": [1.45, 0.9, 3.38],
							"pivot": [-2.46771, 28.49127, 0],
							"rotation": [0, 0, 30],
							"uv": {
								"north": {"uv": [52, 183], "uv_size": [1, 1]},
								"east": {"uv": [150, 26], "uv_size": [3, 1]},
								"south": {"uv": [183, 52], "uv_size": [1, 1]},
								"west": {"uv": [150, 28], "uv_size": [3, 1]},
								"up": {"uv": [150, 30], "uv_size": [1, 3]},
								"down": {"uv": [150, 57], "uv_size": [1, -3]}
							}
						},
						{
							"origin": [-2.82782, 30.2462, -1.69],
							"size": [1.45, 1.9, 3.38],
							"pivot": [-2.10282, 30.6962, 0],
							"rotation": [0, 0, 72.5],
							"uv": {
								"north": {"uv": [117, 159], "uv_size": [1, 2]},
								"east": {"uv": [124, 10], "uv_size": [3, 2]},
								"south": {"uv": [159, 117], "uv_size": [1, 2]},
								"west": {"uv": [12, 124], "uv_size": [3, 2]},
								"up": {"uv": [150, 58], "uv_size": [1, 3]},
								"down": {"uv": [150, 65], "uv_size": [1, -3]}
							}
						},
						{
							"origin": [-3.2, 23.1729, -1.7],
							"size": [3.05, 7.3, 3.4],
							"uv": {
								"north": {"uv": [0, 64], "uv_size": [3, 7]},
								"east": {"uv": [64, 5], "uv_size": [3, 7]},
								"south": {"uv": [9, 64], "uv_size": [3, 7]},
								"west": {"uv": [64, 13], "uv_size": [3, 7]},
								"up": {"uv": [101, 100], "uv_size": [3, 3]},
								"down": {"uv": [102, 3], "uv_size": [3, -3]}
							}
						},
						{
							"origin": [-2.95, 22.4479, -1.1],
							"size": [2.55, 2, 2.2],
							"uv": {
								"north": {"uv": [124, 13], "uv_size": [3, 2]},
								"east": {"uv": [139, 83], "uv_size": [2, 2]},
								"south": {"uv": [16, 124], "uv_size": [3, 2]},
								"west": {"uv": [139, 86], "uv_size": [2, 2]},
								"up": {"uv": [124, 16], "uv_size": [3, 2]},
								"down": {"uv": [124, 21], "uv_size": [3, -2]}
							}
						},
						{
							"origin": [-3, 22.3979, -1.125],
							"size": [2.7, 2.05, 2.3],
							"uv": {
								"north": {"uv": [124, 22], "uv_size": [3, 2]},
								"east": {"uv": [139, 104], "uv_size": [2, 2]},
								"south": {"uv": [124, 25], "uv_size": [3, 2]},
								"west": {"uv": [139, 107], "uv_size": [2, 2]},
								"up": {"uv": [124, 28], "uv_size": [3, 2]},
								"down": {"uv": [124, 33], "uv_size": [3, -2]}
							}
						}
					]
				},
				{
					"name": "RightForeArm",
					"parent": "RightArm",
					"pivot": [-1.675, 23.8979, 0.025],
					"cubes": [
						{
							"origin": [-3.125, 20.2479, -1.575],
							"size": [2.9, 3.4, 3.2],
							"uv": {
								"north": {"uv": [102, 4], "uv_size": [3, 3]},
								"east": {"uv": [102, 18], "uv_size": [3, 3]},
								"south": {"uv": [102, 22], "uv_size": [3, 3]},
								"west": {"uv": [102, 26], "uv_size": [3, 3]},
								"up": {"uv": [102, 30], "uv_size": [3, 3]},
								"down": {"uv": [102, 37], "uv_size": [3, -3]}
							}
						},
						{
							"origin": [-3.025, 16.3479, -1.475],
							"size": [2.7, 7, 3],
							"uv": {
								"north": {"uv": [64, 37], "uv_size": [3, 7]},
								"east": {"uv": [64, 45], "uv_size": [3, 7]},
								"south": {"uv": [46, 64], "uv_size": [3, 7]},
								"west": {"uv": [50, 64], "uv_size": [3, 7]},
								"up": {"uv": [102, 38], "uv_size": [3, 3]},
								"down": {"uv": [102, 45], "uv_size": [3, -3]}
							}
						}
					]
				},
				{
					"name": "RightHand",
					"parent": "RightForeArm",
					"pivot": [-1.625, 17.8479, 0.025]
				},
				{
					"name": "RightHandLocator",
					"parent": "RightHand",
					"pivot": [-1.625, 17.8479, 1.525]
				},
				{
					"name": "dun",
					"parent": "RightHand",
					"pivot": [-1.625, 17.8479, 0.025]
				}
			]
		}
	]
}