{
	"format_version": "1.8.0",
	"animations": {
		"hold_mainhand:empty": {
			"loop": true,
			"animation_length": 2,
			"bones": {
				"RightHandLocator": {
					"scale": 0
				}
			}
		},
		"hold_offhand:empty": {
			"loop": true,
			"animation_length": 2,
			"bones": {
				"LeftHandLocator": {
					"scale": 0
				}
			}
		},
		"hold_mainhand:drink": {
			"loop": true,
			"animation_length": 2,
			"bones": {
				"RightForeArm": {
					"rotation": [0, 0, 30]
				},
				"RightHandLocator": {
					"scale": 0
				},
				"RightHandDrink": {
					"rotation": [0, 90, 0],
					"position": [0, 0, -2],
					"scale": 1
				}
			}
		},
		"hold_offhand:drink": {
			"loop": true,
			"animation_length": 2,
			"bones": {
				"LeftForeArm": {
					"rotation": [0, 0, -30]
				},
				"LeftHandLocator": {
					"scale": 0
				},
				"LeftHandDrink": {
					"rotation": [0, -90, 0],
					"position": [0, 0, -2],
					"scale": 1
				}
			}
		},
		"use_mainhand:drink": {
			"loop": true,
			"animation_length": 1.5833,
			"bones": {
				"RightArm": {
					"rotation": {
						"0.0": {
							"post": [-10.84904, -14.57421, 9.75071],
							"lerp_mode": "catmullrom"
						},
						"0.0417": [-15.34656, -14.65923, 10.38631],
						"0.0833": [-29.94761, -14.94196, 12.47332],
						"0.125": [-56.0792, -15.45162, 16.21905],
						"0.1667": [-84.8081, -15.93452, 20.02081],
						"0.2083": [-85.52971, -15.93452, 20.02081],
						"0.25": [-86.08648, -15.93452, 20.02081],
						"0.2917": [-86.8081, -15.93452, 20.02081],
						"0.3333": [-86.68618, -15.93452, 20.02081],
						"0.4167": [-85.68002, -15.93452, 20.02081],
						"0.4583": [-85.5581, -15.93452, 20.02081],
						"0.5": [-85.54621, -15.93452, 20.02081],
						"0.5833": [-84.81998, -15.93452, 20.02081],
						"0.625": [-84.8081, -15.93452, 20.02081],
						"0.6667": [-85.12631, -15.93452, 20.02081],
						"0.75": [-85.23988, -15.93452, 20.02081],
						"0.7917": [-85.5581, -15.93452, 20.02081],
						"0.8333": [-86.13518, -15.93452, 20.02081],
						"1.0417": [-88.23102, -15.93452, 20.02081],
						"1.0833": [-88.8081, -15.93452, 20.02081],
						"1.125": [-89.4014, -15.93452, 20.02081],
						"1.2083": [-90.2148, -15.93452, 20.02081],
						"1.25": [-90.8081, -15.93452, 20.02081],
						"1.2917": [-60.28861, -15.45162, 16.21905],
						"1.3333": [-31.78177, -14.94196, 12.47332],
						"1.375": [-15.78537, -14.65923, 10.38631],
						"1.4167": {
							"pre": [-10.84904, -14.57421, 9.75071],
							"post": [-10.84904, -14.57421, 9.75071],
							"lerp_mode": "catmullrom"
						},
						"1.5833": {
							"post": [-10.84904, -14.57421, 9.75071],
							"lerp_mode": "catmullrom"
						}
					}
				},
				"RightForeArm": {
					"rotation": {
						"0.0": {
							"post": [-87.5, 0, 0],
							"lerp_mode": "catmullrom"
						},
						"0.0833": {
							"post": [-81.33, 0, 0],
							"lerp_mode": "catmullrom"
						},
						"0.1667": {
							"post": [-102.96248, -39.27345, 8.29012],
							"lerp_mode": "catmullrom"
						},
						"0.2917": {
							"post": [-101.36069, -39.44272, 7.27428],
							"lerp_mode": "catmullrom"
						},
						"0.4583": {
							"post": [-102.96248, -39.27345, 8.29012],
							"lerp_mode": "catmullrom"
						},
						"0.625": {
							"post": [-101.36069, -39.44272, 7.27428],
							"lerp_mode": "catmullrom"
						},
						"0.7917": {
							"post": [-102.96248, -39.27345, 8.29012],
							"lerp_mode": "catmullrom"
						},
						"1.0833": {
							"post": [-101.36069, -39.44272, 7.27428],
							"lerp_mode": "catmullrom"
						},
						"1.25": {
							"post": [-99.7516, -39.58992, 6.25038],
							"lerp_mode": "catmullrom"
						},
						"1.3333": {
							"post": [-81.33, 0, 0],
							"lerp_mode": "catmullrom"
						},
						"1.4167": {
							"post": [-87.5, 0, 0],
							"lerp_mode": "catmullrom"
						},
						"1.5833": {
							"post": [-87.5, 0, 0],
							"lerp_mode": "catmullrom"
						}
					}
				},
				"RightHandLocator": {
					"scale": 0
				},
				"RightHandDrink": {
					"rotation": [39.56292, 63.66309, 42.67209],
					"position": {
						"0.0": [0, 0, 0],
						"0.25": [0, 3, 0]
					},
					"scale": 1
				}
			},
			"sound_effects": {
				"0.0": {
					"effect": "xiangpiaopiaoreyin"
				}
			}
		},
		"use_offhand:drink": {
			"loop": true,
			"animation_length": 1.5833,
			"bones": {
				"LeftArm": {
					"rotation": {
						"0.0": {
							"post": [-10.84904, 14.57421, -9.75071],
							"lerp_mode": "catmullrom"
						},
						"0.0417": [-15.34656, 14.65923, -10.38631],
						"0.0833": [-29.94761, 14.94196, -12.47332],
						"0.125": [-56.0792, 15.45162, -16.21905],
						"0.1667": [-84.8081, 15.93452, -20.02081],
						"0.2083": [-85.52971, 15.93452, -20.02081],
						"0.25": [-86.08648, 15.93452, -20.02081],
						"0.2917": [-86.8081, 15.93452, -20.02081],
						"0.3333": [-86.68618, 15.93452, -20.02081],
						"0.4167": [-85.68002, 15.93452, -20.02081],
						"0.4583": [-85.5581, 15.93452, -20.02081],
						"0.5": [-85.54621, 15.93452, -20.02081],
						"0.5833": [-84.81998, 15.93452, -20.02081],
						"0.625": [-84.8081, 15.93452, -20.02081],
						"0.6667": [-85.12631, 15.93452, -20.02081],
						"0.75": [-85.23988, 15.93452, -20.02081],
						"0.7917": [-85.5581, 15.93452, -20.02081],
						"0.8333": [-86.13518, 15.93452, -20.02081],
						"1.0417": [-88.23102, 15.93452, -20.02081],
						"1.0833": [-88.8081, 15.93452, -20.02081],
						"1.125": [-89.4014, 15.93452, -20.02081],
						"1.2083": [-90.2148, 15.93452, -20.02081],
						"1.25": [-90.8081, 15.93452, -20.02081],
						"1.2917": [-60.28861, 15.45162, -16.21905],
						"1.3333": [-31.78177, 14.94196, -12.47332],
						"1.375": [-15.78537, 14.65923, -10.38631],
						"1.4167": {
							"pre": [-10.84904, 14.57421, -9.75071],
							"post": [-10.84904, 14.57421, -9.75071],
							"lerp_mode": "catmullrom"
						},
						"1.5833": {
							"post": [-10.84904, 14.57421, -9.75071],
							"lerp_mode": "catmullrom"
						}
					}
				},
				"LeftForeArm": {
					"rotation": {
						"0.0": {
							"post": [-87.5, 0, 0],
							"lerp_mode": "catmullrom"
						},
						"0.0833": {
							"post": [-81.33, 0, 0],
							"lerp_mode": "catmullrom"
						},
						"0.1667": {
							"post": [-102.96248, 39.27345, -8.29012],
							"lerp_mode": "catmullrom"
						},
						"0.2917": {
							"post": [-101.36069, 39.44272, -7.27428],
							"lerp_mode": "catmullrom"
						},
						"0.4583": {
							"post": [-102.96248, 39.27345, -8.29012],
							"lerp_mode": "catmullrom"
						},
						"0.625": {
							"post": [-101.36069, 39.44272, -7.27428],
							"lerp_mode": "catmullrom"
						},
						"0.7917": {
							"post": [-102.96248, 39.27345, -8.29012],
							"lerp_mode": "catmullrom"
						},
						"1.0833": {
							"post": [-101.36069, 39.44272, -7.27428],
							"lerp_mode": "catmullrom"
						},
						"1.25": {
							"post": [-99.7516, 39.58992, -6.25038],
							"lerp_mode": "catmullrom"
						},
						"1.3333": {
							"post": [-81.33, 0, 0],
							"lerp_mode": "catmullrom"
						},
						"1.4167": {
							"post": [-87.5, 0, 0],
							"lerp_mode": "catmullrom"
						},
						"1.5833": {
							"post": [-87.5, 0, 0],
							"lerp_mode": "catmullrom"
						}
					}
				},
				"LeftHandLocator": {
					"scale": 0
				},
				"LeftHandDrink": {
					"rotation": [39.56292, -63.66309, -42.67209],
					"position": {
						"0.0": [0, 0, 0],
						"0.25": [0, 3, 0]
					},
					"scale": 1
				}
			},
			"sound_effects": {
				"0.0": {
					"effect": "xiangpiaopiaoreyin"
				}
			}
		},
		"hold_mainhand:sword": {
			"loop": true,
			"animation_length": 1000,
			"bones": {
				"SwordMain": {
					"scale": {
						"0.0": [1, 1, 1],
						"0.125": {
							"pre": [1, 1, 1],
							"post": [0, 0, 0]
						}
					}
				},
				"RightArm": {
					"rotation": {
						"0.0": {
							"post": [0, 0, 0],
							"lerp_mode": "catmullrom"
						},
						"0.125": {
							"post": [0, 7.5, 25],
							"lerp_mode": "catmullrom"
						},
						"0.25": {
							"post": [-48.50106, -0.44446, 35.22605],
							"lerp_mode": "catmullrom"
						},
						"0.4167": {
							"post": [9.54589, 2.99318, -9.75002],
							"lerp_mode": "catmullrom"
						},
						"0.75": {
							"post": [10, 0, 7.5],
							"lerp_mode": "catmullrom"
						}
					}
				},
				"RightForeArm": {
					"rotation": {
						"0.0": {
							"post": [0, 0, 0],
							"lerp_mode": "catmullrom"
						},
						"0.125": {
							"post": [0, 0, 67.5],
							"lerp_mode": "catmullrom"
						},
						"0.4167": {
							"post": [-23.37953, 19.97308, -51.64167],
							"lerp_mode": "catmullrom"
						},
						"0.7083": {
							"post": [-14.6033, 26.57748, 4.07258],
							"lerp_mode": "catmullrom"
						},
						"0.75": {
							"post": [0, 30, 0],
							"lerp_mode": "catmullrom"
						}
					}
				},
				"RightHand": {
					"rotation": {
						"0.0": {
							"post": [0, 0, 0],
							"lerp_mode": "catmullrom"
						},
						"0.125": {
							"post": [6.1191, -21.69365, 73.82646],
							"lerp_mode": "catmullrom"
						},
						"0.4167": {
							"post": [17.5, 0, 0],
							"lerp_mode": "catmullrom"
						},
						"0.75": {
							"post": [17.5, 0, 0],
							"lerp_mode": "catmullrom"
						}
					}
				},
				"RightHandLocator": {
					"scale": 0
				},
				"Sword2": {
					"rotation": {
						"0.0": [0, 0, 0],
						"0.125": [-2.43503, 29.89406, 21.75224],
						"0.4167": [0, 0, 0]
					},
					"position": {
						"0.0": [0, 0, 0],
						"0.125": [0.5, 1.3, 0.8],
						"0.4167": [0, 0, 0]
					},
					"scale": 1
				},
				"MSword2": {
					"rotation": {
						"0.0": [0, 0, 0],
						"0.125": [0, 45, 0],
						"0.4167": [0, 0, 0]
					}
				},
				"SwordMain2": {
					"scale": {
						"0.0": [0, 0, 0],
						"0.125": {
							"pre": [0, 0, 0],
							"post": [1, 1, 1]
						}
					}
				},
				"ysmGlowSwordR": {
					"scale": 1
				},
				"ysmGlowSwordLight": {
					"scale": {
						"0.2083": [0, 0, 0],
						"0.25": [1, 1, 1],
						"0.3333": [1, 1.5, 1.5],
						"0.375": [0, 0, 0]
					}
				},
				"ysmGlowSwordLight2": {
					"scale": {
						"0.3333": [0, 0, 0],
						"0.375": [1, 1.5, 1.5],
						"0.4167": [1, 1, 1],
						"0.4583": [0, 0, 0]
					}
				},
				"ysmGlowSwordLight3": {
					"scale": {
						"0.4167": [0, 0, 0],
						"0.4583": [1, 1, 1],
						"0.5": [1, 1, 1],
						"0.5417": [0, 0, 0]
					}
				},
				"ysmGlowSwordL": {
					"scale": {
						"0.1667": [0, 0, 0],
						"0.2917": [0, 0, 0],
						"0.3333": [1, 1, 1],
						"0.4167": [1.5, 1.5, 1],
						"0.5": [0, 1.5, 1],
						"0.5417": [0, 0, 0]
					}
				}
			},
			"timeline": {
				"0.0": "v.landao=3;"
			}
		},
		"hold_offhand:sword": {
			"loop": true,
			"animation_length": 1000,
			"bones": {
				"LeftArm": {
					"rotation": {
						"0.0": [-27.42, 4.41, -10.61],
						"0.0417": [-7.83, 4.34, -10.58],
						"0.0833": [-0.69, 4.27, -10.56],
						"0.125": [4.38, 4.21, -10.53],
						"0.1667": [8.36, 4.16, -10.5],
						"0.2083": [11.66, 4.12, -10.48],
						"0.25": [14.46, 4.09, -10.45],
						"0.2917": [16.88, 4.08, -10.42],
						"0.3333": [18.99, 4.07, -10.38],
						"0.375": [20.85, 4.08, -10.35],
						"0.4167": [22.49, 4.1, -10.31],
						"0.4583": [23.95, 4.14, -10.27],
						"0.5": [25.24, 4.19, -10.22],
						"0.5417": [26.39, 4.25, -10.17],
						"0.5833": [27.39, 4.33, -10.12],
						"0.625": [28.27, 4.42, -10.06],
						"0.6667": [29.03, 4.52, -9.99],
						"0.7083": [29.68, 4.63, -9.91],
						"0.75": [30.22, 4.74, -9.82],
						"0.7917": [30.65, 4.85, -9.72],
						"0.8333": [30.96, 4.96, -9.61],
						"0.875": [31.15, 5.06, -9.49],
						"0.9167": [31.21, 5.16, -9.37],
						"0.9583": [31.1, 5.25, -9.23],
						"1.0": [30.72, 5.32, -9.09],
						"1.0417": [30.17, 5.37, -8.94],
						"1.0833": [29.68, 5.38, -8.78],
						"1.125": [29.25, 5.35, -8.59],
						"1.1667": [28.86, 5.3, -8.35],
						"1.2083": [28.52, 5.25, -8.03],
						"1.25": [28.21, 5.23, -7.59],
						"1.2917": [27.91, 5.26, -6.96],
						"1.3333": [27.61, 5.4, -6.05],
						"1.375": [27.3, 5.77, -4.71],
						"1.4167": [26.95, 6.58, -2.64],
						"1.4583": [26.55, 8.41, 0.77],
						"1.5": [26.06, 15.81, 7.59]
					}
				},
				"LeftForeArm": {
					"rotation": {
						"0.0": [-40, 45, 0],
						"0.0417": [-40.57, 44.49, 0.16],
						"0.0833": [-41.44, 43.39, 0.52],
						"0.125": [-42.64, 41.64, 1.07],
						"0.1667": [-44.2, 39.15, 1.83],
						"0.2083": [-46.13, 35.83, 2.81],
						"0.25": [-48.46, 31.59, 4.01],
						"0.2917": [-51.22, 26.34, 5.44],
						"0.3333": [-54.4, 20.01, 7.12],
						"0.375": [-57.99, 12.55, 9.05],
						"0.4167": [-61.97, 4.05, 11.24],
						"0.4583": [-66.27, -5.33, 13.7],
						"0.5": [-70.79, -15.24, 16.42],
						"0.5417": [-75.41, -25.24, 19.42],
						"0.5833": [-79.97, -34.85, 22.69],
						"0.625": [-84.33, -43.69, 26.22],
						"0.6667": [-88.35, -51.52, 29.99],
						"0.7083": [-91.96, -58.23, 33.96],
						"0.75": [-95.08, -63.82, 38.07],
						"0.7917": [-97.69, -68.35, 42.23],
						"0.8333": [-99.79, -71.92, 46.31],
						"0.875": [-101.4, -74.62, 50.11],
						"0.9167": [-102.55, -76.54, 53.36],
						"0.9583": [-103.27, -77.76, 55.74],
						"1.0": [-103.6, -78.38, 56.85],
						"1.0417": [-103.76, -78.85, 57.15],
						"1.0833": [-103.86, -79.3, 57.31],
						"1.125": [-103.9, -79.7, 57.23],
						"1.1667": [-103.81, -80.04, 56.85],
						"1.2083": [-103.47, -80.29, 56.47],
						"1.25": [-102.61, -80.32, 56.4],
						"1.2917": [-102.9, -79.65, 56.55],
						"1.3333": [-103.6, -78.38, 56.85],
						"1.375": [-103.48, -77.91, 57.15],
						"1.4167": [-100.43, -77.6, 57.31],
						"1.4583": [-91.97, -77.38, 57.23],
						"1.5": [-83.41, -77.27, 56.85],
						"1.5417": [-78.92, -77.26, 56.47],
						"1.5833": [-76.81, -77.39, 56.4],
						"1.625": [-76.03, -77.71, 56.55],
						"1.6667": [-76.1, -78.38, 56.85]
					}
				},
				"LeftHand": {
					"rotation": {
						"0.0": [0, 15, 0],
						"0.0417": [0.3, 14.8, 0],
						"0.0833": [0.78, 14.48, 0],
						"0.125": [1.33, 14.12, 0],
						"0.1667": [1.91, 13.73, 0],
						"0.2083": [2.51, 13.33, 0],
						"0.25": [3.13, 12.92, 0],
						"0.2917": [3.77, 12.5, 0],
						"0.3333": [4.41, 12.07, 0],
						"0.375": [5.06, 11.64, 0],
						"0.4167": [5.72, 11.2, 0],
						"0.4583": [6.38, 10.76, 0],
						"0.5": [7.05, 10.32, 0],
						"0.5417": [7.72, 9.87, 0],
						"0.5833": [8.4, 9.42, 0],
						"0.625": [9.08, 8.97, 0],
						"0.6667": [9.76, 8.51, 0],
						"0.7083": [10.44, 8.05, 0],
						"0.75": [11.13, 7.6, 0],
						"0.7917": [11.82, 7.14, 0],
						"0.8333": [12.51, 6.67, 0],
						"0.875": [13.2, 6.21, 0],
						"0.9167": [13.9, 5.75, 0],
						"0.9583": [14.59, 5.29, 0],
						"1.0": [15.26, 4.83, 0],
						"1.0417": [15.94, 4.37, 0],
						"1.0833": [16.65, 3.89, 0],
						"1.125": [17.37, 3.41, 0],
						"1.1667": [18.08, 2.93, 0],
						"1.2083": [18.78, 2.47, 0],
						"1.25": [19.46, 2.01, 0],
						"1.2917": [20.12, 1.57, 0],
						"1.3333": [20.75, 1.16, 0],
						"1.375": [21.34, 0.77, 0],
						"1.4167": [21.87, 0.42, 0],
						"1.4583": [22.29, 0.14, 0],
						"1.5": [22.5, 0, 0],
						"1.5417": [40, 0, 0]
					}
				},
				"LeftHandLocator": {
					"scale": 0
				},
				"Sword3": {
					"rotation": {
						"0.0": [0, 0, 0],
						"0.0417": [-0.63, -21.3, 0],
						"0.0833": [-1.68, -41.04, 0],
						"0.125": [-2.88, -59.12, 0],
						"0.1667": [-4.17, -75.46, 0],
						"0.2083": [-5.5, -90.07, 0],
						"0.25": [-6.87, -103, 0],
						"0.2917": [-8.26, -114.34, 0],
						"0.3333": [-9.67, -124.24, 0],
						"0.375": [-11.08, -132.87, 0],
						"0.4167": [-12.5, -140.38, 0],
						"0.4583": [-13.92, -146.94, 0],
						"0.5": [-15.33, -152.71, 0],
						"0.5417": [-16.74, -157.82, 0],
						"0.5833": [-18.13, -162.38, 0],
						"0.625": [-19.5, -166.49, 0],
						"0.6667": [-20.83, -170.25, 0],
						"0.7083": [-22.12, -173.73, 0],
						"0.75": [-23.32, -176.98, 0],
						"0.7917": [-24.37, -180.06, 0],
						"0.8333": [-25, -183, 0]
					},
					"scale": 1
				},
				"SwordMain": {
					"scale": 0
				}
			}
		},
		"swing:sword123": {
			"animation_length": 1.5417,
			"bones": {
				"UpBody": {
					"rotation": {
						"0.0": {
							"post": [
								"(v.qh==1?(0)) + (v.qh==2?(0)) + (v.jump?(0));",
								"(v.qh==1?(0)) + (v.qh==2?(0)) + (v.jump?(0));",
								"(v.qh==1?(0)) + (v.qh==2?(0)) + (v.jump?(0));"
							],
							"lerp_mode": "catmullrom"
						}
					}
				},
				"UpperBody": {
					"rotation": {
						"0.0": {
							"post": [
								"(v.qh==1?(0)) + (v.qh==2?(15)) + (v.jump?(-20));",
								"(v.qh==1?(15)) + (v.qh==2?(-40)) + (v.jump?(0));",
								"(v.qh==1?(0)) + (v.qh==2?(0)) + (v.jump?(0));"
							],
							"lerp_mode": "catmullrom"
						},
						"0.0417": {
							"post": [
								"(v.qh==1?(0.117)) + (v.qh==2?(15)) + (v.jump?(7.06));",
								"(v.qh==1?(14.7352)) + (v.qh==2?(-40)) + (v.jump?(0));",
								"(v.qh==1?(0)) + (v.qh==2?(0)) + (v.jump?(0));"
							],
							"lerp_mode": "catmullrom"
						},
						"0.0833": {
							"post": [
								"(v.qh==1?(4.8851)) + (v.qh==2?(-5)) + (v.jump?(30.53));",
								"(v.qh==1?(2.1551)) + (v.qh==2?(-50)) + (v.jump?(0));",
								"(v.qh==1?(0)) + (v.qh==2?(0)) + (v.jump?(0));"
							],
							"lerp_mode": "catmullrom"
						},
						"0.1667": {
							"post": [
								"(v.qh==1?(15)) + (v.qh==2?(15)) + (v.jump?(36));",
								"(v.qh==1?(-40)) + (v.qh==2?(40)) + (v.jump?(0));",
								"(v.qh==1?(0)) + (v.qh==2?(0)) + (v.jump?(0));"
							],
							"lerp_mode": "catmullrom"
						},
						"0.2917": {
							"post": [
								"(v.qh==1?(15)) + (v.qh==2?(15)) + (v.jump?(36));",
								"(v.qh==1?(-40)) + (v.qh==2?(40)) + (v.jump?(0));",
								"(v.qh==1?(0)) + (v.qh==2?(0)) + (v.jump?(0));"
							],
							"lerp_mode": "catmullrom"
						},
						"0.5": {
							"post": [
								"(v.qh==1?(15)) + (v.qh==2?(15)) + (v.jump?(36));",
								"(v.qh==1?(-40)) + (v.qh==2?(40)) + (v.jump?(0));",
								"(v.qh==1?(0)) + (v.qh==2?(0)) + (v.jump?(0));"
							],
							"lerp_mode": "catmullrom"
						},
						"0.75": {
							"post": [
								"(v.qh==1?(15)) + (v.qh==2?(15)) + (v.jump?(36));",
								"(v.qh==1?(-40)) + (v.qh==2?(40)) + (v.jump?(0));",
								"(v.qh==1?(0)) + (v.qh==2?(0)) + (v.jump?(0));"
							],
							"lerp_mode": "catmullrom"
						},
						"1.0833": {
							"post": [
								"(v.qh==1?(0)) + (v.qh==2?(0)) + (v.jump?(0));",
								"(v.qh==1?(0)) + (v.qh==2?(0)) + (v.jump?(0));",
								"(v.qh==1?(0)) + (v.qh==2?(0)) + (v.jump?(0));"
							],
							"lerp_mode": "catmullrom"
						},
						"1.5": {
							"post": [
								"(v.qh==1?(0)) + (v.qh==2?(0)) + (v.jump?(0));",
								"(v.qh==1?(0)) + (v.qh==2?(0)) + (v.jump?(0));",
								"(v.qh==1?(0)) + (v.qh==2?(0)) + (v.jump?(0));"
							],
							"lerp_mode": "catmullrom"
						}
					}
				},
				"Head": {
					"rotation": {
						"0.0": {
							"post": [
								"(v.qh==1?(0)) + (v.qh==2?(0)) + (v.jump?(0));",
								"(v.qh==1?(0)) + (v.qh==2?(0)) + (v.jump?(0));",
								"(v.qh==1?(0)) + (v.qh==2?(0)) + (v.jump?(0));"
							],
							"lerp_mode": "catmullrom"
						}
					}
				},
				"SwordMain": {
					"scale": 0
				},
				"RightArm": {
					"rotation": {
						"0.0": {
							"post": [
								"(v.qh==1?(-167.20517)) + (v.qh==2?(-60)) + (v.jump?(-167.20517));",
								"(v.qh==1?(2.72842)) + (v.qh==2?(0)) + (v.jump?(2.72842));",
								"(v.qh==1?(-76.30+v.random)) + (v.qh==2?(-76.30+v.random)) + (v.jump?(-33.2615));"
							],
							"lerp_mode": "catmullrom"
						},
						"0.0833": {
							"post": [
								"(v.qh==1?(-160)) + (v.qh==2?(-75.81279)) + (v.jump?(-150));",
								"(v.qh==1?(1.52)) + (v.qh==2?(8.70714)) + (v.jump?(1.52));",
								"(v.qh==1?(-76.30+v.random)) + (v.qh==2?(47.3866+v.random)) + (v.jump?(-18.59));"
							],
							"lerp_mode": "catmullrom"
						},
						"0.1667": {
							"post": [
								"(v.qh==1?(-60)) + (v.qh==2?(-19.69923)) + (v.jump?(-60));",
								"(v.qh==1?(0)) + (v.qh==2?(4.62151)) + (v.jump?(0));",
								"(v.qh==1?(-76.30+v.random)) + (v.qh==2?(35.4899+v.random)) + (v.jump?(-7.4954));"
							],
							"lerp_mode": "catmullrom"
						},
						"0.25": {
							"post": [
								"(v.qh==1?(-60)) + (v.qh==2?(-19.69923)) + (v.jump?(-40));",
								"(v.qh==1?(0)) + (v.qh==2?(4.62151)) + (v.jump?(0));",
								"(v.qh==1?(-76.30+v.random)) + (v.qh==2?(35.4899+v.random)) + (v.jump?(-7.4954));"
							],
							"lerp_mode": "catmullrom"
						},
						"0.75": {
							"post": [
								"(v.qh==1?(-60)) + (v.qh==2?(-19.69923)) + (v.jump?(-37.2289));",
								"(v.qh==1?(0)) + (v.qh==2?(4.62151)) + (v.jump?(0));",
								"(v.qh==1?(-76.30+v.random)) + (v.qh==2?(35.4899+v.random)) + (v.jump?(-7.4954));"
							],
							"lerp_mode": "catmullrom"
						},
						"1.0": {
							"post": [
								"(v.qh==1?(-85.22452)) + (v.qh==2?(-85.22452)) + (v.jump?(-85.22452));",
								"(v.qh==1?(-2.75181)) + (v.qh==2?(-2.75181)) + (v.jump?(-2.75181));",
								"(v.qh==1?(56.00523)) + (v.qh==2?(56.00523)) + (v.jump?(56.00523));"
							],
							"lerp_mode": "catmullrom"
						},
						"1.4167": {
							"post": [
								"(v.qh==1?(-85.22452)) + (v.qh==2?(-85.22452)) + (v.jump?(-85.22452));",
								"(v.qh==1?(-2.75181)) + (v.qh==2?(-2.75181)) + (v.jump?(-2.75181));",
								"(v.qh==1?(56.00523)) + (v.qh==2?(56.00523)) + (v.jump?(56.00523));"
							],
							"lerp_mode": "catmullrom"
						},
						"1.5": {
							"post": [
								"(v.qh==1?(10)) + (v.qh==2?(10)) + (v.jump?(10));",
								"(v.qh==1?(0)) + (v.qh==2?(0)) + (v.jump?(0));",
								"(v.qh==1?(7.5)) + (v.qh==2?(7.5)) + (v.jump?(7.5));"
							],
							"lerp_mode": "catmullrom"
						}
					}
				},
				"RightForeArm": {
					"rotation": {
						"0.0": {
							"post": [
								"(v.qh==1?(-90)) + (v.qh==2?(0)) + (v.jump?(-90));",
								"(v.qh==1?(0)) + (v.qh==2?(0)) + (v.jump?(0));",
								"(v.qh==1?(0)) + (v.qh==2?(0)) + (v.jump?(0));"
							],
							"lerp_mode": "catmullrom"
						},
						"0.0833": {
							"post": [
								"(v.qh==1?(-81)) + (v.qh==2?(-47.5)) + (v.jump?(-14));",
								"(v.qh==1?(0)) + (v.qh==2?(0)) + (v.jump?(0));",
								"(v.qh==1?(0)) + (v.qh==2?(0)) + (v.jump?(0));"
							],
							"lerp_mode": "catmullrom"
						},
						"0.1667": {
							"post": [
								"(v.qh==1?(-12)) + (v.qh==2?(0)) + (v.jump?(-2.25));",
								"(v.qh==1?(0)) + (v.qh==2?(0)) + (v.jump?(0));",
								"(v.qh==1?(0)) + (v.qh==2?(0)) + (v.jump?(0));"
							],
							"lerp_mode": "catmullrom"
						},
						"0.25": {
							"post": [
								"(v.qh==1?(-1)) + (v.qh==2?(-1)) + (v.jump?(0));",
								"(v.qh==1?(0)) + (v.qh==2?(0)) + (v.jump?(0));",
								"(v.qh==1?(0)) + (v.qh==2?(0)) + (v.jump?(0));"
							],
							"lerp_mode": "catmullrom"
						},
						"0.75": {
							"post": [
								"(v.qh==1?(0)) + (v.qh==2?(0)) + (v.jump?(0));",
								"(v.qh==1?(0)) + (v.qh==2?(0)) + (v.jump?(0));",
								"(v.qh==1?(0)) + (v.qh==2?(0)) + (v.jump?(0));"
							],
							"lerp_mode": "catmullrom"
						},
						"1.0": {
							"post": [
								"(v.qh==1?(-7)) + (v.qh==2?(-7)) + (v.jump?(0));",
								"(v.qh==1?(0)) + (v.qh==2?(0)) + (v.jump?(0));",
								"(v.qh==1?(0)) + (v.qh==2?(0)) + (v.jump?(0));"
							],
							"lerp_mode": "catmullrom"
						},
						"1.4167": {
							"post": [
								"(v.qh==1?(-53.05557)) + (v.qh==2?(-53.05557)) + (v.jump?(-53.05557));",
								"(v.qh==1?(11.85986)) + (v.qh==2?(11.85986)) + (v.jump?(11.85986));",
								"(v.qh==1?(26.95579)) + (v.qh==2?(26.95579)) + (v.jump?(26.95579));"
							],
							"lerp_mode": "catmullrom"
						},
						"1.5": {
							"post": [
								"(v.qh==1?(0)) + (v.qh==2?(0)) + (v.jump?(0));",
								"(v.qh==1?(30)) + (v.qh==2?(30)) + (v.jump?(30));",
								"(v.qh==1?(0)) + (v.qh==2?(0)) + (v.jump?(0));"
							],
							"lerp_mode": "catmullrom"
						}
					}
				},
				"RightHand": {
					"rotation": {
						"0.0": {
							"post": [
								"(v.qh==1?(0)) + (v.qh==2?(60)) + (v.jump?(0));",
								"(v.qh==1?(0)) + (v.qh==2?(0)) + (v.jump?(0));",
								"(v.qh==1?(0)) + (v.qh==2?(0)) + (v.jump?(0));"
							],
							"lerp_mode": "catmullrom"
						},
						"0.0417": {
							"post": [
								"(v.qh==1?(5.41554)) + (v.qh==2?(5.41554)) + (v.jump?(5.41554));",
								"(v.qh==1?(0)) + (v.qh==2?(0)) + (v.jump?(0));",
								"(v.qh==1?(0)) + (v.qh==2?(0)) + (v.jump?(0));"
							],
							"lerp_mode": "catmullrom"
						},
						"0.0833": {
							"post": [
								"(v.qh==1?(20.91542)) + (v.qh==2?(20.91542)) + (v.jump?(20.91542));",
								"(v.qh==1?(0)) + (v.qh==2?(0)) + (v.jump?(0));",
								"(v.qh==1?(0)) + (v.qh==2?(0)) + (v.jump?(0));"
							],
							"lerp_mode": "catmullrom"
						},
						"0.125": {
							"post": [
								"(v.qh==1?(54.33)) + (v.qh==2?(54.33)) + (v.jump?(54.33));",
								"(v.qh==1?(0)) + (v.qh==2?(0)) + (v.jump?(0));",
								"(v.qh==1?(0)) + (v.qh==2?(0)) + (v.jump?(0));"
							],
							"lerp_mode": "catmullrom"
						},
						"0.2083": {
							"post": [
								"(v.qh==1?(59.78506)) + (v.qh==2?(59.78506)) + (v.jump?(59.78506));",
								"(v.qh==1?(0)) + (v.qh==2?(0)) + (v.jump?(0));",
								"(v.qh==1?(0)) + (v.qh==2?(0)) + (v.jump?(0));"
							],
							"lerp_mode": "catmullrom"
						},
						"0.2917": {
							"post": [
								"(v.qh==1?(60)) + (v.qh==2?(60)) + (v.jump?(60));",
								"(v.qh==1?(0)) + (v.qh==2?(0)) + (v.jump?(0));",
								"(v.qh==1?(0)) + (v.qh==2?(0)) + (v.jump?(0));"
							],
							"lerp_mode": "catmullrom"
						},
						"0.5": {
							"post": [
								"(v.qh==1?(60)) + (v.qh==2?(60)) + (v.jump?(60));",
								"(v.qh==1?(0)) + (v.qh==2?(0)) + (v.jump?(0));",
								"(v.qh==1?(0)) + (v.qh==2?(0)) + (v.jump?(0));"
							],
							"lerp_mode": "catmullrom"
						},
						"0.75": {
							"post": [
								"(v.qh==1?(60)) + (v.qh==2?(60)) + (v.jump?(60));",
								"(v.qh==1?(0)) + (v.qh==2?(0)) + (v.jump?(0));",
								"(v.qh==1?(0)) + (v.qh==2?(0)) + (v.jump?(0));"
							],
							"lerp_mode": "catmullrom"
						},
						"1.4167": {
							"post": [
								"(v.qh==1?(30.59)) + (v.qh==2?(30.59)) + (v.jump?(30.59));",
								"(v.qh==1?(0)) + (v.qh==2?(0)) + (v.jump?(0));",
								"(v.qh==1?(0)) + (v.qh==2?(0)) + (v.jump?(0));"
							],
							"lerp_mode": "catmullrom"
						},
						"1.5": {
							"post": [
								"(v.qh==1?(17.5)) + (v.qh==2?(17.5)) + (v.jump?(17.5));",
								"(v.qh==1?(0)) + (v.qh==2?(0)) + (v.jump?(0));",
								"(v.qh==1?(0)) + (v.qh==2?(0)) + (v.jump?(0));"
							],
							"lerp_mode": "catmullrom"
						}
					}
				},
				"RightHandLocator": {
					"scale": 0
				},
				"Sword2": {
					"rotation": {
						"0.0": [0, -90, 0],
						"1.25": [0, 0, 0]
					},
					"scale": 1
				}
			},
			"timeline": {
				"0.0": ["v.jump=q.is_jumping;", "v.qh=!v.jump?v.qh2+1+(v.qh2>=2?-v.qh2);", "v.random=math.random(-30,30);", "v.landao=1;"],
				"0.0833": "v.qh2=v.qh;",
				"1.5417": ["v.qh=0;", "v.qh2=0;"]
			}
		},
		"swing:sword": {
			"animation_length": 0.5,
			"bones": {
				"RightHandLocator": {
					"scale": 0
				},
				"Sword2": {
					"scale": 1
				}
			},
			"timeline": {
				"0.0": ["v.swing_sword=1;", "v.jump=q.is_jumping&&(q.vertical_speed<0);"]
			}
		},
		"sword_attack_01": {
			"animation_length": 1,
			"bones": {
				"AllBody": {
					"rotation": {
						"0.0": {
							"post": [0, 0, 0],
							"lerp_mode": "catmullrom"
						},
						"0.0417": {
							"post": [0, 17.5, 0],
							"lerp_mode": "catmullrom"
						},
						"0.125": {
							"post": [0, -25, 0],
							"lerp_mode": "catmullrom"
						},
						"0.2083": {
							"post": [0, -27.75, 0],
							"lerp_mode": "catmullrom"
						},
						"0.375": {
							"post": [0, -25, 0],
							"lerp_mode": "catmullrom"
						},
						"0.625": {
							"post": [0, -12.33, 0],
							"lerp_mode": "catmullrom"
						},
						"0.875": {
							"post": [0, 0, 0],
							"lerp_mode": "catmullrom"
						}
					}
				},
				"LeftArm": {
					"rotation": {
						"0.0": {
							"post": [0, 0, 0],
							"lerp_mode": "catmullrom"
						},
						"0.0417": {
							"post": [-35, 0, -22.5],
							"lerp_mode": "catmullrom"
						},
						"0.125": {
							"post": [15.16827, -14.42522, -33.64534],
							"lerp_mode": "catmullrom"
						},
						"0.2083": {
							"post": [18.21, -13.41, -35.85],
							"lerp_mode": "catmullrom"
						},
						"0.375": {
							"post": [14.84941, 0.85481, -42.48247],
							"lerp_mode": "catmullrom"
						},
						"0.625": {
							"post": [7.21, 1.32, -21.66],
							"lerp_mode": "catmullrom"
						},
						"0.875": {
							"post": [0, 0, 0],
							"lerp_mode": "catmullrom"
						}
					}
				},
				"LeftForeArm": {
					"rotation": {
						"0.0": {
							"post": [0, 0, 0],
							"lerp_mode": "catmullrom"
						},
						"0.0417": {
							"post": [-55, 0, 0],
							"lerp_mode": "catmullrom"
						},
						"0.125": {
							"post": [-90, 0, 0],
							"lerp_mode": "catmullrom"
						},
						"0.2083": {
							"post": [-93.07, 0, 0],
							"lerp_mode": "catmullrom"
						},
						"0.375": {
							"post": [-90, 0, 0],
							"lerp_mode": "catmullrom"
						},
						"0.625": {
							"post": [-44.81, 0, 0],
							"lerp_mode": "catmullrom"
						},
						"0.875": {
							"post": [0, 0, 0],
							"lerp_mode": "catmullrom"
						}
					}
				},
				"RightArm": {
					"rotation": {
						"0.0": {
							"post": [10, 0, 7.5],
							"lerp_mode": "catmullrom"
						},
						"0.0417": [0, 50, 40],
						"0.125": {
							"pre": [40, 0, 67.5],
							"post": [40, 0, 67.5],
							"lerp_mode": "catmullrom"
						},
						"0.2083": {
							"post": [-121.28396, -12.22559, 98.29938],
							"lerp_mode": "catmullrom"
						},
						"0.375": {
							"post": [-88.78396, -12.22559, 98.29938],
							"lerp_mode": "catmullrom"
						},
						"0.625": {
							"post": [-8.9232, -12.85827, 16.88545],
							"lerp_mode": "catmullrom"
						},
						"0.875": {
							"post": [10, 0, 7.5],
							"lerp_mode": "catmullrom"
						}
					}
				},
				"RightForeArm": {
					"rotation": {
						"0.0": {
							"post": [0, 30, 0],
							"lerp_mode": "catmullrom"
						},
						"0.0417": {
							"post": [-70, 0, 0],
							"lerp_mode": "catmullrom"
						},
						"0.125": {
							"post": [0, 90, 0],
							"lerp_mode": "catmullrom"
						},
						"0.2083": {
							"post": [-90, 62.5, -90],
							"lerp_mode": "catmullrom"
						},
						"0.375": {
							"post": [0, 90, 0],
							"lerp_mode": "catmullrom"
						},
						"0.625": {
							"post": [-50, 0, 0],
							"lerp_mode": "catmullrom"
						},
						"0.875": {
							"post": [0, 30, 0],
							"lerp_mode": "catmullrom"
						}
					}
				},
				"RightHand": {
					"rotation": {
						"0.0": {
							"post": [17.5, 0, 0],
							"lerp_mode": "catmullrom"
						},
						"0.0417": {
							"post": [20.01027, 50.76404, 15.75215],
							"lerp_mode": "catmullrom"
						},
						"0.125": {
							"post": [0, 90, -27.5],
							"lerp_mode": "catmullrom"
						},
						"0.2083": {
							"post": [0, 90, -45],
							"lerp_mode": "catmullrom"
						},
						"0.375": {
							"post": [0, 90, -45],
							"lerp_mode": "catmullrom"
						},
						"0.625": {
							"post": [0, 0, 0],
							"lerp_mode": "catmullrom"
						},
						"0.875": {
							"post": [17.5, 0, 0],
							"lerp_mode": "catmullrom"
						}
					}
				},
				"RightHandLocator": {
					"scale": 0
				},
				"Sword2": {
					"rotation": {
						"0.0": [0, 0, 0],
						"0.0833": [0, -45, 0],
						"0.4583": [0, -45, 0],
						"0.5833": [0, 0, 0]
					},
					"scale": 1
				},
				"SwordMain": {
					"scale": 0
				},
				"ysmGlowSwordR": {
					"scale": 1
				},
				"ysmGlowSwordLight": {
					"scale": {
						"0.0833": [0, 0, 0],
						"0.125": [1, 1, 1],
						"0.2083": [1, 1.5, 1.5],
						"0.25": [0, 0, 0]
					}
				},
				"ysmGlowSwordLight2": {
					"scale": {
						"0.2083": [0, 0, 0],
						"0.25": [1, 1.5, 1.5],
						"0.2917": [1, 1, 1],
						"0.3333": [0, 0, 0]
					}
				},
				"ysmGlowSwordLight3": {
					"scale": {
						"0.2917": [0, 0, 0],
						"0.3333": [1, 1, 1],
						"0.375": [1, 1, 1],
						"0.4167": [0, 0, 0]
					}
				},
				"ysmGlowSwordL": {
					"scale": {
						"0.0": [0, 0, 0],
						"0.125": [0, 0, 0],
						"0.1667": [1, 1, 1],
						"0.2083": [1.5, 1.5, 1],
						"0.25": [0, 1.5, 1],
						"0.2917": [0, 0, 0]
					}
				}
			},
			"sound_effects": {
				"0.0": {
					"effect": "minecraft:item.trident.throw"
				}
			},
			"timeline": {
				"0.0": "v.landao=v.ranshaodao+1;"
			}
		},
		"sword_attack_02": {
			"animation_length": 1,
			"bones": {
				"AllBody": {
					"rotation": {
						"0.0": {
							"post": [0, 0, 0],
							"lerp_mode": "catmullrom"
						},
						"0.0417": {
							"post": [0, -17.5, 0],
							"lerp_mode": "catmullrom"
						},
						"0.125": {
							"post": [0, 25, 0],
							"lerp_mode": "catmullrom"
						},
						"0.1667": {
							"post": [0, 27.75, 0],
							"lerp_mode": "catmullrom"
						},
						"0.375": {
							"post": [0, 25, 0],
							"lerp_mode": "catmullrom"
						},
						"0.625": {
							"post": [0, 12.33, 0],
							"lerp_mode": "catmullrom"
						},
						"0.875": {
							"post": [0, 0, 0],
							"lerp_mode": "catmullrom"
						}
					}
				},
				"UpBody": {
					"rotation": {
						"0.0": {
							"post": [0, 0, 0],
							"lerp_mode": "catmullrom"
						},
						"0.0417": {
							"post": [10, -40.4073, -11.08847],
							"lerp_mode": "catmullrom"
						},
						"0.125": {
							"post": [21.60075, -23.58718, -9.94352],
							"lerp_mode": "catmullrom"
						},
						"0.1667": {
							"post": [16.26027, 24.45215, 4.22007],
							"lerp_mode": "catmullrom"
						},
						"0.375": {
							"post": [0, 10, 0],
							"lerp_mode": "catmullrom"
						},
						"0.625": {
							"post": [-1.02, 4.1, -0.26],
							"lerp_mode": "catmullrom"
						},
						"0.875": {
							"post": [0, 0, 0],
							"lerp_mode": "catmullrom"
						}
					}
				},
				"UpperBody": {
					"rotation": {
						"0.0": {
							"post": [0, 0, 0],
							"lerp_mode": "catmullrom"
						},
						"0.0417": {
							"post": [15, -5, 0],
							"lerp_mode": "catmullrom"
						},
						"0.0833": {
							"post": [8.65216, -12.73943, -1.5],
							"lerp_mode": "catmullrom"
						},
						"0.125": {
							"post": [3.65216, -12.73943, -1.5],
							"lerp_mode": "catmullrom"
						},
						"0.1667": {
							"post": [-0.17, 0.6, 0.02],
							"lerp_mode": "catmullrom"
						},
						"0.375": {
							"post": [0, 0, 0],
							"lerp_mode": "catmullrom"
						},
						"0.625": {
							"post": [0.01, -0.04, 0],
							"lerp_mode": "catmullrom"
						},
						"0.875": {
							"post": [0, 0, 0],
							"lerp_mode": "catmullrom"
						}
					}
				},
				"LeftArm": {
					"rotation": {
						"0.0": {
							"post": [0, 0, 0],
							"lerp_mode": "catmullrom"
						},
						"0.0417": {
							"post": [-35, 0, -22.5],
							"lerp_mode": "catmullrom"
						},
						"0.125": {
							"post": [15.16827, -14.42522, -33.64534],
							"lerp_mode": "catmullrom"
						},
						"0.1667": {
							"post": [18.21, -13.41, -35.85],
							"lerp_mode": "catmullrom"
						},
						"0.375": {
							"post": [14.84941, 0.85481, -42.48247],
							"lerp_mode": "catmullrom"
						},
						"0.625": {
							"post": [7.21, 1.32, -21.66],
							"lerp_mode": "catmullrom"
						},
						"0.875": {
							"post": [0, 0, 0],
							"lerp_mode": "catmullrom"
						}
					}
				},
				"LeftForeArm": {
					"rotation": {
						"0.0": {
							"post": [0, 0, 0],
							"lerp_mode": "catmullrom"
						},
						"0.0417": {
							"post": [-55, 0, 0],
							"lerp_mode": "catmullrom"
						},
						"0.125": {
							"post": [-52.5, 0, 0],
							"lerp_mode": "catmullrom"
						},
						"0.1667": {
							"post": [-93.07, 0, 0],
							"lerp_mode": "catmullrom"
						},
						"0.375": {
							"post": [-90, 0, 0],
							"lerp_mode": "catmullrom"
						},
						"0.625": {
							"post": [-44.81, 0, 0],
							"lerp_mode": "catmullrom"
						},
						"0.875": {
							"post": [0, 0, 0],
							"lerp_mode": "catmullrom"
						}
					}
				},
				"RightArm": {
					"rotation": {
						"0.0": {
							"post": [10, 0, 7.5],
							"lerp_mode": "catmullrom"
						},
						"0.0417": {
							"post": [-58.9177, 13.69441, 57.54662],
							"lerp_mode": "catmullrom"
						},
						"0.0833": {
							"post": [-18.55454, 6.92063, 79.34203],
							"lerp_mode": "catmullrom"
						},
						"0.125": {
							"post": [-34.16068, 21.07272, 85.09174],
							"lerp_mode": "catmullrom"
						},
						"0.1667": [-24.54716, 9.56929, 78.38591],
						"0.375": [-37.18141, -1.96921, 71.43731],
						"0.625": [-18.65, -1.1, 35.22],
						"0.875": {
							"pre": [10, 0, 7.5],
							"post": [10, 0, 7.5],
							"lerp_mode": "catmullrom"
						}
					}
				},
				"RightForeArm": {
					"rotation": {
						"0.0": {
							"post": [0, 30, 0],
							"lerp_mode": "catmullrom"
						},
						"0.0417": {
							"post": [-52.5, 0, 0],
							"lerp_mode": "catmullrom"
						},
						"0.0833": {
							"post": [-82.5, 0, 0],
							"lerp_mode": "catmullrom"
						},
						"0.125": {
							"post": [-50, 0, 0],
							"lerp_mode": "catmullrom"
						},
						"0.1667": [0, 0, 0],
						"0.375": [0, 0, 0],
						"0.625": [0, 0, 0],
						"0.875": {
							"pre": [0, 30, 0],
							"post": [0, 30, 0],
							"lerp_mode": "catmullrom"
						}
					}
				},
				"RightHand": {
					"rotation": {
						"0.0": {
							"post": [17.5, 0, 0],
							"lerp_mode": "catmullrom"
						},
						"0.0417": {
							"post": [15, 0, 0],
							"lerp_mode": "catmullrom"
						},
						"0.125": {
							"post": [25, 0, 0],
							"lerp_mode": "catmullrom"
						},
						"0.1667": {
							"post": [60, 0, 0],
							"lerp_mode": "catmullrom"
						},
						"0.375": {
							"post": [60, 0, 0],
							"lerp_mode": "catmullrom"
						},
						"0.625": {
							"post": [30, 0, 0],
							"lerp_mode": "catmullrom"
						},
						"0.875": {
							"post": [17.5, 0, 0],
							"lerp_mode": "catmullrom"
						}
					}
				},
				"Head": {
					"rotation": {
						"0.0": {
							"post": [0, 0, 0],
							"lerp_mode": "catmullrom"
						},
						"0.0417": {
							"post": [-8.47365, 39.90384, -1.69313],
							"lerp_mode": "catmullrom"
						},
						"0.125": {
							"post": [3.37129, 5.29116, 1.10084],
							"lerp_mode": "catmullrom"
						},
						"0.1667": {
							"post": [4.44, -28.68, -0.71],
							"lerp_mode": "catmullrom"
						},
						"0.375": {
							"post": [3.69407, -24.65451, -0.75313],
							"lerp_mode": "catmullrom"
						},
						"0.625": {
							"post": [1.8, -12.08, -0.38],
							"lerp_mode": "catmullrom"
						},
						"0.875": {
							"post": [0, 0, 0],
							"lerp_mode": "catmullrom"
						}
					}
				},
				"RightHandLocator": {
					"scale": 0
				},
				"Sword2": {
					"rotation": {
						"0.0": [0, 0, 0],
						"0.0833": [0, -45, 0],
						"0.4583": [0, -45, 0],
						"0.5833": [0, 0, 0]
					},
					"scale": 1
				},
				"SwordMain": {
					"scale": 0
				},
				"ysmGlowSwordR": {
					"scale": 1
				},
				"ysmGlowSwordLight": {
					"scale": {
						"0.0833": [0, 0, 0],
						"0.125": [1, 1, 1],
						"0.2083": [1, 1.5, 1.5],
						"0.25": [0, 0, 0]
					}
				},
				"ysmGlowSwordLight2": {
					"scale": {
						"0.2083": [0, 0, 0],
						"0.25": [1, 1.5, 1.5],
						"0.2917": [1, 1, 1],
						"0.3333": [0, 0, 0]
					}
				},
				"ysmGlowSwordLight3": {
					"scale": {
						"0.2917": [0, 0, 0],
						"0.3333": [1, 1, 1],
						"0.375": [1, 1, 1],
						"0.4167": [0, 0, 0]
					}
				},
				"ysmGlowSwordL": {
					"scale": {
						"0.0": [0, 0, 0],
						"0.125": [0, 0, 0],
						"0.1667": [1, 1, 1],
						"0.2083": [1.5, 1.5, 1],
						"0.25": [0, 1.5, 1],
						"0.2917": [0, 0, 0]
					}
				}
			},
			"sound_effects": {
				"0.0": {
					"effect": "minecraft:item.trident.throw"
				}
			},
			"timeline": {
				"0.0": "v.landao=v.ranshaodao+1;"
			}
		},
		"sword_attack_03": {
			"animation_length": 1,
			"bones": {
				"AllBody": {
					"rotation": {
						"0.0": {
							"post": [0, 0, 0],
							"lerp_mode": "catmullrom"
						},
						"0.0417": {
							"post": [0, 17.5, 0],
							"lerp_mode": "catmullrom"
						},
						"0.125": {
							"post": [0, -25, 0],
							"lerp_mode": "catmullrom"
						},
						"0.1667": {
							"post": [0, -27.75, 0],
							"lerp_mode": "catmullrom"
						},
						"0.375": {
							"post": [0, -25, 0],
							"lerp_mode": "catmullrom"
						},
						"0.625": {
							"post": [0, -12.33, 0],
							"lerp_mode": "catmullrom"
						},
						"0.875": {
							"post": [0, 0, 0],
							"lerp_mode": "catmullrom"
						}
					}
				},
				"UpBody": {
					"rotation": {
						"0.0": {
							"post": [0, 0, 0],
							"lerp_mode": "catmullrom"
						},
						"0.0417": {
							"post": [22.5, 20, 0],
							"lerp_mode": "catmullrom"
						},
						"0.125": {
							"post": [20.00639, 9.5537, 4.3989],
							"lerp_mode": "catmullrom"
						},
						"0.1667": {
							"post": [16.26027, -24.45215, -4.22007],
							"lerp_mode": "catmullrom"
						},
						"0.375": {
							"post": [0, -10, 0],
							"lerp_mode": "catmullrom"
						},
						"0.625": {
							"post": [-1.02, -4.1, 0.26],
							"lerp_mode": "catmullrom"
						},
						"0.875": {
							"post": [0, 0, 0],
							"lerp_mode": "catmullrom"
						}
					}
				},
				"UpperBody": {
					"rotation": {
						"0.0": {
							"post": [0, 0, 0],
							"lerp_mode": "catmullrom"
						},
						"0.0417": {
							"post": [5, 5, 0],
							"lerp_mode": "catmullrom"
						},
						"0.0833": {
							"post": [2.85519, 10.30335, 0.37297],
							"lerp_mode": "catmullrom"
						},
						"0.125": {
							"post": [0, 0, 0],
							"lerp_mode": "catmullrom"
						},
						"0.1667": {
							"post": [-0.17, -0.6, -0.02],
							"lerp_mode": "catmullrom"
						},
						"0.375": {
							"post": [0, 0, 0],
							"lerp_mode": "catmullrom"
						},
						"0.625": {
							"post": [0.01, 0.04, 0],
							"lerp_mode": "catmullrom"
						},
						"0.875": {
							"post": [0, 0, 0],
							"lerp_mode": "catmullrom"
						}
					}
				},
				"LeftArm": {
					"rotation": {
						"0.0": {
							"post": [0, 0, 0],
							"lerp_mode": "catmullrom"
						},
						"0.0417": {
							"post": [-35, 0, -22.5],
							"lerp_mode": "catmullrom"
						},
						"0.125": {
							"post": [15.16827, -14.42522, -33.64534],
							"lerp_mode": "catmullrom"
						},
						"0.1667": {
							"post": [18.21, -13.41, -35.85],
							"lerp_mode": "catmullrom"
						},
						"0.375": {
							"post": [14.84941, 0.85481, -42.48247],
							"lerp_mode": "catmullrom"
						},
						"0.625": {
							"post": [7.21, 1.32, -21.66],
							"lerp_mode": "catmullrom"
						},
						"0.875": {
							"post": [0, 0, 0],
							"lerp_mode": "catmullrom"
						}
					}
				},
				"LeftForeArm": {
					"rotation": {
						"0.0": {
							"post": [0, 0, 0],
							"lerp_mode": "catmullrom"
						},
						"0.0417": {
							"post": [-55, 0, 0],
							"lerp_mode": "catmullrom"
						},
						"0.125": {
							"post": [-90, 0, 0],
							"lerp_mode": "catmullrom"
						},
						"0.1667": {
							"post": [-93.07, 0, 0],
							"lerp_mode": "catmullrom"
						},
						"0.375": {
							"post": [-90, 0, 0],
							"lerp_mode": "catmullrom"
						},
						"0.625": {
							"post": [-44.81, 0, 0],
							"lerp_mode": "catmullrom"
						},
						"0.875": {
							"post": [0, 0, 0],
							"lerp_mode": "catmullrom"
						}
					}
				},
				"RightArm": {
					"rotation": {
						"0.0": {
							"post": [10, 0, 7.5],
							"lerp_mode": "catmullrom"
						},
						"0.0417": {
							"post": [-40, 0, 0],
							"lerp_mode": "catmullrom"
						},
						"0.125": {
							"post": [-63.98402, 10.75326, -4.58669],
							"lerp_mode": "catmullrom"
						},
						"0.1667": [-113.47603, 16.1299, -6.88003],
						"0.875": {
							"pre": [10, 0, 7.5],
							"post": [10, 0, 7.5],
							"lerp_mode": "catmullrom"
						}
					},
					"position": {
						"0.0": [0, 0, 0],
						"0.1667": [19, 0, 0],
						"0.875": [0, 0, 0]
					}
				},
				"RightForeArm": {
					"rotation": {
						"0.0": {
							"post": [0, 30, 0],
							"lerp_mode": "catmullrom"
						},
						"0.0417": {
							"post": [-96.49703, 44.2125, -83.50297],
							"lerp_mode": "catmullrom"
						},
						"0.125": {
							"post": [71.11821, 79.6473, 85.2053],
							"lerp_mode": "catmullrom"
						},
						"0.1667": [-83.64642, 83.37015, -91.78859],
						"0.375": [-83.64642, 83.37015, -91.78859],
						"0.875": {
							"pre": [0, 30, 0],
							"post": [0, 30, 0],
							"lerp_mode": "catmullrom"
						}
					}
				},
				"RightHand": {
					"rotation": {
						"0.0": {
							"post": [17.5, 0, 0],
							"lerp_mode": "catmullrom"
						},
						"0.0417": {
							"post": [0, 72.5, 0],
							"lerp_mode": "catmullrom"
						},
						"0.1667": {
							"post": [122.5, 72.5, 0],
							"lerp_mode": "catmullrom"
						},
						"0.375": {
							"post": [122.5, 72.5, 0],
							"lerp_mode": "catmullrom"
						},
						"0.875": {
							"post": [17.5, 0, 0],
							"lerp_mode": "catmullrom"
						}
					}
				},
				"Head": {
					"rotation": {
						"0.0": {
							"post": [0, 0, 0],
							"lerp_mode": "catmullrom"
						},
						"0.0417": {
							"post": [-8.47365, -39.90384, 1.69313],
							"lerp_mode": "catmullrom"
						},
						"0.125": {
							"post": [3.69407, 24.65451, 0.75313],
							"lerp_mode": "catmullrom"
						},
						"0.1667": {
							"post": [4.44, 28.68, 0.71],
							"lerp_mode": "catmullrom"
						},
						"0.375": {
							"post": [3.69407, 24.65451, 0.75313],
							"lerp_mode": "catmullrom"
						},
						"0.625": {
							"post": [1.8, 12.08, 0.38],
							"lerp_mode": "catmullrom"
						},
						"0.875": {
							"post": [0, 0, 0],
							"lerp_mode": "catmullrom"
						}
					}
				},
				"RightHandLocator": {
					"scale": 0
				},
				"Sword2": {
					"rotation": {
						"0.0": [0, 0, 0],
						"0.0417": [0, -45, 0],
						"0.4583": [0, -45, 0],
						"0.5833": [0, 0, 0]
					},
					"scale": 1
				},
				"SwordMain": {
					"scale": 0
				},
				"ysmGlowSwordR": {
					"scale": 1
				},
				"ysmGlowSwordLight": {
					"scale": {
						"0.0833": [0, 0, 0],
						"0.125": [1, 1, 1],
						"0.2083": [1, 1.5, 1.5],
						"0.25": [0, 0, 0]
					}
				},
				"ysmGlowSwordLight2": {
					"scale": {
						"0.2083": [0, 0, 0],
						"0.25": [1, 1.5, 1.5],
						"0.2917": [1, 1, 1],
						"0.3333": [0, 0, 0]
					}
				},
				"ysmGlowSwordLight3": {
					"scale": {
						"0.2917": [0, 0, 0],
						"0.3333": [1, 1, 1],
						"0.375": [1, 1, 1],
						"0.4167": [0, 0, 0]
					}
				},
				"ysmGlowSwordL": {
					"scale": {
						"0.0": [0, 0, 0],
						"0.125": [0, 0, 0],
						"0.1667": [1, 1, 1],
						"0.2083": [1.5, 1.5, 1],
						"0.25": [0, 1.5, 1],
						"0.2917": [0, 0, 0]
					}
				}
			},
			"sound_effects": {
				"0.0": {
					"effect": "minecraft:item.trident.throw"
				}
			},
			"timeline": {
				"0.0": "v.landao=v.ranshaodao+1;"
			}
		},
		"sword_jump_attack": {
			"animation_length": 0.5417,
			"bones": {
				"AllBody": {
					"rotation": {
						"0.0": {
							"post": [0, 0, 0],
							"lerp_mode": "catmullrom"
						},
						"0.0417": {
							"post": [0, 17.5, 0],
							"lerp_mode": "catmullrom"
						},
						"0.1667": {
							"post": [0, -25, 0],
							"lerp_mode": "catmullrom"
						},
						"0.375": {
							"post": [0, -25, 0],
							"lerp_mode": "catmullrom"
						},
						"0.4583": {
							"post": [0, -7.33, 0],
							"lerp_mode": "catmullrom"
						},
						"0.5417": {
							"post": [0, 0, 0],
							"lerp_mode": "catmullrom"
						}
					}
				},
				"UpBody": {
					"rotation": {
						"0.0": [0, 0, 0],
						"0.0417": {
							"pre": [0, 10, 0],
							"post": [0, 10, 0],
							"lerp_mode": "catmullrom"
						},
						"0.1667": {
							"post": [15, -10, 0],
							"lerp_mode": "catmullrom"
						},
						"0.375": {
							"post": [15, -10, 0],
							"lerp_mode": "catmullrom"
						},
						"0.4583": {
							"post": [-1.02, -4.1, 0.26],
							"lerp_mode": "catmullrom"
						},
						"0.5417": [0, 0, 0]
					}
				},
				"UpperBody": {
					"rotation": {
						"0.0": [0, 0, 0],
						"0.0417": {
							"pre": [0, 10, 0],
							"post": [0, 10, 0],
							"lerp_mode": "catmullrom"
						},
						"0.1667": {
							"post": [17.5, -10, 0],
							"lerp_mode": "catmullrom"
						},
						"0.375": {
							"post": [17.5, -10, 0],
							"lerp_mode": "catmullrom"
						},
						"0.4583": {
							"post": [0.01, 0.04, 0],
							"lerp_mode": "catmullrom"
						},
						"0.5417": [0, 0, 0]
					}
				},
				"LeftArm": {
					"rotation": {
						"0.0": [-6.8, 3.16, -40.19],
						"0.0417": {
							"pre": [-35, 0, -22.5],
							"post": [-35, 0, -22.5],
							"lerp_mode": "catmullrom"
						},
						"0.1667": {
							"post": [15.16827, -14.42522, -33.64534],
							"lerp_mode": "catmullrom"
						},
						"0.375": {
							"post": [15.16827, -14.42522, -33.64534],
							"lerp_mode": "catmullrom"
						},
						"0.4583": {
							"post": [7.21, 1.32, -21.66],
							"lerp_mode": "catmullrom"
						},
						"0.5417": [-6.8, 3.16, -40.19]
					}
				},
				"LeftForeArm": {
					"rotation": {
						"0.0": [-35, 0, 0],
						"0.0417": {
							"pre": [-55, 0, 0],
							"post": [-55, 0, 0],
							"lerp_mode": "catmullrom"
						},
						"0.1667": {
							"post": [-90, 0, 0],
							"lerp_mode": "catmullrom"
						},
						"0.375": {
							"post": [-90, 0, 0],
							"lerp_mode": "catmullrom"
						},
						"0.4583": {
							"post": [-44.81, 0, 0],
							"lerp_mode": "catmullrom"
						},
						"0.5417": [-35, 0, 0]
					}
				},
				"RightArm": {
					"rotation": {
						"0.0": [-6.8, -3.16, 40.19],
						"0.0417": {
							"pre": [-187.5, -40, -25],
							"post": [-187.5, -40, -25],
							"lerp_mode": "catmullrom"
						},
						"0.1667": {
							"post": [-50, 20, -40],
							"lerp_mode": "catmullrom"
						},
						"0.375": {
							"post": [-50, 20, -40],
							"lerp_mode": "catmullrom"
						},
						"0.4583": {
							"post": [-8.9232, -12.85827, 16.88545],
							"lerp_mode": "catmullrom"
						},
						"0.5417": [-6.8, -3.16, 40.19]
					}
				},
				"RightForeArm": {
					"rotation": {
						"0.0": [-35, 0, 0],
						"0.0417": {
							"pre": [0, 0, 0],
							"post": [0, 0, 0],
							"lerp_mode": "catmullrom"
						},
						"0.125": {
							"post": [-60, 0, 0],
							"lerp_mode": "catmullrom"
						},
						"0.1667": {
							"post": [0, 0, 0],
							"lerp_mode": "catmullrom"
						},
						"0.375": {
							"post": [0, 0, 0],
							"lerp_mode": "catmullrom"
						},
						"0.4583": {
							"post": [-50, 0, 0],
							"lerp_mode": "catmullrom"
						},
						"0.5417": [-35, 0, 0]
					}
				},
				"RightHand": {
					"rotation": {
						"0.0": {
							"post": [0, 0, 0],
							"lerp_mode": "catmullrom"
						},
						"0.0417": {
							"post": [0, 0, 0],
							"lerp_mode": "catmullrom"
						},
						"0.125": {
							"post": [0, 0, 0],
							"lerp_mode": "catmullrom"
						},
						"0.1667": {
							"post": [40, 0, 0],
							"lerp_mode": "catmullrom"
						},
						"0.375": {
							"post": [40, 0, 0],
							"lerp_mode": "catmullrom"
						},
						"0.4583": {
							"post": [0, 0, 0],
							"lerp_mode": "catmullrom"
						},
						"0.5417": {
							"post": [0, 0, 0],
							"lerp_mode": "catmullrom"
						}
					}
				},
				"Head": {
					"rotation": {
						"0.0": [0, 0, 0],
						"0.0417": {
							"pre": [0, -40, 22.5],
							"post": [0, -40, 22.5],
							"lerp_mode": "catmullrom"
						},
						"0.1667": {
							"post": [-8.28008, 33.91603, -18.01199],
							"lerp_mode": "catmullrom"
						},
						"0.375": {
							"post": [-8.28008, 33.91603, -18.01199],
							"lerp_mode": "catmullrom"
						},
						"0.4583": {
							"post": [1.8, 12.08, 0.38],
							"lerp_mode": "catmullrom"
						},
						"0.5417": [0, 0, 0]
					}
				},
				"LeftLeg": {
					"rotation": {
						"0.0": [-9, 0, 0],
						"0.0417": {
							"pre": [-39.01552, -7.43547, -7.56397],
							"post": [-39.01552, -7.43547, -7.56397],
							"lerp_mode": "catmullrom"
						},
						"0.1667": {
							"post": [35.25947, 16.89563, -6.19331],
							"lerp_mode": "catmullrom"
						},
						"0.375": {
							"post": [5.25947, 16.89563, -6.19331],
							"lerp_mode": "catmullrom"
						},
						"0.4583": {
							"post": [-22.59, 8.39, -3.1],
							"lerp_mode": "catmullrom"
						},
						"0.5417": [-9, 0, 0]
					}
				},
				"LeftLowerLeg": {
					"rotation": {
						"0.0": [22.5, 0, 0],
						"0.0417": {
							"pre": [87.5, 0, 0],
							"post": [87.5, 0, 0],
							"lerp_mode": "catmullrom"
						},
						"0.1667": {
							"post": [10, 0, 0],
							"lerp_mode": "catmullrom"
						},
						"0.375": {
							"post": [17.5, 0, 0],
							"lerp_mode": "catmullrom"
						},
						"0.4583": {
							"post": [52.67, 0, 0],
							"lerp_mode": "catmullrom"
						},
						"0.5417": [22.5, 0, 0]
					}
				},
				"LeftFoot": {
					"rotation": {
						"0.0": [43, 0, 0],
						"0.0417": {
							"pre": [0, 5, 0],
							"post": [0, 5, 0],
							"lerp_mode": "catmullrom"
						},
						"0.1667": {
							"post": [20, 0, 0],
							"lerp_mode": "catmullrom"
						},
						"0.375": {
							"post": [20, 0, 0],
							"lerp_mode": "catmullrom"
						},
						"0.4583": {
							"post": [-14.87, 0.02, 0],
							"lerp_mode": "catmullrom"
						},
						"0.5417": [43, 0, 0]
					}
				},
				"RightLeg": {
					"rotation": {
						"0.0": [-66.5, 0, 0],
						"0.0417": {
							"pre": [15.5405, -15.77075, 0.8532],
							"post": [15.5405, -15.77075, 0.8532],
							"lerp_mode": "catmullrom"
						},
						"0.125": {
							"post": [-11.18049, 15.64114, -6.96916],
							"lerp_mode": "catmullrom"
						},
						"0.1667": {
							"post": [-61.20724, 19.25742, -5.78547],
							"lerp_mode": "catmullrom"
						},
						"0.375": {
							"post": [-23.33064, 21.3336, -0.89089],
							"lerp_mode": "catmullrom"
						},
						"0.4583": {
							"post": [-12.08, 3.72, 2.5],
							"lerp_mode": "catmullrom"
						},
						"0.5417": [-66.5, 0, 0]
					}
				},
				"RightLowerLeg": {
					"rotation": {
						"0.0": [120, 0, 0],
						"0.0417": {
							"pre": [12.5, 0, 0],
							"post": [12.5, 0, 0],
							"lerp_mode": "catmullrom"
						},
						"0.0833": {
							"post": [50.19, 0, 0],
							"lerp_mode": "catmullrom"
						},
						"0.1667": {
							"post": [125, 0, 0],
							"lerp_mode": "catmullrom"
						},
						"0.375": {
							"post": [62.5, 0, 0],
							"lerp_mode": "catmullrom"
						},
						"0.4583": {
							"post": [67.51, 0, 0],
							"lerp_mode": "catmullrom"
						},
						"0.5417": [120, 0, 0]
					}
				},
				"RightFoot": {
					"rotation": {
						"0.0": [-2, 0, 0],
						"0.0417": {
							"pre": [-12.5, 0, 0],
							"post": [-12.5, 0, 0],
							"lerp_mode": "catmullrom"
						},
						"0.1667": {
							"post": [-12.5, 0, 0],
							"lerp_mode": "catmullrom"
						},
						"0.375": {
							"post": [-12.5, 0, 0],
							"lerp_mode": "catmullrom"
						},
						"0.4583": {
							"post": [-6.24, 0, 0],
							"lerp_mode": "catmullrom"
						},
						"0.5417": [-2, 0, 0]
					}
				},
				"RightHandLocator": {
					"scale": 0
				},
				"Sword2": {
					"rotation": {
						"0.0": [0, 0, 0],
						"0.0417": [0, -45, 0],
						"0.2083": [0, -45, 0],
						"0.3333": [0, 0, 0]
					},
					"scale": 1
				},
				"SwordMain": {
					"scale": 0
				},
				"ysmGlowSwordR": {
					"scale": 1
				},
				"ysmGlowSwordLight": {
					"scale": {
						"0.0833": [0, 0, 0],
						"0.125": [1, 1, 1],
						"0.2083": [1, 1.5, 1.5],
						"0.25": [0, 0, 0]
					}
				},
				"ysmGlowSwordLight2": {
					"scale": {
						"0.2083": [0, 0, 0],
						"0.25": [1, 1.5, 1.5],
						"0.2917": [1, 1, 1],
						"0.3333": [0, 0, 0]
					}
				},
				"ysmGlowSwordLight3": {
					"scale": {
						"0.2917": [0, 0, 0],
						"0.3333": [1, 1, 1],
						"0.375": [1, 1, 1],
						"0.4167": [0, 0, 0]
					}
				},
				"ysmGlowSwordL": {
					"scale": {
						"0.0": [0, 0, 0],
						"0.125": [0, 0, 0],
						"0.1667": [1, 1, 1],
						"0.2083": [1.5, 1.5, 1],
						"0.25": [0, 1.5, 1],
						"0.2917": [0, 0, 0]
					}
				}
			},
			"sound_effects": {
				"0.0": {
					"effect": "minecraft:item.trident.throw"
				}
			},
			"timeline": {
				"0.0": "v.landao=v.ranshaodao+1;"
			}
		},
		"hold_offhand:bow": {
			"loop": true,
			"animation_length": 1000,
			"bones": {
				"LeftHandLocator": {
					"scale": 0
				},
				"LShouLIJian": {
					"rotation": {
						"0.0": [0, 0, -97.5],
						"0.5": [0, 0, 0]
					},
					"scale": {
						"0.0": [0, 0, 0],
						"0.0417": [1, 1, 1]
					}
				}
			}
		},
		"use_mainhand:bow": {
			"loop": "hold_on_last_frame",
			"animation_length": 60,
			"bones": {
				"RightHandLocator": {
					"scale": 0
				},
				"AllBody": {
					"rotation": [0, "(ysm.head_yaw<0)?(-ysm.head_yaw):(0)", 0]
				},
				"RShouLIJian": {
					"rotation": {
						"0.0": [0, 0, 0],
						"0.25": [0, 0, 0],
						"0.5": [-47.5, 0, 0]
					},
					"position": {
						"0.0": [0, 0, 0],
						"0.5": [18, 8, 0]
					},
					"scale": 1
				}
			},
			"timeline": {
				"0.0": "v.landao=4;"
			}
		},
		"use_offhand:bow": {
			"loop": "hold_on_last_frame",
			"animation_length": 60,
			"bones": {
				"LeftHandLocator": {
					"scale": 0
				},
				"AllBody": {
					"rotation": [0, "(ysm.head_yaw<0)?(-ysm.head_yaw):(0)", 0]
				},
				"LShouLIJian": {
					"rotation": {
						"0.0": [0, 0, 0],
						"0.3": [0, 0, 0],
						"0.5": [-47.5, 0, 0]
					},
					"position": {
						"0.0": [0, 0, 0],
						"0.5": [-18, 8, 0]
					},
					"scale": 1
				}
			},
			"timeline": {
				"0.0": "v.landao=4;"
			}
		},
		"hold_mainhand:bow": {
			"loop": true,
			"animation_length": 1000,
			"bones": {
				"RightHandLocator": {
					"scale": 0
				},
				"RShouLIJian": {
					"rotation": {
						"0.0": [0, 0, 97.5],
						"0.5": [0, 0, 0]
					},
					"scale": {
						"0.0": [0, 0, 0],
						"0.0417": [1, 1, 1]
					}
				}
			}
		},
		"hold_mainhand:shield": {
			"loop": true,
			"animation_length": 1000,
			"bones": {
				"RightHandLocator": {
					"scale": 0
				}
			}
		},
		"use_mainhand:shield": {
			"loop": true,
			"animation_length": 60,
			"bones": {
				"RightHandLocator": {
					"scale": 0
				},
				"AllBody": {
					"scale": 0
				},
				"Stone": {
					"scale": 1
				}
			},
			"sound_effects": {
				"0.0": {
					"effect": "laoshinaijishu"
				}
			}
		},
		"hold_offhand:shield": {
			"loop": true,
			"animation_length": 1000,
			"bones": {
				"LeftHandLocator": {
					"scale": 0
				}
			}
		},
		"use_offhand:shield": {
			"loop": true,
			"animation_length": 60,
			"bones": {
				"LeftHandLocator": {
					"scale": 0
				},
				"Sword3": {
					"scale": 0
				},
				"Sand": {
					"scale": 1
				}
			},
			"sound_effects": {
				"0.0": {
					"effect": "shafangyanyishou"
				}
			}
		},
		"use_mainhand:crossbow": {
			"loop": "hold_on_last_frame",
			"animation_length": 60,
			"bones": {
				"RightHandLocator": {
					"scale": 0
				},
				"AllBody": {
					"rotation": [0, "(ysm.head_yaw<0)?(-ysm.head_yaw):(0)", 0]
				},
				"RShouLIJian": {
					"rotation": {
						"0.0": [0, 0, 0],
						"0.25": [0, 0, 0],
						"0.5": [-47.5, 0, 0]
					},
					"position": {
						"0.0": [0, 0, 0],
						"0.5": [18, 8, 0]
					},
					"scale": 1
				}
			}
		},
		"use_offhand:crossbow": {
			"loop": "hold_on_last_frame",
			"animation_length": 60,
			"bones": {
				"LeftHandLocator": {
					"scale": 0
				},
				"AllBody": {
					"rotation": [0, "(ysm.head_yaw<0)?(-ysm.head_yaw):(0)", 0]
				},
				"LShouLIJian": {
					"rotation": {
						"0.0": [0, 0, 0],
						"0.3333": [0, 0, 0],
						"0.5": [-47.5, 0, 0]
					},
					"position": {
						"0.0": [0, 0, 0],
						"0.5": [-18, 8, 0]
					},
					"scale": 1
				}
			}
		},
		"hold_mainhand:charged_crossbow": {
			"loop": true,
			"animation_length": 60,
			"bones": {
				"RightHandLocator": {
					"scale": 0
				},
				"AllBody": {
					"rotation": [0, "(ysm.head_yaw<0)?(-ysm.head_yaw):(0)", 0]
				},
				"RShouLIJian": {
					"rotation": [-47.5, 0, 0],
					"position": [18, 8, 0],
					"scale": 1
				}
			},
			"timeline": {
				"0.0": "v.landao=4;"
			}
		},
		"hold_offhand:charged_crossbow": {
			"loop": true,
			"animation_length": 60,
			"bones": {
				"LeftHandLocator": {
					"scale": 0
				},
				"AllBody": {
					"rotation": [0, "(ysm.head_yaw<0)?(-ysm.head_yaw):(0)", 0]
				},
				"LShouLIJian": {
					"rotation": [-47.5, 0, 0],
					"position": [-18, 8, 0],
					"scale": 1
				}
			},
			"timeline": {
				"0.0": "v.landao=4;"
			}
		},
		"hold_mainhand:crossbow": {
			"loop": true,
			"animation_length": 1000,
			"bones": {
				"RightHandLocator": {
					"scale": 0
				},
				"RShouLIJian": {
					"rotation": {
						"0.0": [0, 0, 97.5],
						"0.5": [0, 0, 0]
					},
					"scale": {
						"0.0": [0, 0, 0],
						"0.0417": [1, 1, 1]
					}
				}
			}
		},
		"hold_offhand:crossbow": {
			"loop": true,
			"animation_length": 1000,
			"bones": {
				"LeftHandLocator": {
					"scale": 0
				},
				"LShouLIJian": {
					"rotation": {
						"0.0": [0, 0, -97.5],
						"0.5": [0, 0, 0]
					},
					"scale": {
						"0.0": [0, 0, 0],
						"0.0417": [1, 1, 1]
					}
				}
			}
		},
		"attack_empty": {
			"loop": true
		}
	}
}