{
	"format_version": "1.8.0",
	"animations": {
		"extra1": {
			"loop": "hold_on_last_frame",
			"animation_length": 1.75,
			"bones": {
				"RightHand": {
					"scale": 0
				},
				"LeftHand": {
					"scale": 0
				},
				"Wohand1": {
					"scale": {
						"0.0": [1, 1, 1],
						"0.8333": {
							"pre": [1, 1, 1],
							"post": [0, 0, 0]
						}
					}
				},
				"Wohand2": {
					"position": {
						"0.8333": {
							"pre": [0, 0, 0],
							"post": [0, 0, 0],
							"lerp_mode": "catmullrom"
						},
						"1.0": {
							"post": [0, -5, 0],
							"lerp_mode": "catmullrom"
						},
						"1.1667": {
							"post": [0, 0, 0],
							"lerp_mode": "catmullrom"
						},
						"1.3333": {
							"post": [0, -5, 0],
							"lerp_mode": "catmullrom"
						},
						"1.5": {
							"post": [0, 0, 0],
							"lerp_mode": "catmullrom"
						},
						"1.6667": {
							"post": [0, -5, 0],
							"lerp_mode": "catmullrom"
						}
					},
					"scale": {
						"0.8333": {
							"pre": [0, 0, 0],
							"post": [1, 1, 1]
						},
						"1.75": {
							"pre": [1, 1, 1],
							"post": [0, 0, 0]
						}
					}
				},
				"RShouLIJian": {
					"scale": 0
				}
			},
			"sound_effects": {
				"0.0": {
					"effect": "wowoshou"
				}
			},
			"timeline": {
				"0.0": "v.ranshaodao=0;"
			}
		},
		"extra2": {
			"loop": "hold_on_last_frame",
			"animation_length": 3.25,
			"sound_effects": {
				"0.0": {
					"effect": "dajiahaoa"
				}
			}
		},
		"extra3": {
			"loop": "hold_on_last_frame",
			"animation_length": 2.6667,
			"sound_effects": {
				"0.0": {
					"effect": "xiawoyitiao"
				}
			}
		},
		"extra4": {
			"loop": "hold_on_last_frame",
			"animation_length": 6000,
			"bones": {
				"RightArm": {
					"scale": 0
				},
				"Body": {
					"scale": {
						"1.7083": [1, 1, 1],
						"1.75": [0, 0, 0]
					}
				},
				"RShouLIJian": {
					"scale": 0
				},
				"Yan": {
					"position": {
						"0.0": {
							"post": [0, 0, 0],
							"lerp_mode": "catmullrom"
						},
						"0.5": {
							"post": [6, 23, 0],
							"lerp_mode": "catmullrom"
						},
						"0.6667": {
							"post": [12, 23, 0],
							"lerp_mode": "catmullrom"
						},
						"0.875": {
							"post": [5, 23, 0],
							"lerp_mode": "catmullrom"
						},
						"1.0417": {
							"post": [11, 9, 0],
							"lerp_mode": "catmullrom"
						},
						"1.375": {
							"post": [4, 9, 0],
							"lerp_mode": "catmullrom"
						},
						"1.625": {
							"post": [9, -8, 0],
							"lerp_mode": "catmullrom"
						}
					},
					"scale": {
						"0.0": [1, 1, 1],
						"1.9167": [0.8, 0.8, 0.8],
						"1.9583": [0, 0, 0]
					}
				}
			},
			"sound_effects": {
				"0.0": {
					"effect": "bayannalai"
				}
			}
		},
		"extra5": {
			"loop": "hold_on_last_frame",
			"animation_length": 60,
			"bones": {
				"RightArm": {
					"scale": 0
				},
				"LeftArm": {
					"scale": 0
				},
				"SwordMain": {
					"scale": 1
				},
				"LShouLIJian": {
					"scale": 0
				},
				"HaoNanRen": {
					"scale": 0
				},
				"RShouLIJian": {
					"scale": 0
				},
				"Fo": {
					"scale": 1
				}
			},
			"sound_effects": {
				"0.0417": {
					"effect": "foheshen"
				}
			}
		},
		"extra6": {
			"loop": "hold_on_last_frame",
			"animation_length": 1.25,
			"bones": {
				"RightHandLocator": {
					"scale": 0
				},
				"Sword2": {
					"scale": 0
				},
				"RightHandDrink": {
					"scale": 0
				},
				"SwordMain": {
					"position": {
						"0.0": {
							"post": [0, 0, 0],
							"lerp_mode": "catmullrom"
						},
						"0.25": {
							"post": [0, 4, 0],
							"lerp_mode": "catmullrom"
						},
						"0.75": {
							"post": [0, 4, 0],
							"lerp_mode": "catmullrom"
						},
						"1.0": {
							"post": [0, 0, 0],
							"lerp_mode": "catmullrom"
						}
					},
					"scale": 1
				},
				"ShouHuo": {
					"position": {
						"0.0": {
							"post": [0, 0, 0],
							"lerp_mode": "catmullrom"
						},
						"0.25": {
							"post": [0, 4, 0],
							"lerp_mode": "catmullrom"
						},
						"0.75": {
							"post": [0, 4, 0],
							"lerp_mode": "catmullrom"
						},
						"1.0": {
							"post": [0, 0, 0],
							"lerp_mode": "catmullrom"
						}
					},
					"scale": 1
				},
				"ysmGlowHuoLong": {
					"scale": {
						"0.0": {
							"post": [0, 0, 0],
							"lerp_mode": "catmullrom"
						},
						"0.3333": {
							"post": [2, 2, 2],
							"lerp_mode": "catmullrom"
						},
						"0.5": {
							"post": [2, 2, 2],
							"lerp_mode": "catmullrom"
						},
						"0.75": {
							"post": [0, 0, 0],
							"lerp_mode": "catmullrom"
						}
					}
				},
				"RShouLIJian": {
					"scale": 0
				}
			},
			"sound_effects": {
				"0.0": {
					"effect": "huolongyanshen"
				}
			},
			"timeline": {
				"0.0": "v.ranshaodao=1;"
			}
		},
		"extra7": {
			"animation_length": 1.8333,
			"bones": {
				"RightArm": {
					"scale": 0
				},
				"RShouLIJian": {
					"scale": 0
				},
				"HaoNanRen": {
					"scale": 1
				}
			},
			"sound_effects": {
				"0.0": {
					"effect": "haonanrenyemeideshenshou"
				}
			}
		},
		"extra0": {
			"loop": true,
			"animation_length": 60,
			"bones": {
				"Smoke": {
					"rotation": {
						"0.25": [0, 0, 0],
						"60.0": [0, 3600, 0]
					},
					"scale": {
						"0.25": {
							"pre": [0, 0, 0],
							"post": [0, 0, 0],
							"lerp_mode": "catmullrom"
						},
						"0.375": {
							"post": [1.5, 1.5, 1.5],
							"lerp_mode": "catmullrom"
						},
						"0.5": {
							"post": [1.2, 1.2, 1.2],
							"lerp_mode": "catmullrom"
						}
					}
				},
				"Dolagong": {
					"scale": {
						"0.0": [0, 0, 0],
						"0.125": [1, 1, 1],
						"1.0417": [1, 1, 1],
						"1.2083": [0, 0, 0]
					}
				}
			},
			"sound_effects": {
				"0.0": {
					"effect": "lingshenlongzaochengyanwu"
				}
			}
		}
	},
	"geckolib_format_version": 2
}