{
	"format_version": "1.8.0",
	"animations": {
		"slashblade:idle": {
			"loop": true,
			"animation_length": 2,
			"bones": {
				"Root": {
					"rotation": [0, 0, 0],
					"position": [0, 0, 0],
					"scale": [1, "1+math.sin(30+q.anim_time*180)*0.01 ", 1]
				},
				"AllBody": {
					"rotation": [0, 0, 0],
					"position": [0, 0, 0],
					"scale": 1
				},
				"UpBody": {
					"rotation": ["2.65+math.sin(90+q.anim_time*180)*0.5", -35, 1.337]
				},
				"UpperBody": {
					"rotation": ["-8+math.sin(-60+q.anim_time*180)*0.5", -2.194, 0.193],
					"position": [0, 0, 0],
					"scale": 1
				},
				"Arm": {
					"rotation": [0, 0, 0],
					"position": [0, 0, 0],
					"scale": 1
				},
				"LeftArm": {
					"rotation": ["2.72-math.sin(60+q.anim_time*180)*1", 21.336, "3.287-math.sin(-90+q.anim_time*180)*1"]
				},
				"LeftForeArm": {
					"rotation": [0, 0, 0]
				},
				"LeftHandLocator": {
					"rotation": [0, 0, 0],
					"position": [0, 0, 0],
					"scale": 1
				},
				"RightArm": {
					"rotation": ["0.258+math.sin(60+q.anim_time*180)*1", -6.023, "-0.519+math.sin(-90+q.anim_time*180)*1"]
				},
				"RightForeArm": {
					"rotation": [0, 0, 0]
				},
				"RightHandLocator": {
					"rotation": [0, 0, 0],
					"position": [0, 0, 0],
					"scale": 1
				},
				"AllHead": {
					"rotation": [0, 0, 0],
					"position": [0, 0, 0],
					"scale": 1
				},
				"Head": {
					"rotation": [6.06637, 32.26715, 1.03485],
					"position": [0, 0, 0],
					"scale": 1
				},
				"Longhair": {
					"rotation": [0, 0, 0],
					"position": [0, 0, 0],
					"scale": 1
				},
				"DownBody": {
					"rotation": [-3.495, -38.237, -0.117],
					"position": [0, 0, 0],
					"scale": 1
				},
				"LeftLeg": {
					"rotation": [0.812, 0.806, -3.069],
					"position": [0, 0, 0],
					"scale": 1
				},
				"LeftLowerLeg": {
					"rotation": [12.761, -1.484, -0.166],
					"position": [0, 0, 0],
					"scale": 1
				},
				"LeftFoot": {
					"rotation": [-9.959, -20.212, 3.555],
					"position": [0, 0, 0],
					"scale": 1
				},
				"RightLeg": {
					"rotation": [-6.759, 9.174, 4.99],
					"position": [0, 0, 0],
					"scale": 1
				},
				"RightLowerLeg": {
					"rotation": [15.052, 1.745, 0.231],
					"position": [0, 0, 0],
					"scale": 1
				},
				"RightFoot": {
					"rotation": [-3.93, 14.412, -2.998],
					"position": [0, 0, 0],
					"scale": 1
				},
				"LeftWaistLocator": {
					"scale": 1
				},
				"SheathLocator": {
					"scale": 0
				},
				"BladeLocator": {
					"scale": 0
				}
			}
		},
		"slashblade:walk": {
			"loop": true,
			"animation_length": 1,
			"bones": {
				"Root": {
					"rotation": [0, 0, 0],
					"position": {
						"0.0": [0.2, -0.55, 0],
						"0.0417": [0.15792, -0.71768, 0],
						"0.0833": [0.11678, -0.8328, 0],
						"0.125": [0.06846, -0.87724, 0],
						"0.1667": [0, -0.8, 0],
						"0.2083": [-0.07122, -0.61256, 0],
						"0.25": [-0.12491, -0.43427, 0],
						"0.2917": [-0.16828, -0.30476, 0],
						"0.3333": [-0.2, -0.25, 0],
						"0.375": [-0.21859, -0.26231, 0],
						"0.4167": [-0.22885, -0.31587, 0],
						"0.4583": [-0.22616, -0.4068, 0],
						"0.5": [-0.2, -0.55, 0],
						"0.5417": [-0.15792, -0.71768, 0],
						"0.5833": [-0.11678, -0.8328, 0],
						"0.625": [-0.06846, -0.87724, 0],
						"0.6667": [0, -0.8, 0],
						"0.7083": [0.07122, -0.61256, 0],
						"0.75": [0.12491, -0.43427, 0],
						"0.7917": [0.16828, -0.30476, 0],
						"0.8333": [0.2, -0.25, 0],
						"0.875": [0.21859, -0.26231, 0],
						"0.9167": [0.22885, -0.31587, 0],
						"0.9583": [0.22616, -0.4068, 0],
						"1.0": [0.2, -0.55, 0]
					},
					"scale": 1
				},
				"UpBody": {
					"rotation": {
						"0.0": [-2.55404, -2.48791, -1.43938],
						"0.0417": [-2.03478, -2.43592, -1.75637],
						"0.0833": [-1.67356, -2.3087, -1.95696],
						"0.125": [-1.59012, -1.91916, -1.70376],
						"0.1667": [-1.69923, -1.14076, -0.84132],
						"0.2083": [-1.91033, -0.37961, -0.24383],
						"0.375": [-2.77586, 1.73487, 0.72935],
						"0.4167": [-2.8713, 2.10657, 0.92611],
						"0.4583": [-2.84486, 2.38303, 1.15151],
						"0.5": [-2.55404, 2.48791, 1.43938],
						"0.5417": [-2.03478, 2.43592, 1.75637],
						"0.5833": [-1.67356, 2.3087, 1.95696],
						"0.625": [-1.59012, 1.91916, 1.70376],
						"0.6667": [-1.69923, 1.14076, 0.84132],
						"0.7083": [-1.91033, 0.37961, 0.24383],
						"0.875": [-2.77586, -1.73487, -0.72935],
						"0.9167": [-2.8713, -2.10657, -0.92611],
						"0.9583": [-2.84486, -2.38303, -1.15151],
						"1.0": [-2.55404, -2.48791, -1.43938]
					},
					"position": [0, 0, 0]
				},
				"LeftArm": {
					"rotation": {
						"0.0": [16.6588, -2.0497, -0.15196],
						"0.0417": [16.32388, -2.08192, -0.16781],
						"0.0833": [15.77631, -2.14616, -0.15427],
						"0.125": [15.05959, -2.22446, -0.11266],
						"0.1667": [14.21559, -2.31034, -0.04477],
						"0.2083": [13.28587, -2.40037, 0.04701],
						"0.2917": [11.34136, -2.58418, 0.28841],
						"0.3333": [10.42002, -2.67422, 0.42777],
						"0.375": [9.60369, -2.7601, 0.56933],
						"0.4167": [8.9564, -2.8384, 0.70116],
						"0.4583": [8.55605, -2.90263, 0.80556],
						"0.5": [8.5008, -2.93486, 0.85478],
						"0.5417": [8.85201, -2.90263, 0.8296],
						"0.5833": [9.50779, -2.8384, 0.75692],
						"0.625": [10.36617, -2.7601, 0.65745],
						"0.6667": [11.34558, -2.67422, 0.54451],
						"0.75": [13.40568, -2.49228, 0.31167],
						"0.7917": [14.37486, -2.40037, 0.20267],
						"0.8333": [15.23664, -2.31034, 0.10354],
						"0.875": [15.94363, -2.22446, 0.0168],
						"0.9167": [16.4488, -2.14616, -0.05562],
						"0.9583": [16.70404, -2.08192, -0.11224],
						"1.0": [16.6588, -2.0497, -0.15196]
					},
					"position": {
						"0.0": [0, 0, 0],
						"1.0": [0, 0, 0]
					}
				},
				"LeftForeArm": {
					"rotation": {
						"0.0": [-13.57747, -0.25975, -1.98323],
						"0.0417": [-13.80083, -0.27114, -1.96152],
						"0.0833": [-14.09769, -0.29385, -1.91826],
						"0.125": [-14.46088, -0.32152, -1.86551],
						"0.1667": [-14.87542, -0.35188, -1.80766],
						"0.25": [-15.75258, -0.41619, -1.6851],
						"0.2917": [-16.14492, -0.44867, -1.6232],
						"0.3333": [-16.45885, -0.4805, -1.56255],
						"0.375": [-16.66774, -0.51085, -1.5047],
						"0.4167": [-16.75656, -0.53853, -1.45195],
						"0.4583": [-16.72116, -0.56124, -1.40868],
						"0.5": [-16.5653, -0.57263, -1.38698],
						"0.5417": [-16.31574, -0.56124, -1.40868],
						"0.5833": [-15.99719, -0.53853, -1.45195],
						"0.625": [-15.61886, -0.51085, -1.5047],
						"0.75": [-14.34033, -0.41619, -1.6851],
						"0.7917": [-13.97041, -0.3837, -1.74701],
						"0.8333": [-13.68066, -0.35188, -1.80766],
						"0.875": [-13.49116, -0.32152, -1.86551],
						"0.9167": [-13.41134, -0.29385, -1.91826],
						"0.9583": [-13.44184, -0.27114, -1.96152],
						"1.0": [-13.57747, -0.25975, -1.98323]
					},
					"position": {
						"0.0": [0, 0, 0],
						"1.0": [0, 0, 0]
					}
				},
				"RightArm": {
					"rotation": {
						"0.0": [-15.49599, 14.67428, -4.27389],
						"0.0417": [-13.73997, 14.51316, -4.14798],
						"0.0833": [-10.46103, 14.19199, -3.7846],
						"0.125": [-6.16917, 13.80049, -3.28724],
						"0.1667": [-1.27208, 13.37108, -2.72257],
						"0.25": [9.02841, 12.46139, -1.55833],
						"0.2917": [13.87428, 12.00187, -1.01336],
						"0.3333": [18.18318, 11.5517, -0.5177],
						"0.375": [21.71816, 11.12229, -0.08402],
						"0.4167": [24.24401, 10.73079, 0.27808],
						"0.4583": [25.52021, 10.40962, 0.56122],
						"0.5": [25.29399, 10.2485, 0.75978],
						"0.5417": [23.61938, 10.40962, 0.83907],
						"0.5833": [20.88157, 10.73079, 0.77137],
						"0.625": [17.29793, 11.12229, 0.56332],
						"0.6667": [13.07793, 11.5517, 0.22387],
						"0.7083": [8.42933, 12.00187, -0.23507],
						"0.7917": [-1.29319, 12.92091, -1.44204],
						"0.8333": [-5.8999, 13.37108, -2.13886],
						"0.875": [-9.98153, 13.80049, -2.84663],
						"0.9167": [-13.21799, 14.19199, -3.50582],
						"0.9583": [-15.21975, 14.51316, -4.0278],
						"1.0": [-15.49599, 14.67428, -4.27389]
					},
					"position": {
						"0.0": [0, 0, 0],
						"0.5": [0, 0, 0],
						"1.0": [0, 0, 0]
					}
				},
				"RightForeArm": {
					"rotation": {
						"0.0": [-29.82648, 2.86313, 6.93488],
						"0.0417": [-28.57872, 2.80618, 7.04341],
						"0.0833": [-26.98594, 2.69265, 7.25976],
						"0.125": [-25.09431, 2.55427, 7.52348],
						"0.25": [-18.70163, 2.08094, 8.42552],
						"0.2917": [-16.85204, 1.91852, 8.73506],
						"0.3333": [-15.4033, 1.7594, 9.0383],
						"0.375": [-14.45579, 1.60761, 9.32755],
						"0.4167": [-14.05669, 1.46923, 9.59128],
						"0.4583": [-14.20918, 1.35571, 9.80762],
						"0.5": [-14.88733, 1.29876, 9.91615],
						"0.5417": [-16.00415, 1.35571, 9.80762],
						"0.5833": [-17.48843, 1.46923, 9.59128],
						"0.625": [-19.30439, 1.60761, 9.32755],
						"0.6667": [-21.3771, 1.7594, 9.0383],
						"0.75": [-25.76291, 2.08094, 8.42552],
						"0.7917": [-27.7246, 2.24337, 8.11598],
						"0.8333": [-29.29423, 2.40249, 7.81274],
						"0.875": [-30.3387, 2.55427, 7.52348],
						"0.9167": [-30.78279, 2.69265, 7.25976],
						"0.9583": [-30.60582, 2.80618, 7.04341],
						"1.0": [-29.82648, 2.86313, 6.93488]
					},
					"position": {
						"0.0": [0, 0, 0],
						"0.5": [0, 0, 0],
						"1.0": [0, 0, 0]
					}
				},
				"LeftLeg": {
					"rotation": {
						"0.0": [-27.47911, 1.05627, 1.26603],
						"0.0417": [-27.55693, 0.89687, 1.64028],
						"0.0833": [-26.18492, 0.76592, 1.66156],
						"0.125": [-23.45979, 0.70976, 1.17327],
						"0.1667": [-19.98976, 0.73949, 0.58613],
						"0.2083": [-14.15436, 0.73097, 0.31245],
						"0.25": [-5.88559, 0.59835, 0.09125],
						"0.2917": [2.10836, 0.47075, -0.05684],
						"0.3333": [8.00334, 0.4226, -0.09368],
						"0.375": [13.00256, 0.36094, -0.10131],
						"0.4167": [18.15021, 0.1606, -0.14293],
						"0.4583": [21.39564, -0.01573, -0.13322],
						"0.5": [22.49507, -0.07303, 0.02898],
						"0.5417": [22.50267, -0.0876, 0.28071],
						"0.5833": [21.52366, -0.09837, 0.37898],
						"0.625": [18.92016, -0.12029, 0.26993],
						"0.6667": [14.99471, -0.17369, -0.0152],
						"0.7083": [10.03151, -0.32823, -0.39053],
						"0.75": [3.97397, -0.59048, -0.67433],
						"0.7917": [-2.81424, -0.82035, -0.68091],
						"0.8333": [-9.98673, -0.90794, -0.56815],
						"0.875": [-16.77555, -0.58253, -0.38857],
						"0.9167": [-22.17271, 0.24293, 0.0445],
						"0.9583": [-25.77437, 0.93312, 0.71637],
						"1.0": [-27.47911, 1.05627, 1.26603]
					}
				},
				"LeftLowerLeg": {
					"rotation": {
						"0.0": [10, 0, 0],
						"0.0417": [13.41296, 0, 0],
						"0.0833": [18.57232, 0, 0],
						"0.125": [23.16494, 0, 0],
						"0.1667": [25, 0, 0],
						"0.2083": [22.68505, 0, 0],
						"0.25": [17.08933, 0, 0],
						"0.2917": [11.0242, 0, 0],
						"0.3333": [7.5, 0, 0],
						"0.375": [6.46077, 0, 0],
						"0.4167": [6.43058, 0, 0],
						"0.4583": [7.59, 0, 0],
						"0.5": [10, 0, 0],
						"0.5417": [14.09609, 0, 0],
						"0.5833": [19.42555, 0, 0],
						"0.625": [24.33566, 0, 0],
						"0.6667": [27.5, 0, 0],
						"0.7083": [30.12553, 0, 0],
						"0.75": [33.23371, 0, 0],
						"0.7917": [35.43106, 0, 0],
						"0.8333": [35, 0, 0],
						"0.875": [29.0815, 0, 0],
						"0.9167": [19.73675, 0, 0],
						"0.9583": [12.00834, 0, 0],
						"1.0": [10, 0, 0]
					}
				},
				"LeftFoot": {
					"rotation": {
						"0.0": [-2.5, 0, 0],
						"0.0417": [-1.57849, 0, 0],
						"0.0833": [-2.63983, 0, 0],
						"0.125": [-4.44664, 0, 0],
						"0.1667": [-5, 0, 0],
						"0.2083": [-3.2721, 0, 0],
						"0.25": [0.06873, 0, 0],
						"0.2917": [3.26027, 0, 0],
						"0.3333": [5, 0, 0],
						"0.375": [4.72674, 0, 0],
						"0.4167": [2.72931, 0, 0],
						"0.4583": [0.31505, 0, 0],
						"0.5": [0, 0, 0],
						"0.5417": [3.19702, 0, 0],
						"0.5833": [7.09531, 0, 0],
						"0.625": [10.5432, 0, 0],
						"0.6667": [12.5, 0, 0],
						"0.7083": [8.25657, 0, 0],
						"0.75": [-1.68498, 0, 0],
						"0.7917": [-12.07028, 0, 0],
						"0.8333": [-17.5, 0, 0],
						"0.875": [-15.70058, 0, 0],
						"0.9167": [-10.76614, 0, 0],
						"0.9583": [-5.71536, 0, 0],
						"1.0": [-2.5, 0, 0]
					}
				},
				"RightLeg": {
					"rotation": {
						"0.0": [22.49507, 0.07303, -0.02898],
						"0.0417": [22.50267, 0.0876, -0.28071],
						"0.0833": [21.52366, 0.09837, -0.37898],
						"0.125": [18.92016, 0.12029, -0.26993],
						"0.1667": [14.99471, 0.17369, 0.0152],
						"0.2083": [10.03151, 0.32823, 0.39053],
						"0.25": [3.97397, 0.59048, 0.67433],
						"0.2917": [-2.81424, 0.82035, 0.68091],
						"0.3333": [-9.98673, 0.90794, 0.56815],
						"0.375": [-16.77555, 0.58253, 0.38857],
						"0.4167": [-22.17271, -0.24293, -0.0445],
						"0.4583": [-25.77437, -0.93312, -0.71637],
						"0.5": [-27.47911, -1.05627, -1.26603],
						"0.5417": [-27.55693, -0.89687, -1.64028],
						"0.5833": [-26.18492, -0.76592, -1.66156],
						"0.625": [-23.45979, -0.70976, -1.17327],
						"0.6667": [-19.98976, -0.73949, -0.58613],
						"0.7083": [-14.15436, -0.73097, -0.31245],
						"0.75": [-5.88559, -0.59835, -0.09125],
						"0.7917": [2.10836, -0.47075, 0.05684],
						"0.8333": [8.00334, -0.4226, 0.09368],
						"0.875": [13.00256, -0.36094, 0.10131],
						"0.9167": [18.15021, -0.1606, 0.14293],
						"0.9583": [21.39564, 0.01573, 0.13322],
						"1.0": [22.49507, 0.07303, -0.02898]
					}
				},
				"RightLowerLeg": {
					"rotation": {
						"0.0": [10, 0, 0],
						"0.0417": [14.09609, 0, 0],
						"0.0833": [19.42555, 0, 0],
						"0.125": [24.33566, 0, 0],
						"0.1667": [27.5, 0, 0],
						"0.2083": [30.12553, 0, 0],
						"0.25": [33.23371, 0, 0],
						"0.2917": [35.43106, 0, 0],
						"0.3333": [35, 0, 0],
						"0.375": [29.0815, 0, 0],
						"0.4167": [19.73675, 0, 0],
						"0.4583": [12.00834, 0, 0],
						"0.5": [10, 0, 0],
						"0.5417": [13.41296, 0, 0],
						"0.5833": [18.57232, 0, 0],
						"0.625": [23.16494, 0, 0],
						"0.6667": [25, 0, 0],
						"0.7083": [22.68505, 0, 0],
						"0.75": [17.08933, 0, 0],
						"0.7917": [11.0242, 0, 0],
						"0.8333": [7.5, 0, 0],
						"0.875": [6.46077, 0, 0],
						"0.9167": [6.43058, 0, 0],
						"0.9583": [7.59, 0, 0],
						"1.0": [10, 0, 0]
					}
				},
				"RightFoot": {
					"rotation": {
						"0.0": [0, 0, 0],
						"0.0417": [3.19702, 0, 0],
						"0.0833": [7.09531, 0, 0],
						"0.125": [10.5432, 0, 0],
						"0.1667": [12.5, 0, 0],
						"0.2083": [8.25657, 0, 0],
						"0.25": [-1.68498, 0, 0],
						"0.2917": [-12.07028, 0, 0],
						"0.3333": [-17.5, 0, 0],
						"0.375": [-15.70058, 0, 0],
						"0.4167": [-10.76614, 0, 0],
						"0.4583": [-5.71536, 0, 0],
						"0.5": [-2.5, 0, 0],
						"0.5417": [-1.57849, 0, 0],
						"0.5833": [-2.63983, 0, 0],
						"0.625": [-4.44664, 0, 0],
						"0.6667": [-5, 0, 0],
						"0.7083": [-3.2721, 0, 0],
						"0.75": [0.06873, 0, 0],
						"0.7917": [3.26027, 0, 0],
						"0.8333": [5, 0, 0],
						"0.875": [4.72674, 0, 0],
						"0.9167": [2.72931, 0, 0],
						"0.9583": [0.31505, 0, 0],
						"1.0": [0, 0, 0]
					}
				},
				"AllBody": {
					"rotation": [0, 0, 0],
					"position": [0, 0, 0],
					"scale": 1
				},
				"AllHead": {
					"rotation": [0, 0, 0],
					"position": [0, 0, 0]
				},
				"Head": {
					"rotation": {
						"0.0": [1.82548, 1.99465, 2.24747],
						"0.0417": [1.39867, 1.61791, 2.1297],
						"0.0833": [1.11263, 1.15236, 1.91928],
						"0.125": [0.99929, 0.59675, 1.58722],
						"0.1667": [1.08903, -0.03657, 1.09688],
						"0.2083": [1.38572, -0.71046, 0.42209],
						"0.25": [1.82548, -1.35733, -0.38742],
						"0.2917": [2.26523, -1.89491, -1.15298],
						"0.3333": [2.56193, -2.26126, -1.7168],
						"0.375": [2.65167, -2.43598, -2.06292],
						"0.4167": [2.53832, -2.43176, -2.23817],
						"0.4583": [2.25228, -2.27537, -2.28869],
						"0.5": [1.82548, -1.99465, -2.24747],
						"0.5417": [1.39867, -1.61791, -2.1297],
						"0.5833": [1.11263, -1.15236, -1.91928],
						"0.625": [0.99929, -0.59675, -1.58722],
						"0.6667": [1.08903, 0.03657, -1.09688],
						"0.7083": [1.38572, 0.71046, -0.42209],
						"0.75": [1.82548, 1.35733, 0.38742],
						"0.7917": [2.26523, 1.89491, 1.15298],
						"0.8333": [2.56193, 2.26126, 1.7168],
						"0.875": [2.65167, 2.43598, 2.06292],
						"0.9167": [2.53832, 2.43176, 2.23817],
						"0.9583": [2.25228, 2.27537, 2.28869],
						"1.0": [1.82548, 1.99465, 2.24747]
					},
					"position": [0, 0, 0]
				},
				"Longhair": {
					"rotation": {
						"0.0": [3.5, 0, 0],
						"0.0417": [3.21377, 0, 0],
						"0.0833": [2.41221, 0, 0],
						"0.1667": [0.08779, 0, 0],
						"0.2083": [-0.71377, 0, 0],
						"0.25": [-1, 0, 0],
						"0.2917": [-0.74714, 0, 0],
						"0.3333": [0.05813, 0, 0],
						"0.4167": [2.44187, 0, 0],
						"0.4583": [3.24714, 0, 0],
						"0.5": [3.5, 0, 0],
						"0.5417": [3.21377, 0, 0],
						"0.5833": [2.41221, 0, 0],
						"0.6667": [0.08779, 0, 0],
						"0.7083": [-0.71377, 0, 0],
						"0.75": [-1, 0, 0],
						"0.7917": [-0.74714, 0, 0],
						"0.8333": [0.05813, 0, 0],
						"0.9167": [2.44187, 0, 0],
						"0.9583": [3.24714, 0, 0],
						"1.0": [3.5, 0, 0]
					}
				},
				"molang": {
					"rotation": ["v.bv=math.cos(2*query.anim_time*360/(24/24))*3", 0, 0]
				}
			}
		},
		"slashblade:run": {
			"loop": true,
			"animation_length": 0.5833,
			"bones": {
				"AllBody": {
					"position": {
						"0.0": [-0.1, -2.404, 0.4],
						"0.0417": [-0.05572, -3.05815, 0.48745],
						"0.0833": [0.2, -3.032, 0.152],
						"0.125": [0.2046, -1.23198, -0.2732],
						"0.1667": [0.20869, -0.49193, -0.62971],
						"0.2083": [0.196, -0.344, -0.596],
						"0.25": [0.09838, -0.79896, -0.18206],
						"0.2917": [0.1, -2.404, 0.4],
						"0.3333": [0.05572, -3.05815, 0.48745],
						"0.375": [-0.2, -3.032, 0.152],
						"0.4167": [-0.2046, -1.23198, -0.2732],
						"0.4583": [-0.20869, -0.49193, -0.62971],
						"0.5": [-0.196, -0.344, -0.596],
						"0.5417": [-0.09838, -0.79896, -0.18206],
						"0.5833": [-0.1, -2.404, 0.4]
					}
				},
				"UpBody": {
					"rotation": {
						"0.0": [47.90389, -10.16424, -17.55989],
						"0.0417": [44.03701, -4.80556, -16.85304],
						"0.0833": [42.72872, -2.48457, -12.98016],
						"0.125": [43.76972, -0.30207, -6.74616],
						"0.2083": [46.88221, 6.39136, 6.52686],
						"0.25": [48.14237, 9.35543, 12.77712],
						"0.2917": [47.90389, 10.16424, 17.55989],
						"0.3333": [44.03701, 4.80556, 16.85304],
						"0.375": [42.72872, 2.48457, 12.98016],
						"0.4167": [43.76972, 0.30207, 6.74616],
						"0.5": [46.88221, -6.39136, -6.52686],
						"0.5417": [48.14237, -9.35543, -12.77712],
						"0.5833": [47.90389, -10.16424, -17.55989]
					},
					"position": {
						"0.0": {
							"post": [-0.128, 0.7, 0],
							"lerp_mode": "catmullrom"
						},
						"0.2083": {
							"post": [0.146, 0.46, 0],
							"lerp_mode": "catmullrom"
						},
						"0.2917": {
							"post": [0.128, 0.7, 0],
							"lerp_mode": "catmullrom"
						},
						"0.5": {
							"post": [-0.146, 0.46, 0],
							"lerp_mode": "catmullrom"
						},
						"0.5833": {
							"post": [-0.128, 0.7, 0],
							"lerp_mode": "catmullrom"
						}
					},
					"scale": {
						"0.0": {
							"post": [1, 1.0048, 1],
							"lerp_mode": "catmullrom"
						},
						"0.0833": {
							"post": [1, 0.9952, 1],
							"lerp_mode": "catmullrom"
						},
						"0.2917": {
							"post": [1, 1.0048, 1],
							"lerp_mode": "catmullrom"
						},
						"0.375": {
							"post": [1, 0.9952, 1],
							"lerp_mode": "catmullrom"
						},
						"0.5833": {
							"post": [1, 1.0048, 1],
							"lerp_mode": "catmullrom"
						}
					}
				},
				"UpperBody": {
					"rotation": {
						"0.0": [0.35359, -3.86385, 12.79987],
						"0.0417": [7.37316, -9.90126, 18.38292],
						"0.0833": [9.87557, -12.14977, 19.41987],
						"0.125": [8.12396, -10.65952, 15.09919],
						"0.1667": [5.08, -7.91005, 8.79009],
						"0.2083": [2.02057, -4.63259, 1.83191],
						"0.25": [-0.37847, -0.88073, -5.46331],
						"0.2917": [0.35359, 3.86385, -12.79987],
						"0.3333": [7.37316, 9.90126, -18.38292],
						"0.375": [9.87557, 12.14977, -19.41987],
						"0.4167": [8.12396, 10.65952, -15.09919],
						"0.4583": [5.08, 7.91005, -8.79009],
						"0.5": [2.02057, 4.63259, -1.83191],
						"0.5417": [-0.37847, 0.88073, 5.46331],
						"0.5833": [0.35359, -3.86385, 12.79987]
					}
				},
				"LeftArm": {
					"rotation": {
						"0.0": {
							"post": [39.24139, -1.00646, -22.91612],
							"lerp_mode": "catmullrom"
						},
						"0.0833": {
							"post": [51.9177, -10.46108, -18.80344],
							"lerp_mode": "catmullrom"
						},
						"0.2917": {
							"post": [61.09863, -35.87672, -7.74786],
							"lerp_mode": "catmullrom"
						},
						"0.375": {
							"post": [58.79893, -33.59174, -7.08112],
							"lerp_mode": "catmullrom"
						},
						"0.5833": {
							"post": [39.24139, -1.00646, -22.91612],
							"lerp_mode": "catmullrom"
						}
					},
					"position": {
						"0.0": {
							"post": [0, -0.3, 0.212],
							"lerp_mode": "catmullrom"
						},
						"0.2917": {
							"post": [0, 0, 0.048],
							"lerp_mode": "catmullrom"
						},
						"0.5833": {
							"post": [0, -0.3, 0.212],
							"lerp_mode": "catmullrom"
						}
					}
				},
				"LeftForeArm": {
					"rotation": {
						"0.0": {
							"post": [-64.20691, 6.58682, -3.59455],
							"lerp_mode": "catmullrom"
						},
						"0.0833": {
							"post": [-78.07134, 6.58682, -3.59455],
							"lerp_mode": "catmullrom"
						},
						"0.2917": {
							"post": [-63.70691, 6.58682, -3.59455],
							"lerp_mode": "catmullrom"
						},
						"0.375": {
							"post": [-69.37714, 6.58682, -3.59455],
							"lerp_mode": "catmullrom"
						},
						"0.5833": {
							"post": [-64.20691, 6.58682, -3.59455],
							"lerp_mode": "catmullrom"
						}
					}
				},
				"RightArm": {
					"rotation": {
						"0.0": [-25.28, 31, 11.62],
						"0.0417": [-16.68, 30.82, 7.95],
						"0.0833": [-4.05, 30.59, 2.43],
						"0.125": [8.18, 30.16, -2.14],
						"0.1667": [15.58, 29.41, -2.97],
						"0.2083": [16.12, 27.1, 4.89],
						"0.25": [10.7, 24.29, 17.76],
						"0.2917": [2.8, 23.24, 27.52],
						"0.3333": [-8.77, 25.76, 31.18],
						"0.375": [-22.83, 30.06, 31.73],
						"0.4167": [-32.23, 33.04, 29.97],
						"0.4583": [-33.28, 33.32, 26.42],
						"0.5": [-30.95, 32.63, 20.95],
						"0.5417": [-27.51, 31.64, 15.4],
						"0.5833": [-25.28, 31, 11.62]
					},
					"position": {
						"0.0": [0, 0, 0.048],
						"0.0417": [0, -0.08967, 0.18552],
						"0.0833": [0, -0.18935, 0.30385],
						"0.125": [0, -0.28362, 0.38862],
						"0.1667": [0, -0.3514, 0.42558],
						"0.2083": [0, -0.37718, 0.40655],
						"0.25": [0, -0.3581, 0.33266],
						"0.2917": [0, -0.3, 0.212],
						"0.3333": [0, -0.21792, 0.07575],
						"0.375": [0, -0.12495, -0.04322],
						"0.4167": [0, -0.03202, -0.12938],
						"0.4583": [0, 0.04182, -0.1675],
						"0.5": [0, 0.07624, -0.14888],
						"0.5417": [0, 0.06135, -0.07444],
						"0.5833": [0, 0, 0.048]
					}
				},
				"RightForeArm": {
					"rotation": {
						"0.0": [-126.14, 0, 0],
						"0.0417": [-103.91, 0.11, -0.06],
						"0.0833": [-71.38, 0.27, -0.15],
						"0.125": [-39.15, 0.41, -0.22],
						"0.1667": [-17.81, 0.47, -0.26],
						"0.2083": [-14.33, 0.68, -0.37],
						"0.25": [-27.52, 0, 0],
						"0.2917": [-37.68, -3.74, 2.04],
						"0.3333": [-52.46, -6.59, 3.59],
						"0.375": [-63.09, -5.71, 3.12],
						"0.4167": [-75.74, -3.7, 2.02],
						"0.4583": [-88.45, -1.49, 0.81],
						"0.5": [-99.26, 0, 0],
						"0.5417": [-115.63, 0.41, -0.22],
						"0.5833": [-126.14, 0, 0]
					}
				},
				"AllHead": {
					"rotation": {
						"0.0": [1.49068, 23.8225, -9.93469],
						"0.0417": [-6.92964, 25.31527, -17.7148],
						"0.0833": [-9.91544, 19.80075, -18.5081],
						"0.125": [-7.64642, 14.6133, -13.73572],
						"0.1667": [-4.68131, 6.78614, -8.18004],
						"0.2083": [-1.70918, -2.94087, -2.34435],
						"0.25": [0.90346, -13.81185, 3.67706],
						"0.2917": [1.49068, -23.8225, 9.93469],
						"0.3333": [-6.92964, -25.31527, 17.7148],
						"0.375": [-9.91544, -19.80075, 18.5081],
						"0.4167": [-7.64642, -14.6883, 14.18233],
						"0.4583": [-4.68131, -7.04646, 9.15476],
						"0.5": [-1.70918, 2.46585, 3.66135],
						"0.5417": [0.90346, 13.24294, -2.42646],
						"0.5833": [1.49068, 23.8225, -9.93469]
					},
					"position": {
						"0.0": {
							"post": [0.24, 0, 0],
							"lerp_mode": "catmullrom"
						},
						"0.0833": {
							"post": [0, 0, 0],
							"lerp_mode": "catmullrom"
						},
						"0.2917": {
							"post": [-0.24, 0, 0],
							"lerp_mode": "catmullrom"
						},
						"0.375": {
							"post": [0, 0, 0],
							"lerp_mode": "catmullrom"
						},
						"0.5833": {
							"post": [0.24, 0, 0],
							"lerp_mode": "catmullrom"
						}
					}
				},
				"Head": {
					"rotation": {
						"0.0": [-45.52314, -0.02562, -0.19064],
						"0.0417": [-44.33054, -1.52943, 3.63953],
						"0.0833": [-43.21928, -0.00349, 2.25174],
						"0.125": [-43.05701, -0.84104, 1.19553],
						"0.1667": [-43.91927, -1.65322, 1.29616],
						"0.2083": [-44.93116, -2.18074, 1.56991],
						"0.25": [-45.7615, -2.11752, 1.6471],
						"0.2917": [-45.52314, 0.02562, 0.19064],
						"0.3333": [-44.33054, 1.52943, -3.63953],
						"0.375": [-43.21928, 0.00349, -2.25174],
						"0.4167": [-43.05701, 0.84104, -1.19553],
						"0.4583": [-43.91927, 1.65322, -1.29616],
						"0.5": [-44.93116, 2.18074, -1.56991],
						"0.5417": [-45.7615, 2.11752, -1.6471],
						"0.5833": [-45.52314, -0.02562, -0.19064]
					},
					"position": {
						"0.0": [0, 0, 0],
						"0.0833": [-0.4, 0, 0],
						"0.1667": [-0.2, -0.94, 0.7],
						"0.2917": [0, 0, 0],
						"0.375": [0.4, 0, 0],
						"0.4583": [0.2, -0.94, 0.7],
						"0.5833": [0, 0, 0]
					}
				},
				"Longhair": {
					"rotation": [15, 0, 0]
				},
				"DownBody": {
					"rotation": {
						"0.0": [-1.10665, -10.30517, -0.12784],
						"0.0417": [-4.68045, -13.49014, 2.4455],
						"0.0833": [-5.77981, -14.06859, 3.5246],
						"0.125": [-5.25302, -11.77131, 2.71804],
						"0.1667": [-3.8978, -6.91145, 2.6528],
						"0.2083": [-1.92324, -0.6041, 2.42101],
						"0.25": [0.14277, 5.16803, 1.28398],
						"0.2917": [-1.10665, 10.30517, 0.12784],
						"0.3333": [-4.68045, 13.49014, -2.4455],
						"0.375": [-5.77981, 14.06859, -3.5246],
						"0.4167": [-5.25302, 11.77131, -2.71804],
						"0.4583": [-3.8978, 6.91145, -2.6528],
						"0.5": [-1.92324, 0.6041, -2.42101],
						"0.5417": [0.14277, -5.16803, -1.73213],
						"0.5833": [-1.10665, -10.30517, -0.12784]
					},
					"position": {
						"0.0": [0, 0, 0],
						"0.0417": [0.14468, 0, 0],
						"0.0833": [0.192, 0, 0],
						"0.125": [0.18645, 0, 0],
						"0.1667": [0.1648, 0, 0],
						"0.2083": [0.13258, 0, 0],
						"0.25": [0.0864, 0, 0],
						"0.2917": [0, 0, 0],
						"0.3333": [-0.14468, 0, 0],
						"0.375": [-0.192, 0, 0],
						"0.4167": [-0.18645, 0, 0],
						"0.4583": [-0.1648, 0, 0],
						"0.5": [-0.13258, 0, 0],
						"0.5417": [-0.0864, 0, 0],
						"0.5833": [0, 0, 0]
					}
				},
				"LeftLeg": {
					"rotation": {
						"0.0": [-33.50819, 8.04271, 8.49452],
						"0.0417": [-34.65149, 9.12243, 7.58156],
						"0.0833": [-31.91707, 9.44245, 6.09123],
						"0.125": [-10.68712, 4.79296, 4.68602],
						"0.1667": [12.17996, -1.22975, 2.37469],
						"0.2083": [25.06493, -6.21816, 0.96948],
						"0.25": [30.70024, -10.24992, 1.97114],
						"0.2917": [25.97692, -13.83588, 3.73606],
						"0.3333": [8.13879, -15.40618, 5.30375],
						"0.375": [-10.22147, -15.04788, 6.1539],
						"0.4167": [-28.68279, -11.32577, 6.28767],
						"0.4583": [-44.52675, -5.34979, 6.08553],
						"0.5": [-50.95023, 2.11223, 4.94981],
						"0.5417": [-40.46847, 6.18227, 5.4642],
						"0.5833": [-33.50819, 8.04271, 8.49452]
					},
					"position": {
						"0.0": [0, 0.184, -0.16],
						"0.0417": [0, 0.34348, -0.05008],
						"0.0833": [0, 0.288, 0],
						"0.1667": [0, -0.17105, 0],
						"0.2083": [0, -0.32, 0],
						"0.25": [0, -0.3553, 0],
						"0.2917": [0, -0.352, 0],
						"0.3333": [0, -0.30439, -0.01928],
						"0.5": [0, -0.03145, -0.13405],
						"0.5417": [0, 0.05647, -0.15723],
						"0.5833": [0, 0.184, -0.16]
					}
				},
				"LeftLowerLeg": {
					"rotation": {
						"0.0": [7.5, 0, 0],
						"0.0417": [30.35511, 0, 0],
						"0.0833": [60.484, 0, 0],
						"0.125": [41.5, 0, 0],
						"0.1667": [18.34711, 0, 0],
						"0.2083": [11.84, 0, 0],
						"0.25": [22.74429, 0, 0],
						"0.2917": [54, 0, 0],
						"0.3333": [89.88838, 0, 0],
						"0.375": [110, 0, 0],
						"0.4167": [116.91399, 0, 0],
						"0.4583": [115.99945, 0, 0],
						"0.5": [104.5, 0, 0],
						"0.5417": [48.6663, 0, 0],
						"0.5833": [7.5, 0, 0]
					}
				},
				"LeftFoot": {
					"rotation": {
						"0.0": [12.7534, 3.87631, -2.33101],
						"0.0417": [10.66245, 5.64052, -6.93485],
						"0.0833": [-20.70744, 2.04818, -7.47178],
						"0.125": [-18.87658, 4.12251, -7.42791],
						"0.1667": [-12.91355, 6.12581, -7.22593],
						"0.2083": [-3.34807, 7.1021, -6.8675],
						"0.25": [18.20784, 4.87869, -3.43375],
						"0.2917": [37.5, 2.7, 0],
						"0.3333": [31.71893, 1.33047, 0],
						"0.375": [30, 0, 0],
						"0.4167": [35.69187, 0, 0],
						"0.4583": [39.22298, 0, 0],
						"0.5": [40, 0, 0],
						"0.5417": [19.01914, 1.6479, -1.05976],
						"0.5833": [12.7534, 3.87631, -2.33101]
					}
				},
				"RightLeg": {
					"rotation": {
						"0.0": [25.97692, 13.83588, -3.73606],
						"0.0417": [8.13879, 15.40618, -5.30375],
						"0.0833": [-10.22147, 15.04788, -6.1539],
						"0.125": [-28.68279, 11.32577, -6.28767],
						"0.1667": [-44.52675, 5.34979, -6.08553],
						"0.2083": [-50.95023, -2.11223, -4.94981],
						"0.25": [-40.46847, -6.18227, -5.4642],
						"0.2917": [-33.50819, -8.04271, -8.49452],
						"0.3333": [-34.65149, -9.12243, -7.58156],
						"0.375": [-31.91707, -9.44245, -6.09123],
						"0.4167": [-10.68712, -4.79296, -4.68602],
						"0.4583": [12.17996, 1.22975, -2.37469],
						"0.5": [25.06493, 6.21816, -0.96948],
						"0.5417": [30.70024, 10.24992, -1.97114],
						"0.5833": [25.97692, 13.83588, -3.73606]
					},
					"position": {
						"0.0": [0, -0.352, 0],
						"0.0417": [0, -0.30439, -0.01928],
						"0.2083": [0, -0.03145, -0.13405],
						"0.25": [0, 0.05647, -0.15723],
						"0.2917": [0, 0.184, -0.16],
						"0.3333": [0, 0.34348, -0.05008],
						"0.375": [0, 0.288, 0],
						"0.4583": [0, -0.17105, 0],
						"0.5": [0, -0.32, 0],
						"0.5417": [0, -0.3553, 0],
						"0.5833": [0, -0.352, 0]
					}
				},
				"RightLowerLeg": {
					"rotation": {
						"0.0": [54, 0, 0],
						"0.0417": [89.88838, 0, 0],
						"0.0833": [110, 0, 0],
						"0.125": [116.91399, 0, 0],
						"0.1667": [115.99945, 0, 0],
						"0.2083": [104.5, 0, 0],
						"0.25": [48.6663, 0, 0],
						"0.2917": [7.5, 0, 0],
						"0.3333": [30.35511, 0, 0],
						"0.375": [60.484, 0, 0],
						"0.4167": [41.5, 0, 0],
						"0.4583": [18.34711, 0, 0],
						"0.5": [11.84, 0, 0],
						"0.5417": [22.74429, 0, 0],
						"0.5833": [54, 0, 0]
					}
				},
				"RightFoot": {
					"rotation": {
						"0.0": [37.5, -2.7, 0],
						"0.0417": [31.71893, -1.33047, 0],
						"0.0833": [30, 0, 0],
						"0.125": [35.69187, 0, 0],
						"0.1667": [39.22298, 0, 0],
						"0.2083": [40, 0, 0],
						"0.25": [19.01914, -1.6479, 1.05976],
						"0.2917": [12.7534, -3.87631, 2.33101],
						"0.3333": [10.66245, -5.64052, 6.93485],
						"0.375": [-20.70744, -2.04818, 7.47178],
						"0.4167": [-18.87658, -4.12251, 7.42791],
						"0.4583": [-12.91355, -6.12581, 7.22593],
						"0.5": [-3.34807, -7.1021, 6.8675],
						"0.5417": [18.20784, -4.87869, 3.43375],
						"0.5833": [37.5, -2.7, 0]
					}
				},
				"LeftHand": {
					"rotation": {
						"0.0": {
							"post": [0.47532, -19.82169, -2.71994],
							"lerp_mode": "catmullrom"
						},
						"0.2917": {
							"post": [0.47532, -19.82169, -2.71994],
							"lerp_mode": "catmullrom"
						},
						"0.5833": {
							"post": [0.47532, -19.82169, -2.71994],
							"lerp_mode": "catmullrom"
						}
					}
				},
				"RightHand": {
					"rotation": {
						"0.0": [-12.19, 0, 0],
						"0.0417": [-12.5, 0, 0],
						"0.0833": [-11.91912, 0, 0],
						"0.125": [-11.57069, 0, 0],
						"0.1667": [-11.1138, 0, 0],
						"0.2083": [-10, 0, 0],
						"0.25": [-8.1764, 0, 0],
						"0.2917": [-7.5, 0, 0],
						"0.3333": [-8.16719, 0, 0],
						"0.375": [-9.39444, 0, 0],
						"0.4167": [-10.89139, 0, 0],
						"0.4583": [-12.67711, 0, 0],
						"0.5": [-15, 0, 0],
						"0.5417": [-15.76015, 0, 0],
						"0.5833": [-12.19, 0, 0]
					}
				},
				"BackHair": {
					"rotation": [35, 0, 0]
				},
				"Breast": {
					"rotation": {
						"0.0": [-6.6, -0.8, 0],
						"0.0417": [-5.10865, -1.81183, -1.19029],
						"0.0833": [0.22261, -2.21228, -2.41708],
						"0.125": [4.5, -1.8, -2.7],
						"0.1667": [1.70117, -1.24557, -2.44985],
						"0.2083": [-2.51611, -0.75838, -1.78382],
						"0.25": [-5.57004, -0.13822, -0.84684],
						"0.2917": [-6.6, 0.8, 0],
						"0.3333": [-5.10865, 1.81183, 1.19029],
						"0.375": [0.22261, 2.21228, 2.41708],
						"0.4167": [4.5, 1.8, 2.7],
						"0.4583": [1.70117, 1.24557, 2.44985],
						"0.5": [-2.51611, 0.75838, 1.78382],
						"0.5417": [-5.57004, 0.13822, 0.84684],
						"0.5833": [-6.6, -0.8, 0]
					},
					"scale": {
						"0.0": {
							"post": [1, 1, 1],
							"lerp_mode": "catmullrom"
						},
						"0.0833": {
							"post": [0.95, 1.1, 0.95],
							"lerp_mode": "catmullrom"
						},
						"0.25": {
							"post": [1.05, 0.9, 1.05],
							"lerp_mode": "catmullrom"
						},
						"0.2917": {
							"post": [1, 1, 1],
							"lerp_mode": "catmullrom"
						},
						"0.375": {
							"post": [0.95, 1.1, 0.95],
							"lerp_mode": "catmullrom"
						},
						"0.5417": {
							"post": [1.05, 0.9, 1.05],
							"lerp_mode": "catmullrom"
						},
						"0.5833": {
							"post": [1, 1, 1],
							"lerp_mode": "catmullrom"
						}
					}
				}
			}
		},
		"slashblade:jump": {
			"loop": true,
			"bones": {
				"LeftArm": {
					"rotation": [2.17527, -7.63801, -31.45844]
				},
				"LeftForeArm": {
					"rotation": [-32.5, 0, 0]
				},
				"RightArm": {
					"rotation": [3.795, 11.211, 26.67]
				},
				"RightForeArm": {
					"rotation": [-37.5, 0, 0]
				},
				"LeftLeg": {
					"rotation": [11.207, -13.513, -4.98]
				},
				"LeftLowerLeg": {
					"rotation": [21.423, -2.453, -0.464]
				},
				"LeftFoot": {
					"rotation": [28.604, 12.39, -6.251]
				},
				"RightLeg": {
					"rotation": [-57.925, -5.528, -1.328]
				},
				"RightLowerLeg": {
					"rotation": [112.412, 6.189, 9.235]
				},
				"RightFoot": {
					"rotation": [4.926, 0.721, -0.836]
				},
				"Head": {
					"rotation": [0.319, 0.731, 0.587]
				},
				"UpBody": {
					"rotation": [-10, 2.5, 0]
				},
				"UpperBody": {
					"rotation": [41.25, -4.121, -2.392]
				},
				"LeftHand": {
					"rotation": [0, 0, 0]
				},
				"RightHand": {
					"rotation": [0, 0, 0]
				},
				"AllHead": {
					"rotation": [-5.031, 2.298, -1.618]
				},
				"DownBody": {
					"rotation": [-15.202, 0, 2.408]
				}
			}
		},
		"slashblade:fly": {
			"loop": true,
			"bones": {
				"LeftArm": {
					"rotation": [-32.05569, 32.7005, -14.73139]
				},
				"LeftForeArm": {
					"rotation": [-32.5, 0, 0]
				},
				"RightArm": {
					"rotation": [-64.93498, -26.8632, 53.41916]
				},
				"RightForeArm": {
					"rotation": [-37.5, 0, 0]
				},
				"LeftLeg": {
					"rotation": [10.8955, -1.24297, -2.56852]
				},
				"LeftLowerLeg": {
					"rotation": [21.423, 0, 0]
				},
				"LeftFoot": {
					"rotation": [10, 0, 0]
				},
				"RightLeg": {
					"rotation": [-29.03169, 12.39541, -0.11603]
				},
				"RightLowerLeg": {
					"rotation": [112.412, 0, 0]
				},
				"RightFoot": {
					"rotation": [7.5, 0, 0]
				},
				"Head": {
					"rotation": [0.319, 0.731, 0.587]
				},
				"UpBody": {
					"rotation": [-9.67618, -15.16385, 0.54677]
				},
				"UpperBody": {
					"rotation": [26.49777, -8.60114, -2.12633]
				},
				"LeftHand": {
					"rotation": [27.5, 0, 0]
				},
				"RightHand": {
					"rotation": [0, 0, 0]
				},
				"AllHead": {
					"rotation": [-11.1174, 19.47814, -5.86139]
				},
				"DownBody": {
					"rotation": [-15.202, 0, 2.408]
				}
			}
		}
	}
}