{"format_version":"1.12.0","minecraft:geometry":[{"description":{"identifier":"geometry.unknown","texture_width":256,"texture_height":256,"visible_bounds_width":5,"visible_bounds_height":4.5,"visible_bounds_offset":[0,1.75,0]},"bones":[{"name":"LeftArm","pivot":[1.2,31.025,0],"cubes":[{"origin":[0.4,22.575,-1.5],"size":[3.05,7,3],"uv":{"north":{"uv":[45,28],"uv_size":[3,7]},"east":{"uv":[42,46],"uv_size":[3,7]},"south":{"uv":[45,46],"uv_size":[3,7]},"west":{"uv":[47,0],"uv_size":[3,7]},"up":{"uv":[76,8],"uv_size":[3,3]},"down":{"uv":[76,18],"uv_size":[3,-3]}}},{"origin":[0.7,21.675,-1.1],"size":[2.55,2,2.2],"uv":{"north":{"uv":[98,46],"uv_size":[2.5,2]},"east":{"uv":[18,104],"uv_size":[2,2]},"south":{"uv":[98,55],"uv_size":[2.5,2]},"west":{"uv":[20,104],"uv_size":[2,2]},"up":{"uv":[98,91],"uv_size":[2.5,2]},"down":{"uv":[18,101],"uv_size":[2.5,-2]}}},{"origin":[0.6,21.625,-1.125],"size":[2.7,2.05,2.3],"uv":{"north":{"uv":[21,99],"uv_size":[2.5,2]},"east":{"uv":[99,28],"uv_size":[2.5,2]},"south":{"uv":[99,31],"uv_size":[2.5,2]},"west":{"uv":[32,99],"uv_size":[2.5,2]},"up":{"uv":[89,73],"uv_size":[2.5,2.5]},"down":{"uv":[89,82.5],"uv_size":[2.5,-2.5]}}}]},{"name":"LUHuBi","parent":"LeftArm","pivot":[1.2,31.025,0]},{"name":"LUHuBi1","parent":"LUHuBi","pivot":[1.2,31.025,0],"cubes":[{"origin":[0.25,22.4,1.1],"size":[3.25,6.15,0.6],"uv":{"north":{"uv":[47,7],"uv_size":[3.5,6]},"east":{"uv":[32,113],"uv_size":[0.5,6]},"south":{"uv":[26,47],"uv_size":[3.5,6]},"west":{"uv":[33,113],"uv_size":[0.5,6]},"up":{"uv":[127,0],"uv_size":[3.5,0.5]},"down":{"uv":[127,1.5],"uv_size":[3.5,-0.5]}}},{"origin":[0.25,22.4,-1.7],"size":[3.25,6.15,0.6],"uv":{"north":{"uv":[30,47],"uv_size":[3.5,6]},"east":{"uv":[113,33],"uv_size":[0.5,6]},"south":{"uv":[34,47],"uv_size":[3.5,6]},"west":{"uv":[34,113],"uv_size":[0.5,6]},"up":{"uv":[127,10],"uv_size":[3.5,0.5]},"down":{"uv":[127,11.5],"uv_size":[3.5,-0.5]}}},{"origin":[0.25,22.375,-1.625],"size":[3.25,1.625,1.7],"pivot":[1.875,23.025,0],"rotation":[-7.5,0,0],"uv":{"north":{"uv":[95,42],"uv_size":[3.5,1.5]},"east":{"uv":[112,118],"uv_size":[1.5,1.5]},"south":{"uv":[95,44],"uv_size":[3.5,1.5]},"west":{"uv":[114,118],"uv_size":[1.5,1.5]},"up":{"uv":[95,48],"uv_size":[3.5,1.5]},"down":{"uv":[95,52.5],"uv_size":[3.5,-1.5]}}},{"origin":[0.25,28.55,-0.075],"size":[3.25,1.225,1.85],"pivot":[1.875,29.2,0],"rotation":[-7.5,0,0],"uv":{"north":{"uv":[71,109],"uv_size":[3.5,1]},"east":{"uv":[124,75],"uv_size":[2,1]},"south":{"uv":[109,89],"uv_size":[3.5,1]},"west":{"uv":[124,83],"uv_size":[2,1]},"up":{"uv":[85,61],"uv_size":[3.5,2]},"down":{"uv":[85,65],"uv_size":[3.5,-2]}}},{"origin":[0.25,28.55,-1.775],"size":[3.25,1.225,1.85],"pivot":[1.875,29.2,0],"rotation":[7.5,0,0],"uv":{"north":{"uv":[109,90],"uv_size":[3.5,1]},"east":{"uv":[115,124],"uv_size":[2,1]},"south":{"uv":[109,97],"uv_size":[3.5,1]},"west":{"uv":[124,115],"uv_size":[2,1]},"up":{"uv":[85,65],"uv_size":[3.5,2]},"down":{"uv":[85,69],"uv_size":[3.5,-2]}}},{"origin":[0.25,22.375,-0.075],"size":[3.25,1.625,1.675],"pivot":[1.875,23.025,0],"rotation":[7.5,0,0],"uv":{"north":{"uv":[95,53],"uv_size":[3.5,1.5]},"east":{"uv":[118,116],"uv_size":[1.5,1.5]},"south":{"uv":[65,95],"uv_size":[3.5,1.5]},"west":{"uv":[118,118],"uv_size":[1.5,1.5]},"up":{"uv":[69,95],"uv_size":[3.5,1.5]},"down":{"uv":[73,96.5],"uv_size":[3.5,-1.5]}}}]},{"name":"LUHuBi2","parent":"LUHuBi","pivot":[1.2,31.025,0],"cubes":[{"origin":[3.725,27.53937,-1.86283],"size":[0.5,2.125,1.95],"pivot":[3.9375,29.05187,-0.83783],"rotation":[7.5,0,-8],"uv":{"north":{"uv":[141,31],"uv_size":[0.5,2]},"east":{"uv":[104,25],"uv_size":[2,2]},"south":{"uv":[141,33],"uv_size":[0.5,2]},"west":{"uv":[32,104],"uv_size":[2,2]},"up":{"uv":[141,35],"uv_size":[0.5,2]},"down":{"uv":[37,143],"uv_size":[0.5,-2]}}},{"origin":[3.725,27.53937,-0.08717],"size":[0.5,2.125,1.95],"pivot":[3.9375,29.05187,0.83783],"rotation":[-7.5,0,-8],"uv":{"north":{"uv":[38,141],"uv_size":[0.5,2]},"east":{"uv":[104,33],"uv_size":[2,2]},"south":{"uv":[39,141],"uv_size":[0.5,2]},"west":{"uv":[35,104],"uv_size":[2,2]},"up":{"uv":[40,141],"uv_size":[0.5,2]},"down":{"uv":[41,143],"uv_size":[0.5,-2]}}},{"origin":[4.025,25.7428,-0.3367],"size":[0.425,2.35,1.35],"pivot":[4.2375,26.9678,0.5383],"rotation":[-45,0,-8],"uv":{"north":{"uv":[25,136],"uv_size":[0.5,2.5]},"east":{"uv":[0,107],"uv_size":[1.5,2.5]},"south":{"uv":[26,136],"uv_size":[0.5,2.5]},"west":{"uv":[79,107],"uv_size":[1.5,2.5]},"up":{"uv":[47,145],"uv_size":[0.5,1.5]},"down":{"uv":[48,146.5],"uv_size":[0.5,-1.5]}}},{"origin":[4.025,25.7428,-1.0117],"size":[0.425,2.35,1.35],"pivot":[4.2375,26.9678,-0.5367],"rotation":[45,0,-8],"uv":{"north":{"uv":[27,136],"uv_size":[0.5,2.5]},"east":{"uv":[81,107],"uv_size":[1.5,2.5]},"south":{"uv":[136,27],"uv_size":[0.5,2.5]},"west":{"uv":[102,107],"uv_size":[1.5,2.5]},"up":{"uv":[145,50],"uv_size":[0.5,1.5]},"down":{"uv":[51,146.5],"uv_size":[0.5,-1.5]}}},{"origin":[3.625,29.48223,-0.56754],"size":[0.525,0.825,1.95],"pivot":[3.8375,29.89473,0.40746],"rotation":[-50.75,0,-8],"uv":{"north":{"uv":[149,100],"uv_size":[0.5,1]},"east":{"uv":[124,116],"uv_size":[2,1]},"south":{"uv":[101,149],"uv_size":[0.5,1]},"west":{"uv":[124,117],"uv_size":[2,1]},"up":{"uv":[42,141],"uv_size":[0.5,2]},"down":{"uv":[141,44],"uv_size":[0.5,-2]}}},{"origin":[3.625,29.47227,-1.39366],"size":[0.525,0.825,1.95],"pivot":[3.8375,29.88477,-0.41866],"rotation":[50.75,0,-8],"uv":{"north":{"uv":[149,101],"uv_size":[0.5,1]},"east":{"uv":[118,124],"uv_size":[2,1]},"south":{"uv":[102,149],"uv_size":[0.5,1]},"west":{"uv":[124,118],"uv_size":[2,1]},"up":{"uv":[141,44],"uv_size":[0.5,2]},"down":{"uv":[141,48],"uv_size":[0.5,-2]}}},{"origin":[2.7,23.875,-1.8],"size":[1.075,2.675,3.6],"uv":{"north":{"uv":[116,26],"uv_size":[1,2.5]},"east":{"uv":[78,58],"uv_size":[3.5,2.5]},"south":{"uv":[116,34],"uv_size":[1,2.5]},"west":{"uv":[78,70],"uv_size":[3.5,2.5]},"up":{"uv":[87,109],"uv_size":[1,3.5]},"down":{"uv":[88,112.5],"uv_size":[1,-3.5]}}},{"origin":[2.7,23.1,-1],"size":[1.125,1.6,2.075],"pivot":[3.6625,24.85,0],"rotation":[30,0,0],"uv":{"north":{"uv":[131,123],"uv_size":[1,1.5]},"east":{"uv":[113,39],"uv_size":[2,1.5]},"south":{"uv":[125,131],"uv_size":[1,1.5]},"west":{"uv":[113,43],"uv_size":[2,1.5]},"up":{"uv":[124,119],"uv_size":[1,2]},"down":{"uv":[120,126],"uv_size":[1,-2]}}},{"origin":[2.7,23.1,-1.075],"size":[1.125,1.6,2.1],"pivot":[3.6625,24.85,0],"rotation":[-30,0,0],"uv":{"north":{"uv":[131,125],"uv_size":[1,1.5]},"east":{"uv":[50,113],"uv_size":[2,1.5]},"south":{"uv":[126,131],"uv_size":[1,1.5]},"west":{"uv":[53,113],"uv_size":[2,1.5]},"up":{"uv":[121,124],"uv_size":[1,2]},"down":{"uv":[122,126],"uv_size":[1,-2]}}},{"origin":[1.225,26.55,-1.8],"size":[2.75,3,3.6],"pivot":[3.65,27.3875,0],"rotation":[0,0,-6],"uv":{"north":{"uv":[76,18],"uv_size":[3,3]},"east":{"uv":[10,69],"uv_size":[3.5,3]},"south":{"uv":[31,76],"uv_size":[3,3]},"west":{"uv":[14,69],"uv_size":[3.5,3]},"up":{"uv":[69,42],"uv_size":[3,3.5]},"down":{"uv":[44,72.5],"uv_size":[3,-3.5]}}},{"origin":[1.225,27.3,-1.8],"size":[2.75,2.475,3.6],"pivot":[3.65,27.2875,0],"rotation":[0,0,-67.75],"uv":{"north":{"uv":[82,58],"uv_size":[3,2.5]},"east":{"uv":[79,8],"uv_size":[3.5,2.5]},"south":{"uv":[61,82],"uv_size":[3,2.5]},"west":{"uv":[13,79],"uv_size":[3.5,2.5]},"up":{"uv":[47,69],"uv_size":[3,3.5]},"down":{"uv":[69,54.5],"uv_size":[3,-3.5]}}},{"origin":[3.5,25.14917,-0.14156],"size":[0.6,2.35,1.275],"pivot":[3.825,26.29917,0.45844],"rotation":[-50,0,-6],"uv":{"north":{"uv":[28,136],"uv_size":[0.5,2.5]},"east":{"uv":[108,12],"uv_size":[1.5,2.5]},"south":{"uv":[29,136],"uv_size":[0.5,2.5]},"west":{"uv":[108,15],"uv_size":[1.5,2.5]},"up":{"uv":[52,145],"uv_size":[0.5,1.5]},"down":{"uv":[145,53.5],"uv_size":[0.5,-1.5]}}},{"origin":[3.5,25.1197,-1.14301],"size":[0.6,2.375,1.275],"pivot":[3.825,26.3072,-0.46801],"rotation":[50,0,-6],"uv":{"north":{"uv":[30,136],"uv_size":[0.5,2.5]},"east":{"uv":[108,18],"uv_size":[1.5,2.5]},"south":{"uv":[136,30],"uv_size":[0.5,2.5]},"west":{"uv":[108,21],"uv_size":[1.5,2.5]},"up":{"uv":[53,145],"uv_size":[0.5,1.5]},"down":{"uv":[54,146.5],"uv_size":[0.5,-1.5]}}},{"origin":[0.25,23.975,-1.1],"size":[3.25,4.6,2.175],"uv":{"north":{"uv":[95,42],"uv_size":[3.5,1.5]},"east":{"uv":[112,118],"uv_size":[1.5,1.5]},"south":{"uv":[95,44],"uv_size":[3.5,1.5]},"west":{"uv":[114,118],"uv_size":[1.5,1.5]},"up":{"uv":[95,48],"uv_size":[3.5,1.5]},"down":{"uv":[95,52.5],"uv_size":[3.5,-1.5]}}}]},{"name":"LUHuBi3","parent":"LUHuBi","pivot":[1.2,31.025,0],"cubes":[{"origin":[3.625,29.47227,-1.39366],"size":[0.525,0.825,1.95],"pivot":[3.8375,29.88477,-0.41866],"rotation":[50.75,0,-8],"uv":{"north":{"uv":[149,102],"uv_size":[0.5,1]},"east":{"uv":[123,124],"uv_size":[2,1]},"south":{"uv":[103,149],"uv_size":[0.5,1]},"west":{"uv":[0,125],"uv_size":[2,1]},"up":{"uv":[48,141],"uv_size":[0.5,2]},"down":{"uv":[141,50],"uv_size":[0.5,-2]}}},{"origin":[3.625,29.48223,-0.56754],"size":[0.525,0.825,1.95],"pivot":[3.8375,29.89473,0.40746],"rotation":[-50.75,0,-8],"uv":{"north":{"uv":[149,103],"uv_size":[0.5,1]},"east":{"uv":[125,0],"uv_size":[2,1]},"south":{"uv":[104,149],"uv_size":[0.5,1]},"west":{"uv":[125,1],"uv_size":[2,1]},"up":{"uv":[141,50],"uv_size":[0.5,2]},"down":{"uv":[141,54],"uv_size":[0.5,-2]}}},{"origin":[3.725,27.53937,-0.08717],"size":[0.5,2.125,1.95],"pivot":[3.9375,29.05187,0.83783],"rotation":[-7.5,0,-8],"uv":{"north":{"uv":[141,54],"uv_size":[0.5,2]},"east":{"uv":[37,104],"uv_size":[2,2]},"south":{"uv":[141,56],"uv_size":[0.5,2]},"west":{"uv":[39,104],"uv_size":[2,2]},"up":{"uv":[58,141],"uv_size":[0.5,2]},"down":{"uv":[141,60],"uv_size":[0.5,-2]}}},{"origin":[4.025,25.7428,-0.3117],"size":[0.425,2.325,1.325],"pivot":[4.2375,26.9678,0.5383],"rotation":[-44,0,-8],"uv":{"north":{"uv":[31,136],"uv_size":[0.5,2.5]},"east":{"uv":[108,24],"uv_size":[1.5,2.5]},"south":{"uv":[32,136],"uv_size":[0.5,2.5]},"west":{"uv":[30,108],"uv_size":[1.5,2.5]},"up":{"uv":[56,145],"uv_size":[0.5,1.5]},"down":{"uv":[145,57.5],"uv_size":[0.5,-1.5]}}},{"origin":[4.025,25.7678,-1.0117],"size":[0.425,2.3,1.325],"pivot":[4.2375,26.9678,-0.5367],"rotation":[44,0,-8],"uv":{"north":{"uv":[33,136],"uv_size":[0.5,2.5]},"east":{"uv":[32,108],"uv_size":[1.5,2.5]},"south":{"uv":[34,136],"uv_size":[0.5,2.5]},"west":{"uv":[34,108],"uv_size":[1.5,2.5]},"up":{"uv":[57,145],"uv_size":[0.5,1.5]},"down":{"uv":[58,146.5],"uv_size":[0.5,-1.5]}}},{"origin":[2.7,23.875,-1.8],"size":[1.075,2.675,3.6],"uv":{"north":{"uv":[40,116],"uv_size":[1,2.5]},"east":{"uv":[79,14],"uv_size":[3.5,2.5]},"south":{"uv":[41,116],"uv_size":[1,2.5]},"west":{"uv":[17,79],"uv_size":[3.5,2.5]},"up":{"uv":[91,109],"uv_size":[1,3.5]},"down":{"uv":[92,112.5],"uv_size":[1,-3.5]}}},{"origin":[2.7,23.1,-1.075],"size":[1.125,1.6,2.1],"pivot":[3.6625,24.85,0],"rotation":[-30,0,0],"uv":{"north":{"uv":[131,130],"uv_size":[1,1.5]},"east":{"uv":[57,113],"uv_size":[2,1.5]},"south":{"uv":[132,2],"uv_size":[1,1.5]},"west":{"uv":[113,57],"uv_size":[2,1.5]},"up":{"uv":[2,125],"uv_size":[1,2]},"down":{"uv":[3,127],"uv_size":[1,-2]}}},{"origin":[2.7,23.1,-1],"size":[1.125,1.6,2.075],"pivot":[3.6625,24.85,0],"rotation":[30,0,0],"uv":{"north":{"uv":[132,4],"uv_size":[1,1.5]},"east":{"uv":[113,64],"uv_size":[2,1.5]},"south":{"uv":[132,6],"uv_size":[1,1.5]},"west":{"uv":[113,66],"uv_size":[2,1.5]},"up":{"uv":[5,125],"uv_size":[1,2]},"down":{"uv":[6,127],"uv_size":[1,-2]}}},{"origin":[3.725,27.53937,-1.86283],"size":[0.5,2.125,1.95],"pivot":[3.9375,29.05187,-0.83783],"rotation":[7.5,0,-8],"uv":{"north":{"uv":[59,141],"uv_size":[0.5,2]},"east":{"uv":[42,104],"uv_size":[2,2]},"south":{"uv":[60,141],"uv_size":[0.5,2]},"west":{"uv":[44,104],"uv_size":[2,2]},"up":{"uv":[61,141],"uv_size":[0.5,2]},"down":{"uv":[62,143],"uv_size":[0.5,-2]}}},{"origin":[1.225,27.3,-1.8],"size":[2.75,2.475,3.6],"pivot":[3.65,27.2875,0],"rotation":[0,0,-67.75],"uv":{"north":{"uv":[64,82],"uv_size":[3,2.5]},"east":{"uv":[79,17],"uv_size":[3.5,2.5]},"south":{"uv":[67,82],"uv_size":[3,2.5]},"west":{"uv":[21,79],"uv_size":[3.5,2.5]},"up":{"uv":[69,55],"uv_size":[3,3.5]},"down":{"uv":[56,72.5],"uv_size":[3,-3.5]}}},{"origin":[3.5,25.57417,-0.14156],"size":[0.6,1.65,1.375],"pivot":[3.825,25.97417,0.45844],"rotation":[-34,0,-6],"uv":{"north":{"uv":[136,34],"uv_size":[0.5,2.5]},"east":{"uv":[108,37],"uv_size":[1.5,2.5]},"south":{"uv":[37,136],"uv_size":[0.5,2.5]},"west":{"uv":[108,40],"uv_size":[1.5,2.5]},"up":{"uv":[145,58],"uv_size":[0.5,1.5]},"down":{"uv":[59,146.5],"uv_size":[0.5,-1.5]}}},{"origin":[3.5,24.17417,0.75844],"size":[0.6,1.475,0.475],"pivot":[3.825,25.97417,0.45844],"rotation":[-34,0,-6],"uv":{"north":{"uv":[60,145],"uv_size":[0.5,1.5]},"east":{"uv":[145,60],"uv_size":[0.5,1.5]},"south":{"uv":[61,145],"uv_size":[0.5,1.5]},"west":{"uv":[62,145],"uv_size":[0.5,1.5]},"up":{"uv":[153,22],"uv_size":[0.5,0.5]},"down":{"uv":[23,153.5],"uv_size":[0.5,-0.5]}}},{"origin":[3.5,24.4447,-1.24301],"size":[0.6,2.7,1.275],"pivot":[3.825,25.9572,-0.56801],"rotation":[34,0,-6],"uv":{"north":{"uv":[38,136],"uv_size":[0.5,2.5]},"east":{"uv":[50,108],"uv_size":[1.5,2.5]},"south":{"uv":[39,136],"uv_size":[0.5,2.5]},"west":{"uv":[108,50],"uv_size":[1.5,2.5]},"up":{"uv":[63,145],"uv_size":[0.5,1.5]},"down":{"uv":[145,64.5],"uv_size":[0.5,-1.5]}}},{"origin":[1.225,26.55,-1.8],"size":[2.75,3,3.6],"pivot":[3.65,27.3875,0],"rotation":[0,0,-6],"uv":{"north":{"uv":[34,76],"uv_size":[3,3]},"east":{"uv":[70,0],"uv_size":[3.5,3]},"south":{"uv":[76,37],"uv_size":[3,3]},"west":{"uv":[70,3],"uv_size":[3.5,3]},"up":{"uv":[70,17],"uv_size":[3,3.5]},"down":{"uv":[70,24.5],"uv_size":[3,-3.5]}}},{"origin":[0.25,23.975,-1.1],"size":[3.25,4.6,2.175],"uv":{"north":{"uv":[95,42],"uv_size":[3.5,1.5]},"east":{"uv":[112,118],"uv_size":[1.5,1.5]},"south":{"uv":[95,44],"uv_size":[3.5,1.5]},"west":{"uv":[114,118],"uv_size":[1.5,1.5]},"up":{"uv":[95,48],"uv_size":[3.5,1.5]},"down":{"uv":[95,52.5],"uv_size":[3.5,-1.5]}}}]},{"name":"LeftForeArm2","parent":"LeftArm","pivot":[1.925,25.075,0.025],"cubes":[{"origin":[0.425,15.575,-1.475],"size":[3,7,3],"uv":{"north":{"uv":[38,47],"uv_size":[3,7]},"east":{"uv":[0,48],"uv_size":[3,7]},"south":{"uv":[3,48],"uv_size":[3,7]},"west":{"uv":[6,48],"uv_size":[3,7]},"up":{"uv":[40,76],"uv_size":[3,3]},"down":{"uv":[50,79],"uv_size":[3,-3]}}}]},{"name":"LeftHand","parent":"LeftForeArm2","pivot":[1.925,19.575,0.025]},{"name":"LeftHandLocator2","parent":"LeftHand","pivot":[1.925,19.575,0.025]},{"name":"LDHuBi","parent":"LeftForeArm2","pivot":[1.925,25.075,0.025]},{"name":"LDHuBi1","parent":"LDHuBi","pivot":[1.925,25.075,0.025],"cubes":[{"origin":[0.72608,17.13582,1.31954],"size":[2.4,0.85,0.875],"pivot":[1.92608,16.34832,1.73204],"rotation":[1.79142,0.0597,-0.01526],"uv":{"north":{"uv":[116,37],"uv_size":[2.5,1]},"east":{"uv":[63,141],"uv_size":[1,1]},"south":{"uv":[116,41],"uv_size":[2.5,1]},"west":{"uv":[64,141],"uv_size":[1,1]},"up":{"uv":[116,42],"uv_size":[2.5,1]},"down":{"uv":[116,46],"uv_size":[2.5,-1]}}},{"origin":[1.52673,15.1446,1.82937],"size":[0.8,2.675,0.825],"pivot":[1.92673,16.5196,2.40437],"rotation":[22.29142,0.0597,-0.01526],"uv":{"north":{"uv":[49,116],"uv_size":[1,2.5]},"east":{"uv":[55,116],"uv_size":[1,2.5]},"south":{"uv":[56,116],"uv_size":[1,2.5]},"west":{"uv":[59,116],"uv_size":[1,2.5]},"up":{"uv":[65,141],"uv_size":[1,1]},"down":{"uv":[141,67],"uv_size":[1,-1]}}},{"origin":[1.52717,11.89023,1.61322],"size":[0.8,3.075,0.8],"pivot":[1.92717,15.00273,2.43822],"rotation":[-99.95858,0.0597,-0.01526],"uv":{"north":{"uv":[35,113],"uv_size":[1,3]},"east":{"uv":[113,68],"uv_size":[1,3]},"south":{"uv":[113,71],"uv_size":[1,3]},"west":{"uv":[77,113],"uv_size":[1,3]},"up":{"uv":[141,67],"uv_size":[1,1]},"down":{"uv":[141,69],"uv_size":[1,-1]}}},{"origin":[3.325,17.85204,1.49838],"size":[0.2,4.675,0.225],"pivot":[3.425,20.20204,1.69838],"rotation":[-4.72109,-0.27335,2.03957],"uv":{"north":{"uv":[106,118],"uv_size":[0.5,4.5]},"east":{"uv":[0,119],"uv_size":[0.5,4.5]},"south":{"uv":[1,119],"uv_size":[0.5,4.5]},"west":{"uv":[2,119],"uv_size":[0.5,4.5]},"up":{"uv":[153,23],"uv_size":[0.5,0.5]},"down":{"uv":[24,153.5],"uv_size":[0.5,-0.5]}}},{"origin":[3.32957,17.86285,-1.67401],"size":[0.2,4.65,0.4],"pivot":[3.425,20.20204,-1.64838],"rotation":[4.6823,-0.74643,2.2889],"uv":{"north":{"uv":[3,119],"uv_size":[0.5,4.5]},"east":{"uv":[4,119],"uv_size":[0.5,4.5]},"south":{"uv":[6,119],"uv_size":[0.5,4.5]},"west":{"uv":[119,6],"uv_size":[0.5,4.5]},"up":{"uv":[153,24],"uv_size":[0.5,0.5]},"down":{"uv":[25,153.5],"uv_size":[0.5,-0.5]}}},{"origin":[0.22901,17.86064,-1.70064],"size":[3.2,4.65,0.725],"pivot":[1.975,20.375,-1.675],"rotation":[4.70771,0.18524,0.10786],"uv":{"north":{"uv":[42,62],"uv_size":[3,4.5]},"east":{"uv":[7,119],"uv_size":[0.5,4.5]},"south":{"uv":[8,64],"uv_size":[3,4.5]},"west":{"uv":[8,119],"uv_size":[0.5,4.5]},"up":{"uv":[131,49],"uv_size":[3,0.5]},"down":{"uv":[131,94.5],"uv_size":[3,-0.5]}}},{"origin":[0.225,17.85,1.65],"size":[3.2,4.675,0.825],"pivot":[1.975,20.375,1.725],"rotation":[-4.70858,0.0597,-0.01526],"uv":{"north":{"uv":[11,64],"uv_size":[3,4.5]},"east":{"uv":[26,100],"uv_size":[1,4.5]},"south":{"uv":[64,15],"uv_size":[3,4.5]},"west":{"uv":[27,100],"uv_size":[1,4.5]},"up":{"uv":[113,49],"uv_size":[3,1]},"down":{"uv":[113,60],"uv_size":[3,-1]}}},{"origin":[0.225,17.85,1.2],"size":[3.2,4.675,0.55],"pivot":[1.975,20.375,1.725],"rotation":[-4.70858,0.0597,-0.01526],"uv":{"north":{"uv":[64,20],"uv_size":[3,4.5]},"east":{"uv":[9,119],"uv_size":[0.5,4.5]},"south":{"uv":[64,29],"uv_size":[3,4.5]},"west":{"uv":[10,119],"uv_size":[0.5,4.5]},"up":{"uv":[131,127],"uv_size":[3,0.5]},"down":{"uv":[132,8.5],"uv_size":[3,-0.5]}}},{"origin":[0.20357,17.92667,-1.20368],"size":[0.25,4.575,2.6],"pivot":[1.80357,20.21417,0.10882],"rotation":[-0.29226,-0.06224,0.04248],"uv":{"north":{"uv":[11,119],"uv_size":[0.5,4.5]},"east":{"uv":[67,28],"uv_size":[2.5,4.5]},"south":{"uv":[119,11],"uv_size":[0.5,4.5]},"west":{"uv":[29,67],"uv_size":[2.5,4.5]},"up":{"uv":[136,40],"uv_size":[0.5,2.5]},"down":{"uv":[136,49.5],"uv_size":[0.5,-2.5]}}}]},{"name":"LHuBiJian","parent":"LDHuBi","pivot":[3.6,25.05,0.025],"rotation":[0,0,-10.25]},{"name":"LHuBiJian1","parent":"LHuBiJian","pivot":[3.6,25.05,0.025],"cubes":[{"origin":[3.12269,17.92008,-1.27388],"size":[0.475,4.7,1.5],"pivot":[3.25373,22.79388,-0.88003],"rotation":[0,21,16.25],"uv":{"north":{"uv":[12,119],"uv_size":[0.5,4.5]},"east":{"uv":[55,86],"uv_size":[1.5,4.5]},"south":{"uv":[13,119],"uv_size":[0.5,4.5]},"west":{"uv":[57,86],"uv_size":[1.5,4.5]},"up":{"uv":[64,145],"uv_size":[0.5,1.5]},"down":{"uv":[65,146.5],"uv_size":[0.5,-1.5]}}},{"origin":[2.78396,19.24365,-1.62413],"size":[0.3,3.975,0.575],"pivot":[2.715,21.71399,-1.44018],"rotation":[9,21,16.25],"uv":{"north":{"uv":[132,11],"uv_size":[0.5,3]},"east":{"uv":[14,132],"uv_size":[0.5,3]},"south":{"uv":[15,132],"uv_size":[0.5,3]},"west":{"uv":[16,132],"uv_size":[0.5,3]},"up":{"uv":[153,25],"uv_size":[0.5,0.5]},"down":{"uv":[26,153.5],"uv_size":[0.5,-0.5]}}},{"origin":[3.57591,22.47559,-0.25546],"size":[0.275,1.4,0.4],"pivot":[3.7,23.825,-0.775],"rotation":[0,21,11.5],"uv":{"north":{"uv":[145,65],"uv_size":[0.5,1.5]},"east":{"uv":[68,145],"uv_size":[0.5,1.5]},"south":{"uv":[69,145],"uv_size":[0.5,1.5]},"west":{"uv":[145,69],"uv_size":[0.5,1.5]},"up":{"uv":[153,26],"uv_size":[0.5,0.5]},"down":{"uv":[27,153.5],"uv_size":[0.5,-0.5]}}},{"origin":[3.57591,22.47559,-0.65546],"size":[0.275,1.05,0.4],"pivot":[3.7,23.825,-0.775],"rotation":[0,21,11.5],"uv":{"north":{"uv":[149,104],"uv_size":[0.5,1]},"east":{"uv":[105,149],"uv_size":[0.5,1]},"south":{"uv":[149,105],"uv_size":[0.5,1]},"west":{"uv":[106,149],"uv_size":[0.5,1]},"up":{"uv":[153,27],"uv_size":[0.5,0.5]},"down":{"uv":[28,153.5],"uv_size":[0.5,-0.5]}}},{"origin":[3.57591,22.47559,-1.08046],"size":[0.275,0.7,0.425],"pivot":[3.7,23.825,-0.775],"rotation":[0,21,11.5],"uv":{"north":{"uv":[153,28],"uv_size":[0.5,0.5]},"east":{"uv":[29,153],"uv_size":[0.5,0.5]},"south":{"uv":[153,29],"uv_size":[0.5,0.5]},"west":{"uv":[30,153],"uv_size":[0.5,0.5]},"up":{"uv":[153,30],"uv_size":[0.5,0.5]},"down":{"uv":[31,153.5],"uv_size":[0.5,-0.5]}}},{"origin":[3.57591,22.47559,-1.48046],"size":[0.275,0.35,0.4],"pivot":[3.7,23.825,-0.775],"rotation":[0,21,11.5],"uv":{"north":{"uv":[153,31],"uv_size":[0.5,0.5]},"east":{"uv":[32,153],"uv_size":[0.5,0.5]},"south":{"uv":[153,32],"uv_size":[0.5,0.5]},"west":{"uv":[33,153],"uv_size":[0.5,0.5]},"up":{"uv":[153,33],"uv_size":[0.5,0.5]},"down":{"uv":[34,153.5],"uv_size":[0.5,-0.5]}}},{"origin":[4.04265,22.96345,1.36593],"size":[0.275,2.45,0.275],"pivot":[4.16674,26.23432,-0.83483],"rotation":[-49.5,21,11.5],"uv":{"north":{"uv":[57,136],"uv_size":[0.5,2.5]},"east":{"uv":[136,57],"uv_size":[0.5,2.5]},"south":{"uv":[58,136],"uv_size":[0.5,2.5]},"west":{"uv":[136,60],"uv_size":[0.5,2.5]},"up":{"uv":[153,34],"uv_size":[0.5,0.5]},"down":{"uv":[35,153.5],"uv_size":[0.5,-0.5]}}},{"origin":[3.01115,18.97748,1.19674],"size":[0.375,4.2,0.675],"pivot":[3.01719,22.86282,1.57186],"rotation":[-8.5,-21,16.25],"uv":{"north":{"uv":[25,127],"uv_size":[0.5,3.5]},"east":{"uv":[26,127],"uv_size":[0.5,3.5]},"south":{"uv":[27,127],"uv_size":[0.5,3.5]},"west":{"uv":[127,27],"uv_size":[0.5,3.5]},"up":{"uv":[153,35],"uv_size":[0.5,0.5]},"down":{"uv":[36,153.5],"uv_size":[0.5,-0.5]}}},{"origin":[3.12269,17.92008,-0.17612],"size":[0.475,4.7,1.475],"pivot":[3.25373,22.79388,0.93003],"rotation":[0,-21,16.25],"uv":{"north":{"uv":[14,119],"uv_size":[0.5,4.5]},"east":{"uv":[59,86],"uv_size":[1.5,4.5]},"south":{"uv":[17,119],"uv_size":[0.5,4.5]},"west":{"uv":[61,86],"uv_size":[1.5,4.5]},"up":{"uv":[70,145],"uv_size":[0.5,1.5]},"down":{"uv":[71,146.5],"uv_size":[0.5,-1.5]}}},{"origin":[3.50091,22.47559,-0.09454],"size":[0.35,1.4,0.4],"pivot":[3.7,23.825,0.825],"rotation":[0,-21,11.5],"uv":{"north":{"uv":[145,72],"uv_size":[0.5,1.5]},"east":{"uv":[74,145],"uv_size":[0.5,1.5]},"south":{"uv":[145,74],"uv_size":[0.5,1.5]},"west":{"uv":[75,145],"uv_size":[0.5,1.5]},"up":{"uv":[153,36],"uv_size":[0.5,0.5]},"down":{"uv":[37,153.5],"uv_size":[0.5,-0.5]}}},{"origin":[3.50091,22.47559,0.30546],"size":[0.35,1.05,0.4],"pivot":[3.7,23.825,0.825],"rotation":[0,-21,11.5],"uv":{"north":{"uv":[149,106],"uv_size":[0.5,1]},"east":{"uv":[107,149],"uv_size":[0.5,1]},"south":{"uv":[149,107],"uv_size":[0.5,1]},"west":{"uv":[108,149],"uv_size":[0.5,1]},"up":{"uv":[153,37],"uv_size":[0.5,0.5]},"down":{"uv":[38,153.5],"uv_size":[0.5,-0.5]}}},{"origin":[3.50091,22.47559,0.70546],"size":[0.35,0.7,0.425],"pivot":[3.7,23.825,0.825],"rotation":[0,-21,11.5],"uv":{"north":{"uv":[153,38],"uv_size":[0.5,0.5]},"east":{"uv":[39,153],"uv_size":[0.5,0.5]},"south":{"uv":[153,39],"uv_size":[0.5,0.5]},"west":{"uv":[40,153],"uv_size":[0.5,0.5]},"up":{"uv":[153,40],"uv_size":[0.5,0.5]},"down":{"uv":[41,153.5],"uv_size":[0.5,-0.5]}}},{"origin":[3.50091,22.47559,1.10546],"size":[0.35,0.35,0.425],"pivot":[3.7,23.825,0.825],"rotation":[0,-21,11.5],"uv":{"north":{"uv":[153,41],"uv_size":[0.5,0.5]},"east":{"uv":[42,153],"uv_size":[0.5,0.5]},"south":{"uv":[153,42],"uv_size":[0.5,0.5]},"west":{"uv":[43,153],"uv_size":[0.5,0.5]},"up":{"uv":[153,43],"uv_size":[0.5,0.5]},"down":{"uv":[44,153.5],"uv_size":[0.5,-0.5]}}},{"origin":[3.97012,22.94183,-1.58345],"size":[0.35,2.675,0.275],"pivot":[4.16921,26.2127,0.86731],"rotation":[49.5,-21,11.5],"uv":{"north":{"uv":[136,63],"uv_size":[0.5,2.5]},"east":{"uv":[136,66],"uv_size":[0.5,2.5]},"south":{"uv":[136,69],"uv_size":[0.5,2.5]},"west":{"uv":[136,72],"uv_size":[0.5,2.5]},"up":{"uv":[153,44],"uv_size":[0.5,0.5]},"down":{"uv":[45,153.5],"uv_size":[0.5,-0.5]}}}]},{"name":"RightArm","pivot":[-1.2,31.025,0],"cubes":[{"origin":[-3.45,22.575,-1.5],"size":[3.05,7,3],"uv":{"north":{"uv":[9,48],"uv_size":[3,7]},"east":{"uv":[12,48],"uv_size":[3,7]},"south":{"uv":[48,13],"uv_size":[3,7]},"west":{"uv":[15,48],"uv_size":[3,7]},"up":{"uv":[76,62],"uv_size":[3,3]},"down":{"uv":[76,68],"uv_size":[3,-3]}}},{"origin":[-3.25,21.675,-1.1],"size":[2.55,2,2.2],"uv":{"north":{"uv":[99,39],"uv_size":[2.5,2]},"east":{"uv":[104,45],"uv_size":[2,2]},"south":{"uv":[99,41],"uv_size":[2.5,2]},"west":{"uv":[46,104],"uv_size":[2,2]},"up":{"uv":[99,43],"uv_size":[2.5,2]},"down":{"uv":[99,50],"uv_size":[2.5,-2]}}},{"origin":[-3.3,21.625,-1.125],"size":[2.7,2.05,2.3],"uv":{"north":{"uv":[99,50],"uv_size":[2.5,2]},"east":{"uv":[99,52],"uv_size":[2.5,2]},"south":{"uv":[67,99],"uv_size":[2.5,2]},"west":{"uv":[70,99],"uv_size":[2.5,2]},"up":{"uv":[83,89],"uv_size":[2.5,2.5]},"down":{"uv":[86,91.5],"uv_size":[2.5,-2.5]}}}]},{"name":"RUHuBi","parent":"RightArm","pivot":[-1.2,31.025,0]},{"name":"RUHuBi1","parent":"RUHuBi","pivot":[-1.2,31.025,0],"cubes":[{"origin":[-3.5,28.55,-1.775],"size":[3.25,1.225,1.85],"pivot":[-1.875,29.2,0],"rotation":[7.5,0,0],"uv":{"north":{"uv":[108,109],"uv_size":[3.5,1]},"east":{"uv":[125,6],"uv_size":[2,1]},"south":{"uv":[110,6],"uv_size":[3.5,1]},"west":{"uv":[7,125],"uv_size":[2,1]},"up":{"uv":[85,70],"uv_size":[3.5,2]},"down":{"uv":[85,74],"uv_size":[3.5,-2]}}},{"origin":[-3.5,22.35,-0.075],"size":[3.25,1.625,1.675],"pivot":[-1.875,23,0],"rotation":[7.5,0,0],"uv":{"north":{"uv":[95,76],"uv_size":[3.5,1.5]},"east":{"uv":[119,0],"uv_size":[1.5,1.5]},"south":{"uv":[95,86],"uv_size":[3.5,1.5]},"west":{"uv":[119,18],"uv_size":[1.5,1.5]},"up":{"uv":[93,95],"uv_size":[3.5,1.5]},"down":{"uv":[96,1.5],"uv_size":[3.5,-1.5]}}},{"origin":[-3.5,22.35,-1.625],"size":[3.25,1.625,1.7],"pivot":[-1.875,23,0],"rotation":[-7.5,0,0],"uv":{"north":{"uv":[96,2],"uv_size":[3.5,1.5]},"east":{"uv":[119,20],"uv_size":[1.5,1.5]},"south":{"uv":[96,6],"uv_size":[3.5,1.5]},"west":{"uv":[119,22],"uv_size":[1.5,1.5]},"up":{"uv":[96,8],"uv_size":[3.5,1.5]},"down":{"uv":[96,15.5],"uv_size":[3.5,-1.5]}}},{"origin":[-3.5,28.55,-0.075],"size":[3.25,1.225,1.85],"pivot":[-1.875,29.2,0],"rotation":[-7.5,0,0],"uv":{"north":{"uv":[110,7],"uv_size":[3.5,1]},"east":{"uv":[125,7],"uv_size":[2,1]},"south":{"uv":[110,12],"uv_size":[3.5,1]},"west":{"uv":[9,125],"uv_size":[2,1]},"up":{"uv":[85,74],"uv_size":[3.5,2]},"down":{"uv":[85,78],"uv_size":[3.5,-2]}}},{"origin":[-3.5,22.4,-1.7],"size":[3.25,6.15,0.6],"uv":{"north":{"uv":[18,48],"uv_size":[3.5,6]},"east":{"uv":[78,113],"uv_size":[0.5,6]},"south":{"uv":[48,28],"uv_size":[3.5,6]},"west":{"uv":[79,113],"uv_size":[0.5,6]},"up":{"uv":[127,18],"uv_size":[3.5,0.5]},"down":{"uv":[127,21.5],"uv_size":[3.5,-0.5]}}},{"origin":[-3.5,22.4,1.1],"size":[3.25,6.15,0.6],"uv":{"north":{"uv":[48,34],"uv_size":[3.5,6]},"east":{"uv":[80,113],"uv_size":[0.5,6]},"south":{"uv":[48,46],"uv_size":[3.5,6]},"west":{"uv":[81,113],"uv_size":[0.5,6]},"up":{"uv":[127,22],"uv_size":[3.5,0.5]},"down":{"uv":[127,31.5],"uv_size":[3.5,-0.5]}}}]},{"name":"RUHuBi2","parent":"RUHuBi","pivot":[-1.2,31.025,0],"cubes":[{"origin":[-3.975,26.55,-1.8],"size":[2.75,3,3.6],"pivot":[-3.65,27.3875,0],"rotation":[0,0,6],"uv":{"north":{"uv":[76,73],"uv_size":[3,3]},"east":{"uv":[70,25],"uv_size":[3.5,3]},"south":{"uv":[76,76],"uv_size":[3,3]},"west":{"uv":[70,28],"uv_size":[3.5,3]},"up":{"uv":[59,70],"uv_size":[3,3.5]},"down":{"uv":[68,73.5],"uv_size":[3,-3.5]}}},{"origin":[-4.225,27.53937,-1.86283],"size":[0.5,2.125,1.95],"pivot":[-3.9375,29.05187,-0.83783],"rotation":[7.5,0,8],"uv":{"north":{"uv":[141,69],"uv_size":[0.5,2]},"east":{"uv":[49,104],"uv_size":[2,2]},"south":{"uv":[70,141],"uv_size":[0.5,2]},"west":{"uv":[104,49],"uv_size":[2,2]},"up":{"uv":[71,141],"uv_size":[0.5,2]},"down":{"uv":[141,73],"uv_size":[0.5,-2]}}},{"origin":[-4.225,27.53937,-0.08717],"size":[0.5,2.125,1.95],"pivot":[-3.9375,29.05187,0.83783],"rotation":[-7.5,0,8],"uv":{"north":{"uv":[141,73],"uv_size":[0.5,2]},"east":{"uv":[51,104],"uv_size":[2,2]},"south":{"uv":[74,141],"uv_size":[0.5,2]},"west":{"uv":[104,51],"uv_size":[2,2]},"up":{"uv":[141,75],"uv_size":[0.5,2]},"down":{"uv":[76,143],"uv_size":[0.5,-2]}}},{"origin":[-4.45,25.7428,-0.3367],"size":[0.425,2.35,1.35],"pivot":[-4.2375,26.9678,0.5383],"rotation":[-45,0,8],"uv":{"north":{"uv":[74,136],"uv_size":[0.5,2.5]},"east":{"uv":[58,108],"uv_size":[1.5,2.5]},"south":{"uv":[136,75],"uv_size":[0.5,2.5]},"west":{"uv":[108,73],"uv_size":[1.5,2.5]},"up":{"uv":[76,145],"uv_size":[0.5,1.5]},"down":{"uv":[145,79.5],"uv_size":[0.5,-1.5]}}},{"origin":[-4.45,25.7428,-1.0117],"size":[0.425,2.35,1.35],"pivot":[-4.2375,26.9678,-0.5367],"rotation":[45,0,8],"uv":{"north":{"uv":[76,136],"uv_size":[0.5,2.5]},"east":{"uv":[108,76],"uv_size":[1.5,2.5]},"south":{"uv":[77,136],"uv_size":[0.5,2.5]},"west":{"uv":[77,108],"uv_size":[1.5,2.5]},"up":{"uv":[79,145],"uv_size":[0.5,1.5]},"down":{"uv":[80,146.5],"uv_size":[0.5,-1.5]}}},{"origin":[-4.15,29.48223,-0.56754],"size":[0.525,0.825,1.95],"pivot":[-3.8375,29.89473,0.40746],"rotation":[-50.75,0,8],"uv":{"north":{"uv":[149,108],"uv_size":[0.5,1]},"east":{"uv":[11,125],"uv_size":[2,1]},"south":{"uv":[109,149],"uv_size":[0.5,1]},"west":{"uv":[13,125],"uv_size":[2,1]},"up":{"uv":[141,77],"uv_size":[0.5,2]},"down":{"uv":[79,143],"uv_size":[0.5,-2]}}},{"origin":[-4.15,29.47227,-1.39366],"size":[0.525,0.825,1.95],"pivot":[-3.8375,29.88477,-0.41866],"rotation":[50.75,0,8],"uv":{"north":{"uv":[149,109],"uv_size":[0.5,1]},"east":{"uv":[125,14],"uv_size":[2,1]},"south":{"uv":[110,149],"uv_size":[0.5,1]},"west":{"uv":[15,125],"uv_size":[2,1]},"up":{"uv":[141,79],"uv_size":[0.5,2]},"down":{"uv":[80,143],"uv_size":[0.5,-2]}}},{"origin":[-3.775,23.875,-1.8],"size":[1.075,2.675,3.6],"uv":{"north":{"uv":[116,59],"uv_size":[1,2.5]},"east":{"uv":[29,79],"uv_size":[3.5,2.5]},"south":{"uv":[60,116],"uv_size":[1,2.5]},"west":{"uv":[33,79],"uv_size":[3.5,2.5]},"up":{"uv":[96,109],"uv_size":[1,3.5]},"down":{"uv":[97,112.5],"uv_size":[1,-3.5]}}},{"origin":[-3.825,23.1,-1],"size":[1.125,1.6,2.075],"pivot":[-3.6625,24.85,0],"rotation":[30,0,0],"uv":{"north":{"uv":[17,132],"uv_size":[1,1.5]},"east":{"uv":[83,113],"uv_size":[2,1.5]},"south":{"uv":[18,132],"uv_size":[1,1.5]},"west":{"uv":[85,113],"uv_size":[2,1.5]},"up":{"uv":[17,125],"uv_size":[1,2]},"down":{"uv":[125,19],"uv_size":[1,-2]}}},{"origin":[-3.825,23.1,-1.075],"size":[1.125,1.6,2.1],"pivot":[-3.6625,24.85,0],"rotation":[-30,0,0],"uv":{"north":{"uv":[132,21],"uv_size":[1,1.5]},"east":{"uv":[87,113],"uv_size":[2,1.5]},"south":{"uv":[132,24],"uv_size":[1,1.5]},"west":{"uv":[113,87],"uv_size":[2,1.5]},"up":{"uv":[19,125],"uv_size":[1,2]},"down":{"uv":[125,21],"uv_size":[1,-2]}}},{"origin":[-3.975,27.3,-1.8],"size":[2.75,2.475,3.6],"pivot":[-3.65,27.2875,0],"rotation":[0,0,67.75],"uv":{"north":{"uv":[82,70],"uv_size":[3,2.5]},"east":{"uv":[37,79],"uv_size":[3.5,2.5]},"south":{"uv":[82,81],"uv_size":[3,2.5]},"west":{"uv":[79,37],"uv_size":[3.5,2.5]},"up":{"uv":[0,71],"uv_size":[3,3.5]},"down":{"uv":[3,74.5],"uv_size":[3,-3.5]}}},{"origin":[-4.1,25.14917,-0.14156],"size":[0.6,2.35,1.275],"pivot":[-3.825,26.29917,0.45844],"rotation":[-50,0,6],"uv":{"north":{"uv":[78,136],"uv_size":[0.5,2.5]},"east":{"uv":[108,81],"uv_size":[1.5,2.5]},"south":{"uv":[136,78],"uv_size":[0.5,2.5]},"west":{"uv":[83,108],"uv_size":[1.5,2.5]},"up":{"uv":[81,145],"uv_size":[0.5,1.5]},"down":{"uv":[145,82.5],"uv_size":[0.5,-1.5]}}},{"origin":[-4.1,25.1197,-1.14301],"size":[0.6,2.375,1.275],"pivot":[-3.825,26.3072,-0.46801],"rotation":[50,0,6],"uv":{"north":{"uv":[79,136],"uv_size":[0.5,2.5]},"east":{"uv":[108,84],"uv_size":[1.5,2.5]},"south":{"uv":[80,136],"uv_size":[0.5,2.5]},"west":{"uv":[85,108],"uv_size":[1.5,2.5]},"up":{"uv":[82,145],"uv_size":[0.5,1.5]},"down":{"uv":[145,84.5],"uv_size":[0.5,-1.5]}}},{"origin":[-3.5,23.975,-1.125],"size":[3.25,4.6,2.25],"uv":{"north":{"uv":[96,2],"uv_size":[3.5,1.5]},"east":{"uv":[119,20],"uv_size":[1.5,1.5]},"south":{"uv":[96,6],"uv_size":[3.5,1.5]},"west":{"uv":[119,22],"uv_size":[1.5,1.5]},"up":{"uv":[96,8],"uv_size":[3.5,1.5]},"down":{"uv":[96,15.5],"uv_size":[3.5,-1.5]}}}]},{"name":"RUHuBi3","parent":"RUHuBi","pivot":[-1.2,31.025,0],"cubes":[{"origin":[-3.975,26.55,-1.8],"size":[2.75,3,3.6],"pivot":[-3.65,27.3875,0],"rotation":[0,0,6],"uv":{"north":{"uv":[77,0],"uv_size":[3,3]},"east":{"uv":[70,47],"uv_size":[3.5,3]},"south":{"uv":[77,3],"uv_size":[3,3]},"west":{"uv":[70,59],"uv_size":[3.5,3]},"up":{"uv":[71,11],"uv_size":[3,3.5]},"down":{"uv":[18,74.5],"uv_size":[3,-3.5]}}},{"origin":[-4.225,27.53937,-1.86283],"size":[0.5,2.125,1.95],"pivot":[-3.9375,29.05187,-0.83783],"rotation":[7.5,0,8],"uv":{"north":{"uv":[141,81],"uv_size":[0.5,2]},"east":{"uv":[55,104],"uv_size":[2,2]},"south":{"uv":[141,83],"uv_size":[0.5,2]},"west":{"uv":[58,104],"uv_size":[2,2]},"up":{"uv":[85,141],"uv_size":[0.5,2]},"down":{"uv":[141,87],"uv_size":[0.5,-2]}}},{"origin":[-4.225,27.53937,-0.08717],"size":[0.5,2.125,1.95],"pivot":[-3.9375,29.05187,0.83783],"rotation":[-7.5,0,8],"uv":{"north":{"uv":[86,141],"uv_size":[0.5,2]},"east":{"uv":[60,104],"uv_size":[2,2]},"south":{"uv":[141,87],"uv_size":[0.5,2]},"west":{"uv":[67,104],"uv_size":[2,2]},"up":{"uv":[89,141],"uv_size":[0.5,2]},"down":{"uv":[141,91],"uv_size":[0.5,-2]}}},{"origin":[-4.45,25.7428,-0.3117],"size":[0.425,2.325,1.325],"pivot":[-4.2375,26.9678,0.5383],"rotation":[-44,0,8],"uv":{"north":{"uv":[136,81],"uv_size":[0.5,2.5]},"east":{"uv":[89,108],"uv_size":[1.5,2.5]},"south":{"uv":[82,136],"uv_size":[0.5,2.5]},"west":{"uv":[108,91],"uv_size":[1.5,2.5]},"up":{"uv":[85,145],"uv_size":[0.5,1.5]},"down":{"uv":[86,146.5],"uv_size":[0.5,-1.5]}}},{"origin":[-4.45,25.7678,-1.0117],"size":[0.425,2.3,1.325],"pivot":[-4.2375,26.9678,-0.5367],"rotation":[44,0,8],"uv":{"north":{"uv":[83,136],"uv_size":[0.5,2.5]},"east":{"uv":[93,108],"uv_size":[1.5,2.5]},"south":{"uv":[84,136],"uv_size":[0.5,2.5]},"west":{"uv":[108,94],"uv_size":[1.5,2.5]},"up":{"uv":[89,145],"uv_size":[0.5,1.5]},"down":{"uv":[145,90.5],"uv_size":[0.5,-1.5]}}},{"origin":[-4.15,29.48223,-0.56754],"size":[0.525,0.825,1.95],"pivot":[-3.8375,29.89473,0.40746],"rotation":[-50.75,0,8],"uv":{"north":{"uv":[149,110],"uv_size":[0.5,1]},"east":{"uv":[20,125],"uv_size":[2,1]},"south":{"uv":[111,149],"uv_size":[0.5,1]},"west":{"uv":[125,21],"uv_size":[2,1]},"up":{"uv":[91,141],"uv_size":[0.5,2]},"down":{"uv":[92,143],"uv_size":[0.5,-2]}}},{"origin":[-4.15,29.47227,-1.39366],"size":[0.525,0.825,1.95],"pivot":[-3.8375,29.88477,-0.41866],"rotation":[50.75,0,8],"uv":{"north":{"uv":[149,111],"uv_size":[0.5,1]},"east":{"uv":[22,125],"uv_size":[2,1]},"south":{"uv":[112,149],"uv_size":[0.5,1]},"west":{"uv":[125,22],"uv_size":[2,1]},"up":{"uv":[93,141],"uv_size":[0.5,2]},"down":{"uv":[141,95],"uv_size":[0.5,-2]}}},{"origin":[-3.775,23.875,-1.8],"size":[1.075,2.675,3.6],"uv":{"north":{"uv":[61,116],"uv_size":[1,2.5]},"east":{"uv":[41,79],"uv_size":[3.5,2.5]},"south":{"uv":[62,116],"uv_size":[1,2.5]},"west":{"uv":[45,79],"uv_size":[3.5,2.5]},"up":{"uv":[0,110],"uv_size":[1,3.5]},"down":{"uv":[1,113.5],"uv_size":[1,-3.5]}}},{"origin":[-3.825,23.1,-1],"size":[1.125,1.6,2.075],"pivot":[-3.6625,24.85,0],"rotation":[30,0,0],"uv":{"north":{"uv":[132,29],"uv_size":[1,1.5]},"east":{"uv":[89,113],"uv_size":[2,1.5]},"south":{"uv":[30,132],"uv_size":[1,1.5]},"west":{"uv":[113,89],"uv_size":[2,1.5]},"up":{"uv":[125,23],"uv_size":[1,2]},"down":{"uv":[24,127],"uv_size":[1,-2]}}},{"origin":[-3.825,23.1,-1.075],"size":[1.125,1.6,2.1],"pivot":[-3.6625,24.85,0],"rotation":[-30,0,0],"uv":{"north":{"uv":[132,31],"uv_size":[1,1.5]},"east":{"uv":[91,113],"uv_size":[2,1.5]},"south":{"uv":[132,35],"uv_size":[1,1.5]},"west":{"uv":[93,113],"uv_size":[2,1.5]},"up":{"uv":[25,125],"uv_size":[1,2]},"down":{"uv":[125,27],"uv_size":[1,-2]}}},{"origin":[-3.975,27.3,-1.8],"size":[2.75,2.475,3.6],"pivot":[-3.65,27.2875,0],"rotation":[0,0,67.75],"uv":{"north":{"uv":[0,83],"uv_size":[3,2.5]},"east":{"uv":[49,79],"uv_size":[3.5,2.5]},"south":{"uv":[6,83],"uv_size":[3,2.5]},"west":{"uv":[53,79],"uv_size":[3.5,2.5]},"up":{"uv":[21,71],"uv_size":[3,3.5]},"down":{"uv":[24,74.5],"uv_size":[3,-3.5]}}},{"origin":[-4.1,25.57417,-0.14156],"size":[0.6,1.65,1.375],"pivot":[-3.825,25.97417,0.45844],"rotation":[-34,0,6],"uv":{"north":{"uv":[136,84],"uv_size":[0.5,2.5]},"east":{"uv":[98,108],"uv_size":[1.5,2.5]},"south":{"uv":[85,136],"uv_size":[0.5,2.5]},"west":{"uv":[108,98],"uv_size":[1.5,2.5]},"up":{"uv":[91,145],"uv_size":[0.5,1.5]},"down":{"uv":[145,92.5],"uv_size":[0.5,-1.5]}}},{"origin":[-4.1,24.4447,-1.24301],"size":[0.6,2.7,1.275],"pivot":[-3.825,25.9572,-0.56801],"rotation":[34,0,6],"uv":{"north":{"uv":[136,87],"uv_size":[0.5,2.5]},"east":{"uv":[108,103],"uv_size":[1.5,2.5]},"south":{"uv":[90,136],"uv_size":[0.5,2.5]},"west":{"uv":[104,108],"uv_size":[1.5,2.5]},"up":{"uv":[145,93],"uv_size":[0.5,1.5]},"down":{"uv":[94,146.5],"uv_size":[0.5,-1.5]}}},{"origin":[-4.1,24.17417,0.75844],"size":[0.6,1.475,0.475],"pivot":[-3.825,25.97417,0.45844],"rotation":[-34,0,6],"uv":{"north":{"uv":[95,145],"uv_size":[0.5,1.5]},"east":{"uv":[145,95],"uv_size":[0.5,1.5]},"south":{"uv":[96,145],"uv_size":[0.5,1.5]},"west":{"uv":[97,145],"uv_size":[0.5,1.5]},"up":{"uv":[153,45],"uv_size":[0.5,0.5]},"down":{"uv":[46,153.5],"uv_size":[0.5,-0.5]}}},{"origin":[-3.5,23.975,-1.125],"size":[3.25,4.6,2.25],"uv":{"north":{"uv":[96,2],"uv_size":[3.5,1.5]},"east":{"uv":[119,20],"uv_size":[1.5,1.5]},"south":{"uv":[96,6],"uv_size":[3.5,1.5]},"west":{"uv":[119,22],"uv_size":[1.5,1.5]},"up":{"uv":[96,8],"uv_size":[3.5,1.5]},"down":{"uv":[96,15.5],"uv_size":[3.5,-1.5]}}}]},{"name":"RightForeArm2","parent":"RightArm","pivot":[-1.925,25.075,0.025],"cubes":[{"origin":[-3.425,15.575,-1.475],"size":[3,7,3],"uv":{"north":{"uv":[50,0],"uv_size":[3,7]},"east":{"uv":[51,7],"uv_size":[3,7]},"south":{"uv":[51,14],"uv_size":[3,7]},"west":{"uv":[52,21],"uv_size":[3,7]},"up":{"uv":[6,77],"uv_size":[3,3]},"down":{"uv":[77,14],"uv_size":[3,-3]}}}]},{"name":"RightHand","parent":"RightForeArm2","pivot":[-1.925,19.575,0.025]},{"name":"RightHandLocator2","parent":"RightHand","pivot":[-1.925,19.575,0.025]},{"name":"RDHubi","parent":"RightForeArm2","pivot":[-1.925,25.075,0.025]},{"name":"RHuBiJian","parent":"RDHubi","pivot":[-3.6,25.05,0.025],"rotation":[0,0,10.25]},{"name":"RHuBiJian1","parent":"RHuBiJian","pivot":[-3.6,25.05,0.025],"cubes":[{"origin":[-4.32012,22.96683,-1.58345],"size":[0.4,2.65,0.275],"pivot":[-4.16921,26.2127,0.86731],"rotation":[49.5,21,-11.5],"uv":{"north":{"uv":[136,90],"uv_size":[0.5,2.5]},"east":{"uv":[91,136],"uv_size":[0.5,2.5]},"south":{"uv":[92,136],"uv_size":[0.5,2.5]},"west":{"uv":[136,93],"uv_size":[0.5,2.5]},"up":{"uv":[153,46],"uv_size":[0.5,0.5]},"down":{"uv":[47,153.5],"uv_size":[0.5,-0.5]}}},{"origin":[-4.31765,22.96345,1.36593],"size":[0.325,2.45,0.275],"pivot":[-4.16674,26.23432,-0.83483],"rotation":[-49.5,-21,-11.5],"uv":{"north":{"uv":[97,136],"uv_size":[0.5,2.5]},"east":{"uv":[98,136],"uv_size":[0.5,2.5]},"south":{"uv":[99,136],"uv_size":[0.5,2.5]},"west":{"uv":[101,136],"uv_size":[0.5,2.5]},"up":{"uv":[153,47],"uv_size":[0.5,0.5]},"down":{"uv":[48,153.5],"uv_size":[0.5,-0.5]}}},{"origin":[-3.85091,22.47559,-1.48046],"size":[0.325,0.35,0.4],"pivot":[-3.7,23.825,-0.775],"rotation":[0,-21,-11.5],"uv":{"north":{"uv":[153,48],"uv_size":[0.5,0.5]},"east":{"uv":[49,153],"uv_size":[0.5,0.5]},"south":{"uv":[153,49],"uv_size":[0.5,0.5]},"west":{"uv":[50,153],"uv_size":[0.5,0.5]},"up":{"uv":[153,50],"uv_size":[0.5,0.5]},"down":{"uv":[51,153.5],"uv_size":[0.5,-0.5]}}},{"origin":[-3.85091,22.47559,1.10546],"size":[0.325,0.35,0.425],"pivot":[-3.7,23.825,0.825],"rotation":[0,21,-11.5],"uv":{"north":{"uv":[153,51],"uv_size":[0.5,0.5]},"east":{"uv":[52,153],"uv_size":[0.5,0.5]},"south":{"uv":[153,52],"uv_size":[0.5,0.5]},"west":{"uv":[53,153],"uv_size":[0.5,0.5]},"up":{"uv":[153,53],"uv_size":[0.5,0.5]},"down":{"uv":[54,153.5],"uv_size":[0.5,-0.5]}}},{"origin":[-3.08396,19.24365,-1.62413],"size":[0.35,4,0.55],"pivot":[-2.715,21.73899,-1.46518],"rotation":[9,-21,-16.25],"uv":{"north":{"uv":[37,132],"uv_size":[0.5,3]},"east":{"uv":[132,37],"uv_size":[0.5,3]},"south":{"uv":[38,132],"uv_size":[0.5,3]},"west":{"uv":[39,132],"uv_size":[0.5,3]},"up":{"uv":[153,54],"uv_size":[0.5,0.5]},"down":{"uv":[55,153.5],"uv_size":[0.5,-0.5]}}},{"origin":[-3.85091,22.47559,-0.25546],"size":[0.325,1.4,0.4],"pivot":[-3.7,23.825,-0.775],"rotation":[0,-21,-11.5],"uv":{"north":{"uv":[99,145],"uv_size":[0.5,1.5]},"east":{"uv":[100,145],"uv_size":[0.5,1.5]},"south":{"uv":[145,100],"uv_size":[0.5,1.5]},"west":{"uv":[145,102],"uv_size":[0.5,1.5]},"up":{"uv":[153,55],"uv_size":[0.5,0.5]},"down":{"uv":[56,153.5],"uv_size":[0.5,-0.5]}}},{"origin":[-3.85091,22.47559,-0.65546],"size":[0.325,1.05,0.4],"pivot":[-3.7,23.825,-0.775],"rotation":[0,-21,-11.5],"uv":{"north":{"uv":[149,112],"uv_size":[0.5,1]},"east":{"uv":[113,149],"uv_size":[0.5,1]},"south":{"uv":[149,113],"uv_size":[0.5,1]},"west":{"uv":[114,149],"uv_size":[0.5,1]},"up":{"uv":[153,56],"uv_size":[0.5,0.5]},"down":{"uv":[57,153.5],"uv_size":[0.5,-0.5]}}},{"origin":[-3.85091,22.47559,-1.08046],"size":[0.325,0.7,0.425],"pivot":[-3.7,23.825,-0.775],"rotation":[0,-21,-11.5],"uv":{"north":{"uv":[153,57],"uv_size":[0.5,0.5]},"east":{"uv":[58,153],"uv_size":[0.5,0.5]},"south":{"uv":[153,58],"uv_size":[0.5,0.5]},"west":{"uv":[59,153],"uv_size":[0.5,0.5]},"up":{"uv":[153,59],"uv_size":[0.5,0.5]},"down":{"uv":[60,153.5],"uv_size":[0.5,-0.5]}}},{"origin":[-3.59769,17.92008,-0.17612],"size":[0.475,4.7,1.475],"pivot":[-3.25373,22.79388,0.93003],"rotation":[0,21,-16.25],"uv":{"north":{"uv":[18,119],"uv_size":[0.5,4.5]},"east":{"uv":[63,86],"uv_size":[1.5,4.5]},"south":{"uv":[32,119],"uv_size":[0.5,4.5]},"west":{"uv":[65,86],"uv_size":[1.5,4.5]},"up":{"uv":[103,145],"uv_size":[0.5,1.5]},"down":{"uv":[104,146.5],"uv_size":[0.5,-1.5]}}},{"origin":[-3.85091,22.47559,-0.09454],"size":[0.325,1.4,0.4],"pivot":[-3.7,23.825,0.825],"rotation":[0,21,-11.5],"uv":{"north":{"uv":[145,104],"uv_size":[0.5,1.5]},"east":{"uv":[105,145],"uv_size":[0.5,1.5]},"south":{"uv":[106,145],"uv_size":[0.5,1.5]},"west":{"uv":[145,106],"uv_size":[0.5,1.5]},"up":{"uv":[153,60],"uv_size":[0.5,0.5]},"down":{"uv":[61,153.5],"uv_size":[0.5,-0.5]}}},{"origin":[-3.85091,22.47559,0.30546],"size":[0.325,1.05,0.4],"pivot":[-3.7,23.825,0.825],"rotation":[0,21,-11.5],"uv":{"north":{"uv":[149,114],"uv_size":[0.5,1]},"east":{"uv":[115,149],"uv_size":[0.5,1]},"south":{"uv":[149,115],"uv_size":[0.5,1]},"west":{"uv":[116,149],"uv_size":[0.5,1]},"up":{"uv":[153,61],"uv_size":[0.5,0.5]},"down":{"uv":[62,153.5],"uv_size":[0.5,-0.5]}}},{"origin":[-3.85091,22.47559,0.70546],"size":[0.325,0.7,0.425],"pivot":[-3.7,23.825,0.825],"rotation":[0,21,-11.5],"uv":{"north":{"uv":[153,62],"uv_size":[0.5,0.5]},"east":{"uv":[63,153],"uv_size":[0.5,0.5]},"south":{"uv":[153,63],"uv_size":[0.5,0.5]},"west":{"uv":[64,153],"uv_size":[0.5,0.5]},"up":{"uv":[153,64],"uv_size":[0.5,0.5]},"down":{"uv":[65,153.5],"uv_size":[0.5,-0.5]}}},{"origin":[-3.38615,19.07748,1.22174],"size":[0.425,4.125,0.65],"pivot":[-3.01719,22.91282,1.59686],"rotation":[-8.5,21,-16.25],"uv":{"north":{"uv":[28,127],"uv_size":[0.5,3.5]},"east":{"uv":[29,127],"uv_size":[0.5,3.5]},"south":{"uv":[127,43],"uv_size":[0.5,3.5]},"west":{"uv":[45,127],"uv_size":[0.5,3.5]},"up":{"uv":[153,65],"uv_size":[0.5,0.5]},"down":{"uv":[66,153.5],"uv_size":[0.5,-0.5]}}},{"origin":[-3.59769,17.92008,-1.27388],"size":[0.475,4.7,1.5],"pivot":[-3.25373,22.79388,-0.88003],"rotation":[0,-21,-16.25],"uv":{"north":{"uv":[33,119],"uv_size":[0.5,4.5]},"east":{"uv":[69,86],"uv_size":[1.5,4.5]},"south":{"uv":[34,119],"uv_size":[0.5,4.5]},"west":{"uv":[71,86],"uv_size":[1.5,4.5]},"up":{"uv":[107,145],"uv_size":[0.5,1.5]},"down":{"uv":[108,146.5],"uv_size":[0.5,-1.5]}}}]},{"name":"RDHuBi1","parent":"RDHubi","pivot":[-1.925,25.075,0.025],"cubes":[{"origin":[-2.32673,15.1446,1.82937],"size":[0.8,2.675,0.825],"pivot":[-1.92673,16.5196,2.40437],"rotation":[22.29142,-0.0597,0.01526],"uv":{"north":{"uv":[116,62],"uv_size":[1,2.5]},"east":{"uv":[70,116],"uv_size":[1,2.5]},"south":{"uv":[77,116],"uv_size":[1,2.5]},"west":{"uv":[116,82],"uv_size":[1,2.5]},"up":{"uv":[94,141],"uv_size":[1,1]},"down":{"uv":[95,142],"uv_size":[1,-1]}}},{"origin":[-2.32717,11.89023,1.61322],"size":[0.8,3.075,0.8],"pivot":[-1.92717,15.00273,2.43822],"rotation":[-99.95858,-0.0597,0.01526],"uv":{"north":{"uv":[95,113],"uv_size":[1,3]},"east":{"uv":[96,113],"uv_size":[1,3]},"south":{"uv":[97,113],"uv_size":[1,3]},"west":{"uv":[98,113],"uv_size":[1,3]},"up":{"uv":[141,95],"uv_size":[1,1]},"down":{"uv":[96,142],"uv_size":[1,-1]}}},{"origin":[-3.42901,17.86064,-1.70064],"size":[3.2,4.65,0.725],"pivot":[-1.975,20.375,-1.675],"rotation":[4.70771,-0.18524,-0.10786],"uv":{"north":{"uv":[45,64],"uv_size":[3,4.5]},"east":{"uv":[40,119],"uv_size":[0.5,4.5]},"south":{"uv":[48,64],"uv_size":[3,4.5]},"west":{"uv":[41,119],"uv_size":[0.5,4.5]},"up":{"uv":[132,9],"uv_size":[3,0.5]},"down":{"uv":[132,26.5],"uv_size":[3,-0.5]}}},{"origin":[-3.52957,17.86285,-1.67401],"size":[0.2,4.65,0.4],"pivot":[-3.425,20.20204,-1.64838],"rotation":[4.6823,0.74643,-2.2889],"uv":{"north":{"uv":[49,119],"uv_size":[0.5,4.5]},"east":{"uv":[55,119],"uv_size":[0.5,4.5]},"south":{"uv":[56,119],"uv_size":[0.5,4.5]},"west":{"uv":[59,119],"uv_size":[0.5,4.5]},"up":{"uv":[153,66],"uv_size":[0.5,0.5]},"down":{"uv":[67,153.5],"uv_size":[0.5,-0.5]}}},{"origin":[-3.425,17.85,1.2],"size":[3.2,4.675,0.55],"pivot":[-1.975,20.375,1.725],"rotation":[-4.70858,-0.0597,0.01526],"uv":{"north":{"uv":[65,0],"uv_size":[3,4.5]},"east":{"uv":[119,59],"uv_size":[0.5,4.5]},"south":{"uv":[65,5],"uv_size":[3,4.5]},"west":{"uv":[60,119],"uv_size":[0.5,4.5]},"up":{"uv":[132,33],"uv_size":[3,0.5]},"down":{"uv":[132,42.5],"uv_size":[3,-0.5]}}},{"origin":[-3.425,17.85,1.65],"size":[3.2,4.675,0.825],"pivot":[-1.975,20.375,1.725],"rotation":[-4.70858,-0.0597,0.01526],"uv":{"north":{"uv":[65,10],"uv_size":[3,4.5]},"east":{"uv":[28,100],"uv_size":[1,4.5]},"south":{"uv":[65,62],"uv_size":[3,4.5]},"west":{"uv":[29,100],"uv_size":[1,4.5]},"up":{"uv":[113,80],"uv_size":[3,1]},"down":{"uv":[113,98],"uv_size":[3,-1]}}},{"origin":[-3.12608,17.13582,1.31954],"size":[2.4,0.85,0.875],"pivot":[-1.92608,16.34832,1.73204],"rotation":[1.79142,-0.0597,0.01526],"uv":{"north":{"uv":[116,46],"uv_size":[2.5,1]},"east":{"uv":[141,96],"uv_size":[1,1]},"south":{"uv":[116,48],"uv_size":[2.5,1]},"west":{"uv":[97,141],"uv_size":[1,1]},"up":{"uv":[116,49],"uv_size":[2.5,1]},"down":{"uv":[116,66],"uv_size":[2.5,-1]}}},{"origin":[-3.525,17.85204,1.49838],"size":[0.2,4.675,0.225],"pivot":[-3.425,20.20204,1.69838],"rotation":[-4.72109,0.27335,-2.03957],"uv":{"north":{"uv":[61,119],"uv_size":[0.5,4.5]},"east":{"uv":[62,119],"uv_size":[0.5,4.5]},"south":{"uv":[70,119],"uv_size":[0.5,4.5]},"west":{"uv":[77,119],"uv_size":[0.5,4.5]},"up":{"uv":[153,67],"uv_size":[0.5,0.5]},"down":{"uv":[68,153.5],"uv_size":[0.5,-0.5]}}},{"origin":[-0.45357,17.92667,-1.20368],"size":[0.25,4.575,2.6],"pivot":[-1.80357,20.21417,0.10882],"rotation":[-0.29226,0.06224,-0.04248],"uv":{"north":{"uv":[78,119],"uv_size":[0.5,4.5]},"east":{"uv":[32,67],"uv_size":[2.5,4.5]},"south":{"uv":[79,119],"uv_size":[0.5,4.5]},"west":{"uv":[35,67],"uv_size":[2.5,4.5]},"up":{"uv":[102,136],"uv_size":[0.5,2.5]},"down":{"uv":[103,138.5],"uv_size":[0.5,-2.5]}}}]}]}]}