{
	"format_version": "1.12.0",
	"minecraft:geometry": [
		{
			"description": {
				"identifier": "geometry.unknown",
				"texture_width": 256,
				"texture_height": 256,
				"visible_bounds_width": 19,
				"visible_bounds_height": 17,
				"visible_bounds_offset": [0, 0.5, 0]
			},
			"bones": [
				{
					"name": "Arm",
					"pivot": [-0.2, 29.1, 0]
				},
				{
					"name": "LeftArm",
					"parent": "Arm",
					"pivot": [2.25, 32, 0],
					"cubes": [
						{
							"origin": [1.75, 29, -0.5],
							"size": [1, 3, 1],
							"uv": {
								"north": {"uv": [111, 46], "uv_size": [1, 3]},
								"east": {"uv": [111, 50], "uv_size": [1, 3]},
								"south": {"uv": [51, 111], "uv_size": [1, 3]},
								"west": {"uv": [111, 54], "uv_size": [1, 3]},
								"up": {"uv": [40, 101], "uv_size": [1, 1]},
								"down": {"uv": [80, 102], "uv_size": [1, -1]}
							}
						},
						{
							"origin": [1.25, 26.25, -0.875],
							"size": [2, 3, 1.5],
							"uv": {
								"north": {"uv": [41, 86], "uv_size": [2, 3]},
								"east": {"uv": [50, 97], "uv_size": [1.5, 3]},
								"south": {"uv": [52, 86], "uv_size": [2, 3]},
								"west": {"uv": [53, 97], "uv_size": [1.5, 3]},
								"up": {"uv": [111, 58], "uv_size": [2, 1.5]},
								"down": {"uv": [111, 65.5], "uv_size": [2, -1.5]}
							}
						},
						{
							"origin": [0.25, 25.25, -1.125],
							"size": [4, 2, 2],
							"inflate": 0.0625,
							"uv": {
								"north": {"uv": [70, 33], "uv_size": [4, 2]},
								"east": {"uv": [103, 82], "uv_size": [2, 2]},
								"south": {"uv": [35, 70], "uv_size": [4, 2]},
								"west": {"uv": [83, 103], "uv_size": [2, 2]},
								"up": {"uv": [40, 70], "uv_size": [4, 2]},
								"down": {"uv": [70, 65], "uv_size": [4, -2]}
							}
						},
						{
							"origin": [1.25, 31, -1],
							"size": [2, 2, 2],
							"inflate": 0.0625,
							"uv": {
								"north": {"uv": [29, 103], "uv_size": [2, 2]},
								"east": {"uv": [103, 30], "uv_size": [2, 2]},
								"south": {"uv": [40, 103], "uv_size": [2, 2]},
								"west": {"uv": [103, 47], "uv_size": [2, 2]},
								"up": {"uv": [103, 65], "uv_size": [2, 2]},
								"down": {"uv": [80, 105], "uv_size": [2, -2]}
							}
						}
					]
				},
				{
					"name": "LeftForeArm",
					"parent": "LeftArm",
					"pivot": [2.25, 26.25, 0],
					"cubes": [
						{
							"origin": [1.25, 18.5, -1.25],
							"size": [2, 7, 2.25],
							"uv": {
								"north": {"uv": [19, 42], "uv_size": [2, 7]},
								"east": {"uv": [31, 28], "uv_size": [2.5, 7]},
								"south": {"uv": [22, 42], "uv_size": [2, 7]},
								"west": {"uv": [0, 32], "uv_size": [2.5, 7]},
								"up": {"uv": [53, 93], "uv_size": [2, 2.5]},
								"down": {"uv": [60, 95.5], "uv_size": [2, -2.5]}
							}
						},
						{
							"origin": [3.375, 16.5, -0.5],
							"size": [0.75, 9, 0.75],
							"uv": {
								"north": {"uv": [10, 64], "uv_size": [1, 9]},
								"east": {"uv": [12, 64], "uv_size": [1, 9]},
								"south": {"uv": [14, 64], "uv_size": [1, 9]},
								"west": {"uv": [16, 64], "uv_size": [1, 9]},
								"up": {"uv": [9, 102], "uv_size": [1, 1]},
								"down": {"uv": [35, 103], "uv_size": [1, -1]}
							}
						},
						{
							"origin": [0.875, 16.5, -0.5],
							"size": [2.75, 1, 0.75],
							"inflate": -0.125,
							"uv": {
								"north": {"uv": [111, 30], "uv_size": [3, 1]},
								"east": {"uv": [57, 102], "uv_size": [1, 1]},
								"south": {"uv": [111, 67], "uv_size": [3, 1]},
								"west": {"uv": [92, 138], "uv_size": [1, 1]},
								"up": {"uv": [111, 69], "uv_size": [3, 1]},
								"down": {"uv": [111, 72], "uv_size": [3, -1]}
							}
						},
						{
							"origin": [0.375, 16.5, -0.5],
							"size": [0.75, 9, 0.75],
							"uv": {
								"north": {"uv": [18, 64], "uv_size": [1, 9]},
								"east": {"uv": [29, 64], "uv_size": [1, 9]},
								"south": {"uv": [31, 64], "uv_size": [1, 9]},
								"west": {"uv": [33, 64], "uv_size": [1, 9]},
								"up": {"uv": [133, 138], "uv_size": [1, 1]},
								"down": {"uv": [86, 140], "uv_size": [1, -1]}
							}
						}
					]
				},
				{
					"name": "LeftHand",
					"parent": "LeftForeArm",
					"pivot": [2.25, 17.25, -0.125],
					"cubes": [
						{
							"origin": [1.25, 16.25, -1.875],
							"size": [2, 2, 3.5],
							"uv": {
								"north": {"uv": [103, 88], "uv_size": [2, 2]},
								"east": {"uv": [78, 60], "uv_size": [3.5, 2]},
								"south": {"uv": [103, 91], "uv_size": [2, 2]},
								"west": {"uv": [79, 31], "uv_size": [3.5, 2]},
								"up": {"uv": [79, 63], "uv_size": [2, 3.5]},
								"down": {"uv": [6, 83.5], "uv_size": [2, -3.5]}
							}
						}
					]
				},
				{
					"name": "LeftHandLocator",
					"parent": "LeftHand",
					"pivot": [2.275, 17.275, 0.05]
				},
				{
					"name": "RightArm",
					"parent": "Arm",
					"pivot": [-2.25, 32, 0],
					"cubes": [
						{
							"origin": [-2.75, 29, -0.5],
							"size": [1, 3, 1],
							"uv": {
								"north": {"uv": [10, 111], "uv_size": [1, 3]},
								"east": {"uv": [23, 111], "uv_size": [1, 3]},
								"south": {"uv": [25, 111], "uv_size": [1, 3]},
								"west": {"uv": [27, 111], "uv_size": [1, 3]},
								"up": {"uv": [92, 83], "uv_size": [1, 1]},
								"down": {"uv": [3, 99], "uv_size": [1, -1]}
							}
						},
						{
							"origin": [-3.25, 26.25, -0.875],
							"size": [2, 3, 1.5],
							"uv": {
								"north": {"uv": [35, 86], "uv_size": [2, 3]},
								"east": {"uv": [39, 97], "uv_size": [1.5, 3]},
								"south": {"uv": [38, 86], "uv_size": [2, 3]},
								"west": {"uv": [47, 97], "uv_size": [1.5, 3]},
								"up": {"uv": [32, 111], "uv_size": [2, 1.5]},
								"down": {"uv": [35, 112.5], "uv_size": [2, -1.5]}
							}
						},
						{
							"origin": [-4.25, 25.25, -1.125],
							"size": [4, 2, 2],
							"inflate": 0.0625,
							"uv": {
								"north": {"uv": [70, 19], "uv_size": [4, 2]},
								"east": {"uv": [102, 85], "uv_size": [2, 2]},
								"south": {"uv": [20, 70], "uv_size": [4, 2]},
								"west": {"uv": [102, 96], "uv_size": [2, 2]},
								"up": {"uv": [70, 27], "uv_size": [4, 2]},
								"down": {"uv": [70, 32], "uv_size": [4, -2]}
							}
						},
						{
							"origin": [-3.25, 31, -1],
							"size": [2, 2, 2],
							"inflate": 0.0625,
							"uv": {
								"north": {"uv": [102, 56], "uv_size": [2, 2]},
								"east": {"uv": [102, 59], "uv_size": [2, 2]},
								"south": {"uv": [102, 62], "uv_size": [2, 2]},
								"west": {"uv": [102, 71], "uv_size": [2, 2]},
								"up": {"uv": [102, 74], "uv_size": [2, 2]},
								"down": {"uv": [102, 81], "uv_size": [2, -2]}
							}
						}
					]
				},
				{
					"name": "RightForeArm",
					"parent": "RightArm",
					"pivot": [-2.25, 26.25, 0],
					"cubes": [
						{
							"origin": [-3.25, 18.5, -1.25],
							"size": [2, 7, 2.25],
							"uv": {
								"north": {"uv": [28, 37], "uv_size": [2, 7]},
								"east": {"uv": [23, 29], "uv_size": [2.5, 7]},
								"south": {"uv": [16, 42], "uv_size": [2, 7]},
								"west": {"uv": [27, 29], "uv_size": [2.5, 7]},
								"up": {"uv": [47, 93], "uv_size": [2, 2.5]},
								"down": {"uv": [50, 95.5], "uv_size": [2, -2.5]}
							}
						},
						{
							"origin": [-4.125, 16.5, -0.5],
							"size": [0.75, 9, 0.75],
							"uv": {
								"north": {"uv": [50, 62], "uv_size": [1, 9]},
								"east": {"uv": [52, 62], "uv_size": [1, 9]},
								"south": {"uv": [25, 63], "uv_size": [1, 9]},
								"west": {"uv": [27, 63], "uv_size": [1, 9]},
								"up": {"uv": [86, 98], "uv_size": [1, 1]},
								"down": {"uv": [37, 100], "uv_size": [1, -1]}
							}
						},
						{
							"origin": [-3.625, 16.5, -0.5],
							"size": [2.75, 1, 0.75],
							"inflate": -0.125,
							"uv": {
								"north": {"uv": [41, 14], "uv_size": [3, 1]},
								"east": {"uv": [6, 100], "uv_size": [1, 1]},
								"south": {"uv": [66, 27], "uv_size": [3, 1]},
								"west": {"uv": [32, 100], "uv_size": [1, 1]},
								"up": {"uv": [108, 80], "uv_size": [3, 1]},
								"down": {"uv": [111, 13], "uv_size": [3, -1]}
							}
						},
						{
							"origin": [-1.125, 16.5, -0.5],
							"size": [0.75, 9, 0.75],
							"uv": {
								"north": {"uv": [54, 63], "uv_size": [1, 9]},
								"east": {"uv": [56, 63], "uv_size": [1, 9]},
								"south": {"uv": [58, 63], "uv_size": [1, 9]},
								"west": {"uv": [60, 63], "uv_size": [1, 9]},
								"up": {"uv": [100, 85], "uv_size": [1, 1]},
								"down": {"uv": [100, 97], "uv_size": [1, -1]}
							}
						}
					]
				},
				{
					"name": "RightHand",
					"parent": "RightForeArm",
					"pivot": [-2.25, 17.25, -0.125],
					"cubes": [
						{
							"origin": [-3.25, 16.25, -1.875],
							"size": [2, 2, 3.5],
							"uv": {
								"north": {"uv": [3, 103], "uv_size": [2, 2]},
								"east": {"uv": [51, 78], "uv_size": [3.5, 2]},
								"south": {"uv": [103, 12], "uv_size": [2, 2]},
								"west": {"uv": [59, 78], "uv_size": [3.5, 2]},
								"up": {"uv": [26, 78], "uv_size": [2, 3.5]},
								"down": {"uv": [79, 5.5], "uv_size": [2, -3.5]}
							}
						}
					]
				},
				{
					"name": "BladeLocator",
					"parent": "RightHand",
					"pivot": [-2.275, 17.275, 0.05]
				},
				{
					"name": "RightHandLocator",
					"parent": "RightHand",
					"pivot": [-2.275, 17.275, 0.05]
				}
			]
		}
	]
}