{
	"format_version": "1.12.0",
	"minecraft:geometry": [
		{
			"description": {
				"identifier": "geometry.unknown",
				"texture_width": 2048,
				"texture_height": 2048,
				"visible_bounds_width": 4,
				"visible_bounds_height": 5,
				"visible_bounds_offset": [0, 1.5, 0]
			},
			"bones": [
				{
					"name": "RightArm",
					"pivot": [-1.3, 34.725, 1.25],
					"cubes": [
						{
							"origin": [-2.75, 28.575, -0.2],
							"size": [2.3, 7, 3.025],
							"uv": {
								"north": {"uv": [48, 504], "uv_size": [16, 56]},
								"east": {"uv": [376, 320], "uv_size": [24, 56]},
								"south": {"uv": [136, 512], "uv_size": [16, 56]},
								"west": {"uv": [376, 376], "uv_size": [24, 56]},
								"up": {"uv": [248, 656], "uv_size": [16, 24]},
								"down": {"uv": [264, 680], "uv_size": [16, -24]}
							}
						},
						{
							"origin": [-2.4, 27.625, 0.125],
							"size": [1.7, 2.05, 2.3],
							"uv": {
								"north": {"uv": [712, 0], "uv_size": [16, 16]},
								"east": {"uv": [16, 712], "uv_size": [16, 16]},
								"south": {"uv": [712, 160], "uv_size": [16, 16]},
								"west": {"uv": [712, 232], "uv_size": [16, 16]},
								"up": {"uv": [712, 344], "uv_size": [16, 16]},
								"down": {"uv": [712, 432], "uv_size": [16, -16]}
							}
						}
					]
				},
				{
					"name": "yiwu3",
					"parent": "RightArm",
					"pivot": [-0.9, 33.525, 1.25],
					"cubes": [
						{
							"origin": [-3.2, 27.4, -0.45],
							"size": [3.25, 4.8, 3.4],
							"uv": {
								"north": {"uv": [512, 328], "uv_size": [24, 40]},
								"east": {"uv": [512, 368], "uv_size": [24, 40]},
								"south": {"uv": [512, 408], "uv_size": [24, 40]},
								"west": {"uv": [416, 512], "uv_size": [24, 40]},
								"up": {"uv": [608, 368], "uv_size": [24, 24]},
								"down": {"uv": [384, 632], "uv_size": [24, -24]}
							}
						},
						{
							"origin": [-3.2, 32.15, -0.45],
							"size": [1.75, 1.55, 3.4],
							"uv": {
								"north": {"uv": [728, 512], "uv_size": [16, 16]},
								"east": {"uv": [376, 680], "uv_size": [24, 16]},
								"south": {"uv": [728, 616], "uv_size": [16, 16]},
								"west": {"uv": [680, 440], "uv_size": [24, 16]},
								"up": {"uv": [456, 680], "uv_size": [16, 24]},
								"down": {"uv": [472, 704], "uv_size": [16, -24]}
							}
						},
						{
							"origin": [-3.45, 27.4, 1.05],
							"size": [0.25, 2.3, 0.4],
							"pivot": [-3.325, 28.55, 1.25],
							"rotation": [0, 0, 7.5],
							"uv": {
								"north": {"uv": [88, 800], "uv_size": [8, 16]},
								"east": {"uv": [800, 96], "uv_size": [8, 16]},
								"south": {"uv": [112, 800], "uv_size": [8, 16]},
								"west": {"uv": [800, 112], "uv_size": [8, 16]},
								"up": {"uv": [440, 848], "uv_size": [8, 8]},
								"down": {"uv": [848, 448], "uv_size": [8, -8]}
							}
						},
						{
							"origin": [-3.3, 29.65, 1.05],
							"size": [0.25, 2.3, 0.4],
							"uv": {
								"north": {"uv": [120, 800], "uv_size": [8, 16]},
								"east": {"uv": [800, 128], "uv_size": [8, 16]},
								"south": {"uv": [800, 144], "uv_size": [8, 16]},
								"west": {"uv": [152, 800], "uv_size": [8, 16]},
								"up": {"uv": [448, 848], "uv_size": [8, 8]},
								"down": {"uv": [848, 456], "uv_size": [8, -8]}
							}
						},
						{
							"origin": [-3.3, 27.4, -0.7],
							"size": [3.5, 1.8, 3.9],
							"pivot": [-1.7, 28.55, 1.25],
							"rotation": [0, 0, 10],
							"uv": {
								"north": {"uv": [200, 640], "uv_size": [32, 16]},
								"east": {"uv": [248, 640], "uv_size": [32, 16]},
								"south": {"uv": [456, 640], "uv_size": [32, 16]},
								"west": {"uv": [488, 640], "uv_size": [32, 16]},
								"up": {"uv": [32, 472], "uv_size": [32, 32]},
								"down": {"uv": [472, 160], "uv_size": [32, -32]}
							}
						},
						{
							"origin": [-3.3, 27.4, -0.7],
							"size": [3.5, 1.8, 3.9],
							"pivot": [-1.7, 28.55, 1.25],
							"rotation": [-10.98448, 7.43547, 2.43603],
							"uv": {
								"north": {"uv": [520, 640], "uv_size": [32, 16]},
								"east": {"uv": [552, 640], "uv_size": [32, 16]},
								"south": {"uv": [640, 584], "uv_size": [32, 16]},
								"west": {"uv": [640, 600], "uv_size": [32, 16]},
								"up": {"uv": [480, 0], "uv_size": [32, 32]},
								"down": {"uv": [480, 192], "uv_size": [32, -32]}
							}
						},
						{
							"origin": [-3.3, 27.4, -0.2],
							"size": [3.5, 1.8, 3.4],
							"pivot": [-1.7, 28.55, 1.25],
							"rotation": [-15, -10, 10],
							"uv": {
								"north": {"uv": [640, 616], "uv_size": [32, 16]},
								"east": {"uv": [488, 680], "uv_size": [24, 16]},
								"south": {"uv": [640, 632], "uv_size": [32, 16]},
								"west": {"uv": [512, 680], "uv_size": [24, 16]},
								"up": {"uv": [560, 496], "uv_size": [32, 24]},
								"down": {"uv": [576, 24], "uv_size": [32, -24]}
							}
						}
					]
				},
				{
					"name": "RightForeArm",
					"parent": "RightArm",
					"pivot": [-2.025, 27.575, 1.275],
					"cubes": [
						{
							"origin": [-2.725, 22.575, -0.275],
							"size": [2.25, 6, 3.2],
							"uv": {
								"north": {"uv": [200, 552], "uv_size": [16, 48]},
								"east": {"uv": [224, 416], "uv_size": [24, 48]},
								"south": {"uv": [296, 552], "uv_size": [16, 48]},
								"west": {"uv": [400, 416], "uv_size": [24, 48]},
								"up": {"uv": [656, 392], "uv_size": [16, 24]},
								"down": {"uv": [656, 440], "uv_size": [16, -24]}
							}
						}
					]
				},
				{
					"name": "yiwu4",
					"parent": "RightForeArm",
					"pivot": [-1.625, 27.575, 1.275],
					"cubes": [
						{
							"origin": [-3.225, 22.875, -0.425],
							"size": [3.2, 5, 3.4],
							"uv": {
								"north": {"uv": [440, 512], "uv_size": [24, 40]},
								"east": {"uv": [520, 56], "uv_size": [24, 40]},
								"south": {"uv": [464, 520], "uv_size": [24, 40]},
								"west": {"uv": [488, 520], "uv_size": [24, 40]},
								"up": {"uv": [408, 608], "uv_size": [24, 24]},
								"down": {"uv": [456, 632], "uv_size": [24, -24]}
							}
						},
						{
							"origin": [-3.475, 25.625, 1.175],
							"size": [0.25, 2, 0.2],
							"pivot": [-3.35, 26.625, 1.4],
							"rotation": [0, 0, -5],
							"uv": {
								"north": {"uv": [800, 160], "uv_size": [8, 16]},
								"east": {"uv": [176, 800], "uv_size": [8, 16]},
								"south": {"uv": [800, 176], "uv_size": [8, 16]},
								"west": {"uv": [184, 800], "uv_size": [8, 16]},
								"up": {"uv": [456, 848], "uv_size": [8, 8]},
								"down": {"uv": [848, 464], "uv_size": [8, -8]}
							}
						},
						{
							"origin": [-3.275, 23.125, -0.475],
							"size": [3.3, 0.25, 3.5],
							"uv": {
								"north": {"uv": [768, 472], "uv_size": [24, 8]},
								"east": {"uv": [728, 424], "uv_size": [32, 8]},
								"south": {"uv": [768, 480], "uv_size": [24, 8]},
								"west": {"uv": [728, 472], "uv_size": [32, 8]},
								"up": {"uv": [576, 520], "uv_size": [24, 32]},
								"down": {"uv": [576, 584], "uv_size": [24, -32]}
							}
						},
						{
							"origin": [-3.475, 24.875, 0.925],
							"size": [0.2, 0.75, 0.7],
							"uv": {
								"north": {"uv": [464, 848], "uv_size": [8, 8]},
								"east": {"uv": [848, 464], "uv_size": [8, 8]},
								"south": {"uv": [472, 848], "uv_size": [8, 8]},
								"west": {"uv": [848, 472], "uv_size": [8, 8]},
								"up": {"uv": [480, 848], "uv_size": [8, 8]},
								"down": {"uv": [848, 488], "uv_size": [8, -8]}
							}
						},
						{
							"origin": [-3.475, 23.875, 0.925],
							"size": [0.2, 0.75, 0.7],
							"uv": {
								"north": {"uv": [488, 848], "uv_size": [8, 8]},
								"east": {"uv": [848, 488], "uv_size": [8, 8]},
								"south": {"uv": [496, 848], "uv_size": [8, 8]},
								"west": {"uv": [848, 496], "uv_size": [8, 8]},
								"up": {"uv": [504, 848], "uv_size": [8, 8]},
								"down": {"uv": [848, 512], "uv_size": [8, -8]}
							}
						},
						{
							"origin": [-3.55, 24.125, 1.175],
							"size": [0.45, 0.25, 0.2],
							"uv": {
								"north": {"uv": [512, 848], "uv_size": [8, 8]},
								"east": {"uv": [848, 512], "uv_size": [8, 8]},
								"south": {"uv": [520, 848], "uv_size": [8, 8]},
								"west": {"uv": [848, 520], "uv_size": [8, 8]},
								"up": {"uv": [528, 848], "uv_size": [8, 8]},
								"down": {"uv": [848, 536], "uv_size": [8, -8]}
							}
						},
						{
							"origin": [-3.375, 25.875, -0.5],
							"size": [3.6, 2, 3.5],
							"pivot": [-1.625, 26.875, 1.25],
							"rotation": [-12.5, 0, -5],
							"uv": {
								"north": {"uv": [0, 648], "uv_size": [32, 16]},
								"east": {"uv": [648, 24], "uv_size": [32, 16]},
								"south": {"uv": [648, 40], "uv_size": [32, 16]},
								"west": {"uv": [112, 648], "uv_size": [32, 16]},
								"up": {"uv": [312, 480], "uv_size": [32, 32]},
								"down": {"uv": [480, 352], "uv_size": [32, -32]}
							}
						},
						{
							"origin": [-3.375, 25.875, -0.5],
							"size": [3.6, 2, 3.5],
							"pivot": [-1.625, 26.875, 1.25],
							"rotation": [8.38778, 3.5918, -7.04474],
							"uv": {
								"north": {"uv": [648, 112], "uv_size": [32, 16]},
								"east": {"uv": [648, 128], "uv_size": [32, 16]},
								"south": {"uv": [648, 144], "uv_size": [32, 16]},
								"west": {"uv": [648, 176], "uv_size": [32, 16]},
								"up": {"uv": [480, 352], "uv_size": [32, 32]},
								"down": {"uv": [480, 416], "uv_size": [32, -32]}
							}
						},
						{
							"origin": [-2.625, 27.575, 0.275],
							"size": [2, 2, 2],
							"uv": {
								"north": {"uv": [48, 736], "uv_size": [16, 16]},
								"east": {"uv": [736, 56], "uv_size": [16, 16]},
								"south": {"uv": [64, 736], "uv_size": [16, 16]},
								"west": {"uv": [80, 736], "uv_size": [16, 16]},
								"up": {"uv": [736, 104], "uv_size": [16, 16]},
								"down": {"uv": [112, 752], "uv_size": [16, -16]}
							}
						}
					]
				},
				{
					"name": "RightHand",
					"parent": "RightForeArm",
					"pivot": [-1.6, 23.025, 1.2],
					"cubes": [
						{
							"origin": [-2.75, 20.525, -0.35],
							"size": [2.25, 3, 3.2],
							"uv": {
								"north": {"uv": [456, 656], "uv_size": [16, 24]},
								"east": {"uv": [600, 440], "uv_size": [24, 24]},
								"south": {"uv": [472, 656], "uv_size": [16, 24]},
								"west": {"uv": [504, 600], "uv_size": [24, 24]},
								"up": {"uv": [488, 656], "uv_size": [16, 24]},
								"down": {"uv": [504, 680], "uv_size": [16, -24]}
							}
						}
					]
				},
				{
					"name": "bone9",
					"parent": "RightHand",
					"pivot": [2.25, 0, 0]
				},
				{
					"name": "RightHandLocator",
					"parent": "RightHand",
					"pivot": [-1.6, 22.025, 1.2]
				},
				{
					"name": "LeftArm",
					"pivot": [2.05, 34.725, 1.25],
					"cubes": [
						{
							"origin": [1.2, 28.575, -0.2],
							"size": [2.3, 7, 3.025],
							"uv": {
								"north": {"uv": [128, 248], "uv_size": [16, 56]},
								"east": {"uv": [176, 232], "uv_size": [24, 56]},
								"south": {"uv": [160, 312], "uv_size": [16, 56]},
								"west": {"uv": [64, 376], "uv_size": [24, 56]},
								"up": {"uv": [320, 424], "uv_size": [16, 24]},
								"down": {"uv": [328, 536], "uv_size": [16, -24]}
							}
						},
						{
							"origin": [1.45, 27.625, 0.125],
							"size": [1.7, 2.05, 2.3],
							"uv": {
								"north": {"uv": [704, 536], "uv_size": [16, 16]},
								"east": {"uv": [600, 704], "uv_size": [16, 16]},
								"south": {"uv": [616, 704], "uv_size": [16, 16]},
								"west": {"uv": [680, 704], "uv_size": [16, 16]},
								"up": {"uv": [696, 704], "uv_size": [16, 16]},
								"down": {"uv": [0, 728], "uv_size": [16, -16]}
							}
						}
					]
				},
				{
					"name": "yiwu",
					"parent": "LeftArm",
					"pivot": [1.65, 33.275, 1],
					"cubes": [
						{
							"origin": [3.8, 29.4, 1.05],
							"size": [0.25, 2.3, 0.4],
							"uv": {
								"north": {"uv": [760, 792], "uv_size": [8, 16]},
								"east": {"uv": [792, 768], "uv_size": [8, 16]},
								"south": {"uv": [792, 784], "uv_size": [8, 16]},
								"west": {"uv": [800, 8], "uv_size": [8, 16]},
								"up": {"uv": [344, 848], "uv_size": [8, 8]},
								"down": {"uv": [848, 352], "uv_size": [8, -8]}
							}
						},
						{
							"origin": [0.55, 27.15, -0.7],
							"size": [3.5, 1.8, 3.9],
							"pivot": [2.45, 28.3, 1],
							"rotation": [-10.98448, -7.43547, -2.43603],
							"uv": {
								"north": {"uv": [632, 272], "uv_size": [32, 16]},
								"east": {"uv": [632, 288], "uv_size": [32, 16]},
								"south": {"uv": [632, 304], "uv_size": [32, 16]},
								"west": {"uv": [312, 632], "uv_size": [32, 16]},
								"up": {"uv": [456, 448], "uv_size": [32, 32]},
								"down": {"uv": [464, 96], "uv_size": [32, -32]}
							}
						},
						{
							"origin": [0.55, 27.15, -0.7],
							"size": [3.5, 1.8, 3.9],
							"pivot": [2.45, 28.3, 1],
							"rotation": [0, 0, -10],
							"uv": {
								"north": {"uv": [632, 320], "uv_size": [32, 16]},
								"east": {"uv": [632, 336], "uv_size": [32, 16]},
								"south": {"uv": [632, 352], "uv_size": [32, 16]},
								"west": {"uv": [360, 632], "uv_size": [32, 16]},
								"up": {"uv": [464, 96], "uv_size": [32, 32]},
								"down": {"uv": [224, 496], "uv_size": [32, -32]}
							}
						},
						{
							"origin": [0.7, 27.15, -0.45],
							"size": [3.25, 4.8, 3.4],
							"uv": {
								"north": {"uv": [0, 504], "uv_size": [24, 40]},
								"east": {"uv": [24, 504], "uv_size": [24, 40]},
								"south": {"uv": [504, 120], "uv_size": [24, 40]},
								"west": {"uv": [248, 504], "uv_size": [24, 40]},
								"up": {"uv": [608, 296], "uv_size": [24, 24]},
								"down": {"uv": [608, 344], "uv_size": [24, -24]}
							}
						},
						{
							"origin": [2.45, 31.9, -0.45],
							"size": [1.5, 1.55, 3.4],
							"uv": {
								"north": {"uv": [728, 408], "uv_size": [16, 16]},
								"east": {"uv": [680, 328], "uv_size": [24, 16]},
								"south": {"uv": [728, 456], "uv_size": [16, 16]},
								"west": {"uv": [336, 680], "uv_size": [24, 16]},
								"up": {"uv": [680, 344], "uv_size": [16, 24]},
								"down": {"uv": [360, 704], "uv_size": [16, -24]}
							}
						},
						{
							"origin": [3.95, 27.15, 1.05],
							"size": [0.25, 2.3, 0.4],
							"pivot": [4.075, 28.3, 1],
							"rotation": [0, 0, -7.5],
							"uv": {
								"north": {"uv": [800, 24], "uv_size": [8, 16]},
								"east": {"uv": [48, 800], "uv_size": [8, 16]},
								"south": {"uv": [56, 800], "uv_size": [8, 16]},
								"west": {"uv": [800, 56], "uv_size": [8, 16]},
								"up": {"uv": [352, 848], "uv_size": [8, 8]},
								"down": {"uv": [848, 360], "uv_size": [8, -8]}
							}
						}
					]
				},
				{
					"name": "LeftForeArm",
					"parent": "LeftArm",
					"pivot": [2.775, 27.325, 1.275],
					"cubes": [
						{
							"origin": [1.225, 22.575, -0.275],
							"size": [2.25, 6, 3.2],
							"uv": {
								"north": {"uv": [112, 552], "uv_size": [16, 48]},
								"east": {"uv": [336, 400], "uv_size": [24, 48]},
								"south": {"uv": [184, 552], "uv_size": [16, 48]},
								"west": {"uv": [88, 408], "uv_size": [24, 48]},
								"up": {"uv": [408, 648], "uv_size": [16, 24]},
								"down": {"uv": [96, 680], "uv_size": [16, -24]}
							}
						}
					]
				},
				{
					"name": "LeftHand",
					"parent": "LeftForeArm",
					"pivot": [2.35, 23.025, 1.2],
					"cubes": [
						{
							"origin": [1.25, 20.525, -0.35],
							"size": [2.25, 3, 3.2],
							"uv": {
								"north": {"uv": [168, 656], "uv_size": [16, 24]},
								"east": {"uv": [288, 600], "uv_size": [24, 24]},
								"south": {"uv": [184, 656], "uv_size": [16, 24]},
								"west": {"uv": [432, 600], "uv_size": [24, 24]},
								"up": {"uv": [200, 656], "uv_size": [16, 24]},
								"down": {"uv": [216, 680], "uv_size": [16, -24]}
							}
						}
					]
				},
				{
					"name": "LeftHandLocator",
					"parent": "LeftHand",
					"pivot": [2.35, 22.025, 1.2]
				},
				{
					"name": "yiwu2",
					"parent": "LeftHand",
					"pivot": [2.375, 27.325, 1.025],
					"cubes": [
						{
							"origin": [0.525, 25.625, -0.5],
							"size": [3.6, 2, 3.5],
							"pivot": [2.375, 26.625, 1],
							"rotation": [-12.5, 0, 5],
							"uv": {
								"north": {"uv": [632, 368], "uv_size": [32, 16]},
								"east": {"uv": [392, 632], "uv_size": [32, 16]},
								"south": {"uv": [632, 464], "uv_size": [32, 16]},
								"west": {"uv": [632, 568], "uv_size": [32, 16]},
								"up": {"uv": [464, 288], "uv_size": [32, 32]},
								"down": {"uv": [352, 496], "uv_size": [32, -32]}
							}
						},
						{
							"origin": [0.525, 25.625, -0.5],
							"size": [3.6, 2, 3.5],
							"pivot": [2.375, 26.625, 1],
							"rotation": [8.38778, -3.5918, 7.04474],
							"uv": {
								"north": {"uv": [608, 632], "uv_size": [32, 16]},
								"east": {"uv": [48, 640], "uv_size": [32, 16]},
								"south": {"uv": [80, 640], "uv_size": [32, 16]},
								"west": {"uv": [168, 640], "uv_size": [32, 16]},
								"up": {"uv": [384, 464], "uv_size": [32, 32]},
								"down": {"uv": [0, 504], "uv_size": [32, -32]}
							}
						},
						{
							"origin": [3.85, 23.875, 1.125],
							"size": [0.45, 0.25, 0.25],
							"uv": {
								"north": {"uv": [360, 848], "uv_size": [8, 8]},
								"east": {"uv": [848, 360], "uv_size": [8, 8]},
								"south": {"uv": [368, 848], "uv_size": [8, 8]},
								"west": {"uv": [848, 368], "uv_size": [8, 8]},
								"up": {"uv": [376, 848], "uv_size": [8, 8]},
								"down": {"uv": [848, 384], "uv_size": [8, -8]}
							}
						},
						{
							"origin": [0.775, 22.625, -0.425],
							"size": [3.2, 5, 3.4],
							"uv": {
								"north": {"uv": [504, 480], "uv_size": [24, 40]},
								"east": {"uv": [112, 512], "uv_size": [24, 40]},
								"south": {"uv": [512, 288], "uv_size": [24, 40]},
								"west": {"uv": [304, 512], "uv_size": [24, 40]},
								"up": {"uv": [608, 344], "uv_size": [24, 24]},
								"down": {"uv": [360, 632], "uv_size": [24, -24]}
							}
						},
						{
							"origin": [4.025, 24.625, 0.925],
							"size": [0.2, 0.75, 0.7],
							"uv": {
								"north": {"uv": [384, 848], "uv_size": [8, 8]},
								"east": {"uv": [848, 384], "uv_size": [8, 8]},
								"south": {"uv": [392, 848], "uv_size": [8, 8]},
								"west": {"uv": [848, 392], "uv_size": [8, 8]},
								"up": {"uv": [400, 848], "uv_size": [8, 8]},
								"down": {"uv": [848, 408], "uv_size": [8, -8]}
							}
						},
						{
							"origin": [4.025, 23.625, 0.925],
							"size": [0.2, 0.75, 0.7],
							"uv": {
								"north": {"uv": [408, 848], "uv_size": [8, 8]},
								"east": {"uv": [848, 408], "uv_size": [8, 8]},
								"south": {"uv": [416, 848], "uv_size": [8, 8]},
								"west": {"uv": [848, 416], "uv_size": [8, 8]},
								"up": {"uv": [424, 848], "uv_size": [8, 8]},
								"down": {"uv": [848, 432], "uv_size": [8, -8]}
							}
						},
						{
							"origin": [3.975, 25.375, 1.125],
							"size": [0.25, 2, 0.25],
							"pivot": [4.1, 26.375, 1.15],
							"rotation": [0, 0, 5],
							"uv": {
								"north": {"uv": [64, 800], "uv_size": [8, 16]},
								"east": {"uv": [72, 800], "uv_size": [8, 16]},
								"south": {"uv": [800, 72], "uv_size": [8, 16]},
								"west": {"uv": [80, 800], "uv_size": [8, 16]},
								"up": {"uv": [432, 848], "uv_size": [8, 8]},
								"down": {"uv": [848, 440], "uv_size": [8, -8]}
							}
						},
						{
							"origin": [0.725, 22.875, -0.45],
							"size": [3.3, 0.25, 3.5],
							"uv": {
								"north": {"uv": [768, 456], "uv_size": [24, 8]},
								"east": {"uv": [728, 296], "uv_size": [32, 8]},
								"south": {"uv": [768, 464], "uv_size": [24, 8]},
								"west": {"uv": [728, 320], "uv_size": [32, 8]},
								"up": {"uv": [408, 576], "uv_size": [24, 32]},
								"down": {"uv": [576, 480], "uv_size": [24, -32]}
							}
						}
					]
				},
				{
					"name": "LeftHandLocator2",
					"parent": "yiwu2",
					"pivot": [2.375, 21.825, 1.025]
				}
			]
		}
	]
}