{
	"format_version": "1.8.0",
	"animations": {
		"extra1": {
			"loop": "hold_on_last_frame",
			"animation_length": 1.5,
			"bones": {
				"Root": {
					"rotation": [0, 0, 0],
					"scale": [1, 1, 1]
				},
				"UpBody": {
					"rotation": {
						"0.0": [0, 0, 0],
						"0.0417": [-0.03391, 3.91064, -1.87489],
						"0.0833": [-0.29512, 7.08127, -2.52866],
						"0.125": [-0.32902, 7.49282, -2.52154],
						"0.1667": [-0.33767, 3.76654, -1.19755],
						"0.2083": [-0.38233, 1.33125, -0.18026],
						"0.25": [-0.42699, -0.72404, 0.21291],
						"0.2917": [-0.43564, -2.49039, 0.03797],
						"0.3333": [-0.43584, -2.30684, -0.33087],
						"0.375": [-0.43644, -1.05446, -0.56932],
						"0.4167": [-0.43731, 0.59451, -0.66808],
						"0.4583": [-0.43819, 2.51866, -0.61805],
						"0.5": [-0.43879, 4.72129, -0.41069],
						"0.5417": [-0.43899, 7.50932, -0.03833],
						"0.5833": [-0.43876, 7.10977, 0.3623],
						"0.625": [-0.43793, 4.56106, 0.59003],
						"0.6667": [-0.43669, 1.6062, 0.58293],
						"0.7083": [-0.43587, -1.15831, 0.37153],
						"0.75": [-0.43564, -2.49039, 0.03797],
						"0.7917": [-0.43564, -1.89885, -0.23253],
						"0.8333": [-0.43564, -1.72209, -0.31122],
						"0.875": [-0.43564, -1.73311, -0.24534],
						"0.9167": [-0.43564, -1.87491, -0.11664],
						"0.9583": [-0.43564, -2.12803, -0.00519],
						"1.0": [-0.43564, -2.49039, 0.03797],
						"1.5": {
							"pre": [-0.43564, -2.49039, 0.03797],
							"post": [-0.43564, -2.49039, 0.03797],
							"lerp_mode": "catmullrom"
						}
					},
					"position": {
						"0.0": {
							"post": [0, 0, 0],
							"lerp_mode": "catmullrom"
						}
					}
				},
				"UpperBody": {
					"rotation": {
						"0.0": {
							"post": [0, 0, 0],
							"lerp_mode": "catmullrom"
						},
						"0.125": {
							"post": [0, -1.5, 0],
							"lerp_mode": "catmullrom"
						},
						"0.2917": {
							"post": [-0.02399, -1.0001, -0.49901],
							"lerp_mode": "catmullrom"
						},
						"0.5417": {
							"post": [0.04807, 3.49958, 1.00178],
							"lerp_mode": "catmullrom"
						},
						"0.75": [-0.02399, -1.0001, -0.49901],
						"0.7917": [-0.02399, 1.14339, -0.4991],
						"0.8333": [-0.024, 1.97059, -0.49938],
						"0.875": [-0.024, 2.43844, -0.49979],
						"0.9167": [-0.02401, 2.69725, -0.5002],
						"0.9583": [-0.02401, 2.79841, -0.50048],
						"1.0": [-0.02402, 2.7499, -0.50058],
						"1.5": {
							"pre": [-0.02402, 2.7499, -0.50058],
							"post": [-0.02402, 2.7499, -0.50058],
							"lerp_mode": "catmullrom"
						}
					},
					"position": {
						"0.0": {
							"post": [0, 0, 0],
							"lerp_mode": "catmullrom"
						}
					}
				},
				"LeftArm": {
					"rotation": {
						"0.0": {
							"post": [0, 0, 0],
							"lerp_mode": "catmullrom"
						},
						"0.125": [-12.25091, -6.71887, 17.58623],
						"0.1667": [-11.39908, -7.02448, 10.19771],
						"0.2083": [-6.9991, -8.60309, 5.08116],
						"0.25": [-2.59912, -10.1817, 0.82901],
						"0.2917": [-1.74729, -10.48732, -2.28514],
						"0.5417": {
							"pre": [-2.66406, -10.29476, 2.79451],
							"post": [-2.66406, -10.29476, 2.79451],
							"lerp_mode": "catmullrom"
						},
						"0.75": [-1.74729, -10.48732, -2.28514],
						"0.7917": [-1.74729, -10.48732, -3.10806],
						"0.8333": [-1.74729, -10.48732, -3.61181],
						"0.875": [-1.74729, -10.48732, -3.69984],
						"0.9167": [-1.74729, -10.48732, -3.44376],
						"0.9583": [-1.74729, -10.48732, -2.94657],
						"1.0": [-1.74729, -10.48732, -2.28514],
						"1.5": {
							"pre": [-1.74729, -10.48732, -2.28514],
							"post": [-1.74729, -10.48732, -2.28514],
							"lerp_mode": "catmullrom"
						}
					},
					"position": [0, 0, 0]
				},
				"LeftForeArm": {
					"rotation": [0, 0, 0],
					"position": [0, 0, 0]
				},
				"RightArm": {
					"rotation": {
						"0.0": {
							"post": [0, 0, 0],
							"lerp_mode": "catmullrom"
						},
						"0.0833": {
							"post": [-59.42106, -21.71022, 37.05593],
							"lerp_mode": "catmullrom"
						},
						"0.125": {
							"post": [-73.41928, -8.49163, 94.20785],
							"lerp_mode": "catmullrom"
						},
						"0.2917": {
							"post": [62.34569, 75.04635, 168.42398],
							"lerp_mode": "catmullrom"
						},
						"0.5417": {
							"post": [-71.5683, 83.00411, 75.42083],
							"lerp_mode": "catmullrom"
						},
						"0.75": {
							"post": [40.00135, 81.00522, 145.62559],
							"lerp_mode": "catmullrom"
						},
						"1.0": {
							"post": [40.00135, 81.00522, 145.62559],
							"lerp_mode": "catmullrom"
						},
						"1.5": {
							"post": [40.00135, 81.00522, 145.62559],
							"lerp_mode": "catmullrom"
						}
					},
					"position": {
						"0.0": {
							"post": [0, 0, 0],
							"lerp_mode": "catmullrom"
						}
					}
				},
				"RightForeArm": {
					"rotation": {
						"0.0": [0, 0, 0],
						"0.0417": [-4.072, 0.1226, -0.29885],
						"0.0833": [-20.06372, 1.06713, -2.60116],
						"0.125": [-78.92621, 1.18974, -2.9],
						"0.1667": [-51.36971, 1.18974, -2.9],
						"0.2083": [-21.51789, 1.18974, -2.9],
						"0.25": [-1.51698, 1.18974, -2.9],
						"0.2917": [0.52379, 1.18974, -2.9],
						"0.3333": [-5.3035, 1.18974, -2.9],
						"0.375": [-5.06397, 1.18974, -2.9],
						"0.4167": [-3.18571, 1.18974, -2.9],
						"0.4583": [-2.19363, 1.18974, -2.9],
						"0.5": [-5.23463, 1.18974, -2.9],
						"0.5417": [-21.42621, 1.18974, -2.9],
						"0.5833": [-35.93479, 1.18974, -2.9],
						"0.625": [-34.04018, 1.18974, -2.9],
						"0.6667": [-25.65621, 1.18974, -2.9],
						"0.7083": [-14.30415, 1.18974, -2.9],
						"0.75": [-3.92621, 1.18974, -2.9],
						"0.7917": [2.299, 1.18974, -2.9],
						"0.8333": [5.57495, 1.18974, -2.9],
						"0.875": [5.7414, 1.18974, -2.9],
						"0.9167": [3.81863, 1.18974, -2.9],
						"0.9583": [0.46448, 1.18974, -2.9],
						"1.0": [-3.92621, 1.18974, -2.9],
						"1.5": {
							"pre": [-3.92621, 1.18974, -2.9],
							"post": [-3.92621, 1.18974, -2.9],
							"lerp_mode": "catmullrom"
						}
					},
					"position": {
						"0.0": {
							"post": [0, 0, 0],
							"lerp_mode": "catmullrom"
						}
					}
				},
				"LeftLeg": {
					"rotation": [0, 0, 0],
					"position": [0, 0, 0]
				},
				"LeftLowerLeg": {
					"rotation": [0, 0, 0],
					"position": [0, 0, 0]
				},
				"LeftFoot": {
					"rotation": [0, 0, 0],
					"position": [0, 0, 0]
				},
				"RightLeg": {
					"rotation": {
						"0.0": {
							"post": [0, 0, 0],
							"lerp_mode": "catmullrom"
						}
					},
					"position": {
						"0.0": {
							"post": [0, 0, 0],
							"lerp_mode": "catmullrom"
						}
					}
				},
				"RightLowerLeg": {
					"rotation": [0, 0, 0],
					"position": [0, 0, 0]
				},
				"RightFoot": {
					"rotation": [0, 0, 0],
					"position": [0, 0, 0]
				},
				"AllBody": {
					"rotation": [0, 0, 0],
					"position": [0, 0, 0],
					"scale": [1, 1, 1]
				},
				"AllHead": {
					"rotation": [0, 0, 0],
					"position": [0, 0, 0]
				},
				"Head": {
					"rotation": {
						"0.0": {
							"post": [0, 0, 0],
							"lerp_mode": "catmullrom"
						},
						"0.125": {
							"post": [-0.10912, -7.49286, 2.49762],
							"lerp_mode": "catmullrom"
						},
						"0.2917": {
							"post": [0.54552, 5.02574, -2.42624],
							"lerp_mode": "catmullrom"
						},
						"0.5417": {
							"post": [0.98265, -5.03951, 2.4211],
							"lerp_mode": "catmullrom"
						},
						"0.75": {
							"post": [0.54552, 5.02574, -2.42624],
							"lerp_mode": "catmullrom"
						},
						"1.0": {
							"post": [0.54552, 5.02574, -2.42624],
							"lerp_mode": "catmullrom"
						},
						"1.5": {
							"post": [0.54552, 5.02574, -2.42624],
							"lerp_mode": "catmullrom"
						}
					},
					"position": {
						"0.0": {
							"post": [0, 0, 0],
							"lerp_mode": "catmullrom"
						}
					}
				}
			}
		},
		"extra2": {
			"animation_length": 3,
			"bones": {
				"bone19": {
					"rotation": [-350.18363, 47.97869, -342.88107],
					"position": [1.5, 7, 9],
					"scale": [1, 1, 1]
				},
				"Head": {
					"rotation": [-5, 0, 0]
				},
				"LeftArm": {
					"rotation": [-6.89114, -49.885, -99.53279]
				},
				"LeftForeArm": {
					"rotation": [-20, 0, 0]
				},
				"RightArm": {
					"rotation": [13.74758, 10.86353, 7.39896]
				},
				"RightForeArm": {
					"rotation": [-7.5, 0, 0],
					"position": [0, 0, 0]
				},
				"bone10": {
					"scale": [0, 0, 0]
				},
				"bone12": {
					"scale": [0, 0, 0]
				},
				"RightHandLocator": {
					"scale": [0, 0, 0]
				}
			}
		},
		"extra3": {
			"loop": "hold_on_last_frame",
			"animation_length": 1.5,
			"bones": {
				"Root": {
					"rotation": {
						"0.0": {
							"post": [0, 0, 0],
							"lerp_mode": "catmullrom"
						}
					},
					"position": {
						"0.0": {
							"post": [0, 0, 0],
							"lerp_mode": "catmullrom"
						},
						"0.25": {
							"post": [0, -0.25, 0],
							"lerp_mode": "catmullrom"
						}
					},
					"scale": {
						"0.0": {
							"post": [1, 1, 1],
							"lerp_mode": "catmullrom"
						}
					}
				},
				"UpBody": {
					"rotation": {
						"0.0": {
							"post": [0, 0, 0],
							"lerp_mode": "catmullrom"
						},
						"0.1667": {
							"post": [-2.5, 0, 0],
							"lerp_mode": "catmullrom"
						},
						"0.3333": {
							"post": [-4, 0, 0],
							"lerp_mode": "catmullrom"
						},
						"0.4167": {
							"post": [-3, 0, 0],
							"lerp_mode": "catmullrom"
						},
						"0.6667": {
							"post": [-3.5, 0, 0],
							"lerp_mode": "catmullrom"
						},
						"0.8333": {
							"post": [-4, 0, 0],
							"lerp_mode": "catmullrom"
						},
						"1.0": {
							"post": [-4, 0, 0],
							"lerp_mode": "catmullrom"
						},
						"1.5": {
							"post": [-4, 0, 0],
							"lerp_mode": "catmullrom"
						}
					},
					"position": {
						"0.0": {
							"post": [0, 0, 0],
							"lerp_mode": "catmullrom"
						}
					}
				},
				"UpperBody": {
					"rotation": {
						"0.0": {
							"post": [0, 0, 0],
							"lerp_mode": "catmullrom"
						},
						"0.25": {
							"post": [-5, 0, 0],
							"lerp_mode": "catmullrom"
						},
						"0.4167": {
							"post": [5, 0, 0],
							"lerp_mode": "catmullrom"
						},
						"0.6667": {
							"post": [4.25, 0, 0],
							"lerp_mode": "catmullrom"
						},
						"0.8333": {
							"post": [5, 0, 0],
							"lerp_mode": "catmullrom"
						},
						"1.0": {
							"post": [5, 0, 0],
							"lerp_mode": "catmullrom"
						},
						"1.5": {
							"post": [5, 0, 0],
							"lerp_mode": "catmullrom"
						}
					},
					"position": {
						"0.0": {
							"post": [0, 0, 0],
							"lerp_mode": "catmullrom"
						}
					}
				},
				"LeftArm": {
					"rotation": {
						"0.0": {
							"post": [0, 0, 0],
							"lerp_mode": "catmullrom"
						},
						"0.25": {
							"post": [-87.85882, 4.61451, -80.51949],
							"lerp_mode": "catmullrom"
						},
						"0.4167": {
							"post": [-98.55733, 36.48777, -85.68129],
							"lerp_mode": "catmullrom"
						}
					},
					"position": {
						"0.0": {
							"post": [0, 0, 0],
							"lerp_mode": "catmullrom"
						}
					}
				},
				"LeftForeArm": {
					"rotation": {
						"0.0": {
							"post": [0, 0, 0],
							"lerp_mode": "catmullrom"
						},
						"0.25": {
							"post": [-105, 0, 0],
							"lerp_mode": "catmullrom"
						}
					},
					"position": {
						"0.0": {
							"post": [0, 0, 0],
							"lerp_mode": "catmullrom"
						}
					}
				},
				"RightArm": {
					"rotation": {
						"0.0": {
							"post": [0, 0, 0],
							"lerp_mode": "catmullrom"
						},
						"0.25": {
							"post": [-84.83476, -27.0478, 78.75686],
							"lerp_mode": "catmullrom"
						},
						"0.4167": {
							"post": [-95.77005, -45.85387, 82.64597],
							"lerp_mode": "catmullrom"
						}
					},
					"position": {
						"0.0": {
							"post": [0, 0, 0],
							"lerp_mode": "catmullrom"
						}
					}
				},
				"RightForeArm": {
					"rotation": {
						"0.0": {
							"post": [0, 0, 0],
							"lerp_mode": "catmullrom"
						},
						"0.25": {
							"post": [-105, 0, 0],
							"lerp_mode": "catmullrom"
						},
						"0.4167": {
							"post": [-100, 0, 0],
							"lerp_mode": "catmullrom"
						}
					},
					"position": {
						"0.0": {
							"post": [0, 0, 0],
							"lerp_mode": "catmullrom"
						}
					}
				},
				"LeftLeg": {
					"rotation": {
						"0.0": {
							"post": [0, 0, 0],
							"lerp_mode": "catmullrom"
						},
						"0.25": {
							"post": [0, -5, -5],
							"lerp_mode": "catmullrom"
						}
					},
					"position": {
						"0.0": {
							"post": [0, 0, 0],
							"lerp_mode": "catmullrom"
						}
					}
				},
				"LeftLowerLeg": {
					"rotation": [0, 0, 0],
					"position": [0, 0, 0]
				},
				"LeftFoot": {
					"rotation": {
						"0.0": {
							"post": [0, 0, 0],
							"lerp_mode": "catmullrom"
						},
						"0.25": {
							"post": [0, -5, 5],
							"lerp_mode": "catmullrom"
						}
					},
					"position": {
						"0.0": {
							"post": [0, 0, 0],
							"lerp_mode": "catmullrom"
						}
					}
				},
				"RightLeg": {
					"rotation": {
						"0.0": {
							"post": [0, 0, 0],
							"lerp_mode": "catmullrom"
						},
						"0.25": {
							"post": [0, 5, 5],
							"lerp_mode": "catmullrom"
						}
					},
					"position": {
						"0.0": {
							"post": [0, 0, 0],
							"lerp_mode": "catmullrom"
						}
					}
				},
				"RightLowerLeg": {
					"rotation": {
						"0.0": {
							"post": [0, 0, 0],
							"lerp_mode": "catmullrom"
						}
					},
					"position": {
						"0.0": {
							"post": [0, 0, 0],
							"lerp_mode": "catmullrom"
						}
					}
				},
				"RightFoot": {
					"rotation": {
						"0.0": {
							"post": [0, 0, 0],
							"lerp_mode": "catmullrom"
						},
						"0.25": {
							"post": [0, 5, -5],
							"lerp_mode": "catmullrom"
						}
					},
					"position": {
						"0.0": {
							"post": [0, 0, 0],
							"lerp_mode": "catmullrom"
						}
					}
				},
				"AllBody": {
					"rotation": [0, 0, 0],
					"position": [0, 0, 0],
					"scale": [1, 1, 1]
				},
				"AllHead": {
					"rotation": [0, 0, 0],
					"position": [0, 0, 0]
				},
				"Head": {
					"rotation": {
						"0.0": [0, 0, 0],
						"0.0833": [1.77084, 0, 0],
						"0.1667": [4.01873, 0, 0],
						"0.25": [-4.7, 0, 0],
						"0.3333": [-4.92143, 0, 0],
						"0.4167": [17.5, 0, 0],
						"0.5": [20.09526, 0, 0],
						"0.5833": [11.799, 0, 0],
						"0.6667": [-4.7, 0, 0],
						"0.75": [-3.67156, 0, 0],
						"0.8333": [17.5, 0, 0],
						"0.9167": [21.79995, 0, 0],
						"1.0": [5, 0, 0],
						"1.5": [5, 0, 0]
					},
					"position": {
						"0.0": {
							"post": [0, 0, 0],
							"lerp_mode": "catmullrom"
						}
					}
				}
			}
		},
		"extra5": {
			"loop": "hold_on_last_frame",
			"animation_length": 1,
			"bones": {
				"Root": {
					"rotation": {
						"0.0": {
							"post": [0, 0, 0],
							"lerp_mode": "catmullrom"
						},
						"0.3333": {
							"post": [0, -20, 0],
							"lerp_mode": "catmullrom"
						},
						"0.4583": {
							"post": [0, -20, 0],
							"lerp_mode": "catmullrom"
						},
						"1.0": {
							"post": [0, -20, 0],
							"lerp_mode": "catmullrom"
						}
					},
					"position": {
						"0.0": [0, 0, 0],
						"0.0417": [-0.01826, -0.05122, -0.14633],
						"0.0833": [-0.06254, -0.16855, -0.41346],
						"0.125": [-0.12163, -0.3249, -0.79281],
						"0.1667": [-0.1875, -0.50772, -1.27482],
						"0.2083": [-0.25337, -0.70978, -1.84719],
						"0.25": [-0.31246, -0.92608, -2.49039],
						"0.2917": [-0.35674, -1.15186, -3.16128],
						"0.3333": [-0.375, -1.375, -3.675],
						"0.375": [-0.375, -1.54582, -3.75114],
						"0.4167": [-0.375, -1.50564, -3.7054],
						"0.4583": [-0.375, -1.375, -3.675],
						"1.0": [-0.375, -1.375, -3.675]
					},
					"scale": {
						"0.0": {
							"post": [1, 1, 1],
							"lerp_mode": "catmullrom"
						}
					}
				},
				"UpBody": {
					"rotation": {
						"0.0": [0, 0, 0],
						"0.0417": [0.01174, 11.1732, 0.00026],
						"0.0833": [0.04276, 15.37257, 0.00096],
						"0.125": [0.0859, 16.83369, 0.00192],
						"0.1667": [0.13318, 16.96005, 0.00298],
						"0.2083": [0.17633, 16.44034, 0.00394],
						"0.2917": [0.21909, 14.99048, 0.0049],
						"0.375": {
							"pre": [-8.59255, -10.34495, -1.16423],
							"post": [-8.59255, -10.34495, -1.16423],
							"lerp_mode": "catmullrom"
						},
						"0.4583": {
							"post": [-8.20156, -10.72575, -3.84805],
							"lerp_mode": "catmullrom"
						},
						"1.0": {
							"post": [-8.20156, -10.72575, -3.84805],
							"lerp_mode": "catmullrom"
						}
					},
					"position": {
						"0.0": {
							"post": [0, 0, 0],
							"lerp_mode": "catmullrom"
						}
					}
				},
				"UpperBody": {
					"rotation": {
						"0.0": [0, 0, 0],
						"0.0417": [-0.72116, 3.65767, -0.01691],
						"0.0833": [-1.40299, 6.3144, -0.72116],
						"0.125": [-2.02507, 8.25192, -1.90892],
						"0.1667": [-2.55025, 9.54815, -3.38647],
						"0.2083": [-2.90052, 10.14096, -4.95903],
						"0.25": [-2.85823, 9.70327, -6.41858],
						"0.2917": [-0.65426, 4.95712, -7.52832],
						"0.3333": [5.83922, -10.85293, -6.66635],
						"0.375": [8.96506, -17.36218, 9.11495],
						"0.4167": [9.53234, -11.50382, 11.91238],
						"0.4583": [8.58647, -5.00731, 11.05521],
						"1.0": [8.58647, -5.00731, 11.05521]
					},
					"position": {
						"0.0": {
							"post": [0, 0, 0],
							"lerp_mode": "catmullrom"
						}
					}
				},
				"LeftArm": {
					"rotation": {
						"0.0": {
							"post": [0, 0, 0],
							"lerp_mode": "catmullrom"
						},
						"0.25": {
							"post": [-67.73749, -4.55749, -54.03725],
							"lerp_mode": "catmullrom"
						},
						"0.375": {
							"post": [40.18099, 2.05164, -12.84903],
							"lerp_mode": "catmullrom"
						},
						"0.4583": {
							"post": [41.8045, 2.0833, -15.50787],
							"lerp_mode": "catmullrom"
						},
						"1.0": {
							"post": [41.8045, 2.0833, -15.50787],
							"lerp_mode": "catmullrom"
						}
					},
					"position": {
						"0.0": {
							"post": [0, 0, 0],
							"lerp_mode": "catmullrom"
						}
					}
				},
				"LeftForeArm": {
					"rotation": {
						"0.0": {
							"post": [0, 0, 0],
							"lerp_mode": "catmullrom"
						},
						"0.25": {
							"post": [-85, 0, 0],
							"lerp_mode": "catmullrom"
						},
						"0.375": {
							"post": [-115, 0, 0],
							"lerp_mode": "catmullrom"
						},
						"0.4583": {
							"post": [-110.5, 0, 0],
							"lerp_mode": "catmullrom"
						},
						"1.0": {
							"post": [-110.5, 0, 0],
							"lerp_mode": "catmullrom"
						}
					},
					"position": {
						"0.0": {
							"post": [0, 0, 0],
							"lerp_mode": "catmullrom"
						}
					}
				},
				"RightArm": {
					"rotation": {
						"0.0": {
							"post": [0, 0, 0],
							"lerp_mode": "catmullrom"
						},
						"0.25": {
							"post": [40.93314, 36.80848, 64.60554],
							"lerp_mode": "catmullrom"
						},
						"0.375": {
							"post": [-119.31175, 46.15073, 6.4512],
							"lerp_mode": "catmullrom"
						},
						"0.4583": {
							"post": [-110.81699, 44.56049, 19.26117],
							"lerp_mode": "catmullrom"
						},
						"1.0": {
							"post": [-110.81699, 44.56049, 19.26117],
							"lerp_mode": "catmullrom"
						}
					},
					"position": {
						"0.0": {
							"post": [0, 0, 0],
							"lerp_mode": "catmullrom"
						}
					}
				},
				"RightForeArm": {
					"rotation": {
						"0.0": {
							"post": [0, 0, 0],
							"lerp_mode": "catmullrom"
						},
						"0.25": {
							"post": [-112.5, 0, 0],
							"lerp_mode": "catmullrom"
						},
						"0.375": {
							"post": [-15, 0, 0],
							"lerp_mode": "catmullrom"
						},
						"0.4583": {
							"post": [-20, 0, 0],
							"lerp_mode": "catmullrom"
						},
						"1.0": {
							"post": [-20, 0, 0],
							"lerp_mode": "catmullrom"
						}
					},
					"position": {
						"0.0": {
							"post": [0, 0, 0],
							"lerp_mode": "catmullrom"
						}
					}
				},
				"LeftLeg": {
					"rotation": {
						"0.0": {
							"post": [0, 0, 0],
							"lerp_mode": "catmullrom"
						},
						"0.3333": [-8.62435, -13.62998, -2.24027],
						"0.375": [-9.21873, -15.21227, -2.26711],
						"0.4167": [-9.07498, -14.74765, -2.47386],
						"0.4583": [-8.31416, -13.62303, -2.5007],
						"1.0": [-8.31416, -13.62303, -2.5007]
					},
					"position": {
						"0.0": {
							"post": [0, 0, 0],
							"lerp_mode": "catmullrom"
						}
					}
				},
				"LeftLowerLeg": {
					"rotation": {
						"0.0": {
							"post": [0, 0, 0],
							"lerp_mode": "catmullrom"
						},
						"0.3333": [40, 0, 0],
						"0.375": [41.41459, 0, 0],
						"0.4167": [41.79314, 0, 0],
						"0.4583": [40, 0, 0],
						"1.0": [40, 0, 0]
					},
					"position": {
						"0.0": {
							"post": [0, 0, 0],
							"lerp_mode": "catmullrom"
						}
					}
				},
				"LeftFoot": {
					"rotation": {
						"0.0": {
							"post": [0, 0, 0],
							"lerp_mode": "catmullrom"
						},
						"0.3333": {
							"post": [-24.74777, 0.1194, 0.49341],
							"lerp_mode": "catmullrom"
						},
						"0.4583": {
							"post": [-24.74777, 0.1194, 0.49341],
							"lerp_mode": "catmullrom"
						},
						"1.0": {
							"post": [-24.74777, 0.1194, 0.49341],
							"lerp_mode": "catmullrom"
						}
					},
					"position": {
						"0.0": {
							"post": [0, 0, 0],
							"lerp_mode": "catmullrom"
						}
					}
				},
				"RightLeg": {
					"rotation": {
						"0.0": {
							"post": [0, 0, 0],
							"lerp_mode": "catmullrom"
						},
						"0.125": {
							"post": [-13.82143, 7.5, 0],
							"lerp_mode": "catmullrom"
						},
						"0.2917": {
							"post": [-45, 20, 0],
							"lerp_mode": "catmullrom"
						},
						"0.3333": {
							"post": [-35, 22.5, -0.00001],
							"lerp_mode": "catmullrom"
						},
						"0.4583": {
							"post": [-35, 22.5, -0.00001],
							"lerp_mode": "catmullrom"
						},
						"1.0": {
							"post": [-35, 22.5, -0.00001],
							"lerp_mode": "catmullrom"
						}
					},
					"position": {
						"0.0": {
							"post": [0, 0, 0],
							"lerp_mode": "catmullrom"
						}
					}
				},
				"RightLowerLeg": {
					"rotation": {
						"0.0": {
							"post": [0, 0, 0],
							"lerp_mode": "catmullrom"
						},
						"0.125": {
							"post": [31.79, 0, 0],
							"lerp_mode": "catmullrom"
						},
						"0.2917": {
							"post": [60, 0, 0],
							"lerp_mode": "catmullrom"
						},
						"0.3333": {
							"post": [37.5, 0, 0],
							"lerp_mode": "catmullrom"
						},
						"0.4583": {
							"post": [37.5, 0, 0],
							"lerp_mode": "catmullrom"
						},
						"1.0": {
							"post": [37.5, 0, 0],
							"lerp_mode": "catmullrom"
						}
					},
					"position": {
						"0.0": {
							"post": [0, 0, 0],
							"lerp_mode": "catmullrom"
						}
					}
				},
				"RightFoot": {
					"rotation": {
						"0.0": {
							"post": [0, 0, 0],
							"lerp_mode": "catmullrom"
						},
						"0.125": {
							"post": [-9.64, 0, 0],
							"lerp_mode": "catmullrom"
						},
						"0.2917": {
							"post": [-5, 0, 0],
							"lerp_mode": "catmullrom"
						},
						"0.3333": {
							"post": [0, 0, 0],
							"lerp_mode": "catmullrom"
						},
						"0.4583": {
							"post": [0, 0, 0],
							"lerp_mode": "catmullrom"
						},
						"1.0": {
							"post": [0, 0, 0],
							"lerp_mode": "catmullrom"
						}
					},
					"position": {
						"0.0": {
							"post": [0, 0, 0],
							"lerp_mode": "catmullrom"
						}
					}
				},
				"AllBody": {
					"rotation": [0, 0, 0],
					"position": [0, 0, 0],
					"scale": [1, 1, 1]
				},
				"AllHead": {
					"rotation": [0, 0, 0],
					"position": [0, 0, 0]
				},
				"Head": {
					"rotation": {
						"0.0": {
							"post": [0, 0, 0],
							"lerp_mode": "catmullrom"
						},
						"0.25": {
							"post": [6.81895, -8.12356, 5.00749],
							"lerp_mode": "catmullrom"
						},
						"0.375": {
							"post": [14.36123, 31.79305, 8.11991],
							"lerp_mode": "catmullrom"
						},
						"0.4583": {
							"post": [13.14995, 22.07793, 5.45591],
							"lerp_mode": "catmullrom"
						},
						"1.0": {
							"post": [13.14995, 22.07793, 5.45591],
							"lerp_mode": "catmullrom"
						}
					},
					"position": [0, 0, 0]
				}
			}
		},
		"extra6": {
			"loop": "hold_on_last_frame",
			"animation_length": 2,
			"bones": {
				"Head": {
					"rotation": {
						"0.0": [0, 0, 0],
						"0.25": [15, 0, 0],
						"1.3333": [15, 0, 0],
						"1.5833": [0, 0, 0]
					}
				},
				"RightArm": {
					"rotation": {
						"0.0": [-10, 0, 0],
						"0.1667": [-17.53742, -4.92385, 0.87038],
						"0.2917": [-30.03742, -4.92385, 0.87038],
						"1.3333": [-30.03742, -4.92385, 0.87038],
						"1.5": [0, 0, 0]
					}
				},
				"RightForeArm": {
					"rotation": {
						"0.0": [0, 0, 0],
						"0.2917": [-60.9402, -38.51278, -28.07673],
						"1.25": [-60.9402, -38.51278, -28.07673],
						"1.5": [0, 0, 0]
					}
				},
				"bone12": {
					"rotation": [0, 0, 0],
					"scale": [1, 1, 1]
				},
				"bone15": {
					"rotation": {
						"0.375": [0, 0, 2.5],
						"0.5": [0, 0, 20],
						"1.0833": [0, 0, 20],
						"1.1667": [0, 0, 0]
					}
				},
				"bone13": {
					"position": {
						"0.375": [0, 0, 0],
						"0.4583": [0, -0.25, 0.25],
						"1.0833": [0, -0.25, 0.25],
						"1.1667": [0, 0, 0]
					}
				},
				"bone16": {
					"position": {
						"0.375": [0, 0, 0],
						"0.4583": [0, -0.25, -0.25],
						"1.0833": [0, -0.25, -0.25],
						"1.1667": [0, 0, 0]
					}
				},
				"RightHandLocator": {
					"scale": [0, 0, 0]
				}
			}
		},
		"extra7": {
			"loop": "hold_on_last_frame",
			"animation_length": 6,
			"bones": {
				"Head": {
					"rotation": {
						"0.0": [0, 0, 0],
						"0.2083": [12.5, 0, 0],
						"0.5417": [12.5, 0, 0]
					}
				},
				"LeftArm": {
					"rotation": {
						"0.0": [0, 0, 0],
						"0.0833": [-14.94548, 1.29256, 4.83045],
						"0.1667": [-29.94548, 1.29256, 4.83045],
						"0.2083": [-39.94548, 1.29256, 4.83045],
						"0.5": [-39.94548, 1.29256, 4.83045]
					}
				},
				"LeftForeArm": {
					"rotation": {
						"0.0": [0, 0, 0],
						"0.0833": [-36.19714, 10.54794, 14.04397],
						"0.2083": [-35.32087, 13.65467, 65.6174],
						"0.2917": [-32.86727, 19.27126, 74.24981],
						"0.4167": [-24.9282, 29.03535, 93.43164],
						"0.5": [-20.85212, 31.95798, 101.45117]
					}
				},
				"RightArm": {
					"rotation": {
						"0.0": [0, 0, 0],
						"0.2083": [-31.65996, -17.26588, -21.741]
					}
				},
				"RightForeArm": {
					"rotation": {
						"0.0": [0, 0, 0],
						"0.2083": [-16.1822, -4.98093, -29.62165]
					}
				},
				"bone10": {
					"scale": [1, 1, 1]
				},
				"bone11": {
					"position": {
						"0.1667": [0, 0, 0],
						"0.2917": [0, 1.25, 0],
						"0.5": [0, 1.5, 0],
						"0.5417": [0, 0, 0],
						"0.625": [0, 0.5, 0]
					}
				}
			}
		}
	}
}