{
	"format_version": "1.12.0",
	"minecraft:geometry": [
		{
			"description": {
				"identifier": "geometry.default",
				"texture_width": 128,
				"texture_height": 128,
				"visible_bounds_width": 5,
				"visible_bounds_height": 4.5,
				"visible_bounds_offset": [0, 1.75, 0]
			},
			"bones": [
				{
					"name": "Arm",
					"pivot": [0, 24.04907, -0.075]
				},
				{
					"name": "RightArm",
					"parent": "Arm",
					"pivot": [-4.4, 28.85, 0],
					"rotation": [2.5, 0, 15],
					"cubes": [
						{
							"origin": [-5.1, 26.4, -1.5],
							"size": [2.05, 3.2, 3.05],
							"pivot": [-3.775, 28.4, 0.025],
							"rotation": [5, 0, 5],
							"uv": {
								"north": {"uv": [4, 73], "uv_size": [-2, 3]},
								"east": {"uv": [52, 67], "uv_size": [-3, 3]},
								"south": {"uv": [6, 73], "uv_size": [-2, 3]},
								"west": {"uv": [70, 44], "uv_size": [-3, 3]},
								"up": {"uv": [8, 73], "uv_size": [-2, 3]},
								"down": {"uv": [75, 9], "uv_size": [-2, -3]}
							}
						},
						{
							"origin": [-5.7, 24.9, -1.4],
							"size": [3, 1, 3],
							"uv": {
								"north": {"uv": [56, 76], "uv_size": [-3, 1]},
								"east": {"uv": [79, 55], "uv_size": [-3, 1]},
								"south": {"uv": [79, 54], "uv_size": [-3, 1]},
								"west": {"uv": [79, 53], "uv_size": [-3, 1]},
								"up": {"uv": [70, 61], "uv_size": [-3, 3]},
								"down": {"uv": [70, 67], "uv_size": [-3, -3]}
							}
						},
						{
							"origin": [-5.6, 23.9, -1.3],
							"size": [2.8, 1, 2.8],
							"uv": {
								"north": {"uv": [59, 76], "uv_size": [-3, 1]},
								"east": {"uv": [79, 59], "uv_size": [-3, 1]},
								"south": {"uv": [79, 57], "uv_size": [-3, 1]},
								"west": {"uv": [79, 56], "uv_size": [-3, 1]},
								"up": {"uv": [70, 67], "uv_size": [-3, 3]},
								"down": {"uv": [71, 3], "uv_size": [-3, -3]}
							}
						},
						{
							"origin": [-5.55771, 22.94385, -0.92964],
							"size": [2.8, 2, 2],
							"pivot": [-4.15771, 23.94385, 0.07036],
							"rotation": [-45.02728, 1.76749, -1.76833],
							"uv": {
								"north": {"uv": [75, 67], "uv_size": [-3, 2]},
								"east": {"uv": [7, 76], "uv_size": [-2, 2]},
								"south": {"uv": [11, 73], "uv_size": [-3, 2]},
								"west": {"uv": [78, 4], "uv_size": [-2, 2]},
								"up": {"uv": [76, 9], "uv_size": [-3, 2]},
								"down": {"uv": [76, 13], "uv_size": [-3, -2]}
							}
						},
						{
							"origin": [-5.55, 25.8, -1.25],
							"size": [2.7, 1.2, 2.7],
							"uv": {
								"north": {"uv": [79, 60], "uv_size": [-3, 1]},
								"east": {"uv": [77, 76], "uv_size": [-3, 1]},
								"south": {"uv": [79, 71], "uv_size": [-3, 1]},
								"west": {"uv": [79, 70], "uv_size": [-3, 1]},
								"up": {"uv": [71, 3], "uv_size": [-3, 3]},
								"down": {"uv": [71, 12], "uv_size": [-3, -3]}
							}
						},
						{
							"origin": [-4.76495, 25.81862, -1.69745],
							"size": [2.05, 3.2, 3.05],
							"pivot": [-4.23995, 27.11862, -0.17245],
							"rotation": [8.99937, 7.90554, -103.9011],
							"uv": {
								"north": {"uv": [75, 13], "uv_size": [-2, 3]},
								"east": {"uv": [17, 68], "uv_size": [-3, 3]},
								"south": {"uv": [75, 16], "uv_size": [-2, 3]},
								"west": {"uv": [71, 12], "uv_size": [-3, 3]},
								"up": {"uv": [19, 73], "uv_size": [-2, 3]},
								"down": {"uv": [75, 22], "uv_size": [-2, -3]}
							}
						}
					]
				},
				{
					"name": "RightForeArm",
					"parent": "RightArm",
					"pivot": [-3.875, 23.65, 0.025],
					"rotation": [-15, 0, 0],
					"cubes": [
						{
							"origin": [-5.775, 17.9, -1.475],
							"size": [3, 6, 3],
							"uv": {
								"north": {"uv": [7, 35], "uv_size": [-3, 6]},
								"east": {"uv": [3, 56], "uv_size": [-3, 6]},
								"south": {"uv": [56, 55], "uv_size": [-3, 6]},
								"west": {"uv": [58, 36], "uv_size": [-3, 6]},
								"up": {"uv": [23, 68], "uv_size": [-3, 3]},
								"down": {"uv": [71, 23], "uv_size": [-3, -3]}
							}
						},
						{
							"origin": [-6.025, 18.38269, -1.99463],
							"size": [3.5, 3, 2.5],
							"pivot": [-4.275, 19.98654, 0.16922],
							"rotation": [-5, 0, 0],
							"uv": {
								"north": {"uv": [65, 40], "uv_size": [-4, 3]},
								"east": {"uv": [71, 27], "uv_size": [-3, 3]},
								"south": {"uv": [66, 8], "uv_size": [-4, 3]},
								"west": {"uv": [26, 68], "uv_size": [-3, 3]},
								"up": {"uv": [66, 18], "uv_size": [-4, 3]},
								"down": {"uv": [66, 52], "uv_size": [-4, -3]}
							}
						},
						{
							"origin": [-6.025, 18.35034, 0.07881],
							"size": [3.5, 3, 2],
							"pivot": [-4.275, 19.98654, 0.16922],
							"rotation": [10, 0, 0],
							"uv": {
								"north": {"uv": [66, 52], "uv_size": [-4, 3]},
								"east": {"uv": [75, 25], "uv_size": [-2, 3]},
								"south": {"uv": [66, 59], "uv_size": [-4, 3]},
								"west": {"uv": [75, 22], "uv_size": [-2, 3]},
								"up": {"uv": [75, 4], "uv_size": [-4, 2]},
								"down": {"uv": [75, 30], "uv_size": [-4, -2]}
							}
						}
					]
				},
				{
					"name": "RightHand",
					"parent": "RightForeArm",
					"pivot": [-4.375, 18.175, 0.025],
					"cubes": [
						{
							"origin": [-5.675, 17.4, -1.275],
							"size": [2.6, 2.1, 2],
							"pivot": [0, 17.9, -0.575],
							"rotation": [-45, 0, 0],
							"uv": {
								"north": {"uv": [29, 73], "uv_size": [-3, 2]},
								"east": {"uv": [78, 9], "uv_size": [-2, 2]},
								"south": {"uv": [76, 46], "uv_size": [-3, 2]},
								"west": {"uv": [78, 6], "uv_size": [-2, 2]},
								"up": {"uv": [76, 48], "uv_size": [-3, 2]},
								"down": {"uv": [76, 52], "uv_size": [-3, -2]}
							}
						},
						{
							"origin": [-5.775, 15.9, -1.475],
							"size": [3, 2, 3],
							"uv": {
								"north": {"uv": [76, 52], "uv_size": [-3, 2]},
								"east": {"uv": [76, 70], "uv_size": [-3, 2]},
								"south": {"uv": [76, 56], "uv_size": [-3, 2]},
								"west": {"uv": [76, 54], "uv_size": [-3, 2]},
								"up": {"uv": [34, 68], "uv_size": [-3, 3]},
								"down": {"uv": [37, 71], "uv_size": [-3, -3]}
							}
						},
						{
							"origin": [-3.275, 16.4, -1.875],
							"size": [1, 2, 1],
							"pivot": [-3.025, 17.65, -1.725],
							"rotation": [0, 0, -22.5],
							"uv": {
								"north": {"uv": [79, 62], "uv_size": [-1, 2]},
								"east": {"uv": [79, 66], "uv_size": [-1, 2]},
								"south": {"uv": [67, 78], "uv_size": [-1, 2]},
								"west": {"uv": [79, 64], "uv_size": [-1, 2]},
								"up": {"uv": [82, 54], "uv_size": [-1, 1]},
								"down": {"uv": [56, 82], "uv_size": [-1, -1]}
							}
						}
					]
				},
				{
					"name": "RightHandLocator",
					"parent": "RightHand",
					"pivot": [-4.375, 17.175, 0.025]
				},
				{
					"name": "LeftArm",
					"parent": "Arm",
					"pivot": [4.4, 28.85, 0],
					"rotation": [2.5, 0, -15],
					"cubes": [
						{
							"origin": [3.05, 26.4, -1.5],
							"size": [2.05, 3.2, 3.05],
							"pivot": [3.775, 28.4, 0.025],
							"rotation": [5, 0, -5],
							"uv": {
								"north": {"uv": [2, 73], "uv_size": [2, 3]},
								"east": {"uv": [67, 44], "uv_size": [3, 3]},
								"south": {"uv": [4, 73], "uv_size": [2, 3]},
								"west": {"uv": [49, 67], "uv_size": [3, 3]},
								"up": {"uv": [6, 73], "uv_size": [2, 3]},
								"down": {"uv": [73, 9], "uv_size": [2, -3]}
							}
						},
						{
							"origin": [2.7, 24.9, -1.4],
							"size": [3, 1, 3],
							"uv": {
								"north": {"uv": [53, 76], "uv_size": [3, 1]},
								"east": {"uv": [76, 53], "uv_size": [3, 1]},
								"south": {"uv": [76, 54], "uv_size": [3, 1]},
								"west": {"uv": [76, 55], "uv_size": [3, 1]},
								"up": {"uv": [67, 61], "uv_size": [3, 3]},
								"down": {"uv": [67, 67], "uv_size": [3, -3]}
							}
						},
						{
							"origin": [2.8, 23.9, -1.3],
							"size": [2.8, 1, 2.8],
							"uv": {
								"north": {"uv": [56, 76], "uv_size": [3, 1]},
								"east": {"uv": [76, 56], "uv_size": [3, 1]},
								"south": {"uv": [76, 57], "uv_size": [3, 1]},
								"west": {"uv": [76, 59], "uv_size": [3, 1]},
								"up": {"uv": [67, 67], "uv_size": [3, 3]},
								"down": {"uv": [68, 3], "uv_size": [3, -3]}
							}
						},
						{
							"origin": [2.75771, 22.94385, -0.92964],
							"size": [2.8, 2, 2],
							"pivot": [4.15771, 23.94385, 0.07036],
							"rotation": [-45.02728, -1.76749, 1.76833],
							"uv": {
								"north": {"uv": [72, 67], "uv_size": [3, 2]},
								"east": {"uv": [76, 4], "uv_size": [2, 2]},
								"south": {"uv": [8, 73], "uv_size": [3, 2]},
								"west": {"uv": [5, 76], "uv_size": [2, 2]},
								"up": {"uv": [73, 9], "uv_size": [3, 2]},
								"down": {"uv": [73, 13], "uv_size": [3, -2]}
							}
						},
						{
							"origin": [2.85, 25.8, -1.25],
							"size": [2.7, 1.2, 2.7],
							"uv": {
								"north": {"uv": [76, 60], "uv_size": [3, 1]},
								"east": {"uv": [76, 70], "uv_size": [3, 1]},
								"south": {"uv": [76, 71], "uv_size": [3, 1]},
								"west": {"uv": [74, 76], "uv_size": [3, 1]},
								"up": {"uv": [68, 3], "uv_size": [3, 3]},
								"down": {"uv": [68, 12], "uv_size": [3, -3]}
							}
						},
						{
							"origin": [2.71495, 25.81862, -1.69745],
							"size": [2.05, 3.2, 3.05],
							"pivot": [4.23995, 27.11862, -0.17245],
							"rotation": [8.99937, -7.90554, 103.9011],
							"uv": {
								"north": {"uv": [73, 13], "uv_size": [2, 3]},
								"east": {"uv": [68, 12], "uv_size": [3, 3]},
								"south": {"uv": [73, 16], "uv_size": [2, 3]},
								"west": {"uv": [14, 68], "uv_size": [3, 3]},
								"up": {"uv": [17, 73], "uv_size": [2, 3]},
								"down": {"uv": [73, 22], "uv_size": [2, -3]}
							}
						}
					]
				},
				{
					"name": "LeftForeArm",
					"parent": "LeftArm",
					"pivot": [3.875, 23.65, 0.025],
					"rotation": [-15, 0, 0],
					"cubes": [
						{
							"origin": [2.775, 17.9, -1.475],
							"size": [3, 6, 3],
							"uv": {
								"north": {"uv": [4, 35], "uv_size": [3, 6]},
								"east": {"uv": [55, 36], "uv_size": [3, 6]},
								"south": {"uv": [53, 55], "uv_size": [3, 6]},
								"west": {"uv": [0, 56], "uv_size": [3, 6]},
								"up": {"uv": [20, 68], "uv_size": [3, 3]},
								"down": {"uv": [68, 23], "uv_size": [3, -3]}
							}
						},
						{
							"origin": [2.525, 18.38269, -1.99463],
							"size": [3.5, 3, 2.5],
							"pivot": [4.275, 19.98654, 0.16922],
							"rotation": [-5, 0, 0],
							"uv": {
								"north": {"uv": [61, 40], "uv_size": [4, 3]},
								"east": {"uv": [23, 68], "uv_size": [3, 3]},
								"south": {"uv": [62, 8], "uv_size": [4, 3]},
								"west": {"uv": [68, 27], "uv_size": [3, 3]},
								"up": {"uv": [62, 18], "uv_size": [4, 3]},
								"down": {"uv": [62, 52], "uv_size": [4, -3]}
							}
						},
						{
							"origin": [2.525, 18.35034, 0.07881],
							"size": [3.5, 3, 2],
							"pivot": [4.275, 19.98654, 0.16922],
							"rotation": [10, 0, 0],
							"uv": {
								"north": {"uv": [62, 52], "uv_size": [4, 3]},
								"east": {"uv": [73, 22], "uv_size": [2, 3]},
								"south": {"uv": [62, 59], "uv_size": [4, 3]},
								"west": {"uv": [73, 25], "uv_size": [2, 3]},
								"up": {"uv": [71, 4], "uv_size": [4, 2]},
								"down": {"uv": [71, 30], "uv_size": [4, -2]}
							}
						}
					]
				},
				{
					"name": "LeftHand",
					"parent": "LeftForeArm",
					"pivot": [4.375, 18.175, 0.025],
					"cubes": [
						{
							"origin": [3.075, 17.4, -1.275],
							"size": [2.6, 2.1, 2],
							"pivot": [0, 17.9, -0.575],
							"rotation": [-45, 0, 0],
							"uv": {
								"north": {"uv": [26, 73], "uv_size": [3, 2]},
								"east": {"uv": [76, 6], "uv_size": [2, 2]},
								"south": {"uv": [73, 46], "uv_size": [3, 2]},
								"west": {"uv": [76, 9], "uv_size": [2, 2]},
								"up": {"uv": [73, 48], "uv_size": [3, 2]},
								"down": {"uv": [73, 52], "uv_size": [3, -2]}
							}
						},
						{
							"origin": [2.775, 15.9, -1.475],
							"size": [3, 2, 3],
							"uv": {
								"north": {"uv": [73, 52], "uv_size": [3, 2]},
								"east": {"uv": [73, 54], "uv_size": [3, 2]},
								"south": {"uv": [73, 56], "uv_size": [3, 2]},
								"west": {"uv": [73, 70], "uv_size": [3, 2]},
								"up": {"uv": [31, 68], "uv_size": [3, 3]},
								"down": {"uv": [34, 71], "uv_size": [3, -3]}
							}
						},
						{
							"origin": [2.275, 16.4, -1.875],
							"size": [1, 2, 1],
							"pivot": [3.025, 17.65, -1.725],
							"rotation": [0, 0, 22.5],
							"uv": {
								"north": {"uv": [78, 62], "uv_size": [1, 2]},
								"east": {"uv": [78, 64], "uv_size": [1, 2]},
								"south": {"uv": [66, 78], "uv_size": [1, 2]},
								"west": {"uv": [78, 66], "uv_size": [1, 2]},
								"up": {"uv": [81, 54], "uv_size": [1, 1]},
								"down": {"uv": [55, 82], "uv_size": [1, -1]}
							}
						}
					]
				},
				{
					"name": "LeftHandLocator",
					"parent": "LeftHand",
					"pivot": [4.375, 17.175, 0.025]
				}
			]
		}
	]
}