{
	"format_version": "1.12.0",
	"minecraft:geometry": [
		{
			"description": {
				"identifier": "geometry.default",
				"texture_width": 256,
				"texture_height": 256,
				"visible_bounds_width": 5,
				"visible_bounds_height": 4.5,
				"visible_bounds_offset": [0, 1.75, 0]
			},
			"bones": [
				{
					"name": "RightArm",
					"pivot": [-4.4, 31.85, 0],
					"rotation": [7.24721, 1.93597, 7.62261],
					"cubes": [
						{
							"origin": [-5.1, 29.4, -1.5],
							"size": [2.05, 3.2, 3.05],
							"pivot": [-3.775, 31.4, 0.025],
							"rotation": [5, 0, 5],
							"uv": {
								"north": {"uv": [156, 204], "uv_size": [4, 6]},
								"east": {"uv": [188, 164], "uv_size": [6, 6]},
								"south": {"uv": [204, 156], "uv_size": [4, 6]},
								"west": {"uv": [188, 170], "uv_size": [6, 6]},
								"up": {"uv": [160, 204], "uv_size": [4, 6]},
								"down": {"uv": [204, 168], "uv_size": [4, -6]}
							}
						},
						{
							"origin": [-5.7, 27.9, -1.4],
							"size": [3, 1, 3],
							"uv": {
								"north": {"uv": [226, 116], "uv_size": [6, 2]},
								"east": {"uv": [226, 118], "uv_size": [6, 2]},
								"south": {"uv": [226, 138], "uv_size": [6, 2]},
								"west": {"uv": [226, 140], "uv_size": [6, 2]},
								"up": {"uv": [188, 176], "uv_size": [6, 6]},
								"down": {"uv": [182, 194], "uv_size": [6, -6]}
							}
						},
						{
							"origin": [-5.6, 25.9, -1.3],
							"size": [2.8, 2, 2.8],
							"uv": {
								"north": {"uv": [204, 120], "uv_size": [6, 4]},
								"east": {"uv": [204, 168], "uv_size": [6, 4]},
								"south": {"uv": [204, 172], "uv_size": [6, 4]},
								"west": {"uv": [204, 186], "uv_size": [6, 4]},
								"up": {"uv": [188, 188], "uv_size": [6, 6]},
								"down": {"uv": [190, 10], "uv_size": [6, -6]}
							}
						},
						{
							"origin": [-5.55771, 24.94385, -0.92964],
							"size": [2.8, 2, 2],
							"pivot": [-4.15771, 25.94385, 0.07036],
							"rotation": [-45.02728, 1.76749, -1.76833],
							"uv": {
								"north": {"uv": [204, 190], "uv_size": [6, 4]},
								"east": {"uv": [222, 98], "uv_size": [4, 4]},
								"south": {"uv": [204, 194], "uv_size": [6, 4]},
								"west": {"uv": [222, 116], "uv_size": [4, 4]},
								"up": {"uv": [204, 198], "uv_size": [6, 4]},
								"down": {"uv": [204, 206], "uv_size": [6, -4]}
							}
						},
						{
							"origin": [-5.55, 28.8, -1.25],
							"size": [2.7, 1.2, 2.7],
							"uv": {
								"north": {"uv": [226, 142], "uv_size": [6, 2]},
								"east": {"uv": [144, 226], "uv_size": [6, 2]},
								"south": {"uv": [226, 144], "uv_size": [6, 2]},
								"west": {"uv": [226, 146], "uv_size": [6, 2]},
								"up": {"uv": [190, 10], "uv_size": [6, 6]},
								"down": {"uv": [16, 196], "uv_size": [6, -6]}
							}
						},
						{
							"origin": [-5.67001, 29.17191, -1.8127],
							"size": [2.05, 2.2, 3.05],
							"pivot": [-4.64501, 30.52191, -0.2877],
							"rotation": [9.94676, 6.6694, -96.44319],
							"uv": {
								"north": {"uv": [130, 222], "uv_size": [4, 4]},
								"east": {"uv": [0, 206], "uv_size": [6, 4]},
								"south": {"uv": [222, 132], "uv_size": [4, 4]},
								"west": {"uv": [206, 0], "uv_size": [6, 4]},
								"up": {"uv": [164, 204], "uv_size": [4, 6]},
								"down": {"uv": [206, 10], "uv_size": [4, -6]}
							}
						}
					]
				},
				{
					"name": "RightForeArm",
					"parent": "RightArm",
					"pivot": [-3.875, 25.65, 0.025],
					"rotation": [-22.5, 0, 0],
					"cubes": [
						{
							"origin": [-5.775, 19.9, -1.475],
							"size": [3, 6, 3],
							"uv": {
								"north": {"uv": [24, 156], "uv_size": [6, 12]},
								"east": {"uv": [70, 156], "uv_size": [6, 12]},
								"south": {"uv": [156, 80], "uv_size": [6, 12]},
								"west": {"uv": [156, 92], "uv_size": [6, 12]},
								"up": {"uv": [190, 16], "uv_size": [6, 6]},
								"down": {"uv": [22, 196], "uv_size": [6, -6]}
							}
						},
						{
							"origin": [-6.50376, 19.3001, -0.85691],
							"size": [1, 6, 1],
							"pivot": [-4.13395, 23.07508, 0.71422],
							"rotation": [2.38443, -0.75155, 17.48436],
							"uv": {
								"north": {"uv": [84, 204], "uv_size": [2, 12]},
								"east": {"uv": [110, 204], "uv_size": [2, 12]},
								"south": {"uv": [120, 204], "uv_size": [2, 12]},
								"west": {"uv": [6, 206], "uv_size": [2, 12]},
								"up": {"uv": [244, 244], "uv_size": [2, 2]},
								"down": {"uv": [0, 248], "uv_size": [2, -2]}
							}
						},
						{
							"origin": [-6.18947, 19.6615, -2.37322],
							"size": [1, 6, 2],
							"pivot": [-5.68947, 22.6615, -1.37322],
							"rotation": [2.93698, -35.7165, 15.80013],
							"uv": {
								"north": {"uv": [8, 206], "uv_size": [2, 12]},
								"east": {"uv": [86, 176], "uv_size": [4, 12]},
								"south": {"uv": [10, 206], "uv_size": [2, 12]},
								"west": {"uv": [176, 160], "uv_size": [4, 12]},
								"up": {"uv": [116, 236], "uv_size": [2, 4]},
								"down": {"uv": [118, 240], "uv_size": [2, -4]}
							}
						},
						{
							"origin": [-6.50376, 19.5132, -0.66043],
							"size": [1, 6, 2],
							"pivot": [-4.13395, 23.07508, 0.71422],
							"rotation": [14.88443, -0.75155, 17.48436],
							"uv": {
								"north": {"uv": [206, 10], "uv_size": [2, 12]},
								"east": {"uv": [176, 172], "uv_size": [4, 12]},
								"south": {"uv": [12, 206], "uv_size": [2, 12]},
								"west": {"uv": [178, 0], "uv_size": [4, 12]},
								"up": {"uv": [236, 120], "uv_size": [2, 4]},
								"down": {"uv": [122, 240], "uv_size": [2, -4]}
							}
						},
						{
							"origin": [-6.25185, 19.5132, -0.5193],
							"size": [1, 6, 2],
							"pivot": [-4.13395, 23.07508, 0.71422],
							"rotation": [20.3472, 42.38018, 31.71867],
							"uv": {
								"north": {"uv": [14, 206], "uv_size": [2, 12]},
								"east": {"uv": [178, 12], "uv_size": [4, 12]},
								"south": {"uv": [206, 22], "uv_size": [2, 12]},
								"west": {"uv": [32, 178], "uv_size": [4, 12]},
								"up": {"uv": [124, 236], "uv_size": [2, 4]},
								"down": {"uv": [126, 240], "uv_size": [2, -4]}
							}
						},
						{
							"origin": [-6.17352, 19.5132, -0.24138],
							"size": [1, 6, 1],
							"pivot": [-4.13395, 23.07508, 0.71422],
							"rotation": [87.07658, 75.09704, 104.65912],
							"uv": {
								"north": {"uv": [42, 206], "uv_size": [2, 12]},
								"east": {"uv": [44, 206], "uv_size": [2, 12]},
								"south": {"uv": [206, 58], "uv_size": [2, 12]},
								"west": {"uv": [62, 206], "uv_size": [2, 12]},
								"up": {"uv": [246, 0], "uv_size": [2, 2]},
								"down": {"uv": [2, 248], "uv_size": [2, -2]}
							}
						},
						{
							"origin": [-2.94046, 19.44938, -0.57215],
							"size": [1, 6, 2],
							"pivot": [-4.23395, 23.07508, 0.71422],
							"rotation": [14.84941, 0.85481, -19.98247],
							"uv": {
								"north": {"uv": [64, 206], "uv_size": [2, 12]},
								"east": {"uv": [36, 178], "uv_size": [4, 12]},
								"south": {"uv": [66, 206], "uv_size": [2, 12]},
								"west": {"uv": [180, 160], "uv_size": [4, 12]},
								"up": {"uv": [128, 236], "uv_size": [2, 4]},
								"down": {"uv": [130, 240], "uv_size": [2, -4]}
							}
						},
						{
							"origin": [-3.2001, 19.67372, -2.31608],
							"size": [1, 6, 2],
							"pivot": [-2.7001, 22.67372, -1.31608],
							"rotation": [2.81174, 33.32384, -18.47199],
							"uv": {
								"north": {"uv": [206, 70], "uv_size": [2, 12]},
								"east": {"uv": [168, 180], "uv_size": [4, 12]},
								"south": {"uv": [72, 206], "uv_size": [2, 12]},
								"west": {"uv": [180, 172], "uv_size": [4, 12]},
								"up": {"uv": [132, 236], "uv_size": [2, 4]},
								"down": {"uv": [134, 240], "uv_size": [2, -4]}
							}
						},
						{
							"origin": [-2.87609, 19.2467, -0.74872],
							"size": [1, 6, 1],
							"pivot": [-4.23395, 22.88803, 0.74464],
							"rotation": [2.34941, 0.85481, -19.98247],
							"uv": {
								"north": {"uv": [74, 206], "uv_size": [2, 12]},
								"east": {"uv": [76, 206], "uv_size": [2, 12]},
								"south": {"uv": [78, 206], "uv_size": [2, 12]},
								"west": {"uv": [80, 206], "uv_size": [2, 12]},
								"up": {"uv": [246, 2], "uv_size": [2, 2]},
								"down": {"uv": [4, 248], "uv_size": [2, -2]}
							}
						},
						{
							"origin": [-3.10759, 19.44938, -0.40291],
							"size": [1, 6, 2],
							"pivot": [-4.23395, 23.07508, 0.71422],
							"rotation": [20.26699, -42.28867, -34.16228],
							"uv": {
								"north": {"uv": [82, 206], "uv_size": [2, 12]},
								"east": {"uv": [182, 0], "uv_size": [4, 12]},
								"south": {"uv": [86, 206], "uv_size": [2, 12]},
								"west": {"uv": [182, 12], "uv_size": [4, 12]},
								"up": {"uv": [136, 236], "uv_size": [2, 4]},
								"down": {"uv": [138, 240], "uv_size": [2, -4]}
							}
						}
					]
				},
				{
					"name": "RightHand",
					"parent": "RightForeArm",
					"pivot": [-4.375, 20.175, 0.025],
					"cubes": [
						{
							"origin": [-5.675, 19.4, -1.275],
							"size": [2.6, 2.1, 2],
							"pivot": [0, 19.9, -0.575],
							"rotation": [-45, 0, 0],
							"uv": {
								"north": {"uv": [206, 40], "uv_size": [6, 4]},
								"east": {"uv": [222, 136], "uv_size": [4, 4]},
								"south": {"uv": [206, 82], "uv_size": [6, 4]},
								"west": {"uv": [222, 140], "uv_size": [4, 4]},
								"up": {"uv": [206, 86], "uv_size": [6, 4]},
								"down": {"uv": [88, 210], "uv_size": [6, -4]}
							}
						},
						{
							"origin": [-5.775, 17.9, -1.475],
							"size": [3, 2, 3],
							"uv": {
								"north": {"uv": [124, 206], "uv_size": [6, 4]},
								"east": {"uv": [206, 124], "uv_size": [6, 4]},
								"south": {"uv": [138, 206], "uv_size": [6, 4]},
								"west": {"uv": [206, 176], "uv_size": [6, 4]},
								"up": {"uv": [190, 22], "uv_size": [6, 6]},
								"down": {"uv": [190, 34], "uv_size": [6, -6]}
							}
						},
						{
							"origin": [-3.275, 18.4, -1.875],
							"size": [1, 2, 1],
							"pivot": [-3.025, 19.65, -1.725],
							"rotation": [0, 0, -22.5],
							"uv": {
								"north": {"uv": [140, 236], "uv_size": [2, 4]},
								"east": {"uv": [142, 236], "uv_size": [2, 4]},
								"south": {"uv": [144, 236], "uv_size": [2, 4]},
								"west": {"uv": [146, 236], "uv_size": [2, 4]},
								"up": {"uv": [246, 4], "uv_size": [2, 2]},
								"down": {"uv": [6, 248], "uv_size": [2, -2]}
							}
						}
					]
				},
				{
					"name": "RightHandLocator",
					"parent": "RightHand",
					"pivot": [-4.125, 19.175, 0.025]
				},
				{
					"name": "LeftArm",
					"pivot": [4.4, 31.85, 0],
					"rotation": [7.38733, -1.29876, -12.58385],
					"cubes": [
						{
							"origin": [3.05, 29.4, -1.5],
							"size": [2.05, 3.2, 3.05],
							"pivot": [3.775, 31.4, 0.025],
							"rotation": [5, 0, -5],
							"uv": {
								"north": {"uv": [206, 180], "uv_size": [4, 6]},
								"east": {"uv": [30, 190], "uv_size": [6, 6]},
								"south": {"uv": [202, 206], "uv_size": [4, 6]},
								"west": {"uv": [190, 34], "uv_size": [6, 6]},
								"up": {"uv": [206, 206], "uv_size": [4, 6]},
								"down": {"uv": [208, 16], "uv_size": [4, -6]}
							}
						},
						{
							"origin": [2.7, 27.9, -1.4],
							"size": [3, 1, 3],
							"uv": {
								"north": {"uv": [226, 148], "uv_size": [6, 2]},
								"east": {"uv": [226, 150], "uv_size": [6, 2]},
								"south": {"uv": [226, 152], "uv_size": [6, 2]},
								"west": {"uv": [226, 154], "uv_size": [6, 2]},
								"up": {"uv": [190, 46], "uv_size": [6, 6]},
								"down": {"uv": [190, 94], "uv_size": [6, -6]}
							}
						},
						{
							"origin": [2.8, 25.9, -1.3],
							"size": [2.8, 2, 2.8],
							"uv": {
								"north": {"uv": [208, 16], "uv_size": [6, 4]},
								"east": {"uv": [208, 20], "uv_size": [6, 4]},
								"south": {"uv": [208, 24], "uv_size": [6, 4]},
								"west": {"uv": [208, 28], "uv_size": [6, 4]},
								"up": {"uv": [190, 94], "uv_size": [6, 6]},
								"down": {"uv": [36, 198], "uv_size": [6, -6]}
							}
						},
						{
							"origin": [2.75771, 24.94385, -0.92964],
							"size": [2.8, 2, 2],
							"pivot": [4.15771, 25.94385, 0.07036],
							"rotation": [-45.02728, -1.76749, 1.76833],
							"uv": {
								"north": {"uv": [208, 32], "uv_size": [6, 4]},
								"east": {"uv": [144, 222], "uv_size": [4, 4]},
								"south": {"uv": [208, 44], "uv_size": [6, 4]},
								"west": {"uv": [222, 144], "uv_size": [4, 4]},
								"up": {"uv": [46, 208], "uv_size": [6, 4]},
								"down": {"uv": [208, 52], "uv_size": [6, -4]}
							}
						},
						{
							"origin": [2.85, 28.8, -1.25],
							"size": [2.7, 1.2, 2.7],
							"uv": {
								"north": {"uv": [226, 156], "uv_size": [6, 2]},
								"east": {"uv": [226, 158], "uv_size": [6, 2]},
								"south": {"uv": [226, 172], "uv_size": [6, 2]},
								"west": {"uv": [226, 174], "uv_size": [6, 2]},
								"up": {"uv": [192, 40], "uv_size": [6, 6]},
								"down": {"uv": [42, 198], "uv_size": [6, -6]}
							}
						},
						{
							"origin": [3.62001, 29.17191, -1.8127],
							"size": [2.05, 2.2, 3.05],
							"pivot": [4.64501, 30.52191, -0.2877],
							"rotation": [9.94676, -6.6694, 96.44319],
							"uv": {
								"north": {"uv": [222, 148], "uv_size": [4, 4]},
								"east": {"uv": [208, 52], "uv_size": [6, 4]},
								"south": {"uv": [222, 152], "uv_size": [4, 4]},
								"west": {"uv": [208, 56], "uv_size": [6, 4]},
								"up": {"uv": [208, 60], "uv_size": [4, 6]},
								"down": {"uv": [208, 72], "uv_size": [4, -6]}
							}
						}
					]
				},
				{
					"name": "jic",
					"parent": "LeftArm",
					"pivot": [8.51998, 31.12419, -0.99232],
					"rotation": [-5.06405, 7.45704, 21.84185],
					"cubes": [
						{
							"origin": [5.36668, 26.60697, -2.26549],
							"size": [2, 1, 1],
							"pivot": [6.36668, 27.10697, -1.76549],
							"rotation": [9.8892, -13.17538, -16.42535],
							"uv": {
								"north": {"uv": [236, 58], "uv_size": [4, 2]},
								"east": {"uv": [246, 6], "uv_size": [2, 2]},
								"south": {"uv": [236, 84], "uv_size": [4, 2]},
								"west": {"uv": [8, 246], "uv_size": [2, 2]},
								"up": {"uv": [236, 124], "uv_size": [4, 2]},
								"down": {"uv": [148, 238], "uv_size": [4, -2]}
							}
						},
						{
							"origin": [3.96741, 26.7703, -2.66776],
							"size": [2, 1, 1],
							"pivot": [4.96741, 27.2703, -2.16776],
							"rotation": [-2.5625, -16.2254, 30.08486],
							"uv": {
								"north": {"uv": [152, 236], "uv_size": [4, 2]},
								"east": {"uv": [246, 8], "uv_size": [2, 2]},
								"south": {"uv": [156, 236], "uv_size": [4, 2]},
								"west": {"uv": [10, 246], "uv_size": [2, 2]},
								"up": {"uv": [236, 158], "uv_size": [4, 2]},
								"down": {"uv": [160, 238], "uv_size": [4, -2]}
							}
						},
						{
							"origin": [2.8308, 27.39756, -2.41697],
							"size": [2, 1, 1],
							"pivot": [3.8308, 27.89756, -1.91697],
							"rotation": [-117.08715, 87.23629, -87.74578],
							"uv": {
								"north": {"uv": [164, 236], "uv_size": [4, 2]},
								"east": {"uv": [246, 10], "uv_size": [2, 2]},
								"south": {"uv": [168, 236], "uv_size": [4, 2]},
								"west": {"uv": [12, 246], "uv_size": [2, 2]},
								"up": {"uv": [236, 172], "uv_size": [4, 2]},
								"down": {"uv": [236, 176], "uv_size": [4, -2]}
							}
						},
						{
							"origin": [3.88723, 26.54377, -1.95593],
							"size": [2, 1.25, 1],
							"pivot": [4.88723, 27.04377, -1.45593],
							"rotation": [10.14297, -2.60358, 23.46724],
							"uv": {
								"north": {"uv": [236, 176], "uv_size": [4, 2]},
								"east": {"uv": [246, 12], "uv_size": [2, 2]},
								"south": {"uv": [236, 178], "uv_size": [4, 2]},
								"west": {"uv": [14, 246], "uv_size": [2, 2]},
								"up": {"uv": [236, 180], "uv_size": [4, 2]},
								"down": {"uv": [236, 184], "uv_size": [4, -2]}
							}
						},
						{
							"origin": [5.26865, 27.41772, -2.18464],
							"size": [5, 0.5, 1],
							"pivot": [8.76865, 27.66772, -1.68464],
							"rotation": [9.0437, 5.29455, -20.88264],
							"uv": {
								"north": {"uv": [212, 88], "uv_size": [10, 2]},
								"east": {"uv": [246, 14], "uv_size": [2, 2]},
								"south": {"uv": [212, 112], "uv_size": [10, 2]},
								"west": {"uv": [16, 246], "uv_size": [2, 2]},
								"up": {"uv": [212, 114], "uv_size": [10, 2]},
								"down": {"uv": [212, 118], "uv_size": [10, -2]}
							}
						},
						{
							"origin": [5.15285, 27.65288, -2.22409],
							"size": [5, 0.5, 1],
							"pivot": [8.65285, 27.90288, -1.72409],
							"rotation": [9.81742, 3.65193, -10.98792],
							"uv": {
								"north": {"uv": [212, 118], "uv_size": [10, 2]},
								"east": {"uv": [246, 16], "uv_size": [2, 2]},
								"south": {"uv": [212, 176], "uv_size": [10, 2]},
								"west": {"uv": [18, 246], "uv_size": [2, 2]},
								"up": {"uv": [212, 178], "uv_size": [10, 2]},
								"down": {"uv": [208, 214], "uv_size": [10, -2]}
							}
						},
						{
							"origin": [4.1798, 26.37334, 1.45844],
							"size": [2, 1, 1],
							"pivot": [5.83821, 27.62618, 1.78759],
							"rotation": [12.65445, 4.95806, 49.45353],
							"uv": {
								"north": {"uv": [236, 184], "uv_size": [4, 2]},
								"east": {"uv": [246, 18], "uv_size": [2, 2]},
								"south": {"uv": [236, 186], "uv_size": [4, 2]},
								"west": {"uv": [20, 246], "uv_size": [2, 2]},
								"up": {"uv": [236, 188], "uv_size": [4, 2]},
								"down": {"uv": [190, 238], "uv_size": [4, -2]}
							}
						},
						{
							"origin": [5.20499, 26.55472, 1.49744],
							"size": [2, 1, 1],
							"pivot": [6.20499, 27.05472, 1.99744],
							"rotation": [-2.02246, 12.44131, 4.50093],
							"uv": {
								"north": {"uv": [236, 190], "uv_size": [4, 2]},
								"east": {"uv": [246, 20], "uv_size": [2, 2]},
								"south": {"uv": [236, 192], "uv_size": [4, 2]},
								"west": {"uv": [22, 246], "uv_size": [2, 2]},
								"up": {"uv": [194, 236], "uv_size": [4, 2]},
								"down": {"uv": [236, 196], "uv_size": [4, -2]}
							}
						},
						{
							"origin": [4.21354, 26.16403, 1.09359],
							"size": [2, 1.25, 1],
							"pivot": [5.83821, 27.62618, 1.78759],
							"rotation": [1.21809, -7.21749, 40.50673],
							"uv": {
								"north": {"uv": [236, 196], "uv_size": [4, 2]},
								"east": {"uv": [246, 22], "uv_size": [2, 2]},
								"south": {"uv": [236, 198], "uv_size": [4, 2]},
								"west": {"uv": [24, 246], "uv_size": [2, 2]},
								"up": {"uv": [236, 200], "uv_size": [4, 2]},
								"down": {"uv": [236, 204], "uv_size": [4, -2]}
							}
						},
						{
							"origin": [3.16226, 27.8814, 1.17077],
							"size": [2, 1, 1],
							"pivot": [4.16226, 28.3814, 1.67077],
							"rotation": [154.7209, -65.59054, -108.93459],
							"uv": {
								"north": {"uv": [236, 204], "uv_size": [4, 2]},
								"east": {"uv": [246, 24], "uv_size": [2, 2]},
								"south": {"uv": [236, 206], "uv_size": [4, 2]},
								"west": {"uv": [26, 246], "uv_size": [2, 2]},
								"up": {"uv": [208, 236], "uv_size": [4, 2]},
								"down": {"uv": [236, 210], "uv_size": [4, -2]}
							}
						},
						{
							"origin": [5.14423, 27.07382, 1.09359],
							"size": [5, 0.5, 1],
							"pivot": [5.83821, 27.62618, 1.78759],
							"rotation": [5.14682, -5.2107, 5.3492],
							"uv": {
								"north": {"uv": [214, 4], "uv_size": [10, 2]},
								"east": {"uv": [246, 26], "uv_size": [2, 2]},
								"south": {"uv": [214, 6], "uv_size": [10, 2]},
								"west": {"uv": [28, 246], "uv_size": [2, 2]},
								"up": {"uv": [214, 8], "uv_size": [10, 2]},
								"down": {"uv": [214, 18], "uv_size": [10, -2]}
							}
						},
						{
							"origin": [5.06972, 26.32689, 1.09359],
							"size": [5, 0.5, 1],
							"pivot": [5.83821, 27.62618, 1.78759],
							"rotation": [5.9716, -4.23949, -4.63767],
							"uv": {
								"north": {"uv": [214, 18], "uv_size": [10, 2]},
								"east": {"uv": [246, 28], "uv_size": [2, 2]},
								"south": {"uv": [214, 20], "uv_size": [10, 2]},
								"west": {"uv": [30, 246], "uv_size": [2, 2]},
								"up": {"uv": [214, 22], "uv_size": [10, 2]},
								"down": {"uv": [214, 26], "uv_size": [10, -2]}
							}
						},
						{
							"origin": [2.80278, 28.56369, 2.16795],
							"size": [3, 2, 1],
							"pivot": [5.785, 29.26986, 2.33864],
							"rotation": [25.48298, -16.02769, -9.54895],
							"uv": {
								"north": {"uv": [208, 72], "uv_size": [6, 4]},
								"east": {"uv": [198, 236], "uv_size": [2, 4]},
								"south": {"uv": [208, 76], "uv_size": [6, 4]},
								"west": {"uv": [202, 236], "uv_size": [2, 4]},
								"up": {"uv": [226, 176], "uv_size": [6, 2]},
								"down": {"uv": [226, 180], "uv_size": [6, -2]}
							}
						},
						{
							"origin": [2.10135, 27.72355, 0.177],
							"size": [2, 2, 1],
							"pivot": [2.60135, 28.72355, 0.677],
							"rotation": [50.06448, -57.3639, -47.22047],
							"uv": {
								"north": {"uv": [222, 156], "uv_size": [4, 4]},
								"east": {"uv": [212, 236], "uv_size": [2, 4]},
								"south": {"uv": [160, 222], "uv_size": [4, 4]},
								"west": {"uv": [236, 214], "uv_size": [2, 4]},
								"up": {"uv": [236, 210], "uv_size": [4, 2]},
								"down": {"uv": [216, 238], "uv_size": [4, -2]}
							}
						},
						{
							"origin": [1.28919, 27.0573, -1.30382],
							"size": [3, 2, 1],
							"pivot": [2.78919, 28.0573, -0.80382],
							"rotation": [115.7472, -62.67107, -120.54873],
							"uv": {
								"north": {"uv": [208, 90], "uv_size": [6, 4]},
								"east": {"uv": [236, 220], "uv_size": [2, 4]},
								"south": {"uv": [208, 94], "uv_size": [6, 4]},
								"west": {"uv": [222, 236], "uv_size": [2, 4]},
								"up": {"uv": [226, 180], "uv_size": [6, 2]},
								"down": {"uv": [226, 184], "uv_size": [6, -2]}
							}
						},
						{
							"origin": [5.36545, 29.31176, 2.30369],
							"size": [3, 1, 1],
							"pivot": [6.86545, 29.81176, 2.80369],
							"rotation": [36.84085, -5.55712, -29.85805],
							"uv": {
								"north": {"uv": [184, 226], "uv_size": [6, 2]},
								"east": {"uv": [246, 30], "uv_size": [2, 2]},
								"south": {"uv": [226, 184], "uv_size": [6, 2]},
								"west": {"uv": [32, 246], "uv_size": [2, 2]},
								"up": {"uv": [226, 186], "uv_size": [6, 2]},
								"down": {"uv": [226, 190], "uv_size": [6, -2]}
							}
						},
						{
							"origin": [3.15366, 29.52934, 1.63869],
							"size": [5, 1, 1],
							"pivot": [5.785, 29.26986, 2.33864],
							"rotation": [28.25056, -26.07063, -17.97117],
							"uv": {
								"north": {"uv": [214, 26], "uv_size": [10, 2]},
								"east": {"uv": [246, 32], "uv_size": [2, 2]},
								"south": {"uv": [214, 28], "uv_size": [10, 2]},
								"west": {"uv": [34, 246], "uv_size": [2, 2]},
								"up": {"uv": [214, 30], "uv_size": [10, 2]},
								"down": {"uv": [214, 34], "uv_size": [10, -2]}
							}
						},
						{
							"origin": [5.07586, 30.01836, -1.60493],
							"size": [3, 1, 1],
							"pivot": [7.05295, 30.51836, -1.33249],
							"rotation": [-30.37821, -31.76482, -11.14732],
							"uv": {
								"north": {"uv": [226, 190], "uv_size": [6, 2]},
								"east": {"uv": [246, 34], "uv_size": [2, 2]},
								"south": {"uv": [226, 192], "uv_size": [6, 2]},
								"west": {"uv": [36, 246], "uv_size": [2, 2]},
								"up": {"uv": [226, 194], "uv_size": [6, 2]},
								"down": {"uv": [226, 202], "uv_size": [6, -2]}
							}
						},
						{
							"origin": [5.83947, 30.47664, -2.92665],
							"size": [1, 1, 1],
							"pivot": [6.08947, 30.72664, -2.67665],
							"rotation": [-92.2068, -40.51357, 38.92618],
							"uv": {
								"north": {"uv": [246, 36], "uv_size": [2, 2]},
								"east": {"uv": [38, 246], "uv_size": [2, 2]},
								"south": {"uv": [246, 38], "uv_size": [2, 2]},
								"west": {"uv": [40, 246], "uv_size": [2, 2]},
								"up": {"uv": [246, 40], "uv_size": [2, 2]},
								"down": {"uv": [42, 248], "uv_size": [2, -2]}
							}
						},
						{
							"origin": [6.24886, 26.89057, 0.08964],
							"size": [3, 1, 1],
							"pivot": [7.26438, 27.40524, 0.87419],
							"rotation": [60.32387, 18.5745, 81.91656],
							"uv": {
								"north": {"uv": [226, 202], "uv_size": [6, 2]},
								"east": {"uv": [246, 42], "uv_size": [2, 2]},
								"south": {"uv": [226, 204], "uv_size": [6, 2]},
								"west": {"uv": [44, 246], "uv_size": [2, 2]},
								"up": {"uv": [226, 206], "uv_size": [6, 2]},
								"down": {"uv": [226, 210], "uv_size": [6, -2]}
							}
						},
						{
							"origin": [6.1361, 26.75964, 0.24919],
							"size": [1, 1, 1],
							"pivot": [7.26438, 27.40524, 0.87419],
							"rotation": [102.79804, 11.99885, 123.77142],
							"uv": {
								"north": {"uv": [246, 44], "uv_size": [2, 2]},
								"east": {"uv": [46, 246], "uv_size": [2, 2]},
								"south": {"uv": [246, 46], "uv_size": [2, 2]},
								"west": {"uv": [48, 246], "uv_size": [2, 2]},
								"up": {"uv": [246, 48], "uv_size": [2, 2]},
								"down": {"uv": [50, 248], "uv_size": [2, -2]}
							}
						},
						{
							"origin": [5.71925, 27.68949, -0.96013],
							"size": [1, 1, 1],
							"pivot": [6.21925, 28.18949, -0.46013],
							"rotation": [76.50035, 36.28815, 104.42834],
							"uv": {
								"north": {"uv": [246, 50], "uv_size": [2, 2]},
								"east": {"uv": [52, 246], "uv_size": [2, 2]},
								"south": {"uv": [246, 52], "uv_size": [2, 2]},
								"west": {"uv": [54, 246], "uv_size": [2, 2]},
								"up": {"uv": [246, 54], "uv_size": [2, 2]},
								"down": {"uv": [56, 248], "uv_size": [2, -2]}
							}
						},
						{
							"origin": [5.21366, 29.62683, 0.0354],
							"size": [1, 1, 1],
							"pivot": [5.71366, 30.12683, 0.5354],
							"rotation": [87.91231, 38.34391, 123.14462],
							"uv": {
								"north": {"uv": [246, 56], "uv_size": [2, 2]},
								"east": {"uv": [58, 246], "uv_size": [2, 2]},
								"south": {"uv": [246, 58], "uv_size": [2, 2]},
								"west": {"uv": [60, 246], "uv_size": [2, 2]},
								"up": {"uv": [246, 60], "uv_size": [2, 2]},
								"down": {"uv": [62, 248], "uv_size": [2, -2]}
							}
						},
						{
							"origin": [5.95527, 30.95739, -0.91288],
							"size": [4, 1, 0.5],
							"pivot": [9.3379, 31.47602, -0.64367],
							"rotation": [-25.85484, -9.62078, -26.16667],
							"uv": {
								"north": {"uv": [222, 102], "uv_size": [8, 2]},
								"east": {"uv": [246, 62], "uv_size": [2, 2]},
								"south": {"uv": [222, 160], "uv_size": [8, 2]},
								"west": {"uv": [64, 246], "uv_size": [2, 2]},
								"up": {"uv": [222, 162], "uv_size": [8, 2]},
								"down": {"uv": [222, 166], "uv_size": [8, -2]}
							}
						},
						{
							"origin": [6.68482, 30.1899, -0.78521],
							"size": [3, 1, 0.5],
							"pivot": [8.18482, 30.6899, -0.53521],
							"rotation": [-22.99899, -2.85955, -29.43387],
							"uv": {
								"north": {"uv": [226, 210], "uv_size": [6, 2]},
								"east": {"uv": [246, 64], "uv_size": [2, 2]},
								"south": {"uv": [226, 212], "uv_size": [6, 2]},
								"west": {"uv": [66, 246], "uv_size": [2, 2]},
								"up": {"uv": [226, 214], "uv_size": [6, 2]},
								"down": {"uv": [216, 228], "uv_size": [6, -2]}
							}
						},
						{
							"origin": [8.29224, 30.95739, -0.90669],
							"size": [4, 1, 0.5],
							"pivot": [9.3379, 31.47602, -0.64367],
							"rotation": [-25.76256, 8.41884, -34.83864],
							"uv": {
								"north": {"uv": [222, 166], "uv_size": [8, 2]},
								"east": {"uv": [246, 66], "uv_size": [2, 2]},
								"south": {"uv": [168, 222], "uv_size": [8, 2]},
								"west": {"uv": [68, 246], "uv_size": [2, 2]},
								"up": {"uv": [222, 168], "uv_size": [8, 2]},
								"down": {"uv": [222, 172], "uv_size": [8, -2]}
							}
						},
						{
							"origin": [9.30392, 30.95739, -0.6482],
							"size": [3, 1, 0.5],
							"pivot": [9.3379, 31.47602, -0.64367],
							"rotation": [-26.1752, 12.91457, -37.06598],
							"uv": {
								"north": {"uv": [226, 216], "uv_size": [6, 2]},
								"east": {"uv": [246, 68], "uv_size": [2, 2]},
								"south": {"uv": [226, 218], "uv_size": [6, 2]},
								"west": {"uv": [70, 246], "uv_size": [2, 2]},
								"up": {"uv": [226, 220], "uv_size": [6, 2]},
								"down": {"uv": [222, 228], "uv_size": [6, -2]}
							}
						}
					]
				},
				{
					"name": "LeftForeArm",
					"parent": "LeftArm",
					"pivot": [3.875, 25.65, 0.025],
					"rotation": [-22.5, 0, 0],
					"cubes": [
						{
							"origin": [2.775, 19.9, -1.475],
							"size": [3, 6, 3],
							"uv": {
								"north": {"uv": [108, 156], "uv_size": [6, 12]},
								"east": {"uv": [44, 158], "uv_size": [6, 12]},
								"south": {"uv": [50, 158], "uv_size": [6, 12]},
								"west": {"uv": [92, 158], "uv_size": [6, 12]},
								"up": {"uv": [192, 52], "uv_size": [6, 6]},
								"down": {"uv": [192, 64], "uv_size": [6, -6]}
							}
						},
						{
							"origin": [4.9456, 21.94187, -1.20437],
							"size": [3, 0.5, 1],
							"pivot": [6.4787, 22.06353, -0.70437],
							"rotation": [20.63469, 17.57434, 38.52495],
							"uv": {
								"north": {"uv": [0, 228], "uv_size": [6, 2]},
								"east": {"uv": [246, 70], "uv_size": [2, 2]},
								"south": {"uv": [228, 4], "uv_size": [6, 2]},
								"west": {"uv": [72, 246], "uv_size": [2, 2]},
								"up": {"uv": [228, 6], "uv_size": [6, 2]},
								"down": {"uv": [228, 26], "uv_size": [6, -2]}
							}
						},
						{
							"origin": [4.98902, 21.6814, -1.20437],
							"size": [3, 0.5, 1],
							"pivot": [6.4787, 22.06353, -0.70437],
							"rotation": [17.33191, 20.83603, 28.5115],
							"uv": {
								"north": {"uv": [228, 26], "uv_size": [6, 2]},
								"east": {"uv": [246, 72], "uv_size": [2, 2]},
								"south": {"uv": [228, 28], "uv_size": [6, 2]},
								"west": {"uv": [74, 246], "uv_size": [2, 2]},
								"up": {"uv": [228, 32], "uv_size": [6, 2]},
								"down": {"uv": [228, 36], "uv_size": [6, -2]}
							}
						},
						{
							"origin": [4.23902, 21.1814, 1.45437],
							"size": [3, 0.5, 1],
							"pivot": [5.7287, 21.56353, 1.95437],
							"rotation": [-130.36044, -53.1391, 65.27172],
							"uv": {
								"north": {"uv": [228, 36], "uv_size": [6, 2]},
								"east": {"uv": [246, 74], "uv_size": [2, 2]},
								"south": {"uv": [228, 38], "uv_size": [6, 2]},
								"west": {"uv": [76, 246], "uv_size": [2, 2]},
								"up": {"uv": [228, 44], "uv_size": [6, 2]},
								"down": {"uv": [228, 48], "uv_size": [6, -2]}
							}
						},
						{
							"origin": [4.1956, 21.44187, 1.45437],
							"size": [3, 0.5, 1],
							"pivot": [5.7287, 21.56353, 1.95437],
							"rotation": [-123.403, -45.11829, 56.10182],
							"uv": {
								"north": {"uv": [228, 50], "uv_size": [6, 2]},
								"east": {"uv": [246, 76], "uv_size": [2, 2]},
								"south": {"uv": [228, 52], "uv_size": [6, 2]},
								"west": {"uv": [78, 246], "uv_size": [2, 2]},
								"up": {"uv": [228, 54], "uv_size": [6, 2]},
								"down": {"uv": [228, 58], "uv_size": [6, -2]}
							}
						},
						{
							"origin": [5.41865, 23.64414, -1.475],
							"size": [1, 3, 3],
							"pivot": [6.11865, 25.14414, 0.025],
							"rotation": [-43.25025, 1.82076, 23.67943],
							"uv": {
								"north": {"uv": [160, 226], "uv_size": [2, 6]},
								"east": {"uv": [192, 64], "uv_size": [6, 6]},
								"south": {"uv": [162, 226], "uv_size": [2, 6]},
								"west": {"uv": [68, 192], "uv_size": [6, 6]},
								"up": {"uv": [190, 226], "uv_size": [2, 6]},
								"down": {"uv": [202, 232], "uv_size": [2, -6]}
							}
						},
						{
							"origin": [5.09204, 19.77059, -0.475],
							"size": [1, 2, 2],
							"pivot": [5.79204, 21.27059, 0.025],
							"rotation": [-45, 0, -15],
							"uv": {
								"north": {"uv": [224, 236], "uv_size": [2, 4]},
								"east": {"uv": [222, 172], "uv_size": [4, 4]},
								"south": {"uv": [226, 236], "uv_size": [2, 4]},
								"west": {"uv": [222, 176], "uv_size": [4, 4]},
								"up": {"uv": [228, 236], "uv_size": [2, 4]},
								"down": {"uv": [230, 240], "uv_size": [2, -4]}
							}
						},
						{
							"origin": [5.87838, 23.21477, 0.05106],
							"size": [1, 3, 1],
							"pivot": [5.42095, 23.20317, 0.50195],
							"rotation": [67.65318, 25.52212, 27.05091],
							"uv": {
								"north": {"uv": [204, 226], "uv_size": [2, 6]},
								"east": {"uv": [36, 228], "uv_size": [2, 6]},
								"south": {"uv": [38, 228], "uv_size": [2, 6]},
								"west": {"uv": [52, 228], "uv_size": [2, 6]},
								"up": {"uv": [246, 78], "uv_size": [2, 2]},
								"down": {"uv": [80, 248], "uv_size": [2, -2]}
							}
						},
						{
							"origin": [4.29437, 23.63508, -3.03887],
							"size": [1, 3, 1],
							"pivot": [4.79437, 25.13508, -2.53887],
							"rotation": [35.66322, 65.01937, -14.53781],
							"uv": {
								"north": {"uv": [54, 228], "uv_size": [2, 6]},
								"east": {"uv": [228, 58], "uv_size": [2, 6]},
								"south": {"uv": [228, 64], "uv_size": [2, 6]},
								"west": {"uv": [228, 70], "uv_size": [2, 6]},
								"up": {"uv": [246, 80], "uv_size": [2, 2]},
								"down": {"uv": [82, 248], "uv_size": [2, -2]}
							}
						},
						{
							"origin": [5.78652, 21.71254, 0.05106],
							"size": [1, 2, 1],
							"pivot": [5.42095, 23.20317, 0.50195],
							"rotation": [69.7826, 6.85803, 34.57699],
							"uv": {
								"north": {"uv": [232, 236], "uv_size": [2, 4]},
								"east": {"uv": [234, 236], "uv_size": [2, 4]},
								"south": {"uv": [236, 236], "uv_size": [2, 4]},
								"west": {"uv": [0, 238], "uv_size": [2, 4]},
								"up": {"uv": [246, 82], "uv_size": [2, 2]},
								"down": {"uv": [84, 248], "uv_size": [2, -2]}
							}
						},
						{
							"origin": [6.39466, 21.64047, 0.05106],
							"size": [1, 2, 1],
							"pivot": [5.42095, 23.20317, 0.50195],
							"rotation": [58.92082, -48.34398, 61.33884],
							"uv": {
								"north": {"uv": [2, 238], "uv_size": [2, 4]},
								"east": {"uv": [4, 238], "uv_size": [2, 4]},
								"south": {"uv": [6, 238], "uv_size": [2, 4]},
								"west": {"uv": [8, 238], "uv_size": [2, 4]},
								"up": {"uv": [246, 84], "uv_size": [2, 2]},
								"down": {"uv": [86, 248], "uv_size": [2, -2]}
							}
						},
						{
							"origin": [6.79939, 22.02814, 0.05106],
							"size": [1, 2, 1],
							"pivot": [5.42095, 23.20317, 0.50195],
							"rotation": [-43.38395, -61.82895, 174.08845],
							"uv": {
								"north": {"uv": [10, 238], "uv_size": [2, 4]},
								"east": {"uv": [12, 238], "uv_size": [2, 4]},
								"south": {"uv": [14, 238], "uv_size": [2, 4]},
								"west": {"uv": [238, 14], "uv_size": [2, 4]},
								"up": {"uv": [246, 86], "uv_size": [2, 2]},
								"down": {"uv": [88, 248], "uv_size": [2, -2]}
							}
						}
					]
				},
				{
					"name": "LeftHand",
					"parent": "LeftForeArm",
					"pivot": [4.48668, 19.70735, -0.175],
					"cubes": [
						{
							"origin": [2.775, 17, -1.475],
							"size": [3, 3, 3],
							"pivot": [4.275, 18.4, 0.025],
							"rotation": [0, 7.5, 7.5],
							"uv": {
								"north": {"uv": [192, 70], "uv_size": [6, 6]},
								"east": {"uv": [192, 76], "uv_size": [6, 6]},
								"south": {"uv": [192, 82], "uv_size": [6, 6]},
								"west": {"uv": [90, 192], "uv_size": [6, 6]},
								"up": {"uv": [192, 100], "uv_size": [6, 6]},
								"down": {"uv": [192, 112], "uv_size": [6, -6]}
							}
						},
						{
							"origin": [2.025, 18.15, -1.875],
							"size": [1, 2, 1],
							"pivot": [3.025, 18.65, -1.725],
							"rotation": [0, 0, 22.5],
							"uv": {
								"north": {"uv": [20, 238], "uv_size": [2, 4]},
								"east": {"uv": [22, 238], "uv_size": [2, 4]},
								"south": {"uv": [24, 238], "uv_size": [2, 4]},
								"west": {"uv": [26, 238], "uv_size": [2, 4]},
								"up": {"uv": [246, 88], "uv_size": [2, 2]},
								"down": {"uv": [90, 248], "uv_size": [2, -2]}
							}
						}
					]
				},
				{
					"name": "LeftHandLocator",
					"parent": "LeftHand",
					"pivot": [4.125, 18.675, 0.025]
				}
			]
		}
	]
}