{
	"format_version": "1.12.0",
	"minecraft:geometry": [
		{
			"description": {
				"identifier": "geometry.default",
				"texture_width": 128,
				"texture_height": 128,
				"visible_bounds_width": 5,
				"visible_bounds_height": 4.5,
				"visible_bounds_offset": [0, 1.75, 0]
			},
			"bones": [
				{
					"name": "LeftArm",
					"pivot": [4.4, 29.6, 0],
					"rotation": [0, 0, -15],
					"cubes": [
						{"origin": [2.75, 24.55, -1.5], "size": [3.05, 6.2, 3.05], "uv": [56, 14]}
					]
				},
				{
					"name": "LeftForeArm",
					"parent": "LeftArm",
					"pivot": [3.875, 24.4, 0.025],
					"cubes": [
						{"origin": [2.85, 23.57586, -0.85842], "size": [2.85, 2.1, 2.1], "pivot": [4.275, 24.82586, 0.09158], "rotation": [-45, 0, 0], "uv": [46, 75]},
						{"origin": [2.775, 18.65, -1.475], "size": [3, 6, 3], "uv": [34, 53]}
					]
				},
				{
					"name": "LeftHand",
					"parent": "LeftForeArm",
					"pivot": [4.375, 18.925, 0.025],
					"cubes": [
						{"origin": [3.275, 18.15, -1.275], "size": [2.225, 2.1, 2], "pivot": [0, 18.65, -0.575], "rotation": [-45, 0, 0], "uv": [32, 75]},
						{"origin": [3.15, 17.225, -1.075], "size": [2.375, 2.425, 2.325], "uv": [73, 0]},
						{"origin": [3.025, 17.825, -1.3], "size": [2.6, 0.825, 2.65], "uv": [119, 63]}
					]
				},
				{
					"name": "LeftHandLocator",
					"parent": "LeftHand",
					"pivot": [4.375, 17.925, 0.025]
				},
				{
					"name": "RightArm",
					"pivot": [-4.4, 29.6, 0],
					"rotation": [0, 0, 15],
					"cubes": [
						{"origin": [-5.8, 24.55, -1.5], "size": [3.05, 6.2, 3.05], "uv": [56, 14], "mirror": true}
					]
				},
				{
					"name": "RightForeArm",
					"parent": "RightArm",
					"pivot": [-3.875, 24.4, 0.025],
					"cubes": [
						{"origin": [-5.7, 23.74946, -2.88089], "size": [2.85, 2.1, 2.1], "pivot": [-5.02329, 22.47133, -1.12921], "rotation": [-45, 0, 0], "uv": [72, 47]},
						{"origin": [-5.775, 18.65, -1.475], "size": [3, 6, 3], "uv": [34, 53], "mirror": true}
					]
				},
				{
					"name": "RightHand",
					"parent": "RightForeArm",
					"pivot": [-4.375, 18.925, 0.025],
					"cubes": [
						{"origin": [-5.55, 18.15, -1.275], "size": [2.475, 2.1, 2], "pivot": [0, 18.65, -0.575], "rotation": [-45, 0, 0], "uv": [72, 31]},
						{"origin": [-5.575, 17, -1.15], "size": [2.5, 2, 2.15], "uv": [8, 67]},
						{"origin": [-5.675, 17.725, -1.3], "size": [2.75, 0.925, 2.575], "uv": [19, 0]}
					]
				},
				{
					"name": "RightHandLocator",
					"parent": "RightHand",
					"pivot": [-4.375, 17.925, 0.025]
				}
			]
		}
	]
}