{
	"format_version": "1.8.0",
	"animations": {
		"water": {
			"loop": true
		},
		"fire": {
			"loop": true
		},
		"ground": {
			"loop": true
		},
		"air": {
			"loop": "hold_on_last_frame"
		},
		"parallel0": {
			"loop": true
		},
		"parallel1": {
			"loop": true
		},
		"parallel2": {
			"loop": true
		},
		"parallel3": {
			"loop": true
		},
		"parallel4": {
			"loop": true
		},
		"parallel5": {
			"loop": true
		},
		"parallel6": {
			"loop": true
		},
		"parallel7": {
			"loop": true
		}
	},
	"geckolib_format_version": 2
}