{
	"format_version": "1.8.0",
	"animations": {
		"idle": {
			"loop": true,
			"animation_length": 10.0417,
			"bones": {
				"1": {
					"position": {
						"3.0": [0, 0, 0],
						"3.2083": [0, 0, 0.40625]
					}
				},
				"3": {
					"position": {
						"6.5": [0, 0, 0],
						"6.5833": [0, 0, 0.42969]
					}
				},
				"RightArm": {
					"rotation": {
						"0.0": [0, 0, 0],
						"1.0": [0, 0, 17],
						"2.0": [0, 0, 0],
						"3.0": [0, 0, 17],
						"4.0": [0, 0, 0],
						"5.0": [0, 0, 17],
						"6.0": [0, 0, 0],
						"7.0": [0, 0, 17],
						"8.0": [0, 0, 0],
						"9.0": [0, 0, 17],
						"10.0": [0, 0, 0]
					}
				},
				"LeftLowerLeg": {
					"rotation": [2, 0, 0]
				},
				"UpperBody": {
					"position": {
						"0.0": [0, 0, 0],
						"1.0": [0, -0.80078, 0],
						"2.0": [0, 0, 0],
						"3.0": [0, -0.80078, 0],
						"4.0": [0, 0, 0],
						"5.0": [0, -0.80078, 0],
						"6.0": [0, 0, 0],
						"7.0": [0, -0.80078, 0],
						"8.0": [0, 0, 0],
						"8.0417": [0, 0, 0],
						"9.0417": [0, -0.80078, 0],
						"10.0417": [0, 0, 0]
					}
				},
				"LeftArm": {
					"rotation": {
						"0.0": [0, 0, 0],
						"1.0": [0, 0, -14],
						"2.0": [0, 0, 0],
						"3.0": [0, 0, -14],
						"4.0": [0, 0, 0],
						"5.0": [0, 0, -14],
						"6.0": [0, 0, 0],
						"7.0": [0, 0, -14],
						"8.0": [0, 0, 0],
						"9.0": [0, 0, -14],
						"10.0": [0, 0, 0]
					}
				}
			}
		},
		"walk": {
			"loop": true,
			"animation_length": 1.0417,
			"bones": {
				"RightArm": {
					"rotation": {
						"0.0": [-42, 0, 0],
						"0.25": [10, 0, 0],
						"0.5": [47, 0, 0],
						"0.75": [10, 0, 0],
						"1.0": [-42, 0, 0]
					}
				},
				"RightForeArm": {
					"rotation": [-33, 0, 0]
				},
				"LeftLeg": {
					"rotation": {
						"0.0": [-25, 0, 0],
						"0.25": [-17.5, 0, 0],
						"0.5": [10.5, 0, 0],
						"0.75": [3.5, 0, 0],
						"1.0": [-25, 0, 0]
					}
				},
				"LeftLowerLeg": {
					"rotation": {
						"0.0": [16, 0, 0],
						"0.25": [16.5, 0, 0],
						"0.75": [14.5, 0, 0],
						"1.0": [7.5, 0, 0]
					}
				},
				"RightLeg": {
					"rotation": {
						"0.0": [8, 0, 0],
						"0.25": [-4, 0, 0],
						"0.5": [-35, 0, 0],
						"0.75": [-11, 0, 0],
						"1.0": [8, 0, 0]
					}
				},
				"RightLowerLeg": {
					"rotation": {
						"0.0": [6, 0, 0],
						"0.75": [11, 0, 0]
					}
				},
				"LeftArm": {
					"rotation": {
						"0.0": [38, 0, 0],
						"0.25": [6, 0, 0],
						"0.5": [-43, 0, 0],
						"0.75": [6, 0, 0],
						"1.0": [38, 0, 0]
					}
				},
				"LeftForeArm": {
					"rotation": [-34, 0, 0]
				}
			}
		},
		"run": {
			"loop": true,
			"animation_length": 0.7083,
			"bones": {
				"1": {
					"position": [0, 0, 0.55859]
				},
				"RightArm": {
					"rotation": {
						"0.0": [-42, 0, 0],
						"0.1667": [10, 0, 0],
						"0.3333": [47, 0, 0],
						"0.5": [10, 0, 0],
						"0.6667": [-42, 0, 0]
					}
				},
				"RightForeArm": {
					"rotation": [-33, 0, 0]
				},
				"LeftLeg": {
					"rotation": {
						"0.0": [-25, 0, 0],
						"0.1667": [-17.5, 0, 0],
						"0.3333": [10.5, 0, 0],
						"0.5": [3.5, 0, 0],
						"0.6667": [-25, 0, 0]
					}
				},
				"LeftLowerLeg": {
					"rotation": {
						"0.0": [16, 0, 0],
						"0.2083": [16.5, 0, 0],
						"0.5": [14.5, 0, 0],
						"0.6667": [7.5, 0, 0]
					}
				},
				"RightLeg": {
					"rotation": {
						"0.0": [8, 0, 0],
						"0.1667": [-4, 0, 0],
						"0.3333": [-35, 0, 0],
						"0.5": [-11, 0, 0],
						"0.6667": [8, 0, 0]
					}
				},
				"RightLowerLeg": {
					"rotation": {
						"0.0": [6, 0, 0],
						"0.5": [11, 0, 0]
					}
				},
				"LeftArm": {
					"rotation": {
						"0.0": [38, 0, 0],
						"0.1667": [6, 0, 0],
						"0.3333": [-43, 0, 0],
						"0.5": [6, 0, 0],
						"0.6667": [38, 0, 0]
					}
				},
				"LeftForeArm": {
					"rotation": [-34, 0, 0]
				}
			}
		},
		"jump": {
			"loop": true,
			"animation_length": 0.75,
			"bones": {
				"3": {
					"position": [0, 0, 0.05078]
				},
				"RightArm": {
					"rotation": {
						"0.0": [-14, 0, 34],
						"0.2917": [-13.89971, 1.68949, 40.79404],
						"0.7083": [-14, 0, 34]
					}
				},
				"LeftLeg": {
					"rotation": {
						"0.0": [-5, 0, 0],
						"0.7083": [-5, 0, 0]
					}
				},
				"LeftLowerLeg": {
					"rotation": {
						"0.0": [25, 0, 0],
						"0.2917": [32, 0, 0],
						"0.7083": [25, 0, 0]
					}
				},
				"RightLeg": {
					"rotation": {
						"0.0": [-46, 0, 0],
						"0.2917": [-50, 0, 0],
						"0.7083": [-46, 0, 0]
					}
				},
				"RightLowerLeg": {
					"rotation": {
						"0.0": [49, 0, 0],
						"0.2917": [54, 0, 0],
						"0.7083": [49, 0, 0]
					}
				},
				"RightForeArm": {
					"rotation": {
						"0.0": [-36, 0, 0],
						"0.7083": [-36, 0, 0]
					}
				},
				"LeftArm": {
					"rotation": {
						"0.0": [-32.9003, -2.72076, -25.19651],
						"0.2917": [-32.32413, -7.0374, -31.95815],
						"0.7083": [-32.9003, -2.72076, -25.19651]
					}
				},
				"LeftForeArm": {
					"rotation": {
						"0.0": [-34, 0, 0],
						"0.7083": [-34, 0, 0]
					}
				}
			}
		},
		"sneak": {
			"loop": true,
			"animation_length": 1,
			"bones": {
				"1": {
					"position": [0, 0, 0.69531]
				},
				"2": {
					"position": [0, 0, -0.70312]
				},
				"RightArm": {
					"rotation": {
						"0.0": [-64.23074, -13.56626, -6.46066],
						"0.5417": [-63.45865, -18.95295, -9.2147],
						"1.0": [-64.23074, -13.56626, -6.46066]
					}
				},
				"Root": {
					"position": [0, -7.55859, 0]
				},
				"UpperBody": {
					"rotation": [5, 0, 0]
				},
				"LeftArm": {
					"rotation": {
						"0.0": [50, 0, 0],
						"0.5833": [72, 0, 0],
						"1.0": [50, 0, 0]
					}
				},
				"LeftForeArm": {
					"rotation": [-75, 0, 0]
				},
				"RightForeArm": {
					"rotation": [0, -82.5, -37.5]
				},
				"LeftLeg": {
					"rotation": {
						"0.0": [-10, 0, 0],
						"0.25": [-33, 0, 0],
						"0.5": [-88, 0, 0],
						"0.75": [-58, 0, 0],
						"1.0": [-10, 0, 0]
					}
				},
				"LeftLowerLeg": {
					"rotation": {
						"0.0": [105, 0, 0],
						"0.25": [99.5, 0, 0],
						"0.5": [100, 0, 0],
						"0.75": [117.5, 0, 0],
						"1.0": [105, 0, 0]
					}
				},
				"RightLeg": {
					"rotation": {
						"0.0": [-82.5, 0, 0],
						"0.25": [-51.5, 0, 0],
						"0.5": [-11.5, 0, 0],
						"0.75": [-39, 0, 0],
						"1.0": [-82.5, 0, 0]
					}
				},
				"RightLowerLeg": {
					"rotation": {
						"0.0": [112.5, 0, 0],
						"0.25": [109.5, 0, 0],
						"0.5": [86.5, 0, 0],
						"0.75": [109, 0, 0],
						"1.0": [112.5, 0, 0]
					}
				}
			}
		},
		"sneaking": {
			"loop": true,
			"bones": {
				"RightArm": {
					"rotation": [-64.23074, -13.56626, -6.46066]
				},
				"RightForeArm": {
					"rotation": [0, -82.5, -37.5]
				},
				"LeftLeg": {
					"rotation": [-10, 0, 0]
				},
				"LeftLowerLeg": {
					"rotation": [105, 0, 0]
				},
				"RightLeg": {
					"rotation": [-82.5, 0, 0]
				},
				"RightLowerLeg": {
					"rotation": [112.5, 0, 0]
				},
				"Root": {
					"position": [0, -7.50391, 0]
				},
				"UpperBody": {
					"rotation": [5, 0, 0]
				},
				"LeftArm": {
					"rotation": [50, 0, 0]
				},
				"LeftForeArm": {
					"rotation": [-75, 0, 0]
				}
			}
		},
		"swim": {
			"loop": true,
			"animation_length": 1,
			"bones": {
				"RightArm": {
					"rotation": {
						"0.0": [54, 0, 0],
						"0.25": [51.28256, -19.993, 15.3277],
						"0.5": [42.08165, -37.63094, 34.06536],
						"0.75": [51.28256, -19.993, 15.3277],
						"1.0": [54, 0, 0]
					}
				},
				"RightForeArm": {
					"rotation": {
						"0.0": [0, 0, 0],
						"0.25": [0, 0, 25],
						"0.5": [0, 0, 20],
						"0.75": [0, 0, 25],
						"1.0": [0, 0, 0]
					}
				},
				"LeftLeg": {
					"rotation": {
						"0.0": [-5, 0, 0],
						"0.25": [18, 0, 0],
						"0.5": [22, 0, 0],
						"0.75": [2, 0, 0],
						"1.0": [-5, 0, 0]
					}
				},
				"LeftLowerLeg": {
					"rotation": {
						"0.0": [25, 0, 0],
						"0.25": [-3, 0, 0],
						"0.5": [39, 0, 0],
						"0.75": [49, 0, 0],
						"1.0": [25, 0, 0]
					}
				},
				"RightLeg": {
					"rotation": {
						"0.0": [21, 0, 0],
						"0.25": [-11, 0, 0],
						"0.2917": [2, 0, 0],
						"0.5": [-16, 0, 0],
						"0.75": [12, 0, 0],
						"1.0": [21, 0, 0]
					}
				},
				"RightLowerLeg": {
					"rotation": {
						"0.0": [29, 0, 0],
						"0.25": [58, 0, 0],
						"0.2917": [44, 0, 0],
						"0.5": [26, 0, 0],
						"0.75": [0, 0, 0],
						"1.0": [29, 0, 0]
					}
				},
				"Root": {
					"rotation": [55, 0, 0],
					"position": [0, 1.15234, 13.60547]
				},
				"UpperBody": {
					"rotation": [-24, 0, 0],
					"position": [0, 0, 2.18359]
				},
				"LeftArm": {
					"rotation": {
						"0.0": [54, 0, 0],
						"0.25": [51.28256, 19.993, -15.3277],
						"0.5": [43.18866, 36.27614, -32.22415],
						"0.75": [51.28256, 19.993, -15.3277],
						"1.0": [54, 0, 0]
					}
				},
				"LeftForeArm": {
					"rotation": {
						"0.0": [0, 0, 0],
						"0.25": [0, 0, -25],
						"0.5": [0, 0, -20],
						"0.75": [0, 0, -25],
						"1.0": [0, 0, 0]
					}
				}
			}
		},
		"swim_stand": {
			"loop": true,
			"animation_length": 1,
			"bones": {
				"1": {
					"position": [0, 0, 0.44531]
				},
				"3": {
					"position": {
						"0.5": [0, 0, 0],
						"1.0": [0, 0, 0.59766]
					}
				},
				"LeftArm": {
					"rotation": {
						"0.0": [-20, 0, -70],
						"0.25": [0, 0, -70],
						"0.5": [20, 0, -70],
						"0.75": [0, 0, -70],
						"1.0": [-20, 0, -70]
					}
				},
				"LeftForeArm": {
					"rotation": [-35, 0, 0]
				},
				"RightArm": {
					"rotation": {
						"0.0": [-20, 0, 70],
						"0.25": [0, 0, 70],
						"0.5": [19, 0, 70],
						"0.75": [0, 0, 70],
						"1.0": [-20, 0, 70]
					}
				},
				"RightForeArm": {
					"rotation": [-35, 0, 0]
				},
				"LeftLeg": {
					"rotation": {
						"0.0": [-10, 0, 0],
						"0.25": [0, 0, 0],
						"0.5": [9, 0, 0],
						"0.75": [-18, 0, 0],
						"1.0": [-10, 0, 0]
					}
				},
				"LeftLowerLeg": {
					"rotation": {
						"0.0": [10, 0, 0],
						"0.25": [-2, 0, 0],
						"0.5": [7, 0, 0],
						"0.75": [22, 0, 0],
						"1.0": [10, 0, 0]
					}
				},
				"RightLeg": {
					"rotation": {
						"0.0": [0, 0, 0],
						"0.25": [-18, 0, 0],
						"0.5": [-30, 0, 0],
						"0.75": [-5, 0, 0],
						"1.0": [0, 0, 0]
					}
				},
				"RightLowerLeg": {
					"rotation": {
						"0.0": [25, 0, 0],
						"0.5": [33, 0, 0],
						"0.75": [3, 0, 0],
						"1.0": [25, 0, 0]
					}
				}
			}
		},
		"fly": {
			"loop": true,
			"animation_length": 0.75,
			"bones": {
				"UpperBody": {
					"rotation": [7.5, 0, 0]
				},
				"LeftArm": {
					"rotation": {
						"0.0": [-32.49795, -16.96519, -10.68233],
						"0.375": [-27.95012, -24.04438, -23.59268],
						"0.75": [-32.49795, -16.96519, -10.68233]
					}
				},
				"LeftForeArm": {
					"rotation": {
						"0.0": [-20.94102, 8.42106, 20.94102],
						"0.375": [-19.25656, 11.86554, 30.48005],
						"0.75": [-20.94102, 8.42106, 20.94102]
					}
				},
				"RightArm": {
					"rotation": {
						"0.0": [-24.94591, 7.57482, 15.82213],
						"0.375": [-22.58049, 13.24105, 28.84517],
						"0.75": [-24.94591, 7.57482, 15.82213]
					}
				},
				"RightForeArm": {
					"rotation": {
						"0.0": [-32.5, 0, 0],
						"0.375": [-31.06315, -10.07445, -16.19345],
						"0.75": [-32.5, 0, 0]
					}
				},
				"LeftLeg": {
					"rotation": {
						"0.0": [-8, 0, 0],
						"0.375": [-13, 0, 0],
						"0.75": [-8, 0, 0]
					}
				},
				"LeftLowerLeg": {
					"rotation": {
						"0.0": [24, 0, 0],
						"0.375": [30, 0, 0],
						"0.75": [24, 0, 0]
					}
				},
				"RightLeg": {
					"rotation": {
						"0.0": [-58, 0, 0],
						"0.375": [-53, 0, 0],
						"0.75": [-58, 0, 0]
					}
				},
				"RightLowerLeg": {
					"rotation": {
						"0.0": [94, 0, 0],
						"0.3333": [90, 0, 0],
						"0.75": [94, 0, 0]
					}
				}
			}
		},
		"elytra_fly": {
			"loop": true,
			"animation_length": 0.3333,
			"bones": {
				"1": {
					"position": {
						"0.0": [0, 0, 0],
						"0.25": [0, 0, 0.25391]
					}
				},
				"2": {
					"position": [0, 0, -0.60937]
				},
				"Root": {
					"rotation": [65, 0, 0],
					"position": [0, -4, 10]
				},
				"UpperBody": {
					"rotation": [-40, 0, 0],
					"position": [0, -1, 3.79688]
				},
				"LeftArm": {
					"rotation": {
						"0.0": [65, 0, 0],
						"0.1667": [70, 0, 0],
						"0.3333": [65, 0, 0]
					}
				},
				"RightArm": {
					"rotation": {
						"0.0": [65, 0, 0],
						"0.1667": [73.5, 0, 0],
						"0.3333": [65, 0, 0]
					}
				},
				"LeftLeg": {
					"rotation": {
						"0.0": [21, 0, 0],
						"0.1667": [24, 0, 0],
						"0.25": [21, 0, 0]
					}
				},
				"LeftLowerLeg": {
					"rotation": {
						"0.0": [3, 0, 0],
						"0.1667": [7, 0, 0],
						"0.3333": [3, 0, 0]
					}
				},
				"RightLeg": {
					"rotation": {
						"0.0": [14.5, 0, 0],
						"0.1667": [18.5, 0, 0]
					}
				},
				"RightLowerLeg": {
					"rotation": {
						"0.0": [6, 0, 0],
						"0.1667": [13, 0, 0],
						"0.3333": [6, 0, 0]
					}
				}
			}
		},
		"sit": {
			"loop": true,
			"animation_length": 6.0417,
			"bones": {
				"1": {
					"position": {
						"2.0417": [0, 0, 0],
						"2.125": [0, 0, 0.74609]
					}
				},
				"3": {
					"position": [0, 0, 0.46094]
				},
				"LeftArm": {
					"rotation": [7, 0, 100]
				},
				"LeftForeArm": {
					"rotation": [0, 0, 5]
				},
				"RightArm": {
					"rotation": [4, 0, -90]
				},
				"LeftLeg": {
					"rotation": [-158.5, 0, 0]
				},
				"LeftLowerLeg": {
					"rotation": [232.5, 0, 0]
				},
				"RightLeg": {
					"rotation": [-165, 0, 0]
				},
				"RightLowerLeg": {
					"rotation": [232.5, 0, 0]
				}
			}
		},
		"ride": {
			"loop": true,
			"bones": {
				"Root": {
					"position": [0, -5.18359, 0]
				},
				"LeftArm": {
					"rotation": [-60.2616, 12.21553, 6.89228]
				},
				"LeftForeArm": {
					"rotation": [0, 0, 25]
				},
				"RightArm": {
					"rotation": [-64.23074, -13.56626, -6.46066]
				},
				"RightForeArm": {
					"rotation": [0, 0, -25]
				},
				"LeftLeg": {
					"rotation": [-24.72484, -13.57605, -27.01112]
				},
				"LeftLowerLeg": {
					"rotation": [46.36814, -8.74615, 8.24832]
				},
				"RightLeg": {
					"rotation": [-23.07368, 9.89798, 21.97478]
				},
				"RightLowerLeg": {
					"rotation": [31.43388, 6.32548, -10.2183]
				}
			}
		},
		"ride_pig": {
			"animation_length": 0.375,
			"bones": {
				"LongHead": {
					"rotation": [17.5, 0, 0]
				},
				"Root": {
					"position": [0, -6.27734, 0]
				},
				"LeftArm": {
					"rotation": [-60.2616, 12.21553, 6.89228]
				},
				"LeftForeArm": {
					"rotation": [0, 0, 25]
				},
				"RightArm": {
					"rotation": [-64.23074, -13.56626, -6.46066]
				},
				"RightForeArm": {
					"rotation": [0, 0, -25]
				},
				"LeftLeg": {
					"rotation": [-52.22484, -13.57605, -27.01112]
				},
				"LeftLowerLeg": {
					"rotation": [101.36814, -8.74615, 8.24832]
				},
				"RightLeg": {
					"rotation": [-55.57368, 9.89798, 21.97478]
				},
				"RightLowerLeg": {
					"rotation": [98.93388, 6.32548, -10.2183]
				}
			}
		},
		"boat": {
			"loop": true,
			"bones": {
				"LeftArm": {
					"rotation": [10, 0, -42]
				},
				"LeftForeArm": {
					"rotation": [-62, 0, 0]
				},
				"RightArm": {
					"rotation": [10, 0, 42]
				},
				"RightForeArm": {
					"rotation": [-62, 0, 0]
				},
				"LeftLeg": {
					"rotation": [-170, 0, 0]
				},
				"LeftLowerLeg": {
					"rotation": [177.5, 0, 0]
				},
				"RightLeg": {
					"rotation": [-170, 0, 0]
				},
				"RightLowerLeg": {
					"rotation": [177.5, 0, 0],
					"position": [0, 0.50391, 0]
				}
			}
		},
		"climb": {
			"loop": true,
			"animation_length": 1,
			"bones": {
				"1": {
					"position": [0, 0, 0.54297]
				},
				"3": {
					"position": [0, 0, 0.49609]
				},
				"LeftArm": {
					"rotation": [72.5, 0, 0]
				},
				"LeftForeArm": {
					"rotation": [-145, 0, 0]
				},
				"RightArm": {
					"rotation": [72.5, 0, 0]
				},
				"RightForeArm": {
					"rotation": [-145, 0, 0]
				},
				"LeftLeg": {
					"rotation": [-170, 0, 0]
				},
				"LeftLowerLeg": {
					"rotation": [174, 0, 0]
				},
				"RightLeg": {
					"rotation": [-170, 0, 0],
					"position": [0, -0.39453, 0]
				},
				"RightLowerLeg": {
					"rotation": [174, 0, 0]
				},
				"bone2": {
					"rotation": {
						"0.0": [0, 0, 0],
						"0.5": [180, 0, 0],
						"1.0": [360, 0, 0]
					},
					"position": [0, 0, 0]
				},
				"bone": {
					"rotation": {
						"0.0": [0, 0, 0],
						"0.5": [180, 0, 0],
						"1.0": [360, 0, 0]
					}
				}
			}
		},
		"climbing": {
			"loop": true,
			"bones": {
				"1": {
					"position": [0, 0, 0.64844]
				},
				"3": {
					"position": [0, 0, 0.27734]
				},
				"LeftArm": {
					"rotation": [72.5, 0, 0]
				},
				"LeftForeArm": {
					"rotation": [-145, 0, 0]
				},
				"RightArm": {
					"rotation": [72.5, 0, 0]
				},
				"RightForeArm": {
					"rotation": [-145, 0, 0]
				},
				"LeftLeg": {
					"rotation": [-170, 0, 0]
				},
				"LeftLowerLeg": {
					"rotation": [174, 0, 0]
				},
				"RightLeg": {
					"rotation": [-170, 0, 0],
					"position": [0, -0.39453, 0]
				},
				"RightLowerLeg": {
					"rotation": [174, 0, 0]
				},
				"bone": {
					"rotation": [0, 0, 0]
				},
				"bone2": {
					"rotation": [0, 0, 0],
					"position": [0, 0, 0]
				}
			}
		},
		"attacked": {
			"animation_length": 0.4583,
			"bones": {
				"1": {
					"position": [0, 0, 0.43359]
				}
			}
		},
		"death": {
			"loop": "hold_on_last_frame",
			"animation_length": 1,
			"bones": {
				"1": {
					"position": {
						"0.0": [0, 0, 0],
						"0.25": [0, 0, 0.21484]
					}
				},
				"UpperBody": {
					"rotation": {
						"0.0": [0, 0, 0],
						"0.5": [29, 0, 0],
						"1.0": [86.5, 0, 0]
					},
					"position": {
						"0.0": [0, 0, 0],
						"0.25": [0, -10.26172, -8.19531],
						"0.5": [0, -15.11547, -7.23906],
						"0.75": [0, -15.12, -16.27125],
						"1.0": [0, -21.12, -27.13719]
					}
				},
				"LeftArm": {
					"rotation": {
						"0.0": [0, 0, 0],
						"0.25": [28, 0, 0],
						"0.5": [22, 0, 0],
						"1.0": [-35, 0, 0]
					}
				},
				"LeftForeArm": {
					"rotation": {
						"0.0": [0, 0, 0],
						"0.25": [-19, 0, 0],
						"1.0": [27, 0, 0]
					}
				},
				"RightArm": {
					"rotation": {
						"0.0": [0, 0, 0],
						"0.25": [23, 0, 0],
						"0.5": [15, 0, 0],
						"1.0": [-39, 0, 0]
					}
				},
				"RightForeArm": {
					"rotation": {
						"0.0": [0, 0, 0],
						"0.25": [-21, 0, 0],
						"1.0": [35, 0, 0]
					}
				},
				"LeftLeg": {
					"rotation": {
						"0.0": [0, 0, 0],
						"0.5": [-40, 0, 0],
						"0.75": [43, 0, 0],
						"1.0": [81, 0, 0]
					},
					"position": {
						"0.0": [0, 0, 0],
						"0.2083": [0, -10.05859, -9.31641],
						"0.5": [0, -13.69281, -3.27703],
						"0.75": [0, -12.08453, -16.77219],
						"1.0": [0, -17.19719, -21.52391]
					}
				},
				"LeftLowerLeg": {
					"rotation": {
						"0.0": [0, 0, 0],
						"0.2083": [86, 0, 0],
						"0.5": [130, 0, 0],
						"0.75": [47, 0, 0],
						"1.0": [2, 0, 0]
					},
					"position": {
						"0.0": [0, 0, 0],
						"0.2083": [0, 0, -2.27344],
						"1.0": [0, 0, -0.92625]
					}
				},
				"RightLeg": {
					"rotation": {
						"0.0": [0, 0, 0],
						"0.5": [-40, 0, 0],
						"0.75": [5, 0, 0],
						"1.0": [81, 0, 0]
					},
					"position": {
						"0.0": [0, 0, 0],
						"0.25": [0, -9.91797, -9.57422],
						"0.5": [0, -13.4825, -3.57391],
						"0.75": [0, -10.83937, -11.39812],
						"1.0": [0, -17.71109, -21.09141]
					}
				},
				"RightLowerLeg": {
					"rotation": {
						"0.0": [0, 0, 0],
						"0.25": [86, 0, 0],
						"0.5": [130, 0, 0],
						"0.75": [87, 0, 0],
						"1.0": [1, 0, 0]
					},
					"position": {
						"0.0": [0, 0, 0],
						"0.25": [0, 0, -1.8125],
						"1.0": [0, 0, -0.41937]
					}
				}
			}
		},
		"sleep": {
			"animation_length": 4,
			"bones": {
				"1": {
					"position": {
						"0.0": [0, 0, 0.53125],
						"2.0417": [0, 0, 0],
						"2.125": [0, 0, 0.74609]
					}
				},
				"3": {
					"position": [0, 0, 0.46094]
				},
				"LeftArm": {
					"rotation": [7, 0, 100]
				},
				"LeftForeArm": {
					"rotation": [0, 0, 5]
				},
				"RightArm": {
					"rotation": [4, 0, -90]
				},
				"LeftLeg": {
					"rotation": [-158.5, 0, 0]
				},
				"LeftLowerLeg": {
					"rotation": [232.5, 0, 0]
				},
				"RightLeg": {
					"rotation": [-165, 0, 0]
				},
				"RightLowerLeg": {
					"rotation": [232.5, 0, 0]
				}
			}
		},
		"riptide": {
			"loop": true,
			"animation_length": 0.3125,
			"bones": {
				"1": {
					"position": {
						"0.0": [0, 0, 0],
						"0.25": [0, 0, 0.25391]
					}
				},
				"2": {
					"position": [0, 0, -0.60937]
				},
				"Root": {
					"rotation": [65, 0, 0],
					"position": [0, -4, 10]
				},
				"UpperBody": {
					"rotation": [-40, 0, 0],
					"position": [0, -1, 3.79688]
				},
				"LeftArm": {
					"rotation": {
						"0.0": [65, 0, 0],
						"0.1875": [70, 0, 0],
						"0.3125": [65, 0, 0]
					}
				},
				"RightArm": {
					"rotation": [-100, 0, 0]
				},
				"LeftLeg": {
					"rotation": {
						"0.0": [21, 0, 0],
						"0.1875": [24, 0, 0],
						"0.25": [21, 0, 0]
					}
				},
				"LeftLowerLeg": {
					"rotation": {
						"0.0": [3, 0, 0],
						"0.1875": [7, 0, 0],
						"0.3125": [3, 0, 0]
					}
				},
				"RightLeg": {
					"rotation": {
						"0.0": [14.5, 0, 0],
						"0.1875": [18.5, 0, 0]
					}
				},
				"RightLowerLeg": {
					"rotation": {
						"0.0": [6, 0, 0],
						"0.1875": [13, 0, 0],
						"0.3125": [6, 0, 0]
					}
				}
			}
		},
		"use_mainhand": {
			"animation_length": 0.375,
			"bones": {
				"RightArm": {
					"rotation": {
						"0.0": [0, 0, 0],
						"0.125": [-65, 0, 0],
						"0.3333": [0, 0, 0]
					}
				},
				"RightForeArm": {
					"rotation": {
						"0.0": [0, 0, 0],
						"0.125": [0, 0, -33],
						"0.1667": [0, 0, -41.4],
						"0.3333": [0, 0, 0]
					}
				}
			}
		},
		"use_offhand": {
			"animation_length": 0.375,
			"bones": {
				"LeftArm": {
					"rotation": {
						"0.0": [0, 0, 0],
						"0.1667": [-61, 0, 0],
						"0.3333": [0, 0, 0]
					}
				},
				"LeftForeArm": {
					"rotation": {
						"0.0": [0, 0, 0],
						"0.1667": [0, 0, 39],
						"0.3333": [0, 0, 0]
					}
				}
			}
		},
		"swing_hand": {
			"animation_length": 0.375,
			"bones": {
				"RightArm": {
					"rotation": {
						"0.0": [0, 0, 0],
						"0.125": [-65, 0, 0],
						"0.3333": [0, 0, 0]
					}
				},
				"RightForeArm": {
					"rotation": {
						"0.0": [0, 0, 0],
						"0.125": [0, 0, -33],
						"0.1667": [0, 0, -41.4],
						"0.3333": [0, 0, 0]
					}
				}
			}
		},
		"swing_offhand": {
			"animation_length": 0.375,
			"bones": {
				"LeftArm": {
					"rotation": {
						"0.0": [0, 0, 0],
						"0.1667": [-49, 0, 0],
						"0.375": [0, 0, 0]
					}
				},
				"LeftForeArm": {
					"rotation": {
						"0.0": [0, 0, 0],
						"0.1667": [0, 0, 32],
						"0.375": [0, 0, 0]
					}
				}
			}
		},
		"ladder_up": {
			"loop": true,
			"animation_length": 1,
			"bones": {
				"1": {
					"position": [0, 0, 0.44922]
				},
				"LeftArm": {
					"rotation": {
						"0.0": [-124, 0, 0],
						"0.25": [-70.99327, 11.44856, 5.05185],
						"0.5": [-62.99327, 11.44856, 5.05185],
						"0.75": [-109.99327, 11.44856, 5.05185],
						"1.0": [-124, 0, 0]
					}
				},
				"LeftForeArm": {
					"rotation": {
						"0.0": [-94.15209, 58.90936, -94.84551],
						"0.25": [-92.14308, -1.02338, -91.2499],
						"0.5": [-92.18298, -11.01629, -90.87086],
						"0.75": [-92.75541, 38.9435, -93.02093],
						"1.0": [-94.15209, 58.90936, -94.84551]
					}
				},
				"RightArm": {
					"rotation": {
						"0.0": [-75.82474, -7.75951, -1.95687],
						"0.25": [-110.82474, -7.75951, -1.95687],
						"0.5": [-122.82474, -7.75951, -1.95687],
						"0.75": [-80.82474, -7.75951, -1.95687],
						"1.0": [-75.82474, -7.75951, -1.95687]
					}
				},
				"RightForeArm": {
					"rotation": {
						"0.0": [-90, -28, 90],
						"0.25": [-90, -33, 90],
						"0.5": [-90, -51, 90],
						"0.75": [-90, -23, 90],
						"1.0": [-90, -28, 90]
					}
				},
				"LeftLeg": {
					"rotation": {
						"0.0": [-17.5, 0, 0],
						"0.25": [-36.13, 0, 0],
						"0.5": [-72.85, 0, 0],
						"0.75": [-52.85, 0, 0],
						"1.0": [-17.5, 0, 0]
					}
				},
				"LeftLowerLeg": {
					"rotation": {
						"0.0": [0, 0, 0],
						"0.25": [43.46, 0, 0],
						"0.5": [75.05366, -3.6579, -3.4111],
						"0.75": [64.52439, -1.66268, -1.5505],
						"0.9583": [42, 0, 0],
						"1.0": [0, 0, 0]
					}
				},
				"RightLeg": {
					"rotation": {
						"0.0": [-79, 0, 0],
						"0.25": [-59, 0, 0],
						"0.5": [-21.5, 0, 0],
						"0.75": [-24, 0, 0],
						"1.0": [-79, 0, 0]
					}
				},
				"RightLowerLeg": {
					"rotation": {
						"0.0": [85, 0, 0],
						"0.25": [65, 0, 0],
						"0.5": [2.5, 0, 0],
						"0.75": [42.5, 0, 0],
						"1.0": [85, 0, 0]
					}
				}
			}
		},
		"ladder_stillness": {
			"loop": true,
			"animation_length": 1,
			"bones": {
				"2": {
					"position": [0, 0, -0.52344]
				},
				"LeftArm": {
					"rotation": [-124, 0, 0]
				},
				"LeftForeArm": {
					"rotation": [-94.15209, 58.90936, -94.84551]
				},
				"RightArm": {
					"rotation": [-75.82474, -7.75951, -1.95687]
				},
				"RightForeArm": {
					"rotation": [-90, -28, 90]
				},
				"LeftLeg": {
					"rotation": [-17.5, 0, 0]
				},
				"LeftLowerLeg": {
					"rotation": [0, 0, 0]
				},
				"RightLeg": {
					"rotation": [-79, 0, 0]
				},
				"RightLowerLeg": {
					"rotation": [85, 0, 0]
				}
			}
		},
		"ladder_down": {
			"loop": true,
			"animation_length": 1,
			"bones": {
				"1": {
					"position": [0, 0, 0.44922]
				},
				"LeftArm": {
					"rotation": {
						"0.0": [-124, 0, 0],
						"0.25": [-70.99327, 11.44856, 5.05185],
						"0.5": [-62.99327, 11.44856, 5.05185],
						"0.75": [-109.99327, 11.44856, 5.05185],
						"1.0": [-124, 0, 0]
					}
				},
				"LeftForeArm": {
					"rotation": {
						"0.0": [-94.15209, 58.90936, -94.84551],
						"0.25": [-92.14308, -1.02338, -91.2499],
						"0.5": [-92.18298, -11.01629, -90.87086],
						"0.75": [-92.75541, 38.9435, -93.02093],
						"1.0": [-94.15209, 58.90936, -94.84551]
					}
				},
				"RightArm": {
					"rotation": {
						"0.0": [-75.82474, -7.75951, -1.95687],
						"0.25": [-110.82474, -7.75951, -1.95687],
						"0.5": [-122.82474, -7.75951, -1.95687],
						"0.75": [-80.82474, -7.75951, -1.95687],
						"1.0": [-75.82474, -7.75951, -1.95687]
					}
				},
				"RightForeArm": {
					"rotation": {
						"0.0": [-90, -28, 90],
						"0.25": [-90, -33, 90],
						"0.5": [-90, -51, 90],
						"0.75": [-90, -23, 90],
						"1.0": [-90, -28, 90]
					}
				},
				"LeftLeg": {
					"rotation": {
						"0.0": [-17.5, 0, 0],
						"0.25": [-36.13, 0, 0],
						"0.5": [-72.85, 0, 0],
						"0.75": [-52.85, 0, 0],
						"1.0": [-17.5, 0, 0]
					}
				},
				"LeftLowerLeg": {
					"rotation": {
						"0.0": [0, 0, 0],
						"0.25": [43.46, 0, 0],
						"0.5": [75.05366, -3.6579, -3.4111],
						"0.75": [64.52439, -1.66268, -1.5505],
						"0.9583": [42, 0, 0],
						"1.0": [0, 0, 0]
					}
				},
				"RightLeg": {
					"rotation": {
						"0.0": [-79, 0, 0],
						"0.25": [-59, 0, 0],
						"0.5": [-21.5, 0, 0],
						"0.75": [-24, 0, 0],
						"1.0": [-79, 0, 0]
					}
				},
				"RightLowerLeg": {
					"rotation": {
						"0.0": [85, 0, 0],
						"0.25": [65, 0, 0],
						"0.5": [2.5, 0, 0],
						"0.75": [42.5, 0, 0],
						"1.0": [85, 0, 0]
					}
				}
			}
		},
		"passenger$touhou_little_maid:maid": {
			"loop": true,
			"bones": {
				"Root": {
					"rotation": [2, 0, 0]
				},
				"UpBody": {
					"rotation": [-10, 0, 0]
				},
				"Head": {
					"rotation": [10, 0, 0]
				},
				"LeftArm": {
					"rotation": [-30, 5, -5],
					"position": [0, -0.5, 0]
				},
				"LeftForeArm": {
					"rotation": [-90, -47.5, 90]
				},
				"LeftHandLocator": {
					"scale": 0
				},
				"RightArm": {
					"rotation": [-30, -5, 5],
					"position": [0, -0.5, 0]
				},
				"RightForeArm": {
					"rotation": [-90, 47.5, -90]
				},
				"RightHandLocator": {
					"scale": 0
				},
				"RightHand": {
					"rotation": [0, 0, 0]
				},
				"LeftHand": {
					"rotation": [0, 0, 0]
				},
				"clothe": {
					"rotation": [7.5, 0, 0]
				}
			}
		},
		"parallel0": {
			"loop": true,
			"bones": {
				"RightEyesBase": {
					"position": ["ysm.second_order('EyeYaw', ysm.head_yaw/180, 1, 0.8, 0)", "ysm.second_order('EyePitch', ysm.head_pitch/360, 1, 0.8, 0)", 0]
				},
				"LeftEyesBase": {
					"position": ["ysm.second_order('EyeYaw', ysm.head_yaw/180, 1, 0.8, 0)", "ysm.second_order('EyePitch', ysm.head_pitch/360, 1, 0.8, 0)", 0]
				},
				"Breast": {
					"rotation": [
						"ysm.second_order('BreastVertical', math.clamp(q.vertical_speed+v.bv,-30,30), 3, 0.3, 0)+ysm.second_order('BreastHorizontal', math.clamp(q.ground_speed+v.bg,0,20), 2, 0.5, 1)",
						"ysm.second_order('BreastYawSpeed', math.clamp(-0.01*q.yaw_speed,-30,30), 3, 0.3, 0)",
						0
					],
					"scale": [
						"1-0.002*(ysm.second_order('BreastVertical', math.clamp(q.vertical_speed+v.bv,-30,30), 3, 0.3, 0)+ysm.second_order('BreastHorizontal', math.clamp(q.ground_speed+v.bg,0,20), 2, 0.5, 1))",
						"1+0.01*(ysm.second_order('BreastVertical', math.clamp(q.vertical_speed+v.bv,-30,30), 3, 0.3, 0)+ysm.second_order('BreastHorizontal', math.clamp(q.ground_speed+v.bg,0,20), 2, 0.5, 1))",
						"1-0.008*(ysm.second_order('BreastVertical', math.clamp(q.vertical_speed+v.bv,-30,30), 3, 0.3, 0)+ysm.second_order('BreastHorizontal', math.clamp(q.ground_speed+v.bg,0,20), 2, 0.5, 1))"
					]
				}
			}
		},
		"pre_parallel0": {
			"loop": true,
			"bones": {
				"FLongHair": {
					"rotation": ["ysm.second_order('LongHairFix', ysm.head_pitch>-40?ysm.head_pitch:-40, 2, 0.6, 0)", 0, 0]
				},
				"ElytraLocator": {
					"rotation": [
						"0.6*ysm.second_order('HairVertical', math.clamp(-3*q.vertical_speed+v.hv,-10,120), 2, 0.6, 0)+0.6*ysm.second_order('HairHorizontal', math.clamp(q.ground_speed+v.hg,0,20), 2, 0.6, 0)",
						0,
						"ysm.second_order('HairYawSpeed', math.clamp(-0.02*q.yaw_speed,-60,60), 2, 0.6, 0)"
					]
				},
				"MLongHair": {
					"rotation": [
						"ysm.second_order('HairVertical', math.clamp(-3*q.vertical_speed+v.hv,-10,120), 2, 0.6, 0)+ysm.second_order('HairHorizontal', math.clamp(q.ground_speed+v.hg,0,20), 2, 0.6, 0)",
						0,
						"ysm.second_order('HairYawSpeed', math.clamp(-0.02*q.yaw_speed,-60,60), 2, 0.6, 0)"
					]
				}
			}
		},
		"pre_parallel1": {
			"loop": true,
			"animation_length": 4,
			"bones": {
				"RightEyebrow": {
					"position": {
						"0.0": {
							"post": [0, 0, 0],
							"lerp_mode": "catmullrom"
						},
						"0.0833": {
							"post": [0, -1.5, 0],
							"lerp_mode": "catmullrom"
						},
						"0.2083": {
							"post": [0, -1.5, 0],
							"lerp_mode": "catmullrom"
						},
						"0.2917": {
							"post": [0, 0, 0],
							"lerp_mode": "catmullrom"
						}
					}
				},
				"LeftEyebrow": {
					"position": {
						"0.0": {
							"post": [0, 0, 0],
							"lerp_mode": "catmullrom"
						},
						"0.0833": {
							"post": [0, -1.5, 0],
							"lerp_mode": "catmullrom"
						},
						"0.2083": {
							"post": [0, -1.5, 0],
							"lerp_mode": "catmullrom"
						},
						"0.2917": {
							"post": [0, 0, 0],
							"lerp_mode": "catmullrom"
						}
					}
				},
				"RightEyelid": {
					"scale": {
						"0.0": {
							"post": [1, 1, 1],
							"lerp_mode": "catmullrom"
						},
						"0.0833": {
							"post": [1, 0, 1],
							"lerp_mode": "catmullrom"
						},
						"0.2083": {
							"post": [1, 0, 1],
							"lerp_mode": "catmullrom"
						},
						"0.2917": {
							"post": [1, 1, 1],
							"lerp_mode": "catmullrom"
						}
					}
				},
				"LeftEyelid": {
					"scale": {
						"0.0": {
							"post": [1, 1, 1],
							"lerp_mode": "catmullrom"
						},
						"0.0833": {
							"post": [1, 0, 1],
							"lerp_mode": "catmullrom"
						},
						"0.2083": {
							"post": [1, 0, 1],
							"lerp_mode": "catmullrom"
						},
						"0.2917": {
							"post": [1, 1, 1],
							"lerp_mode": "catmullrom"
						}
					}
				}
			}
		},
		"parallel1": {
			"loop": true,
			"bones": {
				"Ribbon": {
					"scale": "v.red_bow_headdress??1"
				}
			}
		},
		"parallel2": {
			"loop": true
		},
		"parallel3": {
			"loop": true
		},
		"parallel4": {
			"loop": true
		},
		"parallel5": {
			"loop": true
		},
		"parallel6": {
			"loop": true
		},
		"parallel7": {
			"loop": true
		},
		"pre_parallel2": {
			"loop": true,
			"bones": {
				"SheathLocator": {
					"scale": 0
				},
				"BladeLocator": {
					"scale": 0
				}
			}
		},
		"pre_parallel3": {
			"loop": true
		},
		"pre_parallel4": {
			"loop": true
		},
		"pre_parallel5": {
			"loop": true
		},
		"pre_parallel6": {
			"loop": true
		},
		"pre_parallel7": {
			"loop": true
		},
		"empty": {
			"loop": true,
			"animation_length": 2
		}
	},
	"geckolib_format_version": 2
}