{
	"format_version": "1.12.0",
	"minecraft:geometry": [
		{
			"description": {
				"identifier": "geometry.default",
				"texture_width": 256,
				"texture_height": 256,
				"visible_bounds_width": 52,
				"visible_bounds_height": 45,
				"visible_bounds_offset": [0, 2.5, 0],
				"ysm_extra_info": {
					"name": "提丰-Typhon",
					"authors": ["猫耳魂魄妖梦"],
					"extra_animation_names": ["空", "[原版]招手", "[原版]拍手", "[原版]点头", "[原版]摇头", "[原版]胜利姿势", "空", "空"]
				}
			},
			"bones": [
				{
					"name": "LeftArm",
					"pivot": [4.4, 30.1, 0],
					"cubes": [
						{
							"origin": [3.26, 25.31941, -1.504],
							"size": [2.75, 6.6, 3.058],
							"uv": {
								"north": {"uv": [72, 61], "uv_size": [3, 7]},
								"east": {"uv": [72, 68], "uv_size": [3, 7]},
								"south": {"uv": [73, 0], "uv_size": [3, 7]},
								"west": {"uv": [73, 7], "uv_size": [3, 7]},
								"up": {"uv": [115, 21], "uv_size": [3, 3]},
								"down": {"uv": [23, 118], "uv_size": [3, -3]}
							}
						}
					]
				},
				{
					"name": "LeftArm_xiu",
					"parent": "LeftArm",
					"pivot": [0, 2.8, 0],
					"cubes": [
						{
							"origin": [3.06, 25.41941, -2.054],
							"size": [0.55, 3.1, 4.2],
							"uv": {
								"north": {"uv": [157, 159], "uv_size": [1, 3]},
								"east": {"uv": [98, 83], "uv_size": [4, 3]},
								"south": {"uv": [158, 159], "uv_size": [1, 3]},
								"west": {"uv": [99, 5], "uv_size": [4, 3]},
								"up": {"uv": [136, 150], "uv_size": [1, 4]},
								"down": {"uv": [137, 154], "uv_size": [1, -4]}
							}
						},
						{
							"origin": [2.76, 26.51941, -2.244],
							"size": [2.85, 1.1, 4.58],
							"pivot": [4.385, 26.81941, 0.046],
							"rotation": [0, 0, 12.5],
							"uv": {
								"north": {"uv": [159, 158], "uv_size": [3, 1]},
								"east": {"uv": [142, 107], "uv_size": [5, 1]},
								"south": {"uv": [159, 159], "uv_size": [3, 1]},
								"west": {"uv": [142, 108], "uv_size": [5, 1]},
								"up": {"uv": [8, 33], "uv_size": [3, 5]},
								"down": {"uv": [61, 52], "uv_size": [3, -5]}
							}
						},
						{
							"origin": [2.96, 26.21941, -2.234],
							"size": [5.35, 1.4, 4.56],
							"pivot": [4.635, 27.36941, 0.025],
							"rotation": [0, 0, -5],
							"uv": {
								"north": {"uv": [142, 117], "uv_size": [5, 1]},
								"east": {"uv": [142, 118], "uv_size": [5, 1]},
								"south": {"uv": [142, 122], "uv_size": [5, 1]},
								"west": {"uv": [142, 123], "uv_size": [5, 1]},
								"up": {"uv": [69, 34], "uv_size": [5, 5]},
								"down": {"uv": [70, 25], "uv_size": [5, -5]}
							}
						},
						{
							"origin": [2.79352, 24.77286, -2.354],
							"size": [5.75, 2.1, 4.8],
							"pivot": [5.66852, 25.82286, 0.046],
							"rotation": [0, 0, 5],
							"uv": {
								"north": {"uv": [99, 21], "uv_size": [6, 2]},
								"east": {"uv": [23, 108], "uv_size": [5, 2]},
								"south": {"uv": [99, 40], "uv_size": [6, 2]},
								"west": {"uv": [108, 56], "uv_size": [5, 2]},
								"up": {"uv": [55, 47], "uv_size": [6, 5]},
								"down": {"uv": [8, 63], "uv_size": [6, -5]}
							}
						},
						{
							"origin": [3.56, 25.41941, 1.446],
							"size": [3.45, 2.9, 0.7],
							"uv": {
								"north": {"uv": [115, 24], "uv_size": [3, 3]},
								"east": {"uv": [0, 160], "uv_size": [1, 3]},
								"south": {"uv": [59, 115], "uv_size": [3, 3]},
								"west": {"uv": [160, 0], "uv_size": [1, 3]},
								"up": {"uv": [160, 3], "uv_size": [3, 1]},
								"down": {"uv": [160, 7], "uv_size": [3, -1]}
							}
						},
						{
							"origin": [3.56, 25.41941, -2.054],
							"size": [3.45, 3.1, 0.7],
							"uv": {
								"north": {"uv": [115, 59], "uv_size": [3, 3]},
								"east": {"uv": [7, 160], "uv_size": [1, 3]},
								"south": {"uv": [66, 115], "uv_size": [3, 3]},
								"west": {"uv": [160, 9], "uv_size": [1, 3]},
								"up": {"uv": [160, 7], "uv_size": [3, 1]},
								"down": {"uv": [160, 13], "uv_size": [3, -1]}
							}
						},
						{
							"origin": [6.96, 25.41941, -2.054],
							"size": [0.45, 3.1, 4.2],
							"pivot": [7.41, 28.51941, -2.054],
							"rotation": [0, 0, 6],
							"uv": {
								"north": {"uv": [13, 160], "uv_size": [1, 3]},
								"east": {"uv": [99, 69], "uv_size": [4, 3]},
								"south": {"uv": [160, 13], "uv_size": [1, 3]},
								"west": {"uv": [82, 99], "uv_size": [4, 3]},
								"up": {"uv": [138, 150], "uv_size": [1, 4]},
								"down": {"uv": [150, 142], "uv_size": [1, -4]}
							}
						},
						{
							"origin": [4.35875, 28.22995, 1.646],
							"size": [3.05, 0.9, 0.6],
							"pivot": [6.74625, 28.77995, 0.046],
							"rotation": [0, 0, -13.5],
							"uv": {
								"north": {"uv": [15, 160], "uv_size": [3, 1]},
								"east": {"uv": [173, 45], "uv_size": [1, 1]},
								"south": {"uv": [160, 16], "uv_size": [3, 1]},
								"west": {"uv": [46, 173], "uv_size": [1, 1]},
								"up": {"uv": [160, 18], "uv_size": [3, 1]},
								"down": {"uv": [160, 20], "uv_size": [3, -1]}
							}
						},
						{
							"origin": [4.35875, 28.22995, -2.054],
							"size": [3.05, 0.9, 0.5],
							"pivot": [6.74625, 28.77995, 0.046],
							"rotation": [0, 0, -13.5],
							"uv": {
								"north": {"uv": [160, 22], "uv_size": [3, 1]},
								"east": {"uv": [173, 46], "uv_size": [1, 1]},
								"south": {"uv": [160, 23], "uv_size": [3, 1]},
								"west": {"uv": [47, 173], "uv_size": [1, 1]},
								"up": {"uv": [160, 24], "uv_size": [3, 1]},
								"down": {"uv": [160, 30], "uv_size": [3, -1]}
							}
						},
						{
							"origin": [6.90875, 28.22995, -1.554],
							"size": [0.5, 0.9, 3.2],
							"pivot": [6.74625, 28.77995, 0.046],
							"rotation": [0, 0, -13.5],
							"uv": {
								"north": {"uv": [173, 47], "uv_size": [1, 1]},
								"east": {"uv": [160, 30], "uv_size": [3, 1]},
								"south": {"uv": [48, 173], "uv_size": [1, 1]},
								"west": {"uv": [160, 31], "uv_size": [3, 1]},
								"up": {"uv": [26, 160], "uv_size": [1, 3]},
								"down": {"uv": [31, 163], "uv_size": [1, -3]}
							}
						},
						{
							"origin": [2.96, 28.11941, -2.104],
							"size": [2.05, 0.6, 0.4],
							"pivot": [3.885, 28.51941, 0.046],
							"rotation": [0, 0, 17.5],
							"uv": {
								"north": {"uv": [166, 131], "uv_size": [2, 1]},
								"east": {"uv": [173, 48], "uv_size": [1, 1]},
								"south": {"uv": [134, 166], "uv_size": [2, 1]},
								"west": {"uv": [49, 173], "uv_size": [1, 1]},
								"up": {"uv": [166, 136], "uv_size": [2, 1]},
								"down": {"uv": [166, 139], "uv_size": [2, -1]}
							}
						},
						{
							"origin": [2.96, 28.11941, 1.796],
							"size": [2.05, 0.6, 0.4],
							"pivot": [3.885, 28.51941, 0.046],
							"rotation": [0, 0, 17.5],
							"uv": {
								"north": {"uv": [139, 166], "uv_size": [2, 1]},
								"east": {"uv": [173, 49], "uv_size": [1, 1]},
								"south": {"uv": [166, 139], "uv_size": [2, 1]},
								"west": {"uv": [50, 173], "uv_size": [1, 1]},
								"up": {"uv": [141, 166], "uv_size": [2, 1]},
								"down": {"uv": [166, 142], "uv_size": [2, -1]}
							}
						},
						{
							"origin": [2.96, 28.11941, -1.704],
							"size": [0.3, 0.6, 3.5],
							"pivot": [3.885, 28.51941, 0.046],
							"rotation": [0, 0, 17.5],
							"uv": {
								"north": {"uv": [173, 50], "uv_size": [1, 1]},
								"east": {"uv": [150, 99], "uv_size": [4, 1]},
								"south": {"uv": [51, 173], "uv_size": [1, 1]},
								"west": {"uv": [150, 109], "uv_size": [4, 1]},
								"up": {"uv": [139, 150], "uv_size": [1, 4]},
								"down": {"uv": [145, 154], "uv_size": [1, -4]}
							}
						},
						{
							"origin": [5.06, 28.61941, -1.604],
							"size": [1.05, 0.4, 3.3],
							"uv": {
								"north": {"uv": [173, 51], "uv_size": [1, 1]},
								"east": {"uv": [160, 33], "uv_size": [3, 1]},
								"south": {"uv": [52, 173], "uv_size": [1, 1]},
								"west": {"uv": [160, 34], "uv_size": [3, 1]},
								"up": {"uv": [32, 160], "uv_size": [1, 3]},
								"down": {"uv": [35, 163], "uv_size": [1, -3]}
							}
						},
						{
							"origin": [3.16, 28.01941, -1.654],
							"size": [3.05, 0.4, 3.4],
							"pivot": [3.16, 28.41941, -1.604],
							"rotation": [0, 0, -17.5],
							"uv": {
								"north": {"uv": [160, 35], "uv_size": [3, 1]},
								"east": {"uv": [160, 37], "uv_size": [3, 1]},
								"south": {"uv": [160, 38], "uv_size": [3, 1]},
								"west": {"uv": [160, 39], "uv_size": [3, 1]},
								"up": {"uv": [75, 115], "uv_size": [3, 3]},
								"down": {"uv": [78, 118], "uv_size": [3, -3]}
							}
						}
					]
				},
				{
					"name": "LeftArm_",
					"parent": "LeftArm",
					"pivot": [4.62, 25.31941, 0.04008],
					"cubes": [
						{
							"origin": [3.3, 24.26941, -1.00992],
							"size": [2.64, 2.1, 2.1],
							"pivot": [4.62, 25.31941, 0.04008],
							"rotation": [-45, 0, 0],
							"uv": {
								"north": {"uv": [133, 93], "uv_size": [3, 2]},
								"east": {"uv": [150, 110], "uv_size": [2, 2]},
								"south": {"uv": [133, 95], "uv_size": [3, 2]},
								"west": {"uv": [150, 115], "uv_size": [2, 2]},
								"up": {"uv": [133, 104], "uv_size": [3, 2]},
								"down": {"uv": [133, 117], "uv_size": [3, -2]}
							}
						}
					]
				},
				{
					"name": "LeftForeArm_rotation",
					"parent": "LeftArm",
					"pivot": [4.575, 25.3, 0.025]
				},
				{
					"name": "LeftForeArm",
					"parent": "LeftForeArm_rotation",
					"pivot": [4.575, 25.3, 0.025],
					"cubes": [
						{
							"origin": [3.27966, 19.31941, -1.475],
							"size": [2.7, 6, 3],
							"uv": {
								"north": {"uv": [72, 80], "uv_size": [3, 6]},
								"east": {"uv": [80, 79], "uv_size": [3, 6]},
								"south": {"uv": [81, 0], "uv_size": [3, 6]},
								"west": {"uv": [81, 6], "uv_size": [3, 6]},
								"up": {"uv": [115, 80], "uv_size": [3, 3]},
								"down": {"uv": [100, 118], "uv_size": [3, -3]}
							}
						}
					]
				},
				{
					"name": "LeftForeArm_xiu",
					"parent": "LeftForeArm",
					"pivot": [0, 2, 0],
					"cubes": [
						{
							"origin": [4.97768, 20.84497, -2.45646],
							"size": [2.05, 4.5, 2.5],
							"pivot": [6.35085, 20.84113, -1.75646],
							"rotation": [-4.48908, -0.31358, -3.98771],
							"uv": {
								"north": {"uv": [28, 107], "uv_size": [2, 5]},
								"east": {"uv": [63, 34], "uv_size": [3, 5]},
								"south": {"uv": [64, 108], "uv_size": [2, 5]},
								"west": {"uv": [82, 86], "uv_size": [3, 5]},
								"up": {"uv": [76, 134], "uv_size": [2, 3]},
								"down": {"uv": [81, 137], "uv_size": [2, -3]}
							}
						},
						{
							"origin": [2.90085, 20.84113, -2.4555],
							"size": [2.65, 4.5, 2.49],
							"pivot": [6.35085, 20.84113, -1.75646],
							"rotation": [-4.49727, 0.15689, 1.99384],
							"uv": {
								"north": {"uv": [54, 92], "uv_size": [3, 5]},
								"east": {"uv": [108, 71], "uv_size": [2, 5]},
								"south": {"uv": [76, 92], "uv_size": [3, 5]},
								"west": {"uv": [108, 76], "uv_size": [2, 5]},
								"up": {"uv": [134, 33], "uv_size": [3, 2]},
								"down": {"uv": [83, 136], "uv_size": [3, -2]}
							}
						},
						{
							"origin": [4.97576, 20.75079, 0.04199],
							"size": [2.05, 4.5, 2.2],
							"pivot": [7.02576, 20.75079, 0.04199],
							"rotation": [4.98788, 0.34834, -3.98483],
							"uv": {
								"north": {"uv": [108, 81], "uv_size": [2, 5]},
								"east": {"uv": [108, 86], "uv_size": [2, 5]},
								"south": {"uv": [109, 0], "uv_size": [2, 5]},
								"west": {"uv": [109, 5], "uv_size": [2, 5]},
								"up": {"uv": [150, 120], "uv_size": [2, 2]},
								"down": {"uv": [150, 144], "uv_size": [2, -2]}
							}
						},
						{
							"origin": [2.90304, 20.67623, 0.04199],
							"size": [2.65, 4.5, 2.19],
							"pivot": [7.02576, 20.75079, 0.04199],
							"rotation": [4.99697, -0.17428, 1.9924],
							"uv": {
								"north": {"uv": [0, 93], "uv_size": [3, 5]},
								"east": {"uv": [36, 109], "uv_size": [2, 5]},
								"south": {"uv": [45, 93], "uv_size": [3, 5]},
								"west": {"uv": [38, 109], "uv_size": [2, 5]},
								"up": {"uv": [134, 83], "uv_size": [3, 2]},
								"down": {"uv": [134, 100], "uv_size": [3, -2]}
							}
						},
						{
							"origin": [2.70304, 23.67623, 0.24199],
							"size": [4.35, 1.5, 2.19],
							"pivot": [7.02576, 20.75079, 0.04199],
							"rotation": [4.99697, -0.17428, 1.9924],
							"uv": {
								"north": {"uv": [123, 83], "uv_size": [4, 2]},
								"east": {"uv": [146, 150], "uv_size": [2, 2]},
								"south": {"uv": [124, 65], "uv_size": [4, 2]},
								"west": {"uv": [150, 149], "uv_size": [2, 2]},
								"up": {"uv": [124, 77], "uv_size": [4, 2]},
								"down": {"uv": [124, 100], "uv_size": [4, -2]}
							}
						},
						{
							"origin": [2.70304, 23.67623, -2.45801],
							"size": [4.35, 1.5, 2.29],
							"pivot": [7.02576, 20.75079, 0.04199],
							"rotation": [-3.50303, -0.17428, 1.9924],
							"uv": {
								"north": {"uv": [124, 100], "uv_size": [4, 2]},
								"east": {"uv": [151, 0], "uv_size": [2, 2]},
								"south": {"uv": [124, 102], "uv_size": [4, 2]},
								"west": {"uv": [151, 2], "uv_size": [2, 2]},
								"up": {"uv": [124, 104], "uv_size": [4, 2]},
								"down": {"uv": [124, 108], "uv_size": [4, -2]}
							}
						},
						{
							"origin": [3.17966, 19.11941, -1.775],
							"size": [3, 1.5, 3.6],
							"uv": {
								"north": {"uv": [134, 100], "uv_size": [3, 2]},
								"east": {"uv": [124, 108], "uv_size": [4, 2]},
								"south": {"uv": [134, 102], "uv_size": [3, 2]},
								"west": {"uv": [124, 110], "uv_size": [4, 2]},
								"up": {"uv": [49, 99], "uv_size": [3, 4]},
								"down": {"uv": [86, 103], "uv_size": [3, -4]}
							}
						},
						{
							"origin": [3.07966, 20.41941, -1.875],
							"size": [3.4, 0.7, 3.8],
							"uv": {
								"north": {"uv": [160, 40], "uv_size": [3, 1]},
								"east": {"uv": [150, 144], "uv_size": [4, 1]},
								"south": {"uv": [160, 41], "uv_size": [3, 1]},
								"west": {"uv": [4, 151], "uv_size": [4, 1]},
								"up": {"uv": [4, 100], "uv_size": [3, 4]},
								"down": {"uv": [100, 14], "uv_size": [3, -4]}
							}
						}
					]
				},
				{
					"name": "LeftForeArm_",
					"parent": "LeftForeArm",
					"pivot": [4.62, 25.31941, 0.04008],
					"cubes": [
						{
							"origin": [3.3, 24.26941, -1.00992],
							"size": [2.64, 2.1, 2.1],
							"pivot": [4.62, 25.31941, 0.04008],
							"rotation": [-45, 0, 0],
							"uv": {
								"north": {"uv": [134, 109], "uv_size": [3, 2]},
								"east": {"uv": [151, 9], "uv_size": [2, 2]},
								"south": {"uv": [134, 111], "uv_size": [3, 2]},
								"west": {"uv": [151, 11], "uv_size": [2, 2]},
								"up": {"uv": [134, 113], "uv_size": [3, 2]},
								"down": {"uv": [131, 136], "uv_size": [3, -2]}
							}
						}
					]
				},
				{
					"name": "LeftHand",
					"parent": "LeftForeArm",
					"pivot": [4.375, 18.925, 0.025],
					"cubes": [
						{
							"origin": [3.33, 18.14323, -1.31455],
							"size": [2.64, 2.1, 2.1],
							"pivot": [4.375, 18.925, 0.025],
							"rotation": [-45, 0, 0],
							"uv": {
								"north": {"uv": [134, 132], "uv_size": [3, 2]},
								"east": {"uv": [15, 151], "uv_size": [2, 2]},
								"south": {"uv": [134, 134], "uv_size": [3, 2]},
								"west": {"uv": [151, 18], "uv_size": [2, 2]},
								"up": {"uv": [135, 26], "uv_size": [3, 2]},
								"down": {"uv": [135, 49], "uv_size": [3, -2]}
							}
						},
						{
							"origin": [3.27966, 17.31941, -1.475],
							"size": [2.7, 2, 3],
							"uv": {
								"north": {"uv": [48, 135], "uv_size": [3, 2]},
								"east": {"uv": [135, 49], "uv_size": [3, 2]},
								"south": {"uv": [135, 51], "uv_size": [3, 2]},
								"west": {"uv": [135, 53], "uv_size": [3, 2]},
								"up": {"uv": [113, 115], "uv_size": [3, 3]},
								"down": {"uv": [116, 103], "uv_size": [3, -3]}
							}
						}
					]
				},
				{
					"name": "LeftHandLocator",
					"parent": "LeftHand",
					"pivot": [4.375, 17.925, 0.025]
				},
				{
					"name": "RightArm",
					"pivot": [-4.4, 30.1, 0],
					"cubes": [
						{
							"origin": [-6.01, 25.31941, -1.504],
							"size": [2.75, 6.6, 3.058],
							"uv": {
								"north": {"uv": [69, 73], "uv_size": [3, 7]},
								"east": {"uv": [74, 28], "uv_size": [3, 7]},
								"south": {"uv": [75, 14], "uv_size": [3, 7]},
								"west": {"uv": [75, 42], "uv_size": [3, 7]},
								"up": {"uv": [116, 103], "uv_size": [3, 3]},
								"down": {"uv": [116, 109], "uv_size": [3, -3]}
							}
						}
					]
				},
				{
					"name": "RightArm_xiu",
					"parent": "RightArm",
					"pivot": [0, 2.8, 0],
					"cubes": [
						{
							"origin": [-3.61, 25.41941, -2.054],
							"size": [0.55, 3.1, 4.2],
							"uv": {
								"north": {"uv": [36, 160], "uv_size": [1, 3]},
								"east": {"uv": [100, 14], "uv_size": [4, 3]},
								"south": {"uv": [160, 49], "uv_size": [1, 3]},
								"west": {"uv": [30, 100], "uv_size": [4, 3]},
								"up": {"uv": [148, 150], "uv_size": [1, 4]},
								"down": {"uv": [17, 155], "uv_size": [1, -4]}
							}
						},
						{
							"origin": [-5.61, 26.51941, -2.244],
							"size": [2.85, 1.1, 4.58],
							"pivot": [-4.385, 26.81941, 0.046],
							"rotation": [0, 0, -12.5],
							"uv": {
								"north": {"uv": [160, 42], "uv_size": [3, 1]},
								"east": {"uv": [142, 132], "uv_size": [5, 1]},
								"south": {"uv": [160, 45], "uv_size": [3, 1]},
								"west": {"uv": [142, 133], "uv_size": [5, 1]},
								"up": {"uv": [93, 69], "uv_size": [3, 5]},
								"down": {"uv": [71, 98], "uv_size": [3, -5]}
							}
						},
						{
							"origin": [-8.31, 26.21941, -2.234],
							"size": [5.35, 1.4, 4.56],
							"pivot": [-4.635, 27.36941, 0.025],
							"rotation": [0, 0, 5],
							"uv": {
								"north": {"uv": [143, 16], "uv_size": [5, 1]},
								"east": {"uv": [143, 17], "uv_size": [5, 1]},
								"south": {"uv": [144, 24], "uv_size": [5, 1]},
								"west": {"uv": [144, 31], "uv_size": [5, 1]},
								"up": {"uv": [70, 48], "uv_size": [5, 5]},
								"down": {"uv": [49, 75], "uv_size": [5, -5]}
							}
						},
						{
							"origin": [-8.54352, 24.77286, -2.354],
							"size": [5.75, 2.1, 4.8],
							"pivot": [-5.66852, 25.82286, 0.046],
							"rotation": [0, 0, -5],
							"uv": {
								"north": {"uv": [100, 52], "uv_size": [6, 2]},
								"east": {"uv": [109, 35], "uv_size": [5, 2]},
								"south": {"uv": [100, 54], "uv_size": [6, 2]},
								"west": {"uv": [54, 109], "uv_size": [5, 2]},
								"up": {"uv": [58, 52], "uv_size": [6, 5]},
								"down": {"uv": [58, 62], "uv_size": [6, -5]}
							}
						},
						{
							"origin": [-7.01, 25.41941, 1.446],
							"size": [3.45, 3.1, 0.7],
							"uv": {
								"north": {"uv": [116, 109], "uv_size": [3, 3]},
								"east": {"uv": [160, 52], "uv_size": [1, 3]},
								"south": {"uv": [116, 112], "uv_size": [3, 3]},
								"west": {"uv": [160, 55], "uv_size": [1, 3]},
								"up": {"uv": [160, 46], "uv_size": [3, 1]},
								"down": {"uv": [160, 59], "uv_size": [3, -1]}
							}
						},
						{
							"origin": [-7.01, 25.41941, -2.054],
							"size": [3.45, 3.1, 0.7],
							"uv": {
								"north": {"uv": [116, 115], "uv_size": [3, 3]},
								"east": {"uv": [57, 160], "uv_size": [1, 3]},
								"south": {"uv": [30, 117], "uv_size": [3, 3]},
								"west": {"uv": [58, 160], "uv_size": [1, 3]},
								"up": {"uv": [160, 59], "uv_size": [3, 1]},
								"down": {"uv": [160, 61], "uv_size": [3, -1]}
							}
						},
						{
							"origin": [-7.41, 25.41941, -2.054],
							"size": [0.45, 3.1, 4.2],
							"pivot": [-7.41, 28.51941, -2.054],
							"rotation": [0, 0, -6],
							"uv": {
								"north": {"uv": [61, 160], "uv_size": [1, 3]},
								"east": {"uv": [100, 56], "uv_size": [4, 3]},
								"south": {"uv": [62, 160], "uv_size": [1, 3]},
								"west": {"uv": [100, 59], "uv_size": [4, 3]},
								"up": {"uv": [22, 151], "uv_size": [1, 4]},
								"down": {"uv": [151, 29], "uv_size": [1, -4]}
							}
						},
						{
							"origin": [-7.40875, 28.22995, 1.646],
							"size": [3.05, 0.9, 0.6],
							"pivot": [-6.74625, 28.77995, 0.046],
							"rotation": [0, 0, 13.5],
							"uv": {
								"north": {"uv": [160, 63], "uv_size": [3, 1]},
								"east": {"uv": [173, 52], "uv_size": [1, 1]},
								"south": {"uv": [160, 64], "uv_size": [3, 1]},
								"west": {"uv": [53, 173], "uv_size": [1, 1]},
								"up": {"uv": [160, 65], "uv_size": [3, 1]},
								"down": {"uv": [160, 67], "uv_size": [3, -1]}
							}
						},
						{
							"origin": [-7.40875, 28.22995, -2.054],
							"size": [3.05, 0.9, 0.5],
							"pivot": [-6.74625, 28.77995, 0.046],
							"rotation": [0, 0, 13.5],
							"uv": {
								"north": {"uv": [160, 67], "uv_size": [3, 1]},
								"east": {"uv": [173, 53], "uv_size": [1, 1]},
								"south": {"uv": [160, 68], "uv_size": [3, 1]},
								"west": {"uv": [54, 173], "uv_size": [1, 1]},
								"up": {"uv": [160, 81], "uv_size": [3, 1]},
								"down": {"uv": [160, 83], "uv_size": [3, -1]}
							}
						},
						{
							"origin": [-7.40875, 28.22995, -1.554],
							"size": [0.5, 0.9, 3.2],
							"pivot": [-6.74625, 28.77995, 0.046],
							"rotation": [0, 0, 13.5],
							"uv": {
								"north": {"uv": [173, 54], "uv_size": [1, 1]},
								"east": {"uv": [87, 160], "uv_size": [3, 1]},
								"south": {"uv": [55, 173], "uv_size": [1, 1]},
								"west": {"uv": [160, 87], "uv_size": [3, 1]},
								"up": {"uv": [72, 160], "uv_size": [1, 3]},
								"down": {"uv": [73, 163], "uv_size": [1, -3]}
							}
						},
						{
							"origin": [-5.01, 28.11941, -2.104],
							"size": [2.05, 0.6, 0.4],
							"pivot": [-3.885, 28.51941, 0.046],
							"rotation": [0, 0, -17.5],
							"uv": {
								"north": {"uv": [166, 142], "uv_size": [2, 1]},
								"east": {"uv": [173, 55], "uv_size": [1, 1]},
								"south": {"uv": [166, 143], "uv_size": [2, 1]},
								"west": {"uv": [56, 173], "uv_size": [1, 1]},
								"up": {"uv": [166, 144], "uv_size": [2, 1]},
								"down": {"uv": [145, 167], "uv_size": [2, -1]}
							}
						},
						{
							"origin": [-5.01, 28.11941, 1.796],
							"size": [2.05, 0.6, 0.4],
							"pivot": [-3.885, 28.51941, 0.046],
							"rotation": [0, 0, -17.5],
							"uv": {
								"north": {"uv": [166, 145], "uv_size": [2, 1]},
								"east": {"uv": [173, 56], "uv_size": [1, 1]},
								"south": {"uv": [166, 146], "uv_size": [2, 1]},
								"west": {"uv": [57, 173], "uv_size": [1, 1]},
								"up": {"uv": [147, 166], "uv_size": [2, 1]},
								"down": {"uv": [166, 148], "uv_size": [2, -1]}
							}
						},
						{
							"origin": [-3.26, 28.11941, -1.704],
							"size": [0.3, 0.6, 3.5],
							"pivot": [-3.885, 28.51941, 0.046],
							"rotation": [0, 0, -17.5],
							"uv": {
								"north": {"uv": [173, 57], "uv_size": [1, 1]},
								"east": {"uv": [151, 5], "uv_size": [4, 1]},
								"south": {"uv": [58, 173], "uv_size": [1, 1]},
								"west": {"uv": [151, 20], "uv_size": [4, 1]},
								"up": {"uv": [35, 151], "uv_size": [1, 4]},
								"down": {"uv": [36, 155], "uv_size": [1, -4]}
							}
						},
						{
							"origin": [-6.11, 28.61941, -1.604],
							"size": [1.05, 0.4, 3.3],
							"uv": {
								"north": {"uv": [173, 58], "uv_size": [1, 1]},
								"east": {"uv": [160, 88], "uv_size": [3, 1]},
								"south": {"uv": [59, 173], "uv_size": [1, 1]},
								"west": {"uv": [160, 89], "uv_size": [3, 1]},
								"up": {"uv": [78, 160], "uv_size": [1, 3]},
								"down": {"uv": [79, 163], "uv_size": [1, -3]}
							}
						},
						{
							"origin": [-6.21, 28.01941, -1.654],
							"size": [3.05, 0.4, 3.4],
							"pivot": [-3.16, 28.41941, -1.604],
							"rotation": [0, 0, 17.5],
							"uv": {
								"north": {"uv": [90, 160], "uv_size": [3, 1]},
								"east": {"uv": [160, 90], "uv_size": [3, 1]},
								"south": {"uv": [160, 91], "uv_size": [3, 1]},
								"west": {"uv": [160, 92], "uv_size": [3, 1]},
								"up": {"uv": [34, 117], "uv_size": [3, 3]},
								"down": {"uv": [117, 38], "uv_size": [3, -3]}
							}
						}
					]
				},
				{
					"name": "RightArm_",
					"parent": "RightArm",
					"pivot": [-4.62, 25.31941, 0.04008],
					"cubes": [
						{
							"origin": [-5.94, 24.26941, -1.00992],
							"size": [2.64, 2.1, 2.1],
							"pivot": [-4.62, 25.31941, 0.04008],
							"rotation": [-45, 0, 0],
							"uv": {
								"north": {"uv": [135, 55], "uv_size": [3, 2]},
								"east": {"uv": [37, 151], "uv_size": [2, 2]},
								"south": {"uv": [135, 57], "uv_size": [3, 2]},
								"west": {"uv": [39, 151], "uv_size": [2, 2]},
								"up": {"uv": [135, 65], "uv_size": [3, 2]},
								"down": {"uv": [135, 79], "uv_size": [3, -2]}
							}
						}
					]
				},
				{
					"name": "RightForeArm_rotation",
					"parent": "RightArm",
					"pivot": [-4.575, 25.3, 0.025]
				},
				{
					"name": "RightForeArm",
					"parent": "RightForeArm_rotation",
					"pivot": [-4.575, 25.3, 0.025],
					"cubes": [
						{
							"origin": [-5.97966, 19.31941, -1.475],
							"size": [2.7, 6, 3],
							"uv": {
								"north": {"uv": [81, 27], "uv_size": [3, 6]},
								"east": {"uv": [81, 51], "uv_size": [3, 6]},
								"south": {"uv": [53, 81], "uv_size": [3, 6]},
								"west": {"uv": [81, 57], "uv_size": [3, 6]},
								"up": {"uv": [37, 117], "uv_size": [3, 3]},
								"down": {"uv": [117, 42], "uv_size": [3, -3]}
							}
						}
					]
				},
				{
					"name": "RightForeArm_xiu",
					"parent": "RightForeArm",
					"pivot": [0, 2, 0],
					"cubes": [
						{
							"origin": [-7.02768, 20.84497, -2.45646],
							"size": [2.05, 4.6, 2.5],
							"pivot": [-6.35085, 20.84113, -1.75646],
							"rotation": [-4.48908, 0.31358, 3.98771],
							"uv": {
								"north": {"uv": [40, 109], "uv_size": [2, 5]},
								"east": {"uv": [79, 93], "uv_size": [3, 5]},
								"south": {"uv": [101, 109], "uv_size": [2, 5]},
								"west": {"uv": [93, 87], "uv_size": [3, 5]},
								"up": {"uv": [59, 135], "uv_size": [2, 3]},
								"down": {"uv": [69, 138], "uv_size": [2, -3]}
							}
						},
						{
							"origin": [-7.05304, 23.67623, 0.24199],
							"size": [4.35, 1.5, 2.19],
							"pivot": [-7.02576, 20.75079, 0.04199],
							"rotation": [4.99697, 0.17428, -1.9924],
							"uv": {
								"north": {"uv": [124, 112], "uv_size": [4, 2]},
								"east": {"uv": [41, 151], "uv_size": [2, 2]},
								"south": {"uv": [124, 114], "uv_size": [4, 2]},
								"west": {"uv": [43, 151], "uv_size": [2, 2]},
								"up": {"uv": [124, 116], "uv_size": [4, 2]},
								"down": {"uv": [124, 120], "uv_size": [4, -2]}
							}
						},
						{
							"origin": [-7.05304, 23.67623, -2.45801],
							"size": [4.35, 1.5, 2.29],
							"pivot": [-7.02576, 20.75079, 0.04199],
							"rotation": [-3.50303, 0.17428, -1.9924],
							"uv": {
								"north": {"uv": [119, 124], "uv_size": [4, 2]},
								"east": {"uv": [45, 151], "uv_size": [2, 2]},
								"south": {"uv": [124, 120], "uv_size": [4, 2]},
								"west": {"uv": [47, 151], "uv_size": [2, 2]},
								"up": {"uv": [123, 124], "uv_size": [4, 2]},
								"down": {"uv": [2, 127], "uv_size": [4, -2]}
							}
						},
						{
							"origin": [-5.55085, 20.84113, -2.4555],
							"size": [2.65, 4.6, 2.49],
							"pivot": [-6.35085, 20.84113, -1.75646],
							"rotation": [-4.49727, -0.15689, -1.99384],
							"uv": {
								"north": {"uv": [93, 92], "uv_size": [3, 5]},
								"east": {"uv": [107, 109], "uv_size": [2, 5]},
								"south": {"uv": [94, 0], "uv_size": [3, 5]},
								"west": {"uv": [109, 109], "uv_size": [2, 5]},
								"up": {"uv": [114, 135], "uv_size": [3, 2]},
								"down": {"uv": [135, 122], "uv_size": [3, -2]}
							}
						},
						{
							"origin": [-7.02576, 20.75079, 0.04199],
							"size": [2.05, 4.6, 2.2],
							"pivot": [-7.02576, 20.75079, 0.04199],
							"rotation": [4.98788, -0.34834, 3.98483],
							"uv": {
								"north": {"uv": [7, 110], "uv_size": [2, 5]},
								"east": {"uv": [9, 110], "uv_size": [2, 5]},
								"south": {"uv": [20, 110], "uv_size": [2, 5]},
								"west": {"uv": [23, 110], "uv_size": [2, 5]},
								"up": {"uv": [49, 151], "uv_size": [2, 2]},
								"down": {"uv": [51, 153], "uv_size": [2, -2]}
							}
						},
						{
							"origin": [-5.55304, 20.67623, 0.04199],
							"size": [2.65, 4.6, 2.19],
							"pivot": [-7.02576, 20.75079, 0.04199],
							"rotation": [4.99697, 0.17428, -1.9924],
							"uv": {
								"north": {"uv": [94, 11], "uv_size": [3, 5]},
								"east": {"uv": [25, 110], "uv_size": [2, 5]},
								"south": {"uv": [94, 16], "uv_size": [3, 5]},
								"west": {"uv": [34, 110], "uv_size": [2, 5]},
								"up": {"uv": [135, 130], "uv_size": [3, 2]},
								"down": {"uv": [136, 10], "uv_size": [3, -2]}
							}
						},
						{
							"origin": [-6.17966, 19.11941, -1.775],
							"size": [3, 1.5, 3.6],
							"uv": {
								"north": {"uv": [136, 14], "uv_size": [3, 2]},
								"east": {"uv": [6, 125], "uv_size": [4, 2]},
								"south": {"uv": [136, 23], "uv_size": [3, 2]},
								"west": {"uv": [125, 8], "uv_size": [4, 2]},
								"up": {"uv": [66, 100], "uv_size": [3, 4]},
								"down": {"uv": [100, 96], "uv_size": [3, -4]}
							}
						},
						{
							"origin": [-6.47966, 20.41941, -1.875],
							"size": [3.4, 0.7, 3.8],
							"uv": {
								"north": {"uv": [93, 160], "uv_size": [3, 1]},
								"east": {"uv": [151, 21], "uv_size": [4, 1]},
								"south": {"uv": [160, 97], "uv_size": [3, 1]},
								"west": {"uv": [151, 29], "uv_size": [4, 1]},
								"up": {"uv": [100, 96], "uv_size": [3, 4]},
								"down": {"uv": [100, 104], "uv_size": [3, -4]}
							}
						}
					]
				},
				{
					"name": "RightForeArm_",
					"parent": "RightForeArm",
					"pivot": [-4.62, 25.31941, 0.04008],
					"cubes": [
						{
							"origin": [-5.94, 24.26941, -1.00992],
							"size": [2.64, 2.1, 2.1],
							"pivot": [-4.62, 25.31941, 0.04008],
							"rotation": [-45, 0, 0],
							"uv": {
								"north": {"uv": [136, 30], "uv_size": [3, 2]},
								"east": {"uv": [53, 151], "uv_size": [2, 2]},
								"south": {"uv": [136, 36], "uv_size": [3, 2]},
								"west": {"uv": [59, 151], "uv_size": [2, 2]},
								"up": {"uv": [136, 38], "uv_size": [3, 2]},
								"down": {"uv": [136, 42], "uv_size": [3, -2]}
							}
						}
					]
				},
				{
					"name": "RightHand",
					"parent": "RightForeArm",
					"pivot": [-4.375, 18.925, 0.025],
					"cubes": [
						{
							"origin": [-5.938, 18.48192, -1.79982],
							"size": [2.64, 2.1, 2],
							"pivot": [-0.118, 18.50857, -0.62647],
							"rotation": [-45, 0, 0],
							"uv": {
								"north": {"uv": [136, 42], "uv_size": [3, 2]},
								"east": {"uv": [61, 151], "uv_size": [2, 2]},
								"south": {"uv": [136, 44], "uv_size": [3, 2]},
								"west": {"uv": [151, 62], "uv_size": [2, 2]},
								"up": {"uv": [45, 136], "uv_size": [3, 2]},
								"down": {"uv": [51, 138], "uv_size": [3, -2]}
							}
						},
						{
							"origin": [-5.97966, 17.31941, -1.475],
							"size": [2.7, 2, 3],
							"uv": {
								"north": {"uv": [54, 136], "uv_size": [3, 2]},
								"east": {"uv": [136, 59], "uv_size": [3, 2]},
								"south": {"uv": [136, 61], "uv_size": [3, 2]},
								"west": {"uv": [62, 136], "uv_size": [3, 2]},
								"up": {"uv": [40, 117], "uv_size": [3, 3]},
								"down": {"uv": [117, 45], "uv_size": [3, -3]}
							}
						}
					]
				},
				{
					"name": "RightHandLocator",
					"parent": "RightHand",
					"pivot": [-4.375, 17.925, 0.025]
				}
			]
		}
	]
}