{
	"format_version": "1.12.0",
	"minecraft:geometry": [
		{
			"description": {
				"identifier": "geometry.unknown",
				"texture_width": 256,
				"texture_height": 128,
				"visible_bounds_width": 4,
				"visible_bounds_height": 4.5,
				"visible_bounds_offset": [0, 1.75, 0]
			},
			"bones": [
				{
					"name": "LeftArm",
					"pivot": [1.45, 27, 0.1],
					"cubes": [
						{"origin": [0.45902, 22.00106, -1.4], "size": [2.3, 6, 3], "uv": [67, 64]},
						{"origin": [0.30902, 22.02606, -1.55], "size": [2.6, 6, 3.3], "uv": [22, 67]}
					]
				},
				{
					"name": "LeftForeArm",
					"parent": "LeftArm",
					"pivot": [1.675, 22.05, 0.125],
					"cubes": [
						{"origin": [0.48402, 17.72606, -1.375], "size": [2.25, 5, 3], "uv": [64, 74]},
						{"origin": [0.33402, 17.72606, -1.525], "size": [2.55, 2, 3.3], "uv": [80, 19], "mirror": true},
						{"origin": [0.50902, 21.36663, -0.6666], "size": [2.2, 2, 2], "pivot": [1.60902, 22.3762, -0.1435], "rotation": [-22.5, 0, 0], "uv": [9, 88]},
						{"origin": [0.66253, 19.12053, -1.5], "size": [1, 2.5, 3.225], "pivot": [1.88753, 22.62053, 0.075], "rotation": [0, 0, 22.5], "uv": [85, 74]},
						{"origin": [0.325, 19.55978, 1.09574], "size": [2.575, 2.5, 1], "pivot": [1.6125, 21.05978, 1.54574], "rotation": [22.5, 0, 0], "uv": [73, 0]},
						{"origin": [0.33402, 17.72606, -1.525], "size": [2.55, 2, 3.3], "uv": [80, 0]},
						{"origin": [0.325, 19.40754, -1.13038], "size": [2.575, 2.5, 1], "pivot": [1.625, 22.90754, -0.58038], "rotation": [-22.5, 0, 0], "uv": [54, 90]},
						{"origin": [2.27074, 19.55978, -1.5], "size": [1, 2.5, 3.225], "pivot": [2.79574, 21.05978, 0.1], "rotation": [0, 0, -22.5], "uv": [0, 87]},
						{"origin": [0.675, 15.925, -2.775], "size": [1.55, 2, 2], "pivot": [1.675, 15.025, 0.125], "rotation": [-45, 0, 0], "uv": [89, 62]}
					]
				},
				{
					"name": "bone4",
					"parent": "LeftForeArm",
					"pivot": [3.295, 18.15174, 0.125]
				},
				{
					"name": "LeftHand",
					"parent": "LeftForeArm",
					"pivot": [1.675, 18.025, 0.125],
					"cubes": [
						{"origin": [0.50902, 15.72606, -1.4], "size": [2.25, 3, 3], "uv": [41, 77]}
					]
				},
				{
					"name": "LeftHandLocator",
					"parent": "LeftHand",
					"pivot": [1.375, 16.725, 0.025]
				},
				{
					"name": "RightArm",
					"pivot": [-1.45, 27, 0.1],
					"cubes": [
						{"origin": [-2.75902, 22.00106, -1.4], "size": [2.3, 6, 3], "uv": [69, 39]},
						{"origin": [-2.90902, 22.02606, -1.55], "size": [2.6, 6, 3.3], "uv": [68, 29]}
					]
				},
				{
					"name": "RightForeArm",
					"parent": "RightArm",
					"pivot": [-1.675, 22.05, 0.125],
					"cubes": [
						{"origin": [-2.9, 19.55978, 1.09574], "size": [2.575, 2.5, 1], "pivot": [-1.6125, 21.05978, 1.54574], "rotation": [22.5, 0, 0], "uv": [58, 9]},
						{"origin": [-3.27074, 19.55978, -1.5], "size": [1, 2.5, 3.225], "pivot": [-2.79574, 21.05978, 0.1], "rotation": [0, 0, 22.5], "uv": [87, 28]},
						{"origin": [-1.66253, 19.12053, -1.5], "size": [1, 2.5, 3.225], "pivot": [-1.88753, 22.62053, 0.075], "rotation": [0, 0, -22.5], "uv": [87, 48]},
						{"origin": [-2.9, 19.40754, -1.13038], "size": [2.575, 2.5, 1], "pivot": [-1.625, 22.90754, -0.58038], "rotation": [-22.5, 0, 0], "uv": [91, 0]},
						{"origin": [-2.73402, 17.72606, -1.375], "size": [2.25, 5, 3], "uv": [0, 72]},
						{"origin": [-2.70902, 21.36663, -0.6666], "size": [2.2, 2, 2], "pivot": [-1.60902, 22.3762, -0.1435], "rotation": [-22.5, 0, 0], "uv": [88, 17]},
						{"origin": [-2.88402, 17.72606, -1.525], "size": [2.55, 2, 3.3], "uv": [80, 19]},
						{"origin": [-2.225, 15.925, -2.775], "size": [1.55, 2, 2], "pivot": [-1.675, 15.025, 0.125], "rotation": [-45, 0, 0], "uv": [89, 55]}
					]
				},
				{
					"name": "RightHand",
					"parent": "RightForeArm",
					"pivot": [-1.675, 18.025, 0.125],
					"cubes": [
						{"origin": [-2.75902, 15.72606, -1.4], "size": [2.25, 3, 3], "uv": [24, 77]}
					]
				},
				{
					"name": "RightHandLocator",
					"parent": "RightHand",
					"pivot": [-1.425, 16.775, 0.025]
				}
			]
		}
	]
}