{
	"format_version": "1.12.0",
	"minecraft:geometry": [
		{
			"description": {
				"identifier": "geometry.unknown",
				"texture_width": 128,
				"texture_height": 128,
				"visible_bounds_width": 4,
				"visible_bounds_height": 4.5,
				"visible_bounds_offset": [0, 1.75, 0]
			},
			"bones": [
				{
					"name": "Arm",
					"pivot": [0, 31.2, 0]
				},
				{
					"name": "LeftArm",
					"parent": "Arm",
					"pivot": [4.25, 29.9, 0],
					"rotation": [0, 0, -15],
					"cubes": [
						{"origin": [2.95, 24.15, -1.6], "size": [3.25, 7, 3.3], "uv": [111, 0]}
					]
				},
				{
					"name": "LeftForeArm",
					"parent": "LeftArm",
					"pivot": [4.475, 24.25, 0.025],
					"cubes": [
						{
							"origin": [2.975, 17.225, -1.575],
							"size": [3.2, 2.8, 3.3],
							"inflate": 0.001,
							"uv": {
								"north": {"uv": [0, 47], "uv_size": [3, 8]},
								"east": {"uv": [39, 48], "uv_size": [3, 8]},
								"south": {"uv": [43, 48], "uv_size": [3, 8]},
								"west": {"uv": [20, 49], "uv_size": [3, 8]},
								"up": {"uv": [34, 73], "uv_size": [3, 3]},
								"down": {"uv": [73, 37], "uv_size": [3, -3]}
							}
						},
						{
							"origin": [2.975, 17.225, -1.575],
							"size": [3.2, 8, 3.3],
							"uv": {
								"north": {"uv": [0, 47], "uv_size": [3, 8]},
								"east": {"uv": [39, 48], "uv_size": [3, 8]},
								"south": {"uv": [43, 48], "uv_size": [3, 8]},
								"west": {"uv": [20, 49], "uv_size": [3, 8]},
								"up": {"uv": [34, 73], "uv_size": [3, 3]},
								"down": {"uv": [73, 37], "uv_size": [3, -3]}
							}
						}
					]
				},
				{
					"name": "LeftForearmCuff",
					"parent": "LeftForeArm",
					"pivot": [4.475, 24.25, 0.025],
					"cubes": [
						{
							"origin": [3, 20.025, -1.7],
							"size": [3.35, 3.3, 3.5],
							"inflate": 0.001,
							"pivot": [4.1, 18.1, -0.3],
							"rotation": [0, 0, -1],
							"uv": {
								"north": {"uv": [12, 54], "uv_size": [3, 7]},
								"east": {"uv": [16, 54], "uv_size": [3, 7]},
								"south": {"uv": [0, 56], "uv_size": [3, 7]},
								"west": {"uv": [56, 0], "uv_size": [3, 7]},
								"up": {"uv": [73, 38], "uv_size": [3, 3]},
								"down": {"uv": [73, 45], "uv_size": [3, -3]}
							}
						},
						{
							"origin": [6.4, 21.325, 2.3],
							"size": [0.15, 0.6, 0.7],
							"inflate": 0.001,
							"pivot": [7.3, 19.3, 1.1],
							"rotation": [54.76018, -0.40003, -1.82474],
							"uv": {
								"north": {"uv": [12, 54], "uv_size": [3, 7]},
								"east": {"uv": [16, 54], "uv_size": [3, 7]},
								"south": {"uv": [0, 56], "uv_size": [3, 7]},
								"west": {"uv": [56, 0], "uv_size": [3, 7]},
								"up": {"uv": [73, 38], "uv_size": [3, 3]},
								"down": {"uv": [73, 45], "uv_size": [3, -3]}
							}
						},
						{
							"origin": [6.3, 21.125, 2.1],
							"size": [0.15, 1, 1.1],
							"inflate": 0.001,
							"pivot": [7.2, 19.3, 1.1],
							"rotation": [54.76018, -0.40003, -1.82474],
							"uv": {
								"north": {"uv": [12, 54], "uv_size": [3, 7]},
								"east": {"uv": [16, 54], "uv_size": [3, 7]},
								"south": {"uv": [0, 56], "uv_size": [3, 7]},
								"west": {"uv": [56, 0], "uv_size": [3, 7]},
								"up": {"uv": [73, 38], "uv_size": [3, 3]},
								"down": {"uv": [73, 45], "uv_size": [3, -3]}
							}
						}
					]
				},
				{
					"name": "LeftHand",
					"parent": "LeftForeArm",
					"pivot": [4.575, 18.725, 0.025]
				},
				{
					"name": "LeftHandLocator",
					"parent": "LeftHand",
					"pivot": [4.575, 18.725, 0.025],
					"cubes": [
						{
							"origin": [4.075, 18.225, -0.475],
							"size": [1, 1, 1],
							"uv": {
								"north": {"uv": [102, 60], "uv_size": [1, 1]},
								"east": {"uv": [102, 62], "uv_size": [1, 1]},
								"south": {"uv": [102, 64], "uv_size": [1, 1]},
								"west": {"uv": [68, 102], "uv_size": [1, 1]},
								"up": {"uv": [70, 102], "uv_size": [1, 1]},
								"down": {"uv": [72, 103], "uv_size": [1, -1]}
							}
						}
					]
				},
				{
					"name": "RightArm",
					"parent": "Arm",
					"pivot": [-4.25, 29.775, 0],
					"rotation": [0, 0, 15],
					"cubes": [
						{
							"origin": [-6.2, 24.025, -1.6],
							"size": [3.25, 7, 3.4],
							"uv": {
								"north": {"uv": [12, 54], "uv_size": [3, 7]},
								"east": {"uv": [16, 54], "uv_size": [3, 7]},
								"south": {"uv": [0, 56], "uv_size": [3, 7]},
								"west": {"uv": [56, 0], "uv_size": [3, 7]},
								"up": {"uv": [73, 38], "uv_size": [3, 3]},
								"down": {"uv": [73, 45], "uv_size": [3, -3]}
							}
						}
					]
				},
				{
					"name": "RightArmSleeve",
					"parent": "RightArm",
					"pivot": [-5.8, 27.4, 0],
					"cubes": [
						{
							"origin": [-6.8, 22.225, -1.7],
							"size": [3.35, 4.3, 3.5],
							"inflate": 0.01,
							"pivot": [-5.4, 22.5, 0],
							"rotation": [0, 0, 5.5],
							"uv": {
								"north": {"uv": [12, 54], "uv_size": [3, 7]},
								"east": {"uv": [16, 54], "uv_size": [3, 7]},
								"south": {"uv": [0, 56], "uv_size": [3, 7]},
								"west": {"uv": [56, 0], "uv_size": [3, 7]},
								"up": {"uv": [73, 38], "uv_size": [3, 3]},
								"down": {"uv": [73, 45], "uv_size": [3, -3]}
							}
						},
						{
							"origin": [-6.6, 26.825, -1.7],
							"size": [3.75, 4.3, 3.5],
							"inflate": 0.001,
							"pivot": [-5.1, 27.1, -0.1],
							"rotation": [0, 0, -1],
							"uv": {
								"north": {"uv": [12, 54], "uv_size": [3, 7]},
								"east": {"uv": [16, 54], "uv_size": [3, 7]},
								"south": {"uv": [0, 56], "uv_size": [3, 7]},
								"west": {"uv": [56, 0], "uv_size": [3, 7]},
								"up": {"uv": [73, 38], "uv_size": [3, 3]},
								"down": {"uv": [73, 45], "uv_size": [3, -3]}
							}
						},
						{
							"origin": [-6.6, 26.325, -1.9],
							"size": [3.75, 1, 3.9],
							"inflate": 0.001,
							"pivot": [-5.1, 24.2, -0.3],
							"rotation": [0, 0, -1],
							"uv": {
								"north": {"uv": [12, 54], "uv_size": [3, 7]},
								"east": {"uv": [16, 54], "uv_size": [3, 7]},
								"south": {"uv": [0, 56], "uv_size": [3, 7]},
								"west": {"uv": [56, 0], "uv_size": [3, 7]},
								"up": {"uv": [73, 38], "uv_size": [3, 3]},
								"down": {"uv": [73, 45], "uv_size": [3, -3]}
							}
						},
						{
							"origin": [-7.2, 29.925, -1.9],
							"size": [3.75, 0.6, 3.9],
							"inflate": 0.002,
							"pivot": [-5.7, 27.4, -0.3],
							"rotation": [0, 0, 12],
							"uv": {
								"north": {"uv": [12, 54], "uv_size": [3, 7]},
								"east": {"uv": [16, 54], "uv_size": [3, 7]},
								"south": {"uv": [0, 56], "uv_size": [3, 7]},
								"west": {"uv": [56, 0], "uv_size": [3, 7]},
								"up": {"uv": [73, 38], "uv_size": [3, 3]},
								"down": {"uv": [73, 45], "uv_size": [3, -3]}
							}
						},
						{
							"origin": [-6.1, 29.625, -1.9],
							"size": [3.75, 0.5, 3.9],
							"inflate": 0.001,
							"pivot": [-4.6, 27.5, -0.3],
							"rotation": [0, 0, -16],
							"uv": {
								"north": {"uv": [12, 54], "uv_size": [3, 7]},
								"east": {"uv": [16, 54], "uv_size": [3, 7]},
								"south": {"uv": [0, 56], "uv_size": [3, 7]},
								"west": {"uv": [56, 0], "uv_size": [3, 7]},
								"up": {"uv": [73, 38], "uv_size": [3, 3]},
								"down": {"uv": [73, 45], "uv_size": [3, -3]}
							}
						}
					]
				},
				{
					"name": "Pauldron",
					"parent": "RightArmSleeve",
					"pivot": [-7.4, 27.1, -0.1],
					"cubes": [
						{
							"origin": [-7.36108, 30.32553, 0.6],
							"size": [0.55, 1.3, 0.5],
							"inflate": 0.001,
							"pivot": [-6.2, 30.6, 1.2],
							"rotation": [-32.21574, 7.57131, -3.1894],
							"uv": {
								"north": {"uv": [12, 54], "uv_size": [3, 7]},
								"east": {"uv": [16, 54], "uv_size": [3, 7]},
								"south": {"uv": [0, 56], "uv_size": [3, 7]},
								"west": {"uv": [56, 0], "uv_size": [3, 7]},
								"up": {"uv": [73, 38], "uv_size": [3, 3]},
								"down": {"uv": [73, 45], "uv_size": [3, -3]}
							}
						},
						{
							"origin": [-7.38692, 29.67231, 0.26572],
							"size": [0.55, 0.8, 0.5],
							"inflate": 0.001,
							"pivot": [-6.22583, 29.94678, 0.86572],
							"rotation": [-27.28991, 6.52147, -2.58474],
							"uv": {
								"north": {"uv": [12, 54], "uv_size": [3, 7]},
								"east": {"uv": [16, 54], "uv_size": [3, 7]},
								"south": {"uv": [0, 56], "uv_size": [3, 7]},
								"west": {"uv": [56, 0], "uv_size": [3, 7]},
								"up": {"uv": [73, 38], "uv_size": [3, 3]},
								"down": {"uv": [73, 45], "uv_size": [3, -3]}
							}
						},
						{
							"origin": [-7.40435, 28.98773, 0.01075],
							"size": [0.55, 0.8, 0.5],
							"inflate": 0.001,
							"pivot": [-6.24327, 29.26219, 0.61075],
							"rotation": [-20.42843, 4.97362, -1.89671],
							"uv": {
								"north": {"uv": [12, 54], "uv_size": [3, 7]},
								"east": {"uv": [16, 54], "uv_size": [3, 7]},
								"south": {"uv": [0, 56], "uv_size": [3, 7]},
								"west": {"uv": [56, 0], "uv_size": [3, 7]},
								"up": {"uv": [73, 38], "uv_size": [3, 3]},
								"down": {"uv": [73, 45], "uv_size": [3, -3]}
							}
						},
						{
							"origin": [-7.50435, 29.08773, -0.18925],
							"size": [0.55, 0.6, 0.5],
							"inflate": 0.001,
							"pivot": [-6.34327, 29.26219, 0.41075],
							"rotation": [-26.30735, 6.30553, -2.47498],
							"uv": {
								"north": {"uv": [12, 54], "uv_size": [3, 7]},
								"east": {"uv": [16, 54], "uv_size": [3, 7]},
								"south": {"uv": [0, 56], "uv_size": [3, 7]},
								"west": {"uv": [56, 0], "uv_size": [3, 7]},
								"up": {"uv": [73, 38], "uv_size": [3, 3]},
								"down": {"uv": [73, 45], "uv_size": [3, -3]}
							}
						},
						{
							"origin": [-7.70435, 28.58773, -0.38925],
							"size": [0.65, 0.6, 0.5],
							"inflate": 0.001,
							"pivot": [-6.44327, 28.76219, 0.21075],
							"rotation": [-45.30735, 6.30553, -2.47498],
							"uv": {
								"north": {"uv": [12, 54], "uv_size": [3, 7]},
								"east": {"uv": [16, 54], "uv_size": [3, 7]},
								"south": {"uv": [0, 56], "uv_size": [3, 7]},
								"west": {"uv": [56, 0], "uv_size": [3, 7]},
								"up": {"uv": [73, 38], "uv_size": [3, 3]},
								"down": {"uv": [73, 45], "uv_size": [3, -3]}
							}
						},
						{
							"origin": [-7.60435, 28.38773, -0.58925],
							"size": [0.65, 0.3, 0.26],
							"inflate": 0.001,
							"pivot": [-6.34327, 28.26219, 0.01075],
							"rotation": [-45.30735, 6.30553, -2.47498],
							"uv": {
								"north": {"uv": [12, 54], "uv_size": [3, 7]},
								"east": {"uv": [16, 54], "uv_size": [3, 7]},
								"south": {"uv": [0, 56], "uv_size": [3, 7]},
								"west": {"uv": [56, 0], "uv_size": [3, 7]},
								"up": {"uv": [73, 38], "uv_size": [3, 3]},
								"down": {"uv": [73, 45], "uv_size": [3, -3]}
							}
						},
						{
							"origin": [-7.70435, 28.58773, -0.68925],
							"size": [0.65, 0.6, 0.5],
							"inflate": 0.001,
							"pivot": [-6.44327, 28.76219, -0.08925],
							"rotation": [-45.30735, 6.30553, -2.47498],
							"uv": {
								"north": {"uv": [12, 54], "uv_size": [3, 7]},
								"east": {"uv": [16, 54], "uv_size": [3, 7]},
								"south": {"uv": [0, 56], "uv_size": [3, 7]},
								"west": {"uv": [56, 0], "uv_size": [3, 7]},
								"up": {"uv": [73, 38], "uv_size": [3, 3]},
								"down": {"uv": [73, 45], "uv_size": [3, -3]}
							}
						},
						{
							"origin": [-7.50435, 29.48773, -0.18925],
							"size": [0.55, 0.3, 0.3],
							"inflate": 0.001,
							"pivot": [-6.34327, 29.66219, 0.21075],
							"rotation": [-47.10538, -2.706, -6.69596],
							"uv": {
								"north": {"uv": [12, 54], "uv_size": [3, 7]},
								"east": {"uv": [16, 54], "uv_size": [3, 7]},
								"south": {"uv": [0, 56], "uv_size": [3, 7]},
								"west": {"uv": [56, 0], "uv_size": [3, 7]},
								"up": {"uv": [73, 38], "uv_size": [3, 3]},
								"down": {"uv": [73, 45], "uv_size": [3, -3]}
							}
						},
						{
							"origin": [-7.50435, 29.68773, 0.01075],
							"size": [0.55, 0.3, 0.3],
							"inflate": 0.001,
							"pivot": [-6.34327, 29.86219, 0.41075],
							"rotation": [-47.10538, -2.706, -6.69596],
							"uv": {
								"north": {"uv": [12, 54], "uv_size": [3, 7]},
								"east": {"uv": [16, 54], "uv_size": [3, 7]},
								"south": {"uv": [0, 56], "uv_size": [3, 7]},
								"west": {"uv": [56, 0], "uv_size": [3, 7]},
								"up": {"uv": [73, 38], "uv_size": [3, 3]},
								"down": {"uv": [73, 45], "uv_size": [3, -3]}
							}
						},
						{
							"origin": [-7.54886, 30.0943, -0.14528],
							"size": [0.6, 0.25, 0.2],
							"inflate": 0.001,
							"pivot": [-6.33777, 30.16877, 0.15472],
							"rotation": [10.12123, -1.834, -9.23539],
							"uv": {
								"north": {"uv": [12, 54], "uv_size": [3, 7]},
								"east": {"uv": [16, 54], "uv_size": [3, 7]},
								"south": {"uv": [0, 56], "uv_size": [3, 7]},
								"west": {"uv": [56, 0], "uv_size": [3, 7]},
								"up": {"uv": [73, 38], "uv_size": [3, 3]},
								"down": {"uv": [73, 45], "uv_size": [3, -3]}
							}
						},
						{
							"origin": [-7.51877, 30.01208, -0.11011],
							"size": [0.6, 0.25, 0.2],
							"inflate": 0.001,
							"pivot": [-6.30768, 30.08655, 0.18989],
							"rotation": [-15.06467, 3.97672, -9.8303],
							"uv": {
								"north": {"uv": [12, 54], "uv_size": [3, 7]},
								"east": {"uv": [16, 54], "uv_size": [3, 7]},
								"south": {"uv": [0, 56], "uv_size": [3, 7]},
								"west": {"uv": [56, 0], "uv_size": [3, 7]},
								"up": {"uv": [73, 38], "uv_size": [3, 3]},
								"down": {"uv": [73, 45], "uv_size": [3, -3]}
							}
						},
						{
							"origin": [-7.50435, 29.68773, -0.38925],
							"size": [0.55, 0.3, 0.3],
							"inflate": 0.001,
							"pivot": [-6.34327, 29.86219, 0.01075],
							"rotation": [-47.10538, -2.706, -6.69596],
							"uv": {
								"north": {"uv": [12, 54], "uv_size": [3, 7]},
								"east": {"uv": [16, 54], "uv_size": [3, 7]},
								"south": {"uv": [0, 56], "uv_size": [3, 7]},
								"west": {"uv": [56, 0], "uv_size": [3, 7]},
								"up": {"uv": [73, 38], "uv_size": [3, 3]},
								"down": {"uv": [73, 45], "uv_size": [3, -3]}
							}
						},
						{
							"origin": [-7.48699, 29.48565, -0.05279],
							"size": [0.55, 0.6, 0.5],
							"inflate": 0.001,
							"pivot": [-6.32591, 29.66012, 0.54721],
							"rotation": [-37.35945, 7.58433, -3.91182],
							"uv": {
								"north": {"uv": [12, 54], "uv_size": [3, 7]},
								"east": {"uv": [16, 54], "uv_size": [3, 7]},
								"south": {"uv": [0, 56], "uv_size": [3, 7]},
								"west": {"uv": [56, 0], "uv_size": [3, 7]},
								"up": {"uv": [73, 38], "uv_size": [3, 3]},
								"down": {"uv": [73, 45], "uv_size": [3, -3]}
							}
						},
						{
							"origin": [-7.44836, 29.90418, 0.26525],
							"size": [0.55, 0.6, 0.5],
							"inflate": 0.001,
							"pivot": [-6.28728, 30.07864, 0.86525],
							"rotation": [-46.47615, 8.21916, -5.40384],
							"uv": {
								"north": {"uv": [12, 54], "uv_size": [3, 7]},
								"east": {"uv": [16, 54], "uv_size": [3, 7]},
								"south": {"uv": [0, 56], "uv_size": [3, 7]},
								"west": {"uv": [56, 0], "uv_size": [3, 7]},
								"up": {"uv": [73, 38], "uv_size": [3, 3]},
								"down": {"uv": [73, 45], "uv_size": [3, -3]}
							}
						},
						{
							"origin": [-7.44836, 30.20418, 0.56525],
							"size": [0.55, 0.6, 0.5],
							"inflate": 0.001,
							"pivot": [-6.28728, 30.37864, 1.16525],
							"rotation": [-56.20607, 11.70617, -7.26689],
							"uv": {
								"north": {"uv": [12, 54], "uv_size": [3, 7]},
								"east": {"uv": [16, 54], "uv_size": [3, 7]},
								"south": {"uv": [0, 56], "uv_size": [3, 7]},
								"west": {"uv": [56, 0], "uv_size": [3, 7]},
								"up": {"uv": [73, 38], "uv_size": [3, 3]},
								"down": {"uv": [73, 45], "uv_size": [3, -3]}
							}
						},
						{
							"origin": [-7.5044, 29.3877, -0.69412],
							"size": [0.55, 0.6, 0.5],
							"inflate": 0.001,
							"pivot": [-6.23096, 29.83151, -0.09412],
							"rotation": [20.13425, 5.64693, -2.16853],
							"uv": {
								"north": {"uv": [12, 54], "uv_size": [3, 7]},
								"east": {"uv": [16, 54], "uv_size": [3, 7]},
								"south": {"uv": [0, 56], "uv_size": [3, 7]},
								"west": {"uv": [56, 0], "uv_size": [3, 7]},
								"up": {"uv": [73, 38], "uv_size": [3, 3]},
								"down": {"uv": [73, 45], "uv_size": [3, -3]}
							}
						},
						{
							"origin": [-7.54397, 29.94356, -0.91197],
							"size": [0.55, 0.6, 0.5],
							"inflate": 0.001,
							"pivot": [-6.27053, 30.38737, -0.31197],
							"rotation": [28.92509, 3.58984, -1.45921],
							"uv": {
								"north": {"uv": [12, 54], "uv_size": [3, 7]},
								"east": {"uv": [16, 54], "uv_size": [3, 7]},
								"south": {"uv": [0, 56], "uv_size": [3, 7]},
								"west": {"uv": [56, 0], "uv_size": [3, 7]},
								"up": {"uv": [73, 38], "uv_size": [3, 3]},
								"down": {"uv": [73, 45], "uv_size": [3, -3]}
							}
						},
						{
							"origin": [-7.55796, 30.40392, -1.25487],
							"size": [0.55, 0.6, 0.5],
							"inflate": 0.001,
							"pivot": [-6.28451, 30.84773, -0.65487],
							"rotation": [46.40981, -0.72547, -1.01847],
							"uv": {
								"north": {"uv": [12, 54], "uv_size": [3, 7]},
								"east": {"uv": [16, 54], "uv_size": [3, 7]},
								"south": {"uv": [0, 56], "uv_size": [3, 7]},
								"west": {"uv": [56, 0], "uv_size": [3, 7]},
								"up": {"uv": [73, 38], "uv_size": [3, 3]},
								"down": {"uv": [73, 45], "uv_size": [3, -3]}
							}
						},
						{
							"origin": [-7.5563, 30.70591, -1.64075],
							"size": [0.55, 0.6, 0.5],
							"inflate": 0.001,
							"pivot": [-6.28286, 31.14972, -1.04075],
							"rotation": [50.53304, -0.71877, -1.10538],
							"uv": {
								"north": {"uv": [12, 54], "uv_size": [3, 7]},
								"east": {"uv": [16, 54], "uv_size": [3, 7]},
								"south": {"uv": [0, 56], "uv_size": [3, 7]},
								"west": {"uv": [56, 0], "uv_size": [3, 7]},
								"up": {"uv": [73, 38], "uv_size": [3, 3]},
								"down": {"uv": [73, 45], "uv_size": [3, -3]}
							}
						},
						{
							"origin": [-7.39204, 29.25704, -0.69412],
							"size": [0.55, 0.8, 0.5],
							"inflate": 0.001,
							"pivot": [-6.23096, 29.53151, -0.09412],
							"rotation": [15.2449, 3.449, -1.3988],
							"uv": {
								"north": {"uv": [12, 54], "uv_size": [3, 7]},
								"east": {"uv": [16, 54], "uv_size": [3, 7]},
								"south": {"uv": [0, 56], "uv_size": [3, 7]},
								"west": {"uv": [56, 0], "uv_size": [3, 7]},
								"up": {"uv": [73, 38], "uv_size": [3, 3]},
								"down": {"uv": [73, 45], "uv_size": [3, -3]}
							}
						},
						{
							"origin": [-7.45112, 30.78834, -1.16093],
							"size": [0.55, 1.2, 0.5],
							"inflate": 0.001,
							"pivot": [-6.29004, 31.06281, -0.56093],
							"rotation": [24.96337, 1.05911, -1.01561],
							"uv": {
								"north": {"uv": [12, 54], "uv_size": [3, 7]},
								"east": {"uv": [16, 54], "uv_size": [3, 7]},
								"south": {"uv": [0, 56], "uv_size": [3, 7]},
								"west": {"uv": [56, 0], "uv_size": [3, 7]},
								"up": {"uv": [73, 38], "uv_size": [3, 3]},
								"down": {"uv": [73, 45], "uv_size": [3, -3]}
							}
						},
						{
							"origin": [-7.42386, 30.0312, -0.90178],
							"size": [0.55, 0.8, 0.5],
							"inflate": 0.001,
							"pivot": [-6.26278, 30.30567, -0.30178],
							"rotation": [18.16403, 2.73935, -1.2412],
							"uv": {
								"north": {"uv": [12, 54], "uv_size": [3, 7]},
								"east": {"uv": [16, 54], "uv_size": [3, 7]},
								"south": {"uv": [0, 56], "uv_size": [3, 7]},
								"west": {"uv": [56, 0], "uv_size": [3, 7]},
								"up": {"uv": [73, 38], "uv_size": [3, 3]},
								"down": {"uv": [73, 45], "uv_size": [3, -3]}
							}
						}
					]
				},
				{
					"name": "bone",
					"parent": "Pauldron",
					"pivot": [-6.34327, 29.86219, 0.61075],
					"rotation": [-119.84992, 13.08335, -13.40152],
					"cubes": [
						{
							"origin": [-7.40435, 29.78773, 0.61075],
							"size": [0.55, 0.3, 0.3],
							"inflate": 0.001,
							"pivot": [-6.24327, 29.96219, 1.01075],
							"rotation": [-47.10538, -2.706, -6.69596],
							"uv": {
								"north": {"uv": [12, 54], "uv_size": [3, 7]},
								"east": {"uv": [16, 54], "uv_size": [3, 7]},
								"south": {"uv": [0, 56], "uv_size": [3, 7]},
								"west": {"uv": [56, 0], "uv_size": [3, 7]},
								"up": {"uv": [73, 38], "uv_size": [3, 3]},
								"down": {"uv": [73, 45], "uv_size": [3, -3]}
							}
						},
						{
							"origin": [-7.30435, 29.58773, 0.71075],
							"size": [0.55, 0.3, 0.3],
							"inflate": 0.001,
							"pivot": [-6.14327, 29.76219, 1.11075],
							"rotation": [-60.10538, -2.706, -6.69596],
							"uv": {
								"north": {"uv": [12, 54], "uv_size": [3, 7]},
								"east": {"uv": [16, 54], "uv_size": [3, 7]},
								"south": {"uv": [0, 56], "uv_size": [3, 7]},
								"west": {"uv": [56, 0], "uv_size": [3, 7]},
								"up": {"uv": [73, 38], "uv_size": [3, 3]},
								"down": {"uv": [73, 45], "uv_size": [3, -3]}
							}
						},
						{
							"origin": [-7.44886, 30.1943, 0.45472],
							"size": [0.6, 0.25, 0.2],
							"inflate": 0.001,
							"pivot": [-6.23777, 30.26877, 0.75472],
							"rotation": [10.12123, -1.834, -9.23539],
							"uv": {
								"north": {"uv": [12, 54], "uv_size": [3, 7]},
								"east": {"uv": [16, 54], "uv_size": [3, 7]},
								"south": {"uv": [0, 56], "uv_size": [3, 7]},
								"west": {"uv": [56, 0], "uv_size": [3, 7]},
								"up": {"uv": [73, 38], "uv_size": [3, 3]},
								"down": {"uv": [73, 45], "uv_size": [3, -3]}
							}
						},
						{
							"origin": [-7.41877, 30.11208, 0.48989],
							"size": [0.6, 0.25, 0.2],
							"inflate": 0.001,
							"pivot": [-6.20768, 30.18655, 0.78989],
							"rotation": [-15.06467, 3.97672, -9.8303],
							"uv": {
								"north": {"uv": [12, 54], "uv_size": [3, 7]},
								"east": {"uv": [16, 54], "uv_size": [3, 7]},
								"south": {"uv": [0, 56], "uv_size": [3, 7]},
								"west": {"uv": [56, 0], "uv_size": [3, 7]},
								"up": {"uv": [73, 38], "uv_size": [3, 3]},
								"down": {"uv": [73, 45], "uv_size": [3, -3]}
							}
						},
						{
							"origin": [-7.40435, 29.78773, 0.21075],
							"size": [0.55, 0.3, 0.3],
							"inflate": 0.001,
							"pivot": [-6.24327, 29.96219, 0.61075],
							"rotation": [-47.10538, -2.706, -6.69596],
							"uv": {
								"north": {"uv": [12, 54], "uv_size": [3, 7]},
								"east": {"uv": [16, 54], "uv_size": [3, 7]},
								"south": {"uv": [0, 56], "uv_size": [3, 7]},
								"west": {"uv": [56, 0], "uv_size": [3, 7]},
								"up": {"uv": [73, 38], "uv_size": [3, 3]},
								"down": {"uv": [73, 45], "uv_size": [3, -3]}
							}
						},
						{
							"origin": [-7.30435, 29.78773, 0.11075],
							"size": [0.55, 0.3, 0.3],
							"inflate": 0.001,
							"pivot": [-6.14327, 29.96219, 0.51075],
							"rotation": [-13.09959, 2.48597, -9.70423],
							"uv": {
								"north": {"uv": [12, 54], "uv_size": [3, 7]},
								"east": {"uv": [16, 54], "uv_size": [3, 7]},
								"south": {"uv": [0, 56], "uv_size": [3, 7]},
								"west": {"uv": [56, 0], "uv_size": [3, 7]},
								"up": {"uv": [73, 38], "uv_size": [3, 3]},
								"down": {"uv": [73, 45], "uv_size": [3, -3]}
							}
						},
						{
							"origin": [-7.40435, 29.58773, 0.41075],
							"size": [0.55, 0.3, 0.3],
							"inflate": 0.001,
							"pivot": [-6.24327, 29.76219, 0.81075],
							"rotation": [-47.10538, -2.706, -6.69596],
							"uv": {
								"north": {"uv": [12, 54], "uv_size": [3, 7]},
								"east": {"uv": [16, 54], "uv_size": [3, 7]},
								"south": {"uv": [0, 56], "uv_size": [3, 7]},
								"west": {"uv": [56, 0], "uv_size": [3, 7]},
								"up": {"uv": [73, 38], "uv_size": [3, 3]},
								"down": {"uv": [73, 45], "uv_size": [3, -3]}
							}
						}
					]
				},
				{
					"name": "Pauldron2",
					"parent": "bone",
					"pivot": [-6.14327, 30.46219, 0.51075],
					"rotation": [54.14954, -3.52249, -12.86023],
					"cubes": [
						{
							"origin": [-7.30435, 30.48773, 0.31075],
							"size": [0.55, 1.3, 0.4],
							"inflate": 0.001,
							"pivot": [-6.14327, 30.66219, 0.71075],
							"rotation": [-47.10538, -2.706, -6.69596],
							"uv": {
								"north": {"uv": [12, 54], "uv_size": [3, 7]},
								"east": {"uv": [16, 54], "uv_size": [3, 7]},
								"south": {"uv": [0, 56], "uv_size": [3, 7]},
								"west": {"uv": [56, 0], "uv_size": [3, 7]},
								"up": {"uv": [73, 38], "uv_size": [3, 3]},
								"down": {"uv": [73, 45], "uv_size": [3, -3]}
							}
						},
						{
							"origin": [-7.20435, 30.08773, 0.41075],
							"size": [0.55, 1.3, 0.4],
							"inflate": 0.001,
							"pivot": [-6.04327, 30.36219, 0.81075],
							"rotation": [-68.44265, -9.6474, -8.67672],
							"uv": {
								"north": {"uv": [12, 54], "uv_size": [3, 7]},
								"east": {"uv": [16, 54], "uv_size": [3, 7]},
								"south": {"uv": [0, 56], "uv_size": [3, 7]},
								"west": {"uv": [56, 0], "uv_size": [3, 7]},
								"up": {"uv": [73, 38], "uv_size": [3, 3]},
								"down": {"uv": [73, 45], "uv_size": [3, -3]}
							}
						},
						{
							"origin": [-7.20435, 29.68773, 0.51075],
							"size": [0.55, 1.1, 0.4],
							"inflate": 0.001,
							"pivot": [-6.04327, 29.96219, 0.91075],
							"rotation": [-80.95893, -10.13228, -5.67148],
							"uv": {
								"north": {"uv": [12, 54], "uv_size": [3, 7]},
								"east": {"uv": [16, 54], "uv_size": [3, 7]},
								"south": {"uv": [0, 56], "uv_size": [3, 7]},
								"west": {"uv": [56, 0], "uv_size": [3, 7]},
								"up": {"uv": [73, 38], "uv_size": [3, 3]},
								"down": {"uv": [73, 45], "uv_size": [3, -3]}
							}
						},
						{
							"origin": [-7.20435, 29.28773, 0.51075],
							"size": [0.55, 0.9, 0.4],
							"inflate": 0.001,
							"pivot": [-6.04327, 29.56219, 0.91075],
							"rotation": [-101.95893, -10.13228, -5.67148],
							"uv": {
								"north": {"uv": [12, 54], "uv_size": [3, 7]},
								"east": {"uv": [16, 54], "uv_size": [3, 7]},
								"south": {"uv": [0, 56], "uv_size": [3, 7]},
								"west": {"uv": [56, 0], "uv_size": [3, 7]},
								"up": {"uv": [73, 38], "uv_size": [3, 3]},
								"down": {"uv": [73, 45], "uv_size": [3, -3]}
							}
						},
						{
							"origin": [-7.24886, 30.8943, 0.15472],
							"size": [0.6, 1.45, 0.4],
							"inflate": 0.001,
							"pivot": [-6.03777, 30.96877, 0.45472],
							"rotation": [10.11794, 1.11935, -8.70833],
							"uv": {
								"north": {"uv": [12, 54], "uv_size": [3, 7]},
								"east": {"uv": [16, 54], "uv_size": [3, 7]},
								"south": {"uv": [0, 56], "uv_size": [3, 7]},
								"west": {"uv": [56, 0], "uv_size": [3, 7]},
								"up": {"uv": [73, 38], "uv_size": [3, 3]},
								"down": {"uv": [73, 45], "uv_size": [3, -3]}
							}
						},
						{
							"origin": [-7.31877, 30.81208, 0.18989],
							"size": [0.6, 1.25, 0.4],
							"inflate": 0.001,
							"pivot": [-6.10768, 30.88655, 0.48989],
							"rotation": [-15.06467, 3.97672, -9.8303],
							"uv": {
								"north": {"uv": [12, 54], "uv_size": [3, 7]},
								"east": {"uv": [16, 54], "uv_size": [3, 7]},
								"south": {"uv": [0, 56], "uv_size": [3, 7]},
								"west": {"uv": [56, 0], "uv_size": [3, 7]},
								"up": {"uv": [73, 38], "uv_size": [3, 3]},
								"down": {"uv": [73, 45], "uv_size": [3, -3]}
							}
						},
						{
							"origin": [-7.30435, 30.38773, -1.38925],
							"size": [0.55, 0.5, 1.4],
							"inflate": 0.001,
							"pivot": [-6.14327, 30.56219, 0.11075],
							"rotation": [-60.10538, -2.706, -6.69596],
							"uv": {
								"north": {"uv": [12, 54], "uv_size": [3, 7]},
								"east": {"uv": [16, 54], "uv_size": [3, 7]},
								"south": {"uv": [0, 56], "uv_size": [3, 7]},
								"west": {"uv": [56, 0], "uv_size": [3, 7]},
								"up": {"uv": [73, 38], "uv_size": [3, 3]},
								"down": {"uv": [73, 45], "uv_size": [3, -3]}
							}
						},
						{
							"origin": [-7.20435, 30.48773, -0.18925],
							"size": [0.55, 0.3, 0.3],
							"inflate": 0.001,
							"pivot": [-6.04327, 30.66219, 0.21075],
							"rotation": [-13.09959, 2.48597, -9.70423],
							"uv": {
								"north": {"uv": [12, 54], "uv_size": [3, 7]},
								"east": {"uv": [16, 54], "uv_size": [3, 7]},
								"south": {"uv": [0, 56], "uv_size": [3, 7]},
								"west": {"uv": [56, 0], "uv_size": [3, 7]},
								"up": {"uv": [73, 38], "uv_size": [3, 3]},
								"down": {"uv": [73, 45], "uv_size": [3, -3]}
							}
						},
						{
							"origin": [-7.30435, 30.28773, 0.11075],
							"size": [0.55, 0.3, 0.3],
							"inflate": 0.001,
							"pivot": [-6.14327, 30.46219, 0.51075],
							"rotation": [-47.10538, -2.706, -6.69596],
							"uv": {
								"north": {"uv": [12, 54], "uv_size": [3, 7]},
								"east": {"uv": [16, 54], "uv_size": [3, 7]},
								"south": {"uv": [0, 56], "uv_size": [3, 7]},
								"west": {"uv": [56, 0], "uv_size": [3, 7]},
								"up": {"uv": [73, 38], "uv_size": [3, 3]},
								"down": {"uv": [73, 45], "uv_size": [3, -3]}
							}
						}
					]
				},
				{
					"name": "Pauldron3",
					"parent": "Pauldron2",
					"pivot": [-7.54327, 28.56219, 0.01075],
					"rotation": [30.18587, 5.83008, -176.13604],
					"cubes": [
						{
							"origin": [-8.40435, 28.48773, -2.48925],
							"size": [0.55, 0.5, 1.6],
							"inflate": 0.001,
							"pivot": [-7.24327, 28.66219, -0.78925],
							"rotation": [-60.10538, -2.706, -6.69596],
							"uv": {
								"north": {"uv": [12, 54], "uv_size": [3, 7]},
								"east": {"uv": [16, 54], "uv_size": [3, 7]},
								"south": {"uv": [0, 56], "uv_size": [3, 7]},
								"west": {"uv": [56, 0], "uv_size": [3, 7]},
								"up": {"uv": [73, 38], "uv_size": [3, 3]},
								"down": {"uv": [73, 45], "uv_size": [3, -3]}
							}
						},
						{
							"origin": [-8.54886, 28.7943, -0.74528],
							"size": [0.6, 1.45, 0.4],
							"inflate": 0.001,
							"pivot": [-7.33777, 28.86877, -0.44528],
							"rotation": [9.17771, -6.47024, 0.1414],
							"uv": {
								"north": {"uv": [12, 54], "uv_size": [3, 7]},
								"east": {"uv": [16, 54], "uv_size": [3, 7]},
								"south": {"uv": [0, 56], "uv_size": [3, 7]},
								"west": {"uv": [56, 0], "uv_size": [3, 7]},
								"up": {"uv": [73, 38], "uv_size": [3, 3]},
								"down": {"uv": [73, 45], "uv_size": [3, -3]}
							}
						},
						{
							"origin": [-8.51877, 28.81208, -0.61011],
							"size": [0.6, 1.15, 0.4],
							"inflate": 0.001,
							"pivot": [-7.30768, 28.88655, -0.31011],
							"rotation": [-14.59838, -6.10257, -0.99242],
							"uv": {
								"north": {"uv": [12, 54], "uv_size": [3, 7]},
								"east": {"uv": [16, 54], "uv_size": [3, 7]},
								"south": {"uv": [0, 56], "uv_size": [3, 7]},
								"west": {"uv": [56, 0], "uv_size": [3, 7]},
								"up": {"uv": [73, 38], "uv_size": [3, 3]},
								"down": {"uv": [73, 45], "uv_size": [3, -3]}
							}
						},
						{
							"origin": [-8.50435, 28.58773, -0.58925],
							"size": [0.55, 1.1, 0.4],
							"inflate": 0.001,
							"pivot": [-7.34327, 28.76219, -0.18925],
							"rotation": [-47.08385, 3.15824, -1.25198],
							"uv": {
								"north": {"uv": [12, 54], "uv_size": [3, 7]},
								"east": {"uv": [16, 54], "uv_size": [3, 7]},
								"south": {"uv": [0, 56], "uv_size": [3, 7]},
								"west": {"uv": [56, 0], "uv_size": [3, 7]},
								"up": {"uv": [73, 38], "uv_size": [3, 3]},
								"down": {"uv": [73, 45], "uv_size": [3, -3]}
							}
						},
						{
							"origin": [-8.50435, 28.08773, -0.38925],
							"size": [0.55, 1.1, 0.4],
							"inflate": 0.001,
							"pivot": [-7.34327, 28.36219, 0.01075],
							"rotation": [-70.65745, -4.09368, 5.2044],
							"uv": {
								"north": {"uv": [12, 54], "uv_size": [3, 7]},
								"east": {"uv": [16, 54], "uv_size": [3, 7]},
								"south": {"uv": [0, 56], "uv_size": [3, 7]},
								"west": {"uv": [56, 0], "uv_size": [3, 7]},
								"up": {"uv": [73, 38], "uv_size": [3, 3]},
								"down": {"uv": [73, 45], "uv_size": [3, -3]}
							}
						}
					]
				},
				{
					"name": "bone2",
					"parent": "bone",
					"pivot": [-5.82063, 28.77771, 1.25923],
					"rotation": [-131.64297, 3.53667, -14.44474],
					"cubes": [
						{
							"origin": [-6.98171, 28.40324, 1.05923],
							"size": [0.55, 0.3, 0.3],
							"inflate": 0.001,
							"pivot": [-5.82063, 28.57771, 1.45923],
							"rotation": [-47.10538, -2.706, -6.69596],
							"uv": {
								"north": {"uv": [12, 54], "uv_size": [3, 7]},
								"east": {"uv": [16, 54], "uv_size": [3, 7]},
								"south": {"uv": [0, 56], "uv_size": [3, 7]},
								"west": {"uv": [56, 0], "uv_size": [3, 7]},
								"up": {"uv": [73, 38], "uv_size": [3, 3]},
								"down": {"uv": [73, 45], "uv_size": [3, -3]}
							}
						},
						{
							"origin": [-6.98171, 28.60324, 1.25923],
							"size": [0.55, 0.3, 0.3],
							"inflate": 0.001,
							"pivot": [-5.82063, 28.77771, 1.65923],
							"rotation": [-47.10538, -2.706, -6.69596],
							"uv": {
								"north": {"uv": [12, 54], "uv_size": [3, 7]},
								"east": {"uv": [16, 54], "uv_size": [3, 7]},
								"south": {"uv": [0, 56], "uv_size": [3, 7]},
								"west": {"uv": [56, 0], "uv_size": [3, 7]},
								"up": {"uv": [73, 38], "uv_size": [3, 3]},
								"down": {"uv": [73, 45], "uv_size": [3, -3]}
							}
						},
						{
							"origin": [-6.98171, 28.40324, 1.45923],
							"size": [0.55, 0.3, 0.3],
							"inflate": 0.001,
							"pivot": [-5.82063, 28.57771, 1.85923],
							"rotation": [-47.10538, -2.706, -6.69596],
							"uv": {
								"north": {"uv": [12, 54], "uv_size": [3, 7]},
								"east": {"uv": [16, 54], "uv_size": [3, 7]},
								"south": {"uv": [0, 56], "uv_size": [3, 7]},
								"west": {"uv": [56, 0], "uv_size": [3, 7]},
								"up": {"uv": [73, 38], "uv_size": [3, 3]},
								"down": {"uv": [73, 45], "uv_size": [3, -3]}
							}
						},
						{
							"origin": [-7.02622, 29.00982, 1.10321],
							"size": [0.6, 0.25, 0.2],
							"inflate": 0.001,
							"pivot": [-5.81514, 29.08429, 1.40321],
							"rotation": [10.12123, -1.834, -9.23539],
							"uv": {
								"north": {"uv": [12, 54], "uv_size": [3, 7]},
								"east": {"uv": [16, 54], "uv_size": [3, 7]},
								"south": {"uv": [0, 56], "uv_size": [3, 7]},
								"west": {"uv": [56, 0], "uv_size": [3, 7]},
								"up": {"uv": [73, 38], "uv_size": [3, 3]},
								"down": {"uv": [73, 45], "uv_size": [3, -3]}
							}
						},
						{
							"origin": [-6.99613, 28.9276, 1.13837],
							"size": [0.6, 0.25, 0.2],
							"inflate": 0.001,
							"pivot": [-5.78504, 29.00207, 1.43837],
							"rotation": [-15.06467, 3.97672, -9.8303],
							"uv": {
								"north": {"uv": [12, 54], "uv_size": [3, 7]},
								"east": {"uv": [16, 54], "uv_size": [3, 7]},
								"south": {"uv": [0, 56], "uv_size": [3, 7]},
								"west": {"uv": [56, 0], "uv_size": [3, 7]},
								"up": {"uv": [73, 38], "uv_size": [3, 3]},
								"down": {"uv": [73, 45], "uv_size": [3, -3]}
							}
						},
						{
							"origin": [-6.98171, 28.60324, 0.85923],
							"size": [0.55, 0.3, 0.3],
							"inflate": 0.001,
							"pivot": [-5.82063, 28.77771, 1.25923],
							"rotation": [-47.10538, -2.706, -6.69596],
							"uv": {
								"north": {"uv": [12, 54], "uv_size": [3, 7]},
								"east": {"uv": [16, 54], "uv_size": [3, 7]},
								"south": {"uv": [0, 56], "uv_size": [3, 7]},
								"west": {"uv": [56, 0], "uv_size": [3, 7]},
								"up": {"uv": [73, 38], "uv_size": [3, 3]},
								"down": {"uv": [73, 45], "uv_size": [3, -3]}
							}
						},
						{
							"origin": [-6.98171, 28.50324, 0.75923],
							"size": [0.55, 0.3, 0.3],
							"inflate": 0.001,
							"pivot": [-5.82063, 28.67771, 1.15923],
							"rotation": [-24.10538, -2.706, -6.69596],
							"uv": {
								"north": {"uv": [12, 54], "uv_size": [3, 7]},
								"east": {"uv": [16, 54], "uv_size": [3, 7]},
								"south": {"uv": [0, 56], "uv_size": [3, 7]},
								"west": {"uv": [56, 0], "uv_size": [3, 7]},
								"up": {"uv": [73, 38], "uv_size": [3, 3]},
								"down": {"uv": [73, 45], "uv_size": [3, -3]}
							}
						}
					]
				},
				{
					"name": "bone3",
					"parent": "bone",
					"pivot": [-5.84327, 28.86219, 0.41075],
					"rotation": [177.76474, 9.28542, -11.47032],
					"cubes": [
						{
							"origin": [-6.94268, 28.30708, 0.26415],
							"size": [0.55, 0.3, 0.3],
							"inflate": 0.001,
							"pivot": [-5.7816, 28.48155, 0.66415],
							"rotation": [-47.10538, -2.706, -6.69596],
							"uv": {
								"north": {"uv": [12, 54], "uv_size": [3, 7]},
								"east": {"uv": [16, 54], "uv_size": [3, 7]},
								"south": {"uv": [0, 56], "uv_size": [3, 7]},
								"west": {"uv": [56, 0], "uv_size": [3, 7]},
								"up": {"uv": [73, 38], "uv_size": [3, 3]},
								"down": {"uv": [73, 45], "uv_size": [3, -3]}
							}
						},
						{
							"origin": [-6.94268, 28.60708, 0.46415],
							"size": [0.55, 0.3, 0.3],
							"inflate": 0.001,
							"pivot": [-5.7816, 28.78155, 0.86415],
							"rotation": [-28.10538, -2.706, -6.69596],
							"uv": {
								"north": {"uv": [12, 54], "uv_size": [3, 7]},
								"east": {"uv": [16, 54], "uv_size": [3, 7]},
								"south": {"uv": [0, 56], "uv_size": [3, 7]},
								"west": {"uv": [56, 0], "uv_size": [3, 7]},
								"up": {"uv": [73, 38], "uv_size": [3, 3]},
								"down": {"uv": [73, 45], "uv_size": [3, -3]}
							}
						},
						{
							"origin": [-6.98719, 28.91366, 0.30812],
							"size": [0.6, 0.25, 0.2],
							"inflate": 0.001,
							"pivot": [-5.77611, 28.98813, 0.60812],
							"rotation": [10.12123, -1.834, -9.23539],
							"uv": {
								"north": {"uv": [12, 54], "uv_size": [3, 7]},
								"east": {"uv": [16, 54], "uv_size": [3, 7]},
								"south": {"uv": [0, 56], "uv_size": [3, 7]},
								"west": {"uv": [56, 0], "uv_size": [3, 7]},
								"up": {"uv": [73, 38], "uv_size": [3, 3]},
								"down": {"uv": [73, 45], "uv_size": [3, -3]}
							}
						},
						{
							"origin": [-6.9571, 28.83144, 0.34329],
							"size": [0.6, 0.25, 0.2],
							"inflate": 0.001,
							"pivot": [-5.74602, 28.9059, 0.64329],
							"rotation": [-15.06467, 3.97672, -9.8303],
							"uv": {
								"north": {"uv": [12, 54], "uv_size": [3, 7]},
								"east": {"uv": [16, 54], "uv_size": [3, 7]},
								"south": {"uv": [0, 56], "uv_size": [3, 7]},
								"west": {"uv": [56, 0], "uv_size": [3, 7]},
								"up": {"uv": [73, 38], "uv_size": [3, 3]},
								"down": {"uv": [73, 45], "uv_size": [3, -3]}
							}
						},
						{
							"origin": [-6.94268, 28.50708, 0.06415],
							"size": [0.55, 0.3, 0.3],
							"inflate": 0.001,
							"pivot": [-5.7816, 28.68155, 0.46415],
							"rotation": [-47.10538, -2.706, -6.69596],
							"uv": {
								"north": {"uv": [12, 54], "uv_size": [3, 7]},
								"east": {"uv": [16, 54], "uv_size": [3, 7]},
								"south": {"uv": [0, 56], "uv_size": [3, 7]},
								"west": {"uv": [56, 0], "uv_size": [3, 7]},
								"up": {"uv": [73, 38], "uv_size": [3, 3]},
								"down": {"uv": [73, 45], "uv_size": [3, -3]}
							}
						}
					]
				},
				{
					"name": "bone5",
					"parent": "bone3",
					"pivot": [-4.87954, 27.19637, -0.28453],
					"rotation": [130.95966, 2.26222, 0.91317],
					"cubes": [
						{
							"origin": [-7.06411, 26.59972, -0.61432],
							"size": [0.55, 0.3, 0.3],
							"inflate": 0.001,
							"pivot": [-4.81379, 26.61506, -0.19895],
							"rotation": [-45.11481, -2.49806, -6.83705],
							"uv": {
								"north": {"uv": [12, 54], "uv_size": [3, 7]},
								"east": {"uv": [16, 54], "uv_size": [3, 7]},
								"south": {"uv": [0, 56], "uv_size": [3, 7]},
								"west": {"uv": [56, 0], "uv_size": [3, 7]},
								"up": {"uv": [73, 38], "uv_size": [3, 3]},
								"down": {"uv": [73, 45], "uv_size": [3, -3]}
							}
						},
						{
							"origin": [-7.06411, 26.79972, -0.41432],
							"size": [0.55, 0.3, 0.3],
							"inflate": 0.001,
							"pivot": [-4.81379, 26.81506, 0.00105],
							"rotation": [-45.11481, -2.49806, -6.83705],
							"uv": {
								"north": {"uv": [12, 54], "uv_size": [3, 7]},
								"east": {"uv": [16, 54], "uv_size": [3, 7]},
								"south": {"uv": [0, 56], "uv_size": [3, 7]},
								"west": {"uv": [56, 0], "uv_size": [3, 7]},
								"up": {"uv": [73, 38], "uv_size": [3, 3]},
								"down": {"uv": [73, 45], "uv_size": [3, -3]}
							}
						},
						{
							"origin": [-7.10374, 27.19674, -0.43754],
							"size": [0.6, 0.25, 0.2],
							"inflate": 0.001,
							"pivot": [-4.8083, 27.12164, -0.25498],
							"rotation": [12.09952, -1.5387, -9.34432],
							"uv": {
								"north": {"uv": [12, 54], "uv_size": [3, 7]},
								"east": {"uv": [16, 54], "uv_size": [3, 7]},
								"south": {"uv": [0, 56], "uv_size": [3, 7]},
								"west": {"uv": [56, 0], "uv_size": [3, 7]},
								"up": {"uv": [73, 38], "uv_size": [3, 3]},
								"down": {"uv": [73, 45], "uv_size": [3, -3]}
							}
						},
						{
							"origin": [-7.07533, 27.13254, -0.58646],
							"size": [0.6, 0.25, 0.2],
							"inflate": 0.001,
							"pivot": [-4.77821, 27.03942, -0.21981],
							"rotation": [-13.08471, 4.28908, -9.7383],
							"uv": {
								"north": {"uv": [12, 54], "uv_size": [3, 7]},
								"east": {"uv": [16, 54], "uv_size": [3, 7]},
								"south": {"uv": [0, 56], "uv_size": [3, 7]},
								"west": {"uv": [56, 0], "uv_size": [3, 7]},
								"up": {"uv": [73, 38], "uv_size": [3, 3]},
								"down": {"uv": [73, 45], "uv_size": [3, -3]}
							}
						},
						{
							"origin": [-7.06411, 26.79972, -0.81432],
							"size": [0.55, 0.3, 0.3],
							"inflate": 0.001,
							"pivot": [-4.81379, 26.81506, -0.39895],
							"rotation": [-45.11481, -2.49806, -6.83705],
							"uv": {
								"north": {"uv": [12, 54], "uv_size": [3, 7]},
								"east": {"uv": [16, 54], "uv_size": [3, 7]},
								"south": {"uv": [0, 56], "uv_size": [3, 7]},
								"west": {"uv": [56, 0], "uv_size": [3, 7]},
								"up": {"uv": [73, 38], "uv_size": [3, 3]},
								"down": {"uv": [73, 45], "uv_size": [3, -3]}
							}
						}
					]
				},
				{
					"name": "bone6",
					"parent": "bone",
					"pivot": [-5.086, 30.67748, 0.87726],
					"rotation": [52.03859, -2.60337, -4.38536],
					"cubes": [
						{
							"origin": [-7.35234, 30.48834, 0.05417],
							"size": [0.55, 0.3, 0.3],
							"inflate": 0.001,
							"pivot": [-5.086, 30.87748, 0.67726],
							"rotation": [-45.12485, -2.7467, -6.49907],
							"uv": {
								"north": {"uv": [12, 54], "uv_size": [3, 7]},
								"east": {"uv": [16, 54], "uv_size": [3, 7]},
								"south": {"uv": [0, 56], "uv_size": [3, 7]},
								"west": {"uv": [56, 0], "uv_size": [3, 7]},
								"up": {"uv": [73, 38], "uv_size": [3, 3]},
								"down": {"uv": [73, 45], "uv_size": [3, -3]}
							}
						},
						{
							"origin": [-7.3207, 30.9884, 0.11593],
							"size": [0.6, 0.25, 0.2],
							"inflate": 0.001,
							"pivot": [-5.05042, 31.10184, 0.8564],
							"rotation": [-13.08213, 4.04025, -9.40059],
							"uv": {
								"north": {"uv": [12, 54], "uv_size": [3, 7]},
								"east": {"uv": [16, 54], "uv_size": [3, 7]},
								"south": {"uv": [0, 56], "uv_size": [3, 7]},
								"west": {"uv": [56, 0], "uv_size": [3, 7]},
								"up": {"uv": [73, 38], "uv_size": [3, 3]},
								"down": {"uv": [73, 45], "uv_size": [3, -3]}
							}
						},
						{
							"origin": [-7.39017, 31.23142, 0.21187],
							"size": [0.6, 0.25, 0.2],
							"inflate": 0.001,
							"pivot": [-5.08051, 31.18406, 0.82124],
							"rotation": [12.10037, -1.78754, -9.00683],
							"uv": {
								"north": {"uv": [12, 54], "uv_size": [3, 7]},
								"east": {"uv": [16, 54], "uv_size": [3, 7]},
								"south": {"uv": [0, 56], "uv_size": [3, 7]},
								"west": {"uv": [56, 0], "uv_size": [3, 7]},
								"up": {"uv": [73, 38], "uv_size": [3, 3]},
								"down": {"uv": [73, 45], "uv_size": [3, -3]}
							}
						},
						{
							"origin": [-7.35234, 30.48834, 0.45417],
							"size": [0.55, 0.3, 0.3],
							"inflate": 0.001,
							"pivot": [-5.086, 30.87748, 1.07726],
							"rotation": [-45.12485, -2.7467, -6.49907],
							"uv": {
								"north": {"uv": [12, 54], "uv_size": [3, 7]},
								"east": {"uv": [16, 54], "uv_size": [3, 7]},
								"south": {"uv": [0, 56], "uv_size": [3, 7]},
								"west": {"uv": [56, 0], "uv_size": [3, 7]},
								"up": {"uv": [73, 38], "uv_size": [3, 3]},
								"down": {"uv": [73, 45], "uv_size": [3, -3]}
							}
						},
						{
							"origin": [-7.33563, 30.44041, 0.59626],
							"size": [0.55, 0.3, 0.3],
							"inflate": 0.001,
							"pivot": [-5.086, 30.87748, 1.07726],
							"rotation": [-53.12485, -2.7467, -6.49907],
							"uv": {
								"north": {"uv": [12, 54], "uv_size": [3, 7]},
								"east": {"uv": [16, 54], "uv_size": [3, 7]},
								"south": {"uv": [0, 56], "uv_size": [3, 7]},
								"west": {"uv": [56, 0], "uv_size": [3, 7]},
								"up": {"uv": [73, 38], "uv_size": [3, 3]},
								"down": {"uv": [73, 45], "uv_size": [3, -3]}
							}
						},
						{
							"origin": [-7.35234, 30.28834, 0.25417],
							"size": [0.55, 0.3, 0.3],
							"inflate": 0.001,
							"pivot": [-5.086, 30.67748, 0.87726],
							"rotation": [-45.12485, -2.7467, -6.49907],
							"uv": {
								"north": {"uv": [12, 54], "uv_size": [3, 7]},
								"east": {"uv": [16, 54], "uv_size": [3, 7]},
								"south": {"uv": [0, 56], "uv_size": [3, 7]},
								"west": {"uv": [56, 0], "uv_size": [3, 7]},
								"up": {"uv": [73, 38], "uv_size": [3, 3]},
								"down": {"uv": [73, 45], "uv_size": [3, -3]}
							}
						}
					]
				},
				{
					"name": "bone8",
					"parent": "bone",
					"pivot": [-4.59114, 28.48695, 0.7481],
					"rotation": [-171.94692, 0.30814, -5.10886],
					"cubes": [
						{
							"origin": [-6.85748, 28.29781, -0.07499],
							"size": [0.55, 0.3, 0.3],
							"inflate": 0.001,
							"pivot": [-4.59114, 28.68695, 0.5481],
							"rotation": [-45.12485, -2.7467, -6.49907],
							"uv": {
								"north": {"uv": [12, 54], "uv_size": [3, 7]},
								"east": {"uv": [16, 54], "uv_size": [3, 7]},
								"south": {"uv": [0, 56], "uv_size": [3, 7]},
								"west": {"uv": [56, 0], "uv_size": [3, 7]},
								"up": {"uv": [73, 38], "uv_size": [3, 3]},
								"down": {"uv": [73, 45], "uv_size": [3, -3]}
							}
						},
						{
							"origin": [-6.82584, 28.79787, -0.01324],
							"size": [0.6, 0.25, 0.2],
							"inflate": 0.001,
							"pivot": [-4.55556, 28.91131, 0.72723],
							"rotation": [-13.08213, 4.04025, -9.40059],
							"uv": {
								"north": {"uv": [12, 54], "uv_size": [3, 7]},
								"east": {"uv": [16, 54], "uv_size": [3, 7]},
								"south": {"uv": [0, 56], "uv_size": [3, 7]},
								"west": {"uv": [56, 0], "uv_size": [3, 7]},
								"up": {"uv": [73, 38], "uv_size": [3, 3]},
								"down": {"uv": [73, 45], "uv_size": [3, -3]}
							}
						},
						{
							"origin": [-6.89531, 29.04089, 0.0827],
							"size": [0.6, 0.25, 0.2],
							"inflate": 0.001,
							"pivot": [-4.58565, 28.99353, 0.69207],
							"rotation": [12.10037, -1.78754, -9.00683],
							"uv": {
								"north": {"uv": [12, 54], "uv_size": [3, 7]},
								"east": {"uv": [16, 54], "uv_size": [3, 7]},
								"south": {"uv": [0, 56], "uv_size": [3, 7]},
								"west": {"uv": [56, 0], "uv_size": [3, 7]},
								"up": {"uv": [73, 38], "uv_size": [3, 3]},
								"down": {"uv": [73, 45], "uv_size": [3, -3]}
							}
						},
						{
							"origin": [-6.85748, 28.29781, 0.32501],
							"size": [0.55, 0.3, 0.3],
							"inflate": 0.001,
							"pivot": [-4.59114, 28.68695, 0.9481],
							"rotation": [-45.12485, -2.7467, -6.49907],
							"uv": {
								"north": {"uv": [12, 54], "uv_size": [3, 7]},
								"east": {"uv": [16, 54], "uv_size": [3, 7]},
								"south": {"uv": [0, 56], "uv_size": [3, 7]},
								"west": {"uv": [56, 0], "uv_size": [3, 7]},
								"up": {"uv": [73, 38], "uv_size": [3, 3]},
								"down": {"uv": [73, 45], "uv_size": [3, -3]}
							}
						},
						{
							"origin": [-6.84077, 28.24987, 0.46709],
							"size": [0.55, 0.3, 0.3],
							"inflate": 0.001,
							"pivot": [-4.59114, 28.68695, 0.9481],
							"rotation": [-53.12485, -2.7467, -6.49907],
							"uv": {
								"north": {"uv": [12, 54], "uv_size": [3, 7]},
								"east": {"uv": [16, 54], "uv_size": [3, 7]},
								"south": {"uv": [0, 56], "uv_size": [3, 7]},
								"west": {"uv": [56, 0], "uv_size": [3, 7]},
								"up": {"uv": [73, 38], "uv_size": [3, 3]},
								"down": {"uv": [73, 45], "uv_size": [3, -3]}
							}
						},
						{
							"origin": [-6.85748, 28.09781, 0.12501],
							"size": [0.55, 0.3, 0.3],
							"inflate": 0.001,
							"pivot": [-4.59114, 28.48695, 0.7481],
							"rotation": [-45.12485, -2.7467, -6.49907],
							"uv": {
								"north": {"uv": [12, 54], "uv_size": [3, 7]},
								"east": {"uv": [16, 54], "uv_size": [3, 7]},
								"south": {"uv": [0, 56], "uv_size": [3, 7]},
								"west": {"uv": [56, 0], "uv_size": [3, 7]},
								"up": {"uv": [73, 38], "uv_size": [3, 3]},
								"down": {"uv": [73, 45], "uv_size": [3, -3]}
							}
						}
					]
				},
				{
					"name": "bone7",
					"parent": "bone",
					"pivot": [-4.60296, 28.21182, 1.69229],
					"rotation": [-78.96141, -2.60337, -4.38536],
					"cubes": [
						{
							"origin": [-6.8693, 28.02267, 0.86921],
							"size": [0.55, 0.3, 0.3],
							"inflate": 0.001,
							"pivot": [-4.60296, 28.41182, 1.49229],
							"rotation": [-45.12485, -2.7467, -6.49907],
							"uv": {
								"north": {"uv": [12, 54], "uv_size": [3, 7]},
								"east": {"uv": [16, 54], "uv_size": [3, 7]},
								"south": {"uv": [0, 56], "uv_size": [3, 7]},
								"west": {"uv": [56, 0], "uv_size": [3, 7]},
								"up": {"uv": [73, 38], "uv_size": [3, 3]},
								"down": {"uv": [73, 45], "uv_size": [3, -3]}
							}
						},
						{
							"origin": [-6.83766, 28.52274, 0.93096],
							"size": [0.6, 0.25, 0.2],
							"inflate": 0.001,
							"pivot": [-4.56738, 28.63617, 1.67143],
							"rotation": [-13.08213, 4.04025, -9.40059],
							"uv": {
								"north": {"uv": [12, 54], "uv_size": [3, 7]},
								"east": {"uv": [16, 54], "uv_size": [3, 7]},
								"south": {"uv": [0, 56], "uv_size": [3, 7]},
								"west": {"uv": [56, 0], "uv_size": [3, 7]},
								"up": {"uv": [73, 38], "uv_size": [3, 3]},
								"down": {"uv": [73, 45], "uv_size": [3, -3]}
							}
						},
						{
							"origin": [-6.90713, 28.76576, 1.0269],
							"size": [0.6, 0.25, 0.2],
							"inflate": 0.001,
							"pivot": [-4.59747, 28.71839, 1.63627],
							"rotation": [12.10037, -1.78754, -9.00683],
							"uv": {
								"north": {"uv": [12, 54], "uv_size": [3, 7]},
								"east": {"uv": [16, 54], "uv_size": [3, 7]},
								"south": {"uv": [0, 56], "uv_size": [3, 7]},
								"west": {"uv": [56, 0], "uv_size": [3, 7]},
								"up": {"uv": [73, 38], "uv_size": [3, 3]},
								"down": {"uv": [73, 45], "uv_size": [3, -3]}
							}
						},
						{
							"origin": [-6.8693, 28.02267, 1.26921],
							"size": [0.55, 0.3, 0.3],
							"inflate": 0.001,
							"pivot": [-4.60296, 28.41182, 1.89229],
							"rotation": [-45.12485, -2.7467, -6.49907],
							"uv": {
								"north": {"uv": [12, 54], "uv_size": [3, 7]},
								"east": {"uv": [16, 54], "uv_size": [3, 7]},
								"south": {"uv": [0, 56], "uv_size": [3, 7]},
								"west": {"uv": [56, 0], "uv_size": [3, 7]},
								"up": {"uv": [73, 38], "uv_size": [3, 3]},
								"down": {"uv": [73, 45], "uv_size": [3, -3]}
							}
						},
						{
							"origin": [-6.85259, 27.97474, 1.41129],
							"size": [0.55, 0.3, 0.3],
							"inflate": 0.001,
							"pivot": [-4.60296, 28.41182, 1.89229],
							"rotation": [-53.12485, -2.7467, -6.49907],
							"uv": {
								"north": {"uv": [12, 54], "uv_size": [3, 7]},
								"east": {"uv": [16, 54], "uv_size": [3, 7]},
								"south": {"uv": [0, 56], "uv_size": [3, 7]},
								"west": {"uv": [56, 0], "uv_size": [3, 7]},
								"up": {"uv": [73, 38], "uv_size": [3, 3]},
								"down": {"uv": [73, 45], "uv_size": [3, -3]}
							}
						},
						{
							"origin": [-6.8693, 27.82267, 1.06921],
							"size": [0.55, 0.3, 0.3],
							"inflate": 0.001,
							"pivot": [-4.60296, 28.21182, 1.69229],
							"rotation": [-45.12485, -2.7467, -6.49907],
							"uv": {
								"north": {"uv": [12, 54], "uv_size": [3, 7]},
								"east": {"uv": [16, 54], "uv_size": [3, 7]},
								"south": {"uv": [0, 56], "uv_size": [3, 7]},
								"west": {"uv": [56, 0], "uv_size": [3, 7]},
								"up": {"uv": [73, 38], "uv_size": [3, 3]},
								"down": {"uv": [73, 45], "uv_size": [3, -3]}
							}
						}
					]
				},
				{
					"name": "bone4",
					"parent": "bone",
					"pivot": [-5.84327, 29.16219, 0.31075],
					"rotation": [61.36716, 5.22527, 0.56011],
					"cubes": [
						{
							"origin": [-7.00435, 28.78773, 0.11075],
							"size": [0.55, 0.3, 0.3],
							"inflate": 0.001,
							"pivot": [-5.84327, 28.96219, 0.51075],
							"rotation": [-47.10538, -2.706, -6.69596],
							"uv": {
								"north": {"uv": [12, 54], "uv_size": [3, 7]},
								"east": {"uv": [16, 54], "uv_size": [3, 7]},
								"south": {"uv": [0, 56], "uv_size": [3, 7]},
								"west": {"uv": [56, 0], "uv_size": [3, 7]},
								"up": {"uv": [73, 38], "uv_size": [3, 3]},
								"down": {"uv": [73, 45], "uv_size": [3, -3]}
							}
						},
						{
							"origin": [-7.00435, 28.98773, 0.31075],
							"size": [0.55, 0.3, 0.3],
							"inflate": 0.001,
							"pivot": [-5.84327, 29.16219, 0.71075],
							"rotation": [-47.10538, -2.706, -6.69596],
							"uv": {
								"north": {"uv": [12, 54], "uv_size": [3, 7]},
								"east": {"uv": [16, 54], "uv_size": [3, 7]},
								"south": {"uv": [0, 56], "uv_size": [3, 7]},
								"west": {"uv": [56, 0], "uv_size": [3, 7]},
								"up": {"uv": [73, 38], "uv_size": [3, 3]},
								"down": {"uv": [73, 45], "uv_size": [3, -3]}
							}
						},
						{
							"origin": [-7.04886, 29.3943, 0.15472],
							"size": [0.6, 0.25, 0.2],
							"inflate": 0.001,
							"pivot": [-5.83777, 29.46877, 0.45472],
							"rotation": [10.12123, -1.834, -9.23539],
							"uv": {
								"north": {"uv": [12, 54], "uv_size": [3, 7]},
								"east": {"uv": [16, 54], "uv_size": [3, 7]},
								"south": {"uv": [0, 56], "uv_size": [3, 7]},
								"west": {"uv": [56, 0], "uv_size": [3, 7]},
								"up": {"uv": [73, 38], "uv_size": [3, 3]},
								"down": {"uv": [73, 45], "uv_size": [3, -3]}
							}
						},
						{
							"origin": [-7.01877, 29.31208, 0.18989],
							"size": [0.6, 0.25, 0.2],
							"inflate": 0.001,
							"pivot": [-5.80768, 29.38655, 0.48989],
							"rotation": [-15.06467, 3.97672, -9.8303],
							"uv": {
								"north": {"uv": [12, 54], "uv_size": [3, 7]},
								"east": {"uv": [16, 54], "uv_size": [3, 7]},
								"south": {"uv": [0, 56], "uv_size": [3, 7]},
								"west": {"uv": [56, 0], "uv_size": [3, 7]},
								"up": {"uv": [73, 38], "uv_size": [3, 3]},
								"down": {"uv": [73, 45], "uv_size": [3, -3]}
							}
						},
						{
							"origin": [-7.00435, 28.98773, -0.08925],
							"size": [0.55, 0.3, 0.3],
							"inflate": 0.001,
							"pivot": [-5.84327, 29.16219, 0.31075],
							"rotation": [-67.10538, -2.706, -6.69596],
							"uv": {
								"north": {"uv": [12, 54], "uv_size": [3, 7]},
								"east": {"uv": [16, 54], "uv_size": [3, 7]},
								"south": {"uv": [0, 56], "uv_size": [3, 7]},
								"west": {"uv": [56, 0], "uv_size": [3, 7]},
								"up": {"uv": [73, 38], "uv_size": [3, 3]},
								"down": {"uv": [73, 45], "uv_size": [3, -3]}
							}
						}
					]
				},
				{
					"name": "RightForeArm",
					"parent": "RightArm",
					"pivot": [-4.475, 24.225, 0.025],
					"cubes": [
						{
							"origin": [-6.175, 17.2, -1.575],
							"size": [3.2, 8, 3.3],
							"uv": {
								"north": {"uv": [24, 49], "uv_size": [3, 8]},
								"east": {"uv": [47, 50], "uv_size": [3, 8]},
								"south": {"uv": [28, 51], "uv_size": [3, 8]},
								"west": {"uv": [32, 51], "uv_size": [3, 8]},
								"up": {"uv": [73, 53], "uv_size": [3, 3]},
								"down": {"uv": [73, 60], "uv_size": [3, -3]}
							}
						},
						{
							"origin": [-6.175, 17.2, -1.575],
							"size": [3.2, 2.8, 3.3],
							"inflate": 0.001,
							"uv": {
								"north": {"uv": [24, 49], "uv_size": [3, 8]},
								"east": {"uv": [47, 50], "uv_size": [3, 8]},
								"south": {"uv": [28, 51], "uv_size": [3, 8]},
								"west": {"uv": [32, 51], "uv_size": [3, 8]},
								"up": {"uv": [73, 53], "uv_size": [3, 3]},
								"down": {"uv": [73, 60], "uv_size": [3, -3]}
							}
						}
					]
				},
				{
					"name": "RightForearmSleeve",
					"parent": "RightForeArm",
					"pivot": [-4.475, 24.225, 0.025],
					"cubes": [
						{
							"origin": [-6.3, 20.025, -1.7],
							"size": [3.45, 3.3, 3.5],
							"inflate": 0.001,
							"pivot": [-5.1, 18.1, -0.3],
							"rotation": [0, 0, -1],
							"uv": {
								"north": {"uv": [12, 54], "uv_size": [3, 7]},
								"east": {"uv": [16, 54], "uv_size": [3, 7]},
								"south": {"uv": [0, 56], "uv_size": [3, 7]},
								"west": {"uv": [56, 0], "uv_size": [3, 7]},
								"up": {"uv": [73, 38], "uv_size": [3, 3]},
								"down": {"uv": [73, 45], "uv_size": [3, -3]}
							}
						},
						{
							"origin": [-6.4, 21.125, 2.1],
							"size": [0.15, 0.9, 0.9],
							"inflate": 0.001,
							"pivot": [-5.5, 19.3, 1.1],
							"rotation": [54.76018, -0.40003, -1.82474],
							"uv": {
								"north": {"uv": [12, 54], "uv_size": [3, 7]},
								"east": {"uv": [16, 54], "uv_size": [3, 7]},
								"south": {"uv": [0, 56], "uv_size": [3, 7]},
								"west": {"uv": [56, 0], "uv_size": [3, 7]},
								"up": {"uv": [73, 38], "uv_size": [3, 3]},
								"down": {"uv": [73, 45], "uv_size": [3, -3]}
							}
						},
						{
							"origin": [-6.5, 21.225, 2.3],
							"size": [0.15, 0.6, 0.7],
							"inflate": 0.001,
							"pivot": [-5.6, 19.2, 1.1],
							"rotation": [54.76018, -0.40003, -1.82474],
							"uv": {
								"north": {"uv": [12, 54], "uv_size": [3, 7]},
								"east": {"uv": [16, 54], "uv_size": [3, 7]},
								"south": {"uv": [0, 56], "uv_size": [3, 7]},
								"west": {"uv": [56, 0], "uv_size": [3, 7]},
								"up": {"uv": [73, 38], "uv_size": [3, 3]},
								"down": {"uv": [73, 45], "uv_size": [3, -3]}
							}
						}
					]
				},
				{
					"name": "RightHand",
					"parent": "RightForeArm",
					"pivot": [-4.575, 18.825, 0.025],
					"cubes": [
						{
							"origin": [-5.075, 18.325, -0.475],
							"size": [1, 1, 1],
							"uv": {
								"north": {"uv": [74, 102], "uv_size": [1, 1]},
								"east": {"uv": [102, 74], "uv_size": [1, 1]},
								"south": {"uv": [76, 102], "uv_size": [1, 1]},
								"west": {"uv": [78, 102], "uv_size": [1, 1]},
								"up": {"uv": [80, 102], "uv_size": [1, 1]},
								"down": {"uv": [102, 82], "uv_size": [1, -1]}
							}
						}
					]
				},
				{
					"name": "RightHandLocator",
					"parent": "RightHand",
					"pivot": [-4.575, 18.825, 0.025],
					"cubes": [
						{
							"origin": [-5.075, 18.325, -0.475],
							"size": [1, 1, 1],
							"uv": {
								"north": {"uv": [82, 102], "uv_size": [1, 1]},
								"east": {"uv": [102, 83], "uv_size": [1, 1]},
								"south": {"uv": [84, 102], "uv_size": [1, 1]},
								"west": {"uv": [102, 85], "uv_size": [1, 1]},
								"up": {"uv": [86, 102], "uv_size": [1, 1]},
								"down": {"uv": [102, 88], "uv_size": [1, -1]}
							}
						}
					]
				}
			]
		}
	]
}