{
	"format_version": "1.12.0",
	"minecraft:geometry": [
		{
			"description": {
				"identifier": "geometry.default",
				"texture_width": 256,
				"texture_height": 256,
				"visible_bounds_width": 5,
				"visible_bounds_height": 4.5,
				"visible_bounds_offset": [0, 1.75, 0]
			},
			"bones": [
				{
					"name": "RightArm",
					"pivot": [-4.4, 29.6, 0],
					"cubes": [
						{"origin": [-3.9, 24.55, -1.6], "size": [3.25, 6.2, 3.25], "uv": [191, 0], "mirror": true},
						{"origin": [-4, 24.55, -1.7], "size": [3.45, 1.2, 3.45], "uv": [162, 0], "mirror": true}
					]
				},
				{
					"name": "RightForeArm2",
					"parent": "RightArm",
					"pivot": [-3.875, 24.4, 0.025],
					"cubes": [
						{"origin": [-3.7, 23.57586, -0.85842], "size": [2.85, 2.1, 2.1], "pivot": [-4.275, 24.82586, 0.09158], "rotation": [-45, 0, 0], "uv": [23, 76], "mirror": true},
						{"origin": [-3.775, 18.65, -1.475], "size": [3, 6, 3], "uv": [0, 49], "mirror": true},
						{"origin": [-3.975, 18.65, -1.675], "size": [3.4, 0.5, 3.4], "uv": [130, 4], "mirror": true}
					]
				},
				{
					"name": "RightHand2",
					"parent": "RightForeArm2",
					"pivot": [-4.375, 18.925, 0.025],
					"cubes": [
						{"origin": [-3.675, 18.15, -1.275], "size": [2.6, 2.1, 2], "pivot": [0, 18.65, -0.575], "rotation": [-45, 0, 0], "uv": [76, 0], "mirror": true},
						{"origin": [-3.775, 16.65, -1.475], "size": [3, 2, 3], "uv": [163, 0], "mirror": true}
					]
				},
				{
					"name": "RightHandLocator2",
					"parent": "RightHand2",
					"pivot": [-4.375, 17.925, 0.025]
				},
				{
					"name": "LeftArm",
					"pivot": [4.4, 29.6, 0],
					"cubes": [
						{"origin": [0.65, 24.55, -1.6], "size": [3.25, 6.2, 3.25], "uv": [191, 0]},
						{"origin": [0.55, 24.55, -1.7], "size": [3.45, 1.2, 3.45], "uv": [156, 0]}
					]
				},
				{
					"name": "LeftForeArm2",
					"parent": "LeftArm",
					"pivot": [3.875, 24.4, 0.025],
					"cubes": [
						{"origin": [0.85, 23.57586, -0.85842], "size": [2.85, 2.1, 2.1], "pivot": [4.275, 24.82586, 0.09158], "rotation": [-45, 0, 0], "uv": [23, 76]},
						{"origin": [0.775, 18.65, -1.475], "size": [3, 6, 3], "uv": [0, 49]},
						{"origin": [0.575, 18.65, -1.675], "size": [3.4, 0.5, 3.4], "uv": [130, 4]},
						{"origin": [0.575, 19.65, -1.675], "size": [3.4, 1, 3.4], "uv": [164, 4]},
						{"origin": [0.375, 19.35, -0.675], "size": [0.4, 1.5, 1.5], "uv": [125, 10]},
						{"origin": [0.365, 19.55, -0.475], "size": [0.4, 1.1, 1.1], "uv": [103, 31]},
						{"origin": [0.355, 20.05, -0.475], "size": [0.4, 0.1, 0.6], "uv": [166, 2]},
						{"origin": [0.355, 20.05, 0.01], "size": [0.4, 0.5, 0.1], "uv": [166, 2]}
					]
				},
				{
					"name": "LeftHand2",
					"parent": "LeftForeArm2",
					"pivot": [4.375, 18.925, 0.025],
					"cubes": [
						{"origin": [1.075, 18.15, -1.275], "size": [2.6, 2.1, 2], "pivot": [0, 18.65, -0.575], "rotation": [-45, 0, 0], "uv": [76, 0]},
						{"origin": [0.775, 16.65, -1.475], "size": [3, 2, 3], "uv": [163, 0]}
					]
				},
				{
					"name": "LeftHandLocator2",
					"parent": "LeftHand2",
					"pivot": [4.375, 17.925, 0.025]
				}
			]
		}
	]
}