{
	"format_version": "1.12.0",
	"minecraft:geometry": [
		{
			"description": {
				"identifier": "geometry.unknown",
				"texture_width": 128,
				"texture_height": 128,
				"visible_bounds_width": 5,
				"visible_bounds_height": 3.5,
				"visible_bounds_offset": [0, 1.25, 0]
			},
			"bones": [
				{
					"name": "AllRoot",
					"pivot": [0, 0, 0]
				},
				{
					"name": "Root",
					"parent": "AllRoot",
					"pivot": [0, 0, 0]
				},
				{
					"name": "MAllBody",
					"parent": "Root",
					"pivot": [0, 8, 0]
				},
				{
					"name": "AllBody",
					"parent": "MAllBody",
					"pivot": [0, 8, 0]
				},
				{
					"name": "AllHead",
					"parent": "AllBody",
					"pivot": [0, 10, 0]
				},
				{
					"name": "head",
					"parent": "AllHead",
					"pivot": [0, 8, 0],
					"cubes": [
						{
							"origin": [-7.06107, 8.66685, -6.995],
							"size": [2.80843, 2, 13.99],
							"inflate": 0.01,
							"pivot": [-11.24264, 9.65685, 1.825],
							"rotation": [0, 0, 45],
							"uv": {
								"north": {"uv": [70, 18], "uv_size": [3, 2]},
								"south": {"uv": [70, 21], "uv_size": [3, 2]},
								"down": {"uv": [42, 44], "uv_size": [3, -14]}
							}
						},
						{
							"origin": [-7.06106, 11.33314, -6.995],
							"size": [2.80842, 2, 13.99],
							"inflate": 0.01,
							"pivot": [-11.24264, 12.34314, 1.825],
							"rotation": [0, 0, -45],
							"uv": {
								"north": {"uv": [70, 12], "uv_size": [3, 2]},
								"south": {"uv": [70, 15], "uv_size": [3, 2]},
								"up": {"uv": [38, 30], "uv_size": [3, 14]}
							}
						},
						{
							"origin": [4.25264, 11.33314, -6.995],
							"size": [2.80842, 2, 13.99],
							"inflate": 0.01,
							"pivot": [11.24264, 12.34314, 1.825],
							"rotation": [0, 0, 45],
							"uv": {
								"north": {"uv": [70, 67], "uv_size": [3, 2]},
								"south": {"uv": [68, 70], "uv_size": [3, 2]},
								"up": {"uv": [4, 45], "uv_size": [3, 14]}
							}
						},
						{
							"origin": [4.25264, 8.66685, -6.995],
							"size": [2.80843, 2, 13.99],
							"inflate": 0.01,
							"pivot": [11.24264, 9.65685, 1.825],
							"rotation": [0, 0, -45],
							"uv": {
								"north": {"uv": [64, 70], "uv_size": [3, 2]},
								"south": {"uv": [70, 64], "uv_size": [3, 2]},
								"down": {"uv": [0, 59], "uv_size": [3, -14]}
							}
						}
					]
				},
				{
					"name": "Faces",
					"parent": "head",
					"pivot": [0, 11.24007, -0.175],
					"cubes": [
						{
							"origin": [-9, 4, -7],
							"size": [18, 14, 14],
							"uv": {
								"east": {"uv": [38, 0], "uv_size": [14, 14]},
								"south": {"uv": [19, 15], "uv_size": [18, 14]},
								"west": {"uv": [38, 15], "uv_size": [14, 14]},
								"up": {"uv": [0, 30], "uv_size": [18, 14]},
								"down": {"uv": [19, 44], "uv_size": [18, -14]}
							}
						}
					]
				},
				{
					"name": "Face1",
					"parent": "Faces",
					"pivot": [0, 11.24007, -0.175],
					"cubes": [
						{
							"origin": [-9, 4, -7],
							"size": [18, 14, 14],
							"uv": {
								"north": {"uv": [0, 0], "uv_size": [18, 14]}
							}
						}
					]
				},
				{
					"name": "Face2",
					"parent": "Faces",
					"pivot": [0, 11.24007, -0.175],
					"cubes": [
						{
							"origin": [-9, 4, -7],
							"size": [18, 14, 14],
							"uv": {
								"north": {"uv": [0, 15], "uv_size": [18, 14]}
							}
						}
					]
				},
				{
					"name": "Face3",
					"parent": "Faces",
					"pivot": [0, 11.24007, -0.175],
					"cubes": [
						{
							"origin": [1, 9, -7.005],
							"size": [1, 2.3, 0.5],
							"pivot": [1, 9, -6.76],
							"rotation": [0, 0, 26],
							"uv": {
								"north": {"uv": [43, 80], "uv_size": [-1, 2]}
							}
						},
						{
							"origin": [-2, 9, -7.005],
							"size": [1, 2.3, 0.5],
							"pivot": [-1, 9, -6.76],
							"rotation": [0, 0, -26],
							"uv": {
								"north": {"uv": [42, 80], "uv_size": [1, 2]}
							}
						},
						{
							"origin": [-9, 4, -7],
							"size": [18, 14, 14],
							"uv": {
								"north": {"uv": [19, 0], "uv_size": [18, 14]}
							}
						}
					]
				},
				{
					"name": "Face4",
					"parent": "Faces",
					"pivot": [0, 11.24007, -0.175],
					"cubes": [
						{
							"origin": [-3, 12, -7.005],
							"size": [1, 3.165, 0.5],
							"pivot": [-2, 12, -6.76],
							"rotation": [0, 0, -18.5],
							"uv": {
								"north": {"uv": [42, 80], "uv_size": [1, 2]}
							}
						},
						{
							"origin": [2, 12, -7.005],
							"size": [1, 3.165, 0.5],
							"pivot": [2, 12, -6.76],
							"rotation": [0, 0, 18.5],
							"uv": {
								"north": {"uv": [43, 80], "uv_size": [-1, 2]}
							}
						},
						{
							"origin": [-9, 4, -7],
							"size": [18, 14, 14],
							"uv": {
								"north": {"uv": [0, 114], "uv_size": [18, 14]}
							}
						}
					]
				},
				{
					"name": "Face5",
					"parent": "Faces",
					"pivot": [0, 11.24007, -0.175],
					"cubes": [
						{
							"origin": [1, 9, -7.005],
							"size": [1, 2.3, 0.5],
							"pivot": [1, 9, -6.76],
							"rotation": [0, 0, 26],
							"uv": {
								"north": {"uv": [43, 80], "uv_size": [-1, 2]}
							}
						},
						{
							"origin": [-2, 9, -7.005],
							"size": [1, 2.3, 0.5],
							"pivot": [-1, 9, -6.76],
							"rotation": [0, 0, -26],
							"uv": {
								"north": {"uv": [42, 80], "uv_size": [1, 2]}
							}
						},
						{
							"origin": [-9, 4, -7],
							"size": [18, 14, 14],
							"uv": {
								"north": {"uv": [19, 114], "uv_size": [18, 14]}
							}
						}
					]
				},
				{
					"name": "Eye",
					"parent": "head",
					"pivot": [0, 13.96232, -6.125]
				},
				{
					"name": "LeftEyeBall",
					"parent": "Eye",
					"pivot": [3.36067, 13.96232, -7.125],
					"cubes": [
						{
							"origin": [2.10489, 12.50984, -7.075],
							"size": [3, 2.5, 2],
							"pivot": [3.47989, 13.75984, -6.1],
							"rotation": [0, 0, -17.5],
							"uv": {
								"north": {"uv": [54, 69], "uv_size": [3, 3]}
							}
						}
					]
				},
				{
					"name": "LeftEyeBase",
					"parent": "LeftEyeBall",
					"pivot": [3.78567, 13.96232, -6.125],
					"cubes": [
						{
							"origin": [2.28567, 12.47225, -7.125],
							"size": [2.5, 2.5, 2],
							"pivot": [3.78567, 13.72225, -6.125],
							"rotation": [0, 0, -17.5],
							"uv": {
								"north": {"uv": [69, 50], "uv_size": [3, 3]}
							}
						}
					]
				},
				{
					"name": "RightEyeBall",
					"parent": "Eye",
					"pivot": [-4.0241, 14.13317, -7.125],
					"cubes": [
						{
							"origin": [-5.27989, 12.60551, -7.075],
							"size": [3, 2.5, 2],
							"pivot": [-3.90489, 13.85551, -6.1],
							"rotation": [0, 0, 17.5],
							"uv": {
								"north": {"uv": [67, 46], "uv_size": [3, 3]}
							}
						}
					]
				},
				{
					"name": "RightEyesBase",
					"parent": "RightEyeBall",
					"pivot": [-3.90489, 14.09558, -6.1],
					"cubes": [
						{
							"origin": [-5.07989, 12.38051, -7.125],
							"size": [2.5, 2.5, 2],
							"pivot": [-3.45489, 13.63051, -6.1],
							"rotation": [0, 0, 17.5],
							"uv": {
								"north": {"uv": [6, 69], "uv_size": [3, 3]}
							}
						}
					]
				},
				{
					"name": "Nose",
					"parent": "head",
					"pivot": [0, 9.34993, -6.175],
					"cubes": [
						{
							"origin": [6.99, 6.49, -7.05],
							"size": [6.02, 5.52, 2.02],
							"inflate": 0.01,
							"pivot": [7, 2, -5.175],
							"rotation": [0, 0, -47.5],
							"uv": {
								"north": {"uv": [8, 45], "uv_size": [6, 6]}
							}
						},
						{
							"origin": [-1, 10.16804, -7.065],
							"size": [2, 2, 2],
							"pivot": [0, 11.16804, -6.035],
							"rotation": [0, 0, 45],
							"uv": {
								"north": {"uv": [74, 24], "uv_size": [2, 2]}
							}
						},
						{
							"origin": [-13.01, 6.49, -7.05],
							"size": [6.02, 5.52, 2.02],
							"inflate": 0.01,
							"pivot": [-7, 2, -5.175],
							"rotation": [0, 0, 47.5],
							"uv": {
								"north": {"uv": [15, 45], "uv_size": [6, 6]}
							}
						}
					]
				},
				{
					"name": "LeftHandLocator",
					"parent": "head",
					"pivot": [-2, 18, -3],
					"rotation": [-90, 0, 0]
				},
				{
					"name": "RightHandLocator",
					"parent": "head",
					"pivot": [2, 18, -3],
					"rotation": [-90, 0, 0]
				},
				{
					"name": "RightShoulderLocator",
					"parent": "head",
					"pivot": [-3, 17.8, -5]
				},
				{
					"name": "LeftShoulderLocator",
					"parent": "head",
					"pivot": [3, 17.8, -5]
				},
				{
					"name": "RifleLocator",
					"parent": "head",
					"pivot": [0, 14, 7],
					"rotation": [0, 0, 22.5]
				},
				{
					"name": "PistolLocator",
					"parent": "head",
					"pivot": [-7, 18, -1],
					"rotation": [-90, 0, 45]
				},
				{
					"name": "BackpackLocator",
					"parent": "head",
					"pivot": [0, 15, 5]
				},
				{
					"name": "Right_Leg",
					"parent": "AllBody",
					"pivot": [-11.74264, 10.58321, 1.605]
				},
				{
					"name": "Right_Leg1",
					"parent": "Right_Leg",
					"pivot": [-8.9999, 6.0085, -5.0012],
					"rotation": [-39.32269, -23.92746, 63.659]
				},
				{
					"name": "Right_Leg1A",
					"parent": "Right_Leg1",
					"pivot": [-11.65641, 7.05761, -5.99624],
					"cubes": [
						{
							"origin": [-19.54187, 5.05761, -5.99124],
							"size": [1.88546, 2.38881, 1.98],
							"pivot": [-17.65641, 5.05761, -5.99624],
							"rotation": [0, 0, 40],
							"uv": {
								"north": {"uv": [76, 37], "uv_size": [2, 2]},
								"east": {"uv": [76, 40], "uv_size": [2, 2]},
								"south": {"uv": [47, 76], "uv_size": [2, 2]},
								"down": {"uv": [76, 51], "uv_size": [2, -2]}
							}
						},
						{
							"origin": [-17.65641, 5.05761, -6.00124],
							"size": [10, 2, 2],
							"uv": {
								"north": {"uv": [8, 52], "uv_size": [10, 2]},
								"south": {"uv": [18, 52], "uv_size": [-10, 2]},
								"west": {"uv": [3, 76], "uv_size": [2, 2]},
								"up": {"uv": [52, 33], "uv_size": [10, 2]},
								"down": {"uv": [52, 38], "uv_size": [10, -2]}
							}
						},
						{
							"origin": [-17.65641, 5.65761, -5.99624],
							"size": [6, 1.4, 1.99],
							"pivot": [-11.65641, 7.05761, -5.99624],
							"rotation": [0, 0, 10],
							"uv": {
								"north": {"uv": [71, 27], "uv_size": [6, 1]},
								"south": {"uv": [77, 27], "uv_size": [-6, 1]},
								"up": {"uv": [10, 64], "uv_size": [6, 2]}
							}
						}
					]
				},
				{
					"name": "Right_Leg1B",
					"parent": "Right_Leg1",
					"pivot": [-11.88288, 7.35035, -5.85],
					"rotation": [0, 0, -40],
					"cubes": [
						{
							"origin": [-15.8924, 8.91894, -6.025],
							"size": [9, 1.25, 2],
							"pivot": [-14.3924, 11.11894, -5.85],
							"rotation": [0, 0, 50],
							"uv": {
								"north": {"uv": [103, 80], "uv_size": [-6, 1]},
								"east": {"uv": [104, 80], "uv_size": [-1, 1]},
								"south": {"uv": [110, 80], "uv_size": [-6, 1]},
								"west": {"uv": [97, 80], "uv_size": [-1, 1]},
								"up": {"uv": [103, 79], "uv_size": [-6, 1]},
								"down": {"uv": [109, 80], "uv_size": [-6, -1]}
							}
						},
						{
							"origin": [-17.88288, 4.85035, -6.1],
							"size": [10, 2.25, 2.1],
							"pivot": [-11.88288, 7.35035, -5.85],
							"rotation": [0, 0, 37.5],
							"uv": {
								"north": {"uv": [94, 96], "uv_size": [-6, 2]},
								"east": {"uv": [95, 96], "uv_size": [-1, 2]},
								"south": {"uv": [101, 96], "uv_size": [-6, 2]},
								"west": {"uv": [88, 96], "uv_size": [-1, 2]},
								"up": {"uv": [94, 95], "uv_size": [-6, 1]},
								"down": {"uv": [100, 96], "uv_size": [-6, -1]}
							}
						},
						{
							"origin": [-18.27554, 9.11657, -6.035],
							"size": [2.40709, 2.34369, 2.03],
							"pivot": [-17.48005, 9.91206, -5.35],
							"rotation": [0, 0, -7.5],
							"uv": {
								"north": {"uv": [94, 102], "uv_size": [-6, 2]},
								"east": {"uv": [95, 102], "uv_size": [-1, 2]},
								"south": {"uv": [101, 102], "uv_size": [-6, 2]},
								"west": {"uv": [88, 102], "uv_size": [-1, 2]},
								"up": {"uv": [94, 101], "uv_size": [-6, 1]},
								"down": {"uv": [100, 102], "uv_size": [-6, -1]}
							}
						}
					]
				},
				{
					"name": "Right_Leg2",
					"parent": "Right_Leg1",
					"pivot": [-17.9491, 6.6847, -5.5788],
					"rotation": [0, 0, -35]
				},
				{
					"name": "Right_Leg2B",
					"parent": "Right_Leg2",
					"pivot": [-17.87577, 4.8536, -5.58125],
					"rotation": [0, 0, -15],
					"cubes": [
						{
							"origin": [-20.50573, -2.93562, -5.725],
							"size": [1.25, 6, 1.4],
							"pivot": [-19.94323, -1.43562, -5.5125],
							"rotation": [0, 0, 7.5],
							"uv": {
								"north": {"uv": [71, 94], "uv_size": [-1, 6]},
								"east": {"uv": [72, 94], "uv_size": [-1, 6]},
								"south": {"uv": [73, 94], "uv_size": [-1, 6]},
								"west": {"uv": [70, 94], "uv_size": [-1, 6]},
								"up": {"uv": [71, 93], "uv_size": [-1, 1]},
								"down": {"uv": [72, 94], "uv_size": [-1, -1]}
							}
						},
						{
							"origin": [-19.9848, 4.0375, -5.84],
							"size": [3, 1.5, 1.68],
							"pivot": [-19.2348, 6.2875, -5.5],
							"rotation": [0, 0, 40],
							"uv": {
								"north": {"uv": [109, 123], "uv_size": [-3, 1]},
								"east": {"uv": [110, 123], "uv_size": [-1, 1]},
								"south": {"uv": [113, 123], "uv_size": [-3, 1]},
								"west": {"uv": [106, 123], "uv_size": [-1, 1]},
								"up": {"uv": [109, 122], "uv_size": [-3, 1]},
								"down": {"uv": [112, 123], "uv_size": [-3, -1]}
							}
						},
						{
							"origin": [-21.01525, -7.90198, -5.85],
							"size": [1.5, 13, 1.7],
							"pivot": [-19.94323, 0.56438, -5.5125],
							"rotation": [0, 0, -2.5],
							"uv": {
								"north": {"uv": [53, 87], "uv_size": [-1, 11]},
								"east": {"uv": [54, 87], "uv_size": [-1, 11]},
								"south": {"uv": [55, 87], "uv_size": [-1, 11]},
								"west": {"uv": [52, 87], "uv_size": [-1, 11]},
								"up": {"uv": [53, 86], "uv_size": [-1, 1]},
								"down": {"uv": [54, 87], "uv_size": [-1, -1]}
							}
						},
						{
							"origin": [-21.1474, 7.14777, -5.7],
							"size": [2, 4, 1.2],
							"pivot": [-18.63884, 2.62809, -5.6],
							"rotation": [0, 0, 22.5],
							"uv": {
								"north": {"uv": [73, 114], "uv_size": [-2, 4]},
								"east": {"uv": [74, 114], "uv_size": [-1, 4]},
								"south": {"uv": [76, 114], "uv_size": [-2, 4]},
								"west": {"uv": [71, 114], "uv_size": [-1, 4]},
								"up": {"uv": [73, 113], "uv_size": [-2, 1]},
								"down": {"uv": [75, 114], "uv_size": [-2, -1]}
							}
						},
						{
							"origin": [-20.61607, 2.59347, -6.5],
							"size": [3, 6, 3],
							"pivot": [-18.63884, 3.62809, -5.6],
							"rotation": [0, 0, 15],
							"uv": {
								"north": {"uv": [96, 115], "uv_size": [-3, 6]},
								"east": {"uv": [99, 115], "uv_size": [-3, 6]},
								"south": {"uv": [102, 115], "uv_size": [-3, 6]},
								"west": {"uv": [93, 115], "uv_size": [-3, 6]},
								"up": {"uv": [96, 112], "uv_size": [-3, 3]},
								"down": {"uv": [99, 115], "uv_size": [-3, -3]}
							}
						}
					]
				},
				{
					"name": "Right_Leg2A",
					"parent": "Right_Leg2",
					"pivot": [-18.84219, -6.41369, -4.00124],
					"cubes": [
						{
							"origin": [-20.30893, 4.88777, -6.50119],
							"size": [3, 4, 3],
							"pivot": [-18.41831, 3.9495, -4.95624],
							"rotation": [0, 0, 7.5],
							"uv": {
								"north": {"uv": [63, 46], "uv_size": [3, 4]},
								"east": {"uv": [58, 63], "uv_size": [3, 4]},
								"south": {"uv": [66, 46], "uv_size": [-3, 4]},
								"west": {"uv": [6, 64], "uv_size": [3, 4]},
								"up": {"uv": [69, 54], "uv_size": [3, 3]},
								"down": {"uv": [70, 3], "uv_size": [3, -3]}
							}
						},
						{
							"origin": [-20.6353, -6.18264, -6.20124],
							"size": [2, 12, 2.4],
							"pivot": [-18.41831, 3.9495, -4.95624],
							"rotation": [0, 0, -10],
							"uv": {
								"north": {"uv": [46, 30], "uv_size": [2, 12]},
								"east": {"uv": [49, 30], "uv_size": [2, 12]},
								"south": {"uv": [48, 30], "uv_size": [-2, 12]},
								"west": {"uv": [22, 50], "uv_size": [2, 12]},
								"up": {"uv": [50, 75], "uv_size": [2, 2]},
								"down": {"uv": [57, 77], "uv_size": [2, -2]}
							}
						},
						{
							"origin": [-21.20198, 3.8518, -6.19624],
							"size": [1, 2, 2.39],
							"pivot": [-18.40129, 4.15443, -4.95624],
							"rotation": [0, 0, 32.5],
							"uv": {
								"north": {"uv": [53, 80], "uv_size": [1, 2]},
								"east": {"uv": [60, 75], "uv_size": [2, 2]},
								"south": {"uv": [80, 55], "uv_size": [1, 2]},
								"west": {"uv": [75, 68], "uv_size": [2, 2]},
								"up": {"uv": [80, 58], "uv_size": [1, 2]},
								"down": {"uv": [80, 63], "uv_size": [1, -2]}
							}
						},
						{
							"origin": [-18.81987, -4.09677, -6.19624],
							"size": [1.6, 9.86, 2.39],
							"uv": {
								"north": {"uv": [37, 50], "uv_size": [2, 10]},
								"east": {"uv": [40, 50], "uv_size": [2, 10]},
								"south": {"uv": [39, 50], "uv_size": [-2, 10]},
								"west": {"uv": [46, 50], "uv_size": [2, 10]},
								"up": {"uv": [75, 71], "uv_size": [2, 2]},
								"down": {"uv": [0, 78], "uv_size": [2, -2]}
							}
						},
						{
							"origin": [-18.84219, -9.41369, -6.19624],
							"size": [2, 3, 2.39],
							"pivot": [-18.84219, -6.41369, -4.00124],
							"rotation": [0, 0, -30],
							"uv": {
								"north": {"uv": [71, 45], "uv_size": [2, 3]},
								"east": {"uv": [10, 72], "uv_size": [2, 3]},
								"south": {"uv": [73, 45], "uv_size": [-2, 3]},
								"west": {"uv": [72, 70], "uv_size": [2, 3]},
								"up": {"uv": [9, 76], "uv_size": [2, 2]},
								"down": {"uv": [76, 31], "uv_size": [2, -2]}
							}
						}
					]
				},
				{
					"name": "Right_Leg5",
					"parent": "Right_Leg",
					"pivot": [-8.34313, 5.47109, -1.00125],
					"rotation": [-6.46635, -7.64427, 40.43246]
				},
				{
					"name": "Right_Leg5A",
					"parent": "Right_Leg5",
					"pivot": [0, 0, 0],
					"cubes": [
						{
							"origin": [-14.84313, 4.47109, -1.80125],
							"size": [7, 2, 1.6],
							"uv": {
								"north": {"uv": [56, 29], "uv_size": [7, -2]},
								"south": {"uv": [56, 29], "uv_size": [7, -2]},
								"west": {"uv": [77, 19], "uv_size": [2, 2]},
								"up": {"uv": [37, 61], "uv_size": [7, 2]},
								"down": {"uv": [61, 53], "uv_size": [7, -2]}
							}
						}
					]
				},
				{
					"name": "Right_Leg5B",
					"parent": "Right_Leg5",
					"pivot": [-8.5785, 6.95368, -1.85],
					"rotation": [0, 0, -37.5],
					"cubes": [
						{
							"origin": [-12.58802, 7.77227, -1.725],
							"size": [6, 1.25, 1.4],
							"pivot": [-11.08802, 9.97227, -1.85],
							"rotation": [0, 0, 50],
							"uv": {
								"north": {"uv": [103, 80], "uv_size": [-6, 1]},
								"east": {"uv": [104, 80], "uv_size": [-1, 1]},
								"south": {"uv": [110, 80], "uv_size": [-6, 1]},
								"west": {"uv": [97, 80], "uv_size": [-1, 1]},
								"up": {"uv": [103, 79], "uv_size": [-6, 1]},
								"down": {"uv": [109, 80], "uv_size": [-6, -1]}
							}
						},
						{
							"origin": [-14.5785, 4.45368, -1.8],
							"size": [7, 1.75, 1.5],
							"pivot": [-8.5785, 6.95368, -1.85],
							"rotation": [0, 0, 37.5],
							"uv": {
								"north": {"uv": [94, 96], "uv_size": [-6, 2]},
								"east": {"uv": [95, 96], "uv_size": [-1, 2]},
								"south": {"uv": [101, 96], "uv_size": [-6, 2]},
								"west": {"uv": [88, 96], "uv_size": [-1, 2]},
								"up": {"uv": [94, 95], "uv_size": [-6, 1]},
								"down": {"uv": [100, 96], "uv_size": [-6, -1]}
							}
						},
						{
							"origin": [-14.97116, 8.71989, -1.735],
							"size": [2.30919, 1.6001, 1.42],
							"pivot": [-14.17567, 9.51538, -1.35],
							"rotation": [0, 0, -7.5],
							"uv": {
								"north": {"uv": [94, 102], "uv_size": [-6, 2]},
								"east": {"uv": [95, 102], "uv_size": [-1, 2]},
								"south": {"uv": [101, 102], "uv_size": [-6, 2]},
								"west": {"uv": [88, 102], "uv_size": [-1, 2]},
								"up": {"uv": [94, 101], "uv_size": [-6, 1]},
								"down": {"uv": [100, 102], "uv_size": [-6, -1]}
							}
						}
					]
				},
				{
					"name": "Right_Leg6",
					"parent": "Right_Leg5",
					"pivot": [-14.33179, 5.09078, -1.00125],
					"rotation": [0, 0, -27.5]
				},
				{
					"name": "Right_Leg6A",
					"parent": "Right_Leg6",
					"pivot": [-14.90819, 7.12789, -0.00125],
					"cubes": [
						{
							"origin": [-15.6343, -1.82111, -1.99625],
							"size": [1.6, 6, 1.99],
							"uv": {
								"north": {"uv": [35, 64], "uv_size": [2, 6]},
								"east": {"uv": [38, 64], "uv_size": [2, 6]},
								"south": {"uv": [41, 64], "uv_size": [2, 6]},
								"west": {"uv": [48, 65], "uv_size": [2, 6]},
								"up": {"uv": [76, 52], "uv_size": [2, 2]},
								"down": {"uv": [76, 76], "uv_size": [2, -2]}
							}
						},
						{
							"origin": [-16.53429, 4.91016, -1.99625],
							"size": [1, 2.75, 1.99],
							"pivot": [-16.53429, 4.91016, -0.01125],
							"rotation": [0, 0, 36.25],
							"uv": {
								"north": {"uv": [17, 55], "uv_size": [1, 3]},
								"east": {"uv": [6, 73], "uv_size": [2, 3]},
								"south": {"uv": [17, 59], "uv_size": [1, 3]},
								"west": {"uv": [17, 73], "uv_size": [2, 3]},
								"up": {"uv": [62, 80], "uv_size": [1, 2]},
								"down": {"uv": [64, 82], "uv_size": [1, -2]}
							}
						},
						{
							"origin": [-15.49008, -5.02139, -1.99625],
							"size": [1.6, 2, 1.99],
							"pivot": [-15.49008, -3.02139, -0.01625],
							"rotation": [0, 0, -30],
							"uv": {
								"north": {"uv": [77, 4], "uv_size": [2, 2]},
								"east": {"uv": [6, 77], "uv_size": [2, 2]},
								"south": {"uv": [77, 7], "uv_size": [2, 2]},
								"west": {"uv": [77, 10], "uv_size": [2, 2]},
								"up": {"uv": [77, 13], "uv_size": [2, 2]},
								"down": {"uv": [16, 79], "uv_size": [2, -2]}
							}
						},
						{
							"origin": [-16.30945, -2.78448, -2.00125],
							"size": [1.6, 8, 2],
							"pivot": [-14.09246, 3.34766, -0.95625],
							"rotation": [0, 0, -7.5],
							"uv": {
								"north": {"uv": [53, 20], "uv_size": [2, 8]},
								"east": {"uv": [8, 55], "uv_size": [2, 8]},
								"south": {"uv": [55, 20], "uv_size": [-2, 8]},
								"west": {"uv": [14, 55], "uv_size": [2, 8]},
								"up": {"uv": [77, 16], "uv_size": [2, 2]},
								"down": {"uv": [19, 79], "uv_size": [2, -2]}
							}
						},
						{
							"origin": [-14.90819, 4.12789, -2.00625],
							"size": [2, 3, 2.01],
							"pivot": [-14.90819, 7.12789, -0.00125],
							"rotation": [0, 0, 20],
							"uv": {
								"north": {"uv": [20, 73], "uv_size": [2, 3]},
								"east": {"uv": [23, 73], "uv_size": [2, 3]},
								"south": {"uv": [22, 73], "uv_size": [-2, 3]},
								"west": {"uv": [29, 73], "uv_size": [2, 3]},
								"up": {"uv": [22, 77], "uv_size": [2, 2]},
								"down": {"uv": [77, 24], "uv_size": [2, -2]}
							}
						}
					]
				},
				{
					"name": "Right_Leg6B",
					"parent": "Right_Leg6",
					"pivot": [-13.87577, 4.8536, -1.48125],
					"rotation": [0, 0, -12.5],
					"cubes": [
						{
							"origin": [-16.25573, -2.43562, -1.425],
							"size": [1.25, 6, 1],
							"pivot": [-15.69323, -0.93562, -1.4125],
							"rotation": [0, 0, 7.5],
							"uv": {
								"north": {"uv": [71, 94], "uv_size": [-1, 6]},
								"east": {"uv": [72, 94], "uv_size": [-1, 6]},
								"south": {"uv": [73, 94], "uv_size": [-1, 6]},
								"west": {"uv": [70, 94], "uv_size": [-1, 6]},
								"up": {"uv": [71, 93], "uv_size": [-1, 1]},
								"down": {"uv": [72, 94], "uv_size": [-1, -1]}
							}
						},
						{
							"origin": [-15.7348, 4.5375, -1.54],
							"size": [3, 1.5, 1.28],
							"pivot": [-14.9848, 6.7875, -1.4],
							"rotation": [0, 0, 40],
							"uv": {
								"north": {"uv": [109, 123], "uv_size": [-3, 1]},
								"east": {"uv": [110, 123], "uv_size": [-1, 1]},
								"south": {"uv": [113, 123], "uv_size": [-3, 1]},
								"west": {"uv": [106, 123], "uv_size": [-1, 1]},
								"up": {"uv": [109, 122], "uv_size": [-3, 1]},
								"down": {"uv": [112, 123], "uv_size": [-3, -1]}
							}
						},
						{
							"origin": [-16.76525, -4.40198, -1.55],
							"size": [1.5, 10, 1.3],
							"pivot": [-15.69323, 1.06438, -1.4125],
							"rotation": [0, 0, -2.5],
							"uv": {
								"north": {"uv": [53, 87], "uv_size": [-1, 11]},
								"east": {"uv": [54, 87], "uv_size": [-1, 11]},
								"south": {"uv": [55, 87], "uv_size": [-1, 11]},
								"west": {"uv": [52, 87], "uv_size": [-1, 11]},
								"up": {"uv": [53, 86], "uv_size": [-1, 1]},
								"down": {"uv": [54, 87], "uv_size": [-1, -1]}
							}
						},
						{
							"origin": [-17.1474, 7.14777, -1.6],
							"size": [2, 3, 1.2],
							"pivot": [-14.63884, 2.62809, -1.5],
							"rotation": [0, 0, 22.5],
							"uv": {
								"north": {"uv": [73, 114], "uv_size": [-2, 4]},
								"east": {"uv": [74, 114], "uv_size": [-1, 4]},
								"south": {"uv": [76, 114], "uv_size": [-2, 4]},
								"west": {"uv": [71, 114], "uv_size": [-1, 4]},
								"up": {"uv": [73, 113], "uv_size": [-2, 1]},
								"down": {"uv": [75, 114], "uv_size": [-2, -1]}
							}
						},
						{
							"origin": [-16.61607, 2.59347, -2],
							"size": [3, 6, 2.2],
							"pivot": [-14.63884, 3.62809, -1.5],
							"rotation": [0, 0, 15],
							"uv": {
								"north": {"uv": [96, 115], "uv_size": [-3, 6]},
								"east": {"uv": [99, 115], "uv_size": [-2, 6]},
								"south": {"uv": [102, 115], "uv_size": [-3, 6]},
								"west": {"uv": [93, 115], "uv_size": [-2, 6]},
								"up": {"uv": [96, 112], "uv_size": [-3, 2]},
								"down": {"uv": [99, 115], "uv_size": [-3, -3]}
							}
						}
					]
				},
				{
					"name": "Right_Leg3",
					"parent": "Right_Leg",
					"pivot": [-8.34313, 5.47109, 5.99875],
					"rotation": [20.36057, 22.52101, 44.09531]
				},
				{
					"name": "Right_Leg3B",
					"parent": "Right_Leg3",
					"pivot": [-8.5785, 6.95368, 5.15],
					"rotation": [0, 0, -37.5],
					"cubes": [
						{
							"origin": [-12.58802, 7.77227, 5.275],
							"size": [6, 1.25, 1.4],
							"pivot": [-11.08802, 9.97227, 5.15],
							"rotation": [0, 0, 50],
							"uv": {
								"north": {"uv": [103, 80], "uv_size": [-6, 1]},
								"east": {"uv": [104, 80], "uv_size": [-1, 1]},
								"south": {"uv": [110, 80], "uv_size": [-6, 1]},
								"west": {"uv": [97, 80], "uv_size": [-1, 1]},
								"up": {"uv": [103, 79], "uv_size": [-6, 1]},
								"down": {"uv": [109, 80], "uv_size": [-6, -1]}
							}
						},
						{
							"origin": [-14.5785, 4.45368, 5.2],
							"size": [7, 1.75, 1.5],
							"pivot": [-8.5785, 6.95368, 5.15],
							"rotation": [0, 0, 37.5],
							"uv": {
								"north": {"uv": [94, 96], "uv_size": [-6, 2]},
								"east": {"uv": [95, 96], "uv_size": [-1, 2]},
								"south": {"uv": [101, 96], "uv_size": [-6, 2]},
								"west": {"uv": [88, 96], "uv_size": [-1, 2]},
								"up": {"uv": [94, 95], "uv_size": [-6, 1]},
								"down": {"uv": [100, 96], "uv_size": [-6, -1]}
							}
						},
						{
							"origin": [-14.97116, 8.71989, 5.265],
							"size": [2.30919, 1.6001, 1.42],
							"pivot": [-14.17567, 9.51538, 5.65],
							"rotation": [0, 0, -7.5],
							"uv": {
								"north": {"uv": [94, 102], "uv_size": [-6, 2]},
								"east": {"uv": [95, 102], "uv_size": [-1, 2]},
								"south": {"uv": [101, 102], "uv_size": [-6, 2]},
								"west": {"uv": [88, 102], "uv_size": [-1, 2]},
								"up": {"uv": [94, 101], "uv_size": [-6, 1]},
								"down": {"uv": [100, 102], "uv_size": [-6, -1]}
							}
						}
					]
				},
				{
					"name": "Right_Leg3A",
					"parent": "Right_Leg3",
					"pivot": [0, 0, 0],
					"cubes": [
						{
							"origin": [-14.84313, 4.47109, 5.19875],
							"size": [7, 2, 1.6],
							"uv": {
								"north": {"uv": [56, 29], "uv_size": [7, -2]},
								"south": {"uv": [56, 29], "uv_size": [7, -2]},
								"west": {"uv": [77, 19], "uv_size": [2, 2]},
								"up": {"uv": [37, 61], "uv_size": [7, 2]},
								"down": {"uv": [61, 53], "uv_size": [7, -2]}
							}
						}
					]
				},
				{
					"name": "Right_Leg4",
					"parent": "Right_Leg3",
					"pivot": [-14.33179, 5.09078, 5.99875],
					"rotation": [0, 0, -27.5]
				},
				{
					"name": "Right_Leg4B",
					"parent": "Right_Leg4",
					"pivot": [-13.87577, 4.8536, 5.41875],
					"rotation": [0, 0, -12.5],
					"cubes": [
						{
							"origin": [-16.25573, -2.43562, 5.475],
							"size": [1.25, 6, 1],
							"pivot": [-15.69323, -0.93562, 5.4875],
							"rotation": [0, 0, 7.5],
							"uv": {
								"north": {"uv": [71, 94], "uv_size": [-1, 6]},
								"east": {"uv": [72, 94], "uv_size": [-1, 6]},
								"south": {"uv": [73, 94], "uv_size": [-1, 6]},
								"west": {"uv": [70, 94], "uv_size": [-1, 6]},
								"up": {"uv": [71, 93], "uv_size": [-1, 1]},
								"down": {"uv": [72, 94], "uv_size": [-1, -1]}
							}
						},
						{
							"origin": [-15.7348, 4.5375, 5.36],
							"size": [3, 1.5, 1.28],
							"pivot": [-14.9848, 6.7875, 5.5],
							"rotation": [0, 0, 40],
							"uv": {
								"north": {"uv": [109, 123], "uv_size": [-3, 1]},
								"east": {"uv": [110, 123], "uv_size": [-1, 1]},
								"south": {"uv": [113, 123], "uv_size": [-3, 1]},
								"west": {"uv": [106, 123], "uv_size": [-1, 1]},
								"up": {"uv": [109, 122], "uv_size": [-3, 1]},
								"down": {"uv": [112, 123], "uv_size": [-3, -1]}
							}
						},
						{
							"origin": [-16.76525, -4.40198, 5.35],
							"size": [1.5, 10, 1.3],
							"pivot": [-15.69323, 1.06438, 5.4875],
							"rotation": [0, 0, -2.5],
							"uv": {
								"north": {"uv": [53, 87], "uv_size": [-1, 11]},
								"east": {"uv": [54, 87], "uv_size": [-1, 11]},
								"south": {"uv": [55, 87], "uv_size": [-1, 11]},
								"west": {"uv": [52, 87], "uv_size": [-1, 11]},
								"up": {"uv": [53, 86], "uv_size": [-1, 1]},
								"down": {"uv": [54, 87], "uv_size": [-1, -1]}
							}
						},
						{
							"origin": [-17.1474, 7.14777, 5.3],
							"size": [2, 3, 1.2],
							"pivot": [-14.63884, 2.62809, 5.4],
							"rotation": [0, 0, 22.5],
							"uv": {
								"north": {"uv": [73, 114], "uv_size": [-2, 4]},
								"east": {"uv": [74, 114], "uv_size": [-1, 4]},
								"south": {"uv": [76, 114], "uv_size": [-2, 4]},
								"west": {"uv": [71, 114], "uv_size": [-1, 4]},
								"up": {"uv": [73, 113], "uv_size": [-2, 1]},
								"down": {"uv": [75, 114], "uv_size": [-2, -1]}
							}
						},
						{
							"origin": [-16.61607, 2.59347, 4.9],
							"size": [3, 6, 2.2],
							"pivot": [-14.63884, 3.62809, 5.4],
							"rotation": [0, 0, 15],
							"uv": {
								"north": {"uv": [96, 115], "uv_size": [-3, 6]},
								"east": {"uv": [99, 115], "uv_size": [-2, 6]},
								"south": {"uv": [102, 115], "uv_size": [-3, 6]},
								"west": {"uv": [93, 115], "uv_size": [-2, 6]},
								"up": {"uv": [96, 112], "uv_size": [-3, 2]},
								"down": {"uv": [99, 115], "uv_size": [-3, -3]}
							}
						}
					]
				},
				{
					"name": "Right_Leg4A",
					"parent": "Right_Leg4",
					"pivot": [-15.49008, -3.02139, 6.98375],
					"cubes": [
						{
							"origin": [-15.6343, -1.82111, 5.00375],
							"size": [1.6, 6, 1.99],
							"uv": {
								"north": {"uv": [35, 64], "uv_size": [2, 6]},
								"east": {"uv": [38, 64], "uv_size": [2, 6]},
								"south": {"uv": [41, 64], "uv_size": [2, 6]},
								"west": {"uv": [48, 65], "uv_size": [2, 6]},
								"up": {"uv": [76, 52], "uv_size": [2, 2]},
								"down": {"uv": [76, 76], "uv_size": [2, -2]}
							}
						},
						{
							"origin": [-16.53429, 4.91016, 5.00375],
							"size": [1, 2.75, 1.99],
							"pivot": [-16.53429, 4.91016, 6.98875],
							"rotation": [0, 0, 36.25],
							"uv": {
								"north": {"uv": [17, 55], "uv_size": [1, 3]},
								"east": {"uv": [6, 73], "uv_size": [2, 3]},
								"south": {"uv": [17, 59], "uv_size": [1, 3]},
								"west": {"uv": [17, 73], "uv_size": [2, 3]},
								"up": {"uv": [62, 80], "uv_size": [1, 2]},
								"down": {"uv": [64, 82], "uv_size": [1, -2]}
							}
						},
						{
							"origin": [-16.30945, -2.78448, 4.99875],
							"size": [1.6, 8, 2],
							"pivot": [-14.09246, 3.34766, 6.04375],
							"rotation": [0, 0, -7.5],
							"uv": {
								"north": {"uv": [53, 20], "uv_size": [2, 8]},
								"east": {"uv": [8, 55], "uv_size": [2, 8]},
								"south": {"uv": [55, 20], "uv_size": [-2, 8]},
								"west": {"uv": [14, 55], "uv_size": [2, 8]},
								"up": {"uv": [77, 16], "uv_size": [2, 2]},
								"down": {"uv": [19, 79], "uv_size": [2, -2]}
							}
						},
						{
							"origin": [-14.90819, 4.12789, 4.99375],
							"size": [2, 3, 2.01],
							"pivot": [-14.90819, 7.12789, 6.99875],
							"rotation": [0, 0, 20],
							"uv": {
								"north": {"uv": [20, 73], "uv_size": [2, 3]},
								"east": {"uv": [23, 73], "uv_size": [2, 3]},
								"south": {"uv": [22, 73], "uv_size": [-2, 3]},
								"west": {"uv": [29, 73], "uv_size": [2, 3]},
								"up": {"uv": [22, 77], "uv_size": [2, 2]},
								"down": {"uv": [77, 24], "uv_size": [2, -2]}
							}
						},
						{
							"origin": [-15.49008, -5.02139, 5.00375],
							"size": [1.6, 2, 1.99],
							"pivot": [-15.49008, -3.02139, 6.98375],
							"rotation": [0, 0, -30],
							"uv": {
								"north": {"uv": [77, 4], "uv_size": [2, 2]},
								"east": {"uv": [6, 77], "uv_size": [2, 2]},
								"south": {"uv": [77, 7], "uv_size": [2, 2]},
								"west": {"uv": [77, 10], "uv_size": [2, 2]},
								"up": {"uv": [77, 13], "uv_size": [2, 2]},
								"down": {"uv": [16, 79], "uv_size": [2, -2]}
							}
						}
					]
				},
				{
					"name": "Left_Leg",
					"parent": "AllBody",
					"pivot": [11.74264, 10.58321, 1.605]
				},
				{
					"name": "Left_Leg1",
					"parent": "Left_Leg",
					"pivot": [8.99989, 6.00846, -5.00125],
					"rotation": [-39.32269, 23.92746, -63.659]
				},
				{
					"name": "Left_Leg1B",
					"parent": "Left_Leg1",
					"pivot": [11.88288, 7.35035, -5.85],
					"rotation": [0, 0, 40],
					"cubes": [
						{
							"origin": [6.8924, 8.91894, -6.025],
							"size": [9, 1.25, 2],
							"pivot": [14.3924, 11.11894, -5.85],
							"rotation": [0, 0, -50],
							"uv": {
								"north": {"uv": [97, 80], "uv_size": [6, 1]},
								"east": {"uv": [96, 80], "uv_size": [1, 1]},
								"south": {"uv": [104, 80], "uv_size": [6, 1]},
								"west": {"uv": [103, 80], "uv_size": [1, 1]},
								"up": {"uv": [97, 79], "uv_size": [6, 1]},
								"down": {"uv": [103, 80], "uv_size": [6, -1]}
							}
						},
						{
							"origin": [7.88288, 4.85035, -6.1],
							"size": [10, 2.25, 2.1],
							"pivot": [11.88288, 7.35035, -5.85],
							"rotation": [0, 0, -37.5],
							"uv": {
								"north": {"uv": [88, 96], "uv_size": [6, 2]},
								"east": {"uv": [87, 96], "uv_size": [1, 2]},
								"south": {"uv": [95, 96], "uv_size": [6, 2]},
								"west": {"uv": [94, 96], "uv_size": [1, 2]},
								"up": {"uv": [88, 95], "uv_size": [6, 1]},
								"down": {"uv": [94, 96], "uv_size": [6, -1]}
							}
						},
						{
							"origin": [15.86846, 9.11657, -6.035],
							"size": [2.40709, 2.34369, 2.03],
							"pivot": [17.48005, 9.91206, -5.35],
							"rotation": [0, 0, 7.5],
							"uv": {
								"north": {"uv": [88, 102], "uv_size": [6, 2]},
								"east": {"uv": [87, 102], "uv_size": [1, 2]},
								"south": {"uv": [95, 102], "uv_size": [6, 2]},
								"west": {"uv": [94, 102], "uv_size": [1, 2]},
								"up": {"uv": [88, 101], "uv_size": [6, 1]},
								"down": {"uv": [94, 102], "uv_size": [6, -1]}
							}
						}
					]
				},
				{
					"name": "Left_Leg1A",
					"parent": "Left_Leg1",
					"pivot": [17.65642, 5.05762, -5.99625],
					"cubes": [
						{
							"origin": [11.65642, 5.65762, -5.99625],
							"size": [6, 1.4, 1.99],
							"pivot": [11.65642, 7.05762, -5.99625],
							"rotation": [0, 0, -10],
							"uv": {
								"north": {"uv": [77, 27], "uv_size": [-6, 1]},
								"south": {"uv": [71, 27], "uv_size": [6, 1]},
								"up": {"uv": [16, 64], "uv_size": [-6, 2]}
							}
						},
						{
							"origin": [7.65642, 5.05762, -6.00125],
							"size": [10, 2, 2],
							"uv": {
								"north": {"uv": [18, 52], "uv_size": [-10, 2]},
								"east": {"uv": [5, 76], "uv_size": [-2, 2]},
								"south": {"uv": [8, 52], "uv_size": [10, 2]},
								"up": {"uv": [62, 33], "uv_size": [-10, 2]},
								"down": {"uv": [62, 38], "uv_size": [-10, -2]}
							}
						},
						{
							"origin": [17.65642, 5.05762, -5.99125],
							"size": [1.88546, 2.38881, 1.98],
							"pivot": [17.65642, 5.05762, -5.99625],
							"rotation": [0, 0, -40],
							"uv": {
								"north": {"uv": [78, 37], "uv_size": [-2, 2]},
								"south": {"uv": [49, 76], "uv_size": [-2, 2]},
								"west": {"uv": [78, 40], "uv_size": [-2, 2]},
								"down": {"uv": [78, 51], "uv_size": [-2, -2]}
							}
						}
					]
				},
				{
					"name": "Left_Leg2",
					"parent": "Left_Leg1",
					"pivot": [17.94915, 6.68472, -5.57875],
					"rotation": [0, 0, 35]
				},
				{
					"name": "Left_Leg2A",
					"parent": "Left_Leg2",
					"pivot": [18.41833, 3.94948, -4.95625],
					"cubes": [
						{
							"origin": [17.21989, -4.09679, -6.19625],
							"size": [1.6, 9.86, 2.39],
							"uv": {
								"north": {"uv": [39, 50], "uv_size": [-2, 10]},
								"east": {"uv": [48, 50], "uv_size": [-2, 10]},
								"south": {"uv": [37, 50], "uv_size": [2, 10]},
								"west": {"uv": [42, 50], "uv_size": [-2, 10]},
								"up": {"uv": [77, 71], "uv_size": [-2, 2]},
								"down": {"uv": [2, 78], "uv_size": [-2, -2]}
							}
						},
						{
							"origin": [20.202, 3.85178, -6.19625],
							"size": [1, 2, 2.39],
							"pivot": [18.40131, 4.15441, -4.95625],
							"rotation": [0, 0, -32.5],
							"uv": {
								"north": {"uv": [54, 80], "uv_size": [-1, 2]},
								"east": {"uv": [77, 68], "uv_size": [-2, 2]},
								"south": {"uv": [81, 55], "uv_size": [-1, 2]},
								"west": {"uv": [62, 75], "uv_size": [-2, 2]},
								"up": {"uv": [81, 58], "uv_size": [-1, 2]},
								"down": {"uv": [81, 63], "uv_size": [-1, -2]}
							}
						},
						{
							"origin": [16.84221, -9.41371, -6.19625],
							"size": [2, 3, 2.39],
							"pivot": [18.84221, -6.41371, -4.00125],
							"rotation": [0, 0, 30],
							"uv": {
								"north": {"uv": [73, 45], "uv_size": [-2, 3]},
								"east": {"uv": [74, 70], "uv_size": [-2, 3]},
								"south": {"uv": [71, 45], "uv_size": [2, 3]},
								"west": {"uv": [12, 72], "uv_size": [-2, 3]},
								"up": {"uv": [11, 76], "uv_size": [-2, 2]},
								"down": {"uv": [78, 31], "uv_size": [-2, -2]}
							}
						},
						{
							"origin": [18.63532, -6.18266, -6.20125],
							"size": [2, 12, 2.4],
							"pivot": [18.41833, 3.94948, -4.95625],
							"rotation": [0, 0, 10],
							"uv": {
								"north": {"uv": [48, 30], "uv_size": [-2, 12]},
								"east": {"uv": [24, 50], "uv_size": [-2, 12]},
								"south": {"uv": [46, 30], "uv_size": [2, 12]},
								"west": {"uv": [51, 30], "uv_size": [-2, 12]},
								"up": {"uv": [52, 75], "uv_size": [-2, 2]},
								"down": {"uv": [59, 77], "uv_size": [-2, -2]}
							}
						},
						{
							"origin": [17.30895, 4.88775, -6.5012],
							"size": [3, 4, 3],
							"pivot": [18.41833, 3.94948, -4.95625],
							"rotation": [0, 0, -7.5],
							"uv": {
								"north": {"uv": [66, 46], "uv_size": [-3, 4]},
								"east": {"uv": [9, 64], "uv_size": [-3, 4]},
								"south": {"uv": [63, 46], "uv_size": [3, 4]},
								"west": {"uv": [61, 63], "uv_size": [-3, 4]},
								"up": {"uv": [72, 54], "uv_size": [-3, 3]},
								"down": {"uv": [73, 3], "uv_size": [-3, -3]}
							}
						}
					]
				},
				{
					"name": "Left_Leg2B",
					"parent": "Left_Leg2",
					"pivot": [17.87577, 4.8536, -5.58125],
					"rotation": [0, 0, 15],
					"cubes": [
						{
							"origin": [19.25573, -2.93562, -5.725],
							"size": [1.25, 6, 1.4],
							"pivot": [19.94323, -1.43562, -5.5125],
							"rotation": [0, 0, -7.5],
							"uv": {
								"north": {"uv": [70, 94], "uv_size": [1, 6]},
								"east": {"uv": [69, 94], "uv_size": [1, 6]},
								"south": {"uv": [72, 94], "uv_size": [1, 6]},
								"west": {"uv": [71, 94], "uv_size": [1, 6]},
								"up": {"uv": [70, 93], "uv_size": [1, 1]},
								"down": {"uv": [71, 94], "uv_size": [1, -1]}
							}
						},
						{
							"origin": [16.9848, 4.0375, -5.84],
							"size": [3, 1.5, 1.68],
							"pivot": [19.2348, 6.2875, -5.5],
							"rotation": [0, 0, -40],
							"uv": {
								"north": {"uv": [106, 123], "uv_size": [3, 1]},
								"east": {"uv": [105, 123], "uv_size": [1, 1]},
								"south": {"uv": [110, 123], "uv_size": [3, 1]},
								"west": {"uv": [109, 123], "uv_size": [1, 1]},
								"up": {"uv": [106, 122], "uv_size": [3, 1]},
								"down": {"uv": [109, 123], "uv_size": [3, -1]}
							}
						},
						{
							"origin": [19.51525, -7.90198, -5.85],
							"size": [1.5, 13, 1.7],
							"pivot": [19.94323, 0.56438, -5.5125],
							"rotation": [0, 0, 2.5],
							"uv": {
								"north": {"uv": [52, 87], "uv_size": [1, 11]},
								"east": {"uv": [51, 87], "uv_size": [1, 11]},
								"south": {"uv": [54, 87], "uv_size": [1, 11]},
								"west": {"uv": [53, 87], "uv_size": [1, 11]},
								"up": {"uv": [52, 86], "uv_size": [1, 1]},
								"down": {"uv": [53, 87], "uv_size": [1, -1]}
							}
						},
						{
							"origin": [19.1474, 7.14777, -5.7],
							"size": [2, 4, 1.2],
							"pivot": [18.63884, 2.62809, -5.6],
							"rotation": [0, 0, -22.5],
							"uv": {
								"north": {"uv": [71, 114], "uv_size": [2, 4]},
								"east": {"uv": [70, 114], "uv_size": [1, 4]},
								"south": {"uv": [74, 114], "uv_size": [2, 4]},
								"west": {"uv": [73, 114], "uv_size": [1, 4]},
								"up": {"uv": [71, 113], "uv_size": [2, 1]},
								"down": {"uv": [73, 114], "uv_size": [2, -1]}
							}
						},
						{
							"origin": [17.61607, 2.59347, -6.5],
							"size": [3, 6, 3],
							"pivot": [18.63884, 3.62809, -5.6],
							"rotation": [0, 0, -15],
							"uv": {
								"north": {"uv": [93, 115], "uv_size": [3, 6]},
								"east": {"uv": [90, 115], "uv_size": [3, 6]},
								"south": {"uv": [99, 115], "uv_size": [3, 6]},
								"west": {"uv": [96, 115], "uv_size": [3, 6]},
								"up": {"uv": [93, 112], "uv_size": [3, 3]},
								"down": {"uv": [96, 115], "uv_size": [3, -3]}
							}
						}
					]
				},
				{
					"name": "Left_Leg5",
					"parent": "Left_Leg",
					"pivot": [8.34313, 5.47109, -1.00125],
					"rotation": [-6.46635, 7.64427, -40.43246]
				},
				{
					"name": "Left_Leg5B",
					"parent": "Left_Leg5",
					"pivot": [8.5785, 6.95368, -1.85],
					"rotation": [0, 0, 37.5],
					"cubes": [
						{
							"origin": [6.58802, 7.77227, -1.725],
							"size": [6, 1.25, 1.4],
							"pivot": [11.08802, 9.97227, -1.85],
							"rotation": [0, 0, -50],
							"uv": {
								"north": {"uv": [97, 80], "uv_size": [6, 1]},
								"east": {"uv": [96, 80], "uv_size": [1, 1]},
								"south": {"uv": [104, 80], "uv_size": [6, 1]},
								"west": {"uv": [103, 80], "uv_size": [1, 1]},
								"up": {"uv": [97, 79], "uv_size": [6, 1]},
								"down": {"uv": [103, 80], "uv_size": [6, -1]}
							}
						},
						{
							"origin": [7.5785, 4.45368, -1.8],
							"size": [7, 1.75, 1.5],
							"pivot": [8.5785, 6.95368, -1.85],
							"rotation": [0, 0, -37.5],
							"uv": {
								"north": {"uv": [88, 96], "uv_size": [6, 2]},
								"east": {"uv": [87, 96], "uv_size": [1, 2]},
								"south": {"uv": [95, 96], "uv_size": [6, 2]},
								"west": {"uv": [94, 96], "uv_size": [1, 2]},
								"up": {"uv": [88, 95], "uv_size": [6, 1]},
								"down": {"uv": [94, 96], "uv_size": [6, -1]}
							}
						},
						{
							"origin": [12.66197, 8.71989, -1.735],
							"size": [2.30919, 1.6001, 1.42],
							"pivot": [14.17567, 9.51538, -1.35],
							"rotation": [0, 0, 7.5],
							"uv": {
								"north": {"uv": [88, 102], "uv_size": [6, 2]},
								"east": {"uv": [87, 102], "uv_size": [1, 2]},
								"south": {"uv": [95, 102], "uv_size": [6, 2]},
								"west": {"uv": [94, 102], "uv_size": [1, 2]},
								"up": {"uv": [88, 101], "uv_size": [6, 1]},
								"down": {"uv": [94, 102], "uv_size": [6, -1]}
							}
						}
					]
				},
				{
					"name": "Left_Leg5A",
					"parent": "Left_Leg5",
					"pivot": [0, 0, 0],
					"cubes": [
						{
							"origin": [7.84313, 4.47109, -1.80125],
							"size": [7, 2, 1.6],
							"uv": {
								"north": {"uv": [63, 29], "uv_size": [-7, -2]},
								"east": {"uv": [79, 19], "uv_size": [-2, 2]},
								"south": {"uv": [63, 29], "uv_size": [-7, -2]},
								"up": {"uv": [44, 61], "uv_size": [-7, 2]},
								"down": {"uv": [68, 53], "uv_size": [-7, -2]}
							}
						}
					]
				},
				{
					"name": "Left_Leg6",
					"parent": "Left_Leg5",
					"pivot": [14.33179, 5.09078, -1.00125],
					"rotation": [0, 0, 27.5]
				},
				{
					"name": "Left_Leg6A",
					"parent": "Left_Leg6",
					"pivot": [14.90819, 7.12789, -0.00125],
					"cubes": [
						{
							"origin": [14.0343, -1.82111, -1.99625],
							"size": [1.6, 6, 1.99],
							"uv": {
								"north": {"uv": [37, 64], "uv_size": [-2, 6]},
								"east": {"uv": [50, 65], "uv_size": [-2, 6]},
								"south": {"uv": [43, 64], "uv_size": [-2, 6]},
								"west": {"uv": [40, 64], "uv_size": [-2, 6]},
								"up": {"uv": [78, 52], "uv_size": [-2, 2]},
								"down": {"uv": [78, 76], "uv_size": [-2, -2]}
							}
						},
						{
							"origin": [15.53429, 4.91016, -1.99625],
							"size": [1, 2.75, 1.99],
							"pivot": [16.53429, 4.91016, -0.01125],
							"rotation": [0, 0, -36.25],
							"uv": {
								"north": {"uv": [18, 55], "uv_size": [-1, 3]},
								"east": {"uv": [19, 73], "uv_size": [-2, 3]},
								"south": {"uv": [18, 59], "uv_size": [-1, 3]},
								"west": {"uv": [8, 73], "uv_size": [-2, 3]},
								"up": {"uv": [63, 80], "uv_size": [-1, 2]},
								"down": {"uv": [65, 82], "uv_size": [-1, -2]}
							}
						},
						{
							"origin": [13.89008, -5.02139, -1.99625],
							"size": [1.6, 2, 1.99],
							"pivot": [15.49008, -3.02139, -0.01625],
							"rotation": [0, 0, 30],
							"uv": {
								"north": {"uv": [79, 4], "uv_size": [-2, 2]},
								"east": {"uv": [79, 10], "uv_size": [-2, 2]},
								"south": {"uv": [79, 7], "uv_size": [-2, 2]},
								"west": {"uv": [8, 77], "uv_size": [-2, 2]},
								"up": {"uv": [79, 13], "uv_size": [-2, 2]},
								"down": {"uv": [18, 79], "uv_size": [-2, -2]}
							}
						},
						{
							"origin": [14.70945, -2.78448, -2.00125],
							"size": [1.6, 8, 2],
							"pivot": [14.09246, 3.34766, -0.95625],
							"rotation": [0, 0, 7.5],
							"uv": {
								"north": {"uv": [55, 20], "uv_size": [-2, 8]},
								"east": {"uv": [16, 55], "uv_size": [-2, 8]},
								"south": {"uv": [53, 20], "uv_size": [2, 8]},
								"west": {"uv": [10, 55], "uv_size": [-2, 8]},
								"up": {"uv": [79, 16], "uv_size": [-2, 2]},
								"down": {"uv": [21, 79], "uv_size": [-2, -2]}
							}
						},
						{
							"origin": [12.90819, 4.12789, -2.00625],
							"size": [2, 3, 2.01],
							"pivot": [14.90819, 7.12789, -0.00125],
							"rotation": [0, 0, -20],
							"uv": {
								"north": {"uv": [22, 73], "uv_size": [-2, 3]},
								"east": {"uv": [31, 73], "uv_size": [-2, 3]},
								"south": {"uv": [20, 73], "uv_size": [2, 3]},
								"west": {"uv": [25, 73], "uv_size": [-2, 3]},
								"up": {"uv": [24, 77], "uv_size": [-2, 2]},
								"down": {"uv": [79, 24], "uv_size": [-2, -2]}
							}
						}
					]
				},
				{
					"name": "Left_Leg6B",
					"parent": "Left_Leg6",
					"pivot": [13.87577, 4.8536, -1.48125],
					"rotation": [0, 0, 12.5],
					"cubes": [
						{
							"origin": [15.00573, -2.43562, -1.425],
							"size": [1.25, 6, 1],
							"pivot": [15.69323, -0.93562, -1.4125],
							"rotation": [0, 0, -7.5],
							"uv": {
								"north": {"uv": [70, 94], "uv_size": [1, 6]},
								"east": {"uv": [69, 94], "uv_size": [1, 6]},
								"south": {"uv": [72, 94], "uv_size": [1, 6]},
								"west": {"uv": [71, 94], "uv_size": [1, 6]},
								"up": {"uv": [70, 93], "uv_size": [1, 1]},
								"down": {"uv": [71, 94], "uv_size": [1, -1]}
							}
						},
						{
							"origin": [12.7348, 4.5375, -1.54],
							"size": [3, 1.5, 1.28],
							"pivot": [14.9848, 6.7875, -1.4],
							"rotation": [0, 0, -40],
							"uv": {
								"north": {"uv": [106, 123], "uv_size": [3, 1]},
								"east": {"uv": [105, 123], "uv_size": [1, 1]},
								"south": {"uv": [110, 123], "uv_size": [3, 1]},
								"west": {"uv": [109, 123], "uv_size": [1, 1]},
								"up": {"uv": [106, 122], "uv_size": [3, 1]},
								"down": {"uv": [109, 123], "uv_size": [3, -1]}
							}
						},
						{
							"origin": [15.26525, -4.40198, -1.55],
							"size": [1.5, 10, 1.3],
							"pivot": [15.69323, 1.06438, -1.4125],
							"rotation": [0, 0, 2.5],
							"uv": {
								"north": {"uv": [52, 87], "uv_size": [1, 11]},
								"east": {"uv": [51, 87], "uv_size": [1, 11]},
								"south": {"uv": [54, 87], "uv_size": [1, 11]},
								"west": {"uv": [53, 87], "uv_size": [1, 11]},
								"up": {"uv": [52, 86], "uv_size": [1, 1]},
								"down": {"uv": [53, 87], "uv_size": [1, -1]}
							}
						},
						{
							"origin": [15.1474, 7.14777, -1.6],
							"size": [2, 3, 1.2],
							"pivot": [14.63884, 2.62809, -1.5],
							"rotation": [0, 0, -22.5],
							"uv": {
								"north": {"uv": [71, 114], "uv_size": [2, 4]},
								"east": {"uv": [70, 114], "uv_size": [1, 4]},
								"south": {"uv": [74, 114], "uv_size": [2, 4]},
								"west": {"uv": [73, 114], "uv_size": [1, 4]},
								"up": {"uv": [71, 113], "uv_size": [2, 1]},
								"down": {"uv": [73, 114], "uv_size": [2, -1]}
							}
						},
						{
							"origin": [13.61607, 2.59347, -2],
							"size": [3, 6, 2.2],
							"pivot": [14.63884, 3.62809, -1.5],
							"rotation": [0, 0, -15],
							"uv": {
								"north": {"uv": [93, 115], "uv_size": [3, 6]},
								"east": {"uv": [91, 115], "uv_size": [2, 6]},
								"south": {"uv": [99, 115], "uv_size": [3, 6]},
								"west": {"uv": [97, 115], "uv_size": [2, 6]},
								"up": {"uv": [93, 112], "uv_size": [3, 2]},
								"down": {"uv": [96, 115], "uv_size": [3, -3]}
							}
						}
					]
				},
				{
					"name": "Left_Leg3",
					"parent": "Left_Leg",
					"pivot": [8.34313, 5.47109, 5.99875],
					"rotation": [20.36057, -22.52101, -44.09531]
				},
				{
					"name": "Left_Leg3B",
					"parent": "Left_Leg3",
					"pivot": [8.5785, 6.95368, 5.15],
					"rotation": [0, 0, 37.5],
					"cubes": [
						{
							"origin": [6.58802, 7.77227, 5.275],
							"size": [6, 1.25, 1.4],
							"pivot": [11.08802, 9.97227, 5.15],
							"rotation": [0, 0, -50],
							"uv": {
								"north": {"uv": [97, 80], "uv_size": [6, 1]},
								"east": {"uv": [96, 80], "uv_size": [1, 1]},
								"south": {"uv": [104, 80], "uv_size": [6, 1]},
								"west": {"uv": [103, 80], "uv_size": [1, 1]},
								"up": {"uv": [97, 79], "uv_size": [6, 1]},
								"down": {"uv": [103, 80], "uv_size": [6, -1]}
							}
						},
						{
							"origin": [7.5785, 4.45368, 5.2],
							"size": [7, 1.75, 1.5],
							"pivot": [8.5785, 6.95368, 5.15],
							"rotation": [0, 0, -37.5],
							"uv": {
								"north": {"uv": [88, 96], "uv_size": [6, 2]},
								"east": {"uv": [87, 96], "uv_size": [1, 2]},
								"south": {"uv": [95, 96], "uv_size": [6, 2]},
								"west": {"uv": [94, 96], "uv_size": [1, 2]},
								"up": {"uv": [88, 95], "uv_size": [6, 1]},
								"down": {"uv": [94, 96], "uv_size": [6, -1]}
							}
						},
						{
							"origin": [12.66197, 8.71989, 5.265],
							"size": [2.30919, 1.6001, 1.42],
							"pivot": [14.17567, 9.51538, 5.65],
							"rotation": [0, 0, 7.5],
							"uv": {
								"north": {"uv": [88, 102], "uv_size": [6, 2]},
								"east": {"uv": [87, 102], "uv_size": [1, 2]},
								"south": {"uv": [95, 102], "uv_size": [6, 2]},
								"west": {"uv": [94, 102], "uv_size": [1, 2]},
								"up": {"uv": [88, 101], "uv_size": [6, 1]},
								"down": {"uv": [94, 102], "uv_size": [6, -1]}
							}
						}
					]
				},
				{
					"name": "Left_Leg3A",
					"parent": "Left_Leg3",
					"pivot": [0, 0, 0],
					"cubes": [
						{
							"origin": [7.84313, 4.47109, 5.19875],
							"size": [7, 2, 1.6],
							"uv": {
								"north": {"uv": [63, 29], "uv_size": [-7, -2]},
								"east": {"uv": [79, 19], "uv_size": [-2, 2]},
								"south": {"uv": [63, 29], "uv_size": [-7, -2]},
								"up": {"uv": [44, 61], "uv_size": [-7, 2]},
								"down": {"uv": [68, 53], "uv_size": [-7, -2]}
							}
						}
					]
				},
				{
					"name": "Left_Leg4",
					"parent": "Left_Leg3",
					"pivot": [14.33179, 5.09078, 5.99875],
					"rotation": [0, 0, 27.5]
				},
				{
					"name": "Left_Leg4A",
					"parent": "Left_Leg4",
					"pivot": [14.90819, 7.12789, 6.99875],
					"cubes": [
						{
							"origin": [14.0343, -1.82111, 5.00375],
							"size": [1.6, 6, 1.99],
							"uv": {
								"north": {"uv": [37, 64], "uv_size": [-2, 6]},
								"east": {"uv": [50, 65], "uv_size": [-2, 6]},
								"south": {"uv": [43, 64], "uv_size": [-2, 6]},
								"west": {"uv": [40, 64], "uv_size": [-2, 6]},
								"up": {"uv": [78, 52], "uv_size": [-2, 2]},
								"down": {"uv": [78, 76], "uv_size": [-2, -2]}
							}
						},
						{
							"origin": [15.53429, 4.91016, 5.00375],
							"size": [1, 2.75, 1.99],
							"pivot": [16.53429, 4.91016, 6.98875],
							"rotation": [0, 0, -36.25],
							"uv": {
								"north": {"uv": [18, 55], "uv_size": [-1, 3]},
								"east": {"uv": [19, 73], "uv_size": [-2, 3]},
								"south": {"uv": [18, 59], "uv_size": [-1, 3]},
								"west": {"uv": [8, 73], "uv_size": [-2, 3]},
								"up": {"uv": [63, 80], "uv_size": [-1, 2]},
								"down": {"uv": [65, 82], "uv_size": [-1, -2]}
							}
						},
						{
							"origin": [13.89008, -5.02139, 5.00375],
							"size": [1.6, 2, 1.99],
							"pivot": [15.49008, -3.02139, 6.98375],
							"rotation": [0, 0, 30],
							"uv": {
								"north": {"uv": [79, 4], "uv_size": [-2, 2]},
								"east": {"uv": [79, 10], "uv_size": [-2, 2]},
								"south": {"uv": [79, 7], "uv_size": [-2, 2]},
								"west": {"uv": [8, 77], "uv_size": [-2, 2]},
								"up": {"uv": [79, 13], "uv_size": [-2, 2]},
								"down": {"uv": [18, 79], "uv_size": [-2, -2]}
							}
						},
						{
							"origin": [14.70945, -2.78448, 4.99875],
							"size": [1.6, 8, 2],
							"pivot": [14.09246, 3.34766, 6.04375],
							"rotation": [0, 0, 7.5],
							"uv": {
								"north": {"uv": [55, 20], "uv_size": [-2, 8]},
								"east": {"uv": [16, 55], "uv_size": [-2, 8]},
								"south": {"uv": [53, 20], "uv_size": [2, 8]},
								"west": {"uv": [10, 55], "uv_size": [-2, 8]},
								"up": {"uv": [79, 16], "uv_size": [-2, 2]},
								"down": {"uv": [21, 79], "uv_size": [-2, -2]}
							}
						},
						{
							"origin": [12.90819, 4.12789, 4.99375],
							"size": [2, 3, 2.01],
							"pivot": [14.90819, 7.12789, 6.99875],
							"rotation": [0, 0, -20],
							"uv": {
								"north": {"uv": [22, 73], "uv_size": [-2, 3]},
								"east": {"uv": [31, 73], "uv_size": [-2, 3]},
								"south": {"uv": [20, 73], "uv_size": [2, 3]},
								"west": {"uv": [25, 73], "uv_size": [-2, 3]},
								"up": {"uv": [24, 77], "uv_size": [-2, 2]},
								"down": {"uv": [79, 24], "uv_size": [-2, -2]}
							}
						}
					]
				},
				{
					"name": "Left_Leg4B",
					"parent": "Left_Leg4",
					"pivot": [13.87577, 4.8536, 5.41875],
					"rotation": [0, 0, 12.5],
					"cubes": [
						{
							"origin": [15.00573, -2.43562, 5.475],
							"size": [1.25, 6, 1],
							"pivot": [15.69323, -0.93562, 5.4875],
							"rotation": [0, 0, -7.5],
							"uv": {
								"north": {"uv": [70, 94], "uv_size": [1, 6]},
								"east": {"uv": [69, 94], "uv_size": [1, 6]},
								"south": {"uv": [72, 94], "uv_size": [1, 6]},
								"west": {"uv": [71, 94], "uv_size": [1, 6]},
								"up": {"uv": [70, 93], "uv_size": [1, 1]},
								"down": {"uv": [71, 94], "uv_size": [1, -1]}
							}
						},
						{
							"origin": [12.7348, 4.5375, 5.36],
							"size": [3, 1.5, 1.28],
							"pivot": [14.9848, 6.7875, 5.5],
							"rotation": [0, 0, -40],
							"uv": {
								"north": {"uv": [106, 123], "uv_size": [3, 1]},
								"east": {"uv": [105, 123], "uv_size": [1, 1]},
								"south": {"uv": [110, 123], "uv_size": [3, 1]},
								"west": {"uv": [109, 123], "uv_size": [1, 1]},
								"up": {"uv": [106, 122], "uv_size": [3, 1]},
								"down": {"uv": [109, 123], "uv_size": [3, -1]}
							}
						},
						{
							"origin": [15.26525, -4.40198, 5.35],
							"size": [1.5, 10, 1.3],
							"pivot": [15.69323, 1.06438, 5.4875],
							"rotation": [0, 0, 2.5],
							"uv": {
								"north": {"uv": [52, 87], "uv_size": [1, 11]},
								"east": {"uv": [51, 87], "uv_size": [1, 11]},
								"south": {"uv": [54, 87], "uv_size": [1, 11]},
								"west": {"uv": [53, 87], "uv_size": [1, 11]},
								"up": {"uv": [52, 86], "uv_size": [1, 1]},
								"down": {"uv": [53, 87], "uv_size": [1, -1]}
							}
						},
						{
							"origin": [15.1474, 7.14777, 5.3],
							"size": [2, 3, 1.2],
							"pivot": [14.63884, 2.62809, 5.4],
							"rotation": [0, 0, -22.5],
							"uv": {
								"north": {"uv": [71, 114], "uv_size": [2, 4]},
								"east": {"uv": [70, 114], "uv_size": [1, 4]},
								"south": {"uv": [74, 114], "uv_size": [2, 4]},
								"west": {"uv": [73, 114], "uv_size": [1, 4]},
								"up": {"uv": [71, 113], "uv_size": [2, 1]},
								"down": {"uv": [73, 114], "uv_size": [2, -1]}
							}
						},
						{
							"origin": [13.61607, 2.59347, 4.9],
							"size": [3, 6, 2.2],
							"pivot": [14.63884, 3.62809, 5.4],
							"rotation": [0, 0, -15],
							"uv": {
								"north": {"uv": [93, 115], "uv_size": [3, 6]},
								"east": {"uv": [91, 115], "uv_size": [2, 6]},
								"south": {"uv": [99, 115], "uv_size": [3, 6]},
								"west": {"uv": [97, 115], "uv_size": [2, 6]},
								"up": {"uv": [93, 112], "uv_size": [3, 2]},
								"down": {"uv": [96, 115], "uv_size": [3, -3]}
							}
						}
					]
				},
				{
					"name": "molang",
					"parent": "AllRoot",
					"pivot": [0, 0, 0]
				}
			]
		}
	]
}