{
	"format_version": "1.12.0",
	"minecraft:geometry": [
		{
			"description": {
				"identifier": "geometry.default",
				"texture_width": 128,
				"texture_height": 128,
				"visible_bounds_width": 5,
				"visible_bounds_height": 4.5,
				"visible_bounds_offset": [0, 1.75, 0]
			},
			"bones": [
				{
					"name": "LeftArm",
					"pivot": [2.8224, 14.8992, 0],
					"cubes": [
						{
							"origin": [1.88142, 21.06829, -1.456],
							"size": [1.309, 4.48, 2.8472],
							"pivot": [2.57342, 23.50669, 0.0176],
							"rotation": [0, 0, 8],
							"uv": {
								"north": {"uv": [20, 85], "uv_size": [1.5, 4.5]},
								"east": {"uv": [41, 67], "uv_size": [3, 4.5]},
								"south": {"uv": [22, 85], "uv_size": [1.5, 4.5]},
								"west": {"uv": [30, 68], "uv_size": [3, 4.5]},
								"up": {"uv": [9, 90], "uv_size": [1.5, 3]},
								"down": {"uv": [11, 93], "uv_size": [1.5, -3]}
							}
						},
						{
							"origin": [2.54251, 20.93472, -1.475],
							"size": [1.325, 4.7, 2.875],
							"pivot": [3.96751, 22.90972, 0.025],
							"rotation": [0, 0, -9],
							"uv": {
								"north": {"uv": [24, 85], "uv_size": [1.5, 4.5]},
								"east": {"uv": [35, 70], "uv_size": [3, 4.5]},
								"south": {"uv": [26, 85], "uv_size": [1.5, 4.5]},
								"west": {"uv": [38, 70], "uv_size": [3, 4.5]},
								"up": {"uv": [20, 90], "uv_size": [1.5, 3]},
								"down": {"uv": [22, 93], "uv_size": [1.5, -3]}
							}
						}
					]
				},
				{
					"name": "LeftForeArm",
					"parent": "LeftArm",
					"pivot": [2.57342, 10.94229, 0.0176],
					"cubes": [
						{
							"origin": [1.85182, 20.5649, -0.30433],
							"size": [1.496, 1.4784, 1.4784],
							"pivot": [2.85502, 21.7449, 0.06447],
							"rotation": [-45, 0, 0],
							"uv": {
								"north": {"uv": [27, 93], "uv_size": [1.5, 1.5]},
								"east": {"uv": [32, 93], "uv_size": [1.5, 1.5]},
								"south": {"uv": [51, 93], "uv_size": [1.5, 1.5]},
								"west": {"uv": [93, 53], "uv_size": [1.5, 1.5]},
								"up": {"uv": [93, 55], "uv_size": [1.5, 1.5]},
								"down": {"uv": [93, 58.5], "uv_size": [1.5, -1.5]}
							}
						},
						{
							"origin": [1.25693, 17.02982, -1.456],
							"size": [2.1664, 4.0582, 2.812],
							"pivot": [2.04013, 19.28392, -0.05],
							"rotation": [0, 0, 9],
							"uv": {
								"north": {"uv": [36, 81], "uv_size": [2, 4]},
								"east": {"uv": [17, 72], "uv_size": [3, 4]},
								"south": {"uv": [64, 81], "uv_size": [2, 4]},
								"west": {"uv": [72, 19], "uv_size": [3, 4]},
								"up": {"uv": [30, 46], "uv_size": [2, 3]},
								"down": {"uv": [42, 67], "uv_size": [2, -3]}
							}
						},
						{
							"origin": [2.62851, 17.01177, -1.45],
							"size": [1.9414, 4.0832, 2.787],
							"pivot": [3.78671, 19.01587, -0.069],
							"rotation": [0, 0, -12],
							"uv": {
								"north": {"uv": [74, 81], "uv_size": [2, 4]},
								"east": {"uv": [28, 73], "uv_size": [3, 4]},
								"south": {"uv": [76, 81], "uv_size": [2, 4]},
								"west": {"uv": [31, 73], "uv_size": [3, 4]},
								"up": {"uv": [62, 86], "uv_size": [2, 3]},
								"down": {"uv": [87, 9], "uv_size": [2, -3]}
							}
						},
						{
							"origin": [3.71594, 18.42726, -0.96832],
							"size": [1.27919, 0.74772, 1.2133],
							"pivot": [4.67258, 18.8244, -0.01414],
							"rotation": [0.00882, 45.98481, -99.34216],
							"uv": {
								"north": {"uv": [97, 59], "uv_size": [1.5, 0.5]},
								"east": {"uv": [98, 63], "uv_size": [1, 0.5]},
								"south": {"uv": [97, 66], "uv_size": [1.5, 0.5]},
								"west": {"uv": [98, 64], "uv_size": [1, 0.5]},
								"up": {"uv": [68, 95], "uv_size": [1.5, 1]},
								"down": {"uv": [95, 69], "uv_size": [1.5, -1]}
							}
						},
						{
							"origin": [3.28668, 18.47376, -0.71646],
							"size": [1.27919, 0.74772, 1.2133],
							"pivot": [4.67258, 18.8244, -0.01414],
							"rotation": [179.99148, 44.01519, 80.64558],
							"uv": {
								"north": {"uv": [97, 43], "uv_size": [1.5, 0.5]},
								"east": {"uv": [98, 61], "uv_size": [1, 0.5]},
								"south": {"uv": [97, 46], "uv_size": [1.5, 0.5]},
								"west": {"uv": [98, 62], "uv_size": [1, 0.5]},
								"up": {"uv": [65, 95], "uv_size": [1.5, 1]},
								"down": {"uv": [95, 66], "uv_size": [1.5, -1]}
							}
						},
						{
							"origin": [4.76811, 18.45051, -0.70527],
							"size": [1.27919, 0.74772, 1.2133],
							"pivot": [4.67258, 18.8244, -0.01414],
							"rotation": [0.00882, 45.98481, -99.34216],
							"uv": {
								"north": {"uv": [97, 21], "uv_size": [1.5, 0.5]},
								"east": {"uv": [98, 58], "uv_size": [1, 0.5]},
								"south": {"uv": [97, 34], "uv_size": [1.5, 0.5]},
								"west": {"uv": [98, 60], "uv_size": [1, 0.5]},
								"up": {"uv": [63, 95], "uv_size": [1.5, 1]},
								"down": {"uv": [95, 65], "uv_size": [1.5, -1]}
							}
						},
						{
							"origin": [0.79902, 16.75949, -1.6634],
							"size": [4.2664, 1.608, 3.212],
							"uv": {
								"north": {"uv": [84, 61], "uv_size": [4.5, 1.5]},
								"east": {"uv": [90, 21], "uv_size": [3, 1.5]},
								"south": {"uv": [85, 19], "uv_size": [4.5, 1.5]},
								"west": {"uv": [24, 90], "uv_size": [3, 1.5]},
								"up": {"uv": [70, 42], "uv_size": [4.5, 3]},
								"down": {"uv": [70, 69], "uv_size": [4.5, -3]}
							}
						}
					]
				},
				{
					"name": "LeftHand",
					"parent": "LeftForeArm",
					"pivot": [2.52542, 7.12469, 0.0176],
					"cubes": [
						{
							"origin": [1.79902, 16.76349, -1.1792],
							"size": [1.3552, 1.4784, 1.408],
							"pivot": [-0.15458, 16.83389, -0.4048],
							"rotation": [-45, 0, 0],
							"uv": {
								"north": {"uv": [93, 60], "uv_size": [1.5, 1.5]},
								"east": {"uv": [93, 62], "uv_size": [1.5, 1.5]},
								"south": {"uv": [93, 64], "uv_size": [1.5, 1.5]},
								"west": {"uv": [65, 93], "uv_size": [1.5, 1.5]},
								"up": {"uv": [93, 68], "uv_size": [1.5, 1.5]},
								"down": {"uv": [70, 94.5], "uv_size": [1.5, -1.5]}
							}
						},
						{
							"origin": [1.49902, 15.75949, -1.3634],
							"size": [2.8664, 1.708, 2.612],
							"uv": {
								"north": {"uv": [90, 17], "uv_size": [3, 1.5]},
								"east": {"uv": [76, 90], "uv_size": [2.5, 1.5]},
								"south": {"uv": [90, 19], "uv_size": [3, 1.5]},
								"west": {"uv": [90, 80], "uv_size": [2.5, 1.5]},
								"up": {"uv": [71, 83], "uv_size": [3, 2.5]},
								"down": {"uv": [83, 79.5], "uv_size": [3, -2.5]}
							}
						}
					]
				},
				{
					"name": "LeftHandLocator",
					"parent": "LeftHand",
					"pivot": [2.92542, 4.72069, 0.0176]
				},
				{
					"name": "RightArm",
					"pivot": [-2.9752, 14.4492, 0],
					"cubes": [
						{
							"origin": [-3.86751, 20.93472, -1.475],
							"size": [1.325, 4.7, 2.875],
							"pivot": [-3.96751, 22.90972, 0.025],
							"rotation": [0, 0, 9],
							"uv": {
								"north": {"uv": [28, 85], "uv_size": [1.5, 4.5]},
								"east": {"uv": [71, 14], "uv_size": [3, 4.5]},
								"south": {"uv": [36, 85], "uv_size": [1.5, 4.5]},
								"west": {"uv": [71, 27], "uv_size": [3, 4.5]},
								"up": {"uv": [90, 26], "uv_size": [1.5, 3]},
								"down": {"uv": [27, 93], "uv_size": [1.5, -3]}
							}
						},
						{
							"origin": [-3.19042, 21.06829, -1.456],
							"size": [1.309, 4.48, 2.8472],
							"pivot": [-2.57342, 23.50669, 0.0176],
							"rotation": [0, 0, -8],
							"uv": {
								"north": {"uv": [64, 85], "uv_size": [1.5, 4.5]},
								"east": {"uv": [71, 37], "uv_size": [3, 4.5]},
								"south": {"uv": [74, 85], "uv_size": [1.5, 4.5]},
								"west": {"uv": [52, 71], "uv_size": [3, 4.5]},
								"up": {"uv": [90, 31], "uv_size": [1.5, 3]},
								"down": {"uv": [32, 93], "uv_size": [1.5, -3]}
							}
						}
					]
				},
				{
					"name": "RightForeArm",
					"parent": "RightArm",
					"pivot": [-2.90045, 10.70899, 0.0176],
					"cubes": [
						{
							"origin": [-4.56991, 17.01177, -1.45],
							"size": [1.9414, 4.0832, 2.787],
							"pivot": [-3.78671, 19.01587, -0.069],
							"rotation": [0, 0, 12],
							"uv": {
								"north": {"uv": [78, 81], "uv_size": [2, 4]},
								"east": {"uv": [73, 45], "uv_size": [3, 4]},
								"south": {"uv": [81, 78], "uv_size": [2, 4]},
								"west": {"uv": [74, 14], "uv_size": [3, 4]},
								"up": {"uv": [9, 87], "uv_size": [2, 3]},
								"down": {"uv": [11, 90], "uv_size": [2, -3]}
							}
						},
						{
							"origin": [-6.0473, 18.45051, -0.70527],
							"size": [1.27919, 0.74772, 1.2133],
							"pivot": [-4.67258, 18.8244, -0.01414],
							"rotation": [0.00882, -45.98481, 99.34216],
							"uv": {
								"north": {"uv": [97, 70], "uv_size": [1.5, 0.5]},
								"east": {"uv": [69, 98], "uv_size": [1, 0.5]},
								"south": {"uv": [71, 97], "uv_size": [1.5, 0.5]},
								"west": {"uv": [70, 98], "uv_size": [1, 0.5]},
								"up": {"uv": [73, 95], "uv_size": [1.5, 1]},
								"down": {"uv": [95, 75], "uv_size": [1.5, -1]}
							}
						},
						{
							"origin": [-4.56587, 18.47376, -0.71646],
							"size": [1.27919, 0.74772, 1.2133],
							"pivot": [-4.67258, 18.8244, -0.01414],
							"rotation": [179.99148, -44.01519, -80.64558],
							"uv": {
								"north": {"uv": [69, 97], "uv_size": [1.5, 0.5]},
								"east": {"uv": [67, 98], "uv_size": [1, 0.5]},
								"south": {"uv": [97, 69], "uv_size": [1.5, 0.5]},
								"west": {"uv": [68, 98], "uv_size": [1, 0.5]},
								"up": {"uv": [95, 70], "uv_size": [1.5, 1]},
								"down": {"uv": [95, 72], "uv_size": [1.5, -1]}
							}
						},
						{
							"origin": [-4.99513, 18.42726, -0.96832],
							"size": [1.27919, 0.74772, 1.2133],
							"pivot": [-4.67258, 18.8244, -0.01414],
							"rotation": [0.00882, -45.98481, 99.34216],
							"uv": {
								"north": {"uv": [97, 67], "uv_size": [1.5, 0.5]},
								"east": {"uv": [98, 65], "uv_size": [1, 0.5]},
								"south": {"uv": [97, 68], "uv_size": [1.5, 0.5]},
								"west": {"uv": [66, 98], "uv_size": [1, 0.5]},
								"up": {"uv": [95, 69], "uv_size": [1.5, 1]},
								"down": {"uv": [70, 96], "uv_size": [1.5, -1]}
							}
						},
						{
							"origin": [-3.42333, 17.02982, -1.456],
							"size": [2.1664, 4.0582, 2.812],
							"pivot": [-2.04013, 19.28392, -0.05],
							"rotation": [0, 0, -9],
							"uv": {
								"north": {"uv": [5, 82], "uv_size": [2, 4]},
								"east": {"uv": [74, 23], "uv_size": [3, 4]},
								"south": {"uv": [7, 82], "uv_size": [2, 4]},
								"west": {"uv": [74, 27], "uv_size": [3, 4]},
								"up": {"uv": [13, 87], "uv_size": [2, 3]},
								"down": {"uv": [17, 90], "uv_size": [2, -3]}
							}
						},
						{
							"origin": [-3.34782, 20.5649, -0.30433],
							"size": [1.496, 1.4784, 1.4784],
							"pivot": [-2.85502, 21.7449, 0.06447],
							"rotation": [-45, 0, 0],
							"uv": {
								"north": {"uv": [77, 93], "uv_size": [1.5, 1.5]},
								"east": {"uv": [93, 80], "uv_size": [1.5, 1.5]},
								"south": {"uv": [81, 93], "uv_size": [1.5, 1.5]},
								"west": {"uv": [83, 93], "uv_size": [1.5, 1.5]},
								"up": {"uv": [93, 83], "uv_size": [1.5, 1.5]},
								"down": {"uv": [85, 94.5], "uv_size": [1.5, -1.5]}
							}
						},
						{
							"origin": [-5.06542, 16.75949, -1.6634],
							"size": [4.2664, 1.608, 3.212],
							"uv": {
								"north": {"uv": [85, 21], "uv_size": [4.5, 1.5]},
								"east": {"uv": [90, 39], "uv_size": [3, 1.5]},
								"south": {"uv": [85, 33], "uv_size": [4.5, 1.5]},
								"west": {"uv": [90, 42], "uv_size": [3, 1.5]},
								"up": {"uv": [71, 7], "uv_size": [4.5, 3]},
								"down": {"uv": [55, 74], "uv_size": [4.5, -3]}
							}
						}
					]
				},
				{
					"name": "RightHand",
					"parent": "RightForeArm",
					"pivot": [-2.85245, 6.90899, 0.0176]
				},
				{
					"name": "RightHandLocator",
					"parent": "RightHand",
					"pivot": [3.25245, 3.30499, 0.0176],
					"cubes": [
						{
							"origin": [-4.36542, 15.75949, -1.3634],
							"size": [2.8664, 1.708, 2.612],
							"uv": {
								"north": {"uv": [90, 47], "uv_size": [3, 1.5]},
								"east": {"uv": [65, 91], "uv_size": [2.5, 1.5]},
								"south": {"uv": [48, 90], "uv_size": [3, 1.5]},
								"west": {"uv": [91, 66], "uv_size": [2.5, 1.5]},
								"up": {"uv": [84, 55], "uv_size": [3, 2.5]},
								"down": {"uv": [84, 60.5], "uv_size": [3, -2.5]}
							}
						},
						{
							"origin": [-3.15422, 16.76349, -1.1792],
							"size": [1.3552, 1.4784, 1.408],
							"pivot": [0.15458, 16.83389, -0.4048],
							"rotation": [-45, 0, 0],
							"uv": {
								"north": {"uv": [93, 85], "uv_size": [1.5, 1.5]},
								"east": {"uv": [93, 87], "uv_size": [1.5, 1.5]},
								"south": {"uv": [89, 93], "uv_size": [1.5, 1.5]},
								"west": {"uv": [91, 93], "uv_size": [1.5, 1.5]},
								"up": {"uv": [93, 91], "uv_size": [1.5, 1.5]},
								"down": {"uv": [93, 94.5], "uv_size": [1.5, -1.5]}
							}
						}
					]
				}
			]
		}
	]
}