{
	"format_version": "1.12.0",
	"minecraft:geometry": [
		{
			"description": {
				"identifier": "geometry.unknown",
				"texture_width": 64,
				"texture_height": 64,
				"visible_bounds_width": 2,
				"visible_bounds_height": 1.5,
				"visible_bounds_offset": [0, 0.25, 0]
			},
			"bones": [
				{
					"name": "RightArm",
					"pivot": [0, 0, 0],
					"cubes": [
						{
							"origin": [-2, 0, -2],
							"size": [4, 4, 4],
							"uv": {
								"north": {"uv": [25, 10], "uv_size": [4, 4]},
								"east": {"uv": [15, 25], "uv_size": [4, 4]},
								"south": {"uv": [25, 15], "uv_size": [4, 4]},
								"west": {"uv": [20, 25], "uv_size": [4, 4]},
								"up": {"uv": [25, 20], "uv_size": [4, 4]},
								"down": {"uv": [25, 29], "uv_size": [4, -4]}
							}
						}
					]
				}
			]
		}
	]
}