{
	"format_version": "1.12.0",
	"minecraft:geometry": [
		{
			"description": {
				"identifier": "geometry.unknown",
				"texture_width": 128,
				"texture_height": 128,
				"visible_bounds_width": 3,
				"visible_bounds_height": 5.5,
				"visible_bounds_offset": [0, 2.25, 0]
			},
			"bones": [
				{
					"name": "LeftArm",
					"pivot": [2.25, 29, 0],
					"cubes": [
						{
							"origin": [0.62434, 22.53992, -1.25],
							"size": [2.5, 7, 2.5],
							"uv": {
								"north": {"uv": [38, 47], "uv_size": [3, 7]},
								"east": {"uv": [47, 44], "uv_size": [3, 7]},
								"south": {"uv": [12, 48], "uv_size": [3, 7]},
								"west": {"uv": [15, 48], "uv_size": [3, 7]},
								"up": {"uv": [61, 45], "uv_size": [3, 3]},
								"down": {"uv": [46, 64], "uv_size": [3, -3]}
							}
						},
						{
							"origin": [0.52566, 24.53992, -1.35],
							"size": [2.7, 1, 2.7],
							"uv": {
								"north": {"uv": [76, 17], "uv_size": [3, 1]},
								"east": {"uv": [76, 18], "uv_size": [3, 1]},
								"south": {"uv": [76, 23], "uv_size": [3, 1]},
								"west": {"uv": [76, 24], "uv_size": [3, 1]},
								"up": {"uv": [77, 4], "uv_size": [3, 3]},
								"down": {"uv": [16, 80], "uv_size": [3, -3]}
							}
						},
						{
							"origin": [0.87434, 21.79494, -0.75],
							"size": [2, 1.5, 1.5],
							"pivot": [1.87434, 22.54494, 0],
							"rotation": [-45, 0, 0],
							"uv": {
								"north": {"uv": [23, 73], "uv_size": [2, 2]},
								"east": {"uv": [73, 26], "uv_size": [2, 2]},
								"south": {"uv": [73, 40], "uv_size": [2, 2]},
								"west": {"uv": [45, 73], "uv_size": [2, 2]},
								"up": {"uv": [53, 73], "uv_size": [2, 2]},
								"down": {"uv": [55, 75], "uv_size": [2, -2]}
							}
						}
					]
				},
				{
					"name": "left_sleeve",
					"parent": "LeftArm",
					"pivot": [2.25, 29, 0]
				},
				{
					"name": "left_left_sleeve",
					"parent": "left_sleeve",
					"pivot": [3.26587, 30.09088, 0.01],
					"rotation": [0, 0, -15],
					"cubes": [
						{
							"origin": [1.88993, 26.58491, -1.24059],
							"size": [1.1, 3, 2.52],
							"uv": {
								"north": {"uv": [70, 21], "uv_size": [1, 3]},
								"east": {"uv": [86, 74], "uv_size": [3, 3]},
								"south": {"uv": [70, 31], "uv_size": [1, 3]},
								"west": {"uv": [86, 77], "uv_size": [3, 3]},
								"up": {"uv": [73, 56], "uv_size": [1, 3]},
								"down": {"uv": [73, 62], "uv_size": [1, -3]}
							}
						}
					]
				},
				{
					"name": "left_left_sleeve_1",
					"parent": "left_left_sleeve",
					"pivot": [3.26587, 27.11588, 0.01],
					"rotation": [0, 0, 47.5],
					"cubes": [
						{
							"origin": [2.37092, 24.55372, -1.24159],
							"size": [1.1, 2, 2.522],
							"uv": {
								"north": {"uv": [69, 34], "uv_size": [1, 2]},
								"east": {"uv": [27, 70], "uv_size": [3, 2]},
								"south": {"uv": [70, 9], "uv_size": [1, 2]},
								"west": {"uv": [19, 73], "uv_size": [3, 2]},
								"up": {"uv": [73, 65], "uv_size": [1, 3]},
								"down": {"uv": [74, 16], "uv_size": [1, -3]}
							}
						}
					]
				},
				{
					"name": "left_right_sleeve",
					"parent": "left_sleeve",
					"pivot": [0.73413, 30.09088, 0.01],
					"rotation": [0, 0, 15],
					"cubes": [
						{
							"origin": [0.76065, 26.51808, -1.24059],
							"size": [1.1, 3, 2.52],
							"uv": {
								"north": {"uv": [69, 31], "uv_size": [1, 3]},
								"east": {"uv": [45, 77], "uv_size": [3, 3]},
								"south": {"uv": [69, 65], "uv_size": [1, 3]},
								"west": {"uv": [74, 86], "uv_size": [3, 3]},
								"up": {"uv": [69, 68], "uv_size": [1, 3]},
								"down": {"uv": [70, 21], "uv_size": [1, -3]}
							}
						}
					]
				},
				{
					"name": "right_left_sleeve_1",
					"parent": "left_right_sleeve",
					"pivot": [0.73413, 27.11588, 0.01],
					"rotation": [0, 0, -47.5],
					"cubes": [
						{
							"origin": [0.3113, 24.69246, -1.24159],
							"size": [1.1, 2, 2.522],
							"uv": {
								"north": {"uv": [70, 34], "uv_size": [1, 2]},
								"east": {"uv": [57, 73], "uv_size": [3, 2]},
								"south": {"uv": [71, 25], "uv_size": [1, 2]},
								"west": {"uv": [7, 74], "uv_size": [3, 2]},
								"up": {"uv": [74, 16], "uv_size": [1, 3]},
								"down": {"uv": [74, 59], "uv_size": [1, -3]}
							}
						}
					]
				},
				{
					"name": "left_front_sleeve",
					"parent": "left_sleeve",
					"pivot": [2.00345, 30.19666, -1.24],
					"rotation": [-15, 0, 0],
					"cubes": [
						{
							"origin": [0.62434, 26.55971, -1.07968],
							"size": [2.5, 3, 1.1],
							"uv": {
								"north": {"uv": [86, 80], "uv_size": [3, 3]},
								"east": {"uv": [74, 59], "uv_size": [1, 3]},
								"south": {"uv": [82, 86], "uv_size": [3, 3]},
								"west": {"uv": [74, 65], "uv_size": [1, 3]},
								"up": {"uv": [69, 45], "uv_size": [3, 1]},
								"down": {"uv": [0, 71], "uv_size": [3, -1]}
							}
						}
					]
				},
				{
					"name": "left_front_sleeve_1",
					"parent": "left_front_sleeve",
					"pivot": [2.00345, 27.12166, -1.24],
					"rotation": [47.5, 0, 0],
					"cubes": [
						{
							"origin": [0.62339, 24.62382, -1.546],
							"size": [2.502, 2, 1.1],
							"uv": {
								"north": {"uv": [8, 78], "uv_size": [3, 2]},
								"east": {"uv": [22, 73], "uv_size": [1, 2]},
								"south": {"uv": [7, 82], "uv_size": [3, 2]},
								"west": {"uv": [60, 73], "uv_size": [1, 2]},
								"up": {"uv": [38, 74], "uv_size": [3, 1]},
								"down": {"uv": [37, 78], "uv_size": [3, -1]}
							}
						}
					]
				},
				{
					"name": "left_back_sleeve",
					"parent": "left_sleeve",
					"pivot": [2.00345, 30.19666, 1.24],
					"rotation": [15, 0, 0],
					"cubes": [
						{
							"origin": [0.62434, 26.55484, -0.00214],
							"size": [2.5, 3, 1.1],
							"uv": {
								"north": {"uv": [86, 83], "uv_size": [3, 3]},
								"east": {"uv": [75, 13], "uv_size": [1, 3]},
								"south": {"uv": [85, 86], "uv_size": [3, 3]},
								"west": {"uv": [75, 16], "uv_size": [1, 3]},
								"up": {"uv": [12, 82], "uv_size": [3, 1]},
								"down": {"uv": [87, 3], "uv_size": [3, -1]}
							}
						}
					]
				},
				{
					"name": "left_back_sleeve_1",
					"parent": "left_back_sleeve",
					"pivot": [2.00345, 27.12166, 1.24],
					"rotation": [-47.5, 0, 0],
					"cubes": [
						{
							"origin": [0.62339, 24.63393, 0.46188],
							"size": [2.502, 2, 1.1],
							"uv": {
								"north": {"uv": [0, 87], "uv_size": [3, 2]},
								"east": {"uv": [68, 73], "uv_size": [1, 2]},
								"south": {"uv": [87, 0], "uv_size": [3, 2]},
								"west": {"uv": [69, 73], "uv_size": [1, 2]},
								"up": {"uv": [3, 87], "uv_size": [3, 1]},
								"down": {"uv": [87, 4], "uv_size": [3, -1]}
							}
						}
					]
				},
				{
					"name": "LeftForeArm",
					"parent": "LeftArm",
					"pivot": [2, 22.5, 0],
					"cubes": [
						{
							"origin": [0.62434, 15.53992, -1.25],
							"size": [2.5, 7, 2.5],
							"uv": {
								"north": {"uv": [21, 48], "uv_size": [3, 7]},
								"east": {"uv": [24, 48], "uv_size": [3, 7]},
								"south": {"uv": [49, 6], "uv_size": [3, 7]},
								"west": {"uv": [49, 13], "uv_size": [3, 7]},
								"up": {"uv": [61, 48], "uv_size": [3, 3]},
								"down": {"uv": [61, 54], "uv_size": [3, -3]}
							}
						},
						{
							"origin": [0.52566, 17.53992, -1.35],
							"size": [2.7, 1, 2.7],
							"uv": {
								"north": {"uv": [77, 38], "uv_size": [3, 1]},
								"east": {"uv": [77, 39], "uv_size": [3, 1]},
								"south": {"uv": [77, 46], "uv_size": [3, 1]},
								"west": {"uv": [77, 47], "uv_size": [3, 1]},
								"up": {"uv": [61, 54], "uv_size": [3, 3]},
								"down": {"uv": [59, 64], "uv_size": [3, -3]}
							}
						}
					]
				},
				{
					"name": "LeftHandLocator",
					"parent": "LeftForeArm",
					"pivot": [1.87566, 17.0399, 0]
				},
				{
					"name": "RightArm",
					"pivot": [-2.25, 29, 0],
					"cubes": [
						{
							"origin": [-3.12434, 22.53992, -1.25],
							"size": [2.5, 7, 2.5],
							"uv": {
								"north": {"uv": [49, 20], "uv_size": [3, 7]},
								"east": {"uv": [41, 49], "uv_size": [3, 7]},
								"south": {"uv": [50, 44], "uv_size": [3, 7]},
								"west": {"uv": [18, 51], "uv_size": [3, 7]},
								"up": {"uv": [62, 2], "uv_size": [3, 3]},
								"down": {"uv": [16, 65], "uv_size": [3, -3]}
							}
						},
						{
							"origin": [-3.22566, 24.53992, -1.35],
							"size": [2.7, 1, 2.7],
							"uv": {
								"north": {"uv": [76, 32], "uv_size": [3, 1]},
								"east": {"uv": [76, 52], "uv_size": [3, 1]},
								"south": {"uv": [76, 53], "uv_size": [3, 1]},
								"west": {"uv": [6, 77], "uv_size": [3, 1]},
								"up": {"uv": [77, 28], "uv_size": [3, 3]},
								"down": {"uv": [6, 89], "uv_size": [3, -3]}
							}
						},
						{
							"origin": [-2.87434, 21.79494, -0.75],
							"size": [2, 1.5, 1.5],
							"pivot": [-1.87434, 22.54494, 0],
							"rotation": [-45, 0, 0],
							"uv": {
								"north": {"uv": [73, 69], "uv_size": [2, 2]},
								"east": {"uv": [70, 73], "uv_size": [2, 2]},
								"south": {"uv": [72, 73], "uv_size": [2, 2]},
								"west": {"uv": [0, 74], "uv_size": [2, 2]},
								"up": {"uv": [74, 0], "uv_size": [2, 2]},
								"down": {"uv": [74, 4], "uv_size": [2, -2]}
							}
						}
					]
				},
				{
					"name": "right_sleeve",
					"parent": "RightArm",
					"pivot": [-2.25, 29, 0]
				},
				{
					"name": "right_left_sleeve",
					"parent": "right_sleeve",
					"pivot": [-3.26587, 30.09088, 0.01],
					"rotation": [0, 0, 15],
					"cubes": [
						{
							"origin": [-2.98993, 26.58491, -1.24059],
							"size": [1.1, 3, 2.52],
							"uv": {
								"north": {"uv": [16, 55], "uv_size": [1, 3]},
								"east": {"uv": [67, 8], "uv_size": [3, 3]},
								"south": {"uv": [17, 55], "uv_size": [1, 3]},
								"west": {"uv": [15, 67], "uv_size": [3, 3]},
								"up": {"uv": [67, 11], "uv_size": [1, 3]},
								"down": {"uv": [18, 70], "uv_size": [1, -3]}
							}
						}
					]
				},
				{
					"name": "left_left_sleeve_2",
					"parent": "right_left_sleeve",
					"pivot": [-3.26587, 27.11588, 0.01],
					"rotation": [0, 0, -47.5],
					"cubes": [
						{
							"origin": [-3.47092, 24.55372, -1.24159],
							"size": [1.1, 2, 2.522],
							"uv": {
								"north": {"uv": [68, 68], "uv_size": [1, 2]},
								"east": {"uv": [3, 67], "uv_size": [3, 2]},
								"south": {"uv": [3, 69], "uv_size": [1, 2]},
								"west": {"uv": [10, 67], "uv_size": [3, 2]},
								"up": {"uv": [27, 67], "uv_size": [1, 3]},
								"down": {"uv": [28, 70], "uv_size": [1, -3]}
							}
						}
					]
				},
				{
					"name": "left_right_sleeve2",
					"parent": "right_sleeve",
					"pivot": [-0.73413, 30.09088, 0.01],
					"rotation": [0, 0, -15],
					"cubes": [
						{
							"origin": [-1.86065, 26.51808, -1.24059],
							"size": [1.1, 3, 2.52],
							"uv": {
								"north": {"uv": [32, 35], "uv_size": [1, 3]},
								"east": {"uv": [0, 67], "uv_size": [3, 3]},
								"south": {"uv": [33, 35], "uv_size": [1, 3]},
								"west": {"uv": [67, 5], "uv_size": [3, 3]},
								"up": {"uv": [49, 0], "uv_size": [1, 3]},
								"down": {"uv": [50, 3], "uv_size": [1, -3]}
							}
						}
					]
				},
				{
					"name": "right_left_sleeve_2",
					"parent": "left_right_sleeve2",
					"pivot": [-0.73413, 27.11588, 0.01],
					"rotation": [0, 0, 47.5],
					"cubes": [
						{
							"origin": [-1.4113, 24.69246, -1.24159],
							"size": [1.1, 2, 2.522],
							"uv": {
								"north": {"uv": [4, 69], "uv_size": [1, 2]},
								"east": {"uv": [67, 40], "uv_size": [3, 2]},
								"south": {"uv": [10, 69], "uv_size": [1, 2]},
								"west": {"uv": [68, 14], "uv_size": [3, 2]},
								"up": {"uv": [68, 11], "uv_size": [1, 3]},
								"down": {"uv": [13, 71], "uv_size": [1, -3]}
							}
						}
					]
				},
				{
					"name": "right_front_sleeve",
					"parent": "right_sleeve",
					"pivot": [-2.00345, 30.19666, -1.24],
					"rotation": [-15, 0, 0],
					"cubes": [
						{
							"origin": [-3.12434, 26.55971, -1.07968],
							"size": [2.5, 3, 1.1],
							"uv": {
								"north": {"uv": [20, 68], "uv_size": [3, 3]},
								"east": {"uv": [14, 68], "uv_size": [1, 3]},
								"south": {"uv": [68, 46], "uv_size": [3, 3]},
								"west": {"uv": [23, 68], "uv_size": [1, 3]},
								"up": {"uv": [68, 55], "uv_size": [3, 1]},
								"down": {"uv": [69, 17], "uv_size": [3, -1]}
							}
						}
					]
				},
				{
					"name": "right_front_sleeve_1",
					"parent": "right_front_sleeve",
					"pivot": [-2.00345, 27.12166, -1.24],
					"rotation": [47.5, 0, 0],
					"cubes": [
						{
							"origin": [-3.12539, 24.62382, -1.546],
							"size": [2.502, 2, 1.1],
							"uv": {
								"north": {"uv": [62, 68], "uv_size": [3, 2]},
								"east": {"uv": [11, 69], "uv_size": [1, 2]},
								"south": {"uv": [65, 68], "uv_size": [3, 2]},
								"west": {"uv": [69, 18], "uv_size": [1, 2]},
								"up": {"uv": [69, 17], "uv_size": [3, 1]},
								"down": {"uv": [69, 37], "uv_size": [3, -1]}
							}
						}
					]
				},
				{
					"name": "right_back_sleeve",
					"parent": "right_sleeve",
					"pivot": [-2.00345, 30.19666, 1.24],
					"rotation": [15, 0, 0],
					"cubes": [
						{
							"origin": [-3.12434, 26.55484, -0.00214],
							"size": [2.5, 3, 1.1],
							"uv": {
								"north": {"uv": [68, 49], "uv_size": [3, 3]},
								"east": {"uv": [55, 68], "uv_size": [1, 3]},
								"south": {"uv": [68, 52], "uv_size": [3, 3]},
								"west": {"uv": [68, 65], "uv_size": [1, 3]},
								"up": {"uv": [69, 37], "uv_size": [3, 1]},
								"down": {"uv": [69, 43], "uv_size": [3, -1]}
							}
						}
					]
				},
				{
					"name": "right_back_sleeve_1",
					"parent": "right_back_sleeve",
					"pivot": [-2.00345, 27.12166, 1.24],
					"rotation": [-47.5, 0, 0],
					"cubes": [
						{
							"origin": [-3.12539, 24.63393, 0.46188],
							"size": [2.502, 2, 1.1],
							"uv": {
								"north": {"uv": [69, 0], "uv_size": [3, 2]},
								"east": {"uv": [69, 20], "uv_size": [1, 2]},
								"south": {"uv": [69, 2], "uv_size": [3, 2]},
								"west": {"uv": [69, 22], "uv_size": [1, 2]},
								"up": {"uv": [69, 43], "uv_size": [3, 1]},
								"down": {"uv": [69, 45], "uv_size": [3, -1]}
							}
						}
					]
				},
				{
					"name": "RightForeArm",
					"parent": "RightArm",
					"pivot": [-2, 22.5, 0],
					"cubes": [
						{
							"origin": [-3.12434, 15.53992, -1.25],
							"size": [2.5, 7, 2.5],
							"uv": {
								"north": {"uv": [32, 51], "uv_size": [3, 7]},
								"east": {"uv": [35, 51], "uv_size": [3, 7]},
								"south": {"uv": [47, 51], "uv_size": [3, 7]},
								"west": {"uv": [50, 51], "uv_size": [3, 7]},
								"up": {"uv": [27, 62], "uv_size": [3, 3]},
								"down": {"uv": [62, 31], "uv_size": [3, -3]}
							}
						},
						{
							"origin": [-3.22434, 17.53992, -1.35],
							"size": [2.7, 1, 2.7],
							"uv": {
								"north": {"uv": [78, 14], "uv_size": [3, 1]},
								"east": {"uv": [78, 25], "uv_size": [3, 1]},
								"south": {"uv": [78, 33], "uv_size": [3, 1]},
								"west": {"uv": [78, 34], "uv_size": [3, 1]},
								"up": {"uv": [30, 62], "uv_size": [3, 3]},
								"down": {"uv": [33, 65], "uv_size": [3, -3]}
							}
						}
					]
				},
				{
					"name": "RightHandLocator",
					"parent": "RightForeArm",
					"pivot": [-1.87434, 17.0399, 0]
				}
			]
		}
	]
}