{
	"format_version": "1.12.0",
	"minecraft:geometry": [
		{
			"description": {
				"identifier": "geometry.unknown",
				"texture_width": 128,
				"texture_height": 128,
				"visible_bounds_width": 3,
				"visible_bounds_height": 4.5,
				"visible_bounds_offset": [0, 1.75, 0]
			},
			"bones": [
				{
					"name": "LeftArm",
					"pivot": [1.1, 28.525, 0],
					"cubes": [
						{
							"origin": [0.3, 22.575, -1.5],
							"size": [3.05, 7, 3],
							"uv": {
								"north": {"uv": [53, 41], "uv_size": [3, 7]},
								"east": {"uv": [55, 4], "uv_size": [3, 7]},
								"south": {"uv": [13, 55], "uv_size": [3, 7]},
								"west": {"uv": [16, 55], "uv_size": [3, 7]},
								"up": {"uv": [58, 78], "uv_size": [3, 3]},
								"down": {"uv": [16, 82], "uv_size": [3, -3]}
							}
						},
						{
							"origin": [0.6, 21.675, -1.1],
							"size": [2.55, 2, 2.2],
							"uv": {
								"north": {"uv": [81, 83], "uv_size": [3, 2]},
								"east": {"uv": [90, 41], "uv_size": [2, 2]},
								"south": {"uv": [0, 84], "uv_size": [3, 2]},
								"west": {"uv": [90, 60], "uv_size": [2, 2]},
								"up": {"uv": [84, 0], "uv_size": [3, 2]},
								"down": {"uv": [84, 4], "uv_size": [3, -2]}
							}
						},
						{
							"origin": [0.5, 21.625, -1.125],
							"size": [2.7, 2.05, 2.3],
							"uv": {
								"north": {"uv": [3, 84], "uv_size": [3, 2]},
								"east": {"uv": [90, 64], "uv_size": [2, 2]},
								"south": {"uv": [84, 4], "uv_size": [3, 2]},
								"west": {"uv": [90, 66], "uv_size": [2, 2]},
								"up": {"uv": [84, 6], "uv_size": [3, 2]},
								"down": {"uv": [84, 10], "uv_size": [3, -2]}
							}
						}
					]
				},
				{
					"name": "LeftForeArm2",
					"parent": "LeftArm",
					"pivot": [1.825, 22.575, 0.025],
					"cubes": [
						{
							"origin": [0.325, 15.575, -1.475],
							"size": [3, 7, 3],
							"uv": {
								"north": {"uv": [19, 55], "uv_size": [3, 7]},
								"east": {"uv": [55, 48], "uv_size": [3, 7]},
								"south": {"uv": [55, 55], "uv_size": [3, 7]},
								"west": {"uv": [56, 41], "uv_size": [3, 7]},
								"up": {"uv": [19, 79], "uv_size": [3, 3]},
								"down": {"uv": [22, 82], "uv_size": [3, -3]}
							}
						},
						{
							"origin": [0.225, 17.575, -1.575],
							"size": [3.2, 1, 3.2],
							"uv": {
								"north": {"uv": [93, 64], "uv_size": [3, 1]},
								"east": {"uv": [93, 65], "uv_size": [3, 1]},
								"south": {"uv": [93, 66], "uv_size": [3, 1]},
								"west": {"uv": [93, 70], "uv_size": [3, 1]},
								"up": {"uv": [79, 62], "uv_size": [3, 3]},
								"down": {"uv": [79, 80], "uv_size": [3, -3]}
							}
						},
						{
							"origin": [-5.225, 17.775, -8.475],
							"size": [1, 0.7, 0.2],
							"pivot": [-6.425, 18.075, -1.775],
							"rotation": [0, -90, 0],
							"uv": {
								"north": {"uv": [101, 35], "uv_size": [1, 1]},
								"east": {"uv": [36, 101], "uv_size": [1, 1]},
								"south": {"uv": [101, 36], "uv_size": [1, 1]},
								"west": {"uv": [37, 101], "uv_size": [1, 1]},
								"up": {"uv": [101, 37], "uv_size": [1, 1]},
								"down": {"uv": [38, 102], "uv_size": [1, -1]}
							}
						}
					]
				},
				{
					"name": "LeftHandLocator2",
					"parent": "LeftForeArm2",
					"pivot": [1.825, 17.075, 0.025]
				},
				{
					"name": "shoukou2",
					"parent": "LeftArm",
					"pivot": [-2.3, -2.5, 0],
					"cubes": [
						{
							"origin": [-0.4, 25.575, -2],
							"size": [4, 4, 4],
							"uv": {
								"north": {"uv": [40, 65], "uv_size": [4, 4]},
								"east": {"uv": [44, 65], "uv_size": [4, 4]},
								"south": {"uv": [48, 65], "uv_size": [4, 4]},
								"west": {"uv": [65, 48], "uv_size": [4, 4]},
								"up": {"uv": [65, 59], "uv_size": [4, 4]},
								"down": {"uv": [61, 69], "uv_size": [4, -4]}
							}
						},
						{
							"origin": [-0.4, 24.575, -2],
							"size": [4, 1, 4],
							"uv": {
								"north": {"uv": [90, 33], "uv_size": [4, 1]},
								"east": {"uv": [90, 68], "uv_size": [4, 1]},
								"south": {"uv": [90, 69], "uv_size": [4, 1]},
								"west": {"uv": [90, 77], "uv_size": [4, 1]},
								"up": {"uv": [65, 63], "uv_size": [4, 4]},
								"down": {"uv": [0, 70], "uv_size": [4, -4]}
							}
						},
						{
							"origin": [0.1, 23.575, -1.8],
							"size": [3.4, 1, 3.6],
							"uv": {
								"north": {"uv": [93, 71], "uv_size": [3, 1]},
								"east": {"uv": [90, 78], "uv_size": [4, 1]},
								"south": {"uv": [93, 72], "uv_size": [3, 1]},
								"west": {"uv": [90, 79], "uv_size": [4, 1]},
								"up": {"uv": [23, 73], "uv_size": [3, 4]},
								"down": {"uv": [73, 27], "uv_size": [3, -4]}
							}
						},
						{
							"origin": [2.9, 24.675, -1],
							"size": [1, 1, 2],
							"uv": {
								"north": {"uv": [101, 38], "uv_size": [1, 1]},
								"east": {"uv": [98, 49], "uv_size": [2, 1]},
								"south": {"uv": [39, 101], "uv_size": [1, 1]},
								"west": {"uv": [50, 98], "uv_size": [2, 1]},
								"up": {"uv": [98, 50], "uv_size": [1, 2]},
								"down": {"uv": [52, 100], "uv_size": [1, -2]}
							}
						}
					]
				},
				{
					"name": "RightArm",
					"pivot": [-1.2, 28.625, 0],
					"cubes": [
						{
							"origin": [-3.45, 22.675, -1.5],
							"size": [3.05, 7, 3],
							"uv": {
								"north": {"uv": [52, 56], "uv_size": [3, 7]},
								"east": {"uv": [57, 11], "uv_size": [3, 7]},
								"south": {"uv": [58, 0], "uv_size": [3, 7]},
								"west": {"uv": [22, 58], "uv_size": [3, 7]},
								"up": {"uv": [9, 80], "uv_size": [3, 3]},
								"down": {"uv": [80, 35], "uv_size": [3, -3]}
							}
						},
						{
							"origin": [-3.25, 21.775, -1.1],
							"size": [2.55, 2, 2.2],
							"uv": {
								"north": {"uv": [84, 10], "uv_size": [3, 2]},
								"east": {"uv": [90, 83], "uv_size": [2, 2]},
								"south": {"uv": [12, 84], "uv_size": [3, 2]},
								"west": {"uv": [90, 85], "uv_size": [2, 2]},
								"up": {"uv": [16, 84], "uv_size": [3, 2]},
								"down": {"uv": [84, 29], "uv_size": [3, -2]}
							}
						},
						{
							"origin": [-3.3, 21.725, -1.125],
							"size": [2.7, 2.05, 2.3],
							"uv": {
								"north": {"uv": [54, 84], "uv_size": [3, 2]},
								"east": {"uv": [90, 87], "uv_size": [2, 2]},
								"south": {"uv": [57, 84], "uv_size": [3, 2]},
								"west": {"uv": [90, 89], "uv_size": [2, 2]},
								"up": {"uv": [84, 64], "uv_size": [3, 2]},
								"down": {"uv": [84, 68], "uv_size": [3, -2]}
							}
						}
					]
				},
				{
					"name": "shoukou",
					"parent": "RightArm",
					"pivot": [2.2, -2.4, 0],
					"cubes": [
						{
							"origin": [-3.7, 25.675, -2],
							"size": [4, 4, 4],
							"uv": {
								"north": {"uv": [4, 66], "uv_size": [4, 4]},
								"east": {"uv": [66, 31], "uv_size": [4, 4]},
								"south": {"uv": [66, 35], "uv_size": [4, 4]},
								"west": {"uv": [66, 52], "uv_size": [4, 4]},
								"up": {"uv": [67, 9], "uv_size": [4, 4]},
								"down": {"uv": [11, 71], "uv_size": [4, -4]}
							}
						},
						{
							"origin": [-3.7, 24.675, -2],
							"size": [4, 1, 4],
							"uv": {
								"north": {"uv": [90, 80], "uv_size": [4, 1]},
								"east": {"uv": [91, 8], "uv_size": [4, 1]},
								"south": {"uv": [91, 9], "uv_size": [4, 1]},
								"west": {"uv": [91, 10], "uv_size": [4, 1]},
								"up": {"uv": [67, 39], "uv_size": [4, 4]},
								"down": {"uv": [65, 71], "uv_size": [4, -4]}
							}
						},
						{
							"origin": [-3.6, 23.675, -1.8],
							"size": [3.4, 1, 3.6],
							"uv": {
								"north": {"uv": [93, 73], "uv_size": [3, 1]},
								"east": {"uv": [91, 11], "uv_size": [4, 1]},
								"south": {"uv": [93, 74], "uv_size": [3, 1]},
								"west": {"uv": [91, 12], "uv_size": [4, 1]},
								"up": {"uv": [26, 73], "uv_size": [3, 4]},
								"down": {"uv": [73, 34], "uv_size": [3, -4]}
							}
						},
						{
							"origin": [-4, 24.775, -1],
							"size": [1, 1, 2],
							"uv": {
								"north": {"uv": [101, 39], "uv_size": [1, 1]},
								"east": {"uv": [98, 52], "uv_size": [2, 1]},
								"south": {"uv": [40, 101], "uv_size": [1, 1]},
								"west": {"uv": [53, 98], "uv_size": [2, 1]},
								"up": {"uv": [98, 53], "uv_size": [1, 2]},
								"down": {"uv": [55, 100], "uv_size": [1, -2]}
							}
						}
					]
				},
				{
					"name": "RightForeArm2",
					"parent": "RightArm",
					"pivot": [-1.925, 22.675, 0.025],
					"cubes": [
						{
							"origin": [-3.425, 15.675, -1.475],
							"size": [3, 7, 3],
							"uv": {
								"north": {"uv": [25, 58], "uv_size": [3, 7]},
								"east": {"uv": [28, 58], "uv_size": [3, 7]},
								"south": {"uv": [31, 58], "uv_size": [3, 7]},
								"west": {"uv": [34, 58], "uv_size": [3, 7]},
								"up": {"uv": [80, 35], "uv_size": [3, 3]},
								"down": {"uv": [80, 41], "uv_size": [3, -3]}
							}
						},
						{
							"origin": [-0.725, 17.875, -3.475],
							"size": [1, 0.7, 0.2],
							"pivot": [-1.925, 18.175, -1.775],
							"rotation": [0, -90, 0],
							"uv": {
								"north": {"uv": [101, 40], "uv_size": [1, 1]},
								"east": {"uv": [41, 101], "uv_size": [1, 1]},
								"south": {"uv": [101, 41], "uv_size": [1, 1]},
								"west": {"uv": [42, 101], "uv_size": [1, 1]},
								"up": {"uv": [101, 42], "uv_size": [1, 1]},
								"down": {"uv": [43, 102], "uv_size": [1, -1]}
							}
						},
						{
							"origin": [-3.525, 17.675, -1.575],
							"size": [3.2, 1, 3.2],
							"uv": {
								"north": {"uv": [93, 75], "uv_size": [3, 1]},
								"east": {"uv": [79, 93], "uv_size": [3, 1]},
								"south": {"uv": [93, 81], "uv_size": [3, 1]},
								"west": {"uv": [82, 93], "uv_size": [3, 1]},
								"up": {"uv": [80, 52], "uv_size": [3, 3]},
								"down": {"uv": [80, 58], "uv_size": [3, -3]}
							}
						}
					]
				},
				{
					"name": "RightHandLocator2",
					"parent": "RightForeArm2",
					"pivot": [-1.925, 17.175, 0.025]
				}
			]
		}
	]
}