{
	"format_version": "1.8.0",
	"animations": {
		"extra0": {
			"loop": "hold_on_last_frame"
		},
		"extra1": {
			"loop": "hold_on_last_frame"
		},
		"extra2": {
			"loop": "hold_on_last_frame",
			"animation_length": 1.5,
			"bones": {
				"right_hand_objects": {
					"scale": 0
				},
				"Root": {
					"rotation": [0, 0, 0],
					"scale": 1
				},
				"AllBody": {
					"rotation": [0, 0, 0],
					"position": [0, 0, 0],
					"scale": 1
				},
				"UpBody": {
					"rotation": {
						"0.0": [0, 0, 0],
						"0.0417": [-0.03391, 3.91064, -1.87489],
						"0.0833": [-0.29512, 7.08127, -2.52866],
						"0.125": [-0.32902, 7.49282, -2.52154],
						"0.1667": [-0.33767, 3.76654, -1.19755],
						"0.2083": [-0.38233, 1.33125, -0.18026],
						"0.25": [-0.42699, -0.72404, 0.21291],
						"0.2917": [-0.43564, -2.49039, 0.03797],
						"0.3333": [-0.43584, -2.30684, -0.33087],
						"0.375": [-0.43644, -1.05446, -0.56932],
						"0.4167": [-0.43731, 0.59451, -0.66808],
						"0.4583": [-0.43819, 2.51866, -0.61805],
						"0.5": [-0.43879, 4.72129, -0.41069],
						"0.5417": [-0.43899, 7.50932, -0.03833],
						"0.5833": [-0.43876, 7.10977, 0.3623],
						"0.625": [-0.43793, 4.56106, 0.59003],
						"0.6667": [-0.43669, 1.6062, 0.58293],
						"0.7083": [-0.43587, -1.15831, 0.37153],
						"0.75": [-0.43564, -2.49039, 0.03797],
						"0.7917": [-0.43564, -1.89885, -0.23253],
						"0.8333": [-0.43564, -1.72209, -0.31122],
						"0.875": [-0.43564, -1.73311, -0.24534],
						"0.9167": [-0.43564, -1.87491, -0.11664],
						"0.9583": [-0.43564, -2.12803, -0.00519],
						"1.0": [-0.43564, -2.49039, 0.03797],
						"1.5": {
							"pre": [-0.43564, -2.49039, 0.03797],
							"post": [-0.43564, -2.49039, 0.03797],
							"lerp_mode": "catmullrom"
						}
					},
					"position": {
						"0.0": {
							"post": [0, 0, 0],
							"lerp_mode": "catmullrom"
						}
					}
				},
				"UpperBody": {
					"rotation": {
						"0.0": {
							"post": [0, 0, 0],
							"lerp_mode": "catmullrom"
						},
						"0.125": {
							"post": [0, -1.5, 0],
							"lerp_mode": "catmullrom"
						},
						"0.2917": {
							"post": [-0.02399, -1.0001, -0.49901],
							"lerp_mode": "catmullrom"
						},
						"0.5417": {
							"post": [0.04807, 3.49958, 1.00178],
							"lerp_mode": "catmullrom"
						},
						"0.75": [-0.02399, -1.0001, -0.49901],
						"0.7917": [-0.02399, 1.14339, -0.4991],
						"0.8333": [-0.024, 1.97059, -0.49938],
						"0.875": [-0.024, 2.43844, -0.49979],
						"0.9167": [-0.02401, 2.69725, -0.5002],
						"0.9583": [-0.02401, 2.79841, -0.50048],
						"1.0": [-0.02402, 2.7499, -0.50058],
						"1.5": {
							"pre": [-0.02402, 2.7499, -0.50058],
							"post": [-0.02402, 2.7499, -0.50058],
							"lerp_mode": "catmullrom"
						}
					},
					"position": {
						"0.0": {
							"post": [0, 0, 0],
							"lerp_mode": "catmullrom"
						}
					}
				},
				"LeftArm": {
					"rotation": {
						"0.0": {
							"post": [0, 0, 0],
							"lerp_mode": "catmullrom"
						},
						"0.125": [-12.25091, -6.71887, 17.58623],
						"0.1667": [-11.39908, -7.02448, 10.19771],
						"0.2083": [-6.9991, -8.60309, 5.08116],
						"0.25": [-2.59912, -10.1817, 0.82901],
						"0.2917": [-1.74729, -10.48732, -2.28514],
						"0.5417": {
							"pre": [-2.66406, -10.29476, 2.79451],
							"post": [-2.66406, -10.29476, 2.79451],
							"lerp_mode": "catmullrom"
						},
						"0.75": [-1.74729, -10.48732, -2.28514],
						"0.7917": [-1.74729, -10.48732, -3.10806],
						"0.8333": [-1.74729, -10.48732, -3.61181],
						"0.875": [-1.74729, -10.48732, -3.69984],
						"0.9167": [-1.74729, -10.48732, -3.44376],
						"0.9583": [-1.74729, -10.48732, -2.94657],
						"1.0": [-1.74729, -10.48732, -2.28514],
						"1.5": {
							"pre": [-1.74729, -10.48732, -2.28514],
							"post": [-1.74729, -10.48732, -2.28514],
							"lerp_mode": "catmullrom"
						}
					},
					"position": [0, 0, 0]
				},
				"LeftForeArm": {
					"rotation": [0, 0, 0],
					"position": [0, 0, 0]
				},
				"RightArm": {
					"rotation": {
						"0.0": {
							"post": [0, 0, 0],
							"lerp_mode": "catmullrom"
						},
						"0.0833": {
							"post": [-59.42106, -21.71022, 37.05593],
							"lerp_mode": "catmullrom"
						},
						"0.125": {
							"post": [-73.41928, -8.49163, 94.20785],
							"lerp_mode": "catmullrom"
						},
						"0.2917": {
							"post": [62.34569, 75.04635, 168.42398],
							"lerp_mode": "catmullrom"
						},
						"0.5417": {
							"post": [-71.5683, 83.00411, 75.42083],
							"lerp_mode": "catmullrom"
						},
						"0.75": {
							"post": [40.00135, 81.00522, 145.62559],
							"lerp_mode": "catmullrom"
						},
						"1.0": {
							"post": [40.00135, 81.00522, 145.62559],
							"lerp_mode": "catmullrom"
						},
						"1.5": {
							"post": [40.00135, 81.00522, 145.62559],
							"lerp_mode": "catmullrom"
						}
					},
					"position": {
						"0.0": {
							"post": [0, 0, 0],
							"lerp_mode": "catmullrom"
						}
					}
				},
				"RightForeArm": {
					"rotation": {
						"0.0": [0, 0, 0],
						"0.0417": [-4.072, 0.1226, -0.29885],
						"0.0833": [-20.06372, 1.06713, -2.60116],
						"0.125": [-78.92621, 1.18974, -2.9],
						"0.1667": [-51.36971, 1.18974, -2.9],
						"0.2083": [-21.51789, 1.18974, -2.9],
						"0.25": [-1.51698, 1.18974, -2.9],
						"0.2917": [0.52379, 1.18974, -2.9],
						"0.3333": [-5.3035, 1.18974, -2.9],
						"0.375": [-5.06397, 1.18974, -2.9],
						"0.4167": [-3.18571, 1.18974, -2.9],
						"0.4583": [-2.19363, 1.18974, -2.9],
						"0.5": [-5.23463, 1.18974, -2.9],
						"0.5417": [-21.42621, 1.18974, -2.9],
						"0.5833": [-35.93479, 1.18974, -2.9],
						"0.625": [-34.04018, 1.18974, -2.9],
						"0.6667": [-25.65621, 1.18974, -2.9],
						"0.7083": [-14.30415, 1.18974, -2.9],
						"0.75": [-3.92621, 1.18974, -2.9],
						"0.7917": [2.299, 1.18974, -2.9],
						"0.8333": [5.57495, 1.18974, -2.9],
						"0.875": [5.7414, 1.18974, -2.9],
						"0.9167": [3.81863, 1.18974, -2.9],
						"0.9583": [0.46448, 1.18974, -2.9],
						"1.0": [-3.92621, 1.18974, -2.9],
						"1.5": {
							"pre": [-3.92621, 1.18974, -2.9],
							"post": [-3.92621, 1.18974, -2.9],
							"lerp_mode": "catmullrom"
						}
					},
					"position": {
						"0.0": {
							"post": [0, 0, 0],
							"lerp_mode": "catmullrom"
						}
					}
				},
				"AllHead": {
					"rotation": [0, 0, 0],
					"position": [0, 0, 0]
				},
				"Head": {
					"rotation": {
						"0.0": {
							"post": [0, 0, 0],
							"lerp_mode": "catmullrom"
						},
						"0.125": {
							"post": [-0.10912, -7.49286, 2.49762],
							"lerp_mode": "catmullrom"
						},
						"0.2917": {
							"post": [0.54552, 5.02574, -2.42624],
							"lerp_mode": "catmullrom"
						},
						"0.5417": {
							"post": [0.98265, -5.03951, 2.4211],
							"lerp_mode": "catmullrom"
						},
						"0.75": {
							"post": [0.54552, 5.02574, -2.42624],
							"lerp_mode": "catmullrom"
						},
						"1.0": {
							"post": [0.54552, 5.02574, -2.42624],
							"lerp_mode": "catmullrom"
						},
						"1.5": {
							"post": [0.54552, 5.02574, -2.42624],
							"lerp_mode": "catmullrom"
						}
					},
					"position": {
						"0.0": {
							"post": [0, 0, 0],
							"lerp_mode": "catmullrom"
						}
					}
				},
				"right_brow": {
					"rotation": [0, 0, -5]
				},
				"left_brow": {
					"rotation": [0, 0, 5]
				},
				"Mouth": {
					"scale": 1
				},
				"Mouth1": {
					"position": [0, 0, 0]
				},
				"Mouth2": {
					"position": [0, 0, 0]
				},
				"Mouth3": {
					"position": [0, 0, -1]
				},
				"Mouth4": {
					"position": [0, 0, 0]
				},
				"LeftLeg": {
					"rotation": [0, 0, 0],
					"position": [0, 0, 0]
				},
				"LeftLowerLeg": {
					"rotation": [0, 0, 0],
					"position": [0, 0, 0]
				},
				"LeftFoot": {
					"rotation": [0, 0, 0],
					"position": [0, 0, 0]
				},
				"RightLeg": {
					"rotation": {
						"0.0": {
							"post": [0, 0, 0],
							"lerp_mode": "catmullrom"
						}
					},
					"position": {
						"0.0": {
							"post": [0, 0, 0],
							"lerp_mode": "catmullrom"
						}
					}
				},
				"RightLowerLeg": {
					"rotation": [0, 0, 0],
					"position": [0, 0, 0]
				},
				"RightFoot": {
					"rotation": [0, 0, 0],
					"position": [0, 0, 0]
				}
			}
		},
		"extra3": {
			"loop": "hold_on_last_frame",
			"animation_length": 1.5,
			"bones": {
				"bear2": {
					"scale": 0
				},
				"apple1": {
					"scale": 0
				},
				"apple1_patches": {
					"scale": 0
				},
				"right_hand_objects": {
					"scale": 0
				},
				"Root": {
					"rotation": [0, 0, 0]
				},
				"AllBody": {
					"rotation": [0, 0, 0],
					"position": [0, 0, 0],
					"scale": 1
				},
				"UpBody": {
					"rotation": {
						"0.0": [0, 0, 0],
						"0.0833": [0.30154, 8.79463, 1.72251],
						"0.125": [0.55404, 12.48791, 2.56062],
						"0.2083": [0.3047, 12.71256, 2.60542],
						"0.2917": [0.3879, 12.49408, 1.79246],
						"0.3333": [0.54852, 12.26934, 1.88488],
						"0.4167": [0.55404, 12.48791, 2.56062],
						"0.5": [0.3047, 12.71256, 2.60542],
						"0.5833": [0.3879, 12.49408, 1.79246],
						"0.625": [0.54852, 12.26934, 1.88488],
						"0.7083": [0.55404, 12.48791, 2.56062],
						"0.7917": [0.3047, 12.71256, 2.60542],
						"0.8333": [0.3879, 12.49408, 1.79246],
						"0.9167": [0.54852, 12.26934, 1.88488],
						"1.0": [0.55404, 12.48791, 2.56062],
						"1.5": [0.55404, 12.48791, 2.56062]
					},
					"position": [0, 0, 0]
				},
				"UpperBody": {
					"rotation": {
						"0.0": {
							"post": [0, 0, 0],
							"lerp_mode": "catmullrom"
						},
						"0.2917": {
							"post": [-0.03935, 4.49983, -0.50155],
							"lerp_mode": "catmullrom"
						},
						"0.4167": {
							"post": [0, 0.5, 0],
							"lerp_mode": "catmullrom"
						},
						"0.5833": {
							"post": [-0.03935, 4.49983, -0.50155],
							"lerp_mode": "catmullrom"
						},
						"0.7083": {
							"post": [0, 0.5, 0],
							"lerp_mode": "catmullrom"
						},
						"0.8333": {
							"post": [0, 2.5, 0],
							"lerp_mode": "catmullrom"
						},
						"1.0": {
							"post": [0, 0.5, 0],
							"lerp_mode": "catmullrom"
						},
						"1.5": {
							"post": [0, 0.5, 0],
							"lerp_mode": "catmullrom"
						}
					},
					"position": {
						"0.0": {
							"post": [0, 0, 0],
							"lerp_mode": "catmullrom"
						}
					}
				},
				"LeftArm": {
					"rotation": {
						"0.0": {
							"post": [0, 0, 0],
							"lerp_mode": "catmullrom"
						},
						"0.125": {
							"post": [-59.37411, 31.46067, -44.33946],
							"lerp_mode": "catmullrom"
						},
						"0.2917": {
							"post": [-60.01498, 34.88013, -45.41058],
							"lerp_mode": "catmullrom"
						},
						"0.4167": {
							"post": [-67.89729, 33.23008, -48.58633],
							"lerp_mode": "catmullrom"
						},
						"0.5833": {
							"post": [-59.37411, 31.46067, -44.33946],
							"lerp_mode": "catmullrom"
						},
						"0.625": {
							"post": [-60.01498, 34.88013, -45.41058],
							"lerp_mode": "catmullrom"
						},
						"0.7083": {
							"post": [-67.89729, 33.23008, -48.58633],
							"lerp_mode": "catmullrom"
						},
						"0.8333": {
							"post": [-59.37411, 31.46067, -44.33946],
							"lerp_mode": "catmullrom"
						},
						"0.9167": {
							"post": [-60.01498, 34.88013, -45.41058],
							"lerp_mode": "catmullrom"
						},
						"1.0": {
							"post": [-67.89729, 33.23008, -48.58633],
							"lerp_mode": "catmullrom"
						},
						"1.5": {
							"post": [-67.89729, 33.23008, -48.58633],
							"lerp_mode": "catmullrom"
						}
					},
					"position": {
						"0.0": {
							"post": [0, 0, 0],
							"lerp_mode": "catmullrom"
						}
					}
				},
				"LeftForeArm": {
					"rotation": {
						"0.0": {
							"post": [0, 0, 0],
							"lerp_mode": "catmullrom"
						},
						"0.125": {
							"post": [-57.5, 0, 0],
							"lerp_mode": "catmullrom"
						},
						"0.2917": {
							"post": [-52.5, 0, 0],
							"lerp_mode": "catmullrom"
						},
						"0.4167": {
							"post": [-57.5, 0, 0],
							"lerp_mode": "catmullrom"
						},
						"0.5833": {
							"post": [-57.5, 0, 0],
							"lerp_mode": "catmullrom"
						},
						"0.625": {
							"post": [-52.5, 0, 0],
							"lerp_mode": "catmullrom"
						},
						"0.7083": {
							"post": [-57.5, 0, 0],
							"lerp_mode": "catmullrom"
						},
						"0.8333": {
							"post": [-57.5, 0, 0],
							"lerp_mode": "catmullrom"
						},
						"0.9167": {
							"post": [-52.5, 0, 0],
							"lerp_mode": "catmullrom"
						},
						"1.0": {
							"post": [-57.5, 0, 0],
							"lerp_mode": "catmullrom"
						},
						"1.5": {
							"post": [-57.5, 0, 0],
							"lerp_mode": "catmullrom"
						}
					},
					"position": {
						"0.0": {
							"post": [0, 0, 0],
							"lerp_mode": "catmullrom"
						}
					}
				},
				"RightArm": {
					"rotation": {
						"0.0": {
							"post": [0, 0, 0],
							"lerp_mode": "catmullrom"
						},
						"0.125": {
							"post": [-65.61482, -1.0823, 78.81763],
							"lerp_mode": "catmullrom"
						},
						"0.2917": {
							"post": [-67.81604, 1.71605, 47.4038],
							"lerp_mode": "catmullrom"
						},
						"0.4167": {
							"post": [-74.59409, -20.31435, 65.81328],
							"lerp_mode": "catmullrom"
						},
						"0.5833": {
							"post": [-65.61482, -1.0823, 78.81763],
							"lerp_mode": "catmullrom"
						},
						"0.625": {
							"post": [-67.81604, 1.71605, 47.4038],
							"lerp_mode": "catmullrom"
						},
						"0.7083": {
							"post": [-74.59409, -20.31435, 65.81328],
							"lerp_mode": "catmullrom"
						},
						"0.8333": {
							"post": [-65.61482, -1.0823, 78.81763],
							"lerp_mode": "catmullrom"
						},
						"0.9167": {
							"post": [-67.81604, 1.71605, 47.4038],
							"lerp_mode": "catmullrom"
						},
						"1.0": {
							"post": [-74.59409, -20.31435, 65.81328],
							"lerp_mode": "catmullrom"
						},
						"1.5": {
							"post": [-74.59409, -20.31435, 65.81328],
							"lerp_mode": "catmullrom"
						}
					},
					"position": {
						"0.0": {
							"post": [0, 0, 0],
							"lerp_mode": "catmullrom"
						}
					}
				},
				"RightForeArm": {
					"rotation": {
						"0.0": {
							"post": [0, 0, 0],
							"lerp_mode": "catmullrom"
						},
						"0.125": {
							"post": [-75, 0, 0],
							"lerp_mode": "catmullrom"
						},
						"0.2917": {
							"post": [-74.77926, 9.65594, 2.61298],
							"lerp_mode": "catmullrom"
						},
						"0.4167": {
							"post": [-62.5, 0, 0],
							"lerp_mode": "catmullrom"
						},
						"0.5833": {
							"post": [-75, 0, 0],
							"lerp_mode": "catmullrom"
						},
						"0.625": {
							"post": [-74.77926, 9.65594, 2.61298],
							"lerp_mode": "catmullrom"
						},
						"0.7083": {
							"post": [-62.5, 0, 0],
							"lerp_mode": "catmullrom"
						},
						"0.8333": {
							"post": [-75, 0, 0],
							"lerp_mode": "catmullrom"
						},
						"0.9167": {
							"post": [-74.77926, 9.65594, 2.61298],
							"lerp_mode": "catmullrom"
						},
						"1.0": {
							"post": [-62.5, 0, 0],
							"lerp_mode": "catmullrom"
						},
						"1.5": {
							"post": [-62.5, 0, 0],
							"lerp_mode": "catmullrom"
						}
					},
					"position": {
						"0.0": {
							"post": [0, 0, 0],
							"lerp_mode": "catmullrom"
						}
					}
				},
				"AllHead": {
					"rotation": [0, 0, 0],
					"position": [0, 0, 0]
				},
				"Head": {
					"rotation": {
						"0.0": [0, 0, 0],
						"0.125": [0.39753, -13.49938, -1.03041]
					},
					"position": [0, 0, 0]
				},
				"right_brow": {
					"rotation": [0, 0, -5]
				},
				"left_brow": {
					"rotation": [0, 0, 5]
				},
				"Mouth": {
					"scale": 1
				},
				"Mouth1": {
					"position": [0, 0, 0]
				},
				"Mouth3": {
					"position": [0, 0, 0]
				},
				"Mouth4": {
					"position": [0, 0, 0]
				},
				"Mouth5": {
					"position": [0, 0, -1]
				},
				"Mouth6": {
					"position": [0, 0, 0]
				},
				"LeftLeg": {
					"rotation": [0, 0, 0],
					"position": [0, 0, 0]
				},
				"LeftLowerLeg": {
					"rotation": [0, 0, 0],
					"position": [0, 0, 0]
				},
				"LeftFoot": {
					"rotation": [0, 0, 0],
					"position": [0, 0, 0]
				},
				"RightLeg": {
					"rotation": [0, 0, 0],
					"position": [0, 0, 0]
				},
				"RightLowerLeg": {
					"rotation": [0, 0, 0],
					"position": [0, 0, 0]
				},
				"RightFoot": {
					"rotation": [0, 0, 0],
					"position": [0, 0, 0]
				}
			}
		},
		"extra4": {
			"loop": "hold_on_last_frame",
			"animation_length": 1.5,
			"bones": {
				"bear2": {
					"scale": 0
				},
				"right_hand_objects": {
					"scale": 0
				},
				"apple1": {
					"scale": 0
				},
				"apple1_patches": {
					"scale": 0
				},
				"Root": {
					"rotation": {
						"0.0": {
							"post": [0, 0, 0],
							"lerp_mode": "catmullrom"
						}
					},
					"position": {
						"0.0": {
							"post": [0, 0, 0],
							"lerp_mode": "catmullrom"
						},
						"0.25": {
							"post": [0, -0.25, 0],
							"lerp_mode": "catmullrom"
						}
					}
				},
				"AllBody": {
					"rotation": [0, 0, 0],
					"position": [0, 0, 0],
					"scale": 1
				},
				"UpBody": {
					"rotation": {
						"0.0": {
							"post": [0, 0, 0],
							"lerp_mode": "catmullrom"
						},
						"0.1667": {
							"post": [-2.5, 0, 0],
							"lerp_mode": "catmullrom"
						},
						"0.3333": {
							"post": [-4, 0, 0],
							"lerp_mode": "catmullrom"
						},
						"0.4167": {
							"post": [-3, 0, 0],
							"lerp_mode": "catmullrom"
						},
						"0.6667": {
							"post": [-3.5, 0, 0],
							"lerp_mode": "catmullrom"
						},
						"0.8333": {
							"post": [-4, 0, 0],
							"lerp_mode": "catmullrom"
						},
						"1.0": {
							"post": [-4, 0, 0],
							"lerp_mode": "catmullrom"
						},
						"1.5": {
							"post": [-4, 0, 0],
							"lerp_mode": "catmullrom"
						}
					},
					"position": {
						"0.0": {
							"post": [0, 0, 0],
							"lerp_mode": "catmullrom"
						}
					}
				},
				"UpperBody": {
					"rotation": {
						"0.0": {
							"post": [0, 0, 0],
							"lerp_mode": "catmullrom"
						},
						"0.25": {
							"post": [-5, 0, 0],
							"lerp_mode": "catmullrom"
						},
						"0.4167": {
							"post": [5, 0, 0],
							"lerp_mode": "catmullrom"
						},
						"0.6667": {
							"post": [4.25, 0, 0],
							"lerp_mode": "catmullrom"
						},
						"0.8333": {
							"post": [5, 0, 0],
							"lerp_mode": "catmullrom"
						},
						"1.0": {
							"post": [5, 0, 0],
							"lerp_mode": "catmullrom"
						},
						"1.5": {
							"post": [5, 0, 0],
							"lerp_mode": "catmullrom"
						}
					},
					"position": {
						"0.0": {
							"post": [0, 0, 0],
							"lerp_mode": "catmullrom"
						}
					}
				},
				"LeftArm": {
					"rotation": {
						"0.0": {
							"post": [0, 0, 0],
							"lerp_mode": "catmullrom"
						},
						"0.25": {
							"post": [-87.85882, 4.61451, -80.51949],
							"lerp_mode": "catmullrom"
						},
						"0.4167": {
							"post": [-98.55733, 36.48777, -85.68129],
							"lerp_mode": "catmullrom"
						}
					},
					"position": {
						"0.0": {
							"post": [0, 0, 0],
							"lerp_mode": "catmullrom"
						}
					}
				},
				"LeftForeArm": {
					"rotation": {
						"0.0": {
							"post": [0, 0, 0],
							"lerp_mode": "catmullrom"
						},
						"0.25": {
							"post": [-105, 0, 0],
							"lerp_mode": "catmullrom"
						}
					},
					"position": {
						"0.0": {
							"post": [0, 0, 0],
							"lerp_mode": "catmullrom"
						}
					}
				},
				"RightArm": {
					"rotation": {
						"0.0": {
							"post": [0, 0, 0],
							"lerp_mode": "catmullrom"
						},
						"0.25": {
							"post": [-84.83476, -27.0478, 78.75686],
							"lerp_mode": "catmullrom"
						},
						"0.4167": {
							"post": [-95.77005, -45.85387, 82.64597],
							"lerp_mode": "catmullrom"
						}
					},
					"position": {
						"0.0": {
							"post": [0, 0, 0],
							"lerp_mode": "catmullrom"
						}
					}
				},
				"RightForeArm": {
					"rotation": {
						"0.0": {
							"post": [0, 0, 0],
							"lerp_mode": "catmullrom"
						},
						"0.25": {
							"post": [-105, 0, 0],
							"lerp_mode": "catmullrom"
						},
						"0.4167": {
							"post": [-100, 0, 0],
							"lerp_mode": "catmullrom"
						}
					},
					"position": {
						"0.0": {
							"post": [0, 0, 0],
							"lerp_mode": "catmullrom"
						}
					}
				},
				"AllHead": {
					"rotation": [0, 0, 0],
					"position": [0, 0, 0]
				},
				"Head": {
					"rotation": {
						"0.0": [0, 0, 0],
						"0.0833": [1.77084, 0, 0],
						"0.1667": [4.01873, 0, 0],
						"0.25": [-4.7, 0, 0],
						"0.3333": [-4.92143, 0, 0],
						"0.4167": [17.5, 0, 0],
						"0.5": [20.09526, 0, 0],
						"0.5833": [11.799, 0, 0],
						"0.6667": [-4.7, 0, 0],
						"0.75": [-3.67156, 0, 0],
						"0.8333": [17.5, 0, 0],
						"0.9167": [21.79995, 0, 0],
						"1.0": [5, 0, 0],
						"1.5": [5, 0, 0]
					},
					"position": {
						"0.0": {
							"post": [0, 0, 0],
							"lerp_mode": "catmullrom"
						}
					}
				},
				"Mouth": {
					"scale": 1
				},
				"Mouth1": {
					"position": [0, 0, -1]
				},
				"Mouth2": {
					"position": [0, 0, 0]
				},
				"Mouth4": {
					"position": [0, 0, 0]
				},
				"Mouth5": {
					"position": [0, 0, 0]
				},
				"LeftLeg": {
					"rotation": {
						"0.0": {
							"post": [0, 0, 0],
							"lerp_mode": "catmullrom"
						},
						"0.25": {
							"post": [0, -5, -5],
							"lerp_mode": "catmullrom"
						}
					},
					"position": {
						"0.0": {
							"post": [0, 0, 0],
							"lerp_mode": "catmullrom"
						}
					}
				},
				"LeftLowerLeg": {
					"rotation": [0, 0, 0],
					"position": [0, 0, 0]
				},
				"LeftFoot": {
					"rotation": {
						"0.0": {
							"post": [0, 0, 0],
							"lerp_mode": "catmullrom"
						},
						"0.25": {
							"post": [0, -5, 5],
							"lerp_mode": "catmullrom"
						}
					},
					"position": {
						"0.0": {
							"post": [0, 0, 0],
							"lerp_mode": "catmullrom"
						}
					}
				},
				"RightLeg": {
					"rotation": {
						"0.0": {
							"post": [0, 0, 0],
							"lerp_mode": "catmullrom"
						},
						"0.25": {
							"post": [0, 5, 5],
							"lerp_mode": "catmullrom"
						}
					},
					"position": {
						"0.0": {
							"post": [0, 0, 0],
							"lerp_mode": "catmullrom"
						}
					}
				},
				"RightLowerLeg": {
					"rotation": {
						"0.0": {
							"post": [0, 0, 0],
							"lerp_mode": "catmullrom"
						}
					},
					"position": {
						"0.0": {
							"post": [0, 0, 0],
							"lerp_mode": "catmullrom"
						}
					}
				},
				"RightFoot": {
					"rotation": {
						"0.0": {
							"post": [0, 0, 0],
							"lerp_mode": "catmullrom"
						},
						"0.25": {
							"post": [0, 5, -5],
							"lerp_mode": "catmullrom"
						}
					},
					"position": {
						"0.0": {
							"post": [0, 0, 0],
							"lerp_mode": "catmullrom"
						}
					}
				}
			}
		},
		"extra5": {
			"loop": "hold_on_last_frame",
			"animation_length": 1.5,
			"bones": {
				"Root": {
					"rotation": {
						"0.0": {
							"post": [0, 0, 0],
							"lerp_mode": "catmullrom"
						}
					},
					"position": {
						"0.0": {
							"post": [0, 0, 0],
							"lerp_mode": "catmullrom"
						},
						"0.25": {
							"post": [0, -0.25, 0],
							"lerp_mode": "catmullrom"
						}
					}
				},
				"UpBody": {
					"rotation": {
						"0.0": {
							"post": [0, 0, 0],
							"lerp_mode": "catmullrom"
						},
						"0.1667": {
							"post": [-2.5, 0, 0],
							"lerp_mode": "catmullrom"
						},
						"0.3333": {
							"post": [-3, 0, 0],
							"lerp_mode": "catmullrom"
						},
						"0.4167": {
							"post": [-2, 0, 0],
							"lerp_mode": "catmullrom"
						},
						"0.6667": {
							"post": [-2.5, 0, 0],
							"lerp_mode": "catmullrom"
						},
						"0.8333": {
							"post": [-3, 0, 0],
							"lerp_mode": "catmullrom"
						},
						"1.0": {
							"post": [-3, 0, 0],
							"lerp_mode": "catmullrom"
						},
						"1.5": {
							"post": [-3, 0, 0],
							"lerp_mode": "catmullrom"
						}
					},
					"position": {
						"0.0": {
							"post": [0, 0, 0],
							"lerp_mode": "catmullrom"
						}
					}
				},
				"UpperBody": {
					"rotation": {
						"0.0": {
							"post": [0, 0, 0],
							"lerp_mode": "catmullrom"
						},
						"0.25": {
							"post": [-5.01372, 2.9838, -0.37109],
							"lerp_mode": "catmullrom"
						},
						"0.4167": {
							"post": [5.01215, -2.33475, -0.34919],
							"lerp_mode": "catmullrom"
						},
						"0.6667": {
							"post": [4.25682, 1.21605, 0.24111],
							"lerp_mode": "catmullrom"
						},
						"0.8333": {
							"post": [5.00384, -2.24143, -0.1962],
							"lerp_mode": "catmullrom"
						},
						"1.0": {
							"post": [5.00384, -2.24143, -0.1962],
							"lerp_mode": "catmullrom"
						},
						"1.5": {
							"post": [5.00384, -2.24143, -0.1962],
							"lerp_mode": "catmullrom"
						}
					},
					"position": {
						"0.0": {
							"post": [0, 0, 0],
							"lerp_mode": "catmullrom"
						}
					}
				},
				"LeftArm": {
					"rotation": {
						"0.0": {
							"post": [0, 0, 0],
							"lerp_mode": "catmullrom"
						},
						"0.25": {
							"post": [-87.85882, 4.61451, -80.51949],
							"lerp_mode": "catmullrom"
						},
						"0.4167": {
							"post": [-98.55733, 36.48777, -85.68129],
							"lerp_mode": "catmullrom"
						}
					},
					"position": {
						"0.0": {
							"post": [0, 0, 0],
							"lerp_mode": "catmullrom"
						}
					}
				},
				"LeftForeArm": {
					"rotation": {
						"0.0": {
							"post": [0, 0, 0],
							"lerp_mode": "catmullrom"
						},
						"0.25": {
							"post": [-105, 0, 0],
							"lerp_mode": "catmullrom"
						}
					},
					"position": {
						"0.0": {
							"post": [0, 0, 0],
							"lerp_mode": "catmullrom"
						}
					}
				},
				"RightArm": {
					"rotation": {
						"0.0": {
							"post": [0, 0, 0],
							"lerp_mode": "catmullrom"
						},
						"0.25": {
							"post": [-84.83476, -27.0478, 78.75686],
							"lerp_mode": "catmullrom"
						},
						"0.4167": {
							"post": [-95.77005, -45.85387, 82.64597],
							"lerp_mode": "catmullrom"
						}
					},
					"position": {
						"0.0": {
							"post": [0, 0, 0],
							"lerp_mode": "catmullrom"
						}
					}
				},
				"RightForeArm": {
					"rotation": {
						"0.0": {
							"post": [0, 0, 0],
							"lerp_mode": "catmullrom"
						},
						"0.25": {
							"post": [-105, 0, 0],
							"lerp_mode": "catmullrom"
						},
						"0.4167": {
							"post": [-100, 0, 0],
							"lerp_mode": "catmullrom"
						}
					},
					"position": {
						"0.0": {
							"post": [0, 0, 0],
							"lerp_mode": "catmullrom"
						}
					}
				},
				"LeftLeg": {
					"rotation": {
						"0.0": {
							"post": [0, 0, 0],
							"lerp_mode": "catmullrom"
						},
						"0.25": {
							"post": [0, -5, -5],
							"lerp_mode": "catmullrom"
						}
					},
					"position": {
						"0.0": {
							"post": [0, 0, 0],
							"lerp_mode": "catmullrom"
						}
					}
				},
				"LeftLowerLeg": {
					"rotation": [0, 0, 0],
					"position": [0, 0, 0]
				},
				"LeftFoot": {
					"rotation": {
						"0.0": {
							"post": [0, 0, 0],
							"lerp_mode": "catmullrom"
						},
						"0.25": {
							"post": [0, -5, 5],
							"lerp_mode": "catmullrom"
						}
					},
					"position": {
						"0.0": {
							"post": [0, 0, 0],
							"lerp_mode": "catmullrom"
						}
					}
				},
				"RightLeg": {
					"rotation": {
						"0.0": {
							"post": [0, 0, 0],
							"lerp_mode": "catmullrom"
						},
						"0.25": {
							"post": [0, 5, 5],
							"lerp_mode": "catmullrom"
						}
					},
					"position": {
						"0.0": {
							"post": [0, 0, 0],
							"lerp_mode": "catmullrom"
						}
					}
				},
				"RightLowerLeg": {
					"rotation": {
						"0.0": {
							"post": [0, 0, 0],
							"lerp_mode": "catmullrom"
						}
					},
					"position": {
						"0.0": {
							"post": [0, 0, 0],
							"lerp_mode": "catmullrom"
						}
					}
				},
				"RightFoot": {
					"rotation": {
						"0.0": {
							"post": [0, 0, 0],
							"lerp_mode": "catmullrom"
						},
						"0.25": {
							"post": [0, 5, -5],
							"lerp_mode": "catmullrom"
						}
					},
					"position": {
						"0.0": {
							"post": [0, 0, 0],
							"lerp_mode": "catmullrom"
						}
					}
				},
				"AllBody": {
					"rotation": [0, 0, 0],
					"position": [0, 0, 0],
					"scale": 1
				},
				"AllHead": {
					"rotation": [0, 0, 0],
					"position": [0, 0, 0]
				},
				"Head": {
					"rotation": {
						"0.0": [0, 0, 0],
						"0.0833": [12.5, 0, 0],
						"0.1667": [12.7931, 13.51805, 3.54067],
						"0.25": [13.08619, 20.37228, 3.90399],
						"0.3333": [13.02579, -0.16859, 1.84312],
						"0.4167": [12.56041, -10.02382, -0.08408],
						"0.5": [12.5, 0, 0],
						"0.5833": [12.7931, 24.77059, 3.54067],
						"0.6667": [13.08619, 17.07228, 3.90399],
						"0.75": [12.85958, 4.71206, 0.5573],
						"0.8333": [12.60443, -7.32123, -1.63219],
						"0.9167": [12.60443, -10.01867, -1.9225],
						"1.0": [12.60443, -7.32123, -1.63219],
						"1.5": [12.60443, -7.32123, -1.63219]
					},
					"position": {
						"0.0": {
							"post": [0, 0, 0],
							"lerp_mode": "catmullrom"
						}
					}
				},
				"Mouth1": {
					"position": [0, 0, 0]
				},
				"Mouth4": {
					"position": [0, 0, 0]
				},
				"Mouth6": {
					"position": [0, 0, -1]
				},
				"Mouth2": {
					"position": [0, 0, 0]
				}
			}
		},
		"extra6": {
			"loop": "hold_on_last_frame",
			"animation_length": 2,
			"bones": {
				"ysmGlowRightEyesBaseEx1": {
					"scale": {
						"0.125": [1, 1, 1],
						"0.1667": ["v.roaming.custom_anim1_eyes_size", "v.roaming.custom_anim1_eyes_size", 1]
					}
				},
				"ysmGlowLeftEyesBaseEx1": {
					"scale": {
						"0.125": [1, 1, 1],
						"0.1667": ["v.roaming.custom_anim1_eyes_size", "v.roaming.custom_anim1_eyes_size", 1]
					}
				},
				"RightEyesBase": {
					"scale": {
						"0.125": [1, 1, 1],
						"0.1667": ["v.roaming.custom_anim1_eyes_size", "v.roaming.custom_anim1_eyes_size", 1]
					}
				},
				"right_pupil_highlight": {
					"scale": {
						"0.125": [1, 1, 1],
						"0.1667": ["v.roaming.custom_anim1_eyes_highlight", "v.roaming.custom_anim1_eyes_highlight", "v.roaming.custom_anim1_eyes_highlight"]
					}
				},
				"LeftEyesBase": {
					"scale": {
						"0.125": [1, 1, 1],
						"0.1667": ["v.roaming.custom_anim1_eyes_size", "v.roaming.custom_anim1_eyes_size", 1]
					}
				},
				"left_pupil_highlight": {
					"scale": {
						"0.125": [1, 1, 1],
						"0.1667": ["v.roaming.custom_anim1_eyes_highlight", "v.roaming.custom_anim1_eyes_highlight", "v.roaming.custom_anim1_eyes_highlight"]
					}
				},
				"left_eyelid": {
					"rotation": {
						"0.1667": {
							"pre": [0, 0, 0],
							"post": [0, 0, 0],
							"lerp_mode": "catmullrom"
						},
						"0.2083": {
							"post": [0, 0, "-v.roaming.custom_anim1_eyelid_rotation"],
							"lerp_mode": "catmullrom"
						}
					},
					"position": {
						"0.0": {
							"post": [0, 0, 0],
							"lerp_mode": "catmullrom"
						},
						"0.0417": {
							"post": [0, -0.65, 0],
							"lerp_mode": "catmullrom"
						},
						"0.1667": {
							"post": [0, -0.65, 0],
							"lerp_mode": "catmullrom"
						},
						"0.2083": {
							"post": [0, "v.roaming.custom_anim1_eyelid_position + v.roaming.custom_anim1_eyes_open", 0],
							"lerp_mode": "catmullrom"
						}
					}
				},
				"right_eyelid": {
					"rotation": {
						"0.1667": {
							"pre": [0, 0, 0],
							"post": [0, 0, 0],
							"lerp_mode": "catmullrom"
						},
						"0.2083": {
							"post": [0, 0, "v.roaming.custom_anim1_eyelid_rotation"],
							"lerp_mode": "catmullrom"
						}
					},
					"position": {
						"0.0": {
							"post": [0, 0, 0],
							"lerp_mode": "catmullrom"
						},
						"0.0417": {
							"post": [0, -0.65, 0],
							"lerp_mode": "catmullrom"
						},
						"0.1667": {
							"post": [0, -0.65, 0],
							"lerp_mode": "catmullrom"
						},
						"0.2083": {
							"post": [0, "v.roaming.custom_anim1_eyelid_position + v.roaming.custom_anim1_eyes_open", 0],
							"lerp_mode": "catmullrom"
						}
					}
				},
				"right_lower_eyelid": {
					"position": {
						"0.0": {
							"post": [0, 0, 0],
							"lerp_mode": "catmullrom"
						},
						"0.0417": {
							"post": [0, 0.6, 0],
							"lerp_mode": "catmullrom"
						},
						"0.1667": {
							"post": [0, 0.6, 0],
							"lerp_mode": "catmullrom"
						},
						"0.2083": {
							"post": [0, "v.roaming.custom_anim1_eyelid_position - v.roaming.custom_anim1_eyes_open", 0],
							"lerp_mode": "catmullrom"
						}
					}
				},
				"left_lower_eyelid": {
					"position": {
						"0.0": {
							"post": [0, 0, 0],
							"lerp_mode": "catmullrom"
						},
						"0.0417": {
							"post": [0, 0.6, 0],
							"lerp_mode": "catmullrom"
						},
						"0.1667": {
							"post": [0, 0.6, 0],
							"lerp_mode": "catmullrom"
						},
						"0.2083": {
							"post": [0, "v.roaming.custom_anim1_eyelid_position - v.roaming.custom_anim1_eyes_open", 0],
							"lerp_mode": "catmullrom"
						}
					}
				},
				"right_brow": {
					"rotation": {
						"0.1667": {
							"pre": [0, 0, 0],
							"post": [0, 0, 0],
							"lerp_mode": "catmullrom"
						},
						"0.2083": {
							"post": [0, 0, "v.roaming.custom_anim1_brow_rotation"],
							"lerp_mode": "catmullrom"
						}
					},
					"position": {
						"0.0": {
							"post": [0, 0, 0],
							"lerp_mode": "catmullrom"
						},
						"0.0417": {
							"post": [0, -0.5, 0],
							"lerp_mode": "catmullrom"
						},
						"0.1667": {
							"post": [0, -0.5, 0],
							"lerp_mode": "catmullrom"
						},
						"0.2083": {
							"post": [0, "v.roaming.custom_anim1_brow_position", 0],
							"lerp_mode": "catmullrom"
						}
					}
				},
				"left_brow": {
					"rotation": {
						"0.1667": {
							"pre": [0, 0, 0],
							"post": [0, 0, 0],
							"lerp_mode": "catmullrom"
						},
						"0.2083": {
							"post": [0, 0, "-v.roaming.custom_anim1_brow_rotation"],
							"lerp_mode": "catmullrom"
						}
					},
					"position": {
						"0.0": {
							"post": [0, 0, 0],
							"lerp_mode": "catmullrom"
						},
						"0.0417": {
							"post": [0, -0.5, 0],
							"lerp_mode": "catmullrom"
						},
						"0.1667": {
							"post": [0, -0.5, 0],
							"lerp_mode": "catmullrom"
						},
						"0.2083": {
							"post": [0, "v.roaming.custom_anim1_brow_position", 0],
							"lerp_mode": "catmullrom"
						}
					}
				},
				"Mouth": {
					"scale": {
						"0.1667": {
							"pre": [1, 1, 1],
							"post": [1, 1, 1],
							"lerp_mode": "catmullrom"
						},
						"0.25": {
							"post": ["v.roaming.custom_anim1_mouth_size", "v.roaming.custom_anim1_mouth_size", 1],
							"lerp_mode": "catmullrom"
						}
					}
				},
				"Mouth1": {
					"position": {
						"0.125": [0, 0, 0],
						"0.1667": [0, 0, "(v.roaming.custom_anim1_mouth_type == 1)? -1 : 0"]
					}
				},
				"Mouth2": {
					"position": {
						"0.125": [0, 0, 0],
						"0.1667": [0, 0, "(v.roaming.custom_anim1_mouth_type == 2)? -1 : 0"]
					}
				},
				"Mouth3": {
					"position": {
						"0.125": [0, 0, 0],
						"0.1667": [0, 0, "(v.roaming.custom_anim1_mouth_type == 3)? -1 : 0"]
					}
				},
				"Mouth4": {
					"position": {
						"0.125": [0, 0, 0],
						"0.1667": [0, 0, "(v.roaming.custom_anim1_mouth_type == 4)? -1 : 0"]
					}
				},
				"Mouth5": {
					"position": {
						"0.125": [0, 0, 0],
						"0.1667": [0, 0, "(v.roaming.custom_anim1_mouth_type == 5)? -1 : 0"]
					}
				},
				"Mouth6": {
					"position": {
						"0.125": [0, 0, 0],
						"0.1667": [0, 0, "(v.roaming.custom_anim1_mouth_type == 6)? -1 : 0"]
					}
				},
				"Mouth7": {
					"position": {
						"0.125": [0, 0, 0],
						"0.1667": [0, 0, "(v.roaming.custom_anim1_mouth_type == 7)? -1 : 0"]
					}
				},
				"Mouth8": {
					"position": {
						"0.125": [0, 0, 0],
						"0.1667": [0, 0, "(v.roaming.custom_anim1_mouth_type == 8)? -1 : 0"]
					}
				},
				"emoji_exclamation": {
					"scale": {
						"0.125": [0, 0, 0],
						"0.1667": ["v.roaming.custom_anim1_emoji_type == 1", "v.roaming.custom_anim1_emoji_type == 1", "v.roaming.custom_anim1_emoji_type == 1"]
					}
				},
				"emoji_question": {
					"scale": {
						"0.125": [0, 0, 0],
						"0.1667": ["v.roaming.custom_anim1_emoji_type == 2", "v.roaming.custom_anim1_emoji_type == 2", "v.roaming.custom_anim1_emoji_type == 2"]
					}
				},
				"emoji_sweat": {
					"position": {
						"0.125": [0, 1, 0],
						"0.1667": [0, 0.91046, 0],
						"0.2083": [0, 0.70712, 0],
						"0.25": [0, 0.44416, 0],
						"0.375": [0, -0.44416, 0],
						"0.4167": [0, -0.70712, 0],
						"0.4583": [0, -0.91046, 0],
						"0.5": [0, -1, 0]
					},
					"scale": {
						"0.125": [0, 0, 0],
						"0.1667": ["v.roaming.custom_anim1_emoji_type == 3", "v.roaming.custom_anim1_emoji_type == 3", "v.roaming.custom_anim1_emoji_type == 3"]
					}
				},
				"emoji_angry": {
					"scale": {
						"0.125": [0, 0, 0],
						"0.1667": ["v.roaming.custom_anim1_emoji_type == 4", "v.roaming.custom_anim1_emoji_type == 4", "v.roaming.custom_anim1_emoji_type == 4"]
					}
				}
			}
		},
		"extra7": {
			"loop": "hold_on_last_frame",
			"animation_length": 2,
			"bones": {
				"RightEyesBase": {
					"scale": {
						"0.125": [1, 1, 1],
						"0.1667": ["v.roaming.custom_anim2_eyes_size", "v.roaming.custom_anim2_eyes_size", 1]
					}
				},
				"right_pupil_highlight": {
					"scale": {
						"0.125": [1, 1, 1],
						"0.1667": ["v.roaming.custom_anim2_eyes_highlight", "v.roaming.custom_anim2_eyes_highlight", "v.roaming.custom_anim2_eyes_highlight"]
					}
				},
				"LeftEyesBase": {
					"scale": {
						"0.125": [1, 1, 1],
						"0.1667": ["v.roaming.custom_anim2_eyes_size", "v.roaming.custom_anim2_eyes_size", 1]
					}
				},
				"left_pupil_highlight": {
					"scale": {
						"0.125": [1, 1, 1],
						"0.1667": ["v.roaming.custom_anim2_eyes_highlight", "v.roaming.custom_anim2_eyes_highlight", "v.roaming.custom_anim2_eyes_highlight"]
					}
				},
				"left_eyelid": {
					"rotation": {
						"0.1667": {
							"pre": [0, 0, 0],
							"post": [0, 0, 0],
							"lerp_mode": "catmullrom"
						},
						"0.2083": {
							"post": [0, 0, "-v.roaming.custom_anim2_eyelid_rotation"],
							"lerp_mode": "catmullrom"
						}
					},
					"position": {
						"0.0": {
							"post": [0, 0, 0],
							"lerp_mode": "catmullrom"
						},
						"0.0417": {
							"post": [0, -0.65, 0],
							"lerp_mode": "catmullrom"
						},
						"0.1667": {
							"post": [0, -0.65, 0],
							"lerp_mode": "catmullrom"
						},
						"0.2083": {
							"post": [0, "v.roaming.custom_anim2_eyelid_position + v.roaming.custom_anim2_eyes_open", 0],
							"lerp_mode": "catmullrom"
						}
					}
				},
				"right_eyelid": {
					"rotation": {
						"0.1667": {
							"pre": [0, 0, 0],
							"post": [0, 0, 0],
							"lerp_mode": "catmullrom"
						},
						"0.2083": {
							"post": [0, 0, "v.roaming.custom_anim2_eyelid_rotation"],
							"lerp_mode": "catmullrom"
						}
					},
					"position": {
						"0.0": {
							"post": [0, 0, 0],
							"lerp_mode": "catmullrom"
						},
						"0.0417": {
							"post": [0, -0.65, 0],
							"lerp_mode": "catmullrom"
						},
						"0.1667": {
							"post": [0, -0.65, 0],
							"lerp_mode": "catmullrom"
						},
						"0.2083": {
							"post": [0, "v.roaming.custom_anim2_eyelid_position + v.roaming.custom_anim2_eyes_open", 0],
							"lerp_mode": "catmullrom"
						}
					}
				},
				"right_lower_eyelid": {
					"position": {
						"0.0": {
							"post": [0, 0, 0],
							"lerp_mode": "catmullrom"
						},
						"0.0417": {
							"post": [0, 0.6, 0],
							"lerp_mode": "catmullrom"
						},
						"0.1667": {
							"post": [0, 0.6, 0],
							"lerp_mode": "catmullrom"
						},
						"0.2083": {
							"post": [0, "v.roaming.custom_anim2_eyelid_position - v.roaming.custom_anim2_eyes_open", 0],
							"lerp_mode": "catmullrom"
						}
					}
				},
				"left_lower_eyelid": {
					"position": {
						"0.0": {
							"post": [0, 0, 0],
							"lerp_mode": "catmullrom"
						},
						"0.0417": {
							"post": [0, 0.6, 0],
							"lerp_mode": "catmullrom"
						},
						"0.1667": {
							"post": [0, 0.6, 0],
							"lerp_mode": "catmullrom"
						},
						"0.2083": {
							"post": [0, "v.roaming.custom_anim2_eyelid_position - v.roaming.custom_anim2_eyes_open", 0],
							"lerp_mode": "catmullrom"
						}
					}
				},
				"right_brow": {
					"rotation": {
						"0.1667": {
							"pre": [0, 0, 0],
							"post": [0, 0, 0],
							"lerp_mode": "catmullrom"
						},
						"0.2083": {
							"post": [0, 0, "v.roaming.custom_anim2_brow_rotation"],
							"lerp_mode": "catmullrom"
						}
					},
					"position": {
						"0.0": {
							"post": [0, 0, 0],
							"lerp_mode": "catmullrom"
						},
						"0.0417": {
							"post": [0, -0.5, 0],
							"lerp_mode": "catmullrom"
						},
						"0.1667": {
							"post": [0, -0.5, 0],
							"lerp_mode": "catmullrom"
						},
						"0.2083": {
							"post": [0, "v.roaming.custom_anim2_brow_position", 0],
							"lerp_mode": "catmullrom"
						}
					}
				},
				"left_brow": {
					"rotation": {
						"0.1667": {
							"pre": [0, 0, 0],
							"post": [0, 0, 0],
							"lerp_mode": "catmullrom"
						},
						"0.2083": {
							"post": [0, 0, "-v.roaming.custom_anim2_brow_rotation"],
							"lerp_mode": "catmullrom"
						}
					},
					"position": {
						"0.0": {
							"post": [0, 0, 0],
							"lerp_mode": "catmullrom"
						},
						"0.0417": {
							"post": [0, -0.5, 0],
							"lerp_mode": "catmullrom"
						},
						"0.1667": {
							"post": [0, -0.5, 0],
							"lerp_mode": "catmullrom"
						},
						"0.2083": {
							"post": [0, "v.roaming.custom_anim2_brow_position", 0],
							"lerp_mode": "catmullrom"
						}
					}
				},
				"Mouth": {
					"scale": {
						"0.1667": {
							"pre": [1, 1, 1],
							"post": [1, 1, 1],
							"lerp_mode": "catmullrom"
						},
						"0.25": {
							"post": ["v.roaming.custom_anim2_mouth_size", "v.roaming.custom_anim2_mouth_size", 1],
							"lerp_mode": "catmullrom"
						}
					}
				},
				"Mouth1": {
					"position": {
						"0.125": [0, 0, 0],
						"0.1667": [0, 0, "(v.roaming.custom_anim2_mouth_type == 1)? -1 : 0"]
					}
				},
				"Mouth2": {
					"position": {
						"0.125": [0, 0, 0],
						"0.1667": [0, 0, "(v.roaming.custom_anim2_mouth_type == 2)? -1 : 0"]
					}
				},
				"Mouth3": {
					"position": {
						"0.125": [0, 0, 0],
						"0.1667": [0, 0, "(v.roaming.custom_anim2_mouth_type == 3)? -1 : 0"]
					}
				},
				"Mouth4": {
					"position": {
						"0.125": [0, 0, 0],
						"0.1667": [0, 0, "(v.roaming.custom_anim2_mouth_type == 4)? -1 : 0"]
					}
				},
				"Mouth5": {
					"position": {
						"0.125": [0, 0, 0],
						"0.1667": [0, 0, "(v.roaming.custom_anim2_mouth_type == 5)? -1 : 0"]
					}
				},
				"Mouth6": {
					"position": {
						"0.125": [0, 0, 0],
						"0.1667": [0, 0, "(v.roaming.custom_anim2_mouth_type == 6)? -1 : 0"]
					}
				},
				"Mouth7": {
					"position": {
						"0.125": [0, 0, 0],
						"0.1667": [0, 0, "(v.roaming.custom_anim2_mouth_type == 7)? -1 : 0"]
					}
				},
				"Mouth8": {
					"position": {
						"0.125": [0, 0, 0],
						"0.1667": [0, 0, "(v.roaming.custom_anim2_mouth_type == 8)? -1 : 0"]
					}
				},
				"emoji_exclamation": {
					"scale": {
						"0.125": [0, 0, 0],
						"0.1667": ["v.roaming.custom_anim2_emoji_type == 1", "v.roaming.custom_anim2_emoji_type == 1", "v.roaming.custom_anim2_emoji_type == 1"]
					}
				},
				"emoji_question": {
					"scale": {
						"0.125": [0, 0, 0],
						"0.1667": ["v.roaming.custom_anim2_emoji_type == 2", "v.roaming.custom_anim2_emoji_type == 2", "v.roaming.custom_anim2_emoji_type == 2"]
					}
				},
				"emoji_sweat": {
					"position": {
						"0.125": [0, 1, 0],
						"0.1667": [0, 0.91046, 0],
						"0.2083": [0, 0.70712, 0],
						"0.25": [0, 0.44416, 0],
						"0.375": [0, -0.44416, 0],
						"0.4167": [0, -0.70712, 0],
						"0.4583": [0, -0.91046, 0],
						"0.5": [0, -1, 0]
					},
					"scale": {
						"0.125": [0, 0, 0],
						"0.1667": ["v.roaming.custom_anim2_emoji_type == 3", "v.roaming.custom_anim2_emoji_type == 3", "v.roaming.custom_anim2_emoji_type == 3"]
					}
				},
				"emoji_angry": {
					"scale": {
						"0.125": [0, 0, 0],
						"0.1667": ["v.roaming.custom_anim2_emoji_type == 4", "v.roaming.custom_anim2_emoji_type == 4", "v.roaming.custom_anim2_emoji_type == 4"]
					}
				}
			}
		},
		"extra8": {
			"loop": true,
			"animation_length": 1.6667,
			"bones": {
				"AllBody": {
					"rotation": {
						"0.0": [0, 30, 0],
						"0.2083": [0, 25, 0],
						"0.4167": {
							"pre": [2.5, -30, 0],
							"post": [2.5, -30, 0],
							"lerp_mode": "catmullrom"
						},
						"0.5833": {
							"post": [2.63398, -32.49024, -0.25824],
							"lerp_mode": "catmullrom"
						},
						"0.7083": {
							"post": [-1.96, -12.98, -0.06],
							"lerp_mode": "catmullrom"
						},
						"0.75": {
							"post": [0, 0, 0],
							"lerp_mode": "catmullrom"
						},
						"0.875": {
							"post": [0, 90, 0],
							"lerp_mode": "catmullrom"
						},
						"1.0": {
							"post": [0, 180, 0],
							"lerp_mode": "catmullrom"
						},
						"1.125": {
							"post": [0, 270, 0],
							"lerp_mode": "catmullrom"
						},
						"1.25": {
							"post": [0, 360, 0],
							"lerp_mode": "catmullrom"
						},
						"1.4167": [0, 380, 0],
						"1.6667": [0, 390, 0]
					},
					"position": {
						"0.0": [1, 0.5, 0],
						"0.2083": [1, 0.5, 0],
						"0.4167": {
							"pre": [0, 0, 0],
							"post": [0, 0, 0],
							"lerp_mode": "catmullrom"
						},
						"0.5833": {
							"post": [0, 0, 0],
							"lerp_mode": "catmullrom"
						},
						"0.7083": {
							"post": [1, 0.5, 0],
							"lerp_mode": "catmullrom"
						},
						"0.875": {
							"post": [1, 0.5, -1],
							"lerp_mode": "catmullrom"
						},
						"1.0": {
							"post": [-1.94, 0.5, 0],
							"lerp_mode": "catmullrom"
						},
						"1.125": {
							"post": [-1.29, 0.5, 2.07],
							"lerp_mode": "catmullrom"
						},
						"1.25": {
							"post": [1, 0.5, 1.16],
							"lerp_mode": "catmullrom"
						},
						"1.4167": {
							"post": [1, 0.5, 0],
							"lerp_mode": "catmullrom"
						}
					}
				},
				"UpBody": {
					"rotation": {
						"0.0": {
							"post": [-5, 15, 0],
							"lerp_mode": "catmullrom"
						},
						"0.2083": {
							"post": [0, 10, 0],
							"lerp_mode": "catmullrom"
						},
						"0.375": {
							"post": [-5, -15, 0],
							"lerp_mode": "catmullrom"
						},
						"0.5417": {
							"post": [-5.04352, -12.49041, 0.2231],
							"lerp_mode": "catmullrom"
						},
						"0.7083": {
							"post": [-2.49203, 14.93254, -1.62581],
							"lerp_mode": "catmullrom"
						},
						"0.875": {
							"post": [-5.16487, 17.39113, -2.41328],
							"lerp_mode": "catmullrom"
						},
						"1.0417": {
							"post": [-5.16487, 17.39113, -2.41328],
							"lerp_mode": "catmullrom"
						},
						"1.4167": {
							"post": [-5, 20, 0],
							"lerp_mode": "catmullrom"
						},
						"1.6667": {
							"post": [-5, 15, 0],
							"lerp_mode": "catmullrom"
						}
					}
				},
				"LeftArm": {
					"rotation": {
						"0.0": [-30.20431, 55.70491, -20.10022],
						"0.1667": [-30.20431, 55.70491, -20.10022],
						"0.4167": {
							"pre": [26.39218, -18.05776, -8.74472],
							"post": [26.39218, -18.05776, -8.74472],
							"lerp_mode": "catmullrom"
						},
						"0.5833": {
							"post": [26.39218, -18.05776, -8.74472],
							"lerp_mode": "catmullrom"
						},
						"0.7083": {
							"post": [12.5, -20, -5],
							"lerp_mode": "catmullrom"
						},
						"0.875": {
							"post": [-5, -15, -30],
							"lerp_mode": "catmullrom"
						},
						"1.0": {
							"post": [-12.19, -3.92, -40.41],
							"lerp_mode": "catmullrom"
						},
						"1.125": {
							"post": [-10.53389, -8.62653, -47.33209],
							"lerp_mode": "catmullrom"
						},
						"1.2083": {
							"post": [-12.19, -3.92, -40.41],
							"lerp_mode": "catmullrom"
						},
						"1.4167": {
							"post": [-30.20431, 55.70491, -20.10022],
							"lerp_mode": "catmullrom"
						},
						"1.6667": {
							"post": [-30.20431, 55.70491, -20.10022],
							"lerp_mode": "catmullrom"
						}
					}
				},
				"LeftForeArm": {
					"rotation": {
						"0.0": [-87.55952, 6.63379, -24.6401],
						"0.1667": [-87.55952, 6.63379, -24.6401],
						"0.5833": {
							"pre": [-87.55952, 6.63379, -24.6401],
							"post": [-87.55952, 6.63379, -24.6401],
							"lerp_mode": "catmullrom"
						},
						"0.7083": {
							"post": [-25, 0, 0],
							"lerp_mode": "catmullrom"
						},
						"1.0": {
							"post": [-17.5, 0, 0],
							"lerp_mode": "catmullrom"
						},
						"1.2083": {
							"post": [-17.5, 0, 0],
							"lerp_mode": "catmullrom"
						},
						"1.375": {
							"post": [-87.55952, 6.63379, -24.6401],
							"lerp_mode": "catmullrom"
						},
						"1.6667": {
							"post": [-87.55952, 6.63379, -24.6401],
							"lerp_mode": "catmullrom"
						}
					}
				},
				"RightArm": {
					"rotation": {
						"0.0": [30, 0, 0],
						"0.1667": [30, 0, 0],
						"0.4167": {
							"pre": [-14.83523, -2.15351, -9.7579],
							"post": [-14.83523, -2.15351, -9.7579],
							"lerp_mode": "catmullrom"
						},
						"0.5833": {
							"post": [-14.83523, -2.15351, -9.7579],
							"lerp_mode": "catmullrom"
						},
						"0.7083": {
							"post": [0.02222, 32.92533, -0.08228],
							"lerp_mode": "catmullrom"
						},
						"0.875": {
							"post": [0.02, 22.93, 19.92],
							"lerp_mode": "catmullrom"
						},
						"1.0": {
							"post": [0.02, 22.93, 29.92],
							"lerp_mode": "catmullrom"
						},
						"1.125": {
							"post": [8.9, 16.14, 19.02],
							"lerp_mode": "catmullrom"
						},
						"1.4167": {
							"post": [30, 0, 0],
							"lerp_mode": "catmullrom"
						},
						"1.6667": {
							"post": [30, 0, 0],
							"lerp_mode": "catmullrom"
						}
					}
				},
				"RightForeArm": {
					"rotation": {
						"0.0": [-75, 0, 0],
						"0.1667": [-75, 0, 0],
						"0.4167": {
							"pre": [-81.37, -65.19, 34.29],
							"post": [-81.37, -65.19, 34.29],
							"lerp_mode": "catmullrom"
						},
						"0.5417": {
							"post": [-98.58035, -52.8065, 38.99176],
							"lerp_mode": "catmullrom"
						},
						"0.7083": {
							"post": [-25, 0, 0],
							"lerp_mode": "catmullrom"
						},
						"0.875": {
							"post": [-15, 0, 0],
							"lerp_mode": "catmullrom"
						},
						"1.125": {
							"post": [-15, 0, 0],
							"lerp_mode": "catmullrom"
						},
						"1.4167": {
							"post": [-75, 0, 0],
							"lerp_mode": "catmullrom"
						},
						"1.6667": {
							"post": [-75, 0, 0],
							"lerp_mode": "catmullrom"
						}
					}
				},
				"Head": {
					"rotation": {
						"0.0": [4.8225, -25.01833, 0.46322],
						"0.2083": [2.3225, -25.01833, 0.46322],
						"0.4167": {
							"pre": [4.33037, 19.98539, -2.58807],
							"post": [4.33037, 19.98539, -2.58807],
							"lerp_mode": "catmullrom"
						},
						"0.5833": {
							"post": [4.52695, 22.46307, -1.97701],
							"lerp_mode": "catmullrom"
						},
						"0.7083": {
							"post": [5.2687, 37.40923, -0.50333],
							"lerp_mode": "catmullrom"
						},
						"0.875": {
							"post": [5.27, 27.41, -0.5],
							"lerp_mode": "catmullrom"
						},
						"1.0417": {
							"post": [5.27, 17.41, -0.5],
							"lerp_mode": "catmullrom"
						},
						"1.4167": [4.8225, -20.01833, 0.46322],
						"1.6667": [4.8225, -25.01833, 0.46322]
					}
				},
				"RightEyesBase": {
					"position": {
						"0.0": [0.1, 0, 0],
						"0.2083": [0.1, 0, 0],
						"0.4167": [-0.1, 0, 0],
						"0.5833": [-0.1, 0, 0],
						"1.4167": [0.1, 0, 0]
					}
				},
				"RightPupil": {
					"position": [0, 0.1, 0]
				},
				"LeftEyesBase": {
					"position": {
						"0.0": [0.1, 0, 0],
						"0.2083": [0.1, 0, 0],
						"0.4167": [-0.1, 0, 0],
						"0.5833": [-0.1, 0, 0],
						"1.4167": [0.1, 0, 0],
						"1.6667": [0.1, 0, 0]
					}
				},
				"LeftPupil": {
					"position": {
						"0.0": [0, 0.1, 0],
						"1.6667": [0, 0.1, 0]
					}
				},
				"left_eyelid": {
					"position": {
						"0.0": [0, 0, 0],
						"0.5": [0, 0, 0],
						"0.5417": {
							"pre": [0, 0, 0],
							"post": [0, 0, 0],
							"lerp_mode": "catmullrom"
						},
						"0.625": {
							"post": [0, -0.85, 0],
							"lerp_mode": "catmullrom"
						},
						"1.125": {
							"post": [0, -0.85, 0],
							"lerp_mode": "catmullrom"
						},
						"1.2083": {
							"post": [0, 0, 0],
							"lerp_mode": "catmullrom"
						}
					}
				},
				"right_eyelid": {
					"position": {
						"0.0": [0, 0, 0],
						"0.5": [0, 0, 0],
						"0.5417": {
							"pre": [0, 0, 0],
							"post": [0, 0, 0],
							"lerp_mode": "catmullrom"
						},
						"0.625": {
							"post": [0, -0.85, 0],
							"lerp_mode": "catmullrom"
						},
						"1.125": {
							"post": [0, -0.85, 0],
							"lerp_mode": "catmullrom"
						},
						"1.2083": {
							"post": [0, 0, 0],
							"lerp_mode": "catmullrom"
						}
					}
				},
				"right_lower_eyelid": {
					"position": {
						"0.0": [0, 0, 0],
						"0.5417": {
							"pre": [0, 0, 0],
							"post": [0, 0, 0],
							"lerp_mode": "catmullrom"
						},
						"0.625": {
							"post": [0, 0.5, 0],
							"lerp_mode": "catmullrom"
						},
						"1.125": {
							"post": [0, 0.5, 0],
							"lerp_mode": "catmullrom"
						},
						"1.2083": {
							"post": [0, 0, 0],
							"lerp_mode": "catmullrom"
						}
					}
				},
				"left_lower_eyelid": {
					"position": {
						"0.0": [0, 0, 0],
						"0.5417": {
							"pre": [0, 0, 0],
							"post": [0, 0, 0],
							"lerp_mode": "catmullrom"
						},
						"0.625": {
							"post": [0, 0.5, 0],
							"lerp_mode": "catmullrom"
						},
						"1.125": {
							"post": [0, 0.5, 0],
							"lerp_mode": "catmullrom"
						},
						"1.2083": {
							"post": [0, 0, 0],
							"lerp_mode": "catmullrom"
						}
					}
				},
				"braid": {
					"rotation": {
						"0.0": [0, 0, 0],
						"0.7083": {
							"pre": [0, 0, 0],
							"post": [0, 0, 0],
							"lerp_mode": "catmullrom"
						},
						"1.0": {
							"post": [-25, 0, 0],
							"lerp_mode": "catmullrom"
						},
						"1.375": {
							"post": [0, 0, 0],
							"lerp_mode": "catmullrom"
						}
					}
				},
				"braid_tie": {
					"rotation": {
						"0.0": [0, 0, 0],
						"0.75": {
							"pre": [0, 0, 0],
							"post": [0, 0, 0],
							"lerp_mode": "catmullrom"
						},
						"1.0": {
							"post": [-17.5, 0, 0],
							"lerp_mode": "catmullrom"
						},
						"1.3333": {
							"post": [0, 0, 0],
							"lerp_mode": "catmullrom"
						}
					}
				},
				"right_hair2": {
					"rotation": {
						"0.0": [0, 0, 0],
						"0.7083": {
							"pre": [0, 0, 0],
							"post": [0, 0, 0],
							"lerp_mode": "catmullrom"
						},
						"1.0": {
							"post": [-25, 10, 0],
							"lerp_mode": "catmullrom"
						},
						"1.375": {
							"post": [0, 0, 0],
							"lerp_mode": "catmullrom"
						}
					}
				},
				"left_hair2": {
					"rotation": {
						"0.0": [0, 0, 0],
						"0.7083": {
							"pre": [0, 0, 0],
							"post": [0, 0, 0],
							"lerp_mode": "catmullrom"
						},
						"1.0": {
							"post": [-25, -10, 0],
							"lerp_mode": "catmullrom"
						},
						"1.375": {
							"post": [0, 0, 0],
							"lerp_mode": "catmullrom"
						}
					}
				},
				"left_head_ribbbo_1": {
					"rotation": {
						"0.0": [0, 0, 0],
						"0.7083": {
							"pre": [0, 0, 0],
							"post": [0, 0, 0],
							"lerp_mode": "catmullrom"
						},
						"1.0": {
							"post": [0, -5, -10],
							"lerp_mode": "catmullrom"
						},
						"1.1667": {
							"post": [0, -5, -10],
							"lerp_mode": "catmullrom"
						},
						"1.4167": {
							"post": [0, 0, 0],
							"lerp_mode": "catmullrom"
						}
					}
				},
				"left_head_ribbbo_2": {
					"rotation": {
						"0.0": [0, 0, 0],
						"0.7083": {
							"pre": [0, 0, 0],
							"post": [0, 0, 0],
							"lerp_mode": "catmullrom"
						},
						"1.0": {
							"post": [0, -5, -10],
							"lerp_mode": "catmullrom"
						},
						"1.1667": {
							"post": [0, -5, -10],
							"lerp_mode": "catmullrom"
						},
						"1.4167": {
							"post": [0, 0, 0],
							"lerp_mode": "catmullrom"
						}
					}
				},
				"left_head_ribbbo_3": {
					"rotation": {
						"0.0": [0, 0, 0],
						"0.7083": {
							"pre": [0, 0, 0],
							"post": [0, 0, 0],
							"lerp_mode": "catmullrom"
						},
						"1.0": {
							"post": [0, -10, 5],
							"lerp_mode": "catmullrom"
						},
						"1.1667": {
							"post": [0, -10, 5],
							"lerp_mode": "catmullrom"
						},
						"1.4167": {
							"post": [0, 0, 0],
							"lerp_mode": "catmullrom"
						}
					}
				},
				"right_head_ribbbo_1": {
					"rotation": {
						"0.0": [0, 0, 0],
						"0.7083": {
							"pre": [0, 0, 0],
							"post": [0, 0, 0],
							"lerp_mode": "catmullrom"
						},
						"1.0": {
							"post": [0, -5, 10],
							"lerp_mode": "catmullrom"
						},
						"1.1667": {
							"post": [0, -5, 10],
							"lerp_mode": "catmullrom"
						},
						"1.4167": {
							"post": [0, 0, 0],
							"lerp_mode": "catmullrom"
						}
					}
				},
				"right_head_ribbbo_2": {
					"rotation": {
						"0.0": [0, 0, 0],
						"0.7083": {
							"pre": [0, 0, 0],
							"post": [0, 0, 0],
							"lerp_mode": "catmullrom"
						},
						"1.0": {
							"post": [0, -5, 10],
							"lerp_mode": "catmullrom"
						},
						"1.1667": {
							"post": [0, -5, 10],
							"lerp_mode": "catmullrom"
						},
						"1.4167": {
							"post": [0, 0, 0],
							"lerp_mode": "catmullrom"
						}
					}
				},
				"right_head_ribbbo_3": {
					"rotation": {
						"0.0": [0, 0, 0],
						"0.7083": {
							"pre": [0, 0, 0],
							"post": [0, 0, 0],
							"lerp_mode": "catmullrom"
						},
						"1.0": {
							"post": [0, -10, -5],
							"lerp_mode": "catmullrom"
						},
						"1.4167": {
							"post": [0, 0, 0],
							"lerp_mode": "catmullrom"
						}
					}
				},
				"Mouth4": {
					"position": {
						"0.0": {
							"post": [0, 0, -1],
							"lerp_mode": "catmullrom"
						}
					},
					"scale": {
						"0.0": {
							"post": [1, 1, 1],
							"lerp_mode": "catmullrom"
						},
						"0.25": {
							"post": [1, 1, 1],
							"lerp_mode": "catmullrom"
						},
						"0.4583": {
							"post": [0.5, 0, 1],
							"lerp_mode": "catmullrom"
						},
						"1.2083": {
							"post": [0.5, 0, 1],
							"lerp_mode": "catmullrom"
						},
						"1.375": {
							"post": [1, 1, 1],
							"lerp_mode": "catmullrom"
						}
					}
				},
				"front_dress": {
					"rotation": {
						"0.0": {
							"post": [-5, 0, 0],
							"lerp_mode": "catmullrom"
						},
						"0.2083": {
							"post": [-5, 0, 0],
							"lerp_mode": "catmullrom"
						},
						"0.4167": {
							"post": [0, 0, 0],
							"lerp_mode": "catmullrom"
						},
						"0.7083": {
							"post": [0, 0, 0],
							"lerp_mode": "catmullrom"
						},
						"1.0": {
							"post": [-15, 0, 0],
							"lerp_mode": "catmullrom"
						},
						"1.2917": {
							"post": [-15, 0, 0],
							"lerp_mode": "catmullrom"
						},
						"1.5417": {
							"post": [-5, 0, 0],
							"lerp_mode": "catmullrom"
						}
					}
				},
				"front_right_dress": {
					"rotation": {
						"0.0": [0, 0, 0],
						"0.7083": {
							"pre": [0, 0, 0],
							"post": [0, 0, 0],
							"lerp_mode": "catmullrom"
						},
						"1.0": {
							"post": [0, 0, 5],
							"lerp_mode": "catmullrom"
						},
						"1.2917": {
							"post": [0, 0, 5],
							"lerp_mode": "catmullrom"
						},
						"1.5417": {
							"post": [0, 0, 0],
							"lerp_mode": "catmullrom"
						}
					}
				},
				"front_left_dress": {
					"rotation": {
						"0.0": [0, 0, 0],
						"0.7083": {
							"pre": [0, 0, 0],
							"post": [0, 0, 0],
							"lerp_mode": "catmullrom"
						},
						"1.0": {
							"post": [0, 0, -5],
							"lerp_mode": "catmullrom"
						},
						"1.2917": {
							"post": [0, 0, -5],
							"lerp_mode": "catmullrom"
						},
						"1.5417": {
							"post": [0, 0, 0],
							"lerp_mode": "catmullrom"
						}
					}
				},
				"back_dress": {
					"rotation": {
						"0.0": [0, 0, 0],
						"0.7083": {
							"pre": [0, 0, 0],
							"post": [0, 0, 0],
							"lerp_mode": "catmullrom"
						},
						"1.0": {
							"post": [10, 0, 0],
							"lerp_mode": "catmullrom"
						},
						"1.2917": {
							"post": [10, 0, 0],
							"lerp_mode": "catmullrom"
						},
						"1.5417": {
							"post": [0, 0, 0],
							"lerp_mode": "catmullrom"
						}
					}
				},
				"back_right_dress": {
					"rotation": {
						"0.0": [0, 0, 0],
						"0.7083": {
							"pre": [0, 0, 0],
							"post": [0, 0, 0],
							"lerp_mode": "catmullrom"
						},
						"1.0": {
							"post": [0, 0, 5],
							"lerp_mode": "catmullrom"
						},
						"1.2917": {
							"post": [0, 0, 5],
							"lerp_mode": "catmullrom"
						},
						"1.5417": {
							"post": [0, 0, 0],
							"lerp_mode": "catmullrom"
						}
					}
				},
				"back_left_dress": {
					"rotation": {
						"0.0": [0, 0, 0],
						"0.7083": {
							"pre": [0, 0, 0],
							"post": [0, 0, 0],
							"lerp_mode": "catmullrom"
						},
						"1.0": {
							"post": [0, 0, -5],
							"lerp_mode": "catmullrom"
						},
						"1.2917": {
							"post": [0, 0, -5],
							"lerp_mode": "catmullrom"
						},
						"1.5417": {
							"post": [0, 0, 0],
							"lerp_mode": "catmullrom"
						}
					}
				},
				"right_dress": {
					"rotation": {
						"0.0": [0, 0, 0],
						"0.7083": {
							"pre": [0, 0, 0],
							"post": [0, 0, 0],
							"lerp_mode": "catmullrom"
						},
						"1.0": {
							"post": [0, 0, 10],
							"lerp_mode": "catmullrom"
						},
						"1.2917": {
							"post": [0, 0, 10],
							"lerp_mode": "catmullrom"
						},
						"1.5417": {
							"post": [0, 0, 0],
							"lerp_mode": "catmullrom"
						}
					}
				},
				"left_dress": {
					"rotation": {
						"0.0": [0, 0, 0],
						"0.7083": {
							"pre": [0, 0, 0],
							"post": [0, 0, 0],
							"lerp_mode": "catmullrom"
						},
						"1.0": {
							"post": [0, 0, -10],
							"lerp_mode": "catmullrom"
						},
						"1.2917": {
							"post": [0, 0, -10],
							"lerp_mode": "catmullrom"
						},
						"1.5417": {
							"post": [0, 0, 0],
							"lerp_mode": "catmullrom"
						}
					}
				},
				"LeftLeg": {
					"rotation": {
						"0.0": [-35, 30, 0],
						"0.2083": [-30, 15, 0],
						"0.4167": {
							"pre": [-10, -15, 0],
							"post": [-10, -15, 0],
							"lerp_mode": "catmullrom"
						},
						"0.5833": {
							"post": [-10, -15, 0],
							"lerp_mode": "catmullrom"
						},
						"0.7083": {
							"post": [-10, 15, -2.5],
							"lerp_mode": "catmullrom"
						},
						"0.7917": {
							"post": [-25, 15, -2.5],
							"lerp_mode": "catmullrom"
						},
						"1.4167": {
							"post": [-35.5, 30, 0],
							"lerp_mode": "catmullrom"
						}
					}
				},
				"LeftLowerLeg": {
					"rotation": {
						"0.0": [83.5, 0, 0],
						"0.2083": [77.5, 0, 0],
						"0.4167": {
							"pre": [10, 0, 0],
							"post": [10, 0, 0],
							"lerp_mode": "catmullrom"
						},
						"0.5833": {
							"post": [10, 0, 0],
							"lerp_mode": "catmullrom"
						},
						"0.7083": {
							"post": [25, 15, 0],
							"lerp_mode": "catmullrom"
						},
						"0.7917": {
							"post": [55, 5, 0],
							"lerp_mode": "catmullrom"
						},
						"1.4167": {
							"post": [83.5, 0, 0],
							"lerp_mode": "catmullrom"
						}
					}
				},
				"RightLeg": {
					"rotation": {
						"0.0": [0, 15, 0],
						"0.2083": [0, 15, 0],
						"0.4167": {
							"pre": [-20, -10, 0],
							"post": [-20, -10, 0],
							"lerp_mode": "catmullrom"
						},
						"0.5833": {
							"post": [-20, -10, 0],
							"lerp_mode": "catmullrom"
						},
						"0.7083": {
							"post": [-5, 10, 0],
							"lerp_mode": "catmullrom"
						},
						"1.4167": {
							"post": [0, 20, 0],
							"lerp_mode": "catmullrom"
						},
						"1.6667": {
							"post": [0, 15, 0],
							"lerp_mode": "catmullrom"
						}
					}
				},
				"RightLowerLeg": {
					"rotation": {
						"0.0": [0, 0, 0],
						"0.2083": [0, 0, 0],
						"0.4167": {
							"pre": [35, 0, 0],
							"post": [35, 0, 0],
							"lerp_mode": "catmullrom"
						},
						"0.5833": {
							"post": [35, 0, 0],
							"lerp_mode": "catmullrom"
						},
						"0.7083": {
							"post": [10, 0, 0],
							"lerp_mode": "catmullrom"
						},
						"1.4167": {
							"post": [0, 0, 0],
							"lerp_mode": "catmullrom"
						},
						"1.6667": {
							"post": [0, 0, 0],
							"lerp_mode": "catmullrom"
						}
					}
				},
				"Mouth1": {
					"position": [0, 0, 1]
				},
				"LeftFoot": {
					"rotation": {
						"0.0": {
							"post": [10, 0, 0],
							"lerp_mode": "catmullrom"
						},
						"0.2083": {
							"post": [10, 0, 0],
							"lerp_mode": "catmullrom"
						},
						"0.4167": {
							"post": [0, 0, 0],
							"lerp_mode": "catmullrom"
						},
						"0.5833": {
							"post": [0, 0, 0],
							"lerp_mode": "catmullrom"
						},
						"0.7083": {
							"post": [15, 0, 0],
							"lerp_mode": "catmullrom"
						},
						"1.4167": {
							"post": [10, 0, 0],
							"lerp_mode": "catmullrom"
						},
						"1.6667": {
							"post": [10, 0, 0],
							"lerp_mode": "catmullrom"
						}
					}
				},
				"RightFoot": {
					"rotation": {
						"0.0": {
							"post": [10, 0, 0],
							"lerp_mode": "catmullrom"
						},
						"0.2083": {
							"post": [10, 0, 0],
							"lerp_mode": "catmullrom"
						},
						"0.4167": {
							"post": [5, 0, 0],
							"lerp_mode": "catmullrom"
						},
						"0.5833": {
							"post": [5, 0, 0],
							"lerp_mode": "catmullrom"
						},
						"1.4167": {
							"post": [10, 0, 0],
							"lerp_mode": "catmullrom"
						},
						"1.6667": {
							"post": [10, 0, 0],
							"lerp_mode": "catmullrom"
						}
					}
				},
				"Mouth2": {
					"position": [0, 0, 0]
				},
				"Mouth3": {
					"position": [0, 0, 0]
				},
				"Mouth6": {
					"position": [0, 0, 0]
				},
				"Mouth8": {
					"position": [0, 0, 0]
				},
				"Mouth7": {
					"position": [0, 0, 0]
				},
				"Mouth5": {
					"position": [0, 0, 0]
				}
			}
		},
		"extra9": {
			"loop": true,
			"animation_length": 3,
			"bones": {
				"AllBody": {
					"rotation": [2.66222, -19.98476, -0.91012],
					"position": {
						"0.0": {
							"post": [0, 1, 0],
							"lerp_mode": "catmullrom"
						},
						"0.75": {
							"post": [0, 2, 0],
							"lerp_mode": "catmullrom"
						},
						"1.5": {
							"post": [0, 1, 0],
							"lerp_mode": "catmullrom"
						},
						"2.25": {
							"post": [0, 2, 0],
							"lerp_mode": "catmullrom"
						},
						"3.0": {
							"post": [0, 1, 0],
							"lerp_mode": "catmullrom"
						}
					}
				},
				"UpBody": {
					"rotation": [-7.5, 0, 0],
					"position": [0, 0, 0]
				},
				"Head": {
					"rotation": [5.08671, 9.98515, 0.6656]
				},
				"LeftArm": {
					"rotation": [-47.40518, 63.47739, -15.20991]
				},
				"LeftForeArm": {
					"rotation": [-5, 10, 0]
				},
				"RightArm": {
					"rotation": [-33.2612, -62.84519, 3.25458]
				},
				"RightForeArm": {
					"rotation": [-5, -12.5, 0]
				},
				"LeftLeg": {
					"rotation": {
						"0.0": {
							"post": [-16.71721, 9.23216, -7.48788],
							"lerp_mode": "catmullrom"
						},
						"0.75": {
							"post": [-14.21721, 9.23216, -7.48788],
							"lerp_mode": "catmullrom"
						},
						"1.5": {
							"post": [-16.71721, 9.23216, -7.48788],
							"lerp_mode": "catmullrom"
						},
						"2.25": {
							"post": [-14.21721, 9.23216, -7.48788],
							"lerp_mode": "catmullrom"
						},
						"3.0": {
							"post": [-16.71721, 9.23216, -7.48788],
							"lerp_mode": "catmullrom"
						}
					}
				},
				"LeftLowerLeg": {
					"rotation": [2.7614, 14.8687, 2.00307]
				},
				"LeftFoot": {
					"rotation": [15, 0, 0]
				},
				"RightLeg": {
					"rotation": {
						"0.0": {
							"post": [-16.71721, -9.23216, 7.48788],
							"lerp_mode": "catmullrom"
						},
						"0.75": {
							"post": [-14.21721, -9.23216, 7.48788],
							"lerp_mode": "catmullrom"
						},
						"1.5": {
							"post": [-16.71721, -9.23216, 7.48788],
							"lerp_mode": "catmullrom"
						},
						"2.25": {
							"post": [-14.21721, -9.23216, 7.48788],
							"lerp_mode": "catmullrom"
						},
						"3.0": {
							"post": [-16.71721, -9.23216, 7.48788],
							"lerp_mode": "catmullrom"
						}
					}
				},
				"RightLowerLeg": {
					"rotation": [-0.05715, -5.01879, 0.43691]
				},
				"Root": {
					"scale": 1
				},
				"Mouth1": {
					"position": [0, 0, -1]
				},
				"front_dress": {
					"rotation": {
						"0.0": {
							"post": [-10, 0, 0],
							"lerp_mode": "catmullrom"
						},
						"0.2917": {
							"post": [-7.5, 0, 0],
							"lerp_mode": "catmullrom"
						},
						"0.4583": {
							"post": [-7.5, 0, 0],
							"lerp_mode": "catmullrom"
						},
						"0.75": {
							"post": [-10, 0, 0],
							"lerp_mode": "catmullrom"
						},
						"1.0417": {
							"post": [-12.5, 0, 0],
							"lerp_mode": "catmullrom"
						},
						"1.2083": {
							"post": [-12.5, 0, 0],
							"lerp_mode": "catmullrom"
						},
						"1.5": {
							"post": [-10, 0, 0],
							"lerp_mode": "catmullrom"
						},
						"1.7917": {
							"post": [-7.5, 0, 0],
							"lerp_mode": "catmullrom"
						},
						"1.9583": {
							"post": [-7.5, 0, 0],
							"lerp_mode": "catmullrom"
						},
						"2.25": {
							"post": [-10, 0, 0],
							"lerp_mode": "catmullrom"
						},
						"2.5417": {
							"post": [-12.5, 0, 0],
							"lerp_mode": "catmullrom"
						},
						"2.7083": {
							"post": [-12.5, 0, 0],
							"lerp_mode": "catmullrom"
						},
						"3.0": {
							"post": [-10, 0, 0],
							"lerp_mode": "catmullrom"
						}
					}
				},
				"front_right_dress": {
					"rotation": {
						"0.0": {
							"post": [0, 0, 5],
							"lerp_mode": "catmullrom"
						},
						"0.2917": {
							"post": [0, 0, 2.5],
							"lerp_mode": "catmullrom"
						},
						"0.4583": {
							"post": [0, 0, 2.5],
							"lerp_mode": "catmullrom"
						},
						"0.75": {
							"post": [0, 0, 5],
							"lerp_mode": "catmullrom"
						},
						"1.0417": {
							"post": [0, 0, 7.5],
							"lerp_mode": "catmullrom"
						},
						"1.2083": {
							"post": [0, 0, 7.5],
							"lerp_mode": "catmullrom"
						},
						"1.5": {
							"post": [0, 0, 5],
							"lerp_mode": "catmullrom"
						},
						"1.7917": {
							"post": [0, 0, 2.5],
							"lerp_mode": "catmullrom"
						},
						"1.9583": {
							"post": [0, 0, 2.5],
							"lerp_mode": "catmullrom"
						},
						"2.25": {
							"post": [0, 0, 5],
							"lerp_mode": "catmullrom"
						},
						"2.5417": {
							"post": [0, 0, 7.5],
							"lerp_mode": "catmullrom"
						},
						"2.7083": {
							"post": [0, 0, 7.5],
							"lerp_mode": "catmullrom"
						},
						"3.0": {
							"post": [0, 0, 5],
							"lerp_mode": "catmullrom"
						}
					}
				},
				"front_left_dress": {
					"rotation": {
						"0.0": {
							"post": [0, 0, -5],
							"lerp_mode": "catmullrom"
						},
						"0.2917": {
							"post": [0, 0, -2.5],
							"lerp_mode": "catmullrom"
						},
						"0.4583": {
							"post": [0, 0, -2.5],
							"lerp_mode": "catmullrom"
						},
						"0.75": {
							"post": [0, 0, -5],
							"lerp_mode": "catmullrom"
						},
						"1.0417": {
							"post": [0, 0, -7.5],
							"lerp_mode": "catmullrom"
						},
						"1.2083": {
							"post": [0, 0, -7.5],
							"lerp_mode": "catmullrom"
						},
						"1.5": {
							"post": [0, 0, -5],
							"lerp_mode": "catmullrom"
						},
						"1.7917": {
							"post": [0, 0, -2.5],
							"lerp_mode": "catmullrom"
						},
						"1.9583": {
							"post": [0, 0, -2.5],
							"lerp_mode": "catmullrom"
						},
						"2.25": {
							"post": [0, 0, -5],
							"lerp_mode": "catmullrom"
						},
						"2.5417": {
							"post": [0, 0, -7.5],
							"lerp_mode": "catmullrom"
						},
						"2.7083": {
							"post": [0, 0, -7.5],
							"lerp_mode": "catmullrom"
						},
						"3.0": {
							"post": [0, 0, -5],
							"lerp_mode": "catmullrom"
						}
					}
				},
				"back_dress": {
					"rotation": {
						"0.0": {
							"post": [10, 0, 0],
							"lerp_mode": "catmullrom"
						},
						"0.2917": {
							"post": [7.5, 0, 0],
							"lerp_mode": "catmullrom"
						},
						"0.4583": {
							"post": [7.5, 0, 0],
							"lerp_mode": "catmullrom"
						},
						"0.75": {
							"post": [10, 0, 0],
							"lerp_mode": "catmullrom"
						},
						"1.0417": {
							"post": [12.5, 0, 0],
							"lerp_mode": "catmullrom"
						},
						"1.2083": {
							"post": [12.5, 0, 0],
							"lerp_mode": "catmullrom"
						},
						"1.5": {
							"post": [10, 0, 0],
							"lerp_mode": "catmullrom"
						},
						"1.7917": {
							"post": [7.5, 0, 0],
							"lerp_mode": "catmullrom"
						},
						"1.9583": {
							"post": [7.5, 0, 0],
							"lerp_mode": "catmullrom"
						},
						"2.25": {
							"post": [10, 0, 0],
							"lerp_mode": "catmullrom"
						},
						"2.5417": {
							"post": [12.5, 0, 0],
							"lerp_mode": "catmullrom"
						},
						"2.7083": {
							"post": [12.5, 0, 0],
							"lerp_mode": "catmullrom"
						},
						"3.0": {
							"post": [10, 0, 0],
							"lerp_mode": "catmullrom"
						}
					}
				},
				"back_right_dress": {
					"rotation": {
						"0.0": {
							"post": [0, 0, 5],
							"lerp_mode": "catmullrom"
						},
						"0.2917": {
							"post": [0, 0, 2.5],
							"lerp_mode": "catmullrom"
						},
						"0.4583": {
							"post": [0, 0, 2.5],
							"lerp_mode": "catmullrom"
						},
						"0.75": {
							"post": [0, 0, 5],
							"lerp_mode": "catmullrom"
						},
						"1.0417": {
							"post": [0, 0, 7.5],
							"lerp_mode": "catmullrom"
						},
						"1.2083": {
							"post": [0, 0, 7.5],
							"lerp_mode": "catmullrom"
						},
						"1.5": {
							"post": [0, 0, 5],
							"lerp_mode": "catmullrom"
						},
						"1.7917": {
							"post": [0, 0, 2.5],
							"lerp_mode": "catmullrom"
						},
						"1.9583": {
							"post": [0, 0, 2.5],
							"lerp_mode": "catmullrom"
						},
						"2.25": {
							"post": [0, 0, 5],
							"lerp_mode": "catmullrom"
						},
						"2.5417": {
							"post": [0, 0, 7.5],
							"lerp_mode": "catmullrom"
						},
						"2.7083": {
							"post": [0, 0, 7.5],
							"lerp_mode": "catmullrom"
						},
						"3.0": {
							"post": [0, 0, 5],
							"lerp_mode": "catmullrom"
						}
					}
				},
				"back_left_dress": {
					"rotation": {
						"0.0": {
							"post": [0, 0, -5],
							"lerp_mode": "catmullrom"
						},
						"0.2917": {
							"post": [0, 0, -2.5],
							"lerp_mode": "catmullrom"
						},
						"0.4583": {
							"post": [0, 0, -2.5],
							"lerp_mode": "catmullrom"
						},
						"0.75": {
							"post": [0, 0, -5],
							"lerp_mode": "catmullrom"
						},
						"1.0417": {
							"post": [0, 0, -7.5],
							"lerp_mode": "catmullrom"
						},
						"1.2083": {
							"post": [0, 0, -7.5],
							"lerp_mode": "catmullrom"
						},
						"1.5": {
							"post": [0, 0, -5],
							"lerp_mode": "catmullrom"
						},
						"1.7917": {
							"post": [0, 0, -2.5],
							"lerp_mode": "catmullrom"
						},
						"1.9583": {
							"post": [0, 0, -2.5],
							"lerp_mode": "catmullrom"
						},
						"2.25": {
							"post": [0, 0, -5],
							"lerp_mode": "catmullrom"
						},
						"2.5417": {
							"post": [0, 0, -7.5],
							"lerp_mode": "catmullrom"
						},
						"2.7083": {
							"post": [0, 0, -7.5],
							"lerp_mode": "catmullrom"
						},
						"3.0": {
							"post": [0, 0, -5],
							"lerp_mode": "catmullrom"
						}
					}
				},
				"right_dress": {
					"rotation": {
						"0.0": {
							"post": [0, 0, 5],
							"lerp_mode": "catmullrom"
						},
						"0.2917": {
							"post": [0, 0, 2.5],
							"lerp_mode": "catmullrom"
						},
						"0.4583": {
							"post": [0, 0, 2.5],
							"lerp_mode": "catmullrom"
						},
						"0.75": {
							"post": [0, 0, 5],
							"lerp_mode": "catmullrom"
						},
						"1.0417": {
							"post": [0, 0, 7.5],
							"lerp_mode": "catmullrom"
						},
						"1.2083": {
							"post": [0, 0, 7.5],
							"lerp_mode": "catmullrom"
						},
						"1.5": {
							"post": [0, 0, 5],
							"lerp_mode": "catmullrom"
						},
						"1.7917": {
							"post": [0, 0, 2.5],
							"lerp_mode": "catmullrom"
						},
						"1.9583": {
							"post": [0, 0, 2.5],
							"lerp_mode": "catmullrom"
						},
						"2.25": {
							"post": [0, 0, 5],
							"lerp_mode": "catmullrom"
						},
						"2.5417": {
							"post": [0, 0, 7.5],
							"lerp_mode": "catmullrom"
						},
						"2.7083": {
							"post": [0, 0, 7.5],
							"lerp_mode": "catmullrom"
						},
						"3.0": {
							"post": [0, 0, 5],
							"lerp_mode": "catmullrom"
						}
					}
				},
				"left_dress": {
					"rotation": {
						"0.0": {
							"post": [0, 0, -5],
							"lerp_mode": "catmullrom"
						},
						"0.2917": {
							"post": [0, 0, -2.5],
							"lerp_mode": "catmullrom"
						},
						"0.4583": {
							"post": [0, 0, -2.5],
							"lerp_mode": "catmullrom"
						},
						"0.75": {
							"post": [0, 0, -5],
							"lerp_mode": "catmullrom"
						},
						"1.0417": {
							"post": [0, 0, -7.5],
							"lerp_mode": "catmullrom"
						},
						"1.2083": {
							"post": [0, 0, -7.5],
							"lerp_mode": "catmullrom"
						},
						"1.5": {
							"post": [0, 0, -5],
							"lerp_mode": "catmullrom"
						},
						"1.7917": {
							"post": [0, 0, -2.5],
							"lerp_mode": "catmullrom"
						},
						"1.9583": {
							"post": [0, 0, -2.5],
							"lerp_mode": "catmullrom"
						},
						"2.25": {
							"post": [0, 0, -5],
							"lerp_mode": "catmullrom"
						},
						"2.5417": {
							"post": [0, 0, -7.5],
							"lerp_mode": "catmullrom"
						},
						"2.7083": {
							"post": [0, 0, -7.5],
							"lerp_mode": "catmullrom"
						},
						"3.0": {
							"post": [0, 0, -5],
							"lerp_mode": "catmullrom"
						}
					}
				},
				"hand_ribbon1": {
					"rotation": [-10, 0, 50]
				},
				"RightEyesBase": {
					"position": [-0.05, 0, 0]
				},
				"LeftEyesBase": {
					"position": [-0.05, 0, 0]
				},
				"right_brow": {
					"position": [0, 0.1, 0]
				},
				"left_brow": {
					"position": [0, 0.1, 0]
				},
				"braid": {
					"rotation": {
						"0.0": [0, 0, 0],
						"0.75": [0, 0, 0],
						"1.0": {
							"pre": [-5, 0, 0],
							"post": [-5, 0, 0],
							"lerp_mode": "catmullrom"
						},
						"1.25": {
							"post": [-5, 0, 0],
							"lerp_mode": "catmullrom"
						},
						"1.5": [0, 0, 0],
						"2.25": [0, 0, 0],
						"2.5": {
							"pre": [-5, 0, 0],
							"post": [-5, 0, 0],
							"lerp_mode": "catmullrom"
						},
						"2.75": {
							"post": [-5, 0, 0],
							"lerp_mode": "catmullrom"
						},
						"3.0": [0, 0, 0]
					}
				},
				"braid_tie": {
					"rotation": {
						"0.0": [0, 0, 0],
						"0.25": {
							"pre": [5, 0, 0],
							"post": [5, 0, 0],
							"lerp_mode": "catmullrom"
						},
						"0.5": {
							"post": [5, 0, 0],
							"lerp_mode": "catmullrom"
						},
						"0.75": [0, 0, 0],
						"0.9583": {
							"pre": [-10, 0, 0],
							"post": [-10, 0, 0],
							"lerp_mode": "catmullrom"
						},
						"1.2917": {
							"post": [-10, 0, 0],
							"lerp_mode": "catmullrom"
						},
						"1.5": [0, 0, 0],
						"1.75": {
							"pre": [5, 0, 0],
							"post": [5, 0, 0],
							"lerp_mode": "catmullrom"
						},
						"2.0": {
							"post": [5, 0, 0],
							"lerp_mode": "catmullrom"
						},
						"2.25": [0, 0, 0],
						"2.5": {
							"pre": [-10, 0, 0],
							"post": [-10, 0, 0],
							"lerp_mode": "catmullrom"
						},
						"2.75": {
							"post": [-10, 0, 0],
							"lerp_mode": "catmullrom"
						},
						"3.0": [0, 0, 0]
					}
				},
				"right_hair2": {
					"rotation": {
						"0.0": [0, 0, 0],
						"0.75": [0, 0, 0],
						"1.0": {
							"pre": [-5, 0, 0],
							"post": [-5, 0, 0],
							"lerp_mode": "catmullrom"
						},
						"1.25": {
							"post": [-5, 0, 0],
							"lerp_mode": "catmullrom"
						},
						"1.5": [0, 0, 0],
						"2.25": [0, 0, 0],
						"2.5": {
							"pre": [-5, 0, 0],
							"post": [-5, 0, 0],
							"lerp_mode": "catmullrom"
						},
						"2.75": {
							"post": [-5, 0, 0],
							"lerp_mode": "catmullrom"
						},
						"3.0": [0, 0, 0]
					}
				},
				"left_hair2": {
					"rotation": {
						"0.0": [0, 0, 0],
						"0.75": [0, 0, 0],
						"1.0": {
							"pre": [-5, 0, 0],
							"post": [-5, 0, 0],
							"lerp_mode": "catmullrom"
						},
						"1.25": {
							"post": [-5, 0, 0],
							"lerp_mode": "catmullrom"
						},
						"1.5": [0, 0, 0],
						"2.25": [0, 0, 0],
						"2.5417": {
							"pre": [-5, 0, 0],
							"post": [-5, 0, 0],
							"lerp_mode": "catmullrom"
						},
						"2.7083": {
							"post": [-5, 0, 0],
							"lerp_mode": "catmullrom"
						},
						"3.0": [0, 0, 0]
					}
				},
				"left_head_ribbbo_1": {
					"rotation": {
						"0.0": [0, 0, -15],
						"0.25": {
							"pre": [0, 0, -10],
							"post": [0, 0, -10],
							"lerp_mode": "catmullrom"
						},
						"0.5": {
							"post": [0, 0, -10],
							"lerp_mode": "catmullrom"
						},
						"0.75": [0, 0, -15],
						"1.0": {
							"pre": [0, 0, -17.5],
							"post": [0, 0, -17.5],
							"lerp_mode": "catmullrom"
						},
						"1.25": {
							"post": [0, 0, -17.5],
							"lerp_mode": "catmullrom"
						},
						"1.5": [0, 0, -15],
						"1.75": {
							"pre": [0, 0, -10],
							"post": [0, 0, -10],
							"lerp_mode": "catmullrom"
						},
						"2.0": {
							"post": [0, 0, -10],
							"lerp_mode": "catmullrom"
						},
						"2.25": [0, 0, -15],
						"2.5": {
							"pre": [0, 0, -17.5],
							"post": [0, 0, -17.5],
							"lerp_mode": "catmullrom"
						},
						"2.75": {
							"post": [0, 0, -17.5],
							"lerp_mode": "catmullrom"
						},
						"3.0": [0, 0, -15]
					}
				},
				"left_head_ribbbo_2": {
					"rotation": {
						"0.0": [0, 0, 0],
						"0.25": {
							"pre": [0, 0, 2.5],
							"post": [0, 0, 2.5],
							"lerp_mode": "catmullrom"
						},
						"0.5": {
							"post": [0, 0, 2.5],
							"lerp_mode": "catmullrom"
						},
						"0.75": [0, 0, 0],
						"1.0": {
							"pre": [0, 0, -10],
							"post": [0, 0, -10],
							"lerp_mode": "catmullrom"
						},
						"1.25": {
							"post": [0, 0, -10],
							"lerp_mode": "catmullrom"
						},
						"1.5": [0, 0, 0],
						"1.75": {
							"pre": [0, 0, 2.5],
							"post": [0, 0, 2.5],
							"lerp_mode": "catmullrom"
						},
						"2.0": {
							"post": [0, 0, 2.5],
							"lerp_mode": "catmullrom"
						},
						"2.25": [0, 0, 0],
						"2.5": {
							"pre": [0, 0, -10],
							"post": [0, 0, -10],
							"lerp_mode": "catmullrom"
						},
						"2.75": {
							"post": [0, 0, -10],
							"lerp_mode": "catmullrom"
						},
						"3.0": [0, 0, 0]
					}
				},
				"left_head_ribbbo_3": {
					"rotation": {
						"0.0": [0, 0, 0],
						"0.25": {
							"pre": [0, 0, 10],
							"post": [0, 0, 10],
							"lerp_mode": "catmullrom"
						},
						"0.5": {
							"post": [0, 0, 10],
							"lerp_mode": "catmullrom"
						},
						"0.75": [0, 0, 0],
						"1.0": {
							"pre": [0, 0, -5],
							"post": [0, 0, -5],
							"lerp_mode": "catmullrom"
						},
						"1.25": {
							"post": [0, 0, -5],
							"lerp_mode": "catmullrom"
						},
						"1.5": [0, 0, 0],
						"1.75": {
							"pre": [0, 0, 10],
							"post": [0, 0, 10],
							"lerp_mode": "catmullrom"
						},
						"2.0": {
							"post": [0, 0, 10],
							"lerp_mode": "catmullrom"
						},
						"2.25": [0, 0, 0],
						"2.5": {
							"pre": [0, 0, -5],
							"post": [0, 0, -5],
							"lerp_mode": "catmullrom"
						},
						"2.75": {
							"post": [0, 0, -5],
							"lerp_mode": "catmullrom"
						},
						"3.0": [0, 0, 0]
					}
				},
				"right_head_ribbbo_1": {
					"rotation": {
						"0.0": [0, 0, 15],
						"0.25": {
							"pre": [0, 0, 10],
							"post": [0, 0, 10],
							"lerp_mode": "catmullrom"
						},
						"0.5": {
							"post": [0, 0, 10],
							"lerp_mode": "catmullrom"
						},
						"0.75": [0, 0, 15],
						"1.0": {
							"pre": [0, 0, 17.5],
							"post": [0, 0, 17.5],
							"lerp_mode": "catmullrom"
						},
						"1.25": {
							"post": [0, 0, 17.5],
							"lerp_mode": "catmullrom"
						},
						"1.5": [0, 0, 15],
						"1.75": {
							"pre": [0, 0, 10],
							"post": [0, 0, 10],
							"lerp_mode": "catmullrom"
						},
						"2.0": {
							"post": [0, 0, 10],
							"lerp_mode": "catmullrom"
						},
						"2.25": [0, 0, 15],
						"2.5": {
							"pre": [0, 0, 17.5],
							"post": [0, 0, 17.5],
							"lerp_mode": "catmullrom"
						},
						"2.75": {
							"post": [0, 0, 17.5],
							"lerp_mode": "catmullrom"
						},
						"3.0": [0, 0, 15]
					}
				},
				"right_head_ribbbo_2": {
					"rotation": {
						"0.0": [0, 0, 0],
						"0.25": {
							"pre": [0, 0, -2.5],
							"post": [0, 0, -2.5],
							"lerp_mode": "catmullrom"
						},
						"0.5": {
							"post": [0, 0, -2.5],
							"lerp_mode": "catmullrom"
						},
						"0.75": [0, 0, 0],
						"1.0": {
							"pre": [0, 0, 10],
							"post": [0, 0, 10],
							"lerp_mode": "catmullrom"
						},
						"1.25": {
							"post": [0, 0, 10],
							"lerp_mode": "catmullrom"
						},
						"1.5": [0, 0, 0],
						"1.75": {
							"pre": [0, 0, -2.5],
							"post": [0, 0, -2.5],
							"lerp_mode": "catmullrom"
						},
						"2.0": {
							"post": [0, 0, -2.5],
							"lerp_mode": "catmullrom"
						},
						"2.25": [0, 0, 0],
						"2.5": {
							"pre": [0, 0, 10],
							"post": [0, 0, 10],
							"lerp_mode": "catmullrom"
						},
						"2.75": {
							"post": [0, 0, 10],
							"lerp_mode": "catmullrom"
						},
						"3.0": [0, 0, 0]
					}
				},
				"right_head_ribbbo_3": {
					"rotation": {
						"0.0": [0, 0, 0],
						"0.25": {
							"pre": [0, 0, -10],
							"post": [0, 0, -10],
							"lerp_mode": "catmullrom"
						},
						"0.5": {
							"post": [0, 0, -10],
							"lerp_mode": "catmullrom"
						},
						"0.75": [0, 0, 0],
						"1.0": {
							"pre": [0, 0, 5],
							"post": [0, 0, 5],
							"lerp_mode": "catmullrom"
						},
						"1.25": {
							"post": [0, 0, 5],
							"lerp_mode": "catmullrom"
						},
						"1.5": [0, 0, 0],
						"1.75": {
							"pre": [0, 0, -10],
							"post": [0, 0, -10],
							"lerp_mode": "catmullrom"
						},
						"2.0": {
							"post": [0, 0, -10],
							"lerp_mode": "catmullrom"
						},
						"2.25": [0, 0, 0],
						"2.5": {
							"pre": [0, 0, 5],
							"post": [0, 0, 5],
							"lerp_mode": "catmullrom"
						},
						"2.75": {
							"post": [0, 0, 5],
							"lerp_mode": "catmullrom"
						},
						"3.0": [0, 0, 0]
					}
				},
				"epecial_effect1": {
					"scale": 1
				},
				"special_effect1_1": {
					"rotation": {
						"0.0": [0, 0, 0],
						"0.25": [0, 30, 0],
						"0.5": [0, 60, 0],
						"0.75": [0, 90, 0],
						"1.0": [0, 120, 0],
						"1.25": [0, 150, 0],
						"1.5": [0, 180, 0],
						"1.75": [0, 210, 0],
						"2.0": [0, 240, 0],
						"2.25": [0, 270, 0],
						"2.5": [0, 300, 0],
						"2.75": [0, 330, 0],
						"3.0": [0, 360, 0]
					}
				},
				"special_effect1_2": {
					"rotation": {
						"0.0": [0, 0, 0],
						"0.25": [0, -30, 0],
						"0.5": [0, -60, 0],
						"0.75": [0, -90, 0],
						"1.0": [0, -120, 0],
						"1.25": [0, -150, 0],
						"1.5": [0, -180, 0],
						"1.75": [0, -210, 0],
						"2.0": [0, -240, 0],
						"2.25": [0, -270, 0],
						"2.5": [0, -300, 0],
						"2.75": [0, -330, 0],
						"3.0": [0, -360, 0]
					}
				}
			}
		},
		"extra10": {
			"loop": true,
			"animation_length": 0.5,
			"bones": {
				"AllBody": {
					"rotation": [-2.5, 45, 0],
					"position": [0, 1.5, 0]
				},
				"UpBody": {
					"rotation": [0, -7.5, 0]
				},
				"UpperBody": {
					"rotation": [0, -2.5, 0]
				},
				"Head": {
					"rotation": [7.5, -30, 0],
					"scale": 1
				},
				"left_braid": {
					"rotation": [0, 0, -5]
				},
				"right_braid": {
					"rotation": [0, 0, -2.5]
				},
				"RightEyesBase": {
					"position": [0, 0, 0]
				},
				"LeftEyesBase": {
					"position": [0, 0.2, 0]
				},
				"ysmGlowRightEyesBaseEx1": {
					"position": [0, -0.1, 0]
				},
				"ysmGlowLeftEyesBaseEx1": {
					"position": [0, -0.1, 0]
				},
				"right_eyelid": {
					"rotation": [0, 0, 5],
					"position": [0.05, -0.65, 0]
				},
				"left_eyelid": {
					"rotation": [0, 0, -5],
					"position": [-0.05, -0.3, 0]
				},
				"right_brow": {
					"rotation": [0, 0, 5],
					"position": [0, -0.1, 0]
				},
				"left_brow": {
					"rotation": [0, 0, -5],
					"position": [0, -0.1, 0]
				},
				"Mouth1": {
					"position": [0, -0.05, 0]
				},
				"Mouth2": {
					"position": [0, 0, 0]
				},
				"Mouth3": {
					"position": [0, 0, 0]
				},
				"Mouth4": {
					"position": [0, 0, 0]
				},
				"Mouth5": {
					"position": [0, 0, 0]
				},
				"Mouth6": {
					"position": [0, 0, -1],
					"scale": [0.7, 1, 1]
				},
				"LeftArm": {
					"rotation": [-83.75396, 59.69245, -58.38949]
				},
				"LeftForeArm": {
					"rotation": [-54.78174, 6.93618, -7.02386]
				},
				"LeftHand": {
					"rotation": [22.5, 0, 0]
				},
				"RightArm": {
					"rotation": [23.92734, -10.37719, -12.6436]
				},
				"RightForeArm": {
					"rotation": [-6.50882, -67.36871, 6.01146]
				},
				"plate1": {
					"rotation": [90, 0, 0],
					"scale": 1
				},
				"front_right_dress": {
					"rotation": [0, 0, 7.5]
				},
				"front_left_dress": {
					"rotation": [0, 0, -25]
				},
				"back_right_dress": {
					"rotation": [0, 0, 7.5]
				},
				"back_left_dress": {
					"rotation": [0, 0, -22.5]
				},
				"left_dress": {
					"rotation": [-4.25249, -3.81024, -24.69157]
				},
				"right_dress": {
					"rotation": [-4.86861, 1.29589, 7.4069]
				},
				"LeftLeg": {
					"rotation": [-37.5, 15, 1]
				},
				"LeftLowerLeg": {
					"rotation": [2.5, 0, 0]
				},
				"RightLeg": {
					"rotation": [5, 5, -2.5],
					"position": [0.12689, 0.04916, 0.48113]
				},
				"left_knife": {
					"rotation": [0, 0, 0],
					"position": [0.15, 0, 0]
				},
				"left_knife1": {
					"rotation": [-185, 0, 0],
					"position": [-1.1, -0.75, -1],
					"scale": 0.7
				},
				"left_knife3": {
					"rotation": [-175, 0, 0],
					"position": [1.1, -0.75, -1],
					"scale": 0.7
				},
				"left_knife2": {
					"rotation": [-180, 0, 0],
					"position": [0, -0.75, -1],
					"scale": 0.7
				},
				"RightFoot": {
					"rotation": [67.5, 0, 0],
					"position": [0, 0, -0.5]
				},
				"right_pupil_highlight": {
					"position": [0, 0, 0]
				},
				"left_pupil_highlight": {
					"position": [0, 0, 0]
				},
				"LeftFoot": {
					"rotation": [67.5, 0, 0],
					"position": [0, 0, -0.5]
				},
				"right_lower_eyelid": {
					"position": [0, 0.75, 0]
				},
				"left_lower_eyelid": {
					"position": [0, 0, 0]
				},
				"Mouth": {
					"scale": 1
				},
				"hand_ribbon1": {
					"rotation": [22.5, 0, -45]
				},
				"hand_ribbon2": {
					"rotation": [0, 0, -90]
				},
				"front_middle_hair_1": {
					"rotation": [-10, 0, 0]
				},
				"front_middle_hair3_2": {
					"rotation": [-7.5, 0, 0]
				},
				"front_left_hair1_1": {
					"rotation": [-5, 0, 0]
				},
				"front_right_hair_2": {
					"rotation": [-15, 0, -15]
				},
				"front_right_hair3_": {
					"rotation": [-22.5, 0, 0]
				},
				"front_right_hair1_1": {
					"rotation": [-2.5, 0, 0]
				},
				"front_left_hair_2": {
					"rotation": [-15, 0, 10]
				},
				"front_left_hair3_": {
					"rotation": [-12.5, 0, 10]
				},
				"front_left_hair_3": {
					"rotation": [0, 0, 5]
				},
				"front_left_hair_4": {
					"rotation": [0, 0, 15]
				},
				"braid": {
					"rotation": [-22.5, 0, 7.5]
				},
				"braid_tie": {
					"rotation": [-44.7129, 16.13628, 10.15404]
				},
				"right_hair2": {
					"rotation": [-25.03411, 3.2044, 3.99542]
				},
				"left_hair2": {
					"rotation": [-25.09015, -4.06212, -1.34437]
				},
				"left_head_ribbbon": {
					"rotation": [-17.5, 0, 0],
					"position": [0, 0.15, 0]
				},
				"left_head_ribbbo_1": {
					"rotation": [-22.5, 0, -27.5]
				},
				"left_head_ribbbo_2": {
					"rotation": [-17.5, 0, -45]
				},
				"left_head_ribbbo_3": {
					"rotation": [0, 0, -30]
				},
				"right_head_ribbbon": {
					"rotation": [12.5, 0, 0]
				},
				"right_head_ribbbo_1": {
					"rotation": [22.5, 0, 30]
				},
				"right_head_ribbbo_2": {
					"rotation": [22.53811, -15.92163, 32.12668]
				},
				"right_head_ribbbo_3": {
					"rotation": [0, 0, 30]
				},
				"Mouth7": {
					"position": [0, 0, 0]
				},
				"Mouth8": {
					"position": [0, 0, 0]
				},
				"front_dress": {
					"rotation": [-30, 0, 0]
				},
				"front_dress_link_left": {
					"rotation": [0, 0, -5]
				},
				"back_dress": {
					"rotation": [22.5, 0, 0]
				},
				"back_dress_link_left": {
					"rotation": [0, 0, -5]
				},
				"right_dress_link_front": {
					"rotation": [-2.5, 0, 0]
				},
				"right_dress_link_back": {
					"rotation": [2.5, 0, 0]
				},
				"left_dress_link_front": {
					"rotation": [-2.5, 0, 0]
				},
				"left_dress_link_back": {
					"rotation": [2.5, 0, 0]
				},
				"RightLowerLeg": {
					"rotation": [0, 0, 0]
				},
				"epecial_effect1": {
					"scale": 0
				}
			}
		},
		"custom_anim1_basic_config": {
			"loop": true
		},
		"custom_anim1_detail_config": {
			"loop": true
		},
		"custom_anim2_basic_config": {
			"loop": true
		},
		"custom_anim2_detail_config": {
			"loop": true
		}
	},
	"geckolib_format_version": 2
}