{
	"format_version": "1.12.0",
	"minecraft:geometry": [
		{
			"description": {
				"identifier": "geometry.unknown",
				"texture_width": 176,
				"texture_height": 176,
				"visible_bounds_width": 7,
				"visible_bounds_height": 5,
				"visible_bounds_offset": [0, 1.5, 0]
			},
			"bones": [
				{
					"name": "Root",
					"pivot": [0, -0.35, 0]
				},
				{
					"name": "AllBody",
					"parent": "Root",
					"pivot": [0, 20.65, 0]
				},
				{
					"name": "UpBody",
					"parent": "AllBody",
					"pivot": [0, 20.65, 0],
					"cubes": [
						{"origin": [-3.5, 20.75, -2.025], "size": [7, 11, 4.05], "uv": [60, 0]},
						{"origin": [-1.5, 19.75, -2.025], "size": [3, 1, 4.05], "uv": [24, 92]},
						{"origin": [-4, 31.575, -1.9], "size": [8, 1, 4.2], "uv": [0, 28]}
					]
				},
				{
					"name": "AllHead",
					"parent": "UpBody",
					"pivot": [0, 32.2, 1],
					"cubes": [
						{"origin": [-1.5, 32.3, -0.525], "size": [3, 2, 3], "uv": [40, 99]}
					]
				},
				{
					"name": "Head",
					"parent": "AllHead",
					"pivot": [0, 33.2, 1],
					"cubes": [
						{"origin": [-3.5, 33.2, -2.5], "size": [7, 7, 7], "uv": [0, 0]}
					]
				},
				{
					"name": "Eyes2",
					"parent": "Head",
					"pivot": [0, 35.2, 1]
				},
				{
					"name": "EyeBrow2",
					"parent": "Eyes2",
					"pivot": [0, 35.9, 1]
				},
				{
					"name": "RightEyebrow2",
					"parent": "EyeBrow2",
					"pivot": [-2.875, 36.05, -2.325],
					"cubes": [
						{"origin": [-4.375, 35.55, -3.025], "size": [1.1, 1, 1], "uv": [56, 165]},
						{"origin": [-3.275, 36.05, -2.825], "size": [2, 1, 1], "uv": [0, 162]}
					]
				},
				{
					"name": "LeftEyebrow2",
					"parent": "EyeBrow2",
					"pivot": [2.875, 36.05, -2.325],
					"cubes": [
						{"origin": [3.275, 35.55, -3.025], "size": [1.1, 1, 1], "uv": [52, 165]},
						{"origin": [1.275, 36.05, -2.825], "size": [2, 1, 1], "uv": [64, 160]}
					]
				},
				{
					"name": "Eyelid",
					"parent": "Eyes2",
					"pivot": [0, 35.2, 1]
				},
				{
					"name": "RightEyelid2",
					"parent": "Eyelid",
					"pivot": [-2.5, 34.2, -2.025],
					"cubes": [
						{"origin": [-3.4, 34.2, -2.51], "size": [2, 2, 1], "uv": [60, 155]}
					]
				},
				{
					"name": "eye_right2",
					"parent": "RightEyelid2",
					"pivot": [-2.325, 34.2, -2.025],
					"cubes": [
						{"origin": [-2.925, 34.2, -2.55], "size": [1.4, 2, 1], "uv": [0, 165]}
					]
				},
				{
					"name": "eye_right3",
					"parent": "eye_right2",
					"pivot": [-1.525, 16.2, -2.55],
					"cubes": [
						{"origin": [-2.8, 34.45, -2.86], "size": [1.15, 1.5, 2], "inflate": -0.3, "uv": [60, 152]}
					]
				},
				{
					"name": "light",
					"parent": "eye_right2",
					"pivot": [-5.95, 16.85, -2.55],
					"cubes": [
						{"origin": [-2.225, 35.3, -2.95], "size": [1.2, 1, 1], "inflate": -0.35, "uv": [48, 165]}
					]
				},
				{
					"name": "LeftEyelid2",
					"parent": "Eyelid",
					"pivot": [2.5, 34.2, -2.025],
					"cubes": [
						{"origin": [1.4, 34.2, -2.51], "size": [2, 2, 1], "uv": [54, 155]}
					]
				},
				{
					"name": "eye_left2",
					"parent": "LeftEyelid2",
					"pivot": [2.325, 34.2, -2.025],
					"cubes": [
						{"origin": [1.525, 34.2, -2.55], "size": [1.4, 2, 1], "uv": [82, 162]}
					]
				},
				{
					"name": "eye_left3",
					"parent": "eye_left2",
					"pivot": [2.225, 35.2, -2.0625],
					"cubes": [
						{"origin": [1.65, 34.45, -2.86], "size": [1.15, 1.5, 2], "inflate": -0.3, "uv": [54, 152]}
					]
				},
				{
					"name": "light2",
					"parent": "eye_left2",
					"pivot": [-1.225, 16.85, -2.55],
					"cubes": [
						{"origin": [2.275, 35.3, -2.95], "size": [1.2, 1, 1], "inflate": -0.35, "uv": [44, 165]}
					]
				},
				{
					"name": "Mouth",
					"parent": "Head",
					"pivot": [0.7, 16.2, 2.5]
				},
				{
					"name": "mouth2",
					"parent": "Mouth",
					"pivot": [0.125, 33.95, -0.6],
					"cubes": [
						{"origin": [-0.175, 33.925, -0.6], "size": [0.4, 0.15, 0], "pivot": [0.125, 34, -0.6], "rotation": [0, 0, -37.5], "uv": [60, 166]},
						{"origin": [-0.425, 34.225, -0.6], "size": [0.4, 0.15, 0], "pivot": [0.15, 34, -0.6], "rotation": [0, 0, -37.5], "uv": [60, 166]},
						{"origin": [-0.175, 33.7, -0.6], "size": [0.35, 0.15, 0], "pivot": [0.125, 34, -0.6], "rotation": [0, 0, 50], "uv": [60, 166]},
						{"origin": [-0.9603, 33.94994, -0.6], "size": [0.4, 0.15, 0], "pivot": [-0.7353, 34.07494, -0.55], "rotation": [0, 0, -42], "uv": [60, 166]},
						{"origin": [-0.65, 33.725, -0.6], "size": [0.4, 0.15, 0], "pivot": [-0.275, 34, -0.6], "rotation": [0, 0, 50], "uv": [60, 166]},
						{"origin": [0.5603, 33.94994, -0.6], "size": [0.4, 0.15, 0], "pivot": [0.7353, 34.07494, -0.55], "rotation": [0, 0, 42], "uv": [60, 166]},
						{"origin": [0.25, 33.725, -0.6], "size": [0.4, 0.15, 0], "pivot": [0.275, 34, -0.6], "rotation": [0, 0, -50], "uv": [60, 166]},
						{"origin": [0.025, 34.225, -0.6], "size": [0.4, 0.15, 0], "pivot": [-0.15, 34, -0.6], "rotation": [0, 0, 37.5], "uv": [60, 166]}
					]
				},
				{
					"name": "mouth3",
					"parent": "Mouth",
					"pivot": [0.125, 34.95, -1.6],
					"cubes": [
						{"origin": [-0.175, 34.725, -1.6], "size": [0.4, 0.35, 0], "pivot": [0.125, 35, -1.6], "rotation": [0, 0, -37.5], "uv": [60, 166]},
						{"origin": [-0.425, 34.85, -1.6], "size": [0.4, 0.525, 0], "pivot": [0.15, 35, -1.6], "rotation": [0, 0, -37.5], "uv": [60, 166]},
						{"origin": [-0.175, 34.7, -1.6], "size": [0.35, 0.15, 0], "pivot": [0.125, 35, -1.6], "rotation": [0, 0, 50], "uv": [60, 166]},
						{"origin": [-0.9603, 34.72494, -1.6], "size": [0.4, 0.375, 0], "pivot": [-0.7353, 35.07494, -1.55], "rotation": [0, 0, -42], "uv": [60, 166]},
						{"origin": [-1.6103, 34.14994, -1.6], "size": [0.7, 1.075, 0], "pivot": [-0.7353, 35.07494, -1.55], "rotation": [0, 0, -77], "uv": [60, 165]},
						{"origin": [0.9103, 34.09994, -1.6], "size": [0.7, 1.125, 0], "pivot": [0.7353, 35.07494, -1.55], "rotation": [0, 0, 77], "uv": [60, 167]},
						{"origin": [1.6103, 34.84994, -1.6], "size": [0.2, 0.375, 0], "pivot": [0.7353, 35.07494, -1.55], "rotation": [0, 0, 77], "uv": [60, 166]},
						{"origin": [1.6103, 34.47494, -1.6], "size": [0.1, 0.375, 0], "pivot": [0.7353, 35.07494, -1.55], "rotation": [0, 0, 77], "uv": [60, 166]},
						{"origin": [1.6103, 34.37494, -1.6], "size": [0.1, 0.175, 0], "pivot": [0.7353, 35.07494, -1.55], "rotation": [0, 0, 77], "uv": [60, 166]},
						{"origin": [-1.7103, 34.37494, -1.6], "size": [0.1, 0.175, 0], "pivot": [-0.7353, 35.07494, -1.55], "rotation": [0, 0, -77], "uv": [60, 166]},
						{"origin": [-1.7353, 34.52494, -1.6], "size": [0.125, 0.325, 0], "pivot": [-0.7353, 35.07494, -1.55], "rotation": [0, 0, -77], "uv": [60, 166]},
						{"origin": [-1.8103, 34.84994, -1.6], "size": [0.2, 0.375, 0], "pivot": [-0.7353, 35.07494, -1.55], "rotation": [0, 0, -77], "uv": [60, 166]},
						{"origin": [1.7353, 33.19994, -1.6], "size": [0.1, 2.25, 0], "pivot": [0.7353, 35.07494, -1.55], "rotation": [0, 0, 89.5], "uv": [60, 165]},
						{"origin": [-0.65, 34.725, -1.6], "size": [0.4, 0.15, 0], "pivot": [-0.275, 35, -1.6], "rotation": [0, 0, 50], "uv": [60, 166]},
						{"origin": [0.5603, 34.74994, -1.6], "size": [0.4, 0.35, 0], "pivot": [0.7353, 35.07494, -1.55], "rotation": [0, 0, 42], "uv": [60, 166]},
						{"origin": [0.25, 34.725, -1.6], "size": [0.4, 0.15, 0], "pivot": [0.275, 35, -1.6], "rotation": [0, 0, -50], "uv": [60, 166]},
						{"origin": [0.025, 35, -1.6], "size": [0.4, 0.375, 0], "pivot": [-0.15, 35, -1.6], "rotation": [0, 0, 37.5], "uv": [60, 166]}
					]
				},
				{
					"name": "mouth4",
					"parent": "Mouth",
					"pivot": [0, 33.875, -1.6],
					"cubes": [
						{"origin": [-0.9, 34.175, -1.6], "size": [1.8, 0.1, 0], "uv": [56, 167]},
						{"origin": [-0.6, 33.55, -1.6], "size": [1.2, 0.75, 0], "uv": [56, 167]}
					]
				},
				{
					"name": "bone23",
					"parent": "mouth4",
					"pivot": [0.375, 34.45, -1.6],
					"rotation": [0, 0, 8.25],
					"cubes": [
						{"origin": [-0.00695, 34.2031, -1.6], "size": [0.925, 0.15, 0], "uv": [60, 166]}
					]
				},
				{
					"name": "bone24",
					"parent": "mouth4",
					"pivot": [-0.375, 34.45, -1.6],
					"rotation": [0, 0, -8.25],
					"cubes": [
						{"origin": [-0.91805, 34.2031, -1.6], "size": [0.9, 0.15, 0], "uv": [60, 166]}
					]
				},
				{
					"name": "bone17",
					"parent": "mouth4",
					"pivot": [-0.65, 34.125, -1.6],
					"rotation": [0, 0, 65],
					"cubes": [
						{"origin": [-0.775, 33.925, -1.6], "size": [0.675, 0.4, 0], "uv": [60, 166]}
					]
				},
				{
					"name": "bone18",
					"parent": "mouth4",
					"pivot": [0.65, 34.125, -1.6],
					"rotation": [0, 0, -65],
					"cubes": [
						{"origin": [0.1, 33.925, -1.6], "size": [0.675, 0.4, 0], "uv": [60, 166]}
					]
				},
				{
					"name": "mouth5",
					"parent": "Mouth",
					"pivot": [0, 33.95, -1.6],
					"cubes": [
						{"origin": [-0.0625, 33.78912, -1.6], "size": [0.125, 0.125, 0], "uv": [60, 166]},
						{"origin": [-0.25173, 33.81738, -1.6], "size": [0.25, 0.125, 0], "pivot": [-0.07673, 33.89238, -1.6], "rotation": [0, 0, 32], "uv": [60, 166]},
						{"origin": [0.00173, 33.81738, -1.6], "size": [0.25, 0.125, 0], "pivot": [0.07673, 33.89238, -1.6], "rotation": [0, 0, -32], "uv": [60, 166]}
					]
				},
				{
					"name": "Hair2",
					"parent": "Head",
					"pivot": [0, 16.2, 1]
				},
				{
					"name": "Hair1",
					"parent": "Hair2",
					"pivot": [0.025, 16.2, 1]
				},
				{
					"name": "Bangs",
					"parent": "Hair1",
					"pivot": [0, 40.11244, -3.05233],
					"cubes": [
						{"origin": [-1, 37.51879, -4.05528], "size": [2, 2, 1], "pivot": [0, 39.01879, -3.55528], "rotation": [-7.5, 0, 0], "uv": [48, 155]},
						{"origin": [-1, 39.51879, -4.05528], "size": [2, 1, 1], "pivot": [0, 39.01879, -3.55528], "rotation": [-7.5, 0, 0], "uv": [64, 158]},
						{"origin": [-1.98767, 36.54147, -4.04634], "size": [1, 2.05, 1.05], "pivot": [-2, 39.51778, -3.5148], "rotation": [-7.3983, -1.2344, -9.4202], "uv": [78, 162]},
						{"origin": [-1.73303, 38.53066, -4.0263], "size": [1, 2.05, 1.05], "pivot": [-1.22264, 39.48168, -3.54477], "rotation": [-7.4278, 1.0409, 7.9324], "uv": [74, 162]},
						{"origin": [0.63177, 36.66156, -4.23683], "size": [1, 2.05, 1.05], "pivot": [1.13177, 37.68656, -3.68683], "rotation": [-7.3379, 1.5551, 11.9003], "uv": [70, 162]},
						{"origin": [0.92508, 35.25671, -4.29821], "size": [1, 2.05, 1.05], "pivot": [0.94465, 36.81702, -3.82652], "rotation": [3.7092, 6.5231, 119.7114], "uv": [66, 162]},
						{"origin": [-1.19461, 36.91162, -4.23815], "size": [2, 2, 1.05], "pivot": [-0.44461, 37.48662, -3.71315], "rotation": [-4.1013, 6.2847, 56.7747], "uv": [48, 152]},
						{"origin": [0.85287, 38.51234, -4.13983], "size": [1, 2.05, 1.05], "pivot": [1.19764, 38.61244, -3.55233], "rotation": [-7.4659, -0.7168, -5.4532], "uv": [62, 162]}
					]
				},
				{
					"name": "LeftSideHair",
					"parent": "Hair1",
					"pivot": [4.34992, 39.62766, -1.06992],
					"cubes": [
						{"origin": [4.66514, 36.50954, -2.79832], "size": [1.025, 3, 2], "pivot": [4.65442, 35.71796, -2.06615], "rotation": [-6.7438, -0.5682, -14.9796], "uv": [46, 145]},
						{"origin": [4.54536, 33.82171, -2.85837], "size": [1.025, 1, 1], "pivot": [5.06106, 35.02124, -2.12087], "rotation": [-6.7075, 0.9015, -2.5659], "uv": [40, 165]},
						{"origin": [4.55728, 34.72105, -2.88337], "size": [1.025, 2, 2], "pivot": [5.06106, 35.02124, -2.12087], "rotation": [-6.7403, 0.6087, -5.0489], "uv": [26, 152]},
						{"origin": [4.2244, 30.92015, -2.24617], "size": [1.025, 2, 2], "pivot": [4.6113, 32.41135, -1.48592], "rotation": [-4.661, 0.8928, 7.4516], "uv": [20, 152]},
						{"origin": [4.26432, 30.02705, -2.22117], "size": [1.025, 1, 1], "pivot": [4.6113, 32.41135, -1.48592], "rotation": [-4.6178, 1.0951, 9.9438], "uv": [36, 165]},
						{"origin": [4.31812, 32.78917, -2.25078], "size": [1.025, 5, 2], "pivot": [4.6113, 32.41135, -1.48592], "rotation": [-4.7451, 0.0709, -2.515], "uv": [0, 131]},
						{"origin": [3.26028, 29.02037, -2.42521], "size": [1.025, 3, 1], "pivot": [3.70265, 31.70573, -1.93771], "rotation": [-7.0354, 1.1295, 9.4867], "uv": [60, 158]},
						{"origin": [3.27534, 31.89011, -2.45021], "size": [1.025, 2, 1], "pivot": [3.70265, 31.70573, -1.93771], "rotation": [-7.1222, 0.2039, 2.0435], "uv": [58, 162]},
						{"origin": [3.45874, 32.51922, -2.87663], "size": [1.025, 3, 1], "pivot": [4.34992, 35.62766, -2.06992], "rotation": [-6.666, 1.007, 2.4335], "uv": [56, 158]},
						{"origin": [3.42242, 35.45116, -2.90163], "size": [1.025, 2, 1], "pivot": [4.34992, 35.62766, -2.06992], "rotation": [-6.74, 0.1303, -5.0155], "uv": [54, 162]}
					]
				},
				{
					"name": "RightSideHair",
					"parent": "Hair1",
					"pivot": [-4.34992, 39.62766, -1.06992],
					"cubes": [
						{"origin": [-5.57036, 33.82171, -2.85837], "size": [1.025, 1, 1], "pivot": [-5.06106, 35.02124, -2.12087], "rotation": [-6.7075, -0.9015, 2.5659], "uv": [32, 165]},
						{"origin": [-5.58228, 34.72105, -2.88337], "size": [1.025, 2, 2], "pivot": [-5.06106, 35.02124, -2.12087], "rotation": [-6.7403, -0.6087, 5.0489], "uv": [14, 152]},
						{"origin": [-5.69014, 36.50954, -2.79832], "size": [1.025, 3, 2], "pivot": [-4.65442, 35.71796, -2.06615], "rotation": [-6.7438, 0.5682, 14.9796], "uv": [40, 145]},
						{"origin": [-5.217, 31.88561, -1.85296], "size": [1.025, 2, 2], "pivot": [-4.57891, 33.37682, -1.09271], "rotation": [-1.6634, -0.7653, -7.4949], "uv": [8, 152]},
						{"origin": [-5.25693, 30.99251, -1.82796], "size": [1.025, 1, 1], "pivot": [-4.57891, 33.37682, -1.09271], "rotation": [-1.6285, -0.8371, -9.9942], "uv": [28, 165]},
						{"origin": [-5.31073, 33.75463, -1.85758], "size": [1.025, 4, 2], "pivot": [-4.57891, 33.37682, -1.09271], "rotation": [-1.771, -0.4648, 2.5011], "uv": [82, 139]},
						{"origin": [-4.25091, 29.96335, -1.99042], "size": [1.025, 3, 1], "pivot": [-3.66828, 32.64871, -1.50292], "rotation": [-4.0441, -0.8952, -9.5395], "uv": [52, 158]},
						{"origin": [-4.26597, 32.83308, -2.01542], "size": [1.025, 2, 1], "pivot": [-3.66828, 32.64871, -1.50292], "rotation": [-4.1262, -0.3602, -2.0582], "uv": [50, 162]},
						{"origin": [-4.48374, 32.51922, -2.87663], "size": [1.025, 3, 1], "pivot": [-4.34992, 35.62766, -2.06992], "rotation": [-6.666, -1.007, -2.4335], "uv": [48, 158]},
						{"origin": [-4.44742, 35.45116, -2.90163], "size": [1.025, 2, 1], "pivot": [-4.34992, 35.62766, -2.06992], "rotation": [-6.74, -0.1303, 5.0155], "uv": [46, 162]}
					]
				},
				{
					"name": "BaseHair",
					"parent": "Hair1",
					"pivot": [0, 37.5, 5.7],
					"cubes": [
						{"origin": [-4, 33.5, 4.2], "size": [8, 7, 1], "uv": [0, 55]},
						{"origin": [3.075, 41.15, -1.6], "size": [1, 1, 5], "uv": [24, 99]},
						{"origin": [-3.925, 41.15, -1.6], "size": [1, 1, 5], "uv": [12, 99]},
						{"origin": [2.075, 42.15, -0.6], "size": [1, 1, 3], "uv": [74, 139]},
						{"origin": [-2.925, 42.15, -0.6], "size": [1, 1, 3], "uv": [66, 139]},
						{"origin": [-1.925, 42.15, -1.6], "size": [4, 1, 5], "uv": [16, 63]},
						{"origin": [-4, 40.45, -2.8], "size": [8, 1, 8], "uv": [28, 0]},
						{"origin": [-2.925, 41.15, -2.6], "size": [6, 1, 7], "uv": [82, 0]},
						{"origin": [3.36251, 33.7774, -2.26857], "size": [1.025, 3, 1], "pivot": [4.25368, 36.88583, -1.46186], "rotation": [4.3956, -1.0175, 2.4819], "uv": [44, 158]},
						{"origin": [3.32618, 36.70933, -2.29357], "size": [1.025, 2, 1], "pivot": [4.25368, 36.88583, -1.46186], "rotation": [4.4905, -0.4356, -4.9962], "uv": [42, 162]},
						{"origin": [4.975, 36.3, 0.025], "size": [1, 3, 1], "pivot": [4.975, 37.8, 0.525], "rotation": [0, 0, -45], "uv": [40, 158]},
						{"origin": [4.475, 35.45, 1.19], "size": [1, 5, 1], "uv": [4, 152]},
						{"origin": [4.475, 34.45, 2.19], "size": [1, 6, 2], "uv": [0, 123]},
						{"origin": [4.68396, 33.10021, 2.79818], "size": [2, 6, 1], "pivot": [5.68396, 36.10021, 3.29818], "rotation": [78.55326, 79.78573, 71.63866], "uv": [68, 123]},
						{"origin": [3.82092, 33.25011, 3.82687], "size": [2, 6, 1], "pivot": [5.24592, 36.25011, 4.60187], "rotation": [11.28215, 50.1589, 7.28344], "uv": [62, 123]},
						{"origin": [3.475, 33.5, -0.75], "size": [1, 1, 5], "uv": [0, 99]},
						{"origin": [3.975, 34.449, -1.8], "size": [1, 7, 6], "uv": [36, 42]},
						{"origin": [-6.68396, 33.10021, 2.79818], "size": [2, 6, 1], "pivot": [-5.68396, 36.10021, 3.29818], "rotation": [78.55326, -79.78573, -71.63866], "uv": [56, 123]},
						{"origin": [-5.82092, 33.25011, 3.82687], "size": [2, 6, 1], "pivot": [-5.24592, 36.25011, 4.60187], "rotation": [11.28215, -50.1589, -7.28344], "uv": [50, 123]},
						{"origin": [-4.475, 33.5, -0.75], "size": [1, 1, 5], "uv": [86, 92]},
						{"origin": [-4.38751, 33.7774, -2.26857], "size": [1.025, 3, 1], "pivot": [-4.25368, 36.88583, -1.46186], "rotation": [4.3956, 1.0175, -2.4819], "uv": [36, 158]},
						{"origin": [-4.35118, 36.70933, -2.29357], "size": [1.025, 2, 1], "pivot": [-4.25368, 36.88583, -1.46186], "rotation": [4.4905, 0.4356, 4.9962], "uv": [38, 162]},
						{"origin": [-5.975, 36.3, 0.025], "size": [1, 3, 1], "pivot": [-4.975, 37.8, 0.525], "rotation": [0, 0, 45], "uv": [32, 158]},
						{"origin": [-5.475, 35.45, 1.19], "size": [1, 5, 1], "uv": [0, 152]},
						{"origin": [-5.475, 34.45, 2.19], "size": [1, 6, 2], "uv": [58, 115]},
						{"origin": [-4.975, 34.449, -1.8], "size": [1, 7, 6], "uv": [22, 42]},
						{"origin": [-3, 34.5, 5.4], "size": [6, 6, 1], "pivot": [0, 37.5, 5.7], "rotation": [5, 0, 0], "uv": [90, 81]},
						{"origin": [-3.5, 30.93393, 9.17985], "size": [7, 6, 1], "pivot": [0.325, 15.66866, 4.78289], "rotation": [10, 0, 0], "uv": [34, 63]},
						{"origin": [-4.5, 31.93393, 8.57985], "size": [3, 7, 1], "pivot": [0.325, 15.66866, 4.78289], "rotation": [10, 0, 0], "uv": [36, 107]},
						{"origin": [1.5, 31.93393, 8.57985], "size": [3, 7, 1], "pivot": [0.325, 15.66866, 4.78289], "rotation": [10, 0, 0], "uv": [28, 107]}
					]
				},
				{
					"name": "bone5",
					"parent": "BaseHair",
					"pivot": [0, 16.2, 1],
					"cubes": [
						{"origin": [-3.33411, 36.71791, -3.925], "size": [1, 3, 1], "pivot": [-2.2341, 38.5179, -3.425], "rotation": [0, 0, 11], "uv": [28, 158]},
						{"origin": [-2.3341, 37.3179, -3.925], "size": [1, 3, 1], "pivot": [-2.2341, 38.5179, -3.425], "rotation": [0, 0, 11], "uv": [24, 158]},
						{"origin": [1.21668, 37.29031, -3.875], "size": [1, 3, 1], "pivot": [2.21668, 38.54031, -3.375], "rotation": [0, 0, -17.75], "uv": [20, 158]},
						{"origin": [2.21668, 36.29031, -3.875], "size": [1, 4, 1], "pivot": [2.21668, 38.54031, -3.375], "rotation": [0, 0, -17.75], "uv": [44, 152]},
						{"origin": [-3.5, 37.825, -3.375], "size": [1, 3, 1], "uv": [16, 158]},
						{"origin": [2.625, 36.7, -3.35], "size": [1, 4, 1], "pivot": [3, 38.825, -3], "rotation": [0, 0, -7.5], "uv": [40, 152]},
						{"origin": [3.3875, 36.725, -3], "size": [1, 4, 3], "pivot": [3.8875, 38.725, -1.5], "rotation": [0, 0, -6], "uv": [0, 115]},
						{"origin": [-4.3375, 36.725, -2.95], "size": [1, 4, 3], "uv": [80, 107]},
						{"origin": [-2.495, 37.925, -3.55], "size": [1, 3, 1], "uv": [12, 158]},
						{"origin": [-1.5, 38.925, -3.55], "size": [3, 2, 1], "uv": [32, 145]},
						{"origin": [1.499, 37.925, -3.55], "size": [1, 3, 1], "uv": [8, 158]}
					]
				},
				{
					"name": "LongLeftHair",
					"parent": "Hair2",
					"pivot": [4.78569, 33.24251, 4.67508],
					"rotation": [0, 0, -15],
					"cubes": [
						{"origin": [4.40028, 30.45953, 2.63711], "size": [2, 5, 1], "pivot": [5.40028, 32.88453, 3.21211], "rotation": [8.8267, 60.9546, -1.4579], "uv": [60, 139]},
						{"origin": [10.45892, 27.61912, 19.52392], "size": [3, 5, 1], "pivot": [-3.90808, 17.11334, 16.98851], "rotation": [9.0707, 52.0467, -4.3736], "uv": [50, 115]},
						{"origin": [12.77531, 23.03615, 15.23986], "size": [1, 4, 1], "pivot": [-3.59523, 14.49348, 13.07153], "rotation": [-11.205, 51.6389, -20.5796], "uv": [36, 152]}
					]
				},
				{
					"name": "bone21",
					"parent": "LongLeftHair",
					"pivot": [5.18569, 28.64251, 5.57508],
					"rotation": [19.80945, 1.97599, 9.21772],
					"cubes": [
						{"origin": [3.73872, 23.08804, 5.13706], "size": [2, 4, 1], "pivot": [5.18569, 26.64251, 5.57508], "rotation": [0.7177, 53.5299, -2.1231], "uv": [26, 145]},
						{"origin": [10.96278, 21.27888, 16.6636], "size": [2, 5, 1], "pivot": [-3.64929, 13.73929, 13.29823], "rotation": [-11.205, 51.6389, -20.5796], "uv": [54, 139]},
						{"origin": [3.72565, 26.20797, 5.43777], "size": [3, 7, 1], "pivot": [5.18569, 26.64251, 5.57508], "rotation": [8.6062, 54.3569, -1.5511], "uv": [20, 107]}
					]
				},
				{
					"name": "LongHair",
					"parent": "Hair2",
					"pivot": [0, 32.16069, 6.17354],
					"rotation": [25, 0, 0],
					"cubes": [
						{"origin": [-4.98945, 27.43824, 6.37907], "size": [2, 6, 1], "pivot": [-3.5, 30.49809, 6.53439], "rotation": [9.8511, -1.7279, 9.8511], "uv": [44, 123]},
						{"origin": [2.98945, 27.43824, 6.37907], "size": [2, 6, 1], "pivot": [3.5, 30.49809, 6.53439], "rotation": [9.8511, 1.7279, -9.8511], "uv": [38, 123]},
						{"origin": [-4, 26.95435, 9.79809], "size": [8, 6, 1], "pivot": [-0.175, 10.77935, 5.84809], "rotation": [10, 0, 0], "uv": [40, 55]}
					]
				},
				{
					"name": "bone20",
					"parent": "LongHair",
					"pivot": [0, 27.70952, 6.93164],
					"rotation": [40, 0, 0],
					"cubes": [
						{"origin": [2.5, 16.45952, -16.65169], "size": [3, 6, 1], "pivot": [0, -0.25, 1], "rotation": [-50, 0, 0], "uv": [72, 107]},
						{"origin": [-5.5, 16.45952, -16.65169], "size": [3, 6, 1], "pivot": [0, -0.25, 1], "rotation": [-50, 0, 0], "uv": [44, 107]},
						{"origin": [-4.5, 15.20952, -16.57669], "size": [9, 7, 1], "pivot": [0, -0.25, 1], "rotation": [-50, 0, 0], "uv": [80, 28]}
					]
				},
				{
					"name": "LongRightHair",
					"parent": "Hair2",
					"pivot": [-4.78569, 33.24251, 4.67508],
					"rotation": [0, 0, 15],
					"cubes": [
						{"origin": [-6.40028, 30.45953, 2.63711], "size": [2, 5, 1], "pivot": [-5.40028, 32.88453, 3.21211], "rotation": [8.8267, -60.9546, 1.4579], "uv": [12, 131]},
						{"origin": [-13.45892, 27.61912, 19.52392], "size": [3, 5, 1], "pivot": [3.90808, 17.11334, 16.98851], "rotation": [9.0707, -52.0467, 4.3736], "uv": [8, 115]},
						{"origin": [-13.77531, 23.03615, 15.23986], "size": [1, 4, 1], "pivot": [3.59523, 14.49348, 13.07153], "rotation": [-11.205, -51.6389, 20.5796], "uv": [32, 152]}
					]
				},
				{
					"name": "bone25",
					"parent": "LongRightHair",
					"pivot": [-5.18569, 28.64251, 5.57508],
					"rotation": [19.65903, 3.11348, -4.89783],
					"cubes": [
						{"origin": [-5.73872, 23.08804, 5.13706], "size": [2, 4, 1], "pivot": [-5.18569, 26.64251, 5.57508], "rotation": [0.7177, -53.5299, 2.1231], "uv": [0, 145]},
						{"origin": [-12.96278, 21.27888, 16.6636], "size": [2, 5, 1], "pivot": [3.64929, 13.73929, 13.29823], "rotation": [-11.205, -51.6389, 20.5796], "uv": [6, 131]},
						{"origin": [-6.72565, 26.20797, 5.43777], "size": [3, 7, 1], "pivot": [-5.18569, 26.64251, 5.57508], "rotation": [8.6062, -54.3569, 1.5511], "uv": [52, 99]}
					]
				},
				{
					"name": "Ear",
					"parent": "Head",
					"pivot": [-3.37089, 40.37854, -1.16927]
				},
				{
					"name": "Left_ear",
					"parent": "Ear",
					"pivot": [4.01518, 42.55579, -0.67616],
					"rotation": [175.69557, -4.83533, 115.5836],
					"cubes": [
						{"origin": [3.36634, 41.27878, -2.60052], "size": [1.275, 1.1, 4], "pivot": [4.09482, 42.21803, -1.58048], "rotation": [167.74077, 73.80435, -175.38615], "uv": [62, 107]},
						{"origin": [3.91829, 41.2432, -3.63325], "size": [0.1, 1.825, 5.475], "pivot": [4.58079, 42.1557, -0.89575], "rotation": [-86.70212, 73.36645, -75.83743], "uv": [10, 107]},
						{"origin": [3.61542, 41.70764, -2.85887], "size": [1.075, 1.1, 3.3], "pivot": [4.09482, 42.21803, -1.58048], "rotation": [-166.74452, 71.99091, -172.37418], "uv": [46, 139]},
						{"origin": [3.52678, 42.56719, -4.70836], "size": [1.275, 1, 5], "pivot": [4.09482, 42.21803, -1.58048], "rotation": [-143.81694, 77.13966, -158.67571], "uv": [74, 92]},
						{"origin": [2.93284, 43.06748, -4.24641], "size": [1.225, 1, 6.1], "pivot": [3.80976, 43.73833, -0.14608], "rotation": [16.63468, 75.49552, -5.60289], "uv": [76, 81]},
						{"origin": [2.99928, 40.82731, -3.96289], "size": [1.225, 1, 7.1], "pivot": [3.46178, 41.32731, -0.91289], "rotation": [-101.39567, 77.64667, -84.65604], "uv": [0, 63]},
						{"origin": [2.71693, 43.3268, -3.08128], "size": [1.025, 1, 3.1], "pivot": [3.02943, 43.8268, -0.53128], "rotation": [69.21155, 85.93231, 34.98354], "uv": [38, 139]},
						{"origin": [4.32509, 43.93935, -2.40141], "size": [1.025, 1, 3.1], "pivot": [4.83759, 44.43935, -0.65141], "rotation": [129.16826, 86.34408, 115.01883], "uv": [30, 139]},
						{"origin": [4.38007, 41.0248, -0.34688], "size": [1, 2, 1], "pivot": [4.38007, 42.2248, 0.15312], "rotation": [9.98663, -0.52069, -109.54549], "uv": [34, 162]},
						{"origin": [4.49198, 41.6065, -0.01625], "size": [1, 2, 1], "pivot": [4.99198, 42.6065, 0.48375], "rotation": [-4.5877, 1.89227, 46.84607], "uv": [30, 162]}
					]
				},
				{
					"name": "Right_ear",
					"parent": "Ear",
					"pivot": [-4.01518, 42.55579, -0.67616],
					"rotation": [175.69557, 4.83533, -115.5836],
					"cubes": [
						{"origin": [-4.64134, 41.27878, -2.60052], "size": [1.275, 1.1, 4], "pivot": [-4.09482, 42.21803, -1.58048], "rotation": [167.74077, -73.80435, 175.38615], "uv": [52, 107]},
						{"origin": [-4.01829, 41.2432, -3.63325], "size": [0.1, 1.825, 5.475], "pivot": [-4.58079, 42.1557, -0.89575], "rotation": [-86.70212, -73.36645, 75.83743], "uv": [0, 107]},
						{"origin": [-4.69042, 41.70764, -2.85887], "size": [1.075, 1.1, 3.3], "pivot": [-4.09482, 42.21803, -1.58048], "rotation": [-166.74452, -71.99091, 172.37418], "uv": [16, 139]},
						{"origin": [-4.80178, 42.56719, -4.70836], "size": [1.275, 1, 5], "pivot": [-4.09482, 42.21803, -1.58048], "rotation": [-143.81694, -77.13966, 158.67571], "uv": [62, 92]},
						{"origin": [-4.15784, 43.06748, -4.24641], "size": [1.225, 1, 6.1], "pivot": [-3.80976, 43.73833, -0.14608], "rotation": [16.63468, -75.49552, 5.60289], "uv": [62, 81]},
						{"origin": [-4.22428, 40.82731, -3.96289], "size": [1.225, 1, 7.1], "pivot": [-3.46178, 41.32731, -0.91289], "rotation": [-101.39567, -77.64667, 84.65604], "uv": [78, 55]},
						{"origin": [-3.74193, 43.3268, -3.08128], "size": [1.025, 1, 3.1], "pivot": [-3.02943, 43.8268, -0.53128], "rotation": [69.21155, -85.93231, -34.98354], "uv": [8, 139]},
						{"origin": [-5.35009, 43.93935, -2.40141], "size": [1.025, 1, 3.1], "pivot": [-4.83759, 44.43935, -0.65141], "rotation": [129.16826, -86.34408, -115.01883], "uv": [0, 139]},
						{"origin": [-5.38007, 41.0248, -0.34688], "size": [1, 2, 1], "pivot": [-4.38007, 42.2248, 0.15312], "rotation": [9.98663, 0.52069, 109.54549], "uv": [26, 162]},
						{"origin": [-5.49198, 41.6065, -0.01625], "size": [1, 2, 1], "pivot": [-4.99198, 42.6065, 0.48375], "rotation": [-4.5877, -1.89227, -46.84607], "uv": [22, 162]}
					]
				},
				{
					"name": "Breast",
					"parent": "UpBody",
					"pivot": [-0.0125, 29.24747, -2.15834],
					"rotation": [-32.5, 0, 0],
					"cubes": [
						{"origin": [-3.55, 27.74747, -3.15834], "size": [7.075, 3, 3], "uv": [72, 42]}
					]
				},
				{
					"name": "Arm",
					"parent": "UpBody",
					"pivot": [-0.2, 31.275, 0]
				},
				{
					"name": "LeftArm",
					"parent": "Arm",
					"pivot": [3.4, 31.025, 0],
					"rotation": [0, 0, -18],
					"cubes": [
						{"origin": [2.7, 24.9, -1.7], "size": [3, 7.3, 3], "uv": [36, 71]},
						{"origin": [2.7, 24.9, -1.95], "size": [3.25, 4, 3.5], "uv": [0, 92]},
						{"origin": [2.8, 24.125, -1.125], "size": [2.7, 2.05, 2.3], "uv": [42, 135]}
					]
				},
				{
					"name": "LeftForeArm",
					"parent": "LeftArm",
					"pivot": [4.125, 25.075, 0.025],
					"cubes": [
						{"origin": [2.7, 18.075, -1.7], "size": [3, 7, 3], "uv": [24, 71]},
						{"origin": [2.45, 22.075, -2.2], "size": [3.75, 3, 4], "uv": [64, 71]},
						{"origin": [2.2, 21.075, -2.45], "size": [4.25, 1, 4.5], "uv": [48, 76]}
					]
				},
				{
					"name": "LeftHandLocator",
					"parent": "LeftForeArm",
					"pivot": [4.125, 19.575, 0.025]
				},
				{
					"name": "RightArm",
					"parent": "Arm",
					"pivot": [-3.4, 31.025, 0],
					"rotation": [0, 0, 18],
					"cubes": [
						{"origin": [-5.875, 25.075, -1.725], "size": [3.25, 4, 3.5], "uv": [12, 92]},
						{"origin": [-5.625, 24.9, -1.475], "size": [3, 7.3, 3], "uv": [12, 71]},
						{"origin": [-5.5, 24.125, -1.125], "size": [2.7, 2.05, 2.3], "uv": [42, 131]},
						{"origin": [-5.9, 27.275, 1], "size": [0.25, 1.5, 0.25], "uv": [76, 11]},
						{"origin": [-5.9, 27.275, 0.25], "size": [0.25, 1.5, 0.25], "uv": [76, 11]},
						{"origin": [-5.9, 28.525, 0.5], "size": [0.25, 0.25, 0.5], "uv": [76, 11]},
						{"origin": [-5.9, 27.275, 0.5], "size": [0.25, 0.25, 0.5], "uv": [76, 11]},
						{"origin": [-5.9, 27.275, -0.75], "size": [0.25, 1.5, 0.4], "uv": [76, 11]}
					]
				},
				{
					"name": "RightForeArm",
					"parent": "RightArm",
					"pivot": [-4.125, 25.075, 0.025],
					"cubes": [
						{"origin": [-5.625, 18.075, -1.475], "size": [3, 7, 3], "uv": [0, 71]},
						{"origin": [-6.125, 22.075, -1.975], "size": [3.75, 3, 4], "uv": [0, 81]},
						{"origin": [-6.375, 21.075, -2.225], "size": [4.25, 1, 4.5], "uv": [48, 71]}
					]
				},
				{
					"name": "RightHandLocator",
					"parent": "RightForeArm",
					"pivot": [-4.125, 19.575, 0.025]
				},
				{
					"name": "ElytraLocator",
					"parent": "UpBody",
					"pivot": [0, 31.65, 2]
				},
				{
					"name": "RifleLocator",
					"parent": "UpBody",
					"pivot": [0, 25.15, 2.3],
					"rotation": [0, 0, 45]
				},
				{
					"name": "PistolLocator",
					"parent": "UpBody",
					"pivot": [-4, 24.75, -1.6],
					"rotation": [-30, 0, 0]
				},
				{
					"name": "ViewLocator",
					"parent": "UpBody",
					"pivot": [13, 32.65, 8]
				},
				{
					"name": "waitao",
					"parent": "UpBody",
					"pivot": [0, 41.65, 20],
					"cubes": [
						{"origin": [2.5, 29.15, -2.25], "size": [1, 2, 3], "uv": [30, 123]},
						{"origin": [-3.5, 29.15, -2.25], "size": [1, 2, 3], "uv": [22, 123]},
						{"origin": [-4.25, 21.65, 2.25], "size": [8.25, 12.5, 1.5], "uv": [28, 15]},
						{"origin": [-5, 20.4, -12.5], "size": [2, 7, 1], "pivot": [0, 20.65, 0], "rotation": [-75, 0, 0], "uv": [38, 115]},
						{"origin": [1.25, 10.9, -11.2], "size": [2, 3, 1], "pivot": [0, 20.65, 0], "rotation": [-147.10125, 8.42145, 5.41207], "uv": [70, 145]},
						{"origin": [-3.25, 10.9, -11.2], "size": [2, 3, 1], "pivot": [0, 20.65, 0], "rotation": [-147.10125, -8.42145, -5.41207], "uv": [64, 145]},
						{"origin": [2.25, 13.4, -11.75], "size": [2, 3, 0.75], "pivot": [0, 20.65, 0], "rotation": [-142.5, 8.4215, 0], "uv": [18, 162]},
						{"origin": [3, 20.4, -12.5], "size": [2, 7, 0.75], "pivot": [0, 20.65, 0], "rotation": [-75, 0, 0], "uv": [38, 116]},
						{"origin": [-5, 16.9, -11.6], "size": [10, 1.25, 0.75], "pivot": [0, 20.65, 0], "rotation": [-137.5, 0, 0], "uv": [42, 81]},
						{"origin": [-4.25, 13.4, -11.75], "size": [2, 3, 0.75], "pivot": [0, 20.65, 0], "rotation": [-142.5, -8.4215, 0], "uv": [14, 162]},
						{"origin": [-4, 18.4, -11.85], "size": [8, 1.25, 0.75], "pivot": [0, 20.65, 0], "rotation": [-132.5, 0, 0], "uv": [24, 106]},
						{"origin": [-4, 18.4, -8.6], "size": [8, 1.25, 0.75], "pivot": [0, 20.65, 0], "rotation": [-132.5, 0, 0], "uv": [24, 105]},
						{"origin": [4, 18.4, -11.6], "size": [1, 1.25, 3], "pivot": [0, 20.65, 0], "rotation": [-132.5, 0, 0], "uv": [30, 131]},
						{"origin": [-5, 18.4, -11.6], "size": [1, 1.25, 3], "pivot": [0, 20.65, 0], "rotation": [-132.5, 0, 0], "uv": [18, 131]},
						{"origin": [4, 16.4, -11.6], "size": [1, 2.25, 3.5], "pivot": [0, 20.65, 0], "rotation": [-132.5, 0, 0], "uv": [14, 123]},
						{"origin": [4, 14.4, -11.6], "size": [1, 2.25, 1.5], "pivot": [0, 20.65, 0], "rotation": [-132.5, 0, 0], "uv": [10, 162]},
						{"origin": [-5, 16.4, -11.6], "size": [1, 2.25, 3.5], "pivot": [0, 20.65, 0], "rotation": [-132.5, 0, 0], "uv": [6, 123]},
						{"origin": [-5, 14.4, -11.6], "size": [1, 2.25, 1.5], "pivot": [0, 20.65, 0], "rotation": [-132.5, 0, 0], "uv": [6, 162]},
						{"origin": [-4, 19.65, -11.6], "size": [8, 0.5, 3.75], "pivot": [0, 20.65, 0], "rotation": [-132.5, 0, 0], "uv": [18, 55]},
						{"origin": [3, 24.65, -5.25], "size": [2, 7, 1], "pivot": [0, 20.65, 0], "rotation": [-10.02473, 2.10829, -1.34386], "uv": [44, 115]},
						{"origin": [-5, 24.65, -5.25], "size": [2, 7, 1], "pivot": [0, 20.65, 0], "rotation": [-10.02473, -2.10829, 1.34386], "uv": [20, 115]},
						{"origin": [3, 22.65, -5.24], "size": [1.5, 7, 1], "pivot": [0, 20.65, 0], "rotation": [-10.02473, 2.10829, -1.34386], "uv": [38, 131]},
						{"origin": [-4.5, 22.65, -5.24], "size": [1.5, 7, 1], "pivot": [0, 20.65, 0], "rotation": [-10.02473, -2.10829, 1.34386], "uv": [26, 131]},
						{"origin": [-6.25, 15.9, 2.75], "size": [12.25, 4.25, 1.25], "pivot": [0, 20.65, 0], "rotation": [22.5, 0, 0], "uv": [0, 20]},
						{"origin": [-7.25, 13.9, 2.76], "size": [14, 4.25, 1.25], "pivot": [0, 20.65, 0], "rotation": [22.5, 0, 0], "uv": [0, 15]},
						{"origin": [-4.25, 13.9, 4.75], "size": [8, 1.5, 1.25], "pivot": [0, 20.65, 0], "rotation": [5, 0, 0], "uv": [64, 88]},
						{"origin": [-5.25, 20.9, 2.75], "size": [10.25, 4.25, 1.25], "uv": [0, 42]},
						{"origin": [-3.25, 19.15, 4.75], "size": [7.25, 3, 1], "pivot": [0, 20.65, 0], "rotation": [20, 87.5, 0], "uv": [114, 88]},
						{"origin": [-4, 19.15, 4.75], "size": [7.25, 3, 1], "pivot": [0, 20.65, 0], "rotation": [20, -87.5, 0], "uv": [16, 88]},
						{"origin": [-4, 23.15, 4.25], "size": [7.25, 3, 1], "pivot": [0, 20.65, 0], "rotation": [0, -90, 7.5749], "uv": [32, 88]},
						{"origin": [-5.25, 19.65, 3.25], "size": [2.5, 3, 1], "pivot": [0, 20.65, 0], "rotation": [-167.51427, 1.6965, 174.63598], "uv": [58, 145]},
						{"origin": [-5.25, 21.65, 3.25], "size": [1.5, 3, 1], "pivot": [0, 20.65, 0], "rotation": [-167.51427, 1.6965, 174.63598], "uv": [4, 158]},
						{"origin": [3.75, 21.65, 3.25], "size": [1.5, 3, 1], "pivot": [0, 20.65, 0], "rotation": [-167.51427, -1.6965, -174.63598], "uv": [0, 158]},
						{"origin": [2.75, 19.65, 3.25], "size": [2.5, 3, 1], "pivot": [0, 20.65, 0], "rotation": [-167.51427, -1.6965, -174.63598], "uv": [52, 145]},
						{"origin": [-6, 16.4, 3.26], "size": [3.75, 3.5, 1], "pivot": [0, 20.65, 0], "rotation": [-167.51427, 1.6965, 174.63598], "uv": [30, 135]},
						{"origin": [2.25, 16.4, 3.26], "size": [3.75, 3.5, 1], "pivot": [0, 20.65, 0], "rotation": [-167.51427, -1.6965, -174.63598], "uv": [18, 135]},
						{"origin": [-7, 13.9, 3.27], "size": [5.25, 3.5, 1], "pivot": [0, 20.65, 0], "rotation": [-167.51427, 1.6965, 174.63598], "uv": [60, 103]},
						{"origin": [1.75, 13.9, 3.27], "size": [5.25, 3.5, 1], "pivot": [0, 20.65, 0], "rotation": [-167.51427, -1.6965, -174.63598], "uv": [60, 99]},
						{"origin": [-7, 25.9, 5.25], "size": [5.25, 1.5, 1], "pivot": [0, 20.65, 0], "rotation": [0, 1.6965, 174.63598], "uv": [26, 119]},
						{"origin": [-7, 25.9, -5.75], "size": [5.25, 1.5, 1], "pivot": [0, 20.65, 0], "rotation": [0, 1.6965, 174.63598], "uv": [26, 115]},
						{"origin": [1.75, 25.9, -5.75], "size": [5.25, 1.5, 1], "pivot": [0, 20.65, 0], "rotation": [0, -1.6965, -174.63598], "uv": [8, 121]},
						{"origin": [1.75, 25.9, 5.25], "size": [5.25, 1.5, 1], "pivot": [0, 20.65, 0], "rotation": [0, -1.6965, -174.63598], "uv": [26, 117]},
						{"origin": [-7.75, 25.9, -4.5], "size": [1.5, 1.5, 9], "pivot": [0, 20.65, 0], "rotation": [0, 1.6965, 174.63598], "uv": [66, 15]},
						{"origin": [6.25, 25.9, -4.5], "size": [1.5, 1.5, 9], "pivot": [0, 20.65, 0], "rotation": [0, -1.6965, -174.63598], "uv": [46, 15]},
						{"origin": [-2.25, 25.9, -9], "size": [1.5, 1.5, 1], "pivot": [0, 20.65, 0], "rotation": [0, 46.6965, 174.63598], "uv": [24, 165]},
						{"origin": [0.75, 25.9, -9], "size": [1.5, 1.5, 1], "pivot": [0, 20.65, 0], "rotation": [0, -46.6965, -174.63598], "uv": [12, 165]},
						{"origin": [-1.25, 25.9, 8], "size": [1.5, 1.5, 1], "pivot": [0, 20.65, 0], "rotation": [0, -46.6965, 174.63598], "uv": [20, 165]},
						{"origin": [-0.25, 25.9, 8], "size": [1.5, 1.5, 1], "pivot": [0, 20.65, 0], "rotation": [0, 46.6965, -174.63598], "uv": [8, 165]},
						{"origin": [-1.5, 24.4, 7.75], "size": [1, 1.5, 1], "pivot": [0, 20.65, 0], "rotation": [0, -46.6965, 174.63598], "uv": [16, 165]},
						{"origin": [0.5, 24.4, 7.75], "size": [1, 1.5, 1], "pivot": [0, 20.65, 0], "rotation": [0, 46.6965, -174.63598], "uv": [4, 165]},
						{"origin": [-3.25, 23.15, 4.25], "size": [7.25, 3, 1], "pivot": [0, 20.65, 0], "rotation": [0, 90, -7.5749], "uv": [82, 88]},
						{"origin": [-4, 23.15, 4.25], "size": [7.25, 3, 1], "pivot": [0, 20.65, 0], "rotation": [0, -90, 7.5749], "uv": [48, 88]},
						{"origin": [-3.25, 26.15, 4.25], "size": [6.25, 6, 1], "pivot": [0, 20.65, 0], "rotation": [0, 90, -7.5749], "uv": [28, 81]},
						{"origin": [-3, 26.15, 4.25], "size": [6.25, 6, 1], "pivot": [0, 20.65, 0], "rotation": [0, -90, 7.5749], "uv": [14, 81]},
						{"origin": [-5, 25.15, 4.25], "size": [1.25, 6, 1], "pivot": [0, 20.65, 0], "rotation": [-90, -80, 97.5749], "uv": [10, 145]},
						{"origin": [3.75, 25.15, 4.25], "size": [1.25, 6, 1], "pivot": [0, 20.65, 0], "rotation": [-90, 80, -97.5749], "uv": [6, 145]},
						{"origin": [-3.25, 15.65, 4.75], "size": [7.25, 3.75, 1.25], "pivot": [0, 20.65, 0], "rotation": [20, 87.5, 0], "uv": [98, 88]},
						{"origin": [-4, 15.65, 4.75], "size": [7.25, 3.75, 1.25], "pivot": [0, 20.65, 0], "rotation": [20, -87.5, 0], "uv": [0, 88]},
						{"origin": [-4.25, 13.4, 4.76], "size": [9, 3.75, 1.25], "pivot": [0, 20.65, 0], "rotation": [20, 87.5, 0], "uv": [58, 59]},
						{"origin": [-4.75, 13.4, 4.76], "size": [9, 3.75, 1.25], "pivot": [0, 20.65, 0], "rotation": [20, -87.5, 0], "uv": [58, 55]}
					]
				},
				{
					"name": "DownBody",
					"parent": "AllBody",
					"pivot": [0, 20.65, 0]
				},
				{
					"name": "Skirt",
					"parent": "DownBody",
					"pivot": [0, 23.85, 0.1]
				},
				{
					"name": "RightSkirt",
					"parent": "Skirt",
					"pivot": [-3.525, 23.9, 0.0375],
					"rotation": [0, 0, 17.5]
				},
				{
					"name": "LeftSkirt",
					"parent": "Skirt",
					"pivot": [3.6, 23.9, 0.0375],
					"rotation": [0, 0, -17.5]
				},
				{
					"name": "FrontSkirt",
					"parent": "Skirt",
					"pivot": [0, 24.25, -2.0125],
					"rotation": [-20, 0, 0],
					"cubes": [
						{"origin": [-5.25, 18.25, -2.0625], "size": [10.475, 3, 1.1], "uv": [50, 42]},
						{"origin": [-4.25, 21.25, -2.0625], "size": [8.475, 3, 1.1], "uv": [50, 63]}
					]
				},
				{
					"name": "BackSkirt",
					"parent": "Skirt",
					"pivot": [0, 24.1, 2.4125],
					"rotation": [12.5, 0, 0],
					"cubes": [
						{"origin": [-5.15, 18.1, 1.3625], "size": [10.275, 3, 1.1], "uv": [50, 46]},
						{"origin": [-4.25, 21.1, 1.3625], "size": [8.475, 3, 1.1], "uv": [96, 63]}
					]
				},
				{
					"name": "Leg",
					"parent": "DownBody",
					"pivot": [0, 21.15, 0]
				},
				{
					"name": "LeftLeg",
					"parent": "Leg",
					"pivot": [2.4, 21.15, 0],
					"cubes": [
						{"origin": [0.375, 11.65, -2], "size": [3.65, 10, 4], "uv": [66, 28]}
					]
				},
				{
					"name": "LeftLowerLeg",
					"parent": "LeftLeg",
					"pivot": [2.2, 11.7, 0],
					"cubes": [
						{"origin": [0.5, 2, -1.9], "size": [3.4, 10, 4], "uv": [52, 28]}
					]
				},
				{
					"name": "LeftFoot",
					"parent": "LeftLowerLeg",
					"pivot": [2.1875, 2.5, 0.1375],
					"cubes": [
						{"origin": [0.25, 0, -2.1], "size": [3.875, 4, 4.375], "uv": [82, 63]},
						{"origin": [0.35, 0, -4.4], "size": [3.675, 3, 3], "uv": [50, 92]},
						{"origin": [0.95, 2.575, -3.2], "size": [2.675, 1, 2], "pivot": [2.6875, 2.5, -2.9], "rotation": [22.5, 0, 0], "uv": [18, 148]}
					]
				},
				{
					"name": "RightLeg",
					"parent": "Leg",
					"pivot": [-2.4, 21.15, 0],
					"cubes": [
						{"origin": [-4.025, 11.65, -2], "size": [3.65, 10, 4], "uv": [38, 28]}
					]
				},
				{
					"name": "RightLowerLeg",
					"parent": "RightLeg",
					"pivot": [-2.2, 11.7, 0],
					"cubes": [
						{"origin": [-3.9, 2, -1.9], "size": [3.4, 10, 4], "uv": [24, 28]}
					]
				},
				{
					"name": "RightFoot",
					"parent": "RightLowerLeg",
					"pivot": [-2.1875, 2.5, -0.1375],
					"cubes": [
						{"origin": [-4.125, 0, -2.1], "size": [3.875, 4, 4.375], "uv": [68, 63]},
						{"origin": [-4.025, 0, -4.4], "size": [3.675, 3, 3], "uv": [38, 92]},
						{"origin": [-3.625, 2.575, -3.2], "size": [2.675, 1, 2], "pivot": [-2.6875, 2.5, -2.9], "rotation": [22.5, 0, 0], "uv": [18, 145]}
					]
				}
			]
		}
	]
}