{
	"format_version": "1.12.0",
	"minecraft:geometry": [
		{
			"description": {
				"identifier": "geometry.default",
				"texture_width": 256,
				"texture_height": 256,
				"visible_bounds_width": 5,
				"visible_bounds_height": 6.5,
				"visible_bounds_offset": [0, 2.75, 0]
			},
			"bones": [
				{
					"name": "Root",
					"pivot": [0, -0.45, 0]
				},
				{
					"name": "AllBody",
					"parent": "Root",
					"pivot": [0, 22.1491, 0.575]
				},
				{
					"name": "UpBody",
					"parent": "AllBody",
					"pivot": [0, 22.14907, 0],
					"cubes": [
						{"origin": [-3.05, 24.825, 0.975], "size": [6.1, 1.2, 2], "pivot": [0.05, 28.625, 0.1], "rotation": [-17.5, 0, 0], "uv": [56, 51]},
						{"origin": [-3.42, 24.42945, 0.28463], "size": [1, 1.1, 2], "pivot": [-2.6, 26.32945, 1.34463], "rotation": [-17.14022, -3.58448, -11.45964], "uv": [16, 57]},
						{"origin": [2.42, 24.42945, 0.28463], "size": [1, 1.1, 2], "pivot": [2.6, 26.32945, 1.34463], "rotation": [-17.14022, 3.58448, 11.45964], "uv": [79, 47]},
						{"origin": [-2.45, 21.125, -1.8], "size": [4.9, 4, 3], "uv": [51, 32]},
						{"origin": [-2.5, 25.21635, -0.08266], "size": [5, 1.5, 2.1], "pivot": [0, 25.89135, 0.94234], "rotation": [2.5, 0, 0], "uv": [42, 55]},
						{"origin": [-3, 22.075, 0.575], "size": [6, 2, 1.25], "pivot": [0, 23.41174, 0.35], "rotation": [12.5, 0, 0], "uv": [63, 6]},
						{"origin": [-3.27283, 20.65, -1.775], "size": [2, 4, 2.95], "pivot": [0.00217, 24, -0.325], "rotation": [0, 0, 10], "uv": [49, 75]},
						{"origin": [1.27283, 20.65, -1.775], "size": [2, 4, 2.95], "pivot": [-0.00217, 24, -0.325], "rotation": [0, 0, -10], "uv": [69, 74]},
						{"origin": [-3.3261, 21.51834, 0.5], "size": [1.075, 3, 1.3], "pivot": [0, 23.41174, 0.35], "rotation": [12.3159, -2.1539, 9.7676], "uv": [47, 82]},
						{"origin": [2.2511, 21.51834, 0.5], "size": [1.075, 3, 1.3], "pivot": [0, 23.41174, 0.35], "rotation": [12.3159, 2.1539, -9.7676], "uv": [82, 34]},
						{"origin": [-3.63046, 25.68952, 0.85], "size": [2, 1.25, 1], "pivot": [0, 27.97407, -0.125], "rotation": [2.46207, 0.43399, -9.99067], "uv": [43, 22]},
						{"origin": [1.30232, 25.32429, 0.93981], "size": [2, 1.25, 1], "pivot": [2.30232, 25.94929, 1.43981], "rotation": [1.96207, -0.43399, 9.99067], "uv": [43, 22]},
						{"origin": [0.34404, 24.50271, -1.87073], "size": [2.9, 2, 2.9], "pivot": [1.79404, 25.50271, -0.42073], "rotation": [2.48633, -0.26124, 5.99433], "uv": [77, 64]},
						{"origin": [-2.5, 24.32534, -2.00499], "size": [5, 2, 2], "pivot": [0, 26.32534, -1.55499], "rotation": [5, 0, 0], "uv": [40, 21]},
						{"origin": [-1.0667, 22.22094, -4.97943], "size": [2.15, 2.35, 2.25], "pivot": [0.0083, 23.39594, -3.60443], "rotation": [172.61187, -3.0287, -9.88226], "uv": [66, 95]},
						{"origin": [-1.07409, 22.18702, -4.48185], "size": [2.15, 2.35, 2.25], "pivot": [0.00091, 23.36202, -3.35685], "rotation": [175.97346, -6.89725, -47.3351], "uv": [66, 95]},
						{"origin": [-1.07409, 22.18702, -4.48185], "size": [2.15, 2.35, 2.25], "pivot": [0.00091, 23.36202, -3.35685], "rotation": [-132.13077, -39.43761, -40.58814], "uv": [66, 90]},
						{"origin": [-3.63046, 24.86452, -1.975], "size": [2.9, 2, 2.9], "pivot": [0, 27.89907, -0.15], "rotation": [2.46207, 0.43399, -9.99067], "uv": [77, 69]},
						{"origin": [-0.19755, 20.76659, 0.67222], "size": [1.15, 5.1, 0.25], "pivot": [0.37745, 24.94159, -1.42778], "rotation": [176.8593, 1.17825, -90.08833], "uv": [74, 97]},
						{"origin": [-0.19755, 20.51659, -5.82778], "size": [1.15, 8.1, 6.5], "pivot": [0.37745, 24.94159, -1.42778], "rotation": [176.8593, 1.17825, -90.08833], "uv": [81, 90]},
						{"origin": [-2.29852, 21.79476, -2.94422], "size": [1.75, 5, 1], "pivot": [-1.42352, 24.29476, -2.44422], "rotation": [179.9673, 18.87123, 9.50153], "uv": [104, 60]},
						{"origin": [-3.11887, 19.87179, -2.64034], "size": [1.75, 2.75, 1], "pivot": [-2.14387, 21.24679, -2.24034], "rotation": [-178.18542, 13.75437, 17.22722], "uv": [104, 60]}
					]
				},
				{
					"name": "bone4",
					"parent": "UpBody",
					"pivot": [3.61197, 24.4136, -0.06911],
					"cubes": [
						{"origin": [3.08055, 12.75496, -1.50484], "size": [2.15, 12.1, 4], "pivot": [4.15555, 18.80496, 0.49516], "rotation": [-179.81981, 3.34939, -17.55077], "uv": [97, 90]},
						{"origin": [4.44103, 22.1735, -2.27616], "size": [1.15, 3.1, 4], "pivot": [3.51603, 21.4735, -0.27616], "rotation": [-179.52825, 3.32093, -12.54236], "uv": [103, 78]},
						{"origin": [4.69103, 21.6735, -0.02616], "size": [1.15, 5.1, 1], "pivot": [3.51603, 21.4735, -0.27616], "rotation": [-179.52825, 3.32093, -12.54236], "uv": [116, 81]},
						{"origin": [5.94763, 14.75095, -2.13591], "size": [1, 1, 1], "pivot": [6.44763, 15.25095, -1.63591], "rotation": [-144.51424, -14.17847, -12.68867], "uv": [122, 81]}
					]
				},
				{
					"name": "bone19",
					"parent": "bone4",
					"pivot": [3.61197, 24.4136, -0.06911],
					"cubes": [
						{"origin": [1.78697, 15.8636, -4.56911], "size": [3.9, 11.35, 1.25], "pivot": [4.61197, 20.4136, -3.06911], "rotation": [175.03466, -29.13275, -11.36111], "uv": [122, 93]}
					]
				},
				{
					"name": "bone3",
					"parent": "UpBody",
					"pivot": [-1.38803, 22.4136, -0.06911],
					"cubes": [
						{"origin": [-5.61029, 17.52153, -1.24337], "size": [1.15, 3.1, 4], "pivot": [-5.28529, 19.07153, 0.50663], "rotation": [-177.70777, 2.44944, 22.49298], "uv": [103, 78]},
						{"origin": [-5.72633, 17.70108, -1.12935], "size": [1.15, 5.1, 1], "pivot": [-7.65133, 19.75108, -0.37935], "rotation": [-177.70777, 2.44944, 22.49298], "uv": [116, 81]},
						{"origin": [-3.9562, 19.47044, -2.59831], "size": [2.4, 13.85, 4.35], "pivot": [-3.2062, 23.02044, 0.15169], "rotation": [-178.21668, 8.75683, 17.06723], "uv": [97, 90]},
						{"origin": [-7.15619, 14.28602, -1.08182], "size": [1, 1, 1], "pivot": [-6.65619, 14.78602, -0.58182], "rotation": [-142.70777, 2.44944, 22.49298], "uv": [126, 81]}
					]
				},
				{
					"name": "bone20",
					"parent": "bone3",
					"pivot": [-2.71895, 24.82267, -2.22986],
					"cubes": [
						{"origin": [-3.99894, 24.20049, -2.92686], "size": [2.9, 12.35, 1.1], "pivot": [-1.5248, 24.60105, -2.46127], "rotation": [-178.90754, 16.2131, 14.83576], "uv": [113, 96]}
					]
				},
				{
					"name": "bone8",
					"parent": "bone20",
					"pivot": [-3.17337, 20.94014, -2.62198],
					"cubes": [
						{"origin": [-1.77957, 17.91628, -2.98914], "size": [1.15, 4.6, 0.25], "pivot": [-1.20457, 20.21628, -3.26414], "rotation": [159.96848, 2.61502, -70.14287], "uv": [73, 102]}
					]
				},
				{
					"name": "bone5",
					"parent": "UpBody",
					"pivot": [-1.45, 24.875, 1.6],
					"cubes": [
						{"origin": [-3.81685, 16.86268, 2.50649], "size": [4.65, 12.1, 1], "pivot": [-1.24185, 20.66268, 2.88149], "rotation": [-173.53915, -6.8994, 3.36052], "uv": [82, 105]}
					]
				},
				{
					"name": "bone2",
					"parent": "UpBody",
					"pivot": [2.3, 24.625, 1.1],
					"cubes": [
						{"origin": [0.4154, 15.5444, 2.1737], "size": [3.65, 12.1, 1.25], "pivot": [2.2404, 20.0944, 2.6737], "rotation": [-170.16236, 13.11681, -2.45031], "uv": [113, 112]}
					]
				},
				{
					"name": "bone6",
					"parent": "UpBody",
					"pivot": [-0.42266, 24.0437, -1.90482],
					"cubes": [
						{"origin": [-3.74766, 14.9937, -17.65482], "size": [3.15, 10.35, 1.25], "pivot": [1.82734, 19.2937, -9.65482], "rotation": [-177.92996, 2.63986, 17.49167], "uv": [99, 27]}
					]
				},
				{
					"name": "bone7",
					"parent": "UpBody",
					"pivot": [0.51603, 23.2235, -2.02616],
					"cubes": [
						{"origin": [-1.55897, 17.9235, 1.17384], "size": [5.15, 9.1, 1.05], "pivot": [3.51603, 21.4735, -0.27616], "rotation": [-179.38368, 3.29719, -10.03829], "uv": [113, 29]}
					]
				},
				{
					"name": "UpperBody",
					"parent": "UpBody",
					"pivot": [0, 25.04907, -0.075],
					"cubes": [
						{"origin": [-2.945, 30.51058, 2.49158], "size": [6.64, 1.825, 1], "pivot": [0.5, 30.17308, 2.99158], "rotation": [-20, 0, 0], "uv": [128, 24]},
						{"origin": [-1.445, 27.45625, 2.71751], "size": [3.39, 3.575, 1.5], "pivot": [0.25, 29.24375, 3.71751], "rotation": [10, 0, 0], "uv": [129, 25]},
						{"origin": [-3.695, 30.7, 1.984], "size": [7.39, 1.075, 1], "pivot": [0, 31.2375, 2.484], "rotation": [-32.5, 0, 0], "uv": [110, 20]},
						{"origin": [-5.11272, 28.60035, 2.69931], "size": [7.39, 1.825, 1], "pivot": [-1.41772, 29.26285, 2.69931], "rotation": [16.43696, 4.56836, -120.18878], "uv": [109, 16]},
						{"origin": [-1.47142, 28.02885, 2.7171], "size": [7.39, 1.825, 1], "pivot": [2.22358, 28.94135, 3.2171], "rotation": [158.81189, 1.96912, -56.43117], "uv": [109, 16]},
						{"origin": [-3.90705, 30.86879, -1.75], "size": [1, 1.25, 4.5], "pivot": [-3.53205, 31.61879, 0.5], "rotation": [0, 0, 47.5], "uv": [113, 60]},
						{"origin": [3.16999, 31.01459, -1.75], "size": [1.25, 1, 4.5], "pivot": [3.66999, 31.76459, 0.5], "rotation": [0, 0, 37.5], "uv": [113, 60]},
						{"origin": [-3.7, 26.95, -2.225], "size": [7.4, 4.1, 4], "uv": [25, 11]},
						{"origin": [-2.4671, 24.5952, -3.14896], "size": [3.25, 5.25, 1.25], "pivot": [-0.7171, 27.0952, -2.64896], "rotation": [178.95655, -2.58274, -82.92044], "uv": [106, 62]},
						{"origin": [-3.695, 26.95, 1.484], "size": [7.39, 3.075, 1], "uv": [57, 20]},
						{"origin": [-3.49, 28.55, -0.1], "size": [6.88, 1, 1.25], "pivot": [-0.11, 28.5, 2.275], "rotation": [-55, 0, 0], "uv": [60, 25]},
						{"origin": [-3.1, 25.2431, -2.00476], "size": [6.2, 3, 3], "pivot": [0, 26.9431, -0.92976], "rotation": [5, 0, 0], "uv": [38, 20]},
						{"origin": [-3.1, 25.24433, 1.28267], "size": [6.2, 2, 1], "pivot": [0, 26.32923, 1.50267], "rotation": [-12.5, 0, 0], "uv": [62, 65]},
						{"origin": [-3.43083, 25.88676, 0.22267], "size": [1, 2.1, 2], "pivot": [0, 26.32923, 1.50267], "rotation": [-12.23516, -2.5792, -11.72352], "uv": [78, 5]},
						{"origin": [2.43083, 25.88676, 0.22267], "size": [1, 2.1, 2], "pivot": [0, 26.32923, 1.50267], "rotation": [-12.23516, 2.5792, 11.72352], "uv": [0, 59]},
						{"origin": [-3.73046, 25.86452, -1.95], "size": [3, 2, 3], "pivot": [0, 27.89907, -0.075], "rotation": [2.46207, 0.43399, -9.99067], "uv": [38, 67]},
						{"origin": [0.73046, 25.86452, -1.95], "size": [3, 2, 3], "pivot": [0, 27.89907, -0.075], "rotation": [2.46207, -0.43399, 9.99067], "uv": [13, 64]},
						{"origin": [2.25009, 26.16068, -2.86273], "size": [1, 5.5, 1], "pivot": [2.75009, 28.91068, -2.11273], "rotation": [-5.93984, -29.75069, 31.66847], "uv": [104, 60]},
						{"origin": [2.66371, 24.94573, -2.98508], "size": [2, 7, 1.5], "pivot": [3.66371, 28.44573, -2.23508], "rotation": [-5.12599, -17.31439, 26.49146], "uv": [105, 52]},
						{"origin": [1.91923, 24.75346, -3.614], "size": [2.75, 7, 0.5], "pivot": [3.29423, 28.50346, -3.489], "rotation": [-9.5101, 16.18502, 26.97396], "uv": [139, 42]},
						{"origin": [-4.69026, 25.53449, -3.05958], "size": [2.25, 6.5, 1.5], "pivot": [-3.44026, 28.78449, -2.20958], "rotation": [-8.67595, 13.47143, -24.21696], "uv": [104, 51]},
						{"origin": [-4.96113, 25.0288, -3.46129], "size": [2.25, 7, 0.25], "pivot": [-3.83613, 28.7788, -3.33629], "rotation": [-11.89839, -8.03328, -17.28876], "uv": [139, 42]},
						{"origin": [-3.87356, 26.6986, -2.47153], "size": [1, 5.5, 1], "pivot": [-2.87356, 30.6986, -2.22153], "rotation": [-5.77915, -9.95557, -27.71791], "uv": [104, 60]},
						{"origin": [-5.35295, 30.80342, -3.1279], "size": [1, 1, 1], "pivot": [-4.72795, 31.17842, -2.6279], "rotation": [1.98385, -1.5216, 52.47365], "uv": [135, 53]},
						{"origin": [3.49646, 31.07801, -3.45833], "size": [1, 1, 1], "pivot": [4.12146, 30.70301, -3.20833], "rotation": [1.98385, -1.5216, 52.47365], "uv": [135, 53]},
						{"origin": [-5.97737, 31.18297, -2.88972], "size": [2.5, 1.25, 5.75], "pivot": [-3.90237, 31.30797, 0.48528], "rotation": [1.98344, -0.9769, -22.56018], "uv": [113, 48]},
						{"origin": [3.90123, 30.87211, -3.25], "size": [2.5, 1.25, 6], "pivot": [5.15123, 31.49711, 0.375], "rotation": [2.46207, -0.43399, 24.99067], "uv": [113, 48]},
						{"origin": [0.6851, 28.86585, -2.58372], "size": [2, 1.75, 1], "pivot": [1.6851, 29.24085, -2.08372], "rotation": [-7.7614, 14.8687, 57.99693], "uv": [10, 101]},
						{"origin": [-1.05143, 27.59165, -2.7519], "size": [2.6, 2, 1], "pivot": [0.44857, 28.59165, -2.2519], "rotation": [-5.16635, 15.37714, 58.64557], "uv": [1, 101]},
						{"origin": [-2.39577, 26.66437, -2.15603], "size": [2, 2, 1], "pivot": [-1.29577, 27.66437, -2.00603], "rotation": [164.92969, -4.69776, -28.28606], "uv": [0, 105]},
						{"origin": [-0.29277, 28.43375, -2.92752], "size": [1, 1, 1], "pivot": [0.20723, 28.93375, -2.42752], "rotation": [-15.13765, 16.56647, 43.49407], "uv": [0, 110]}
					]
				},
				{
					"name": "bone13",
					"parent": "UpperBody",
					"pivot": [0.13179, 26.34669, 3.4859],
					"cubes": [
						{"origin": [-0.30173, 22.28992, 3.28765], "size": [1, 4, 1], "pivot": [0.19827, 24.28992, 3.78765], "rotation": [-163.02033, -5.46006, -1.45597], "uv": [75, 105]}
					]
				},
				{
					"name": "bone14",
					"parent": "bone13",
					"pivot": [0.19827, 22.78992, 4.03765],
					"cubes": [
						{"origin": [-0.94494, 20.17734, 3.66372], "size": [2.15, 2.35, 2.25], "pivot": [0.13006, 21.35234, 4.78872], "rotation": [150.57781, -37.95802, 18.45367], "uv": [47, 91]},
						{"origin": [-0.94321, 20.42169, 3.6109], "size": [2.15, 2.35, 2.25], "pivot": [0.13179, 21.59669, 4.7359], "rotation": [-167.79879, -1.70396, 0.03831], "uv": [57, 87]},
						{"origin": [-0.94321, 20.42169, 3.6109], "size": [2.15, 2.35, 2.25], "pivot": [0.13179, 21.59669, 4.7359], "rotation": [-170.781, 8.20498, -49.11691], "uv": [57, 91]}
					]
				},
				{
					"name": "AllHead",
					"parent": "UpperBody",
					"pivot": [0, 31, 0],
					"cubes": [
						{"origin": [-1.5, 30.65, -1.275], "size": [3, 2, 3], "uv": [51, 69]},
						{"origin": [-1.75, 29.9, -1.525], "size": [3.5, 1.5, 3.5], "uv": [90, 71]},
						{"origin": [-1.26574, 30.73477, -1.6569], "size": [1, 1, 1], "pivot": [-0.76574, 31.23477, -1.1569], "rotation": [-31.52013, 31.24129, 35.01634], "uv": [99, 79]}
					]
				},
				{
					"name": "Head",
					"parent": "AllHead",
					"pivot": [0, 31.95, -0.5],
					"cubes": [
						{"origin": [-3.5, 31.95, -4], "size": [7, 7, 7], "uv": [0, 0]},
						{"origin": [1.83319, 32.85, -1.83132], "size": [3, 3, 1], "pivot": [3.73319, 34.55, -1.33132], "rotation": [-3.2993, -22.26923, 8.64954], "uv": [0, 78]},
						{"origin": [-4.83319, 32.85, -1.83132], "size": [3, 3, 1], "pivot": [-3.73319, 34.55, -1.33132], "rotation": [-3.2993, 22.26923, -8.64954], "uv": [0, 78]}
					]
				},
				{
					"name": "Eyes",
					"parent": "Head",
					"pivot": [0, 33.95, -0.5]
				},
				{
					"name": "Eyelid",
					"parent": "Eyes",
					"pivot": [0, 33.95, -0.5]
				},
				{
					"name": "RightEyelid",
					"parent": "Eyelid",
					"pivot": [-2.5, 33.15, -3.525],
					"cubes": [
						{"origin": [-3.5, 32.94, -4.025], "size": [2, 2.02, 1], "uv": [1, 232]}
					]
				},
				{
					"name": "RightEyelidBase",
					"parent": "RightEyelid",
					"pivot": [-2.325, 33.95, -3.575],
					"cubes": [
						{"origin": [-3.025, 32.95, -4.075], "size": [1.4, 2, 1], "uv": [1, 242]}
					]
				},
				{
					"name": "RightPupil",
					"parent": "RightEyelidBase",
					"pivot": [-2.3275, 33.9375, -3.6075],
					"cubes": [
						{"origin": [-2.505, 33.76, -4.12], "size": [0.35, 0.63, 1], "uv": [1.5, 248.5]},
						{"origin": [-2.575, 33.66, -4.095], "size": [0.5, 0.8, 1], "uv": [1.5, 251.5]}
					]
				},
				{
					"name": "RightEyesDot",
					"parent": "RightEyelidBase",
					"pivot": [-4.82, 33.7925, -3.9925],
					"cubes": [
						{"origin": [-2, 34.3, -4.1], "size": [0.46, 0.25, 0.2], "uv": [2.5, 246.5]},
						{"origin": [-3.025, 32.96, -4.085], "size": [1.4, 0.45, 0.2], "uv": [1.5, 254.5]}
					]
				},
				{
					"name": "bone27",
					"parent": "RightEyelid",
					"pivot": [-2.5, 33.15, -2.525],
					"cubes": [
						{"origin": [1.825, 32.86, -3.185], "size": [0.9, 0.35, 0.2], "uv": [13, 254.5]}
					]
				},
				{
					"name": "LeftEyelid",
					"parent": "Eyelid",
					"pivot": [2.5, 33.15, -3.525],
					"cubes": [
						{"origin": [1.5, 32.94, -4.025], "size": [2, 2.02, 1], "uv": [8, 232]}
					]
				},
				{
					"name": "LeftEyelidBase",
					"parent": "LeftEyelid",
					"pivot": [2.325, 33.95, -3.575],
					"cubes": [
						{"origin": [1.625, 32.95, -4.075], "size": [1.4, 2, 1], "uv": [6, 242]}
					]
				},
				{
					"name": "LeftPupil",
					"parent": "LeftEyelidBase",
					"pivot": [2.3275, 33.9375, -3.6075],
					"cubes": [
						{"origin": [2.075, 33.66, -4.095], "size": [0.5, 0.8, 1], "uv": [6.5, 251.5]},
						{"origin": [2.155, 33.76, -4.12], "size": [0.35, 0.63, 1], "uv": [6.5, 248.5]}
					]
				},
				{
					"name": "LeftEyesDot",
					"parent": "LeftEyelidBase",
					"pivot": [2.5675, 33.7925, -3.9925],
					"cubes": [
						{"origin": [1.625, 32.96, -4.085], "size": [1.4, 0.45, 0.2], "uv": [6.5, 254.5]},
						{"origin": [2.625, 34.3, -4.1], "size": [0.46, 0.25, 0.2], "uv": [7.5, 246.5]}
					]
				},
				{
					"name": "bone26",
					"parent": "LeftEyesDot",
					"pivot": [0, 0, 0],
					"cubes": [
						{"origin": [-2.7, 32.86, -3.185], "size": [0.9, 0.35, 0.2], "uv": [13, 254.5]}
					]
				},
				{
					"name": "LeftEyebrow",
					"parent": "Eyes",
					"pivot": [1.375, 34.75, -3.7]
				},
				{
					"name": "bone25",
					"parent": "LeftEyebrow",
					"pivot": [0, 0, 0],
					"cubes": [
						{"origin": [3.35, 34.975, -4.375], "size": [1.1, 0.5, 1], "uv": [21, 236]}
					]
				},
				{
					"name": "bone16",
					"parent": "LeftEyebrow",
					"pivot": [1.25, 35.25, -4]
				},
				{
					"name": "bone24",
					"parent": "bone16",
					"pivot": [0, 0, 0],
					"cubes": [
						{"origin": [1.125, 35.125, -4.45], "size": [2.3, 0.5, 1], "uv": [21, 239]}
					]
				},
				{
					"name": "bone15",
					"parent": "LeftEyebrow",
					"pivot": [1.25, 35.25, -4],
					"cubes": [
						{"origin": [1.125, 35.125, -4.45], "size": [2.3, 0.5, 1], "uv": [21, 239]}
					]
				},
				{
					"name": "RightEyebrow",
					"parent": "Eyes",
					"pivot": [-2.875, 34.75, -3.7],
					"cubes": [
						{"origin": [-4.45, 34.975, -4.375], "size": [1.1, 0.5, 1], "uv": [21, 236]}
					]
				},
				{
					"name": "bone18",
					"parent": "RightEyebrow",
					"pivot": [-1.625, 35.2, -3.7],
					"cubes": [
						{"origin": [-3.675, 35.125, -4.45], "size": [2.3, 0.5, 1], "uv": [21, 239]}
					]
				},
				{
					"name": "bone17",
					"parent": "RightEyebrow",
					"pivot": [-1.625, 35.5, -3.95],
					"cubes": [
						{"origin": [-3.69952, 35.16747, -4.2], "size": [2.3, 0.5, 1], "uv": [21, 239]}
					]
				},
				{
					"name": "Face",
					"parent": "Head",
					"pivot": [0, 33.9, 0]
				},
				{
					"name": "Mouth",
					"parent": "Face",
					"pivot": [0, 32.9, -2.41]
				},
				{
					"name": "Mouth1",
					"parent": "Mouth",
					"pivot": [-0.01026, 32.59535, -2.96],
					"cubes": [
						{"origin": [-0.175, 32.525, -3.01], "size": [0.4, 0.15, 0.1], "pivot": [0.125, 32.6, -3.01], "rotation": [0, 0, -37.5], "uv": [11.5, 243.5]},
						{"origin": [-0.425, 32.825, -3.01], "size": [0.4, 0.15, 0.1], "pivot": [0.15, 32.6, -3.01], "rotation": [0, 0, -37.5], "uv": [11.5, 243.5]},
						{"origin": [-0.175, 32.3, -3.01], "size": [0.35, 0.15, 0.1], "pivot": [0.125, 32.6, -3.01], "rotation": [0, 0, 50], "uv": [11.5, 243.5]},
						{"origin": [-0.9603, 32.54994, -3.01], "size": [0.4, 0.15, 0.1], "pivot": [-0.7353, 32.67494, -2.96], "rotation": [0, 0, -42], "uv": [12.5, 242.5]},
						{"origin": [-0.65, 32.325, -3.01], "size": [0.4, 0.15, 0.1], "pivot": [-0.275, 32.6, -3.01], "rotation": [0, 0, 50], "uv": [11.5, 243.5]},
						{"origin": [0.5603, 32.54994, -3.01], "size": [0.4, 0.15, 0.1], "pivot": [0.7353, 32.67494, -2.96], "rotation": [0, 0, 42], "uv": [12.5, 242.5]},
						{"origin": [0.25, 32.325, -3.01], "size": [0.4, 0.15, 0.1], "pivot": [0.275, 32.6, -3.01], "rotation": [0, 0, -50], "uv": [12.5, 242.5]},
						{"origin": [0.025, 32.825, -3.01], "size": [0.4, 0.15, 0.1], "pivot": [-0.15, 32.6, -3.01], "rotation": [0, 0, 37.5], "uv": [11.5, 243.5]}
					]
				},
				{
					"name": "Mouth2",
					"parent": "Mouth",
					"pivot": [0.0125, 32.66, -3.01],
					"cubes": [
						{"origin": [-0.575, 32.31, -3.01], "size": [1.175, 0.7, 0.1], "uv": [11.5, 242.5]},
						{"origin": [0.015, 32.54313, -3.01], "size": [0.575, 0.45, 0.1], "pivot": [0.44047, 32.90002, -2.9725], "rotation": [0, 0, -110], "uv": [11.5, 243.5]},
						{"origin": [-0.08953, 32.75442, -3.01], "size": [0.45, 0.45, 0.1], "pivot": [0.44047, 32.90002, -2.9725], "rotation": [0, 0, -135], "uv": [11.5, 243.5]},
						{"origin": [-0.08042, 32.78755, -3.01], "size": [0.525, 0.275, 0.1], "pivot": [0.44047, 32.90002, -2.9725], "rotation": [0, 0, 17.5], "uv": [11.5, 243.5]},
						{"origin": [-0.59, 32.54313, -3.01], "size": [0.575, 0.45, 0.1], "pivot": [-0.44047, 32.90002, -2.9725], "rotation": [0, 0, 110], "uv": [11.5, 242.5]},
						{"origin": [-0.36047, 32.75442, -3.01], "size": [0.45, 0.45, 0.1], "pivot": [-0.44047, 32.90002, -2.9725], "rotation": [0, 0, 135], "uv": [11.5, 242.5]},
						{"origin": [-0.44458, 32.78755, -3.01], "size": [0.525, 0.275, 0.1], "pivot": [-0.44047, 32.90002, -2.9725], "rotation": [0, 0, -17.5], "uv": [11.5, 243.5]}
					]
				},
				{
					"name": "Mouth3",
					"parent": "Mouth",
					"pivot": [-0.00142, 32.52428, -2.96],
					"cubes": [
						{"origin": [-0.175, 32.725, -3.01], "size": [0.4, 0.35, 0.1], "pivot": [0.125, 33, -3.01], "rotation": [0, 0, -37.5], "uv": [12.5, 242.5]},
						{"origin": [-0.425, 32.85, -3.01], "size": [0.4, 0.525, 0.1], "pivot": [0.15, 33, -3.01], "rotation": [0, 0, -37.5], "uv": [11.5, 243.5]},
						{"origin": [-0.175, 32.7, -3.01], "size": [0.35, 0.15, 0.1], "pivot": [0.125, 33, -3.01], "rotation": [0, 0, 50], "uv": [11.5, 243.5]},
						{"origin": [-0.9603, 32.72494, -3.01], "size": [0.4, 0.375, 0.1], "pivot": [-0.7353, 33.07494, -2.96], "rotation": [0, 0, -42], "uv": [11.5, 244.5]},
						{"origin": [-1.6103, 32.14994, -3.01], "size": [0.7, 1.075, 0.1], "pivot": [-0.7353, 33.07494, -2.96], "rotation": [0, 0, -77], "uv": [11.5, 242.5]},
						{"origin": [0.9103, 32.09994, -3.01], "size": [0.7, 1.125, 0.1], "pivot": [0.7353, 33.07494, -2.96], "rotation": [0, 0, 77], "uv": [11.5, 242.5]},
						{"origin": [1.6103, 32.84994, -3.01], "size": [0.2, 0.375, 0.1], "pivot": [0.7353, 33.07494, -2.96], "rotation": [0, 0, 77], "uv": [11.5, 243.5]},
						{"origin": [1.6103, 32.47494, -3.01], "size": [0.1, 0.375, 0.1], "pivot": [0.7353, 33.07494, -2.96], "rotation": [0, 0, 77], "uv": [12.5, 242.5]},
						{"origin": [1.6103, 32.37494, -3.01], "size": [0.1, 0.175, 0.1], "pivot": [0.7353, 33.07494, -2.96], "rotation": [0, 0, 77], "uv": [11.5, 243.5]},
						{"origin": [-1.7103, 32.37494, -3.01], "size": [0.1, 0.175, 0.1], "pivot": [-0.7353, 33.07494, -2.96], "rotation": [0, 0, -77], "uv": [11.5, 243.5]},
						{"origin": [-1.7353, 32.52494, -3.01], "size": [0.125, 0.325, 0.1], "pivot": [-0.7353, 33.07494, -2.96], "rotation": [0, 0, -77], "uv": [11.5, 243.5]},
						{"origin": [-1.8103, 32.84994, -3.01], "size": [0.2, 0.375, 0.1], "pivot": [-0.7353, 33.07494, -2.96], "rotation": [0, 0, -77], "uv": [11.5, 243.5]},
						{"origin": [1.7353, 31.19994, -3.01], "size": [0.1, 2.25, 0.1], "pivot": [0.7353, 33.07494, -2.96], "rotation": [0, 0, 89.5], "uv": [11.5, 242.5]},
						{"origin": [-0.65, 32.725, -3.01], "size": [0.4, 0.15, 0.1], "pivot": [-0.275, 33, -3.01], "rotation": [0, 0, 50], "uv": [12.5, 242.5]},
						{"origin": [0.5603, 32.74994, -3.01], "size": [0.4, 0.35, 0.1], "pivot": [0.7353, 33.07494, -2.96], "rotation": [0, 0, 42], "uv": [11.5, 243.5]},
						{"origin": [0.25, 32.725, -3.01], "size": [0.4, 0.15, 0.1], "pivot": [0.275, 33, -3.01], "rotation": [0, 0, -50], "uv": [11.5, 243.5]},
						{"origin": [0.025, 33, -3.01], "size": [0.4, 0.375, 0.1], "pivot": [-0.15, 33, -3.01], "rotation": [0, 0, 37.5], "uv": [11.5, 242.5]}
					]
				},
				{
					"name": "Mouth4",
					"parent": "Mouth",
					"pivot": [0, 32.6821, -2.96],
					"cubes": [
						{"origin": [0.45483, 32.83309, -3.085], "size": [0.2, 0.2, 0.1], "pivot": [0.55483, 32.93309, -3.035], "rotation": [0, 0, -37.5], "uv": [14, 255.5]},
						{"origin": [-0.02418, 32.82735, -3.01], "size": [0.925, 0.15, 0.1], "pivot": [0.43832, 32.90235, -3.01], "rotation": [0, 0, 8.25], "uv": [11.5, 244.5]},
						{"origin": [-0.6, 32.15, -3.01], "size": [1.2, 0.75, 0.1], "uv": [11.5, 242.5]},
						{"origin": [0.02193, 32.37739, -3.01], "size": [0.675, 0.4, 0.1], "pivot": [0.48943, 32.71739, -3.01], "rotation": [0, 0, -65], "uv": [11.5, 243.5]},
						{"origin": [-0.90082, 32.82735, -3.01], "size": [0.925, 0.15, 0.1], "pivot": [-0.43832, 32.90235, -3.01], "rotation": [0, 0, -8.25], "uv": [11.5, 242.5]},
						{"origin": [-0.69693, 32.37739, -3.01], "size": [0.675, 0.4, 0.1], "pivot": [-0.48943, 32.71739, -3.01], "rotation": [0, 0, 65], "uv": [11.5, 243.5]}
					]
				},
				{
					"name": "Mouth5",
					"parent": "Mouth",
					"pivot": [0, 32.48939, -2.96],
					"cubes": [
						{"origin": [-0.0625, 32.38912, -3.01], "size": [0.125, 0.125, 0.1], "uv": [11.5, 244.5]},
						{"origin": [-0.25173, 32.41738, -3.01], "size": [0.25, 0.125, 0.1], "pivot": [-0.07673, 32.49238, -3.01], "rotation": [0, 0, 32], "uv": [11.5, 243.5]},
						{"origin": [0.00173, 32.41738, -3.01], "size": [0.25, 0.125, 0.1], "pivot": [0.07673, 32.49238, -3.01], "rotation": [0, 0, -32], "uv": [12.5, 242.5]}
					]
				},
				{
					"name": "Mouth6",
					"parent": "Mouth",
					"pivot": [-0.003, 33.07299, -0.09928],
					"cubes": [
						{"origin": [-0.15015, 32.77827, -0.15762], "size": [0.3003, 0.3003, 0.14024], "pivot": [0, 33.12061, -0.0375], "rotation": [-12.5, 0, 0], "uv": [11.5, 246.5]},
						{"origin": [-0.43844, 32.97046, -0.15762], "size": [0.85285, 0.68468, 0.14024], "pivot": [0, 33.12061, -0.0375], "rotation": [-12.5, 0, 0], "uv": [11.5, 246.5]},
						{"origin": [-0.28656, 32.7628, -0.15762], "size": [0.36036, 0.3003, 0.14024], "pivot": [0, 33.12061, -0.0375], "rotation": [-10.64776, 6.58606, 31.38559], "uv": [11.5, 246.5]},
						{"origin": [-0.0738, 32.7628, -0.15762], "size": [0.36036, 0.3003, 0.14024], "pivot": [0, 33.12061, -0.0375], "rotation": [-10.64776, -6.58606, -31.38559], "uv": [11.5, 246.5]}
					]
				},
				{
					"name": "Mouth7",
					"parent": "Mouth6",
					"pivot": [0.18434, 33.02634, -0.05762],
					"cubes": [
						{"origin": [-0.77643, 33.55046, -0.05762], "size": [0.77285, 0.18468, 0.24024], "uv": [11.5, 242.5]},
						{"origin": [0.00357, 33.55046, -0.05762], "size": [0.77285, 0.18468, 0.24024], "uv": [11.5, 242.5]}
					]
				},
				{
					"name": "Hair",
					"parent": "Head",
					"pivot": [-0.14783, 36.56957, -0.12826]
				},
				{
					"name": "TopHair",
					"parent": "Hair",
					"pivot": [0, 15.1, -0.75],
					"cubes": [
						{"origin": [1.499, 36.575, -5.15], "size": [1, 3, 1], "uv": [28, 82]},
						{"origin": [-1.5, 37.825, -5.125], "size": [3, 2, 1], "uv": [76, 30]},
						{"origin": [-2.495, 36.825, -4.975], "size": [1, 3, 1], "uv": [69, 81]},
						{"origin": [-4.3375, 35.625, -4.7], "size": [1, 4, 3], "uv": [9, 70]},
						{"origin": [3.1375, 35.625, -4.75], "size": [1.25, 4, 3], "uv": [0, 70]},
						{"origin": [-4.5, 32.2, -3.2], "size": [1, 8, 6], "uv": [0, 34]},
						{"origin": [-3, 33.4, 3.45], "size": [6, 6, 1], "uv": [48, 0]},
						{"origin": [-4, 32.4, 2.45], "size": [8, 7, 1], "uv": [29, 0]},
						{"origin": [-2.975, 40.1, -4.35], "size": [6, 1, 7], "uv": [0, 25]},
						{"origin": [-4, 39.4, -4.55], "size": [8, 1, 8], "uv": [0, 15]},
						{"origin": [-2, 41.1, -3.35], "size": [4, 1, 5], "uv": [37, 35]},
						{"origin": [-3, 41.1, -2.35], "size": [1, 1, 3], "uv": [75, 59]},
						{"origin": [2, 41.1, -2.35], "size": [1, 1, 3], "uv": [74, 25]},
						{"origin": [-3.975, 40.1, -3.35], "size": [1, 1, 5], "uv": [8, 57]},
						{"origin": [3.025, 40.1, -3.35], "size": [1, 1, 5], "uv": [52, 55]},
						{"origin": [-3.5, 35.725, -5.125], "size": [1, 4, 1], "uv": [37, 80]},
						{"origin": [2.525, 35.725, -5.25], "size": [1, 2.75, 1], "uv": [42, 80]}
					]
				},
				{
					"name": "bone12",
					"parent": "TopHair",
					"pivot": [0, 38.76881, -3.97796],
					"cubes": [
						{"origin": [-3.4449, 39.21377, -5.07588], "size": [4.5, 1, 1], "pivot": [-1.4449, 39.71377, -4.82588], "rotation": [-89.46325, -0.55096, -30.19945], "uv": [72, 10]},
						{"origin": [0.1194, 39.0232, -5.98104], "size": [3.25, 1, 1.25], "pivot": [2.1194, 39.7232, -4.98104], "rotation": [88.23561, 1.85889, 33.51644], "uv": [72, 10]}
					]
				},
				{
					"name": "RightHair",
					"parent": "Hair",
					"pivot": [0, 40.1, -2.75],
					"cubes": [
						{"origin": [-5.5, 33.2, 0.275], "size": [1, 6, 2], "uv": [62, 74]},
						{"origin": [4.5, 33.2, 0.275], "size": [1, 6, 2], "uv": [74, 40]},
						{"origin": [-5.75, 32.45, -0.725], "size": [1, 8, 1], "pivot": [-6, 36.95, -0.225], "rotation": [7.5, 0, 22.5], "uv": [18, 76]},
						{"origin": [-5.5, 34.2, -1.725], "size": [1, 4, 1], "uv": [78, 74]},
						{"origin": [3.5, 32.2, -3.2], "size": [1, 8, 6], "uv": [0, 34]},
						{"origin": [5, 32.2, -0.725], "size": [1, 8, 1], "pivot": [5, 35.2, -0.225], "rotation": [5, 0, -20], "uv": [18, 76]},
						{"origin": [4.5, 34.2, -1.725], "size": [1, 4, 1], "uv": [78, 74]},
						{"origin": [-4.4, 34.8, -4.35], "size": [1, 4, 2], "uv": [22, 0]},
						{"origin": [4.8395, 32.60587, 0.73296], "size": [2, 6, 1], "pivot": [6.0895, 35.60587, 1.23296], "rotation": [6.81746, 45.62589, -12.21795], "uv": [0, 15]},
						{"origin": [-5.65695, 32.41898, 2.44112], "size": [2, 6, 1], "pivot": [-4.65695, 35.41898, 2.89112], "rotation": [1.2933, -55.2049, 3.0808], "uv": [75, 51]},
						{"origin": [3.65695, 32.41898, 2.44112], "size": [2, 6, 1], "pivot": [4.65695, 35.41898, 2.89112], "rotation": [1.2933, 55.2049, -3.0808], "uv": [75, 51]},
						{"origin": [-7.37483, 32.44663, 0.49065], "size": [2, 6, 1], "pivot": [-6.12483, 35.44663, 1.24065], "rotation": [171.54581, 18.25736, -166.56258], "uv": [0, 15]}
					]
				},
				{
					"name": "FrontHair",
					"parent": "Hair",
					"pivot": [0, 36, -5],
					"rotation": [-5, 0, 0],
					"cubes": [
						{"origin": [-4.86778, 35.25297, -4.24], "size": [1.025, 2, 1], "pivot": [-4.35528, 36.25297, -3.74], "rotation": [-0.45931, 0.30203, 14.98832], "uv": [82, 13]},
						{"origin": [4.52853, 36.25397, -3.47152], "size": [1.025, 3, 1], "pivot": [4.52187, 35.49327, -3.41585], "rotation": [-0.4958, -0.0652, -14.9788], "uv": [77, 80]},
						{"origin": [-5.55353, 36.25397, -3.47152], "size": [1.025, 3, 1], "pivot": [-4.52187, 35.49327, -3.41585], "rotation": [-0.4958, 0.0652, 14.9788], "uv": [77, 80]}
					]
				},
				{
					"name": "bone9",
					"parent": "FrontHair",
					"pivot": [-2.57504, 39.34298, -5.25],
					"cubes": [
						{"origin": [-4.58799, 35.80234, -5.675], "size": [1, 5, 1], "pivot": [-4.08799, 38.30234, -5.375], "rotation": [0, 25, 52.5], "uv": [23, 81]}
					]
				},
				{
					"name": "FrontHair1",
					"parent": "FrontHair",
					"pivot": [-0.25, 38.075, -5.25],
					"cubes": [
						{"origin": [-1.07504, 34.84298, -5.6], "size": [1, 5, 1], "pivot": [-0.57504, 37.34298, -5.25], "rotation": [-4.99527, 0.21782, -2.5095], "uv": [32, 76]},
						{"origin": [0.08227, 35.83933, -5.5], "size": [1, 4, 1], "pivot": [0.48227, 37.83933, -5.25], "rotation": [-2.49762, 0.10901, 2.49762], "uv": [9, 78]},
						{"origin": [-2.17603, 35.96442, -5.48477], "size": [1, 3, 1], "pivot": [-1.77603, 37.46442, -5.03477], "rotation": [-4.97178, 0.65182, -5.04256], "uv": [57, 81]},
						{"origin": [1.16994, 35.99565, -5.525], "size": [1, 3, 1], "pivot": [1.31994, 37.49565, -5.175], "rotation": [0, 0, 10], "uv": [81, 39]}
					]
				},
				{
					"name": "FrontHair2",
					"parent": "FrontHair",
					"pivot": [0.12265, 37.92243, -3.41577],
					"cubes": [
						{"origin": [-4.84307, 32.91331, -5.375], "size": [1, 3, 1], "pivot": [-4.34307, 34.91331, -5.125], "rotation": [0, 25, -10], "uv": [23, 81]},
						{"origin": [-4.51118, 32.31399, -4.22248], "size": [1.025, 3, 1], "pivot": [-4.37735, 35.42243, -3.41577], "rotation": [-0.5218, 0.1729, -0.0112], "uv": [77, 80]},
						{"origin": [4.42592, 34.46357, -3.47341], "size": [1.025, 2, 1], "pivot": [4.92833, 34.79488, -3.38741], "rotation": [-0.4995, 0.0219, -4.9792], "uv": [82, 13]},
						{"origin": [-4.23203, 34.15569, -5.875], "size": [1, 4.8, 1], "pivot": [-2.98203, 36.65569, -5.125], "rotation": [0, 15, 22.5], "uv": [23, 89]},
						{"origin": [3.48618, 32.31399, -4.22248], "size": [1.025, 3, 1], "pivot": [4.37735, 35.42243, -3.41577], "rotation": [-0.5218, -0.1729, 0.0112], "uv": [77, 80]},
						{"origin": [-5.45092, 34.46357, -3.47341], "size": [1.025, 2, 1], "pivot": [-4.92833, 34.79488, -3.38741], "rotation": [-0.4996, -0.0219, 4.9792], "uv": [82, 13]},
						{"origin": [3.40933, 32.75527, -5.425], "size": [1, 3, 1], "pivot": [3.90933, 34.25527, -4.925], "rotation": [0, -22.5, 10], "uv": [23, 81]},
						{"origin": [3.21355, 34.36353, -5.72644], "size": [1, 5, 1], "pivot": [3.71355, 36.86353, -4.97644], "rotation": [0.78795, -17.48281, -25.12116], "uv": [29, 90]},
						{"origin": [3.44985, 35.24688, -4.22569], "size": [1.025, 2, 1], "pivot": [4.37735, 35.42338, -3.39398], "rotation": [-0.4948, -0.2395, -7.4885], "uv": [82, 13]}
					]
				},
				{
					"name": "bone23",
					"parent": "FrontHair2",
					"pivot": [0.12265, 34.42243, -3.91577]
				},
				{
					"name": "bone10",
					"parent": "bone23",
					"pivot": [0.12265, 34.42243, -3.91577]
				},
				{
					"name": "bone22",
					"parent": "bone10",
					"pivot": [-4.62735, 32.92243, -3.41577],
					"cubes": [
						{"origin": [-5.22769, 29.86854, -4.2192], "size": [1.025, 2, 1], "pivot": [-4.58767, 31.40824, -3.38759], "rotation": [-3.8111, 1.1568, -9.8928], "uv": [82, 13]},
						{"origin": [-4.07131, 29.13086, -4.33898], "size": [1.025, 2, 1], "pivot": [-3.78868, 30.71622, -3.85148], "rotation": [-6.55415, 15.03209, -21.07901], "uv": [77, 80]},
						{"origin": [-3.97018, 26.73392, -4.52675], "size": [1.025, 2, 1], "pivot": [-3.45768, 27.73392, -4.02675], "rotation": [-6.19354, 14.44943, -3.32391], "uv": [77, 80]},
						{"origin": [-3.94341, 28.15415, -4.46556], "size": [1.025, 2, 1], "pivot": [-3.43091, 29.15415, -3.96556], "rotation": [-5.89195, 23.17334, 8.45064], "uv": [77, 80]},
						{"origin": [-5.43683, 31.72173, -3.46943], "size": [1.025, 3, 1], "pivot": [-4.71154, 31.39202, -3.38321], "rotation": [-3.5529, 1.8006, 0.0899], "uv": [77, 80]},
						{"origin": [-4.52728, 30.88914, -4.55886], "size": [1.025, 2, 1], "pivot": [-4.01478, 31.88914, -3.80886], "rotation": [-6.96114, 29.0859, -7.68208], "uv": [82, 13]}
					]
				},
				{
					"name": "bone11",
					"parent": "bone10",
					"pivot": [4.62265, 32.42243, -3.41577],
					"cubes": [
						{"origin": [4.20269, 29.86664, -4.01278], "size": [1.025, 2, 1], "pivot": [4.58767, 31.40635, -3.43118], "rotation": [-3.8112, -1.1568, 9.8928], "uv": [82, 13]},
						{"origin": [3.45498, 26.62132, -4.56214], "size": [1.025, 2, 1], "pivot": [4.06748, 27.62132, -3.96214], "rotation": [-5.95038, -7.25232, 0.01487], "uv": [77, 80]},
						{"origin": [3.39784, 27.98804, -4.50001], "size": [1.025, 2, 1], "pivot": [3.91034, 28.98804, -4.00001], "rotation": [-5.20788, -11.19808, -14.77381], "uv": [77, 80]},
						{"origin": [3.26893, 29.20482, -4.43571], "size": [1.025, 2, 1], "pivot": [3.78143, 30.20482, -3.93571], "rotation": [-6.47969, -12.82392, 18.30095], "uv": [77, 80]},
						{"origin": [4.41183, 31.71983, -3.51301], "size": [1.025, 3, 1], "pivot": [4.71154, 31.39012, -3.42679], "rotation": [-3.5529, -1.8007, -0.0898], "uv": [77, 80]},
						{"origin": [3.50228, 30.88724, -4.60245], "size": [1.025, 2, 1], "pivot": [4.01478, 31.88724, -3.85245], "rotation": [-6.66391, -24.12124, 7.01895], "uv": [82, 13]}
					]
				},
				{
					"name": "bone21",
					"parent": "Hair",
					"pivot": [0, 35.5, 3.75]
				},
				{
					"name": "BackHair",
					"parent": "bone21",
					"pivot": [0, 35.5, 3.75],
					"rotation": [10, 0, 0]
				},
				{
					"name": "BackHair1",
					"parent": "BackHair",
					"pivot": [-0.44485, 33.54882, 3.13509],
					"cubes": [
						{"origin": [4.75602, 29.53813, 2.21987], "size": [2, 5, 1], "pivot": [5.48102, 32.03813, 1.91987], "rotation": [4.74868, 57.76127, -18.21505], "uv": [0, 0]},
						{"origin": [-6.75602, 29.53813, 2.11987], "size": [2, 5, 1], "pivot": [-5.48102, 32.03813, 1.91987], "rotation": [4.42776, -62.79298, 15.89881], "uv": [0, 0]},
						{"origin": [11.50505, 25.60057, 16.36305], "size": [2, 5, 1], "pivot": [-3.24919, 15.06274, 13.70499], "rotation": [-0.1122, 51.2465, -15.5809], "uv": [40, 73]},
						{"origin": [11.49434, 19.64545, 13.20567], "size": [1.5, 5, 1], "pivot": [-2.78264, 12.10072, 9.69524], "rotation": [-19.4775, 49.3157, -30.9666], "uv": [0, 0]},
						{"origin": [5.28491, 29.50898, 2.15894], "size": [1, 4, 1], "pivot": [5.78491, 31.50898, 2.65894], "rotation": [-9.4775, 49.3157, -30.9666], "uv": [0, 34]},
						{"origin": [15.71874, 26.58092, 16.259], "size": [3, 5, 1], "pivot": [1.60103, 10.70238, 19.42038], "rotation": [11.9446, 52.8785, -3.6717], "uv": [40, 73]},
						{"origin": [15.88533, 19.4684, 12.17485], "size": [1.25, 5, 1], "pivot": [2.44485, 7.29882, 15.13509], "rotation": [-8.8434, 52.9314, -20.2885], "uv": [0, 0]},
						{"origin": [-13.50505, 25.60057, 16.36305], "size": [2, 5, 1], "pivot": [3.24919, 15.06274, 13.70499], "rotation": [-0.1122, -51.2465, 15.5809], "uv": [40, 73]},
						{"origin": [-13.24434, 19.64545, 13.20567], "size": [1.5, 5, 1], "pivot": [2.78264, 12.10072, 9.69524], "rotation": [-19.4775, -49.3157, 30.9666], "uv": [0, 0]},
						{"origin": [-6.28491, 29.50898, 2.15894], "size": [1, 4, 1], "pivot": [-5.78491, 31.50898, 2.65894], "rotation": [-6.9775, -49.3157, 30.9666], "uv": [0, 34]},
						{"origin": [-18.71874, 26.58092, 16.259], "size": [3, 5, 1], "pivot": [-1.60103, 10.70238, 19.42038], "rotation": [11.9446, -52.8785, 3.6717], "uv": [40, 73]},
						{"origin": [-17.63533, 19.4684, 12.17485], "size": [1.25, 5, 1], "pivot": [-2.44485, 7.29882, 15.13509], "rotation": [-8.8434, -52.9314, 20.2885], "uv": [0, 0]}
					]
				},
				{
					"name": "BackHair2",
					"parent": "BackHair",
					"pivot": [0.20362, 37.78475, 4.53968],
					"cubes": [
						{"origin": [-4.5, 30.19294, 3.92675], "size": [3, 4, 1], "uv": [9, 34]},
						{"origin": [-3.5, 29.19294, 4.90175], "size": [7, 5, 1], "uv": [30, 42]},
						{"origin": [-3, 32.59107, 6.41911], "size": [6, 5, 1], "pivot": [0.5, 20.39107, 1.66911], "rotation": [7.5, 0, 0], "uv": [54, 42]},
						{"origin": [-4, 33.51276, 5.44924], "size": [3, 4, 1], "pivot": [0.5, 20.31276, 1.07424], "rotation": [7.5, 0, 0], "uv": [9, 34]},
						{"origin": [1.5, 30.19294, 3.92675], "size": [3, 4, 1], "uv": [9, 34]},
						{"origin": [1, 33.51276, 5.44924], "size": [3, 4, 1], "pivot": [-0.5, 20.31276, 1.07424], "rotation": [7.5, 0, 0], "uv": [9, 34]}
					]
				},
				{
					"name": "BackHair5",
					"parent": "BackHair2",
					"pivot": [0.20362, 28.53475, 4.53968],
					"cubes": [
						{"origin": [-4.85, 27.76825, 2.54993], "size": [3, 3, 1], "pivot": [0.5, 13.56825, -1.82507], "rotation": [-5, 0, 0], "uv": [74, 20]},
						{"origin": [3.75, 22.00777, 3.59345], "size": [1, 2, 1], "pivot": [3.75, 22.75777, 4.09345], "rotation": [-7.15656, -2.24944, -17.35932], "uv": [81, 58]},
						{"origin": [2.6, 24.51557, 1.78168], "size": [2, 4, 1], "pivot": [0.5, 9.31557, -2.59332], "rotation": [-7.5, 0, 0], "uv": [0, 25]},
						{"origin": [-4.48691, 22.18236, 3.68441], "size": [1, 2, 1], "pivot": [-3.98691, 23.43236, 4.43441], "rotation": [-7.38733, 1.29876, 9.91615], "uv": [81, 58]},
						{"origin": [-1.5, 22.43725, 2.75154], "size": [3, 1, 1], "pivot": [-2, 9.23725, -1.99846], "rotation": [-7.5, 0, 0], "uv": [25, 20]},
						{"origin": [-2, 23.43725, 2.75154], "size": [4, 2, 1], "pivot": [-2.5, 9.23725, -1.99846], "rotation": [-7.5, 0, 0], "uv": [20, 25]},
						{"origin": [1.85, 27.76825, 2.54993], "size": [3, 3, 1], "pivot": [-0.5, 13.56825, -1.82507], "rotation": [-5, 0, 0], "uv": [74, 20]},
						{"origin": [3, 26.76825, 2.54993], "size": [2, 1, 1], "pivot": [0.5, 13.56825, -1.82507], "rotation": [-5, 0, 0], "uv": [20, 29]},
						{"origin": [-3.5, 21.45639, 3.49176], "size": [1, 2.5, 1], "pivot": [-3, 22.70639, 3.99176], "rotation": [-7.38733, -1.29876, -9.91615], "uv": [81, 58]},
						{"origin": [2.5, 21.45906, 3.50832], "size": [1, 2.75, 1], "pivot": [3, 23.20906, 4.25832], "rotation": [-7.43656, 0.9762, 7.43656], "uv": [81, 58]},
						{"origin": [-4.6, 24.51557, 1.78168], "size": [2, 4, 1], "pivot": [-0.5, 9.31557, -2.59332], "rotation": [-7.5, 0, 0], "uv": [0, 25]},
						{"origin": [-2.5, 25.43725, 2.75154], "size": [5, 3, 1], "pivot": [-2, 9.23725, -1.99846], "rotation": [-7.5, 0, 0], "uv": [64, 69]},
						{"origin": [-4, 27.71595, 3.52265], "size": [8, 3, 1], "pivot": [-1.5, 13.51595, -1.22735], "rotation": [-5, 0, 0], "uv": [44, 9]}
					]
				},
				{
					"name": "Arm",
					"parent": "UpperBody",
					"pivot": [0, 25.04907, -0.075]
				},
				{
					"name": "LeftArm",
					"parent": "Arm",
					"pivot": [4.55897, 29.88903, 0.0125],
					"rotation": [0, 0, -22.5],
					"cubes": [
						{"origin": [2.78864, 23.64665, -1.75], "size": [3.5, 7, 3.5], "uv": [147, 49]},
						{"origin": [2.98864, 24.14665, -1.5], "size": [3.05, 6.2, 3.05], "uv": [27, 49]}
					]
				},
				{
					"name": "LeftForeArm",
					"parent": "LeftArm",
					"pivot": [4.11364, 23.99665, 0.025],
					"cubes": [
						{"origin": [3.08864, 23.17251, -0.85842], "size": [2.85, 2.1, 2.1], "pivot": [4.51364, 24.42251, 0.09158], "rotation": [-45, 0, 0], "uv": [23, 76]},
						{"origin": [3.01364, 18.24665, -1.475], "size": [3, 6, 3], "uv": [0, 49]}
					]
				},
				{
					"name": "LeftHand",
					"parent": "LeftForeArm",
					"pivot": [4.61364, 18.52165, 0.025],
					"cubes": [
						{"origin": [3.31364, 17.74665, -1.275], "size": [2.6, 2.1, 2], "pivot": [0.23864, 18.24665, -0.575], "rotation": [-45, 0, 0], "uv": [76, 0]},
						{"origin": [3.01364, 16.24665, -1.475], "size": [3, 2, 3], "uv": [0, 49]},
						{"origin": [2.86364, 17.27165, -1.725], "size": [3.5, 6.5, 3.5], "uv": [89, -1]},
						{"origin": [6.18864, 18.27165, -1.05], "size": [0.75, 4, 2.75], "pivot": [6.31364, 20.27165, 0.325], "rotation": [0, 0, -5], "uv": [110, 1]},
						{"origin": [2.43864, 18.52165, -2.2], "size": [4.35, 1, 4.35], "uv": [108, 10]},
						{"origin": [2.68864, 18.02165, -1.8], "size": [3.75, 6, 3.75], "uv": [128, 10]}
					]
				},
				{
					"name": "LeftHandLocator",
					"parent": "LeftHand",
					"pivot": [4.61364, 17.52165, 0.025]
				},
				{
					"name": "RightArm",
					"parent": "Arm",
					"pivot": [-4.51068, 29.62609, 0.0125],
					"rotation": [0, 0, 22.5],
					"cubes": [
						{"origin": [-6.13602, 24.11468, -1.5], "size": [3.05, 6.2, 3.05], "uv": [27, 49]},
						{"origin": [-6.28602, 23.61468, -1.75], "size": [3.5, 7, 3.5], "uv": [90, 49]}
					]
				},
				{
					"name": "RightForeArm",
					"parent": "RightArm",
					"pivot": [-4.21102, 23.96468, 0.025],
					"cubes": [
						{"origin": [-6.03602, 23.14054, -0.85842], "size": [2.85, 2.1, 2.1], "pivot": [-4.61102, 24.39054, 0.09158], "rotation": [-45, 0, 0], "uv": [23, 76]},
						{"origin": [-7.09137, 18.25262, -1.05], "size": [0.75, 4, 2.75], "pivot": [-6.46637, 20.25262, 0.325], "rotation": [0, 0, 5], "uv": [113, 1]},
						{"origin": [-6.11102, 18.21468, -1.475], "size": [3, 6, 3], "uv": [0, 49]},
						{"origin": [-6.21102, 17.23968, -1.725], "size": [3.5, 6.5, 3.5], "uv": [89, -1]},
						{"origin": [-6.38602, 17.98968, -1.8], "size": [3.75, 6, 3.75], "uv": [90, 10]},
						{"origin": [-6.94137, 18.50262, -2.2], "size": [4.7, 1, 4.5], "uv": [108, 10]}
					]
				},
				{
					"name": "RightHand",
					"parent": "RightForeArm",
					"pivot": [-4.46102, 17.23968, 0.275],
					"cubes": [
						{"origin": [-5.78008, 17.75259, -1.19339], "size": [2.6, 2.1, 2], "pivot": [-0.10508, 18.25259, -0.49339], "rotation": [-45, 0, 0], "uv": [76, 0]},
						{"origin": [-5.88008, 16.25259, -1.39339], "size": [3, 2, 3], "uv": [0, 49]}
					]
				},
				{
					"name": "RightHandLocator",
					"parent": "RightHand",
					"pivot": [-4.48008, 17.52759, 0.10661]
				},
				{
					"name": "Breast",
					"parent": "UpperBody",
					"pivot": [0, 26.89747, -1.53334]
				},
				{
					"name": "Breast1",
					"parent": "Breast",
					"pivot": [0, 28.07521, -0.68851],
					"cubes": [
						{"origin": [-1, 27.99309, -1.66639], "size": [2, 1, 1], "pivot": [2.5375, 27.71809, 0.10861], "rotation": [-35.5, 0, 0], "uv": [34, 20]},
						{"origin": [-2.5375, 26.06809, -1.66639], "size": [5.075, 2, 3], "pivot": [0, 27.81809, 0.10861], "rotation": [-56.5, 0, 0], "uv": [48, 14]},
						{"origin": [-3.25, 25.51214, -2.35514], "size": [2.775, 3, 3], "pivot": [-0.0125, 27.43714, 0.21986], "rotation": [-52.7223, -0.9677, -7.0004], "uv": [49, 62]},
						{"origin": [0.475, 25.51214, -2.35514], "size": [2.875, 3, 3], "pivot": [0.0125, 27.43714, 0.21986], "rotation": [-52.7223, 0.9677, 7.0004], "uv": [36, 59]}
					]
				},
				{
					"name": "clothes",
					"parent": "UpBody",
					"pivot": [1.17324, 22.27555, -3.32829],
					"rotation": [22.42287, -1.91134, 4.62111],
					"cubes": [
						{"origin": [0.74808, 21.55508, -4.72522], "size": [1, 1, 1], "pivot": [1.49808, 21.80508, -4.22522], "rotation": [-87.10845, -10.28116, -47.30726], "uv": [74, 87]},
						{"origin": [0.00455, 22.5749, -3.32437], "size": [1, 1, 1], "pivot": [1.25455, 23.0749, -3.07437], "rotation": [-86.79436, -16.70275, -45.39702], "uv": [74, 87]},
						{"origin": [1.95231, 20.01471, -6.96837], "size": [1, 1, 1], "pivot": [1.95231, 19.01471, -6.21837], "rotation": [-81.8614, -3.36833, -50.44064], "uv": [85, 80]},
						{"origin": [1.2128, 20.9453, -5.77326], "size": [1, 1, 1], "pivot": [1.7128, 20.4453, -5.27326], "rotation": [-84.97686, -4.51853, -48.9948], "uv": [74, 87]}
					]
				},
				{
					"name": "bone",
					"parent": "clothes",
					"pivot": [1.84512, 19.32183, -4.6703],
					"cubes": [
						{"origin": [1.55211, 17.05351, -7.27861], "size": [2, 1, 2], "pivot": [2.30211, 17.55351, -5.77861], "rotation": [-122.25866, -29.13769, -49.19071], "uv": [73, 86]}
					]
				},
				{
					"name": "DownBody",
					"parent": "AllBody",
					"pivot": [0, 22.1491, 0],
					"cubes": [
						{"origin": [-3, 20.075, 0.625], "size": [6, 2.7, 1.225], "pivot": [0, 23.41174, 0.35], "rotation": [12.5, 0, 0], "uv": [26, 66]},
						{"origin": [1.98427, 19.61455, 1.25], "size": [1, 1, 1.125], "pivot": [0.98427, 20.28955, -0.25], "rotation": [0, 0, -20], "uv": [47, 32]},
						{"origin": [-2.98427, 19.61455, 1.25], "size": [1, 1, 1.125], "pivot": [-0.98427, 20.28955, -0.25], "rotation": [0, 0, 20], "uv": [47, 42]},
						{"origin": [-0.5, 19.2, -1.8], "size": [1, 1.3, 4.325], "uv": [29, 70]},
						{"origin": [-3.32283, 19.475, -1.8], "size": [2, 2, 3], "pivot": [0.00217, 23.825, -0.3], "rotation": [0, 0, 10], "uv": [71, 34]},
						{"origin": [1.32283, 19.475, -1.8], "size": [2, 2, 3], "pivot": [-0.00217, 23.825, -0.3], "rotation": [0, 0, -10], "uv": [71, 34]},
						{"origin": [-2.20927, 19.41455, -1.79], "size": [2, 1, 4.125], "pivot": [-0.98427, 20.11455, -0.3], "rotation": [0, 0, 20], "uv": [65, 45]},
						{"origin": [0.20927, 19.41455, -1.79], "size": [2, 1, 4.125], "pivot": [0.98427, 20.11455, -0.3], "rotation": [0, 0, -20], "uv": [65, 45]},
						{"origin": [-3.55, 19.325, -1.425], "size": [7.1, 1.2, 3.55], "uv": [42, 27]},
						{"origin": [-2.5, 20.125, -1.825], "size": [5, 2, 3.05], "uv": [40, 53]},
						{"origin": [2.3261, 19.36834, 0.5], "size": [1.075, 2.7, 1.35], "pivot": [0, 23.26174, 0.35], "rotation": [12.3159, 2.1539, -9.7676], "uv": [82, 24]},
						{"origin": [-3.4011, 19.36834, 0.5], "size": [1.075, 2.7, 1.35], "pivot": [0, 23.26174, 0.35], "rotation": [12.3159, -2.1539, 9.7676], "uv": [82, 24]}
					]
				},
				{
					"name": "LeftLeg",
					"parent": "DownBody",
					"pivot": [2.32, 19.55, 0],
					"cubes": [
						{"origin": [0.295, 10.55, -1.7], "size": [3.65, 10, 4.1], "uv": [27, 25]},
						{"origin": [0.245, 12.05, -1.8], "size": [3.8, 1, 4.35], "uv": [31, 104]},
						{"origin": [0.245, 13.55, -1.65], "size": [1, 7, 4], "pivot": [0.32, 14.55, 1.3], "rotation": [0, 0, -3], "uv": [27, 25]},
						{"origin": [0.195, 19.13513, -0.19811], "size": [3.65, 2, 3], "pivot": [2.12, 19.93513, 1.70189], "rotation": [14.5, 0, 0], "uv": [63, 28]},
						{"origin": [0.24, 17.83513, 0.05189], "size": [3.6, 2, 3], "pivot": [2.12, 19.93513, 1.70189], "rotation": [-17.5, 0, 0], "uv": [63, 0]}
					]
				},
				{
					"name": "LeftLowerLeg",
					"parent": "LeftLeg",
					"pivot": [2.12, 11.1, 0.25],
					"cubes": [
						{"origin": [0.37, 9.6, -1.325], "size": [3.5, 2.8, 2.8], "pivot": [-0.08, 11.25, 0.325], "rotation": [45, 0, 0], "uv": [63, 12]},
						{"origin": [0.82, 1.9, -1.45], "size": [2.85, 9, 3.8], "uv": [17, 38]}
					]
				},
				{
					"name": "LeftFoot",
					"parent": "LeftLowerLeg",
					"pivot": [2.1075, 2.75, 0.4375],
					"cubes": [
						{"origin": [0.995, 0, -1.29], "size": [2.5, 3.3, 3.65], "uv": [44, 46]}
					]
				},
				{
					"name": "LeftSole",
					"parent": "LeftFoot",
					"pivot": [2.1575, 1.64523, -1.45569],
					"cubes": [
						{"origin": [0.825, 0.425, -3.725], "size": [2.815, 2.25, 3], "pivot": [2.6075, 1.4, -2.725], "rotation": [30.25, 0, 0], "uv": [62, 11]},
						{"origin": [0.82, 0.01, -4.175], "size": [2.825, 1.9, 3], "uv": [62, 11]}
					]
				},
				{
					"name": "RightLeg",
					"parent": "DownBody",
					"pivot": [-2.32, 19.55, 0],
					"cubes": [
						{"origin": [-3.945, 10.55, -1.7], "size": [3.65, 10, 4.1], "uv": [27, 25]},
						{"origin": [-1.245, 13.55, -1.65], "size": [1, 7, 4], "pivot": [-0.32, 14.55, 1.3], "rotation": [0, 0, 3], "uv": [27, 25]},
						{"origin": [-3.845, 19.13513, -0.19811], "size": [3.65, 2, 3], "pivot": [-2.12, 19.93513, 1.70189], "rotation": [14.5, 0, 0], "uv": [63, 28]},
						{"origin": [-3.84, 17.83513, 0.05189], "size": [3.6, 2, 3], "pivot": [-2.12, 19.93513, 1.70189], "rotation": [-17.5, 0, 0], "uv": [63, 0]}
					]
				},
				{
					"name": "RightLowerLeg",
					"parent": "RightLeg",
					"pivot": [-2.12, 11.1, 0.25],
					"cubes": [
						{"origin": [-3.87, 9.6, -1.325], "size": [3.5, 2.8, 2.8], "pivot": [0.08, 11.25, 0.325], "rotation": [45, 0, 0], "uv": [63, 12]},
						{"origin": [-3.67, 1.9, -1.45], "size": [2.85, 9, 3.8], "uv": [20, 111]}
					]
				},
				{
					"name": "RightFoot",
					"parent": "RightLowerLeg",
					"pivot": [-2.1075, 2.75, 0.4375],
					"cubes": [
						{"origin": [-3.445, 0, -1.54], "size": [2.4, 3.3, 3.9], "uv": [44, 46]}
					]
				},
				{
					"name": "RightSole",
					"parent": "RightFoot",
					"pivot": [-2.1575, 1.64523, -1.45569],
					"cubes": [
						{"origin": [-3.64, 0.575, -3.725], "size": [2.815, 2, 3], "pivot": [-2.6075, 1.4, -2.725], "rotation": [30.25, 0, 0], "uv": [62, 11]},
						{"origin": [-3.645, 0.01, -4.175], "size": [2.825, 1.9, 3], "uv": [62, 11]}
					]
				}
			]
		}
	]
}