{
	"format_version": "1.12.0",
	"minecraft:geometry": [
		{
			"description": {
				"identifier": "geometry.default",
				"texture_width": 256,
				"texture_height": 256,
				"visible_bounds_width": 10,
				"visible_bounds_height": 23,
				"visible_bounds_offset": [0, -2.5, 0]
			},
			"bones": [
				{
					"name": "LeftArm",
					"pivot": [4.4, 28.7, 0],
					"cubes": [
						{
							"origin": [3.26, 23.91941, -1.504],
							"size": [2.75, 6.6, 3.058],
							"uv": {
								"north": {"uv": [51, 110], "uv_size": [3, 7]},
								"east": {"uv": [140, 115], "uv_size": [3, 7]},
								"south": {"uv": [4, 145], "uv_size": [3, 7]},
								"west": {"uv": [154, 6], "uv_size": [3, 7]},
								"up": {"uv": [177, 30], "uv_size": [3, 3]},
								"down": {"uv": [177, 36], "uv_size": [3, -3]}
							}
						}
					]
				},
				{
					"name": "LeftArm_da",
					"parent": "LeftArm",
					"pivot": [4.4, 31.3, -1.925],
					"cubes": [
						{
							"origin": [2.7, 28.7, -1.925],
							"size": [2, 2.6, 4.1],
							"uv": {
								"north": {"uv": [68, 189], "uv_size": [2, 3]},
								"east": {"uv": [169, 163], "uv_size": [4, 3]},
								"south": {"uv": [189, 72], "uv_size": [2, 3]},
								"west": {"uv": [170, 0], "uv_size": [4, 3]},
								"up": {"uv": [149, 181], "uv_size": [2, 4]},
								"down": {"uv": [151, 185], "uv_size": [2, -4]}
							}
						},
						{
							"origin": [4.9, 29.4, -2.125],
							"size": [1.4, 1.8, 4.1],
							"pivot": [4.4, 31.3, -2.125],
							"rotation": [-9.99851, -0.17364, 16.51519],
							"uv": {
								"north": {"uv": [210, 6], "uv_size": [1, 2]},
								"east": {"uv": [181, 145], "uv_size": [4, 2]},
								"south": {"uv": [8, 210], "uv_size": [1, 2]},
								"west": {"uv": [181, 169], "uv_size": [4, 2]},
								"up": {"uv": [198, 174], "uv_size": [1, 4]},
								"down": {"uv": [175, 202], "uv_size": [1, -4]}
							}
						},
						{
							"origin": [6.38737, 30.04628, -1.925],
							"size": [2.1, 2.1, 4.1],
							"pivot": [6.38737, 30.14628, -1.925],
							"rotation": [0, 0, 152.5],
							"uv": {
								"north": {"uv": [198, 41], "uv_size": [2, 2]},
								"east": {"uv": [181, 171], "uv_size": [4, 2]},
								"south": {"uv": [198, 49], "uv_size": [2, 2]},
								"west": {"uv": [173, 181], "uv_size": [4, 2]},
								"up": {"uv": [181, 176], "uv_size": [2, 4]},
								"down": {"uv": [181, 184], "uv_size": [2, -4]}
							}
						},
						{
							"origin": [6.57322, 30.60082, -2.03237],
							"size": [1.9, 2.3, 4.5],
							"pivot": [6.31531, 30.53444, 0.225],
							"rotation": [5.10827, 2.2701, 155.21045],
							"uv": {
								"north": {"uv": [198, 52], "uv_size": [2, 2]},
								"east": {"uv": [176, 74], "uv_size": [5, 2]},
								"south": {"uv": [198, 70], "uv_size": [2, 2]},
								"west": {"uv": [176, 76], "uv_size": [5, 2]},
								"up": {"uv": [6, 176], "uv_size": [2, 5]},
								"down": {"uv": [64, 181], "uv_size": [2, -5]}
							}
						},
						{
							"origin": [4.13685, 27.04876, -1.625],
							"size": [1.4, 0.7, 3.5],
							"pivot": [5.53685, 27.44876, -1.925],
							"rotation": [0, 0, 162.5],
							"uv": {
								"north": {"uv": [217, 10], "uv_size": [1, 1]},
								"east": {"uv": [198, 77], "uv_size": [4, 1]},
								"south": {"uv": [11, 217], "uv_size": [1, 1]},
								"west": {"uv": [198, 78], "uv_size": [4, 1]},
								"up": {"uv": [176, 198], "uv_size": [1, 4]},
								"down": {"uv": [198, 186], "uv_size": [1, -4]}
							}
						},
						{
							"origin": [6.09565, 29.92294, -1.925],
							"size": [2.5, 0.6, 4.1],
							"pivot": [6.31531, 30.53444, 0.225],
							"rotation": [0, 0, 52.5],
							"uv": {
								"north": {"uv": [203, 177], "uv_size": [3, 1]},
								"east": {"uv": [198, 80], "uv_size": [4, 1]},
								"south": {"uv": [203, 184], "uv_size": [3, 1]},
								"west": {"uv": [198, 81], "uv_size": [4, 1]},
								"up": {"uv": [170, 3], "uv_size": [3, 4]},
								"down": {"uv": [170, 11], "uv_size": [3, -4]}
							}
						},
						{
							"origin": [4.4, 29.1, -1.925],
							"size": [2, 2.2, 4.1],
							"pivot": [4.4, 31.3, -1.925],
							"rotation": [0, 0, 17.5],
							"uv": {
								"north": {"uv": [198, 128], "uv_size": [2, 2]},
								"east": {"uv": [181, 173], "uv_size": [4, 2]},
								"south": {"uv": [198, 164], "uv_size": [2, 2]},
								"west": {"uv": [182, 3], "uv_size": [4, 2]},
								"up": {"uv": [182, 5], "uv_size": [2, 4]},
								"down": {"uv": [182, 13], "uv_size": [2, -4]}
							}
						}
					]
				},
				{
					"name": "LeftArm_xiu",
					"parent": "LeftArm",
					"pivot": [1.72742, 27.32748, 3.15151],
					"cubes": [
						{
							"origin": [3.21, 23.86941, -1.514],
							"size": [2.9, 2.7, 3.1],
							"uv": {
								"north": {"uv": [177, 36], "uv_size": [3, 3]},
								"east": {"uv": [177, 39], "uv_size": [3, 3]},
								"south": {"uv": [177, 42], "uv_size": [3, 3]},
								"west": {"uv": [177, 45], "uv_size": [3, 3]},
								"up": {"uv": [177, 48], "uv_size": [3, 3]},
								"down": {"uv": [177, 54], "uv_size": [3, -3]}
							}
						},
						{
							"origin": [5.01704, 25.13097, -1.66081],
							"size": [0.2, 1.1, 0.4],
							"pivot": [4.96704, 25.63097, 0.13919],
							"rotation": [-0.38579, -1.89058, 171.53661],
							"uv": {
								"north": {"uv": [217, 11], "uv_size": [1, 1]},
								"east": {"uv": [12, 217], "uv_size": [1, 1]},
								"south": {"uv": [217, 12], "uv_size": [1, 1]},
								"west": {"uv": [13, 217], "uv_size": [1, 1]},
								"up": {"uv": [217, 13], "uv_size": [1, 1]},
								"down": {"uv": [14, 218], "uv_size": [1, -1]}
							}
						},
						{
							"origin": [5.01704, 25.13097, -1.61081],
							"size": [0.8, 1.1, 0.3],
							"pivot": [4.96704, 25.63097, 0.13919],
							"rotation": [-0.38579, -1.89058, 171.53661],
							"uv": {
								"north": {"uv": [217, 14], "uv_size": [1, 1]},
								"east": {"uv": [15, 217], "uv_size": [1, 1]},
								"south": {"uv": [217, 15], "uv_size": [1, 1]},
								"west": {"uv": [16, 217], "uv_size": [1, 1]},
								"up": {"uv": [217, 16], "uv_size": [1, 1]},
								"down": {"uv": [17, 218], "uv_size": [1, -1]}
							}
						},
						{
							"origin": [4.51704, 25.03097, -1.66081],
							"size": [0.2, 1.1, 0.4],
							"pivot": [4.96704, 25.63097, 0.13919],
							"rotation": [-0.38565, 1.10935, 171.51641],
							"uv": {
								"north": {"uv": [217, 17], "uv_size": [1, 1]},
								"east": {"uv": [18, 217], "uv_size": [1, 1]},
								"south": {"uv": [217, 18], "uv_size": [1, 1]},
								"west": {"uv": [19, 217], "uv_size": [1, 1]},
								"up": {"uv": [217, 19], "uv_size": [1, 1]},
								"down": {"uv": [20, 218], "uv_size": [1, -1]}
							}
						},
						{
							"origin": [3.23567, 24.23483, -1.73078],
							"size": [3.9, 0.9, 3.6],
							"pivot": [4.83567, 24.78483, 0.06922],
							"rotation": [-2.4905, 0.21783, 157.49527],
							"uv": {
								"north": {"uv": [198, 82], "uv_size": [4, 1]},
								"east": {"uv": [198, 89], "uv_size": [4, 1]},
								"south": {"uv": [198, 118], "uv_size": [4, 1]},
								"west": {"uv": [198, 123], "uv_size": [4, 1]},
								"up": {"uv": [162, 97], "uv_size": [4, 4]},
								"down": {"uv": [99, 166], "uv_size": [4, -4]}
							}
						},
						{
							"origin": [2.79077, 25.67155, -1.68749],
							"size": [3.6, 0.9, 3.6],
							"pivot": [4.59077, 26.12155, 0.01251],
							"rotation": [2.5, 0, 152.5],
							"uv": {
								"north": {"uv": [198, 131], "uv_size": [4, 1]},
								"east": {"uv": [198, 137], "uv_size": [4, 1]},
								"south": {"uv": [198, 178], "uv_size": [4, 1]},
								"west": {"uv": [198, 186], "uv_size": [4, 1]},
								"up": {"uv": [162, 101], "uv_size": [4, 4]},
								"down": {"uv": [162, 109], "uv_size": [4, -4]}
							}
						}
					]
				},
				{
					"name": "LeftArm_",
					"parent": "LeftArm",
					"pivot": [4.62, 23.91941, 0.04008],
					"cubes": [
						{
							"origin": [3.3, 22.86941, -1.00992],
							"size": [2.64, 2.1, 2.1],
							"pivot": [4.62, 23.91941, 0.04008],
							"rotation": [-45, 0, 0],
							"uv": {
								"north": {"uv": [189, 75], "uv_size": [3, 2]},
								"east": {"uv": [198, 190], "uv_size": [2, 2]},
								"south": {"uv": [189, 82], "uv_size": [3, 2]},
								"west": {"uv": [192, 198], "uv_size": [2, 2]},
								"up": {"uv": [189, 84], "uv_size": [3, 2]},
								"down": {"uv": [189, 88], "uv_size": [3, -2]}
							}
						}
					]
				},
				{
					"name": "LeftForeArm_rotation",
					"parent": "LeftArm",
					"pivot": [4.575, 23.9, 0.025]
				},
				{
					"name": "LeftForeArm",
					"parent": "LeftForeArm_rotation",
					"pivot": [4.575, 23.9, 0.025],
					"cubes": [
						{
							"origin": [3.27966, 17.91941, -1.475],
							"size": [2.7, 6, 3],
							"uv": {
								"north": {"uv": [57, 83], "uv_size": [3, 6]},
								"east": {"uv": [27, 84], "uv_size": [3, 6]},
								"south": {"uv": [118, 85], "uv_size": [3, 6]},
								"west": {"uv": [96, 130], "uv_size": [3, 6]},
								"up": {"uv": [177, 58], "uv_size": [3, 3]},
								"down": {"uv": [177, 67], "uv_size": [3, -3]}
							}
						}
					]
				},
				{
					"name": "LeftForeArm_xiu",
					"parent": "LeftForeArm",
					"pivot": [0, 0.6, 0],
					"cubes": [
						{
							"origin": [3.21, 19.46941, -1.514],
							"size": [2.9, 4.4, 3.1],
							"pivot": [3.21, 23.86941, -1.514],
							"rotation": [0, 0, 5],
							"uv": {
								"north": {"uv": [170, 11], "uv_size": [3, 4]},
								"east": {"uv": [24, 170], "uv_size": [3, 4]},
								"south": {"uv": [170, 24], "uv_size": [3, 4]},
								"west": {"uv": [27, 170], "uv_size": [3, 4]},
								"up": {"uv": [177, 67], "uv_size": [3, 3]},
								"down": {"uv": [177, 82], "uv_size": [3, -3]}
							}
						},
						{
							"origin": [3.21, 19.46941, -1.514],
							"size": [2.9, 4.4, 3.1],
							"pivot": [6.11, 23.86941, -1.514],
							"rotation": [-5, 0, 0],
							"uv": {
								"north": {"uv": [170, 28], "uv_size": [3, 4]},
								"east": {"uv": [30, 170], "uv_size": [3, 4]},
								"south": {"uv": [33, 170], "uv_size": [3, 4]},
								"west": {"uv": [36, 170], "uv_size": [3, 4]},
								"up": {"uv": [177, 82], "uv_size": [3, 3]},
								"down": {"uv": [177, 88], "uv_size": [3, -3]}
							}
						},
						{
							"origin": [3.21, 19.46941, -1.514],
							"size": [2.9, 4.4, 3.1],
							"pivot": [6.11, 23.86941, 1.586],
							"rotation": [5, 0, 0],
							"uv": {
								"north": {"uv": [170, 38], "uv_size": [3, 4]},
								"east": {"uv": [42, 170], "uv_size": [3, 4]},
								"south": {"uv": [45, 170], "uv_size": [3, 4]},
								"west": {"uv": [48, 170], "uv_size": [3, 4]},
								"up": {"uv": [177, 91], "uv_size": [3, 3]},
								"down": {"uv": [177, 97], "uv_size": [3, -3]}
							}
						},
						{
							"origin": [3.21, 19.46941, -1.514],
							"size": [2.9, 4.4, 3.1],
							"pivot": [6.11, 23.86941, -1.514],
							"rotation": [0, 0, -5],
							"uv": {
								"north": {"uv": [170, 50], "uv_size": [3, 4]},
								"east": {"uv": [51, 170], "uv_size": [3, 4]},
								"south": {"uv": [54, 170], "uv_size": [3, 4]},
								"west": {"uv": [170, 54], "uv_size": [3, 4]},
								"up": {"uv": [177, 97], "uv_size": [3, 3]},
								"down": {"uv": [177, 103], "uv_size": [3, -3]}
							}
						},
						{
							"origin": [3.2, 18.96941, -1.524],
							"size": [2.92, 0.6, 3.12],
							"uv": {
								"north": {"uv": [203, 185], "uv_size": [3, 1]},
								"east": {"uv": [204, 3], "uv_size": [3, 1]},
								"south": {"uv": [204, 4], "uv_size": [3, 1]},
								"west": {"uv": [204, 17], "uv_size": [3, 1]},
								"up": {"uv": [177, 103], "uv_size": [3, 3]},
								"down": {"uv": [114, 180], "uv_size": [3, -3]}
							}
						},
						{
							"origin": [5.81, 17.86941, -1.514],
							"size": [0.3, 1.8, 3.1],
							"pivot": [6.11, 18.96941, -1.514],
							"rotation": [0, 0, -22.5],
							"uv": {
								"north": {"uv": [210, 8], "uv_size": [1, 2]},
								"east": {"uv": [189, 88], "uv_size": [3, 2]},
								"south": {"uv": [11, 210], "uv_size": [1, 2]},
								"west": {"uv": [189, 90], "uv_size": [3, 2]},
								"up": {"uv": [39, 204], "uv_size": [1, 3]},
								"down": {"uv": [40, 207], "uv_size": [1, -3]}
							}
						},
						{
							"origin": [3.21, 17.86941, -1.514],
							"size": [2.85, 1.8, 0.3],
							"pivot": [6.11, 18.96941, -1.514],
							"rotation": [-22.5, 0, 0],
							"uv": {
								"north": {"uv": [189, 92], "uv_size": [3, 2]},
								"east": {"uv": [12, 210], "uv_size": [1, 2]},
								"south": {"uv": [189, 94], "uv_size": [3, 2]},
								"west": {"uv": [13, 210], "uv_size": [1, 2]},
								"up": {"uv": [204, 18], "uv_size": [3, 1]},
								"down": {"uv": [204, 24], "uv_size": [3, -1]}
							}
						},
						{
							"origin": [3.21, 17.86941, 1.286],
							"size": [2.85, 1.8, 0.3],
							"pivot": [5.96, 18.96941, 1.586],
							"rotation": [22.5, 0, 0],
							"uv": {
								"north": {"uv": [189, 96], "uv_size": [3, 2]},
								"east": {"uv": [210, 13], "uv_size": [1, 2]},
								"south": {"uv": [189, 98], "uv_size": [3, 2]},
								"west": {"uv": [210, 15], "uv_size": [1, 2]},
								"up": {"uv": [204, 24], "uv_size": [3, 1]},
								"down": {"uv": [204, 27], "uv_size": [3, -1]}
							}
						},
						{
							"origin": [3.21, 17.86941, -1.514],
							"size": [0.3, 1.8, 3.1],
							"pivot": [3.21, 18.96941, -1.514],
							"rotation": [0, 0, 22.5],
							"uv": {
								"north": {"uv": [210, 17], "uv_size": [1, 2]},
								"east": {"uv": [189, 100], "uv_size": [3, 2]},
								"south": {"uv": [210, 19], "uv_size": [1, 2]},
								"west": {"uv": [189, 102], "uv_size": [3, 2]},
								"up": {"uv": [41, 204], "uv_size": [1, 3]},
								"down": {"uv": [42, 207], "uv_size": [1, -3]}
							}
						},
						{
							"origin": [5.61, 17.16941, -1.564],
							"size": [0.4, 1.6, 3.2],
							"pivot": [6.11, 18.96941, -1.514],
							"rotation": [0, 0, -15],
							"uv": {
								"north": {"uv": [20, 210], "uv_size": [1, 2]},
								"east": {"uv": [189, 104], "uv_size": [3, 2]},
								"south": {"uv": [210, 21], "uv_size": [1, 2]},
								"west": {"uv": [189, 106], "uv_size": [3, 2]},
								"up": {"uv": [43, 204], "uv_size": [1, 3]},
								"down": {"uv": [44, 207], "uv_size": [1, -3]}
							}
						},
						{
							"origin": [3.135, 17.16941, -1.414],
							"size": [2.95, 1.6, 0.3],
							"pivot": [6.11, 18.96941, -1.514],
							"rotation": [-15, 0, 0],
							"uv": {
								"north": {"uv": [189, 116], "uv_size": [3, 2]},
								"east": {"uv": [23, 210], "uv_size": [1, 2]},
								"south": {"uv": [189, 118], "uv_size": [3, 2]},
								"west": {"uv": [210, 23], "uv_size": [1, 2]},
								"up": {"uv": [204, 27], "uv_size": [3, 1]},
								"down": {"uv": [204, 37], "uv_size": [3, -1]}
							}
						},
						{
							"origin": [3.115, 17.16941, 1.186],
							"size": [3.05, 1.6, 0.3],
							"pivot": [5.96, 18.96941, 1.586],
							"rotation": [15, 0, 0],
							"uv": {
								"north": {"uv": [189, 120], "uv_size": [3, 2]},
								"east": {"uv": [24, 210], "uv_size": [1, 2]},
								"south": {"uv": [189, 132], "uv_size": [3, 2]},
								"west": {"uv": [210, 25], "uv_size": [1, 2]},
								"up": {"uv": [204, 37], "uv_size": [3, 1]},
								"down": {"uv": [204, 42], "uv_size": [3, -1]}
							}
						},
						{
							"origin": [3.31, 17.16941, -1.564],
							"size": [0.3, 1.6, 3.2],
							"pivot": [3.21, 18.96941, -1.514],
							"rotation": [0, 0, 15],
							"uv": {
								"north": {"uv": [26, 210], "uv_size": [1, 2]},
								"east": {"uv": [189, 134], "uv_size": [3, 2]},
								"south": {"uv": [27, 210], "uv_size": [1, 2]},
								"west": {"uv": [189, 136], "uv_size": [3, 2]},
								"up": {"uv": [47, 204], "uv_size": [1, 3]},
								"down": {"uv": [48, 207], "uv_size": [1, -3]}
							}
						},
						{
							"origin": [3.43567, 25.13483, -1.73078],
							"size": [3.5, 0.9, 3.7],
							"pivot": [4.83567, 24.48483, 0.06922],
							"rotation": [2.58508, 0.64686, 167.48637],
							"uv": {
								"north": {"uv": [198, 192], "uv_size": [4, 1]},
								"east": {"uv": [198, 197], "uv_size": [4, 1]},
								"south": {"uv": [198, 198], "uv_size": [4, 1]},
								"west": {"uv": [199, 0], "uv_size": [4, 1]},
								"up": {"uv": [162, 109], "uv_size": [4, 4]},
								"down": {"uv": [162, 117], "uv_size": [4, -4]}
							}
						},
						{
							"origin": [4.34437, 22.25424, -1.75499],
							"size": [2.4, 0.5, 3.55],
							"pivot": [5.54437, 22.50424, 0.02001],
							"rotation": [-1.06537, 0.16714, -135.044],
							"uv": {
								"north": {"uv": [210, 10], "uv_size": [2, 1]},
								"east": {"uv": [199, 1], "uv_size": [4, 1]},
								"south": {"uv": [210, 27], "uv_size": [2, 1]},
								"west": {"uv": [199, 2], "uv_size": [4, 1]},
								"up": {"uv": [182, 13], "uv_size": [2, 4]},
								"down": {"uv": [182, 28], "uv_size": [2, -4]}
							}
						}
					]
				},
				{
					"name": "LeftForeArm_",
					"parent": "LeftForeArm",
					"pivot": [4.62, 23.91941, 0.04008],
					"cubes": [
						{
							"origin": [3.3, 22.86941, -1.00992],
							"size": [2.64, 2.1, 2.1],
							"pivot": [4.62, 23.91941, 0.04008],
							"rotation": [-45, 0, 0],
							"uv": {
								"north": {"uv": [138, 189], "uv_size": [3, 2]},
								"east": {"uv": [0, 199], "uv_size": [2, 2]},
								"south": {"uv": [145, 189], "uv_size": [3, 2]},
								"west": {"uv": [199, 5], "uv_size": [2, 2]},
								"up": {"uv": [189, 147], "uv_size": [3, 2]},
								"down": {"uv": [189, 160], "uv_size": [3, -2]}
							}
						}
					]
				},
				{
					"name": "LeftHand",
					"parent": "LeftForeArm",
					"pivot": [4.375, 17.525, 0.025],
					"cubes": [
						{
							"origin": [3.33, 16.74323, -1.31455],
							"size": [2.64, 2.1, 2.1],
							"pivot": [4.375, 17.525, 0.025],
							"rotation": [-45, 0, 0],
							"uv": {
								"north": {"uv": [173, 189], "uv_size": [3, 2]},
								"east": {"uv": [199, 7], "uv_size": [2, 2]},
								"south": {"uv": [189, 175], "uv_size": [3, 2]},
								"west": {"uv": [199, 9], "uv_size": [2, 2]},
								"up": {"uv": [189, 177], "uv_size": [3, 2]},
								"down": {"uv": [189, 181], "uv_size": [3, -2]}
							}
						},
						{
							"origin": [3.27966, 15.91941, -1.475],
							"size": [2.7, 2, 3],
							"uv": {
								"north": {"uv": [189, 188], "uv_size": [3, 2]},
								"east": {"uv": [190, 36], "uv_size": [3, 2]},
								"south": {"uv": [190, 38], "uv_size": [3, 2]},
								"west": {"uv": [190, 40], "uv_size": [3, 2]},
								"up": {"uv": [121, 177], "uv_size": [3, 3]},
								"down": {"uv": [145, 180], "uv_size": [3, -3]}
							}
						}
					]
				},
				{
					"name": "LeftForeArm_xiu2",
					"parent": "LeftHand",
					"pivot": [0, 0.6, 0]
				},
				{
					"name": "LeftHandLocator",
					"parent": "LeftHand",
					"pivot": [4.375, 16.525, 0.025]
				},
				{
					"name": "RightArm",
					"pivot": [-4.4, 28.7, 0],
					"cubes": [
						{
							"origin": [-6.01, 23.91941, -1.504],
							"size": [2.75, 6.6, 3.058],
							"uv": {
								"north": {"uv": [154, 13], "uv_size": [3, 7]},
								"east": {"uv": [154, 26], "uv_size": [3, 7]},
								"south": {"uv": [66, 154], "uv_size": [3, 7]},
								"west": {"uv": [69, 154], "uv_size": [3, 7]},
								"up": {"uv": [148, 177], "uv_size": [3, 3]},
								"down": {"uv": [177, 153], "uv_size": [3, -3]}
							}
						}
					]
				},
				{
					"name": "RightArm_da",
					"parent": "RightArm",
					"pivot": [-6.38737, 30.14628, -1.925],
					"cubes": [
						{
							"origin": [-4.7, 28.7, -1.925],
							"size": [2, 2.6, 4.1],
							"uv": {
								"north": {"uv": [81, 189], "uv_size": [2, 3]},
								"east": {"uv": [170, 58], "uv_size": [4, 3]},
								"south": {"uv": [89, 189], "uv_size": [2, 3]},
								"west": {"uv": [170, 61], "uv_size": [4, 3]},
								"up": {"uv": [182, 28], "uv_size": [2, 4]},
								"down": {"uv": [182, 36], "uv_size": [2, -4]}
							}
						},
						{
							"origin": [-6.4, 29.1, -1.925],
							"size": [2, 2.2, 4.1],
							"pivot": [-4.4, 31.3, -1.925],
							"rotation": [0, 0, -17.5],
							"uv": {
								"north": {"uv": [199, 11], "uv_size": [2, 2]},
								"east": {"uv": [182, 17], "uv_size": [4, 2]},
								"south": {"uv": [199, 13], "uv_size": [2, 2]},
								"west": {"uv": [182, 36], "uv_size": [4, 2]},
								"up": {"uv": [182, 38], "uv_size": [2, 4]},
								"down": {"uv": [182, 46], "uv_size": [2, -4]}
							}
						},
						{
							"origin": [-6.3, 29.4, -2.125],
							"size": [1.4, 1.8, 4.1],
							"pivot": [-4.4, 31.3, -2.125],
							"rotation": [-9.99851, 0.17364, -16.51519],
							"uv": {
								"north": {"uv": [210, 28], "uv_size": [1, 2]},
								"east": {"uv": [182, 46], "uv_size": [4, 2]},
								"south": {"uv": [30, 210], "uv_size": [1, 2]},
								"west": {"uv": [182, 48], "uv_size": [4, 2]},
								"up": {"uv": [194, 198], "uv_size": [1, 4]},
								"down": {"uv": [15, 203], "uv_size": [1, -4]}
							}
						},
						{
							"origin": [-8.59565, 29.92294, -1.925],
							"size": [2.5, 0.6, 4.1],
							"pivot": [-6.31531, 30.53444, 0.225],
							"rotation": [0, 0, -52.5],
							"uv": {
								"north": {"uv": [204, 42], "uv_size": [3, 1]},
								"east": {"uv": [199, 15], "uv_size": [4, 1]},
								"south": {"uv": [204, 49], "uv_size": [3, 1]},
								"west": {"uv": [16, 199], "uv_size": [4, 1]},
								"up": {"uv": [170, 64], "uv_size": [3, 4]},
								"down": {"uv": [170, 72], "uv_size": [3, -4]}
							}
						},
						{
							"origin": [-5.53685, 27.04876, -1.625],
							"size": [1.4, 0.7, 3.5],
							"pivot": [-5.53685, 27.44876, -1.925],
							"rotation": [0, 0, -162.5],
							"uv": {
								"north": {"uv": [217, 20], "uv_size": [1, 1]},
								"east": {"uv": [199, 16], "uv_size": [4, 1]},
								"south": {"uv": [21, 217], "uv_size": [1, 1]},
								"west": {"uv": [199, 19], "uv_size": [4, 1]},
								"up": {"uv": [21, 199], "uv_size": [1, 4]},
								"down": {"uv": [26, 203], "uv_size": [1, -4]}
							}
						},
						{
							"origin": [-8.47322, 30.60082, -2.03237],
							"size": [1.9, 2.3, 4.5],
							"pivot": [-6.31531, 30.53444, 0.225],
							"rotation": [5.10827, -2.2701, -155.21045],
							"uv": {
								"north": {"uv": [199, 20], "uv_size": [2, 2]},
								"east": {"uv": [87, 176], "uv_size": [5, 2]},
								"south": {"uv": [27, 199], "uv_size": [2, 2]},
								"west": {"uv": [176, 118], "uv_size": [5, 2]},
								"up": {"uv": [66, 176], "uv_size": [2, 5]},
								"down": {"uv": [73, 181], "uv_size": [2, -5]}
							}
						},
						{
							"origin": [-8.48737, 30.04628, -1.925],
							"size": [2.1, 2.1, 4.1],
							"pivot": [-6.38737, 30.14628, -1.925],
							"rotation": [0, 0, -152.5],
							"uv": {
								"north": {"uv": [199, 28], "uv_size": [2, 2]},
								"east": {"uv": [182, 50], "uv_size": [4, 2]},
								"south": {"uv": [29, 199], "uv_size": [2, 2]},
								"west": {"uv": [182, 55], "uv_size": [4, 2]},
								"up": {"uv": [182, 61], "uv_size": [2, 4]},
								"down": {"uv": [182, 82], "uv_size": [2, -4]}
							}
						}
					]
				},
				{
					"name": "RightArm_xiu",
					"parent": "RightArm",
					"pivot": [-4.72758, 25.56055, -0.6902],
					"cubes": [
						{
							"origin": [-6.11, 23.86941, -1.514],
							"size": [2.9, 2.7, 3.1],
							"uv": {
								"north": {"uv": [151, 177], "uv_size": [3, 3]},
								"east": {"uv": [177, 153], "uv_size": [3, 3]},
								"south": {"uv": [154, 177], "uv_size": [3, 3]},
								"west": {"uv": [177, 162], "uv_size": [3, 3]},
								"up": {"uv": [177, 166], "uv_size": [3, 3]},
								"down": {"uv": [177, 179], "uv_size": [3, -3]}
							}
						},
						{
							"origin": [-6.39077, 25.77155, -1.68749],
							"size": [3.6, 0.9, 3.6],
							"pivot": [-4.59077, 26.22155, 0.01251],
							"rotation": [2.5, 0, -152.5],
							"uv": {
								"north": {"uv": [199, 22], "uv_size": [4, 1]},
								"east": {"uv": [199, 30], "uv_size": [4, 1]},
								"south": {"uv": [199, 31], "uv_size": [4, 1]},
								"west": {"uv": [33, 199], "uv_size": [4, 1]},
								"up": {"uv": [162, 117], "uv_size": [4, 4]},
								"down": {"uv": [162, 125], "uv_size": [4, -4]}
							}
						},
						{
							"origin": [-7.03567, 24.33483, -1.73078],
							"size": [3.8, 0.9, 3.6],
							"pivot": [-4.83567, 24.88483, 0.06922],
							"rotation": [-2.4905, -0.21783, -157.49527],
							"uv": {
								"north": {"uv": [199, 34], "uv_size": [4, 1]},
								"east": {"uv": [199, 35], "uv_size": [4, 1]},
								"south": {"uv": [39, 199], "uv_size": [4, 1]},
								"west": {"uv": [199, 43], "uv_size": [4, 1]},
								"up": {"uv": [162, 125], "uv_size": [4, 4]},
								"down": {"uv": [162, 133], "uv_size": [4, -4]}
							}
						},
						{
							"origin": [-4.71704, 25.13097, -1.66081],
							"size": [0.2, 1.1, 0.4],
							"pivot": [-4.96704, 25.73097, 0.13919],
							"rotation": [-0.38565, -1.10935, -171.51641],
							"uv": {
								"north": {"uv": [217, 21], "uv_size": [1, 1]},
								"east": {"uv": [22, 217], "uv_size": [1, 1]},
								"south": {"uv": [217, 22], "uv_size": [1, 1]},
								"west": {"uv": [23, 217], "uv_size": [1, 1]},
								"up": {"uv": [217, 23], "uv_size": [1, 1]},
								"down": {"uv": [24, 218], "uv_size": [1, -1]}
							}
						},
						{
							"origin": [-5.81704, 25.23097, -1.61081],
							"size": [0.8, 1.1, 0.3],
							"pivot": [-4.96704, 25.73097, 0.13919],
							"rotation": [-0.38579, 1.89058, -171.53661],
							"uv": {
								"north": {"uv": [217, 24], "uv_size": [1, 1]},
								"east": {"uv": [25, 217], "uv_size": [1, 1]},
								"south": {"uv": [217, 25], "uv_size": [1, 1]},
								"west": {"uv": [26, 217], "uv_size": [1, 1]},
								"up": {"uv": [217, 26], "uv_size": [1, 1]},
								"down": {"uv": [27, 218], "uv_size": [1, -1]}
							}
						},
						{
							"origin": [-5.21704, 25.23097, -1.66081],
							"size": [0.2, 1.1, 0.4],
							"pivot": [-4.96704, 25.73097, 0.13919],
							"rotation": [-0.38579, 1.89058, -171.53661],
							"uv": {
								"north": {"uv": [217, 27], "uv_size": [1, 1]},
								"east": {"uv": [28, 217], "uv_size": [1, 1]},
								"south": {"uv": [217, 28], "uv_size": [1, 1]},
								"west": {"uv": [29, 217], "uv_size": [1, 1]},
								"up": {"uv": [217, 29], "uv_size": [1, 1]},
								"down": {"uv": [30, 218], "uv_size": [1, -1]}
							}
						}
					]
				},
				{
					"name": "RightArm_",
					"parent": "RightArm",
					"pivot": [-4.62, 23.91941, 0.04008],
					"cubes": [
						{
							"origin": [-5.94, 22.86941, -1.00992],
							"size": [2.64, 2.1, 2.1],
							"pivot": [-4.62, 23.91941, 0.04008],
							"rotation": [-45, 0, 0],
							"uv": {
								"north": {"uv": [190, 45], "uv_size": [3, 2]},
								"east": {"uv": [43, 199], "uv_size": [2, 2]},
								"south": {"uv": [190, 47], "uv_size": [3, 2]},
								"west": {"uv": [199, 44], "uv_size": [2, 2]},
								"up": {"uv": [190, 49], "uv_size": [3, 2]},
								"down": {"uv": [51, 192], "uv_size": [3, -2]}
							}
						}
					]
				},
				{
					"name": "RightForeArm_rotation",
					"parent": "RightArm",
					"pivot": [-4.575, 23.9, 0.025]
				},
				{
					"name": "RightForeArm",
					"parent": "RightForeArm_rotation",
					"pivot": [-4.575, 23.9, 0.025],
					"cubes": [
						{
							"origin": [-5.97966, 17.91941, -1.475],
							"size": [2.7, 6, 3],
							"uv": {
								"north": {"uv": [86, 161], "uv_size": [3, 6]},
								"east": {"uv": [94, 161], "uv_size": [3, 6]},
								"south": {"uv": [111, 161], "uv_size": [3, 6]},
								"west": {"uv": [114, 161], "uv_size": [3, 6]},
								"up": {"uv": [0, 178], "uv_size": [3, 3]},
								"down": {"uv": [3, 181], "uv_size": [3, -3]}
							}
						}
					]
				},
				{
					"name": "RightForeArm_xiu",
					"parent": "RightForeArm",
					"pivot": [0, 0.6, 0],
					"cubes": [
						{
							"origin": [-6.11, 19.46941, -1.514],
							"size": [2.9, 4.4, 3.1],
							"pivot": [-3.21, 23.86941, -1.514],
							"rotation": [0, 0, -5],
							"uv": {
								"north": {"uv": [70, 170], "uv_size": [3, 4]},
								"east": {"uv": [170, 168], "uv_size": [3, 4]},
								"south": {"uv": [171, 15], "uv_size": [3, 4]},
								"west": {"uv": [171, 34], "uv_size": [3, 4]},
								"up": {"uv": [178, 3], "uv_size": [3, 3]},
								"down": {"uv": [178, 9], "uv_size": [3, -3]}
							}
						},
						{
							"origin": [-6.11, 19.46941, -1.514],
							"size": [2.9, 4.4, 3.1],
							"pivot": [-6.11, 23.86941, -1.514],
							"rotation": [-5, 0, 0],
							"uv": {
								"north": {"uv": [39, 171], "uv_size": [3, 4]},
								"east": {"uv": [78, 171], "uv_size": [3, 4]},
								"south": {"uv": [171, 79], "uv_size": [3, 4]},
								"west": {"uv": [171, 91], "uv_size": [3, 4]},
								"up": {"uv": [178, 9], "uv_size": [3, 3]},
								"down": {"uv": [178, 23], "uv_size": [3, -3]}
							}
						},
						{
							"origin": [-6.11, 19.46941, -1.514],
							"size": [2.9, 4.4, 3.1],
							"pivot": [-6.11, 23.86941, 1.586],
							"rotation": [5, 0, 0],
							"uv": {
								"north": {"uv": [171, 95], "uv_size": [3, 4]},
								"east": {"uv": [97, 171], "uv_size": [3, 4]},
								"south": {"uv": [171, 99], "uv_size": [3, 4]},
								"west": {"uv": [171, 103], "uv_size": [3, 4]},
								"up": {"uv": [23, 178], "uv_size": [3, 3]},
								"down": {"uv": [26, 181], "uv_size": [3, -3]}
							}
						},
						{
							"origin": [-6.11, 19.46941, -1.514],
							"size": [2.9, 4.4, 3.1],
							"pivot": [-6.11, 23.86941, -1.514],
							"rotation": [0, 0, 5],
							"uv": {
								"north": {"uv": [107, 171], "uv_size": [3, 4]},
								"east": {"uv": [171, 107], "uv_size": [3, 4]},
								"south": {"uv": [171, 111], "uv_size": [3, 4]},
								"west": {"uv": [133, 171], "uv_size": [3, 4]},
								"up": {"uv": [29, 178], "uv_size": [3, 3]},
								"down": {"uv": [32, 181], "uv_size": [3, -3]}
							}
						},
						{
							"origin": [-6.12, 18.96941, -1.524],
							"size": [2.92, 0.6, 3.12],
							"uv": {
								"north": {"uv": [204, 50], "uv_size": [3, 1]},
								"east": {"uv": [51, 204], "uv_size": [3, 1]},
								"south": {"uv": [204, 51], "uv_size": [3, 1]},
								"west": {"uv": [204, 52], "uv_size": [3, 1]},
								"up": {"uv": [35, 178], "uv_size": [3, 3]},
								"down": {"uv": [42, 181], "uv_size": [3, -3]}
							}
						},
						{
							"origin": [-6.11, 17.86941, -1.514],
							"size": [0.3, 1.8, 3.1],
							"pivot": [-6.11, 18.96941, -1.514],
							"rotation": [0, 0, 22.5],
							"uv": {
								"north": {"uv": [210, 30], "uv_size": [1, 2]},
								"east": {"uv": [190, 52], "uv_size": [3, 2]},
								"south": {"uv": [210, 32], "uv_size": [1, 2]},
								"west": {"uv": [190, 57], "uv_size": [3, 2]},
								"up": {"uv": [49, 204], "uv_size": [1, 3]},
								"down": {"uv": [54, 207], "uv_size": [1, -3]}
							}
						},
						{
							"origin": [-6.06, 17.86941, -1.514],
							"size": [2.85, 1.8, 0.3],
							"pivot": [-6.11, 18.96941, -1.514],
							"rotation": [-22.5, 0, 0],
							"uv": {
								"north": {"uv": [190, 59], "uv_size": [3, 2]},
								"east": {"uv": [33, 210], "uv_size": [1, 2]},
								"south": {"uv": [190, 61], "uv_size": [3, 2]},
								"west": {"uv": [36, 210], "uv_size": [1, 2]},
								"up": {"uv": [204, 53], "uv_size": [3, 1]},
								"down": {"uv": [55, 205], "uv_size": [3, -1]}
							}
						},
						{
							"origin": [-6.06, 17.86941, 1.286],
							"size": [2.85, 1.8, 0.3],
							"pivot": [-5.96, 18.96941, 1.586],
							"rotation": [22.5, 0, 0],
							"uv": {
								"north": {"uv": [190, 63], "uv_size": [3, 2]},
								"east": {"uv": [210, 36], "uv_size": [1, 2]},
								"south": {"uv": [190, 65], "uv_size": [3, 2]},
								"west": {"uv": [210, 38], "uv_size": [1, 2]},
								"up": {"uv": [204, 55], "uv_size": [3, 1]},
								"down": {"uv": [204, 57], "uv_size": [3, -1]}
							}
						},
						{
							"origin": [-3.51, 17.86941, -1.514],
							"size": [0.3, 1.8, 3.1],
							"pivot": [-3.21, 18.96941, -1.514],
							"rotation": [0, 0, -22.5],
							"uv": {
								"north": {"uv": [42, 210], "uv_size": [1, 2]},
								"east": {"uv": [70, 190], "uv_size": [3, 2]},
								"south": {"uv": [43, 210], "uv_size": [1, 2]},
								"west": {"uv": [190, 70], "uv_size": [3, 2]},
								"up": {"uv": [58, 204], "uv_size": [1, 3]},
								"down": {"uv": [59, 207], "uv_size": [1, -3]}
							}
						},
						{
							"origin": [-6.01, 17.16941, -1.564],
							"size": [0.4, 1.6, 3.2],
							"pivot": [-6.11, 18.96941, -1.514],
							"rotation": [0, 0, 15],
							"uv": {
								"north": {"uv": [210, 43], "uv_size": [1, 2]},
								"east": {"uv": [91, 190], "uv_size": [3, 2]},
								"south": {"uv": [45, 210], "uv_size": [1, 2]},
								"west": {"uv": [94, 190], "uv_size": [3, 2]},
								"up": {"uv": [60, 204], "uv_size": [1, 3]},
								"down": {"uv": [61, 207], "uv_size": [1, -3]}
							}
						},
						{
							"origin": [-6.085, 17.16941, -1.414],
							"size": [2.95, 1.6, 0.3],
							"pivot": [-6.11, 18.96941, -1.514],
							"rotation": [-15, 0, 0],
							"uv": {
								"north": {"uv": [97, 190], "uv_size": [3, 2]},
								"east": {"uv": [210, 45], "uv_size": [1, 2]},
								"south": {"uv": [110, 190], "uv_size": [3, 2]},
								"west": {"uv": [210, 47], "uv_size": [1, 2]},
								"up": {"uv": [204, 57], "uv_size": [3, 1]},
								"down": {"uv": [204, 59], "uv_size": [3, -1]}
							}
						},
						{
							"origin": [-6.165, 17.16941, 1.186],
							"size": [3.05, 1.6, 0.3],
							"pivot": [-5.96, 18.96941, 1.586],
							"rotation": [15, 0, 0],
							"uv": {
								"north": {"uv": [190, 128], "uv_size": [3, 2]},
								"east": {"uv": [210, 49], "uv_size": [1, 2]},
								"south": {"uv": [153, 190], "uv_size": [3, 2]},
								"west": {"uv": [50, 210], "uv_size": [1, 2]},
								"up": {"uv": [204, 61], "uv_size": [3, 1]},
								"down": {"uv": [204, 63], "uv_size": [3, -1]}
							}
						},
						{
							"origin": [-3.61, 17.16941, -1.564],
							"size": [0.3, 1.6, 3.2],
							"pivot": [-3.21, 18.96941, -1.514],
							"rotation": [0, 0, -15],
							"uv": {
								"north": {"uv": [210, 51], "uv_size": [1, 2]},
								"east": {"uv": [166, 190], "uv_size": [3, 2]},
								"south": {"uv": [53, 210], "uv_size": [1, 2]},
								"west": {"uv": [185, 190], "uv_size": [3, 2]},
								"up": {"uv": [62, 204], "uv_size": [1, 3]},
								"down": {"uv": [64, 207], "uv_size": [1, -3]}
							}
						},
						{
							"origin": [-6.93567, 25.23483, -1.73078],
							"size": [3.5, 0.9, 3.7],
							"pivot": [-4.83567, 24.58483, 0.06922],
							"rotation": [2.58508, -0.64686, -167.48637],
							"uv": {
								"north": {"uv": [199, 46], "uv_size": [4, 1]},
								"east": {"uv": [199, 47], "uv_size": [4, 1]},
								"south": {"uv": [48, 199], "uv_size": [4, 1]},
								"west": {"uv": [199, 48], "uv_size": [4, 1]},
								"up": {"uv": [162, 133], "uv_size": [4, 4]},
								"down": {"uv": [137, 166], "uv_size": [4, -4]}
							}
						},
						{
							"origin": [-6.74437, 22.35424, -1.75499],
							"size": [2.4, 0.5, 3.55],
							"pivot": [-5.54437, 22.60424, 0.02001],
							"rotation": [-1.06537, -0.16714, 135.044],
							"uv": {
								"north": {"uv": [210, 40], "uv_size": [2, 1]},
								"east": {"uv": [52, 199], "uv_size": [4, 1]},
								"south": {"uv": [54, 210], "uv_size": [2, 1]},
								"west": {"uv": [199, 54], "uv_size": [4, 1]},
								"up": {"uv": [182, 82], "uv_size": [2, 4]},
								"down": {"uv": [89, 186], "uv_size": [2, -4]}
							}
						}
					]
				},
				{
					"name": "RightForeArm_",
					"parent": "RightForeArm",
					"pivot": [-4.62, 23.91941, 0.04008],
					"cubes": [
						{
							"origin": [-5.94, 22.86941, -1.00992],
							"size": [2.64, 2.1, 2.1],
							"pivot": [-4.62, 23.91941, 0.04008],
							"rotation": [-45, 0, 0],
							"uv": {
								"north": {"uv": [188, 190], "uv_size": [3, 2]},
								"east": {"uv": [199, 55], "uv_size": [2, 2]},
								"south": {"uv": [2, 191], "uv_size": [3, 2]},
								"west": {"uv": [56, 199], "uv_size": [2, 2]},
								"up": {"uv": [5, 191], "uv_size": [3, 2]},
								"down": {"uv": [23, 193], "uv_size": [3, -2]}
							}
						}
					]
				},
				{
					"name": "RightHand",
					"parent": "RightForeArm",
					"pivot": [-4.375, 17.525, 0.025],
					"cubes": [
						{
							"origin": [-5.938, 17.08192, -1.79982],
							"size": [2.64, 2.1, 2],
							"pivot": [-0.118, 17.10857, -0.62647],
							"rotation": [-45, 0, 0],
							"uv": {
								"north": {"uv": [27, 191], "uv_size": [3, 2]},
								"east": {"uv": [199, 57], "uv_size": [2, 2]},
								"south": {"uv": [30, 191], "uv_size": [3, 2]},
								"west": {"uv": [58, 199], "uv_size": [2, 2]},
								"up": {"uv": [191, 54], "uv_size": [3, 2]},
								"down": {"uv": [191, 69], "uv_size": [3, -2]}
							}
						},
						{
							"origin": [-5.97966, 15.91941, -1.475],
							"size": [2.7, 2, 3],
							"uv": {
								"north": {"uv": [191, 72], "uv_size": [3, 2]},
								"east": {"uv": [191, 77], "uv_size": [3, 2]},
								"south": {"uv": [191, 122], "uv_size": [3, 2]},
								"west": {"uv": [191, 126], "uv_size": [3, 2]},
								"up": {"uv": [45, 178], "uv_size": [3, 3]},
								"down": {"uv": [48, 181], "uv_size": [3, -3]}
							}
						}
					]
				},
				{
					"name": "RightHandLocator",
					"parent": "RightHand",
					"pivot": [-4.375, 16.525, 0.025]
				},
				{
					"name": "ORIGIN",
					"pivot": [0, 0.85, 0]
				},
				{
					"name": "ORIGIN_position",
					"parent": "ORIGIN",
					"pivot": [0, 0.85, 0]
				},
				{
					"name": "ORIGIN_rotation",
					"parent": "ORIGIN_position",
					"pivot": [0, 0.85, 0]
				},
				{
					"name": "ORIGIN_1",
					"parent": "ORIGIN_rotation",
					"pivot": [0, 0.85, 0]
				},
				{
					"name": "ORIGIN_1_1",
					"parent": "ORIGIN_1",
					"pivot": [0, 0, 0],
					"cubes": [
						{
							"origin": [-5, -4.15, -5],
							"size": [10, 10, 10],
							"uv": {
								"north": {"uv": [70, 13], "uv_size": [10, 10]},
								"east": {"uv": [71, 23], "uv_size": [10, 10]},
								"south": {"uv": [30, 73], "uv_size": [10, 10]},
								"west": {"uv": [40, 73], "uv_size": [10, 10]},
								"up": {"uv": [50, 73], "uv_size": [10, 10]},
								"down": {"uv": [0, 84], "uv_size": [10, -10]}
							}
						}
					]
				},
				{
					"name": "ysmGlow_ORIGIN_1_1",
					"parent": "ORIGIN_1_1",
					"pivot": [0, 0, 0],
					"cubes": [
						{
							"origin": [-5.2, -4.35, -5.2],
							"size": [10.4, 10.4, 10.4],
							"uv": {
								"north": {"uv": [10, 74], "uv_size": [10, 10]},
								"east": {"uv": [20, 74], "uv_size": [10, 10]},
								"south": {"uv": [74, 52], "uv_size": [10, 10]},
								"west": {"uv": [74, 62], "uv_size": [10, 10]},
								"up": {"uv": [74, 72], "uv_size": [10, 10]},
								"down": {"uv": [77, 43], "uv_size": [10, -10]}
							}
						}
					]
				}
			]
		}
	]
}