{
	"format_version": "1.12.0",
	"minecraft:geometry": [
		{
			"description": {
				"identifier": "geometry.unknown",
				"texture_width": 32,
				"texture_height": 32,
				"visible_bounds_width": 6,
				"visible_bounds_height": 1.5,
				"visible_bounds_offset": [0, 0.25, 0]
			},
			"bones": [
				{
					"name": "Root",
					"pivot": [8, 0, 0],
					"rotation": [0, 90, 0]
				},
				{
					"name": "ysmGlow_arrow",
					"parent": "Root",
					"pivot": [8, 0, 0],
					"cubes": [
						{
							"origin": [7.3125, -0.34649, 3.98899],
							"size": [0.375, 1.25, 4],
							"pivot": [7.5, 0, 7.37064],
							"rotation": [6, 0, -90],
							"uv": {
								"north": {"uv": [14, 14], "uv_size": [1, 1]},
								"east": {"uv": [8, 4], "uv_size": [4, 1]},
								"south": {"uv": [2, 15], "uv_size": [1, 1]},
								"west": {"uv": [8, 5], "uv_size": [4, 1]},
								"up": {"uv": [2, 8], "uv_size": [1, 4]},
								"down": {"uv": [3, 12], "uv_size": [1, -4]}
							}
						},
						{
							"origin": [7.75, -0.25, -14.5],
							"size": [0.5, 0.5, 22.75],
							"uv": {
								"north": {"uv": [13, 10], "uv_size": [1, 1]},
								"east": {"uv": [0, 0], "uv_size": [26, 1]},
								"south": {"uv": [12, 13], "uv_size": [1, 1]},
								"west": {"uv": [0, 1], "uv_size": [26, 1]},
								"up": {"uv": [0, 2], "uv_size": [1, 26]},
								"down": {"uv": [1, 28], "uv_size": [1, -26]}
							}
						},
						{
							"origin": [7.75, 0.8125, -14.625],
							"size": [0.5, 0.5, 3],
							"pivot": [8, 1.0625, -9.125],
							"rotation": [11, 0, 0],
							"uv": {
								"north": {"uv": [13, 13], "uv_size": [1, 1]},
								"east": {"uv": [8, 6], "uv_size": [3, 1]},
								"south": {"uv": [2, 14], "uv_size": [1, 1]},
								"west": {"uv": [8, 7], "uv_size": [3, 1]},
								"up": {"uv": [8, 8], "uv_size": [1, 3]},
								"down": {"uv": [9, 11], "uv_size": [1, -3]}
							}
						},
						{
							"origin": [7.75, -1.3125, -14.625],
							"size": [0.5, 0.5, 3],
							"pivot": [8, -1.0625, -9.125],
							"rotation": [-11, 0, 0],
							"uv": {
								"north": {"uv": [14, 2], "uv_size": [1, 1]},
								"east": {"uv": [10, 2], "uv_size": [3, 1]},
								"south": {"uv": [3, 14], "uv_size": [1, 1]},
								"west": {"uv": [10, 3], "uv_size": [3, 1]},
								"up": {"uv": [4, 10], "uv_size": [1, 3]},
								"down": {"uv": [5, 13], "uv_size": [1, -3]}
							}
						},
						{
							"origin": [7.75, 0.04377, -14.49441],
							"size": [0.5, 0.5, 3],
							"pivot": [8, 0, -13.05151],
							"rotation": [11, 0, -90],
							"uv": {
								"north": {"uv": [14, 3], "uv_size": [1, 1]},
								"east": {"uv": [10, 8], "uv_size": [3, 1]},
								"south": {"uv": [14, 4], "uv_size": [1, 1]},
								"west": {"uv": [10, 9], "uv_size": [3, 1]},
								"up": {"uv": [6, 10], "uv_size": [1, 3]},
								"down": {"uv": [7, 13], "uv_size": [1, -3]}
							}
						},
						{
							"origin": [7.75, -0.54377, -14.49441],
							"size": [0.5, 0.5, 3],
							"pivot": [8, 0, -13.05151],
							"rotation": [-11, 0, -90],
							"uv": {
								"north": {"uv": [5, 14], "uv_size": [1, 1]},
								"east": {"uv": [10, 10], "uv_size": [3, 1]},
								"south": {"uv": [14, 5], "uv_size": [1, 1]},
								"west": {"uv": [11, 6], "uv_size": [3, 1]},
								"up": {"uv": [8, 11], "uv_size": [1, 3]},
								"down": {"uv": [9, 14], "uv_size": [1, -3]}
							}
						},
						{
							"origin": [7.8125, 0.18118, 3.95093],
							"size": [0.375, 1.25, 4],
							"pivot": [8, 0.87692, 7.61562],
							"rotation": [6, 0, 0],
							"uv": {
								"north": {"uv": [6, 14], "uv_size": [1, 1]},
								"east": {"uv": [2, 2], "uv_size": [4, 1]},
								"south": {"uv": [14, 6], "uv_size": [1, 1]},
								"west": {"uv": [2, 3], "uv_size": [4, 1]},
								"up": {"uv": [2, 4], "uv_size": [1, 4]},
								"down": {"uv": [3, 8], "uv_size": [1, -4]}
							}
						},
						{
							"origin": [7.8125, 0.25636, 7.76874],
							"size": [0.375, 1.25, 1.5],
							"inflate": 0.01,
							"pivot": [8, 0.87692, 7.61562],
							"rotation": [-11.5, 0, 0],
							"uv": {
								"north": {"uv": [8, 14], "uv_size": [1, 1]},
								"east": {"uv": [11, 7], "uv_size": [2, 1]},
								"south": {"uv": [14, 8], "uv_size": [1, 1]},
								"west": {"uv": [10, 11], "uv_size": [2, 1]},
								"up": {"uv": [2, 12], "uv_size": [1, 2]},
								"down": {"uv": [3, 14], "uv_size": [1, -2]}
							}
						},
						{
							"origin": [7.8125, -1.43118, 3.95093],
							"size": [0.375, 1.25, 4],
							"pivot": [8, -0.87692, 7.61562],
							"rotation": [-6, 0, 0],
							"uv": {
								"north": {"uv": [9, 14], "uv_size": [1, 1]},
								"east": {"uv": [4, 4], "uv_size": [4, 1]},
								"south": {"uv": [14, 9], "uv_size": [1, 1]},
								"west": {"uv": [4, 5], "uv_size": [4, 1]},
								"up": {"uv": [4, 6], "uv_size": [1, 4]},
								"down": {"uv": [5, 10], "uv_size": [1, -4]}
							}
						},
						{
							"origin": [7.8125, -1.50636, 7.76874],
							"size": [0.375, 1.25, 1.5],
							"inflate": 0.01,
							"pivot": [8, -0.87692, 7.61562],
							"rotation": [11.5, 0, 0],
							"uv": {
								"north": {"uv": [10, 14], "uv_size": [1, 1]},
								"east": {"uv": [12, 4], "uv_size": [2, 1]},
								"south": {"uv": [14, 10], "uv_size": [1, 1]},
								"west": {"uv": [12, 5], "uv_size": [2, 1]},
								"up": {"uv": [10, 12], "uv_size": [1, 2]},
								"down": {"uv": [11, 14], "uv_size": [1, -2]}
							}
						},
						{
							"origin": [8.3125, -0.43776, 7.71238],
							"size": [0.375, 1.25, 1.5],
							"inflate": 0.01,
							"pivot": [8.5, 0, 8.55134],
							"rotation": [-11.5, 0, 90],
							"uv": {
								"north": {"uv": [11, 14], "uv_size": [1, 1]},
								"east": {"uv": [12, 11], "uv_size": [2, 1]},
								"south": {"uv": [14, 11], "uv_size": [1, 1]},
								"west": {"uv": [12, 12], "uv_size": [2, 1]},
								"up": {"uv": [13, 2], "uv_size": [1, 2]},
								"down": {"uv": [4, 15], "uv_size": [1, -2]}
							}
						},
						{
							"origin": [8.3125, -0.34649, 3.98899],
							"size": [0.375, 1.25, 4],
							"pivot": [8.5, 0, 7.37064],
							"rotation": [6, 0, 90],
							"uv": {
								"north": {"uv": [12, 14], "uv_size": [1, 1]},
								"east": {"uv": [6, 2], "uv_size": [4, 1]},
								"south": {"uv": [14, 12], "uv_size": [1, 1]},
								"west": {"uv": [6, 3], "uv_size": [4, 1]},
								"up": {"uv": [6, 6], "uv_size": [1, 4]},
								"down": {"uv": [7, 10], "uv_size": [1, -4]}
							}
						},
						{
							"origin": [7.3125, -0.43776, 7.71238],
							"size": [0.375, 1.25, 1.5],
							"inflate": 0.01,
							"pivot": [7.5, 0, 8.55134],
							"rotation": [-11.5, 0, -90],
							"uv": {
								"north": {"uv": [13, 14], "uv_size": [1, 1]},
								"east": {"uv": [5, 13], "uv_size": [2, 1]},
								"south": {"uv": [14, 13], "uv_size": [1, 1]},
								"west": {"uv": [13, 7], "uv_size": [2, 1]},
								"up": {"uv": [7, 13], "uv_size": [1, 2]},
								"down": {"uv": [13, 10], "uv_size": [1, -2]}
							}
						}
					]
				}
			]
		}
	]
}