{
	"format_version": "1.12.0",
	"minecraft:geometry": [
		{
			"description": {
				"identifier": "geometry.default",
				"texture_width": 256,
				"texture_height": 256,
				"visible_bounds_width": 5,
				"visible_bounds_height": 6,
				"visible_bounds_offset": [0, 2, 0]
			},
			"bones": [
				{
					"name": "LeftArm",
					"pivot": [3.9, 29.6, 0]
				},
				{
					"name": "InArm",
					"parent": "LeftArm",
					"pivot": [-0.5, 0, 0],
					"cubes": [
						{
							"origin": [2.55, 24.55, -1.5],
							"size": [2.75, 6.2, 3.05],
							"uv": {
								"north": {"uv": [20, 61], "uv_size": [3, 6]},
								"east": {"uv": [41, 61], "uv_size": [3, 6]},
								"south": {"uv": [61, 47], "uv_size": [3, 6]},
								"west": {"uv": [61, 58], "uv_size": [3, 6]},
								"up": {"uv": [4, 107], "uv_size": [3, 3]},
								"down": {"uv": [10, 110], "uv_size": [3, -3]}
							}
						},
						{
							"origin": [5.3, 27.825, -1.75],
							"size": [0.5, 0.9, 3.45],
							"pivot": [4.04655, 26.90156, -0.00012],
							"rotation": [180, 0.25, -180],
							"uv": {
								"north": {"uv": [219, 86], "uv_size": [0.5, 1]},
								"east": {"uv": [151, 123], "uv_size": [3.5, 1]},
								"south": {"uv": [87, 219], "uv_size": [0.5, 1]},
								"west": {"uv": [151, 125], "uv_size": [3.5, 1]},
								"up": {"uv": [133, 184], "uv_size": [0.5, 3.5]},
								"down": {"uv": [134, 187.5], "uv_size": [0.5, -3.5]}
							}
						},
						{
							"origin": [2.29513, 28.06733, -1.75],
							"size": [2.8, 0.9, 3.45],
							"pivot": [4.04655, 26.90156, -0.00012],
							"rotation": [179.94802, 0.24454, 167.99989],
							"uv": {
								"north": {"uv": [161, 124], "uv_size": [3, 1]},
								"east": {"uv": [122, 151], "uv_size": [3.5, 1]},
								"south": {"uv": [161, 127], "uv_size": [3, 1]},
								"west": {"uv": [151, 122], "uv_size": [3.5, 1]},
								"up": {"uv": [95, 103], "uv_size": [3, 3.5]},
								"down": {"uv": [101, 106.5], "uv_size": [3, -3.5]}
							}
						},
						{
							"origin": [5.77242, 25.58743, -1.65],
							"size": [0.125, 1.175, 3.3],
							"pivot": [4.04655, 26.90156, -0.00012],
							"rotation": [179.9523, 0.24541, 168.9999],
							"uv": {
								"north": {"uv": [219, 85], "uv_size": [0.5, 1]},
								"east": {"uv": [117, 151], "uv_size": [3.5, 1]},
								"south": {"uv": [86, 219], "uv_size": [0.5, 1]},
								"west": {"uv": [151, 117], "uv_size": [3.5, 1]},
								"up": {"uv": [129, 184], "uv_size": [0.5, 3.5]},
								"down": {"uv": [130, 187.5], "uv_size": [0.5, -3.5]}
							}
						},
						{
							"origin": [2.47148, 25.5241, -1.65],
							"size": [0.125, 1.175, 3.3],
							"pivot": [4.04655, 26.90156, -0.00012],
							"rotation": [-179.9523, 0.24541, -168.9999],
							"uv": {
								"north": {"uv": [219, 84], "uv_size": [0.5, 1]},
								"east": {"uv": [151, 111], "uv_size": [3.5, 1]},
								"south": {"uv": [85, 219], "uv_size": [0.5, 1]},
								"west": {"uv": [151, 116], "uv_size": [3.5, 1]},
								"up": {"uv": [184, 127], "uv_size": [0.5, 3.5]},
								"down": {"uv": [128, 187.5], "uv_size": [0.5, -3.5]}
							}
						},
						{
							"origin": [2.675, 25.6608, 1.69683],
							"size": [3.025, 0.975, 0.125],
							"pivot": [4.04655, 26.90156, -0.00012],
							"rotation": [172, 0.25, -180],
							"uv": {
								"north": {"uv": [161, 120], "uv_size": [3, 1]},
								"east": {"uv": [219, 83], "uv_size": [0.5, 1]},
								"south": {"uv": [121, 161], "uv_size": [3, 1]},
								"west": {"uv": [84, 219], "uv_size": [0.5, 1]},
								"up": {"uv": [47, 192], "uv_size": [3, 0.5]},
								"down": {"uv": [50, 192.5], "uv_size": [3, -0.5]}
							}
						},
						{
							"origin": [2.675, 25.66424, -1.82159],
							"size": [3.025, 0.975, 0.125],
							"pivot": [4.04655, 26.90156, -0.00012],
							"rotation": [-172, 0.25, 180],
							"uv": {
								"north": {"uv": [161, 118], "uv_size": [3, 1]},
								"east": {"uv": [219, 82], "uv_size": [0.5, 1]},
								"south": {"uv": [161, 119], "uv_size": [3, 1]},
								"west": {"uv": [83, 219], "uv_size": [0.5, 1]},
								"up": {"uv": [44, 192], "uv_size": [3, 0.5]},
								"down": {"uv": [192, 46.5], "uv_size": [3, -0.5]}
							}
						},
						{
							"origin": [2.6, 25.325, -1.75],
							"size": [3.15, 0.475, 3.475],
							"pivot": [4.04655, 26.90156, -0.00012],
							"rotation": [180, 0.25, -180],
							"uv": {
								"north": {"uv": [38, 192], "uv_size": [3, 0.5]},
								"east": {"uv": [184, 117], "uv_size": [3.5, 0.5]},
								"south": {"uv": [41, 192], "uv_size": [3, 0.5]},
								"west": {"uv": [184, 118], "uv_size": [3.5, 0.5]},
								"up": {"uv": [76, 103], "uv_size": [3, 3.5]},
								"down": {"uv": [79, 106.5], "uv_size": [3, -3.5]}
							}
						},
						{
							"origin": [2.675, 24.475, -1.65],
							"size": [3.025, 1.225, 3.3],
							"pivot": [4.04655, 26.90156, -0.00012],
							"rotation": [180, 0.25, -180],
							"uv": {
								"north": {"uv": [161, 117], "uv_size": [3, 1]},
								"east": {"uv": [104, 151], "uv_size": [3.5, 1]},
								"south": {"uv": [118, 161], "uv_size": [3, 1]},
								"west": {"uv": [151, 110], "uv_size": [3.5, 1]},
								"up": {"uv": [4, 103], "uv_size": [3, 3.5]},
								"down": {"uv": [103, 40.5], "uv_size": [3, -3.5]}
							}
						},
						{
							"origin": [5.325, 24.6, 0.775],
							"size": [0.025, 0.225, 0.225],
							"pivot": [3.85781, 25.06286, 0],
							"rotation": [0, 180, 0],
							"uv": {
								"north": {"uv": [6, 237], "uv_size": [0.5, 0.5]},
								"east": {"uv": [237, 6], "uv_size": [0.5, 0.5]},
								"south": {"uv": [7, 237], "uv_size": [0.5, 0.5]},
								"west": {"uv": [237, 7], "uv_size": [0.5, 0.5]},
								"up": {"uv": [8, 237], "uv_size": [0.5, 0.5]},
								"down": {"uv": [237, 8.5], "uv_size": [0.5, -0.5]}
							}
						},
						{
							"origin": [5.325, 24.6, -0.575],
							"size": [0.025, 0.35, 0.225],
							"pivot": [3.85781, 25.06286, 0],
							"rotation": [0, 180, 0],
							"uv": {
								"north": {"uv": [3, 237], "uv_size": [0.5, 0.5]},
								"east": {"uv": [237, 3], "uv_size": [0.5, 0.5]},
								"south": {"uv": [4, 237], "uv_size": [0.5, 0.5]},
								"west": {"uv": [237, 4], "uv_size": [0.5, 0.5]},
								"up": {"uv": [5, 237], "uv_size": [0.5, 0.5]},
								"down": {"uv": [237, 5.5], "uv_size": [0.5, -0.5]}
							}
						},
						{
							"origin": [5.325, 24.95, -1.525],
							"size": [0.025, 0.25, 1.175],
							"pivot": [3.85781, 25.06286, 0],
							"rotation": [0, 180, 0],
							"uv": {
								"north": {"uv": [2, 237], "uv_size": [0.5, 0.5]},
								"east": {"uv": [219, 126], "uv_size": [1, 0.5]},
								"south": {"uv": [237, 2], "uv_size": [0.5, 0.5]},
								"west": {"uv": [127, 219], "uv_size": [1, 0.5]},
								"up": {"uv": [219, 127], "uv_size": [0.5, 1]},
								"down": {"uv": [128, 220], "uv_size": [0.5, -1]}
							}
						},
						{
							"origin": [5.325, 24.6, -0.9],
							"size": [0.025, 0.225, 0.225],
							"pivot": [3.85781, 25.06286, 0],
							"rotation": [0, 180, 0],
							"uv": {
								"north": {"uv": [236, 235], "uv_size": [0.5, 0.5]},
								"east": {"uv": [236, 236], "uv_size": [0.5, 0.5]},
								"south": {"uv": [0, 237], "uv_size": [0.5, 0.5]},
								"west": {"uv": [237, 0], "uv_size": [0.5, 0.5]},
								"up": {"uv": [1, 237], "uv_size": [0.5, 0.5]},
								"down": {"uv": [237, 1.5], "uv_size": [0.5, -0.5]}
							}
						},
						{
							"origin": [5.325, 24.6, 0.475],
							"size": [0.025, 0.35, 0.225],
							"pivot": [3.85781, 25.06286, 0],
							"rotation": [0, 180, 0],
							"uv": {
								"north": {"uv": [236, 232], "uv_size": [0.5, 0.5]},
								"east": {"uv": [233, 236], "uv_size": [0.5, 0.5]},
								"south": {"uv": [236, 233], "uv_size": [0.5, 0.5]},
								"west": {"uv": [234, 236], "uv_size": [0.5, 0.5]},
								"up": {"uv": [236, 234], "uv_size": [0.5, 0.5]},
								"down": {"uv": [235, 236.5], "uv_size": [0.5, -0.5]}
							}
						},
						{
							"origin": [5.325, 24.95, 0.475],
							"size": [0.025, 0.25, 1.175],
							"pivot": [3.85781, 25.06286, 0],
							"rotation": [0, 180, 0],
							"uv": {
								"north": {"uv": [236, 231], "uv_size": [0.5, 0.5]},
								"east": {"uv": [219, 124], "uv_size": [1, 0.5]},
								"south": {"uv": [232, 236], "uv_size": [0.5, 0.5]},
								"west": {"uv": [125, 219], "uv_size": [1, 0.5]},
								"up": {"uv": [219, 125], "uv_size": [0.5, 1]},
								"down": {"uv": [126, 220], "uv_size": [0.5, -1]}
							}
						},
						{
							"origin": [3.725, 24.95, 1.6],
							"size": [1.5, 0.25, 0.075],
							"pivot": [3.85781, 25.06286, 0],
							"rotation": [0, 180, 0],
							"uv": {
								"north": {"uv": [210, 86], "uv_size": [1.5, 0.5]},
								"east": {"uv": [236, 230], "uv_size": [0.5, 0.5]},
								"south": {"uv": [210, 87], "uv_size": [1.5, 0.5]},
								"west": {"uv": [231, 236], "uv_size": [0.5, 0.5]},
								"up": {"uv": [88, 210], "uv_size": [1.5, 0.5]},
								"down": {"uv": [210, 88.5], "uv_size": [1.5, -0.5]}
							}
						},
						{
							"origin": [2.3, 24.95, 1.6],
							"size": [1.2, 0.25, 0.075],
							"pivot": [3.85781, 25.06286, 0],
							"rotation": [0, 180, 0],
							"uv": {
								"north": {"uv": [219, 122], "uv_size": [1, 0.5]},
								"east": {"uv": [236, 229], "uv_size": [0.5, 0.5]},
								"south": {"uv": [123, 219], "uv_size": [1, 0.5]},
								"west": {"uv": [230, 236], "uv_size": [0.5, 0.5]},
								"up": {"uv": [219, 123], "uv_size": [1, 0.5]},
								"down": {"uv": [124, 219.5], "uv_size": [1, -0.5]}
							}
						},
						{
							"origin": [2.275, 24.95, -0.125],
							"size": [0.025, 0.25, 0.1],
							"pivot": [3.85781, 25.06286, 0],
							"rotation": [0, 180, 0],
							"uv": {
								"north": {"uv": [236, 226], "uv_size": [0.5, 0.5]},
								"east": {"uv": [227, 236], "uv_size": [0.5, 0.5]},
								"south": {"uv": [236, 227], "uv_size": [0.5, 0.5]},
								"west": {"uv": [228, 236], "uv_size": [0.5, 0.5]},
								"up": {"uv": [236, 228], "uv_size": [0.5, 0.5]},
								"down": {"uv": [229, 236.5], "uv_size": [0.5, -0.5]}
							}
						},
						{
							"origin": [2.275, 24.95, 0.45],
							"size": [0.025, 0.25, 0.975],
							"pivot": [3.85781, 25.06286, 0],
							"rotation": [0, 180, 0],
							"uv": {
								"north": {"uv": [236, 225], "uv_size": [0.5, 0.5]},
								"east": {"uv": [219, 120], "uv_size": [1, 0.5]},
								"south": {"uv": [226, 236], "uv_size": [0.5, 0.5]},
								"west": {"uv": [121, 219], "uv_size": [1, 0.5]},
								"up": {"uv": [219, 121], "uv_size": [0.5, 1]},
								"down": {"uv": [122, 220], "uv_size": [0.5, -1]}
							}
						},
						{
							"origin": [2.275, 24.95, 0.2],
							"size": [0.025, 0.25, 0.1],
							"pivot": [3.85781, 25.06286, 0],
							"rotation": [0, 180, 0],
							"uv": {
								"north": {"uv": [236, 222], "uv_size": [0.5, 0.5]},
								"east": {"uv": [223, 236], "uv_size": [0.5, 0.5]},
								"south": {"uv": [236, 223], "uv_size": [0.5, 0.5]},
								"west": {"uv": [224, 236], "uv_size": [0.5, 0.5]},
								"up": {"uv": [236, 224], "uv_size": [0.5, 0.5]},
								"down": {"uv": [225, 236.5], "uv_size": [0.5, -0.5]}
							}
						},
						{
							"origin": [2.275, 24.95, 0.025],
							"size": [0.025, 0.25, 0.1],
							"pivot": [3.85781, 25.06286, 0],
							"rotation": [0, 180, 0],
							"uv": {
								"north": {"uv": [236, 219], "uv_size": [0.5, 0.5]},
								"east": {"uv": [220, 236], "uv_size": [0.5, 0.5]},
								"south": {"uv": [236, 220], "uv_size": [0.5, 0.5]},
								"west": {"uv": [221, 236], "uv_size": [0.5, 0.5]},
								"up": {"uv": [236, 221], "uv_size": [0.5, 0.5]},
								"down": {"uv": [222, 236.5], "uv_size": [0.5, -0.5]}
							}
						},
						{
							"origin": [3.725, 24.95, -1.675],
							"size": [1.5, 0.25, 0.075],
							"pivot": [3.85781, 25.06286, 0],
							"rotation": [0, 180, 0],
							"uv": {
								"north": {"uv": [210, 82], "uv_size": [1.5, 0.5]},
								"east": {"uv": [236, 218], "uv_size": [0.5, 0.5]},
								"south": {"uv": [84, 210], "uv_size": [1.5, 0.5]},
								"west": {"uv": [219, 236], "uv_size": [0.5, 0.5]},
								"up": {"uv": [210, 85], "uv_size": [1.5, 0.5]},
								"down": {"uv": [86, 210.5], "uv_size": [1.5, -0.5]}
							}
						},
						{
							"origin": [2.3, 24.95, -1.675],
							"size": [1.2, 0.25, 0.075],
							"pivot": [3.85781, 25.06286, 0],
							"rotation": [0, 180, 0],
							"uv": {
								"north": {"uv": [219, 118], "uv_size": [1, 0.5]},
								"east": {"uv": [236, 217], "uv_size": [0.5, 0.5]},
								"south": {"uv": [119, 219], "uv_size": [1, 0.5]},
								"west": {"uv": [218, 236], "uv_size": [0.5, 0.5]},
								"up": {"uv": [219, 119], "uv_size": [1, 0.5]},
								"down": {"uv": [120, 219.5], "uv_size": [1, -0.5]}
							}
						},
						{
							"origin": [2.275, 24.95, -1.525],
							"size": [0.025, 0.25, 1.2],
							"pivot": [3.85781, 25.06286, 0],
							"rotation": [0, 180, 0],
							"uv": {
								"north": {"uv": [236, 216], "uv_size": [0.5, 0.5]},
								"east": {"uv": [219, 116], "uv_size": [1, 0.5]},
								"south": {"uv": [217, 236], "uv_size": [0.5, 0.5]},
								"west": {"uv": [117, 219], "uv_size": [1, 0.5]},
								"up": {"uv": [219, 117], "uv_size": [0.5, 1]},
								"down": {"uv": [118, 220], "uv_size": [0.5, -1]}
							}
						},
						{
							"origin": [2.775, 26.825, -1.15],
							"size": [0.075, 1.95, 0.75],
							"pivot": [4.04655, 26.90156, -0.00012],
							"rotation": [180, 0.25, -180],
							"uv": {
								"north": {"uv": [56, 205], "uv_size": [0.5, 2]},
								"east": {"uv": [205, 56], "uv_size": [0.5, 2]},
								"south": {"uv": [57, 205], "uv_size": [0.5, 2]},
								"west": {"uv": [58, 205], "uv_size": [0.5, 2]},
								"up": {"uv": [236, 155], "uv_size": [0.5, 0.5]},
								"down": {"uv": [156, 236.5], "uv_size": [0.5, -0.5]}
							}
						},
						{
							"origin": [2.775, 26.61517, 0.28477],
							"size": [0.075, 1.075, 0.625],
							"pivot": [4.04655, 26.90156, -0.00012],
							"rotation": [160, 0.25, 180],
							"uv": {
								"north": {"uv": [219, 80], "uv_size": [0.5, 1]},
								"east": {"uv": [81, 219], "uv_size": [0.5, 1]},
								"south": {"uv": [219, 81], "uv_size": [0.5, 1]},
								"west": {"uv": [82, 219], "uv_size": [0.5, 1]},
								"up": {"uv": [236, 154], "uv_size": [0.5, 0.5]},
								"down": {"uv": [155, 236.5], "uv_size": [0.5, -0.5]}
							}
						},
						{
							"origin": [2.775, 27.175, 0.425],
							"size": [0.075, 1.225, 0.65],
							"pivot": [4.04655, 26.90156, -0.00012],
							"rotation": [180, 0.25, -180],
							"uv": {
								"north": {"uv": [219, 78], "uv_size": [0.5, 1]},
								"east": {"uv": [79, 219], "uv_size": [0.5, 1]},
								"south": {"uv": [219, 79], "uv_size": [0.5, 1]},
								"west": {"uv": [80, 219], "uv_size": [0.5, 1]},
								"up": {"uv": [236, 153], "uv_size": [0.5, 0.5]},
								"down": {"uv": [154, 236.5], "uv_size": [0.5, -0.5]}
							}
						},
						{
							"origin": [2.6, 27.975, -0.25],
							"size": [0.075, 0.4, 0.525],
							"pivot": [4.04655, 26.90156, -0.00012],
							"rotation": [180, 0.25, -180],
							"uv": {
								"north": {"uv": [236, 150], "uv_size": [0.5, 0.5]},
								"east": {"uv": [151, 236], "uv_size": [0.5, 0.5]},
								"south": {"uv": [236, 151], "uv_size": [0.5, 0.5]},
								"west": {"uv": [152, 236], "uv_size": [0.5, 0.5]},
								"up": {"uv": [236, 152], "uv_size": [0.5, 0.5]},
								"down": {"uv": [153, 236.5], "uv_size": [0.5, -0.5]}
							}
						},
						{
							"origin": [2.775, 26.49066, -1.09797],
							"size": [0.075, 0.8, 0.8],
							"pivot": [4.04655, 26.90156, -0.00012],
							"rotation": [-160, 0.25, 180],
							"uv": {
								"north": {"uv": [219, 76], "uv_size": [0.5, 1]},
								"east": {"uv": [55, 205], "uv_size": [1, 1]},
								"south": {"uv": [77, 219], "uv_size": [0.5, 1]},
								"west": {"uv": [205, 55], "uv_size": [1, 1]},
								"up": {"uv": [219, 77], "uv_size": [0.5, 1]},
								"down": {"uv": [78, 220], "uv_size": [0.5, -1]}
							}
						},
						{
							"origin": [2.775, 26.55, -1.6],
							"size": [0.075, 1.85, 0.725],
							"pivot": [4.04655, 26.90156, -0.00012],
							"rotation": [180, 0.25, -180],
							"uv": {
								"north": {"uv": [52, 205], "uv_size": [0.5, 2]},
								"east": {"uv": [53, 205], "uv_size": [0.5, 2]},
								"south": {"uv": [205, 53], "uv_size": [0.5, 2]},
								"west": {"uv": [54, 205], "uv_size": [0.5, 2]},
								"up": {"uv": [236, 149], "uv_size": [0.5, 0.5]},
								"down": {"uv": [150, 236.5], "uv_size": [0.5, -0.5]}
							}
						},
						{
							"origin": [2.775, 26.55, 0.85],
							"size": [0.075, 1.85, 0.725],
							"pivot": [4.04655, 26.90156, -0.00012],
							"rotation": [180, 0.25, -180],
							"uv": {
								"north": {"uv": [205, 49], "uv_size": [0.5, 2]},
								"east": {"uv": [50, 205], "uv_size": [0.5, 2]},
								"south": {"uv": [51, 205], "uv_size": [0.5, 2]},
								"west": {"uv": [205, 51], "uv_size": [0.5, 2]},
								"up": {"uv": [236, 148], "uv_size": [0.5, 0.5]},
								"down": {"uv": [149, 236.5], "uv_size": [0.5, -0.5]}
							}
						},
						{
							"origin": [2.775, 25.675, -1.6],
							"size": [2.875, 0.95, 3.175],
							"pivot": [4.04655, 26.90156, -0.00012],
							"rotation": [180, 0.25, -180],
							"uv": {
								"north": {"uv": [161, 114], "uv_size": [3, 1]},
								"east": {"uv": [115, 161], "uv_size": [3, 1]},
								"south": {"uv": [161, 115], "uv_size": [3, 1]},
								"west": {"uv": [161, 116], "uv_size": [3, 1]},
								"up": {"uv": [108, 41], "uv_size": [3, 3]},
								"down": {"uv": [45, 111], "uv_size": [3, -3]}
							}
						},
						{
							"origin": [2.825, 26.55, -1.6],
							"size": [2.825, 1.85, 3.175],
							"pivot": [4.04655, 26.90156, -0.00012],
							"rotation": [180, 0.25, -180],
							"uv": {
								"north": {"uv": [128, 67], "uv_size": [3, 2]},
								"east": {"uv": [128, 69], "uv_size": [3, 2]},
								"south": {"uv": [128, 72], "uv_size": [3, 2]},
								"west": {"uv": [128, 75], "uv_size": [3, 2]},
								"up": {"uv": [31, 108], "uv_size": [3, 3]},
								"down": {"uv": [34, 111], "uv_size": [3, -3]}
							}
						},
						{
							"origin": [2.475, 28.375, -1.75],
							"size": [0.375, 0.9, 3.45],
							"pivot": [4.04655, 26.90156, -0.00012],
							"rotation": [180, 0.25, -180],
							"uv": {
								"north": {"uv": [219, 75], "uv_size": [0.5, 1]},
								"east": {"uv": [151, 97], "uv_size": [3.5, 1]},
								"south": {"uv": [76, 219], "uv_size": [0.5, 1]},
								"west": {"uv": [100, 151], "uv_size": [3.5, 1]},
								"up": {"uv": [123, 184], "uv_size": [0.5, 3.5]},
								"down": {"uv": [127, 187.5], "uv_size": [0.5, -3.5]}
							}
						}
					]
				},
				{
					"name": "LeftForeArm",
					"parent": "InArm",
					"pivot": [3.375, 24.4, 0.025],
					"cubes": [
						{
							"origin": [2.55, 23.57586, -0.85842],
							"size": [2.65, 2.1, 2.1],
							"pivot": [3.775, 24.82586, 0.09158],
							"rotation": [-45, 0, 0],
							"uv": {
								"north": {"uv": [131, 86], "uv_size": [2.5, 2]},
								"east": {"uv": [56, 79], "uv_size": [2, 2]},
								"south": {"uv": [131, 88], "uv_size": [2.5, 2]},
								"west": {"uv": [46, 80], "uv_size": [2, 2]},
								"up": {"uv": [89, 131], "uv_size": [2.5, 2]},
								"down": {"uv": [131, 92], "uv_size": [2.5, -2]}
							}
						},
						{
							"origin": [2.575, 18.65, -1.475],
							"size": [2.7, 6, 3],
							"uv": {
								"north": {"uv": [76, 61], "uv_size": [2.5, 6]},
								"east": {"uv": [0, 62], "uv_size": [3, 6]},
								"south": {"uv": [62, 76], "uv_size": [2.5, 6]},
								"west": {"uv": [62, 9], "uv_size": [3, 6]},
								"up": {"uv": [34, 111], "uv_size": [2.5, 3]},
								"down": {"uv": [45, 114], "uv_size": [2.5, -3]}
							}
						},
						{
							"origin": [5.125, 18.45, -2.675],
							"size": [0.425, 0.9, 4.2],
							"pivot": [3.5256, 20.97417, -0.1875],
							"rotation": [-180, 0, 180],
							"uv": {
								"north": {"uv": [219, 96], "uv_size": [0.5, 1]},
								"east": {"uv": [145, 52], "uv_size": [4, 1]},
								"south": {"uv": [97, 219], "uv_size": [0.5, 1]},
								"west": {"uv": [145, 53], "uv_size": [4, 1]},
								"up": {"uv": [144, 181], "uv_size": [0.5, 4]},
								"down": {"uv": [145, 185], "uv_size": [0.5, -4]}
							}
						},
						{
							"origin": [1.45, 19.7, -1.125],
							"size": [0.25, 0.15, 1.225],
							"pivot": [3.5256, 20.97417, -0.1875],
							"rotation": [-180, 0, 180],
							"uv": {
								"north": {"uv": [236, 174], "uv_size": [0.5, 0.5]},
								"east": {"uv": [219, 94], "uv_size": [1, 0.5]},
								"south": {"uv": [175, 236], "uv_size": [0.5, 0.5]},
								"west": {"uv": [95, 219], "uv_size": [1, 0.5]},
								"up": {"uv": [219, 95], "uv_size": [0.5, 1]},
								"down": {"uv": [96, 220], "uv_size": [0.5, -1]}
							}
						},
						{
							"origin": [1.45, 18.875, -2.675],
							"size": [0.25, 0.475, 4.2],
							"pivot": [3.5256, 20.97417, -0.1875],
							"rotation": [-180, 0, 180],
							"uv": {
								"north": {"uv": [236, 173], "uv_size": [0.5, 0.5]},
								"east": {"uv": [181, 139], "uv_size": [4, 0.5]},
								"south": {"uv": [174, 236], "uv_size": [0.5, 0.5]},
								"west": {"uv": [181, 140], "uv_size": [4, 0.5]},
								"up": {"uv": [141, 181], "uv_size": [0.5, 4]},
								"down": {"uv": [143, 185], "uv_size": [0.5, -4]}
							}
						},
						{
							"origin": [1.45, 20.02631, 1.70556],
							"size": [0.25, 0.15, 0.45],
							"pivot": [3.5256, 20.97417, -0.1875],
							"rotation": [108.25, 0, 180],
							"uv": {
								"north": {"uv": [236, 170], "uv_size": [0.5, 0.5]},
								"east": {"uv": [171, 236], "uv_size": [0.5, 0.5]},
								"south": {"uv": [236, 171], "uv_size": [0.5, 0.5]},
								"west": {"uv": [172, 236], "uv_size": [0.5, 0.5]},
								"up": {"uv": [236, 172], "uv_size": [0.5, 0.5]},
								"down": {"uv": [173, 236.5], "uv_size": [0.5, -0.5]}
							}
						},
						{
							"origin": [1.45, 20.88463, -2.13866],
							"size": [0.25, 0.775, 0.65],
							"pivot": [3.5256, 20.97417, -0.1875],
							"rotation": [-102, 0, 180],
							"uv": {
								"north": {"uv": [219, 92], "uv_size": [0.5, 1]},
								"east": {"uv": [93, 219], "uv_size": [0.5, 1]},
								"south": {"uv": [219, 93], "uv_size": [0.5, 1]},
								"west": {"uv": [94, 219], "uv_size": [0.5, 1]},
								"up": {"uv": [236, 169], "uv_size": [0.5, 0.5]},
								"down": {"uv": [170, 236.5], "uv_size": [0.5, -0.5]}
							}
						},
						{
							"origin": [1.45, 20.36866, 0.98805],
							"size": [0.25, 0.65, 0.65],
							"pivot": [3.5256, 20.97417, -0.1875],
							"rotation": [102, 0, -180],
							"uv": {
								"north": {"uv": [236, 166], "uv_size": [0.5, 0.5]},
								"east": {"uv": [167, 236], "uv_size": [0.5, 0.5]},
								"south": {"uv": [236, 167], "uv_size": [0.5, 0.5]},
								"west": {"uv": [168, 236], "uv_size": [0.5, 0.5]},
								"up": {"uv": [236, 168], "uv_size": [0.5, 0.5]},
								"down": {"uv": [169, 236.5], "uv_size": [0.5, -0.5]}
							}
						},
						{
							"origin": [1.45, 20.60008, -2.71976],
							"size": [0.25, 0.15, 0.45],
							"pivot": [3.5256, 20.97417, -0.1875],
							"rotation": [-108.25, 0, -180],
							"uv": {
								"north": {"uv": [236, 163], "uv_size": [0.5, 0.5]},
								"east": {"uv": [164, 236], "uv_size": [0.5, 0.5]},
								"south": {"uv": [236, 164], "uv_size": [0.5, 0.5]},
								"west": {"uv": [165, 236], "uv_size": [0.5, 0.5]},
								"up": {"uv": [236, 165], "uv_size": [0.5, 0.5]},
								"down": {"uv": [166, 236.5], "uv_size": [0.5, -0.5]}
							}
						},
						{
							"origin": [1.45, 18.45, -2.675],
							"size": [0.25, 0.425, 2.05],
							"pivot": [3.5256, 20.97417, -0.1875],
							"rotation": [-180, 0, 180],
							"uv": {
								"north": {"uv": [236, 162], "uv_size": [0.5, 0.5]},
								"east": {"uv": [64, 205], "uv_size": [2, 0.5]},
								"south": {"uv": [163, 236], "uv_size": [0.5, 0.5]},
								"west": {"uv": [66, 205], "uv_size": [2, 0.5]},
								"up": {"uv": [205, 66], "uv_size": [0.5, 2]},
								"down": {"uv": [68, 207], "uv_size": [0.5, -2]}
							}
						},
						{
							"origin": [1.45, 18.45, -0.35],
							"size": [0.25, 0.425, 1.875],
							"pivot": [3.5256, 20.97417, -0.1875],
							"rotation": [-180, 0, 180],
							"uv": {
								"north": {"uv": [236, 161], "uv_size": [0.5, 0.5]},
								"east": {"uv": [60, 205], "uv_size": [2, 0.5]},
								"south": {"uv": [162, 236], "uv_size": [0.5, 0.5]},
								"west": {"uv": [205, 61], "uv_size": [2, 0.5]},
								"up": {"uv": [62, 205], "uv_size": [0.5, 2]},
								"down": {"uv": [63, 207], "uv_size": [0.5, -2]}
							}
						},
						{
							"origin": [1.625, 19.325, -2.525],
							"size": [3.025, 0.275, 0.675],
							"pivot": [3.5256, 20.97417, -0.1875],
							"rotation": [-180, 0, 180],
							"uv": {
								"north": {"uv": [86, 192], "uv_size": [3, 0.5]},
								"east": {"uv": [236, 160], "uv_size": [0.5, 0.5]},
								"south": {"uv": [89, 192], "uv_size": [3, 0.5]},
								"west": {"uv": [161, 236], "uv_size": [0.5, 0.5]},
								"up": {"uv": [192, 89], "uv_size": [3, 0.5]},
								"down": {"uv": [192, 90.5], "uv_size": [3, -0.5]}
							}
						},
						{
							"origin": [4.625, 19.325, -2.525],
							"size": [0.75, 0.275, 3.875],
							"pivot": [3.5256, 20.97417, -0.1875],
							"rotation": [-180, 0, 180],
							"uv": {
								"north": {"uv": [219, 91], "uv_size": [1, 0.5]},
								"east": {"uv": [137, 181], "uv_size": [4, 0.5]},
								"south": {"uv": [92, 219], "uv_size": [1, 0.5]},
								"west": {"uv": [181, 137], "uv_size": [4, 0.5]},
								"up": {"uv": [53, 145], "uv_size": [1, 4]},
								"down": {"uv": [54, 149], "uv_size": [1, -4]}
							}
						},
						{
							"origin": [1.575, 19.325, -2.525],
							"size": [0.075, 0.275, 3.875],
							"pivot": [3.5256, 20.97417, -0.1875],
							"rotation": [-180, 0, 180],
							"uv": {
								"north": {"uv": [236, 159], "uv_size": [0.5, 0.5]},
								"east": {"uv": [128, 181], "uv_size": [4, 0.5]},
								"south": {"uv": [160, 236], "uv_size": [0.5, 0.5]},
								"west": {"uv": [132, 181], "uv_size": [4, 0.5]},
								"up": {"uv": [126, 181], "uv_size": [0.5, 4]},
								"down": {"uv": [136, 185], "uv_size": [0.5, -4]}
							}
						},
						{
							"origin": [1.575, 20.42064, 0.84351],
							"size": [0.075, 0.65, 0.55],
							"pivot": [3.5256, 20.97417, -0.1875],
							"rotation": [102, 0, -180],
							"uv": {
								"north": {"uv": [12, 239], "uv_size": [0.5, 0.5]},
								"east": {"uv": [239, 12], "uv_size": [0.5, 0.5]},
								"south": {"uv": [13, 239], "uv_size": [0.5, 0.5]},
								"west": {"uv": [239, 13], "uv_size": [0.5, 0.5]},
								"up": {"uv": [14, 239], "uv_size": [0.5, 0.5]},
								"down": {"uv": [239, 14.5], "uv_size": [0.5, -0.5]}
							}
						},
						{
							"origin": [1.575, 19.825, -1.15],
							"size": [0.075, 0.175, 1.275],
							"pivot": [3.5256, 20.97417, -0.1875],
							"rotation": [-180, 0, 180],
							"uv": {
								"north": {"uv": [236, 158], "uv_size": [0.5, 0.5]},
								"east": {"uv": [210, 66], "uv_size": [1.5, 0.5]},
								"south": {"uv": [159, 236], "uv_size": [0.5, 0.5]},
								"west": {"uv": [210, 74], "uv_size": [1.5, 0.5]},
								"up": {"uv": [72, 210], "uv_size": [0.5, 1.5]},
								"down": {"uv": [74, 211.5], "uv_size": [0.5, -1.5]}
							}
						},
						{
							"origin": [1.575, 20.9366, -1.89413],
							"size": [0.075, 0.775, 0.55],
							"pivot": [3.5256, 20.97417, -0.1875],
							"rotation": [-102, 0, 180],
							"uv": {
								"north": {"uv": [219, 89], "uv_size": [0.5, 1]},
								"east": {"uv": [90, 219], "uv_size": [0.5, 1]},
								"south": {"uv": [219, 90], "uv_size": [0.5, 1]},
								"west": {"uv": [91, 219], "uv_size": [0.5, 1]},
								"up": {"uv": [236, 157], "uv_size": [0.5, 0.5]},
								"down": {"uv": [158, 236.5], "uv_size": [0.5, -0.5]}
							}
						},
						{
							"origin": [1.625, 19.325, 1.1],
							"size": [3.025, 0.275, 0.25],
							"pivot": [3.5256, 20.97417, -0.1875],
							"rotation": [-180, 0, 180],
							"uv": {
								"north": {"uv": [71, 192], "uv_size": [3, 0.5]},
								"east": {"uv": [236, 156], "uv_size": [0.5, 0.5]},
								"south": {"uv": [74, 192], "uv_size": [3, 0.5]},
								"west": {"uv": [157, 236], "uv_size": [0.5, 0.5]},
								"up": {"uv": [80, 192], "uv_size": [3, 0.5]},
								"down": {"uv": [83, 192.5], "uv_size": [3, -0.5]}
							}
						},
						{
							"origin": [1.625, 18.45, -2.675],
							"size": [3.55, 0.9, 0.325],
							"pivot": [3.5256, 20.97417, -0.1875],
							"rotation": [-180, 0, 180],
							"uv": {
								"north": {"uv": [152, 0], "uv_size": [3.5, 1]},
								"east": {"uv": [219, 88], "uv_size": [0.5, 1]},
								"south": {"uv": [152, 1], "uv_size": [3.5, 1]},
								"west": {"uv": [89, 219], "uv_size": [0.5, 1]},
								"up": {"uv": [184, 134], "uv_size": [3.5, 0.5]},
								"down": {"uv": [184, 135.5], "uv_size": [3.5, -0.5]}
							}
						},
						{
							"origin": [1.86606, 18.45, 1.65053],
							"size": [3.55, 0.9, 0.325],
							"pivot": [3.64106, 18.9, 1.81303],
							"rotation": [140.25, 0, 180],
							"uv": {
								"north": {"uv": [8, 152], "uv_size": [3.5, 1]},
								"east": {"uv": [219, 115], "uv_size": [0.5, 1]},
								"south": {"uv": [152, 9], "uv_size": [3.5, 1]},
								"west": {"uv": [116, 219], "uv_size": [0.5, 1]},
								"up": {"uv": [184, 136], "uv_size": [3.5, 0.5]},
								"down": {"uv": [184, 138.5], "uv_size": [3.5, -0.5]}
							}
						},
						{
							"origin": [1.625, 18.45, 1.05],
							"size": [3.55, 0.9, 0.475],
							"pivot": [3.5256, 20.97417, -0.1875],
							"rotation": [-180, 0, 180],
							"uv": {
								"north": {"uv": [151, 141], "uv_size": [3.5, 1]},
								"east": {"uv": [219, 87], "uv_size": [0.5, 1]},
								"south": {"uv": [149, 151], "uv_size": [3.5, 1]},
								"west": {"uv": [88, 219], "uv_size": [0.5, 1]},
								"up": {"uv": [184, 123], "uv_size": [3.5, 0.5]},
								"down": {"uv": [184, 131.5], "uv_size": [3.5, -0.5]}
							}
						},
						{
							"origin": [1.625, 23.325, -2.025],
							"size": [3.025, 1.175, 3.3],
							"pivot": [3.5256, 20.97417, -0.1875],
							"rotation": [-180, 0, 180],
							"uv": {
								"north": {"uv": [128, 161], "uv_size": [3, 1]},
								"east": {"uv": [151, 126], "uv_size": [3.5, 1]},
								"south": {"uv": [131, 161], "uv_size": [3, 1]},
								"west": {"uv": [151, 140], "uv_size": [3.5, 1]},
								"up": {"uv": [28, 105], "uv_size": [3, 3.5]},
								"down": {"uv": [105, 33.5], "uv_size": [3, -3.5]}
							}
						},
						{
							"origin": [5.425, 20.075, -0.025],
							"size": [0.075, 0.3, 0.4],
							"uv": {
								"north": {"uv": [18, 237], "uv_size": [0.5, 0.5]},
								"east": {"uv": [237, 18], "uv_size": [0.5, 0.5]},
								"south": {"uv": [19, 237], "uv_size": [0.5, 0.5]},
								"west": {"uv": [237, 19], "uv_size": [0.5, 0.5]},
								"up": {"uv": [20, 237], "uv_size": [0.5, 0.5]},
								"down": {"uv": [237, 20.5], "uv_size": [0.5, -0.5]}
							}
						},
						{
							"origin": [5.425, 24.35, -0.425],
							"size": [0.025, 0.125, 1.075],
							"uv": {
								"north": {"uv": [17, 237], "uv_size": [0.5, 0.5]},
								"east": {"uv": [219, 132], "uv_size": [1, 0.5]},
								"south": {"uv": [237, 17], "uv_size": [0.5, 0.5]},
								"west": {"uv": [133, 219], "uv_size": [1, 0.5]},
								"up": {"uv": [219, 133], "uv_size": [0.5, 1]},
								"down": {"uv": [134, 220], "uv_size": [0.5, -1]}
							}
						},
						{
							"origin": [5.425, 24.025, -0.275],
							"size": [0.025, 0.25, 0.15],
							"pivot": [5.4375, 23.95, -0.2],
							"rotation": [-40, 0, 0],
							"uv": {
								"north": {"uv": [14, 237], "uv_size": [0.5, 0.5]},
								"east": {"uv": [237, 14], "uv_size": [0.5, 0.5]},
								"south": {"uv": [15, 237], "uv_size": [0.5, 0.5]},
								"west": {"uv": [237, 15], "uv_size": [0.5, 0.5]},
								"up": {"uv": [16, 237], "uv_size": [0.5, 0.5]},
								"down": {"uv": [237, 16.5], "uv_size": [0.5, -0.5]}
							}
						},
						{
							"origin": [5.425, 24.025, 0.275],
							"size": [0.025, 0.25, 0.15],
							"pivot": [5.4375, 23.95, 0.35],
							"rotation": [40, 0, 0],
							"uv": {
								"north": {"uv": [11, 237], "uv_size": [0.5, 0.5]},
								"east": {"uv": [237, 11], "uv_size": [0.5, 0.5]},
								"south": {"uv": [12, 237], "uv_size": [0.5, 0.5]},
								"west": {"uv": [237, 12], "uv_size": [0.5, 0.5]},
								"up": {"uv": [13, 237], "uv_size": [0.5, 0.5]},
								"down": {"uv": [237, 13.5], "uv_size": [0.5, -0.5]}
							}
						},
						{
							"origin": [5.425, 23.625, 0.425],
							"size": [0.025, 0.875, 0.15],
							"pivot": [5.4375, 24.175, 0.5],
							"rotation": [-40, 0, 0],
							"uv": {
								"north": {"uv": [219, 130], "uv_size": [0.5, 1]},
								"east": {"uv": [131, 219], "uv_size": [0.5, 1]},
								"south": {"uv": [219, 131], "uv_size": [0.5, 1]},
								"west": {"uv": [132, 219], "uv_size": [0.5, 1]},
								"up": {"uv": [10, 237], "uv_size": [0.5, 0.5]},
								"down": {"uv": [237, 10.5], "uv_size": [0.5, -0.5]}
							}
						},
						{
							"origin": [5.425, 23.625, -0.425],
							"size": [0.025, 0.875, 0.15],
							"pivot": [5.4375, 24.175, -0.35],
							"rotation": [40, 0, 0],
							"uv": {
								"north": {"uv": [219, 128], "uv_size": [0.5, 1]},
								"east": {"uv": [129, 219], "uv_size": [0.5, 1]},
								"south": {"uv": [219, 129], "uv_size": [0.5, 1]},
								"west": {"uv": [130, 219], "uv_size": [0.5, 1]},
								"up": {"uv": [9, 237], "uv_size": [0.5, 0.5]},
								"down": {"uv": [237, 9.5], "uv_size": [0.5, -0.5]}
							}
						},
						{
							"origin": [2.40466, 20.70826, -0.14102],
							"size": [3.025, 2.3, 0.45],
							"pivot": [3.91716, 21.46998, -0.79656],
							"rotation": [-170.25, 0, 0],
							"uv": {
								"north": {"uv": [89, 115], "uv_size": [3, 2.5]},
								"east": {"uv": [140, 196], "uv_size": [0.5, 2.5]},
								"south": {"uv": [97, 115], "uv_size": [3, 2.5]},
								"west": {"uv": [141, 196], "uv_size": [0.5, 2.5]},
								"up": {"uv": [65, 192], "uv_size": [3, 0.5]},
								"down": {"uv": [68, 192.5], "uv_size": [3, -0.5]}
							}
						},
						{
							"origin": [2.40466, 18.93381, 0.05257],
							"size": [3.025, 2.2, 0.45],
							"pivot": [3.91716, 21.46998, -0.79656],
							"rotation": [169.75, 0, 0],
							"uv": {
								"north": {"uv": [128, 111], "uv_size": [3, 2]},
								"east": {"uv": [205, 58], "uv_size": [0.5, 2]},
								"south": {"uv": [113, 128], "uv_size": [3, 2]},
								"west": {"uv": [59, 205], "uv_size": [0.5, 2]},
								"up": {"uv": [59, 192], "uv_size": [3, 0.5]},
								"down": {"uv": [62, 192.5], "uv_size": [3, -0.5]}
							}
						},
						{
							"origin": [1.38816, 21.81338, -2.025],
							"size": [0.175, 1.675, 3.3],
							"pivot": [3.5256, 20.97417, -0.1875],
							"rotation": [179.97387, 0, 173.99994],
							"uv": {
								"north": {"uv": [71, 210], "uv_size": [0.5, 1.5]},
								"east": {"uv": [131, 40], "uv_size": [3.5, 1.5]},
								"south": {"uv": [210, 71], "uv_size": [0.5, 1.5]},
								"west": {"uv": [43, 131], "uv_size": [3.5, 1.5]},
								"up": {"uv": [169, 184], "uv_size": [0.5, 3.5]},
								"down": {"uv": [184, 172.5], "uv_size": [0.5, -3.5]}
							}
						},
						{
							"origin": [1.61214, 20.98611, -2.025],
							"size": [0.25, 1.275, 3.3],
							"pivot": [3.5256, 20.97417, -0.1875],
							"rotation": [-179.97387, 0, -173.99994],
							"uv": {
								"north": {"uv": [69, 210], "uv_size": [0.5, 1.5]},
								"east": {"uv": [131, 36], "uv_size": [3.5, 1.5]},
								"south": {"uv": [70, 210], "uv_size": [0.5, 1.5]},
								"west": {"uv": [131, 38], "uv_size": [3.5, 1.5]},
								"up": {"uv": [164, 184], "uv_size": [0.5, 3.5]},
								"down": {"uv": [184, 168.5], "uv_size": [0.5, -3.5]}
							}
						},
						{
							"origin": [2.40466, 18.95016, -1.69637],
							"size": [3.025, 2, 3.3],
							"pivot": [3.91716, 21.46998, -0.64656],
							"rotation": [10, 0, 0],
							"uv": {
								"north": {"uv": [128, 109], "uv_size": [3, 2]},
								"east": {"uv": [88, 118], "uv_size": [3.5, 2]},
								"south": {"uv": [110, 128], "uv_size": [3, 2]},
								"west": {"uv": [92, 118], "uv_size": [3.5, 2]},
								"up": {"uv": [25, 105], "uv_size": [3, 3.5]},
								"down": {"uv": [105, 29.5], "uv_size": [3, -3.5]}
							}
						},
						{
							"origin": [2.40466, 21.86028, -1.24054],
							"size": [3.025, 1.675, 3.3],
							"pivot": [3.91716, 21.46998, -0.64656],
							"rotation": [10, 0, 0],
							"uv": {
								"north": {"uv": [140, 32], "uv_size": [3, 1.5]},
								"east": {"uv": [131, 34], "uv_size": [3.5, 1.5]},
								"south": {"uv": [36, 140], "uv_size": [3, 1.5]},
								"west": {"uv": [35, 131], "uv_size": [3.5, 1.5]},
								"up": {"uv": [104, 103], "uv_size": [3, 3.5]},
								"down": {"uv": [18, 108.5], "uv_size": [3, -3.5]}
							}
						},
						{
							"origin": [2.40466, 21.08874, -1.53748],
							"size": [3.025, 1.675, 3.3],
							"pivot": [3.91716, 21.46998, -0.64656],
							"rotation": [-10, 0, 0],
							"uv": {
								"north": {"uv": [28, 140], "uv_size": [3, 1.5]},
								"east": {"uv": [131, 30], "uv_size": [3.5, 1.5]},
								"south": {"uv": [140, 30], "uv_size": [3, 1.5]},
								"west": {"uv": [131, 32], "uv_size": [3.5, 1.5]},
								"up": {"uv": [104, 58], "uv_size": [3, 3.5]},
								"down": {"uv": [104, 86.5], "uv_size": [3, -3.5]}
							}
						},
						{
							"origin": [4.35424, 18.67161, -2.025],
							"size": [0.65, 2.875, 3.3],
							"pivot": [3.5256, 20.97417, -0.1875],
							"rotation": [-179.95659, 0, -169.99991],
							"uv": {
								"north": {"uv": [57, 192], "uv_size": [0.5, 3]},
								"east": {"uv": [104, 20], "uv_size": [3.5, 3]},
								"south": {"uv": [58, 192], "uv_size": [0.5, 3]},
								"west": {"uv": [104, 23], "uv_size": [3.5, 3]},
								"up": {"uv": [184, 158], "uv_size": [0.5, 3.5]},
								"down": {"uv": [161, 187.5], "uv_size": [0.5, -3.5]}
							}
						},
						{
							"origin": [4.6921, 21.6086, -2.025],
							"size": [0.5, 2.875, 3.3],
							"pivot": [3.5256, 20.97417, -0.1875],
							"rotation": [-179.95659, 0, -169.99991],
							"uv": {
								"north": {"uv": [55, 192], "uv_size": [0.5, 3]},
								"east": {"uv": [14, 104], "uv_size": [3.5, 3]},
								"south": {"uv": [56, 192], "uv_size": [0.5, 3]},
								"west": {"uv": [104, 17], "uv_size": [3.5, 3]},
								"up": {"uv": [184, 145], "uv_size": [0.5, 3.5]},
								"down": {"uv": [184, 157.5], "uv_size": [0.5, -3.5]}
							}
						},
						{
							"origin": [2.22987, 19.07386, -1.65456],
							"size": [0.5, 2.875, 3.3],
							"pivot": [2.47987, 20.51136, -0.00456],
							"rotation": [179.95659, 0, 169.99991],
							"uv": {
								"north": {"uv": [53, 192], "uv_size": [0.5, 3]},
								"east": {"uv": [104, 4], "uv_size": [3.5, 3]},
								"south": {"uv": [54, 192], "uv_size": [0.5, 3]},
								"west": {"uv": [10, 104], "uv_size": [3.5, 3]},
								"up": {"uv": [135, 184], "uv_size": [0.5, 3.5]},
								"down": {"uv": [142, 187.5], "uv_size": [0.5, -3.5]}
							}
						},
						{
							"origin": [1.625, 19.325, -2.025],
							"size": [3.025, 1.95, 3.3],
							"pivot": [3.5256, 20.97417, -0.1875],
							"rotation": [-180, 0, 180],
							"uv": {
								"north": {"uv": [128, 77], "uv_size": [3, 2]},
								"east": {"uv": [55, 118], "uv_size": [3.5, 2]},
								"south": {"uv": [128, 96], "uv_size": [3, 2]},
								"west": {"uv": [118, 84], "uv_size": [3.5, 2]},
								"up": {"uv": [104, 0], "uv_size": [3, 3.5]},
								"down": {"uv": [7, 107.5], "uv_size": [3, -3.5]}
							}
						}
					]
				},
				{
					"name": "LeftHand",
					"parent": "LeftForeArm",
					"pivot": [3.875, 18.925, 0.025],
					"cubes": [
						{
							"origin": [2.575, 18.15, -1.275],
							"size": [2.6, 2.1, 2],
							"pivot": [-0.5, 18.65, -0.575],
							"rotation": [-45, 0, 0],
							"uv": {
								"north": {"uv": [92, 131], "uv_size": [2.5, 2]},
								"east": {"uv": [81, 11], "uv_size": [2, 2]},
								"south": {"uv": [131, 92], "uv_size": [2.5, 2]},
								"west": {"uv": [50, 82], "uv_size": [2, 2]},
								"up": {"uv": [131, 96], "uv_size": [2.5, 2]},
								"down": {"uv": [101, 133], "uv_size": [2.5, -2]}
							}
						},
						{
							"origin": [2.575, 16.65, -1.475],
							"size": [2.7, 2, 3],
							"uv": {
								"north": {"uv": [131, 103], "uv_size": [2.5, 2]},
								"east": {"uv": [125, 30], "uv_size": [3, 2]},
								"south": {"uv": [131, 105], "uv_size": [2.5, 2]},
								"west": {"uv": [32, 125], "uv_size": [3, 2]},
								"up": {"uv": [73, 111], "uv_size": [2.5, 3]},
								"down": {"uv": [68, 115], "uv_size": [2.5, -3]}
							}
						}
					]
				},
				{
					"name": "RightArm",
					"pivot": [-3.9, 29.6, 0],
					"cubes": [
						{
							"origin": [-5.325, 24.55, -1.5],
							"size": [2.775, 6.2, 3.05],
							"uv": {
								"north": {"uv": [23, 62], "uv_size": [3, 6]},
								"east": {"uv": [26, 62], "uv_size": [3, 6]},
								"south": {"uv": [62, 40], "uv_size": [3, 6]},
								"west": {"uv": [44, 62], "uv_size": [3, 6]},
								"up": {"uv": [13, 107], "uv_size": [3, 3]},
								"down": {"uv": [51, 110], "uv_size": [3, -3]}
							}
						},
						{
							"origin": [-5.3, 26.55, -1.575],
							"size": [2.825, 1.85, 3.175],
							"uv": {
								"north": {"uv": [128, 30], "uv_size": [3, 2]},
								"east": {"uv": [128, 32], "uv_size": [3, 2]},
								"south": {"uv": [128, 34], "uv_size": [3, 2]},
								"west": {"uv": [128, 36], "uv_size": [3, 2]},
								"up": {"uv": [108, 21], "uv_size": [3, 3]},
								"down": {"uv": [108, 27], "uv_size": [3, -3]}
							}
						},
						{
							"origin": [-5.35, 25.675, -1.575],
							"size": [2.875, 0.95, 3.175],
							"uv": {
								"north": {"uv": [161, 104], "uv_size": [3, 1]},
								"east": {"uv": [161, 105], "uv_size": [3, 1]},
								"south": {"uv": [161, 106], "uv_size": [3, 1]},
								"west": {"uv": [107, 161], "uv_size": [3, 1]},
								"up": {"uv": [108, 27], "uv_size": [3, 3]},
								"down": {"uv": [108, 33], "uv_size": [3, -3]}
							}
						},
						{
							"origin": [-5.35, 26.55, 0.875],
							"size": [0.075, 1.85, 0.725],
							"uv": {
								"north": {"uv": [205, 34], "uv_size": [0.5, 2]},
								"east": {"uv": [35, 205], "uv_size": [0.5, 2]},
								"south": {"uv": [36, 205], "uv_size": [0.5, 2]},
								"west": {"uv": [37, 205], "uv_size": [0.5, 2]},
								"up": {"uv": [236, 118], "uv_size": [0.5, 0.5]},
								"down": {"uv": [119, 236.5], "uv_size": [0.5, -0.5]}
							}
						},
						{
							"origin": [-5.35, 26.55, -1.575],
							"size": [0.075, 1.85, 0.725],
							"uv": {
								"north": {"uv": [38, 205], "uv_size": [0.5, 2]},
								"east": {"uv": [39, 205], "uv_size": [0.5, 2]},
								"south": {"uv": [40, 205], "uv_size": [0.5, 2]},
								"west": {"uv": [205, 41], "uv_size": [0.5, 2]},
								"up": {"uv": [236, 119], "uv_size": [0.5, 0.5]},
								"down": {"uv": [120, 236.5], "uv_size": [0.5, -0.5]}
							}
						},
						{
							"origin": [-5.35, 26.35, -1.3],
							"size": [0.075, 0.8, 0.8],
							"pivot": [-5.3125, 27.475, -0.4875],
							"rotation": [20, 0, 0],
							"uv": {
								"north": {"uv": [219, 54], "uv_size": [0.5, 1]},
								"east": {"uv": [205, 28], "uv_size": [1, 1]},
								"south": {"uv": [55, 219], "uv_size": [0.5, 1]},
								"west": {"uv": [205, 38], "uv_size": [1, 1]},
								"up": {"uv": [219, 55], "uv_size": [0.5, 1]},
								"down": {"uv": [56, 220], "uv_size": [0.5, -1]}
							}
						},
						{
							"origin": [-5.525, 27.975, -0.225],
							"size": [0.075, 0.4, 0.525],
							"uv": {
								"north": {"uv": [236, 145], "uv_size": [0.5, 0.5]},
								"east": {"uv": [146, 236], "uv_size": [0.5, 0.5]},
								"south": {"uv": [236, 146], "uv_size": [0.5, 0.5]},
								"west": {"uv": [147, 236], "uv_size": [0.5, 0.5]},
								"up": {"uv": [236, 147], "uv_size": [0.5, 0.5]},
								"down": {"uv": [148, 236.5], "uv_size": [0.5, -0.5]}
							}
						},
						{
							"origin": [-5.35, 27.175, 0.45],
							"size": [0.075, 1.225, 0.65],
							"uv": {
								"north": {"uv": [219, 56], "uv_size": [0.5, 1]},
								"east": {"uv": [57, 219], "uv_size": [0.5, 1]},
								"south": {"uv": [219, 57], "uv_size": [0.5, 1]},
								"west": {"uv": [58, 219], "uv_size": [0.5, 1]},
								"up": {"uv": [236, 120], "uv_size": [0.5, 0.5]},
								"down": {"uv": [121, 236.5], "uv_size": [0.5, -0.5]}
							}
						},
						{
							"origin": [-5.35, 26.825, 0.475],
							"size": [0.075, 1.075, 0.625],
							"pivot": [-5.3125, 27.475, -0.4875],
							"rotation": [-20, 0, 0],
							"uv": {
								"north": {"uv": [219, 58], "uv_size": [0.5, 1]},
								"east": {"uv": [59, 219], "uv_size": [0.5, 1]},
								"south": {"uv": [219, 59], "uv_size": [0.5, 1]},
								"west": {"uv": [60, 219], "uv_size": [0.5, 1]},
								"up": {"uv": [236, 121], "uv_size": [0.5, 0.5]},
								"down": {"uv": [122, 236.5], "uv_size": [0.5, -0.5]}
							}
						},
						{
							"origin": [-5.35, 26.825, -1.125],
							"size": [0.075, 1.95, 0.75],
							"uv": {
								"north": {"uv": [42, 205], "uv_size": [0.5, 2]},
								"east": {"uv": [43, 205], "uv_size": [0.5, 2]},
								"south": {"uv": [205, 43], "uv_size": [0.5, 2]},
								"west": {"uv": [44, 205], "uv_size": [0.5, 2]},
								"up": {"uv": [236, 122], "uv_size": [0.5, 0.5]},
								"down": {"uv": [123, 236.5], "uv_size": [0.5, -0.5]}
							}
						},
						{
							"origin": [-5.45, 24.475, -1.625],
							"size": [3.025, 1.225, 3.3],
							"uv": {
								"north": {"uv": [161, 102], "uv_size": [3, 1]},
								"east": {"uv": [151, 60], "uv_size": [3.5, 1]},
								"south": {"uv": [161, 103], "uv_size": [3, 1]},
								"west": {"uv": [151, 61], "uv_size": [3.5, 1]},
								"up": {"uv": [55, 102], "uv_size": [3, 3.5]},
								"down": {"uv": [58, 105.5], "uv_size": [3, -3.5]}
							}
						},
						{
							"origin": [-5.45, 24.95, -1.65],
							"size": [1.2, 0.25, 0.075],
							"uv": {
								"north": {"uv": [219, 105], "uv_size": [1, 0.5]},
								"east": {"uv": [236, 188], "uv_size": [0.5, 0.5]},
								"south": {"uv": [106, 219], "uv_size": [1, 0.5]},
								"west": {"uv": [189, 236], "uv_size": [0.5, 0.5]},
								"up": {"uv": [219, 106], "uv_size": [1, 0.5]},
								"down": {"uv": [107, 219.5], "uv_size": [1, -0.5]}
							}
						},
						{
							"origin": [-4.025, 24.95, -1.65],
							"size": [1.5, 0.25, 0.075],
							"uv": {
								"north": {"uv": [210, 75], "uv_size": [1.5, 0.5]},
								"east": {"uv": [236, 189], "uv_size": [0.5, 0.5]},
								"south": {"uv": [76, 210], "uv_size": [1.5, 0.5]},
								"west": {"uv": [190, 236], "uv_size": [0.5, 0.5]},
								"up": {"uv": [210, 76], "uv_size": [1.5, 0.5]},
								"down": {"uv": [210, 77.5], "uv_size": [1.5, -0.5]}
							}
						},
						{
							"origin": [-5.45, 24.95, 1.625],
							"size": [1.2, 0.25, 0.075],
							"uv": {
								"north": {"uv": [219, 107], "uv_size": [1, 0.5]},
								"east": {"uv": [236, 191], "uv_size": [0.5, 0.5]},
								"south": {"uv": [108, 219], "uv_size": [1, 0.5]},
								"west": {"uv": [192, 236], "uv_size": [0.5, 0.5]},
								"up": {"uv": [219, 108], "uv_size": [1, 0.5]},
								"down": {"uv": [109, 219.5], "uv_size": [1, -0.5]}
							}
						},
						{
							"origin": [-4.025, 24.95, 1.625],
							"size": [1.5, 0.25, 0.075],
							"uv": {
								"north": {"uv": [78, 210], "uv_size": [1.5, 0.5]},
								"east": {"uv": [236, 190], "uv_size": [0.5, 0.5]},
								"south": {"uv": [80, 210], "uv_size": [1.5, 0.5]},
								"west": {"uv": [191, 236], "uv_size": [0.5, 0.5]},
								"up": {"uv": [210, 81], "uv_size": [1.5, 0.5]},
								"down": {"uv": [82, 210.5], "uv_size": [1.5, -0.5]}
							}
						},
						{
							"origin": [-5.475, 24.95, 0.475],
							"size": [0.025, 0.25, 0.975],
							"uv": {
								"north": {"uv": [236, 175], "uv_size": [0.5, 0.5]},
								"east": {"uv": [219, 97], "uv_size": [1, 0.5]},
								"south": {"uv": [176, 236], "uv_size": [0.5, 0.5]},
								"west": {"uv": [98, 219], "uv_size": [1, 0.5]},
								"up": {"uv": [219, 98], "uv_size": [0.5, 1]},
								"down": {"uv": [99, 220], "uv_size": [0.5, -1]}
							}
						},
						{
							"origin": [-5.475, 24.95, -1.5],
							"size": [0.025, 0.25, 1.2],
							"uv": {
								"north": {"uv": [236, 176], "uv_size": [0.5, 0.5]},
								"east": {"uv": [219, 99], "uv_size": [1, 0.5]},
								"south": {"uv": [177, 236], "uv_size": [0.5, 0.5]},
								"west": {"uv": [100, 219], "uv_size": [1, 0.5]},
								"up": {"uv": [219, 100], "uv_size": [0.5, 1]},
								"down": {"uv": [101, 220], "uv_size": [0.5, -1]}
							}
						},
						{
							"origin": [-2.425, 24.95, 0.5],
							"size": [0.025, 0.25, 1.175],
							"uv": {
								"north": {"uv": [236, 187], "uv_size": [0.5, 0.5]},
								"east": {"uv": [219, 103], "uv_size": [1, 0.5]},
								"south": {"uv": [188, 236], "uv_size": [0.5, 0.5]},
								"west": {"uv": [104, 219], "uv_size": [1, 0.5]},
								"up": {"uv": [219, 104], "uv_size": [0.5, 1]},
								"down": {"uv": [105, 220], "uv_size": [0.5, -1]}
							}
						},
						{
							"origin": [-2.425, 24.95, -1.5],
							"size": [0.025, 0.25, 1.175],
							"uv": {
								"north": {"uv": [236, 186], "uv_size": [0.5, 0.5]},
								"east": {"uv": [219, 101], "uv_size": [1, 0.5]},
								"south": {"uv": [187, 236], "uv_size": [0.5, 0.5]},
								"west": {"uv": [102, 219], "uv_size": [1, 0.5]},
								"up": {"uv": [219, 102], "uv_size": [0.5, 1]},
								"down": {"uv": [103, 220], "uv_size": [0.5, -1]}
							}
						},
						{
							"origin": [-2.425, 24.6, -0.55],
							"size": [0.025, 0.35, 0.225],
							"uv": {
								"north": {"uv": [236, 192], "uv_size": [0.5, 0.5]},
								"east": {"uv": [193, 236], "uv_size": [0.5, 0.5]},
								"south": {"uv": [236, 193], "uv_size": [0.5, 0.5]},
								"west": {"uv": [194, 236], "uv_size": [0.5, 0.5]},
								"up": {"uv": [236, 194], "uv_size": [0.5, 0.5]},
								"down": {"uv": [195, 236.5], "uv_size": [0.5, -0.5]}
							}
						},
						{
							"origin": [-2.425, 24.6, 0.8],
							"size": [0.025, 0.225, 0.225],
							"uv": {
								"north": {"uv": [236, 198], "uv_size": [0.5, 0.5]},
								"east": {"uv": [199, 236], "uv_size": [0.5, 0.5]},
								"south": {"uv": [236, 199], "uv_size": [0.5, 0.5]},
								"west": {"uv": [200, 236], "uv_size": [0.5, 0.5]},
								"up": {"uv": [236, 200], "uv_size": [0.5, 0.5]},
								"down": {"uv": [201, 236.5], "uv_size": [0.5, -0.5]}
							}
						},
						{
							"origin": [-2.425, 24.6, -0.875],
							"size": [0.025, 0.225, 0.225],
							"uv": {
								"north": {"uv": [236, 201], "uv_size": [0.5, 0.5]},
								"east": {"uv": [202, 236], "uv_size": [0.5, 0.5]},
								"south": {"uv": [236, 202], "uv_size": [0.5, 0.5]},
								"west": {"uv": [203, 236], "uv_size": [0.5, 0.5]},
								"up": {"uv": [236, 203], "uv_size": [0.5, 0.5]},
								"down": {"uv": [204, 236.5], "uv_size": [0.5, -0.5]}
							}
						},
						{
							"origin": [-2.425, 24.6, 0.5],
							"size": [0.025, 0.35, 0.225],
							"uv": {
								"north": {"uv": [236, 195], "uv_size": [0.5, 0.5]},
								"east": {"uv": [196, 236], "uv_size": [0.5, 0.5]},
								"south": {"uv": [236, 196], "uv_size": [0.5, 0.5]},
								"west": {"uv": [197, 236], "uv_size": [0.5, 0.5]},
								"up": {"uv": [236, 197], "uv_size": [0.5, 0.5]},
								"down": {"uv": [198, 236.5], "uv_size": [0.5, -0.5]}
							}
						},
						{
							"origin": [-5.475, 24.95, 0.225],
							"size": [0.025, 0.25, 0.1],
							"uv": {
								"north": {"uv": [236, 177], "uv_size": [0.5, 0.5]},
								"east": {"uv": [178, 236], "uv_size": [0.5, 0.5]},
								"south": {"uv": [236, 178], "uv_size": [0.5, 0.5]},
								"west": {"uv": [179, 236], "uv_size": [0.5, 0.5]},
								"up": {"uv": [236, 179], "uv_size": [0.5, 0.5]},
								"down": {"uv": [180, 236.5], "uv_size": [0.5, -0.5]}
							}
						},
						{
							"origin": [-5.475, 24.95, 0.05],
							"size": [0.025, 0.25, 0.1],
							"uv": {
								"north": {"uv": [236, 180], "uv_size": [0.5, 0.5]},
								"east": {"uv": [181, 236], "uv_size": [0.5, 0.5]},
								"south": {"uv": [236, 181], "uv_size": [0.5, 0.5]},
								"west": {"uv": [182, 236], "uv_size": [0.5, 0.5]},
								"up": {"uv": [236, 182], "uv_size": [0.5, 0.5]},
								"down": {"uv": [183, 236.5], "uv_size": [0.5, -0.5]}
							}
						},
						{
							"origin": [-5.475, 24.95, -0.1],
							"size": [0.025, 0.25, 0.1],
							"uv": {
								"north": {"uv": [236, 183], "uv_size": [0.5, 0.5]},
								"east": {"uv": [184, 236], "uv_size": [0.5, 0.5]},
								"south": {"uv": [236, 184], "uv_size": [0.5, 0.5]},
								"west": {"uv": [185, 236], "uv_size": [0.5, 0.5]},
								"up": {"uv": [236, 185], "uv_size": [0.5, 0.5]},
								"down": {"uv": [186, 236.5], "uv_size": [0.5, -0.5]}
							}
						},
						{
							"origin": [-5.525, 25.325, -1.725],
							"size": [3.15, 0.475, 3.475],
							"uv": {
								"north": {"uv": [192, 6], "uv_size": [3, 0.5]},
								"east": {"uv": [184, 93], "uv_size": [3.5, 0.5]},
								"south": {"uv": [7, 192], "uv_size": [3, 0.5]},
								"west": {"uv": [184, 96], "uv_size": [3.5, 0.5]},
								"up": {"uv": [61, 102], "uv_size": [3, 3.5]},
								"down": {"uv": [102, 66.5], "uv_size": [3, -3.5]}
							}
						},
						{
							"origin": [-5.45, 25.425, -1.675],
							"size": [3.025, 0.975, 0.125],
							"pivot": [-3.9375, 25.9125, -1.625],
							"rotation": [8, 0, 0],
							"uv": {
								"north": {"uv": [161, 107], "uv_size": [3, 1]},
								"east": {"uv": [219, 62], "uv_size": [0.5, 1]},
								"south": {"uv": [161, 108], "uv_size": [3, 1]},
								"west": {"uv": [63, 219], "uv_size": [0.5, 1]},
								"up": {"uv": [1, 192], "uv_size": [3, 0.5]},
								"down": {"uv": [4, 192.5], "uv_size": [3, -0.5]}
							}
						},
						{
							"origin": [-5.45, 25.425, 1.6],
							"size": [3.025, 0.975, 0.125],
							"pivot": [-3.9375, 25.9125, 1.65],
							"rotation": [-8, 0, 0],
							"uv": {
								"north": {"uv": [161, 109], "uv_size": [3, 1]},
								"east": {"uv": [219, 63], "uv_size": [0.5, 1]},
								"south": {"uv": [161, 110], "uv_size": [3, 1]},
								"west": {"uv": [64, 219], "uv_size": [0.5, 1]},
								"up": {"uv": [192, 4], "uv_size": [3, 0.5]},
								"down": {"uv": [192, 5.5], "uv_size": [3, -0.5]}
							}
						},
						{
							"origin": [-5.475, 25.25, -1.625],
							"size": [0.125, 1.175, 3.3],
							"pivot": [-5.4125, 25.8375, 0.025],
							"rotation": [0, 0, -11],
							"uv": {
								"north": {"uv": [219, 60], "uv_size": [0.5, 1]},
								"east": {"uv": [151, 62], "uv_size": [3.5, 1]},
								"south": {"uv": [61, 219], "uv_size": [0.5, 1]},
								"west": {"uv": [64, 151], "uv_size": [3.5, 1]},
								"up": {"uv": [97, 184], "uv_size": [0.5, 3.5]},
								"down": {"uv": [98, 187.5], "uv_size": [0.5, -3.5]}
							}
						},
						{
							"origin": [-2.525, 25.25, -1.625],
							"size": [0.125, 1.175, 3.3],
							"pivot": [-2.4125, 25.8375, 0.025],
							"rotation": [0, 0, 11],
							"uv": {
								"north": {"uv": [219, 61], "uv_size": [0.5, 1]},
								"east": {"uv": [68, 151], "uv_size": [3.5, 1]},
								"south": {"uv": [62, 219], "uv_size": [0.5, 1]},
								"west": {"uv": [72, 151], "uv_size": [3.5, 1]},
								"up": {"uv": [99, 184], "uv_size": [0.5, 3.5]},
								"down": {"uv": [100, 187.5], "uv_size": [0.5, -3.5]}
							}
						},
						{
							"origin": [-5.45, 28.075, -1.725],
							"size": [2.8, 0.9, 3.45],
							"pivot": [-3.925, 28.7125, 0],
							"rotation": [0, 0, 12],
							"uv": {
								"north": {"uv": [101, 161], "uv_size": [3, 1]},
								"east": {"uv": [151, 36], "uv_size": [3.5, 1]},
								"south": {"uv": [161, 101], "uv_size": [3, 1]},
								"west": {"uv": [151, 37], "uv_size": [3.5, 1]},
								"up": {"uv": [42, 102], "uv_size": [3, 3.5]},
								"down": {"uv": [52, 105.5], "uv_size": [3, -3.5]}
							}
						},
						{
							"origin": [-2.825, 27.825, -1.725],
							"size": [0.5, 0.9, 3.45],
							"uv": {
								"north": {"uv": [219, 52], "uv_size": [0.5, 1]},
								"east": {"uv": [151, 38], "uv_size": [3.5, 1]},
								"south": {"uv": [53, 219], "uv_size": [0.5, 1]},
								"west": {"uv": [46, 151], "uv_size": [3.5, 1]},
								"up": {"uv": [91, 184], "uv_size": [0.5, 3.5]},
								"down": {"uv": [92, 187.5], "uv_size": [0.5, -3.5]}
							}
						},
						{
							"origin": [-5.65, 28.375, -1.725],
							"size": [0.375, 0.9, 3.45],
							"uv": {
								"north": {"uv": [219, 53], "uv_size": [0.5, 1]},
								"east": {"uv": [50, 151], "uv_size": [3.5, 1]},
								"south": {"uv": [54, 219], "uv_size": [0.5, 1]},
								"west": {"uv": [151, 59], "uv_size": [3.5, 1]},
								"up": {"uv": [93, 184], "uv_size": [0.5, 3.5]},
								"down": {"uv": [95, 187.5], "uv_size": [0.5, -3.5]}
							}
						}
					]
				},
				{
					"name": "RightForeArm",
					"parent": "RightArm",
					"pivot": [-3.375, 24.4, 0.025],
					"cubes": [
						{
							"origin": [-5.2, 23.57586, -0.85842],
							"size": [2.65, 2.1, 2.1],
							"pivot": [-3.775, 24.82586, 0.09158],
							"rotation": [-45, 0, 0],
							"uv": {
								"north": {"uv": [131, 109], "uv_size": [2.5, 2]},
								"east": {"uv": [25, 83], "uv_size": [2, 2]},
								"south": {"uv": [131, 111], "uv_size": [2.5, 2]},
								"west": {"uv": [33, 85], "uv_size": [2, 2]},
								"up": {"uv": [131, 122], "uv_size": [2.5, 2]},
								"down": {"uv": [131, 127], "uv_size": [2.5, -2]}
							}
						},
						{
							"origin": [-5.275, 18.65, -1.475],
							"size": [2.7, 6, 3],
							"uv": {
								"north": {"uv": [65, 76], "uv_size": [2.5, 6]},
								"east": {"uv": [47, 62], "uv_size": [3, 6]},
								"south": {"uv": [68, 76], "uv_size": [2.5, 6]},
								"west": {"uv": [50, 62], "uv_size": [3, 6]},
								"up": {"uv": [113, 21], "uv_size": [2.5, 3]},
								"down": {"uv": [113, 27], "uv_size": [2.5, -3]}
							}
						},
						{
							"origin": [-5.45, 19.325, -1.625],
							"size": [3.025, 1.95, 3.3],
							"uv": {
								"north": {"uv": [128, 39], "uv_size": [3, 2]},
								"east": {"uv": [118, 44], "uv_size": [3.5, 2]},
								"south": {"uv": [50, 128], "uv_size": [3, 2]},
								"west": {"uv": [47, 118], "uv_size": [3.5, 2]},
								"up": {"uv": [64, 102], "uv_size": [3, 3.5]},
								"down": {"uv": [67, 105.5], "uv_size": [3, -3.5]}
							}
						},
						{
							"origin": [-2.75, 19.325, -1.625],
							"size": [0.5, 2.875, 3.3],
							"pivot": [-3.9375, 20.6625, 0.025],
							"rotation": [0, 0, 10],
							"uv": {
								"north": {"uv": [22, 192], "uv_size": [0.5, 3]},
								"east": {"uv": [102, 46], "uv_size": [3.5, 3]},
								"south": {"uv": [23, 192], "uv_size": [0.5, 3]},
								"west": {"uv": [87, 102], "uv_size": [3.5, 3]},
								"up": {"uv": [107, 184], "uv_size": [0.5, 3.5]},
								"down": {"uv": [108, 187.5], "uv_size": [0.5, -3.5]}
							}
						},
						{
							"origin": [-2.725, 21.575, -1.625],
							"size": [0.5, 2.875, 3.3],
							"pivot": [-3.9125, 22.9125, 0.025],
							"rotation": [0, 0, -10],
							"uv": {
								"north": {"uv": [27, 192], "uv_size": [0.5, 3]},
								"east": {"uv": [102, 87], "uv_size": [3.5, 3]},
								"south": {"uv": [28, 192], "uv_size": [0.5, 3]},
								"west": {"uv": [91, 102], "uv_size": [3.5, 3]},
								"up": {"uv": [184, 113], "uv_size": [0.5, 3.5]},
								"down": {"uv": [114, 187.5], "uv_size": [0.5, -3.5]}
							}
						},
						{
							"origin": [-2.55, 18.65, -1.625],
							"size": [0.65, 2.875, 3.3],
							"pivot": [-3.5875, 19.9875, 0.025],
							"rotation": [0, 0, -10],
							"uv": {
								"north": {"uv": [30, 192], "uv_size": [0.5, 3]},
								"east": {"uv": [102, 100], "uv_size": [3.5, 3]},
								"south": {"uv": [31, 192], "uv_size": [0.5, 3]},
								"west": {"uv": [0, 103], "uv_size": [3.5, 3]},
								"up": {"uv": [121, 184], "uv_size": [0.5, 3.5]},
								"down": {"uv": [122, 187.5], "uv_size": [0.5, -3.5]}
							}
						},
						{
							"origin": [-5.45, 20.95, -1.5],
							"size": [3.025, 1.675, 3.3],
							"pivot": [-3.9375, 21.7875, 0.15],
							"rotation": [-10, 0, 0],
							"uv": {
								"north": {"uv": [140, 9], "uv_size": [3, 1.5]},
								"east": {"uv": [2, 131], "uv_size": [3.5, 1.5]},
								"south": {"uv": [11, 140], "uv_size": [3, 1.5]},
								"west": {"uv": [131, 5], "uv_size": [3.5, 1.5]},
								"up": {"uv": [102, 67], "uv_size": [3, 3.5]},
								"down": {"uv": [70, 105.5], "uv_size": [3, -3.5]}
							}
						},
						{
							"origin": [-5.45, 22.025, -1.5],
							"size": [3.025, 1.675, 3.3],
							"pivot": [-3.9375, 22.8625, 0.15],
							"rotation": [10, 0, 0],
							"uv": {
								"north": {"uv": [140, 17], "uv_size": [3, 1.5]},
								"east": {"uv": [6, 131], "uv_size": [3.5, 1.5]},
								"south": {"uv": [18, 140], "uv_size": [3, 1.5]},
								"west": {"uv": [16, 131], "uv_size": [3.5, 1.5]},
								"up": {"uv": [102, 71], "uv_size": [3, 3.5]},
								"down": {"uv": [73, 105.5], "uv_size": [3, -3.5]}
							}
						},
						{
							"origin": [-5.45, 19.075, -1.5],
							"size": [3.025, 2, 3.3],
							"pivot": [-3.9375, 20.2375, 0.15],
							"rotation": [10, 0, 0],
							"uv": {
								"north": {"uv": [128, 52], "uv_size": [3, 2]},
								"east": {"uv": [118, 49], "uv_size": [3.5, 2]},
								"south": {"uv": [128, 62], "uv_size": [3, 2]},
								"west": {"uv": [51, 118], "uv_size": [3.5, 2]},
								"up": {"uv": [102, 96], "uv_size": [3, 3.5]},
								"down": {"uv": [98, 105.5], "uv_size": [3, -3.5]}
							}
						},
						{
							"origin": [-5.55, 20.95, -1.625],
							"size": [0.25, 1.275, 3.3],
							"pivot": [-3.9375, 21.7875, 0.15],
							"rotation": [0, 0, -6],
							"uv": {
								"north": {"uv": [67, 210], "uv_size": [0.5, 1.5]},
								"east": {"uv": [131, 23], "uv_size": [3.5, 1.5]},
								"south": {"uv": [68, 210], "uv_size": [0.5, 1.5]},
								"west": {"uv": [24, 131], "uv_size": [3.5, 1.5]},
								"up": {"uv": [117, 184], "uv_size": [0.5, 3.5]},
								"down": {"uv": [120, 187.5], "uv_size": [0.5, -3.5]}
							}
						},
						{
							"origin": [-5.5, 22.025, -1.625],
							"size": [0.175, 1.675, 3.3],
							"pivot": [-5.475, 22.8625, 0.175],
							"rotation": [0, 0, 6],
							"uv": {
								"north": {"uv": [65, 210], "uv_size": [0.5, 1.5]},
								"east": {"uv": [131, 17], "uv_size": [3.5, 1.5]},
								"south": {"uv": [66, 210], "uv_size": [0.5, 1.5]},
								"west": {"uv": [20, 131], "uv_size": [3.5, 1.5]},
								"up": {"uv": [115, 184], "uv_size": [0.5, 3.5]},
								"down": {"uv": [116, 187.5], "uv_size": [0.5, -3.5]}
							}
						},
						{
							"origin": [-5.45, 20.65817, 1.16834],
							"size": [3.025, 1.675, 0.45],
							"pivot": [-3.9375, 22.025, -0.125],
							"rotation": [169.75, 0, 0],
							"uv": {
								"north": {"uv": [25, 140], "uv_size": [3, 1.5]},
								"east": {"uv": [64, 210], "uv_size": [0.5, 1.5]},
								"south": {"uv": [140, 25], "uv_size": [3, 1.5]},
								"west": {"uv": [210, 64], "uv_size": [0.5, 1.5]},
								"up": {"uv": [19, 192], "uv_size": [3, 0.5]},
								"down": {"uv": [192, 19.5], "uv_size": [3, -0.5]}
							}
						},
						{
							"origin": [-5.45, 21.71683, 1.16834],
							"size": [3.025, 1.675, 0.45],
							"pivot": [-3.9375, 22.025, -0.125],
							"rotation": [-170.25, 0, 0],
							"uv": {
								"north": {"uv": [21, 140], "uv_size": [3, 1.5]},
								"east": {"uv": [210, 62], "uv_size": [0.5, 1.5]},
								"south": {"uv": [140, 23], "uv_size": [3, 1.5]},
								"west": {"uv": [63, 210], "uv_size": [0.5, 1.5]},
								"up": {"uv": [192, 16], "uv_size": [3, 0.5]},
								"down": {"uv": [192, 17.5], "uv_size": [3, -0.5]}
							}
						},
						{
							"origin": [-5.45, 23.325, -1.625],
							"size": [3.025, 1.175, 3.3],
							"uv": {
								"north": {"uv": [161, 111], "uv_size": [3, 1]},
								"east": {"uv": [96, 151], "uv_size": [3.5, 1]},
								"south": {"uv": [112, 161], "uv_size": [3, 1]},
								"west": {"uv": [151, 96], "uv_size": [3.5, 1]},
								"up": {"uv": [102, 75], "uv_size": [3, 3.5]},
								"down": {"uv": [102, 82.5], "uv_size": [3, -3.5]}
							}
						},
						{
							"origin": [-5.475, 23.625, 0.425],
							"size": [0.025, 0.875, 0.15],
							"pivot": [-5.4625, 24.175, 0.5],
							"rotation": [-40, 0, 0],
							"uv": {
								"north": {"uv": [219, 109], "uv_size": [0.5, 1]},
								"east": {"uv": [110, 219], "uv_size": [0.5, 1]},
								"south": {"uv": [219, 110], "uv_size": [0.5, 1]},
								"west": {"uv": [111, 219], "uv_size": [0.5, 1]},
								"up": {"uv": [236, 204], "uv_size": [0.5, 0.5]},
								"down": {"uv": [205, 236.5], "uv_size": [0.5, -0.5]}
							}
						},
						{
							"origin": [-5.475, 24.35, -0.425],
							"size": [0.025, 0.125, 1.075],
							"uv": {
								"north": {"uv": [236, 205], "uv_size": [0.5, 0.5]},
								"east": {"uv": [219, 111], "uv_size": [1, 0.5]},
								"south": {"uv": [206, 236], "uv_size": [0.5, 0.5]},
								"west": {"uv": [112, 219], "uv_size": [1, 0.5]},
								"up": {"uv": [219, 112], "uv_size": [0.5, 1]},
								"down": {"uv": [113, 220], "uv_size": [0.5, -1]}
							}
						},
						{
							"origin": [-5.475, 23.625, -0.425],
							"size": [0.025, 0.875, 0.15],
							"pivot": [-5.4625, 24.175, -0.35],
							"rotation": [40, 0, 0],
							"uv": {
								"north": {"uv": [219, 113], "uv_size": [0.5, 1]},
								"east": {"uv": [114, 219], "uv_size": [0.5, 1]},
								"south": {"uv": [219, 114], "uv_size": [0.5, 1]},
								"west": {"uv": [115, 219], "uv_size": [0.5, 1]},
								"up": {"uv": [236, 206], "uv_size": [0.5, 0.5]},
								"down": {"uv": [207, 236.5], "uv_size": [0.5, -0.5]}
							}
						},
						{
							"origin": [-5.475, 24.025, 0.275],
							"size": [0.025, 0.25, 0.15],
							"pivot": [-5.4625, 23.95, 0.35],
							"rotation": [40, 0, 0],
							"uv": {
								"north": {"uv": [236, 210], "uv_size": [0.5, 0.5]},
								"east": {"uv": [211, 236], "uv_size": [0.5, 0.5]},
								"south": {"uv": [236, 211], "uv_size": [0.5, 0.5]},
								"west": {"uv": [212, 236], "uv_size": [0.5, 0.5]},
								"up": {"uv": [236, 212], "uv_size": [0.5, 0.5]},
								"down": {"uv": [213, 236.5], "uv_size": [0.5, -0.5]}
							}
						},
						{
							"origin": [-5.475, 24.025, -0.275],
							"size": [0.025, 0.25, 0.15],
							"pivot": [-5.4625, 23.95, -0.2],
							"rotation": [-40, 0, 0],
							"uv": {
								"north": {"uv": [236, 207], "uv_size": [0.5, 0.5]},
								"east": {"uv": [208, 236], "uv_size": [0.5, 0.5]},
								"south": {"uv": [236, 208], "uv_size": [0.5, 0.5]},
								"west": {"uv": [209, 236], "uv_size": [0.5, 0.5]},
								"up": {"uv": [236, 209], "uv_size": [0.5, 0.5]},
								"down": {"uv": [210, 236.5], "uv_size": [0.5, -0.5]}
							}
						},
						{
							"origin": [-5.45, 18.45, 1.85],
							"size": [3.55, 0.9, 0.425],
							"uv": {
								"north": {"uv": [78, 151], "uv_size": [3.5, 1]},
								"east": {"uv": [219, 64], "uv_size": [0.5, 1]},
								"south": {"uv": [82, 151], "uv_size": [3.5, 1]},
								"west": {"uv": [65, 219], "uv_size": [0.5, 1]},
								"up": {"uv": [184, 97], "uv_size": [3.5, 0.5]},
								"down": {"uv": [184, 110.5], "uv_size": [3.5, -0.5]}
							}
						},
						{
							"origin": [-5.45, 18.575, 1.7],
							"size": [3.025, 0.775, 0.425],
							"pivot": [-3.9375, 18.9, 2.0625],
							"rotation": [26, 0, 0],
							"uv": {
								"north": {"uv": [161, 112], "uv_size": [3, 1]},
								"east": {"uv": [219, 74], "uv_size": [0.5, 1]},
								"south": {"uv": [161, 113], "uv_size": [3, 1]},
								"west": {"uv": [75, 219], "uv_size": [0.5, 1]},
								"up": {"uv": [192, 20], "uv_size": [3, 0.5]},
								"down": {"uv": [35, 192.5], "uv_size": [3, -0.5]}
							}
						},
						{
							"origin": [-5.45, 18.45, -1.825],
							"size": [3.55, 0.9, 0.375],
							"uv": {
								"north": {"uv": [86, 151], "uv_size": [3.5, 1]},
								"east": {"uv": [219, 65], "uv_size": [0.5, 1]},
								"south": {"uv": [92, 151], "uv_size": [3.5, 1]},
								"west": {"uv": [66, 219], "uv_size": [0.5, 1]},
								"up": {"uv": [184, 111], "uv_size": [3.5, 0.5]},
								"down": {"uv": [184, 112.5], "uv_size": [3.5, -0.5]}
							}
						},
						{
							"origin": [-5.45, 19.325, 1.5],
							"size": [3.025, 0.275, 0.6],
							"uv": {
								"north": {"uv": [13, 192], "uv_size": [3, 0.5]},
								"east": {"uv": [236, 144], "uv_size": [0.5, 0.5]},
								"south": {"uv": [192, 13], "uv_size": [3, 0.5]},
								"west": {"uv": [145, 236], "uv_size": [0.5, 0.5]},
								"up": {"uv": [192, 14], "uv_size": [3, 0.5]},
								"down": {"uv": [16, 192.5], "uv_size": [3, -0.5]}
							}
						},
						{
							"origin": [-5.5, 19.21888, -0.85208],
							"size": [0.075, 0.775, 0.55],
							"pivot": [-5.5, 19.71888, -0.52708],
							"rotation": [78, 0, 0],
							"uv": {
								"north": {"uv": [219, 72], "uv_size": [0.5, 1]},
								"east": {"uv": [73, 219], "uv_size": [0.5, 1]},
								"south": {"uv": [219, 73], "uv_size": [0.5, 1]},
								"west": {"uv": [74, 219], "uv_size": [0.5, 1]},
								"up": {"uv": [236, 143], "uv_size": [0.5, 0.5]},
								"down": {"uv": [144, 236.5], "uv_size": [0.5, -0.5]}
							}
						},
						{
							"origin": [-5.475, 20.075, -0.275],
							"size": [0.075, 0.3, 0.4],
							"uv": {
								"north": {"uv": [236, 213], "uv_size": [0.5, 0.5]},
								"east": {"uv": [214, 236], "uv_size": [0.5, 0.5]},
								"south": {"uv": [236, 214], "uv_size": [0.5, 0.5]},
								"west": {"uv": [215, 236], "uv_size": [0.5, 0.5]},
								"up": {"uv": [236, 215], "uv_size": [0.5, 0.5]},
								"down": {"uv": [216, 236.5], "uv_size": [0.5, -0.5]}
							}
						},
						{
							"origin": [-5.5, 19.85, -0.75],
							"size": [0.075, 0.15, 1.275],
							"uv": {
								"north": {"uv": [236, 142], "uv_size": [0.5, 0.5]},
								"east": {"uv": [210, 57], "uv_size": [1.5, 0.5]},
								"south": {"uv": [143, 236], "uv_size": [0.5, 0.5]},
								"west": {"uv": [210, 60], "uv_size": [1.5, 0.5]},
								"up": {"uv": [60, 210], "uv_size": [0.5, 1.5]},
								"down": {"uv": [62, 211.5], "uv_size": [0.5, -1.5]}
							}
						},
						{
							"origin": [-5.5, 19.29388, 0.12292],
							"size": [0.075, 0.65, 0.55],
							"pivot": [-5.5, 19.71888, 0.34792],
							"rotation": [-78, 0, 0],
							"uv": {
								"north": {"uv": [236, 139], "uv_size": [0.5, 0.5]},
								"east": {"uv": [140, 236], "uv_size": [0.5, 0.5]},
								"south": {"uv": [236, 140], "uv_size": [0.5, 0.5]},
								"west": {"uv": [141, 236], "uv_size": [0.5, 0.5]},
								"up": {"uv": [236, 141], "uv_size": [0.5, 0.5]},
								"down": {"uv": [142, 236.5], "uv_size": [0.5, -0.5]}
							}
						},
						{
							"origin": [-5.5, 19.325, -1.675],
							"size": [0.075, 0.275, 3.775],
							"uv": {
								"north": {"uv": [236, 138], "uv_size": [0.5, 0.5]},
								"east": {"uv": [181, 120], "uv_size": [4, 0.5]},
								"south": {"uv": [139, 236], "uv_size": [0.5, 0.5]},
								"west": {"uv": [181, 122], "uv_size": [4, 0.5]},
								"up": {"uv": [124, 181], "uv_size": [0.5, 4]},
								"down": {"uv": [125, 185], "uv_size": [0.5, -4]}
							}
						},
						{
							"origin": [-2.45, 19.325, -1.675],
							"size": [0.75, 0.275, 3.775],
							"uv": {
								"north": {"uv": [219, 71], "uv_size": [1, 0.5]},
								"east": {"uv": [181, 119], "uv_size": [4, 0.5]},
								"south": {"uv": [72, 219], "uv_size": [1, 0.5]},
								"west": {"uv": [120, 181], "uv_size": [4, 0.5]},
								"up": {"uv": [65, 143], "uv_size": [1, 4]},
								"down": {"uv": [111, 148], "uv_size": [1, -4]}
							}
						},
						{
							"origin": [-5.45, 19.325, -1.675],
							"size": [3.025, 0.275, 0.225],
							"uv": {
								"north": {"uv": [192, 7], "uv_size": [3, 0.5]},
								"east": {"uv": [236, 137], "uv_size": [0.5, 0.5]},
								"south": {"uv": [192, 8], "uv_size": [3, 0.5]},
								"west": {"uv": [138, 236], "uv_size": [0.5, 0.5]},
								"up": {"uv": [192, 9], "uv_size": [3, 0.5]},
								"down": {"uv": [10, 192.5], "uv_size": [3, -0.5]}
							}
						},
						{
							"origin": [-5.625, 18.45, 0.05],
							"size": [0.25, 0.425, 2.225],
							"uv": {
								"north": {"uv": [236, 123], "uv_size": [0.5, 0.5]},
								"east": {"uv": [45, 205], "uv_size": [2, 0.5]},
								"south": {"uv": [124, 236], "uv_size": [0.5, 0.5]},
								"west": {"uv": [47, 205], "uv_size": [2, 0.5]},
								"up": {"uv": [205, 47], "uv_size": [0.5, 2]},
								"down": {"uv": [49, 207], "uv_size": [0.5, -2]}
							}
						},
						{
							"origin": [-5.625, 18.45, -1.825],
							"size": [0.25, 0.425, 1.6],
							"uv": {
								"north": {"uv": [236, 125], "uv_size": [0.5, 0.5]},
								"east": {"uv": [56, 210], "uv_size": [1.5, 0.5]},
								"south": {"uv": [126, 236], "uv_size": [0.5, 0.5]},
								"west": {"uv": [210, 56], "uv_size": [1.5, 0.5]},
								"up": {"uv": [58, 210], "uv_size": [0.5, 1.5]},
								"down": {"uv": [59, 211.5], "uv_size": [0.5, -1.5]}
							}
						},
						{
							"origin": [-5.625, 18.46888, -0.85208],
							"size": [0.25, 0.15, 0.45],
							"pivot": [-5.5, 18.89388, -0.52708],
							"rotation": [71.75, 0, 0],
							"uv": {
								"north": {"uv": [236, 126], "uv_size": [0.5, 0.5]},
								"east": {"uv": [127, 236], "uv_size": [0.5, 0.5]},
								"south": {"uv": [236, 127], "uv_size": [0.5, 0.5]},
								"west": {"uv": [128, 236], "uv_size": [0.5, 0.5]},
								"up": {"uv": [236, 128], "uv_size": [0.5, 0.5]},
								"down": {"uv": [129, 236.5], "uv_size": [0.5, -0.5]}
							}
						},
						{
							"origin": [-5.625, 19.04388, 0.02292],
							"size": [0.25, 0.65, 0.65],
							"pivot": [-5.5, 19.46888, 0.34792],
							"rotation": [-78, 0, 0],
							"uv": {
								"north": {"uv": [236, 133], "uv_size": [0.5, 0.5]},
								"east": {"uv": [134, 236], "uv_size": [0.5, 0.5]},
								"south": {"uv": [236, 134], "uv_size": [0.5, 0.5]},
								"west": {"uv": [135, 236], "uv_size": [0.5, 0.5]},
								"up": {"uv": [236, 135], "uv_size": [0.5, 0.5]},
								"down": {"uv": [136, 236.5], "uv_size": [0.5, -0.5]}
							}
						},
						{
							"origin": [-5.625, 18.96888, -0.85208],
							"size": [0.25, 0.775, 0.65],
							"pivot": [-5.5, 19.46888, -0.52708],
							"rotation": [78, 0, 0],
							"uv": {
								"north": {"uv": [219, 67], "uv_size": [0.5, 1]},
								"east": {"uv": [68, 219], "uv_size": [0.5, 1]},
								"south": {"uv": [219, 68], "uv_size": [0.5, 1]},
								"west": {"uv": [69, 219], "uv_size": [0.5, 1]},
								"up": {"uv": [236, 132], "uv_size": [0.5, 0.5]},
								"down": {"uv": [133, 236.5], "uv_size": [0.5, -0.5]}
							}
						},
						{
							"origin": [-5.625, 18.46888, 0.22292],
							"size": [0.25, 0.15, 0.45],
							"pivot": [-5.5, 18.89388, 0.34792],
							"rotation": [-71.75, 0, 0],
							"uv": {
								"north": {"uv": [236, 129], "uv_size": [0.5, 0.5]},
								"east": {"uv": [130, 236], "uv_size": [0.5, 0.5]},
								"south": {"uv": [236, 130], "uv_size": [0.5, 0.5]},
								"west": {"uv": [131, 236], "uv_size": [0.5, 0.5]},
								"up": {"uv": [236, 131], "uv_size": [0.5, 0.5]},
								"down": {"uv": [132, 236.5], "uv_size": [0.5, -0.5]}
							}
						},
						{
							"origin": [-5.625, 18.875, -1.825],
							"size": [0.25, 0.475, 4.1],
							"uv": {
								"north": {"uv": [236, 124], "uv_size": [0.5, 0.5]},
								"east": {"uv": [181, 109], "uv_size": [4, 0.5]},
								"south": {"uv": [125, 236], "uv_size": [0.5, 0.5]},
								"west": {"uv": [114, 181], "uv_size": [4, 0.5]},
								"up": {"uv": [118, 181], "uv_size": [0.5, 4]},
								"down": {"uv": [119, 185], "uv_size": [0.5, -4]}
							}
						},
						{
							"origin": [-5.625, 19.7, -0.725],
							"size": [0.25, 0.15, 1.225],
							"uv": {
								"north": {"uv": [236, 136], "uv_size": [0.5, 0.5]},
								"east": {"uv": [219, 69], "uv_size": [1, 0.5]},
								"south": {"uv": [137, 236], "uv_size": [0.5, 0.5]},
								"west": {"uv": [70, 219], "uv_size": [1, 0.5]},
								"up": {"uv": [219, 70], "uv_size": [0.5, 1]},
								"down": {"uv": [71, 220], "uv_size": [0.5, -1]}
							}
						},
						{
							"origin": [-1.95, 18.45, -1.825],
							"size": [0.425, 0.9, 4.1],
							"uv": {
								"north": {"uv": [219, 66], "uv_size": [0.5, 1]},
								"east": {"uv": [49, 145], "uv_size": [4, 1]},
								"south": {"uv": [67, 219], "uv_size": [0.5, 1]},
								"west": {"uv": [145, 51], "uv_size": [4, 1]},
								"up": {"uv": [112, 181], "uv_size": [0.5, 4]},
								"down": {"uv": [113, 185], "uv_size": [0.5, -4]}
							}
						}
					]
				},
				{
					"name": "RightHand",
					"parent": "RightForeArm",
					"pivot": [-3.875, 18.925, 0.025],
					"cubes": [
						{
							"origin": [-5.178, 18.15, -1.275],
							"size": [2.6, 2.1, 2],
							"pivot": [0.5, 18.65, -0.575],
							"rotation": [-45, 0, 0],
							"uv": {
								"north": {"uv": [130, 131], "uv_size": [2.5, 2]},
								"east": {"uv": [10, 87], "uv_size": [2, 2]},
								"south": {"uv": [132, 7], "uv_size": [2.5, 2]},
								"west": {"uv": [23, 87], "uv_size": [2, 2]},
								"up": {"uv": [132, 9], "uv_size": [2.5, 2]},
								"down": {"uv": [10, 134], "uv_size": [2.5, -2]}
							}
						},
						{
							"origin": [-5.275, 16.65, -1.475],
							"size": [2.7, 2, 3],
							"uv": {
								"north": {"uv": [13, 132], "uv_size": [2.5, 2]},
								"east": {"uv": [125, 32], "uv_size": [3, 2]},
								"south": {"uv": [132, 25], "uv_size": [2.5, 2]},
								"west": {"uv": [125, 34], "uv_size": [3, 2]},
								"up": {"uv": [113, 27], "uv_size": [2.5, 3]},
								"down": {"uv": [30, 116], "uv_size": [2.5, -3]}
							}
						}
					]
				}
			]
		}
	]
}