{
	"format_version": "1.12.0",
	"minecraft:geometry": [
		{
			"description": {
				"identifier": "geometry.unknown",
				"texture_width": 64,
				"texture_height": 64,
				"visible_bounds_width": 64,
				"visible_bounds_height": 54,
				"visible_bounds_offset": [0, 20, 0],
				"ysm_height_scale": 0.7,
				"ysm_width_scale": 0.7,
				"ysm_extra_info": {
					"name": "§l§9阿鲁比斯娘（demo）",
					"tips": "§8制作中的demo\n§8欢迎提出改进提议，我们一起逐步完善",
					"authors": ["§c烈鸟比百§8（模型）"],
					"extra_animation_names": ["埃及摇", "1", "2", "3", "4", "5", "6", "7"]
				}
			},
			"bones": [
				{
					"name": "root",
					"pivot": [0, 0, 0]
				},
				{
					"name": "body",
					"parent": "root",
					"pivot": [0, 7, 0],
					"cubes": [
						{
							"origin": [-11, 1, -11],
							"size": [22, 22, 22],
							"uv": {
								"north": {"uv": [0, 0], "uv_size": [16, 16]},
								"east": {"uv": [0, 16], "uv_size": [16, 16]},
								"south": {"uv": [16, 0], "uv_size": [16, 16]},
								"west": {"uv": [16, 16], "uv_size": [16, 16]},
								"up": {"uv": [0, 32], "uv_size": [16, 16]},
								"down": {"uv": [32, 16], "uv_size": [16, -16]}
							}
						}
					]
				},
				{
					"name": "body1",
					"parent": "root",
					"pivot": [0, 0, 0]
				},
				{
					"name": "bodyy1",
					"parent": "body1",
					"pivot": [0, 0, 0]
				},
				{
					"name": "bod1",
					"parent": "bodyy1",
					"pivot": [0, 11, 0]
				},
				{
					"name": "x1",
					"parent": "bod1",
					"pivot": [0, 11, 0],
					"cubes": [
						{
							"origin": [-10.5, 0.5, -10.5],
							"size": [21, 21, 21],
							"uv": {
								"north": {"uv": [16, 32], "uv_size": [16, 16]},
								"east": {"uv": [32, 16], "uv_size": [16, 16]},
								"south": {"uv": [32, 32], "uv_size": [16, 16]},
								"west": {"uv": [0, 48], "uv_size": [16, 16]},
								"up": {"uv": [48, 0], "uv_size": [16, 16]},
								"down": {"uv": [16, 64], "uv_size": [16, -16]}
							}
						}
					]
				},
				{
					"name": "body2",
					"parent": "root",
					"pivot": [0, 0, 0]
				},
				{
					"name": "bodyy2",
					"parent": "body2",
					"pivot": [0, 0, 0]
				},
				{
					"name": "bod2",
					"parent": "bodyy2",
					"pivot": [0, 11, 0]
				},
				{
					"name": "x2",
					"parent": "bod2",
					"pivot": [0, 11, 0],
					"cubes": [
						{
							"origin": [-10.5, 0.5, -10.5],
							"size": [21, 21, 21],
							"uv": {
								"north": {"uv": [16, 32], "uv_size": [16, 16]},
								"east": {"uv": [32, 16], "uv_size": [16, 16]},
								"south": {"uv": [32, 32], "uv_size": [16, 16]},
								"west": {"uv": [0, 48], "uv_size": [16, 16]},
								"up": {"uv": [48, 0], "uv_size": [16, 16]},
								"down": {"uv": [16, 64], "uv_size": [16, -16]}
							}
						}
					]
				},
				{
					"name": "body3",
					"parent": "root",
					"pivot": [0, 0, 0]
				},
				{
					"name": "bodyy3",
					"parent": "body3",
					"pivot": [0, 0, 0]
				},
				{
					"name": "bod3",
					"parent": "bodyy3",
					"pivot": [0, 11, 0]
				},
				{
					"name": "x3",
					"parent": "bod3",
					"pivot": [0, 0, 0],
					"cubes": [
						{
							"origin": [-10.5, 0.5, -10.5],
							"size": [21, 21, 21],
							"uv": {
								"north": {"uv": [16, 32], "uv_size": [16, 16]},
								"east": {"uv": [32, 16], "uv_size": [16, 16]},
								"south": {"uv": [32, 32], "uv_size": [16, 16]},
								"west": {"uv": [0, 48], "uv_size": [16, 16]},
								"up": {"uv": [48, 0], "uv_size": [16, 16]},
								"down": {"uv": [16, 64], "uv_size": [16, -16]}
							}
						}
					]
				},
				{
					"name": "body4",
					"parent": "root",
					"pivot": [0, 0, 0]
				},
				{
					"name": "bodyy4",
					"parent": "body4",
					"pivot": [0, 0, 0]
				},
				{
					"name": "bod4",
					"parent": "bodyy4",
					"pivot": [0, 11, 0]
				},
				{
					"name": "x4",
					"parent": "bod4",
					"pivot": [0, 0, 0],
					"cubes": [
						{
							"origin": [-10.5, 0.5, -10.5],
							"size": [21, 21, 21],
							"uv": {
								"north": {"uv": [16, 32], "uv_size": [16, 16]},
								"east": {"uv": [32, 16], "uv_size": [16, 16]},
								"south": {"uv": [32, 32], "uv_size": [16, 16]},
								"west": {"uv": [0, 48], "uv_size": [16, 16]},
								"up": {"uv": [48, 0], "uv_size": [16, 16]},
								"down": {"uv": [16, 64], "uv_size": [16, -16]}
							}
						}
					]
				},
				{
					"name": "body5",
					"parent": "root",
					"pivot": [0, 0, 0]
				},
				{
					"name": "bodyy5",
					"parent": "body5",
					"pivot": [0, 0, 0]
				},
				{
					"name": "bod5",
					"parent": "bodyy5",
					"pivot": [0, 11, 0]
				},
				{
					"name": "x5",
					"parent": "bod5",
					"pivot": [0, 0, 0],
					"cubes": [
						{
							"origin": [-10.5, 0.5, -10.5],
							"size": [21, 21, 21],
							"uv": {
								"north": {"uv": [16, 32], "uv_size": [16, 16]},
								"east": {"uv": [32, 16], "uv_size": [16, 16]},
								"south": {"uv": [32, 32], "uv_size": [16, 16]},
								"west": {"uv": [0, 48], "uv_size": [16, 16]},
								"up": {"uv": [48, 0], "uv_size": [16, 16]},
								"down": {"uv": [16, 64], "uv_size": [16, -16]}
							}
						}
					]
				},
				{
					"name": "body6",
					"parent": "root",
					"pivot": [0, 0, 0]
				},
				{
					"name": "bodyy6",
					"parent": "body6",
					"pivot": [0, 0, 0]
				},
				{
					"name": "bod6",
					"parent": "bodyy6",
					"pivot": [0, 11, 0]
				},
				{
					"name": "x6",
					"parent": "bod6",
					"pivot": [0, 0, 0],
					"cubes": [
						{
							"origin": [-10.5, 0.5, -10.5],
							"size": [21, 21, 21],
							"uv": {
								"north": {"uv": [16, 32], "uv_size": [16, 16]},
								"east": {"uv": [32, 16], "uv_size": [16, 16]},
								"south": {"uv": [32, 32], "uv_size": [16, 16]},
								"west": {"uv": [0, 48], "uv_size": [16, 16]},
								"up": {"uv": [48, 0], "uv_size": [16, 16]},
								"down": {"uv": [16, 64], "uv_size": [16, -16]}
							}
						}
					]
				},
				{
					"name": "body7",
					"parent": "root",
					"pivot": [0, 0, 0]
				},
				{
					"name": "bodyy7",
					"parent": "body7",
					"pivot": [0, 0, 0]
				},
				{
					"name": "bod7",
					"parent": "bodyy7",
					"pivot": [0, 11, 0]
				},
				{
					"name": "x7",
					"parent": "bod7",
					"pivot": [0, 0, 0],
					"cubes": [
						{
							"origin": [-10.5, 0.5, -10.5],
							"size": [21, 21, 21],
							"uv": {
								"north": {"uv": [16, 32], "uv_size": [16, 16]},
								"east": {"uv": [32, 16], "uv_size": [16, 16]},
								"south": {"uv": [32, 32], "uv_size": [16, 16]},
								"west": {"uv": [0, 48], "uv_size": [16, 16]},
								"up": {"uv": [48, 0], "uv_size": [16, 16]},
								"down": {"uv": [16, 64], "uv_size": [16, -16]}
							}
						}
					]
				},
				{
					"name": "body8",
					"parent": "root",
					"pivot": [0, 0, 0]
				},
				{
					"name": "bodyy8",
					"parent": "body8",
					"pivot": [0, 0, 0]
				},
				{
					"name": "bod8",
					"parent": "bodyy8",
					"pivot": [0, 11, 0]
				},
				{
					"name": "x8",
					"parent": "bod8",
					"pivot": [0, 0, 0],
					"cubes": [
						{
							"origin": [-10.5, 0.5, -10.5],
							"size": [21, 21, 21],
							"uv": {
								"north": {"uv": [16, 32], "uv_size": [16, 16]},
								"east": {"uv": [32, 16], "uv_size": [16, 16]},
								"south": {"uv": [32, 32], "uv_size": [16, 16]},
								"west": {"uv": [0, 48], "uv_size": [16, 16]},
								"up": {"uv": [48, 0], "uv_size": [16, 16]},
								"down": {"uv": [16, 64], "uv_size": [16, -16]}
							}
						}
					]
				}
			]
		}
	]
}