{
	"format_version": "1.12.0",
	"minecraft:geometry": [
		{
			"description": {
				"identifier": "geometry.default",
				"texture_width": 256,
				"texture_height": 256,
				"visible_bounds_width": 5,
				"visible_bounds_height": 4.5,
				"visible_bounds_offset": [0, 1.75, 0]
			},
			"bones": [
				{
					"name": "LeftArm",
					"pivot": [3.9, 29.6, 0]
				},
				{
					"name": "InArm",
					"parent": "LeftArm",
					"pivot": [-0.5, 0, 0],
					"cubes": [
						{
							"origin": [2.55, 24.55, -1.5],
							"size": [2.75, 6.2, 2.75],
							"uv": {
								"north": {"uv": [21, 34], "uv_size": [3, 6]},
								"east": {"uv": [32, 34], "uv_size": [3, 6]},
								"south": {"uv": [35, 34], "uv_size": [3, 6]},
								"west": {"uv": [36, 3], "uv_size": [3, 6]},
								"up": {"uv": [67, 58], "uv_size": [3, 3]},
								"down": {"uv": [67, 64], "uv_size": [3, -3]}
							}
						},
						{
							"origin": [2.55, 27.05, -1.5],
							"size": [2.75, 0.5, 2.75],
							"inflate": 0.1,
							"uv": {
								"north": {"uv": [49, 108], "uv_size": [3, 1]},
								"east": {"uv": [53, 108], "uv_size": [3, 1]},
								"south": {"uv": [56, 108], "uv_size": [3, 1]},
								"west": {"uv": [59, 108], "uv_size": [3, 1]},
								"up": {"uv": [71, 25], "uv_size": [3, 3]},
								"down": {"uv": [71, 31], "uv_size": [3, -3]}
							}
						},
						{
							"origin": [3.925, 27.3, -1.6],
							"size": [0, 0, 0],
							"inflate": 0.1,
							"uv": {
								"north": {"uv": [5, 16], "uv_size": [0, 0]},
								"east": {"uv": [4, 16], "uv_size": [0, 0]},
								"south": {"uv": [6, 15], "uv_size": [0, 0]},
								"west": {"uv": [4, 15], "uv_size": [0, 0]},
								"up": {"uv": [5, 15], "uv_size": [0, 0]},
								"down": {"uv": [6, 16], "uv_size": [0, 0]}
							}
						},
						{
							"origin": [4.425, 27.3, -1.6],
							"size": [0, 0, 0],
							"inflate": 0.1,
							"uv": {
								"north": {"uv": [5, 15], "uv_size": [0, 0]},
								"east": {"uv": [4, 16], "uv_size": [0, 0]},
								"south": {"uv": [6, 15], "uv_size": [0, 0]},
								"west": {"uv": [4, 15], "uv_size": [0, 0]},
								"up": {"uv": [5, 15], "uv_size": [0, 0]},
								"down": {"uv": [6, 16], "uv_size": [0, 0]}
							}
						},
						{
							"origin": [2.55, 26.05, -1.5],
							"size": [2.75, 0.5, 2.75],
							"inflate": 0.1,
							"uv": {
								"north": {"uv": [108, 59], "uv_size": [3, 1]},
								"east": {"uv": [108, 61], "uv_size": [3, 1]},
								"south": {"uv": [108, 62], "uv_size": [3, 1]},
								"west": {"uv": [108, 63], "uv_size": [3, 1]},
								"up": {"uv": [71, 34], "uv_size": [3, 3]},
								"down": {"uv": [71, 40], "uv_size": [3, -3]}
							}
						},
						{
							"origin": [3.225, 26.3, -1.6],
							"size": [0, 0, 0],
							"inflate": 0.1,
							"uv": {
								"north": {"uv": [4, 15], "uv_size": [0, 0]},
								"east": {"uv": [4, 15], "uv_size": [0, 0]},
								"south": {"uv": [5, 15], "uv_size": [0, 0]},
								"west": {"uv": [6, 15], "uv_size": [0, 0]},
								"up": {"uv": [5, 16], "uv_size": [0, 0]},
								"down": {"uv": [4, 16], "uv_size": [0, 0]}
							}
						},
						{
							"origin": [4.125, 26, -1.6],
							"size": [0, 0.6, 0],
							"inflate": 0.05,
							"uv": {
								"north": {"uv": [4, 15], "uv_size": [0, 1]},
								"east": {"uv": [4, 15], "uv_size": [0, 1]},
								"south": {"uv": [5, 15], "uv_size": [0, 1]},
								"west": {"uv": [6, 15], "uv_size": [0, 1]},
								"up": {"uv": [5, 16], "uv_size": [0, 0]},
								"down": {"uv": [4, 16], "uv_size": [0, 0]}
							}
						},
						{
							"origin": [4.325, 26, -1.6],
							"size": [0, 0.6, 0],
							"inflate": 0.05,
							"uv": {
								"north": {"uv": [4, 15], "uv_size": [0, 1]},
								"east": {"uv": [4, 15], "uv_size": [0, 1]},
								"south": {"uv": [5, 15], "uv_size": [0, 1]},
								"west": {"uv": [6, 15], "uv_size": [0, 1]},
								"up": {"uv": [5, 16], "uv_size": [0, 0]},
								"down": {"uv": [4, 16], "uv_size": [0, 0]}
							}
						},
						{
							"origin": [5.025, 26, -1.6],
							"size": [0, 0.6, 0],
							"inflate": 0.05,
							"uv": {
								"north": {"uv": [4, 15], "uv_size": [0, 1]},
								"east": {"uv": [4, 15], "uv_size": [0, 1]},
								"south": {"uv": [5, 15], "uv_size": [0, 1]},
								"west": {"uv": [6, 15], "uv_size": [0, 1]},
								"up": {"uv": [5, 16], "uv_size": [0, 0]},
								"down": {"uv": [4, 16], "uv_size": [0, 0]}
							}
						},
						{
							"origin": [4.925, 26.3, -1.6],
							"size": [0.1, 0, 0],
							"inflate": 0.05,
							"uv": {
								"north": {"uv": [4, 15], "uv_size": [1, 0]},
								"east": {"uv": [4, 15], "uv_size": [0, 0]},
								"south": {"uv": [5, 15], "uv_size": [1, 0]},
								"west": {"uv": [6, 15], "uv_size": [0, 0]},
								"up": {"uv": [5, 16], "uv_size": [1, 0]},
								"down": {"uv": [4, 16], "uv_size": [1, 0]}
							}
						},
						{
							"origin": [4.125, 26.6, -1.6],
							"size": [0.9, 0, 0],
							"inflate": 0.05,
							"uv": {
								"north": {"uv": [4, 15], "uv_size": [1, 0]},
								"east": {"uv": [4, 15], "uv_size": [0, 0]},
								"south": {"uv": [5, 15], "uv_size": [1, 0]},
								"west": {"uv": [6, 15], "uv_size": [0, 0]},
								"up": {"uv": [5, 16], "uv_size": [1, 0]},
								"down": {"uv": [4, 16], "uv_size": [1, 0]}
							}
						},
						{
							"origin": [4.125, 26, -1.6],
							"size": [0.9, 0, 0],
							"inflate": 0.05,
							"uv": {
								"north": {"uv": [4, 15], "uv_size": [1, 0]},
								"east": {"uv": [4, 15], "uv_size": [0, 0]},
								"south": {"uv": [5, 15], "uv_size": [1, 0]},
								"west": {"uv": [6, 15], "uv_size": [0, 0]},
								"up": {"uv": [5, 16], "uv_size": [1, 0]},
								"down": {"uv": [4, 16], "uv_size": [1, 0]}
							}
						},
						{
							"origin": [2.6, 25.05, -1.5],
							"size": [2.65, 0.5, 2.75],
							"inflate": 0.1,
							"uv": {
								"north": {"uv": [108, 64], "uv_size": [3, 1]},
								"east": {"uv": [68, 108], "uv_size": [3, 1]},
								"south": {"uv": [108, 77], "uv_size": [3, 1]},
								"west": {"uv": [82, 108], "uv_size": [3, 1]},
								"up": {"uv": [71, 40], "uv_size": [3, 3]},
								"down": {"uv": [71, 46], "uv_size": [3, -3]}
							}
						},
						{
							"origin": [4.425, 25, -1.6],
							"size": [0, 0.6, 0],
							"inflate": 0.05,
							"uv": {
								"north": {"uv": [4, 15], "uv_size": [0, 1]},
								"east": {"uv": [4, 15], "uv_size": [0, 1]},
								"south": {"uv": [5, 15], "uv_size": [0, 1]},
								"west": {"uv": [6, 15], "uv_size": [0, 1]},
								"up": {"uv": [5, 16], "uv_size": [0, 0]},
								"down": {"uv": [4, 16], "uv_size": [0, 0]}
							}
						},
						{
							"origin": [4.425, 25.6, -1.6],
							"size": [0.7, 0, 0],
							"inflate": 0.05,
							"uv": {
								"north": {"uv": [4, 15], "uv_size": [1, 0]},
								"east": {"uv": [4, 15], "uv_size": [0, 0]},
								"south": {"uv": [5, 15], "uv_size": [1, 0]},
								"west": {"uv": [6, 15], "uv_size": [0, 0]},
								"up": {"uv": [5, 16], "uv_size": [1, 0]},
								"down": {"uv": [4, 16], "uv_size": [1, 0]}
							}
						},
						{
							"origin": [5.125, 25, -1.6],
							"size": [0, 0.6, 0],
							"inflate": 0.05,
							"uv": {
								"north": {"uv": [5, 15], "uv_size": [0, 1]},
								"east": {"uv": [4, 15], "uv_size": [0, 1]},
								"south": {"uv": [5, 15], "uv_size": [0, 1]},
								"west": {"uv": [6, 15], "uv_size": [0, 1]},
								"up": {"uv": [5, 16], "uv_size": [0, 0]},
								"down": {"uv": [4, 16], "uv_size": [0, 0]}
							}
						},
						{
							"origin": [4.425, 25, -1.6],
							"size": [0.7, 0, 0],
							"inflate": 0.05,
							"uv": {
								"north": {"uv": [4, 15], "uv_size": [1, 0]},
								"east": {"uv": [4, 15], "uv_size": [0, 0]},
								"south": {"uv": [5, 15], "uv_size": [1, 0]},
								"west": {"uv": [6, 15], "uv_size": [0, 0]},
								"up": {"uv": [5, 16], "uv_size": [1, 0]},
								"down": {"uv": [4, 16], "uv_size": [1, 0]}
							}
						},
						{
							"origin": [3.825, 25.3, -1.6],
							"size": [0, 0, 0],
							"inflate": 0.1,
							"uv": {
								"north": {"uv": [4, 15], "uv_size": [0, 0]},
								"east": {"uv": [4, 15], "uv_size": [0, 0]},
								"south": {"uv": [5, 15], "uv_size": [0, 0]},
								"west": {"uv": [6, 15], "uv_size": [0, 0]},
								"up": {"uv": [5, 16], "uv_size": [0, 0]},
								"down": {"uv": [4, 16], "uv_size": [0, 0]}
							}
						}
					]
				},
				{
					"name": "Special2",
					"parent": "InArm",
					"pivot": [-3.7, 31.8, 0],
					"rotation": [0, 0, 15],
					"cubes": [
						{
							"origin": [5.975, 27.75, -0.775],
							"size": [4.9, 0.2, 2.2],
							"inflate": 0.5,
							"pivot": [7.925, 23.85, -0.325],
							"rotation": [0, 0, -25],
							"uv": {
								"north": {"uv": [89, 11], "uv_size": [5, 1]},
								"east": {"uv": [122, 29], "uv_size": [2, 1]},
								"south": {"uv": [89, 53], "uv_size": [5, 1]},
								"west": {"uv": [122, 30], "uv_size": [2, 1]},
								"up": {"uv": [67, 6], "uv_size": [5, 2]},
								"down": {"uv": [67, 10], "uv_size": [5, -2]}
							}
						},
						{
							"origin": [6.8214, 28.68472, -0.58728],
							"size": [1.9, 0.2, 2.5],
							"inflate": 0.5,
							"pivot": [8.4714, 28.28472, 0.51272],
							"rotation": [18.06935, 4.45114, -48.60766],
							"uv": {
								"north": {"uv": [122, 31], "uv_size": [2, 1]},
								"east": {"uv": [109, 40], "uv_size": [3, 1]},
								"south": {"uv": [32, 122], "uv_size": [2, 1]},
								"west": {"uv": [109, 41], "uv_size": [3, 1]},
								"up": {"uv": [82, 88], "uv_size": [2, 3]},
								"down": {"uv": [4, 92], "uv_size": [2, -3]}
							}
						},
						{
							"origin": [6.87337, 29.57888, 2.65283],
							"size": [0.8, 0.2, 1.9],
							"inflate": 0.5,
							"pivot": [8.2436, 29.71503, 2.14],
							"rotation": [31.76361, -54.02516, -76.67175],
							"uv": {
								"north": {"uv": [147, 25], "uv_size": [1, 1]},
								"east": {"uv": [122, 32], "uv_size": [2, 1]},
								"south": {"uv": [26, 147], "uv_size": [1, 1]},
								"west": {"uv": [122, 33], "uv_size": [2, 1]},
								"up": {"uv": [25, 122], "uv_size": [1, 2]},
								"down": {"uv": [29, 124], "uv_size": [1, -2]}
							}
						},
						{
							"origin": [5.40889, 27.60318, 1.35687],
							"size": [3.6, 0.2, 1.1],
							"inflate": 0.5,
							"pivot": [7.20889, 27.70318, 1.90687],
							"rotation": [12, 21, -25],
							"uv": {
								"north": {"uv": [100, 70], "uv_size": [4, 1]},
								"east": {"uv": [147, 26], "uv_size": [1, 1]},
								"south": {"uv": [100, 71], "uv_size": [4, 1]},
								"west": {"uv": [27, 147], "uv_size": [1, 1]},
								"up": {"uv": [100, 72], "uv_size": [4, 1]},
								"down": {"uv": [100, 74], "uv_size": [4, -1]}
							}
						},
						{
							"origin": [3.36664, 27.14512, 1.38024],
							"size": [2.3, 0.2, 1.8],
							"inflate": 0.5,
							"pivot": [6.03817, 26.86272, 3.88136],
							"rotation": [23.93108, 17.41092, 19.47155],
							"uv": {
								"north": {"uv": [34, 122], "uv_size": [2, 1]},
								"east": {"uv": [122, 34], "uv_size": [2, 1]},
								"south": {"uv": [122, 35], "uv_size": [2, 1]},
								"west": {"uv": [122, 36], "uv_size": [2, 1]},
								"up": {"uv": [6, 100], "uv_size": [2, 2]},
								"down": {"uv": [100, 82], "uv_size": [2, -2]}
							}
						},
						{
							"origin": [4.48461, 27.30062, 2.415],
							"size": [2, 0.2, 1.4],
							"inflate": 0.5,
							"pivot": [5.48461, 28.00062, 1.915],
							"rotation": [14.88911, 25.51719, -4.85615],
							"uv": {
								"north": {"uv": [122, 37], "uv_size": [2, 1]},
								"east": {"uv": [147, 27], "uv_size": [1, 1]},
								"south": {"uv": [122, 38], "uv_size": [2, 1]},
								"west": {"uv": [28, 147], "uv_size": [1, 1]},
								"up": {"uv": [122, 39], "uv_size": [2, 1]},
								"down": {"uv": [122, 41], "uv_size": [2, -1]}
							}
						},
						{
							"origin": [3.78079, 27.92974, 4.41015],
							"size": [1, 0.2, 0],
							"inflate": 0.5,
							"pivot": [5.27391, 27.5488, 4.89306],
							"rotation": [18.43533, -6.47185, 4.00859],
							"uv": {
								"north": {"uv": [147, 28], "uv_size": [1, 1]},
								"east": {"uv": [1, 18], "uv_size": [0, 1]},
								"south": {"uv": [29, 147], "uv_size": [1, 1]},
								"west": {"uv": [2, 17], "uv_size": [0, 1]},
								"up": {"uv": [1, 16], "uv_size": [1, 0]},
								"down": {"uv": [1, 19], "uv_size": [1, 0]}
							}
						},
						{
							"origin": [8.48447, 28.13311, 1.80876],
							"size": [1.3, 0.2, 1.4],
							"inflate": 0.5,
							"pivot": [7.86921, 27.60718, 3.60837],
							"rotation": [8.19269, 45.62876, -22.20352],
							"uv": {
								"north": {"uv": [147, 29], "uv_size": [1, 1]},
								"east": {"uv": [30, 147], "uv_size": [1, 1]},
								"south": {"uv": [147, 30], "uv_size": [1, 1]},
								"west": {"uv": [31, 147], "uv_size": [1, 1]},
								"up": {"uv": [147, 31], "uv_size": [1, 1]},
								"down": {"uv": [32, 148], "uv_size": [1, -1]}
							}
						},
						{
							"origin": [2.51678, 27.38825, 2.60536],
							"size": [3.6, 0.2, 1.3],
							"inflate": 0.5,
							"pivot": [3.31678, 25.88825, 3.55536],
							"rotation": [30.27101, 37.12929, 43.28654],
							"uv": {
								"north": {"uv": [100, 82], "uv_size": [4, 1]},
								"east": {"uv": [147, 32], "uv_size": [1, 1]},
								"south": {"uv": [100, 83], "uv_size": [4, 1]},
								"west": {"uv": [33, 147], "uv_size": [1, 1]},
								"up": {"uv": [100, 84], "uv_size": [4, 1]},
								"down": {"uv": [100, 86], "uv_size": [4, -1]}
							}
						},
						{
							"origin": [9.70528, 27.18632, -0.775],
							"size": [1.5, 0, 1.5],
							"inflate": 0.5,
							"pivot": [8.25528, 24.58632, -0.325],
							"rotation": [0, 0, -39],
							"uv": {
								"north": {"uv": [0, 16], "uv_size": [2, 0]},
								"east": {"uv": [0, 18], "uv_size": [2, 0]},
								"south": {"uv": [0, 0], "uv_size": [2, 0]},
								"west": {"uv": [0, 0], "uv_size": [2, 0]},
								"up": {"uv": [100, 86], "uv_size": [2, 2]},
								"down": {"uv": [14, 103], "uv_size": [2, -2]}
							}
						},
						{
							"origin": [5.64214, 27.51989, 1.60566],
							"size": [2.5, 0, 0.6],
							"inflate": 0.5,
							"pivot": [8.0776, 27.32506, 0.85753],
							"rotation": [30, 0, -39],
							"uv": {
								"north": {"uv": [0, 17], "uv_size": [3, 0]},
								"east": {"uv": [0, 0], "uv_size": [1, 0]},
								"south": {"uv": [0, 20], "uv_size": [3, 0]},
								"west": {"uv": [0, 0], "uv_size": [1, 0]},
								"up": {"uv": [109, 45], "uv_size": [3, 1]},
								"down": {"uv": [109, 47], "uv_size": [3, -1]}
							}
						},
						{
							"origin": [3.58898, 28.71144, -0.82043],
							"size": [5.3, 0.2, 0],
							"inflate": 0.5,
							"pivot": [9.10253, 28.8002, -1.27043],
							"rotation": [0, -9, -25],
							"uv": {
								"north": {"uv": [89, 82], "uv_size": [5, 1]},
								"east": {"uv": [1, 16], "uv_size": [0, 1]},
								"south": {"uv": [90, 0], "uv_size": [5, 1]},
								"west": {"uv": [0, 0], "uv_size": [0, 1]},
								"up": {"uv": [22, 79], "uv_size": [5, 0]},
								"down": {"uv": [23, 77], "uv_size": [5, 0]}
							}
						},
						{
							"origin": [4.49, 27.83479, -1.58924],
							"size": [2.1, 0.2, 0],
							"inflate": 0.5,
							"pivot": [7.30507, 27.84464, -2.28163],
							"rotation": [0, 2, -25],
							"uv": {
								"north": {"uv": [122, 41], "uv_size": [2, 1]},
								"east": {"uv": [0, 0], "uv_size": [0, 1]},
								"south": {"uv": [122, 42], "uv_size": [2, 1]},
								"west": {"uv": [0, 0], "uv_size": [0, 1]},
								"up": {"uv": [0, 17], "uv_size": [2, 0]},
								"down": {"uv": [0, 15], "uv_size": [2, 0]}
							}
						},
						{
							"origin": [7.63867, 27.85748, -1.51057],
							"size": [1.2, 0.2, 0],
							"inflate": 0.5,
							"pivot": [7.35374, 27.86734, -2.20296],
							"rotation": [0, -17, -25],
							"uv": {
								"north": {"uv": [147, 33], "uv_size": [1, 1]},
								"east": {"uv": [0, 0], "uv_size": [0, 1]},
								"south": {"uv": [34, 147], "uv_size": [1, 1]},
								"west": {"uv": [0, 0], "uv_size": [0, 1]},
								"up": {"uv": [1, 17], "uv_size": [1, 0]},
								"down": {"uv": [0, 19], "uv_size": [1, 0]}
							}
						}
					]
				},
				{
					"name": "LeftForeArm",
					"parent": "InArm",
					"pivot": [3.375, 24.4, 0.025],
					"cubes": [
						{
							"origin": [2.55, 23.57586, -0.85842],
							"size": [2.65, 1.9, 1.9],
							"pivot": [3.775, 24.82586, 0.09158],
							"rotation": [-45, 0, 0],
							"uv": {
								"north": {"uv": [81, 32], "uv_size": [3, 2]},
								"east": {"uv": [50, 70], "uv_size": [2, 2]},
								"south": {"uv": [81, 34], "uv_size": [3, 2]},
								"west": {"uv": [91, 6], "uv_size": [2, 2]},
								"up": {"uv": [81, 36], "uv_size": [3, 2]},
								"down": {"uv": [81, 40], "uv_size": [3, -2]}
							}
						},
						{
							"origin": [2.575, 18.65, -1.475],
							"size": [2.7, 6, 2.7],
							"uv": {
								"north": {"uv": [6, 36], "uv_size": [3, 6]},
								"east": {"uv": [36, 9], "uv_size": [3, 6]},
								"south": {"uv": [36, 15], "uv_size": [3, 6]},
								"west": {"uv": [36, 21], "uv_size": [3, 6]},
								"up": {"uv": [67, 64], "uv_size": [3, 3]},
								"down": {"uv": [67, 70], "uv_size": [3, -3]}
							}
						},
						{
							"origin": [2.575, 18.85, -1.475],
							"size": [2.7, 1.3, 2.7],
							"inflate": 0.2,
							"uv": {
								"north": {"uv": [108, 96], "uv_size": [3, 1]},
								"east": {"uv": [108, 97], "uv_size": [3, 1]},
								"south": {"uv": [108, 100], "uv_size": [3, 1]},
								"west": {"uv": [108, 101], "uv_size": [3, 1]},
								"up": {"uv": [71, 52], "uv_size": [3, 3]},
								"down": {"uv": [58, 74], "uv_size": [3, -3]}
							}
						}
					]
				},
				{
					"name": "LeftHand",
					"parent": "LeftForeArm",
					"pivot": [3.875, 18.925, 0.025],
					"cubes": [
						{
							"origin": [2.575, 18.15, -1.275],
							"size": [2.6, 1.9, 1.8],
							"pivot": [-0.5, 18.65, -0.575],
							"rotation": [-45, 0, 0],
							"uv": {
								"north": {"uv": [81, 40], "uv_size": [3, 2]},
								"east": {"uv": [91, 27], "uv_size": [2, 2]},
								"south": {"uv": [81, 42], "uv_size": [3, 2]},
								"west": {"uv": [51, 91], "uv_size": [2, 2]},
								"up": {"uv": [43, 81], "uv_size": [3, 2]},
								"down": {"uv": [81, 46], "uv_size": [3, -2]}
							}
						},
						{
							"origin": [2.575, 16.65, -1.475],
							"size": [2.7, 2, 2.7],
							"uv": {
								"north": {"uv": [81, 46], "uv_size": [3, 2]},
								"east": {"uv": [81, 48], "uv_size": [3, 2]},
								"south": {"uv": [81, 54], "uv_size": [3, 2]},
								"west": {"uv": [80, 81], "uv_size": [3, 2]},
								"up": {"uv": [0, 68], "uv_size": [3, 3]},
								"down": {"uv": [68, 3], "uv_size": [3, -3]}
							}
						}
					]
				},
				{
					"name": "LeftHandLocator",
					"parent": "LeftHand",
					"pivot": [3.875, 17.925, 0.025]
				},
				{
					"name": "ArmDress",
					"parent": "LeftHand",
					"pivot": [-3.7, 31.8, 0],
					"rotation": [0, 0, 15],
					"cubes": [
						{
							"origin": [4.575, 21.85, -2.075],
							"size": [3.3, 0.6, 3.9],
							"inflate": 0.5,
							"pivot": [7.925, 23.85, -0.125],
							"rotation": [0, 0, -15],
							"uv": {
								"north": {"uv": [108, 102], "uv_size": [3, 1]},
								"east": {"uv": [100, 58], "uv_size": [4, 1]},
								"south": {"uv": [108, 103], "uv_size": [3, 1]},
								"west": {"uv": [59, 100], "uv_size": [4, 1]},
								"up": {"uv": [65, 14], "uv_size": [3, 4]},
								"down": {"uv": [65, 27], "uv_size": [3, -4]}
							}
						},
						{
							"origin": [4.94174, 22.49621, -1.475],
							"size": [0, 0.9, 3],
							"inflate": 0.5,
							"pivot": [4.61221, 21.95276, -0.125],
							"rotation": [0, 0, -2],
							"uv": {
								"north": {"uv": [10, 49], "uv_size": [0, 1]},
								"east": {"uv": [109, 31], "uv_size": [3, 1]},
								"south": {"uv": [1, 17], "uv_size": [0, 1]},
								"west": {"uv": [109, 32], "uv_size": [3, 1]},
								"up": {"uv": [0, 0], "uv_size": [0, 3]},
								"down": {"uv": [0, 3], "uv_size": [0, -3]}
							}
						},
						{
							"origin": [8.94955, 21.54813, -2.55748],
							"size": [0.5, 1.6, 0.6],
							"pivot": [8.94599, 21.84813, -2.61103],
							"rotation": [-0.85361, -47.06726, -17.93292],
							"uv": {
								"north": {"uv": [122, 10], "uv_size": [1, 2]},
								"east": {"uv": [122, 12], "uv_size": [1, 2]},
								"south": {"uv": [122, 16], "uv_size": [1, 2]},
								"west": {"uv": [122, 18], "uv_size": [1, 2]},
								"up": {"uv": [147, 23], "uv_size": [1, 1]},
								"down": {"uv": [24, 148], "uv_size": [1, -1]}
							}
						},
						{
							"origin": [8.94955, 21.54813, 1.70748],
							"size": [0.5, 1.6, 0.6],
							"pivot": [8.94599, 21.84813, 2.36103],
							"rotation": [0.85361, 47.06726, -17.93292],
							"uv": {
								"north": {"uv": [122, 20], "uv_size": [1, 2]},
								"east": {"uv": [22, 122], "uv_size": [1, 2]},
								"south": {"uv": [122, 22], "uv_size": [1, 2]},
								"west": {"uv": [122, 24], "uv_size": [1, 2]},
								"up": {"uv": [147, 24], "uv_size": [1, 1]},
								"down": {"uv": [25, 148], "uv_size": [1, -1]}
							}
						},
						{
							"origin": [5.25361, 23.09309, -2.075],
							"size": [2.6, 0.6, 0],
							"inflate": 0.5,
							"pivot": [6.70881, 22.61342, -2.575],
							"rotation": [-28, 0, -15],
							"uv": {
								"north": {"uv": [28, 78], "uv_size": [3, 1]},
								"east": {"uv": [10, 49], "uv_size": [0, 1]},
								"south": {"uv": [105, 108], "uv_size": [3, 1]},
								"west": {"uv": [11, 49], "uv_size": [0, 1]},
								"up": {"uv": [13, 48], "uv_size": [3, 0]},
								"down": {"uv": [9, 52], "uv_size": [3, 0]}
							}
						},
						{
							"origin": [5.1681, 23.03706, 1.82833],
							"size": [3, 2.9, 0],
							"inflate": 0.5,
							"pivot": [6.53869, 22.53505, 2.30795],
							"rotation": [9, 0, -15],
							"uv": {
								"north": {"uv": [61, 71], "uv_size": [3, 3]},
								"east": {"uv": [9, 50], "uv_size": [0, 3]},
								"south": {"uv": [72, 6], "uv_size": [3, 3]},
								"west": {"uv": [0, 15], "uv_size": [0, 3]},
								"up": {"uv": [9, 49], "uv_size": [3, 0]},
								"down": {"uv": [13, 48], "uv_size": [3, 0]}
							}
						},
						{
							"origin": [4.17414, 26.35917, -1.21924],
							"size": [2.7, 0, 2.4],
							"inflate": 0.5,
							"pivot": [5.52414, 26.35917, -0.01924],
							"rotation": [8.97843, -0.62524, -11.04909],
							"uv": {
								"north": {"uv": [17, 49], "uv_size": [3, 0]},
								"east": {"uv": [10, 49], "uv_size": [2, 0]},
								"south": {"uv": [0, 20], "uv_size": [3, 0]},
								"west": {"uv": [0, 17], "uv_size": [2, 0]},
								"up": {"uv": [88, 84], "uv_size": [3, 2]},
								"down": {"uv": [86, 90], "uv_size": [3, -2]}
							}
						},
						{
							"origin": [4.86824, 22.38993, -1.19435],
							"size": [0, 2.9, 1.8],
							"inflate": 0.5,
							"pivot": [4.86824, 23.53993, 0.60565],
							"rotation": [9.0054, -1.97537, -15.31299],
							"uv": {
								"north": {"uv": [0, 0], "uv_size": [0, 3]},
								"east": {"uv": [88, 77], "uv_size": [2, 3]},
								"south": {"uv": [0, 0], "uv_size": [0, 3]},
								"west": {"uv": [78, 88], "uv_size": [2, 3]},
								"up": {"uv": [0, 0], "uv_size": [0, 2]},
								"down": {"uv": [0, 2], "uv_size": [0, -2]}
							}
						},
						{
							"origin": [4.50635, 25.93455, -1.80343],
							"size": [2.7, 0.6, 0],
							"inflate": 0.5,
							"pivot": [6.36155, 25.45488, -2.30343],
							"rotation": [-12, 0, -15],
							"uv": {
								"north": {"uv": [108, 105], "uv_size": [3, 1]},
								"east": {"uv": [9, 49], "uv_size": [0, 1]},
								"south": {"uv": [108, 107], "uv_size": [3, 1]},
								"west": {"uv": [1, 19], "uv_size": [0, 1]},
								"up": {"uv": [0, 18], "uv_size": [3, 0]},
								"down": {"uv": [0, 16], "uv_size": [3, 0]}
							}
						},
						{
							"origin": [4.50635, 24.23455, -1.80343],
							"size": [2.7, 0.7, 0],
							"inflate": 0.5,
							"pivot": [6.36155, 25.45488, -2.30343],
							"rotation": [12, 0, -15],
							"uv": {
								"north": {"uv": [108, 108], "uv_size": [3, 1]},
								"east": {"uv": [1, 17], "uv_size": [0, 1]},
								"south": {"uv": [109, 0], "uv_size": [3, 1]},
								"west": {"uv": [1, 17], "uv_size": [0, 1]},
								"up": {"uv": [11, 49], "uv_size": [3, 0]},
								"down": {"uv": [14, 48], "uv_size": [3, 0]}
							}
						},
						{
							"origin": [5.73907, 22.52181, -1.89971],
							"size": [2.5, 0.9, 0],
							"inflate": 0.5,
							"pivot": [8.28907, 22.92181, 0.05029],
							"rotation": [-19.37484, 2.21808, -35.94705],
							"uv": {
								"north": {"uv": [122, 14], "uv_size": [2, 1]},
								"east": {"uv": [18, 49], "uv_size": [0, 1]},
								"south": {"uv": [122, 26], "uv_size": [2, 1]},
								"west": {"uv": [10, 50], "uv_size": [0, 1]},
								"up": {"uv": [13, 49], "uv_size": [2, 0]},
								"down": {"uv": [9, 49], "uv_size": [2, 0]}
							}
						},
						{
							"origin": [5.97762, 20.44525, -1.475],
							"size": [2.7, 0.3, 0],
							"inflate": 0.5,
							"pivot": [7.26892, 19.88982, -1.875],
							"rotation": [27, 0, -15],
							"uv": {
								"north": {"uv": [109, 1], "uv_size": [3, 1]},
								"east": {"uv": [28, 78], "uv_size": [0, 1]},
								"south": {"uv": [109, 2], "uv_size": [3, 1]},
								"west": {"uv": [10, 50], "uv_size": [0, 1]},
								"up": {"uv": [13, 49], "uv_size": [3, 0]},
								"down": {"uv": [9, 49], "uv_size": [3, 0]}
							}
						},
						{
							"origin": [7.76873, 20.89421, 0.36873],
							"size": [2.7, 0.3, 0],
							"inflate": 0.5,
							"pivot": [9.11873, 20.40766, -0.13871],
							"rotation": [0, -90, 12],
							"uv": {
								"north": {"uv": [109, 3], "uv_size": [3, 1]},
								"east": {"uv": [25, 78], "uv_size": [0, 1]},
								"south": {"uv": [109, 4], "uv_size": [3, 1]},
								"west": {"uv": [10, 50], "uv_size": [0, 1]},
								"up": {"uv": [13, 49], "uv_size": [3, 0]},
								"down": {"uv": [9, 49], "uv_size": [3, 0]}
							}
						},
						{
							"origin": [6.62635, 24.16726, 0.29871],
							"size": [3.1, 0.6, 0],
							"inflate": 0.5,
							"pivot": [8.17635, 25.1663, -0.13871],
							"rotation": [0, -90, -21],
							"uv": {
								"north": {"uv": [109, 5], "uv_size": [3, 1]},
								"east": {"uv": [1, 17], "uv_size": [0, 1]},
								"south": {"uv": [15, 109], "uv_size": [3, 1]},
								"west": {"uv": [1, 18], "uv_size": [0, 1]},
								"up": {"uv": [9, 48], "uv_size": [3, 0]},
								"down": {"uv": [13, 50], "uv_size": [3, 0]}
							}
						},
						{
							"origin": [7.22635, 22.08929, 0.35715],
							"size": [3.1, 1.2, 0],
							"inflate": 0.5,
							"pivot": [8.77635, 23.7663, -0.13871],
							"rotation": [0, -90, -16],
							"uv": {
								"north": {"uv": [109, 38], "uv_size": [3, 1]},
								"east": {"uv": [1, 16], "uv_size": [0, 1]},
								"south": {"uv": [109, 39], "uv_size": [3, 1]},
								"west": {"uv": [1, 56], "uv_size": [0, 1]},
								"up": {"uv": [12, 49], "uv_size": [3, 0]},
								"down": {"uv": [0, 52], "uv_size": [3, 0]}
							}
						},
						{
							"origin": [4.88228, 23.8274, -1.67075],
							"size": [2.2, 0.6, 0],
							"inflate": 0.5,
							"pivot": [7.2411, 24.1274, -2.63668],
							"rotation": [0, 4, -18],
							"uv": {
								"north": {"uv": [122, 27], "uv_size": [2, 1]},
								"east": {"uv": [1, 17], "uv_size": [0, 1]},
								"south": {"uv": [122, 28], "uv_size": [2, 1]},
								"west": {"uv": [10, 50], "uv_size": [0, 1]},
								"up": {"uv": [14, 49], "uv_size": [2, 0]},
								"down": {"uv": [11, 49], "uv_size": [2, 0]}
							}
						},
						{
							"origin": [6.15144, 25.35557, -0.13871],
							"size": [2.7, 0, 0],
							"inflate": 0.5,
							"pivot": [7.50144, 25.35557, -0.13871],
							"rotation": [0, -90, -39],
							"uv": {
								"north": {"uv": [9, 49], "uv_size": [3, 0]},
								"east": {"uv": [14, 49], "uv_size": [0, 0]},
								"south": {"uv": [15, 49], "uv_size": [3, 0]},
								"west": {"uv": [13, 49], "uv_size": [0, 0]},
								"up": {"uv": [9, 50], "uv_size": [3, 0]},
								"down": {"uv": [15, 50], "uv_size": [3, 0]}
							}
						},
						{
							"origin": [6.15144, 25.45557, -0.53871],
							"size": [2.7, 0, 0],
							"inflate": 0.5,
							"pivot": [7.50144, 25.35557, -0.13871],
							"rotation": [0, -90, -89],
							"uv": {
								"north": {"uv": [0, 57], "uv_size": [3, 0]},
								"east": {"uv": [1, 19], "uv_size": [0, 0]},
								"south": {"uv": [8, 50], "uv_size": [3, 0]},
								"west": {"uv": [1, 17], "uv_size": [0, 0]},
								"up": {"uv": [16, 50], "uv_size": [3, 0]},
								"down": {"uv": [0, 18], "uv_size": [3, 0]}
							}
						},
						{
							"origin": [6.49902, 25.36592, -1.73871],
							"size": [2.7, 0, 0.2],
							"inflate": 0.5,
							"pivot": [7.84902, 25.26592, -0.13871],
							"rotation": [0, -90, -110],
							"uv": {
								"north": {"uv": [0, 18], "uv_size": [3, 0]},
								"east": {"uv": [9, 50], "uv_size": [1, 0]},
								"south": {"uv": [11, 49], "uv_size": [3, 0]},
								"west": {"uv": [0, 58], "uv_size": [1, 0]},
								"up": {"uv": [35, 109], "uv_size": [3, 1]},
								"down": {"uv": [109, 38], "uv_size": [3, -1]}
							}
						},
						{
							"origin": [4.24357, 19.98008, -0.53871],
							"size": [2.7, 0.2, 0],
							"inflate": 0.5,
							"pivot": [5.59357, 19.53726, -0.13871],
							"rotation": [0, -90, -34],
							"uv": {
								"north": {"uv": [18, 109], "uv_size": [3, 1]},
								"east": {"uv": [27, 78], "uv_size": [0, 1]},
								"south": {"uv": [21, 109], "uv_size": [3, 1]},
								"west": {"uv": [10, 50], "uv_size": [0, 1]},
								"up": {"uv": [13, 49], "uv_size": [3, 0]},
								"down": {"uv": [9, 49], "uv_size": [3, 0]}
							}
						},
						{
							"origin": [5.96031, 20.388, 1.23598],
							"size": [2.7, 0.3, 0],
							"inflate": 0.5,
							"pivot": [7.25161, 19.95442, 1.75187],
							"rotation": [-28, 0, -15],
							"uv": {
								"north": {"uv": [24, 109], "uv_size": [3, 1]},
								"east": {"uv": [18, 49], "uv_size": [0, 1]},
								"south": {"uv": [109, 30], "uv_size": [3, 1]},
								"west": {"uv": [10, 50], "uv_size": [0, 1]},
								"up": {"uv": [13, 49], "uv_size": [3, 0]},
								"down": {"uv": [9, 49], "uv_size": [3, 0]}
							}
						},
						{
							"origin": [4.05, 25.05, -2.3],
							"size": [3.85, 0.5, 4.15],
							"inflate": 0.1,
							"pivot": [6.525, 25.5, -1.125],
							"rotation": [0, 0, -15],
							"uv": {
								"north": {"uv": [101, 95], "uv_size": [4, 1]},
								"east": {"uv": [4, 102], "uv_size": [4, 1]},
								"south": {"uv": [102, 4], "uv_size": [4, 1]},
								"west": {"uv": [102, 5], "uv_size": [4, 1]},
								"up": {"uv": [12, 47], "uv_size": [4, 4]},
								"down": {"uv": [12, 51], "uv_size": [4, -4]}
							}
						},
						{
							"origin": [4.05, 26.05, -2.1],
							"size": [3.95, 0.5, 3.95],
							"inflate": 0.1,
							"pivot": [6.525, 25.5, -1.125],
							"rotation": [0, 0, -15],
							"uv": {
								"north": {"uv": [16, 102], "uv_size": [4, 1]},
								"east": {"uv": [25, 102], "uv_size": [4, 1]},
								"south": {"uv": [102, 29], "uv_size": [4, 1]},
								"west": {"uv": [102, 34], "uv_size": [4, 1]},
								"up": {"uv": [47, 16], "uv_size": [4, 4]},
								"down": {"uv": [47, 24], "uv_size": [4, -4]}
							}
						},
						{
							"origin": [6.75, 26.05, -2.2],
							"size": [0, 0.5, 0.05],
							"inflate": 0.1,
							"pivot": [6.525, 25.5, -0.925],
							"rotation": [0, 0, -15],
							"uv": {
								"north": {"uv": [5, 15], "uv_size": [0, 1]},
								"east": {"uv": [149, 114], "uv_size": [1, 1]},
								"south": {"uv": [5, 15], "uv_size": [0, 1]},
								"west": {"uv": [115, 149], "uv_size": [1, 1]},
								"up": {"uv": [4, 15], "uv_size": [0, 1]},
								"down": {"uv": [6, 16], "uv_size": [0, -1]}
							}
						},
						{
							"origin": [5.95, 26.05, -2.2],
							"size": [0, 0.5, 0.05],
							"inflate": 0.1,
							"pivot": [6.525, 25.5, -0.925],
							"rotation": [0, 0, -15],
							"uv": {
								"north": {"uv": [5, 15], "uv_size": [0, 1]},
								"east": {"uv": [149, 115], "uv_size": [1, 1]},
								"south": {"uv": [5, 15], "uv_size": [0, 1]},
								"west": {"uv": [116, 149], "uv_size": [1, 1]},
								"up": {"uv": [4, 15], "uv_size": [0, 1]},
								"down": {"uv": [6, 16], "uv_size": [0, -1]}
							}
						},
						{
							"origin": [4.93017, 25.99529, -2.2],
							"size": [0, 0.8, 0.05],
							"inflate": 0.1,
							"pivot": [5.60517, 25.74529, -0.925],
							"rotation": [0, 0, 75],
							"uv": {
								"north": {"uv": [5, 15], "uv_size": [0, 1]},
								"east": {"uv": [149, 116], "uv_size": [1, 1]},
								"south": {"uv": [5, 15], "uv_size": [0, 1]},
								"west": {"uv": [117, 149], "uv_size": [1, 1]},
								"up": {"uv": [4, 15], "uv_size": [0, 1]},
								"down": {"uv": [6, 16], "uv_size": [0, -1]}
							}
						},
						{
							"origin": [5.63017, 25.99529, -2.2],
							"size": [0, 0.8, 0.05],
							"inflate": 0.1,
							"pivot": [5.60517, 25.74529, -0.925],
							"rotation": [0, 0, 75],
							"uv": {
								"north": {"uv": [5, 15], "uv_size": [0, 1]},
								"east": {"uv": [149, 117], "uv_size": [1, 1]},
								"south": {"uv": [5, 15], "uv_size": [0, 1]},
								"west": {"uv": [118, 149], "uv_size": [1, 1]},
								"up": {"uv": [4, 15], "uv_size": [0, 1]},
								"down": {"uv": [6, 16], "uv_size": [0, -1]}
							}
						},
						{
							"origin": [6.65, 24.95, -2.4],
							"size": [0, 0.5, 0.05],
							"inflate": 0.1,
							"pivot": [6.425, 24.4, -1.125],
							"rotation": [0, 0, -15],
							"uv": {
								"north": {"uv": [5, 15], "uv_size": [0, 1]},
								"east": {"uv": [149, 121], "uv_size": [1, 1]},
								"south": {"uv": [5, 15], "uv_size": [0, 1]},
								"west": {"uv": [122, 149], "uv_size": [1, 1]},
								"up": {"uv": [4, 15], "uv_size": [0, 1]},
								"down": {"uv": [6, 16], "uv_size": [0, -1]}
							}
						},
						{
							"origin": [5.85, 24.95, -2.4],
							"size": [0, 0.5, 0.05],
							"inflate": 0.1,
							"pivot": [6.425, 24.4, -1.125],
							"rotation": [0, 0, -15],
							"uv": {
								"north": {"uv": [5, 15], "uv_size": [0, 1]},
								"east": {"uv": [149, 120], "uv_size": [1, 1]},
								"south": {"uv": [5, 15], "uv_size": [0, 1]},
								"west": {"uv": [121, 149], "uv_size": [1, 1]},
								"up": {"uv": [4, 15], "uv_size": [0, 1]},
								"down": {"uv": [6, 16], "uv_size": [0, -1]}
							}
						},
						{
							"origin": [4.83017, 24.89529, -2.4],
							"size": [0, 0.8, 0.05],
							"inflate": 0.1,
							"pivot": [5.50517, 24.64529, -1.125],
							"rotation": [0, 0, 75],
							"uv": {
								"north": {"uv": [5, 15], "uv_size": [0, 1]},
								"east": {"uv": [149, 119], "uv_size": [1, 1]},
								"south": {"uv": [5, 15], "uv_size": [0, 1]},
								"west": {"uv": [120, 149], "uv_size": [1, 1]},
								"up": {"uv": [4, 15], "uv_size": [0, 1]},
								"down": {"uv": [6, 16], "uv_size": [0, -1]}
							}
						},
						{
							"origin": [5.53017, 24.89529, -2.4],
							"size": [0, 0.8, 0.05],
							"inflate": 0.1,
							"pivot": [5.50517, 24.64529, -1.125],
							"rotation": [0, 0, 75],
							"uv": {
								"north": {"uv": [5, 15], "uv_size": [0, 1]},
								"east": {"uv": [149, 118], "uv_size": [1, 1]},
								"south": {"uv": [5, 15], "uv_size": [0, 1]},
								"west": {"uv": [119, 149], "uv_size": [1, 1]},
								"up": {"uv": [4, 15], "uv_size": [0, 1]},
								"down": {"uv": [6, 16], "uv_size": [0, -1]}
							}
						}
					]
				},
				{
					"name": "RightArm",
					"pivot": [-4.4, 29.6, 0],
					"rotation": [0, -10, 0],
					"cubes": [
						{
							"origin": [-5.8, 24.55, -1.5],
							"size": [2.75, 6.2, 3.05],
							"uv": {
								"north": {"uv": [24, 36], "uv_size": [3, 6]},
								"east": {"uv": [27, 36], "uv_size": [3, 6]},
								"south": {"uv": [0, 37], "uv_size": [3, 6]},
								"west": {"uv": [3, 37], "uv_size": [3, 6]},
								"up": {"uv": [3, 68], "uv_size": [3, 3]},
								"down": {"uv": [6, 71], "uv_size": [3, -3]}
							}
						},
						{
							"origin": [-5.62141, 26.29801, -1.53342],
							"size": [1.75, 4.1, 3.05],
							"inflate": 0.25,
							"pivot": [-5.99641, 30.69801, -0.00842],
							"rotation": [0, 0, 6],
							"uv": {
								"north": {"uv": [75, 14], "uv_size": [2, 4]},
								"east": {"uv": [65, 0], "uv_size": [3, 4]},
								"south": {"uv": [75, 18], "uv_size": [2, 4]},
								"west": {"uv": [65, 10], "uv_size": [3, 4]},
								"up": {"uv": [44, 88], "uv_size": [2, 3]},
								"down": {"uv": [51, 91], "uv_size": [2, -3]}
							}
						},
						{
							"origin": [-6.48216, 28.90313, -4.3542],
							"size": [1, 0.1, 3.45],
							"pivot": [-4.83216, 28.95313, -2.4292],
							"rotation": [80.64753, 48.47555, -4.86339],
							"uv": {
								"north": {"uv": [147, 22], "uv_size": [1, 1]},
								"east": {"uv": [108, 28], "uv_size": [3, 1]},
								"south": {"uv": [23, 147], "uv_size": [1, 1]},
								"west": {"uv": [108, 29], "uv_size": [3, 1]},
								"up": {"uv": [40, 108], "uv_size": [1, 3]},
								"down": {"uv": [41, 111], "uv_size": [1, -3]}
							}
						},
						{
							"origin": [-5.54839, 28.9378, -4.0258],
							"size": [1.6, 0.1, 3.45],
							"pivot": [-4.79839, 28.9878, -2.1008],
							"rotation": [77.52578, 29.38636, -10.90627],
							"uv": {
								"north": {"uv": [122, 8], "uv_size": [2, 1]},
								"east": {"uv": [108, 26], "uv_size": [3, 1]},
								"south": {"uv": [122, 9], "uv_size": [2, 1]},
								"west": {"uv": [108, 27], "uv_size": [3, 1]},
								"up": {"uv": [70, 88], "uv_size": [2, 3]},
								"down": {"uv": [76, 91], "uv_size": [2, -3]}
							}
						},
						{
							"origin": [-4.92141, 26.79801, -1.53342],
							"size": [1.85, 1.3, 3.05],
							"pivot": [-5.99641, 30.69801, -0.00842],
							"rotation": [0, 0, 6],
							"uv": {
								"north": {"uv": [122, 5], "uv_size": [2, 1]},
								"east": {"uv": [108, 24], "uv_size": [3, 1]},
								"south": {"uv": [122, 7], "uv_size": [2, 1]},
								"west": {"uv": [108, 25], "uv_size": [3, 1]},
								"up": {"uv": [60, 88], "uv_size": [2, 3]},
								"down": {"uv": [62, 91], "uv_size": [2, -3]}
							}
						}
					]
				},
				{
					"name": "RightForeArm",
					"parent": "RightArm",
					"pivot": [-3.875, 24.4, 0.025],
					"cubes": [
						{
							"origin": [-5.7, 23.57586, -0.85842],
							"size": [2.65, 2.1, 2.1],
							"pivot": [-4.275, 24.82586, 0.09158],
							"rotation": [-45, 0, 0],
							"uv": {
								"north": {"uv": [82, 2], "uv_size": [3, 2]},
								"east": {"uv": [91, 54], "uv_size": [2, 2]},
								"south": {"uv": [82, 6], "uv_size": [3, 2]},
								"west": {"uv": [91, 57], "uv_size": [2, 2]},
								"up": {"uv": [83, 12], "uv_size": [3, 2]},
								"down": {"uv": [83, 16], "uv_size": [3, -2]}
							}
						},
						{
							"origin": [-5.775, 18.65, -1.475],
							"size": [2.7, 6, 3],
							"uv": {
								"north": {"uv": [9, 37], "uv_size": [3, 6]},
								"east": {"uv": [12, 37], "uv_size": [3, 6]},
								"south": {"uv": [15, 37], "uv_size": [3, 6]},
								"west": {"uv": [18, 37], "uv_size": [3, 6]},
								"up": {"uv": [9, 68], "uv_size": [3, 3]},
								"down": {"uv": [68, 13], "uv_size": [3, -3]}
							}
						},
						{
							"origin": [-5.775, 19.25, -1.475],
							"size": [2.7, 0.1, 3],
							"inflate": 0.01,
							"uv": {
								"north": {"uv": [108, 88], "uv_size": [3, 1]},
								"east": {"uv": [108, 89], "uv_size": [3, 1]},
								"south": {"uv": [108, 90], "uv_size": [3, 1]},
								"west": {"uv": [108, 95], "uv_size": [3, 1]},
								"up": {"uv": [71, 46], "uv_size": [3, 3]},
								"down": {"uv": [71, 52], "uv_size": [3, -3]}
							}
						}
					]
				},
				{
					"name": "RightHand",
					"parent": "RightForeArm",
					"pivot": [-4.375, 18.925, 0.025],
					"cubes": [
						{
							"origin": [-5.678, 18.15, -1.275],
							"size": [2.6, 2.1, 2],
							"pivot": [0, 18.65, -0.575],
							"rotation": [-45, 0, 0],
							"uv": {
								"north": {"uv": [83, 16], "uv_size": [3, 2]},
								"east": {"uv": [91, 59], "uv_size": [2, 2]},
								"south": {"uv": [83, 18], "uv_size": [3, 2]},
								"west": {"uv": [60, 91], "uv_size": [2, 2]},
								"up": {"uv": [83, 20], "uv_size": [3, 2]},
								"down": {"uv": [83, 24], "uv_size": [3, -2]}
							}
						},
						{
							"origin": [-5.775, 16.65, -1.475],
							"size": [2.7, 2, 3],
							"uv": {
								"north": {"uv": [23, 83], "uv_size": [3, 2]},
								"east": {"uv": [26, 83], "uv_size": [3, 2]},
								"south": {"uv": [36, 83], "uv_size": [3, 2]},
								"west": {"uv": [43, 83], "uv_size": [3, 2]},
								"up": {"uv": [12, 68], "uv_size": [3, 3]},
								"down": {"uv": [68, 16], "uv_size": [3, -3]}
							}
						}
					]
				},
				{
					"name": "ArmDress2",
					"parent": "RightHand",
					"pivot": [3.2, 31.8, 0.2],
					"rotation": [0, 0, -15],
					"cubes": [
						{
							"origin": [-8.375, 22.65, -1.875],
							"size": [3.3, 0.6, 3.9],
							"inflate": 0.5,
							"pivot": [-8.425, 23.85, 0.075],
							"rotation": [0, 0, 15],
							"uv": {
								"north": {"uv": [109, 47], "uv_size": [3, 1]},
								"east": {"uv": [100, 90], "uv_size": [4, 1]},
								"south": {"uv": [109, 48], "uv_size": [3, 1]},
								"west": {"uv": [101, 6], "uv_size": [4, 1]},
								"up": {"uv": [65, 27], "uv_size": [3, 4]},
								"down": {"uv": [66, 35], "uv_size": [3, -4]}
							}
						},
						{
							"origin": [-5.26178, 23.27571, -1.275],
							"size": [0, 0.9, 3],
							"inflate": 0.5,
							"pivot": [-5.11221, 21.95276, 0.075],
							"rotation": [0, 0, 2],
							"uv": {
								"north": {"uv": [49, 2], "uv_size": [0, 1]},
								"east": {"uv": [25, 78], "uv_size": [3, 1]},
								"south": {"uv": [51, 3], "uv_size": [0, 1]},
								"west": {"uv": [68, 7], "uv_size": [3, 1]},
								"up": {"uv": [50, 1], "uv_size": [0, 3]},
								"down": {"uv": [51, 4], "uv_size": [0, -3]}
							}
						},
						{
							"origin": [-9.97743, 22.34655, -2.39935],
							"size": [0.5, 1.6, 0.6],
							"pivot": [-9.44599, 21.84813, -2.41103],
							"rotation": [-0.85361, 47.06726, 17.93292],
							"uv": {
								"north": {"uv": [122, 43], "uv_size": [1, 2]},
								"east": {"uv": [45, 122], "uv_size": [1, 2]},
								"south": {"uv": [122, 45], "uv_size": [1, 2]},
								"west": {"uv": [46, 122], "uv_size": [1, 2]},
								"up": {"uv": [147, 34], "uv_size": [1, 1]},
								"down": {"uv": [35, 148], "uv_size": [1, -1]}
							}
						},
						{
							"origin": [-9.97743, 22.34655, 1.94935],
							"size": [0.5, 1.6, 0.6],
							"pivot": [-9.44599, 21.84813, 2.56103],
							"rotation": [0.85361, -47.06726, 17.93292],
							"uv": {
								"north": {"uv": [122, 47], "uv_size": [1, 2]},
								"east": {"uv": [122, 51], "uv_size": [1, 2]},
								"south": {"uv": [122, 53], "uv_size": [1, 2]},
								"west": {"uv": [122, 55], "uv_size": [1, 2]},
								"up": {"uv": [147, 35], "uv_size": [1, 1]},
								"down": {"uv": [36, 148], "uv_size": [1, -1]}
							}
						},
						{
							"origin": [-8.35361, 23.79945, -2.25058],
							"size": [2.6, 0.6, 0],
							"inflate": 0.5,
							"pivot": [-7.20881, 22.61342, -2.375],
							"rotation": [-28, 0, 15],
							"uv": {
								"north": {"uv": [36, 79], "uv_size": [3, 1]},
								"east": {"uv": [49, 2], "uv_size": [0, 1]},
								"south": {"uv": [26, 80], "uv_size": [3, 1]},
								"west": {"uv": [50, 3], "uv_size": [0, 1]},
								"up": {"uv": [50, 1], "uv_size": [3, 0]},
								"down": {"uv": [50, 2], "uv_size": [3, 0]}
							}
						},
						{
							"origin": [-8.6681, 23.82721, 2.15348],
							"size": [3, 2.9, 0],
							"inflate": 0.5,
							"pivot": [-7.03869, 22.53505, 2.50795],
							"rotation": [9, 0, 15],
							"uv": {
								"north": {"uv": [72, 16], "uv_size": [3, 3]},
								"east": {"uv": [51, 2], "uv_size": [0, 3]},
								"south": {"uv": [72, 19], "uv_size": [3, 3]},
								"west": {"uv": [23, 78], "uv_size": [0, 3]},
								"up": {"uv": [50, 1], "uv_size": [3, 0]},
								"down": {"uv": [48, 3], "uv_size": [3, 0]}
							}
						},
						{
							"origin": [-7.31902, 27.1474, -0.89409],
							"size": [2.7, 1.9, 2.4],
							"inflate": 0.5,
							"pivot": [-6.02414, 26.35917, 0.18076],
							"rotation": [8.97843, 0.62524, 11.04909],
							"uv": {
								"north": {"uv": [88, 86], "uv_size": [3, 2]},
								"east": {"uv": [101, 16], "uv_size": [2, 2]},
								"south": {"uv": [6, 89], "uv_size": [3, 2]},
								"west": {"uv": [101, 18], "uv_size": [2, 2]},
								"up": {"uv": [9, 89], "uv_size": [3, 2]},
								"down": {"uv": [89, 11], "uv_size": [3, -2]}
							}
						},
						{
							"origin": [-5.37261, 23.18008, -0.86928],
							"size": [0, 2.9, 1.8],
							"inflate": 0.5,
							"pivot": [-5.36824, 23.53993, 0.80565],
							"rotation": [9.0054, 1.97537, 15.31299],
							"uv": {
								"north": {"uv": [0, 0], "uv_size": [0, 3]},
								"east": {"uv": [12, 89], "uv_size": [2, 3]},
								"south": {"uv": [0, 0], "uv_size": [0, 3]},
								"west": {"uv": [14, 89], "uv_size": [2, 3]},
								"up": {"uv": [0, 0], "uv_size": [0, 2]},
								"down": {"uv": [0, 2], "uv_size": [0, -2]}
							}
						},
						{
							"origin": [-7.70635, 26.71707, -1.76976],
							"size": [2.7, 0.6, 0],
							"inflate": 0.5,
							"pivot": [-6.86155, 25.45488, -2.10343],
							"rotation": [-12, 0, 15],
							"uv": {
								"north": {"uv": [49, 1], "uv_size": [3, 1]},
								"east": {"uv": [49, 2], "uv_size": [0, 1]},
								"south": {"uv": [109, 54], "uv_size": [3, 1]},
								"west": {"uv": [49, 2], "uv_size": [0, 1]},
								"up": {"uv": [49, 4], "uv_size": [3, 0]},
								"down": {"uv": [50, 3], "uv_size": [3, 0]}
							}
						},
						{
							"origin": [-7.70635, 25.01707, -1.4371],
							"size": [2.7, 0.7, 0],
							"inflate": 0.5,
							"pivot": [-6.86155, 25.45488, -2.10343],
							"rotation": [12, 0, 15],
							"uv": {
								"north": {"uv": [36, 79], "uv_size": [3, 1]},
								"east": {"uv": [49, 1], "uv_size": [0, 1]},
								"south": {"uv": [109, 55], "uv_size": [3, 1]},
								"west": {"uv": [49, 3], "uv_size": [0, 1]},
								"up": {"uv": [50, 1], "uv_size": [3, 0]},
								"down": {"uv": [50, 3], "uv_size": [3, 0]}
							}
						},
						{
							"origin": [-9.02486, 23.2303, -1.93713],
							"size": [2.5, 0.9, 0],
							"inflate": 0.5,
							"pivot": [-8.78907, 22.92181, 0.25029],
							"rotation": [-19.37484, -2.21808, 35.94705],
							"uv": {
								"north": {"uv": [122, 49], "uv_size": [2, 1]},
								"east": {"uv": [51, 2], "uv_size": [0, 1]},
								"south": {"uv": [122, 58], "uv_size": [2, 1]},
								"west": {"uv": [48, 1], "uv_size": [0, 1]},
								"up": {"uv": [50, 1], "uv_size": [2, 0]},
								"down": {"uv": [48, 3], "uv_size": [2, 0]}
							}
						},
						{
							"origin": [-9.17762, 21.15806, -0.91181],
							"size": [2.7, 0.3, 0],
							"inflate": 0.5,
							"pivot": [-7.76892, 19.88982, -1.675],
							"rotation": [27, 0, 15],
							"uv": {
								"north": {"uv": [109, 56], "uv_size": [3, 1]},
								"east": {"uv": [51, 2], "uv_size": [0, 1]},
								"south": {"uv": [109, 57], "uv_size": [3, 1]},
								"west": {"uv": [48, 1], "uv_size": [0, 1]},
								"up": {"uv": [50, 1], "uv_size": [3, 0]},
								"down": {"uv": [48, 3], "uv_size": [3, 0]}
							}
						},
						{
							"origin": [-10.96873, 21.60702, 0.93192],
							"size": [2.7, 0.3, 0],
							"inflate": 0.5,
							"pivot": [-9.61873, 20.40766, 0.06129],
							"rotation": [0, 90, -12],
							"uv": {
								"north": {"uv": [58, 109], "uv_size": [3, 1]},
								"east": {"uv": [51, 2], "uv_size": [0, 1]},
								"south": {"uv": [109, 58], "uv_size": [3, 1]},
								"west": {"uv": [48, 1], "uv_size": [0, 1]},
								"up": {"uv": [50, 1], "uv_size": [3, 0]},
								"down": {"uv": [48, 3], "uv_size": [3, 0]}
							}
						},
						{
							"origin": [-10.22635, 24.96288, 0.41509],
							"size": [3.1, 0.6, 0],
							"inflate": 0.5,
							"pivot": [-8.67635, 25.1663, 0.06129],
							"rotation": [0, 90, 21],
							"uv": {
								"north": {"uv": [109, 60], "uv_size": [3, 1]},
								"east": {"uv": [51, 2], "uv_size": [0, 1]},
								"south": {"uv": [61, 109], "uv_size": [3, 1]},
								"west": {"uv": [48, 1], "uv_size": [0, 1]},
								"up": {"uv": [50, 1], "uv_size": [3, 0]},
								"down": {"uv": [48, 3], "uv_size": [3, 0]}
							}
						},
						{
							"origin": [-10.82635, 22.88917, 0.54319],
							"size": [3.1, 1.2, 0],
							"inflate": 0.5,
							"pivot": [-9.27635, 23.7663, 0.06129],
							"rotation": [0, 90, 16],
							"uv": {
								"north": {"uv": [109, 65], "uv_size": [3, 1]},
								"east": {"uv": [51, 2], "uv_size": [0, 1]},
								"south": {"uv": [67, 109], "uv_size": [3, 1]},
								"west": {"uv": [48, 1], "uv_size": [0, 1]},
								"up": {"uv": [50, 1], "uv_size": [3, 0]},
								"down": {"uv": [48, 3], "uv_size": [3, 0]}
							}
						},
						{
							"origin": [-7.62405, 24.6263, -1.46783],
							"size": [2.2, 0.6, 0],
							"inflate": 0.5,
							"pivot": [-7.7411, 24.1274, -2.43668],
							"rotation": [0, -4, 18],
							"uv": {
								"north": {"uv": [122, 59], "uv_size": [2, 1]},
								"east": {"uv": [0, 0], "uv_size": [0, 1]},
								"south": {"uv": [122, 61], "uv_size": [2, 1]},
								"west": {"uv": [0, 0], "uv_size": [0, 1]},
								"up": {"uv": [0, 0], "uv_size": [2, 0]},
								"down": {"uv": [0, 0], "uv_size": [2, 0]}
							}
						},
						{
							"origin": [-9.35144, 26.08641, -0.2641],
							"size": [2.7, 0, 0],
							"inflate": 0.5,
							"pivot": [-8.00144, 25.35557, 0.06129],
							"rotation": [0, 90, 39],
							"uv": {
								"north": {"uv": [47, 4], "uv_size": [3, 0]},
								"east": {"uv": [51, 2], "uv_size": [0, 0]},
								"south": {"uv": [0, 0], "uv_size": [3, 0]},
								"west": {"uv": [48, 1], "uv_size": [0, 0]},
								"up": {"uv": [50, 1], "uv_size": [3, 0]},
								"down": {"uv": [48, 3], "uv_size": [3, 0]}
							}
						},
						{
							"origin": [-9.35144, 25.67608, -1.10772],
							"size": [2.7, 0, 0],
							"inflate": 0.5,
							"pivot": [-8.00144, 25.35557, 0.06129],
							"rotation": [0, 90, 89],
							"uv": {
								"north": {"uv": [49, 3], "uv_size": [3, 0]},
								"east": {"uv": [52, 2], "uv_size": [0, 0]},
								"south": {"uv": [49, 4], "uv_size": [3, 0]},
								"west": {"uv": [48, 4], "uv_size": [0, 0]},
								"up": {"uv": [48, 2], "uv_size": [3, 0]},
								"down": {"uv": [48, 1], "uv_size": [3, 0]}
							}
						},
						{
							"origin": [-9.69902, 25.2962, -2.33567],
							"size": [2.7, 0, 0.2],
							"inflate": 0.5,
							"pivot": [-8.34902, 25.26592, 0.06129],
							"rotation": [0, 90, 110],
							"uv": {
								"north": {"uv": [47, 4], "uv_size": [3, 0]},
								"east": {"uv": [51, 2], "uv_size": [1, 0]},
								"south": {"uv": [0, 0], "uv_size": [3, 0]},
								"west": {"uv": [48, 1], "uv_size": [1, 0]},
								"up": {"uv": [159, 70], "uv_size": [3, 1]},
								"down": {"uv": [24, 79], "uv_size": [3, -1]}
							}
						},
						{
							"origin": [-7.44357, 20.73649, -0.59916],
							"size": [2.7, 0.2, 0],
							"inflate": 0.5,
							"pivot": [-6.09357, 19.53726, 0.06129],
							"rotation": [0, 90, 34],
							"uv": {
								"north": {"uv": [109, 73], "uv_size": [3, 1]},
								"east": {"uv": [51, 2], "uv_size": [0, 1]},
								"south": {"uv": [109, 74], "uv_size": [3, 1]},
								"west": {"uv": [48, 1], "uv_size": [0, 1]},
								"up": {"uv": [50, 1], "uv_size": [3, 0]},
								"down": {"uv": [48, 3], "uv_size": [3, 0]}
							}
						},
						{
							"origin": [-9.16031, 21.09436, 1.0604],
							"size": [2.7, 0.3, 0],
							"inflate": 0.5,
							"pivot": [-7.75161, 19.95442, 1.95187],
							"rotation": [-28, 0, 15],
							"uv": {
								"north": {"uv": [109, 75], "uv_size": [3, 1]},
								"east": {"uv": [51, 2], "uv_size": [0, 1]},
								"south": {"uv": [78, 109], "uv_size": [3, 1]},
								"west": {"uv": [48, 1], "uv_size": [0, 1]},
								"up": {"uv": [50, 1], "uv_size": [3, 0]},
								"down": {"uv": [48, 3], "uv_size": [3, 0]}
							}
						},
						{
							"origin": [-8.5, 26.44562, -1.81638],
							"size": [1.65, 0.5, 3.85],
							"inflate": 0.1,
							"pivot": [-7.025, 25.5, -1.125],
							"rotation": [6, 0, 15],
							"uv": {
								"north": {"uv": [125, 96], "uv_size": [2, 1]},
								"east": {"uv": [102, 39], "uv_size": [4, 1]},
								"south": {"uv": [125, 100], "uv_size": [2, 1]},
								"west": {"uv": [102, 40], "uv_size": [4, 1]},
								"up": {"uv": [43, 77], "uv_size": [2, 4]},
								"down": {"uv": [45, 81], "uv_size": [2, -4]}
							}
						},
						{
							"origin": [-5.9, 26.44562, -1.81638],
							"size": [1.35, 0.5, 3.85],
							"inflate": 0.1,
							"pivot": [-7.025, 25.5, -1.125],
							"rotation": [6, 0, 15],
							"uv": {
								"north": {"uv": [149, 122], "uv_size": [1, 1]},
								"east": {"uv": [102, 45], "uv_size": [4, 1]},
								"south": {"uv": [123, 149], "uv_size": [1, 1]},
								"west": {"uv": [49, 102], "uv_size": [4, 1]},
								"up": {"uv": [11, 102], "uv_size": [1, 4]},
								"down": {"uv": [20, 106], "uv_size": [1, -4]}
							}
						},
						{
							"origin": [-6.7, 26.44562, 1.88362],
							"size": [0.65, 0.5, 0.15],
							"inflate": 0.1,
							"pivot": [-7.025, 25.5, -1.125],
							"rotation": [6, 0, 15],
							"uv": {
								"north": {"uv": [149, 123], "uv_size": [1, 1]},
								"east": {"uv": [124, 149], "uv_size": [1, 1]},
								"south": {"uv": [149, 124], "uv_size": [1, 1]},
								"west": {"uv": [125, 149], "uv_size": [1, 1]},
								"up": {"uv": [149, 125], "uv_size": [1, 1]},
								"down": {"uv": [126, 150], "uv_size": [1, -1]}
							}
						},
						{
							"origin": [-4.21531, 25.80387, -2.1],
							"size": [0, 0.4, 0],
							"inflate": 0.1,
							"pivot": [-5.69031, 25.35387, -0.825],
							"rotation": [0, 0, -75],
							"uv": {
								"north": {"uv": [5, 15], "uv_size": [0, 1]},
								"east": {"uv": [4, 15], "uv_size": [0, 1]},
								"south": {"uv": [5, 15], "uv_size": [0, 1]},
								"west": {"uv": [6, 15], "uv_size": [0, 1]},
								"up": {"uv": [5, 16], "uv_size": [0, 0]},
								"down": {"uv": [5, 16], "uv_size": [0, 0]}
							}
						},
						{
							"origin": [-4.04926, 25.09007, -2.1],
							"size": [0, 0.1, 0],
							"inflate": 0.1,
							"pivot": [-5.68995, 25.40576, -0.825],
							"rotation": [0, 0, -120],
							"uv": {
								"north": {"uv": [5, 15], "uv_size": [0, 1]},
								"east": {"uv": [4, 15], "uv_size": [0, 1]},
								"south": {"uv": [5, 15], "uv_size": [0, 1]},
								"west": {"uv": [6, 15], "uv_size": [0, 1]},
								"up": {"uv": [5, 16], "uv_size": [0, 0]},
								"down": {"uv": [5, 16], "uv_size": [0, 0]}
							}
						},
						{
							"origin": [-4.97969, 26.03153, -2.1],
							"size": [0, 0.1, 0],
							"inflate": 0.1,
							"pivot": [-6.62038, 25.21584, -0.825],
							"rotation": [0, 0, -30],
							"uv": {
								"north": {"uv": [5, 15], "uv_size": [0, 1]},
								"east": {"uv": [4, 15], "uv_size": [0, 1]},
								"south": {"uv": [5, 15], "uv_size": [0, 1]},
								"west": {"uv": [6, 15], "uv_size": [0, 1]},
								"up": {"uv": [5, 16], "uv_size": [0, 0]},
								"down": {"uv": [5, 16], "uv_size": [0, 0]}
							}
						},
						{
							"origin": [-6.301, 26.96195, -2.1],
							"size": [0, 0.1, 0],
							"inflate": 0.1,
							"pivot": [-6.81031, 26.14626, -0.825],
							"rotation": [0, 0, 60],
							"uv": {
								"north": {"uv": [5, 15], "uv_size": [0, 1]},
								"east": {"uv": [4, 15], "uv_size": [0, 1]},
								"south": {"uv": [5, 15], "uv_size": [0, 1]},
								"west": {"uv": [6, 15], "uv_size": [0, 1]},
								"up": {"uv": [5, 16], "uv_size": [0, 0]},
								"down": {"uv": [5, 16], "uv_size": [0, 0]}
							}
						},
						{
							"origin": [-5.37057, 26.0205, -2.1],
							"size": [0, 0.1, 0],
							"inflate": 0.1,
							"pivot": [-5.87988, 26.33619, -0.825],
							"rotation": [0, 0, 150],
							"uv": {
								"north": {"uv": [5, 15], "uv_size": [0, 1]},
								"east": {"uv": [4, 15], "uv_size": [0, 1]},
								"south": {"uv": [5, 15], "uv_size": [0, 1]},
								"west": {"uv": [6, 15], "uv_size": [0, 1]},
								"up": {"uv": [5, 16], "uv_size": [0, 0]},
								"down": {"uv": [5, 16], "uv_size": [0, 0]}
							}
						},
						{
							"origin": [-6.85, 26.45, -2.1],
							"size": [0, 0.4, 0],
							"inflate": 0.1,
							"pivot": [-6.625, 25.1, -0.825],
							"rotation": [0, 0, 15],
							"uv": {
								"north": {"uv": [5, 15], "uv_size": [0, 1]},
								"east": {"uv": [4, 15], "uv_size": [0, 1]},
								"south": {"uv": [5, 15], "uv_size": [0, 1]},
								"west": {"uv": [6, 15], "uv_size": [0, 1]},
								"up": {"uv": [5, 16], "uv_size": [0, 0]},
								"down": {"uv": [5, 16], "uv_size": [0, 0]}
							}
						},
						{
							"origin": [-6.05244, 26.44713, -2.1],
							"size": [0, 0.4, 0],
							"inflate": 0.1,
							"pivot": [-6.62744, 24.99713, -0.825],
							"rotation": [0, 0, 15],
							"uv": {
								"north": {"uv": [5, 15], "uv_size": [0, 1]},
								"east": {"uv": [4, 15], "uv_size": [0, 1]},
								"south": {"uv": [5, 15], "uv_size": [0, 1]},
								"west": {"uv": [6, 15], "uv_size": [0, 1]},
								"up": {"uv": [5, 16], "uv_size": [0, 0]},
								"down": {"uv": [5, 16], "uv_size": [0, 0]}
							}
						},
						{
							"origin": [-5.14066, 25.5356, -2.1],
							"size": [0, 0.4, 0],
							"inflate": 0.1,
							"pivot": [-5.91566, 25.2856, -0.825],
							"rotation": [0, 0, -75],
							"uv": {
								"north": {"uv": [5, 15], "uv_size": [0, 1]},
								"east": {"uv": [4, 15], "uv_size": [0, 1]},
								"south": {"uv": [5, 15], "uv_size": [0, 1]},
								"west": {"uv": [6, 15], "uv_size": [0, 1]},
								"up": {"uv": [5, 16], "uv_size": [0, 0]},
								"down": {"uv": [5, 16], "uv_size": [0, 0]}
							}
						}
					]
				},
				{
					"name": "RightHandLocator",
					"parent": "RightHand",
					"pivot": [-4.375, 17.925, 0.025]
				}
			]
		}
	]
}