{
	"format_version": "1.12.0",
	"minecraft:geometry": [
		{
			"description": {
				"identifier": "geometry.unknown",
				"texture_width": 128,
				"texture_height": 128,
				"visible_bounds_width": 6,
				"visible_bounds_height": 5.5,
				"visible_bounds_offset": [0, 2.25, 0],
				"ysm_height_scale": 0.9,
				"ysm_width_scale": 0.9,
				"ysm_extra_info": {
					"name": "Allie 2",
					"tips": "Ghost girl"
				}
			},
			"bones": [
				{
					"name": "Root",
					"pivot": [0, 24, 0]
				},
				{
					"name": "AllBody",
					"parent": "Root",
					"pivot": [0, 24, 0]
				},
				{
					"name": "UpBody",
					"parent": "AllBody",
					"pivot": [0, 13, 1]
				},
				{
					"name": "UpperBody",
					"parent": "UpBody",
					"pivot": [0, 13, 1]
				},
				{
					"name": "Head",
					"parent": "UpperBody",
					"pivot": [0, 24.1, 0],
					"cubes": [
						{"origin": [-4, 24, -4], "size": [8, 8, 8], "uv": [0, 0]}
					]
				},
				{
					"name": "blush",
					"parent": "Head",
					"pivot": [0, 0, -1.25],
					"cubes": [
						{"origin": [-4, 24.5, -4.5], "size": [8, 1, 0], "uv": [0, 74]}
					]
				},
				{
					"name": "Eyes",
					"parent": "Head",
					"pivot": [0, 0, 0]
				},
				{
					"name": "Eyeballs",
					"parent": "Eyes",
					"pivot": [0, 25.5, -4.1]
				},
				{
					"name": "LeftEyeball",
					"parent": "Eyeballs",
					"pivot": [2, 25.5, -4.1],
					"cubes": [
						{
							"origin": [1, 25.5, -4.05],
							"size": [2.5, 1, 1],
							"uv": {
								"north": {"uv": [66, 51], "uv_size": [1, 1]},
								"east": {"uv": [65, 51], "uv_size": [1, 1]},
								"south": {"uv": [68, 51], "uv_size": [1, 1]},
								"west": {"uv": [67, 51], "uv_size": [1, 1]},
								"up": {"uv": [66, 50], "uv_size": [1, 1]},
								"down": {"uv": [67, 51], "uv_size": [1, -1]}
							}
						}
					]
				},
				{
					"name": "LeftIris",
					"parent": "LeftEyeball",
					"pivot": [0, 0, 0],
					"cubes": [
						{"origin": [1, 25.3, -4.4], "size": [1.5, 1.5, 1], "inflate": -0.25, "uv": [30, 66]}
					]
				},
				{
					"name": "RightEyeball",
					"parent": "Eyeballs",
					"pivot": [-2, 25.5, -4.1],
					"cubes": [
						{
							"origin": [-3.5, 25.5, -4.05],
							"size": [2.5, 1, 1],
							"uv": {
								"north": {"uv": [67, 51], "uv_size": [-1, 1]},
								"east": {"uv": [68, 51], "uv_size": [-1, 1]},
								"south": {"uv": [69, 51], "uv_size": [-1, 1]},
								"west": {"uv": [66, 51], "uv_size": [-1, 1]},
								"up": {"uv": [67, 50], "uv_size": [-1, 1]},
								"down": {"uv": [68, 51], "uv_size": [-1, -1]}
							}
						}
					]
				},
				{
					"name": "RightIris",
					"parent": "RightEyeball",
					"pivot": [0, 0, -0.1],
					"cubes": [
						{"origin": [-2.5, 25.3, -4.4], "size": [1.5, 1.5, 1], "inflate": -0.25, "uv": [30, 66]}
					]
				},
				{
					"name": "Eyelashes",
					"parent": "Eyes",
					"pivot": [0, 28.1, -0.3]
				},
				{
					"name": "LeftEyelash",
					"parent": "Eyelashes",
					"pivot": [2, 27.6, -4.2],
					"cubes": [
						{
							"origin": [1, 26.5, -4.3],
							"size": [2.5, 0.5, 0.3],
							"inflate": 0.02,
							"uv": {
								"north": {"uv": [123, 2.5], "uv_size": [2, 1]},
								"east": {"uv": [123, 2.5], "uv_size": [2, 1]},
								"south": {"uv": [123, 2.5], "uv_size": [2, 1]},
								"west": {"uv": [123, 2.5], "uv_size": [2, 1]},
								"up": {"uv": [125, 3.5], "uv_size": [-2, -1]},
								"down": {"uv": [125, 3.5], "uv_size": [-2, -1]}
							}
						}
					]
				},
				{
					"name": "RightEyelash",
					"parent": "Eyelashes",
					"pivot": [-2, 27.6, -4.2],
					"cubes": [
						{
							"origin": [-3.5, 26.5, -4.3],
							"size": [2.5, 0.5, 0.3],
							"inflate": 0.02,
							"uv": {
								"north": {"uv": [125, 3.5], "uv_size": [-2, -1]},
								"east": {"uv": [125, 3.5], "uv_size": [-2, -1]},
								"south": {"uv": [125, 2.5], "uv_size": [-2, 1]},
								"west": {"uv": [125, 3.5], "uv_size": [-2, -1]},
								"up": {"uv": [125, 2.5], "uv_size": [-2, 1]},
								"down": {"uv": [125, 3.5], "uv_size": [-2, -1]}
							}
						}
					]
				},
				{
					"name": "LeftEyelash2",
					"parent": "Eyelashes",
					"pivot": [4, 26, -4.3],
					"cubes": [
						{
							"origin": [3.5, 26, -4.3],
							"size": [0.5, 0.5, 0.3],
							"inflate": 0.02,
							"uv": {
								"north": {"uv": [125, 0], "uv_size": [1, 1]},
								"east": {"uv": [125, 1], "uv_size": [1, -1]},
								"south": {"uv": [126, 1], "uv_size": [1, -1]},
								"west": {"uv": [126, 1], "uv_size": [1, -1]},
								"up": {"uv": [125, 0], "uv_size": [1, 1]},
								"down": {"uv": [126, 1], "uv_size": [1, -1]}
							}
						}
					]
				},
				{
					"name": "RightEyelash2",
					"parent": "Eyelashes",
					"pivot": [-4, 26, -4.3],
					"cubes": [
						{
							"origin": [-4, 26, -4.3],
							"size": [0.5, 0.5, 0.3],
							"inflate": 0.02,
							"uv": {
								"north": {"uv": [126, 0], "uv_size": [-1, 1]},
								"east": {"uv": [127, 1], "uv_size": [-1, -1]},
								"south": {"uv": [127, 1], "uv_size": [-1, -1]},
								"west": {"uv": [126, 1], "uv_size": [-1, -1]},
								"up": {"uv": [126, 0], "uv_size": [-1, 1]},
								"down": {"uv": [127, 1], "uv_size": [-1, -1]}
							}
						}
					]
				},
				{
					"name": "Eyelids",
					"parent": "Eyes",
					"pivot": [0, 28, -4.05],
					"cubes": [
						{
							"origin": [-3.5, 27, -4.175],
							"size": [2.5, 1, 0.3],
							"inflate": 0.01,
							"uv": {
								"north": {"uv": [113.5, 1], "uv_size": [2, -1]},
								"east": {"uv": [113.5, 1], "uv_size": [2, -1]},
								"south": {"uv": [115.5, 1], "uv_size": [2, -1]},
								"west": {"uv": [115.5, 1], "uv_size": [2, -1]},
								"up": {"uv": [113.5, 0], "uv_size": [2, 1]},
								"down": {"uv": [115.5, 1], "uv_size": [2, -1]}
							}
						},
						{
							"origin": [1, 27, -4.175],
							"size": [2.5, 1, 0.3],
							"inflate": 0.01,
							"uv": {
								"north": {"uv": [115.5, 1], "uv_size": [-2, -1]},
								"east": {"uv": [117.5, 1], "uv_size": [-2, -1]},
								"south": {"uv": [117.5, 1], "uv_size": [-2, -1]},
								"west": {"uv": [115.5, 1], "uv_size": [-2, -1]},
								"up": {"uv": [115.5, 0], "uv_size": [-2, 1]},
								"down": {"uv": [117.5, 1], "uv_size": [-2, -1]}
							}
						}
					]
				},
				{
					"name": "Eyebrows",
					"parent": "Eyes",
					"pivot": [0, 32, -5.1],
					"cubes": [
						{"origin": [1, 27.25, -5.1], "size": [3, 1, 0], "uv": [0, 126]}
					]
				},
				{
					"name": "hair",
					"parent": "Head",
					"pivot": [0, 24.1, 0],
					"cubes": [
						{"origin": [-4, 31.5, -4], "size": [8, 1, 8], "uv": [0, 16]},
						{"origin": [-4, 25, 1.5], "size": [8, 7, 3], "uv": [34, 0]},
						{"origin": [3.5, 23.5, -4], "size": [1, 8.5, 8], "uv": [24, 24]},
						{"origin": [-4.5, 23.5, -4], "size": [1, 8.5, 8], "uv": [24, 8]}
					]
				},
				{
					"name": "bone4",
					"parent": "hair",
					"pivot": [3.5, 31.25, 2.25],
					"rotation": [-10, 0, 32.5],
					"cubes": [
						{"origin": [3.5, 32.25, 1.5], "size": [1.5, 2, 1], "pivot": [3.5, 31.25, 1.5], "rotation": [0, 0, -45], "uv": [45, 26]},
						{"origin": [2, 32.25, 2], "size": [1.5, 2, 1], "pivot": [3.5, 31.25, 2], "rotation": [0, 0, 17.5], "uv": [27, 25]}
					]
				},
				{
					"name": "bone",
					"parent": "hair",
					"pivot": [3.82532, 31.95305, 3.5]
				},
				{
					"name": "bone17",
					"parent": "hair",
					"pivot": [-3.5, 23.5, 0],
					"cubes": [
						{"origin": [-4.25, 24.5, -4], "size": [2, 1, 8], "pivot": [-3.5, 23.5, 0], "rotation": [0, 0, -55], "uv": [28, 41]},
						{"origin": [-4.5, 23.5, -4], "size": [1, 2, 8], "pivot": [-3.5, 23.5, 0], "rotation": [0, 0, -55], "uv": [46, 10]}
					]
				},
				{
					"name": "bone16",
					"parent": "hair",
					"pivot": [3.5, 23.5, 0],
					"cubes": [
						{"origin": [3.5, 23.5, -4], "size": [1, 2, 8], "pivot": [3.5, 23.5, 0], "rotation": [0, 0, 55], "uv": [40, 42]},
						{"origin": [2.25, 24.5, -4], "size": [2, 1, 8], "pivot": [3.5, 23.5, 0], "rotation": [0, 0, 55], "uv": [34, 32]}
					]
				},
				{
					"name": "bone18",
					"parent": "hair",
					"pivot": [0, 23.5, 3.4],
					"rotation": [0, -90, 0],
					"cubes": [
						{"origin": [-1, 23.5, -0.6], "size": [2, 2, 8], "pivot": [0, 23.5, 3.4], "rotation": [0, 0, 55], "uv": [34, 16]},
						{"origin": [-2.42642, 22.68085, -0.6], "size": [3, 2, 8], "pivot": [0.57358, 22.68085, 3.4], "rotation": [0, 0, 27.5], "uv": [0, 25]}
					]
				},
				{
					"name": "hair2",
					"parent": "hair",
					"pivot": [0, 32, -5],
					"cubes": [
						{"origin": [-4, 28, -5], "size": [8, 3, 1], "uv": [34, 52]},
						{"origin": [-1.5, 27.5, -5], "size": [1, 1, 1], "uv": [4, 65]},
						{"origin": [-3, 26.5, -5], "size": [2, 2, 1], "pivot": [-2, 28.5, -4.5], "rotation": [0, 0, 7.5], "uv": [40, 41]},
						{"origin": [-4, 27.25, -5], "size": [1, 2, 1], "pivot": [-3.5, 28.5, -4.5], "rotation": [0, 0, 15], "uv": [46, 15]},
						{"origin": [-4, 31, -4.5], "size": [8, 1, 1], "uv": [46, 20]},
						{"origin": [-3, 31, -5], "size": [6, 1, 1], "uv": [54, 39]}
					]
				},
				{
					"name": "Torso",
					"parent": "UpperBody",
					"pivot": [0, 24.1, 0.5],
					"cubes": [
						{"origin": [-2.5, 19.001, -0.5], "size": [5, 4, 2], "uv": [56, 12]},
						{"origin": [-2.5, 15, -1.5], "size": [5, 4, 3], "uv": [14, 25]},
						{"origin": [-2.5, 19, -1.5], "size": [5, 1, 1], "uv": [16, 27]},
						{"origin": [-4, 14, -1.5], "size": [8, 1, 3], "uv": [50, 45]},
						{"origin": [-4, 13, 1.5], "size": [8, 1, 1], "uv": [34, 13]},
						{"origin": [-4, 13, -1.5], "size": [8, 1, 3], "inflate": 0.001, "uv": [50, 41]},
						{"origin": [-1.001, 23.001, -0.5], "size": [2, 1, 2], "uv": [0, 5]},
						{"origin": [-1.5, 22.8, -1], "size": [3, 1, 3], "inflate": -0.2, "uv": [56, 22]},
						{"origin": [-4, 15, -1.5], "size": [2, 3, 3], "inflate": -0.001, "pivot": [-4, 15, 0], "rotation": [0, 0, 31.5], "uv": [58, 49]},
						{"origin": [2, 15, -1.5], "size": [2, 3, 3], "inflate": -0.001, "pivot": [4, 15, 0], "rotation": [0, 0, -31.5], "uv": [60, 26]}
					]
				},
				{
					"name": "pussy",
					"parent": "Torso",
					"pivot": [-0.6, 13.5, -1.5],
					"cubes": [
						{"origin": [0.1, 12.5, -1.5], "size": [1, 2, 1], "pivot": [0.6, 14.5, -1.5], "rotation": [-5, 0, 0], "uv": [6, 125], "mirror": true},
						{"origin": [-2, 11.75, -1.75], "size": [4, 3, 0], "uv": [70, 4]},
						{"origin": [-1.1, 12.5, -1.5], "size": [1, 2, 1], "pivot": [-0.6, 14.5, -1.5], "rotation": [-5, 0, 0], "uv": [6, 125]},
						{"origin": [-0.5, 12.4, -1.6], "size": [1, 2, 1.25], "inflate": -0.2, "pivot": [-0.6, 14.5, -1.5], "rotation": [-5, 0, 0], "uv": [11, 125]},
						{"origin": [-0.45, 12.35559, -1.75472], "size": [1, 2, 1.25], "inflate": -0.2, "pivot": [0.4, 12.55036, -0.73422], "rotation": [-70, 0, 0], "uv": [11, 125]},
						{"origin": [-1.1, 12.42045, -0.67812], "size": [1, 2, 2], "pivot": [-0.6, 12.42045, -0.67812], "rotation": [20, 0, 0], "uv": [5, 121]},
						{"origin": [0.1, 12.42045, -0.67812], "size": [1, 2, 2], "pivot": [0.6, 12.42045, -0.67812], "rotation": [20, 0, 0], "uv": [5, 121], "mirror": true}
					]
				},
				{
					"name": "tits",
					"parent": "Torso",
					"pivot": [0, 22.25, -0.5],
					"rotation": [27.5, 0, 0],
					"cubes": [
						{"origin": [-2.5, 19.25, -3.5], "size": [3, 3, 4], "pivot": [-2.5, 22.25, -0.5], "rotation": [0, 13.8, 0], "uv": [56, 0]},
						{"origin": [-1.5, 20.25, -3.6], "size": [1, 1, 1], "pivot": [-2.5, 22.25, -0.5], "rotation": [0, 13.8, 0], "uv": [0, 75], "mirror": true},
						{"origin": [-0.5, 19.25, -3.5], "size": [3, 3, 4], "pivot": [2.5, 22.25, -0.5], "rotation": [0, -13.8, 0], "uv": [48, 52]},
						{"origin": [-3, 18.75, -4.25], "size": [6, 4, 0], "uv": [70, 4]},
						{"origin": [0.5, 20.25, -3.6], "size": [1, 1, 1], "pivot": [2.5, 22.25, -0.5], "rotation": [0, -13.8, 0], "uv": [0, 75]}
					]
				},
				{
					"name": "chain",
					"parent": "Torso",
					"pivot": [1.35, 23, -0.5],
					"rotation": [0, -15, 0]
				},
				{
					"name": "chain2",
					"parent": "chain",
					"pivot": [1.35, 23, -0.5],
					"rotation": [-40, 0, 0]
				},
				{
					"name": "bone5",
					"parent": "chain2",
					"pivot": [0.15, -0.15, 0],
					"cubes": [
						{"origin": [0.65, 22.15, -1], "size": [1, 1.5, 1], "inflate": -0.4, "uv": [63, 58]},
						{"origin": [1.05, 22.15, -1], "size": [1, 1.5, 1], "inflate": -0.4, "uv": [58, 63]},
						{"origin": [0.85, 22.15, -1], "size": [1, 1, 1], "inflate": -0.4, "uv": [60, 32]},
						{"origin": [0.85, 22.65, -1], "size": [1, 1, 1], "inflate": -0.4, "uv": [10, 59]}
					]
				},
				{
					"name": "bone6",
					"parent": "chain2",
					"pivot": [1.35, 22.55, -0.5],
					"rotation": [0, -90, 0],
					"cubes": [
						{"origin": [0.65, 21.65, -1], "size": [1, 1.5, 1], "inflate": -0.4, "uv": [0, 65]},
						{"origin": [1.05, 21.65, -1], "size": [1, 1.5, 1], "inflate": -0.4, "uv": [61, 64]},
						{"origin": [0.85, 21.65, -1], "size": [1, 1, 1], "inflate": -0.4, "uv": [64, 32]},
						{"origin": [0.85, 22.15, -1], "size": [1, 1, 1], "inflate": -0.4, "uv": [18, 64]}
					]
				},
				{
					"name": "chain3",
					"parent": "chain2",
					"pivot": [1.35, 22.125, -0.5],
					"rotation": [-22.5, 0, -27.5]
				},
				{
					"name": "bone7",
					"parent": "chain3",
					"pivot": [0.15, -1.15, 0],
					"cubes": [
						{"origin": [0.65, 21.15, -1], "size": [1, 1.5, 1], "inflate": -0.4, "uv": [0, 59]},
						{"origin": [1.05, 21.15, -1], "size": [1, 1.5, 1], "inflate": -0.4, "uv": [10, 57]},
						{"origin": [0.85, 21.15, -1], "size": [1, 1, 1], "inflate": -0.4, "uv": [0, 57]},
						{"origin": [0.85, 21.65, -1], "size": [1, 1, 1], "inflate": -0.4, "uv": [44, 56]}
					]
				},
				{
					"name": "bone9",
					"parent": "chain3",
					"pivot": [1.35, 21.55, -0.5],
					"rotation": [0, -90, 0],
					"cubes": [
						{"origin": [0.65, 20.65, -1], "size": [1, 1.5, 1], "inflate": -0.4, "uv": [40, 56]},
						{"origin": [1.05, 20.65, -1], "size": [1, 1.5, 1], "inflate": -0.4, "uv": [56, 9]},
						{"origin": [0.85, 20.65, -1], "size": [1, 1, 1], "inflate": -0.4, "uv": [56, 7]},
						{"origin": [0.85, 21.15, -1], "size": [1, 1, 1], "inflate": -0.4, "uv": [56, 1]}
					]
				},
				{
					"name": "chain4",
					"parent": "chain3",
					"pivot": [1.35, 21.125, -0.5],
					"rotation": [-2.5, 0, 0]
				},
				{
					"name": "bone10",
					"parent": "chain4",
					"pivot": [0.15, -2.15, 0],
					"cubes": [
						{"origin": [0.65, 20.15, -1], "size": [1, 1.5, 1], "inflate": -0.4, "uv": [11, 53]},
						{"origin": [1.05, 20.15, -1], "size": [1, 1.5, 1], "inflate": -0.4, "uv": [53, 0]},
						{"origin": [0.85, 20.15, -1], "size": [1, 1, 1], "inflate": -0.4, "uv": [0, 53]},
						{"origin": [0.85, 20.65, -1], "size": [1, 1, 1], "inflate": -0.4, "uv": [30, 52]}
					]
				},
				{
					"name": "bone11",
					"parent": "chain4",
					"pivot": [1.35, 20.55, -0.5],
					"rotation": [0, -90, 0],
					"cubes": [
						{"origin": [0.65, 19.65, -1], "size": [1, 1.5, 1], "inflate": -0.4, "uv": [22, 52]},
						{"origin": [1.05, 19.65, -1], "size": [1, 1.5, 1], "inflate": -0.4, "uv": [14, 52]},
						{"origin": [0.85, 19.65, -1], "size": [1, 1, 1], "inflate": -0.4, "uv": [11, 51]},
						{"origin": [0.85, 20.15, -1], "size": [1, 1, 1], "inflate": -0.4, "uv": [0, 51]}
					]
				},
				{
					"name": "chain5",
					"parent": "chain4",
					"pivot": [1.35, 20.125, -0.5],
					"rotation": [27.5, 0, -17.5]
				},
				{
					"name": "bone12",
					"parent": "chain5",
					"pivot": [0.15, -3.15, 0],
					"cubes": [
						{"origin": [0.65, 19.15, -1], "size": [1, 1.5, 1], "inflate": -0.4, "uv": [50, 38]},
						{"origin": [1.05, 19.15, -1], "size": [1, 1.5, 1], "inflate": -0.4, "uv": [34, 50]},
						{"origin": [0.85, 19.15, -1], "size": [1, 1, 1], "inflate": -0.4, "uv": [30, 50]},
						{"origin": [0.85, 19.65, -1], "size": [1, 1, 1], "inflate": -0.4, "uv": [50, 22]}
					]
				},
				{
					"name": "bone13",
					"parent": "chain5",
					"pivot": [1.35, 19.55, -0.5],
					"rotation": [0, -90, 0],
					"cubes": [
						{"origin": [0.65, 18.65, -1], "size": [1, 1.5, 1], "inflate": -0.4, "uv": [50, 15]},
						{"origin": [1.05, 18.65, -1], "size": [1, 1.5, 1], "inflate": -0.4, "uv": [44, 46]},
						{"origin": [0.85, 18.65, -1], "size": [1, 1, 1], "inflate": -0.4, "uv": [40, 46]},
						{"origin": [0.85, 19.15, -1], "size": [1, 1, 1], "inflate": -0.4, "uv": [46, 38]}
					]
				},
				{
					"name": "chain6",
					"parent": "chain5",
					"pivot": [1.35, 19.125, -0.5],
					"rotation": [55, 0, 0]
				},
				{
					"name": "bone14",
					"parent": "chain6",
					"pivot": [0.15, -4.15, 0],
					"cubes": [
						{"origin": [0.65, 18.15, -1], "size": [1, 1.5, 1], "inflate": -0.4, "uv": [46, 36]},
						{"origin": [1.05, 18.15, -1], "size": [1, 1.5, 1], "inflate": -0.4, "uv": [46, 34]},
						{"origin": [0.85, 18.15, -1], "size": [1, 1, 1], "inflate": -0.4, "uv": [46, 32]},
						{"origin": [0.85, 18.65, -1], "size": [1, 1, 1], "inflate": -0.4, "uv": [32, 46]}
					]
				},
				{
					"name": "bone15",
					"parent": "chain6",
					"pivot": [1.35, 18.55, -0.5],
					"rotation": [0, -90, 0],
					"cubes": [
						{"origin": [0.65, 17.65, -1], "size": [1, 1.5, 1], "inflate": -0.4, "uv": [46, 22]},
						{"origin": [1.05, 17.65, -1], "size": [1, 1.5, 1], "inflate": -0.4, "uv": [45, 29]},
						{"origin": [0.85, 17.65, -1], "size": [1, 1, 1], "inflate": -0.4, "uv": [32, 0]},
						{"origin": [0.85, 18.15, -1], "size": [1, 1, 1], "inflate": -0.4, "uv": [4, 25]}
					]
				},
				{
					"name": "leaf3",
					"parent": "Torso",
					"pivot": [0, 0, 0.35]
				},
				{
					"name": "bone2",
					"parent": "Torso",
					"pivot": [0, 14, 2.5],
					"rotation": [16.2, 0, 0],
					"cubes": [
						{"origin": [-2.5, 15, 1.5], "size": [5, 3, 1], "uv": [52, 59]},
						{"origin": [-4, 14, 1.5], "size": [8, 1, 1], "uv": [35, 11]},
						{"origin": [2, 15, 1.5], "size": [2, 3.5, 1], "inflate": -0.001, "pivot": [4, 15, 2.5], "rotation": [0, 0, -30], "uv": [1, 17]},
						{"origin": [-4, 15, 1.5], "size": [2, 3.5, 1], "inflate": -0.001, "pivot": [-4, 15, 2.5], "rotation": [0, 0, 30], "uv": [1, 1]}
					]
				},
				{
					"name": "Elytra",
					"parent": "Torso",
					"pivot": [0, 13, 0]
				},
				{
					"name": "ElytraLocator",
					"parent": "Elytra",
					"pivot": [0, 22, 0.5]
				},
				{
					"name": "LeftArm",
					"parent": "Torso",
					"pivot": [3, 21.5, 0.5],
					"rotation": [0, 0, -17.5]
				},
				{
					"name": "LeftForeArm",
					"parent": "LeftArm",
					"pivot": [3, 21.6, 0.5],
					"cubes": [
						{"origin": [2, 12.5, -0.5], "size": [2, 10, 2], "inflate": -0.001, "uv": [34, 56]}
					]
				},
				{
					"name": "LeftHand",
					"parent": "LeftForeArm",
					"pivot": [3, 13.6, 0.5]
				},
				{
					"name": "LeftHandLocator",
					"parent": "LeftHand",
					"pivot": [3, 13.6, 0.5]
				},
				{
					"name": "RightArm",
					"parent": "Torso",
					"pivot": [-3, 21.5, 0.5],
					"rotation": [0, 0, 17.5]
				},
				{
					"name": "RightForeArm",
					"parent": "RightArm",
					"pivot": [-3, 21.6, 0.5],
					"cubes": [
						{"origin": [-4, 12.5, -0.5], "size": [2, 10, 2], "inflate": -0.001, "uv": [16, 52]}
					]
				},
				{
					"name": "RightHand",
					"parent": "RightForeArm",
					"pivot": [-3, 13.6, 0.5]
				},
				{
					"name": "RightHandLocator",
					"parent": "RightHand",
					"pivot": [-3, 13.6, 0.5]
				},
				{
					"name": "Legs",
					"parent": "AllBody",
					"pivot": [0, 12.75, 0.5]
				},
				{
					"name": "LeftLeg",
					"parent": "Legs",
					"pivot": [2, 13, 0.5]
				},
				{
					"name": "right_leg2",
					"parent": "LeftLeg",
					"pivot": [2, 13.1, 1],
					"cubes": [
						{"origin": [3, 0, -1.5], "size": [1, 12, 4], "pivot": [4, 12, 0], "rotation": [0, 0, 3.6], "uv": [24, 50]}
					]
				},
				{
					"name": "bone3",
					"parent": "right_leg2",
					"pivot": [0, 1.1, 0],
					"cubes": [
						{"origin": [0.25, 12, -1.5], "size": [3.75, 1, 4], "inflate": 0.001, "uv": [1, 52]},
						{"origin": [0.248, 0, -1.5], "size": [3, 12, 4], "uv": [14, 36]}
					]
				},
				{
					"name": "right_leg_sub_1",
					"parent": "bone3",
					"pivot": [0, 1.1, 0]
				},
				{
					"name": "RightLeg",
					"parent": "Legs",
					"pivot": [-2, 13, 0.5]
				},
				{
					"name": "left_leg2",
					"parent": "RightLeg",
					"pivot": [-2, 13.1, 0],
					"cubes": [
						{"origin": [-4, 0, -1.5], "size": [1, 12, 4], "pivot": [-4, 12, 0], "rotation": [0, 0, -3.6], "uv": [50, 22]}
					]
				},
				{
					"name": "bone8",
					"parent": "left_leg2",
					"pivot": [0, 1.1, 0],
					"cubes": [
						{"origin": [-4, 12, -1.5], "size": [3.75, 1, 4], "inflate": 0.001, "uv": [35, 27]},
						{"origin": [-4, 12, -1.5], "size": [3.75, 1, 2.82], "inflate": 0.001, "pivot": [0, 13, -1.5], "rotation": [45, 0, 0], "uv": [62, 55]},
						{"origin": [-3.248, 0, -1.5], "size": [3, 12, 4], "uv": [0, 35]}
					]
				},
				{
					"name": "left_leg_sub_1",
					"parent": "bone8",
					"pivot": [0, 1.1, 0]
				},
				{
					"name": "Lamp",
					"parent": "AllBody",
					"pivot": [-6.59375, 34.7125, -1],
					"cubes": [
						{"origin": [-9, 34, -3], "size": [4, 1, 4], "uv": [56, 7]},
						{"origin": [-7.5, 34.5, -1.5], "size": [1, 2, 1], "inflate": -0.1, "uv": [28, 46]},
						{"origin": [-7.5, 38.5, -1.5], "size": [1, 3, 1], "inflate": -0.1, "uv": [0, 35]},
						{"origin": [-7.5, 36, -1.5], "size": [1, 3, 1], "uv": [34, 26]},
						{
							"origin": [-6.5, 38.05, -1.25],
							"size": [1, 0.5, 0.5],
							"uv": {
								"north": {"uv": [11, 73], "uv_size": [2, 1]},
								"east": {"uv": [10, 73], "uv_size": [1, 1]},
								"south": {"uv": [14, 73], "uv_size": [2, 1]},
								"west": {"uv": [13, 73], "uv_size": [1, 1]},
								"up": {"uv": [11, 72], "uv_size": [2, 1]},
								"down": {"uv": [13, 73], "uv_size": [2, -1]}
							}
						},
						{
							"origin": [-7.25, 41.3, -1.25],
							"size": [0.5, 0.5, 0.5],
							"uv": {
								"north": {"uv": [1, 68], "uv_size": [1, 1]},
								"east": {"uv": [0, 68], "uv_size": [1, 1]},
								"south": {"uv": [3, 68], "uv_size": [1, 1]},
								"west": {"uv": [2, 68], "uv_size": [1, 1]},
								"up": {"uv": [1, 67], "uv_size": [1, 1]},
								"down": {"uv": [2, 68], "uv_size": [1, -1]}
							}
						},
						{
							"origin": [-6.5, 36.55, -1.25],
							"size": [1, 0.5, 0.5],
							"uv": {
								"north": {"uv": [11, 73], "uv_size": [2, 1]},
								"east": {"uv": [10, 73], "uv_size": [1, 1]},
								"south": {"uv": [14, 73], "uv_size": [2, 1]},
								"west": {"uv": [13, 73], "uv_size": [1, 1]},
								"up": {"uv": [11, 72], "uv_size": [2, 1]},
								"down": {"uv": [13, 73], "uv_size": [2, -1]}
							}
						},
						{
							"origin": [-6, 37.05, -1.25],
							"size": [0.5, 1, 0.5],
							"uv": {
								"north": {"uv": [11, 73], "uv_size": [1, 1]},
								"east": {"uv": [10, 73], "uv_size": [1, 1]},
								"south": {"uv": [13, 73], "uv_size": [1, 1]},
								"west": {"uv": [12, 73], "uv_size": [1, 1]},
								"up": {"uv": [11, 72], "uv_size": [1, 1]},
								"down": {"uv": [12, 73], "uv_size": [1, -1]}
							}
						}
					]
				}
			]
		}
	]
}