{
	"format_version": "1.8.0",
	"animations": {
		"sneak": {
			"loop": true,
			"animation_length": 2.83333,
			"bones": {
				"UpBody": {
					"rotation": ["query.ground_speed", 0, 0]
				},
				"Tail": {
					"rotation": [57.5, 0, 0]
				},
				"LeftLeg": {
					"rotation": [45, 0, 0]
				},
				"RightLeg": {
					"rotation": [42.5, 0, 0]
				}
			}
		},
		"sneaking": {
			"loop": true,
			"animation_length": 2.83333,
			"bones": {
				"UpBody": {
					"rotation": ["query.ground_speed", 0, 0]
				},
				"Tail": {
					"rotation": [57.5, 0, 0]
				},
				"LeftLeg": {
					"rotation": [45, 0, 0]
				},
				"RightLeg": {
					"rotation": [42.5, 0, 0]
				}
			}
		},
		"jump": {
			"loop": true,
			"animation_length": 2.33333,
			"bones": {
				"RightArm": {
					"rotation": [32.5, 0, 10]
				},
				"LeftArm": {
					"rotation": [32.5, 0, -10]
				},
				"LeftLeg": {
					"rotation": [15, 0, -2.5]
				},
				"RightLeg": {
					"rotation": [15, 0, 2.5]
				},
				"tits": {
					"rotation": ["math.clamp(query.vertical_speed,-30,0)", 0, 0],
					"position": [0, 0.2, 0]
				},
				"Head": {
					"rotation": ["-math.clamp(query.ground_speed*2,0,70)", 0, 0]
				},
				"Root": {
					"rotation": ["math.clamp(query.ground_speed*3,0,90)", 0, 0]
				},
				"Pigtail2": {
					"rotation": [
						"(math.sin(query.anim_time*50*3.03)*5+10)/(query.ground_speed+1)+ysm.head_pitch/3+query.ground_speed*3",
						0,
						"(-math.sin(query.anim_time*50*3.03)*2-15)/(query.ground_speed/10+1)"
					]
				},
				"Pigtail": {
					"rotation": [
						"(math.sin(query.anim_time*50*3.03)*5+10)/(query.ground_speed+1)+ysm.head_pitch/3+query.ground_speed*3",
						0,
						"(math.sin(query.anim_time*50*3.03)*2+15)/(query.ground_speed/10+1)"
					]
				},
				"Tail": {
					"rotation": ["math.sin(query.anim_time*50*3.03)*5+42.5", 0, 0]
				},
				"chain": {
					"rotation": ["math.clamp(query.vertical_speed,-30,0)", 0, 0]
				},
				"Lamp": {
					"rotation": ["-math.clamp(query.ground_speed*3,0,90)", 0, 0]
				}
			}
		},
		"attacked": {
			"animation_length": 0.66667,
			"bones": {
				"UpBody": {
					"rotation": {
						"0.0": [0, 0, 0],
						"0.0417": [-10, 0, 0],
						"0.25": [-10, 0, 0],
						"0.4583": [0, 0, 0]
					}
				},
				"Head": {
					"rotation": {
						"0.0": [0, 0, 0],
						"0.0417": [40, 0, 0],
						"0.25": [40, 0, 0],
						"0.4583": [0, 0, 0]
					}
				},
				"RightArm": {
					"rotation": {
						"0.0": [0, 0, 0],
						"0.0417": [-100, -10, 0],
						"0.25": [-100, -10, 0],
						"0.4583": [0, 0, 0]
					}
				},
				"LeftArm": {
					"rotation": {
						"0.0": [0, 0, 0],
						"0.0417": [-100, 10, 0],
						"0.25": [-100, 10, 0],
						"0.4583": [0, 0, 0]
					}
				},
				"LeftLeg": {
					"rotation": {
						"0.0": [30, 0, 0],
						"0.0417": [15, 0, 0],
						"0.25": [15, 0, 0],
						"0.4583": [0, 0, 0]
					}
				},
				"RightLeg": {
					"rotation": {
						"0.0": [0, 0, 0],
						"0.0417": [-15, 0, 0],
						"0.25": [-15, 0, 0],
						"0.4583": [0, 0, 0]
					}
				},
				"AllBody": {
					"position": {
						"0.0": [0, 0, 0],
						"0.0417": [0, -0.5, 4.4],
						"0.25": [0, -0.5, 4.4],
						"0.4583": [0, 0, 0]
					}
				},
				"Eyelashes": {
					"position": {
						"0.0": [0, 0, 0],
						"0.0417": [0, -2, 0],
						"0.375": [0, -2, 0],
						"0.4167": [0, 0, 0]
					}
				},
				"SubEyelashes": {
					"position": {
						"0.0": [0, 0, 0],
						"0.0417": [0, 2, 0],
						"0.375": [0, 2, 0],
						"0.4167": [0, 0, 0]
					},
					"scale": {
						"0.0": [1, 1, 1],
						"0.0417": [1, "1/3", 1],
						"0.375": [1, "1/3", 1],
						"0.4167": [1, 1, 1]
					}
				},
				"Eyeballs": {
					"scale": {
						"0.0": [1, 1, 1],
						"0.0417": [1, 0, 0],
						"0.375": [1, 0, 0],
						"0.4167": [1, 1, 1]
					}
				}
			}
		},
		"swing_hand": {
			"animation_length": 0.25,
			"bones": {
				"RightArm": {
					"rotation": {
						"0.0": [0, 0, 0],
						"0.0417": [-120, 20, -20],
						"0.0833": [-62.5, 15, -30],
						"0.125": [-30, 10, -40],
						"0.1667": [-25, 10, -40],
						"0.25": [0, 0, 0]
					}
				},
				"LeftArm": {
					"rotation": {
						"0.0": [0, 0, 0],
						"0.0417": [0, 0, 0],
						"0.125": [12.5, 0, 0],
						"0.1667": [15, 0, 0],
						"0.25": [0, 0, 0]
					}
				},
				"Torso": {
					"rotation": {
						"0.0": [0, 0, 0],
						"0.0417": [0, 5, 0],
						"0.125": [0, -25, 0],
						"0.1667": [0, -26, 0],
						"0.25": [0, 0, 0]
					}
				},
				"RightHandLocator": {
					"rotation": {
						"0.0": [0, 0, 0],
						"0.0417": [0, 0, 0],
						"0.125": [52.5, 0, 0],
						"0.1667": [55, 0, 0],
						"0.25": [0, 0, 0]
					}
				},
				"Bottom": {
					"rotation": {
						"0.0": [0, 0, 0],
						"0.0417": [0, 5, 0],
						"0.125": [0, -25, 0],
						"0.1667": [0, -26, 0],
						"0.25": [0, 0, 0]
					}
				}
			}
		},
		"sleep": {
			"loop": true,
			"animation_length": 17.41667,
			"bones": {
				"Legs": {
					"rotation": [0, 0, 0]
				},
				"RightLeg": {
					"rotation": [0, 0, -1]
				},
				"AllBody": {
					"position": [0, 3, -2]
				},
				"Eyelashes": {
					"position": [0, -1, 0]
				},
				"SubEyelashes": {
					"position": [0, 1, 0],
					"scale": 1
				},
				"LeftLeg": {
					"rotation": [0, 0, 1]
				},
				"tits": {
					"rotation": [7.5, 0, 0]
				},
				"Eyelids": {
					"position": [0, 0, 0],
					"scale": [1, 2, 1]
				},
				"Lamp": {
					"rotation": [90, 0, 0]
				}
			}
		},
		"parallel0": {
			"loop": true,
			"animation_length": 0.25,
			"bones": {
				"Root": {
					"scale": "1-query.is_spectator"
				},
				"bone": {
					"position": ["math.round(query.anim_time)*2", 0, 0]
				},
				"bone3": {
					"position": ["-math.round(query.anim_time)*2", 0, 0]
				},
				"bone8": {
					"position": ["math.round(query.anim_time)*2", 0, 0]
				}
			}
		},
		"pre_parallel0": {
			"loop": true,
			"animation_length": 14.29167,
			"bones": {
				"Eyelashes": {
					"position": {
						"0.0": [0, 0, 0],
						"9.5833": [0, 0, 0],
						"9.625": [0, -1, 0],
						"9.9583": [0, -1, 0],
						"10.0": [0, 0, 0]
					}
				},
				"SubEyelashes": {
					"position": {
						"9.5833": [0, 0, 0],
						"9.625": [0, 1, 0],
						"9.9583": [0, 1, 0],
						"10.0": [0, 0, 0]
					},
					"scale": 1
				},
				"Eyelids": {
					"scale": {
						"9.5833": [1, 1, 1],
						"9.625": [1, 2, 1],
						"9.9583": [1, 2, 1],
						"10.0": [1, 1, 1]
					}
				},
				"LeftIris": {
					"position": ["math.clamp(ysm.head_yaw/80,-0.1,1)", "math.clamp(ysm.head_pitch/80,-0.05,0.5)", 0]
				},
				"RightIris": {
					"position": ["math.clamp(ysm.head_yaw/80,-1,0.1)", "math.clamp(ysm.head_pitch/80,-0.05,0.5)", 0]
				},
				"Pigtail2": {
					"rotation": ["math.clamp(7.5+math.sin(query.anim_time*25*3.03)*10+ysm.head_pitch/3+query.ground_speed*5,-30,80)", 0, 0]
				},
				"Pigtail": {
					"rotation": ["math.clamp(7.5+math.sin(query.anim_time*25*3.03)*10+ysm.head_pitch/3+query.ground_speed*5,-30,80)", 0, 0]
				}
			}
		},
		"ride": {
			"loop": true,
			"bones": {
				"AllBody": {
					"position": [0, -1, 0]
				},
				"LeftLeg": {
					"rotation": [-90, -12.5, 0]
				},
				"RightLeg": {
					"rotation": [-90, 12.5, 0]
				},
				"UpBody": {
					"rotation": [10, 0, 0]
				},
				"LeftArm": {
					"rotation": [-60, 10, 0]
				},
				"RightArm": {
					"rotation": [-60, -10, 0]
				},
				"LeftAss": {
					"rotation": [17.5, 0, 0]
				},
				"RightAss": {
					"rotation": [17.5, 0, 0]
				}
			}
		},
		"climbing": {
			"animation_length": 2.83333,
			"bones": {
				"Root": {
					"position": [0, -15, 0]
				},
				"AllBody": {
					"rotation": [67.5, 0, 0]
				},
				"Head": {
					"rotation": [-60, 0, 0]
				},
				"Tail": {
					"rotation": [22.5, 0, 0],
					"position": [0, 0, 0]
				},
				"Lamp": {
					"rotation": [-67.5, 0, 0]
				}
			}
		},
		"elytra_fly": {
			"animation_length": 2.83333,
			"bones": {
				"Root": {
					"position": [0, -15, 0]
				},
				"AllBody": {
					"rotation": [67.5, 0, 0]
				},
				"Head": {
					"rotation": [-60, 0, 0]
				},
				"Tail": {
					"rotation": [22.5, 0, 0],
					"position": [0, 0, 0]
				},
				"Lamp": {
					"rotation": [-67.5, 0, 0]
				}
			}
		},
		"climb": {
			"animation_length": 2.83333,
			"bones": {
				"AllBody": {
					"rotation": [67.5, 0, 0]
				},
				"Head": {
					"rotation": [-60, 0, 0]
				},
				"Tail": {
					"rotation": [22.5, 0, 0],
					"position": [0, 0, 0]
				},
				"Root": {
					"position": [0, -15, 0]
				},
				"Lamp": {
					"rotation": [-67.5, 0, 0]
				}
			}
		},
		"boat": {
			"loop": true,
			"bones": {
				"AllBody": {
					"position": [0, -1, 0]
				},
				"LeftLeg": {
					"rotation": [-90, -12.5, 0]
				},
				"RightLeg": {
					"rotation": [-90, 12.5, 0]
				},
				"UpBody": {
					"rotation": [10, 0, 0]
				},
				"LeftArm": {
					"rotation": [-60, 10, 0]
				},
				"RightArm": {
					"rotation": [-60, -10, 0]
				},
				"LeftAss": {
					"rotation": [17.5, 0, 0]
				},
				"RightAss": {
					"rotation": [17.5, 0, 0]
				}
			}
		},
		"ride_pig": {
			"loop": true,
			"bones": {
				"AllBody": {
					"position": [0, -2, 6]
				},
				"LeftLeg": {
					"rotation": [-90, -12.5, 0]
				},
				"RightLeg": {
					"rotation": [-90, 12.5, 0]
				},
				"UpBody": {
					"rotation": [10, 0, 0]
				},
				"LeftArm": {
					"rotation": [-50, 20, 0]
				},
				"RightArm": {
					"rotation": [-50, -20, 0]
				}
			}
		},
		"swim": {
			"loop": true,
			"animation_length": 1.125,
			"bones": {
				"Root": {
					"position": [0, -24, -24]
				},
				"AllBody": {
					"rotation": [90, 0, 0],
					"position": [0, 1.75, 14]
				},
				"Head": {
					"rotation": [-60, 0, 0]
				},
				"LeftLeg": {
					"rotation": ["math.sin(query.anim_time * 200*3.03) * 20 ", 0, 0]
				},
				"RightLeg": {
					"rotation": ["-math.sin(query.anim_time * 200*3.03) * 20 ", 0, 0]
				},
				"Lamp": {
					"rotation": [-90, 0, 0]
				}
			}
		},
		"fly": {
			"loop": true,
			"animation_length": 2.33333,
			"bones": {
				"Root": {
					"rotation": ["math.clamp(query.ground_speed*3,0,90)", 0, 0]
				},
				"AllBody": {
					"rotation": [0, 0, 0],
					"position": [0, "math.sin(query.anim_time*50*3.03)*0.5", 0]
				},
				"Head": {
					"rotation": ["-math.clamp(query.ground_speed*2,0,70)", 0, 0]
				},
				"Eyebrows": {
					"rotation": ["(-3-math.sin(query.anim_time*50*3.03)*3)/(5*query.ground_speed+1)", 0, 0]
				},
				"tits": {
					"rotation": ["(-math.sin(query.anim_time*50*3.03)*2-10)/(5*query.ground_speed+1)+math.clamp(query.vertical_speed,-20,20)", 0, 0],
					"position": [0, 0.2, 0]
				},
				"chain": {
					"rotation": ["(-math.sin(query.anim_time*50*3.03)*2-10)/(5*query.ground_speed+1)+(math.sin(query.anim_time*2000*(query.ground_speed/20))*1)", 0, 0]
				},
				"LeftArm": {
					"rotation": [2.5, 0, "(-math.sin(query.anim_time*50*3.03)*2)/(query.ground_speed/10+1)"]
				},
				"RightArm": {
					"rotation": [2.5, 0, "(math.sin(query.anim_time*50*3.03)*2)/(query.ground_speed/10+1)"]
				},
				"Legs": {
					"rotation": ["math.sin(math.clamp(query.ground_speed,0,17)*10)*50", 0, 0]
				},
				"LeftLeg": {
					"rotation": ["(math.sin(query.anim_time*50*3.03)*5+10)/(query.ground_speed+1)", 0, "-2.5/(query.ground_speed/10+1)"]
				},
				"RightLeg": {
					"rotation": ["(math.sin(query.anim_time*50*3.03)*6+15)/(query.ground_speed+1)", 0, "2.5/(query.ground_speed/10+1)"]
				},
				"Lamp": {
					"rotation": ["-math.clamp(query.ground_speed*3,0,90)", 0, 0]
				}
			}
		},
		"idle": {
			"loop": true,
			"animation_length": 2.33333,
			"bones": {
				"Root": {
					"rotation": ["math.clamp(query.ground_speed*3,0,90)", 0, 0]
				},
				"AllBody": {
					"rotation": [0, 0, 0],
					"position": [0, "math.sin(query.anim_time*50*3.03)*0.5", 0]
				},
				"Head": {
					"rotation": ["-math.clamp(query.ground_speed*2,0,70)", 0, 0]
				},
				"Eyebrows": {
					"rotation": ["(-3-math.sin(query.anim_time*50*3.03)*3)/(5*query.ground_speed+1)", 0, 0]
				},
				"tits": {
					"rotation": ["(-math.sin(query.anim_time*50*3.03)*2-10)/(5*query.ground_speed+1)+(math.sin(query.anim_time*2000*(query.ground_speed/20))*1)", 0, 0],
					"position": [0, 0.2, 0]
				},
				"chain": {
					"rotation": ["(-math.sin(query.anim_time*50*3.03)*2-10)/(5*query.ground_speed+1)+(math.sin(query.anim_time*2000*(query.ground_speed/20))*1)", 0, 0]
				},
				"LeftArm": {
					"rotation": [2.5, 0, "(-math.sin(query.anim_time*50*3.03)*2)/(query.ground_speed/10+1)"]
				},
				"RightArm": {
					"rotation": [2.5, 0, "(math.sin(query.anim_time*50*3.03)*2)/(query.ground_speed/10+1)"]
				},
				"LeftLeg": {
					"rotation": ["(math.sin(query.anim_time*50*3.03)*5+10)/(query.ground_speed+1)", 0, "-2.5/(query.ground_speed/10+1)"]
				},
				"RightLeg": {
					"rotation": ["(math.sin(query.anim_time*50*3.03)*6+15)/(query.ground_speed+1)", 0, "2.5/(query.ground_speed/10+1)"]
				}
			}
		},
		"walk": {
			"loop": true,
			"animation_length": 2.33333,
			"bones": {
				"Root": {
					"rotation": ["math.clamp(query.ground_speed*3,0,90)", 0, 0]
				},
				"AllBody": {
					"rotation": [0, 0, 0],
					"position": [0, "math.sin(query.anim_time*50*3.03)*0.5", 0]
				},
				"Head": {
					"rotation": ["-math.clamp(query.ground_speed*2,0,70)", 0, 0]
				},
				"Eyebrows": {
					"rotation": ["(-3-math.sin(query.anim_time*50*3.03)*3)/(5*query.ground_speed+1)", 0, 0]
				},
				"tits": {
					"rotation": ["(-math.sin(query.anim_time*50*3.03)*2-10)/(5*query.ground_speed+1)+(math.sin(query.anim_time*2000*(query.ground_speed/20))*1)", 0, 0],
					"position": [0, 0.2, 0]
				},
				"chain": {
					"rotation": ["(-math.sin(query.anim_time*50*3.03)*2-10)/(5*query.ground_speed+1)+(math.sin(query.anim_time*2000*(query.ground_speed/20))*1)", 0, 0]
				},
				"LeftArm": {
					"rotation": [2.5, 0, "(-math.sin(query.anim_time*50*3.03)*2)/(query.ground_speed/10+1)"]
				},
				"RightArm": {
					"rotation": [2.5, 0, "(math.sin(query.anim_time*50*3.03)*2)/(query.ground_speed/10+1)"]
				},
				"LeftLeg": {
					"rotation": [17.5, 0, "0-2.5/(query.ground_speed/10+1)"]
				},
				"RightLeg": {
					"rotation": [22.5, 0, "0+2.5/(query.ground_speed/10+1)"]
				},
				"Lamp": {
					"rotation": ["-math.clamp(query.ground_speed*3,0,90)", 0, 0]
				}
			}
		},
		"run": {
			"loop": true,
			"animation_length": 2.33333,
			"bones": {
				"Root": {
					"rotation": ["math.clamp(query.ground_speed*3,0,90)", 0, 0]
				},
				"AllBody": {
					"rotation": [0, 0, 0],
					"position": [0, "math.sin(query.anim_time*50*3.03)*0.5", 0]
				},
				"Head": {
					"rotation": ["-math.clamp(query.ground_speed*2,0,70)", 0, 0]
				},
				"Eyebrows": {
					"rotation": ["(-3-math.sin(query.anim_time*50*3.03)*3)/(5*query.ground_speed+1)", 0, 0]
				},
				"tits": {
					"rotation": ["(-math.sin(query.anim_time*50*3.03)*2-10)/(5*query.ground_speed+1)+(math.sin(query.anim_time*2000*(query.ground_speed/20))*1)", 0, 0],
					"position": [0, 0.2, 0]
				},
				"chain": {
					"rotation": ["(-math.sin(query.anim_time*50*3.03)*2-10)/(5*query.ground_speed+1)+(math.sin(query.anim_time*2000*(query.ground_speed/20))*1)", 0, 0]
				},
				"LeftArm": {
					"rotation": [2.5, 0, "(-math.sin(query.anim_time*50*3.03)*2)/(query.ground_speed/10+1)"]
				},
				"RightArm": {
					"rotation": [2.5, 0, "(math.sin(query.anim_time*50*3.03)*2)/(query.ground_speed/10+1)"]
				},
				"LeftLeg": {
					"rotation": [27.5, 0, "0-2.5/(query.ground_speed/10+1)"]
				},
				"RightLeg": {
					"rotation": [32.5, 0, "0+2.5/(query.ground_speed/10+1)"]
				},
				"Lamp": {
					"rotation": ["-math.clamp(query.ground_speed*3,0,90)", 0, 0]
				}
			}
		}
	},
	"geckolib_format_version": 2
}