{
	"format_version": "1.12.0",
	"minecraft:geometry": [
		{
			"description": {
				"identifier": "geometry.unknown",
				"texture_width": 128,
				"texture_height": 128,
				"visible_bounds_width": 3,
				"visible_bounds_height": 4.5,
				"visible_bounds_offset": [0, 1.75, 0]
			},
			"bones": [
				{
					"name": "RightArm",
					"pivot": [-3.24864, 32.59793, 0.2378],
					"cubes": [
						{
							"origin": [-4.09935, 26.30302, -0.97145],
							"size": [2.145, 6.27, 2.42],
							"pivot": [-3.13568, 28.38562, 0.2378],
							"rotation": [0.1869, 0.9194, 0.4772],
							"uv": {
								"north": {"uv": [40, 57], "uv_size": [2, 6.5]},
								"east": {"uv": [13, 50], "uv_size": [2.5, 6.5]},
								"south": {"uv": [42, 57], "uv_size": [2, 6.5]},
								"west": {"uv": [50, 21], "uv_size": [2.5, 6.5]},
								"up": {"uv": [25, 80], "uv_size": [2, 2.5]},
								"down": {"uv": [30, 82.5], "uv_size": [2, -2.5]}
							}
						},
						{
							"origin": [-5.98062, 31.60577, -0.95895],
							"size": [0.99, 1.21, 2.395],
							"pivot": [-3.13568, 28.38562, 0.2378],
							"rotation": [0.6029, 0.7188, 28.9795],
							"uv": {
								"north": {"uv": [111, 38], "uv_size": [1, 1]},
								"east": {"uv": [92, 4], "uv_size": [2.5, 1]},
								"south": {"uv": [39, 111], "uv_size": [1, 1]},
								"west": {"uv": [92, 83], "uv_size": [2.5, 1]},
								"up": {"uv": [93, 55], "uv_size": [1, 2.5]},
								"down": {"uv": [93, 60.5], "uv_size": [1, -2.5]}
							}
						},
						{
							"origin": [-3.79935, 25.60302, -0.67145],
							"size": [1.545, 1.27, 1.82],
							"pivot": [-3.13568, 28.38562, 0.2378],
							"rotation": [0.1869, 0.9194, 0.4772],
							"uv": {
								"north": {"uv": [95, 53], "uv_size": [1.5, 1.5]},
								"east": {"uv": [87, 0], "uv_size": [2, 1.5]},
								"south": {"uv": [54, 95], "uv_size": [1.5, 1.5]},
								"west": {"uv": [87, 2], "uv_size": [2, 1.5]},
								"up": {"uv": [87, 10], "uv_size": [1.5, 2]},
								"down": {"uv": [87, 14], "uv_size": [1.5, -2]}
							}
						},
						{
							"origin": [-3.5156, 32.57299, -0.97396],
							"size": [1.56762, 1.06338, 2.41999],
							"pivot": [-3.12931, 29.15559, 0.23528],
							"rotation": [0.1869, 0.9194, 0.4772],
							"uv": {
								"north": {"uv": [104, 74], "uv_size": [1.5, 1]},
								"east": {"uv": [92, 84], "uv_size": [2.5, 1]},
								"south": {"uv": [104, 75], "uv_size": [1.5, 1]},
								"west": {"uv": [93, 45], "uv_size": [2.5, 1]},
								"up": {"uv": [54, 83], "uv_size": [1.5, 2.5]},
								"down": {"uv": [83, 63.5], "uv_size": [1.5, -2.5]}
							}
						}
					]
				},
				{
					"name": "RightForeArm",
					"parent": "RightArm",
					"pivot": [-3.02314, 26.27985, 0.25471],
					"cubes": [
						{
							"origin": [-4.09936, 19.48302, -0.97145],
							"size": [2.145, 6.82, 2.42],
							"pivot": [-3.13568, 28.38562, 0.2378],
							"rotation": [0.1868, 0.9194, 0.4772],
							"uv": {
								"north": {"uv": [53, 21], "uv_size": [2, 7]},
								"east": {"uv": [47, 6], "uv_size": [2.5, 7]},
								"south": {"uv": [34, 53], "uv_size": [2, 7]},
								"west": {"uv": [47, 13], "uv_size": [2.5, 7]},
								"up": {"uv": [36, 80], "uv_size": [2, 2.5]},
								"down": {"uv": [80, 49.5], "uv_size": [2, -2.5]}
							}
						}
					]
				},
				{
					"name": "RightForeArmCoat",
					"parent": "RightForeArm",
					"pivot": [-3.02314, 26.27985, 0.25471],
					"cubes": [
						{
							"origin": [-4.11388, 21.46863, -1.02401],
							"size": [2.23892, 4.845, 2.51999],
							"pivot": [-2.1502, 28.37124, 3.18524],
							"rotation": [0.1868, 0.9194, 0.4772],
							"uv": {
								"north": {"uv": [28, 65], "uv_size": [2, 5]},
								"east": {"uv": [49, 58], "uv_size": [2.5, 5]},
								"south": {"uv": [30, 65], "uv_size": [2, 5]},
								"west": {"uv": [52, 58], "uv_size": [2.5, 5]},
								"up": {"uv": [80, 50], "uv_size": [2, 2.5]},
								"down": {"uv": [52, 82.5], "uv_size": [2, -2.5]}
							}
						},
						{
							"origin": [-4.25835, 21.49419, -0.97459],
							"size": [0.5, 1.5, 2.51999],
							"pivot": [-4.00835, 21.99419, 0.2854],
							"rotation": [0.10595, 0.93218, -4.52344],
							"uv": {
								"north": {"uv": [67, 113], "uv_size": [0.5, 1.5]},
								"east": {"uv": [62, 83], "uv_size": [2.5, 1.5]},
								"south": {"uv": [68, 113], "uv_size": [0.5, 1.5]},
								"west": {"uv": [65, 83], "uv_size": [2.5, 1.5]},
								"up": {"uv": [105, 106], "uv_size": [0.5, 2.5]},
								"down": {"uv": [106, 108.5], "uv_size": [0.5, -2.5]}
							}
						},
						{
							"origin": [-2.43067, 21.47897, -1.00393],
							"size": [0.5, 1.5, 2.51999],
							"pivot": [-2.18067, 21.97897, 0.25607],
							"rotation": [0.26623, 0.89962, 5.47779],
							"uv": {
								"north": {"uv": [113, 68], "uv_size": [0.5, 1.5]},
								"east": {"uv": [68, 83], "uv_size": [2.5, 1.5]},
								"south": {"uv": [113, 70], "uv_size": [0.5, 1.5]},
								"west": {"uv": [83, 71], "uv_size": [2.5, 1.5]},
								"up": {"uv": [0, 107], "uv_size": [0.5, 2.5]},
								"down": {"uv": [1, 109.5], "uv_size": [0.5, -2.5]}
							}
						},
						{
							"origin": [-4.23092, 21.48329, -1.03365],
							"size": [2.23892, 1.5, 0.5],
							"pivot": [-3.11146, 21.98329, -0.78365],
							"rotation": [5.1868, 0.9194, 0.4772],
							"uv": {
								"north": {"uv": [46, 87], "uv_size": [2, 1.5]},
								"east": {"uv": [113, 72], "uv_size": [0.5, 1.5]},
								"south": {"uv": [87, 53], "uv_size": [2, 1.5]},
								"west": {"uv": [73, 113], "uv_size": [0.5, 1.5]},
								"up": {"uv": [111, 39], "uv_size": [2, 0.5]},
								"down": {"uv": [40, 111.5], "uv_size": [2, -0.5]}
							}
						},
						{
							"origin": [-4.19702, 21.48988, 1.07512],
							"size": [2.23892, 1.5, 0.5],
							"pivot": [-3.07756, 21.98988, 1.32512],
							"rotation": [-4.8132, 0.9194, 0.4772],
							"uv": {
								"north": {"uv": [77, 87], "uv_size": [2, 1.5]},
								"east": {"uv": [74, 113], "uv_size": [0.5, 1.5]},
								"south": {"uv": [9, 88], "uv_size": [2, 1.5]},
								"west": {"uv": [113, 74], "uv_size": [0.5, 1.5]},
								"up": {"uv": [42, 111], "uv_size": [2, 0.5]},
								"down": {"uv": [44, 111.5], "uv_size": [2, -0.5]}
							}
						}
					]
				},
				{
					"name": "RightHand",
					"parent": "RightForeArm",
					"pivot": [-3.13568, 21.78562, 0.2378]
				},
				{
					"name": "RightHandLocator",
					"parent": "RightHand",
					"pivot": [-3.13568, 20.68562, 0.2378]
				},
				{
					"name": "RightArmCoat",
					"parent": "RightArm",
					"pivot": [-3.50746, 33.56386, 0.2378],
					"cubes": [
						{
							"origin": [-5.96812, 31.60577, -1.00895],
							"size": [1.04, 1.21, 2.52],
							"pivot": [-3.07318, 28.38562, 5.2503],
							"rotation": [0.6029, 0.7188, 28.9795],
							"uv": {
								"north": {"uv": [111, 44], "uv_size": [1, 1]},
								"east": {"uv": [93, 46], "uv_size": [2.5, 1]},
								"south": {"uv": [111, 45], "uv_size": [1, 1]},
								"west": {"uv": [93, 52], "uv_size": [2.5, 1]},
								"up": {"uv": [60, 93], "uv_size": [1, 2.5]},
								"down": {"uv": [61, 95.5], "uv_size": [1, -2.5]}
							}
						},
						{
							"origin": [-4.08078, 26.30302, -1.00895],
							"size": [2.23892, 6.29387, 2.51999],
							"pivot": [-3.07318, 28.38562, 5.2503],
							"rotation": [0.1869, 0.9194, 0.4772],
							"uv": {
								"north": {"uv": [44, 57], "uv_size": [2, 6.5]},
								"east": {"uv": [40, 50], "uv_size": [2.5, 6.5]},
								"south": {"uv": [25, 58], "uv_size": [2, 6.5]},
								"west": {"uv": [43, 50], "uv_size": [2.5, 6.5]},
								"up": {"uv": [80, 53], "uv_size": [2, 2.5]},
								"down": {"uv": [54, 82.5], "uv_size": [2, -2.5]}
							}
						},
						{
							"origin": [-3.78685, 25.55302, -0.70895],
							"size": [1.645, 1.32, 1.92],
							"pivot": [-3.07318, 28.38562, 5.2503],
							"rotation": [0.1869, 0.9194, 0.4772],
							"uv": {
								"north": {"uv": [95, 55], "uv_size": [1.5, 1.5]},
								"east": {"uv": [88, 21], "uv_size": [2, 1.5]},
								"south": {"uv": [56, 95], "uv_size": [1.5, 1.5]},
								"west": {"uv": [88, 23], "uv_size": [2, 1.5]},
								"up": {"uv": [27, 88], "uv_size": [1.5, 2]},
								"down": {"uv": [36, 90], "uv_size": [1.5, -2]}
							}
						},
						{
							"origin": [-3.49704, 32.59686, -1.01146],
							"size": [1.66156, 1.06337, 2.51999],
							"pivot": [-3.06681, 29.15559, 5.24778],
							"rotation": [0.1869, 0.9194, 0.4772],
							"uv": {
								"north": {"uv": [104, 76], "uv_size": [1.5, 1]},
								"east": {"uv": [93, 61], "uv_size": [2.5, 1]},
								"south": {"uv": [77, 104], "uv_size": [1.5, 1]},
								"west": {"uv": [93, 62], "uv_size": [2.5, 1]},
								"up": {"uv": [71, 83], "uv_size": [1.5, 2.5]},
								"down": {"uv": [83, 75.5], "uv_size": [1.5, -2.5]}
							}
						}
					]
				},
				{
					"name": "LeftArm",
					"pivot": [3.24864, 32.59793, 0.2378],
					"cubes": [
						{
							"origin": [1.95435, 26.30302, -0.97145],
							"size": [2.145, 6.27, 2.42],
							"pivot": [3.13568, 28.38562, 0.2378],
							"rotation": [0.1869, -0.9194, -0.4772],
							"uv": {
								"north": {"uv": [27, 58], "uv_size": [2, 6.5]},
								"east": {"uv": [46, 51], "uv_size": [2.5, 6.5]},
								"south": {"uv": [29, 58], "uv_size": [2, 6.5]},
								"west": {"uv": [16, 52], "uv_size": [2.5, 6.5]},
								"up": {"uv": [80, 56], "uv_size": [2, 2.5]},
								"down": {"uv": [59, 82.5], "uv_size": [2, -2.5]}
							}
						},
						{
							"origin": [4.99062, 31.60577, -0.95895],
							"size": [0.99, 1.21, 2.395],
							"pivot": [3.13568, 28.38562, 0.2378],
							"rotation": [0.6029, -0.7188, -28.9795],
							"uv": {
								"north": {"uv": [46, 111], "uv_size": [1, 1]},
								"east": {"uv": [93, 63], "uv_size": [2.5, 1]},
								"south": {"uv": [111, 46], "uv_size": [1, 1]},
								"west": {"uv": [93, 65], "uv_size": [2.5, 1]},
								"up": {"uv": [93, 66], "uv_size": [1, 2.5]},
								"down": {"uv": [93, 73.5], "uv_size": [1, -2.5]}
							}
						},
						{
							"origin": [2.25435, 25.60302, -0.67145],
							"size": [1.545, 1.27, 1.82],
							"pivot": [3.13568, 28.38562, 0.2378],
							"rotation": [0.1869, -0.9194, -0.4772],
							"uv": {
								"north": {"uv": [58, 95], "uv_size": [1.5, 1.5]},
								"east": {"uv": [88, 37], "uv_size": [2, 1.5]},
								"south": {"uv": [62, 95], "uv_size": [1.5, 1.5]},
								"west": {"uv": [38, 88], "uv_size": [2, 1.5]},
								"up": {"uv": [88, 39], "uv_size": [1.5, 2]},
								"down": {"uv": [88, 43], "uv_size": [1.5, -2]}
							}
						},
						{
							"origin": [1.94798, 32.57299, -0.97396],
							"size": [1.56762, 1.06338, 2.41999],
							"pivot": [3.12931, 29.15559, 0.23528],
							"rotation": [0.1869, -0.9194, -0.4772],
							"uv": {
								"north": {"uv": [104, 77], "uv_size": [1.5, 1]},
								"east": {"uv": [93, 74], "uv_size": [2.5, 1]},
								"south": {"uv": [104, 78], "uv_size": [1.5, 1]},
								"west": {"uv": [93, 75], "uv_size": [2.5, 1]},
								"up": {"uv": [76, 83], "uv_size": [1.5, 2.5]},
								"down": {"uv": [83, 78.5], "uv_size": [1.5, -2.5]}
							}
						}
					]
				},
				{
					"name": "LeftForeArm",
					"parent": "LeftArm",
					"pivot": [3.02314, 26.27985, 0.25471],
					"cubes": [
						{
							"origin": [1.95436, 19.48302, -0.97145],
							"size": [2.145, 6.82, 2.42],
							"pivot": [3.13568, 28.38562, 0.2378],
							"rotation": [0.1868, -0.9194, -0.4772],
							"uv": {
								"north": {"uv": [3, 54], "uv_size": [2, 7]},
								"east": {"uv": [47, 20], "uv_size": [2.5, 7]},
								"south": {"uv": [54, 28], "uv_size": [2, 7]},
								"west": {"uv": [47, 27], "uv_size": [2.5, 7]},
								"up": {"uv": [61, 80], "uv_size": [2, 2.5]},
								"down": {"uv": [63, 82.5], "uv_size": [2, -2.5]}
							}
						}
					]
				},
				{
					"name": "LeftForeArmCoat",
					"parent": "LeftForeArm",
					"pivot": [3.02314, 26.27985, 0.25471],
					"cubes": [
						{
							"origin": [1.87496, 21.46863, -1.02401],
							"size": [2.23892, 4.845, 2.51999],
							"pivot": [2.1502, 28.37124, 3.18524],
							"rotation": [0.1868, -0.9194, -0.4772],
							"uv": {
								"north": {"uv": [36, 65], "uv_size": [2, 5]},
								"east": {"uv": [55, 58], "uv_size": [2.5, 5]},
								"south": {"uv": [66, 28], "uv_size": [2, 5]},
								"west": {"uv": [58, 58], "uv_size": [2.5, 5]},
								"up": {"uv": [65, 80], "uv_size": [2, 2.5]},
								"down": {"uv": [80, 67.5], "uv_size": [2, -2.5]}
							}
						},
						{
							"origin": [3.75835, 21.49419, -0.97459],
							"size": [0.5, 1.5, 2.51999],
							"pivot": [4.00835, 21.99419, 0.2854],
							"rotation": [0.10595, -0.93218, 4.52344],
							"uv": {
								"north": {"uv": [113, 76], "uv_size": [0.5, 1.5]},
								"east": {"uv": [83, 79], "uv_size": [2.5, 1.5]},
								"south": {"uv": [77, 113], "uv_size": [0.5, 1.5]},
								"west": {"uv": [82, 83], "uv_size": [2.5, 1.5]},
								"up": {"uv": [2, 107], "uv_size": [0.5, 2.5]},
								"down": {"uv": [3, 109.5], "uv_size": [0.5, -2.5]}
							}
						},
						{
							"origin": [1.93067, 21.47897, -1.00393],
							"size": [0.5, 1.5, 2.51999],
							"pivot": [2.18067, 21.97897, 0.25607],
							"rotation": [0.26623, -0.89962, -5.47779],
							"uv": {
								"north": {"uv": [78, 113], "uv_size": [0.5, 1.5]},
								"east": {"uv": [84, 0], "uv_size": [2.5, 1.5]},
								"south": {"uv": [79, 113], "uv_size": [0.5, 1.5]},
								"west": {"uv": [84, 2], "uv_size": [2.5, 1.5]},
								"up": {"uv": [4, 107], "uv_size": [0.5, 2.5]},
								"down": {"uv": [5, 109.5], "uv_size": [0.5, -2.5]}
							}
						},
						{
							"origin": [1.992, 21.48329, -1.03365],
							"size": [2.23892, 1.5, 0.5],
							"pivot": [3.11146, 21.98329, -0.78365],
							"rotation": [5.1868, -0.9194, -0.4772],
							"uv": {
								"north": {"uv": [88, 43], "uv_size": [2, 1.5]},
								"east": {"uv": [80, 113], "uv_size": [0.5, 1.5]},
								"south": {"uv": [88, 45], "uv_size": [2, 1.5]},
								"west": {"uv": [81, 113], "uv_size": [0.5, 1.5]},
								"up": {"uv": [47, 111], "uv_size": [2, 0.5]},
								"down": {"uv": [111, 47.5], "uv_size": [2, -0.5]}
							}
						},
						{
							"origin": [1.9581, 21.48988, 1.07512],
							"size": [2.23892, 1.5, 0.5],
							"pivot": [3.07756, 21.98988, 1.32512],
							"rotation": [-4.8132, -0.9194, -0.4772],
							"uv": {
								"north": {"uv": [48, 88], "uv_size": [2, 1.5]},
								"east": {"uv": [82, 113], "uv_size": [0.5, 1.5]},
								"south": {"uv": [88, 49], "uv_size": [2, 1.5]},
								"west": {"uv": [83, 113], "uv_size": [0.5, 1.5]},
								"up": {"uv": [111, 48], "uv_size": [2, 0.5]},
								"down": {"uv": [49, 111.5], "uv_size": [2, -0.5]}
							}
						}
					]
				},
				{
					"name": "LeftHand",
					"parent": "LeftForeArm",
					"pivot": [3.13568, 21.78562, 0.2378]
				},
				{
					"name": "LeftHandLocator",
					"parent": "LeftHand",
					"pivot": [3.13568, 20.68562, 0.2378]
				},
				{
					"name": "LeftArmCoat",
					"parent": "LeftArm",
					"pivot": [3.50746, 33.56386, 0.2378],
					"cubes": [
						{
							"origin": [4.92812, 31.60577, -1.00895],
							"size": [1.04, 1.21, 2.52],
							"pivot": [3.07318, 28.38562, 5.2503],
							"rotation": [0.6029, -0.7188, -28.9795],
							"uv": {
								"north": {"uv": [111, 49], "uv_size": [1, 1]},
								"east": {"uv": [93, 76], "uv_size": [2.5, 1]},
								"south": {"uv": [111, 50], "uv_size": [1, 1]},
								"west": {"uv": [93, 77], "uv_size": [2.5, 1]},
								"up": {"uv": [93, 78], "uv_size": [1, 2.5]},
								"down": {"uv": [79, 95.5], "uv_size": [1, -2.5]}
							}
						},
						{
							"origin": [1.84185, 26.30302, -1.00895],
							"size": [2.23892, 6.29387, 2.51999],
							"pivot": [3.07318, 28.38562, 5.2503],
							"rotation": [0.1869, -0.9194, -0.4772],
							"uv": {
								"north": {"uv": [31, 58], "uv_size": [2, 6.5]},
								"east": {"uv": [19, 52], "uv_size": [2.5, 6.5]},
								"south": {"uv": [36, 58], "uv_size": [2, 6.5]},
								"west": {"uv": [22, 52], "uv_size": [2.5, 6.5]},
								"up": {"uv": [76, 80], "uv_size": [2, 2.5]},
								"down": {"uv": [17, 83.5], "uv_size": [2, -2.5]}
							}
						},
						{
							"origin": [2.14185, 25.55302, -0.70895],
							"size": [1.645, 1.32, 1.92],
							"pivot": [3.07318, 28.38562, 5.2503],
							"rotation": [0.1869, -0.9194, -0.4772],
							"uv": {
								"north": {"uv": [64, 95], "uv_size": [1.5, 1.5]},
								"east": {"uv": [50, 88], "uv_size": [2, 1.5]},
								"south": {"uv": [95, 66], "uv_size": [1.5, 1.5]},
								"west": {"uv": [88, 51], "uv_size": [2, 1.5]},
								"up": {"uv": [52, 88], "uv_size": [1.5, 2]},
								"down": {"uv": [54, 90], "uv_size": [1.5, -2]}
							}
						},
						{
							"origin": [1.83548, 32.59686, -1.01146],
							"size": [1.66156, 1.06337, 2.51999],
							"pivot": [3.06681, 29.15559, 5.24778],
							"rotation": [0.1869, -0.9194, -0.4772],
							"uv": {
								"north": {"uv": [79, 104], "uv_size": [1.5, 1]},
								"east": {"uv": [93, 91], "uv_size": [2.5, 1]},
								"south": {"uv": [104, 79], "uv_size": [1.5, 1]},
								"west": {"uv": [93, 92], "uv_size": [2.5, 1]},
								"up": {"uv": [84, 4], "uv_size": [1.5, 2.5]},
								"down": {"uv": [84, 9.5], "uv_size": [1.5, -2.5]}
							}
						}
					]
				}
			]
		}
	]
}