{
	"format_version": "1.12.0",
	"minecraft:geometry": [
		{
			"description": {
				"identifier": "geometry.default",
				"texture_width": 256,
				"texture_height": 256,
				"visible_bounds_width": 6,
				"visible_bounds_height": 7,
				"visible_bounds_offset": [0, 2.5, 0]
			},
			"bones": [
				{
					"name": "LeftArm",
					"pivot": [4.4, 29.6, 2],
					"cubes": [
						{"origin": [2.75, 24.55, -1.5], "size": [3.05, 6.2, 3.05], "uv": [27, 49]}
					]
				},
				{
					"name": "xiuzi3",
					"parent": "LeftArm",
					"pivot": [0, -0.5, 0],
					"cubes": [
						{"origin": [3.625, 26.55, 0.125], "size": [2.284, 1.386, 0.55], "pivot": [4.275, 27.368, 0.275], "rotation": [17.5, 0, 0], "uv": [68, 199]},
						{"origin": [3.625, 26.55, -0.625], "size": [2.284, 1.386, 0.566], "pivot": [4.275, 27.368, -0.225], "rotation": [-17.5, 0, 0], "uv": [68, 198]},
						{"origin": [3.625, 26.55, -0.673], "size": [2.3, 1.386, 0.55], "pivot": [4.275, 27.368, -0.225], "rotation": [-17.5, 0, 0], "uv": [86, 199]},
						{"origin": [3.625, 26.55, 0.189], "size": [2.3, 1.386, 0.534], "pivot": [4.275, 27.368, 0.275], "rotation": [17.5, 0, 0], "uv": [85, 198]},
						{"origin": [3.625, 27.694, -0.625], "size": [2.3, 0.492, 1.3], "uv": [84, 199]},
						{"origin": [2.551, 26.522, 0.378], "size": [3.387, 0.184, 1.31], "uv": [68, 201]},
						{"origin": [2.568, 26.522, -1.638], "size": [3.37, 0.184, 1.31], "uv": [68, 201]},
						{"origin": [2.596, 26.55, 0.375], "size": [3.329, 1.636, 1.3], "uv": [84, 199]},
						{"origin": [2.612, 26.55, -1.625], "size": [3.313, 1.636, 1.3], "uv": [84, 199]}
					]
				},
				{
					"name": "LeftForeArm2",
					"parent": "LeftArm",
					"pivot": [4.275, 24.13186, 0.02293],
					"cubes": [
						{"origin": [2.85, 23.57586, -0.85842], "size": [2.85, 2.1, 2.1], "pivot": [4.275, 24.82586, 0.09158], "rotation": [-45, 0, 0], "uv": [23, 76]},
						{"origin": [2.775, 18.65, -1.475], "size": [3, 6, 3], "uv": [0, 49]}
					]
				},
				{
					"name": "bone8",
					"parent": "LeftForeArm2",
					"pivot": [7.08385, 20.2292, 2.84794],
					"rotation": [24.03363, -7.0977, 70.48731],
					"cubes": [
						{"origin": [7.053, 19.76914, 1.39611], "size": [0.25, 0.125, 1.25], "pivot": [6.96157, 19.83199, 2.26243], "rotation": [26.01719, 17.20943, 13.98256], "uv": [178, 57]},
						{"origin": [7.22744, 19.76914, 1.22279], "size": [0.25, 0.125, 1.25], "pivot": [6.96157, 19.83199, 2.26243], "rotation": [26.01719, 17.20943, 13.98256], "uv": [176, 55]},
						{"origin": [6.909, 19.76914, 1.54011], "size": [0.25, 0.125, 1.25], "pivot": [6.96157, 19.83199, 2.26243], "rotation": [26.01719, 17.20943, 13.98256], "uv": [178, 57]},
						{"origin": [6.685, 19.76914, 1.82811], "size": [0.25, 0.125, 1.25], "pivot": [6.96157, 19.83199, 2.26243], "rotation": [26.01719, 17.20943, 13.98256], "uv": [178, 57]},
						{"origin": [6.445, 19.76914, 2.05211], "size": [0.25, 0.125, 1.25], "pivot": [6.96157, 19.83199, 2.26243], "rotation": [26.01719, 17.20943, 13.98256], "uv": [178, 57]},
						{"origin": [7.23713, 19.76914, 2.05398], "size": [0.25, 0.125, 1.25], "pivot": [6.96157, 19.83199, 2.26243], "rotation": [26.70857, -21.21149, -4.55204], "uv": [178, 57]},
						{"origin": [6.43582, 19.76914, 1.216], "size": [0.25, 0.125, 1.25], "pivot": [6.96157, 19.83199, 2.26243], "rotation": [26.70857, -21.21149, -4.55204], "uv": [176, 55]},
						{"origin": [6.83085, 19.9167, 2.72294], "size": [0.25, 0.375, 0.25], "pivot": [7.08385, 20.2292, 2.84794], "rotation": [30.70761, 34.86344, 24.51784], "uv": [188, 57]}
					]
				},
				{
					"name": "bone9",
					"parent": "LeftForeArm2",
					"pivot": [4.27268, 16.94114, 0.24574],
					"cubes": [
						{"origin": [6.71921, 22.17825, 0.272], "size": [2.484, 0.25, 1.282], "pivot": [4.23173, 25.69062, 0.913], "rotation": [0, 0, 55], "uv": [83, 171]},
						{"origin": [5.8147, 26.77908, 0.272], "size": [2.5, 0.25, 1.282], "pivot": [4.23173, 25.69062, 0.913], "rotation": [0, 0, 125], "uv": [83, 171]},
						{"origin": [7.44431, 21.68365, 0.288], "size": [1.75, 0.5, 1.25], "pivot": [4.23173, 25.69062, 0.913], "rotation": [0, 0, 55], "uv": [110, 182]},
						{"origin": [5.89231, 24.66765, 0.288], "size": [1.75, 0.5, 1.25], "pivot": [4.23173, 25.69062, 0.913], "rotation": [0, 0, 55], "uv": [110, 182]},
						{"origin": [6.85111, 26.96762, 0.288], "size": [2.5, 0.266, 1.25], "pivot": [4.23173, 25.69062, 0.913], "rotation": [0, 0, 90], "uv": [110, 182]},
						{"origin": [6.85111, 24.23362, 0.288], "size": [2.5, 0.234, 1.25], "pivot": [4.23173, 25.69062, 0.913], "rotation": [0, 0, 90], "uv": [110, 182]},
						{"origin": [7.0764, 21.93937, 0.288], "size": [1.125, 0.25, 1.25], "pivot": [4.23173, 25.69062, 0.913], "rotation": [0, 0, 55], "uv": [110, 182]},
						{"origin": [6.9004, 24.62537, 0.288], "size": [1.125, 0.25, 1.25], "pivot": [4.23173, 25.69062, 0.913], "rotation": [0, 0, 55], "uv": [110, 182]},
						{"origin": [7.0547, 29.26508, 0.288], "size": [1.125, 0.25, 1.25], "pivot": [4.23173, 25.69062, 0.913], "rotation": [0, 0, 125], "uv": [110, 182]},
						{"origin": [6.8147, 26.52908, 0.288], "size": [1.125, 0.25, 1.25], "pivot": [4.23173, 25.69062, 0.913], "rotation": [0, 0, 125], "uv": [110, 182]},
						{"origin": [7.3947, 29.26308, 0.288], "size": [1.75, 0.5, 1.25], "pivot": [4.23173, 25.69062, 0.913], "rotation": [0, 0, 125], "uv": [110, 182]},
						{"origin": [5.8147, 26.27908, 0.288], "size": [1.75, 0.5, 1.25], "pivot": [4.23173, 25.69062, 0.913], "rotation": [0, 0, 125], "uv": [110, 182]},
						{"origin": [6.6547, 29.01908, 0.272], "size": [2.5, 0.25, 1.282], "pivot": [4.23173, 25.69062, 0.913], "rotation": [0, 0, 125], "uv": [83, 171]},
						{"origin": [5.88721, 24.41825, 0.272], "size": [2.484, 0.25, 1.282], "pivot": [4.23173, 25.69062, 0.913], "rotation": [0, 0, 55], "uv": [83, 171]},
						{"origin": [2.52268, 19.19114, -1.75426], "size": [3.5, 1, 3.5], "uv": [149, 59]}
					]
				},
				{
					"name": "LeftHand2",
					"parent": "LeftForeArm2",
					"pivot": [4.375, 18.925, 0.025],
					"cubes": [
						{"origin": [3.075, 18.15, -1.275], "size": [2.6, 2.1, 2], "pivot": [0, 18.65, -0.575], "rotation": [-45, 0, 0], "uv": [76, 0]},
						{"origin": [2.775, 16.65, -1.475], "size": [3, 2, 3], "uv": [58, 165]}
					]
				},
				{
					"name": "LeftHandLocator2",
					"parent": "LeftHand2",
					"pivot": [4.375, 17.925, 0.025]
				},
				{
					"name": "RightArm",
					"pivot": [-4.4, 29.6, 0],
					"cubes": [
						{"origin": [-5.8, 24.55, -1.5], "size": [3.05, 6.2, 3.05], "uv": [79, 204], "mirror": true}
					]
				},
				{
					"name": "xiuzi4",
					"parent": "RightArm",
					"pivot": [0, -0.5, 0],
					"cubes": [
						{"origin": [-5.909, 26.55, 0.125], "size": [2.284, 1.386, 0.55], "pivot": [-4.275, 27.368, 0.275], "rotation": [17.5, 0, 0], "uv": [68, 199], "mirror": true},
						{"origin": [-5.909, 26.55, -0.625], "size": [2.284, 1.386, 0.566], "pivot": [-4.275, 27.368, -0.225], "rotation": [-17.5, 0, 0], "uv": [68, 198], "mirror": true},
						{"origin": [-5.925, 26.55, -0.673], "size": [2.3, 1.386, 0.55], "pivot": [-4.275, 27.368, -0.225], "rotation": [-17.5, 0, 0], "uv": [86, 199], "mirror": true},
						{"origin": [-5.925, 26.55, 0.189], "size": [2.3, 1.386, 0.534], "pivot": [-4.275, 27.368, 0.275], "rotation": [17.5, 0, 0], "uv": [85, 198], "mirror": true},
						{"origin": [-5.925, 27.694, -0.625], "size": [2.3, 0.492, 1.3], "uv": [84, 199], "mirror": true},
						{"origin": [-5.938, 26.522, 0.378], "size": [3.387, 0.184, 1.31], "uv": [68, 201], "mirror": true},
						{"origin": [-5.938, 26.522, -1.638], "size": [3.37, 0.184, 1.31], "uv": [68, 201], "mirror": true},
						{"origin": [-5.925, 26.55, 0.375], "size": [3.329, 1.636, 1.3], "uv": [84, 199], "mirror": true},
						{"origin": [-5.925, 26.55, -1.625], "size": [3.313, 1.636, 1.3], "uv": [84, 199], "mirror": true}
					]
				},
				{
					"name": "RightForeArm2",
					"parent": "RightArm",
					"pivot": [-3.875, 24.4, 0.025],
					"cubes": [
						{"origin": [-5.7, 23.57586, -0.85842], "size": [2.85, 2.1, 2.1], "pivot": [-4.275, 24.82586, 0.09158], "rotation": [-45, 0, 0], "uv": [19, 91], "mirror": true},
						{"origin": [-5.775, 18.65, -1.475], "size": [3, 6, 3], "uv": [84, 184], "mirror": true},
						{"origin": [-5.875, 19.15, -1.725], "size": [3.25, 0.5, 3.5], "uv": [63, 110]}
					]
				},
				{
					"name": "RightHand2",
					"parent": "RightForeArm2",
					"pivot": [-4.375, 18.925, 0.025],
					"cubes": [
						{"origin": [-5.675, 18.15, -1.275], "size": [2.6, 2.1, 2], "pivot": [0, 18.65, -0.575], "rotation": [-45, 0, 0], "uv": [76, 0], "mirror": true},
						{"origin": [-5.775, 16.65, -1.475], "size": [3, 2, 3], "uv": [58, 172], "mirror": true}
					]
				},
				{
					"name": "RightHandLocator2",
					"parent": "RightHand2",
					"pivot": [-4.375, 17.925, 0.025]
				}
			]
		}
	]
}