{
	"format_version": "1.12.0",
	"minecraft:geometry": [
		{
			"description": {
				"identifier": "geometry.unknown",
				"texture_width": 128,
				"texture_height": 128,
				"visible_bounds_width": 4,
				"visible_bounds_height": 4.5,
				"visible_bounds_offset": [0, 1.75, 0]
			},
			"bones": [
				{
					"name": "Arm",
					"pivot": [0, 31.2, 0]
				},
				{
					"name": "LeftArm",
					"parent": "Arm",
					"pivot": [4.25, 29.9, 0],
					"rotation": [0, 0, -15],
					"cubes": [
						{"origin": [2.95, 24.15, -1.6], "size": [3.25, 7, 3.3], "uv": [52, 57], "mirror": true}
					]
				},
				{
					"name": "LeftForeArm",
					"parent": "LeftArm",
					"pivot": [4.475, 24.25, 0.025],
					"cubes": [
						{"origin": [2.975, 17.225, -1.575], "size": [3.2, 8, 3.3], "uv": [16, 55], "mirror": true}
					]
				},
				{
					"name": "LeftHand",
					"parent": "LeftForeArm",
					"pivot": [4.575, 18.725, 0.025]
				},
				{
					"name": "LeftHandLocator",
					"parent": "LeftHand",
					"pivot": [4.575, 18.725, 0.025],
					"cubes": [
						{"origin": [4.075, 18.225, -0.475], "size": [1, 1, 1], "uv": [36, 47], "mirror": true}
					]
				},
				{
					"name": "RightArm",
					"parent": "Arm",
					"pivot": [-4.25, 29.775, 0],
					"rotation": [0, 0, 15],
					"cubes": [
						{"origin": [-6.2, 24.025, -1.6], "size": [3.25, 7, 3.3], "uv": [52, 57]}
					]
				},
				{
					"name": "RightForeArm",
					"parent": "RightArm",
					"pivot": [-4.475, 24.225, 0.025],
					"cubes": [
						{"origin": [-6.175, 17.2, -1.575], "size": [3.2, 8, 3.3], "uv": [52, 83]},
						{"origin": [-7.325, 20.2, -1.725], "size": [3.05, 5, 3.5], "pivot": [-5.6, 21.7, 0.025], "rotation": [0, 0, -20], "uv": [70, 74]},
						{"origin": [-4.54971, 20.21846, -1.625], "size": [3.05, 5, 3.3], "pivot": [-3.67471, 21.69346, 0.025], "rotation": [0, 0, 20], "uv": [18, 76]}
					]
				},
				{
					"name": "RightHand",
					"parent": "RightForeArm",
					"pivot": [-4.575, 18.825, 0.025],
					"cubes": [
						{"origin": [-5.075, 18.325, -0.475], "size": [1, 1, 1], "uv": [67, 86]}
					]
				},
				{
					"name": "RightHandLocator",
					"parent": "RightHand",
					"pivot": [-4.575, 18.825, 0.025],
					"cubes": [
						{"origin": [-5.075, 18.325, -0.475], "size": [1, 1, 1], "uv": [36, 47]}
					]
				}
			]
		}
	]
}