{
	"format_version": "1.12.0",
	"minecraft:geometry": [
		{
			"description": {
				"identifier": "geometry.unknown",
				"texture_width": 128,
				"texture_height": 128,
				"visible_bounds_width": 4,
				"visible_bounds_height": 4.5,
				"visible_bounds_offset": [0, 1.75, 0]
			},
			"bones": [
				{
					"name": "Root",
					"pivot": [0, 0, 0]
				},
				{
					"name": "AllBody",
					"parent": "Root",
					"pivot": [0, 20, 0]
				},
				{
					"name": "UpBody",
					"parent": "AllBody",
					"pivot": [0, 24, 0],
					"cubes": [
						{"origin": [0.35, 22.82247, -2.15834], "size": [0.7, 0.7, 0.7], "pivot": [0.5, 23.42247, -1.73334], "rotation": [-7.5, 0, 0], "uv": [0, 0], "mirror": true},
						{"origin": [-0.95, 22.82247, -2.15834], "size": [0.7, 0.7, 0.7], "pivot": [-0.4, 23.42247, -1.73334], "rotation": [-7.5, 0, 0], "uv": [0, 0]},
						{"origin": [0.35, 24.97247, -2.08334], "size": [0.7, 0.7, 0.7], "uv": [0, 0]},
						{"origin": [-2.2, 29.15, -2.125], "size": [4.4, 2, 4.2], "uv": [54, 31]},
						{"origin": [-4, 23.75, -2.325], "size": [8, 7, 4.65], "uv": [24, 21]}
					]
				},
				{
					"name": "AllHead",
					"parent": "UpBody",
					"pivot": [0, 31.2, 0],
					"cubes": [
						{"origin": [-1.5, 30.925, -1.525], "size": [3, 2, 3], "uv": [0, 71]}
					]
				},
				{
					"name": "Head",
					"parent": "AllHead",
					"pivot": [0, 32, 0],
					"cubes": [
						{"origin": [-3.5, 32.05, -4], "size": [7, 8, 8], "uv": [0, 0]},
						{"origin": [-4.57678, 33.25, -1.67678], "size": [2, 2.3, 1], "pivot": [-3.6, 34.75, -1], "rotation": [8.64388, 29.7174, 4.30963], "uv": [62, 19]},
						{"origin": [2.57678, 33.25, -1.67678], "size": [2, 2.3, 1], "pivot": [3.6, 34.75, -1], "rotation": [8.64388, -29.7174, -4.30963], "uv": [66, 7]},
						{"origin": [-1.5, 30.85, -1.5], "size": [3, 2, 3], "inflate": 0.01, "uv": [51, 68]},
						{"origin": [-1.5, 32.03223, -0.73223], "size": [3, 2.12132, 2.12132], "pivot": [0, 33.15355, 0.76777], "rotation": [45, 0, 0], "uv": [71, 67]},
						{"origin": [-1.5, 29.73934, -0.56066], "size": [3, 2.12132, 2.12132], "pivot": [0, 30.8, 0.5], "rotation": [45, 0, 0], "uv": [70, 18]}
					]
				},
				{
					"name": "Face",
					"parent": "Head",
					"pivot": [0, 32, 0]
				},
				{
					"name": "Eyes",
					"parent": "Face",
					"pivot": [0, 34.075, -0.5]
				},
				{
					"name": "Eyebrow",
					"parent": "Eyes",
					"pivot": [2.875, 34.875, -3.625]
				},
				{
					"name": "LeftEyebrow",
					"parent": "Eyebrow",
					"pivot": [2.875, 34.375, -3.625],
					"cubes": [
						{"origin": [1.275, 34.375, -4.125], "size": [2.25, 1, 1], "uv": [22, 5]}
					]
				},
				{
					"name": "RightEyebrow",
					"parent": "Eyebrow",
					"pivot": [-2.875, 34.875, -3.625],
					"cubes": [
						{"origin": [-3.525, 34.375, -4.125], "size": [2.25, 1, 1], "uv": [45, 41]}
					]
				},
				{
					"name": "Eyelid",
					"parent": "Eyes",
					"pivot": [0, 34.775, -0.3]
				},
				{
					"name": "LeftEyelid",
					"parent": "Eyelid",
					"pivot": [2.5, 33.075, -3.525],
					"cubes": [
						{"origin": [1.4, 33.075, -4.025], "size": [2, 2, 1], "uv": [26, 42]}
					]
				},
				{
					"name": "LeftEyesBase",
					"parent": "LeftEyelid",
					"pivot": [2.325, 33.075, -3.525],
					"cubes": [
						{"origin": [1.525, 33.075, -4.05], "size": [1.4, 2, 1], "uv": [16, 66]},
						{"origin": [2.275, 34.075, -4.45], "size": [1.2, 1.05, 1], "inflate": -0.35, "uv": [32, 18]}
					]
				},
				{
					"name": "LeftPupil",
					"parent": "LeftEyesBase",
					"pivot": [2.225, 34.075, -3.575],
					"cubes": [
						{"origin": [1.925, 33.575, -4.075], "size": [0.6, 1, 1], "uv": [0, 0]}
					]
				},
				{
					"name": "RightEyelid",
					"parent": "Eyelid",
					"pivot": [-2.5, 33.075, -3.525],
					"cubes": [
						{"origin": [-3.4, 33.075, -4.025], "size": [2, 2, 1], "uv": [26, 42], "mirror": true}
					]
				},
				{
					"name": "RightEyesBase",
					"parent": "RightEyelid",
					"pivot": [-2.325, 33.075, -3.525],
					"cubes": [
						{"origin": [-2.925, 33.075, -4.05], "size": [1.4, 2, 1], "uv": [16, 66], "mirror": true},
						{"origin": [-2.25, 34.075, -4.45], "size": [1.2, 1.05, 1], "inflate": -0.35, "uv": [32, 18]}
					]
				},
				{
					"name": "RightPupil",
					"parent": "RightEyesBase",
					"pivot": [-2.225, 34.075, -3.575],
					"cubes": [
						{"origin": [-2.525, 33.575, -4.075], "size": [0.6, 1, 1], "uv": [0, 0], "mirror": true}
					]
				},
				{
					"name": "Hair",
					"parent": "Head",
					"pivot": [-0.14783, 37.09457, 0.39674],
					"cubes": [
						{"origin": [-1.5, 38.15, -4.85], "size": [3, 1, 1], "uv": [4, 34]},
						{"origin": [-0.66894, 36.87878, -4.59281], "size": [1, 2, 1], "pivot": [0.33106, 37.57878, -3.79281], "rotation": [7.65761, 0.79191, -2.41522], "uv": [72, 31]},
						{"origin": [0.33106, 36.87878, -4.59281], "size": [1, 2, 1], "pivot": [0.33106, 37.57878, -3.79281], "rotation": [7.65761, 0.79191, -2.41522], "uv": [70, 43]},
						{"origin": [-2.5, 38.15, -4.975], "size": [1, 1, 1], "pivot": [-2.5, 37.35, -4.425], "rotation": [-5, 0, 0], "uv": [34, 37]},
						{"origin": [3.4625, 35.05, -4.225], "size": [1, 4, 3], "uv": [0, 0]},
						{"origin": [-3, 33.075, 3.675], "size": [6, 6, 1], "uv": [0, 62]},
						{"origin": [3.425, 35.95, -1.95], "size": [1, 3, 1], "uv": [0, 54], "mirror": true},
						{"origin": [3.425, 34.95, -0.95], "size": [1, 5, 1], "uv": [38, 56], "mirror": true},
						{"origin": [3.425, 33.95, 0.05], "size": [1, 6, 2], "uv": [0, 16], "mirror": true},
						{"origin": [3.425, 35.3, 2.05], "size": [1, 4, 1], "uv": [66, 0], "mirror": true},
						{"origin": [3.0106, 33.52438, -3.9], "size": [1, 3, 2], "pivot": [3.5106, 35.02438, -2.825], "rotation": [0, 0, 10], "uv": [0, 45]},
						{"origin": [-1.5, 38.15, -4.75], "size": [3, 2, 1], "uv": [20, 21]},
						{"origin": [-3, 39.95, -3.825], "size": [6, 1, 7], "uv": [22, 0]},
						{"origin": [-2, 40.95, -2.825], "size": [4, 1, 5], "uv": [26, 50]},
						{"origin": [2, 40.95, -1.825], "size": [1, 1, 3], "uv": [40, 41]},
						{"origin": [3, 38.775, -2.825], "size": [1, 2, 5], "uv": [66, 0]}
					]
				},
				{
					"name": "CeFa",
					"parent": "Hair",
					"pivot": [2.69443, 37.34639, -4.425],
					"rotation": [-0.39002, -3.59934, 27.36488],
					"cubes": [
						{"origin": [2.71619, 35.3745, -4.76485], "size": [1, 3, 1], "pivot": [2.87263, 36.73528, -4.41768], "rotation": [1.0771, -1.74006, -73.17342], "uv": [39, 66]},
						{"origin": [3.48003, 34.99532, -4.82044], "size": [1, 3, 1], "pivot": [3.32791, 36.73584, -4.425], "rotation": [0, 0, -50], "uv": [20, 66]},
						{"origin": [2.48003, 37.99532, -4.82044], "size": [2, 2, 1], "pivot": [3.32791, 36.73584, -4.425], "rotation": [0, 0, -50], "uv": [30, 47]}
					]
				},
				{
					"name": "MaWei_Left",
					"parent": "Hair",
					"pivot": [-1, 16, 0]
				},
				{
					"name": "MaWei_A3",
					"parent": "MaWei_Left",
					"pivot": [3.8, 38.875, 3.325],
					"rotation": [-2.70666, 55.20491, -3.08078],
					"cubes": [
						{"origin": [2.96424, 35.04461, 2.811], "size": [2, 4, 1], "uv": [22, 0]},
						{"origin": [4.25716, 33.48397, 3.91109], "size": [1.025, 1, 1], "pivot": [3.81171, 35.67693, 3.80072], "rotation": [82.02922, 66.97135, 81.747], "uv": [4, 16], "mirror": true},
						{"origin": [3.98319, 34.20562, 2.88609], "size": [1.025, 1, 2], "pivot": [3.81171, 35.67693, 3.80072], "rotation": [73.14394, 79.21788, 72.51488], "uv": [30, 37], "mirror": true}
					]
				},
				{
					"name": "CeFaB13",
					"parent": "MaWei_A3",
					"pivot": [-1.28671, 35.25193, -0.54928],
					"rotation": [168.33566, -33.18888, -159.36232],
					"cubes": [
						{"origin": [-2.18346, 34.86522, -6.21258], "size": [1.025, 2, 2], "pivot": [-1.29187, 35.16356, -5.09205], "rotation": [-13.84182, -5.83672, -4.84116], "uv": [56, 13]},
						{"origin": [-2.21078, 34.04978, -6.23758], "size": [1.025, 1, 1], "pivot": [-1.29187, 35.16356, -5.09205], "rotation": [-12.28549, -8.67308, -17.11505], "uv": [4, 16]}
					]
				},
				{
					"name": "MaWei_Right",
					"parent": "Hair",
					"pivot": [1, 16, 0]
				},
				{
					"name": "MaWei_A5",
					"parent": "MaWei_Right",
					"pivot": [-3.8, 38.875, 3.325],
					"rotation": [-2.70666, -55.20491, 3.08078]
				},
				{
					"name": "Right_CeFaA",
					"parent": "Hair",
					"pivot": [-3.6625, 38.5704, -2.47915],
					"rotation": [-5.45323, 0.71681, 7.46586]
				},
				{
					"name": "CeFaB6",
					"parent": "Right_CeFaA",
					"pivot": [-4.0375, 39.0704, -1.47915],
					"rotation": [0, 0, 7.5]
				},
				{
					"name": "Left_CeFaA",
					"parent": "Hair",
					"pivot": [3.6625, 37.5704, -2.47915],
					"rotation": [-5.45323, -0.71681, -7.46586],
					"cubes": [
						{"origin": [3.15, 35.0704, -3.47915], "size": [1.025, 2, 1], "uv": [72, 50]},
						{"origin": [3.88633, 33.13846, -3.27915], "size": [1.025, 3, 1], "pivot": [4.0775, 35.2469, -2.64745], "rotation": [0, 0, 7.5], "uv": [0, 25]},
						{"origin": [3.92163, 35.19402, -3.22915], "size": [1.025, 3, 1], "pivot": [4.43413, 35.49402, -2.77915], "rotation": [0, 0, -10], "uv": [60, 50]}
					]
				},
				{
					"name": "CeFaB7",
					"parent": "Left_CeFaA",
					"pivot": [4.0375, 39.0704, -1.47915],
					"rotation": [0, 0, -7.5],
					"cubes": [
						{"origin": [3.45, 34.225, -3.375], "size": [1.025, 2, 2], "pivot": [3.95378, 34.52519, -2.6125], "rotation": [0, 0, 10], "uv": [38, 47]},
						{"origin": [3.43809, 33.32567, -3.35], "size": [1.025, 1, 1], "pivot": [3.95378, 34.52519, -2.6125], "rotation": [0, 0, 12.5], "uv": [45, 4]},
						{"origin": [3.75232, 36.09621, -3.37961], "size": [1.025, 3, 2], "uv": [9, 45]}
					]
				},
				{
					"name": "CeFaB14",
					"parent": "Hair",
					"pivot": [0.25362, 36.72772, 5.77854],
					"rotation": [104.00291, 75.60765, 90.38668],
					"cubes": [
						{"origin": [0.73361, 35.39039, 4.62878], "size": [1.025, 2, 2], "pivot": [-0.34098, 37.06549, 5.79408], "rotation": [-12.23516, 2.5792, 11.72352], "uv": [56, 6]},
						{"origin": [1.16608, 35.34829, 4.60378], "size": [1.025, 1, 1.025], "pivot": [-0.34098, 37.06549, 5.79408], "rotation": [-10.29284, 7.13136, 34.3569], "uv": [4, 16], "mirror": true},
						{"origin": [0.71153, 36.95203, 4.62417], "size": [1.025, 2, 2], "pivot": [-0.34098, 37.06549, 5.79408], "rotation": [-12.5, 0, 0], "uv": [12, 54]}
					]
				},
				{
					"name": "CeFaB4",
					"parent": "Hair",
					"pivot": [4.0375, 38.6954, -1.70415],
					"rotation": [0, 0, -12],
					"cubes": [
						{"origin": [3.30708, 33.76443, -3.49457], "size": [1.025, 2, 2], "pivot": [3.95378, 35.15019, -2.8375], "rotation": [0, 0, 10], "uv": [38, 51]},
						{"origin": [3.34266, 32.8599, -3.46957], "size": [1.025, 1, 1], "pivot": [3.95378, 35.15019, -2.8375], "rotation": [0, 0, 12.5], "uv": [12, 34]},
						{"origin": [3.42307, 35.67696, -3.49918], "size": [1.025, 3, 2], "uv": [44, 14]}
					]
				},
				{
					"name": "QianFa",
					"parent": "Hair",
					"pivot": [0.6411, 38.37938, -4.81882],
					"rotation": [-5, 0, -9.5],
					"cubes": [
						{"origin": [-0.51808, 34.59199, -5.72914], "size": [1, 2, 1], "pivot": [0.27997, 36.70657, -5.18513], "rotation": [-2.34053, -0.63524, -69.60991], "uv": [68, 31]},
						{"origin": [-0.30463, 36.10694, -5.73344], "size": [1, 4, 1], "pivot": [0.27997, 36.70657, -5.18513], "rotation": [-3.85087, 2.07567, -40.97205], "uv": [64, 37]},
						{"origin": [-1.75709, 36.65526, -5.53569], "size": [1, 2, 1], "pivot": [-1.26387, 37.45656, -5.01392], "rotation": [-2.27318, 1.5788, -17.21325], "uv": [30, 33]},
						{"origin": [1.11211, 35.75407, -5.2382], "size": [1, 2, 1], "pivot": [1.26387, 37.45656, -5.01392], "rotation": [-0.84221, -2.63626, -20.2987], "uv": [50, 67]},
						{"origin": [0.46385, 35.13353, -5.58629], "size": [1, 5, 1], "pivot": [0.27997, 36.70657, -5.18513], "rotation": [-1.22161, 2.15426, -37.47055], "uv": [28, 56]},
						{"origin": [1.04777, 36.38462, -5.38199], "size": [1, 4, 1], "pivot": [1.13062, 37.59238, -4.86565], "rotation": [-1.79065, -1.71084, -31.77568], "uv": [46, 56]},
						{"origin": [0.5229, 34.56032, -5.40699], "size": [1, 2, 1], "pivot": [1.13062, 37.59238, -4.86565], "rotation": [-0.55919, -2.41245, -65.04065], "uv": [66, 60]},
						{"origin": [-0.0832, 37.23568, -5.35621], "size": [1, 3, 1], "pivot": [1.13062, 37.59238, -4.86565], "rotation": [-1.79065, -1.71084, -31.77568], "uv": [20, 25]}
					]
				},
				{
					"name": "QianFa2",
					"parent": "Hair",
					"pivot": [4.6411, 38.37938, -1.81882],
					"rotation": [-5, 0, -9.5],
					"cubes": [
						{"origin": [3.48192, 34.59199, -2.72914], "size": [1, 2, 1], "pivot": [4.27997, 36.70657, -2.18513], "rotation": [-2.34053, -0.63524, -69.60991], "uv": [68, 31]},
						{"origin": [3.69537, 36.10694, -2.73344], "size": [1, 4, 1], "pivot": [4.27997, 36.70657, -2.18513], "rotation": [-3.85087, 2.07567, -40.97205], "uv": [64, 37]},
						{"origin": [2.24291, 36.65526, -2.53569], "size": [1, 2, 1], "pivot": [2.73613, 37.45656, -2.01392], "rotation": [-2.27318, 1.5788, -17.21325], "uv": [30, 33]},
						{"origin": [3.11211, 37.75407, 1.7618], "size": [1, 2, 1], "pivot": [3.26387, 39.45656, 1.98608], "rotation": [-0.84221, -2.63626, -20.2987], "uv": [50, 67]},
						{"origin": [4.46385, 35.13353, -1.58629], "size": [1, 5, 1], "pivot": [4.27997, 36.70657, -1.18513], "rotation": [-1.22161, 2.15426, -37.47055], "uv": [28, 56]},
						{"origin": [4.04777, 37.38462, -0.38199], "size": [1, 4, 1], "pivot": [4.13062, 38.59238, 0.13435], "rotation": [-1.79065, -1.71084, -31.77568], "uv": [46, 56]},
						{"origin": [3.5229, 35.56032, -0.40699], "size": [1, 2, 1], "pivot": [4.13062, 38.59238, 0.13435], "rotation": [-0.55919, -2.41245, -65.04065], "uv": [66, 60]},
						{"origin": [3.9168, 36.23568, 1.64379], "size": [1, 3, 1], "pivot": [5.13062, 36.59238, 2.13435], "rotation": [-1.79065, -1.71084, -31.77568], "uv": [20, 25]}
					]
				},
				{
					"name": "LeftShoulderLocator",
					"parent": "Head",
					"pivot": [3, 41.5, 0]
				},
				{
					"name": "RightShoulderLocator",
					"parent": "Head",
					"pivot": [-3, 41.5, 0]
				},
				{
					"name": "Arm",
					"parent": "UpBody",
					"pivot": [0, 31.2, 0]
				},
				{
					"name": "LeftArm",
					"parent": "Arm",
					"pivot": [4.25, 29.9, 0],
					"rotation": [0, 0, -15],
					"cubes": [
						{"origin": [2.95, 24.15, -1.6], "size": [3.25, 7, 3.3], "uv": [52, 57], "mirror": true}
					]
				},
				{
					"name": "LeftForeArm",
					"parent": "LeftArm",
					"pivot": [4.475, 24.25, 0.025],
					"cubes": [
						{"origin": [2.975, 17.225, -1.575], "size": [3.2, 8, 3.3], "uv": [16, 55], "mirror": true}
					]
				},
				{
					"name": "LeftHand",
					"parent": "LeftForeArm",
					"pivot": [4.575, 18.725, 0.025]
				},
				{
					"name": "LeftHandLocator",
					"parent": "LeftHand",
					"pivot": [4.575, 18.725, 0.025],
					"cubes": [
						{"origin": [4.075, 18.225, -0.475], "size": [1, 1, 1], "uv": [36, 47], "mirror": true}
					]
				},
				{
					"name": "RightArm",
					"parent": "Arm",
					"pivot": [-4.25, 29.775, 0],
					"rotation": [0, 0, 15],
					"cubes": [
						{"origin": [-6.2, 24.025, -1.6], "size": [3.25, 7, 3.3], "uv": [52, 57]}
					]
				},
				{
					"name": "RightForeArm",
					"parent": "RightArm",
					"pivot": [-4.475, 24.225, 0.025],
					"cubes": [
						{"origin": [-6.175, 17.2, -1.575], "size": [3.2, 8, 3.3], "uv": [52, 83]},
						{"origin": [-7.325, 20.2, -1.725], "size": [3.05, 5, 3.5], "pivot": [-5.6, 21.7, 0.025], "rotation": [0, 0, -20], "uv": [70, 74]},
						{"origin": [-4.54971, 20.21846, -1.625], "size": [3.05, 5, 3.3], "pivot": [-3.67471, 21.69346, 0.025], "rotation": [0, 0, 20], "uv": [18, 76]}
					]
				},
				{
					"name": "RightHand",
					"parent": "RightForeArm",
					"pivot": [-4.575, 18.825, 0.025],
					"cubes": [
						{"origin": [-5.075, 18.325, -0.475], "size": [1, 1, 1], "uv": [67, 86]}
					]
				},
				{
					"name": "RightHandLocator",
					"parent": "RightHand",
					"pivot": [-4.575, 18.825, 0.025],
					"cubes": [
						{"origin": [-5.075, 18.325, -0.475], "size": [1, 1, 1], "uv": [36, 47]}
					]
				},
				{
					"name": "RifleLocator",
					"parent": "UpBody",
					"pivot": [0, 25.15, 2.3],
					"rotation": [0, 0, 45]
				},
				{
					"name": "PistolLocator",
					"parent": "UpBody",
					"pivot": [-4, 24.75, -1.6],
					"rotation": [-30, 0, 0]
				},
				{
					"name": "ElytraLocator",
					"parent": "UpBody",
					"pivot": [0, 31.65, 2]
				},
				{
					"name": "RightWaistLocator",
					"parent": "UpBody",
					"pivot": [-4, 21, 0],
					"rotation": [-5, 0, 0]
				},
				{
					"name": "LeftWaistLocator",
					"parent": "UpBody",
					"pivot": [4, 21, 0],
					"rotation": [-20, 0, 0]
				},
				{
					"name": "DownBody",
					"parent": "AllBody",
					"pivot": [0, 24, 0]
				},
				{
					"name": "Skirt",
					"parent": "DownBody",
					"pivot": [0, 23.45, 0.375],
					"cubes": [
						{"origin": [-4, 19.55, -2.325], "size": [8, 5, 4.65], "uv": [0, 25]}
					]
				},
				{
					"name": "LeftLeg",
					"parent": "DownBody",
					"pivot": [2.15, 18.95, -1],
					"rotation": [0, 0, -2.5],
					"cubes": [
						{"origin": [0.17862, 11.69905, -2], "size": [3.99, 9, 4], "uv": [44, 43]},
						{"origin": [0.29362, 10.74905, -1.325], "size": [3.675, 2, 2], "pivot": [-0.60638, 11.74905, -0.325], "rotation": [30, 0, 0], "uv": [72, 7]}
					]
				},
				{
					"name": "LeftLowerLeg",
					"parent": "LeftLeg",
					"pivot": [1.99362, 11.84905, -0.3],
					"cubes": [
						{"origin": [0.19362, 2.54905, -1.975], "size": [3.95, 9.2, 4], "uv": [16, 42]},
						{"origin": [0.09362, 2.54905, -2], "size": [4.15, 4, 4.2], "uv": [0, 54]},
						{"origin": [-0.05638, 6.14905, -2.1], "size": [4.45, 1.3, 4.4], "uv": [60, 50]}
					]
				},
				{
					"name": "LeftFoot",
					"parent": "LeftLowerLeg",
					"pivot": [2.1875, 2.5, 0.1375],
					"cubes": [
						{"origin": [0.04362, -0.12595, -4], "size": [4.225, 3, 6.175], "uv": [0, 36]},
						{"origin": [0.21862, 2.27405, -3], "size": [3.875, 1.1, 2.075], "pivot": [2.48112, 2.87405, -2.4125], "rotation": [35, 0, 0], "uv": [36, 13]},
						{"origin": [0.24362, 2.37405, -1.45], "size": [3.825, 1.75, 2.425], "uv": [34, 18]}
					]
				},
				{
					"name": "RightLeg",
					"parent": "DownBody",
					"pivot": [-2.15, 18.95, -1],
					"rotation": [0, 0, 2.5],
					"cubes": [
						{"origin": [-4.16862, 11.69905, -2], "size": [3.99, 9, 4], "uv": [44, 43], "mirror": true},
						{"origin": [-3.96862, 10.74905, -1.325], "size": [3.675, 2, 2], "pivot": [0.60638, 11.74905, -0.325], "rotation": [30, 0, 0], "uv": [72, 7], "mirror": true}
					]
				},
				{
					"name": "RightLowerLeg",
					"parent": "RightLeg",
					"pivot": [-1.99362, 11.84905, -0.3],
					"cubes": [
						{"origin": [-4.14362, 2.54905, -1.975], "size": [3.95, 9.2, 4], "uv": [16, 42], "mirror": true},
						{"origin": [-4.24362, 2.54905, -2], "size": [4.15, 4, 4.2], "uv": [0, 54], "mirror": true},
						{"origin": [-4.39362, 6.14905, -2.1], "size": [4.45, 1.3, 4.4], "uv": [60, 50], "mirror": true}
					]
				},
				{
					"name": "RightFoot",
					"parent": "RightLowerLeg",
					"pivot": [-2.1875, 2.5, 0.1375],
					"cubes": [
						{"origin": [-4.26862, -0.12595, -4], "size": [4.225, 3, 6.175], "uv": [0, 36], "mirror": true},
						{"origin": [-4.09362, 2.27405, -3], "size": [3.875, 1.1, 2.075], "pivot": [-2.48112, 2.87405, -2.4125], "rotation": [35, 0, 0], "uv": [36, 13], "mirror": true},
						{"origin": [-4.06862, 2.37405, -1.45], "size": [3.825, 1.75, 2.425], "uv": [34, 18], "mirror": true}
					]
				}
			]
		}
	]
}