{
	"format_version": "1.8.0",
	"animations": {
		"extra1": {
			"loop": "hold_on_last_frame",
			"animation_length": 10,
			"bones": {
				"LeftArm": {
					"rotation": [-70.46265, -13.92494, 15.45605]
				},
				"LeftForeArm": {
					"rotation": [-90, -12.5, 0]
				},
				"RightArm": {
					"rotation": [29.35146, -4.46281, 7.84437]
				},
				"RightForeArm": {
					"rotation": [-47.5, 0, 0]
				},
				"LeftEyebrow": {
					"position": [0, -1.1, 0]
				},
				"ysmGlowRightEyelid": {
					"position": [0, -0.7, 0.4],
					"scale": [1, 0.05, 1]
				},
				"LeftHand3": {
					"rotation": [0, 0, 78]
				},
				"Tail": {
					"rotation": [-22.5, 0, 0]
				},
				"Tail2": {
					"rotation": [0, -15, 0]
				},
				"Tail3": {
					"rotation": [0, -12.5, 0],
					"position": [-0.1, 0, 0]
				},
				"Tail4": {
					"rotation": [0, -13, 0]
				},
				"Tail5": {
					"rotation": [0, -6, 0]
				},
				"Jing2": {
					"scale": 0
				},
				"Face2": {
					"scale": 0
				},
				"RightWaistLocator": {
					"position": [0, -2.3, 0]
				},
				"LeftHandLocator": {
					"rotation": [1, 0, 0],
					"position": [0, -2.4, 0]
				},
				"SheathLocator": {
					"position": [0, -2.6, 0]
				}
			}
		},
		"extra2": {
			"loop": "hold_on_last_frame",
			"animation_length": 1.5,
			"bones": {
				"Root": {
					"rotation": [0, 0, 0],
					"scale": 1
				},
				"UpBody": {
					"rotation": {
						"0.0": [0, 0, 0],
						"0.0833": [0.30154, 8.79463, 1.72251],
						"0.125": [0.55404, 12.48791, 2.56062],
						"0.2083": [0.3047, 12.71256, 2.60542],
						"0.2917": [0.3879, 12.49408, 1.79246],
						"0.3333": [0.54852, 12.26934, 1.88488],
						"0.4167": [0.55404, 12.48791, 2.56062],
						"0.5": [0.3047, 12.71256, 2.60542],
						"0.5833": [0.3879, 12.49408, 1.79246],
						"0.625": [0.54852, 12.26934, 1.88488],
						"0.7083": [0.55404, 12.48791, 2.56062],
						"0.7917": [0.3047, 12.71256, 2.60542],
						"0.8333": [0.3879, 12.49408, 1.79246],
						"0.9167": [0.54852, 12.26934, 1.88488],
						"1.0": [0.55404, 12.48791, 2.56062],
						"1.5": [0.55404, 12.48791, 2.56062]
					},
					"position": [0, 0, 0]
				},
				"UpperBody": {
					"rotation": {
						"0.0": {
							"post": [0, 0, 0],
							"lerp_mode": "catmullrom"
						},
						"0.2917": {
							"post": [-0.03935, 4.49983, -0.50155],
							"lerp_mode": "catmullrom"
						},
						"0.4167": {
							"post": [0, 0.5, 0],
							"lerp_mode": "catmullrom"
						},
						"0.5833": {
							"post": [-0.03935, 4.49983, -0.50155],
							"lerp_mode": "catmullrom"
						},
						"0.7083": {
							"post": [0, 0.5, 0],
							"lerp_mode": "catmullrom"
						},
						"0.8333": {
							"post": [0, 2.5, 0],
							"lerp_mode": "catmullrom"
						},
						"1.0": {
							"post": [0, 0.5, 0],
							"lerp_mode": "catmullrom"
						},
						"1.5": {
							"post": [0, 0.5, 0],
							"lerp_mode": "catmullrom"
						}
					},
					"position": {
						"0.0": {
							"post": [0, 0, 0],
							"lerp_mode": "catmullrom"
						}
					}
				},
				"LeftArm": {
					"rotation": {
						"0.0": {
							"post": [0, 0, 0],
							"lerp_mode": "catmullrom"
						},
						"0.125": {
							"post": [-59.37411, 31.46067, -44.33946],
							"lerp_mode": "catmullrom"
						},
						"0.2917": {
							"post": [-60.01498, 34.88013, -45.41058],
							"lerp_mode": "catmullrom"
						},
						"0.4167": {
							"post": [-67.89729, 33.23008, -48.58633],
							"lerp_mode": "catmullrom"
						},
						"0.5833": {
							"post": [-59.37411, 31.46067, -44.33946],
							"lerp_mode": "catmullrom"
						},
						"0.625": {
							"post": [-60.01498, 34.88013, -45.41058],
							"lerp_mode": "catmullrom"
						},
						"0.7083": {
							"post": [-67.89729, 33.23008, -48.58633],
							"lerp_mode": "catmullrom"
						},
						"0.8333": {
							"post": [-59.37411, 31.46067, -44.33946],
							"lerp_mode": "catmullrom"
						},
						"0.9167": {
							"post": [-60.01498, 34.88013, -45.41058],
							"lerp_mode": "catmullrom"
						},
						"1.0": {
							"post": [-67.89729, 33.23008, -48.58633],
							"lerp_mode": "catmullrom"
						},
						"1.5": {
							"post": [-67.89729, 33.23008, -48.58633],
							"lerp_mode": "catmullrom"
						}
					},
					"position": {
						"0.0": {
							"post": [0, 0, 0],
							"lerp_mode": "catmullrom"
						}
					}
				},
				"LeftForeArm": {
					"rotation": {
						"0.0": {
							"post": [0, 0, 0],
							"lerp_mode": "catmullrom"
						},
						"0.125": {
							"post": [-57.5, 0, 0],
							"lerp_mode": "catmullrom"
						},
						"0.2917": {
							"post": [-52.5, 0, 0],
							"lerp_mode": "catmullrom"
						},
						"0.4167": {
							"post": [-57.5, 0, 0],
							"lerp_mode": "catmullrom"
						},
						"0.5833": {
							"post": [-57.5, 0, 0],
							"lerp_mode": "catmullrom"
						},
						"0.625": {
							"post": [-52.5, 0, 0],
							"lerp_mode": "catmullrom"
						},
						"0.7083": {
							"post": [-57.5, 0, 0],
							"lerp_mode": "catmullrom"
						},
						"0.8333": {
							"post": [-57.5, 0, 0],
							"lerp_mode": "catmullrom"
						},
						"0.9167": {
							"post": [-52.5, 0, 0],
							"lerp_mode": "catmullrom"
						},
						"1.0": {
							"post": [-57.5, 0, 0],
							"lerp_mode": "catmullrom"
						},
						"1.5": {
							"post": [-57.5, 0, 0],
							"lerp_mode": "catmullrom"
						}
					},
					"position": {
						"0.0": {
							"post": [0, 0, 0],
							"lerp_mode": "catmullrom"
						}
					}
				},
				"RightArm": {
					"rotation": {
						"0.0": {
							"post": [0, 0, 0],
							"lerp_mode": "catmullrom"
						},
						"0.125": {
							"post": [-65.61482, -1.0823, 78.81763],
							"lerp_mode": "catmullrom"
						},
						"0.2917": {
							"post": [-67.81604, 1.71605, 47.4038],
							"lerp_mode": "catmullrom"
						},
						"0.4167": {
							"post": [-74.59409, -20.31435, 65.81328],
							"lerp_mode": "catmullrom"
						},
						"0.5833": {
							"post": [-65.61482, -1.0823, 78.81763],
							"lerp_mode": "catmullrom"
						},
						"0.625": {
							"post": [-67.81604, 1.71605, 47.4038],
							"lerp_mode": "catmullrom"
						},
						"0.7083": {
							"post": [-74.59409, -20.31435, 65.81328],
							"lerp_mode": "catmullrom"
						},
						"0.8333": {
							"post": [-65.61482, -1.0823, 78.81763],
							"lerp_mode": "catmullrom"
						},
						"0.9167": {
							"post": [-67.81604, 1.71605, 47.4038],
							"lerp_mode": "catmullrom"
						},
						"1.0": {
							"post": [-74.59409, -20.31435, 65.81328],
							"lerp_mode": "catmullrom"
						},
						"1.5": {
							"post": [-74.59409, -20.31435, 65.81328],
							"lerp_mode": "catmullrom"
						}
					},
					"position": {
						"0.0": {
							"post": [0, 0, 0],
							"lerp_mode": "catmullrom"
						}
					}
				},
				"RightForeArm": {
					"rotation": {
						"0.0": {
							"post": [0, 0, 0],
							"lerp_mode": "catmullrom"
						},
						"0.125": {
							"post": [-75, 0, 0],
							"lerp_mode": "catmullrom"
						},
						"0.2917": {
							"post": [-74.77926, 9.65594, 2.61298],
							"lerp_mode": "catmullrom"
						},
						"0.4167": {
							"post": [-52.22904, 6.33915, 4.89008],
							"lerp_mode": "catmullrom"
						},
						"0.5833": {
							"post": [-75, 0, 0],
							"lerp_mode": "catmullrom"
						},
						"0.625": {
							"post": [-74.77926, 9.65594, 2.61298],
							"lerp_mode": "catmullrom"
						},
						"0.7083": {
							"post": [-53.29481, 5.62203, 4.17718],
							"lerp_mode": "catmullrom"
						},
						"0.8333": {
							"post": [-75, 0, 0],
							"lerp_mode": "catmullrom"
						},
						"0.9167": {
							"post": [-74.77926, 9.65594, 2.61298],
							"lerp_mode": "catmullrom"
						},
						"1.0": {
							"post": [-50.52869, 11.68634, 9.46988],
							"lerp_mode": "catmullrom"
						},
						"1.5": {
							"post": [-52.88619, 11.50971, 6.08493],
							"lerp_mode": "catmullrom"
						}
					},
					"position": {
						"0.0": {
							"post": [0, 0, 0],
							"lerp_mode": "catmullrom"
						}
					}
				},
				"LeftLeg": {
					"rotation": [0, 0, 0],
					"position": [0, 0, 0]
				},
				"LeftLowerLeg": {
					"rotation": [0, 0, 0],
					"position": [0, 0, 0]
				},
				"LeftFoot": {
					"rotation": [0, 0, 0],
					"position": [0, 0, 0]
				},
				"RightLeg": {
					"rotation": [0, 0, 0],
					"position": [0, 0, 0]
				},
				"RightLowerLeg": {
					"rotation": [0, 0, 0],
					"position": [0, 0, 0]
				},
				"RightFoot": {
					"rotation": [0, 0, 0],
					"position": [0, 0, 0]
				},
				"AllBody": {
					"rotation": [0, 0, 0],
					"position": [0, 0, 0],
					"scale": 1
				},
				"AllHead": {
					"rotation": [0, 0, 0],
					"position": [0, 0, 0]
				},
				"Head": {
					"rotation": {
						"0.0": [0, 0, 0],
						"0.125": [0.39753, -13.49938, -1.03041]
					},
					"position": [0, 0, 0]
				},
				"RightHand3": {
					"rotation": {
						"0.0": [0, 0, 0],
						"0.125": [0, 0, -65]
					}
				},
				"LeftHand": {
					"rotation": {
						"0.0": [0, 0, 0],
						"0.125": [0, -101, 0]
					},
					"position": {
						"0.0": [0, 0, 0],
						"0.125": [0, 0, 0.8]
					}
				},
				"LeftHand3": {
					"rotation": {
						"0.0": [0, 0, 0],
						"0.125": [0, 0, 65]
					}
				}
			}
		},
		"extra3": {
			"loop": "hold_on_last_frame",
			"animation_length": 7.5,
			"bones": {
				"Root": {
					"rotation": {
						"0.0": {
							"post": [0, 0, 0],
							"lerp_mode": "catmullrom"
						}
					},
					"position": {
						"0.0": {
							"post": [0, 0, 0],
							"lerp_mode": "catmullrom"
						}
					},
					"scale": {
						"0.0": {
							"post": [1, 1, 1],
							"lerp_mode": "catmullrom"
						}
					}
				},
				"UpBody": {
					"rotation": {
						"0.0": {
							"post": [0, 0, 0],
							"lerp_mode": "catmullrom"
						}
					},
					"position": {
						"0.0": {
							"post": [0, 0, 0],
							"lerp_mode": "catmullrom"
						}
					}
				},
				"UpperBody": {
					"rotation": {
						"0.0": {
							"post": [0, 18, 0],
							"lerp_mode": "catmullrom"
						}
					},
					"position": {
						"0.0": {
							"post": [0, 0, 0],
							"lerp_mode": "catmullrom"
						}
					}
				},
				"LeftArm": {
					"rotation": {
						"0.0": {
							"post": [0, 0, 0],
							"lerp_mode": "catmullrom"
						}
					},
					"position": {
						"0.0": {
							"post": [0, 0, 0],
							"lerp_mode": "catmullrom"
						}
					}
				},
				"LeftForeArm": {
					"rotation": {
						"0.0": {
							"post": [-27, 0, 0],
							"lerp_mode": "catmullrom"
						}
					},
					"position": {
						"0.0": {
							"post": [0, 0, 0],
							"lerp_mode": "catmullrom"
						}
					}
				},
				"RightArm": {
					"rotation": {
						"0.0": {
							"post": [0, 0, 0],
							"lerp_mode": "catmullrom"
						}
					},
					"position": {
						"0.0": {
							"post": [0, 0, 0],
							"lerp_mode": "catmullrom"
						}
					}
				},
				"RightForeArm": {
					"rotation": {
						"0.0": {
							"post": [-22, 0, 0],
							"lerp_mode": "catmullrom"
						}
					},
					"position": {
						"0.0": {
							"post": [0, 0, 0],
							"lerp_mode": "catmullrom"
						}
					}
				},
				"LeftLowerLeg": {
					"rotation": [0, 0, 0],
					"position": [0, 0, 0]
				},
				"LeftFoot": {
					"rotation": {
						"0.0": {
							"post": [0, 0, 0],
							"lerp_mode": "catmullrom"
						}
					},
					"position": {
						"0.0": {
							"post": [0, 0, 0],
							"lerp_mode": "catmullrom"
						}
					}
				},
				"RightLowerLeg": {
					"rotation": {
						"0.0": {
							"post": [0, 0, 0],
							"lerp_mode": "catmullrom"
						}
					},
					"position": {
						"0.0": {
							"post": [0, 0, 0],
							"lerp_mode": "catmullrom"
						}
					}
				},
				"RightFoot": {
					"rotation": {
						"0.0": {
							"post": [0, 0, 0],
							"lerp_mode": "catmullrom"
						}
					},
					"position": {
						"0.0": {
							"post": [0, 0, 0],
							"lerp_mode": "catmullrom"
						}
					}
				},
				"AllBody": {
					"rotation": [0, 0, 0],
					"position": [0, 0, 0],
					"scale": 1
				},
				"AllHead": {
					"rotation": [0, 0, 0],
					"position": [0, 0, 0]
				},
				"Head": {
					"rotation": [25.72226, 30.33006, 13.67288],
					"position": {
						"0.0": {
							"post": [0, 0, 0],
							"lerp_mode": "catmullrom"
						}
					}
				},
				"MRoot": {
					"rotation": [0, -74, 0]
				},
				"LeftLeg": {
					"rotation": [0, 0, 0]
				},
				"RightLeg": {
					"rotation": [0, 0, 0]
				}
			}
		},
		"extra4": {
			"loop": "hold_on_last_frame",
			"animation_length": 1.5,
			"bones": {
				"Root": {
					"rotation": {
						"0.0": {
							"post": [0, 0, 0],
							"lerp_mode": "catmullrom"
						}
					},
					"position": {
						"0.0": {
							"post": [0, 0, 0],
							"lerp_mode": "catmullrom"
						},
						"0.25": {
							"post": [0, -0.25, 0],
							"lerp_mode": "catmullrom"
						}
					},
					"scale": {
						"0.0": {
							"post": [1, 1, 1],
							"lerp_mode": "catmullrom"
						}
					}
				},
				"UpBody": {
					"rotation": {
						"0.0": {
							"post": [0, 0, 0],
							"lerp_mode": "catmullrom"
						},
						"0.1667": {
							"post": [-2.5, 0, 0],
							"lerp_mode": "catmullrom"
						},
						"0.3333": {
							"post": [-3, 0, 0],
							"lerp_mode": "catmullrom"
						},
						"0.4167": {
							"post": [-2, 0, 0],
							"lerp_mode": "catmullrom"
						},
						"0.6667": {
							"post": [-2.5, 0, 0],
							"lerp_mode": "catmullrom"
						},
						"0.8333": {
							"post": [-3, 0, 0],
							"lerp_mode": "catmullrom"
						},
						"1.0": {
							"post": [-3, 0, 0],
							"lerp_mode": "catmullrom"
						},
						"1.5": {
							"post": [-3, 0, 0],
							"lerp_mode": "catmullrom"
						}
					},
					"position": {
						"0.0": {
							"post": [0, 0, 0],
							"lerp_mode": "catmullrom"
						}
					}
				},
				"UpperBody": {
					"rotation": {
						"0.0": {
							"post": [0, 0, 0],
							"lerp_mode": "catmullrom"
						},
						"0.25": {
							"post": [-5.01372, 2.9838, -0.37109],
							"lerp_mode": "catmullrom"
						},
						"0.4167": {
							"post": [5.01215, -2.33475, -0.34919],
							"lerp_mode": "catmullrom"
						},
						"0.6667": {
							"post": [4.25682, 1.21605, 0.24111],
							"lerp_mode": "catmullrom"
						},
						"0.8333": {
							"post": [5.00384, -2.24143, -0.1962],
							"lerp_mode": "catmullrom"
						},
						"1.0": {
							"post": [5.00384, -2.24143, -0.1962],
							"lerp_mode": "catmullrom"
						},
						"1.5": {
							"post": [5.00384, -2.24143, -0.1962],
							"lerp_mode": "catmullrom"
						}
					},
					"position": {
						"0.0": {
							"post": [0, 0, 0],
							"lerp_mode": "catmullrom"
						}
					}
				},
				"LeftArm": {
					"rotation": {
						"0.0": {
							"post": [0, 0, 0],
							"lerp_mode": "catmullrom"
						},
						"0.25": {
							"post": [-87.85882, 4.61451, -80.51949],
							"lerp_mode": "catmullrom"
						},
						"0.4167": {
							"post": [-98.55733, 36.48777, -85.68129],
							"lerp_mode": "catmullrom"
						}
					},
					"position": {
						"0.0": {
							"post": [0, 0, 0],
							"lerp_mode": "catmullrom"
						}
					}
				},
				"LeftForeArm": {
					"rotation": {
						"0.0": {
							"post": [0, 0, 0],
							"lerp_mode": "catmullrom"
						},
						"0.25": {
							"post": [-105, 0, 0],
							"lerp_mode": "catmullrom"
						}
					},
					"position": {
						"0.0": {
							"post": [0, 0, 0],
							"lerp_mode": "catmullrom"
						}
					}
				},
				"RightArm": {
					"rotation": {
						"0.0": {
							"post": [0, 0, 0],
							"lerp_mode": "catmullrom"
						},
						"0.25": {
							"post": [-84.83476, -27.0478, 78.75686],
							"lerp_mode": "catmullrom"
						},
						"0.4167": {
							"post": [-95.77005, -45.85387, 82.64597],
							"lerp_mode": "catmullrom"
						}
					},
					"position": {
						"0.0": {
							"post": [0, 0, 0],
							"lerp_mode": "catmullrom"
						}
					}
				},
				"RightForeArm": {
					"rotation": {
						"0.0": {
							"post": [0, 0, 0],
							"lerp_mode": "catmullrom"
						},
						"0.25": {
							"post": [-105, 0, 0],
							"lerp_mode": "catmullrom"
						},
						"0.4167": {
							"post": [-100, 0, 0],
							"lerp_mode": "catmullrom"
						}
					},
					"position": {
						"0.0": {
							"post": [0, 0, 0],
							"lerp_mode": "catmullrom"
						}
					}
				},
				"LeftLowerLeg": {
					"rotation": [0, 0, 0],
					"position": [0, 0, 0]
				},
				"LeftFoot": {
					"rotation": {
						"0.0": {
							"post": [0, 0, 0],
							"lerp_mode": "catmullrom"
						},
						"0.25": {
							"post": [0, -5, 5],
							"lerp_mode": "catmullrom"
						}
					},
					"position": {
						"0.0": {
							"post": [0, 0, 0],
							"lerp_mode": "catmullrom"
						}
					}
				},
				"RightLowerLeg": {
					"rotation": {
						"0.0": {
							"post": [0, 0, 0],
							"lerp_mode": "catmullrom"
						}
					},
					"position": {
						"0.0": {
							"post": [0, 0, 0],
							"lerp_mode": "catmullrom"
						}
					}
				},
				"RightFoot": {
					"rotation": {
						"0.0": {
							"post": [0, 0, 0],
							"lerp_mode": "catmullrom"
						},
						"0.25": {
							"post": [0, 5, -5],
							"lerp_mode": "catmullrom"
						}
					},
					"position": {
						"0.0": {
							"post": [0, 0, 0],
							"lerp_mode": "catmullrom"
						}
					}
				},
				"AllBody": {
					"rotation": [0, 0, 0],
					"position": [0, 0, 0],
					"scale": 1
				},
				"AllHead": {
					"rotation": [0, 0, 0],
					"position": [0, 0, 0]
				},
				"Head": {
					"rotation": {
						"0.0": [0, 0, 0],
						"0.0833": [12.5, 0, 0],
						"0.1667": [12.7931, 13.51805, 3.54067],
						"0.25": [13.08619, 20.37228, 3.90399],
						"0.3333": [13.02579, -0.16859, 1.84312],
						"0.4167": [12.56041, -10.02382, -0.08408],
						"0.5": [12.5, 0, 0],
						"0.5833": [12.7931, 24.77059, 3.54067],
						"0.6667": [13.08619, 17.07228, 3.90399],
						"0.75": [12.85958, 4.71206, 0.5573],
						"0.8333": [12.60443, -7.32123, -1.63219],
						"0.9167": [12.60443, -10.01867, -1.9225],
						"1.0": [12.60443, -7.32123, -1.63219],
						"1.5": [12.60443, -7.32123, -1.63219]
					},
					"position": {
						"0.0": {
							"post": [0, 0, 0],
							"lerp_mode": "catmullrom"
						}
					}
				}
			}
		},
		"extra5": {
			"loop": true,
			"animation_length": 0.5,
			"bones": {
				"Tail": {
					"rotation": {
						"0.0": [0, -30, 0],
						"0.0417": [0, -26.41, 0],
						"0.0833": [0, -15.69, 0],
						"0.125": [0, 0, 0],
						"0.1667": [0, 15.69, 0],
						"0.2083": [0, 26.41, 0],
						"0.25": [0, 30, 0],
						"0.2917": [0, 26.41, 0],
						"0.3333": [0, 15.69, 0],
						"0.375": [0, 0, 0],
						"0.4167": [0, -15.69, 0],
						"0.4583": [0, -26.41, 0],
						"0.5": [0, -30, 0]
					}
				},
				"Tail2": {
					"rotation": {
						"0.0": [0.91, -6.6, -4.29],
						"0.0417": [0.91, -11.1, -7.21],
						"0.0833": [0.91, -12.61, -8.19],
						"0.125": [0.91, -11.1, -7.21],
						"0.1667": [0.91, -6.6, -4.29],
						"0.2083": [0.91, 0, 0],
						"0.25": [0.91, 6.6, 4.29],
						"0.2917": [0.91, 11.1, 7.21],
						"0.3333": [0.91, 12.61, 8.19],
						"0.375": [0.91, 11.1, 7.21],
						"0.4167": [0.91, 6.6, 4.29],
						"0.4583": [0.91, 0, 0],
						"0.5": [0.91, -6.6, -4.29]
					}
				},
				"Tail3": {
					"rotation": {
						"0.0": [0.08, 0, 0],
						"0.0417": [0.08, 0.45, 5.21],
						"0.0833": [0.08, 0.76, 8.77],
						"0.125": [0.08, 0.87, 9.96],
						"0.1667": [0.08, 0.76, 8.77],
						"0.2083": [0.08, 0.45, 5.21],
						"0.25": [0.08, 0, 0],
						"0.2917": [0.08, -0.45, -5.21],
						"0.3333": [0.08, -0.76, -8.77],
						"0.375": [0.08, -0.87, -9.96],
						"0.4167": [0.08, -0.76, -8.77],
						"0.4583": [0.08, -0.45, -5.21],
						"0.5": [0.08, 0, 0]
					}
				},
				"Tail4": {
					"rotation": {
						"0.0": [-18.43, 9.96, -7.45],
						"0.0417": [-18.43, 0, 0],
						"0.0833": [-18.43, -9.96, 7.45],
						"0.125": [-18.43, -16.75, 12.54],
						"0.1667": [-18.43, -19.03, 14.25],
						"0.2083": [-18.43, -16.75, 12.54],
						"0.25": [-18.43, -9.96, 7.45],
						"0.2917": [-18.43, 0, 0],
						"0.3333": [-18.43, 9.96, -7.45],
						"0.375": [-18.43, 16.75, -12.54],
						"0.4167": [-18.43, 19.03, -14.25],
						"0.4583": [-18.43, 16.75, -12.54],
						"0.5": [-18.43, 9.96, -7.45]
					}
				},
				"Tail5": {
					"rotation": {
						"0.0": [0, 5.23, 0],
						"0.0417": [0, 0, 0],
						"0.0833": [0, -5.23, 0],
						"0.125": [0, -8.8, 0],
						"0.1667": [0, -10, 0],
						"0.2083": [0, -8.8, 0],
						"0.25": [0, -5.23, 0],
						"0.2917": [0, 0, 0],
						"0.3333": [0, 5.23, 0],
						"0.375": [0, 8.8, 0],
						"0.4167": [0, 10, 0],
						"0.4583": [0, 8.8, 0],
						"0.5": [0, 5.23, 0]
					}
				},
				"Tail6": {
					"rotation": {
						"0.0": [0, 13.2, 0],
						"0.0417": [0, 7.85, 0],
						"0.0833": [0, 0, 0],
						"0.125": [0, -7.85, 0],
						"0.1667": [0, -13.2, 0],
						"0.2083": [0, -15, 0],
						"0.25": [0, -13.2, 0],
						"0.2917": [0, -7.85, 0],
						"0.3333": [0, 0, 0],
						"0.375": [0, 7.85, 0],
						"0.4167": [0, 13.2, 0],
						"0.4583": [0, 15, 0],
						"0.5": [0, 13.2, 0]
					}
				},
				"Tail7": {
					"rotation": {
						"0.0": [0, 15, 0],
						"0.0417": [0, 13.2, 0],
						"0.0833": [0, 7.85, 0],
						"0.125": [0, 0, 0],
						"0.1667": [0, -7.85, 0],
						"0.2083": [0, -13.2, 0],
						"0.25": [0, -15, 0],
						"0.2917": [0, -13.2, 0],
						"0.3333": [0, -7.85, 0],
						"0.375": [0, 0, 0],
						"0.4167": [0, 7.85, 0],
						"0.4583": [0, 13.2, 0],
						"0.5": [0, 15, 0]
					}
				},
				"LeftArm": {
					"rotation": [78.92412, 65.51491, 77.8607]
				},
				"LeftForeArm": {
					"rotation": [-41.42137, 13.69308, -11.7969]
				},
				"RightArm": {
					"rotation": [50.94121, -40.22171, -26.72281]
				},
				"RightForeArm": {
					"rotation": [-43.86655, -47.24748, 1.77205]
				},
				"UpperBody": {
					"rotation": [13.19358, -9.74117, -2.27144]
				},
				"zui": {
					"rotation": [13, 0, 0]
				},
				"RightEyebrow": {
					"position": [0, -1, 0]
				},
				"LeftEyebrow": {
					"position": [0, -1, 0]
				}
			}
		},
		"extra6": {
			"loop": true,
			"animation_length": 0.6667,
			"bones": {
				"UpBody": {
					"rotation": {
						"0.0": [0, 30, 0],
						"0.0333": [0, 29.53493, 0],
						"0.0667": [0, 27.83202, 0],
						"0.1": [0, 24.06249, 0],
						"0.1333": [0, 16.21004, 0],
						"0.2": [0, -16.21004, 0],
						"0.2333": [0, -24.06249, 0],
						"0.2667": [0, -27.83202, 0],
						"0.3": [0, -29.53493, 0],
						"0.3333": [0, -30, 0],
						"0.3667": [0, -29.53493, 0],
						"0.4": [0, -27.83202, 0],
						"0.4333": [0, -24.06249, 0],
						"0.4667": [0, -16.21004, 0],
						"0.5333": [0, 16.21004, 0],
						"0.5667": [0, 24.06249, 0],
						"0.6": [0, 27.83202, 0],
						"0.6333": [0, 29.53493, 0],
						"0.6667": [0, 30, 0]
					}
				},
				"tail": {
					"rotation": {
						"0.0": [0, 5.4, -2.83],
						"0.0333": [0, 0, 0],
						"0.0667": [0, -5.4, 2.83],
						"0.1": [0, -8.02, 5.47],
						"0.1333": [0, -9.28, 7.73],
						"0.1667": [0, -9.84, 9.36],
						"0.2": [0, -10, 10],
						"0.2333": [0, -9.84, 9.36],
						"0.2667": [0, -9.28, 7.73],
						"0.3": [0, -8.02, 5.47],
						"0.3333": [0, -5.4, 2.83],
						"0.3667": [0, 0, 0],
						"0.4": [0, 5.4, -2.83],
						"0.4333": [0, 8.02, -5.47],
						"0.4667": [0, 9.28, -7.73],
						"0.5": [0, 9.84, -9.36],
						"0.5333": [0, 10, -10],
						"0.5667": [0, 9.84, -9.36],
						"0.6": [0, 9.28, -7.73],
						"0.6333": [0, 8.02, -5.47],
						"0.6667": [0, 5.4, -2.83]
					}
				},
				"tail2": {
					"rotation": {
						"0.0": [0, 10, 0],
						"0.0333": [0, 9.84, 0],
						"0.0667": [0, 9.28, 0],
						"0.1": [0, 8.02, 0],
						"0.1333": [0, 5.4, 0],
						"0.1667": [0, 0, 0],
						"0.2": [0, -5.4, 0],
						"0.2333": [0, -8.02, 0],
						"0.2667": [0, -9.28, 0],
						"0.3": [0, -9.84, 0],
						"0.3333": [0, -10, 0],
						"0.3667": [0, -9.84, 0],
						"0.4": [0, -9.28, 0],
						"0.4333": [0, -8.02, 0],
						"0.4667": [0, -5.4, 0],
						"0.5": [0, 0, 0],
						"0.5333": [0, 5.4, 0],
						"0.5667": [0, 8.02, 0],
						"0.6": [0, 9.28, 0],
						"0.6333": [0, 9.84, 0],
						"0.6667": [0, 10, 0]
					}
				},
				"tail3": {
					"rotation": {
						"0.0": [0, 18.55, -15.46],
						"0.0333": [0, 19.69, -18.71],
						"0.0667": [0, 20, -20],
						"0.1": [0, 19.69, -18.71],
						"0.1333": [0, 18.55, -15.46],
						"0.1667": [0, 16.04, -10.94],
						"0.2": [0, 10.81, -5.65],
						"0.2333": [0, 0, 0],
						"0.2667": [0, -10.81, 5.65],
						"0.3": [0, -16.04, 10.94],
						"0.3333": [0, -18.55, 15.46],
						"0.3667": [0, -19.69, 18.71],
						"0.4": [0, -20, 20],
						"0.4333": [0, -19.69, 18.71],
						"0.4667": [0, -18.55, 15.46],
						"0.5": [0, -16.04, 10.94],
						"0.5333": [0, -10.81, 5.65],
						"0.5667": [0, 0, 0],
						"0.6": [0, 10.81, -5.65],
						"0.6333": [0, 16.04, -10.94],
						"0.6667": [0, 18.55, -15.46]
					}
				},
				"tail4": {
					"rotation": {
						"0.0": [0, 10.81, 0],
						"0.0333": [0, 16.04, 0],
						"0.0667": [0, 18.55, 0],
						"0.1": [0, 19.69, 0],
						"0.1333": [0, 20, 0],
						"0.1667": [0, 19.69, 0],
						"0.2": [0, 18.55, 0],
						"0.2333": [0, 16.04, 0],
						"0.2667": [0, 10.81, 0],
						"0.3": [0, 0, 0],
						"0.3333": [0, -10.81, 0],
						"0.3667": [0, -16.04, 0],
						"0.4": [0, -18.55, 0],
						"0.4333": [0, -19.69, 0],
						"0.4667": [0, -20, 0],
						"0.5": [0, -19.69, 0],
						"0.5333": [0, -18.55, 0],
						"0.5667": [0, -16.04, 0],
						"0.6": [0, -10.81, 0],
						"0.6333": [0, 0, 0],
						"0.6667": [0, 10.81, 0]
					}
				},
				"tail5": {
					"rotation": {
						"0.0": [0, -10.81, 0],
						"0.0333": [0, 0, 0],
						"0.0667": [0, 10.81, 0],
						"0.1": [0, 16.04, 0],
						"0.1333": [0, 18.55, 0],
						"0.1667": [0, 19.69, 0],
						"0.2": [0, 20, 0],
						"0.2333": [0, 19.69, 0],
						"0.2667": [0, 18.55, 0],
						"0.3": [0, 16.04, 0],
						"0.3333": [0, 10.81, 0],
						"0.3667": [0, 0, 0],
						"0.4": [0, -10.81, 0],
						"0.4333": [0, -16.04, 0],
						"0.4667": [0, -18.55, 0],
						"0.5": [0, -19.69, 0],
						"0.5333": [0, -20, 0],
						"0.5667": [0, -19.69, 0],
						"0.6": [0, -18.55, 0],
						"0.6333": [0, -16.04, 0],
						"0.6667": [0, -10.81, 0]
					}
				},
				"tail6": {
					"rotation": {
						"0.0": [0, -18.55, 0],
						"0.0333": [0, -16.04, 0],
						"0.0667": [0, -10.81, 0],
						"0.1": [0, 0, 0],
						"0.1333": [0, 10.81, 0],
						"0.1667": [0, 16.04, 0],
						"0.2": [0, 18.55, 0],
						"0.2333": [0, 19.69, 0],
						"0.2667": [0, 20, 0],
						"0.3": [0, 19.69, 0],
						"0.3333": [0, 18.55, 0],
						"0.3667": [0, 16.04, 0],
						"0.4": [0, 10.81, 0],
						"0.4333": [0, 0, 0],
						"0.4667": [0, -10.81, 0],
						"0.5": [0, -16.04, 0],
						"0.5333": [0, -18.55, 0],
						"0.5667": [0, -19.69, 0],
						"0.6": [0, -20, 0],
						"0.6333": [0, -19.69, 0],
						"0.6667": [0, -18.55, 0]
					}
				},
				"tail7": {
					"rotation": {
						"0.0": [0, -20, 0],
						"0.0333": [0, -19.69, 0],
						"0.0667": [0, -18.55, 0],
						"0.1": [0, -16.04, 0],
						"0.1333": [0, -10.81, 0],
						"0.1667": [0, 0, 0],
						"0.2": [0, 10.81, 0],
						"0.2333": [0, 16.04, 0],
						"0.2667": [0, 18.55, 0],
						"0.3": [0, 19.69, 0],
						"0.3333": [0, 20, 0],
						"0.3667": [0, 19.69, 0],
						"0.4": [0, 18.55, 0],
						"0.4333": [0, 16.04, 0],
						"0.4667": [0, 10.81, 0],
						"0.5": [0, 0, 0],
						"0.5333": [0, -10.81, 0],
						"0.5667": [0, -16.04, 0],
						"0.6": [0, -18.55, 0],
						"0.6333": [0, -19.69, 0],
						"0.6667": [0, -20, 0]
					}
				},
				"Head": {
					"rotation": {
						"0.0": [0, -25, 0],
						"0.0333": [0, -24.61244, 0],
						"0.0667": [0, -23.19335, 0],
						"0.1": [0, -20.05207, 0],
						"0.1333": [0, -13.50836, 0],
						"0.2": [0, 13.50836, 0],
						"0.2333": [0, 20.05207, 0],
						"0.2667": [0, 23.19335, 0],
						"0.3": [0, 24.61244, 0],
						"0.3333": [0, 25, 0],
						"0.3667": [0, 24.61244, 0],
						"0.4": [0, 23.19335, 0],
						"0.4333": [0, 20.05207, 0],
						"0.4667": [0, 13.50836, 0],
						"0.5333": [0, -13.50836, 0],
						"0.5667": [0, -20.05207, 0],
						"0.6": [0, -23.19335, 0],
						"0.6333": [0, -24.61244, 0],
						"0.6667": [0, -25, 0]
					}
				},
				"LeftArm": {
					"rotation": {
						"0.0": [-57.64114, 40.24616, -14.22161],
						"0.0333": [-57.13581, 40.15172, -14.3813],
						"0.0667": [-55.57043, 39.80685, -14.95958],
						"0.1": [-52.31843, 39.05398, -16.20393],
						"0.1333": [-46.16434, 37.55043, -18.59456],
						"0.2": [-25.63195, 32.05346, -26.62726],
						"0.2333": [-19.47972, 30.54349, -29.0205],
						"0.2667": [-16.2297, 29.78406, -30.26765],
						"0.3": [-14.66626, 29.4329, -30.84865],
						"0.3333": [-14.16278, 29.3325, -31.01094],
						"0.3667": [-14.48717, 29.42164, -30.85356],
						"0.4": [-15.9215, 29.76254, -30.27696],
						"0.4333": [-19.12186, 30.51362, -29.03326],
						"0.4667": [-25.36094, 32.01939, -26.64155],
						"0.5333": [-46.45061, 37.53405, -18.60173],
						"0.5667": [-52.68784, 39.04624, -16.20741],
						"0.6": [-55.88622, 39.80389, -14.96092],
						"0.6333": [-57.31861, 40.15107, -14.3816],
						"0.6667": [-57.64114, 40.24616, -14.22161]
					}
				},
				"LeftForeArm": {
					"rotation": {
						"0.0": [-70.34344, -2.24944, 17.35932],
						"0.0333": [-70.62408, -2.10823, 17.55244],
						"0.0667": [-72.09831, -1.62016, 18.7305],
						"0.1": [-75.53298, -0.66223, 21.44353],
						"0.1333": [-82.64223, 0.88183, 26.66837],
						"0.2": [-109.68303, 4.97681, 43.56237],
						"0.2333": [-116.79809, 6.52163, 48.78612],
						"0.2667": [-120.23861, 7.48056, 51.49796],
						"0.3": [-121.7184, 7.9697, 52.67483],
						"0.3333": [-122.00432, 8.11199, 52.86681],
						"0.3667": [-121.41802, 7.97172, 52.34019],
						"0.4": [-119.71285, 7.48423, 50.92645],
						"0.4333": [-116.16999, 6.52637, 48.13017],
						"0.4667": [-109.18256, 4.98178, 43.07152],
						"0.5333": [-83.18769, 0.88469, 27.14999],
						"0.5667": [-76.19445, -0.66067, 22.09243],
						"0.6": [-72.64573, -1.61951, 19.29735],
						"0.6333": [-70.93501, -2.10808, 17.88479],
						"0.6667": [-70.34344, -2.24944, 17.35932]
					}
				},
				"RightArm": {
					"rotation": {
						"0.0": [-3.50152, 10.37118, -0.31787],
						"0.0333": [-3.8764, 10.01507, -0.18618],
						"0.0667": [-5.415, 8.7084, 0.47382],
						"0.1": [-8.78718, 5.81, 1.96622],
						"0.1333": [-15.23687, -0.28013, 4.85574],
						"0.2": [-36.43388, -26.25864, 14.40169],
						"0.2333": [-42.88358, -32.34877, 17.2912],
						"0.2667": [-46.25576, -35.24718, 18.7836],
						"0.3": [-47.79436, -36.55384, 19.4436],
						"0.3333": [-48.16923, -36.90995, 19.5753],
						"0.3667": [-47.6672, -36.55384, 19.31646],
						"0.4": [-46.0376, -35.24718, 18.56547],
						"0.4333": [-42.6314, -32.34877, 17.03906],
						"0.4667": [-36.24333, -26.25864, 14.21115],
						"0.5333": [-15.42743, -0.28013, 5.04627],
						"0.5667": [-9.03935, 5.81, 2.21837],
						"0.6": [-5.63315, 8.7084, 0.69196],
						"0.6333": [-4.00356, 10.01507, -0.05903],
						"0.6667": [-3.50152, 10.37118, -0.31787]
					}
				},
				"RightForeArm": {
					"rotation": {
						"0.0": [-76.0489, -24.23706, -30.57936],
						"0.0333": [-76.01861, -24.27182, -30.66483],
						"0.0667": [-75.68765, -23.78909, -30.69552],
						"0.1": [-74.91908, -22.47466, -30.66387],
						"0.1333": [-73.52923, -19.69691, -30.571],
						"0.2": [-69.48764, -9.77594, -30.30356],
						"0.2333": [-68.09778, -6.99819, -30.21068],
						"0.2667": [-67.32921, -5.68376, -30.17903],
						"0.3": [-66.99825, -5.20103, -30.20972],
						"0.3333": [-66.96796, -5.23579, -30.29519],
						"0.3667": [-67.15366, -5.62141, -30.39066],
						"0.4": [-67.58681, -6.41209, -30.45388],
						"0.4333": [-68.38008, -7.85377, -30.48039],
						"0.4667": [-69.68464, -10.44085, -30.47086],
						"0.5333": [-73.33222, -19.032, -30.4037],
						"0.5667": [-74.63678, -21.61908, -30.39417],
						"0.6": [-75.43005, -23.06076, -30.42068],
						"0.6333": [-75.8632, -23.85144, -30.48389],
						"0.6667": [-76.0489, -24.23706, -30.57936]
					}
				},
				"RightHand": {
					"rotation": {
						"0.0": [0, 10, 0],
						"0.0333": [0.07751, 9.92683, 0],
						"0.0667": [0.36133, 9.65781, 0],
						"0.1": [0.98959, 9.05987, 0],
						"0.1333": [2.29833, 7.79313, 0],
						"0.2": [7.70167, 2.20687, 0],
						"0.2333": [9.01041, 0.94013, 0],
						"0.2667": [9.63867, 0.34219, 0],
						"0.3": [9.92249, 0.07317, 0],
						"0.3333": [10, 0, 0],
						"0.3667": [9.92249, 0.07317, 0],
						"0.4": [9.63867, 0.34219, 0],
						"0.4333": [9.01041, 0.94013, 0],
						"0.4667": [7.70167, 2.20687, 0],
						"0.5333": [2.29833, 7.79313, 0],
						"0.5667": [0.98959, 9.05987, 0],
						"0.6": [0.36133, 9.65781, 0],
						"0.6333": [0.07751, 9.92683, 0],
						"0.6667": [0, 10, 0]
					}
				},
				"LeftClothe": {
					"rotation": [0, 0, -5]
				},
				"RightClothe": {
					"rotation": [0, 0, 5]
				}
			}
		},
		"extra7": {
			"loop": true,
			"animation_length": 7.5,
			"bones": {
				"LeftArm": {
					"rotation": [32, 0, 0]
				},
				"LeftForeArm": {
					"rotation": [-51, 0, 0]
				},
				"RightArm": {
					"rotation": [-48, 0, 0]
				},
				"RightForeArm": {
					"rotation": [0, 0, -56]
				},
				"LeftLeg": {
					"rotation": [0, 0, -5]
				},
				"RightLeg": {
					"rotation": [0, 0, 5]
				},
				"Head": {
					"rotation": [18.0851, 4.67046, 21.10406]
				}
			}
		},
		"extra0": {
			"animation_length": 10.0417,
			"bones": {
				"RightArm": {
					"rotation": [-97, 0, 0]
				}
			}
		}
	}
}