{
	"format_version": "1.12.0",
	"minecraft:geometry": [
		{
			"description": {
				"identifier": "geometry.unknown",
				"texture_width": 128,
				"texture_height": 128,
				"visible_bounds_width": 4,
				"visible_bounds_height": 4.5,
				"visible_bounds_offset": [0, 1.75, 0]
			},
			"bones": [
				{
					"name": "LeftArm",
					"pivot": [3.4, 31.025, 0],
					"cubes": [
						{
							"origin": [2.45, 24.9, -1.7],
							"size": [3.25, 7.3, 3.4],
							"uv": {
								"north": {"uv": [44, 27], "uv_size": [3.5, 7.5]},
								"east": {"uv": [34, 44], "uv_size": [3.5, 7.5]},
								"south": {"uv": [44, 43], "uv_size": [3.5, 7.5]},
								"west": {"uv": [12, 45], "uv_size": [3.5, 7.5]},
								"up": {"uv": [36, 60], "uv_size": [3.5, 3.5]},
								"down": {"uv": [40, 63.5], "uv_size": [3.5, -3.5]}
							}
						},
						{
							"origin": [2.8, 24.125, -1.125],
							"size": [2.7, 2.05, 2.3],
							"uv": {
								"north": {"uv": [21, 80], "uv_size": [2.5, 2]},
								"east": {"uv": [80, 21], "uv_size": [2.5, 2]},
								"south": {"uv": [30, 80], "uv_size": [2.5, 2]},
								"west": {"uv": [33, 80], "uv_size": [2.5, 2]},
								"up": {"uv": [42, 75], "uv_size": [2.5, 2.5]},
								"down": {"uv": [45, 77.5], "uv_size": [2.5, -2.5]}
							}
						}
					]
				},
				{
					"name": "Zuobiijia",
					"parent": "LeftArm",
					"pivot": [4.72886, 30.48209, 0.0284],
					"cubes": [
						{
							"origin": [5.37304, 29.31071, -3.17588],
							"size": [0.51429, 2.91429, 1.42857],
							"pivot": [5.63018, 30.76786, -1.83302],
							"rotation": [0, 89, 0],
							"uv": {
								"north": {"uv": [2, 98], "uv_size": [0.5, 3]},
								"east": {"uv": [81, 80], "uv_size": [1.5, 3]},
								"south": {"uv": [3, 98], "uv_size": [0.5, 3]},
								"west": {"uv": [4, 82], "uv_size": [1.5, 3]},
								"up": {"uv": [9, 106], "uv_size": [0.5, 1.5]},
								"down": {"uv": [10, 107.5], "uv_size": [0.5, -1.5]}
							}
						},
						{
							"origin": [6.11579, 29.31071, -5.33434],
							"size": [0.51429, 1.5429, 1.42857],
							"pivot": [6.37293, 30.76786, -1.82005],
							"rotation": [0, 89, 0],
							"uv": {
								"north": {"uv": [74, 106], "uv_size": [0.5, 1.5]},
								"east": {"uv": [87, 93], "uv_size": [1.5, 1.5]},
								"south": {"uv": [106, 74], "uv_size": [0.5, 1.5]},
								"west": {"uv": [89, 93], "uv_size": [1.5, 1.5]},
								"up": {"uv": [76, 106], "uv_size": [0.5, 1.5]},
								"down": {"uv": [106, 77.5], "uv_size": [0.5, -1.5]}
							}
						},
						{
							"origin": [1.60161, 29.31071, -3.06159],
							"size": [0.51429, 2.91429, 1.42857],
							"pivot": [5.63018, 30.76786, -1.83302],
							"rotation": [0, 89, 0],
							"uv": {
								"north": {"uv": [98, 3], "uv_size": [0.5, 3]},
								"east": {"uv": [82, 11], "uv_size": [1.5, 3]},
								"south": {"uv": [4, 98], "uv_size": [0.5, 3]},
								"west": {"uv": [21, 82], "uv_size": [1.5, 3]},
								"up": {"uv": [11, 106], "uv_size": [0.5, 1.5]},
								"down": {"uv": [106, 12.5], "uv_size": [0.5, -1.5]}
							}
						},
						{
							"origin": [2.23009, 29.31071, -5.10776],
							"size": [0.51429, 1.54286, 1.42857],
							"pivot": [6.25866, 30.76786, -1.82205],
							"rotation": [0, 89, 0],
							"uv": {
								"north": {"uv": [78, 106], "uv_size": [0.5, 1.5]},
								"east": {"uv": [91, 93], "uv_size": [1.5, 1.5]},
								"south": {"uv": [106, 78], "uv_size": [0.5, 1.5]},
								"west": {"uv": [93, 93], "uv_size": [1.5, 1.5]},
								"up": {"uv": [79, 106], "uv_size": [0.5, 1.5]},
								"down": {"uv": [106, 81.5], "uv_size": [0.5, -1.5]}
							}
						},
						{
							"origin": [5.71429, 29.31071, -2.02857],
							"size": [0.51429, 2.91429, 4.17143],
							"uv": {
								"north": {"uv": [97, 97], "uv_size": [0.5, 3]},
								"east": {"uv": [28, 18], "uv_size": [4, 3]},
								"south": {"uv": [98, 0], "uv_size": [0.5, 3]},
								"west": {"uv": [61, 4], "uv_size": [4, 3]},
								"up": {"uv": [23, 95], "uv_size": [0.5, 4]},
								"down": {"uv": [95, 33], "uv_size": [0.5, -4]}
							}
						},
						{
							"origin": [6.24286, 29.31071, -2.02857],
							"size": [0, 2.91429, 4.17143],
							"uv": {
								"north": {"uv": [97, 97], "uv_size": [0.5, 3]},
								"east": {"uv": [124, 125], "uv_size": [4, 3]},
								"south": {"uv": [98, 0], "uv_size": [0.5, 3]},
								"west": {"uv": [121, 18.5], "uv_size": [7, 7]},
								"up": {"uv": [23, 95], "uv_size": [0.5, 4]},
								"down": {"uv": [95, 33], "uv_size": [0.5, -4]}
							}
						}
					]
				},
				{
					"name": "LeftForeArm",
					"parent": "LeftArm",
					"pivot": [4.125, 25.075, 0.025],
					"cubes": [
						{
							"origin": [2.625, 18.075, -1.475],
							"size": [3, 7, 3],
							"uv": {
								"north": {"uv": [38, 48], "uv_size": [3, 7]},
								"east": {"uv": [41, 48], "uv_size": [3, 7]},
								"south": {"uv": [48, 43], "uv_size": [3, 7]},
								"west": {"uv": [49, 33], "uv_size": [3, 7]},
								"up": {"uv": [62, 67], "uv_size": [3, 3]},
								"down": {"uv": [45, 71], "uv_size": [3, -3]}
							}
						},
						{
							"origin": [2.525, 20.375, -1.575],
							"size": [3.2, 5, 3.2],
							"uv": {
								"north": {"uv": [55, 46], "uv_size": [3, 5]},
								"east": {"uv": [55, 51], "uv_size": [3, 5]},
								"south": {"uv": [56, 7], "uv_size": [3, 5]},
								"west": {"uv": [20, 56], "uv_size": [3, 5]},
								"up": {"uv": [68, 47], "uv_size": [3, 3]},
								"down": {"uv": [48, 71], "uv_size": [3, -3]}
							}
						}
					]
				},
				{
					"name": "LeftHand",
					"parent": "LeftForeArm",
					"pivot": [4.125, 19.575, 0.025]
				},
				{
					"name": "LeftHandLocator",
					"parent": "LeftHand",
					"pivot": [4.125, 19.575, 0.025],
					"cubes": [
						{
							"origin": [3.625, 19.075, -0.475],
							"size": [1, 1, 1],
							"uv": {
								"north": {"uv": [103, 103], "uv_size": [1, 1]},
								"east": {"uv": [104, 0], "uv_size": [1, 1]},
								"south": {"uv": [104, 1], "uv_size": [1, 1]},
								"west": {"uv": [104, 2], "uv_size": [1, 1]},
								"up": {"uv": [3, 104], "uv_size": [1, 1]},
								"down": {"uv": [4, 105], "uv_size": [1, -1]}
							}
						}
					]
				},
				{
					"name": "RightArm",
					"pivot": [-3.4, 31.025, 0],
					"cubes": [
						{
							"origin": [-5.7, 24.9, -1.7],
							"size": [3.25, 7.3, 3.4],
							"uv": {
								"north": {"uv": [45, 35], "uv_size": [3.5, 7.5]},
								"east": {"uv": [0, 46], "uv_size": [3.5, 7.5]},
								"south": {"uv": [47, 0], "uv_size": [3.5, 7.5]},
								"west": {"uv": [4, 47], "uv_size": [3.5, 7.5]},
								"up": {"uv": [61, 16], "uv_size": [3.5, 3.5]},
								"down": {"uv": [20, 64.5], "uv_size": [3.5, -3.5]}
							}
						},
						{
							"origin": [-5.5, 24.125, -1.125],
							"size": [2.7, 2.05, 2.3],
							"uv": {
								"north": {"uv": [42, 80], "uv_size": [2.5, 2]},
								"east": {"uv": [80, 44], "uv_size": [2.5, 2]},
								"south": {"uv": [45, 80], "uv_size": [2.5, 2]},
								"west": {"uv": [80, 71], "uv_size": [2.5, 2]},
								"up": {"uv": [48, 75], "uv_size": [2.5, 2.5]},
								"down": {"uv": [51, 77.5], "uv_size": [2.5, -2.5]}
							}
						}
					]
				},
				{
					"name": "Youbijia",
					"parent": "RightArm",
					"pivot": [-3.4, 31.025, 0],
					"cubes": [
						{
							"origin": [-6.22859, 29.31071, -2.0286],
							"size": [0.5143, 2.9143, 4.1714],
							"uv": {
								"north": {"uv": [5, 98], "uv_size": [0.5, 3]},
								"east": {"uv": [0, 63], "uv_size": [4, 3]},
								"south": {"uv": [6, 98], "uv_size": [0.5, 3]},
								"west": {"uv": [63, 0], "uv_size": [4, 3]},
								"up": {"uv": [36, 95], "uv_size": [0.5, 4]},
								"down": {"uv": [37, 99], "uv_size": [0.5, -4]}
							}
						},
						{
							"origin": [-6.22859, 29.31071, -2.05717],
							"size": [0, 2.9143, 4.1714],
							"uv": {
								"north": {"uv": [5, 98], "uv_size": [0.5, 3]},
								"east": {"uv": [121, 11.5], "uv_size": [7, 6]},
								"south": {"uv": [6, 98], "uv_size": [0.5, 3]},
								"west": {"uv": [120.5, 121], "uv_size": [7.5, 7]},
								"up": {"uv": [36, 95], "uv_size": [0.5, 4]},
								"down": {"uv": [37, 99], "uv_size": [0.5, -4]}
							}
						},
						{
							"origin": [-5.82885, 29.2857, 0.68394],
							"size": [0.5143, 2.9143, 1.4286],
							"pivot": [-5.56173, 30.74285, 1.96958],
							"rotation": [0, -89, 0],
							"uv": {
								"north": {"uv": [98, 6], "uv_size": [0.5, 3]},
								"east": {"uv": [30, 82], "uv_size": [1.5, 3]},
								"south": {"uv": [98, 9], "uv_size": [0.5, 3]},
								"west": {"uv": [32, 82], "uv_size": [1.5, 3]},
								"up": {"uv": [12, 106], "uv_size": [0.5, 1.5]},
								"down": {"uv": [13, 107.5], "uv_size": [0.5, -1.5]}
							}
						},
						{
							"origin": [-6.00022, 29.2857, -0.91307],
							"size": [0.5143, 1.54287, 1.4286],
							"pivot": [-5.7331, 30.74285, 1.97257],
							"rotation": [0, -89, 0],
							"uv": {
								"north": {"uv": [106, 70], "uv_size": [0.5, 1.5]},
								"east": {"uv": [79, 93], "uv_size": [1.5, 1.5]},
								"south": {"uv": [72, 106], "uv_size": [0.5, 1.5]},
								"west": {"uv": [81, 93], "uv_size": [1.5, 1.5]},
								"up": {"uv": [106, 72], "uv_size": [0.5, 1.5]},
								"down": {"uv": [73, 107.5], "uv_size": [0.5, -1.5]}
							}
						},
						{
							"origin": [-5.94313, 29.2857, -2.11254],
							"size": [0.5143, 2.9143, 1.4286],
							"pivot": [-5.56173, 30.74285, -1.96958],
							"rotation": [0, 89, 0],
							"uv": {
								"north": {"uv": [10, 98], "uv_size": [0.5, 3]},
								"east": {"uv": [34, 82], "uv_size": [1.5, 3]},
								"south": {"uv": [11, 98], "uv_size": [0.5, 3]},
								"west": {"uv": [42, 82], "uv_size": [1.5, 3]},
								"up": {"uv": [106, 13], "uv_size": [0.5, 1.5]},
								"down": {"uv": [14, 107.5], "uv_size": [0.5, -1.5]}
							}
						},
						{
							"origin": [-6.57158, 29.2857, -0.06636],
							"size": [0.5143, 1.54287, 1.4286],
							"pivot": [-6.19017, 30.74285, -1.98055],
							"rotation": [0, 89, 0],
							"uv": {
								"north": {"uv": [65, 106], "uv_size": [0.5, 1.5]},
								"east": {"uv": [93, 29], "uv_size": [1.5, 1.5]},
								"south": {"uv": [66, 106], "uv_size": [0.5, 1.5]},
								"west": {"uv": [93, 61], "uv_size": [1.5, 1.5]},
								"up": {"uv": [106, 66], "uv_size": [0.5, 1.5]},
								"down": {"uv": [106, 69.5], "uv_size": [0.5, -1.5]}
							}
						}
					]
				},
				{
					"name": "RightForeArm",
					"parent": "RightArm",
					"pivot": [-4.125, 25.075, 0.025],
					"cubes": [
						{
							"origin": [-5.725, 20.375, -1.575],
							"size": [3.2, 5, 3.2],
							"uv": {
								"north": {"uv": [23, 56], "uv_size": [3, 5]},
								"east": {"uv": [56, 25], "uv_size": [3, 5]},
								"south": {"uv": [26, 56], "uv_size": [3, 5]},
								"west": {"uv": [55, 56], "uv_size": [3, 5]},
								"up": {"uv": [68, 55], "uv_size": [3, 3]},
								"down": {"uv": [65, 71], "uv_size": [3, -3]}
							}
						},
						{
							"origin": [-5.625, 18.075, -1.475],
							"size": [3, 7, 3],
							"uv": {
								"north": {"uv": [48, 50], "uv_size": [3, 7]},
								"east": {"uv": [51, 0], "uv_size": [3, 7]},
								"south": {"uv": [51, 40], "uv_size": [3, 7]},
								"west": {"uv": [44, 51], "uv_size": [3, 7]},
								"up": {"uv": [68, 68], "uv_size": [3, 3]},
								"down": {"uv": [0, 72], "uv_size": [3, -3]}
							}
						}
					]
				},
				{
					"name": "RightHand",
					"parent": "RightForeArm",
					"pivot": [-4.125, 19.575, 0.025]
				},
				{
					"name": "RightHandLocator",
					"parent": "RightHand",
					"pivot": [-4.125, 19.575, 0.025],
					"cubes": [
						{
							"origin": [-4.625, 19.075, -0.475],
							"size": [1, 1, 1],
							"uv": {
								"north": {"uv": [104, 4], "uv_size": [1, 1]},
								"east": {"uv": [104, 5], "uv_size": [1, 1]},
								"south": {"uv": [104, 6], "uv_size": [1, 1]},
								"west": {"uv": [104, 7], "uv_size": [1, 1]},
								"up": {"uv": [8, 104], "uv_size": [1, 1]},
								"down": {"uv": [104, 9], "uv_size": [1, -1]}
							}
						}
					]
				},
				{
					"name": "Background",
					"pivot": [0, 0, 0]
				}
			]
		}
	]
}