{
	"format_version": "1.12.0",
	"minecraft:geometry": [
		{
			"description": {
				"identifier": "geometry.unknown",
				"texture_width": 128,
				"texture_height": 128,
				"visible_bounds_width": 3,
				"visible_bounds_height": 4.5,
				"visible_bounds_offset": [0, 1.75, 0]
			},
			"bones": [
				{
					"name": "LeftArm",
					"pivot": [1.75, 28.525, 0],
					"cubes": [
						{"origin": [0.8, 22.4, -1.7], "size": [3.25, 7.3, 3.4], "uv": [48, 60]},
						{"origin": [1.15, 21.625, -1.125], "size": [2.7, 2.05, 2.3], "uv": [63, 47]}
					]
				},
				{
					"name": "LeftForeArm",
					"parent": "LeftArm",
					"pivot": [-2.125, 21.375, 0.225],
					"rotation": [0, 0, -14.5],
					"cubes": [
						{"origin": [2.65818, 17.66582, -1.71988], "size": [4, 4, 4], "inflate": 1, "pivot": [1.99354, 30.47121, 0.2], "rotation": [0, 0, 14], "uv": [71, 16]},
						{"origin": [2.65818, 15.96582, -1.71988], "size": [4, 5, 4], "inflate": 0.8, "pivot": [1.99354, 30.47121, 0.2], "rotation": [0, 0, 14], "uv": [64, 66]},
						{"origin": [2.66271, 19.86406, -2.375], "size": [3.2, 5, 3.2], "pivot": [5.0582, 30.9501, 0.2], "rotation": [0, 0, 13], "uv": [116, 2]},
						{"origin": [2.76271, 17.56406, -2.275], "size": [3, 7, 3], "pivot": [5.0582, 30.9501, 0.2], "rotation": [0, 0, 13], "uv": [116, 1]},
						{"origin": [4.65818, 17.66582, -1.71988], "size": [4, 4, 4], "inflate": -0.3, "pivot": [1.99354, 30.47121, 0.2], "rotation": [0, 0, 14], "uv": [0, 82]}
					]
				},
				{
					"name": "LeftHandLocator",
					"parent": "LeftForeArm",
					"pivot": [-2.125, 15.875, 0.225]
				},
				{
					"name": "bone3",
					"parent": "LeftArm",
					"pivot": [0.51381, 3.03818, 0.3],
					"rotation": [0, 0, -14.5],
					"cubes": [
						{"origin": [7.35818, 21.96582, -1.61988], "size": [4, 4.1, 4], "inflate": 0.8, "pivot": [6.69354, 30.47121, 0.3], "rotation": [0, 0, 14], "uv": [64, 66]},
						{"origin": [9.25818, 27.06582, -1.61988], "size": [4, 3, 4], "inflate": -0.2, "pivot": [6.69354, 30.47121, 0.3], "rotation": [0, 0, 14], "uv": [82, 62]},
						{"origin": [7.35818, 25.66582, -1.61988], "size": [4, 4, 4], "inflate": 1, "pivot": [6.69354, 30.47121, 0.3], "rotation": [0, 0, 14], "uv": [76, 79]}
					]
				},
				{
					"name": "RightArm",
					"pivot": [-2.65, 28.525, 0],
					"cubes": [
						{"origin": [-4.95, 22.4, -1.7], "size": [3.25, 7.3, 3.4], "uv": [90, 51]},
						{"origin": [-4.75, 21.625, -1.125], "size": [2.7, 2.05, 2.3], "uv": [0, 0]}
					]
				},
				{
					"name": "RightForeArm",
					"parent": "RightArm",
					"pivot": [-3.375, 22.575, 0.025],
					"rotation": [0, 0, 13],
					"cubes": [
						{"origin": [-7.59079, 19.22078, -2.675], "size": [3.2, 5, 3.2], "pivot": [-5.65129, 31.881, 0], "rotation": [0, 0, -12.5], "uv": [116, 0]},
						{"origin": [-7.49079, 16.92078, -2.575], "size": [3, 7, 3], "pivot": [-5.65129, 31.881, 0], "rotation": [0, 0, -12.5], "uv": [116, 0]},
						{"origin": [-7.40295, 16.43128, -1.69131], "size": [4, 5, 4], "inflate": 0.8, "pivot": [-5.72635, 31.4098, 0], "rotation": [0, 0, -13], "uv": [62, 38]},
						{"origin": [-9.40295, 18.03128, -1.69131], "size": [4, 4, 4], "inflate": -0.3, "pivot": [-5.72635, 31.4098, 0], "rotation": [0, 0, -13], "uv": [0, 74]},
						{"origin": [-7.40295, 18.03128, -1.69131], "size": [4, 4, 4], "inflate": 1, "pivot": [-5.72635, 31.4098, 0], "rotation": [0, 0, -13], "uv": [78, 46]}
					]
				},
				{
					"name": "RightHandLocator",
					"parent": "RightForeArm",
					"pivot": [-3.375, 17.075, 0.025],
					"cubes": [
						{"origin": [-3.875, 16.575, -0.475], "size": [1, 1, 1], "uv": [84, 61], "mirror": true}
					]
				},
				{
					"name": "bone2",
					"parent": "RightArm",
					"pivot": [-1.36486, 2.82916, 0],
					"rotation": [0, 0, 13.5],
					"cubes": [
						{"origin": [-14.08736, 25.6057, -1.70848], "size": [4, 3, 4], "inflate": -0.2, "pivot": [-10.32635, 30.4098, 0], "rotation": [-2.1997, 3.41084, -14.32868], "uv": [82, 62]},
						{"origin": [-12.00295, 25.03128, -1.69131], "size": [4, 4, 4], "inflate": 1, "pivot": [-10.32635, 30.4098, 0], "rotation": [0, 0, -13], "uv": [78, 38]},
						{"origin": [-12.00295, 22.13128, -1.69131], "size": [4, 3.3, 4], "inflate": 0.8, "pivot": [-10.32635, 30.4098, 0], "rotation": [0, 0, -13], "uv": [62, 38]}
					]
				}
			]
		}
	]
}