{
	"format_version": "1.12.0",
	"minecraft:geometry": [
		{
			"description": {
				"identifier": "geometry.unknown",
				"texture_width": 128,
				"texture_height": 128,
				"visible_bounds_width": 7,
				"visible_bounds_height": 6,
				"visible_bounds_offset": [0, 2, 0]
			},
			"bones": [
				{
					"name": "Root",
					"pivot": [0, 0, 0]
				},
				{
					"name": "MAllBody",
					"parent": "Root",
					"pivot": [0, 20.65, 0]
				},
				{
					"name": "AllBody",
					"parent": "MAllBody",
					"pivot": [0, 20.65, 0]
				},
				{
					"name": "UpBody",
					"parent": "AllBody",
					"pivot": [0, 20.65, 0]
				},
				{
					"name": "MUpperBody",
					"parent": "UpBody",
					"pivot": [0, 20.65, 0]
				},
				{
					"name": "UpperBody",
					"parent": "MUpperBody",
					"pivot": [0, 20.65, 0]
				},
				{
					"name": "respirador",
					"parent": "UpperBody",
					"pivot": [1.8, 27, 5.3],
					"cubes": [
						{"origin": [-6.7, 18.2957, 4.25233], "size": [12.5, 16, 4], "inflate": 1, "uv": [0, 54]},
						{"origin": [-7.5, 19.4957, 5.65233], "size": [14.5, 2, 2], "inflate": 1, "uv": [54, 34]},
						{"origin": [-7.5, 30.6957, 5.65233], "size": [14.5, 2, 2], "inflate": 1, "uv": [54, 30]}
					]
				},
				{
					"name": "AllHead",
					"parent": "UpperBody",
					"pivot": [0, 32.425, -0.025]
				},
				{
					"name": "MHead",
					"parent": "AllHead",
					"pivot": [0, 33.05, 0]
				},
				{
					"name": "Head",
					"parent": "MHead",
					"pivot": [0, 30.95, 1.2],
					"cubes": [
						{"origin": [-5.6, 30.56236, -5.22568], "size": [11, 11, 11], "inflate": -1, "uv": [0, 0]},
						{"origin": [-6.6, 28.3, -6.6], "size": [13, 13, 13], "inflate": -1.9, "uv": [-2, 103]},
						{"origin": [-6.6, 29.56236, 1.07432], "size": [13, 13, 7], "inflate": -1.9, "uv": [79, 108]},
						{"origin": [-6.6, 29.36236, -6.42568], "size": [13, 5, 13.3], "inflate": -1.8, "uv": [76, 110]},
						{"origin": [-6.6, 37.66236, -6.42568], "size": [13, 5, 13.3], "inflate": -1.8, "uv": [76, 110]},
						{"origin": [-6.4, 38.06236, -5.42568], "size": [12.6, 5.4, 12.6], "inflate": -1.7, "uv": [40, 91]},
						{"origin": [-0.2, 39.46236, -5.22568], "size": [4.6, 4.4, 12.3], "inflate": -1.7, "uv": [90, 114]},
						{"origin": [-4.2, 39.46236, -5.22568], "size": [4.6, 4.4, 12.3], "inflate": -1.7, "uv": [90, 114]},
						{"origin": [-7.4, 29.66236, -1.82568], "size": [4.7, 12.8, 9], "inflate": -1.8, "uv": [101, 88]},
						{"origin": [2.6, 29.66236, -4.32568], "size": [4.6, 6.9, 11.5], "inflate": -1.8, "uv": [98, 85]},
						{"origin": [2.6, 36.46236, -4.32568], "size": [4.6, 6, 11.5], "inflate": -1.8, "uv": [98, 85]},
						{"origin": [2.6, 29.66236, -1.82568], "size": [4.7, 12.8, 9], "inflate": -1.8, "uv": [101, 88]},
						{"origin": [-7.3, 36.46236, -4.32568], "size": [4.6, 6, 11.5], "inflate": -1.8, "uv": [98, 85]},
						{"origin": [-7.3, 29.66236, -4.32568], "size": [4.6, 6.9, 11.5], "inflate": -1.8, "uv": [98, 85]},
						{"origin": [-4.1, 34.76236, 1.77432], "size": [8, 8, 8], "inflate": -2.4, "uv": [54, 50]},
						{"origin": [-4.1, 24.66236, 3.37432], "size": [8, 8, 8], "inflate": -2.4, "uv": [54, 50]},
						{"origin": [-4.1, 34.76236, 2.97432], "size": [8, 8, 11], "inflate": -3, "uv": [33, 11]},
						{"origin": [-4.1, 24.76236, 2.97432], "size": [8, 8, 11], "inflate": -3, "uv": [0, 22]},
						{"origin": [-4.1, 25.46236, 5.97432], "size": [8, 17, 8], "inflate": -3.1, "uv": [30, 33]}
					]
				},
				{
					"name": "Breast",
					"parent": "UpperBody",
					"pivot": [-0.0125, 28.74747, -2.15834],
					"rotation": [-32.5, 0, 0]
				},
				{
					"name": "Arm",
					"parent": "UpperBody",
					"pivot": [-0.2, 31.275, 0]
				},
				{
					"name": "LeftArm",
					"parent": "Arm",
					"pivot": [7.4, 29.025, 0],
					"rotation": [0, 0, -18],
					"cubes": [
						{"origin": [7.48771, 24.28906, -2.7], "size": [3.25, 7.3, 3.4], "pivot": [9.0582, 32.1501, 0], "rotation": [0, 0, 13], "uv": [116, 4]},
						{"origin": [7.63771, 24.46406, -2.5], "size": [3.05, 7, 3], "pivot": [9.0582, 32.1501, 0], "rotation": [0, 0, 13], "uv": [116, 1]},
						{"origin": [7.93771, 23.56406, -2.1], "size": [2.55, 2, 2.2], "pivot": [9.0582, 32.1501, 0], "rotation": [0, 0, 13], "uv": [120, 1]},
						{"origin": [7.83771, 23.51406, -2.125], "size": [2.7, 2.05, 2.3], "pivot": [9.0582, 32.1501, 0], "rotation": [0, 0, 13], "uv": [120, 1]}
					]
				},
				{
					"name": "bone",
					"parent": "LeftArm",
					"pivot": [-0.18619, 4.23818, 0],
					"cubes": [
						{"origin": [6.65818, 23.16582, -1.91988], "size": [4, 4.1, 4], "inflate": 0.8, "pivot": [5.99354, 31.67121, 0], "rotation": [0, 0, 14], "uv": [64, 66]},
						{"origin": [8.55818, 28.26582, -1.91988], "size": [4, 3, 4], "inflate": -0.2, "pivot": [5.99354, 31.67121, 0], "rotation": [0, 0, 14], "uv": [82, 62]},
						{"origin": [6.65818, 26.86582, -1.91988], "size": [4, 4, 4], "inflate": 1, "pivot": [5.99354, 31.67121, 0], "rotation": [0, 0, 14], "uv": [76, 79]}
					]
				},
				{
					"name": "LeftForeArm",
					"parent": "LeftArm",
					"pivot": [6.43881, 23.51318, 0.025],
					"cubes": [
						{"origin": [6.76271, 18.76406, -2.475], "size": [3, 7, 3], "pivot": [9.0582, 32.1501, 0], "rotation": [0, 0, 13], "uv": [116, 1]},
						{"origin": [6.66271, 21.06406, -2.575], "size": [3.2, 5, 3.2], "pivot": [9.0582, 32.1501, 0], "rotation": [0, 0, 13], "uv": [116, 2]},
						{"origin": [6.65818, 17.16582, -1.91988], "size": [4, 5, 4], "inflate": 0.8, "pivot": [5.99354, 31.67121, 0], "rotation": [0, 0, 14], "uv": [64, 66]},
						{"origin": [6.65818, 18.86582, -1.91988], "size": [4, 4, 4], "inflate": 1, "pivot": [5.99354, 31.67121, 0], "rotation": [0, 0, 14], "uv": [71, 16]},
						{"origin": [8.65818, 18.86582, -1.91988], "size": [4, 4, 4], "inflate": -0.3, "pivot": [5.99354, 31.67121, 0], "rotation": [0, 0, 14], "uv": [0, 82]}
					]
				},
				{
					"name": "LeftHand",
					"parent": "LeftForeArm",
					"pivot": [4.93881, 20.71318, 0.025]
				},
				{
					"name": "LeftHandLocator",
					"parent": "LeftHand",
					"pivot": [4.93881, 20.71318, 0.025]
				},
				{
					"name": "SheathLocator",
					"parent": "LeftHand",
					"pivot": [4.93881, 20.71318, 0.025]
				},
				{
					"name": "LeftWaistLocator",
					"parent": "LeftHand",
					"pivot": [4.93881, 20.71318, 0.025]
				},
				{
					"name": "RightArm",
					"parent": "Arm",
					"pivot": [-6.4, 29.025, 0],
					"rotation": [0, 0, 18],
					"cubes": [
						{"origin": [-10.61579, 23.92078, -2.6], "size": [3.05, 7, 3], "pivot": [-8.75129, 31.881, 0], "rotation": [0, 0, -12.5], "uv": [116, 0]},
						{"origin": [-10.66579, 23.74578, -2.8], "size": [3.25, 7.3, 3.4], "pivot": [-8.75129, 31.881, 0], "rotation": [0, 0, -12.5], "uv": [116, 0]},
						{"origin": [-10.41579, 23.02078, -2.2], "size": [2.55, 2, 2.2], "pivot": [-8.75129, 31.881, 0], "rotation": [0, 0, -12.5], "uv": [120, 1]},
						{"origin": [-10.46579, 22.97078, -2.225], "size": [2.7, 2.05, 2.3], "pivot": [-8.75129, 31.881, 0], "rotation": [0, 0, -12.5], "uv": [120, 0]}
					]
				},
				{
					"name": "bone2",
					"parent": "RightArm",
					"pivot": [0.13514, 3.82916, 0],
					"cubes": [
						{"origin": [-12.58736, 26.6057, -1.70848], "size": [4, 3, 4], "inflate": -0.2, "pivot": [-8.82635, 31.4098, 0], "rotation": [-2.1997, 3.41084, -14.32868], "uv": [82, 62]},
						{"origin": [-10.50295, 26.03128, -1.69131], "size": [4, 4, 4], "inflate": 1, "pivot": [-8.82635, 31.4098, 0], "rotation": [0, 0, -13], "uv": [78, 38]},
						{"origin": [-10.50295, 23.13128, -1.69131], "size": [4, 3.3, 4], "inflate": 0.8, "pivot": [-8.82635, 31.4098, 0], "rotation": [0, 0, -13], "uv": [62, 38]}
					]
				},
				{
					"name": "RightForeArm",
					"parent": "RightArm",
					"pivot": [-6.58986, 23.20416, 0.025],
					"cubes": [
						{"origin": [-10.69079, 19.22078, -2.675], "size": [3.2, 5, 3.2], "pivot": [-8.75129, 31.881, 0], "rotation": [0, 0, -12.5], "uv": [116, 0]},
						{"origin": [-10.59079, 16.92078, -2.575], "size": [3, 7, 3], "pivot": [-8.75129, 31.881, 0], "rotation": [0, 0, -12.5], "uv": [116, 0]},
						{"origin": [-10.50295, 16.43128, -1.69131], "size": [4, 5, 4], "inflate": 0.8, "pivot": [-8.82635, 31.4098, 0], "rotation": [0, 0, -13], "uv": [62, 38]},
						{"origin": [-12.50295, 18.03128, -1.69131], "size": [4, 4, 4], "inflate": -0.3, "pivot": [-8.82635, 31.4098, 0], "rotation": [0, 0, -13], "uv": [0, 74]},
						{"origin": [-10.50295, 18.03128, -1.69131], "size": [4, 4, 4], "inflate": 1, "pivot": [-8.82635, 31.4098, 0], "rotation": [0, 0, -13], "uv": [78, 46]}
					]
				},
				{
					"name": "RightHand",
					"parent": "RightForeArm",
					"pivot": [-4.88986, 20.40416, 0.025]
				},
				{
					"name": "RightHandLocator",
					"parent": "RightHand",
					"pivot": [-4.88986, 20.40416, 0.025]
				},
				{
					"name": "BladeLocator",
					"parent": "RightHand",
					"pivot": [-4.88986, 20.40416, 0.025]
				},
				{
					"name": "ElytraLocator",
					"parent": "UpperBody",
					"pivot": [0, 31.65, 2]
				},
				{
					"name": "RifleLocator",
					"parent": "UpperBody",
					"pivot": [0, 25.15, 2.3],
					"rotation": [0, 0, 45]
				},
				{
					"name": "BackpackLocator",
					"parent": "UpperBody",
					"pivot": [0, 30, 0]
				},
				{
					"name": "correa",
					"parent": "UpperBody",
					"pivot": [-4.8, 31.4, -0.5],
					"cubes": [
						{"origin": [-8.34729, 22.83012, 4.95233], "size": [3, 11.4, 2.9], "inflate": -0.9, "pivot": [-6.8, 33.6, 6.4], "rotation": [8, 0, -44], "uv": [110, 94]},
						{"origin": [3.66107, 20.15183, 4.95233], "size": [3, 9.4, 2.9], "inflate": -0.9, "pivot": [4.8, 21, 6.4], "rotation": [-10, 0, -44], "uv": [110, 94]},
						{"origin": [5.6088, 18.17496, -1.64767], "size": [3, 3, 6.1], "inflate": -0.9, "pivot": [7.1, 19.1, 3.6], "rotation": [2, 0, -44], "uv": [106, 90]},
						{"origin": [5.6088, 18.17496, 1.35233], "size": [3, 6.4, 3.1], "inflate": -0.9, "pivot": [7.1, 19.1, 3.6], "rotation": [-48, 0, -44], "uv": [109, 93]},
						{"origin": [5.2, 18.5957, -4.54767], "size": [3, 3, 4.9], "inflate": -0.9, "pivot": [6.2, 19.3, -3.5], "rotation": [-26, 0, -44], "uv": [108, 92]},
						{"origin": [5.1, 18.6957, -4.64767], "size": [3, 9.5, 3], "inflate": -0.9, "pivot": [6.1, 19.4, -3.6], "rotation": [5, 0, -44], "uv": [109, 93]},
						{"origin": [-6.68522, 21.52625, -4.64767], "size": [3, 10.9, 3], "inflate": -0.9, "pivot": [-5.2, 31.6, -3.6], "rotation": [-4, 0, -44], "uv": [109, 93]}
					]
				},
				{
					"name": "cuerpo",
					"parent": "UpperBody",
					"pivot": [0.2, 25.9, -0.8],
					"cubes": [
						{"origin": [-4.3, 18.1957, -1.84767], "size": [8.5, 12, 4], "inflate": 0.8, "uv": [60, 0]},
						{"origin": [-4.3, 18.1957, -1.84767], "size": [8.5, 3, 4], "inflate": 1, "uv": [0, 41]},
						{"origin": [-4.3, 23.9957, -1.84767], "size": [8.5, 6, 4], "inflate": 1.01, "uv": [33, 0]},
						{"origin": [3.3, 28.3957, -4.64767], "size": [4, 4, 9], "inflate": -0.9, "uv": [101, 85]},
						{"origin": [1.9, 27.4957, -3.44767], "size": [1.2, 1, 2], "inflate": 0.1, "uv": [19, 49]},
						{"origin": [-7.7, 28.3957, -4.64767], "size": [4, 4, 9], "inflate": -0.9, "uv": [101, 87]},
						{"origin": [-3.5, 20.4957, -2.84767], "size": [6.5, 1, 2], "inflate": 0.8, "uv": [27, 30]},
						{"origin": [-1.2, 20.4957, -1.34767], "size": [6.5, 1, -2.5], "inflate": 0.5, "uv": [0, 0]},
						{"origin": [3.8, 20.6957, -3.04767], "size": [1.5, 1, 9.7], "inflate": 0.49, "uv": [107, 68]},
						{"origin": [-5.9, 20.6957, -2.94767], "size": [1.5, 1, 11], "inflate": 0.49, "uv": [104, 68]}
					]
				},
				{
					"name": "PistolLocator",
					"parent": "UpBody",
					"pivot": [-4, 24.75, -1.6],
					"rotation": [-30, 0, 0]
				},
				{
					"name": "RightWaistLocator",
					"parent": "UpBody",
					"pivot": [-4, 23, 0],
					"rotation": [-5, 0, 0]
				},
				{
					"name": "DownBody",
					"parent": "AllBody",
					"pivot": [0, 20.65, 0]
				},
				{
					"name": "Leg",
					"parent": "DownBody",
					"pivot": [0, 21.15, 0]
				},
				{
					"name": "LeftLeg",
					"parent": "Leg",
					"pivot": [2.4, 21.15, 0],
					"cubes": [
						{"origin": [0.375, 11.65, -2], "size": [3.65, 10, 4], "uv": [114, 0]}
					]
				},
				{
					"name": "bone4",
					"parent": "LeftLeg",
					"pivot": [0, 19, 0],
					"cubes": [
						{"origin": [0.5, 8.09581, -1.30807], "size": [4, 8.6, 4], "inflate": 0.22, "uv": [32, 58]},
						{"origin": [0.5, 11.29581, -1.30807], "size": [4, 4, 4], "inflate": 0.62, "uv": [16, 74]},
						{"origin": [0.5, 16.49581, -1.30807], "size": [4, 4, 4], "inflate": 0.62, "uv": [16, 74]}
					]
				},
				{
					"name": "LeftLowerLeg",
					"parent": "LeftLeg",
					"pivot": [2.2, 8.7, 0],
					"cubes": [
						{"origin": [0.5, 4.29581, -1.30807], "size": [4, 4, 4], "inflate": 0.62, "uv": [32, 74]},
						{"origin": [0.5, 0.39581, -1.30807], "size": [4, 4, 4], "inflate": 0.72, "uv": [32, 74]},
						{"origin": [0.5, 2, -1.9], "size": [3.4, 10, 4], "uv": [114, 0]}
					]
				},
				{
					"name": "LeftFoot",
					"parent": "LeftLowerLeg",
					"pivot": [2.1875, 2.5, 0.1375],
					"cubes": [
						{"origin": [0.25, 0, -2.1], "size": [3.875, 4, 4.375], "uv": [114, 0]},
						{"origin": [0.35, 0, -4.4], "size": [3.675, 3, 3], "uv": [116, 0]},
						{"origin": [0.95, 2.575, -3.2], "size": [2.675, 1, 2], "pivot": [2.6875, 2.5, -2.9], "rotation": [22.5, 0, 0], "uv": [120, 0]}
					]
				},
				{
					"name": "RightLeg",
					"parent": "Leg",
					"pivot": [-2.4, 21.15, 0],
					"cubes": [
						{"origin": [-4.025, 11.65, -2], "size": [3.65, 10, 4], "uv": [114, 0]}
					]
				},
				{
					"name": "bone3",
					"parent": "RightLeg",
					"pivot": [-3, 16, 0],
					"cubes": [
						{"origin": [-4.5, 11.23315, -1.26405], "size": [4, 4, 4], "inflate": 0.61, "uv": [64, 75]},
						{"origin": [-4.5, 16.43315, -1.26405], "size": [4, 4, 4], "inflate": 0.61, "uv": [64, 75]},
						{"origin": [-4.5, 8.03315, -1.26405], "size": [4, 8.8, 4], "inflate": 0.21, "uv": [48, 66]}
					]
				},
				{
					"name": "RightLowerLeg",
					"parent": "RightLeg",
					"pivot": [-2.2, 8.7, 0],
					"cubes": [
						{"origin": [-3.9, 2, -1.9], "size": [3.4, 10, 4], "uv": [114, 0]},
						{"origin": [-4.5, 0.33315, -1.26405], "size": [4, 4, 4], "inflate": 0.71, "uv": [76, 71]},
						{"origin": [-4.5, 4.23315, -1.26405], "size": [4, 4, 4], "inflate": 0.61, "uv": [76, 71]}
					]
				},
				{
					"name": "RightFoot",
					"parent": "RightLowerLeg",
					"pivot": [-2.1875, 2.5, -0.1375],
					"cubes": [
						{"origin": [-4.125, 0, -2.1], "size": [3.875, 4, 4.375], "uv": [114, 0]},
						{"origin": [-4.025, 0, -4.4], "size": [3.675, 3, 3], "uv": [116, 0]},
						{"origin": [-3.625, 2.575, -3.2], "size": [2.675, 1, 2], "pivot": [-2.6875, 2.5, -2.9], "rotation": [22.5, 0, 0], "uv": [120, 0]}
					]
				},
				{
					"name": "molang",
					"parent": "Root",
					"pivot": [0, -0.35, 0]
				}
			]
		}
	]
}