{
	"format_version": "1.12.0",
	"minecraft:geometry": [
		{
			"description": {
				"identifier": "geometry.unknown",
				"texture_width": 128,
				"texture_height": 128,
				"visible_bounds_width": 7,
				"visible_bounds_height": 5,
				"visible_bounds_offset": [0, 1.5, 0]
			},
			"bones": [
				{
					"name": "Root",
					"pivot": [0, 0, 0]
				},
				{
					"name": "MAllBody",
					"parent": "Root",
					"pivot": [0, 19.75, 0]
				},
				{
					"name": "AllBody",
					"parent": "MAllBody",
					"pivot": [0, 19.75, 0]
				},
				{
					"name": "UpBody",
					"parent": "AllBody",
					"pivot": [0, 19.75, 0]
				},
				{
					"name": "MUpperBody",
					"parent": "UpBody",
					"pivot": [0, 19.75, 0]
				},
				{
					"name": "UpperBody",
					"parent": "MUpperBody",
					"pivot": [0, 19.75, 0],
					"cubes": [
						{"origin": [0.3, 23.2, -3.6], "size": [4, 2.25, 1.6], "uv": [12, 64]},
						{
							"origin": [1.7, 25.5, -3.2],
							"size": [0.3, 2, 0.3],
							"pivot": [2, 25.5, -3.9],
							"rotation": [0, 0, 90],
							"uv": {
								"north": {"uv": [61, 74], "uv_size": [1, 2]},
								"east": {"uv": [61, 74], "uv_size": [1, 2]},
								"south": {"uv": [61, 74], "uv_size": [1, 2]},
								"west": {"uv": [61, 74], "uv_size": [1, 2]},
								"up": {"uv": [53, 13], "uv_size": [1, 1]},
								"down": {"uv": [8, 71], "uv_size": [1, -1]}
							}
						},
						{
							"origin": [0.45, 25.5, -3.2],
							"size": [0.3, 2, 0.3],
							"pivot": [0.75, 25.5, -3.9],
							"rotation": [0, 0, 90],
							"uv": {
								"north": {"uv": [61, 74], "uv_size": [1, 2]},
								"east": {"uv": [61, 74], "uv_size": [1, 2]},
								"south": {"uv": [61, 74], "uv_size": [1, 2]},
								"west": {"uv": [61, 74], "uv_size": [1, 2]},
								"up": {"uv": [53, 13], "uv_size": [1, 1]},
								"down": {"uv": [8, 71], "uv_size": [1, -1]}
							}
						},
						{
							"origin": [-4, 25.5, -3.2],
							"size": [0.3, 2, 0.3],
							"pivot": [-3.7, 25.5, -3.9],
							"rotation": [0, 0, 90],
							"uv": {
								"north": {"uv": [61, 74], "uv_size": [1, 2]},
								"east": {"uv": [61, 74], "uv_size": [1, 2]},
								"south": {"uv": [61, 74], "uv_size": [1, 2]},
								"west": {"uv": [61, 74], "uv_size": [1, 2]},
								"up": {"uv": [53, 13], "uv_size": [1, 1]},
								"down": {"uv": [8, 71], "uv_size": [1, -1]}
							}
						},
						{
							"origin": [-2.5, 25.5, -3.2],
							"size": [0.3, 2, 0.3],
							"pivot": [-2.2, 25.5, -3.9],
							"rotation": [0, 0, 90],
							"uv": {
								"north": {"uv": [61, 74], "uv_size": [1, 2]},
								"east": {"uv": [61, 74], "uv_size": [1, 2]},
								"south": {"uv": [61, 74], "uv_size": [1, 2]},
								"west": {"uv": [61, 74], "uv_size": [1, 2]},
								"up": {"uv": [53, 13], "uv_size": [1, 1]},
								"down": {"uv": [8, 71], "uv_size": [1, -1]}
							}
						},
						{
							"origin": [-2.5, 28.25, -3.2],
							"size": [0.3, 2, 0.3],
							"pivot": [-2.2, 28.25, -3.9],
							"rotation": [0, 0, 90],
							"uv": {
								"north": {"uv": [61, 74], "uv_size": [1, 2]},
								"east": {"uv": [61, 74], "uv_size": [1, 2]},
								"south": {"uv": [61, 74], "uv_size": [1, 2]},
								"west": {"uv": [61, 74], "uv_size": [1, 2]},
								"up": {"uv": [53, 13], "uv_size": [1, 1]},
								"down": {"uv": [8, 71], "uv_size": [1, -1]}
							}
						},
						{
							"origin": [-2.5, 17.75, -3.2],
							"size": [0.8, 8.8, 0.3],
							"pivot": [-2.2, 19.75, -3.9],
							"rotation": [0, 0, 90],
							"uv": {
								"north": {"uv": [61, 74], "uv_size": [1, 2]},
								"east": {"uv": [61, 74], "uv_size": [1, 2]},
								"south": {"uv": [61, 74], "uv_size": [1, 2]},
								"west": {"uv": [61, 74], "uv_size": [1, 2]},
								"up": {"uv": [53, 13], "uv_size": [1, 1]},
								"down": {"uv": [8, 71], "uv_size": [1, -1]}
							}
						},
						{
							"origin": [0, 28.25, -3.2],
							"size": [0.3, 2, 0.3],
							"pivot": [0.3, 28.25, -3.9],
							"rotation": [0, 0, 90],
							"uv": {
								"north": {"uv": [61, 74], "uv_size": [1, 2]},
								"east": {"uv": [61, 74], "uv_size": [1, 2]},
								"south": {"uv": [61, 74], "uv_size": [1, 2]},
								"west": {"uv": [61, 74], "uv_size": [1, 2]},
								"up": {"uv": [53, 13], "uv_size": [1, 1]},
								"down": {"uv": [8, 71], "uv_size": [1, -1]}
							}
						},
						{"origin": [0.3, 25.95, -3.5], "size": [3.5, 2.25, 1.5], "uv": [70, 40]},
						{"origin": [0.3, 20.3, -3.5], "size": [3.7, 2.3, 1.5], "uv": [70, 40]},
						{"origin": [-3.7, 20.25, -3.5], "size": [3.8, 2.3, 1.5], "uv": [70, 43]},
						{"origin": [-4, 23.15, -3.5], "size": [4.1, 2.25, 1.5], "uv": [38, 64]},
						{"origin": [-3.5, 26, -3.5], "size": [3.6, 2.25, 1.5], "uv": [70, 43]},
						{
							"origin": [-4.4, 19.75, -2.8],
							"size": [9.5, 9.9, 6.4],
							"uv": {
								"north": {"uv": [72, 66], "uv_size": [10, 10]},
								"east": {"uv": [20, 73], "uv_size": [6, 10]},
								"south": {"uv": [72, 66], "uv_size": [10, 10]},
								"west": {"uv": [20, 73], "uv_size": [6, 10]},
								"up": {"uv": [26, 75], "uv_size": [10, 6]},
								"down": {"uv": [44, 81], "uv_size": [10, -6]}
							}
						},
						{
							"origin": [-5.1, 19.75, -3.2],
							"size": [0.7, 2.75, 0.3],
							"pivot": [-4.4, 20.5, -3.9],
							"rotation": [0, 30, 0],
							"uv": {
								"north": {"uv": [60, 74], "uv_size": [1, 3]},
								"east": {"uv": [61, 74], "uv_size": [1, 2]},
								"south": {"uv": [60, 74], "uv_size": [1, 3]},
								"west": {"uv": [61, 74], "uv_size": [1, 2]},
								"up": {"uv": [70, 75], "uv_size": [1, 1]},
								"down": {"uv": [71, 76], "uv_size": [1, -1]}
							}
						},
						{
							"origin": [-5.1, 22.75, -3.2],
							"size": [0.7, 2.75, 0.3],
							"pivot": [-4.4, 23.5, -3.9],
							"rotation": [0, 30, 0],
							"uv": {
								"north": {"uv": [60, 74], "uv_size": [1, 3]},
								"east": {"uv": [61, 74], "uv_size": [1, 2]},
								"south": {"uv": [60, 74], "uv_size": [1, 3]},
								"west": {"uv": [61, 74], "uv_size": [1, 2]},
								"up": {"uv": [70, 75], "uv_size": [1, 1]},
								"down": {"uv": [71, 76], "uv_size": [1, -1]}
							}
						},
						{
							"origin": [-4.6, 25.75, -3.2],
							"size": [0.7, 2.75, 0.3],
							"pivot": [-3.9, 26.5, -3.9],
							"rotation": [0, 30, 0],
							"uv": {
								"north": {"uv": [60, 74], "uv_size": [1, 3]},
								"east": {"uv": [61, 74], "uv_size": [1, 2]},
								"south": {"uv": [60, 74], "uv_size": [1, 3]},
								"west": {"uv": [61, 74], "uv_size": [1, 2]},
								"up": {"uv": [70, 75], "uv_size": [1, 1]},
								"down": {"uv": [71, 76], "uv_size": [1, -1]}
							}
						},
						{
							"origin": [3.95, 25.75, -3.2],
							"size": [0.7, 2.75, 0.3],
							"pivot": [4.65, 26.5, -3.9],
							"rotation": [0, -30, 0],
							"uv": {
								"north": {"uv": [60, 74], "uv_size": [1, 3]},
								"east": {"uv": [61, 74], "uv_size": [1, 2]},
								"south": {"uv": [60, 74], "uv_size": [1, 3]},
								"west": {"uv": [61, 74], "uv_size": [1, 2]},
								"up": {"uv": [70, 75], "uv_size": [1, 1]},
								"down": {"uv": [71, 76], "uv_size": [1, -1]}
							}
						},
						{
							"origin": [4.7, 22.75, -3.2],
							"size": [0.7, 2.75, 0.3],
							"pivot": [5.4, 23.5, -3.9],
							"rotation": [0, -30, 0],
							"uv": {
								"north": {"uv": [60, 74], "uv_size": [1, 3]},
								"east": {"uv": [61, 74], "uv_size": [1, 2]},
								"south": {"uv": [60, 74], "uv_size": [1, 3]},
								"west": {"uv": [61, 74], "uv_size": [1, 2]},
								"up": {"uv": [70, 75], "uv_size": [1, 1]},
								"down": {"uv": [71, 76], "uv_size": [1, -1]}
							}
						},
						{
							"origin": [4.7, 19.75, -3.2],
							"size": [0.7, 2.75, 0.3],
							"pivot": [5.4, 20.5, -3.9],
							"rotation": [0, -30, 0],
							"uv": {
								"north": {"uv": [60, 74], "uv_size": [1, 3]},
								"east": {"uv": [61, 74], "uv_size": [1, 2]},
								"south": {"uv": [60, 74], "uv_size": [1, 3]},
								"west": {"uv": [61, 74], "uv_size": [1, 2]},
								"up": {"uv": [70, 75], "uv_size": [1, 1]},
								"down": {"uv": [71, 76], "uv_size": [1, -1]}
							}
						},
						{
							"origin": [-4, 22.65, -3.2],
							"size": [0.3, 2, 0.3],
							"pivot": [-3.7, 22.65, -3.9],
							"rotation": [0, 0, 90],
							"uv": {
								"north": {"uv": [61, 74], "uv_size": [1, 2]},
								"east": {"uv": [61, 74], "uv_size": [1, 2]},
								"south": {"uv": [61, 74], "uv_size": [1, 2]},
								"west": {"uv": [61, 74], "uv_size": [1, 2]},
								"up": {"uv": [53, 13], "uv_size": [1, 1]},
								"down": {"uv": [8, 71], "uv_size": [1, -1]}
							}
						},
						{
							"origin": [-2.6, 22.65, -3.2],
							"size": [0.3, 2, 0.3],
							"pivot": [-2.3, 22.65, -3.9],
							"rotation": [0, 0, 90],
							"uv": {
								"north": {"uv": [61, 74], "uv_size": [1, 2]},
								"east": {"uv": [61, 74], "uv_size": [1, 2]},
								"south": {"uv": [61, 74], "uv_size": [1, 2]},
								"west": {"uv": [61, 74], "uv_size": [1, 2]},
								"up": {"uv": [53, 13], "uv_size": [1, 1]},
								"down": {"uv": [8, 71], "uv_size": [1, -1]}
							}
						},
						{
							"origin": [1.7, 22.65, -3.2],
							"size": [0.3, 2, 0.3],
							"pivot": [2, 22.65, -3.9],
							"rotation": [0, 0, 90],
							"uv": {
								"north": {"uv": [61, 74], "uv_size": [1, 2]},
								"east": {"uv": [61, 74], "uv_size": [1, 2]},
								"south": {"uv": [61, 74], "uv_size": [1, 2]},
								"west": {"uv": [61, 74], "uv_size": [1, 2]},
								"up": {"uv": [53, 13], "uv_size": [1, 1]},
								"down": {"uv": [8, 71], "uv_size": [1, -1]}
							}
						},
						{
							"origin": [0.4, 22.65, -3.2],
							"size": [0.3, 2, 0.3],
							"pivot": [0.7, 22.65, -3.9],
							"rotation": [0, 0, 90],
							"uv": {
								"north": {"uv": [61, 74], "uv_size": [1, 2]},
								"east": {"uv": [61, 74], "uv_size": [1, 2]},
								"south": {"uv": [61, 74], "uv_size": [1, 2]},
								"west": {"uv": [61, 74], "uv_size": [1, 2]},
								"up": {"uv": [53, 13], "uv_size": [1, 1]},
								"down": {"uv": [8, 71], "uv_size": [1, -1]}
							}
						},
						{
							"origin": [0.1, 19.85, -3.7],
							"size": [0.2, 8.15, 1],
							"uv": {
								"north": {"uv": [28, 47], "uv_size": [1, 8]},
								"east": {"uv": [29, 47], "uv_size": [1, 8]},
								"south": {"uv": [28, 47], "uv_size": [1, 8]},
								"west": {"uv": [29, 47], "uv_size": [1, 8]},
								"up": {"uv": [0, 76], "uv_size": [1, 1]},
								"down": {"uv": [1, 77], "uv_size": [1, -1]}
							}
						},
						{
							"origin": [-3, 30, -2],
							"size": [6.25, 1.1, 3.75],
							"uv": {
								"north": {"uv": [72, 52], "uv_size": [6, 1]},
								"east": {"uv": [38, 63], "uv_size": [4, 1]},
								"south": {"uv": [26, 74], "uv_size": [6, 1]},
								"west": {"uv": [66, 56], "uv_size": [4, 1]},
								"up": {"uv": [74, 62], "uv_size": [6, 4]},
								"down": {"uv": [54, 79], "uv_size": [6, -4]}
							}
						}
					]
				},
				{
					"name": "AllHead",
					"parent": "UpperBody",
					"pivot": [0, 31.525, -0.025],
					"cubes": [
						{"origin": [-4.5, 29.525, -1.525], "size": [8, 1.25, 3], "uv": [32, 14]}
					]
				},
				{
					"name": "MHead",
					"parent": "AllHead",
					"pivot": [0, 32.15, 0]
				},
				{
					"name": "Head",
					"parent": "MHead",
					"pivot": [0, 32.15, 0],
					"cubes": [
						{"origin": [-3.5, 32.15, -3.5], "size": [7, 7, 7], "uv": [0, 0]},
						{"origin": [-10.2, 32.05, -3.5], "size": [4, 3, 7], "pivot": [-6.7, -5, 0], "rotation": [0, 0, 10], "uv": [26, 23]},
						{"origin": [6.55, 32.55, -3.5], "size": [4, 3, 7], "pivot": [10.05, -4.5, 0], "rotation": [0, 0, -10], "uv": [26, 23]}
					]
				},
				{
					"name": "Hair",
					"parent": "Head",
					"pivot": [-0.14783, 36.86957, 0.42174],
					"cubes": [
						{"origin": [-2.975, 40.4, -3.8], "size": [6, 1, 7], "uv": [0, 23]},
						{"origin": [-2, 39.1, -4.4], "size": [4, 2, 1], "uv": [64, 63]},
						{"origin": [-4, 39.7, -4], "size": [8, 1, 8], "uv": [0, 14]},
						{"origin": [-2, 41.4, -3.4], "size": [4, 1, 5.9], "uv": [44, 41]},
						{
							"origin": [-19.5, 49.15, -0.15],
							"size": [0.25, 1.25, 0.4],
							"pivot": [-22, 7.6, -2],
							"rotation": [0, 0, 30],
							"uv": {
								"north": {"uv": [9, 70], "uv_size": [1, 1]},
								"east": {"uv": [9, 70], "uv_size": [1, 1]},
								"south": {"uv": [9, 70], "uv_size": [1, 1]},
								"west": {"uv": [9, 70], "uv_size": [1, 1]},
								"up": {"uv": [70, 62], "uv_size": [1, 1]},
								"down": {"uv": [71, 63], "uv_size": [1, -1]}
							}
						},
						{
							"origin": [38.8, 61.75, -0.15],
							"size": [0.25, 1.25, 0.4],
							"pivot": [36.3, 20.2, -2],
							"rotation": [0, 0, -60],
							"uv": {
								"north": {"uv": [9, 70], "uv_size": [1, 1]},
								"east": {"uv": [9, 70], "uv_size": [1, 1]},
								"south": {"uv": [9, 70], "uv_size": [1, 1]},
								"west": {"uv": [9, 70], "uv_size": [1, 1]},
								"up": {"uv": [70, 62], "uv_size": [1, 1]},
								"down": {"uv": [71, 63], "uv_size": [1, -1]}
							}
						},
						{"origin": [-3, 41.4, -1.8], "size": [1, 1, 3], "uv": [10, 67]},
						{"origin": [2, 41.4, -1.8], "size": [1, 1, 3], "uv": [38, 67]},
						{"origin": [-3.975, 40.4, -2.8], "size": [1, 1, 5], "uv": [60, 16]},
						{"origin": [3.025, 40.4, -2.8], "size": [1, 1, 5], "uv": [60, 22]},
						{"origin": [-5.5, 33.5, 0.825], "size": [1, 6, 2], "uv": [26, 63]},
						{"origin": [4.5, 33.5, 0.825], "size": [1, 6, 2], "uv": [32, 63]},
						{"origin": [-5.5, 31.5, -0.175], "size": [1, 8, 1], "uv": [22, 64]},
						{"origin": [-5.5, 34.5, -1.175], "size": [1, 4, 1], "uv": [44, 18]},
						{"origin": [3.5, 32.5, -2.65], "size": [1, 8, 6], "uv": [16, 33], "mirror": true},
						{"origin": [4.5, 31.5, -0.175], "size": [1, 8, 1], "uv": [22, 64], "mirror": true},
						{"origin": [4.5, 34.5, -1.175], "size": [1, 4, 1], "uv": [44, 18], "mirror": true},
						{"origin": [-4.4, 35.1, -3.8], "size": [1, 4, 2], "uv": [54, 69]},
						{"origin": [1.84924, 32.24972, 7.48277], "size": [2, 6, 1], "pivot": [2.36604, 16.20616, 2.88004], "rotation": [49.1895, 86.7138, 42.8839], "uv": [48, 64]},
						{"origin": [-5.65695, 32.71898, 2.99112], "size": [2, 6, 1], "pivot": [-4.65695, 35.71898, 3.44112], "rotation": [1.2933, -55.2049, 3.0808], "uv": [66, 46], "mirror": true},
						{"origin": [3.65695, 32.71898, 2.99112], "size": [2, 6, 1], "pivot": [4.65695, 35.71898, 3.44112], "rotation": [1.2933, 55.2049, -3.0808], "uv": [66, 46]},
						{"origin": [-3.84924, 32.24972, 7.48276], "size": [2, 6, 1], "pivot": [-2.36604, 16.20616, 2.88003], "rotation": [49.1895, -86.7138, -42.8839], "uv": [48, 64], "mirror": true},
						{"origin": [-4.5, 32.5, -2.65], "size": [1, 8, 6], "uv": [16, 33]},
						{"origin": [-2.5, 32.44601, 6.88558], "size": [5, 5, 1], "pivot": [0, 18.24601, 1.88558], "rotation": [7.5, 0, 0], "uv": [0, 61]},
						{"origin": [-4, 32.7, 3], "size": [8, 7, 1], "uv": [44, 33]},
						{"origin": [-3, 33.7, 4], "size": [6, 6, 1], "uv": [28, 56]}
					]
				},
				{
					"name": "front_h1",
					"parent": "Hair",
					"pivot": [0, 39.6, -4.2],
					"cubes": [
						{"origin": [-4.3375, 35.925, -4.15], "size": [1, 4, 3], "uv": [62, 32]},
						{"origin": [-3.5, 36.025, -4.575], "size": [1, 4, 1], "uv": [12, 51]},
						{"origin": [-2.495, 37.125, -4.675], "size": [1, 3, 1], "uv": [18, 67]},
						{"origin": [-1.5, 38.125, -4.825], "size": [3, 2, 1], "uv": [70, 56]},
						{"origin": [1.499, 37.125, -5], "size": [1, 3, 1], "uv": [50, 71]},
						{"origin": [2.525, 36.025, -4.7], "size": [1, 4, 1], "uv": [54, 13]},
						{"origin": [3.3875, 35.925, -4.2], "size": [1, 4, 3], "uv": [62, 39]},
						{"origin": [0.65, 36.6, -5.125], "size": [1, 3.5, 1], "pivot": [2, 38.375, -4.7], "rotation": [0, 0, -17.5], "uv": [64, 71]},
						{"origin": [-3.775, 36, -5.075], "size": [2, 3.5, 1], "pivot": [-2, 38.375, -4.575], "rotation": [0, 0, 25], "uv": [34, 71]},
						{"origin": [-2.1, 36.225, -5.2], "size": [1, 3, 1], "pivot": [0.1, 37.35, -4.7], "rotation": [0, 0, 12.5], "uv": [68, 71]},
						{"origin": [-0.4, 36.475, -5.2], "size": [1, 4, 1], "pivot": [-0.2, 37.6, -4.7], "rotation": [0, 0, 7.5], "uv": [60, 69]},
						{
							"origin": [-0.95, 35.95, -5.2],
							"size": [0.75, 4.3, 1],
							"pivot": [0, 37.35, -4.7],
							"rotation": [0, 0, 7.5],
							"uv": {
								"north": {"uv": [54, 64], "uv_size": [1, 4]},
								"east": {"uv": [55, 64], "uv_size": [1, 4]},
								"south": {"uv": [46, 67], "uv_size": [1, 4]},
								"west": {"uv": [47, 67], "uv_size": [1, 4]},
								"up": {"uv": [44, 74], "uv_size": [1, 1]},
								"down": {"uv": [45, 75], "uv_size": [1, -1]}
							}
						}
					]
				},
				{
					"name": "strawberry",
					"parent": "front_h1",
					"pivot": [-4.14783, 38.86957, -3.57826],
					"rotation": [-7.5, 2.5, 0],
					"cubes": [
						{
							"origin": [-4.8, 39.6, -3.3],
							"size": [0.5, 0.1, 0.3],
							"pivot": [-5.3, 39.6, -4],
							"rotation": [0, 60, 0],
							"uv": {
								"north": {"uv": [72, 62], "uv_size": [1, 1]},
								"east": {"uv": [72, 62], "uv_size": [1, 1]},
								"south": {"uv": [72, 62], "uv_size": [1, 1]},
								"west": {"uv": [72, 62], "uv_size": [1, 1]},
								"up": {"uv": [73, 62], "uv_size": [1, 1]},
								"down": {"uv": [32, 75], "uv_size": [1, -1]}
							}
						},
						{
							"origin": [-4.64783, 38.86957, -4.07826],
							"size": [1.75, 2.25, 1],
							"pivot": [-4.14783, 38.86957, -3.57826],
							"rotation": [0, 60, 0],
							"uv": {
								"north": {"uv": [58, 16], "uv_size": [2, 2]},
								"east": {"uv": [58, 16], "uv_size": [2, 2]},
								"south": {"uv": [58, 16], "uv_size": [2, 2]},
								"west": {"uv": [58, 16], "uv_size": [2, 2]},
								"up": {"uv": [42, 46], "uv_size": [2, 1]},
								"down": {"uv": [28, 56], "uv_size": [2, -1]}
							}
						},
						{
							"origin": [-5.5, 40.6, -4.2],
							"size": [2, 1, 1.25],
							"pivot": [-4.5, 39.6, -4.2],
							"rotation": [0, 60, 0],
							"uv": {
								"north": {"uv": [60, 32], "uv_size": [2, 1]},
								"east": {"uv": [33, 74], "uv_size": [1, 1]},
								"south": {"uv": [60, 32], "uv_size": [2, 1]},
								"west": {"uv": [33, 74], "uv_size": [1, 1]},
								"up": {"uv": [54, 68], "uv_size": [2, 1]},
								"down": {"uv": [6, 71], "uv_size": [2, -1]}
							}
						},
						{
							"origin": [-4.75, 41.6, -3.2],
							"size": [0.25, 1, 0.25],
							"pivot": [-5.25, 40.6, -4.2],
							"rotation": [0, 60, 0],
							"uv": {
								"north": {"uv": [60, 32], "uv_size": [2, 1]},
								"east": {"uv": [33, 74], "uv_size": [1, 1]},
								"south": {"uv": [60, 32], "uv_size": [2, 1]},
								"west": {"uv": [33, 74], "uv_size": [1, 1]},
								"up": {"uv": [54, 68], "uv_size": [2, 1]},
								"down": {"uv": [6, 71], "uv_size": [2, -1]}
							}
						},
						{
							"origin": [-5.1, 39.1, -2.8],
							"size": [0.5, 0.1, 0.3],
							"pivot": [-5.6, 39.1, -3.5],
							"rotation": [0, 60, 0],
							"uv": {
								"north": {"uv": [72, 62], "uv_size": [1, 1]},
								"east": {"uv": [72, 62], "uv_size": [1, 1]},
								"south": {"uv": [72, 62], "uv_size": [1, 1]},
								"west": {"uv": [72, 62], "uv_size": [1, 1]},
								"up": {"uv": [73, 62], "uv_size": [1, 1]},
								"down": {"uv": [32, 75], "uv_size": [1, -1]}
							}
						},
						{
							"origin": [-5.1, 40.1, -2.8],
							"size": [0.5, 0.1, 0.3],
							"pivot": [-5.6, 40.1, -3.5],
							"rotation": [0, 60, 0],
							"uv": {
								"north": {"uv": [72, 62], "uv_size": [1, 1]},
								"east": {"uv": [72, 62], "uv_size": [1, 1]},
								"south": {"uv": [72, 62], "uv_size": [1, 1]},
								"west": {"uv": [72, 62], "uv_size": [1, 1]},
								"up": {"uv": [73, 62], "uv_size": [1, 1]},
								"down": {"uv": [32, 75], "uv_size": [1, -1]}
							}
						},
						{
							"origin": [-4.7, 40, -3.55],
							"size": [0.5, 0.1, 0.3],
							"pivot": [-5.2, 40, -4.25],
							"rotation": [0, 60, 0],
							"uv": {
								"north": {"uv": [72, 62], "uv_size": [1, 1]},
								"east": {"uv": [72, 62], "uv_size": [1, 1]},
								"south": {"uv": [72, 62], "uv_size": [1, 1]},
								"west": {"uv": [72, 62], "uv_size": [1, 1]},
								"up": {"uv": [73, 62], "uv_size": [1, 1]},
								"down": {"uv": [32, 75], "uv_size": [1, -1]}
							}
						}
					]
				},
				{
					"name": "corner_h1",
					"parent": "Hair",
					"pivot": [-4.37735, 35.72243, -2.86577],
					"cubes": [
						{"origin": [-4.47485, 35.54593, -3.69748], "size": [1.025, 2, 1], "pivot": [-4.37735, 35.72243, -2.86577], "rotation": [-0.4948, 0.2395, 7.4885], "uv": [72, 28], "mirror": true},
						{"origin": [3.41137, 31.19775, -3.95436], "size": [1.025, 2, 1], "pivot": [3.78868, 31.01337, -3.36686], "rotation": [-6.0826, -1.7565, 4.4725], "uv": [72, 28]},
						{"origin": [4.41183, 32.01888, -2.9848], "size": [1.025, 3, 1], "pivot": [4.71154, 31.68917, -2.89858], "rotation": [-3.5529, -1.8007, -0.0898], "uv": [72, 16]},
						{"origin": [4.20269, 30.16569, -2.98457], "size": [1.025, 2, 1], "pivot": [4.58767, 31.7054, -2.90297], "rotation": [-3.8112, -1.1568, 9.8928], "uv": [72, 28]},
						{"origin": [4.42592, 34.76357, -2.92341], "size": [1.025, 2, 1], "pivot": [4.92833, 35.09488, -2.83741], "rotation": [-0.4995, 0.0219, -4.9792], "uv": [72, 28]},
						{"origin": [4.52853, 36.55397, -2.92152], "size": [1.025, 3, 1], "pivot": [4.52187, 35.79327, -2.86585], "rotation": [-0.4958, -0.0652, -14.9788], "uv": [72, 20]},
						{"origin": [3.48618, 32.61399, -3.67248], "size": [1.025, 3, 1], "pivot": [4.37735, 35.72243, -2.86577], "rotation": [-0.5218, -0.1729, 0.0112], "uv": [72, 20]},
						{"origin": [3.44985, 35.54593, -3.69748], "size": [1.025, 2, 1], "pivot": [4.37735, 35.72243, -2.86577], "rotation": [-0.4948, -0.2395, -7.4885], "uv": [72, 28]},
						{"origin": [-5.22769, 30.16569, -2.98457], "size": [1.025, 2, 1], "pivot": [-4.58767, 31.70539, -2.90296], "rotation": [-3.8111, 1.1568, -9.8928], "uv": [72, 28], "mirror": true},
						{"origin": [-5.43683, 32.01888, -2.9848], "size": [1.025, 3, 1], "pivot": [-4.71154, 31.68917, -2.89858], "rotation": [-3.5529, 1.8006, 0.0899], "uv": [72, 16], "mirror": true},
						{"origin": [-4.43683, 32.61888, -1.5848], "size": [1.025, 3, 1], "pivot": [-3.71154, 32.28917, -1.49858], "rotation": [-3.5529, 1.8006, 0.0899], "uv": [72, 16], "mirror": true},
						{"origin": [-4.43637, 31.19775, -3.95435], "size": [1.025, 2, 1], "pivot": [-3.78868, 31.01337, -3.36685], "rotation": [-6.0826, 1.7564, -4.4725], "uv": [72, 28], "mirror": true},
						{"origin": [-5.55353, 36.55397, -2.92152], "size": [1.025, 3, 1], "pivot": [-4.52187, 35.79327, -2.86585], "rotation": [-0.4958, 0.0652, 14.9788], "uv": [72, 20], "mirror": true},
						{"origin": [-5.45092, 34.76357, -2.92341], "size": [1.025, 2, 1], "pivot": [-4.92833, 35.09488, -2.83741], "rotation": [-0.4996, -0.0219, 4.9792], "uv": [72, 28], "mirror": true},
						{"origin": [-4.51118, 32.61399, -3.67248], "size": [1.025, 3, 1], "pivot": [-4.37735, 35.72243, -2.86577], "rotation": [-0.5218, 0.1729, -0.0112], "uv": [72, 20], "mirror": true}
					]
				},
				{
					"name": "FLongHair",
					"parent": "Hair",
					"pivot": [0.325, 34.66866, 5.28289]
				},
				{
					"name": "MLongHair",
					"parent": "FLongHair",
					"pivot": [0.325, 34.6687, 5.28289]
				},
				{
					"name": "LongHair",
					"parent": "MLongHair",
					"pivot": [0.325, 34.6687, 5.28289]
				},
				{
					"name": "hl_side",
					"parent": "LongHair",
					"pivot": [0, 31.81651, 5.24811],
					"cubes": [
						{"origin": [4.75602, 28.95383, 2.16344], "size": [2, 5, 1], "pivot": [5.48102, 31.45383, 2.66344], "rotation": [-5.52696, 75.26092, -18.5121], "uv": [0, 70]},
						{"origin": [-6.75602, 28.95383, 2.16344], "size": [2, 5, 1], "pivot": [-5.48102, 31.45383, 2.66344], "rotation": [-5.52696, -75.26092, 18.5121], "uv": [0, 70], "mirror": true},
						{"origin": [11.50505, 25.01627, 17.10662], "size": [3, 5, 1], "pivot": [-3.24919, 14.47844, 14.44856], "rotation": [-0.1122, 51.2465, -15.5809], "uv": [56, 63]},
						{"origin": [13.3521, 19.90306, 12.9267], "size": [1, 4, 1], "pivot": [-2.78264, 11.51642, 10.43881], "rotation": [-19.4775, 49.3157, -30.9666], "uv": [40, 71]},
						{"origin": [15.71874, 25.99662, 17.00257], "size": [3, 5, 1], "pivot": [1.60103, 10.11808, 20.16395], "rotation": [11.9446, 52.8785, -3.6717], "uv": [56, 63]},
						{"origin": [-14.50505, 25.01627, 17.10662], "size": [3, 5, 1], "pivot": [3.24919, 14.47844, 14.44856], "rotation": [-0.1122, -51.2465, 15.5809], "uv": [56, 63], "mirror": true},
						{"origin": [-14.3521, 19.90306, 12.9267], "size": [1, 4, 1], "pivot": [2.78264, 11.51642, 10.43881], "rotation": [-19.4775, -49.3157, 30.9666], "uv": [40, 71], "mirror": true},
						{"origin": [-18.71874, 25.99662, 17.00257], "size": [3, 5, 1], "pivot": [-1.60103, 10.11808, 20.16395], "rotation": [11.9446, -52.8785, 3.6717], "uv": [56, 63], "mirror": true}
					]
				},
				{
					"name": "hl_m",
					"parent": "LongHair",
					"pivot": [0, 37.22846, 4.81781],
					"cubes": [
						{"origin": [-0.6, 23.18127, 2.52525], "size": [2, 4, 1], "pivot": [3.75, 7.98127, -1.84975], "rotation": [-7.5, 0, -10], "uv": [6, 71]},
						{"origin": [-0.9, 23.18127, 2.52525], "size": [2, 4, 1], "pivot": [-3.25, 7.98127, -1.84975], "rotation": [-7.5, 0, 10], "uv": [6, 71], "mirror": true},
						{"origin": [-1.5, 22.10295, 3.49511], "size": [3, 1, 1], "pivot": [-2, 8.90295, -1.25489], "rotation": [-7.5, 0, 0], "uv": [16, 31]},
						{"origin": [-2, 22.60295, 3.49511], "size": [4, 2, 1], "pivot": [-2.5, 8.40295, -1.25489], "rotation": [-7.5, 0, 0], "uv": [66, 53]},
						{"origin": [-2.5, 24.35295, 3.49511], "size": [5, 3, 1], "pivot": [-2, 8.15295, -1.25489], "rotation": [-7.5, 0, 0], "uv": [60, 28]},
						{"origin": [-4.85, 24.68395, 3.2935], "size": [3, 3, 1], "pivot": [0.5, 10.48395, -1.0815], "rotation": [-5, 0, 0], "uv": [70, 0]},
						{"origin": [-4.5, 27.10864, 4.67032], "size": [3, 4, 1], "uv": [64, 66]},
						{"origin": [-3.5, 26.10864, 5.64532], "size": [7, 5, 1], "uv": [0, 45]},
						{"origin": [-4, 30.42846, 6.19281], "size": [3, 4, 1], "pivot": [0.5, 17.22846, 1.81781], "rotation": [7.5, 0, 0], "uv": [64, 66]},
						{"origin": [-3, 29.50677, 7.16268], "size": [6, 5, 1], "pivot": [0.5, 17.30677, 2.41268], "rotation": [7.5, 0, 0], "uv": [56, 57]},
						{"origin": [2.5, 23.68395, 3.2935], "size": [2, 1, 1], "pivot": [0, 10.48395, -1.0815], "rotation": [-5, 0, 0], "uv": [72, 24]},
						{"origin": [-3.75, 23.68395, 3.2935], "size": [2, 1, 1], "pivot": [-6.25, 10.48395, -1.0815], "rotation": [-5, 0, 0], "uv": [72, 24]},
						{"origin": [1.85, 24.68395, 3.2935], "size": [3, 3, 1], "pivot": [-0.5, 10.48395, -1.0815], "rotation": [-5, 0, 0], "uv": [70, 0], "mirror": true},
						{"origin": [1.5, 27.10864, 4.67032], "size": [3, 4, 1], "uv": [64, 66], "mirror": true},
						{"origin": [1, 30.42846, 6.19281], "size": [3, 4, 1], "pivot": [-0.5, 17.22846, 1.81781], "rotation": [7.5, 0, 0], "uv": [64, 66], "mirror": true}
					]
				},
				{
					"name": "Face",
					"parent": "Head",
					"pivot": [-1.05, 15.15, -4.5]
				},
				{
					"name": "Eyes",
					"parent": "Face",
					"pivot": [-1.05, 15.15, -4.5]
				},
				{
					"name": "Eyebrow",
					"parent": "Eyes",
					"pivot": [0, 35.1, -3]
				},
				{
					"name": "RightEyebrow",
					"parent": "Eyebrow",
					"pivot": [-2.475, 34.95, -3.2],
					"cubes": [
						{"origin": [-3.075, 34.95, -3.7], "size": [2.3, 1, 1], "uv": [72, 26]},
						{"origin": [-4.05, 34.675, -3.95], "size": [1.1, 1, 1], "uv": [72, 49]}
					]
				},
				{
					"name": "LeftEyebrow",
					"parent": "Eyebrow",
					"pivot": [2.875, 34.95, -3.2],
					"cubes": [
						{"origin": [0.875, 34.95, -3.7], "size": [2.3, 1, 1], "uv": [72, 26]},
						{"origin": [2.95, 34.675, -3.875], "size": [1.1, 1, 1], "uv": [72, 49]}
					]
				},
				{
					"name": "Eyelid",
					"parent": "Eyes",
					"pivot": [0, 34.15, -3.075]
				},
				{
					"name": "RightEyelid",
					"parent": "Eyelid",
					"pivot": [-2.325, 33.65, -3.075],
					"cubes": [
						{"origin": [-3.2, 33.15, -3.525], "size": [2, 2, 1], "uv": [44, 71]}
					]
				},
				{
					"name": "RightEyesBase",
					"parent": "RightEyelid",
					"pivot": [-2.2875, 34.15, -3.0875],
					"cubes": [
						{"origin": [-2.725, 33.15, -3.575], "size": [1.4, 2, 1], "uv": [72, 46]},
						{"origin": [-1.95, 34.5, -3.6], "size": [0.4, 0.3, 1], "uv": [24, 31]}
					]
				},
				{
					"name": "RightPupil",
					"parent": "RightEyesBase",
					"pivot": [-2.325, 34.15, -3.125],
					"cubes": [
						{
							"origin": [-2.325, 33.75, -3.725],
							"size": [0.8, 1.4, 1.2],
							"uv": {
								"north": {"uv": [46, 74], "uv_size": [1, 1]},
								"east": {"uv": [47, 74], "uv_size": [1, 1]},
								"south": {"uv": [48, 74], "uv_size": [1, 1]},
								"west": {"uv": [49, 74], "uv_size": [1, 1]},
								"up": {"uv": [62, 74], "uv_size": [1, 1]},
								"down": {"uv": [63, 75], "uv_size": [1, -1]}
							}
						},
						{
							"origin": [1.575, 33.75, -3.725],
							"size": [0.8, 1.4, 1.2],
							"uv": {
								"north": {"uv": [46, 74], "uv_size": [1, 1]},
								"east": {"uv": [47, 74], "uv_size": [1, 1]},
								"south": {"uv": [48, 74], "uv_size": [1, 1]},
								"west": {"uv": [49, 74], "uv_size": [1, 1]},
								"up": {"uv": [62, 74], "uv_size": [1, 1]},
								"down": {"uv": [63, 75], "uv_size": [1, -1]}
							}
						},
						{
							"origin": [-2.525, 33.9, -3.675],
							"size": [0.8, 0.85, 1.2],
							"uv": {
								"north": {"uv": [36, 75], "uv_size": [1, 1]},
								"east": {"uv": [37, 75], "uv_size": [1, 1]},
								"south": {"uv": [38, 75], "uv_size": [1, 1]},
								"west": {"uv": [39, 75], "uv_size": [1, 1]},
								"up": {"uv": [62, 75], "uv_size": [1, 1]},
								"down": {"uv": [63, 76], "uv_size": [1, -1]}
							}
						},
						{
							"origin": [-2.525, 34.65, -3.675],
							"size": [1.55, 0.6, 1.2],
							"uv": {
								"north": {"uv": [36, 75], "uv_size": [1, 1]},
								"east": {"uv": [37, 75], "uv_size": [1, 1]},
								"south": {"uv": [38, 75], "uv_size": [1, 1]},
								"west": {"uv": [39, 75], "uv_size": [1, 1]},
								"up": {"uv": [62, 75], "uv_size": [1, 1]},
								"down": {"uv": [63, 76], "uv_size": [1, -1]}
							}
						},
						{
							"origin": [0.975, 34.65, -3.675],
							"size": [1.55, 0.6, 1.2],
							"uv": {
								"north": {"uv": [36, 75], "uv_size": [1, 1]},
								"east": {"uv": [37, 75], "uv_size": [1, 1]},
								"south": {"uv": [38, 75], "uv_size": [1, 1]},
								"west": {"uv": [39, 75], "uv_size": [1, 1]},
								"up": {"uv": [62, 75], "uv_size": [1, 1]},
								"down": {"uv": [63, 76], "uv_size": [1, -1]}
							}
						},
						{
							"origin": [1.725, 33.9, -3.725],
							"size": [0.8, 0.85, 1.2],
							"uv": {
								"north": {"uv": [64, 75], "uv_size": [1, 1]},
								"east": {"uv": [65, 75], "uv_size": [1, 1]},
								"south": {"uv": [66, 75], "uv_size": [1, 1]},
								"west": {"uv": [67, 75], "uv_size": [1, 1]},
								"up": {"uv": [68, 75], "uv_size": [1, 1]},
								"down": {"uv": [69, 76], "uv_size": [1, -1]}
							}
						}
					]
				},
				{
					"name": "LeftEyelid",
					"parent": "Eyelid",
					"pivot": [2.325, 33.65, -3.075],
					"cubes": [
						{"origin": [1.2, 33.15, -3.525], "size": [2, 2, 1], "uv": [44, 71]}
					]
				},
				{
					"name": "LeftEyesBase",
					"parent": "LeftEyelid",
					"pivot": [2.35, 34.15, -3.0875],
					"cubes": [
						{"origin": [2.675, 34.5, -3.6], "size": [0.4, 0.3, 1], "uv": [24, 31]},
						{"origin": [1.325, 33.15, -3.575], "size": [1.4, 2, 1], "uv": [72, 46]}
					]
				},
				{
					"name": "LeftPupil",
					"parent": "LeftEyesBase",
					"pivot": [2.325, 34.15, -3.125]
				},
				{
					"name": "LeftShoulderLocator",
					"parent": "Head",
					"pivot": [3, 41.9, 0]
				},
				{
					"name": "RightShoulderLocator",
					"parent": "Head",
					"pivot": [-3, 41.9, 0]
				},
				{
					"name": "Breast",
					"parent": "UpperBody",
					"pivot": [-0.0125, 27.84747, -2.15834],
					"rotation": [-32.5, 0, 0],
					"cubes": [
						{"origin": [1.975, 27.92247, -3.25834], "size": [0.325, 0.6, 1], "pivot": [2.0625, 28.42247, -2.75834], "rotation": [0, 0, -30], "uv": [24, 32]},
						{"origin": [2.525, 27.92247, -3.28334], "size": [0.325, 0.6, 1], "pivot": [2.7875, 28.42247, -2.78334], "rotation": [0, 0, 30], "uv": [24, 32]},
						{"origin": [2.25, 27.22247, -3.22834], "size": [0.325, 0.9, 1], "uv": [24, 32]}
					]
				},
				{
					"name": "Arm",
					"parent": "UpperBody",
					"pivot": [-0.2, 30.375, 0]
				},
				{
					"name": "LeftArm",
					"parent": "Arm",
					"pivot": [3.4, 29.125, 0],
					"rotation": [0, 0, -18],
					"cubes": [
						{"origin": [2.45, 23, -1.7], "size": [3, 7.3, 3.15], "uv": [31, 47]},
						{"origin": [2.6, 23.175, -1.5], "size": [2.8, 7, 2.75], "uv": [17, 48]},
						{"origin": [2.9, 22.275, -1.1], "size": [2.3, 2, 1.95], "uv": [71, 5]},
						{"origin": [2.8, 22.225, -1.125], "size": [2.45, 2.05, 2.05], "uv": [71, 9]}
					]
				},
				{
					"name": "LeftForeArm",
					"parent": "LeftArm",
					"pivot": [4.125, 23.175, 0.025],
					"cubes": [
						{"origin": [2.625, 16.175, -1.475], "size": [2.75, 7, 2.75], "uv": [43, 48]},
						{"origin": [2.525, 18.475, -1.575], "size": [2.95, 5, 2.95], "uv": [59, 1]}
					]
				},
				{
					"name": "LeftHand",
					"parent": "LeftForeArm",
					"pivot": [4.125, 17.675, 0.025]
				},
				{
					"name": "LeftHandLocator",
					"parent": "LeftHand",
					"pivot": [4.125, 17.675, 0.025]
				},
				{
					"name": "RightArm",
					"parent": "Arm",
					"pivot": [-3.4, 29.125, 0],
					"rotation": [0, 0, 18],
					"cubes": [
						{"origin": [-5.55, 23.175, -1.5], "size": [2.95, 7, 2.75], "uv": [50, 19]},
						{"origin": [-5.6, 23, -1.7], "size": [3.15, 7.3, 3.15], "uv": [2, 52]},
						{"origin": [-5.35, 22.275, -1.1], "size": [2.45, 2, 1.95], "uv": [72, 13]},
						{"origin": [-5.4, 22.225, -1.125], "size": [2.6, 2.05, 2.05], "uv": [72, 33]}
					]
				},
				{
					"name": "RightForeArm",
					"parent": "RightArm",
					"pivot": [-4.125, 23.175, 0.025],
					"cubes": [
						{"origin": [-5.625, 18.475, -1.575], "size": [3.1, 5, 2.95], "uv": [60, 9]},
						{"origin": [-5.525, 16.175, -1.475], "size": [2.9, 7, 2.75], "uv": [56, 48]}
					]
				},
				{
					"name": "RightHand",
					"parent": "RightForeArm",
					"pivot": [-4.125, 17.675, 0.025]
				},
				{
					"name": "RightHandLocator",
					"parent": "RightHand",
					"pivot": [-4.125, 17.675, 0.025]
				},
				{
					"name": "Collar",
					"parent": "UpperBody",
					"pivot": [0, 30.025, -0.025],
					"rotation": [-15, 0, 0],
					"cubes": [
						{"origin": [0.2, 28.475, -2.4], "size": [3.4, 1.75, 2.2], "pivot": [1.5, 29.475, -1.025], "rotation": [12.2084, -10.35575, -12.2084], "uv": [0, 67]},
						{"origin": [-0.96159, 28.09805, -2.8216], "size": [2.4, 1, 2.2], "pivot": [0.73841, 28.59805, -1.7216], "rotation": [15.87952, -1.60065, -46.32119], "uv": [70, 59]},
						{"origin": [-1.43841, 28.09805, -2.8216], "size": [2.4, 1, 2.2], "pivot": [-0.73841, 28.59805, -1.7216], "rotation": [16.03398, -8.01589, 43.57099], "uv": [70, 59], "mirror": true},
						{"origin": [-3.6, 28.475, -2.15], "size": [3.4, 1.75, 2.2], "pivot": [-1.5, 29.475, -0.775], "rotation": [12.2084, 10.35575, 12.2084], "uv": [0, 67], "mirror": true},
						{
							"origin": [-1.25, 19.525, 6.975],
							"size": [5.75, 1.25, 0.25],
							"pivot": [5, 18.775, 6.225],
							"rotation": [90, -75, -90],
							"uv": {
								"north": {"uv": [44, 13], "uv_size": [9, 1]},
								"east": {"uv": [44, 13], "uv_size": [9, 1]},
								"south": {"uv": [44, 13], "uv_size": [9, 1]},
								"west": {"uv": [44, 13], "uv_size": [9, 1]},
								"up": {"uv": [72, 31], "uv_size": [9, 1]},
								"down": {"uv": [72, 52], "uv_size": [9, -1]}
							}
						},
						{
							"origin": [-9.65, 19.525, 6.975],
							"size": [5.75, 1.25, 0.25],
							"pivot": [-3.4, 18.775, 6.225],
							"rotation": [90, -75, -90],
							"uv": {
								"north": {"uv": [44, 13], "uv_size": [9, 1]},
								"east": {"uv": [44, 13], "uv_size": [9, 1]},
								"south": {"uv": [44, 13], "uv_size": [9, 1]},
								"west": {"uv": [44, 13], "uv_size": [9, 1]},
								"up": {"uv": [72, 31], "uv_size": [9, 1]},
								"down": {"uv": [72, 52], "uv_size": [9, -1]}
							}
						},
						{
							"origin": [-4.5, 17.775, -0.275],
							"size": [8.75, 1.25, 0.25],
							"uv": {
								"north": {"uv": [44, 13], "uv_size": [9, 1]},
								"east": {"uv": [44, 13], "uv_size": [9, 1]},
								"south": {"uv": [44, 13], "uv_size": [9, 1]},
								"west": {"uv": [44, 13], "uv_size": [9, 1]},
								"up": {"uv": [72, 31], "uv_size": [9, 1]},
								"down": {"uv": [72, 52], "uv_size": [9, -1]}
							}
						},
						{
							"origin": [-4.5, 19.275, 5.475],
							"size": [8.75, 1.25, 0.25],
							"pivot": [2, 18.525, 4.725],
							"rotation": [12.5, 0, 0],
							"uv": {
								"north": {"uv": [44, 13], "uv_size": [9, 1]},
								"east": {"uv": [44, 13], "uv_size": [9, 1]},
								"south": {"uv": [44, 13], "uv_size": [9, 1]},
								"west": {"uv": [44, 13], "uv_size": [9, 1]},
								"up": {"uv": [72, 31], "uv_size": [9, 1]},
								"down": {"uv": [72, 52], "uv_size": [9, -1]}
							}
						},
						{"origin": [-1.25, 29.775, -1.275], "size": [2.75, 2.5, 2.5], "uv": [70, 36]}
					]
				},
				{
					"name": "ElytraLocator",
					"parent": "UpperBody",
					"pivot": [0, 30.75, 2]
				},
				{
					"name": "RifleLocator",
					"parent": "UpperBody",
					"pivot": [0, 24.25, 2.3],
					"rotation": [0, 0, 45]
				},
				{
					"name": "PistolLocator",
					"parent": "UpBody",
					"pivot": [-4, 23.85, -1.6],
					"rotation": [-30, 0, 0]
				},
				{
					"name": "LeftWaistLocator",
					"parent": "UpBody",
					"pivot": [4, 22.1, 0],
					"rotation": [-20, 0, 0]
				},
				{
					"name": "RightWaistLocator",
					"parent": "UpBody",
					"pivot": [-4, 22.1, 0],
					"rotation": [-5, 0, 0]
				},
				{
					"name": "DownBody",
					"parent": "AllBody",
					"pivot": [0, 19.75, 0]
				},
				{
					"name": "Leg",
					"parent": "DownBody",
					"pivot": [0, 20.25, 0]
				},
				{
					"name": "LeftLeg",
					"parent": "Leg",
					"pivot": [2.4, 20.25, 0],
					"cubes": [
						{"origin": [0.175, 9.75, -2.7], "size": [3.85, 10, 4.9], "uv": [28, 0]}
					]
				},
				{
					"name": "LeftLowerLeg",
					"parent": "LeftLeg",
					"pivot": [2.2, 10.8, 0],
					"cubes": [
						{
							"origin": [1.15, 3.85, 0],
							"size": [3.45, 6, 0.5],
							"pivot": [3.15, 8.25, -0.5],
							"rotation": [0, 90, 0],
							"uv": {
								"north": {"uv": [12, 74], "uv_size": [4, 6]},
								"east": {"uv": [26, 57], "uv_size": [1, 6]},
								"south": {"uv": [12, 74], "uv_size": [4, 6]},
								"west": {"uv": [26, 57], "uv_size": [1, 6]},
								"up": {"uv": [12, 56], "uv_size": [4, 1]},
								"down": {"uv": [62, 47], "uv_size": [4, -1]}
							}
						},
						{
							"origin": [4.8, 4.3, -2.85],
							"size": [0, 6, 0.5],
							"pivot": [4.05, 4.3, -3.35],
							"rotation": [0, -45, 0],
							"uv": {
								"north": {"uv": [27, 57], "uv_size": [1, 6]},
								"east": {"uv": [27, 57], "uv_size": [1, 6]},
								"south": {"uv": [27, 57], "uv_size": [1, 6]},
								"west": {"uv": [27, 57], "uv_size": [1, 6]},
								"up": {"uv": [2, 76], "uv_size": [1, 1]},
								"down": {"uv": [3, 77], "uv_size": [1, -1]}
							}
						},
						{
							"origin": [-2.1, 3.85, 0.3],
							"size": [3.45, 6, 0.5],
							"pivot": [-0.1, 8.25, -0.2],
							"rotation": [0, 90, 0],
							"uv": {
								"north": {"uv": [12, 74], "uv_size": [4, 6]},
								"east": {"uv": [26, 57], "uv_size": [1, 6]},
								"south": {"uv": [12, 74], "uv_size": [4, 6]},
								"west": {"uv": [26, 57], "uv_size": [1, 6]},
								"up": {"uv": [12, 56], "uv_size": [4, 1]},
								"down": {"uv": [62, 47], "uv_size": [4, -1]}
							}
						},
						{
							"origin": [4.55, 4.3, 1.15],
							"size": [0, 6, 0.5],
							"pivot": [3.8, 4.3, 0.65],
							"rotation": [0, -45, 0],
							"uv": {
								"north": {"uv": [27, 57], "uv_size": [1, 6]},
								"east": {"uv": [27, 57], "uv_size": [1, 6]},
								"south": {"uv": [27, 57], "uv_size": [1, 6]},
								"west": {"uv": [27, 57], "uv_size": [1, 6]},
								"up": {"uv": [2, 76], "uv_size": [1, 1]},
								"down": {"uv": [3, 77], "uv_size": [1, -1]}
							}
						},
						{
							"origin": [0.4, 4.15, 1.7],
							"size": [3.45, 6, 0.5],
							"uv": {
								"north": {"uv": [12, 74], "uv_size": [4, 6]},
								"east": {"uv": [26, 57], "uv_size": [1, 6]},
								"south": {"uv": [12, 74], "uv_size": [4, 6]},
								"west": {"uv": [26, 57], "uv_size": [1, 6]},
								"up": {"uv": [12, 56], "uv_size": [4, 1]},
								"down": {"uv": [62, 47], "uv_size": [4, -1]}
							}
						},
						{
							"origin": [0.4, 3.85, -2.5],
							"size": [3.45, 6, 0.5],
							"uv": {
								"north": {"uv": [12, 74], "uv_size": [4, 6]},
								"east": {"uv": [26, 57], "uv_size": [1, 6]},
								"south": {"uv": [12, 74], "uv_size": [4, 6]},
								"west": {"uv": [26, 57], "uv_size": [1, 6]},
								"up": {"uv": [12, 56], "uv_size": [4, 1]},
								"down": {"uv": [62, 47], "uv_size": [4, -1]}
							}
						},
						{
							"origin": [0.95, 4.3, -2.75],
							"size": [0, 6, 0.5],
							"pivot": [0.2, 4.3, -3.25],
							"rotation": [0, -45, 0],
							"uv": {
								"north": {"uv": [27, 57], "uv_size": [1, 6]},
								"east": {"uv": [27, 57], "uv_size": [1, 6]},
								"south": {"uv": [27, 57], "uv_size": [1, 6]},
								"west": {"uv": [27, 57], "uv_size": [1, 6]},
								"up": {"uv": [2, 76], "uv_size": [1, 1]},
								"down": {"uv": [3, 77], "uv_size": [1, -1]}
							}
						},
						{"origin": [0.5, 0.8, -1.9], "size": [3.15, 9.3, 4], "uv": [30, 33]}
					]
				},
				{
					"name": "LeftFoot",
					"parent": "LeftLowerLeg",
					"pivot": [2.1875, 1.6, 0.1375],
					"cubes": [
						{"origin": [0.25, -0.15, -2.1], "size": [3.625, 3.25, 4.375], "uv": [12, 57]},
						{"origin": [0.35, -0.05, -4.4], "size": [3.425, 2.15, 3], "uv": [32, 18]},
						{"origin": [0.95, 1.675, -3.2], "size": [2.425, 1, 2], "pivot": [2.6875, 1.6, -2.9], "rotation": [22.5, 0, 0], "uv": [12, 71]}
					]
				},
				{
					"name": "RightLeg",
					"parent": "Leg",
					"pivot": [-2.4, 20.25, 0],
					"cubes": [
						{"origin": [-4.125, 9.75, -2.6], "size": [3.85, 10, 4.8], "uv": [3, 31]}
					]
				},
				{
					"name": "RightLowerLeg",
					"parent": "RightLeg",
					"pivot": [-2.2, 10.8, 0],
					"cubes": [
						{"origin": [-3.65, 0.8, -1.9], "size": [3.15, 9.3, 4], "uv": [45, 0]},
						{
							"origin": [-3.85, 3.85, -2.5],
							"size": [3.45, 6, 0.5],
							"uv": {
								"north": {"uv": [12, 74], "uv_size": [4, 6]},
								"east": {"uv": [26, 57], "uv_size": [1, 6]},
								"south": {"uv": [12, 74], "uv_size": [4, 6]},
								"west": {"uv": [26, 57], "uv_size": [1, 6]},
								"up": {"uv": [12, 56], "uv_size": [4, 1]},
								"down": {"uv": [62, 47], "uv_size": [4, -1]}
							}
						},
						{
							"origin": [-3.85, 4.15, 1.8],
							"size": [3.45, 6, 0.5],
							"uv": {
								"north": {"uv": [12, 74], "uv_size": [4, 6]},
								"east": {"uv": [26, 57], "uv_size": [1, 6]},
								"south": {"uv": [12, 74], "uv_size": [4, 6]},
								"west": {"uv": [26, 57], "uv_size": [1, 6]},
								"up": {"uv": [12, 56], "uv_size": [4, 1]},
								"down": {"uv": [62, 47], "uv_size": [4, -1]}
							}
						},
						{
							"origin": [-6.65, 3.85, 0.3],
							"size": [3.45, 6, 0.5],
							"pivot": [-4.9, 8.25, -0.2],
							"rotation": [0, 90, 0],
							"uv": {
								"north": {"uv": [12, 74], "uv_size": [4, 6]},
								"east": {"uv": [26, 57], "uv_size": [1, 6]},
								"south": {"uv": [12, 74], "uv_size": [4, 6]},
								"west": {"uv": [26, 57], "uv_size": [1, 6]},
								"up": {"uv": [12, 56], "uv_size": [4, 1]},
								"down": {"uv": [62, 47], "uv_size": [4, -1]}
							}
						},
						{
							"origin": [-3.05, 3.85, 0.3],
							"size": [3.45, 6, 0.5],
							"pivot": [-1.3, 8.25, -0.2],
							"rotation": [0, 90, 0],
							"uv": {
								"north": {"uv": [12, 74], "uv_size": [4, 6]},
								"east": {"uv": [26, 57], "uv_size": [1, 6]},
								"south": {"uv": [12, 74], "uv_size": [4, 6]},
								"west": {"uv": [26, 57], "uv_size": [1, 6]},
								"up": {"uv": [12, 56], "uv_size": [4, 1]},
								"down": {"uv": [62, 47], "uv_size": [4, -1]}
							}
						},
						{
							"origin": [-0.6, 4.3, -1.4],
							"size": [0, 6, 0.5],
							"pivot": [-1.6, 4.3, -1.9],
							"rotation": [0, 45, 0],
							"uv": {
								"north": {"uv": [27, 57], "uv_size": [1, 6]},
								"east": {"uv": [27, 57], "uv_size": [1, 6]},
								"south": {"uv": [27, 57], "uv_size": [1, 6]},
								"west": {"uv": [27, 57], "uv_size": [1, 6]},
								"up": {"uv": [2, 76], "uv_size": [1, 1]},
								"down": {"uv": [3, 77], "uv_size": [1, -1]}
							}
						},
						{
							"origin": [-3.2, 4.3, 1.2],
							"size": [0, 6, 0.5],
							"pivot": [-4.2, 4.3, 0.7],
							"rotation": [0, -45, 0],
							"uv": {
								"north": {"uv": [27, 57], "uv_size": [1, 6]},
								"east": {"uv": [27, 57], "uv_size": [1, 6]},
								"south": {"uv": [27, 57], "uv_size": [1, 6]},
								"west": {"uv": [27, 57], "uv_size": [1, 6]},
								"up": {"uv": [2, 76], "uv_size": [1, 1]},
								"down": {"uv": [3, 77], "uv_size": [1, -1]}
							}
						},
						{
							"origin": [-3.2, 4.3, -2.75],
							"size": [0, 6, 0.5],
							"pivot": [-4.2, 4.3, -3.25],
							"rotation": [0, -45, 0],
							"uv": {
								"north": {"uv": [27, 57], "uv_size": [1, 6]},
								"east": {"uv": [27, 57], "uv_size": [1, 6]},
								"south": {"uv": [27, 57], "uv_size": [1, 6]},
								"west": {"uv": [27, 57], "uv_size": [1, 6]},
								"up": {"uv": [2, 76], "uv_size": [1, 1]},
								"down": {"uv": [3, 77], "uv_size": [1, -1]}
							}
						}
					]
				},
				{
					"name": "RightFoot",
					"parent": "RightLowerLeg",
					"pivot": [-2.1875, 1.6, -0.1375],
					"cubes": [
						{"origin": [-3.875, -0.35, -2.1], "size": [3.625, 3.45, 4.375], "uv": [43, 57]},
						{"origin": [-3.775, -0.25, -4.4], "size": [3.425, 2.35, 3], "uv": [49, 28]},
						{"origin": [-3.375, 1.675, -3.2], "size": [2.425, 1, 2], "pivot": [-2.6875, 1.6, -2.9], "rotation": [22.5, 0, 0], "uv": [27, 71]}
					]
				},
				{
					"name": "molang",
					"parent": "Root",
					"pivot": [0, -1.25, 0]
				}
			]
		}
	]
}