{
	"format_version": "1.12.0",
	"minecraft:geometry": [
		{
			"description": {
				"identifier": "geometry.unknown",
				"texture_width": 128,
				"texture_height": 128,
				"visible_bounds_width": 7,
				"visible_bounds_height": 4.5,
				"visible_bounds_offset": [0, 1.75, 0]
			},
			"bones": [
				{
					"name": "LeftArm",
					"pivot": [3.55, 31.725, 1.25],
					"cubes": [
						{
							"origin": [2.40098, 26.07197, -0.33085],
							"size": [2.9, 6.5, 3.025],
							"uv": {
								"north": {"uv": [43, 5], "uv_size": [3, 7]},
								"east": {"uv": [30, 43], "uv_size": [3, 7]},
								"south": {"uv": [43, 36], "uv_size": [3, 7]},
								"west": {"uv": [40, 43], "uv_size": [3, 7]},
								"up": {"uv": [90, 5], "uv_size": [3, 3]},
								"down": {"uv": [90, 11], "uv_size": [3, -3]}
							}
						},
						{
							"origin": [2.40098, 26.07197, -0.33085],
							"size": [2.9, 6.5, 3.025],
							"inflate": 0.1,
							"uv": {
								"north": {"uv": [43, 43], "uv_size": [3, 7]},
								"east": {"uv": [44, 12], "uv_size": [3, 7]},
								"south": {"uv": [18, 44], "uv_size": [3, 7]},
								"west": {"uv": [44, 19], "uv_size": [3, 7]},
								"up": {"uv": [90, 11], "uv_size": [3, 3]},
								"down": {"uv": [15, 93], "uv_size": [3, -3]}
							}
						},
						{
							"origin": [4.30098, 26.07197, 0.16915],
							"size": [1.1, 2.5, 0.425],
							"inflate": 0.12,
							"uv": {
								"north": {"uv": [19, 110], "uv_size": [1, 3]},
								"east": {"uv": [24, 110], "uv_size": [1, 3]},
								"south": {"uv": [25, 110], "uv_size": [1, 3]},
								"west": {"uv": [26, 110], "uv_size": [1, 3]},
								"up": {"uv": [117, 41], "uv_size": [1, 1]},
								"down": {"uv": [42, 118], "uv_size": [1, -1]}
							}
						},
						{
							"origin": [4.30098, 26.07197, 1.66915],
							"size": [1.1, 2.5, 0.425],
							"inflate": 0.12,
							"uv": {
								"north": {"uv": [27, 110], "uv_size": [1, 3]},
								"east": {"uv": [28, 110], "uv_size": [1, 3]},
								"south": {"uv": [29, 110], "uv_size": [1, 3]},
								"west": {"uv": [32, 110], "uv_size": [1, 3]},
								"up": {"uv": [117, 42], "uv_size": [1, 1]},
								"down": {"uv": [43, 118], "uv_size": [1, -1]}
							}
						},
						{
							"origin": [1.70098, 28.07197, -0.73085],
							"size": [4.1, 4.5, 3.825],
							"pivot": [4.00098, 30.32197, 1.18165],
							"rotation": [0, 0, -12.5],
							"uv": {
								"north": {"uv": [38, 55], "uv_size": [4, 5]},
								"east": {"uv": [55, 40], "uv_size": [4, 5]},
								"south": {"uv": [42, 55], "uv_size": [4, 5]},
								"west": {"uv": [55, 45], "uv_size": [4, 5]},
								"up": {"uv": [68, 56], "uv_size": [4, 4]},
								"down": {"uv": [64, 72], "uv_size": [4, -4]}
							}
						},
						{
							"origin": [2.55098, 25.12197, -0.00585],
							"size": [2.6, 2.05, 2.3],
							"uv": {
								"north": {"uv": [99, 30], "uv_size": [3, 2]},
								"east": {"uv": [105, 0], "uv_size": [2, 2]},
								"south": {"uv": [99, 32], "uv_size": [3, 2]},
								"west": {"uv": [5, 105], "uv_size": [2, 2]},
								"up": {"uv": [33, 99], "uv_size": [3, 2]},
								"down": {"uv": [99, 36], "uv_size": [3, -2]}
							}
						}
					]
				},
				{
					"name": "LeftForeArm",
					"parent": "LeftArm",
					"pivot": [5.30106, 26.14139, 1.15203],
					"cubes": [
						{
							"origin": [2.42598, 20.07197, -0.40585],
							"size": [2.85, 6, 3.2],
							"uv": {
								"north": {"uv": [55, 58], "uv_size": [3, 6]},
								"east": {"uv": [58, 58], "uv_size": [3, 6]},
								"south": {"uv": [59, 0], "uv_size": [3, 6]},
								"west": {"uv": [59, 20], "uv_size": [3, 6]},
								"up": {"uv": [90, 17], "uv_size": [3, 3]},
								"down": {"uv": [21, 93], "uv_size": [3, -3]}
							}
						},
						{
							"origin": [4.90098, 21.87197, 0.16915],
							"size": [0.4, 4, 0.425],
							"inflate": 0.12,
							"uv": {
								"north": {"uv": [7, 105], "uv_size": [1, 4]},
								"east": {"uv": [8, 105], "uv_size": [1, 4]},
								"south": {"uv": [9, 105], "uv_size": [1, 4]},
								"west": {"uv": [10, 105], "uv_size": [1, 4]},
								"up": {"uv": [117, 43], "uv_size": [1, 1]},
								"down": {"uv": [44, 118], "uv_size": [1, -1]}
							}
						},
						{
							"origin": [4.90098, 21.87197, 1.66915],
							"size": [0.4, 4, 0.425],
							"inflate": 0.12,
							"uv": {
								"north": {"uv": [11, 105], "uv_size": [1, 4]},
								"east": {"uv": [12, 105], "uv_size": [1, 4]},
								"south": {"uv": [13, 105], "uv_size": [1, 4]},
								"west": {"uv": [14, 105], "uv_size": [1, 4]},
								"up": {"uv": [117, 44], "uv_size": [1, 1]},
								"down": {"uv": [45, 118], "uv_size": [1, -1]}
							}
						},
						{
							"origin": [2.42598, 20.07197, -0.40585],
							"size": [2.85, 1.6, 3.2],
							"inflate": 0.1,
							"uv": {
								"north": {"uv": [36, 99], "uv_size": [3, 2]},
								"east": {"uv": [45, 99], "uv_size": [3, 2]},
								"south": {"uv": [99, 50], "uv_size": [3, 2]},
								"west": {"uv": [99, 64], "uv_size": [3, 2]},
								"up": {"uv": [24, 90], "uv_size": [3, 3]},
								"down": {"uv": [27, 93], "uv_size": [3, -3]}
							}
						}
					]
				},
				{
					"name": "LeftHand",
					"parent": "LeftForeArm",
					"pivot": [4.87606, 20.34139, 1.17703],
					"cubes": [
						{
							"origin": [2.45098, 18.02197, -0.38085],
							"size": [2.85, 3, 3.2],
							"uv": {
								"north": {"uv": [30, 90], "uv_size": [3, 3]},
								"east": {"uv": [33, 90], "uv_size": [3, 3]},
								"south": {"uv": [90, 38], "uv_size": [3, 3]},
								"west": {"uv": [90, 41], "uv_size": [3, 3]},
								"up": {"uv": [42, 90], "uv_size": [3, 3]},
								"down": {"uv": [90, 47], "uv_size": [3, -3]}
							}
						}
					]
				},
				{
					"name": "LeftHandLocator",
					"parent": "LeftHand",
					"pivot": [4.125, 19.575, 0.025]
				},
				{
					"name": "RightArm",
					"pivot": [-3.55, 31.725, 1.25],
					"cubes": [
						{
							"origin": [-5.30098, 26.07197, -0.33085],
							"size": [2.9, 6.5, 3.025],
							"uv": {
								"north": {"uv": [33, 38], "uv_size": [3, 7]},
								"east": {"uv": [40, 36], "uv_size": [3, 7]},
								"south": {"uv": [12, 41], "uv_size": [3, 7]},
								"west": {"uv": [15, 41], "uv_size": [3, 7]},
								"up": {"uv": [89, 29], "uv_size": [3, 3]},
								"down": {"uv": [89, 35], "uv_size": [3, -3]}
							}
						},
						{
							"origin": [-5.30098, 26.07197, -0.33085],
							"size": [2.9, 6.5, 3.025],
							"inflate": 0.1,
							"uv": {
								"north": {"uv": [41, 15], "uv_size": [3, 7]},
								"east": {"uv": [8, 42], "uv_size": [3, 7]},
								"south": {"uv": [0, 43], "uv_size": [3, 7]},
								"west": {"uv": [3, 43], "uv_size": [3, 7]},
								"up": {"uv": [89, 35], "uv_size": [3, 3]},
								"down": {"uv": [89, 53], "uv_size": [3, -3]}
							}
						},
						{
							"origin": [-5.40098, 26.07197, 0.16915],
							"size": [1.1, 2.5, 0.425],
							"inflate": 0.12,
							"uv": {
								"north": {"uv": [11, 110], "uv_size": [1, 3]},
								"east": {"uv": [12, 110], "uv_size": [1, 3]},
								"south": {"uv": [14, 110], "uv_size": [1, 3]},
								"west": {"uv": [15, 110], "uv_size": [1, 3]},
								"up": {"uv": [117, 37], "uv_size": [1, 1]},
								"down": {"uv": [38, 118], "uv_size": [1, -1]}
							}
						},
						{
							"origin": [-5.40098, 26.07197, 1.66915],
							"size": [1.1, 2.5, 0.425],
							"inflate": 0.12,
							"uv": {
								"north": {"uv": [16, 110], "uv_size": [1, 3]},
								"east": {"uv": [17, 110], "uv_size": [1, 3]},
								"south": {"uv": [18, 110], "uv_size": [1, 3]},
								"west": {"uv": [110, 18], "uv_size": [1, 3]},
								"up": {"uv": [117, 38], "uv_size": [1, 1]},
								"down": {"uv": [39, 118], "uv_size": [1, -1]}
							}
						},
						{
							"origin": [-5.80098, 28.07197, -0.73085],
							"size": [4.1, 4.5, 3.825],
							"pivot": [-4.00098, 30.32197, 1.18165],
							"rotation": [0, 0, 12.5],
							"uv": {
								"north": {"uv": [15, 55], "uv_size": [4, 5]},
								"east": {"uv": [55, 21], "uv_size": [4, 5]},
								"south": {"uv": [55, 26], "uv_size": [4, 5]},
								"west": {"uv": [29, 55], "uv_size": [4, 5]},
								"up": {"uv": [29, 67], "uv_size": [4, 4]},
								"down": {"uv": [2, 72], "uv_size": [4, -4]}
							}
						},
						{
							"origin": [-5.90098, 28.87197, -0.83085],
							"size": [4.3, 1.8, 4.025],
							"pivot": [-4.00098, 30.32197, 1.18165],
							"rotation": [0, 0, 12.5],
							"uv": {
								"north": {"uv": [93, 60], "uv_size": [4, 2]},
								"east": {"uv": [81, 93], "uv_size": [4, 2]},
								"south": {"uv": [85, 93], "uv_size": [4, 2]},
								"west": {"uv": [89, 93], "uv_size": [4, 2]},
								"up": {"uv": [52, 68], "uv_size": [4, 4]},
								"down": {"uv": [56, 72], "uv_size": [4, -4]}
							}
						},
						{
							"origin": [-6.00098, 28.47197, -0.23085],
							"size": [4.3, 2.7, 2.925],
							"pivot": [-4.00098, 30.32197, 1.18165],
							"rotation": [0, 0, 12.5],
							"uv": {
								"north": {"uv": [77, 78], "uv_size": [4, 3]},
								"east": {"uv": [59, 89], "uv_size": [3, 3]},
								"south": {"uv": [79, 15], "uv_size": [4, 3]},
								"west": {"uv": [89, 64], "uv_size": [3, 3]},
								"up": {"uv": [79, 23], "uv_size": [4, 3]},
								"down": {"uv": [42, 82], "uv_size": [4, -3]}
							}
						},
						{
							"origin": [-6.20098, 28.67197, -0.13085],
							"size": [4.5, 2.3, 2.725],
							"pivot": [-4.00098, 30.32197, 1.18165],
							"rotation": [0, 0, 12.5],
							"uv": {
								"north": {"uv": [83, 24], "uv_size": [5, 2]},
								"east": {"uv": [99, 2], "uv_size": [3, 2]},
								"south": {"uv": [86, 0], "uv_size": [5, 2]},
								"west": {"uv": [99, 4], "uv_size": [3, 2]},
								"up": {"uv": [28, 71], "uv_size": [5, 3]},
								"down": {"uv": [68, 74], "uv_size": [5, -3]}
							}
						},
						{
							"origin": [-5.15098, 25.12197, -0.00585],
							"size": [2.6, 2.05, 2.3],
							"uv": {
								"north": {"uv": [99, 6], "uv_size": [3, 2]},
								"east": {"uv": [104, 90], "uv_size": [2, 2]},
								"south": {"uv": [99, 8], "uv_size": [3, 2]},
								"west": {"uv": [104, 92], "uv_size": [2, 2]},
								"up": {"uv": [99, 10], "uv_size": [3, 2]},
								"down": {"uv": [99, 14], "uv_size": [3, -2]}
							}
						}
					]
				},
				{
					"name": "RightForeArm",
					"parent": "RightArm",
					"pivot": [-5.30106, 26.14139, 1.15203],
					"cubes": [
						{
							"origin": [-5.27598, 20.07197, -0.40585],
							"size": [2.85, 6, 3.2],
							"uv": {
								"north": {"uv": [18, 21], "uv_size": [3, 6]},
								"east": {"uv": [33, 57], "uv_size": [3, 6]},
								"south": {"uv": [4, 58], "uv_size": [3, 6]},
								"west": {"uv": [52, 58], "uv_size": [3, 6]},
								"up": {"uv": [89, 67], "uv_size": [3, 3]},
								"down": {"uv": [68, 92], "uv_size": [3, -3]}
							}
						},
						{
							"origin": [-5.30098, 21.87197, 0.16915],
							"size": [0.4, 4, 0.425],
							"inflate": 0.12,
							"uv": {
								"north": {"uv": [99, 104], "uv_size": [1, 4]},
								"east": {"uv": [100, 104], "uv_size": [1, 4]},
								"south": {"uv": [101, 104], "uv_size": [1, 4]},
								"west": {"uv": [102, 104], "uv_size": [1, 4]},
								"up": {"uv": [117, 39], "uv_size": [1, 1]},
								"down": {"uv": [40, 118], "uv_size": [1, -1]}
							}
						},
						{
							"origin": [-5.30098, 21.87197, 1.66915],
							"size": [0.4, 4, 0.425],
							"inflate": 0.12,
							"uv": {
								"north": {"uv": [103, 104], "uv_size": [1, 4]},
								"east": {"uv": [104, 104], "uv_size": [1, 4]},
								"south": {"uv": [3, 105], "uv_size": [1, 4]},
								"west": {"uv": [4, 105], "uv_size": [1, 4]},
								"up": {"uv": [117, 40], "uv_size": [1, 1]},
								"down": {"uv": [41, 118], "uv_size": [1, -1]}
							}
						},
						{
							"origin": [-5.27598, 20.07197, -0.40585],
							"size": [2.85, 1.6, 3.2],
							"inflate": 0.1,
							"uv": {
								"north": {"uv": [99, 22], "uv_size": [3, 2]},
								"east": {"uv": [99, 24], "uv_size": [3, 2]},
								"south": {"uv": [99, 26], "uv_size": [3, 2]},
								"west": {"uv": [99, 28], "uv_size": [3, 2]},
								"up": {"uv": [89, 70], "uv_size": [3, 3]},
								"down": {"uv": [89, 76], "uv_size": [3, -3]}
							}
						}
					]
				},
				{
					"name": "RightHand",
					"parent": "RightForeArm",
					"pivot": [-4.87606, 20.34139, 1.17703],
					"cubes": [
						{
							"origin": [-5.30098, 18.02197, -0.38085],
							"size": [2.85, 3, 3.2],
							"uv": {
								"north": {"uv": [89, 76], "uv_size": [3, 3]},
								"east": {"uv": [89, 79], "uv_size": [3, 3]},
								"south": {"uv": [89, 82], "uv_size": [3, 3]},
								"west": {"uv": [89, 85], "uv_size": [3, 3]},
								"up": {"uv": [89, 88], "uv_size": [3, 3]},
								"down": {"uv": [90, 5], "uv_size": [3, -3]}
							}
						}
					]
				},
				{
					"name": "RightHandLocator",
					"parent": "RightHand",
					"pivot": [-4.125, 19.575, 0.025]
				}
			]
		}
	]
}