{
	"format_version": "1.12.0",
	"minecraft:geometry": [
		{
			"description": {
				"identifier": "geometry.unknown",
				"texture_width": 128,
				"texture_height": 128,
				"visible_bounds_width": 3,
				"visible_bounds_height": 4.5,
				"visible_bounds_offset": [0, 1.75, 0]
			},
			"bones": [
				{
					"name": "LeftArm",
					"pivot": [2.4, 29.7, 0],
					"cubes": [
						{"origin": [0.85, 23.75, -1.5], "size": [3.05, 7, 3], "uv": [56, 65]},
						{"origin": [0.55, 28.15, -1.8], "size": [3.65, 1, 3.6], "uv": [99, 97]},
						{"origin": [0.55, 26.45, -1.8], "size": [3.65, 1, 3.6], "uv": [99, 97]},
						{"origin": [0.65, 27.35, -1.7], "size": [3.45, 1.1, 3.4], "uv": [109, 84]},
						{"origin": [0.75, 23.65, -1.6], "size": [3.25, 7.2, 3.2], "uv": [12, 65]}
					]
				},
				{
					"name": "LeftForeArm",
					"parent": "LeftArm",
					"pivot": [1.875, 24.5, 0.025],
					"cubes": [
						{"origin": [0.725, 18.6, -1.7], "size": [3.5, 1, 3.5], "uv": [10, 40]},
						{"origin": [0.775, 19.1, -1.575], "size": [3.2, 5, 3.2], "uv": [65, 72]}
					]
				},
				{
					"name": "LeftHand",
					"parent": "LeftForeArm",
					"pivot": [1.875, 18.5, 0.025],
					"cubes": [
						{"origin": [0.875, 16.75, -1.475], "size": [3, 7, 3], "uv": [0, 62]}
					]
				},
				{
					"name": "LeftHandLocator",
					"parent": "LeftHand",
					"pivot": [1.875, 17.5, 0.025]
				},
				{
					"name": "RightArm",
					"pivot": [-2.4, 29.7, 0],
					"cubes": [
						{"origin": [-4.2, 26.45, -1.8], "size": [3.65, 1, 3.6], "uv": [99, 97], "mirror": true},
						{"origin": [-4.1, 27.35, -1.7], "size": [3.45, 1.1, 3.4], "uv": [109, 84], "mirror": true},
						{"origin": [-4.2, 28.15, -1.8], "size": [3.65, 1, 3.6], "uv": [99, 97], "mirror": true},
						{"origin": [-4, 23.65, -1.6], "size": [3.25, 7.2, 3.2], "uv": [12, 65], "mirror": true},
						{"origin": [-3.9, 23.75, -1.5], "size": [3.05, 7, 3], "uv": [0, 72]}
					]
				},
				{
					"name": "RightForeArm",
					"parent": "RightArm",
					"pivot": [-1.875, 24.5, 0.025],
					"cubes": [
						{"origin": [-4.225, 18.6, -1.7], "size": [3.5, 1, 3.5], "uv": [10, 40], "mirror": true},
						{"origin": [-3.975, 19.1, -1.575], "size": [3.2, 5, 3.2], "uv": [65, 72], "mirror": true}
					]
				},
				{
					"name": "RightHand",
					"parent": "RightForeArm",
					"pivot": [-1.875, 18.5, 0.025],
					"cubes": [
						{"origin": [-3.875, 16.75, -1.475], "size": [3, 7, 3], "uv": [0, 62], "mirror": true}
					]
				},
				{
					"name": "RightHandLocator",
					"parent": "RightHand",
					"pivot": [-1.875, 17.5, 0.025]
				}
			]
		}
	]
}