{
	"format_version": "1.12.0",
	"minecraft:geometry": [
		{
			"description": {
				"identifier": "geometry.unknown",
				"texture_width": 128,
				"texture_height": 128,
				"visible_bounds_width": 3,
				"visible_bounds_height": 4.5,
				"visible_bounds_offset": [0, 1.75, 0]
			},
			"bones": [
				{
					"name": "root",
					"pivot": [0, 0, 0]
				},
				{
					"name": "AllBody",
					"parent": "root",
					"pivot": [0, 27, 0]
				},
				{
					"name": "UpBody",
					"parent": "AllBody",
					"pivot": [0, 22, 0]
				},
				{
					"name": "UpperBody",
					"parent": "UpBody",
					"pivot": [0, 22, 0],
					"cubes": [
						{"origin": [-3.5, 18.75, -2.025], "size": [7, 12, 4], "uv": [0, 24]},
						{"origin": [-1.475, 24.375, -2.225], "size": [1, 1, 1], "uv": [92, 100]},
						{"origin": [0.475, 24.375, -2.225], "size": [1, 1, 1], "uv": [92, 103], "mirror": true},
						{"origin": [-1.475, 22.975, -2.3], "size": [1, 1, 1], "pivot": [0, 23.475, -1.725], "rotation": [-10, 0, 0], "uv": [92, 100]},
						{"origin": [0.475, 22.975, -2.3], "size": [1, 1, 1], "pivot": [0, 23.475, -1.725], "rotation": [-10, 0, 0], "uv": [92, 103], "mirror": true},
						{"origin": [-2, 29.35, -1.95], "size": [4, 2, 4], "uv": [61, 14]}
					]
				},
				{
					"name": "YaoDai",
					"parent": "UpperBody",
					"pivot": [-0.05131, 22.74712, -0.095],
					"cubes": [
						{"origin": [-3.95495, 23.06235, -2.95165], "size": [8.05, 1, 1], "pivot": [0.05755, 23.38735, -2.45165], "rotation": [-4.75643, -1.54331, -10.4359], "uv": [92, 41]},
						{"origin": [-3.625, 25.53735, -2.67665], "size": [7.25, 1, 1], "uv": [92, 41]},
						{"origin": [-3.625, 25.13735, 1.24835], "size": [7.25, 1, 1], "pivot": [0, 26.03735, 2.42335], "rotation": [-7.5, 0, 0], "uv": [92, 41]},
						{"origin": [3.275, 25.3844, -1.03953], "size": [1, 1, 3], "pivot": [3, 25.8594, 0.71047], "rotation": [-7.85952, -17.34551, 2.35666], "uv": [96, 33]},
						{"origin": [3.15357, 27.8766, -2.95014], "size": [1, 1, 3], "pivot": [3.60357, 28.1516, -1.45014], "rotation": [108.56944, 6.89718, -7.89559], "uv": [96, 33]},
						{"origin": [-4.15357, 27.8766, -2.95014], "size": [1, 1, 3], "pivot": [-3.60357, 28.1516, -1.45014], "rotation": [108.56944, -6.89718, 7.89559], "uv": [96, 33], "mirror": true},
						{"origin": [-4.275, 25.3844, -1.03953], "size": [1, 1, 3], "pivot": [-3, 25.8594, 0.71047], "rotation": [-7.85952, 17.34551, -2.35666], "uv": [96, 33], "mirror": true},
						{"origin": [3.5488, 26.01457, -2.55379], "size": [0.6, 1, 0.75], "pivot": [3.84616, 26.11192, -1.20907], "rotation": [0.13426, 12.51849, 0.44456], "uv": [102, 11]},
						{"origin": [3.5488, 25.01457, -2.55379], "size": [0.6, 1, 0.75], "pivot": [3.84616, 26.11192, -1.20907], "rotation": [0.13426, 12.51849, 0.44456], "uv": [96, 12]},
						{"origin": [3.5488, 25.01457, -0.55379], "size": [0.6, 2, 0.75], "pivot": [3.84616, 26.11192, -1.20907], "rotation": [0.13426, 12.51849, 0.44456], "uv": [96, 12]},
						{"origin": [3.5738, 26.76457, -2.05379], "size": [0.6, 0.8, 1.75], "pivot": [3.87116, 26.11192, -1.20907], "rotation": [0.13426, 12.51849, 0.44456], "uv": [102, 11]},
						{"origin": [3.5488, 24.66457, -2.05379], "size": [0.6, 0.8, 1.75], "pivot": [3.84616, 26.11192, -1.20907], "rotation": [0.13426, 12.51849, 0.44456], "uv": [96, 12]},
						{"origin": [-4.1488, 25.01457, -0.55379], "size": [0.6, 2, 0.75], "pivot": [-3.84616, 26.11192, -1.20907], "rotation": [0.13426, -12.51849, -0.44456], "uv": [96, 12], "mirror": true},
						{"origin": [-4.1488, 26.76457, -2.05379], "size": [0.6, 0.8, 1.75], "pivot": [-3.82116, 26.11192, -1.20907], "rotation": [0.13426, -12.51849, -0.44456], "uv": [102, 11], "mirror": true},
						{"origin": [-4.1488, 26.01457, -2.55379], "size": [0.6, 1, 0.75], "pivot": [-3.84616, 26.11192, -1.20907], "rotation": [0.13426, -12.51849, -0.44456], "uv": [102, 11], "mirror": true},
						{"origin": [-4.1488, 25.01457, -2.55379], "size": [0.6, 1, 0.75], "pivot": [-3.84616, 26.11192, -1.20907], "rotation": [0.13426, -12.51849, -0.44456], "uv": [96, 12], "mirror": true},
						{"origin": [-4.1488, 24.66457, -2.05379], "size": [0.6, 0.8, 1.75], "pivot": [-3.84616, 26.11192, -1.20907], "rotation": [0.13426, -12.51849, -0.44456], "uv": [96, 12], "mirror": true},
						{"origin": [3.19697, 23.70995, -2.09393], "size": [1, 1, 4], "pivot": [3.74697, 24.20995, -0.09393], "rotation": [0.24392, 3.45664, -10.41463], "uv": [96, 33]},
						{"origin": [3.34697, 20.70995, -2.09393], "size": [1, 1, 4], "pivot": [3.74697, 24.20995, -0.09393], "rotation": [0.24392, 3.45664, -10.41463], "uv": [96, 33]},
						{"origin": [-2.91192, 21.80879, -2.88714], "size": [8.125, 1, 1], "pivot": [0.02558, 23.55879, -2.43714], "rotation": [-4.98466, 0.3918, 11.98295], "uv": [92, 41]},
						{"origin": [-3.95495, 23.81235, 1.80165], "size": [8.05, 1, 1], "pivot": [0.05755, 23.38735, 2.30165], "rotation": [4.95158, 0.695, -0.46995], "uv": [92, 41]},
						{"origin": [-4.27995, 23.13735, 1.47665], "size": [1.05, 1, 1.5], "pivot": [0.05755, 23.38735, 2.30165], "rotation": [4.95158, 0.695, -0.46995], "uv": [55, 26]},
						{"origin": [-4.33275, 22.46845, -2.88165], "size": [1.05, 1, 1.5], "pivot": [-3.80775, 23.21845, -2.13165], "rotation": [-5.04842, 0.695, -0.46995], "uv": [55, 26]},
						{"origin": [-3.91192, 21.80879, 1.73714], "size": [9.125, 1, 1], "pivot": [0.02558, 23.55879, 2.28714], "rotation": [4.98466, -0.3918, 11.98295], "uv": [92, 41]}
					]
				},
				{
					"name": "Bao2",
					"parent": "YaoDai",
					"pivot": [-5.01579, 21.89525, -0.575],
					"rotation": [0, 0, -7.5],
					"cubes": [
						{"origin": [-6.10754, 19.84035, -3.4], "size": [2, 5, 7.2], "pivot": [-5.71772, 22.10322, 0.2125], "rotation": [7.05239, -2.55868, 29.8423], "uv": [110, 39]},
						{"origin": [-5.63254, 22.84035, -3.5], "size": [1, 1, 7.4], "pivot": [-5.71772, 22.10322, 0.2125], "rotation": [7.05239, -2.55868, 29.8423], "uv": [112, 29]},
						{"origin": [-6.76212, 21.57519, -1.8], "size": [1, 2, 1], "pivot": [-5.71772, 22.10322, 0.2125], "rotation": [6.33586, -4.02155, 42.27733], "uv": [122, 10]},
						{"origin": [-6.76212, 21.57519, 1.2], "size": [1, 2, 1], "pivot": [-5.71772, 22.10322, 0.2125], "rotation": [6.33586, -4.02155, 42.27733], "uv": [117, 10]},
						{"origin": [-6.67792, 21.65988, -3.3], "size": [2, 3, 7], "pivot": [-5.71772, 22.10322, 0.2125], "rotation": [6.33586, -4.02155, 42.27733], "uv": [97, 19]}
					]
				},
				{
					"name": "Breast",
					"parent": "UpperBody",
					"pivot": [-0.0125, 29.74747, -2.15834],
					"rotation": [-32.5, 0, 0],
					"cubes": [
						{"origin": [-3.55, 26.79394, -2.38389], "size": [7.075, 3, 3], "pivot": [-0.0125, 28.51894, -0.60889], "rotation": [-10, 0, 0], "uv": [108, 2]},
						{"origin": [-3.8, 28.79394, -2.63389], "size": [7.575, 1, 1], "pivot": [-0.0125, 28.51894, -0.60889], "rotation": [-10, 0, 0], "uv": [94, 38]}
					]
				},
				{
					"name": "HDJ",
					"parent": "Breast",
					"pivot": [0.02357, 29.3734, -1.9396],
					"rotation": [-30, 0, 0],
					"cubes": [
						{"origin": [0.11434, 28.29662, -2.9254], "size": [1.3, 1.3, 1.1], "pivot": [0, 28.18228, -2.16881], "rotation": [16.32495, 15.69986, -42.73421], "uv": [55, 124]},
						{"origin": [0.26434, 28.44662, -3.0254], "size": [1, 1, 1.1], "pivot": [0, 28.18228, -2.16881], "rotation": [16.32495, 15.69986, -42.73421], "uv": [47, 102]},
						{"origin": [-2.86474, 28.53589, -2.60456], "size": [2, 1, 1], "pivot": [0, 28.18228, -2.16881], "rotation": [17.96257, -15.31965, 26.57244], "uv": [55, 115]},
						{"origin": [-1.9261, 28.82729, -2.62956], "size": [2, 1, 1], "pivot": [0, 28.18228, -2.16881], "rotation": [23.21891, 3.32636, -20.30857], "uv": [46, 115]},
						{"origin": [-2.44627, 28.79533, -2.65456], "size": [2, 1, 1], "pivot": [0, 28.18228, -2.16881], "rotation": [22.56415, -6.53139, 2.70353], "uv": [53, 112]},
						{"origin": [0.48318, 28.6596, -2.65133], "size": [2, 1, 1], "pivot": [0, 28.18228, -2.16881], "rotation": [22.49923, 7.48586, -5.02121], "uv": [46, 122], "mirror": true},
						{"origin": [0.01691, 28.71988, -2.62633], "size": [2, 1, 1], "pivot": [0, 28.18228, -2.16881], "rotation": [23.53305, -2.42263, 17.98307], "uv": [53, 121], "mirror": true},
						{"origin": [0.84083, 28.39728, -2.60133], "size": [2, 1, 1], "pivot": [0, 28.18228, -2.16881], "rotation": [17.49917, 16.16596, -29.00793], "uv": [46, 118], "mirror": true}
					]
				},
				{
					"name": "AllHead",
					"parent": "UpperBody",
					"pivot": [0, 30.6, 0],
					"cubes": [
						{"origin": [-1.5, 30.75, -1.525], "size": [3, 2, 3], "uv": [75, 25]}
					]
				},
				{
					"name": "Head",
					"parent": "AllHead",
					"pivot": [0, 31.6, 0],
					"cubes": [
						{"origin": [-3.5, 31.6, -3.5], "size": [7, 7, 7], "uv": [0, 0]}
					]
				},
				{
					"name": "Hair",
					"parent": "Head",
					"pivot": [-0.14783, 36.06957, 0.62174]
				},
				{
					"name": "QianFaR",
					"parent": "Hair",
					"pivot": [-3.9125, 37.31167, -1.84979],
					"rotation": [-0.5, 0, 0],
					"cubes": [
						{"origin": [-4.525, 33.81167, -2.84979], "size": [1.025, 3, 1], "uv": [40, 86]},
						{"origin": [-4.625, 34.91167, -4.09979], "size": [1.025, 2, 1], "uv": [42, 15]},
						{"origin": [3.625, 34.91124, -4.09979], "size": [1.025, 2, 1], "uv": [42, 15], "mirror": true}
					]
				},
				{
					"name": "toushi",
					"parent": "Hair",
					"pivot": [3.9125, 37.63667, -1.79979],
					"rotation": [-0.5, 0, 0],
					"cubes": [
						{"origin": [3.5, 33.81167, -2.74979], "size": [1.025, 3, 1], "uv": [46, 86]},
						{"origin": [3.25, 32.91167, -2.62479], "size": [2.025, 4, 4], "pivot": [4.5375, 34.91167, -0.74979], "rotation": [-5.07673, 9.96156, 4.11955], "uv": [23, 94]},
						{"origin": [1.69873, 33.92649, 1.03176], "size": [4.025, 1.5, 5], "pivot": [3.81123, 34.90149, 3.53176], "rotation": [-0.67554, 7.004, -0.67554], "uv": [21, 110]},
						{"origin": [-2.01807, 33.90354, 5.27908], "size": [4.075, 1.5, 1], "pivot": [-0.25557, 34.62854, 4.02908], "rotation": [-0.67056, 0, 0], "uv": [20, 117]},
						{"origin": [-5.275, 32.91167, -2.62479], "size": [2.025, 4, 4], "pivot": [-4.5375, 34.91167, -0.74979], "rotation": [-5.07673, -9.96156, -4.11955], "uv": [23, 94], "mirror": true},
						{"origin": [-5.72373, 33.92649, 1.03176], "size": [4.025, 1.5, 5], "pivot": [-3.81123, 34.90149, 3.53176], "rotation": [-0.67554, -7.004, 0.67554], "uv": [21, 110], "mirror": true},
						{"origin": [2.88348, 31.49733, -1.84519], "size": [1, 2, 1.7], "pivot": [3.50848, 31.47233, -0.99519], "rotation": [-4.91969, 0.86655, 12.46753], "uv": [16, 98]},
						{"origin": [-3.88348, 31.49733, -1.84519], "size": [1, 2, 1.7], "pivot": [-3.50848, 31.47233, -0.99519], "rotation": [-4.91969, -0.86655, -12.46753], "uv": [16, 98], "mirror": true},
						{"origin": [4.07395, 36.76645, -0.86421], "size": [1, 5, 1.7], "pivot": [4.57395, 37.76645, -0.28921], "rotation": [-9.93656, -0.9762, -2.43656], "uv": [15, 108]},
						{"origin": [-5.07395, 36.76645, -0.86421], "size": [1, 5, 1.7], "pivot": [-4.57395, 37.76645, -0.28921], "rotation": [-9.93656, 0.9762, 2.43656], "uv": [15, 108], "mirror": true},
						{"origin": [-3.4, 31.44081, -1.89534], "size": [6.8, 1, 1.7], "uv": [16, 103]},
						{"origin": [-4.5, 40.84081, -0.14534], "size": [9, 1, 1.7], "uv": [18, 106]},
						{"origin": [-2.5, 39.49081, -3.22034], "size": [5, 4, 4.9], "uv": [69, 102]}
					]
				},
				{
					"name": "Ear",
					"parent": "Hair",
					"pivot": [-0.14783, 36.06957, -0.57826]
				},
				{
					"name": "ErDuoR2",
					"parent": "Ear",
					"pivot": [4.03727, 39.96922, -0.84471],
					"rotation": [15.81097, 8.88258, 4.94059],
					"cubes": [
						{"origin": [4.6658, 40.69475, -1.39471], "size": [1, 3, 2], "pivot": [4.33727, 41.54422, -0.34471], "rotation": [-6.98185, -13.54092, 7.56694], "uv": [88, 87]},
						{"origin": [4.9158, 38.56975, -1.39471], "size": [1, 3, 2], "pivot": [4.33727, 41.54422, -0.31971], "rotation": [-13.15128, -7.69939, 40.1259], "uv": [66, 88]},
						{"origin": [1.29357, 40.18656, -1.65652], "size": [1, 3, 2], "pivot": [4.43727, 39.66922, -0.54471], "rotation": [-14.62628, -4.20094, 54.27642], "uv": [6, 88]},
						{"origin": [2.46407, 39.82486, -2.09374], "size": [1, 3, 2], "pivot": [2.16407, 41.24986, -1.06874], "rotation": [-10.65015, -10.9153, 24.75751], "uv": [88, 0]},
						{"origin": [3.20831, 37.26698, -1.0157], "size": [2, 5, 2], "pivot": [4.43727, 41.46922, -0.54471], "rotation": [13.90745, -7.35147, 30.4939], "uv": [10, 82]}
					]
				},
				{
					"name": "ErDuoR3",
					"parent": "Ear",
					"pivot": [-4.03727, 39.96922, -0.84471],
					"rotation": [15.81097, -8.88258, -4.94059],
					"cubes": [
						{"origin": [-5.6658, 40.69475, -1.39471], "size": [1, 3, 2], "pivot": [-4.33727, 41.54422, -0.34471], "rotation": [-6.98185, 13.54092, -7.56694], "uv": [88, 87], "mirror": true},
						{"origin": [-5.9158, 38.56975, -1.39471], "size": [1, 3, 2], "pivot": [-4.33727, 41.54422, -0.31971], "rotation": [-13.15128, 7.69939, -40.1259], "uv": [66, 88], "mirror": true},
						{"origin": [-2.29357, 40.18656, -1.65652], "size": [1, 3, 2], "pivot": [-4.43727, 39.66922, -0.54471], "rotation": [-14.62628, 4.20094, -54.27642], "uv": [6, 88], "mirror": true},
						{"origin": [-3.46407, 39.82486, -2.09374], "size": [1, 3, 2], "pivot": [-2.16407, 41.24986, -1.06874], "rotation": [-10.65015, 10.9153, -24.75751], "uv": [88, 0], "mirror": true},
						{"origin": [-5.20831, 37.26698, -1.0157], "size": [2, 5, 2], "pivot": [-4.43727, 41.46922, -0.54471], "rotation": [13.90745, 7.35147, -30.4939], "uv": [10, 82], "mirror": true}
					]
				},
				{
					"name": "HDJ3",
					"parent": "Ear",
					"pivot": [-0.5, 3.95, 2.175],
					"cubes": [
						{"origin": [-4.75, 40.05, -2.925], "size": [1, 1, 1.1], "pivot": [-4.25, 40.56442, -2.21507], "rotation": [-7.24677, 10.21235, -35.6484], "uv": [76, 4]},
						{"origin": [-5.54495, 39.96557, -2.51356], "size": [1, 1, 1], "pivot": [-4.25, 40.56442, -2.21507], "rotation": [-4.27344, 7.78305, -9.97778], "uv": [74, 72]},
						{"origin": [-5.53552, 40.15887, -2.48875], "size": [1, 1, 1], "pivot": [-4.25, 40.56442, -2.21507], "rotation": [-8.70035, 1.74726, -59.81987], "uv": [70, 47]},
						{"origin": [-3.96448, 40.15887, -2.53875], "size": [1, 1, 1], "pivot": [-4.25, 40.56442, -2.21507], "rotation": [-0.11427, 16.83745, -10.33243], "uv": [31, 70]},
						{"origin": [-3.95505, 39.96557, -2.51356], "size": [1, 1, 1], "pivot": [-4.25, 40.56442, -2.21507], "rotation": [-13.12196, 10.64515, -61.54335], "uv": [67, 20]}
					]
				},
				{
					"name": "LongHair",
					"parent": "Hair",
					"pivot": [0, 34.45, 4.70833],
					"cubes": [
						{"origin": [-4.5, 29.36866, 7.98289], "size": [3, 7, 1], "pivot": [0.325, 13.06866, 4.38289], "rotation": [10, 0, 0], "uv": [66, 80]},
						{"origin": [1.5, 29.36866, 7.98289], "size": [3, 7, 1], "pivot": [0.325, 13.06866, 4.38289], "rotation": [10, 0, 0], "uv": [74, 81]},
						{"origin": [-3.5, 28.36866, 8.58289], "size": [7, 6, 1], "pivot": [0.325, 13.06866, 4.38289], "rotation": [10, 0, 0], "uv": [40, 62]}
					]
				},
				{
					"name": "TouFa_Chang2",
					"parent": "LongHair",
					"pivot": [0, 29.56069, 5.77354],
					"rotation": [5, 0, 0],
					"cubes": [
						{"origin": [-3, 23.86069, 5.9402], "size": [6, 6, 1], "uv": [95, 44]},
						{"origin": [2.7, 24.68569, 5.3402], "size": [2, 6, 1], "uv": [101, 52]},
						{"origin": [-4.7, 24.68569, 5.3402], "size": [2, 6, 1], "uv": [101, 52], "mirror": true}
					]
				},
				{
					"name": "TouFa_Chang3",
					"parent": "TouFa_Chang2",
					"pivot": [0, 23.93569, 5.79854],
					"rotation": [12.5, 0, 0],
					"cubes": [
						{"origin": [-3.1, 18.23569, 5.9652], "size": [6.2, 6, 1], "uv": [95, 71]},
						{"origin": [2.6, 19.06069, 5.3652], "size": [2.2, 6, 1], "uv": [101, 79]},
						{"origin": [-4.8, 19.06069, 5.3652], "size": [2.2, 6, 1], "uv": [101, 79], "mirror": true}
					]
				},
				{
					"name": "Mawei5",
					"parent": "LongHair",
					"pivot": [4.60055, 36.39307, 3.93927],
					"cubes": [
						{"origin": [-0.64189, 31.67635, 10.07357], "size": [2, 5, 1], "pivot": [-0.14189, 14.67635, 5.07357], "rotation": [146.2743, 86.7707, 145.0375], "uv": [86, 45]}
					]
				},
				{
					"name": "MaWei11",
					"parent": "Mawei5",
					"pivot": [4.60055, 32.39307, 3.93927],
					"rotation": [101.8216, 80.7093, 97.9117],
					"cubes": [
						{"origin": [3.63388, 27.35974, 3.70593], "size": [2, 5, 1], "uv": [8, 53]}
					]
				},
				{
					"name": "MaWei2",
					"parent": "MaWei11",
					"pivot": [4.62555, 27.89307, 3.91427],
					"rotation": [-2.38334, -1.40388, -2.61276],
					"cubes": [
						{"origin": [3.65888, 22.85974, 3.68093], "size": [2, 5, 1], "uv": [8, 53]}
					]
				},
				{
					"name": "MaWei",
					"parent": "LongHair",
					"pivot": [-4.60055, 36.39307, 3.93927],
					"cubes": [
						{"origin": [-1.35811, 31.67635, 10.07357], "size": [2, 5, 1], "pivot": [0.14189, 14.67635, 5.07357], "rotation": [146.2743, -86.7707, -145.0375], "uv": [86, 45], "mirror": true}
					]
				},
				{
					"name": "MaWei3",
					"parent": "MaWei",
					"pivot": [-4.60055, 32.39307, 3.93927],
					"rotation": [101.8216, -80.7093, -97.9117],
					"cubes": [
						{"origin": [-5.63388, 27.35974, 3.70593], "size": [2, 5, 1], "uv": [8, 53], "mirror": true}
					]
				},
				{
					"name": "MaWei4",
					"parent": "MaWei3",
					"pivot": [-4.62555, 27.89307, 3.91427],
					"rotation": [-2.38334, 1.40388, 2.61276],
					"cubes": [
						{"origin": [-5.65888, 22.85974, 3.68093], "size": [2, 5, 1], "uv": [8, 53], "mirror": true}
					]
				},
				{
					"name": "BaseHair",
					"parent": "Hair",
					"pivot": [3, 37.5, -4],
					"cubes": [
						{"origin": [-3.5, 35.5, -4.5], "size": [1, 4, 1], "pivot": [-3, 37.5, -4], "rotation": [0, 0, 7.5], "uv": [14, 44]},
						{"origin": [-4, 32.825, 4.1], "size": [1, 6, 1], "uv": [22, 89]},
						{"origin": [-3, 31.825, 4.05], "size": [6, 7, 1], "uv": [72, 36]},
						{"origin": [-3, 33.8, 5], "size": [6, 5, 1], "uv": [73, 51]},
						{"origin": [3, 32.85, 4.05], "size": [1, 6, 1], "uv": [18, 89]},
						{"origin": [-0.5, 35.6, -5], "size": [1, 4, 1], "uv": [76, 89]},
						{"origin": [1.5, 36.6, -5], "size": [1, 3, 1], "uv": [58, 45]},
						{"origin": [4.2, 32.6, 3], "size": [1, 5, 1], "uv": [89, 51]},
						{"origin": [4.2, 31.6, 2], "size": [1, 7, 1], "uv": [86, 58]},
						{"origin": [4.2, 31.6, 1], "size": [1, 7, 1], "uv": [53, 85]},
						{"origin": [3.2, 33.6, 0], "size": [1, 1, 3], "uv": [86, 34]},
						{"origin": [-4.2, 33.6, 0], "size": [1, 1, 3], "uv": [86, 22]},
						{"origin": [-4, 31.725, 2.1], "size": [8, 3, 2], "uv": [52, 36]},
						{"origin": [4.2, 34.6, 0], "size": [1, 3, 1], "uv": [0, 40]},
						{"origin": [-5.2, 31.6, 1], "size": [1, 7, 1], "uv": [53, 85], "mirror": true},
						{"origin": [-5.2, 34.6, 0], "size": [1, 3, 1], "uv": [0, 40], "mirror": true},
						{"origin": [-5.2, 31.6, 2], "size": [1, 7, 1], "uv": [58, 86]},
						{"origin": [-5.2, 32.6, 3], "size": [1, 5, 1], "uv": [89, 27]},
						{"origin": [-1.5, 35.6, -5], "size": [1, 4, 1], "uv": [66, 52]},
						{"origin": [0.5, 35.6, -5], "size": [1, 4, 1], "uv": [72, 89]},
						{"origin": [-2.5, 36.6, -5], "size": [1, 3, 1], "uv": [61, 14]},
						{"origin": [-4.3375, 35.65, -4.05], "size": [1, 4, 3], "pivot": [-3.9625, 37.65, -2.2], "rotation": [0, 0, 10], "uv": [32, 86]},
						{"origin": [3.3125, 35.65, -4.025], "size": [1, 4, 3], "pivot": [3.9625, 37.65, -2.25], "rotation": [0, 0, -10], "uv": [18, 82]},
						{"origin": [-4.5, 33.7, -1.825], "size": [1, 6, 6], "uv": [44, 39]},
						{"origin": [3.5, 33.7, -1.825], "size": [1, 6, 6], "uv": [41, 16]},
						{"origin": [-2, 37.3, -4.2], "size": [4, 3, 1], "uv": [22, 58]},
						{"origin": [-3, 39.6, -3.6], "size": [6, 1, 8], "uv": [21, 6]},
						{"origin": [-3.45, 38.8, -3.975], "size": [6.9, 1, 9], "uv": [0, 14]},
						{"origin": [-2, 40.6, -2.6], "size": [4, 1, 6], "uv": [49, 7]},
						{"origin": [-3, 40.6, -1.6], "size": [1, 1, 4], "uv": [83, 53]},
						{"origin": [2, 40.6, -1.6], "size": [1, 1, 4], "uv": [83, 40]},
						{"origin": [-4, 39.6, -2.6], "size": [1, 1, 6], "uv": [71, 14]},
						{"origin": [3, 39.6, -2.6], "size": [1, 1, 6], "uv": [48, 69]},
						{"origin": [2.425, 35.5, -4.5], "size": [1, 4, 1], "pivot": [3, 37.5, -4], "rotation": [0, 0, -5], "uv": [24, 67]}
					]
				},
				{
					"name": "Face",
					"parent": "Head",
					"pivot": [0, -0.3, 0]
				},
				{
					"name": "Eyelid",
					"parent": "Face",
					"pivot": [0, 33.6, 0]
				},
				{
					"name": "YanBaiR",
					"parent": "Eyelid",
					"pivot": [-2.5, 32.6, -3.025],
					"cubes": [
						{"origin": [-3.5, 32.6, -3.525], "size": [2, 2, 1], "uv": [71, 44]}
					]
				},
				{
					"name": "EyeR",
					"parent": "YanBaiR",
					"pivot": [-2.325, 32.6, -3.075]
				},
				{
					"name": "EyeNR",
					"parent": "EyeR",
					"pivot": [-2.325, 32.6, -3.075],
					"cubes": [
						{"origin": [-3.025, 32.6, -3.575], "size": [1.4, 2, 1], "uv": [61, 75]},
						{"origin": [-2.05, 33.95, -3.6], "size": [0.5, 0.3, 1], "uv": [4, 107]}
					]
				},
				{
					"name": "EyeNRR",
					"parent": "EyeNR",
					"pivot": [-2.325, 33.6, -3.09375],
					"cubes": [
						{"origin": [-2.6, 33.2, -3.6], "size": [0.55, 0.8, 1.025], "uv": [2, 117], "mirror": true}
					]
				},
				{
					"name": "EyeRedR",
					"parent": "EyeR",
					"pivot": [-2.325, 33.6, -2.075],
					"cubes": [
						{"origin": [-3.025, 32.6, -2.575], "size": [1.4, 2, 1], "uv": [21, 65], "mirror": true}
					]
				},
				{
					"name": "YanBaiL",
					"parent": "Eyelid",
					"pivot": [2.5, 32.6, -3.025],
					"cubes": [
						{"origin": [1.5, 32.6, -3.525], "size": [2, 2, 1], "uv": [31, 67]}
					]
				},
				{
					"name": "EyeL",
					"parent": "YanBaiL",
					"pivot": [2.325, 32.6, -3.075]
				},
				{
					"name": "EyeNL",
					"parent": "EyeL",
					"pivot": [2.325, 32.6, -3.075],
					"cubes": [
						{"origin": [1.625, 32.6, -3.575], "size": [1.4, 2, 1], "uv": [73, 14]},
						{"origin": [2.625, 33.95, -3.6], "size": [0.5, 0.3, 1], "uv": [4, 107]}
					]
				},
				{
					"name": "EyeNLL",
					"parent": "EyeNL",
					"pivot": [2.325, 33.6, -3.09375],
					"cubes": [
						{"origin": [2.05, 33.2, -3.6], "size": [0.55, 0.8, 1.025], "uv": [2, 117]}
					]
				},
				{
					"name": "EyeRedL",
					"parent": "EyeL",
					"pivot": [2.325, 33.6, -2.075],
					"cubes": [
						{"origin": [1.625, 32.6, -2.575], "size": [1.4, 2, 1], "uv": [21, 65]}
					]
				},
				{
					"name": "Eyebrow",
					"parent": "Face",
					"pivot": [2.875, 34.4, -3.2]
				},
				{
					"name": "MeiMaoL",
					"parent": "Eyebrow",
					"pivot": [2.875, 34.4, -3.2],
					"cubes": [
						{"origin": [1.375, 34.4, -3.7], "size": [2.3, 1, 1], "uv": [69, 12]},
						{"origin": [3.35, 34.125, -3.95], "size": [1.1, 1, 1], "uv": [42, 79]}
					]
				},
				{
					"name": "MeiMaoR",
					"parent": "Eyebrow",
					"pivot": [-2.875, 34.4, -3.2],
					"cubes": [
						{"origin": [-3.675, 34.4, -3.7], "size": [2.3, 1, 1], "uv": [47, 73]},
						{"origin": [-4.45, 34.125, -3.95], "size": [1.1, 1, 1], "uv": [78, 57]}
					]
				},
				{
					"name": "Zui",
					"parent": "Face",
					"pivot": [0, 32.3, -2.5]
				},
				{
					"name": "Zui2",
					"parent": "Zui",
					"pivot": [0.14167, 32.2, -3.58333],
					"cubes": [
						{"origin": [-0.9, 32.475, -3.55], "size": [1.8, 0.1, 1], "uv": [3, 124]},
						{"origin": [-0.6, 31.85, -3.55], "size": [1.2, 0.75, 1], "uv": [4, 124]}
					]
				},
				{
					"name": "bone23",
					"parent": "Zui2",
					"pivot": [0.375, 32.75, -3.55],
					"rotation": [0, 0, 8.25],
					"cubes": [
						{"origin": [-0.00695, 32.5031, -3.55], "size": [0.925, 0.15, 1], "uv": [3, 124]}
					]
				},
				{
					"name": "bone24",
					"parent": "Zui2",
					"pivot": [-0.375, 32.75, -3.55],
					"rotation": [0, 0, -8.25],
					"cubes": [
						{"origin": [-0.91805, 32.5031, -3.55], "size": [0.9, 0.15, 1], "uv": [3, 124]}
					]
				},
				{
					"name": "bone10",
					"parent": "Zui2",
					"pivot": [0.5125, 32.875, -3.65],
					"rotation": [0, 0, 45]
				},
				{
					"name": "bone3",
					"parent": "Zui2",
					"pivot": [-0.65, 32.425, -3.55],
					"rotation": [0, 0, 65],
					"cubes": [
						{"origin": [-0.775, 32.225, -3.55], "size": [0.675, 0.4, 1], "uv": [3, 124]}
					]
				},
				{
					"name": "bone9",
					"parent": "Zui2",
					"pivot": [0.65, 32.425, -3.55],
					"rotation": [0, 0, -65],
					"cubes": [
						{"origin": [0.1, 32.225, -3.55], "size": [0.675, 0.4, 1], "uv": [3, 124]}
					]
				},
				{
					"name": "RAB_Zui",
					"parent": "Zui",
					"pivot": [0, 32.36443, -3.525],
					"cubes": [
						{"origin": [-0.46313, 32.15748, -3.525], "size": [0.5, 0.175, 1], "pivot": [-0.32964, 32.33614, -3.525], "rotation": [0, 0, -30], "uv": [4, 123]},
						{"origin": [-0.27832, 31.90656, -3.525], "size": [0.15, 0.5, 1], "pivot": [-0.32964, 32.33614, -3.525], "rotation": [0, 0, 117.5], "uv": [4, 123]},
						{"origin": [-0.06187, 32.15748, -3.525], "size": [0.525, 0.175, 1], "pivot": [0.32964, 32.33614, -3.525], "rotation": [0, 0, 30], "uv": [4, 123]},
						{"origin": [0.12832, 31.90656, -3.525], "size": [0.15, 0.5, 1], "pivot": [0.32964, 32.33614, -3.525], "rotation": [0, 0, -117.5], "uv": [4, 123]}
					]
				},
				{
					"name": "Arm",
					"parent": "UpperBody",
					"pivot": [0, 30, 0]
				},
				{
					"name": "RightArm",
					"parent": "Arm",
					"pivot": [-4.4, 29.7, 0],
					"rotation": [0, 0, 18],
					"cubes": [
						{"origin": [-6.2, 26.45, -1.8], "size": [3.65, 1, 3.6], "uv": [99, 97], "mirror": true},
						{"origin": [-6.1, 27.35, -1.7], "size": [3.45, 1.1, 3.4], "uv": [109, 84], "mirror": true},
						{"origin": [-6.2, 28.15, -1.8], "size": [3.65, 1, 3.6], "uv": [99, 97], "mirror": true},
						{"origin": [-6, 23.65, -1.6], "size": [3.25, 7.2, 3.2], "uv": [12, 65], "mirror": true},
						{"origin": [-5.9, 23.75, -1.5], "size": [3.05, 7, 3], "uv": [0, 72]}
					]
				},
				{
					"name": "RightForeArm",
					"parent": "RightArm",
					"pivot": [-3.875, 24.5, 0.025],
					"cubes": [
						{"origin": [-6.225, 18.6, -1.7], "size": [3.5, 1, 3.5], "uv": [10, 40], "mirror": true},
						{"origin": [-5.975, 19.1, -1.575], "size": [3.2, 5, 3.2], "uv": [65, 72], "mirror": true}
					]
				},
				{
					"name": "RightHand",
					"parent": "RightForeArm",
					"pivot": [-3.875, 18.5, 0.025],
					"cubes": [
						{"origin": [-5.875, 16.75, -1.475], "size": [3, 7, 3], "uv": [0, 62], "mirror": true}
					]
				},
				{
					"name": "RightHandLocator",
					"parent": "RightHand",
					"pivot": [-3.875, 17.5, 0.025]
				},
				{
					"name": "LeftArm",
					"parent": "Arm",
					"pivot": [4.4, 29.7, 0],
					"rotation": [0, 0, -18],
					"cubes": [
						{"origin": [2.85, 23.75, -1.5], "size": [3.05, 7, 3], "uv": [56, 65]},
						{"origin": [2.55, 28.15, -1.8], "size": [3.65, 1, 3.6], "uv": [99, 97]},
						{"origin": [2.55, 26.45, -1.8], "size": [3.65, 1, 3.6], "uv": [99, 97]},
						{"origin": [2.65, 27.35, -1.7], "size": [3.45, 1.1, 3.4], "uv": [109, 84]},
						{"origin": [2.75, 23.65, -1.6], "size": [3.25, 7.2, 3.2], "uv": [12, 65]}
					]
				},
				{
					"name": "LeftForeArm",
					"parent": "LeftArm",
					"pivot": [3.875, 24.5, 0.025],
					"cubes": [
						{"origin": [2.725, 18.6, -1.7], "size": [3.5, 1, 3.5], "uv": [10, 40]},
						{"origin": [2.775, 19.1, -1.575], "size": [3.2, 5, 3.2], "uv": [65, 72]}
					]
				},
				{
					"name": "LeftHand",
					"parent": "LeftForeArm",
					"pivot": [3.875, 18.5, 0.025],
					"cubes": [
						{"origin": [2.875, 16.75, -1.475], "size": [3, 7, 3], "uv": [0, 62]}
					]
				},
				{
					"name": "LeftHandLocator",
					"parent": "LeftHand",
					"pivot": [3.875, 17.5, 0.025]
				},
				{
					"name": "Elytra",
					"parent": "UpperBody",
					"pivot": [0, 30.74747, 2.3]
				},
				{
					"name": "ElytraLocator",
					"parent": "Elytra",
					"pivot": [0, 30.74747, 2.3]
				},
				{
					"name": "DownBody",
					"parent": "AllBody",
					"pivot": [0, 22.075, 0.1]
				},
				{
					"name": "wb",
					"parent": "DownBody",
					"pivot": [0.5, 10.675, 0],
					"cubes": [
						{"origin": [-3.95, 19.175, -2.5], "size": [7.95, 2.2, 5], "uv": [22, 24]},
						{"origin": [-4.2, 18.125, -2.8], "size": [8.4, 2.2, 5.475], "uv": [21, 15]}
					]
				},
				{
					"name": "WeiBa",
					"parent": "wb",
					"pivot": [0, 23.425, 1.675],
					"rotation": [35, 0, 0],
					"cubes": [
						{"origin": [-2.5, 19.815, 1.575], "size": [5, 4, 3], "pivot": [0, 19.925, 3.875], "rotation": [27.5, 0, 0], "uv": [63, 4]}
					]
				},
				{
					"name": "WeiBa2",
					"parent": "WeiBa",
					"pivot": [0, 19.70025, 3.38568],
					"rotation": [-52.5, 0, 0],
					"cubes": [
						{"origin": [-2, 17.33883, 2.61392], "size": [4, 3, 3], "pivot": [0, 18.83883, 4.11392], "rotation": [-29.5, 0, 0], "uv": [36, 73]}
					]
				},
				{
					"name": "WeiBa3",
					"parent": "WeiBa2",
					"pivot": [0, 18.30817, 5.07502],
					"rotation": [32.5, 0, 0],
					"cubes": [
						{"origin": [-1, 10.99077, 4.31368], "size": [2, 5.6, 1], "pivot": [0, 12.79077, 4.81368], "rotation": [11.5, 0, 0], "uv": [0, 0]},
						{"origin": [-1.96177, 15.19952, 3.4348], "size": [2, 5, 2], "pivot": [-2.18677, 16.12452, 4.2598], "rotation": [12.05473, -26.48322, -8.13759], "uv": [0, 14]},
						{"origin": [-0.03823, 15.19952, 3.4348], "size": [2, 5, 2], "pivot": [2.18677, 16.12452, 4.2598], "rotation": [12.05473, 26.48322, 8.13759], "uv": [0, 14], "mirror": true},
						{"origin": [-1.5, 14.60901, 3.28518], "size": [3, 3, 3], "pivot": [1, 18.71401, 2.90518], "rotation": [13.5, 0, 0], "uv": [74, 44]}
					]
				},
				{
					"name": "bone2",
					"parent": "WeiBa3",
					"pivot": [0, 12.23721, 5.859],
					"cubes": [
						{"origin": [-2, 12.60901, 5.16018], "size": [4, 3, 2], "pivot": [1.5, 18.71401, 2.90518], "rotation": [-1.25, 0, 0], "uv": [12, 75]},
						{"origin": [-1.5, 8.22441, 4.58532], "size": [3, 5, 1], "pivot": [0, 10.72441, 5.08532], "rotation": [-24.5, 0, 0], "uv": [82, 83]}
					]
				},
				{
					"name": "Skirt",
					"parent": "DownBody",
					"pivot": [0, 20.75, 0.0125]
				},
				{
					"name": "You",
					"parent": "Skirt",
					"pivot": [-3.525, 22.425, 0.0375],
					"rotation": [0, 0, 17.5],
					"cubes": [
						{"origin": [-3.625, 19.7, -1.9625], "size": [1, 3, 4], "uv": [44, 79]},
						{"origin": [-3.625, 16.7, -3.1375], "size": [1, 3, 6], "uv": [26, 58]},
						{"origin": [-4.325, 19.575, -1.9625], "size": [1, 3, 4], "uv": [116, 102]},
						{"origin": [-4.325, 22.575, -1.9625], "size": [1, 3, 4], "uv": [116, 102]},
						{"origin": [-4.325, 16.575, -3.1375], "size": [1, 3, 6], "uv": [98, 103]}
					]
				},
				{
					"name": "Zuo",
					"parent": "Skirt",
					"pivot": [3.6, 22.425, 0.0375],
					"rotation": [0, 0, -17.5],
					"cubes": [
						{"origin": [2.7, 19.6, -1.9625], "size": [1, 3, 4], "uv": [56, 79]},
						{"origin": [3.325, 16.575, -3.1375], "size": [1, 3, 6], "uv": [98, 103], "mirror": true},
						{"origin": [3.325, 19.575, -1.9625], "size": [1, 3, 4], "uv": [116, 102], "mirror": true},
						{"origin": [3.325, 22.575, -1.9625], "size": [1, 3, 4], "uv": [116, 102], "mirror": true},
						{"origin": [2.7, 16.6, -3.1375], "size": [1, 3, 6], "uv": [58, 56]}
					]
				},
				{
					"name": "Qian",
					"parent": "Skirt",
					"pivot": [0, 22.775, -2.0125],
					"rotation": [-20, 0, 0],
					"cubes": [
						{"origin": [-4.25, 19.775, -2.0625], "size": [8.475, 2, 1.1], "uv": [21, 3]},
						{"origin": [-3.7375, 21.775, -2.0625], "size": [7.475, 1, 1.1], "uv": [71, 2]},
						{"origin": [-2.2375, 16.125, -2.3875], "size": [4.475, 8, 1.1], "uv": [61, 96]},
						{"origin": [2.4875, 16.275, -2.2375], "size": [2.475, 7, 1.1], "pivot": [2.9, 19.875, -1.6875], "rotation": [0, 0, -15], "uv": [81, 90]},
						{"origin": [-4.9625, 16.275, -2.2375], "size": [2.475, 7, 1.1], "pivot": [-2.9, 19.875, -1.6875], "rotation": [0, 0, 15], "uv": [81, 90], "mirror": true},
						{"origin": [-4.7375, 16.775, -2.0625], "size": [9.475, 3, 1.1], "uv": [52, 41]}
					]
				},
				{
					"name": "Qian2",
					"parent": "Skirt",
					"pivot": [0, 22.625, 2.1875],
					"rotation": [12.5, 0, 0],
					"cubes": [
						{"origin": [-4.25, 19.625, 1.1375], "size": [8.475, 3, 1.1], "uv": [36, 69]},
						{"origin": [-4.7375, 16.625, 1.1375], "size": [9.475, 3, 1.1], "uv": [51, 0]},
						{"origin": [-2.4875, 16.025, 1.3875], "size": [4.975, 8, 1.1], "uv": [101, 60]},
						{"origin": [1.4875, 16.25, 1.3375], "size": [3.475, 7, 1.1], "pivot": [2.9, 19.85, 1.6875], "rotation": [0, 0, -15], "uv": [91, 60]},
						{"origin": [-4.9625, 16.25, 1.3375], "size": [3.475, 7, 1.1], "pivot": [-2.9, 19.85, 1.6875], "rotation": [0, 0, 15], "uv": [91, 60], "mirror": true}
					]
				},
				{
					"name": "RightLeg",
					"parent": "DownBody",
					"pivot": [-2.4, 20.15, -1],
					"cubes": [
						{"origin": [-3.55, 9.65, -1.375], "size": [2.65, 3, 3], "uv": [0, 82]},
						{"origin": [-4.6, 13.3, -0.25], "size": [1, 3, 1.2], "pivot": [-4.1, 14.15, -0.1], "rotation": [-35, 0, 0], "uv": [112, 15]},
						{"origin": [-4.575, 13.275, -0.925], "size": [1, 3, 1.2], "pivot": [-4.1, 14.15, 0.1], "rotation": [35, 0, 0], "uv": [112, 15]},
						{"origin": [-4.8, 13.75, -0.5], "size": [1, 2, 1.2], "pivot": [-4.2, 14.75, 0.1], "rotation": [0, 0, -5], "uv": [112, 20]},
						{"origin": [-4.125, 14.65, -2.1], "size": [3.85, 1, 4.2], "uv": [113, 20]},
						{"origin": [-4.025, 10.65, -2], "size": [3.65, 10, 4], "uv": [22, 31]}
					]
				},
				{
					"name": "RightLowerLeg",
					"parent": "RightLeg",
					"pivot": [-2.2, 10.7, 0],
					"cubes": [
						{"origin": [-3.9, 2, -1.9], "size": [3.4, 9, 4], "uv": [41, 0]},
						{"origin": [-4, 1.925, -1.975], "size": [3.6, 9.175, 4.175], "uv": [0, 40]},
						{"origin": [-4.125, 1.1, -2.1], "size": [3.875, 6, 4.375], "uv": [50, 52]},
						{"origin": [-4.35, 6.9, -2.325], "size": [4.325, 2, 4.8], "uv": [99, 90], "mirror": true},
						{"origin": [-3.175, 3.12111, -2.45727], "size": [1.625, 1, 3], "pivot": [-2.8625, 3.62111, -1.95727], "rotation": [87.5, 0, 0], "uv": [96, 4], "mirror": true}
					]
				},
				{
					"name": "HDJ2",
					"parent": "RightLowerLeg",
					"pivot": [-0.5, 3.95, 2.175],
					"cubes": [
						{"origin": [-2.73451, 5.20364, -2.92796], "size": [1, 1, 1.1], "pivot": [-2.22857, 5.71677, -2.14431], "rotation": [0, 0, -0.6484], "uv": [124, 39]},
						{"origin": [-3.53525, 5.11387, -2.51573], "size": [1, 1, 1], "pivot": [-2.22857, 5.71677, -2.14431], "rotation": [0, 0, 25.02222], "uv": [123, 65]},
						{"origin": [-3.52473, 5.31761, -2.49092], "size": [1, 1, 1], "pivot": [-2.22857, 5.71677, -2.14431], "rotation": [0, 0, -24.81987], "uv": [122, 59]},
						{"origin": [-1.94314, 5.3126, -2.54195], "size": [1, 1, 1], "pivot": [-2.22857, 5.71677, -2.14431], "rotation": [0, 0, 24.66757], "uv": [116, 62]},
						{"origin": [-1.93262, 5.11887, -2.51676], "size": [1, 1, 1], "pivot": [-2.22857, 5.71677, -2.14431], "rotation": [0, 0, -26.54335], "uv": [115, 55]}
					]
				},
				{
					"name": "RightFoot",
					"parent": "RightLowerLeg",
					"pivot": [2.1875, 1.5, -0.8625],
					"cubes": [
						{"origin": [-4.15, 1, -4.325], "size": [3.925, 2, 6.75], "uv": [49, 14], "mirror": true},
						{"origin": [-4.125, 0, -4.275], "size": [3.85, 1.2, 3.775], "uv": [80, 30], "mirror": true},
						{"origin": [-4.125, 0, 0.5], "size": [3.85, 1.2, 1.775], "uv": [30, 22], "mirror": true},
						{"origin": [-3.2, 2.675, -3.4], "size": [1.675, 1, 2], "pivot": [-3.2625, 2.5, -2.9], "rotation": [22.5, 0, 0], "uv": [55, 4], "mirror": true}
					]
				},
				{
					"name": "LeftLeg",
					"parent": "DownBody",
					"pivot": [2.4, 20.15, -1],
					"cubes": [
						{"origin": [0.9, 9.65, -1.375], "size": [2.65, 3, 3], "uv": [81, 4]},
						{"origin": [0.375, 10.65, -2], "size": [3.65, 10, 4], "uv": [36, 31]}
					]
				},
				{
					"name": "LeftLowerLeg",
					"parent": "LeftLeg",
					"pivot": [2.2, 10.7, 0],
					"cubes": [
						{"origin": [0.5, 2, -1.9], "size": [3.4, 9, 4], "uv": [28, 45]},
						{"origin": [0.4, 1.925, -1.975], "size": [3.6, 9.175, 4.175], "uv": [14, 45]},
						{"origin": [0.25, 1.1, -2.1], "size": [3.875, 6, 4.375], "uv": [50, 52]},
						{"origin": [0.025, 6.9, -2.325], "size": [4.325, 2, 4.8], "uv": [99, 90]}
					]
				},
				{
					"name": "LeftFoot",
					"parent": "LeftLowerLeg",
					"pivot": [2.1875, 1.5, -0.8625],
					"cubes": [
						{"origin": [0.225, 1, -4.325], "size": [3.925, 2, 6.75], "uv": [49, 14]},
						{"origin": [0.275, 0, -4.275], "size": [3.85, 1.2, 3.775], "uv": [80, 30]},
						{"origin": [0.275, 0, 0.5], "size": [3.85, 1.2, 1.775], "uv": [30, 22]},
						{"origin": [1.375, 2.675, -3.4], "size": [1.675, 1, 2], "pivot": [2.1125, 2.5, -2.9], "rotation": [22.5, 0, 0], "uv": [55, 4]},
						{"origin": [1.4, 3.12111, -2.45727], "size": [1.625, 1, 3], "pivot": [1.7125, 3.62111, -1.95727], "rotation": [87.5, 0, 0], "uv": [96, 4]}
					]
				},
				{
					"name": "HDJ4",
					"parent": "LeftFoot",
					"pivot": [-0.5, 3.95, 2.175],
					"cubes": [
						{"origin": [1.73451, 5.20364, -2.92796], "size": [1, 1, 1.1], "pivot": [2.22857, 5.71677, -2.14431], "rotation": [0, 0, 0.6484], "uv": [124, 39], "mirror": true},
						{"origin": [2.53525, 5.11387, -2.51573], "size": [1, 1, 1], "pivot": [2.22857, 5.71677, -2.14431], "rotation": [0, 0, -25.02222], "uv": [123, 65], "mirror": true},
						{"origin": [2.52473, 5.31761, -2.49092], "size": [1, 1, 1], "pivot": [2.22857, 5.71677, -2.14431], "rotation": [0, 0, 24.81987], "uv": [122, 59], "mirror": true},
						{"origin": [0.94314, 5.3126, -2.54195], "size": [1, 1, 1], "pivot": [2.22857, 5.71677, -2.14431], "rotation": [0, 0, -24.66757], "uv": [116, 62], "mirror": true},
						{"origin": [0.93262, 5.11887, -2.51676], "size": [1, 1, 1], "pivot": [2.22857, 5.71677, -2.14431], "rotation": [0, 0, 26.54335], "uv": [115, 55], "mirror": true}
					]
				}
			]
		}
	]
}