{
	"format_version": "1.12.0",
	"minecraft:geometry": [
		{
			"description": {
				"identifier": "geometry.unknown",
				"texture_width": 128,
				"texture_height": 128,
				"visible_bounds_width": 3,
				"visible_bounds_height": 4.5,
				"visible_bounds_offset": [0, 1.75, 0]
			},
			"bones": [
				{
					"name": "RightArm",
					"pivot": [-1.03, 27.17375, 0],
					"cubes": [
						{
							"origin": [-3.1675, 21.52125, -1.425],
							"size": [2.5975, 6.65, 2.85],
							"uv": {
								"north": {"uv": [55, 21], "uv_size": [2.5, 6.5]},
								"east": {"uv": [50, 34], "uv_size": [3, 6.5]},
								"south": {"uv": [55, 39], "uv_size": [2.5, 6.5]},
								"west": {"uv": [45, 50], "uv_size": [3, 6.5]},
								"up": {"uv": [71, 56], "uv_size": [2.5, 3]},
								"down": {"uv": [0, 75], "uv_size": [2.5, -3]}
							}
						},
						{
							"origin": [-3.2832, 21.26799, -1.49625],
							"size": [2.74238, 6.9825, 2.9925],
							"uv": {
								"north": {"uv": [13, 52], "uv_size": [2.5, 7]},
								"east": {"uv": [39, 44], "uv_size": [3, 7]},
								"south": {"uv": [52, 13], "uv_size": [2.5, 7]},
								"west": {"uv": [42, 44], "uv_size": [3, 7]},
								"up": {"uv": [3, 72], "uv_size": [2.5, 3]},
								"down": {"uv": [11, 75], "uv_size": [2.5, -3]}
							}
						},
						{
							"origin": [-3.15826, 21.23475, -1.84994],
							"size": [2.4925, 1.6725, 1.6925],
							"pivot": [1.7, 22.56774, 0.42137],
							"rotation": [43, 0, 0],
							"uv": {
								"north": {"uv": [66, 85], "uv_size": [2.5, 1.5]},
								"east": {"uv": [6, 92], "uv_size": [1.5, 1.5]},
								"south": {"uv": [85, 68], "uv_size": [2.5, 1.5]},
								"west": {"uv": [92, 7], "uv_size": [1.5, 1.5]},
								"up": {"uv": [85, 70], "uv_size": [2.5, 1.5]},
								"down": {"uv": [85, 73.5], "uv_size": [2.5, -1.5]}
							}
						},
						{
							"origin": [-3.15826, 21.33475, 0.15744],
							"size": [2.4925, 1.5725, 1.6925],
							"pivot": [1.7, 22.56774, -0.42137],
							"rotation": [-43, 0, 0],
							"uv": {
								"north": {"uv": [85, 75], "uv_size": [2.5, 1.5]},
								"east": {"uv": [92, 10], "uv_size": [1.5, 1.5]},
								"south": {"uv": [85, 77], "uv_size": [2.5, 1.5]},
								"west": {"uv": [11, 92], "uv_size": [1.5, 1.5]},
								"up": {"uv": [85, 79], "uv_size": [2.5, 1.5]},
								"down": {"uv": [85, 82.5], "uv_size": [2.5, -1.5]}
							}
						}
					]
				},
				{
					"name": "RightForeArm2",
					"parent": "RightArm",
					"pivot": [-1.71875, 21.52125, 0.02375],
					"cubes": [
						{
							"origin": [-3.25826, 16.66049, -1.47131],
							"size": [2.6925, 5.2725, 2.9925],
							"uv": {
								"north": {"uv": [58, 61], "uv_size": [2.5, 5.5]},
								"east": {"uv": [52, 41], "uv_size": [3, 5.5]},
								"south": {"uv": [61, 61], "uv_size": [2.5, 5.5]},
								"west": {"uv": [53, 33], "uv_size": [3, 5.5]},
								"up": {"uv": [72, 49], "uv_size": [2.5, 3]},
								"down": {"uv": [63, 75], "uv_size": [2.5, -3]}
							}
						},
						{
							"origin": [-3.15826, 20.29275, -1.84994],
							"size": [2.4925, 1.6725, 1.6925],
							"pivot": [1.7, 20.63226, 0.42137],
							"rotation": [-43, 0, 0],
							"uv": {
								"north": {"uv": [85, 83], "uv_size": [2.5, 1.5]},
								"east": {"uv": [92, 12], "uv_size": [1.5, 1.5]},
								"south": {"uv": [85, 85], "uv_size": [2.5, 1.5]},
								"west": {"uv": [92, 14], "uv_size": [1.5, 1.5]},
								"up": {"uv": [86, 0], "uv_size": [2.5, 1.5]},
								"down": {"uv": [86, 3.5], "uv_size": [2.5, -1.5]}
							}
						},
						{
							"origin": [-3.15826, 20.29275, 0.15744],
							"size": [2.4925, 1.5725, 1.6925],
							"pivot": [1.7, 20.63226, -0.42137],
							"rotation": [43, 0, 0],
							"uv": {
								"north": {"uv": [86, 4], "uv_size": [2.5, 1.5]},
								"east": {"uv": [92, 29], "uv_size": [1.5, 1.5]},
								"south": {"uv": [86, 6], "uv_size": [2.5, 1.5]},
								"west": {"uv": [92, 32], "uv_size": [1.5, 1.5]},
								"up": {"uv": [86, 12], "uv_size": [2.5, 1.5]},
								"down": {"uv": [86, 15.5], "uv_size": [2.5, -1.5]}
							}
						},
						{
							"origin": [-3.35326, 16.56549, -1.56631],
							"size": [2.8825, 0.8075, 3.1825],
							"uv": {
								"north": {"uv": [90, 65], "uv_size": [3, 1]},
								"east": {"uv": [90, 66], "uv_size": [3, 1]},
								"south": {"uv": [90, 67], "uv_size": [3, 1]},
								"west": {"uv": [90, 68], "uv_size": [3, 1]},
								"up": {"uv": [47, 67], "uv_size": [3, 3]},
								"down": {"uv": [58, 70], "uv_size": [3, -3]}
							}
						},
						{
							"origin": [-3.35326, 17.51549, -0.33131],
							"size": [0.6175, 0.6175, 0.5225],
							"uv": {
								"north": {"uv": [101, 90], "uv_size": [0.5, 0.5]},
								"east": {"uv": [91, 101], "uv_size": [0.5, 0.5]},
								"south": {"uv": [101, 91], "uv_size": [0.5, 0.5]},
								"west": {"uv": [92, 101], "uv_size": [0.5, 0.5]},
								"up": {"uv": [101, 92], "uv_size": [0.5, 0.5]},
								"down": {"uv": [93, 101.5], "uv_size": [0.5, -0.5]}
							}
						},
						{
							"origin": [-3.14375, 14.87125, -1.40125],
							"size": [2.55, 6.65, 2.85],
							"uv": {
								"north": {"uv": [55, 46], "uv_size": [2.5, 6.5]},
								"east": {"uv": [48, 50], "uv_size": [3, 6.5]},
								"south": {"uv": [51, 55], "uv_size": [2.5, 6.5]},
								"west": {"uv": [51, 0], "uv_size": [3, 6.5]},
								"up": {"uv": [73, 6], "uv_size": [2.5, 3]},
								"down": {"uv": [73, 12], "uv_size": [2.5, -3]}
							}
						}
					]
				},
				{
					"name": "RightHandLocator2",
					"parent": "RightForeArm2",
					"pivot": [-1.71875, 16.29625, 0.02375]
				},
				{
					"name": "dao",
					"parent": "RightForeArm2",
					"pivot": [-1.61875, 15.32125, -2.27625],
					"rotation": [0, 0, 19],
					"cubes": [
						{
							"origin": [-2.21875, 14.92125, -1.87625],
							"size": [0.5, 1.2, 4.3],
							"pivot": [-2.51875, 15.72125, -0.87625],
							"rotation": [0, 0, -18],
							"uv": {
								"north": {"uv": [81, 100], "uv_size": [0.5, 1]},
								"east": {"uv": [81, 4], "uv_size": [4.5, 1]},
								"south": {"uv": [100, 81], "uv_size": [0.5, 1]},
								"west": {"uv": [81, 12], "uv_size": [4.5, 1]},
								"up": {"uv": [33, 92], "uv_size": [0.5, 4.5]},
								"down": {"uv": [34, 96.5], "uv_size": [0.5, -4.5]}
							}
						},
						{
							"origin": [-2.31875, 15.02125, -1.87625],
							"size": [0.7, 1, 4.2],
							"pivot": [-2.51875, 15.72125, -0.87625],
							"rotation": [0, 0, -18],
							"uv": {
								"north": {"uv": [82, 100], "uv_size": [0.5, 1]},
								"east": {"uv": [84, 49], "uv_size": [4, 1]},
								"south": {"uv": [100, 82], "uv_size": [0.5, 1]},
								"west": {"uv": [84, 57], "uv_size": [4, 1]},
								"up": {"uv": [3, 94], "uv_size": [0.5, 4]},
								"down": {"uv": [4, 98], "uv_size": [0.5, -4]}
							}
						},
						{
							"origin": [-2.21875, 15.02125, -2.37625],
							"size": [0.5, 1, 0.5],
							"pivot": [-2.51875, 15.72125, -0.87625],
							"rotation": [0, 0, -18],
							"uv": {
								"north": {"uv": [83, 100], "uv_size": [0.5, 1]},
								"east": {"uv": [100, 83], "uv_size": [0.5, 1]},
								"south": {"uv": [84, 100], "uv_size": [0.5, 1]},
								"west": {"uv": [100, 84], "uv_size": [0.5, 1]},
								"up": {"uv": [101, 93], "uv_size": [0.5, 0.5]},
								"down": {"uv": [94, 101.5], "uv_size": [0.5, -0.5]}
							}
						},
						{
							"origin": [-2.11875, 15.02125, -9.77625],
							"size": [0.3, 1, 7.4],
							"pivot": [-2.51875, 15.72125, -0.87625],
							"rotation": [0, 0, -18],
							"uv": {
								"north": {"uv": [85, 100], "uv_size": [0.5, 1]},
								"east": {"uv": [71, 26], "uv_size": [7.5, 1]},
								"south": {"uv": [100, 85], "uv_size": [0.5, 1]},
								"west": {"uv": [71, 27], "uv_size": [7.5, 1]},
								"up": {"uv": [9, 86], "uv_size": [0.5, 7.5]},
								"down": {"uv": [10, 93.5], "uv_size": [0.5, -7.5]}
							}
						},
						{
							"origin": [-2.11875, 15.52125, -10.67625],
							"size": [0.3, 0.5, 0.9],
							"pivot": [-2.51875, 15.72125, -0.87625],
							"rotation": [0, 0, -18],
							"uv": {
								"north": {"uv": [101, 94], "uv_size": [0.5, 0.5]},
								"east": {"uv": [86, 100], "uv_size": [1, 0.5]},
								"south": {"uv": [95, 101], "uv_size": [0.5, 0.5]},
								"west": {"uv": [100, 86], "uv_size": [1, 0.5]},
								"up": {"uv": [87, 100], "uv_size": [0.5, 1]},
								"down": {"uv": [100, 88], "uv_size": [0.5, -1]}
							}
						},
						{
							"origin": [-2.11875, 14.32125, -9.07625],
							"size": [0.3, 0.7, 6.6],
							"pivot": [-2.51875, 15.72125, -0.87625],
							"rotation": [0, 0, -18],
							"uv": {
								"north": {"uv": [101, 95], "uv_size": [0.5, 0.5]},
								"east": {"uv": [88, 16], "uv_size": [6.5, 0.5]},
								"south": {"uv": [96, 101], "uv_size": [0.5, 0.5]},
								"west": {"uv": [88, 17], "uv_size": [6.5, 0.5]},
								"up": {"uv": [2, 88], "uv_size": [0.5, 6.5]},
								"down": {"uv": [8, 94.5], "uv_size": [0.5, -6.5]}
							}
						},
						{
							"origin": [-2.11875, 13.72125, -8.27625],
							"size": [0.3, 0.6, 5.8],
							"pivot": [-2.51875, 15.72125, -0.87625],
							"rotation": [0, 0, -18],
							"uv": {
								"north": {"uv": [101, 96], "uv_size": [0.5, 0.5]},
								"east": {"uv": [90, 69], "uv_size": [6, 0.5]},
								"south": {"uv": [97, 101], "uv_size": [0.5, 0.5]},
								"west": {"uv": [90, 70], "uv_size": [6, 0.5]},
								"up": {"uv": [72, 90], "uv_size": [0.5, 6]},
								"down": {"uv": [73, 96], "uv_size": [0.5, -6]}
							}
						},
						{
							"origin": [-0.91567, 10.01854, -11.24053],
							"size": [0.3, 0.6, 3],
							"pivot": [-1.31567, 12.01854, -2.44053],
							"rotation": [-37, 0, -18],
							"uv": {
								"north": {"uv": [101, 97], "uv_size": [0.5, 0.5]},
								"east": {"uv": [95, 64], "uv_size": [3, 0.5]},
								"south": {"uv": [98, 101], "uv_size": [0.5, 0.5]},
								"west": {"uv": [65, 95], "uv_size": [3, 0.5]},
								"up": {"uv": [95, 65], "uv_size": [0.5, 3]},
								"down": {"uv": [68, 98], "uv_size": [0.5, -3]}
							}
						},
						{
							"origin": [-2.37, 15.42125, -0.77625],
							"size": [0.8, 0.2, 0.2],
							"pivot": [-2.51875, 15.72125, -0.87625],
							"rotation": [0, 0, -18],
							"uv": {
								"north": {"uv": [88, 100], "uv_size": [1, 0.5]},
								"east": {"uv": [101, 98], "uv_size": [0.5, 0.5]},
								"south": {"uv": [100, 88], "uv_size": [1, 0.5]},
								"west": {"uv": [99, 101], "uv_size": [0.5, 0.5]},
								"up": {"uv": [89, 100], "uv_size": [1, 0.5]},
								"down": {"uv": [100, 89.5], "uv_size": [1, -0.5]}
							}
						},
						{
							"origin": [-2.37, 15.42125, 1.42375],
							"size": [0.8, 0.2, 0.2],
							"pivot": [-2.51875, 15.72125, -0.87625],
							"rotation": [0, 0, -18],
							"uv": {
								"north": {"uv": [90, 100], "uv_size": [1, 0.5]},
								"east": {"uv": [101, 99], "uv_size": [0.5, 0.5]},
								"south": {"uv": [100, 90], "uv_size": [1, 0.5]},
								"west": {"uv": [100, 101], "uv_size": [0.5, 0.5]},
								"up": {"uv": [91, 100], "uv_size": [1, 0.5]},
								"down": {"uv": [100, 91.5], "uv_size": [1, -0.5]}
							}
						}
					]
				},
				{
					"name": "LeftArm",
					"pivot": [0.53, 27.17375, 0],
					"cubes": [
						{
							"origin": [0.07, 21.52125, -1.425],
							"size": [2.5975, 6.65, 2.85],
							"uv": {
								"north": {"uv": [54, 0], "uv_size": [2.5, 6.5]},
								"east": {"uv": [48, 7], "uv_size": [3, 6.5]},
								"south": {"uv": [3, 55], "uv_size": [2.5, 6.5]},
								"west": {"uv": [49, 14], "uv_size": [3, 6.5]},
								"up": {"uv": [19, 71], "uv_size": [2.5, 3]},
								"down": {"uv": [71, 23], "uv_size": [2.5, -3]}
							}
						},
						{
							"origin": [-0.03383, 21.30664, -1.49625],
							"size": [2.74238, 6.9825, 2.9925],
							"uv": {
								"north": {"uv": [42, 51], "uv_size": [2.5, 7]},
								"east": {"uv": [0, 43], "uv_size": [3, 7]},
								"south": {"uv": [10, 52], "uv_size": [2.5, 7]},
								"west": {"uv": [44, 24], "uv_size": [3, 7]},
								"up": {"uv": [71, 23], "uv_size": [2.5, 3]},
								"down": {"uv": [28, 74], "uv_size": [2.5, -3]}
							}
						},
						{
							"origin": [0.11605, 7.33154, -33.02189],
							"size": [2.4925, 1.6725, 1.3925],
							"pivot": [1.72494, -26.89182, 0.54942],
							"rotation": [-43, 0, 0],
							"uv": {
								"north": {"uv": [85, 30], "uv_size": [2.5, 1.5]},
								"east": {"uv": [91, 48], "uv_size": [1.5, 1.5]},
								"south": {"uv": [36, 85], "uv_size": [2.5, 1.5]},
								"west": {"uv": [91, 58], "uv_size": [1.5, 1.5]},
								"up": {"uv": [85, 36], "uv_size": [2.5, 1.5]},
								"down": {"uv": [85, 39.5], "uv_size": [2.5, -1.5]}
							}
						},
						{
							"origin": [0.11605, 7.49758, -33.58254],
							"size": [2.4925, 1.3725, 1.7925],
							"pivot": [1.72494, -26.32578, -0.01123],
							"rotation": [-43, 0, 0],
							"uv": {
								"north": {"uv": [85, 40], "uv_size": [2.5, 1.5]},
								"east": {"uv": [88, 59], "uv_size": [2, 1.5]},
								"south": {"uv": [85, 42], "uv_size": [2.5, 1.5]},
								"west": {"uv": [88, 72], "uv_size": [2, 1.5]},
								"up": {"uv": [80, 73], "uv_size": [2.5, 2]},
								"down": {"uv": [80, 77], "uv_size": [2.5, -2]}
							}
						}
					]
				},
				{
					"name": "LeftForeArm2",
					"parent": "LeftArm",
					"pivot": [1.21875, 21.52125, 0.02375],
					"cubes": [
						{
							"origin": [0.09375, 14.87125, -1.40125],
							"size": [2.55, 6.65, 2.85],
							"uv": {
								"north": {"uv": [55, 7], "uv_size": [2.5, 6.5]},
								"east": {"uv": [49, 43], "uv_size": [3, 6.5]},
								"south": {"uv": [55, 14], "uv_size": [2.5, 6.5]},
								"west": {"uv": [0, 50], "uv_size": [3, 6.5]},
								"up": {"uv": [31, 71], "uv_size": [2.5, 3]},
								"down": {"uv": [71, 37], "uv_size": [2.5, -3]}
							}
						},
						{
							"origin": [0.09111, 21.45581, -0.99798],
							"size": [2.4925, 1.3725, 1.7925],
							"pivot": [1.6, 21.75167, -0.02667],
							"rotation": [43, 0, 0],
							"uv": {
								"north": {"uv": [85, 44], "uv_size": [2.5, 1.5]},
								"east": {"uv": [90, 29], "uv_size": [2, 1.5]},
								"south": {"uv": [85, 46], "uv_size": [2.5, 1.5]},
								"west": {"uv": [90, 50], "uv_size": [2, 1.5]},
								"up": {"uv": [81, 2], "uv_size": [2.5, 2]},
								"down": {"uv": [28, 83], "uv_size": [2.5, -2]}
							}
						},
						{
							"origin": [0.09111, 21.32185, -0.43733],
							"size": [2.4925, 1.6725, 1.3925],
							"pivot": [1.6, 22.31771, 0.53398],
							"rotation": [43, 0, 0],
							"uv": {
								"north": {"uv": [85, 53], "uv_size": [2.5, 1.5]},
								"east": {"uv": [4, 92], "uv_size": [1.5, 1.5]},
								"south": {"uv": [85, 55], "uv_size": [2.5, 1.5]},
								"west": {"uv": [92, 5], "uv_size": [1.5, 1.5]},
								"up": {"uv": [57, 85], "uv_size": [2.5, 1.5]},
								"down": {"uv": [85, 60.5], "uv_size": [2.5, -1.5]}
							}
						}
					]
				},
				{
					"name": "bone3",
					"parent": "LeftForeArm2",
					"pivot": [-2.3, -2.3, 0],
					"cubes": [
						{
							"origin": [-0.10389, 19.60914, -1.56631],
							"size": [2.8825, 0.8075, 3.1825],
							"uv": {
								"north": {"uv": [89, 32], "uv_size": [3, 1]},
								"east": {"uv": [60, 90], "uv_size": [3, 1]},
								"south": {"uv": [90, 60], "uv_size": [3, 1]},
								"west": {"uv": [90, 61], "uv_size": [3, 1]},
								"up": {"uv": [66, 53], "uv_size": [3, 3]},
								"down": {"uv": [9, 70], "uv_size": [3, -3]}
							}
						},
						{
							"origin": [2.14076, 20.61549, -0.33131],
							"size": [0.6175, 0.6175, 0.5225],
							"uv": {
								"north": {"uv": [101, 84], "uv_size": [0.5, 0.5]},
								"east": {"uv": [85, 101], "uv_size": [0.5, 0.5]},
								"south": {"uv": [101, 85], "uv_size": [0.5, 0.5]},
								"west": {"uv": [86, 101], "uv_size": [0.5, 0.5]},
								"up": {"uv": [101, 86], "uv_size": [0.5, 0.5]},
								"down": {"uv": [87, 101.5], "uv_size": [0.5, -0.5]}
							}
						},
						{
							"origin": [-0.00889, 19.70414, -1.47131],
							"size": [2.6925, 1.6725, 2.9925],
							"uv": {
								"north": {"uv": [85, 63], "uv_size": [2.5, 1.5]},
								"east": {"uv": [81, 77], "uv_size": [3, 1.5]},
								"south": {"uv": [85, 65], "uv_size": [2.5, 1.5]},
								"west": {"uv": [79, 81], "uv_size": [3, 1.5]},
								"up": {"uv": [71, 37], "uv_size": [2.5, 3]},
								"down": {"uv": [71, 43], "uv_size": [2.5, -3]}
							}
						}
					]
				},
				{
					"name": "bone2",
					"parent": "LeftForeArm2",
					"pivot": [-2.3, -2.3, 0],
					"cubes": [
						{
							"origin": [-0.00889, 16.60414, -1.47131],
							"size": [2.6925, 5.2725, 2.9925],
							"uv": {
								"north": {"uv": [0, 57], "uv_size": [2.5, 5.5]},
								"east": {"uv": [32, 52], "uv_size": [3, 5.5]},
								"south": {"uv": [48, 61], "uv_size": [2.5, 5.5]},
								"west": {"uv": [35, 52], "uv_size": [3, 5.5]},
								"up": {"uv": [71, 43], "uv_size": [2.5, 3]},
								"down": {"uv": [71, 49], "uv_size": [2.5, -3]}
							}
						},
						{
							"origin": [-0.10389, 16.50914, -1.56631],
							"size": [2.8825, 0.8075, 3.1825],
							"uv": {
								"north": {"uv": [90, 62], "uv_size": [3, 1]},
								"east": {"uv": [63, 90], "uv_size": [3, 1]},
								"south": {"uv": [90, 63], "uv_size": [3, 1]},
								"west": {"uv": [90, 64], "uv_size": [3, 1]},
								"up": {"uv": [67, 30], "uv_size": [3, 3]},
								"down": {"uv": [67, 36], "uv_size": [3, -3]}
							}
						},
						{
							"origin": [2.14076, 17.51549, -0.33131],
							"size": [0.6175, 0.6175, 0.5225],
							"uv": {
								"north": {"uv": [101, 87], "uv_size": [0.5, 0.5]},
								"east": {"uv": [88, 101], "uv_size": [0.5, 0.5]},
								"south": {"uv": [101, 88], "uv_size": [0.5, 0.5]},
								"west": {"uv": [89, 101], "uv_size": [0.5, 0.5]},
								"up": {"uv": [101, 89], "uv_size": [0.5, 0.5]},
								"down": {"uv": [90, 101.5], "uv_size": [0.5, -0.5]}
							}
						}
					]
				},
				{
					"name": "LeftHandLocator2",
					"parent": "LeftForeArm2",
					"pivot": [1.21875, 16.29625, 0.02375]
				}
			]
		}
	]
}