{
	"format_version": "1.12.0",
	"minecraft:geometry": [
		{
			"description": {
				"identifier": "geometry.unknown",
				"texture_width": 256,
				"texture_height": 256,
				"visible_bounds_width": 6,
				"visible_bounds_height": 6.5,
				"visible_bounds_offset": [0, 2.75, 0]
			},
			"bones": [
				{
					"name": "Arm",
					"pivot": [0, 58.2, 0]
				},
				{
					"name": "LeftArm",
					"parent": "Arm",
					"pivot": [8.3969, 54.76026, 0.075],
					"rotation": [0, 0, -15],
					"cubes": [
						{
							"origin": [6.0719, 42.69776, -2.425],
							"size": [4.65, 3.2875, 3.3375],
							"pivot": [8.3594, 43.52901, 0.01875],
							"rotation": [-45, 0, 0],
							"uv": {
								"north": {"uv": [127, 35], "uv_size": [4.75, 2.375]},
								"east": {"uv": [128, 95], "uv_size": [4.5, 2.375]},
								"south": {"uv": [127, 69], "uv_size": [4.75, 2.375]},
								"west": {"uv": [128, 125], "uv_size": [4.5, 2.375]},
								"up": {"uv": [111, 45], "uv_size": [4.75, 4.5]},
								"down": {"uv": [111, 54.5], "uv_size": [4.75, -4.5]}
							}
						},
						{
							"origin": [5.9594, 44.59776, -2.4],
							"size": [4.875, 10.9125, 4.875],
							"uv": {
								"north": {"uv": [32, 82], "uv_size": [4.875, 10.875]},
								"east": {"uv": [84, 61], "uv_size": [4.875, 10.875]},
								"south": {"uv": [84, 72], "uv_size": [4.875, 10.875]},
								"west": {"uv": [78, 84], "uv_size": [4.875, 10.875]},
								"up": {"uv": [108, 0], "uv_size": [4.875, 4.875]},
								"down": {"uv": [108, 75.875], "uv_size": [4.875, -4.875]}
							}
						},
						{
							"origin": [5.9594, 54.55289, -2.4],
							"size": [4.50411, 0.58237, 4.875],
							"pivot": [8.3969, 55.90401, 0.0375],
							"rotation": [0, 0, -24],
							"uv": {
								"north": {"uv": [150, 126], "uv_size": [4.5, 0.625]},
								"east": {"uv": [148, 121], "uv_size": [4.875, 0.625]},
								"south": {"uv": [150, 141], "uv_size": [4.5, 0.625]},
								"west": {"uv": [148, 123], "uv_size": [4.875, 0.625]},
								"up": {"uv": [17, 111], "uv_size": [4.5, 4.875]},
								"down": {"uv": [111, 44.875], "uv_size": [4.5, -4.875]}
							}
						},
						{
							"origin": [5.9594, 54.65814, -2.4],
							"size": [4.25674, 0.51462, 4.875],
							"pivot": [8.3969, 55.90401, 0.0375],
							"rotation": [0, 0, -38],
							"uv": {
								"north": {"uv": [154, 53], "uv_size": [4.25, 0.5]},
								"east": {"uv": [152, 74], "uv_size": [4.875, 0.5]},
								"south": {"uv": [154, 68], "uv_size": [4.25, 0.5]},
								"west": {"uv": [152, 113], "uv_size": [4.875, 0.5]},
								"up": {"uv": [112, 63], "uv_size": [4.25, 4.875]},
								"down": {"uv": [97, 116.875], "uv_size": [4.25, -4.875]}
							}
						},
						{
							"origin": [5.9594, 54.47829, -2.4],
							"size": [3.78349, 0.69447, 4.875],
							"pivot": [8.3969, 55.90401, 0.0375],
							"rotation": [0, 0, -62.75],
							"uv": {
								"north": {"uv": [150, 142], "uv_size": [3.75, 0.75]},
								"east": {"uv": [145, 118], "uv_size": [4.875, 0.75]},
								"south": {"uv": [151, 8], "uv_size": [3.75, 0.75]},
								"west": {"uv": [146, 4], "uv_size": [4.875, 0.75]},
								"up": {"uv": [17, 116], "uv_size": [3.75, 4.875]},
								"down": {"uv": [44, 120.875], "uv_size": [3.75, -4.875]}
							}
						},
						{
							"origin": [5.9594, 55.00874, -2.4],
							"size": [3.68044, 0.61401, 4.875],
							"pivot": [8.3969, 55.90401, 0.0375],
							"rotation": [0, 0, -70],
							"uv": {
								"north": {"uv": [154, 13], "uv_size": [3.625, 0.625]},
								"east": {"uv": [149, 21], "uv_size": [4.875, 0.625]},
								"south": {"uv": [154, 14], "uv_size": [3.625, 0.625]},
								"west": {"uv": [149, 26], "uv_size": [4.875, 0.625]},
								"up": {"uv": [117, 13], "uv_size": [3.625, 4.875]},
								"down": {"uv": [21, 121.875], "uv_size": [3.625, -4.875]}
							}
						},
						{
							"origin": [5.95939, 55.43178, -2.4],
							"size": [3.62115, 0.79098, 4.875],
							"pivot": [8.3969, 55.90401, 0.0375],
							"rotation": [0, 0, -79],
							"uv": {
								"north": {"uv": [151, 60], "uv_size": [3.625, 0.75]},
								"east": {"uv": [146, 5], "uv_size": [4.875, 0.75]},
								"south": {"uv": [151, 63], "uv_size": [3.625, 0.75]},
								"west": {"uv": [146, 6], "uv_size": [4.875, 0.75]},
								"up": {"uv": [25, 117], "uv_size": [3.625, 4.875]},
								"down": {"uv": [29, 121.875], "uv_size": [3.625, -4.875]}
							}
						},
						{
							"origin": [5.95939, 55.96436, -2.4],
							"size": [3.66183, 1.12091, 4.875],
							"pivot": [8.3969, 55.90401, 0.0375],
							"rotation": [0, 0, -91.25],
							"uv": {
								"north": {"uv": [144, 76], "uv_size": [3.625, 1.125]},
								"east": {"uv": [139, 76], "uv_size": [4.875, 1.125]},
								"south": {"uv": [144, 78], "uv_size": [3.625, 1.125]},
								"west": {"uv": [139, 78], "uv_size": [4.875, 1.125]},
								"up": {"uv": [33, 117], "uv_size": [3.625, 4.875]},
								"down": {"uv": [48, 121.875], "uv_size": [3.625, -4.875]}
							}
						},
						{
							"origin": [5.9594, 56.84855, -2.4],
							"size": [3.85248, 0.53672, 4.875],
							"pivot": [8.3969, 55.90401, 0.0375],
							"rotation": [0, 0, -101.5],
							"uv": {
								"north": {"uv": [154, 118], "uv_size": [3.875, 0.5]},
								"east": {"uv": [152, 114], "uv_size": [4.875, 0.5]},
								"south": {"uv": [155, 6], "uv_size": [3.875, 0.5]},
								"west": {"uv": [152, 119], "uv_size": [4.875, 0.5]},
								"up": {"uv": [14, 45], "uv_size": [3.875, 4.875]},
								"down": {"uv": [82, 13.875], "uv_size": [3.875, -4.875]}
							}
						},
						{
							"origin": [5.95939, 56.7717, -2.4],
							"size": [4.27641, 0.58736, 4.875],
							"pivot": [8.3969, 55.90401, 0.0375],
							"rotation": [0, 0, -122.75],
							"uv": {
								"north": {"uv": [151, 75], "uv_size": [4.25, 0.625]},
								"east": {"uv": [149, 40], "uv_size": [4.875, 0.625]},
								"south": {"uv": [151, 76], "uv_size": [4.25, 0.625]},
								"west": {"uv": [149, 84], "uv_size": [4.875, 0.625]},
								"up": {"uv": [113, 0], "uv_size": [4.25, 4.875]},
								"down": {"uv": [113, 72.875], "uv_size": [4.25, -4.875]}
							}
						},
						{
							"origin": [7.6844, 55.5717, -2.4],
							"size": [3.03378, 1.2, 4.875],
							"pivot": [8.3969, 55.90401, 0.0375],
							"rotation": [0, 0, -169.25],
							"uv": {
								"north": {"uv": [145, 113], "uv_size": [3, 1.25]},
								"east": {"uv": [138, 107], "uv_size": [4.875, 1.25]},
								"south": {"uv": [145, 115], "uv_size": [3, 1.25]},
								"west": {"uv": [138, 109], "uv_size": [4.875, 1.25]},
								"up": {"uv": [85, 37], "uv_size": [3, 4.875]},
								"down": {"uv": [96, 75.875], "uv_size": [3, -4.875]}
							}
						}
					]
				},
				{
					"name": "LeftForeArm",
					"parent": "LeftArm",
					"pivot": [8.1719, 44.67276, 0.0375],
					"cubes": [
						{
							"origin": [5.95945, 31.21031, -2.36245],
							"size": [4.8749, 13.9499, 4.8749],
							"inflate": -0.0001,
							"uv": {
								"north": {"uv": [28, 68], "uv_size": [4.875, 14]},
								"east": {"uv": [33, 68], "uv_size": [4.875, 14]},
								"south": {"uv": [63, 69], "uv_size": [4.875, 14]},
								"west": {"uv": [68, 69], "uv_size": [4.875, 14]},
								"up": {"uv": [92, 108], "uv_size": [4.875, 4.875]},
								"down": {"uv": [0, 113.875], "uv_size": [4.875, -4.875]}
							}
						}
					]
				},
				{
					"name": "LeftForeArm2",
					"parent": "LeftForeArm",
					"pivot": [8.37814, 47.22276, -0.075],
					"cubes": [
						{
							"origin": [5.80939, 42.08526, -2.5125],
							"size": [5.1375, 1.425, 5.175],
							"uv": {
								"north": {"uv": [102, 136], "uv_size": [5.125, 1.375]},
								"east": {"uv": [114, 136], "uv_size": [5.125, 1.375]},
								"south": {"uv": [136, 131], "uv_size": [5.125, 1.375]},
								"west": {"uv": [136, 133], "uv_size": [5.125, 1.375]},
								"up": {"uv": [101, 64], "uv_size": [5.125, 5.125]},
								"down": {"uv": [102, 5.125], "uv_size": [5.125, -5.125]}
							}
						},
						{
							"origin": [9.25944, 34.99781, -2.39995],
							"size": [1.3499, 6.9374, 4.9499],
							"inflate": -0.0001,
							"pivot": [8.39689, 44.74776, 0.075],
							"rotation": [0, 0, -6],
							"uv": {
								"north": {"uv": [77, 132], "uv_size": [1.375, 6.875]},
								"east": {"uv": [32, 93], "uv_size": [5, 6.875]},
								"south": {"uv": [120, 132], "uv_size": [1.375, 6.875]},
								"west": {"uv": [72, 93], "uv_size": [5, 6.875]},
								"up": {"uv": [58, 136], "uv_size": [1.375, 5]},
								"down": {"uv": [60, 141], "uv_size": [1.375, -5]}
							}
						},
						{
							"origin": [10.38444, 43.92281, -2.36245],
							"size": [0.7124, 3.2999, 4.7999],
							"inflate": -0.0001,
							"pivot": [8.39689, 44.74776, 0.075],
							"rotation": [0, 0, 13],
							"uv": {
								"north": {"uv": [35, 152], "uv_size": [0.75, 3.25]},
								"east": {"uv": [119, 121], "uv_size": [4.75, 3.25]},
								"south": {"uv": [47, 152], "uv_size": [0.75, 3.25]},
								"west": {"uv": [122, 0], "uv_size": [4.75, 3.25]},
								"up": {"uv": [48, 146], "uv_size": [0.75, 4.75]},
								"down": {"uv": [49, 150.75], "uv_size": [0.75, -4.75]}
							}
						},
						{
							"origin": [7.08445, 34.99781, -2.39995],
							"size": [2.9999, 6.9374, 4.9499],
							"inflate": -0.0001,
							"pivot": [8.39689, 44.74776, 0.075],
							"rotation": [0, 0, 22],
							"uv": {
								"north": {"uv": [11, 72], "uv_size": [3, 6.875]},
								"east": {"uv": [83, 93], "uv_size": [5, 6.875]},
								"south": {"uv": [70, 83], "uv_size": [3, 6.875]},
								"west": {"uv": [94, 77], "uv_size": [5, 6.875]},
								"up": {"uv": [34, 14], "uv_size": [3, 5]},
								"down": {"uv": [56, 83], "uv_size": [3, -5]}
							}
						},
						{
							"origin": [5.62815, 41.67281, -2.36245],
							"size": [0.7124, 3.1874, 4.7999],
							"inflate": -0.0001,
							"pivot": [-8.39689, 44.74776, 0.075],
							"rotation": [0, 0, -7],
							"uv": {
								"north": {"uv": [54, 153], "uv_size": [0.75, 3.125]},
								"east": {"uv": [3, 122], "uv_size": [4.75, 3.125]},
								"south": {"uv": [55, 153], "uv_size": [0.75, 3.125]},
								"west": {"uv": [122, 20], "uv_size": [4.75, 3.125]},
								"up": {"uv": [50, 146], "uv_size": [0.75, 4.75]},
								"down": {"uv": [51, 150.75], "uv_size": [0.75, -4.75]}
							}
						},
						{
							"origin": [6.10144, 35.24618, 1.63698],
							"size": [4.6125, 7.0125, 1.35],
							"pivot": [8.31394, 39.76493, 2.64948],
							"rotation": [10, 0, 0],
							"uv": {
								"north": {"uv": [98, 98], "uv_size": [4.625, 7]},
								"east": {"uv": [81, 131], "uv_size": [1.375, 7]},
								"south": {"uv": [99, 17], "uv_size": [4.625, 7]},
								"west": {"uv": [21, 132], "uv_size": [1.375, 7]},
								"up": {"uv": [137, 54], "uv_size": [4.625, 1.375]},
								"down": {"uv": [137, 85.375], "uv_size": [4.625, -1.375]}
							}
						},
						{
							"origin": [5.92189, 44.44776, 2.55],
							"size": [4.95, 3.075, 1.05],
							"pivot": [8.37814, 47.22276, -0.075],
							"rotation": [-18, 0, 0],
							"uv": {
								"north": {"uv": [58, 121], "uv_size": [5, 3.125]},
								"east": {"uv": [125, 148], "uv_size": [1, 3.125]},
								"south": {"uv": [121, 81], "uv_size": [5, 3.125]},
								"west": {"uv": [126, 148], "uv_size": [1, 3.125]},
								"up": {"uv": [108, 76], "uv_size": [5, 1]},
								"down": {"uv": [116, 55], "uv_size": [5, -1]}
							}
						},
						{
							"origin": [5.92189, 44.44776, -3.6],
							"size": [4.95, 3.075, 1.05],
							"pivot": [8.37814, 47.22276, 0.075],
							"rotation": [18, 0, 0],
							"uv": {
								"north": {"uv": [126, 81], "uv_size": [-5, 3.125]},
								"east": {"uv": [126, 148], "uv_size": [-1, 3.125]},
								"south": {"uv": [63, 121], "uv_size": [-5, 3.125]},
								"west": {"uv": [127, 148], "uv_size": [-1, 3.125]},
								"up": {"uv": [108, 77], "uv_size": [5, -1]},
								"down": {"uv": [116, 54], "uv_size": [5, 1]}
							}
						},
						{
							"origin": [6.10144, 35.24618, -2.98698],
							"size": [4.6125, 7.0125, 1.35],
							"pivot": [8.31394, 39.76493, -2.64948],
							"rotation": [-10, 0, 0],
							"uv": {
								"north": {"uv": [103.625, 17], "uv_size": [-4.625, 7]},
								"east": {"uv": [82.375, 131], "uv_size": [-1.375, 7]},
								"south": {"uv": [102.625, 98], "uv_size": [-4.625, 7]},
								"west": {"uv": [22.375, 132], "uv_size": [-1.375, 7]},
								"up": {"uv": [137, 55.375], "uv_size": [4.625, -1.375]},
								"down": {"uv": [137, 84], "uv_size": [4.625, 1.375]}
							}
						}
					]
				},
				{
					"name": "LeftHand",
					"parent": "LeftForeArm",
					"pivot": [8.3219, 34.54776, 0.0375]
				},
				{
					"name": "LeftHandLocator",
					"parent": "LeftHand",
					"pivot": [8.3219, 33.79776, 0.0375],
					"cubes": [
						{
							"origin": [7.5719, 33.04776, -0.7125],
							"size": [1.5, 0.3, 1.5],
							"uv": {
								"north": {"uv": [165, 95], "uv_size": [1.5, 0.25]},
								"east": {"uv": [165, 96], "uv_size": [1.5, 0.25]},
								"south": {"uv": [165, 100], "uv_size": [1.5, 0.25]},
								"west": {"uv": [165, 101], "uv_size": [1.5, 0.25]},
								"up": {"uv": [154, 33], "uv_size": [1.5, 1.5]},
								"down": {"uv": [154, 36.5], "uv_size": [1.5, -1.5]}
							}
						}
					]
				},
				{
					"name": "RightArm",
					"parent": "Arm",
					"pivot": [-8.3969, 54.76026, 0.075],
					"rotation": [0, 0, 15],
					"cubes": [
						{
							"origin": [-10.8344, 44.59776, -2.4],
							"size": [4.875, 10.9125, 4.875],
							"uv": {
								"north": {"uv": [36.875, 82], "uv_size": [-4.875, 10.875]},
								"east": {"uv": [82.875, 84], "uv_size": [-4.875, 10.875]},
								"south": {"uv": [88.875, 72], "uv_size": [-4.875, 10.875]},
								"west": {"uv": [88.875, 61], "uv_size": [-4.875, 10.875]},
								"up": {"uv": [112.875, 0], "uv_size": [-4.875, 4.875]},
								"down": {"uv": [112.875, 75.875], "uv_size": [-4.875, -4.875]}
							}
						},
						{
							"origin": [-10.46351, 54.55289, -2.4],
							"size": [4.50411, 0.58237, 4.875],
							"pivot": [-8.3969, 55.90401, 0.0375],
							"rotation": [0, 0, 24],
							"uv": {
								"north": {"uv": [154.5, 126], "uv_size": [-4.5, 0.625]},
								"east": {"uv": [152.875, 123], "uv_size": [-4.875, 0.625]},
								"south": {"uv": [154.5, 141], "uv_size": [-4.5, 0.625]},
								"west": {"uv": [152.875, 121], "uv_size": [-4.875, 0.625]},
								"up": {"uv": [21.5, 111], "uv_size": [-4.5, 4.875]},
								"down": {"uv": [115.5, 44.875], "uv_size": [-4.5, -4.875]}
							}
						},
						{
							"origin": [-10.21614, 54.65814, -2.4],
							"size": [4.25674, 0.51462, 4.875],
							"pivot": [-8.3969, 55.90401, 0.0375],
							"rotation": [0, 0, 38],
							"uv": {
								"north": {"uv": [158.25, 53], "uv_size": [-4.25, 0.5]},
								"east": {"uv": [156.875, 113], "uv_size": [-4.875, 0.5]},
								"south": {"uv": [158.25, 68], "uv_size": [-4.25, 0.5]},
								"west": {"uv": [156.875, 74], "uv_size": [-4.875, 0.5]},
								"up": {"uv": [116.25, 63], "uv_size": [-4.25, 4.875]},
								"down": {"uv": [101.25, 116.875], "uv_size": [-4.25, -4.875]}
							}
						},
						{
							"origin": [-9.74289, 54.47829, -2.4],
							"size": [3.78349, 0.69447, 4.875],
							"pivot": [-8.3969, 55.90401, 0.0375],
							"rotation": [0, 0, 62.75],
							"uv": {
								"north": {"uv": [153.75, 142], "uv_size": [-3.75, 0.75]},
								"east": {"uv": [150.875, 4], "uv_size": [-4.875, 0.75]},
								"south": {"uv": [154.75, 8], "uv_size": [-3.75, 0.75]},
								"west": {"uv": [149.875, 118], "uv_size": [-4.875, 0.75]},
								"up": {"uv": [20.75, 116], "uv_size": [-3.75, 4.875]},
								"down": {"uv": [47.75, 120.875], "uv_size": [-3.75, -4.875]}
							}
						},
						{
							"origin": [-9.63984, 55.00874, -2.4],
							"size": [3.68044, 0.61401, 4.875],
							"pivot": [-8.3969, 55.90401, 0.0375],
							"rotation": [0, 0, 70],
							"uv": {
								"north": {"uv": [157.625, 13], "uv_size": [-3.625, 0.625]},
								"east": {"uv": [153.875, 26], "uv_size": [-4.875, 0.625]},
								"south": {"uv": [157.625, 14], "uv_size": [-3.625, 0.625]},
								"west": {"uv": [153.875, 21], "uv_size": [-4.875, 0.625]},
								"up": {"uv": [120.625, 13], "uv_size": [-3.625, 4.875]},
								"down": {"uv": [24.625, 121.875], "uv_size": [-3.625, -4.875]}
							}
						},
						{
							"origin": [-9.58054, 55.43178, -2.4],
							"size": [3.62115, 0.79098, 4.875],
							"pivot": [-8.3969, 55.90401, 0.0375],
							"rotation": [0, 0, 79],
							"uv": {
								"north": {"uv": [154.625, 60], "uv_size": [-3.625, 0.75]},
								"east": {"uv": [150.875, 6], "uv_size": [-4.875, 0.75]},
								"south": {"uv": [154.625, 63], "uv_size": [-3.625, 0.75]},
								"west": {"uv": [150.875, 5], "uv_size": [-4.875, 0.75]},
								"up": {"uv": [28.625, 117], "uv_size": [-3.625, 4.875]},
								"down": {"uv": [32.625, 121.875], "uv_size": [-3.625, -4.875]}
							}
						},
						{
							"origin": [-9.62122, 55.96436, -2.4],
							"size": [3.66183, 1.12091, 4.875],
							"pivot": [-8.3969, 55.90401, 0.0375],
							"rotation": [0, 0, 91.25],
							"uv": {
								"north": {"uv": [147.625, 76], "uv_size": [-3.625, 1.125]},
								"east": {"uv": [143.875, 78], "uv_size": [-4.875, 1.125]},
								"south": {"uv": [147.625, 78], "uv_size": [-3.625, 1.125]},
								"west": {"uv": [143.875, 76], "uv_size": [-4.875, 1.125]},
								"up": {"uv": [36.625, 117], "uv_size": [-3.625, 4.875]},
								"down": {"uv": [51.625, 121.875], "uv_size": [-3.625, -4.875]}
							}
						},
						{
							"origin": [-9.81188, 56.84855, -2.4],
							"size": [3.85248, 0.53672, 4.875],
							"pivot": [-8.3969, 55.90401, 0.0375],
							"rotation": [0, 0, 101.5],
							"uv": {
								"north": {"uv": [157.875, 118], "uv_size": [-3.875, 0.5]},
								"east": {"uv": [156.875, 119], "uv_size": [-4.875, 0.5]},
								"south": {"uv": [158.875, 6], "uv_size": [-3.875, 0.5]},
								"west": {"uv": [156.875, 114], "uv_size": [-4.875, 0.5]},
								"up": {"uv": [17.875, 45], "uv_size": [-3.875, 4.875]},
								"down": {"uv": [85.875, 13.875], "uv_size": [-3.875, -4.875]}
							}
						},
						{
							"origin": [-10.2358, 56.7717, -2.4],
							"size": [4.27641, 0.58736, 4.875],
							"pivot": [-8.3969, 55.90401, 0.0375],
							"rotation": [0, 0, 122.75],
							"uv": {
								"north": {"uv": [155.25, 75], "uv_size": [-4.25, 0.625]},
								"east": {"uv": [153.875, 84], "uv_size": [-4.875, 0.625]},
								"south": {"uv": [155.25, 76], "uv_size": [-4.25, 0.625]},
								"west": {"uv": [153.875, 40], "uv_size": [-4.875, 0.625]},
								"up": {"uv": [117.25, 0], "uv_size": [-4.25, 4.875]},
								"down": {"uv": [117.25, 72.875], "uv_size": [-4.25, -4.875]}
							}
						},
						{
							"origin": [-10.71818, 55.5717, -2.4],
							"size": [3.03378, 1.2, 4.875],
							"pivot": [-8.3969, 55.90401, 0.0375],
							"rotation": [0, 0, 169.25],
							"uv": {
								"north": {"uv": [148, 113], "uv_size": [-3, 1.25]},
								"east": {"uv": [142.875, 109], "uv_size": [-4.875, 1.25]},
								"south": {"uv": [148, 115], "uv_size": [-3, 1.25]},
								"west": {"uv": [142.875, 107], "uv_size": [-4.875, 1.25]},
								"up": {"uv": [88, 37], "uv_size": [-3, 4.875]},
								"down": {"uv": [99, 75.875], "uv_size": [-3, -4.875]}
							}
						},
						{
							"origin": [-10.6469, 42.72276, -2.425],
							"size": [4.575, 3.2625, 3.3375],
							"pivot": [-8.3594, 43.52901, 0.01875],
							"rotation": [-45, 0, 0],
							"uv": {
								"north": {"uv": [131.75, 35], "uv_size": [-4.75, 2.375]},
								"east": {"uv": [132.5, 125], "uv_size": [-4.5, 2.375]},
								"south": {"uv": [131.75, 69], "uv_size": [-4.75, 2.375]},
								"west": {"uv": [132.5, 95], "uv_size": [-4.5, 2.375]},
								"up": {"uv": [115.75, 45], "uv_size": [-4.75, 4.5]},
								"down": {"uv": [115.75, 54.5], "uv_size": [-4.75, -4.5]}
							}
						}
					]
				},
				{
					"name": "RightForeArm",
					"parent": "RightArm",
					"pivot": [-8.1719, 44.67276, 0.0375],
					"cubes": [
						{
							"origin": [-10.83435, 31.21031, -2.36245],
							"size": [4.8749, 13.9499, 4.8749],
							"inflate": -0.0001,
							"uv": {
								"north": {"uv": [70, 51], "uv_size": [4.875, 14]},
								"east": {"uv": [71, 14], "uv_size": [4.875, 14]},
								"south": {"uv": [71, 28], "uv_size": [4.875, 14]},
								"west": {"uv": [44, 71], "uv_size": [4.875, 14]},
								"up": {"uv": [109, 29], "uv_size": [4.875, 4.875]},
								"down": {"uv": [40, 113.875], "uv_size": [4.875, -4.875]}
							}
						}
					]
				},
				{
					"name": "RightForeArm2",
					"parent": "RightForeArm",
					"pivot": [-8.37814, 47.22276, -0.075],
					"cubes": [
						{
							"origin": [-6.34055, 41.67281, -2.36245],
							"size": [0.7124, 3.1874, 4.7999],
							"inflate": -0.0001,
							"pivot": [8.39689, 44.74776, 0.075],
							"rotation": [0, 0, 7],
							"uv": {
								"north": {"uv": [54.75, 153], "uv_size": [-0.75, 3.125]},
								"east": {"uv": [126.75, 20], "uv_size": [-4.75, 3.125]},
								"south": {"uv": [55.75, 153], "uv_size": [-0.75, 3.125]},
								"west": {"uv": [7.75, 122], "uv_size": [-4.75, 3.125]},
								"up": {"uv": [50.75, 146], "uv_size": [-0.75, 4.75]},
								"down": {"uv": [51.75, 150.75], "uv_size": [-0.75, -4.75]}
							}
						},
						{
							"origin": [-10.08435, 34.99781, -2.39995],
							"size": [2.9999, 6.9374, 4.9499],
							"inflate": -0.0001,
							"pivot": [-8.39689, 44.74776, 0.075],
							"rotation": [0, 0, -22],
							"uv": {
								"north": {"uv": [14, 72], "uv_size": [-3, 6.875]},
								"east": {"uv": [99, 77], "uv_size": [-5, 6.875]},
								"south": {"uv": [73, 83], "uv_size": [-3, 6.875]},
								"west": {"uv": [88, 93], "uv_size": [-5, 6.875]},
								"up": {"uv": [37, 14], "uv_size": [-3, 5]},
								"down": {"uv": [59, 83], "uv_size": [-3, -5]}
							}
						},
						{
							"origin": [-10.94689, 42.08526, -2.5125],
							"size": [5.1375, 1.425, 5.175],
							"uv": {
								"north": {"uv": [102, 136], "uv_size": [5.125, 1.375]},
								"east": {"uv": [136, 133], "uv_size": [5.125, 1.375]},
								"south": {"uv": [136, 131], "uv_size": [5.125, 1.375]},
								"west": {"uv": [114, 136], "uv_size": [5.125, 1.375]},
								"up": {"uv": [101, 64], "uv_size": [5.125, 5.125]},
								"down": {"uv": [102, 5.125], "uv_size": [5.125, -5.125]}
							}
						},
						{
							"origin": [-10.60934, 34.99781, -2.39995],
							"size": [1.3499, 6.9374, 4.9499],
							"inflate": -0.0001,
							"pivot": [-8.39689, 44.74776, 0.075],
							"rotation": [0, 0, 6],
							"uv": {
								"north": {"uv": [77, 132], "uv_size": [1.375, 6.875]},
								"east": {"uv": [72, 93], "uv_size": [5, 6.875]},
								"south": {"uv": [120, 132], "uv_size": [1.375, 6.875]},
								"west": {"uv": [32, 93], "uv_size": [5, 6.875]},
								"up": {"uv": [58, 136], "uv_size": [1.375, 5]},
								"down": {"uv": [60, 141], "uv_size": [1.375, -5]}
							}
						},
						{
							"origin": [-11.09684, 43.92281, -2.36245],
							"size": [0.7124, 3.2999, 4.7999],
							"inflate": -0.0001,
							"pivot": [-8.39689, 44.74776, 0.075],
							"rotation": [0, 0, -13],
							"uv": {
								"north": {"uv": [35, 152], "uv_size": [0.75, 3.25]},
								"east": {"uv": [122, 0], "uv_size": [4.75, 3.25]},
								"south": {"uv": [47, 152], "uv_size": [0.75, 3.25]},
								"west": {"uv": [119, 121], "uv_size": [4.75, 3.25]},
								"up": {"uv": [48, 146], "uv_size": [0.75, 4.75]},
								"down": {"uv": [49, 150.75], "uv_size": [0.75, -4.75]}
							}
						},
						{
							"origin": [-10.71394, 35.24618, -2.98698],
							"size": [4.6125, 7.0125, 1.35],
							"pivot": [-8.31394, 39.76493, -2.64948],
							"rotation": [-10, 0, 0],
							"uv": {
								"north": {"uv": [99, 17], "uv_size": [4.625, 7]},
								"east": {"uv": [21, 132], "uv_size": [1.375, 7]},
								"south": {"uv": [98, 98], "uv_size": [4.625, 7]},
								"west": {"uv": [81, 131], "uv_size": [1.375, 7]},
								"up": {"uv": [141.625, 55.375], "uv_size": [-4.625, -1.375]},
								"down": {"uv": [141.625, 84], "uv_size": [-4.625, 1.375]}
							}
						},
						{
							"origin": [-10.87189, 44.44776, 2.55],
							"size": [4.95, 3.075, 1.05],
							"pivot": [-8.37814, 47.22276, -0.075],
							"rotation": [-18, 0, 0],
							"uv": {
								"north": {"uv": [63, 121], "uv_size": [-5, 3.125]},
								"east": {"uv": [127, 148], "uv_size": [-1, 3.125]},
								"south": {"uv": [126, 81], "uv_size": [-5, 3.125]},
								"west": {"uv": [126, 148], "uv_size": [-1, 3.125]},
								"up": {"uv": [113, 76], "uv_size": [-5, 1]},
								"down": {"uv": [121, 55], "uv_size": [-5, -1]}
							}
						},
						{
							"origin": [-10.71394, 35.24618, 1.63698],
							"size": [4.6125, 7.0125, 1.35],
							"pivot": [-8.31394, 39.76493, 2.64948],
							"rotation": [10, 0, 0],
							"uv": {
								"north": {"uv": [102.625, 98], "uv_size": [-4.625, 7]},
								"east": {"uv": [22.375, 132], "uv_size": [-1.375, 7]},
								"south": {"uv": [103.625, 17], "uv_size": [-4.625, 7]},
								"west": {"uv": [82.375, 131], "uv_size": [-1.375, 7]},
								"up": {"uv": [141.625, 54], "uv_size": [-4.625, 1.375]},
								"down": {"uv": [141.625, 85.375], "uv_size": [-4.625, -1.375]}
							}
						},
						{
							"origin": [-10.87189, 44.44776, -3.6],
							"size": [4.95, 3.075, 1.05],
							"pivot": [-8.37814, 47.22276, 0.075],
							"rotation": [18, 0, 0],
							"uv": {
								"north": {"uv": [121, 81], "uv_size": [5, 3.125]},
								"east": {"uv": [126, 148], "uv_size": [1, 3.125]},
								"south": {"uv": [58, 121], "uv_size": [5, 3.125]},
								"west": {"uv": [125, 148], "uv_size": [1, 3.125]},
								"up": {"uv": [113, 77], "uv_size": [-5, -1]},
								"down": {"uv": [121, 54], "uv_size": [-5, 1]}
							}
						}
					]
				},
				{
					"name": "RightHand",
					"parent": "RightForeArm",
					"pivot": [-8.3219, 34.54776, 0.0375]
				},
				{
					"name": "Sword",
					"parent": "RightHand",
					"pivot": [-52.45, 33.47277, -0.37485],
					"cubes": [
						{
							"origin": [-8.95625, 32.9895, -2.57927],
							"size": [1.0125, 1.0125, 6.04336],
							"uv": {
								"north": {"uv": [29, 135], "uv_size": [1, 1]},
								"east": {"uv": [84, 83], "uv_size": [6, 1]},
								"south": {"uv": [91, 136], "uv_size": [1, 1]},
								"west": {"uv": [86, 27], "uv_size": [6, 1]},
								"up": {"uv": [33, 0], "uv_size": [1, 6]},
								"down": {"uv": [38, 57], "uv_size": [1, -6]}
							}
						},
						{
							"origin": [-9.20937, 32.23012, -3.56013],
							"size": [1.51875, 2.11992, 0.31641],
							"uv": {
								"north": {"uv": [148, 95], "uv_size": [1.5, 2.125]},
								"east": {"uv": [126, 162], "uv_size": [0.375, 2.125]},
								"south": {"uv": [148, 113], "uv_size": [1.5, 2.125]},
								"west": {"uv": [127, 162], "uv_size": [0.375, 2.125]},
								"up": {"uv": [164, 123], "uv_size": [1.5, 0.375]},
								"down": {"uv": [164, 125.375], "uv_size": [1.5, -0.375]}
							}
						},
						{
							"origin": [-9.01953, 32.32504, -5.64841],
							"size": [1.13906, 2.025, 0.31641],
							"pivot": [-8.45, 33.29008, -5.49021],
							"rotation": [18, 0, 0],
							"uv": {
								"north": {"uv": [154, 48], "uv_size": [1.125, 2]},
								"east": {"uv": [42, 163], "uv_size": [0.375, 2]},
								"south": {"uv": [50, 154], "uv_size": [1.125, 2]},
								"west": {"uv": [43, 163], "uv_size": [0.375, 2]},
								"up": {"uv": [165, 48], "uv_size": [1.125, 0.375]},
								"down": {"uv": [165, 49.375], "uv_size": [1.125, -0.375]}
							}
						},
						{
							"origin": [-9.01953, 32.32339, -5.34246],
							"size": [1.13906, 2.02201, 1.9806],
							"uv": {
								"north": {"uv": [154, 51], "uv_size": [1.125, 2]},
								"east": {"uv": [44, 27], "uv_size": [2, 2]},
								"south": {"uv": [57, 154], "uv_size": [1.125, 2]},
								"west": {"uv": [88, 103], "uv_size": [2, 2]},
								"up": {"uv": [154, 57], "uv_size": [1.125, 2]},
								"down": {"uv": [61, 156], "uv_size": [1.125, -2]}
							}
						},
						{
							"origin": [-9.01953, 34.24928, -5.96822],
							"size": [1.13906, 0.09612, 0.62576],
							"uv": {
								"north": {"uv": [146, 167], "uv_size": [1.125, 0.125]},
								"east": {"uv": [42, 168], "uv_size": [0.625, 0.125]},
								"south": {"uv": [167, 147], "uv_size": [1.125, 0.125]},
								"west": {"uv": [168, 42], "uv_size": [0.625, 0.125]},
								"up": {"uv": [163, 100], "uv_size": [1.125, 0.625]},
								"down": {"uv": [163, 101.625], "uv_size": [1.125, -0.625]}
							}
						},
						{
							"origin": [-9.01953, 33.3317, -5.65181],
							"size": [1.13906, 0.91878, 0.30935],
							"uv": {
								"north": {"uv": [162, 12], "uv_size": [1.125, 0.875]},
								"east": {"uv": [21, 167], "uv_size": [0.25, 0.875]},
								"south": {"uv": [162, 13], "uv_size": [1.125, 0.875]},
								"west": {"uv": [22, 167], "uv_size": [0.25, 0.875]},
								"up": {"uv": [166, 115], "uv_size": [1.125, 0.25]},
								"down": {"uv": [166, 116.25], "uv_size": [1.125, -0.25]}
							}
						},
						{
							"origin": [-9.08281, 32.86293, 3.46409],
							"size": [1.26563, 1.26563, 0.31641],
							"uv": {
								"north": {"uv": [72, 158], "uv_size": [1.25, 1.25]},
								"east": {"uv": [18, 165], "uv_size": [0.375, 1.25]},
								"south": {"uv": [74, 158], "uv_size": [1.25, 1.25]},
								"west": {"uv": [19, 165], "uv_size": [0.375, 1.25]},
								"up": {"uv": [165, 17], "uv_size": [1.25, 0.375]},
								"down": {"uv": [20, 165.375], "uv_size": [1.25, -0.375]}
							}
						},
						{
							"origin": [-9.01953, 32.92621, 1.75549],
							"size": [1.13906, 1.13906, 1.70859],
							"uv": {
								"north": {"uv": [46, 160], "uv_size": [1.125, 1.125]},
								"east": {"uv": [156, 31], "uv_size": [1.75, 1.125]},
								"south": {"uv": [160, 46], "uv_size": [1.125, 1.125]},
								"west": {"uv": [33, 156], "uv_size": [1.75, 1.125]},
								"up": {"uv": [156, 33], "uv_size": [1.125, 1.75]},
								"down": {"uv": [156, 36.75], "uv_size": [1.125, -1.75]}
							}
						},
						{
							"origin": [-8.89297, 30.14184, 2.45159],
							"size": [0.88594, 2.91094, 0.75938],
							"pivot": [-8.45, 31.53403, 2.98948],
							"rotation": [-9, 0, 0],
							"uv": {
								"north": {"uv": [7, 152], "uv_size": [0.875, 2.875]},
								"east": {"uv": [63, 154], "uv_size": [0.75, 2.875]},
								"south": {"uv": [15, 152], "uv_size": [0.875, 2.875]},
								"west": {"uv": [80, 154], "uv_size": [0.75, 2.875]},
								"up": {"uv": [114, 163], "uv_size": [0.875, 0.75]},
								"down": {"uv": [163, 114.75], "uv_size": [0.875, -0.75]}
							}
						},
						{
							"origin": [-8.89297, 24.27082, 2.95881],
							"size": [0.88594, 5.56875, 0.75938],
							"pivot": [-8.45, 30.34582, 3.4967],
							"rotation": [-90, 0, 0],
							"uv": {
								"north": {"uv": [22, 106], "uv_size": [0.875, 5.625]},
								"east": {"uv": [23, 144], "uv_size": [0.75, 5.625]},
								"south": {"uv": [107, 64], "uv_size": [0.875, 5.625]},
								"west": {"uv": [24, 144], "uv_size": [0.75, 5.625]},
								"up": {"uv": [163, 115], "uv_size": [0.875, 0.75]},
								"down": {"uv": [116, 163.75], "uv_size": [0.875, -0.75]}
							}
						},
						{
							"origin": [-9.01953, 33.17934, 1.31252],
							"size": [1.13906, 0.44297, 0.44297],
							"uv": {
								"north": {"uv": [164, 126], "uv_size": [1.125, 0.5]},
								"east": {"uv": [148, 166], "uv_size": [0.5, 0.5]},
								"south": {"uv": [164, 127], "uv_size": [1.125, 0.5]},
								"west": {"uv": [149, 166], "uv_size": [0.5, 0.5]},
								"up": {"uv": [164, 128], "uv_size": [1.125, 0.5]},
								"down": {"uv": [164, 129.5], "uv_size": [1.125, -0.5]}
							}
						},
						{
							"origin": [-9.01953, 32.92621, 0.86955],
							"size": [1.13906, 0.25313, 1.70859],
							"uv": {
								"north": {"uv": [117, 166], "uv_size": [1.125, 0.25]},
								"east": {"uv": [28, 165], "uv_size": [1.75, 0.25]},
								"south": {"uv": [166, 117], "uv_size": [1.125, 0.25]},
								"west": {"uv": [165, 28], "uv_size": [1.75, 0.25]},
								"up": {"uv": [37, 156], "uv_size": [1.125, 1.75]},
								"down": {"uv": [156, 38.75], "uv_size": [1.125, -1.75]}
							}
						},
						{
							"origin": [-9.01953, 32.81237, 1.75549],
							"size": [1.13906, 1.2529, 0.31641],
							"pivot": [-7.88047, 34.06528, 1.75549],
							"rotation": [-45, 0, 0],
							"uv": {
								"north": {"uv": [159, 15], "uv_size": [1.125, 1.25]},
								"east": {"uv": [22, 165], "uv_size": [0.375, 1.25]},
								"south": {"uv": [17, 159], "uv_size": [1.125, 1.25]},
								"west": {"uv": [23, 165], "uv_size": [0.375, 1.25]},
								"up": {"uv": [50, 165], "uv_size": [1.125, 0.375]},
								"down": {"uv": [165, 51.375], "uv_size": [1.125, -0.375]}
							}
						},
						{
							"origin": [-8.95625, 32.9895, 3.59065],
							"size": [1.0125, 1.0125, 0.31641],
							"uv": {
								"north": {"uv": [137, 91], "uv_size": [1, 1]},
								"east": {"uv": [154, 165], "uv_size": [0.375, 1]},
								"south": {"uv": [72, 138], "uv_size": [1, 1]},
								"west": {"uv": [155, 165], "uv_size": [0.375, 1]},
								"up": {"uv": [165, 155], "uv_size": [1, 0.375]},
								"down": {"uv": [156, 165.375], "uv_size": [1, -0.375]}
							}
						},
						{
							"origin": [-10.03203, 31.91371, -3.33865],
							"size": [3.16406, 3.16406, 0.75937],
							"uv": {
								"north": {"uv": [97, 132], "uv_size": [3.125, 3.125]},
								"east": {"uv": [86, 153], "uv_size": [0.75, 3.125]},
								"south": {"uv": [114, 132], "uv_size": [3.125, 3.125]},
								"west": {"uv": [99, 153], "uv_size": [0.75, 3.125]},
								"up": {"uv": [153, 93], "uv_size": [3.125, 0.75]},
								"down": {"uv": [153, 121.75], "uv_size": [3.125, -0.75]}
							}
						},
						{
							"origin": [-7.81719, 29.82543, -3.33865],
							"size": [0.94922, 2.08828, 0.75937],
							"pivot": [-6.86797, 31.91371, -3.33865],
							"rotation": [0, 0, 27.25],
							"uv": {
								"north": {"uv": [97, 155], "uv_size": [1, 2.125]},
								"east": {"uv": [158, 29], "uv_size": [0.75, 2.125]},
								"south": {"uv": [155, 97], "uv_size": [1, 2.125]},
								"west": {"uv": [158, 32], "uv_size": [0.75, 2.125]},
								"up": {"uv": [44, 163], "uv_size": [1, 0.75]},
								"down": {"uv": [163, 44.75], "uv_size": [1, -0.75]}
							}
						},
						{
							"origin": [-10.0297, 29.83371, -3.33865],
							"size": [0.94922, 2.08828, 0.75937],
							"pivot": [-10.0297, 31.92199, -3.33865],
							"rotation": [0, 0, -26.75],
							"uv": {
								"north": {"uv": [98, 155], "uv_size": [1, 2.125]},
								"east": {"uv": [33, 158], "uv_size": [0.75, 2.125]},
								"south": {"uv": [155, 115], "uv_size": [1, 2.125]},
								"west": {"uv": [34, 158], "uv_size": [0.75, 2.125]},
								"up": {"uv": [45, 163], "uv_size": [1, 0.75]},
								"down": {"uv": [163, 45.75], "uv_size": [1, -0.75]}
							}
						},
						{
							"origin": [-7.81719, 35.07778, -3.33865],
							"size": [0.97278, 0.95447, 0.75937],
							"pivot": [-6.86797, 35.07778, -3.33865],
							"rotation": [0, 0, -75.75],
							"uv": {
								"north": {"uv": [96, 139], "uv_size": [1, 1]},
								"east": {"uv": [163, 46], "uv_size": [0.75, 1]},
								"south": {"uv": [71, 141], "uv_size": [1, 1]},
								"west": {"uv": [163, 47], "uv_size": [0.75, 1]},
								"up": {"uv": [48, 163], "uv_size": [1, 0.75]},
								"down": {"uv": [163, 48.75], "uv_size": [1, -0.75]}
							}
						},
						{
							"origin": [-10.03203, 35.07778, -3.33865],
							"size": [0.94922, 1.0125, 0.75937],
							"pivot": [-10.03203, 35.07778, -3.33865],
							"rotation": [0, 0, 75.25],
							"uv": {
								"north": {"uv": [143, 37], "uv_size": [1, 1]},
								"east": {"uv": [163, 49], "uv_size": [0.75, 1]},
								"south": {"uv": [143, 110], "uv_size": [1, 1]},
								"west": {"uv": [50, 163], "uv_size": [0.75, 1]},
								"up": {"uv": [51, 163], "uv_size": [1, 0.75]},
								"down": {"uv": [163, 51.75], "uv_size": [1, -0.75]}
							}
						},
						{
							"origin": [-9.0529, 35.0508, -3.33865],
							"size": [1.26563, 0.28477, 0.75937],
							"uv": {
								"north": {"uv": [166, 42], "uv_size": [1.25, 0.25]},
								"east": {"uv": [83, 167], "uv_size": [0.75, 0.25]},
								"south": {"uv": [166, 44], "uv_size": [1.25, 0.25]},
								"west": {"uv": [84, 167], "uv_size": [0.75, 0.25]},
								"up": {"uv": [162, 33], "uv_size": [1.25, 0.75]},
								"down": {"uv": [162, 34.75], "uv_size": [1.25, -0.75]}
							}
						},
						{
							"origin": [-9.08976, 30.0572, -3.33865],
							"size": [1.26563, 1.92446, 0.75937],
							"uv": {
								"north": {"uv": [153, 150], "uv_size": [1.25, 1.875]},
								"east": {"uv": [159, 19], "uv_size": [0.75, 1.875]},
								"south": {"uv": [153, 152], "uv_size": [1.25, 1.875]},
								"west": {"uv": [159, 23], "uv_size": [0.75, 1.875]},
								"up": {"uv": [35, 162], "uv_size": [1.25, 0.75]},
								"down": {"uv": [162, 35.75], "uv_size": [1.25, -0.75]}
							}
						},
						{
							"origin": [-8.78528, 32.72003, -35.23005],
							"size": [0.37969, 0.43594, 4.33242],
							"pivot": [-8.59544, 32.98487, -31.03884],
							"rotation": [-13.25231, -3.69915, -15.32013],
							"uv": {
								"north": {"uv": [148, 167], "uv_size": [0.375, 0.375]},
								"east": {"uv": [157, 93], "uv_size": [4.375, 0.375]},
								"south": {"uv": [167, 148], "uv_size": [0.375, 0.375]},
								"west": {"uv": [157, 100], "uv_size": [4.375, 0.375]},
								"up": {"uv": [157, 103], "uv_size": [0.375, 4.375]},
								"down": {"uv": [107, 161.375], "uv_size": [0.375, -4.375]}
							}
						},
						{
							"origin": [-15.28174, 42.33559, -40.0347],
							"size": [0.37969, 0.43594, 4.33242],
							"pivot": [-38.1919, 14.32543, -42.51848],
							"rotation": [-13.25231, 3.69915, 15.32013],
							"uv": {
								"north": {"uv": [149, 167], "uv_size": [0.375, 0.375]},
								"east": {"uv": [157, 101], "uv_size": [4.375, 0.375]},
								"south": {"uv": [167, 149], "uv_size": [0.375, 0.375]},
								"west": {"uv": [157, 108], "uv_size": [4.375, 0.375]},
								"up": {"uv": [118, 157], "uv_size": [0.375, 4.375]},
								"down": {"uv": [119, 161.375], "uv_size": [0.375, -4.375]}
							}
						},
						{
							"origin": [-8.82969, 32.73637, -30.99255],
							"size": [0.37969, 0.37969, 0.09492],
							"pivot": [-8.82969, 33.11606, -7.76834],
							"rotation": [0, 0, -15.75],
							"uv": {
								"north": {"uv": [150, 167], "uv_size": [0.375, 0.375]},
								"east": {"uv": [168, 93], "uv_size": [0.125, 0.375]},
								"south": {"uv": [167, 150], "uv_size": [0.375, 0.375]},
								"west": {"uv": [94, 168], "uv_size": [0.125, 0.375]},
								"up": {"uv": [168, 94], "uv_size": [0.375, 0.125]},
								"down": {"uv": [95, 168.125], "uv_size": [0.375, -0.125]}
							}
						},
						{
							"origin": [-8.72662, 32.37094, -30.99255],
							"size": [0.1582, 0.37969, 0.09492],
							"pivot": [-8.72662, 32.75062, -7.76834],
							"rotation": [0, 0, -30.75],
							"uv": {
								"north": {"uv": [168, 95], "uv_size": [0.125, 0.375]},
								"east": {"uv": [96, 168], "uv_size": [0.125, 0.375]},
								"south": {"uv": [168, 96], "uv_size": [0.125, 0.375]},
								"west": {"uv": [97, 168], "uv_size": [0.125, 0.375]},
								"up": {"uv": [155, 168], "uv_size": [0.125, 0.125]},
								"down": {"uv": [168, 155.125], "uv_size": [0.125, -0.125]}
							}
						},
						{
							"origin": [-8.72311, 32.37589, -31.04062],
							"size": [0.15469, 0.17618, 0.12189],
							"pivot": [-8.72662, 32.75062, -30.99138],
							"rotation": [-9.70075, -5.72468, -30.26381],
							"uv": {
								"north": {"uv": [156, 168], "uv_size": [0.125, 0.125]},
								"east": {"uv": [168, 156], "uv_size": [0.125, 0.125]},
								"south": {"uv": [157, 168], "uv_size": [0.125, 0.125]},
								"west": {"uv": [168, 157], "uv_size": [0.125, 0.125]},
								"up": {"uv": [158, 168], "uv_size": [0.125, 0.125]},
								"down": {"uv": [168, 158.125], "uv_size": [0.125, -0.125]}
							}
						},
						{
							"origin": [-8.72311, 32.37589, -36.77812],
							"size": [0.15469, 0.11223, 0.95858],
							"pivot": [-8.72662, 32.75062, -30.99138],
							"rotation": [-11.00461, -6.47912, -30.12521],
							"uv": {
								"north": {"uv": [159, 168], "uv_size": [0.125, 0.125]},
								"east": {"uv": [168, 8], "uv_size": [1, 0.125]},
								"south": {"uv": [168, 159], "uv_size": [0.125, 0.125]},
								"west": {"uv": [9, 168], "uv_size": [1, 0.125]},
								"up": {"uv": [168, 9], "uv_size": [0.125, 1]},
								"down": {"uv": [10, 169], "uv_size": [0.125, -1]}
							}
						},
						{
							"origin": [-8.72311, 32.46964, -36.44062],
							"size": [0.15469, 0.09348, 0.62108],
							"pivot": [-8.72662, 32.75062, -30.99138],
							"rotation": [-11.00461, -6.47912, -30.12521],
							"uv": {
								"north": {"uv": [160, 168], "uv_size": [0.125, 0.125]},
								"east": {"uv": [43, 168], "uv_size": [0.625, 0.125]},
								"south": {"uv": [168, 160], "uv_size": [0.125, 0.125]},
								"west": {"uv": [168, 43], "uv_size": [0.625, 0.125]},
								"up": {"uv": [168, 44], "uv_size": [0.125, 0.625]},
								"down": {"uv": [168, 45.625], "uv_size": [0.125, -0.625]}
							}
						},
						{
							"origin": [-8.72311, 32.56339, -36.32812],
							"size": [0.15469, 0.09348, 0.50858],
							"pivot": [-8.72662, 32.75062, -30.99138],
							"rotation": [-11.00461, -6.47912, -30.12521],
							"uv": {
								"north": {"uv": [161, 168], "uv_size": [0.125, 0.125]},
								"east": {"uv": [67, 168], "uv_size": [0.5, 0.125]},
								"south": {"uv": [168, 161], "uv_size": [0.125, 0.125]},
								"west": {"uv": [168, 67], "uv_size": [0.5, 0.125]},
								"up": {"uv": [68, 168], "uv_size": [0.125, 0.5]},
								"down": {"uv": [168, 68.5], "uv_size": [0.125, -0.5]}
							}
						},
						{
							"origin": [-8.72662, 32.30766, -30.99255],
							"size": [0.06328, 0.07622, 25.85039],
							"pivot": [-8.72662, 32.75062, -7.76834],
							"rotation": [0, 0, -45.75],
							"uv": {
								"north": {"uv": [162, 168], "uv_size": [0.125, 0.125]},
								"east": {"uv": [146, 18], "uv_size": [25.875, 0.125]},
								"south": {"uv": [168, 162], "uv_size": [0.125, 0.125]},
								"west": {"uv": [146, 112], "uv_size": [25.875, 0.125]},
								"up": {"uv": [81, 148], "uv_size": [0.125, 25.875]},
								"down": {"uv": [82, 173.875], "uv_size": [0.125, -25.875]}
							}
						},
						{
							"origin": [-19.1757, 58.23555, -30.99255],
							"size": [0.16155, 0.07622, 0.09492],
							"pivot": [-44.37025, 32.75062, -7.76834],
							"rotation": [0, 0, 45.75],
							"uv": {
								"north": {"uv": [163, 168], "uv_size": [0.125, 0.125]},
								"east": {"uv": [168, 163], "uv_size": [0.125, 0.125]},
								"south": {"uv": [164, 168], "uv_size": [0.125, 0.125]},
								"west": {"uv": [168, 164], "uv_size": [0.125, 0.125]},
								"up": {"uv": [165, 168], "uv_size": [0.125, 0.125]},
								"down": {"uv": [168, 165.125], "uv_size": [0.125, -0.125]}
							}
						},
						{
							"origin": [-8.4221, 32.37113, -30.99256],
							"size": [-0.0558, 0.07622, 0.09492],
							"uv": {
								"north": {"uv": [166, 168], "uv_size": [0.125, 0.125]},
								"east": {"uv": [168, 166], "uv_size": [0.125, 0.125]},
								"south": {"uv": [167, 168], "uv_size": [0.125, 0.125]},
								"west": {"uv": [168, 167], "uv_size": [0.125, 0.125]},
								"up": {"uv": [168, 168], "uv_size": [0.125, 0.125]},
								"down": {"uv": [0, 169.125], "uv_size": [0.125, -0.125]}
							}
						},
						{
							"origin": [-8.45, 32.73637, -30.99255],
							"size": [0.37969, 0.37969, 0.09492],
							"pivot": [-8.07031, 33.11606, -7.76834],
							"rotation": [0, 0, 15.75],
							"uv": {
								"north": {"uv": [151, 167], "uv_size": [0.375, 0.375]},
								"east": {"uv": [168, 97], "uv_size": [0.125, 0.375]},
								"south": {"uv": [167, 151], "uv_size": [0.375, 0.375]},
								"west": {"uv": [98, 168], "uv_size": [0.125, 0.375]},
								"up": {"uv": [168, 98], "uv_size": [0.375, 0.125]},
								"down": {"uv": [168, 99.125], "uv_size": [0.375, -0.125]}
							}
						},
						{
							"origin": [-8.33158, 32.37094, -30.99255],
							"size": [0.1582, 0.37969, 0.09492],
							"pivot": [-8.17338, 32.75062, -7.76834],
							"rotation": [0, 0, 30.75],
							"uv": {
								"north": {"uv": [100, 168], "uv_size": [0.125, 0.375]},
								"east": {"uv": [168, 100], "uv_size": [0.125, 0.375]},
								"south": {"uv": [168, 101], "uv_size": [0.125, 0.375]},
								"west": {"uv": [168, 102], "uv_size": [0.125, 0.375]},
								"up": {"uv": [169, 0], "uv_size": [0.125, 0.125]},
								"down": {"uv": [1, 169.125], "uv_size": [0.125, -0.125]}
							}
						},
						{
							"origin": [-8.45, 32.73637, -30.89763],
							"size": [0.37969, 0.37969, 25.75547],
							"pivot": [-8.07031, 33.11606, -7.76834],
							"rotation": [0, 0, 15.75],
							"uv": {
								"north": {"uv": [152, 167], "uv_size": [0.375, 0.375]},
								"east": {"uv": [131, 65], "uv_size": [25.75, 0.375]},
								"south": {"uv": [167, 152], "uv_size": [0.375, 0.375]},
								"west": {"uv": [131, 83], "uv_size": [25.75, 0.375]},
								"up": {"uv": [57, 126], "uv_size": [0.375, 25.75]},
								"down": {"uv": [87, 151.75], "uv_size": [0.375, -25.75]}
							}
						},
						{
							"origin": [-8.82969, 33.11606, -30.99256],
							"size": [0.75937, 1.07578, 25.37578],
							"uv": {
								"north": {"uv": [162, 93], "uv_size": [0.75, 1.125]},
								"east": {"uv": [101, 36], "uv_size": [25.375, 1.125]},
								"south": {"uv": [162, 95], "uv_size": [0.75, 1.125]},
								"west": {"uv": [101, 38], "uv_size": [25.375, 1.125]},
								"up": {"uv": [80, 109], "uv_size": [0.75, 25.375]},
								"down": {"uv": [96, 138.375], "uv_size": [0.75, -25.375]}
							}
						},
						{
							"origin": [-8.82969, 33.11606, -35.25584],
							"size": [0.75937, 0.43828, 4.26328],
							"pivot": [-8.82969, 33.11606, -30.99256],
							"rotation": [-8, 0, 0],
							"uv": {
								"north": {"uv": [165, 156], "uv_size": [0.75, 0.5]},
								"east": {"uv": [154, 73], "uv_size": [4.25, 0.5]},
								"south": {"uv": [157, 165], "uv_size": [0.75, 0.5]},
								"west": {"uv": [154, 88], "uv_size": [4.25, 0.5]},
								"up": {"uv": [106, 148], "uv_size": [0.75, 4.25]},
								"down": {"uv": [124, 152.25], "uv_size": [0.75, -4.25]}
							}
						},
						{
							"origin": [-8.82969, 33.52856, -32.44334],
							"size": [0.75937, 0.23203, 1.41328],
							"pivot": [-8.82969, 33.11606, -30.99256],
							"rotation": [-8, 0, 0],
							"uv": {
								"north": {"uv": [167, 91], "uv_size": [0.75, 0.25]},
								"east": {"uv": [0, 166], "uv_size": [1.375, 0.25]},
								"south": {"uv": [167, 92], "uv_size": [0.75, 0.25]},
								"west": {"uv": [166, 0], "uv_size": [1.375, 0.25]},
								"up": {"uv": [116, 161], "uv_size": [0.75, 1.375]},
								"down": {"uv": [117, 162.375], "uv_size": [0.75, -1.375]}
							}
						},
						{
							"origin": [-8.27188, 33.71606, -36.90466],
							"size": [0.20156, 0.47578, 1.63124],
							"pivot": [-8.07031, 33.71606, -35.27343],
							"rotation": [0, 8.5, 0],
							"uv": {
								"north": {"uv": [168, 10], "uv_size": [0.25, 0.5]},
								"east": {"uv": [162, 121], "uv_size": [1.625, 0.5]},
								"south": {"uv": [11, 168], "uv_size": [0.25, 0.5]},
								"west": {"uv": [122, 162], "uv_size": [1.625, 0.5]},
								"up": {"uv": [72, 165], "uv_size": [0.25, 1.625]},
								"down": {"uv": [165, 73.625], "uv_size": [0.25, -1.625]}
							}
						},
						{
							"origin": [-8.33158, 32.37094, -30.89763],
							"size": [0.1582, 0.37969, 25.75547],
							"pivot": [-8.17338, 32.75062, -7.76834],
							"rotation": [0, 0, 30.75],
							"uv": {
								"north": {"uv": [168, 103], "uv_size": [0.125, 0.375]},
								"east": {"uv": [131, 111], "uv_size": [25.75, 0.375]},
								"south": {"uv": [168, 104], "uv_size": [0.125, 0.375]},
								"west": {"uv": [132, 10], "uv_size": [25.75, 0.375]},
								"up": {"uv": [88, 148], "uv_size": [0.125, 25.75]},
								"down": {"uv": [89, 173.75], "uv_size": [0.125, -25.75]}
							}
						},
						{
							"origin": [-19.1757, 58.23555, -30.89763],
							"size": [0.16155, 0.07622, 25.75547],
							"pivot": [-44.37025, 32.75062, -7.76834],
							"rotation": [0, 0, 45.75],
							"uv": {
								"north": {"uv": [169, 1], "uv_size": [0.125, 0.125]},
								"east": {"uv": [147, 50], "uv_size": [25.75, 0.125]},
								"south": {"uv": [2, 169], "uv_size": [0.125, 0.125]},
								"west": {"uv": [147, 61], "uv_size": [25.75, 0.125]},
								"up": {"uv": [90, 148], "uv_size": [0.125, 25.75]},
								"down": {"uv": [91, 173.75], "uv_size": [0.125, -25.75]}
							}
						},
						{
							"origin": [-8.4221, 32.37113, -30.89763],
							"size": [-0.0558, 0.07622, 25.75547],
							"uv": {
								"north": {"uv": [169, 2], "uv_size": [0.125, 0.125]},
								"east": {"uv": [147, 70], "uv_size": [25.75, 0.125]},
								"south": {"uv": [3, 169], "uv_size": [0.125, 0.125]},
								"west": {"uv": [147, 87], "uv_size": [25.75, 0.125]},
								"up": {"uv": [92, 148], "uv_size": [0.125, 25.75]},
								"down": {"uv": [101, 173.75], "uv_size": [0.125, -25.75]}
							}
						},
						{
							"origin": [-8.82969, 32.73637, -30.89763],
							"size": [0.37969, 0.37969, 25.75547],
							"pivot": [-8.82969, 33.11606, -7.76834],
							"rotation": [0, 0, -15.75],
							"uv": {
								"north": {"uv": [153, 167], "uv_size": [0.375, 0.375]},
								"east": {"uv": [132, 11], "uv_size": [25.75, 0.375]},
								"south": {"uv": [167, 153], "uv_size": [0.375, 0.375]},
								"west": {"uv": [132, 12], "uv_size": [25.75, 0.375]},
								"up": {"uv": [12, 127], "uv_size": [0.375, 25.75]},
								"down": {"uv": [2, 153.75], "uv_size": [0.375, -25.75]}
							}
						},
						{
							"origin": [-8.72662, 32.37094, -30.89763],
							"size": [0.1582, 0.37969, 25.75547],
							"pivot": [-8.72662, 32.75062, -7.76834],
							"rotation": [0, 0, -30.75],
							"uv": {
								"north": {"uv": [168, 105], "uv_size": [0.125, 0.375]},
								"east": {"uv": [132, 29], "uv_size": [25.75, 0.375]},
								"south": {"uv": [168, 106], "uv_size": [0.125, 0.375]},
								"west": {"uv": [132, 30], "uv_size": [25.75, 0.375]},
								"up": {"uv": [102, 148], "uv_size": [0.125, 25.75]},
								"down": {"uv": [103, 173.75], "uv_size": [0.125, -25.75]}
							}
						},
						{
							"origin": [-8.72662, 32.37094, -30.89763],
							"size": [0.1582, 0.37969, 0],
							"pivot": [-8.72662, 32.75062, -7.76834],
							"rotation": [0, 0, -30.75],
							"uv": {
								"north": {"uv": [168, 107], "uv_size": [0.125, 0.375]},
								"east": {"uv": [0, 0], "uv_size": [0, 0.375]},
								"south": {"uv": [168, 108], "uv_size": [0.125, 0.375]},
								"west": {"uv": [0, 0], "uv_size": [0, 0.375]},
								"up": {"uv": [0, 0], "uv_size": [0.125, 0]},
								"down": {"uv": [0.125, 0], "uv_size": [-0.125, 0]}
							}
						},
						{
							"origin": [-8.72662, 32.30766, -30.99255],
							"size": [0, 0.07622, 25.85039],
							"pivot": [-8.72662, 32.75062, -7.76834],
							"rotation": [0, 0, -45.75],
							"uv": {
								"north": {"uv": [0, 0], "uv_size": [0, 0.375]},
								"east": {"uv": [146, 122], "uv_size": [25.875, 0.125]},
								"south": {"uv": [0, 0], "uv_size": [0, 0.375]},
								"west": {"uv": [146, 124], "uv_size": [25.875, 0.125]},
								"up": {"uv": [0, 0], "uv_size": [0, 25.875]},
								"down": {"uv": [0, 25.875], "uv_size": [0, -25.875]}
							}
						},
						{
							"origin": [-8.8249, 32.30766, -30.99255],
							"size": [0.09827, 0.07622, 0.09492],
							"pivot": [-8.72662, 32.75062, -7.76834],
							"rotation": [0, 0, -45.75],
							"uv": {
								"north": {"uv": [169, 3], "uv_size": [0.125, 0.125]},
								"east": {"uv": [4, 169], "uv_size": [0.125, 0.125]},
								"south": {"uv": [169, 4], "uv_size": [0.125, 0.125]},
								"west": {"uv": [5, 169], "uv_size": [0.125, 0.125]},
								"up": {"uv": [169, 5], "uv_size": [0.125, 0.125]},
								"down": {"uv": [6, 169.125], "uv_size": [0.125, -0.125]}
							}
						},
						{
							"origin": [-8.51419, 32.40052, -31.10333],
							"size": [0.11219, 0.07554, 0.12189],
							"pivot": [-8.47091, 32.43292, -31.02947],
							"rotation": [-7.72427, -7.8556, -45.21885],
							"uv": {
								"north": {"uv": [169, 6], "uv_size": [0.125, 0.125]},
								"east": {"uv": [7, 169], "uv_size": [0.125, 0.125]},
								"south": {"uv": [169, 7], "uv_size": [0.125, 0.125]},
								"west": {"uv": [8, 169], "uv_size": [0.125, 0.125]},
								"up": {"uv": [169, 8], "uv_size": [0.125, 0.125]},
								"down": {"uv": [9, 169.125], "uv_size": [0.125, -0.125]}
							}
						},
						{
							"origin": [-8.53201, 32.3706, -36.9334],
							"size": [0.11219, 0.07554, 5.83125],
							"pivot": [-8.53201, 32.44613, -31.10215],
							"rotation": [-9.15159, -9.27266, -45.00627],
							"uv": {
								"north": {"uv": [169, 9], "uv_size": [0.125, 0.125]},
								"east": {"uv": [163, 53], "uv_size": [5.875, 0.125]},
								"south": {"uv": [10, 169], "uv_size": [0.125, 0.125]},
								"west": {"uv": [54, 163], "uv_size": [5.875, 0.125]},
								"up": {"uv": [60, 163], "uv_size": [0.125, 5.875]},
								"down": {"uv": [61, 168.875], "uv_size": [0.125, -5.875]}
							}
						},
						{
							"origin": [-8.8249, 32.30766, -30.89763],
							"size": [0.09827, 0.07622, 25.75547],
							"pivot": [-8.72662, 32.75062, -7.76834],
							"rotation": [0, 0, -45.75],
							"uv": {
								"north": {"uv": [169, 10], "uv_size": [0.125, 0.125]},
								"east": {"uv": [147, 90], "uv_size": [25.75, 0.125]},
								"south": {"uv": [11, 169], "uv_size": [0.125, 0.125]},
								"west": {"uv": [147, 110], "uv_size": [25.75, 0.125]},
								"up": {"uv": [104, 148], "uv_size": [0.125, 25.75]},
								"down": {"uv": [105, 173.75], "uv_size": [0.125, -25.75]}
							}
						},
						{
							"origin": [-8.4221, 32.37113, -31.11444],
							"size": [-0.0558, 0.07622, 0.12189],
							"pivot": [-8.4221, 32.37113, -30.99256],
							"rotation": [-11, 0, 0],
							"uv": {
								"north": {"uv": [169, 11], "uv_size": [0.125, 0.125]},
								"east": {"uv": [12, 169], "uv_size": [0.125, 0.125]},
								"south": {"uv": [169, 12], "uv_size": [0.125, 0.125]},
								"west": {"uv": [13, 169], "uv_size": [0.125, 0.125]},
								"up": {"uv": [169, 13], "uv_size": [0.125, 0.125]},
								"down": {"uv": [14, 169.125], "uv_size": [0.125, -0.125]}
							}
						},
						{
							"origin": [-8.4221, 32.39439, -36.97873],
							"size": [-0.0558, 0.07622, 5.86652],
							"pivot": [-8.4221, 32.39439, -31.11221],
							"rotation": [-13, 0, 0],
							"uv": {
								"north": {"uv": [169, 14], "uv_size": [0.125, 0.125]},
								"east": {"uv": [163, 55], "uv_size": [5.875, 0.125]},
								"south": {"uv": [15, 169], "uv_size": [0.125, 0.125]},
								"west": {"uv": [163, 56], "uv_size": [5.875, 0.125]},
								"up": {"uv": [62, 163], "uv_size": [0.125, 5.875]},
								"down": {"uv": [63, 168.875], "uv_size": [0.125, -5.875]}
							}
						},
						{
							"origin": [-8.72311, 32.55207, -31.04062],
							"size": [0.15469, 0.19855, 0.05858],
							"pivot": [-8.72662, 32.75062, -30.99138],
							"rotation": [-9.70075, -5.72468, -30.26381],
							"uv": {
								"north": {"uv": [140, 168], "uv_size": [0.125, 0.25]},
								"east": {"uv": [141, 168], "uv_size": [0.125, 0.25]},
								"south": {"uv": [142, 168], "uv_size": [0.125, 0.25]},
								"west": {"uv": [143, 168], "uv_size": [0.125, 0.25]},
								"up": {"uv": [169, 15], "uv_size": [0.125, 0.125]},
								"down": {"uv": [16, 169.125], "uv_size": [0.125, -0.125]}
							}
						},
						{
							"origin": [-8.33158, 32.37589, -36.74062],
							"size": [0.15469, 0.16848, 0.82733],
							"pivot": [-8.17337, 32.75062, -30.99138],
							"rotation": [-11.00461, 6.47912, 30.12521],
							"uv": {
								"north": {"uv": [169, 16], "uv_size": [0.125, 0.125]},
								"east": {"uv": [168, 14], "uv_size": [0.875, 0.125]},
								"south": {"uv": [17, 169], "uv_size": [0.125, 0.125]},
								"west": {"uv": [15, 168], "uv_size": [0.875, 0.125]},
								"up": {"uv": [168, 15], "uv_size": [0.125, 0.875]},
								"down": {"uv": [16, 168.875], "uv_size": [0.125, -0.875]}
							}
						},
						{
							"origin": [-8.33158, 32.54464, -36.17812],
							"size": [0.15469, 0.16848, 0.26483],
							"pivot": [-8.17337, 32.75062, -30.99138],
							"rotation": [-11.00461, 6.47912, 30.12521],
							"uv": {
								"north": {"uv": [169, 17], "uv_size": [0.125, 0.125]},
								"east": {"uv": [168, 143], "uv_size": [0.25, 0.125]},
								"south": {"uv": [18, 169], "uv_size": [0.125, 0.125]},
								"west": {"uv": [168, 144], "uv_size": [0.25, 0.125]},
								"up": {"uv": [168, 145], "uv_size": [0.125, 0.25]},
								"down": {"uv": [146, 168.25], "uv_size": [0.125, -0.25]}
							}
						},
						{
							"origin": [-8.33158, 32.37589, -31.04062],
							"size": [0.15469, 0.17618, 0.12189],
							"pivot": [-8.17337, 32.75062, -30.99138],
							"rotation": [-9.70075, 5.72468, 30.26381],
							"uv": {
								"north": {"uv": [19, 169], "uv_size": [0.125, 0.125]},
								"east": {"uv": [169, 19], "uv_size": [0.125, 0.125]},
								"south": {"uv": [20, 169], "uv_size": [0.125, 0.125]},
								"west": {"uv": [169, 20], "uv_size": [0.125, 0.125]},
								"up": {"uv": [21, 169], "uv_size": [0.125, 0.125]},
								"down": {"uv": [169, 21.125], "uv_size": [0.125, -0.125]}
							}
						},
						{
							"origin": [-8.498, 32.40052, -31.10333],
							"size": [0.11219, 0.07554, 0.12189],
							"pivot": [-8.42909, 32.43292, -31.02947],
							"rotation": [-7.72427, 7.8556, 45.21885],
							"uv": {
								"north": {"uv": [22, 169], "uv_size": [0.125, 0.125]},
								"east": {"uv": [169, 22], "uv_size": [0.125, 0.125]},
								"south": {"uv": [23, 169], "uv_size": [0.125, 0.125]},
								"west": {"uv": [169, 23], "uv_size": [0.125, 0.125]},
								"up": {"uv": [24, 169], "uv_size": [0.125, 0.125]},
								"down": {"uv": [169, 24.125], "uv_size": [0.125, -0.125]}
							}
						},
						{
							"origin": [-8.33158, 32.55207, -31.04062],
							"size": [0.15469, 0.19855, 0.05858],
							"pivot": [-8.17337, 32.75062, -30.99138],
							"rotation": [-9.70075, 5.72468, 30.26381],
							"uv": {
								"north": {"uv": [168, 146], "uv_size": [0.125, 0.25]},
								"east": {"uv": [147, 168], "uv_size": [0.125, 0.25]},
								"south": {"uv": [148, 168], "uv_size": [0.125, 0.25]},
								"west": {"uv": [168, 148], "uv_size": [0.125, 0.25]},
								"up": {"uv": [25, 169], "uv_size": [0.125, 0.125]},
								"down": {"uv": [169, 25.125], "uv_size": [0.125, -0.125]}
							}
						},
						{
							"origin": [-8.33158, 32.55207, -30.98437],
							"size": [0.15469, 0.19855, 0.02108],
							"pivot": [-8.17337, 32.75062, -30.99138],
							"rotation": [-9.70075, 5.72468, 30.26381],
							"uv": {
								"north": {"uv": [149, 168], "uv_size": [0.125, 0.25]},
								"east": {"uv": [168, 149], "uv_size": [0.125, 0.25]},
								"south": {"uv": [150, 168], "uv_size": [0.125, 0.25]},
								"west": {"uv": [168, 150], "uv_size": [0.125, 0.25]},
								"up": {"uv": [26, 169], "uv_size": [0.125, 0.125]},
								"down": {"uv": [169, 26.125], "uv_size": [0.125, -0.125]}
							}
						},
						{
							"origin": [-8.48018, 32.3706, -36.9334],
							"size": [0.11219, 0.07554, 5.83125],
							"pivot": [-8.36799, 32.44613, -31.10215],
							"rotation": [-9.15159, 9.27266, 45.00627],
							"uv": {
								"north": {"uv": [27, 169], "uv_size": [0.125, 0.125]},
								"east": {"uv": [163, 57], "uv_size": [5.875, 0.125]},
								"south": {"uv": [169, 27], "uv_size": [0.125, 0.125]},
								"west": {"uv": [163, 58], "uv_size": [5.875, 0.125]},
								"up": {"uv": [64, 163], "uv_size": [0.125, 5.875]},
								"down": {"uv": [65, 168.875], "uv_size": [0.125, -5.875]}
							}
						},
						{
							"origin": [-8.72311, 32.55207, -30.98204],
							"size": [0.15469, 0.19855, 0.02581],
							"pivot": [-8.72662, 32.75062, -30.99138],
							"rotation": [-9.70075, -5.72468, -30.26381],
							"uv": {
								"north": {"uv": [151, 168], "uv_size": [0.125, 0.25]},
								"east": {"uv": [168, 151], "uv_size": [0.125, 0.25]},
								"south": {"uv": [152, 168], "uv_size": [0.125, 0.25]},
								"west": {"uv": [168, 152], "uv_size": [0.125, 0.25]},
								"up": {"uv": [28, 169], "uv_size": [0.125, 0.125]},
								"down": {"uv": [169, 28.125], "uv_size": [0.125, -0.125]}
							}
						},
						{
							"origin": [-8.82969, 33.71606, -35.27343],
							"size": [0.75937, 0.47578, 4.3758],
							"uv": {
								"north": {"uv": [158, 165], "uv_size": [0.75, 0.5]},
								"east": {"uv": [154, 16], "uv_size": [4.375, 0.5]},
								"south": {"uv": [159, 165], "uv_size": [0.75, 0.5]},
								"west": {"uv": [154, 28], "uv_size": [4.375, 0.5]},
								"up": {"uv": [130, 147], "uv_size": [0.75, 4.375]},
								"down": {"uv": [9, 152.375], "uv_size": [0.75, -4.375]}
							}
						},
						{
							"origin": [-8.66094, 33.71606, -36.21093],
							"size": [0.40312, 0.47578, 0.98205],
							"uv": {
								"north": {"uv": [94, 167], "uv_size": [0.375, 0.5]},
								"east": {"uv": [164, 163], "uv_size": [1, 0.5]},
								"south": {"uv": [95, 167], "uv_size": [0.375, 0.5]},
								"west": {"uv": [164, 164], "uv_size": [1, 0.5]},
								"up": {"uv": [165, 159], "uv_size": [0.375, 1]},
								"down": {"uv": [160, 166], "uv_size": [0.375, -1]}
							}
						},
						{
							"origin": [-8.52969, 33.71606, -36.54843],
							"size": [0.12187, 0.47578, 0.38205],
							"uv": {
								"north": {"uv": [69, 168], "uv_size": [0.125, 0.5]},
								"east": {"uv": [167, 95], "uv_size": [0.375, 0.5]},
								"south": {"uv": [168, 69], "uv_size": [0.125, 0.5]},
								"west": {"uv": [167, 96], "uv_size": [0.375, 0.5]},
								"up": {"uv": [109, 168], "uv_size": [0.125, 0.375]},
								"down": {"uv": [168, 109.375], "uv_size": [0.125, -0.375]}
							}
						},
						{
							"origin": [-8.82969, 33.71606, -36.90466],
							"size": [0.16406, 0.47578, 1.63124],
							"pivot": [-8.82969, 33.71606, -35.27343],
							"rotation": [0, -9, 0],
							"uv": {
								"north": {"uv": [70, 168], "uv_size": [0.125, 0.5]},
								"east": {"uv": [162, 123], "uv_size": [1.625, 0.5]},
								"south": {"uv": [71, 168], "uv_size": [0.125, 0.5]},
								"west": {"uv": [124, 162], "uv_size": [1.625, 0.5]},
								"up": {"uv": [23, 167], "uv_size": [0.125, 1.625]},
								"down": {"uv": [24, 168.625], "uv_size": [0.125, -1.625]}
							}
						},
						{
							"origin": [-8.72311, 32.37589, -35.81954],
							"size": [0.15469, 0.37473, 4.82581],
							"pivot": [-8.72662, 32.75062, -30.99138],
							"rotation": [-11.00461, -6.47912, -30.12521],
							"uv": {
								"north": {"uv": [168, 111], "uv_size": [0.125, 0.375]},
								"east": {"uv": [156, 97], "uv_size": [4.875, 0.375]},
								"south": {"uv": [113, 168], "uv_size": [0.125, 0.375]},
								"west": {"uv": [156, 98], "uv_size": [4.875, 0.375]},
								"up": {"uv": [41, 164], "uv_size": [0.125, 4.875]},
								"down": {"uv": [164, 47.875], "uv_size": [0.125, -4.875]}
							}
						},
						{
							"origin": [-8.33158, 32.37589, -35.91329],
							"size": [0.15469, 0.37473, 4.91956],
							"pivot": [-8.17337, 32.75062, -30.99138],
							"rotation": [-11.00461, 6.47912, 30.12521],
							"uv": {
								"north": {"uv": [168, 113], "uv_size": [0.125, 0.375]},
								"east": {"uv": [156, 99], "uv_size": [4.875, 0.375]},
								"south": {"uv": [114, 168], "uv_size": [0.125, 0.375]},
								"west": {"uv": [156, 102], "uv_size": [4.875, 0.375]},
								"up": {"uv": [44, 164], "uv_size": [0.125, 4.875]},
								"down": {"uv": [45, 168.875], "uv_size": [0.125, -4.875]}
							}
						}
					]
				},
				{
					"name": "RightHandLocator",
					"parent": "RightHand",
					"pivot": [-8.3219, 33.79776, 0.0375],
					"cubes": [
						{
							"origin": [-9.0719, 33.04776, -0.7125],
							"size": [1.5, 0.3, 1.5],
							"uv": {
								"north": {"uv": [166.5, 95], "uv_size": [-1.5, 0.25]},
								"east": {"uv": [166.5, 101], "uv_size": [-1.5, 0.25]},
								"south": {"uv": [166.5, 100], "uv_size": [-1.5, 0.25]},
								"west": {"uv": [166.5, 96], "uv_size": [-1.5, 0.25]},
								"up": {"uv": [155.5, 33], "uv_size": [-1.5, 1.5]},
								"down": {"uv": [155.5, 36.5], "uv_size": [-1.5, -1.5]}
							}
						}
					]
				}
			]
		}
	]
}