{
	"format_version": "1.8.0",
	"animations": {
		"beg": {
			"loop": true,
			"bones": {
				"Head": {
					"rotation": [0, 0, 10],
					"position": [0, 0, 0]
				},
				"LongHair": {
					"rotation": [0, 0, 15]
				},
				"LeftArm": {
					"rotation": [25, 25, -10],
					"position": [0, 0, 0]
				},
				"LeftForeArm": {
					"rotation": [-45, 0, 0],
					"position": [0, 0, 0]
				},
				"RightArm": {
					"rotation": [25, -25, 10],
					"position": [0, 0, 0]
				},
				"RightForeArm": {
					"rotation": [-45, 0, 0],
					"position": [0, 0, 0]
				},
				"RightHand": {
					"rotation": [-45, 0, 0]
				},
				"LeftHand": {
					"rotation": [-45, 0, 0]
				},
				"AllHead": {
					"rotation": [5, 0, 0]
				}
			}
		},
		"bookshelf": {
			"loop": true,
			"animation_length": 6,
			"bones": {
				"UpBody": {
					"rotation": [0, 0, 0]
				},
				"LeftArm": {
					"rotation": [-44.52992, 12.35882, -1.72715]
				},
				"LeftForeArm": {
					"rotation": [-148.21113, 55.21488, -75.58167]
				},
				"RightArm": {
					"rotation": [-36.3107, -1.80175, -33.18875]
				},
				"RightForeArm": {
					"rotation": [-125.95742, -27.15647, 34.04258]
				},
				"LeftLeg": {
					"rotation": [-96.36654, -5.01579, -16.96722]
				},
				"LeftLowerLeg": {
					"rotation": [52.5, 0, 0]
				},
				"LeftFoot": {
					"rotation": [37.5, 0, 0]
				},
				"RightLeg": {
					"rotation": [-96.36654, 5.01579, 16.96722]
				},
				"RightLowerLeg": {
					"rotation": [52.5, 0, 0]
				},
				"RightFoot": {
					"rotation": [37.5, 0, 0]
				},
				"AllBody": {
					"position": [0, -18.5, -2],
					"scale": 1
				},
				"Head": {
					"rotation": {
						"0.0": [10, 0, 0],
						"2.0": [10, 0, 0],
						"2.125": [15, 0, 0],
						"2.25": [10, 0, 0],
						"2.375": [15, 0, 0],
						"2.5": [10, 0, 0]
					}
				},
				"LongHair": {
					"rotation": [15, 0, 0]
				},
				"Skirt": {
					"rotation": [-96.21393, 0, 0],
					"position": [0.3, -3.15, 1.8]
				},
				"UpperBody": {
					"rotation": [0, 0, 0]
				},
				"RightHand": {
					"rotation": [-22.5, 0, 0]
				}
			}
		},
		"computer": {
			"loop": true,
			"bones": {
				"UpBody": {
					"rotation": [0, 0, 0]
				},
				"LeftArm": {
					"rotation": [-38.27599, -14.40609, -0.53408]
				},
				"LeftForeArm": {
					"rotation": [-51.5, -10, 5]
				},
				"RightArm": {
					"rotation": [-35.40403, 18.74724, 1.17283]
				},
				"RightForeArm": {
					"rotation": [-48.9934, 2.35308, -12.85853]
				},
				"LeftLeg": {
					"rotation": [-82.5, 0, 0]
				},
				"LeftLowerLeg": {
					"rotation": ["84.5+math.sin(q.anim_time*180)*2", 0, 0]
				},
				"RightLeg": {
					"rotation": [-82.5, 0, 0]
				},
				"RightLowerLeg": {
					"rotation": ["84.5-math.sin(q.anim_time*180)*2", 0, 0]
				},
				"Head": {
					"rotation": [0, 0, 0]
				},
				"UpperBody": {
					"rotation": [0, 0, 0]
				},
				"AllBody": {
					"position": [0, -18, -4.5]
				},
				"RightHand": {
					"rotation": [0, -90, 0]
				},
				"LeftHand": {
					"rotation": [0, 90, 0]
				}
			}
		},
		"keyboard": {
			"loop": true,
			"animation_length": 4.75,
			"bones": {
				"UpBody": {
					"rotation": {
						"0.0": {
							"post": [10, 0, 0],
							"lerp_mode": "catmullrom"
						},
						"0.375": {
							"post": [9.5, 0, 0],
							"lerp_mode": "catmullrom"
						},
						"0.6667": {
							"post": [10, 0, 0],
							"lerp_mode": "catmullrom"
						},
						"0.8333": {
							"post": [12.5, 0, 0],
							"lerp_mode": "catmullrom"
						},
						"1.1667": {
							"post": [12.5, 0, 0],
							"lerp_mode": "catmullrom"
						},
						"1.4167": {
							"post": [9.5, 0, 0],
							"lerp_mode": "catmullrom"
						},
						"1.5833": {
							"post": [10, 0, 0],
							"lerp_mode": "catmullrom"
						},
						"1.75": {
							"post": [12.5, 0, 0],
							"lerp_mode": "catmullrom"
						},
						"1.9583": {
							"post": [9.5, 0, 0],
							"lerp_mode": "catmullrom"
						},
						"2.25": {
							"post": [10, 0, 0],
							"lerp_mode": "catmullrom"
						},
						"2.4167": {
							"post": [12.5, 0, 0],
							"lerp_mode": "catmullrom"
						},
						"2.75": {
							"post": [10, 0, 0],
							"lerp_mode": "catmullrom"
						},
						"2.9167": {
							"post": [12.5, 0, 0],
							"lerp_mode": "catmullrom"
						},
						"3.125": {
							"post": [9.5, 0, 0],
							"lerp_mode": "catmullrom"
						},
						"3.4167": {
							"post": [10, 0, 0],
							"lerp_mode": "catmullrom"
						},
						"3.5833": {
							"post": [12.5, 0, 0],
							"lerp_mode": "catmullrom"
						},
						"3.9167": {
							"post": [12.5, 0, 0],
							"lerp_mode": "catmullrom"
						},
						"4.1667": {
							"post": [9.5, 0, 0],
							"lerp_mode": "catmullrom"
						},
						"4.4583": {
							"post": [9, 0, 0],
							"lerp_mode": "catmullrom"
						},
						"4.75": {
							"post": [10, 0, 0],
							"lerp_mode": "catmullrom"
						}
					}
				},
				"LeftArm": {
					"rotation": {
						"0.0": {
							"post": [-50, 0, 0],
							"lerp_mode": "catmullrom"
						},
						"0.0833": {
							"post": [-57.5, 0, 0],
							"lerp_mode": "catmullrom"
						},
						"0.25": {
							"post": [-57.5, 0, 0],
							"lerp_mode": "catmullrom"
						},
						"0.3333": {
							"post": [-50, 0, 0],
							"lerp_mode": "catmullrom"
						},
						"0.5": {
							"post": [-50, 0, 0],
							"lerp_mode": "catmullrom"
						},
						"0.75": {
							"post": [-50, -4.2, 0],
							"lerp_mode": "catmullrom"
						},
						"0.8333": {
							"post": [-57.5, -4.2, 0],
							"lerp_mode": "catmullrom"
						},
						"1.0": {
							"post": [-57.5, -4.2, 0],
							"lerp_mode": "catmullrom"
						},
						"1.0833": {
							"post": [-50, -4.2, 0],
							"lerp_mode": "catmullrom"
						},
						"1.25": {
							"post": [-50, -4.2, 0],
							"lerp_mode": "catmullrom"
						},
						"1.5": {
							"post": [-50, 0, 0],
							"lerp_mode": "catmullrom"
						},
						"1.5833": {
							"post": [-57.5, 0, 0],
							"lerp_mode": "catmullrom"
						},
						"1.75": {
							"post": [-57.5, 0, 0],
							"lerp_mode": "catmullrom"
						},
						"1.8333": {
							"post": [-50, 0, 0],
							"lerp_mode": "catmullrom"
						},
						"2.0": {
							"post": [-50, 0, 0],
							"lerp_mode": "catmullrom"
						},
						"2.2083": {
							"post": [-50, 4.3, 0],
							"lerp_mode": "catmullrom"
						},
						"2.2917": {
							"post": [-57.5, 4.3, 0],
							"lerp_mode": "catmullrom"
						},
						"2.4583": {
							"post": [-57.5, 4.3, 0],
							"lerp_mode": "catmullrom"
						},
						"2.5417": {
							"post": [-50, 4.3, 0],
							"lerp_mode": "catmullrom"
						},
						"2.7083": {
							"post": [-50, 4.3, 0],
							"lerp_mode": "catmullrom"
						},
						"2.8333": {
							"post": [-50, 0, 0],
							"lerp_mode": "catmullrom"
						},
						"2.9167": {
							"post": [-57.5, 0, 0],
							"lerp_mode": "catmullrom"
						},
						"3.0833": {
							"post": [-57.5, 0, 0],
							"lerp_mode": "catmullrom"
						},
						"3.1667": {
							"post": [-50, 0, 0],
							"lerp_mode": "catmullrom"
						},
						"3.3333": {
							"post": [-50, 0, 0],
							"lerp_mode": "catmullrom"
						},
						"3.5833": {
							"post": [-50, -4.2, 0],
							"lerp_mode": "catmullrom"
						},
						"3.6667": {
							"post": [-57.5, -4.2, 0],
							"lerp_mode": "catmullrom"
						},
						"3.8333": {
							"post": [-57.5, -4.2, 0],
							"lerp_mode": "catmullrom"
						},
						"3.9167": {
							"post": [-50, -4.2, 0],
							"lerp_mode": "catmullrom"
						},
						"4.0833": {
							"post": [-50, -4.2, 0],
							"lerp_mode": "catmullrom"
						},
						"4.25": {
							"post": [-50, 0, 0],
							"lerp_mode": "catmullrom"
						},
						"4.3333": {
							"post": [-57.5, 0, 0],
							"lerp_mode": "catmullrom"
						},
						"4.5": {
							"post": [-57.5, 0, 0],
							"lerp_mode": "catmullrom"
						},
						"4.5833": {
							"post": [-50, 0, 0],
							"lerp_mode": "catmullrom"
						},
						"4.75": {
							"post": [-50, 0, 0],
							"lerp_mode": "catmullrom"
						}
					}
				},
				"LeftForeArm": {
					"rotation": {
						"0.0": {
							"post": [-57.21, 59.33, -43.38],
							"lerp_mode": "catmullrom"
						},
						"0.0833": {
							"post": [-54.74523, 61.40421, -40.55192],
							"lerp_mode": "catmullrom"
						},
						"0.2083": {
							"post": [-61.18348, 55.03205, -48.10405],
							"lerp_mode": "catmullrom"
						},
						"0.3333": {
							"post": [-61.18348, 55.03205, -48.10405],
							"lerp_mode": "catmullrom"
						},
						"0.5": {
							"post": [-57.20508, 59.33164, -43.38127],
							"lerp_mode": "catmullrom"
						},
						"0.75": {
							"post": [-52.91, 59.33, -43.38],
							"lerp_mode": "catmullrom"
						},
						"0.8333": {
							"post": [-50.44523, 61.40421, -40.55192],
							"lerp_mode": "catmullrom"
						},
						"0.9583": {
							"post": [-56.88348, 55.03205, -48.10405],
							"lerp_mode": "catmullrom"
						},
						"1.0833": {
							"post": [-56.88348, 55.03205, -48.10405],
							"lerp_mode": "catmullrom"
						},
						"1.25": {
							"post": [-52.90508, 59.33164, -43.38127],
							"lerp_mode": "catmullrom"
						},
						"1.5": {
							"post": [-64.41, 59.33, -43.38],
							"lerp_mode": "catmullrom"
						},
						"1.5833": {
							"post": [-61.94523, 61.40421, -40.55192],
							"lerp_mode": "catmullrom"
						},
						"1.7083": {
							"post": [-68.38348, 55.03205, -48.10405],
							"lerp_mode": "catmullrom"
						},
						"1.8333": {
							"post": [-68.38348, 55.03205, -48.10405],
							"lerp_mode": "catmullrom"
						},
						"2.0": {
							"post": [-64.40508, 59.33164, -43.38127],
							"lerp_mode": "catmullrom"
						},
						"2.2083": {
							"post": [-57.21, 59.33, -43.38],
							"lerp_mode": "catmullrom"
						},
						"2.2917": {
							"post": [-54.74523, 61.40421, -40.55192],
							"lerp_mode": "catmullrom"
						},
						"2.4167": {
							"post": [-61.18348, 55.03205, -48.10405],
							"lerp_mode": "catmullrom"
						},
						"2.5417": {
							"post": [-61.18348, 55.03205, -48.10405],
							"lerp_mode": "catmullrom"
						},
						"2.7083": {
							"post": [-57.20508, 59.33164, -43.38127],
							"lerp_mode": "catmullrom"
						},
						"2.8333": {
							"post": [-57.21, 59.33, -43.38],
							"lerp_mode": "catmullrom"
						},
						"2.9167": {
							"post": [-54.74523, 61.40421, -40.55192],
							"lerp_mode": "catmullrom"
						},
						"3.0417": {
							"post": [-61.18348, 55.03205, -48.10405],
							"lerp_mode": "catmullrom"
						},
						"3.1667": {
							"post": [-61.18348, 55.03205, -48.10405],
							"lerp_mode": "catmullrom"
						},
						"3.3333": {
							"post": [-57.20508, 59.33164, -43.38127],
							"lerp_mode": "catmullrom"
						},
						"3.5833": {
							"post": [-67.21, 59.33, -43.38],
							"lerp_mode": "catmullrom"
						},
						"3.6667": {
							"post": [-64.74523, 61.40421, -40.55192],
							"lerp_mode": "catmullrom"
						},
						"3.7917": {
							"post": [-71.18348, 55.03205, -48.10405],
							"lerp_mode": "catmullrom"
						},
						"3.9167": {
							"post": [-71.18348, 55.03205, -48.10405],
							"lerp_mode": "catmullrom"
						},
						"4.0833": {
							"post": [-67.20508, 59.33164, -43.38127],
							"lerp_mode": "catmullrom"
						},
						"4.25": {
							"post": [-57.21, 59.33, -43.38],
							"lerp_mode": "catmullrom"
						},
						"4.3333": {
							"post": [-54.74523, 61.40421, -40.55192],
							"lerp_mode": "catmullrom"
						},
						"4.4583": {
							"post": [-61.18348, 55.03205, -48.10405],
							"lerp_mode": "catmullrom"
						},
						"4.5833": {
							"post": [-61.18348, 55.03205, -48.10405],
							"lerp_mode": "catmullrom"
						},
						"4.75": {
							"post": [-57.20508, 59.33164, -43.38127],
							"lerp_mode": "catmullrom"
						}
					}
				},
				"RightArm": {
					"rotation": {
						"0.0": {
							"post": [-57.5, 0, 0],
							"lerp_mode": "catmullrom"
						},
						"0.1667": {
							"post": [-57.5, 0, 0],
							"lerp_mode": "catmullrom"
						},
						"0.25": {
							"post": [-50, 0, 0],
							"lerp_mode": "catmullrom"
						},
						"0.4167": {
							"post": [-50, 0, 0],
							"lerp_mode": "catmullrom"
						},
						"0.6667": {
							"post": [-50, 4.2, 0],
							"lerp_mode": "catmullrom"
						},
						"0.75": {
							"post": [-57.5, 4.2, 0],
							"lerp_mode": "catmullrom"
						},
						"0.9167": {
							"post": [-57.5, 4.2, 0],
							"lerp_mode": "catmullrom"
						},
						"1.0": {
							"post": [-50, 4.2, 0],
							"lerp_mode": "catmullrom"
						},
						"1.1667": {
							"post": [-50, 4.2, 0],
							"lerp_mode": "catmullrom"
						},
						"1.3333": {
							"post": [-50, 0, 0],
							"lerp_mode": "catmullrom"
						},
						"1.4167": {
							"post": [-57.5, 0, 0],
							"lerp_mode": "catmullrom"
						},
						"1.5833": {
							"post": [-57.5, 0, 0],
							"lerp_mode": "catmullrom"
						},
						"1.6667": {
							"post": [-50, 0, 0],
							"lerp_mode": "catmullrom"
						},
						"1.8333": {
							"post": [-50, 0, 0],
							"lerp_mode": "catmullrom"
						},
						"1.9167": {
							"post": [-57.5, 0, 0],
							"lerp_mode": "catmullrom"
						},
						"2.0833": {
							"post": [-57.5, 0, 0],
							"lerp_mode": "catmullrom"
						},
						"2.1667": {
							"post": [-50, 0, 0],
							"lerp_mode": "catmullrom"
						},
						"2.3333": {
							"post": [-50, 0, 0],
							"lerp_mode": "catmullrom"
						},
						"2.5833": {
							"post": [-50, 4.2, 0],
							"lerp_mode": "catmullrom"
						},
						"2.6667": {
							"post": [-57.5, 4.2, 0],
							"lerp_mode": "catmullrom"
						},
						"2.8333": {
							"post": [-57.5, 4.2, 0],
							"lerp_mode": "catmullrom"
						},
						"2.9167": {
							"post": [-50, 4.2, 0],
							"lerp_mode": "catmullrom"
						},
						"3.0833": {
							"post": [-50, 4.2, 0],
							"lerp_mode": "catmullrom"
						},
						"3.3333": {
							"post": [-50, 0, 0],
							"lerp_mode": "catmullrom"
						},
						"3.4167": {
							"post": [-57.5, 0, 0],
							"lerp_mode": "catmullrom"
						},
						"3.5833": {
							"post": [-57.5, 0, 0],
							"lerp_mode": "catmullrom"
						},
						"3.6667": {
							"post": [-50, 0, 0],
							"lerp_mode": "catmullrom"
						},
						"3.8333": {
							"post": [-50, 0, 0],
							"lerp_mode": "catmullrom"
						},
						"4.0417": {
							"post": [-50, -4.3, 0],
							"lerp_mode": "catmullrom"
						},
						"4.125": {
							"post": [-57.5, -4.3, 0],
							"lerp_mode": "catmullrom"
						},
						"4.2917": {
							"post": [-57.5, -4.3, 0],
							"lerp_mode": "catmullrom"
						},
						"4.375": {
							"post": [-50, -4.3, 0],
							"lerp_mode": "catmullrom"
						},
						"4.5417": {
							"post": [-50, -4.3, 0],
							"lerp_mode": "catmullrom"
						},
						"4.6667": {
							"post": [-50, 0, 0],
							"lerp_mode": "catmullrom"
						},
						"4.75": {
							"post": [-57.5, 0, 0],
							"lerp_mode": "catmullrom"
						}
					}
				},
				"RightForeArm": {
					"rotation": {
						"0.0": {
							"post": [-54.74523, -61.40421, 40.55192],
							"lerp_mode": "catmullrom"
						},
						"0.125": {
							"post": [-61.18348, -55.03205, 48.10405],
							"lerp_mode": "catmullrom"
						},
						"0.25": {
							"post": [-61.18348, -55.03205, 48.10405],
							"lerp_mode": "catmullrom"
						},
						"0.4167": {
							"post": [-57.20508, -59.33164, 43.38127],
							"lerp_mode": "catmullrom"
						},
						"0.6667": {
							"post": [-67.21, -59.33, 43.38],
							"lerp_mode": "catmullrom"
						},
						"0.75": {
							"post": [-64.74523, -61.40421, 40.55192],
							"lerp_mode": "catmullrom"
						},
						"0.875": {
							"post": [-71.18348, -55.03205, 48.10405],
							"lerp_mode": "catmullrom"
						},
						"1.0": {
							"post": [-71.18348, -55.03205, 48.10405],
							"lerp_mode": "catmullrom"
						},
						"1.1667": {
							"post": [-67.20508, -59.33164, 43.38127],
							"lerp_mode": "catmullrom"
						},
						"1.3333": {
							"post": [-57.21, -59.33, 43.38],
							"lerp_mode": "catmullrom"
						},
						"1.4167": {
							"post": [-54.74523, -61.40421, 40.55192],
							"lerp_mode": "catmullrom"
						},
						"1.5417": {
							"post": [-61.18348, -55.03205, 48.10405],
							"lerp_mode": "catmullrom"
						},
						"1.6667": {
							"post": [-61.18348, -55.03205, 48.10405],
							"lerp_mode": "catmullrom"
						},
						"1.8333": {
							"post": [-57.20508, -59.33164, 43.38127],
							"lerp_mode": "catmullrom"
						},
						"1.9167": {
							"post": [-54.74523, -61.40421, 40.55192],
							"lerp_mode": "catmullrom"
						},
						"2.0417": {
							"post": [-61.18348, -55.03205, 48.10405],
							"lerp_mode": "catmullrom"
						},
						"2.1667": {
							"post": [-61.18348, -55.03205, 48.10405],
							"lerp_mode": "catmullrom"
						},
						"2.3333": {
							"post": [-57.20508, -59.33164, 43.38127],
							"lerp_mode": "catmullrom"
						},
						"2.5833": {
							"post": [-52.91, -59.33, 43.38],
							"lerp_mode": "catmullrom"
						},
						"2.6667": {
							"post": [-50.44523, -61.40421, 40.55192],
							"lerp_mode": "catmullrom"
						},
						"2.7917": {
							"post": [-56.88348, -55.03205, 48.10405],
							"lerp_mode": "catmullrom"
						},
						"2.9167": {
							"post": [-56.88348, -55.03205, 48.10405],
							"lerp_mode": "catmullrom"
						},
						"3.0833": {
							"post": [-52.90508, -59.33164, 43.38127],
							"lerp_mode": "catmullrom"
						},
						"3.3333": {
							"post": [-64.41, -59.33, 43.38],
							"lerp_mode": "catmullrom"
						},
						"3.4167": {
							"post": [-61.94523, -61.40421, 40.55192],
							"lerp_mode": "catmullrom"
						},
						"3.5417": {
							"post": [-68.38348, -55.03205, 48.10405],
							"lerp_mode": "catmullrom"
						},
						"3.6667": {
							"post": [-68.38348, -55.03205, 48.10405],
							"lerp_mode": "catmullrom"
						},
						"3.8333": {
							"post": [-64.40508, -59.33164, 43.38127],
							"lerp_mode": "catmullrom"
						},
						"4.0417": {
							"post": [-57.21, -59.33, 43.38],
							"lerp_mode": "catmullrom"
						},
						"4.125": {
							"post": [-54.74523, -61.40421, 40.55192],
							"lerp_mode": "catmullrom"
						},
						"4.25": {
							"post": [-61.18348, -55.03205, 48.10405],
							"lerp_mode": "catmullrom"
						},
						"4.375": {
							"post": [-61.18348, -55.03205, 48.10405],
							"lerp_mode": "catmullrom"
						},
						"4.5417": {
							"post": [-57.20508, -59.33164, 43.38127],
							"lerp_mode": "catmullrom"
						},
						"4.6667": {
							"post": [-57.21, -59.33, 43.38],
							"lerp_mode": "catmullrom"
						},
						"4.75": {
							"post": [-54.74523, -61.40421, 40.55192],
							"lerp_mode": "catmullrom"
						}
					}
				},
				"LeftLeg": {
					"rotation": [-82.5, 0, 0]
				},
				"LeftLowerLeg": {
					"rotation": {
						"0.0": {
							"post": [84.5, 0, 0],
							"lerp_mode": "catmullrom"
						},
						"0.0833": {
							"post": [84.35, 0, 0],
							"lerp_mode": "catmullrom"
						},
						"0.2083": {
							"post": [83.91, 0, 0],
							"lerp_mode": "catmullrom"
						},
						"0.2917": {
							"post": [83.27, 0, 0],
							"lerp_mode": "catmullrom"
						},
						"0.4167": {
							"post": [82.5, 0, 0],
							"lerp_mode": "catmullrom"
						},
						"0.5": {
							"post": [81.73, 0, 0],
							"lerp_mode": "catmullrom"
						},
						"0.5833": {
							"post": [81.09, 0, 0],
							"lerp_mode": "catmullrom"
						},
						"0.7083": {
							"post": [80.65, 0, 0],
							"lerp_mode": "catmullrom"
						},
						"0.7917": {
							"post": [80.5, 0, 0],
							"lerp_mode": "catmullrom"
						},
						"0.9167": {
							"post": [80.65, 0, 0],
							"lerp_mode": "catmullrom"
						},
						"1.0": {
							"post": [81.09, 0, 0],
							"lerp_mode": "catmullrom"
						},
						"1.0833": {
							"post": [81.73, 0, 0],
							"lerp_mode": "catmullrom"
						},
						"1.2083": {
							"post": [82.5, 0, 0],
							"lerp_mode": "catmullrom"
						},
						"1.2917": {
							"post": [83.27, 0, 0],
							"lerp_mode": "catmullrom"
						},
						"1.4167": {
							"post": [83.91, 0, 0],
							"lerp_mode": "catmullrom"
						},
						"1.5": {
							"post": [84.35, 0, 0],
							"lerp_mode": "catmullrom"
						},
						"1.5833": {
							"post": [84.5, 0, 0],
							"lerp_mode": "catmullrom"
						},
						"1.7083": {
							"post": [84.35, 0, 0],
							"lerp_mode": "catmullrom"
						},
						"1.7917": {
							"post": [83.91, 0, 0],
							"lerp_mode": "catmullrom"
						},
						"1.9167": {
							"post": [83.27, 0, 0],
							"lerp_mode": "catmullrom"
						},
						"2.0": {
							"post": [82.5, 0, 0],
							"lerp_mode": "catmullrom"
						},
						"2.0833": {
							"post": [81.73, 0, 0],
							"lerp_mode": "catmullrom"
						},
						"2.1667": {
							"post": [81.09, 0, 0],
							"lerp_mode": "catmullrom"
						},
						"2.25": {
							"post": [80.65, 0, 0],
							"lerp_mode": "catmullrom"
						},
						"2.375": {
							"post": [80.5, 0, 0],
							"lerp_mode": "catmullrom"
						},
						"2.4583": {
							"post": [80.65, 0, 0],
							"lerp_mode": "catmullrom"
						},
						"2.5417": {
							"post": [81.09, 0, 0],
							"lerp_mode": "catmullrom"
						},
						"2.6667": {
							"post": [81.73, 0, 0],
							"lerp_mode": "catmullrom"
						},
						"2.75": {
							"post": [82.5, 0, 0],
							"lerp_mode": "catmullrom"
						},
						"2.875": {
							"post": [83.27, 0, 0],
							"lerp_mode": "catmullrom"
						},
						"2.9583": {
							"post": [83.91, 0, 0],
							"lerp_mode": "catmullrom"
						},
						"3.0417": {
							"post": [84.35, 0, 0],
							"lerp_mode": "catmullrom"
						},
						"3.1667": {
							"post": [84.5, 0, 0],
							"lerp_mode": "catmullrom"
						},
						"3.25": {
							"post": [84.35, 0, 0],
							"lerp_mode": "catmullrom"
						},
						"3.375": {
							"post": [83.91, 0, 0],
							"lerp_mode": "catmullrom"
						},
						"3.4583": {
							"post": [83.27, 0, 0],
							"lerp_mode": "catmullrom"
						},
						"3.5417": {
							"post": [82.5, 0, 0],
							"lerp_mode": "catmullrom"
						},
						"3.6667": {
							"post": [81.73, 0, 0],
							"lerp_mode": "catmullrom"
						},
						"3.75": {
							"post": [81.09, 0, 0],
							"lerp_mode": "catmullrom"
						},
						"3.875": {
							"post": [80.65, 0, 0],
							"lerp_mode": "catmullrom"
						},
						"3.9583": {
							"post": [80.5, 0, 0],
							"lerp_mode": "catmullrom"
						},
						"4.0417": {
							"post": [80.65, 0, 0],
							"lerp_mode": "catmullrom"
						},
						"4.1667": {
							"post": [81.09, 0, 0],
							"lerp_mode": "catmullrom"
						},
						"4.25": {
							"post": [81.73, 0, 0],
							"lerp_mode": "catmullrom"
						},
						"4.375": {
							"post": [82.5, 0, 0],
							"lerp_mode": "catmullrom"
						},
						"4.4583": {
							"post": [83.27, 0, 0],
							"lerp_mode": "catmullrom"
						},
						"4.5417": {
							"post": [83.91, 0, 0],
							"lerp_mode": "catmullrom"
						},
						"4.6667": {
							"post": [84.35, 0, 0],
							"lerp_mode": "catmullrom"
						},
						"4.75": {
							"post": [84.5, 0, 0],
							"lerp_mode": "catmullrom"
						}
					}
				},
				"RightLeg": {
					"rotation": [-82.5, 0, 0]
				},
				"RightLowerLeg": {
					"rotation": {
						"0.0": {
							"post": [80.5, 0, 0],
							"lerp_mode": "catmullrom"
						},
						"0.0833": {
							"post": [80.65, 0, 0],
							"lerp_mode": "catmullrom"
						},
						"0.2083": {
							"post": [81.09, 0, 0],
							"lerp_mode": "catmullrom"
						},
						"0.2917": {
							"post": [81.73, 0, 0],
							"lerp_mode": "catmullrom"
						},
						"0.4167": {
							"post": [82.5, 0, 0],
							"lerp_mode": "catmullrom"
						},
						"0.5": {
							"post": [83.27, 0, 0],
							"lerp_mode": "catmullrom"
						},
						"0.5833": {
							"post": [83.91, 0, 0],
							"lerp_mode": "catmullrom"
						},
						"0.7083": {
							"post": [84.35, 0, 0],
							"lerp_mode": "catmullrom"
						},
						"0.7917": {
							"post": [84.5, 0, 0],
							"lerp_mode": "catmullrom"
						},
						"0.9167": {
							"post": [84.35, 0, 0],
							"lerp_mode": "catmullrom"
						},
						"1.0": {
							"post": [83.91, 0, 0],
							"lerp_mode": "catmullrom"
						},
						"1.0833": {
							"post": [83.27, 0, 0],
							"lerp_mode": "catmullrom"
						},
						"1.2083": {
							"post": [82.5, 0, 0],
							"lerp_mode": "catmullrom"
						},
						"1.2917": {
							"post": [81.73, 0, 0],
							"lerp_mode": "catmullrom"
						},
						"1.4167": {
							"post": [81.09, 0, 0],
							"lerp_mode": "catmullrom"
						},
						"1.5": {
							"post": [80.65, 0, 0],
							"lerp_mode": "catmullrom"
						},
						"1.5833": {
							"post": [80.5, 0, 0],
							"lerp_mode": "catmullrom"
						},
						"1.7083": {
							"post": [80.65, 0, 0],
							"lerp_mode": "catmullrom"
						},
						"1.7917": {
							"post": [81.09, 0, 0],
							"lerp_mode": "catmullrom"
						},
						"1.9167": {
							"post": [81.73, 0, 0],
							"lerp_mode": "catmullrom"
						},
						"2.0": {
							"post": [82.5, 0, 0],
							"lerp_mode": "catmullrom"
						},
						"2.0833": {
							"post": [83.27, 0, 0],
							"lerp_mode": "catmullrom"
						},
						"2.1667": {
							"post": [83.91, 0, 0],
							"lerp_mode": "catmullrom"
						},
						"2.25": {
							"post": [84.35, 0, 0],
							"lerp_mode": "catmullrom"
						},
						"2.375": {
							"post": [84.5, 0, 0],
							"lerp_mode": "catmullrom"
						},
						"2.4583": {
							"post": [84.35, 0, 0],
							"lerp_mode": "catmullrom"
						},
						"2.5417": {
							"post": [83.91, 0, 0],
							"lerp_mode": "catmullrom"
						},
						"2.6667": {
							"post": [83.27, 0, 0],
							"lerp_mode": "catmullrom"
						},
						"2.75": {
							"post": [82.5, 0, 0],
							"lerp_mode": "catmullrom"
						},
						"2.875": {
							"post": [81.73, 0, 0],
							"lerp_mode": "catmullrom"
						},
						"2.9583": {
							"post": [81.09, 0, 0],
							"lerp_mode": "catmullrom"
						},
						"3.0417": {
							"post": [80.65, 0, 0],
							"lerp_mode": "catmullrom"
						},
						"3.1667": {
							"post": [80.5, 0, 0],
							"lerp_mode": "catmullrom"
						},
						"3.25": {
							"post": [80.65, 0, 0],
							"lerp_mode": "catmullrom"
						},
						"3.375": {
							"post": [81.09, 0, 0],
							"lerp_mode": "catmullrom"
						},
						"3.4583": {
							"post": [81.73, 0, 0],
							"lerp_mode": "catmullrom"
						},
						"3.5417": {
							"post": [82.5, 0, 0],
							"lerp_mode": "catmullrom"
						},
						"3.6667": {
							"post": [83.27, 0, 0],
							"lerp_mode": "catmullrom"
						},
						"3.75": {
							"post": [83.91, 0, 0],
							"lerp_mode": "catmullrom"
						},
						"3.875": {
							"post": [84.35, 0, 0],
							"lerp_mode": "catmullrom"
						},
						"3.9583": {
							"post": [84.5, 0, 0],
							"lerp_mode": "catmullrom"
						},
						"4.0417": {
							"post": [84.35, 0, 0],
							"lerp_mode": "catmullrom"
						},
						"4.1667": {
							"post": [83.91, 0, 0],
							"lerp_mode": "catmullrom"
						},
						"4.25": {
							"post": [83.27, 0, 0],
							"lerp_mode": "catmullrom"
						},
						"4.375": {
							"post": [82.5, 0, 0],
							"lerp_mode": "catmullrom"
						},
						"4.4583": {
							"post": [81.73, 0, 0],
							"lerp_mode": "catmullrom"
						},
						"4.5417": {
							"post": [81.09, 0, 0],
							"lerp_mode": "catmullrom"
						},
						"4.6667": {
							"post": [80.65, 0, 0],
							"lerp_mode": "catmullrom"
						},
						"4.75": {
							"post": [80.5, 0, 0],
							"lerp_mode": "catmullrom"
						}
					}
				},
				"AllBody": {
					"position": [0, -14, -2]
				},
				"Head": {
					"rotation": {
						"0.0": {
							"post": [8.93, 0, 0],
							"lerp_mode": "catmullrom"
						},
						"0.2917": {
							"post": [7.05, -0.4, 1],
							"lerp_mode": "catmullrom"
						},
						"0.5": {
							"post": [11.55, -0.4, -0.8],
							"lerp_mode": "catmullrom"
						},
						"0.7917": {
							"post": [10.8, 0.5, -1.1],
							"lerp_mode": "catmullrom"
						},
						"0.9583": {
							"post": [7.05, 1.3, -0.9],
							"lerp_mode": "catmullrom"
						},
						"1.2917": {
							"post": [7.05, 1.6, 0.4],
							"lerp_mode": "catmullrom"
						},
						"1.5417": {
							"post": [11.55, -0.6, 0.9],
							"lerp_mode": "catmullrom"
						},
						"1.7083": {
							"post": [10.8, -0.8, -0.7],
							"lerp_mode": "catmullrom"
						},
						"1.875": {
							"post": [7.05, -0.6, -0.6],
							"lerp_mode": "catmullrom"
						},
						"2.0833": {
							"post": [11.55, -1.6, 0.9],
							"lerp_mode": "catmullrom"
						},
						"2.375": {
							"post": [10.8, -1.8, 1.6],
							"lerp_mode": "catmullrom"
						},
						"2.5417": {
							"post": [7.05, 0.9, 1.3],
							"lerp_mode": "catmullrom"
						},
						"2.875": {
							"post": [10.8, 1.8, 0.6],
							"lerp_mode": "catmullrom"
						},
						"3.0417": {
							"post": [7.05, 0.6, -0.5],
							"lerp_mode": "catmullrom"
						},
						"3.25": {
							"post": [11.55, 0, -1.5],
							"lerp_mode": "catmullrom"
						},
						"3.5417": {
							"post": [10.8, -0.8, -1.4],
							"lerp_mode": "catmullrom"
						},
						"3.7083": {
							"post": [7.05, 0.3, -0.7],
							"lerp_mode": "catmullrom"
						},
						"4.0417": {
							"post": [7.05, 0, 0.8],
							"lerp_mode": "catmullrom"
						},
						"4.2917": {
							"post": [11.55, -0.7, -0.3],
							"lerp_mode": "catmullrom"
						},
						"4.75": {
							"post": [8.93, 0, 0],
							"lerp_mode": "catmullrom"
						}
					}
				},
				"UpperBody": {
					"rotation": [-7.5, 0, 0]
				},
				"RightHand": {
					"rotation": [0, 0, 35]
				},
				"LeftHand": {
					"rotation": [0, 0, -35]
				}
			}
		},
		"picnic": {
			"loop": true,
			"bones": {
				"UpBody": {
					"rotation": [20, 0, 0]
				},
				"LeftArm": {
					"rotation": [-22.81484, 67.44549, -15.48236],
					"position": [0, 0, 0]
				},
				"LeftForeArm": {
					"rotation": [-102.66733, 53.26745, -137.6027],
					"position": [0, 0, 0]
				},
				"RightArm": {
					"rotation": [-22.81484, -67.44549, 15.48236],
					"position": [0, 0, 0]
				},
				"RightForeArm": {
					"rotation": [-102.66733, -53.26745, 137.6027],
					"position": [0, 0, 0]
				},
				"LeftLeg": {
					"rotation": [-62.5, 0, 0],
					"position": [0, 0, 0]
				},
				"LeftLowerLeg": {
					"rotation": [152.5, 0, 0],
					"position": [0, 0, 0]
				},
				"LeftFoot": {
					"rotation": [35, 0, 0],
					"position": [0, 0, 0]
				},
				"RightLeg": {
					"rotation": [-62.5, 0, 0],
					"position": [0, 0, 0]
				},
				"RightLowerLeg": {
					"rotation": [152.5, 0, 0],
					"position": [0, 0, 0]
				},
				"RightFoot": {
					"rotation": [40, 0, 0],
					"position": [0, 0, 0]
				},
				"AllBody": {
					"rotation": [0, 0, 0],
					"position": [0, -13, 0],
					"scale": 1
				},
				"AllHead": {
					"rotation": [0, 0, 0],
					"position": [0, 0, 0]
				},
				"Head": {
					"rotation": [0, 0, 0],
					"position": [0, 0, 0]
				},
				"LongHair": {
					"rotation": [12.5, 0, 0]
				},
				"UpperBody": {
					"rotation": [-20, 0, 0]
				},
				"LeftHand": {
					"rotation": [0, -85, 15]
				},
				"RightHand": {
					"rotation": [0, 85, -15]
				}
			}
		},
		"game_win": {
			"loop": true,
			"animation_length": 100,
			"bones": {
				"Root": {
					"scale": {
						"1.0": {
							"pre": [1, 1, 1],
							"post": [1, 1, 1],
							"lerp_mode": "catmullrom"
						},
						"5.0": {
							"post": [1, 1, 1],
							"lerp_mode": "catmullrom"
						}
					}
				},
				"AllBody": {
					"position": {
						"1.0": {
							"pre": [0, -13, 0],
							"post": [0, -13, 0],
							"lerp_mode": "catmullrom"
						},
						"5.0": {
							"post": [0, -13, 0],
							"lerp_mode": "catmullrom"
						}
					}
				},
				"UpBody": {
					"rotation": {
						"1.0": {
							"pre": [10, 0, 0],
							"post": [10, 0, 0],
							"lerp_mode": "catmullrom"
						},
						"1.2917": {
							"post": [5, 0, 0],
							"lerp_mode": "catmullrom"
						},
						"1.5417": {
							"post": [5, 0, 0],
							"lerp_mode": "catmullrom"
						},
						"1.8333": {
							"post": [5, 0, 0],
							"lerp_mode": "catmullrom"
						},
						"2.0": {
							"post": [5, 0, 0],
							"lerp_mode": "catmullrom"
						},
						"2.5": {
							"post": [5, 0, 0],
							"lerp_mode": "catmullrom"
						},
						"3.0": {
							"post": [5, 0, 0],
							"lerp_mode": "catmullrom"
						},
						"4.0": {
							"post": [5, 0, 0],
							"lerp_mode": "catmullrom"
						},
						"5.0": {
							"post": [10, 0, 0],
							"lerp_mode": "catmullrom"
						}
					}
				},
				"UpperBody": {
					"rotation": {
						"1.0": {
							"pre": [-4.5, 0, 0],
							"post": [-4.5, 0, 0],
							"lerp_mode": "catmullrom"
						},
						"1.2917": {
							"post": [-5, 0, 0],
							"lerp_mode": "catmullrom"
						},
						"1.5417": {
							"post": [-5, 0, 0],
							"lerp_mode": "catmullrom"
						},
						"1.8333": {
							"post": [-5, 0, 0],
							"lerp_mode": "catmullrom"
						},
						"2.0": {
							"post": [-5, 0, 0],
							"lerp_mode": "catmullrom"
						},
						"2.5": {
							"post": [-5, 0, 0],
							"lerp_mode": "catmullrom"
						},
						"3.0": {
							"post": [-5, 0, 0],
							"lerp_mode": "catmullrom"
						},
						"4.0": {
							"post": [-5, 0, 0],
							"lerp_mode": "catmullrom"
						},
						"5.0": {
							"post": [-4.5, 0, 0],
							"lerp_mode": "catmullrom"
						}
					}
				},
				"AllHead": {
					"rotation": {
						"1.0": {
							"pre": [0, 0, 0],
							"post": [0, 0, 0],
							"lerp_mode": "catmullrom"
						},
						"5.0": {
							"post": [0, 0, 0],
							"lerp_mode": "catmullrom"
						}
					}
				},
				"Head": {
					"rotation": {
						"1.0": {
							"pre": [-0.86603, 0, 0],
							"post": [-0.86603, 0, 0],
							"lerp_mode": "catmullrom"
						},
						"1.2917": {
							"post": [4.13, 0, 0],
							"lerp_mode": "catmullrom"
						},
						"1.8333": {
							"post": [-1.11, 0, 0],
							"lerp_mode": "catmullrom"
						},
						"2.0": {
							"post": [1.27, 0, 0],
							"lerp_mode": "catmullrom"
						},
						"2.1667": {
							"post": [-1.11, 0, 0],
							"lerp_mode": "catmullrom"
						},
						"5.0": {
							"post": [-0.86603, 0, 0],
							"lerp_mode": "catmullrom"
						}
					}
				},
				"LeftArm": {
					"rotation": {
						"1.0": {
							"pre": [-26.00448, 15.41426, 17.54417],
							"post": [-26.00448, 15.41426, 17.54417],
							"lerp_mode": "catmullrom"
						},
						"1.2917": {
							"post": [0, 0, -30],
							"lerp_mode": "catmullrom"
						},
						"1.5417": {
							"post": [0, 0, -45],
							"lerp_mode": "catmullrom"
						},
						"1.8333": {
							"post": [0, 0, -45],
							"lerp_mode": "catmullrom"
						},
						"2.0": {
							"post": [0, 0, -30],
							"lerp_mode": "catmullrom"
						},
						"2.5": {
							"post": [0, 0, -30],
							"lerp_mode": "catmullrom"
						},
						"3.0": {
							"post": [0, 0, -30],
							"lerp_mode": "catmullrom"
						},
						"4.0": {
							"post": [0, 0, -30],
							"lerp_mode": "catmullrom"
						},
						"5.0": {
							"post": [-26.00448, 15.41426, 17.54417],
							"lerp_mode": "catmullrom"
						}
					}
				},
				"LeftForeArm": {
					"rotation": {
						"1.0": {
							"pre": [-45.10922, 82.93343, -19.89078],
							"post": [-45.10922, 82.93343, -19.89078],
							"lerp_mode": "catmullrom"
						},
						"1.2917": {
							"post": [-148.58031, 76.1838, -87.88096],
							"lerp_mode": "catmullrom"
						},
						"1.5417": {
							"post": [0, 90, 105],
							"lerp_mode": "catmullrom"
						},
						"1.8333": {
							"post": [0, 90, 105],
							"lerp_mode": "catmullrom"
						},
						"2.0": {
							"post": [0, 90, 105],
							"lerp_mode": "catmullrom"
						},
						"2.5": {
							"post": [0, 90, 105],
							"lerp_mode": "catmullrom"
						},
						"3.0": {
							"post": [0, 90, 105],
							"lerp_mode": "catmullrom"
						},
						"4.0": {
							"post": [0, 90, 105],
							"lerp_mode": "catmullrom"
						},
						"4.5": {
							"post": [-62.76959, 56.02352, -36.79189],
							"lerp_mode": "catmullrom"
						},
						"5.0": {
							"post": [-45.10922, 82.93343, -19.89078],
							"lerp_mode": "catmullrom"
						}
					}
				},
				"RightArm": {
					"rotation": {
						"1.0": {
							"pre": [-26.00448, -15.41426, -17.54417],
							"post": [-26.00448, -15.41426, -17.54417],
							"lerp_mode": "catmullrom"
						},
						"1.2917": {
							"post": [0, 0, 30],
							"lerp_mode": "catmullrom"
						},
						"1.5417": {
							"post": [0, 0, 45],
							"lerp_mode": "catmullrom"
						},
						"1.8333": {
							"post": [0, 0, 45],
							"lerp_mode": "catmullrom"
						},
						"2.0": {
							"post": [0, 0, 30],
							"lerp_mode": "catmullrom"
						},
						"2.5": {
							"post": [0, 0, 30],
							"lerp_mode": "catmullrom"
						},
						"3.0": {
							"post": [0, 0, 30],
							"lerp_mode": "catmullrom"
						},
						"4.0": {
							"post": [0, 0, 30],
							"lerp_mode": "catmullrom"
						},
						"5.0": {
							"post": [-26.00448, -15.41426, -17.54417],
							"lerp_mode": "catmullrom"
						}
					}
				},
				"RightForeArm": {
					"rotation": {
						"1.0": {
							"pre": [-113.28031, -76.1838, 87.88096],
							"post": [-113.28031, -76.1838, 87.88096],
							"lerp_mode": "catmullrom"
						},
						"1.2917": {
							"post": [-148.58031, -76.1838, 87.88096],
							"lerp_mode": "catmullrom"
						},
						"1.5417": {
							"post": [0, -90, -105],
							"lerp_mode": "catmullrom"
						},
						"1.8333": {
							"post": [0, -90, -105],
							"lerp_mode": "catmullrom"
						},
						"2.0": {
							"post": [0, -90, -105],
							"lerp_mode": "catmullrom"
						},
						"2.5": {
							"post": [0, -90, -105],
							"lerp_mode": "catmullrom"
						},
						"3.0": {
							"post": [0, -90, -105],
							"lerp_mode": "catmullrom"
						},
						"4.0": {
							"post": [0, -90, -105],
							"lerp_mode": "catmullrom"
						},
						"4.5": {
							"post": [-62.76959, -56.02352, 36.79189],
							"lerp_mode": "catmullrom"
						},
						"5.0": {
							"post": [-113.28031, -76.1838, 87.88096],
							"lerp_mode": "catmullrom"
						}
					}
				},
				"LeftLeg": {
					"rotation": {
						"1.0": {
							"pre": [-50.32548, 0, 0],
							"post": [-50.32548, 0, 0],
							"lerp_mode": "catmullrom"
						},
						"5.0": {
							"post": [-50.32548, 0, 0],
							"lerp_mode": "catmullrom"
						}
					}
				},
				"LeftLowerLeg": {
					"rotation": {
						"1.0": {
							"pre": [145, 0, 0],
							"post": [145, 0, 0],
							"lerp_mode": "catmullrom"
						},
						"5.0": {
							"post": [145, 0, 0],
							"lerp_mode": "catmullrom"
						}
					}
				},
				"LeftFoot": {
					"rotation": {
						"1.0": {
							"pre": [37.5, 0, 0],
							"post": [37.5, 0, 0],
							"lerp_mode": "catmullrom"
						},
						"5.0": {
							"post": [37.5, 0, 0],
							"lerp_mode": "catmullrom"
						}
					}
				},
				"RightLeg": {
					"rotation": {
						"1.0": {
							"pre": [-50.32548, 0, 0],
							"post": [-50.32548, 0, 0],
							"lerp_mode": "catmullrom"
						},
						"5.0": {
							"post": [-50.32548, 0, 0],
							"lerp_mode": "catmullrom"
						}
					}
				},
				"RightLowerLeg": {
					"rotation": {
						"1.0": {
							"pre": [145, 0, 0],
							"post": [145, 0, 0],
							"lerp_mode": "catmullrom"
						},
						"5.0": {
							"post": [145, 0, 0],
							"lerp_mode": "catmullrom"
						}
					}
				},
				"RightFoot": {
					"rotation": {
						"1.0": {
							"pre": [37.5, 0, 0],
							"post": [37.5, 0, 0],
							"lerp_mode": "catmullrom"
						},
						"5.0": {
							"post": [37.5, 0, 0],
							"lerp_mode": "catmullrom"
						}
					}
				},
				"Skirt": {
					"rotation": {
						"1.0": {
							"pre": [-32.5, 0, 0],
							"post": [-32.5, 0, 0],
							"lerp_mode": "catmullrom"
						},
						"5.0": {
							"post": [-32.5, 0, 0],
							"lerp_mode": "catmullrom"
						}
					}
				},
				"BackSkirt": {
					"rotation": {
						"1.0": {
							"pre": [37.5, 0, 0],
							"post": [37.5, 0, 0],
							"lerp_mode": "catmullrom"
						},
						"5.0": {
							"post": [37.5, 0, 0],
							"lerp_mode": "catmullrom"
						}
					}
				}
			}
		},
		"game_lost": {
			"loop": true,
			"animation_length": 100,
			"bones": {
				"Root": {
					"scale": {
						"1.0": {
							"pre": [1, 1, 1],
							"post": [1, 1, 1],
							"lerp_mode": "catmullrom"
						},
						"4.5417": {
							"post": [1, 1, 1],
							"lerp_mode": "catmullrom"
						}
					}
				},
				"AllBody": {
					"position": {
						"1.0": {
							"pre": [0, -13, 0],
							"post": [0, -13, 0],
							"lerp_mode": "catmullrom"
						},
						"4.5417": {
							"post": [0, -13, 0],
							"lerp_mode": "catmullrom"
						}
					}
				},
				"UpBody": {
					"rotation": {
						"1.0": {
							"pre": [10, 0, 0],
							"post": [10, 0, 0],
							"lerp_mode": "catmullrom"
						},
						"1.4583": {
							"post": [10, 0, 0],
							"lerp_mode": "catmullrom"
						},
						"2.0": {
							"post": [22.5, 0, 0],
							"lerp_mode": "catmullrom"
						},
						"3.0": {
							"post": [22.5, 0, 0],
							"lerp_mode": "catmullrom"
						},
						"4.5417": {
							"post": [10, 0, 0],
							"lerp_mode": "catmullrom"
						}
					}
				},
				"UpperBody": {
					"rotation": {
						"1.0": {
							"pre": [-4.5, 0, 0],
							"post": [-4.5, 0, 0],
							"lerp_mode": "catmullrom"
						},
						"1.5417": {
							"post": [-7, 0, 0],
							"lerp_mode": "catmullrom"
						},
						"2.0": {
							"post": [7.85, 0, 0],
							"lerp_mode": "catmullrom"
						},
						"3.0": {
							"post": [7.85, 0, 0],
							"lerp_mode": "catmullrom"
						},
						"4.5417": {
							"post": [-4.5, 0, 0],
							"lerp_mode": "catmullrom"
						}
					}
				},
				"AllHead": {
					"rotation": {
						"1.0": {
							"pre": [0, 0, 0],
							"post": [0, 0, 0],
							"lerp_mode": "catmullrom"
						},
						"4.5417": {
							"post": [0, 0, 0],
							"lerp_mode": "catmullrom"
						}
					}
				},
				"Head": {
					"rotation": {
						"1.0": {
							"pre": [-0.86603, 0, 0],
							"post": [-0.86603, 0, 0],
							"lerp_mode": "catmullrom"
						},
						"1.5417": {
							"post": [-5, 0, 0],
							"lerp_mode": "catmullrom"
						},
						"2.125": {
							"post": [8, 0, 0],
							"lerp_mode": "catmullrom"
						},
						"3.0": {
							"post": [10.5, 0, 0],
							"lerp_mode": "catmullrom"
						},
						"4.5417": {
							"post": [-0.86603, 0, 0],
							"lerp_mode": "catmullrom"
						}
					}
				},
				"LeftArm": {
					"rotation": {
						"1.0": {
							"pre": [-26.00448, 15.41426, 17.54417],
							"post": [-26.00448, 15.41426, 17.54417],
							"lerp_mode": "catmullrom"
						},
						"1.5417": {
							"post": [-26, 15.41, 17.54],
							"lerp_mode": "catmullrom"
						},
						"2.0": {
							"post": [-27.52162, -29.78811, 11.14254],
							"lerp_mode": "catmullrom"
						},
						"3.0": {
							"post": [-27.52162, -29.78811, 11.14254],
							"lerp_mode": "catmullrom"
						},
						"4.5417": {
							"post": [-26.00448, 15.41426, 17.54417],
							"lerp_mode": "catmullrom"
						}
					}
				},
				"LeftForeArm": {
					"rotation": {
						"1.0": {
							"pre": [-45.10922, 82.93343, -19.89078],
							"post": [-45.10922, 82.93343, -19.89078],
							"lerp_mode": "catmullrom"
						},
						"1.5417": {
							"post": [-45.10922, 82.93343, -19.89078],
							"lerp_mode": "catmullrom"
						},
						"2.0": {
							"post": [-182.91562, 79.25234, -120.71726],
							"lerp_mode": "catmullrom"
						},
						"3.0": {
							"post": [-182.91562, 79.25234, -120.71726],
							"lerp_mode": "catmullrom"
						},
						"4.5417": {
							"post": [-45.10922, 82.93343, -19.89078],
							"lerp_mode": "catmullrom"
						}
					}
				},
				"RightArm": {
					"rotation": {
						"1.0": {
							"pre": [-26.00448, -15.41426, -17.54417],
							"post": [-26.00448, -15.41426, -17.54417],
							"lerp_mode": "catmullrom"
						},
						"1.5417": {
							"post": [-26, -15.41, -17.54],
							"lerp_mode": "catmullrom"
						},
						"2.0": {
							"post": [-27.52162, 29.78811, -11.14254],
							"lerp_mode": "catmullrom"
						},
						"3.0": {
							"post": [-27.52162, 29.78811, -11.14254],
							"lerp_mode": "catmullrom"
						},
						"4.5417": {
							"post": [-26.00448, -15.41426, -17.54417],
							"lerp_mode": "catmullrom"
						}
					}
				},
				"RightForeArm": {
					"rotation": {
						"1.0": {
							"pre": [-113.28031, -76.1838, 87.88096],
							"post": [-113.28031, -76.1838, 87.88096],
							"lerp_mode": "catmullrom"
						},
						"1.5417": {
							"post": [-113.28, -76.18, 87.88],
							"lerp_mode": "catmullrom"
						},
						"2.0": {
							"post": [-182.91562, -79.25234, 120.71726],
							"lerp_mode": "catmullrom"
						},
						"3.0": {
							"post": [-182.91562, -79.25234, 120.71726],
							"lerp_mode": "catmullrom"
						},
						"4.5417": {
							"post": [-113.28031, -76.1838, 87.88096],
							"lerp_mode": "catmullrom"
						}
					}
				},
				"LeftLeg": {
					"rotation": {
						"1.0": {
							"pre": [-50.32548, 0, 0],
							"post": [-50.32548, 0, 0],
							"lerp_mode": "catmullrom"
						},
						"4.5417": {
							"post": [-50.32548, 0, 0],
							"lerp_mode": "catmullrom"
						}
					}
				},
				"LeftLowerLeg": {
					"rotation": {
						"1.0": {
							"pre": [145, 0, 0],
							"post": [145, 0, 0],
							"lerp_mode": "catmullrom"
						},
						"4.5417": {
							"post": [145, 0, 0],
							"lerp_mode": "catmullrom"
						}
					}
				},
				"LeftFoot": {
					"rotation": {
						"1.0": {
							"pre": [37.5, 0, 0],
							"post": [37.5, 0, 0],
							"lerp_mode": "catmullrom"
						},
						"4.5417": {
							"post": [37.5, 0, 0],
							"lerp_mode": "catmullrom"
						}
					}
				},
				"RightLeg": {
					"rotation": {
						"1.0": {
							"pre": [-50.32548, 0, 0],
							"post": [-50.32548, 0, 0],
							"lerp_mode": "catmullrom"
						},
						"4.5417": {
							"post": [-50.32548, 0, 0],
							"lerp_mode": "catmullrom"
						}
					}
				},
				"RightLowerLeg": {
					"rotation": {
						"1.0": {
							"pre": [145, 0, 0],
							"post": [145, 0, 0],
							"lerp_mode": "catmullrom"
						},
						"4.5417": {
							"post": [145, 0, 0],
							"lerp_mode": "catmullrom"
						}
					}
				},
				"RightFoot": {
					"rotation": {
						"1.0": {
							"pre": [37.5, 0, 0],
							"post": [37.5, 0, 0],
							"lerp_mode": "catmullrom"
						},
						"4.5417": {
							"post": [37.5, 0, 0],
							"lerp_mode": "catmullrom"
						}
					}
				},
				"Skirt": {
					"rotation": {
						"1.0": {
							"pre": [-32.5, 0, 0],
							"post": [-32.5, 0, 0],
							"lerp_mode": "catmullrom"
						},
						"4.5417": {
							"post": [-32.5, 0, 0],
							"lerp_mode": "catmullrom"
						}
					}
				},
				"BackSkirt": {
					"rotation": {
						"1.0": {
							"pre": [37.5, 0, 0],
							"post": [37.5, 0, 0],
							"lerp_mode": "catmullrom"
						},
						"4.5417": {
							"post": [37.5, 0, 0],
							"lerp_mode": "catmullrom"
						}
					}
				}
			}
		},
		"statue": {
			"loop": true,
			"bones": {
				"UpBody": {
					"rotation": [0, 0, 0]
				},
				"UpperBody": {
					"rotation": [0, 0, 5]
				},
				"LeftArm": {
					"rotation": [18.29705, -49.13466, -19.94931]
				},
				"LeftForeArm": {
					"rotation": [-45, 0, 0]
				},
				"RightArm": {
					"rotation": [-90, 27.5, 0]
				},
				"RightForeArm": {
					"rotation": [-45, 0, 0]
				},
				"RightHand": {
					"rotation": [43.03064, -0.41417, -10.5834]
				},
				"Head": {
					"rotation": [0, 0, 0]
				},
				"RightEyebrow": {
					"position": [0, 0, 0]
				},
				"LeftEyebrow": {
					"position": [0, 0, 0]
				},
				"LeftEyelight": {
					"rotation": [0, 0, 0]
				},
				"RightEyelight": {
					"rotation": [0, 0, 0]
				},
				"DownBody": {
					"rotation": [0, -5, 0],
					"position": [0, 0, 0]
				},
				"LeftLeg": {
					"rotation": [-18.00389, -40.89499, -11.07098]
				},
				"LeftLowerLeg": {
					"rotation": [32.5, 0, 0]
				},
				"LeftFoot": {
					"rotation": [-5.83111, -4.49005, 12.52146]
				},
				"RightLeg": {
					"rotation": [-30.05999, 31.0931, 6.67531]
				},
				"RightLowerLeg": {
					"rotation": [35, 0, 0]
				},
				"RightFoot": {
					"rotation": [-5.21302, 4.77745, -4.99917]
				},
				"Eyebrow": {
					"position": [0, 0, 0]
				},
				"AllBody": {
					"position": [0, -1, 0]
				},
				"ysmGlowRightEyelid": {
					"scale": 1
				},
				"ysmGlowLeftEyelid": {
					"scale": 1
				}
			}
		},
		"garage_kit": {
			"loop": true,
			"bones": {
				"UpBody": {
					"rotation": [0, 0, 0]
				},
				"UpperBody": {
					"rotation": [0, 0, 5]
				},
				"LeftArm": {
					"rotation": [18.29705, -49.13466, -19.94931]
				},
				"LeftForeArm": {
					"rotation": [-45, 0, 0]
				},
				"RightArm": {
					"rotation": [-90, 27.5, 0]
				},
				"RightForeArm": {
					"rotation": [-45, 0, 0]
				},
				"RightHand": {
					"rotation": [43.03064, -0.41417, -10.5834]
				},
				"Head": {
					"rotation": [0, 0, 0]
				},
				"RightEyebrow": {
					"position": [0, 0, 0]
				},
				"LeftEyebrow": {
					"position": [0, 0, 0]
				},
				"LeftEyelight": {
					"rotation": [0, 0, 0]
				},
				"RightEyelight": {
					"rotation": [0, 0, 0]
				},
				"DownBody": {
					"rotation": [0, -5, 0],
					"position": [0, 0, 0]
				},
				"LeftLeg": {
					"rotation": [-18.00389, -40.89499, -11.07098]
				},
				"LeftLowerLeg": {
					"rotation": [32.5, 0, 0]
				},
				"LeftFoot": {
					"rotation": [-5.83111, -4.49005, 12.52146]
				},
				"RightLeg": {
					"rotation": [-30.05999, 31.0931, 6.67531]
				},
				"RightLowerLeg": {
					"rotation": [35, 0, 0]
				},
				"RightFoot": {
					"rotation": [-5.21302, 4.77745, -4.99917]
				},
				"Eyebrow": {
					"position": [0, 0, 0]
				},
				"AllBody": {
					"position": [0, -1, 0]
				},
				"ysmGlowRightEyelid": {
					"scale": 1
				},
				"ysmGlowLeftEyelid": {
					"scale": 1
				}
			}
		},
		"use_mainhand:gohei": {
			"animation_length": 0.75,
			"bones": {
				"UpBody": {
					"rotation": {
						"0.0": {
							"post": [0, 0, 0],
							"lerp_mode": "catmullrom"
						},
						"0.25": {
							"post": [-2.3273, 24.89837, -5.51385],
							"lerp_mode": "catmullrom"
						},
						"0.3333": {
							"post": [5.12973, -28.60801, 0.22467],
							"lerp_mode": "catmullrom"
						},
						"0.5": {
							"post": [5.40682, -33.58693, -0.31131],
							"lerp_mode": "catmullrom"
						},
						"0.75": {
							"post": [0, 0, 0],
							"lerp_mode": "catmullrom"
						}
					},
					"position": {
						"0.0": {
							"post": [0, 0, 0],
							"lerp_mode": "catmullrom"
						},
						"0.75": {
							"post": [0, 0, 0],
							"lerp_mode": "catmullrom"
						}
					}
				},
				"UpperBody": {
					"rotation": {
						"0.0": {
							"post": [0, 0, 0],
							"lerp_mode": "catmullrom"
						},
						"0.25": {
							"post": [0.21865, 4.99523, 7.50954],
							"lerp_mode": "catmullrom"
						},
						"0.3333": {
							"post": [3.71143, -2.66427, -10.10343],
							"lerp_mode": "catmullrom"
						},
						"0.5": {
							"post": [8.7798, -7.60621, -10.8665],
							"lerp_mode": "catmullrom"
						},
						"0.75": {
							"post": [0, 0, 0],
							"lerp_mode": "catmullrom"
						}
					},
					"position": {
						"0.0": {
							"post": [0, 0, 0],
							"lerp_mode": "catmullrom"
						},
						"0.75": {
							"post": [0, 0, 0],
							"lerp_mode": "catmullrom"
						}
					}
				},
				"LeftArm": {
					"rotation": {
						"0.0": {
							"post": [0, 0, 0],
							"lerp_mode": "catmullrom"
						},
						"0.2083": {
							"post": [-38.32582, 17.08021, -6.78029],
							"lerp_mode": "catmullrom"
						},
						"0.375": {
							"post": [18.2429, -22.20053, -6.49536],
							"lerp_mode": "catmullrom"
						},
						"0.5833": {
							"post": [18.2429, -22.20053, -6.49536],
							"lerp_mode": "catmullrom"
						},
						"0.75": {
							"post": [0, 0, 0],
							"lerp_mode": "catmullrom"
						}
					},
					"position": {
						"0.0": {
							"post": [0, 0, 0],
							"lerp_mode": "catmullrom"
						},
						"0.75": {
							"post": [0, 0, 0],
							"lerp_mode": "catmullrom"
						}
					}
				},
				"LeftForeArm": {
					"rotation": {
						"0.0": {
							"post": [0, 0, 0],
							"lerp_mode": "catmullrom"
						},
						"0.2083": {
							"post": [-47.5, 0, 0],
							"lerp_mode": "catmullrom"
						},
						"0.375": {
							"post": [-25, 0, 0],
							"lerp_mode": "catmullrom"
						},
						"0.5833": {
							"post": [-25, 0, 0],
							"lerp_mode": "catmullrom"
						},
						"0.75": {
							"post": [0, 0, 0],
							"lerp_mode": "catmullrom"
						}
					}
				},
				"RightArm": {
					"rotation": {
						"0.0": {
							"post": [0, 0, 0],
							"lerp_mode": "catmullrom"
						},
						"0.2083": {
							"post": [-42.00691, 49.42886, -0.54733],
							"lerp_mode": "catmullrom"
						},
						"0.25": {
							"post": [-63.6591, 22.77192, -2.58607],
							"lerp_mode": "catmullrom"
						},
						"0.2917": {
							"post": [-54.56127, -1.83831, 5.95241],
							"lerp_mode": "catmullrom"
						},
						"0.3333": {
							"post": [-52.92598, -13.64311, -16.07804],
							"lerp_mode": "catmullrom"
						},
						"0.375": {
							"post": [-63.22637, -39.30832, 14.62132],
							"lerp_mode": "catmullrom"
						},
						"0.5417": {
							"post": [-77.47303, -42.8265, 29.0082],
							"lerp_mode": "catmullrom"
						},
						"0.625": {
							"post": [-56.76667, -36.04189, 33.19596],
							"lerp_mode": "catmullrom"
						},
						"0.75": {
							"post": [0, 0, 0],
							"lerp_mode": "catmullrom"
						}
					},
					"position": {
						"0.0": {
							"post": [0, 0, 0],
							"lerp_mode": "catmullrom"
						},
						"0.75": {
							"post": [0, 0, 0],
							"lerp_mode": "catmullrom"
						}
					}
				},
				"RightForeArm": {
					"rotation": {
						"0.0": {
							"post": [0, 0, 0],
							"lerp_mode": "catmullrom"
						},
						"0.2083": {
							"post": [-72.5, 0, 0],
							"lerp_mode": "catmullrom"
						},
						"0.25": {
							"post": [-27, 0, 0],
							"lerp_mode": "catmullrom"
						},
						"0.2917": {
							"post": [-18.28, 0, 0],
							"lerp_mode": "catmullrom"
						},
						"0.3333": {
							"post": [-32.66, 0, 0],
							"lerp_mode": "catmullrom"
						},
						"0.375": {
							"post": [-65, 0, 0],
							"lerp_mode": "catmullrom"
						},
						"0.5417": {
							"post": [-62.5, 0, 0],
							"lerp_mode": "catmullrom"
						},
						"0.625": {
							"post": [-53.82, 0, 0],
							"lerp_mode": "catmullrom"
						},
						"0.75": {
							"post": [0, 0, 0],
							"lerp_mode": "catmullrom"
						}
					},
					"position": {
						"0.0": {
							"post": [0, 0, 0],
							"lerp_mode": "catmullrom"
						},
						"0.75": {
							"post": [0, 0, 0],
							"lerp_mode": "catmullrom"
						}
					}
				},
				"RightHand": {
					"rotation": {
						"0.0": {
							"post": [0, -2.5, 0],
							"lerp_mode": "catmullrom"
						},
						"0.2083": {
							"post": [-84.57519, 63.19404, -67.35287],
							"lerp_mode": "catmullrom"
						},
						"0.2917": {
							"post": [165.34805, 56.52305, 162.10352],
							"lerp_mode": "catmullrom"
						},
						"0.375": {
							"post": [4.63596, 83.14531, -73.30905],
							"lerp_mode": "catmullrom"
						},
						"0.5417": {
							"post": [4.63596, 83.14531, -73.30905],
							"lerp_mode": "catmullrom"
						},
						"0.75": {
							"post": [0, 0, 0],
							"lerp_mode": "catmullrom"
						}
					},
					"position": {
						"0.0": {
							"post": [0, 0, 0],
							"lerp_mode": "catmullrom"
						},
						"0.75": {
							"post": [0, 0, 0],
							"lerp_mode": "catmullrom"
						}
					}
				},
				"AllHead": {
					"rotation": {
						"0.0": {
							"post": [0, 0, 0],
							"lerp_mode": "catmullrom"
						},
						"0.1667": {
							"post": [1.16524, -24.97457, -2.75806],
							"lerp_mode": "catmullrom"
						},
						"0.25": {
							"post": [0.84679, -26.79148, -1.41059],
							"lerp_mode": "catmullrom"
						},
						"0.2917": {
							"post": [-4.1172, -1.85588, 5.12846],
							"lerp_mode": "catmullrom"
						},
						"0.3333": {
							"post": [-9.02824, 32.59343, 5.50243],
							"lerp_mode": "catmullrom"
						},
						"0.4583": {
							"post": [-14.66773, 44.5057, -1.50858],
							"lerp_mode": "catmullrom"
						},
						"0.5833": {
							"post": [-10.23286, 29.92684, 3.07724],
							"lerp_mode": "catmullrom"
						},
						"0.75": {
							"post": [0, 0, 0],
							"lerp_mode": "catmullrom"
						}
					}
				}
			}
		},
		"hold_offhand$touhou_little_maid:picnic_basket": {
			"loop": true,
			"bones": {
				"LeftHandLocator": {
					"rotation": [0, 0, 10],
					"position": [0.95106, -0.30902, 0],
					"scale": 1.2
				}
			}
		}
	}
}