{
	"format_version": "1.12.0",
	"minecraft:geometry": [
		{
			"description": {
				"identifier": "geometry.unknown",
				"texture_width": 512,
				"texture_height": 512,
				"visible_bounds_width": 3,
				"visible_bounds_height": 4.5,
				"visible_bounds_offset": [0, 1.75, 0]
			},
			"bones": [
				{
					"name": "LeftArm",
					"pivot": [1.15, 29.775, 0]
				},
				{
					"name": "LeftForeArm",
					"parent": "LeftArm",
					"pivot": [1.875, 23.825, 0.025]
				},
				{
					"name": "LeftHandLocator",
					"parent": "LeftForeArm",
					"pivot": [1.875, 18.325, 0.025],
					"cubes": [
						{
							"origin": [-3.01631, 13.37107, 2.4],
							"size": [11, 11, 0.2],
							"pivot": [1.48369, 19.87107, 1.85],
							"rotation": [0, 90, 0],
							"uv": {
								"north": {"uv": [0, 256], "uv_size": [64, -64]},
								"east": {"uv": [0, 252], "uv_size": [2, 4]},
								"south": {"uv": [64, 192], "uv_size": [-64, -64]},
								"west": {"uv": [17, 252], "uv_size": [-16, 4]},
								"up": {"uv": [5, 253], "uv_size": [-4, -20]},
								"down": {"uv": [10, 243], "uv_size": [-9, 10]}
							}
						}
					]
				},
				{
					"name": "RightArm",
					"pivot": [-1.15, 29.775, 0]
				},
				{
					"name": "RightForeArm",
					"parent": "RightArm",
					"pivot": [-1.875, 23.825, 0.025]
				},
				{
					"name": "RightHandLocator",
					"parent": "RightForeArm",
					"pivot": [-1.875, 18.325, 0.025],
					"cubes": [
						{
							"origin": [-7.98369, 13.37107, 2.4],
							"size": [11, 11, 0.2],
							"pivot": [-1.48369, 19.87107, 1.85],
							"rotation": [0, -90, 0],
							"uv": {
								"north": {"uv": [64, 256], "uv_size": [-64, -64]},
								"east": {"uv": [1, 252], "uv_size": [16, 4]},
								"south": {"uv": [0, 192], "uv_size": [64, -64]},
								"west": {"uv": [2, 252], "uv_size": [-2, 4]},
								"up": {"uv": [1, 253], "uv_size": [4, -20]},
								"down": {"uv": [1, 251], "uv_size": [3, 2]}
							}
						}
					]
				}
			]
		}
	]
}