{
	"format_version": "1.12.0",
	"minecraft:geometry": [
		{
			"description": {
				"identifier": "geometry.unknown",
				"texture_width": 64,
				"texture_height": 64,
				"visible_bounds_width": 2,
				"visible_bounds_height": 2.5,
				"visible_bounds_offset": [0, 0.75, 0]
			},
			"bones": [
				{
					"name": "bow",
					"pivot": [8, 0, 0],
					"rotation": [0, 90, 0]
				},
				{
					"name": "Shoulijian",
					"parent": "bow",
					"pivot": [7.995, 0.5, -4.5],
					"cubes": [
						{
							"origin": [7.99, -5, -10],
							"size": [0.01, 11, 11],
							"pivot": [7.995, 0.5, -4.5],
							"rotation": [30, 0, 0],
							"uv": {
								"north": {"uv": [0, 0], "uv_size": [2, 2]},
								"east": {"uv": [25, 0], "uv_size": [-25, 25]},
								"south": {"uv": [0, 0], "uv_size": [2, 3]},
								"west": {"uv": [0, 0], "uv_size": [25, 25]},
								"up": {"uv": [2, 3], "uv_size": [-2, -3]},
								"down": {"uv": [2, 3], "uv_size": [-2, -3]}
							}
						}
					]
				},
				{
					"name": "crossbow",
					"pivot": [8, 0, 0],
					"rotation": [0, 90, 0]
				},
				{
					"name": "Shoulijian2",
					"parent": "crossbow",
					"pivot": [7.995, 0.5, -4.5],
					"cubes": [
						{
							"origin": [7.99, -5, -10],
							"size": [0.01, 11, 11],
							"pivot": [7.995, 0.5, -4.5],
							"rotation": [30, 0, 0],
							"uv": {
								"north": {"uv": [0, 0], "uv_size": [2, 2]},
								"east": {"uv": [25, 0], "uv_size": [-25, 25]},
								"south": {"uv": [0, 0], "uv_size": [2, 3]},
								"west": {"uv": [0, 0], "uv_size": [25, 25]},
								"up": {"uv": [2, 3], "uv_size": [-2, -3]},
								"down": {"uv": [2, 3], "uv_size": [-2, -3]}
							}
						}
					]
				}
			]
		}
	]
}