{
	"format_version": "1.12.0",
	"minecraft:geometry": [
		{
			"description": {
				"identifier": "geometry.unknown",
				"texture_width": 128,
				"texture_height": 128,
				"visible_bounds_width": 3,
				"visible_bounds_height": 4.5,
				"visible_bounds_offset": [0, 1.75, 0]
			},
			"bones": [
				{
					"name": "LeftArm",
					"pivot": [1.15, 28.525, 0]
				},
				{
					"name": "LeftForeArm",
					"parent": "LeftArm",
					"pivot": [1.875, 22.575, 0.025],
					"cubes": [
						{
							"origin": [0.4, 16.025, -1.6],
							"size": [2.9, 3.18, 3.25],
							"uv": {
								"north": {"uv": [50, 78], "uv_size": [3, 3]},
								"east": {"uv": [53, 78], "uv_size": [3, 3]},
								"south": {"uv": [77, 78], "uv_size": [3, 3]},
								"west": {"uv": [79, 3], "uv_size": [3, 3]},
								"up": {"uv": [79, 8], "uv_size": [3, 3]},
								"down": {"uv": [79, 14], "uv_size": [3, -3]}
							}
						},
						{
							"origin": [0.4, 19.205, -1.6],
							"size": [2, 7.82, 3.25],
							"uv": {
								"north": {"uv": [69, 77], "uv_size": [2, 8]},
								"east": {"uv": [9, 78], "uv_size": [3, 8]},
								"south": {"uv": [18, 78], "uv_size": [2, 8]},
								"west": {"uv": [12, 78], "uv_size": [3, 8]},
								"up": {"uv": [80, 0], "uv_size": [2, 3]},
								"down": {"uv": [80, 73], "uv_size": [2, -3]}
							}
						},
						{
							"origin": [3.54254, 19.16131, -1.5975],
							"size": [0.1, 7, 7],
							"pivot": [3.64254, 21.16131, -1.5975],
							"rotation": [13.0862, 17.0723, 13.904],
							"uv": {
								"north": {"uv": [127, 127], "uv_size": [1, 1]},
								"east": {"uv": [127, 127], "uv_size": [1, 1]},
								"south": {"uv": [127, 127], "uv_size": [1, 1]},
								"west": {"uv": [121, 41], "uv_size": [7, 7]},
								"up": {"uv": [128, 128], "uv_size": [-1, -1]},
								"down": {"uv": [128, 128], "uv_size": [-1, -1]}
							}
						},
						{
							"origin": [1.9, 19.225, -1.5975],
							"size": [1.7, 4.3, 3.245],
							"pivot": [2.4, 21.025, -1.6],
							"rotation": [0, 0, 10],
							"uv": {
								"north": {"uv": [58, 78], "uv_size": [2, 4]},
								"east": {"uv": [78, 23], "uv_size": [3, 4]},
								"south": {"uv": [56, 79], "uv_size": [2, 4]},
								"west": {"uv": [26, 78], "uv_size": [3, 4]},
								"up": {"uv": [71, 80], "uv_size": [2, 3]},
								"down": {"uv": [73, 83], "uv_size": [2, -3]}
							}
						},
						{
							"origin": [2.41589, 23.27864, -1.5965],
							"size": [1.6, 4.075, 3.243],
							"pivot": [4.01589, 23.27864, -1.6],
							"rotation": [0, 0, -23.25],
							"uv": {
								"north": {"uv": [79, 58], "uv_size": [2, 4]},
								"east": {"uv": [30, 78], "uv_size": [3, 4]},
								"south": {"uv": [79, 62], "uv_size": [2, 4]},
								"west": {"uv": [34, 78], "uv_size": [3, 4]},
								"up": {"uv": [80, 73], "uv_size": [2, 3]},
								"down": {"uv": [75, 83], "uv_size": [2, -3]}
							}
						}
					]
				},
				{
					"name": "LeftHandLocator",
					"parent": "LeftForeArm",
					"pivot": [1.875, 17.075, 0.025]
				},
				{
					"name": "RightArm",
					"pivot": [-1.15, 28.525, 0]
				},
				{
					"name": "RightForeArm",
					"parent": "RightArm",
					"pivot": [-1.875, 22.575, 0.025],
					"cubes": [
						{
							"origin": [-2.4, 19.205, -1.6],
							"size": [2, 7.82, 3.25],
							"uv": {
								"north": {"uv": [20, 78], "uv_size": [2, 8]},
								"east": {"uv": [78, 14], "uv_size": [3, 8]},
								"south": {"uv": [22, 78], "uv_size": [2, 8]},
								"west": {"uv": [15, 78], "uv_size": [3, 8]},
								"up": {"uv": [0, 81], "uv_size": [2, 3]},
								"down": {"uv": [2, 84], "uv_size": [2, -3]}
							}
						},
						{
							"origin": [-3.64254, 19.16131, -1.5975],
							"size": [0.1, 7, 7],
							"pivot": [-3.64254, 21.16131, -1.5975],
							"rotation": [13.0862, -17.0723, -13.904],
							"uv": {
								"north": {"uv": [128, 127], "uv_size": [-1, 1]},
								"east": {"uv": [128, 41], "uv_size": [-7, 7]},
								"south": {"uv": [128, 127], "uv_size": [-1, 1]},
								"west": {"uv": [128, 127], "uv_size": [-1, 1]},
								"up": {"uv": [127, 128], "uv_size": [1, -1]},
								"down": {"uv": [127, 128], "uv_size": [1, -1]}
							}
						},
						{
							"origin": [-3.6, 19.225, -1.5975],
							"size": [1.7, 4.3, 3.245],
							"pivot": [-2.4, 21.025, -1.6],
							"rotation": [0, 0, -10],
							"uv": {
								"north": {"uv": [80, 45], "uv_size": [2, 4]},
								"east": {"uv": [41, 78], "uv_size": [3, 4]},
								"south": {"uv": [80, 49], "uv_size": [2, 4]},
								"west": {"uv": [78, 41], "uv_size": [3, 4]},
								"up": {"uv": [4, 81], "uv_size": [2, 3]},
								"down": {"uv": [6, 84], "uv_size": [2, -3]}
							}
						},
						{
							"origin": [-4.01589, 23.27864, -1.5965],
							"size": [1.6, 4.075, 3.243],
							"pivot": [-4.01589, 23.27864, -1.6],
							"rotation": [0, 0, 23.25],
							"uv": {
								"north": {"uv": [79, 66], "uv_size": [2, 4]},
								"east": {"uv": [37, 78], "uv_size": [3, 4]},
								"south": {"uv": [24, 80], "uv_size": [2, 4]},
								"west": {"uv": [78, 37], "uv_size": [3, 4]},
								"up": {"uv": [80, 76], "uv_size": [2, 3]},
								"down": {"uv": [80, 82], "uv_size": [2, -3]}
							}
						},
						{
							"origin": [-3.3, 16.025, -1.6],
							"size": [2.9, 3.18, 3.25],
							"uv": {
								"north": {"uv": [79, 27], "uv_size": [3, 3]},
								"east": {"uv": [79, 30], "uv_size": [3, 3]},
								"south": {"uv": [79, 33], "uv_size": [3, 3]},
								"west": {"uv": [44, 79], "uv_size": [3, 3]},
								"up": {"uv": [47, 79], "uv_size": [3, 3]},
								"down": {"uv": [79, 58], "uv_size": [3, -3]}
							}
						}
					]
				},
				{
					"name": "RightHandLocator",
					"parent": "RightForeArm",
					"pivot": [-1.875, 17.075, 0.025]
				}
			]
		}
	]
}