{
	"format_version": "1.12.0",
	"minecraft:geometry": [
		{
			"description": {
				"identifier": "geometry.unknown",
				"texture_width": 128,
				"texture_height": 128,
				"visible_bounds_width": 7,
				"visible_bounds_height": 5,
				"visible_bounds_offset": [0, 1.5, 0]
			},
			"bones": [
				{
					"name": "Root",
					"pivot": [0, 0, 0]
				},
				{
					"name": "MAllBody",
					"parent": "Root",
					"pivot": [0, 11, -2]
				},
				{
					"name": "AllBody",
					"parent": "MAllBody",
					"pivot": [0, 11, -2]
				},
				{
					"name": "UpBody",
					"parent": "AllBody",
					"pivot": [0, 11, -2]
				},
				{
					"name": "MUpperBody",
					"parent": "UpBody",
					"pivot": [0, 11, -2]
				},
				{
					"name": "UpperBody",
					"parent": "MUpperBody",
					"pivot": [0, 11, -2],
					"cubes": [
						{
							"origin": [-3.9975, 3, -2],
							"size": [7.995, 3, 4.17],
							"uv": {
								"north": {"uv": [53, 39], "uv_size": [8, 3]},
								"east": {"uv": [13, 67], "uv_size": [4, 3]},
								"south": {"uv": [54, 20], "uv_size": [8, 3]},
								"west": {"uv": [67, 27], "uv_size": [4, 3]},
								"up": {"uv": [14, 43], "uv_size": [8, 4]},
								"down": {"uv": [22, 47], "uv_size": [8, -4]}
							}
						},
						{
							"origin": [-2.6, 3, 2.17],
							"size": [5.2, 3, 4.17],
							"pivot": [4, 3, 2.17],
							"rotation": [22, 0, 0],
							"uv": {
								"north": {"uv": [66, 60], "uv_size": [5, 3]},
								"east": {"uv": [30, 67], "uv_size": [4, 3]},
								"south": {"uv": [8, 67], "uv_size": [5, 3]},
								"west": {"uv": [67, 39], "uv_size": [4, 3]},
								"up": {"uv": [55, 50], "uv_size": [5, 4]},
								"down": {"uv": [55, 58], "uv_size": [5, -4]}
							}
						},
						{
							"origin": [-4, 8.805, 1.4],
							"size": [8, 2.195, 2.6],
							"pivot": [-4, 11, 4],
							"rotation": [46.25, 0, 0],
							"uv": {
								"north": {"uv": [59, 3], "uv_size": [8, 2]},
								"east": {"uv": [43, 75], "uv_size": [3, 2]},
								"south": {"uv": [0, 62], "uv_size": [8, 2]},
								"west": {"uv": [75, 43], "uv_size": [3, 2]},
								"up": {"uv": [54, 23], "uv_size": [8, 3]},
								"down": {"uv": [54, 29], "uv_size": [8, -3]}
							}
						},
						{
							"origin": [-4, 3, -5.53],
							"size": [8, 3, 3.53],
							"pivot": [-4, 3, -2],
							"rotation": [-29.25, 0, 0],
							"uv": {
								"north": {"uv": [32, 54], "uv_size": [8, 3]},
								"east": {"uv": [42, 67], "uv_size": [4, 3]},
								"south": {"uv": [40, 54], "uv_size": [8, 3]},
								"west": {"uv": [56, 67], "uv_size": [4, 3]},
								"up": {"uv": [43, 42], "uv_size": [8, 4]},
								"down": {"uv": [0, 49], "uv_size": [8, -4]}
							}
						},
						{
							"origin": [-3.9975, 6.68655, -8.61895],
							"size": [7.995, 2, 7.39897],
							"pivot": [-0.0025, 9.18745, -4.91946],
							"rotation": [-58, 0, 0],
							"uv": {
								"north": {"uv": [62, 5], "uv_size": [8, 2]},
								"east": {"uv": [29, 13], "uv_size": [7, 2]},
								"south": {"uv": [62, 7], "uv_size": [8, 2]},
								"west": {"uv": [65, 37], "uv_size": [7, 2]},
								"up": {"uv": [8, 28], "uv_size": [8, 7]},
								"down": {"uv": [28, 22], "uv_size": [8, -7]}
							}
						},
						{
							"origin": [-3.4975, 6.66155, -8.46895],
							"size": [6.995, 0.1, 5.39897],
							"pivot": [-0.0025, 9.18745, -4.91946],
							"rotation": [-58, 0, 0],
							"uv": {
								"north": {"uv": [127, 127], "uv_size": [1, 1]},
								"east": {"uv": [127, 127], "uv_size": [1, 1]},
								"south": {"uv": [127, 127], "uv_size": [1, 1]},
								"west": {"uv": [127, 127], "uv_size": [1, 1]},
								"up": {"uv": [128, 128], "uv_size": [-1, -1]},
								"down": {"uv": [121, 48], "uv_size": [-7, -5]}
							}
						},
						{
							"origin": [-4, 11, -9],
							"size": [8, 9, 9],
							"uv": {
								"north": {"uv": [21, 6], "uv_size": [8, 9]},
								"east": {"uv": [12, 0], "uv_size": [9, 9]},
								"south": {"uv": [0, 24], "uv_size": [8, 9]},
								"west": {"uv": [12, 9], "uv_size": [9, 9]},
								"up": {"uv": [16, 24], "uv_size": [8, 9]},
								"down": {"uv": [24, 33], "uv_size": [8, -9]}
							}
						},
						{
							"origin": [-4.49, 13, -9.57],
							"size": [4.49, 7, 1],
							"pivot": [0, 15, -9.57],
							"rotation": [19.48725, 25.65673, 8.71096],
							"uv": {
								"north": {"uv": [49, 5], "uv_size": [4, 7]},
								"east": {"uv": [31, 33], "uv_size": [1, 7]},
								"south": {"uv": [51, 42], "uv_size": [4, 7]},
								"west": {"uv": [29, 72], "uv_size": [1, 7]},
								"up": {"uv": [75, 56], "uv_size": [4, 1]},
								"down": {"uv": [75, 62], "uv_size": [4, -1]}
							}
						},
						{
							"origin": [0, 13, -9.57],
							"size": [4.49, 7, 1],
							"pivot": [0, 15, -9.57],
							"rotation": [19.48725, -25.65673, -8.71096],
							"uv": {
								"north": {"uv": [51, 49], "uv_size": [4, 7]},
								"east": {"uv": [25, 73], "uv_size": [1, 7]},
								"south": {"uv": [53, 5], "uv_size": [4, 7]},
								"west": {"uv": [40, 73], "uv_size": [1, 7]},
								"up": {"uv": [76, 2], "uv_size": [4, 1]},
								"down": {"uv": [76, 8], "uv_size": [4, -1]}
							}
						},
						{
							"origin": [-4, 11, 0],
							"size": [8, 9.84886, 4],
							"pivot": [-4, 11, 4],
							"rotation": [24, 0, 0],
							"uv": {
								"north": {"uv": [0, 14], "uv_size": [8, 10]},
								"east": {"uv": [10, 35], "uv_size": [4, 10]},
								"south": {"uv": [8, 18], "uv_size": [8, 10]},
								"west": {"uv": [37, 16], "uv_size": [4, 10]},
								"up": {"uv": [46, 16], "uv_size": [8, 4]},
								"down": {"uv": [46, 24], "uv_size": [8, -4]}
							}
						},
						{
							"origin": [-4, 11, -1.25],
							"size": [2, 9.84886, 5.25],
							"pivot": [-4, 11, 4],
							"rotation": [25.02482, 15.94464, 7.30793],
							"uv": {
								"north": {"uv": [24, 55], "uv_size": [2, 10]},
								"east": {"uv": [32, 22], "uv_size": [5, 10]},
								"south": {"uv": [26, 55], "uv_size": [2, 10]},
								"west": {"uv": [32, 32], "uv_size": [5, 10]},
								"up": {"uv": [15, 70], "uv_size": [2, 5]},
								"down": {"uv": [30, 75], "uv_size": [2, -5]}
							}
						},
						{
							"origin": [-5.57771, 17.96084, -4.58003],
							"size": [1.999, 2.21875, 4.75812],
							"pivot": [-5.57871, 17.96084, -4.58003],
							"rotation": [0.02482, 15.94464, 7.30793],
							"uv": {
								"north": {"uv": [76, 14], "uv_size": [2, 2]},
								"east": {"uv": [70, 34], "uv_size": [5, 2]},
								"south": {"uv": [76, 16], "uv_size": [2, 2]},
								"west": {"uv": [41, 70], "uv_size": [5, 2]},
								"up": {"uv": [32, 70], "uv_size": [2, 5]},
								"down": {"uv": [56, 75], "uv_size": [2, -5]}
							}
						},
						{
							"origin": [-5.57871, 8.96346, -5.62413],
							"size": [2, 9.84886, 5.05],
							"pivot": [-5.57871, 8.96346, -0.57413],
							"rotation": [25.11767, -16.62398, -7.63902],
							"uv": {
								"north": {"uv": [28, 56], "uv_size": [2, 10]},
								"east": {"uv": [0, 33], "uv_size": [5, 10]},
								"south": {"uv": [30, 56], "uv_size": [2, 10]},
								"west": {"uv": [33, 0], "uv_size": [5, 10]},
								"up": {"uv": [58, 70], "uv_size": [2, 5]},
								"down": {"uv": [60, 75], "uv_size": [2, -5]}
							}
						},
						{
							"origin": [-3.99723, 16.01014, -8.46137],
							"size": [2, 1.44593, 4.55],
							"pivot": [-3.99723, 16.01014, -8.96137],
							"rotation": [20.17789, -22.43359, 7.04755],
							"uv": {
								"north": {"uv": [77, 31], "uv_size": [2, 1]},
								"east": {"uv": [75, 51], "uv_size": [5, 1]},
								"south": {"uv": [77, 34], "uv_size": [2, 1]},
								"west": {"uv": [75, 52], "uv_size": [5, 1]},
								"up": {"uv": [62, 70], "uv_size": [2, 5]},
								"down": {"uv": [64, 75], "uv_size": [2, -5]}
							}
						},
						{
							"origin": [-3.99723, 16.01014, -8.96137],
							"size": [2, 1.44593, 0.5],
							"pivot": [-3.99723, 16.01014, -8.96137],
							"rotation": [0.17789, -22.43359, 7.04755],
							"uv": {
								"north": {"uv": [77, 35], "uv_size": [2, 1]},
								"east": {"uv": [31, 40], "uv_size": [1, 1]},
								"south": {"uv": [36, 77], "uv_size": [2, 1]},
								"west": {"uv": [41, 24], "uv_size": [1, 1]},
								"up": {"uv": [77, 36], "uv_size": [2, 1]},
								"down": {"uv": [38, 78], "uv_size": [2, -1]}
							}
						},
						{
							"origin": [-4.73401, 17.7267, -8.76342],
							"size": [2, 2.21873, 4.74545],
							"pivot": [-3.72964, 17.97246, -6.38955],
							"rotation": [0.17789, -22.43359, 7.04755],
							"uv": {
								"north": {"uv": [17, 76], "uv_size": [2, 2]},
								"east": {"uv": [66, 70], "uv_size": [5, 2]},
								"south": {"uv": [76, 18], "uv_size": [2, 2]},
								"west": {"uv": [71, 14], "uv_size": [5, 2]},
								"up": {"uv": [0, 71], "uv_size": [2, 5]},
								"down": {"uv": [2, 76], "uv_size": [2, -5]}
							}
						},
						{
							"origin": [1.99723, 16.01014, -8.96137],
							"size": [2, 1.44593, 0.5],
							"pivot": [3.99723, 16.01014, -8.96137],
							"rotation": [0.17789, 22.43359, -7.04755],
							"uv": {
								"north": {"uv": [43, 77], "uv_size": [2, 1]},
								"east": {"uv": [41, 25], "uv_size": [1, 1]},
								"south": {"uv": [50, 77], "uv_size": [2, 1]},
								"west": {"uv": [31, 41], "uv_size": [1, 1]},
								"up": {"uv": [52, 77], "uv_size": [2, 1]},
								"down": {"uv": [54, 78], "uv_size": [2, -1]}
							}
						},
						{
							"origin": [2.73401, 17.7267, -8.76342],
							"size": [2, 2.21873, 4.74545],
							"pivot": [3.72964, 17.97246, -6.38955],
							"rotation": [0.17789, 22.43359, -7.04755],
							"uv": {
								"north": {"uv": [76, 20], "uv_size": [2, 2]},
								"east": {"uv": [71, 16], "uv_size": [5, 2]},
								"south": {"uv": [22, 76], "uv_size": [2, 2]},
								"west": {"uv": [71, 18], "uv_size": [5, 2]},
								"up": {"uv": [17, 71], "uv_size": [2, 5]},
								"down": {"uv": [71, 25], "uv_size": [2, -5]}
							}
						},
						{
							"origin": [1.99723, 16.01014, -8.46137],
							"size": [2, 1.44593, 4.55],
							"pivot": [3.99723, 16.01014, -8.96137],
							"rotation": [20.17789, 22.43359, -7.04755],
							"uv": {
								"north": {"uv": [58, 77], "uv_size": [2, 1]},
								"east": {"uv": [75, 53], "uv_size": [5, 1]},
								"south": {"uv": [77, 59], "uv_size": [2, 1]},
								"west": {"uv": [75, 54], "uv_size": [5, 1]},
								"up": {"uv": [71, 25], "uv_size": [2, 5]},
								"down": {"uv": [34, 76], "uv_size": [2, -5]}
							}
						},
						{
							"origin": [3.5787, 17.96084, -4.58003],
							"size": [1.999, 2.21875, 4.75812],
							"pivot": [5.57871, 17.96084, -4.58003],
							"rotation": [0.02482, -15.94464, -7.30793],
							"uv": {
								"north": {"uv": [34, 76], "uv_size": [2, 2]},
								"east": {"uv": [36, 71], "uv_size": [5, 2]},
								"south": {"uv": [76, 39], "uv_size": [2, 2]},
								"west": {"uv": [71, 39], "uv_size": [5, 2]},
								"up": {"uv": [71, 41], "uv_size": [2, 5]},
								"down": {"uv": [71, 51], "uv_size": [2, -5]}
							}
						},
						{
							"origin": [-3.99723, -0.79609, -4.95548],
							"size": [5.25, 7.80886, 4.325],
							"pivot": [-3.99723, 7.01276, -4.95548],
							"rotation": [66.83836, -7.38999, -16.73362],
							"uv": {
								"north": {"uv": [37, 26], "uv_size": [5, 8]},
								"east": {"uv": [8, 45], "uv_size": [4, 8]},
								"south": {"uv": [37, 34], "uv_size": [5, 8]},
								"west": {"uv": [43, 46], "uv_size": [4, 8]},
								"up": {"uv": [56, 12], "uv_size": [5, 4]},
								"down": {"uv": [57, 9], "uv_size": [5, -4]}
							}
						},
						{
							"origin": [-5.35166, 2.94892, -3.26847],
							"size": [3.945, 7.80886, 3.465],
							"pivot": [-5.35166, 10.75778, -3.26847],
							"rotation": [67.47831, 9.2348, 21.15744],
							"uv": {
								"north": {"uv": [12, 47], "uv_size": [4, 8]},
								"east": {"uv": [48, 54], "uv_size": [3, 8]},
								"south": {"uv": [16, 47], "uv_size": [4, 8]},
								"west": {"uv": [11, 55], "uv_size": [3, 8]},
								"up": {"uv": [60, 67], "uv_size": [4, 3]},
								"down": {"uv": [67, 66], "uv_size": [4, -3]}
							}
						},
						{
							"origin": [-1.25277, -0.79609, -4.95548],
							"size": [5.25, 7.80886, 4.325],
							"pivot": [3.99723, 7.01276, -4.95548],
							"rotation": [66.83836, 7.38999, 16.73362],
							"uv": {
								"north": {"uv": [38, 0], "uv_size": [5, 8]},
								"east": {"uv": [20, 47], "uv_size": [4, 8]},
								"south": {"uv": [41, 16], "uv_size": [5, 8]},
								"west": {"uv": [24, 47], "uv_size": [4, 8]},
								"up": {"uv": [32, 57], "uv_size": [5, 4]},
								"down": {"uv": [37, 61], "uv_size": [5, -4]}
							}
						},
						{
							"origin": [-0.25277, -0.00334, 3.86434],
							"size": [4.25, 3.80886, 2.625],
							"pivot": [3.99723, 3.80552, 2.16434],
							"rotation": [65.04181, -22.42108, 29.94923],
							"uv": {
								"north": {"uv": [20, 60], "uv_size": [4, 4]},
								"east": {"uv": [17, 67], "uv_size": [3, 4]},
								"south": {"uv": [38, 61], "uv_size": [4, 4]},
								"west": {"uv": [34, 67], "uv_size": [3, 4]},
								"up": {"uv": [64, 67], "uv_size": [4, 3]},
								"down": {"uv": [0, 71], "uv_size": [4, -3]}
							}
						},
						{
							"origin": [1.10166, 3.74168, 3.85134],
							"size": [4.25, 3.80886, 3.235],
							"pivot": [5.35166, 7.55053, 3.85134],
							"rotation": [84.09506, -32.58945, -9.84637],
							"uv": {
								"north": {"uv": [62, 19], "uv_size": [4, 4]},
								"east": {"uv": [4, 68], "uv_size": [3, 4]},
								"south": {"uv": [62, 23], "uv_size": [4, 4]},
								"west": {"uv": [20, 68], "uv_size": [3, 4]},
								"up": {"uv": [68, 9], "uv_size": [4, 3]},
								"down": {"uv": [37, 71], "uv_size": [4, -3]}
							}
						},
						{
							"origin": [-5.35166, 3.74168, 3.85134],
							"size": [4.25, 3.80886, 3.235],
							"pivot": [-5.35166, 7.55053, 3.85134],
							"rotation": [84.09506, 32.58945, 9.84637],
							"uv": {
								"north": {"uv": [46, 62], "uv_size": [4, 4]},
								"east": {"uv": [68, 66], "uv_size": [3, 4]},
								"south": {"uv": [55, 62], "uv_size": [4, 4]},
								"west": {"uv": [23, 69], "uv_size": [3, 4]},
								"up": {"uv": [26, 69], "uv_size": [4, 3]},
								"down": {"uv": [46, 72], "uv_size": [4, -3]}
							}
						},
						{
							"origin": [-3.99723, -0.00334, 3.86434],
							"size": [4.25, 3.80886, 2.625],
							"pivot": [-3.99723, 3.80552, 2.16434],
							"rotation": [65.04181, 22.42108, -29.94923],
							"uv": {
								"north": {"uv": [8, 63], "uv_size": [4, 4]},
								"east": {"uv": [50, 69], "uv_size": [3, 4]},
								"south": {"uv": [12, 63], "uv_size": [4, 4]},
								"west": {"uv": [53, 69], "uv_size": [3, 4]},
								"up": {"uv": [70, 0], "uv_size": [4, 3]},
								"down": {"uv": [70, 8], "uv_size": [4, -3]}
							}
						},
						{
							"origin": [1.40666, 2.94892, -3.26847],
							"size": [3.945, 7.80886, 3.465],
							"pivot": [5.35166, 10.75778, -3.26847],
							"rotation": [67.47831, -9.2348, -21.15744],
							"uv": {
								"north": {"uv": [47, 46], "uv_size": [4, 8]},
								"east": {"uv": [14, 55], "uv_size": [3, 8]},
								"south": {"uv": [28, 48], "uv_size": [4, 8]},
								"west": {"uv": [17, 55], "uv_size": [3, 8]},
								"up": {"uv": [7, 70], "uv_size": [4, 3]},
								"down": {"uv": [11, 73], "uv_size": [4, -3]}
							}
						},
						{
							"origin": [3.57871, 8.96346, -5.62413],
							"size": [2, 9.84886, 5.05],
							"pivot": [5.57871, 8.96346, -0.57413],
							"rotation": [25.11767, 16.62398, 7.63902],
							"uv": {
								"north": {"uv": [51, 56], "uv_size": [2, 10]},
								"east": {"uv": [16, 33], "uv_size": [5, 10]},
								"south": {"uv": [53, 56], "uv_size": [2, 10]},
								"west": {"uv": [21, 33], "uv_size": [5, 10]},
								"up": {"uv": [71, 51], "uv_size": [2, 5]},
								"down": {"uv": [71, 61], "uv_size": [2, -5]}
							}
						},
						{
							"origin": [2, 11, -1.25],
							"size": [2, 9.84886, 5.25],
							"pivot": [4, 11, 4],
							"rotation": [25.02482, -15.94464, -7.30793],
							"uv": {
								"north": {"uv": [42, 57], "uv_size": [2, 10]},
								"east": {"uv": [26, 33], "uv_size": [5, 10]},
								"south": {"uv": [44, 57], "uv_size": [2, 10]},
								"west": {"uv": [5, 35], "uv_size": [5, 10]},
								"up": {"uv": [71, 61], "uv_size": [2, 5]},
								"down": {"uv": [4, 77], "uv_size": [2, -5]}
							}
						}
					]
				},
				{
					"name": "AllHead",
					"parent": "UpperBody",
					"pivot": [0, 20, -4.5]
				},
				{
					"name": "MHead",
					"parent": "AllHead",
					"pivot": [0, 20, -4.5]
				},
				{
					"name": "Head",
					"parent": "MHead",
					"pivot": [0, 20, -4.5],
					"cubes": [
						{
							"origin": [0, 12.25, -8.57],
							"size": [4.5, 4, 1],
							"pivot": [0, 16.25, -8.57],
							"rotation": [90.1168, -12.1006, -24.3208],
							"uv": {
								"north": {"uv": [55, 42], "uv_size": [5, 4]},
								"east": {"uv": [48, 75], "uv_size": [1, 4]},
								"south": {"uv": [55, 46], "uv_size": [5, 4]},
								"west": {"uv": [49, 75], "uv_size": [1, 4]},
								"up": {"uv": [75, 45], "uv_size": [5, 1]},
								"down": {"uv": [75, 47], "uv_size": [5, -1]}
							}
						},
						{
							"origin": [-4.5, 12.25, -8.57],
							"size": [4.5, 4, 1],
							"pivot": [0, 16.25, -8.57],
							"rotation": [90.1168, 12.1006, 24.3208],
							"uv": {
								"north": {"uv": [8, 14], "uv_size": [4, 4]},
								"east": {"uv": [56, 75], "uv_size": [1, 4]},
								"south": {"uv": [29, 6], "uv_size": [4, 4]},
								"west": {"uv": [57, 75], "uv_size": [1, 4]},
								"up": {"uv": [67, 14], "uv_size": [4, 1]},
								"down": {"uv": [75, 56], "uv_size": [4, -1]}
							}
						},
						{
							"origin": [-6, 20, -10],
							"size": [12, 3, 6],
							"uv": {
								"north": {"uv": [42, 24], "uv_size": [12, 3]},
								"east": {"uv": [21, 15], "uv_size": [6, 3]},
								"south": {"uv": [42, 27], "uv_size": [12, 3]},
								"west": {"uv": [57, 9], "uv_size": [6, 3]},
								"up": {"uv": [16, 18], "uv_size": [12, 6]},
								"down": {"uv": [21, 6], "uv_size": [12, -6]}
							}
						},
						{
							"origin": [-5.999, 17.75, -8],
							"size": [1.999, 2.25, 4],
							"pivot": [-6, 20, -4],
							"rotation": [0, 0, -25],
							"uv": {
								"north": {"uv": [12, 45], "uv_size": [2, 2]},
								"east": {"uv": [28, 22], "uv_size": [4, 2]},
								"south": {"uv": [63, 31], "uv_size": [2, 2]},
								"west": {"uv": [73, 3], "uv_size": [4, 2]},
								"up": {"uv": [38, 73], "uv_size": [2, 4]},
								"down": {"uv": [73, 45], "uv_size": [2, -4]}
							}
						},
						{
							"origin": [-7.79513, 18.57681, -10],
							"size": [1.999, 1.025, 2],
							"pivot": [-7.79613, 23.85181, -8],
							"rotation": [0, 0, -25],
							"uv": {
								"north": {"uv": [30, 66], "uv_size": [2, 1]},
								"east": {"uv": [23, 68], "uv_size": [2, 1]},
								"south": {"uv": [70, 8], "uv_size": [2, 1]},
								"west": {"uv": [70, 36], "uv_size": [2, 1]},
								"up": {"uv": [58, 75], "uv_size": [2, 2]},
								"down": {"uv": [75, 61], "uv_size": [2, -2]}
							}
						},
						{
							"origin": [-6, 18.975, -12],
							"size": [2, 1.025, 2],
							"pivot": [-6, 20, -10],
							"rotation": [0, -40, -25],
							"uv": {
								"north": {"uv": [73, 29], "uv_size": [2, 1]},
								"east": {"uv": [68, 76], "uv_size": [2, 1]},
								"south": {"uv": [76, 68], "uv_size": [2, 1]},
								"west": {"uv": [76, 69], "uv_size": [2, 1]},
								"up": {"uv": [60, 75], "uv_size": [2, 2]},
								"down": {"uv": [62, 77], "uv_size": [2, -2]}
							}
						},
						{
							"origin": [-5.04911, 17.96081, -9.66],
							"size": [2, 1.525, 3.06],
							"pivot": [-5.04911, 17.96081, -8],
							"rotation": [-47.5, 0, -25],
							"uv": {
								"north": {"uv": [64, 75], "uv_size": [2, 2]},
								"east": {"uv": [5, 33], "uv_size": [3, 2]},
								"south": {"uv": [66, 75], "uv_size": [2, 2]},
								"west": {"uv": [73, 57], "uv_size": [3, 2]},
								"up": {"uv": [14, 40], "uv_size": [2, 3]},
								"down": {"uv": [73, 62], "uv_size": [2, -3]}
							}
						},
						{
							"origin": [3.04911, 17.96081, -9.66],
							"size": [2, 1.525, 3.06],
							"pivot": [5.04911, 17.96081, -8],
							"rotation": [-47.5, 0, 25],
							"uv": {
								"north": {"uv": [0, 76], "uv_size": [2, 2]},
								"east": {"uv": [73, 62], "uv_size": [3, 2]},
								"south": {"uv": [76, 0], "uv_size": [2, 2]},
								"west": {"uv": [73, 64], "uv_size": [3, 2]},
								"up": {"uv": [74, 0], "uv_size": [2, 3]},
								"down": {"uv": [74, 8], "uv_size": [2, -3]}
							}
						},
						{
							"origin": [5.7961, 18.57681, -10],
							"size": [1.999, 1.025, 2],
							"pivot": [7.79613, 23.85181, -8],
							"rotation": [0, 0, 25],
							"uv": {
								"north": {"uv": [77, 3], "uv_size": [2, 1]},
								"east": {"uv": [4, 77], "uv_size": [2, 1]},
								"south": {"uv": [77, 4], "uv_size": [2, 1]},
								"west": {"uv": [77, 8], "uv_size": [2, 1]},
								"up": {"uv": [2, 76], "uv_size": [2, 2]},
								"down": {"uv": [76, 7], "uv_size": [2, -2]}
							}
						},
						{
							"origin": [4, 18.975, -12],
							"size": [2, 1.025, 2],
							"pivot": [6, 20, -10],
							"rotation": [0, 40, 25],
							"uv": {
								"north": {"uv": [77, 9], "uv_size": [2, 1]},
								"east": {"uv": [77, 10], "uv_size": [2, 1]},
								"south": {"uv": [77, 11], "uv_size": [2, 1]},
								"west": {"uv": [77, 12], "uv_size": [2, 1]},
								"up": {"uv": [6, 76], "uv_size": [2, 2]},
								"down": {"uv": [8, 78], "uv_size": [2, -2]}
							}
						},
						{
							"origin": [4, 17.75, -8],
							"size": [1.999, 2.25, 4],
							"pivot": [6, 20, -4],
							"rotation": [0, 0, 25],
							"uv": {
								"north": {"uv": [10, 76], "uv_size": [2, 2]},
								"east": {"uv": [73, 12], "uv_size": [4, 2]},
								"south": {"uv": [12, 76], "uv_size": [2, 2]},
								"west": {"uv": [73, 27], "uv_size": [4, 2]},
								"up": {"uv": [73, 45], "uv_size": [2, 4]},
								"down": {"uv": [73, 53], "uv_size": [2, -4]}
							}
						},
						{
							"origin": [-6, 20, -7.01046],
							"size": [4.99999, 3, 3],
							"pivot": [-6, 20, -4],
							"rotation": [0, -53.25, 0],
							"uv": {
								"north": {"uv": [63, 9], "uv_size": [5, 3]},
								"east": {"uv": [19, 72], "uv_size": [3, 3]},
								"south": {"uv": [32, 64], "uv_size": [5, 3]},
								"west": {"uv": [26, 72], "uv_size": [3, 3]},
								"up": {"uv": [65, 0], "uv_size": [5, 3]},
								"down": {"uv": [20, 68], "uv_size": [5, -3]}
							}
						},
						{
							"origin": [-0.20502, 25.6067, -10],
							"size": [4.99999, 3, 6],
							"pivot": [-0.20502, 24.6067, -3.98954],
							"rotation": [0, 0, 53.25],
							"uv": {
								"north": {"uv": [65, 31], "uv_size": [5, 3]},
								"east": {"uv": [59, 0], "uv_size": [6, 3]},
								"south": {"uv": [65, 34], "uv_size": [5, 3]},
								"west": {"uv": [59, 33], "uv_size": [6, 3]},
								"up": {"uv": [48, 30], "uv_size": [5, 6]},
								"down": {"uv": [32, 54], "uv_size": [5, -6]}
							}
						},
						{
							"origin": [-3, 24.24264, -3.89949],
							"size": [6, 3, 5.65685],
							"pivot": [-3, 27.24264, -4.24264],
							"rotation": [-45, 0, 0],
							"uv": {
								"north": {"uv": [59, 36], "uv_size": [6, 3]},
								"east": {"uv": [60, 16], "uv_size": [6, 3]},
								"south": {"uv": [60, 42], "uv_size": [6, 3]},
								"west": {"uv": [60, 45], "uv_size": [6, 3]},
								"up": {"uv": [42, 30], "uv_size": [6, 6]},
								"down": {"uv": [31, 48], "uv_size": [6, -6]}
							}
						},
						{
							"origin": [-3, 24, -15.65685],
							"size": [6, 3, 5.65685],
							"pivot": [3, 27, -10],
							"rotation": [45, 0, 0],
							"uv": {
								"north": {"uv": [60, 48], "uv_size": [6, 3]},
								"east": {"uv": [60, 51], "uv_size": [6, 3]},
								"south": {"uv": [60, 54], "uv_size": [6, 3]},
								"west": {"uv": [60, 57], "uv_size": [6, 3]},
								"up": {"uv": [42, 36], "uv_size": [6, 6]},
								"down": {"uv": [37, 48], "uv_size": [6, -6]}
							}
						},
						{
							"origin": [-5.58994, 28.80752, -10],
							"size": [4.99999, 3, 6],
							"pivot": [3, 27, -10],
							"rotation": [0, 0, -53.25],
							"uv": {
								"north": {"uv": [37, 65], "uv_size": [5, 3]},
								"east": {"uv": [60, 60], "uv_size": [6, 3]},
								"south": {"uv": [66, 15], "uv_size": [5, 3]},
								"west": {"uv": [61, 12], "uv_size": [6, 3]},
								"up": {"uv": [48, 36], "uv_size": [5, 6]},
								"down": {"uv": [37, 54], "uv_size": [5, -6]}
							}
						},
						{
							"origin": [-7.99999, 26.7, -4],
							"size": [4.79999, 0.1, 4.57],
							"pivot": [-3, 27, -4],
							"rotation": [-30.5, 0, -53.25],
							"uv": {
								"north": {"uv": [127, 127], "uv_size": [1, 1]},
								"east": {"uv": [127, 127], "uv_size": [1, 1]},
								"south": {"uv": [127, 127], "uv_size": [1, 1]},
								"west": {"uv": [127, 127], "uv_size": [1, 1]},
								"up": {"uv": [128, 18], "uv_size": [-20, -18]},
								"down": {"uv": [128, 128], "uv_size": [-1, -1]}
							}
						},
						{
							"origin": [3.2, 26.7, -4],
							"size": [4.79999, 0.1, 4.57],
							"pivot": [3, 27, -4],
							"rotation": [-30.5, 0, 53.25],
							"uv": {
								"north": {"uv": [128, 127], "uv_size": [-1, 1]},
								"east": {"uv": [128, 127], "uv_size": [-1, 1]},
								"south": {"uv": [128, 127], "uv_size": [-1, 1]},
								"west": {"uv": [128, 127], "uv_size": [-1, 1]},
								"up": {"uv": [108, 18], "uv_size": [20, -18]},
								"down": {"uv": [127, 128], "uv_size": [1, -1]}
							}
						},
						{
							"origin": [0.59624, 20, -15.21549],
							"size": [4.99999, 3, 3],
							"pivot": [0.59624, 20, -12.20503],
							"rotation": [0, -53.25, 0],
							"uv": {
								"north": {"uv": [66, 18], "uv_size": [5, 3]},
								"east": {"uv": [72, 36], "uv_size": [3, 3]},
								"south": {"uv": [66, 21], "uv_size": [5, 3]},
								"west": {"uv": [41, 72], "uv_size": [3, 3]},
								"up": {"uv": [66, 24], "uv_size": [5, 3]},
								"down": {"uv": [25, 69], "uv_size": [5, -3]}
							}
						},
						{
							"origin": [-6, 20, -10],
							"size": [4.99999, 3, 3],
							"pivot": [-6, 20, -10],
							"rotation": [0, 53.25, 0],
							"uv": {
								"north": {"uv": [66, 42], "uv_size": [5, 3]},
								"east": {"uv": [44, 72], "uv_size": [3, 3]},
								"south": {"uv": [66, 45], "uv_size": [5, 3]},
								"west": {"uv": [47, 72], "uv_size": [3, 3]},
								"up": {"uv": [46, 66], "uv_size": [5, 3]},
								"down": {"uv": [66, 51], "uv_size": [5, -3]}
							}
						},
						{
							"origin": [-6.13358, 20.0495, -9.8201],
							"size": [5.11015, 1.0822, 1.999],
							"pivot": [-6.13358, 20.0495, -9.82111],
							"rotation": [16.16411, 51.46805, 20.33096],
							"uv": {
								"north": {"uv": [75, 47], "uv_size": [5, 1]},
								"east": {"uv": [77, 13], "uv_size": [2, 1]},
								"south": {"uv": [75, 48], "uv_size": [5, 1]},
								"west": {"uv": [19, 77], "uv_size": [2, 1]},
								"up": {"uv": [38, 8], "uv_size": [5, 2]},
								"down": {"uv": [0, 45], "uv_size": [5, -2]}
							}
						},
						{
							"origin": [-3.14853, 18.9445, -13.81858],
							"size": [3.35515, 1.0822, 2],
							"pivot": [-3.14853, 18.94346, -13.81858],
							"rotation": [10.46612, 17.31385, 10.70263],
							"uv": {
								"north": {"uv": [76, 64], "uv_size": [3, 1]},
								"east": {"uv": [26, 77], "uv_size": [2, 1]},
								"south": {"uv": [76, 65], "uv_size": [3, 1]},
								"west": {"uv": [77, 27], "uv_size": [2, 1]},
								"up": {"uv": [19, 75], "uv_size": [3, 2]},
								"down": {"uv": [75, 25], "uv_size": [3, -2]}
							}
						},
						{
							"origin": [-0.20662, 18.9445, -13.81858],
							"size": [3.35515, 1.0822, 2],
							"pivot": [3.14853, 18.94346, -13.81858],
							"rotation": [10.46612, -17.31385, -10.70263],
							"uv": {
								"north": {"uv": [76, 66], "uv_size": [3, 1]},
								"east": {"uv": [77, 28], "uv_size": [2, 1]},
								"south": {"uv": [76, 67], "uv_size": [3, 1]},
								"west": {"uv": [77, 29], "uv_size": [2, 1]},
								"up": {"uv": [75, 25], "uv_size": [3, 2]},
								"down": {"uv": [26, 77], "uv_size": [3, -2]}
							}
						},
						{
							"origin": [-0.19676, 20, -14.00626],
							"size": [3.20515, 3.4572, 2],
							"pivot": [3.00838, 20, -14.00626],
							"rotation": [-9.53388, -17.31385, -10.70263],
							"uv": {
								"north": {"uv": [66, 72], "uv_size": [3, 3]},
								"east": {"uv": [15, 75], "uv_size": [2, 3]},
								"south": {"uv": [6, 73], "uv_size": [3, 3]},
								"west": {"uv": [75, 29], "uv_size": [2, 3]},
								"up": {"uv": [30, 75], "uv_size": [3, 2]},
								"down": {"uv": [75, 34], "uv_size": [3, -2]}
							}
						},
						{
							"origin": [-3.00838, 20, -14.00626],
							"size": [3.20515, 3.4572, 2],
							"pivot": [-3.00838, 20, -14.00626],
							"rotation": [-9.53388, 17.31385, 10.70263],
							"uv": {
								"north": {"uv": [9, 73], "uv_size": [3, 3]},
								"east": {"uv": [75, 34], "uv_size": [2, 3]},
								"south": {"uv": [12, 73], "uv_size": [3, 3]},
								"west": {"uv": [41, 75], "uv_size": [2, 3]},
								"up": {"uv": [75, 37], "uv_size": [3, 2]},
								"down": {"uv": [75, 43], "uv_size": [3, -2]}
							}
						},
						{
							"origin": [1.02343, 20.0495, -9.8201],
							"size": [5.11015, 1.0822, 1.999],
							"pivot": [6.13358, 20.0495, -9.82111],
							"rotation": [16.16411, -51.46805, -20.33096],
							"uv": {
								"north": {"uv": [75, 49], "uv_size": [5, 1]},
								"east": {"uv": [30, 77], "uv_size": [2, 1]},
								"south": {"uv": [75, 50], "uv_size": [5, 1]},
								"west": {"uv": [77, 30], "uv_size": [2, 1]},
								"up": {"uv": [70, 30], "uv_size": [5, 2]},
								"down": {"uv": [70, 34], "uv_size": [5, -2]}
							}
						},
						{
							"origin": [1.00001, 20, -7.01046],
							"size": [4.99999, 3, 3],
							"pivot": [6, 20, -4],
							"rotation": [0, 53.25, 0],
							"uv": {
								"north": {"uv": [51, 66], "uv_size": [5, 3]},
								"east": {"uv": [73, 20], "uv_size": [3, 3]},
								"south": {"uv": [66, 51], "uv_size": [5, 3]},
								"west": {"uv": [22, 73], "uv_size": [3, 3]},
								"up": {"uv": [66, 54], "uv_size": [5, 3]},
								"down": {"uv": [66, 60], "uv_size": [5, -3]}
							}
						},
						{
							"origin": [-3, 20, -14],
							"size": [6, 3, 14],
							"uv": {
								"north": {"uv": [32, 61], "uv_size": [6, 3]},
								"east": {"uv": [29, 10], "uv_size": [14, 3]},
								"south": {"uv": [61, 39], "uv_size": [6, 3]},
								"west": {"uv": [36, 13], "uv_size": [14, 3]},
								"up": {"uv": [0, 0], "uv_size": [6, 14]},
								"down": {"uv": [6, 14], "uv_size": [6, -14]}
							}
						},
						{
							"origin": [-3, 15, -2],
							"size": [6, 5, 2],
							"pivot": [-3, 20, 0],
							"rotation": [-40, 0, 0],
							"uv": {
								"north": {"uv": [0, 49], "uv_size": [6, 5]},
								"east": {"uv": [14, 35], "uv_size": [2, 5]},
								"south": {"uv": [49, 0], "uv_size": [6, 5]},
								"west": {"uv": [46, 57], "uv_size": [2, 5]},
								"up": {"uv": [67, 3], "uv_size": [6, 2]},
								"down": {"uv": [67, 14], "uv_size": [6, -2]}
							}
						},
						{
							"origin": [-7.3, 15, -0.3],
							"size": [4.3, 5, 0.1],
							"pivot": [-3, 20, 0],
							"rotation": [-50.25328, -33.27918, 33.41842],
							"uv": {
								"north": {"uv": [127, 127], "uv_size": [1, 1]},
								"east": {"uv": [127, 127], "uv_size": [1, 1]},
								"south": {"uv": [108, 18], "uv_size": [20, 23]},
								"west": {"uv": [127, 127], "uv_size": [1, 1]},
								"up": {"uv": [128, 128], "uv_size": [-1, -1]},
								"down": {"uv": [128, 128], "uv_size": [-1, -1]}
							}
						},
						{
							"origin": [3, 15, -0.3],
							"size": [4.3, 5, 0.1],
							"pivot": [3, 20, 0],
							"rotation": [-50.25328, 33.27918, -33.41842],
							"uv": {
								"north": {"uv": [128, 127], "uv_size": [-1, 1]},
								"east": {"uv": [128, 127], "uv_size": [-1, 1]},
								"south": {"uv": [128, 18], "uv_size": [-20, 23]},
								"west": {"uv": [128, 127], "uv_size": [-1, 1]},
								"up": {"uv": [127, 128], "uv_size": [1, -1]},
								"down": {"uv": [127, 128], "uv_size": [1, -1]}
							}
						},
						{
							"origin": [3.2, 26.7, -14.57],
							"size": [4.79999, 0.1, 4.57],
							"pivot": [3, 27, -10],
							"rotation": [30.5, 0, 53.25],
							"uv": {
								"north": {"uv": [127, 127], "uv_size": [1, 1]},
								"east": {"uv": [127, 127], "uv_size": [1, 1]},
								"south": {"uv": [127, 127], "uv_size": [1, 1]},
								"west": {"uv": [127, 127], "uv_size": [1, 1]},
								"up": {"uv": [88, 0], "uv_size": [20, 18]},
								"down": {"uv": [127, 127], "uv_size": [1, 1]}
							}
						},
						{
							"origin": [-7.99999, 26.7, -14.57],
							"size": [4.79999, 0.1, 4.57],
							"pivot": [-3, 27, -10],
							"rotation": [30.5, 0, -53.25],
							"uv": {
								"north": {"uv": [128, 127], "uv_size": [-1, 1]},
								"east": {"uv": [128, 127], "uv_size": [-1, 1]},
								"south": {"uv": [128, 127], "uv_size": [-1, 1]},
								"west": {"uv": [128, 127], "uv_size": [-1, 1]},
								"up": {"uv": [108, 0], "uv_size": [-20, 18]},
								"down": {"uv": [128, 127], "uv_size": [-1, 1]}
							}
						},
						{
							"origin": [-3, 23, -10],
							"size": [6, 4, 6],
							"uv": {
								"north": {"uv": [6, 54], "uv_size": [-6, 4]},
								"east": {"uv": [59, 35], "uv_size": [-6, 4]},
								"south": {"uv": [56, 12], "uv_size": [-6, 4]},
								"west": {"uv": [60, 16], "uv_size": [-6, 4]},
								"up": {"uv": [43, 6], "uv_size": [6, -6]},
								"down": {"uv": [43, 6], "uv_size": [6, 6]}
							}
						}
					]
				},
				{
					"name": "Hair",
					"parent": "Head",
					"pivot": [-0.14783, 36.76957, 0.42174]
				},
				{
					"name": "Face",
					"parent": "Head",
					"pivot": [-1.05, 15.05, -4.5]
				},
				{
					"name": "Eyes",
					"parent": "Face",
					"pivot": [-1.05, 15.05, -4.5]
				},
				{
					"name": "Eyebrow",
					"parent": "Eyes",
					"pivot": [0, 35, -3]
				},
				{
					"name": "RightEyebrow",
					"parent": "Eyebrow",
					"pivot": [-2.875, 34.85, -3.2]
				},
				{
					"name": "LeftEyebrow",
					"parent": "Eyebrow",
					"pivot": [2.875, 34.85, -3.2]
				},
				{
					"name": "Eyelid",
					"parent": "Eyes",
					"pivot": [0, 34.05, -3.075]
				},
				{
					"name": "RightEyelid",
					"parent": "Eyelid",
					"pivot": [-2.325, 33.55, -3.075]
				},
				{
					"name": "RightEyesBase",
					"parent": "RightEyelid",
					"pivot": [-2.2875, 34.05, -3.0875]
				},
				{
					"name": "RightPupil",
					"parent": "RightEyesBase",
					"pivot": [-2.325, 34.05, -3.125]
				},
				{
					"name": "LeftEyelid",
					"parent": "Eyelid",
					"pivot": [2.325, 33.55, -3.075]
				},
				{
					"name": "LeftEyesBase",
					"parent": "LeftEyelid",
					"pivot": [2.35, 34.05, -3.0875]
				},
				{
					"name": "LeftPupil",
					"parent": "LeftEyesBase",
					"pivot": [2.325, 34.05, -3.125]
				},
				{
					"name": "LeftShoulderLocator",
					"parent": "Head",
					"pivot": [3, 26.8, -6]
				},
				{
					"name": "RightShoulderLocator",
					"parent": "Head",
					"pivot": [-3, 26.8, -6]
				},
				{
					"name": "Zui",
					"parent": "Head",
					"pivot": [0, 19.71175, -8.45701],
					"rotation": [-2.5, 0, 0],
					"cubes": [
						{
							"origin": [-4.5, 15.71175, -9.45701],
							"size": [4.5, 5, 1],
							"pivot": [0, 16.71175, -9.45701],
							"rotation": [65.1168, 12.1006, 24.3208],
							"uv": {
								"north": {"uv": [55, 0], "uv_size": [4, 5]},
								"east": {"uv": [36, 16], "uv_size": [1, 5]},
								"south": {"uv": [20, 55], "uv_size": [4, 5]},
								"west": {"uv": [30, 43], "uv_size": [1, 5]},
								"up": {"uv": [54, 29], "uv_size": [4, 1]},
								"down": {"uv": [20, 65], "uv_size": [4, -1]}
							}
						},
						{
							"origin": [-2.5, 18.55874, -13.00506],
							"size": [2.7, 1, 1],
							"pivot": [0, 18.55874, -13.00506],
							"rotation": [53.40305, 32.21625, 13.34914],
							"uv": {
								"north": {"uv": [25, 65], "uv_size": [3, 1]},
								"east": {"uv": [27, 15], "uv_size": [1, 1]},
								"south": {"uv": [56, 66], "uv_size": [3, 1]},
								"west": {"uv": [27, 16], "uv_size": [1, 1]},
								"up": {"uv": [67, 30], "uv_size": [3, 1]},
								"down": {"uv": [76, 23], "uv_size": [3, -1]}
							}
						},
						{
							"origin": [-0.2, 18.55874, -13.00506],
							"size": [2.7, 1, 1],
							"pivot": [0, 18.55874, -13.00506],
							"rotation": [53.40305, -32.21625, -13.34914],
							"uv": {
								"north": {"uv": [76, 57], "uv_size": [3, 1]},
								"east": {"uv": [27, 17], "uv_size": [1, 1]},
								"south": {"uv": [76, 58], "uv_size": [3, 1]},
								"west": {"uv": [36, 21], "uv_size": [1, 1]},
								"up": {"uv": [76, 62], "uv_size": [3, 1]},
								"down": {"uv": [76, 64], "uv_size": [3, -1]}
							}
						},
						{
							"origin": [-5.50953, 17.52387, -8.51368],
							"size": [1.5, 4, 1],
							"pivot": [-4.00953, 18.52387, -8.51368],
							"rotation": [72.22971, 21.33757, 48.62615],
							"uv": {
								"north": {"uv": [6, 49], "uv_size": [2, 4]},
								"east": {"uv": [50, 62], "uv_size": [1, 4]},
								"south": {"uv": [69, 72], "uv_size": [2, 4]},
								"west": {"uv": [33, 75], "uv_size": [1, 4]},
								"up": {"uv": [28, 47], "uv_size": [2, 1]},
								"down": {"uv": [48, 13], "uv_size": [2, -1]}
							}
						},
						{
							"origin": [4.00953, 17.52387, -8.51368],
							"size": [1.5, 4, 1],
							"pivot": [4.00953, 18.52387, -8.51368],
							"rotation": [72.22971, -21.33757, -48.62615],
							"uv": {
								"north": {"uv": [73, 23], "uv_size": [2, 4]},
								"east": {"uv": [46, 75], "uv_size": [1, 4]},
								"south": {"uv": [36, 73], "uv_size": [2, 4]},
								"west": {"uv": [47, 75], "uv_size": [1, 4]},
								"up": {"uv": [60, 19], "uv_size": [2, 1]},
								"down": {"uv": [8, 63], "uv_size": [2, -1]}
							}
						},
						{
							"origin": [0, 15.71175, -9.45701],
							"size": [4.5, 5, 1],
							"pivot": [0, 16.71175, -9.45701],
							"rotation": [65.1168, -12.1006, -24.3208],
							"uv": {
								"north": {"uv": [6, 53], "uv_size": [5, 5]},
								"east": {"uv": [42, 48], "uv_size": [1, 5]},
								"south": {"uv": [53, 30], "uv_size": [5, 5]},
								"west": {"uv": [10, 58], "uv_size": [1, 5]},
								"up": {"uv": [43, 12], "uv_size": [5, 1]},
								"down": {"uv": [61, 16], "uv_size": [5, -1]}
							}
						}
					]
				},
				{
					"name": "KouShui_",
					"parent": "Zui",
					"pivot": [-3.82328, 21.20234, -11.88952]
				},
				{
					"name": "KouShui",
					"parent": "KouShui_",
					"pivot": [-3.82328, 21.20234, -11.88952],
					"rotation": [0, -22.5, 0],
					"cubes": [
						{
							"origin": [-3.07328, 17.20234, -12.28952],
							"size": [0.5, 3, 0.8],
							"pivot": [-2.82328, 20.20234, -11.88952],
							"rotation": [0, -37.5, 0],
							"uv": {
								"north": {"uv": [24, 76], "uv_size": [1, 3]},
								"east": {"uv": [40, 80], "uv_size": [1, 3]},
								"south": {"uv": [8, 81], "uv_size": [1, 3]},
								"west": {"uv": [81, 36], "uv_size": [1, 3]},
								"up": {"uv": [42, 53], "uv_size": [1, 1]},
								"down": {"uv": [62, 28], "uv_size": [1, -1]}
							}
						},
						{
							"origin": [-3.62328, 16.20234, -10.63952],
							"size": [0.5, 4, 1.75],
							"pivot": [-4.12328, 21.20234, -9.88952],
							"rotation": [0, 15, 0],
							"uv": {
								"north": {"uv": [29, 79], "uv_size": [1, 4]},
								"east": {"uv": [81, 14], "uv_size": [2, 4]},
								"south": {"uv": [33, 79], "uv_size": [1, 4]},
								"west": {"uv": [81, 19], "uv_size": [2, 4]},
								"up": {"uv": [11, 53], "uv_size": [1, 2]},
								"down": {"uv": [58, 35], "uv_size": [1, -2]}
							}
						}
					]
				},
				{
					"name": "Breast",
					"parent": "UpperBody",
					"pivot": [-0.0125, 27.74747, -2.15834],
					"rotation": [-32.5, 0, 0]
				},
				{
					"name": "Arm",
					"parent": "UpperBody",
					"pivot": [0, 9.45434, -5]
				},
				{
					"name": "LeftArm",
					"parent": "Arm",
					"pivot": [4.63848, 9.45434, -5],
					"rotation": [0, 0, 5],
					"cubes": [
						{
							"origin": [5.00901, 7.3626, -6.4965],
							"size": [1.6, 4.075, 3.243],
							"pivot": [6.60901, 7.3626, -6.5],
							"rotation": [0, 0, -25.75],
							"uv": {
								"north": {"uv": [79, 58], "uv_size": [2, 4]},
								"east": {"uv": [30, 78], "uv_size": [3, 4]},
								"south": {"uv": [79, 62], "uv_size": [2, 4]},
								"west": {"uv": [34, 78], "uv_size": [3, 4]},
								"up": {"uv": [80, 73], "uv_size": [2, 3]},
								"down": {"uv": [75, 83], "uv_size": [2, -3]}
							}
						},
						{
							"origin": [4.59296, 3.24062, -6.4975],
							"size": [1.7, 4.3, 3.245],
							"pivot": [5.09296, 5.04062, -6.5],
							"rotation": [0, 0, 7.5],
							"uv": {
								"north": {"uv": [58, 78], "uv_size": [2, 4]},
								"east": {"uv": [78, 23], "uv_size": [3, 4]},
								"south": {"uv": [56, 79], "uv_size": [2, 4]},
								"west": {"uv": [26, 78], "uv_size": [3, 4]},
								"up": {"uv": [71, 80], "uv_size": [2, 3]},
								"down": {"uv": [73, 83], "uv_size": [2, -3]}
							}
						},
						{
							"origin": [6.22837, 3.231, -6.4975],
							"size": [0.1, 7, 7],
							"pivot": [6.32837, 5.231, -6.4975],
							"rotation": [13.08619, 17.07228, 11.40399],
							"uv": {
								"north": {"uv": [127, 127], "uv_size": [1, 1]},
								"east": {"uv": [127, 127], "uv_size": [1, 1]},
								"south": {"uv": [127, 127], "uv_size": [1, 1]},
								"west": {"uv": [121, 41], "uv_size": [7, 7]},
								"up": {"uv": [128, 128], "uv_size": [-1, -1]},
								"down": {"uv": [128, 128], "uv_size": [-1, -1]}
							}
						},
						{
							"origin": [2.74448, 3.1912, -6.5],
							"size": [2, 7.82, 3.25],
							"pivot": [4.24448, 13.0112, -5],
							"rotation": [0, 0, -2.5],
							"uv": {
								"north": {"uv": [69, 77], "uv_size": [2, 8]},
								"east": {"uv": [9, 78], "uv_size": [3, 8]},
								"south": {"uv": [18, 78], "uv_size": [2, 8]},
								"west": {"uv": [12, 78], "uv_size": [3, 8]},
								"up": {"uv": [80, 0], "uv_size": [2, 3]},
								"down": {"uv": [80, 73], "uv_size": [2, -3]}
							}
						},
						{
							"origin": [3.24222, 0.01988, -6.5],
							"size": [2.9, 3.18, 3.25],
							"pivot": [4.69222, 1.60988, -4.875],
							"rotation": [0, 0, -2.5],
							"uv": {
								"north": {"uv": [50, 78], "uv_size": [3, 3]},
								"east": {"uv": [53, 78], "uv_size": [3, 3]},
								"south": {"uv": [77, 78], "uv_size": [3, 3]},
								"west": {"uv": [79, 3], "uv_size": [3, 3]},
								"up": {"uv": [79, 8], "uv_size": [3, 3]},
								"down": {"uv": [79, 14], "uv_size": [3, -3]}
							}
						}
					]
				},
				{
					"name": "LeftForeArm",
					"parent": "LeftArm",
					"pivot": [4.69222, 1.60988, -4.875]
				},
				{
					"name": "LeftHand",
					"parent": "LeftForeArm",
					"pivot": [4.69222, 1.60988, -4.875]
				},
				{
					"name": "LeftHandLocator",
					"parent": "LeftHand",
					"pivot": [4.69222, 1.60988, -4.875]
				},
				{
					"name": "RightArm",
					"parent": "Arm",
					"pivot": [-4.6385, 9.45434, -5],
					"rotation": [0, 0, -5],
					"cubes": [
						{
							"origin": [-6.14222, 0.01988, -6.5],
							"size": [2.9, 3.18, 3.25],
							"pivot": [-4.69222, 1.60988, -4.875],
							"rotation": [0, 0, 2.5],
							"uv": {
								"north": {"uv": [79, 27], "uv_size": [3, 3]},
								"east": {"uv": [79, 30], "uv_size": [3, 3]},
								"south": {"uv": [79, 33], "uv_size": [3, 3]},
								"west": {"uv": [44, 79], "uv_size": [3, 3]},
								"up": {"uv": [47, 79], "uv_size": [3, 3]},
								"down": {"uv": [79, 58], "uv_size": [3, -3]}
							}
						},
						{
							"origin": [-6.60901, 7.3626, -6.4965],
							"size": [1.6, 4.075, 3.243],
							"pivot": [-6.60901, 7.3626, -6.5],
							"rotation": [0, 0, 25.75],
							"uv": {
								"north": {"uv": [79, 66], "uv_size": [2, 4]},
								"east": {"uv": [37, 78], "uv_size": [3, 4]},
								"south": {"uv": [24, 80], "uv_size": [2, 4]},
								"west": {"uv": [78, 37], "uv_size": [3, 4]},
								"up": {"uv": [80, 76], "uv_size": [2, 3]},
								"down": {"uv": [80, 82], "uv_size": [2, -3]}
							}
						},
						{
							"origin": [-6.29296, 3.24062, -6.4975],
							"size": [1.7, 4.3, 3.245],
							"pivot": [-5.09296, 5.04062, -6.5],
							"rotation": [0, 0, -7.5],
							"uv": {
								"north": {"uv": [80, 45], "uv_size": [2, 4]},
								"east": {"uv": [41, 78], "uv_size": [3, 4]},
								"south": {"uv": [80, 49], "uv_size": [2, 4]},
								"west": {"uv": [78, 41], "uv_size": [3, 4]},
								"up": {"uv": [4, 81], "uv_size": [2, 3]},
								"down": {"uv": [6, 84], "uv_size": [2, -3]}
							}
						},
						{
							"origin": [-6.32837, 3.231, -6.4975],
							"size": [0.1, 7, 7],
							"pivot": [-6.32837, 5.231, -6.4975],
							"rotation": [13.08619, -17.07228, -11.40399],
							"uv": {
								"north": {"uv": [128, 127], "uv_size": [-1, 1]},
								"east": {"uv": [128, 41], "uv_size": [-7, 7]},
								"south": {"uv": [128, 127], "uv_size": [-1, 1]},
								"west": {"uv": [128, 127], "uv_size": [-1, 1]},
								"up": {"uv": [127, 128], "uv_size": [1, -1]},
								"down": {"uv": [127, 128], "uv_size": [1, -1]}
							}
						},
						{
							"origin": [-4.74448, 3.1912, -6.5],
							"size": [2, 7.82, 3.25],
							"pivot": [-4.24448, 13.0112, -5],
							"rotation": [0, 0, 2.5],
							"uv": {
								"north": {"uv": [20, 78], "uv_size": [2, 8]},
								"east": {"uv": [78, 14], "uv_size": [3, 8]},
								"south": {"uv": [22, 78], "uv_size": [2, 8]},
								"west": {"uv": [15, 78], "uv_size": [3, 8]},
								"up": {"uv": [0, 81], "uv_size": [2, 3]},
								"down": {"uv": [2, 84], "uv_size": [2, -3]}
							}
						}
					]
				},
				{
					"name": "RightForeArm",
					"parent": "RightArm",
					"pivot": [-4.69222, 1.60988, -4.875]
				},
				{
					"name": "RightHand",
					"parent": "RightForeArm",
					"pivot": [-4.69222, 1.60988, -4.875]
				},
				{
					"name": "RightHandLocator",
					"parent": "RightHand",
					"pivot": [-4.69222, 1.60988, -4.875]
				},
				{
					"name": "Tail",
					"parent": "UpperBody",
					"pivot": [0, 4.56211, 6.03636]
				},
				{
					"name": "Tail_",
					"parent": "Tail",
					"pivot": [0, 9.95528, 7.32388],
					"cubes": [
						{
							"origin": [-1.66207, 6.14642, 5.66182],
							"size": [3.79181, 3.77992, 3.79181],
							"pivot": [0, 8.05085, 7.32388],
							"rotation": [14.00194, -44.13603, -9.85108],
							"uv": {
								"north": {"uv": [16, 63], "uv_size": [4, 4]},
								"east": {"uv": [63, 27], "uv_size": [4, 4]},
								"south": {"uv": [59, 63], "uv_size": [4, 4]},
								"west": {"uv": [63, 63], "uv_size": [4, 4]},
								"up": {"uv": [0, 64], "uv_size": [4, 4]},
								"down": {"uv": [4, 68], "uv_size": [4, -4]}
							}
						},
						{
							"origin": [-2.68122, 6.23278, 5.75526],
							"size": [5.36243, 3.77992, 2.225],
							"pivot": [-2.68122, 6.23278, 7.98026],
							"rotation": [48.75, 0, 0],
							"uv": {
								"north": {"uv": [0, 58], "uv_size": [5, 4]},
								"east": {"uv": [50, 73], "uv_size": [2, 4]},
								"south": {"uv": [5, 58], "uv_size": [5, 4]},
								"west": {"uv": [52, 73], "uv_size": [2, 4]},
								"up": {"uv": [71, 66], "uv_size": [5, 2]},
								"down": {"uv": [71, 70], "uv_size": [5, -2]}
							}
						},
						{
							"origin": [-2.68372, 6.23278, 5.78026],
							"size": [5.36743, 3.7774, 2.2],
							"pivot": [-2.67872, 6.23278, 7.98026],
							"rotation": [10, 0, 0],
							"uv": {
								"north": {"uv": [58, 29], "uv_size": [5, 4]},
								"east": {"uv": [73, 53], "uv_size": [2, 4]},
								"south": {"uv": [55, 58], "uv_size": [5, 4]},
								"west": {"uv": [54, 73], "uv_size": [2, 4]},
								"up": {"uv": [72, 8], "uv_size": [5, 2]},
								"down": {"uv": [72, 12], "uv_size": [5, -2]}
							}
						}
					]
				},
				{
					"name": "ElytraLocator",
					"parent": "UpperBody",
					"pivot": [0, 19.65, 0.25],
					"rotation": [30, 0, 0]
				},
				{
					"name": "RifleLocator",
					"parent": "UpperBody",
					"pivot": [0, 16.15, 2.05],
					"rotation": [16.32495, -15.69986, 42.73421]
				},
				{
					"name": "PistolLocator",
					"parent": "UpBody",
					"pivot": [-6, 15.75, -2.6],
					"rotation": [-30, 0, 0]
				},
				{
					"name": "LeftWaistLocator",
					"parent": "UpBody",
					"pivot": [4, 22, 0],
					"rotation": [-20, 0, 0]
				},
				{
					"name": "RightWaistLocator",
					"parent": "UpBody",
					"pivot": [-4, 22, 0],
					"rotation": [-5, 0, 0]
				},
				{
					"name": "DownBody",
					"parent": "AllBody",
					"pivot": [0, 4.75, 3.67]
				},
				{
					"name": "Leg",
					"parent": "DownBody",
					"pivot": [0, 4.75, 3.67]
				},
				{
					"name": "LeftLeg",
					"parent": "Leg",
					"pivot": [3, 4.75, 3.67],
					"rotation": [-2.5, 0, 2.5],
					"cubes": [
						{
							"origin": [1.5, 0.05, 2.17],
							"size": [3, 5.2, 3.25],
							"uv": {
								"north": {"uv": [60, 77], "uv_size": [3, 5]},
								"east": {"uv": [63, 77], "uv_size": [3, 5]},
								"south": {"uv": [66, 77], "uv_size": [3, 5]},
								"west": {"uv": [77, 70], "uv_size": [3, 5]},
								"up": {"uv": [3, 78], "uv_size": [3, 3]},
								"down": {"uv": [6, 81], "uv_size": [3, -3]}
							}
						}
					]
				},
				{
					"name": "LeftLowerLeg",
					"parent": "LeftLeg",
					"pivot": [3, 4.75, 3.67]
				},
				{
					"name": "LeftFoot",
					"parent": "LeftLowerLeg",
					"pivot": [3, 4.75, 3.67]
				},
				{
					"name": "RightLeg",
					"parent": "Leg",
					"pivot": [-3, 4.75, 3.67],
					"rotation": [-2.5, 0, -2.5],
					"cubes": [
						{
							"origin": [-4.5, 0.05, 2.17],
							"size": [3, 5.2, 3.25],
							"uv": {
								"north": {"uv": [71, 70], "uv_size": [3, 5]},
								"east": {"uv": [74, 70], "uv_size": [3, 5]},
								"south": {"uv": [71, 75], "uv_size": [3, 5]},
								"west": {"uv": [74, 75], "uv_size": [3, 5]},
								"up": {"uv": [77, 75], "uv_size": [3, 3]},
								"down": {"uv": [0, 81], "uv_size": [3, -3]}
							}
						}
					]
				},
				{
					"name": "RightLowerLeg",
					"parent": "RightLeg",
					"pivot": [-3, 4.75, 3.67]
				},
				{
					"name": "RightFoot",
					"parent": "RightLowerLeg",
					"pivot": [-3, 4.75, 3.67]
				},
				{
					"name": "molang",
					"parent": "Root",
					"pivot": [0, -0.35, 0]
				}
			]
		}
	]
}