{
	"format_version": "1.12.0",
	"minecraft:geometry": [
		{
			"description": {
				"identifier": "geometry.unknown",
				"texture_width": 128,
				"texture_height": 128,
				"visible_bounds_width": 3,
				"visible_bounds_height": 4.5,
				"visible_bounds_offset": [0, 1.75, 0]
			},
			"bones": [
				{
					"name": "LeftArm",
					"pivot": [-1.55, 28.2, 0],
					"cubes": [
						{"origin": [0.74597, 23.8179, -1.6], "size": [3.25, 7.5, 3.3], "uv": [52, 57], "mirror": true},
						{"origin": [2.94597, 26.8179, -0.3], "size": [1.25, 0.4, 1.3], "uv": [124, 10], "mirror": true},
						{"origin": [3.09597, 23.6179, 0.7], "size": [1, 4.5, 1], "uv": [105, 100], "mirror": true},
						{"origin": [2.94597, 27.6179, -0.3], "size": [1.25, 0.4, 1.3], "uv": [8, 88], "mirror": true},
						{"origin": [2.94597, 27.2179, -0.3], "size": [1.25, 0.4, 1.3], "uv": [25, 69], "mirror": true},
						{
							"origin": [0.74597, 30.8179, -1.6],
							"size": [3.25, 1, 3.3],
							"pivot": [3.37097, 31.3179, 0.05],
							"rotation": [0, 0, 20],
							"uv": {
								"north": {"uv": [128, 108], "uv_size": [-22, 20]},
								"east": {"uv": [128, 108], "uv_size": [-19, 20]},
								"south": {"uv": [128, 108], "uv_size": [-16, 20]},
								"west": {"uv": [127, 108], "uv_size": [-24, 20]},
								"up": {"uv": [127, 98], "uv_size": [-28, 30]},
								"down": {"uv": [128, 128], "uv_size": [-19, -23]}
							}
						},
						{"origin": [3.09597, 25.6179, -0.3], "size": [1, 2.5, 2], "uv": [107, 102], "mirror": true}
					]
				},
				{
					"name": "LeftArm3",
					"parent": "LeftArm",
					"pivot": [2.04597, 29.4429, 0],
					"cubes": [
						{"origin": [0.74597, 29.6929, -1.6], "size": [2.25, 1, 3.3], "pivot": [2.37097, 31.1929, 0.05], "rotation": [0, 0, 22.5], "uv": [53, 57], "mirror": true}
					]
				},
				{
					"name": "LeftForeArm2",
					"parent": "LeftArm",
					"pivot": [3.27097, 23.9179, 0.025],
					"cubes": [
						{"origin": [0.77097, 19.8929, -1.575], "size": [3.2, 5, 3.3], "uv": [109, 104], "mirror": true},
						{"origin": [0.69567, 20.78636, -1.625], "size": [2.05, 1, 3.3], "pivot": [3.47068, 21.26136, 0.025], "rotation": [0, 0, -2.5], "uv": [7, 18], "mirror": true},
						{"origin": [0.99597, 16.8679, -1.225], "size": [2.7, 5, 2.8], "uv": [79, 89], "mirror": true},
						{"origin": [2.79597, 18.8679, -1.225], "size": [1, 1, 2.8], "uv": [51, 78], "mirror": true},
						{"origin": [1.07097, 19.7679, -1.6025], "size": [3.05, 3, 3.5], "pivot": [3.39597, 21.2679, 0.025], "rotation": [0, 0, -2.5], "uv": [109, 100], "mirror": true},
						{"origin": [2.07097, 22.6679, 0.6975], "size": [2.05, 1, 1], "pivot": [3.39597, 21.2679, 0.025], "rotation": [0, 0, -2.5], "uv": [104, 111], "mirror": true}
					]
				},
				{
					"name": "LeftHand",
					"parent": "LeftForeArm2",
					"pivot": [3.37097, 18.3929, 0.025]
				},
				{
					"name": "LeftHandLocator2",
					"parent": "LeftHand",
					"pivot": [3.37097, 18.3929, 0.025],
					"cubes": [
						{"origin": [1.97097, 17.8929, -0.475], "size": [0.9, 0.9, 0.9], "uv": [38, 48], "mirror": true}
					]
				},
				{
					"name": "SheathLocator",
					"parent": "LeftHand",
					"pivot": [3.37097, 18.3929, 0.025]
				},
				{
					"name": "LeftWaistLocator",
					"parent": "LeftHand",
					"pivot": [3.37097, 18.3929, 0.025]
				},
				{
					"name": "RightArm",
					"pivot": [1.45, 27, 0],
					"cubes": [
						{
							"origin": [-4.21116, 26.59154, -0.6],
							"size": [1.25, 1.5, 1.3],
							"uv": {
								"north": {"uv": [95, 53], "uv_size": [1, 1]},
								"east": {"uv": [98, 53], "uv_size": [28, 37]},
								"south": {"uv": [97, 53], "uv_size": [1, 1]},
								"west": {"uv": [96, 53], "uv_size": [1, 1]},
								"up": {"uv": [95, 52], "uv_size": [1, 1]},
								"down": {"uv": [96, 53], "uv_size": [1, -1]}
							}
						},
						{"origin": [-4.11116, 26.79154, -0.95], "size": [1, 1.5, 2], "uv": [109, 104]},
						{
							"origin": [-4.11116, 25.79154, -0.3],
							"size": [1, 2.5, 2],
							"uv": {
								"north": {"uv": [104, 106], "uv_size": [24, 22]},
								"east": {"uv": [102, 106], "uv_size": [25, 21]},
								"south": {"uv": [107, 106], "uv_size": [21, 22]},
								"west": {"uv": [105, 106], "uv_size": [23, 22]},
								"up": {"uv": [104, 104], "uv_size": [24, 24]},
								"down": {"uv": [105, 128], "uv_size": [23, -24]}
							}
						},
						{
							"origin": [-4.01116, 30.86654, -1.6],
							"size": [3.25, 1, 3.3],
							"pivot": [-2.38616, 31.36654, 0.05],
							"rotation": [0, 0, -20],
							"uv": {
								"north": {"uv": [98, 99], "uv_size": [29, 29]},
								"east": {"uv": [111, 45], "uv_size": [3, 1]},
								"south": {"uv": [120, 45], "uv_size": [3, 1]},
								"west": {"uv": [117, 45], "uv_size": [3, 1]},
								"up": {"uv": [96, 96], "uv_size": [30, 31]},
								"down": {"uv": [117, 45], "uv_size": [3, -3]}
							}
						},
						{"origin": [-4.11116, 23.79154, 0.7], "size": [1, 4.5, 1], "uv": [109, 107]},
						{"origin": [-3.01116, 29.86654, -1.6], "size": [2.25, 1, 3.3], "pivot": [-2.38616, 31.36654, 0.05], "rotation": [0, 0, -22.5], "uv": [107, 106]},
						{"origin": [-4.01116, 23.86654, -1.6], "size": [3.25, 7, 3.3], "uv": [52, 57]}
					]
				},
				{
					"name": "RightForeArm2",
					"parent": "RightArm",
					"pivot": [-2.28616, 24.06654, 0.025],
					"cubes": [
						{"origin": [-3.96116, 20.04154, -1.575], "size": [3.2, 5, 3.3], "uv": [107, 104]},
						{"origin": [-3.71116, 17.04154, -1.225], "size": [2.7, 5, 2.8], "uv": [78, 86]},
						{"origin": [-3.81116, 19.04154, -1.225], "size": [1.7, 1, 2.8], "uv": [50, 79]},
						{"origin": [-2.81116, 24.04154, -1.725], "size": [2.05, 0.5, 3.5], "pivot": [-2.41116, 24.54154, 0.025], "rotation": [0, 0, -5], "uv": [45, 81]},
						{"origin": [-4.13616, 23.94154, -1.725], "size": [2.05, 0.5, 3.5], "pivot": [-3.41116, 24.44154, 0.025], "rotation": [0, 0, -5], "uv": [49, 82]},
						{"origin": [-4.13616, 22.84154, 0.6975], "size": [2.05, 1, 1], "pivot": [-3.41116, 21.44154, 0.025], "rotation": [0, 0, 2.5], "uv": [72, 91]},
						{"origin": [-2.81116, 21.06, -1.625], "size": [2.05, 1, 3.3], "pivot": [-2.48587, 21.535, 0.025], "rotation": [0, 0, 2.5], "uv": [14, 34]},
						{"origin": [-4.13616, 19.94154, -1.6025], "size": [3.05, 3, 3.5], "pivot": [-3.41116, 21.44154, 0.025], "rotation": [0, 0, 2.5], "uv": [103, 102]}
					]
				},
				{
					"name": "RightHand2",
					"parent": "RightForeArm2",
					"pivot": [-2.38616, 18.66654, 0.025],
					"cubes": [
						{"origin": [-2.76116, 18.16654, -0.475], "size": [1, 1, 1], "uv": [36, 47]}
					]
				},
				{
					"name": "RightHandLocator2",
					"parent": "RightHand2",
					"pivot": [-2.38616, 18.66654, 0.025],
					"cubes": [
						{"origin": [-2.66116, 18.16654, -0.475], "size": [0.9, 0.9, 0.9], "uv": [38, 48]}
					]
				},
				{
					"name": "BladeLocator",
					"parent": "RightHand2",
					"pivot": [-2.38616, 18.66654, 0.025]
				},
				{
					"name": "RightForeArm3",
					"parent": "RightForeArm2",
					"pivot": [-4.28616, 24.09154, 0.025]
				}
			]
		}
	]
}