{
	"format_version": "1.12.0",
	"minecraft:geometry": [
		{
			"description": {
				"identifier": "geometry.unknown",
				"texture_width": 128,
				"texture_height": 128,
				"visible_bounds_width": 4,
				"visible_bounds_height": 6,
				"visible_bounds_offset": [0, 1, 0]
			},
			"bones": [
				{
					"name": "Root",
					"pivot": [0, 0, 0]
				},
				{
					"name": "AllBody",
					"parent": "Root",
					"pivot": [0, 20, 0]
				},
				{
					"name": "DownBody",
					"parent": "AllBody",
					"pivot": [0, 24, 0]
				},
				{
					"name": "Skirt",
					"parent": "DownBody",
					"pivot": [0, 23.45, 0.375],
					"cubes": [
						{"origin": [3.70251, 18.56026, -1.9625], "size": [1, 5, 4], "pivot": [2.70251, 20.38526, 0.0125], "rotation": [0, 0, -10], "uv": [45, 17]},
						{"origin": [-4.69985, 18.59065, -1.9625], "size": [1, 5, 4], "pivot": [-2.69985, 20.41565, 0.0125], "rotation": [0, 0, 10], "uv": [45, 18], "mirror": true},
						{"origin": [-1.3, 19.55, -2.425], "size": [5.275, 4.025, 1], "uv": [66, 26]},
						{"origin": [-4.8, 19.55, -2.425], "size": [9.275, 1.025, 1], "pivot": [-0.1625, 20.0625, -1.925], "rotation": [-10, 0, 0], "uv": [41, 22]},
						{"origin": [-4.8, 19.55, -2.425], "size": [9.275, 0.25, 1], "pivot": [-0.1625, 20.0625, -1.925], "rotation": [-10, 0, 0], "uv": [94, 4]},
						{"origin": [-4.8, 20.55, -1.725], "size": [9.275, 1.025, 4.3], "pivot": [-0.1625, 21.0625, -0.425], "rotation": [17.5, 0, 0], "uv": [63, 84]},
						{"origin": [-5.025, 15.55, 0.275], "size": [0.5, 3.5, 2], "uv": [113, 107]},
						{"origin": [-5.025, 17.55, -1.725], "size": [0.5, 1, 2], "pivot": [-4.775, 18.05, -0.725], "rotation": [52.5, 0, 0], "uv": [106, 5]},
						{"origin": [-1.775, 20.55, -2.825], "size": [0.25, 0.25, 1], "pivot": [-6.1625, 21.0625, -0.425], "rotation": [17.5, 0, 0], "uv": [15, 103]},
						{"origin": [-1.775, 21.25, -2.825], "size": [0.25, 0.25, 1], "pivot": [-6.1625, 21.0625, -0.425], "rotation": [17.5, 0, 0], "uv": [15, 103]},
						{"origin": [-4, 19.55, -2.325], "size": [8, 5, 4.65], "uv": [0, 25]},
						{"origin": [-2.5, 18.55, -2.025], "size": [5, 1, 4.05], "uv": [44, 20]},
						{"origin": [4.525, 15.55, 0.275], "size": [0.5, 3.5, 2], "uv": [105, 101], "mirror": true}
					]
				},
				{
					"name": "bone",
					"parent": "Skirt",
					"pivot": [0, 0, 0]
				},
				{
					"name": "bone2",
					"parent": "Skirt",
					"pivot": [0.8375, 20.0625, -2.7],
					"rotation": [5, 0, 57.5]
				},
				{
					"name": "LeftLeg",
					"parent": "DownBody",
					"pivot": [2.15, 18.95, -1],
					"rotation": [0, 0, -2.5],
					"cubes": [
						{"origin": [0.4786, 11.69905, -2], "size": [3.99, 9, 4], "uv": [45, 18]},
						{"origin": [0.4786, 11.69905, -2.34], "size": [3.99, 4, 4], "uv": [46, 20]},
						{"origin": [0.4786, 14.199, -2.5], "size": [3.99, 1.5, 4], "uv": [44, 20]},
						{"origin": [0.5, 17.69905, 0.8], "size": [4, 2, 1.4], "uv": [107, 102]},
						{"origin": [0.5, 16.69905, 0.8], "size": [3, 2, 1.4], "uv": [110, 110]},
						{"origin": [3.6786, 11.69905, -2.1], "size": [1.2, 4, 4.2], "uv": [111, 113]}
					]
				},
				{
					"name": "LeftLowerLeg",
					"parent": "LeftLeg",
					"pivot": [1.99362, 11.84905, -0.3],
					"cubes": [
						{
							"origin": [0.4686, 6.54905, -1.98],
							"size": [3.85, 5.2, 3.9],
							"uv": {
								"north": {"uv": [100, 95], "uv_size": [28, 33]},
								"east": {"uv": [96, 98], "uv_size": [32, 30]},
								"south": {"uv": [99, 97], "uv_size": [29, 31]},
								"west": {"uv": [99, 96], "uv_size": [29, 32]},
								"up": {"uv": [35, 22], "uv_size": [3, 3]},
								"down": {"uv": [38, 25], "uv_size": [3, -3]}
							}
						},
						{
							"origin": [0.9686, 8.54905, -2.18],
							"size": [2.85, 3.2, 3.9],
							"uv": {
								"north": {"uv": [96, 97], "uv_size": [27, 26]},
								"east": {"uv": [33, 25], "uv_size": [3, 3]},
								"south": {"uv": [41, 25], "uv_size": [2, 3]},
								"west": {"uv": [38, 25], "uv_size": [3, 3]},
								"up": {"uv": [36, 22], "uv_size": [2, 3]},
								"down": {"uv": [38, 25], "uv_size": [2, -3]}
							}
						}
					]
				},
				{
					"name": "LeftFoot",
					"parent": "LeftLowerLeg",
					"pivot": [2.1875, 2.5, 0.1375],
					"cubes": [
						{"origin": [0.775, 0.87405, -4], "size": [3.225, 2, 6.175], "uv": [1, 36]},
						{"origin": [1.125, 2.27405, -3], "size": [2.875, 1.1, 2.075], "pivot": [1.48112, 2.87405, -2.4125], "rotation": [35, 0, 0], "uv": [19, 46]},
						{"origin": [0.85, 2.54905, -2], "size": [3.15, 4, 4.2], "uv": [1, 54]}
					]
				},
				{
					"name": "b2",
					"parent": "LeftFoot",
					"pivot": [5, 0, 0],
					"cubes": [
						{"origin": [1.85, 5.7549, -2.1], "size": [1.15, 0.1, 4.2], "uv": [3, 85], "mirror": true},
						{"origin": [1.85, 5.3549, -2.1], "size": [1.15, 0.1, 4.2], "uv": [3, 85], "mirror": true},
						{"origin": [1.85, 4.9549, -2.1], "size": [1.15, 0.1, 4.2], "uv": [3, 85], "mirror": true},
						{"origin": [1.85, 4.5549, -2.1], "size": [1.15, 0.1, 4.2], "uv": [3, 85], "mirror": true},
						{"origin": [1.85, 4.1549, -2.1], "size": [1.15, 0.1, 4.2], "uv": [3, 85], "mirror": true},
						{"origin": [1.85, 6.1549, -2.1], "size": [1.15, 0.1, 4.2], "uv": [3, 85], "mirror": true}
					]
				},
				{
					"name": "RightLeg",
					"parent": "DownBody",
					"pivot": [-2.15, 18.95, -1],
					"rotation": [0, 0, 2.5],
					"cubes": [
						{"origin": [-4.4686, 11.69905, -2], "size": [3.99, 9, 4], "uv": [45, 15], "mirror": true},
						{"origin": [-4.8786, 11.69905, -2.1], "size": [1.2, 4, 4.2], "uv": [102, 103], "mirror": true},
						{"origin": [-5.0786, 14.69905, -2.1], "size": [1.2, 1.5, 4.2], "uv": [104, 105], "mirror": true},
						{"origin": [-4.5, 17.69905, 0.8], "size": [4, 2, 1.4], "uv": [105, 101], "mirror": true},
						{"origin": [-3.5, 16.69905, 0.8], "size": [3, 2, 1.4], "uv": [108, 115], "mirror": true}
					]
				},
				{
					"name": "clu",
					"parent": "RightLeg",
					"pivot": [-5, 16, -1],
					"rotation": [50, 0, -85],
					"cubes": [
						{"origin": [-5, 16, -2], "size": [1, 2, 3], "uv": [70, 90]},
						{"origin": [-5, 16, -2], "size": [1, 2, 3], "pivot": [-4.5, 16, -2], "rotation": [0, -15, 0], "uv": [70, 90]},
						{"origin": [-5, 16, -2], "size": [1, 2, 3], "pivot": [-4.5, 16, -2], "rotation": [0, -30, 0], "uv": [70, 90]},
						{"origin": [-5, 16, -2], "size": [1, 2, 3], "pivot": [-4.5, 16, -2], "rotation": [0, -45, 0], "uv": [70, 90]},
						{"origin": [-5, 16, -2], "size": [1, 2, 3], "pivot": [-4.5, 16, -2], "rotation": [0, -60, 0], "uv": [70, 90]},
						{"origin": [-5, 16, -2], "size": [1, 2, 3], "pivot": [-4.5, 16, -2], "rotation": [0, -75, 0], "uv": [70, 90]},
						{"origin": [-5, 16, -2], "size": [1, 2, 3], "pivot": [-4.5, 16, -2], "rotation": [0, -90, 0], "uv": [70, 90]},
						{"origin": [-5, 16, -2], "size": [1, 2, 3], "pivot": [-4.5, 16, -2], "rotation": [0, -105, 0], "uv": [70, 90]},
						{"origin": [-5, 16, -2], "size": [1, 2, 3], "pivot": [-4.5, 16, -2], "rotation": [0, -120, 0], "uv": [70, 90]},
						{"origin": [-5, 16, -2], "size": [1, 2, 3], "pivot": [-4.5, 16, -2], "rotation": [0, -135, 0], "uv": [70, 90]},
						{"origin": [-5, 16, -2], "size": [1, 2, 3], "pivot": [-4.5, 16, -2], "rotation": [0, -150, 0], "uv": [70, 90]},
						{"origin": [-5, 16, -2], "size": [1, 2, 3], "pivot": [-4.5, 16, -2], "rotation": [0, -165, 0], "uv": [70, 90]},
						{"origin": [-5, 16, -2], "size": [1, 2, 3], "pivot": [-4.5, 16, -2], "rotation": [0, 180, 0], "uv": [70, 90]},
						{"origin": [-5, 16, -2], "size": [1, 2, 3], "pivot": [-4.5, 16, -2], "rotation": [0, 15, 0], "uv": [70, 90]},
						{"origin": [-5, 16, -2], "size": [1, 2, 3], "pivot": [-4.5, 16, -2], "rotation": [0, 30, 0], "uv": [70, 90]},
						{"origin": [-5, 16, -2], "size": [1, 2, 3], "pivot": [-4.5, 16, -2], "rotation": [0, 45, 0], "uv": [70, 90]},
						{"origin": [-5, 16, -2], "size": [1, 2, 3], "pivot": [-4.5, 16, -2], "rotation": [0, 60, 0], "uv": [70, 90]},
						{"origin": [-5, 16, -2], "size": [1, 2, 3], "pivot": [-4.5, 16, -2], "rotation": [0, 75, 0], "uv": [70, 90]},
						{"origin": [-5, 16, -2], "size": [1, 2, 3], "pivot": [-4.5, 16, -2], "rotation": [0, 90, 0], "uv": [70, 90]},
						{"origin": [-5, 16, -2], "size": [1, 2, 3], "pivot": [-4.5, 16, -2], "rotation": [0, 105, 0], "uv": [70, 90]},
						{"origin": [-5, 16, -2], "size": [1, 2, 3], "pivot": [-4.5, 16, -2], "rotation": [0, 120, 0], "uv": [70, 90]},
						{"origin": [-5, 16, -2], "size": [1, 2, 3], "pivot": [-4.5, 16, -2], "rotation": [0, 135, 0], "uv": [70, 90]},
						{"origin": [-5, 16, -2], "size": [1, 2, 3], "pivot": [-4.5, 16, -2], "rotation": [0, 150, 0], "uv": [70, 90]},
						{"origin": [-5, 16, -2], "size": [1, 2, 3], "pivot": [-4.5, 16, -2], "rotation": [0, 165, 0], "uv": [70, 90]}
					]
				},
				{
					"name": "bone16",
					"parent": "clu",
					"pivot": [-4.5, 16, -2],
					"cubes": [
						{"origin": [-5, 18, -2], "size": [1, 2, 1], "pivot": [-4.5, 16, -2], "rotation": [0, -45, 0], "uv": [96, 32]},
						{"origin": [-5, 18, -2], "size": [1, 2, 1], "pivot": [-4.5, 16, -2], "rotation": [0, -90, 0], "uv": [96, 32]},
						{"origin": [-5, 18, -2], "size": [1, 2, 1], "pivot": [-4.5, 16, -2], "rotation": [0, -135, 0], "uv": [96, 32]},
						{"origin": [-5, 18, -2], "size": [1, 2, 1], "pivot": [-4.5, 16, -2], "rotation": [0, 45, 0], "uv": [96, 32]},
						{"origin": [-5, 18, -2], "size": [1, 2, 1], "pivot": [-4.5, 16, -2], "rotation": [0, 90, 0], "uv": [96, 32]},
						{"origin": [-5, 18, -2], "size": [1, 2, 1], "pivot": [-4.5, 16, -2], "rotation": [0, 135, 0], "uv": [96, 32]},
						{"origin": [-5, 18, -2], "size": [1, 2, 1], "pivot": [-4.5, 16, -2], "rotation": [0, 180, 0], "uv": [96, 32]},
						{"origin": [-5, 18, -2], "size": [1, 2, 1], "uv": [96, 32]}
					]
				},
				{
					"name": "bone17",
					"parent": "clu",
					"pivot": [-4.5, 16, -2],
					"cubes": [
						{"origin": [-5, 20, -2], "size": [1, 1, 1], "pivot": [-4.5, 16, -2], "rotation": [0, -45, 0], "uv": [121, 10]},
						{"origin": [-5, 20, -2], "size": [1, 1, 1], "pivot": [-4.5, 16, -2], "rotation": [0, -90, 0], "uv": [121, 10]},
						{"origin": [-5, 20, -2], "size": [1, 1, 1], "pivot": [-4.5, 16, -2], "rotation": [0, -135, 0], "uv": [121, 10]},
						{"origin": [-5, 20, -2], "size": [1, 1, 1], "pivot": [-4.5, 16, -2], "rotation": [0, 45, 0], "uv": [121, 10]},
						{"origin": [-5, 20, -2], "size": [1, 1, 1], "pivot": [-4.5, 16, -2], "rotation": [0, 90, 0], "uv": [121, 10]},
						{"origin": [-5, 20, -2], "size": [1, 1, 1], "pivot": [-4.5, 16, -2], "rotation": [0, 135, 0], "uv": [121, 10]},
						{"origin": [-5, 20, -2], "size": [1, 1, 1], "pivot": [-4.5, 16, -2], "rotation": [0, 180, 0], "uv": [121, 10]},
						{"origin": [-5, 20, -2], "size": [1, 1, 1], "uv": [121, 10]}
					]
				},
				{
					"name": "bone18",
					"parent": "clu",
					"pivot": [-4.5, 16, -2],
					"cubes": [
						{"origin": [-5, 21, -2], "size": [1, 0.1, 1], "pivot": [-4.5, 16, -2], "rotation": [0, -45, 0], "uv": [95, 34]},
						{"origin": [-5, 21, -2], "size": [1, 0.1, 1], "pivot": [-4.5, 16, -2], "rotation": [0, -90, 0], "uv": [95, 34]},
						{"origin": [-5, 21, -2], "size": [1, 0.1, 1], "pivot": [-4.5, 16, -2], "rotation": [0, -135, 0], "uv": [95, 34]},
						{"origin": [-5, 21, -2], "size": [1, 0.1, 1], "pivot": [-4.5, 16, -2], "rotation": [0, 45, 0], "uv": [95, 34]},
						{"origin": [-5, 21, -2], "size": [1, 0.1, 1], "pivot": [-4.5, 16, -2], "rotation": [0, 90, 0], "uv": [95, 34]},
						{"origin": [-5, 21, -2], "size": [1, 0.1, 1], "pivot": [-4.5, 16, -2], "rotation": [0, 135, 0], "uv": [95, 34]},
						{"origin": [-5, 21, -2], "size": [1, 0.1, 1], "pivot": [-4.5, 16, -2], "rotation": [0, 180, 0], "uv": [95, 34]},
						{"origin": [-5, 21, -2], "size": [1, 0.1, 1], "uv": [95, 34]}
					]
				},
				{
					"name": "bone21",
					"parent": "bone18",
					"pivot": [-4.5, 16, -2],
					"cubes": [
						{"origin": [-4.7, 21, -2], "size": [0.4, 1, 0.8], "pivot": [-4.5, 16, -2], "rotation": [0, -90, 0], "uv": [98, 35]},
						{"origin": [-4.7, 21, -2], "size": [0.4, 1, 0.8], "pivot": [-4.5, 16, -2], "rotation": [0, -60, 0], "uv": [98, 35]},
						{"origin": [-4.7, 21, -2], "size": [0.4, 1, 0.8], "pivot": [-4.5, 16, -2], "rotation": [0, -30, 0], "uv": [98, 35]},
						{"origin": [-4.7, 21, -2], "size": [0.4, 1, 0.8], "uv": [98, 35]},
						{"origin": [-4.7, 21, -2], "size": [0.4, 1, 0.8], "pivot": [-4.5, 16, -2], "rotation": [0, 30, 0], "uv": [98, 35]},
						{"origin": [-4.7, 21, -2], "size": [0.4, 1, 0.8], "pivot": [-4.5, 16, -2], "rotation": [0, 60, 0], "uv": [98, 35]},
						{"origin": [-4.7, 21, -2], "size": [0.4, 1, 0.8], "pivot": [-4.5, 16, -2], "rotation": [0, 90, 0], "uv": [98, 35]},
						{"origin": [-4.7, 21, -2], "size": [0.4, 1, 0.8], "pivot": [-4.5, 16, -2], "rotation": [0, 120, 0], "uv": [98, 35]},
						{"origin": [-4.7, 21, -2], "size": [0.4, 1, 0.8], "pivot": [-4.5, 16, -2], "rotation": [0, 150, 0], "uv": [98, 35]},
						{"origin": [-4.7, 21, -2], "size": [0.4, 1, 0.8], "pivot": [-4.5, 16, -2], "rotation": [0, 180, 0], "uv": [98, 35]},
						{"origin": [-4.7, 21, -2], "size": [0.4, 1, 0.8], "pivot": [-4.5, 16, -2], "rotation": [0, -150, 0], "uv": [98, 35]},
						{"origin": [-4.7, 21, -2], "size": [0.4, 1, 0.8], "pivot": [-4.5, 16, -2], "rotation": [0, -120, 0], "uv": [98, 35]}
					]
				},
				{
					"name": "bone28",
					"parent": "clu",
					"pivot": [-4.5, 17.5, -2]
				},
				{
					"name": "bone23",
					"parent": "clu",
					"pivot": [-4.5, 17.5, -2],
					"cubes": [
						{"origin": [-5, 18, -2], "size": [1, 0.5, 3.5], "pivot": [-4.5, 16, -2], "rotation": [0, -90, 0], "uv": [72, 110]},
						{"origin": [-4.7, 16, 1.1], "size": [0.4, 3, 0.8], "pivot": [-4.5, 16, -2], "rotation": [0, -90, 0], "uv": [7, 90]},
						{"origin": [-8.2, 16, -2.4], "size": [0.4, 3, 0.8], "pivot": [-8, 17.5, -2], "rotation": [0, -45, 0], "uv": [7, 90]},
						{"origin": [-8.2, 16, -2.4], "size": [0.4, 3, 0.8], "pivot": [-8, 17.5, -2], "rotation": [0, -135, 0], "uv": [7, 90]},
						{"origin": [-8.2, 16, -2.4], "size": [0.4, 3, 0.8], "uv": [7, 90]}
					]
				},
				{
					"name": "bone30X",
					"parent": "bone23",
					"pivot": [-4.5, 16, -2],
					"cubes": [
						{"origin": [-4.6, 14, 1.4], "size": [0.2, 3, 0.2], "pivot": [-4.5, 16, -2], "rotation": [0, -90, 0], "uv": [7, 90]}
					]
				},
				{
					"name": "bone24",
					"parent": "clu",
					"pivot": [-4.5, 17.5, -2],
					"rotation": [0, -90, 0],
					"cubes": [
						{"origin": [-5, 18, -2], "size": [1, 0.5, 3.5], "pivot": [-4.5, 16, -2], "rotation": [0, -90, 0], "uv": [72, 110]},
						{"origin": [-4.7, 16, 1.1], "size": [0.4, 3, 0.8], "pivot": [-4.5, 16, -2], "rotation": [0, -90, 0], "uv": [7, 90]},
						{"origin": [-8.2, 16, -2.4], "size": [0.4, 3, 0.8], "pivot": [-8, 17.5, -2], "rotation": [0, -45, 0], "uv": [7, 90]},
						{"origin": [-8.2, 16, -2.4], "size": [0.4, 3, 0.8], "pivot": [-8, 17.5, -2], "rotation": [0, -135, 0], "uv": [7, 90]},
						{"origin": [-8.2, 16, -2.4], "size": [0.4, 3, 0.8], "uv": [7, 90]}
					]
				},
				{
					"name": "bone29X",
					"parent": "bone24",
					"pivot": [-8, 15.5, -2],
					"cubes": [
						{"origin": [-8.1, 14, -2.1], "size": [0.2, 3, 0.2], "pivot": [-8, 15.5, -2], "rotation": [0, -90, 0], "uv": [7, 90]}
					]
				},
				{
					"name": "bone25",
					"parent": "clu",
					"pivot": [-4.5, 17.5, -2],
					"rotation": [0, 180, 0],
					"cubes": [
						{"origin": [-5, 18, -2], "size": [1, 0.5, 3.5], "pivot": [-4.5, 16, -2], "rotation": [0, -90, 0], "uv": [72, 110]},
						{"origin": [-4.7, 16, 1.1], "size": [0.4, 3, 0.8], "pivot": [-4.5, 16, -2], "rotation": [0, -90, 0], "uv": [7, 90]},
						{"origin": [-8.2, 16, -2.4], "size": [0.4, 3, 0.8], "pivot": [-8, 17.5, -2], "rotation": [0, -45, 0], "uv": [7, 90]},
						{"origin": [-8.2, 16, -2.4], "size": [0.4, 3, 0.8], "pivot": [-8, 17.5, -2], "rotation": [0, -135, 0], "uv": [7, 90]},
						{"origin": [-8.2, 16, -2.4], "size": [0.4, 3, 0.8], "uv": [7, 90]}
					]
				},
				{
					"name": "bone29X2",
					"parent": "bone25",
					"pivot": [-4.5, 16, -2],
					"cubes": [
						{"origin": [-4.6, 14, 1.4], "size": [0.2, 3, 0.2], "pivot": [-4.5, 16, -2], "rotation": [0, -90, 0], "uv": [7, 90]}
					]
				},
				{
					"name": "bone27",
					"parent": "clu",
					"pivot": [-4.5, 17.5, -2],
					"rotation": [0, 90, 0],
					"cubes": [
						{"origin": [-5, 18, -2], "size": [1, 0.5, 3.5], "pivot": [-4.5, 16, -2], "rotation": [0, -90, 0], "uv": [72, 110]},
						{"origin": [-4.7, 16, 1.1], "size": [0.4, 3, 0.8], "pivot": [-4.5, 16, -2], "rotation": [0, -90, 0], "uv": [7, 90]},
						{"origin": [-8.2, 16, -2.4], "size": [0.4, 3, 0.8], "pivot": [-8, 17.5, -2], "rotation": [0, -45, 0], "uv": [7, 90]},
						{"origin": [-8.2, 16, -2.4], "size": [0.4, 3, 0.8], "pivot": [-8, 17.5, -2], "rotation": [0, -135, 0], "uv": [7, 90]},
						{"origin": [-8.2, 16, -2.4], "size": [0.4, 3, 0.8], "uv": [7, 90]}
					]
				},
				{
					"name": "bone29X3",
					"parent": "bone27",
					"pivot": [-4.5, 16, -2],
					"cubes": [
						{"origin": [-4.6, 14, 1.4], "size": [0.2, 3, 0.2], "pivot": [-4.5, 16, -2], "rotation": [0, -90, 0], "uv": [7, 90]}
					]
				},
				{
					"name": "RightLowerLeg",
					"parent": "RightLeg",
					"pivot": [-1.99362, 11.84905, -0.3],
					"cubes": [
						{
							"origin": [-4.3186, 6.54905, -1.98],
							"size": [3.85, 5.2, 3.9],
							"uv": {
								"north": {"uv": [128, 97], "uv_size": [-32, 30]},
								"east": {"uv": [127, 96], "uv_size": [-31, 32]},
								"south": {"uv": [126, 97], "uv_size": [-30, 29]},
								"west": {"uv": [128, 97], "uv_size": [-30, 31]},
								"up": {"uv": [38, 22], "uv_size": [-3, 3]},
								"down": {"uv": [41, 25], "uv_size": [-3, -3]}
							}
						},
						{
							"origin": [-3.8186, 8.54905, -2.18],
							"size": [2.85, 3.2, 3.9],
							"uv": {
								"north": {"uv": [128, 98], "uv_size": [-25, 28]},
								"east": {"uv": [41, 26], "uv_size": [-3, 3]},
								"south": {"uv": [43, 26], "uv_size": [-2, 3]},
								"west": {"uv": [36, 26], "uv_size": [-3, 3]},
								"up": {"uv": [38, 23], "uv_size": [-2, 3]},
								"down": {"uv": [40, 26], "uv_size": [-2, -3]}
							}
						},
						{
							"origin": [-4.6186, 6.54905, -1.5],
							"size": [0.85, 2.2, 2.9],
							"uv": {
								"north": {"uv": [35, 108], "uv_size": [0, 2]},
								"east": {"uv": [122, 108], "uv_size": [-13, 6]},
								"south": {"uv": [37, 108], "uv_size": [0, 2]},
								"west": {"uv": [35, 108], "uv_size": [-2, 2]},
								"up": {"uv": [35, 106], "uv_size": [0, 2]},
								"down": {"uv": [35, 108], "uv_size": [0, -2]}
							}
						},
						{"origin": [-4.6303, 8.5338, -1.5], "size": [0.85, 1.2, 2.9], "pivot": [-4.50525, 9.1338, -0.05], "rotation": [0, 0, 7.5], "uv": [108, 104], "mirror": true}
					]
				},
				{
					"name": "RightFoot",
					"parent": "RightLowerLeg",
					"pivot": [-2.1875, 2.5, 0.1375],
					"cubes": [
						{"origin": [-4.225, 0.87405, -4], "size": [3.225, 2, 6.175], "uv": [1, 36], "mirror": true},
						{"origin": [-3.875, 2.27405, -3], "size": [2.875, 1.1, 2.075], "pivot": [-2.48112, 2.87405, -2.4125], "rotation": [35, 0, 0], "uv": [19, 49], "mirror": true},
						{"origin": [-3.825, 2.37405, -1.45], "size": [2.825, 1.75, 2.425], "uv": [17, 45], "mirror": true},
						{"origin": [-4.15, 2.54905, -2], "size": [3.15, 4, 4.2], "uv": [1, 54], "mirror": true}
					]
				},
				{
					"name": "b123",
					"parent": "RightFoot",
					"pivot": [0, 0, 0],
					"cubes": [
						{"origin": [-3.15, 5.7549, -2.1], "size": [1.15, 0.1, 4.2], "uv": [3, 85], "mirror": true},
						{"origin": [-3.15, 5.3549, -2.1], "size": [1.15, 0.1, 4.2], "uv": [3, 85], "mirror": true},
						{"origin": [-3.15, 4.9549, -2.1], "size": [1.15, 0.1, 4.2], "uv": [3, 85], "mirror": true},
						{"origin": [-3.15, 4.5549, -2.1], "size": [1.15, 0.1, 4.2], "uv": [3, 85], "mirror": true},
						{"origin": [-3.15, 4.1549, -2.1], "size": [1.15, 0.1, 4.2], "uv": [3, 85], "mirror": true},
						{"origin": [-3.15, 6.1549, -2.1], "size": [1.15, 0.1, 4.2], "uv": [3, 85], "mirror": true}
					]
				},
				{
					"name": "UpBody",
					"parent": "AllBody",
					"pivot": [0, 24, 0],
					"cubes": [
						{"origin": [0.35, 22.82247, -2.15834], "size": [0.7, 0.7, 0.7], "pivot": [0.5, 23.42247, -1.73334], "rotation": [-7.5, 0, 0], "uv": [0, 0], "mirror": true},
						{"origin": [-0.95, 22.82247, -2.15834], "size": [0.7, 0.7, 0.7], "pivot": [-0.4, 23.42247, -1.73334], "rotation": [-7.5, 0, 0], "uv": [0, 0]},
						{"origin": [0.35, 24.97247, -2.08334], "size": [0.7, 0.7, 0.7], "uv": [0, 0]},
						{"origin": [-4, 30.575, -1.9], "size": [8, 1, 4.2], "inflate": 0.01, "uv": [1, 28]},
						{"origin": [-0.85, 24.97247, -2.08334], "size": [0.7, 0.7, 0.7], "uv": [0, 0]},
						{"origin": [-0.7, 29.15, -2.125], "size": [2.4, 2, 4.2], "pivot": [0.5, 30.15, -0.025], "rotation": [-12.5, 0, 0], "uv": [46, 19]},
						{"origin": [-4, 23.75, -2.325], "size": [8, 7, 4.65], "uv": [65, 81]},
						{"origin": [-0.5, 25.75, -2.425], "size": [1.5, 5, 4.65], "uv": [64, 81]},
						{"origin": [-3.5, 31.75, -1.325], "size": [7, 2, 4.65], "uv": [42, 25]},
						{"origin": [-0.2, 30.75, -1.325], "size": [3.7, 1.5, 4.65], "pivot": [1, 31.25, 1], "rotation": [0, 0, -20], "uv": [1, 28]},
						{"origin": [-3.5, 30.75, -1.325], "size": [3.7, 1.5, 4.65], "pivot": [-1, 31.25, 1], "rotation": [0, 0, 20], "uv": [1, 27], "mirror": true}
					]
				},
				{
					"name": "bone4",
					"parent": "UpBody",
					"pivot": [0, 0, 0],
					"cubes": [
						{"origin": [-5.5, 22.75, -1.325], "size": [1.5, 4.5, 2], "uv": [83, 94]},
						{"origin": [-5.5, 22.75, 0.675], "size": [1.5, 2.5, 2], "uv": [83, 94]},
						{"origin": [-5.6, 24.25, 0.675], "size": [1.5, 1, 2], "uv": [83, 94]},
						{"origin": [-5.7, 23.85, 1.475], "size": [1.5, 1, 0.4], "uv": [113, 45]},
						{"origin": [-5.7, 25.75, -1.325], "size": [1.5, 1.5, 2], "uv": [83, 94]},
						{"origin": [-5.8, 24.75, -0.625], "size": [1.5, 1.5, 0.6], "uv": [50, 82]}
					]
				},
				{
					"name": "bone13",
					"parent": "bone4",
					"pivot": [0, 0, 0],
					"cubes": [
						{"origin": [4, 22.75, 0.675], "size": [1.5, 2.5, 2], "uv": [83, 94], "mirror": true},
						{"origin": [4.2, 23.85, 1.475], "size": [1.5, 1, 0.4], "uv": [113, 45], "mirror": true},
						{"origin": [4.1, 24.25, 0.675], "size": [1.5, 1, 2], "uv": [83, 94], "mirror": true}
					]
				},
				{
					"name": "bone149",
					"parent": "bone4",
					"pivot": [3.85, 24.36667, 2.675],
					"rotation": [0, -70, 0],
					"cubes": [
						{"origin": [3, 22.75, 2.675], "size": [1.5, 2.5, 2], "uv": [83, 94], "mirror": true},
						{"origin": [3.2, 23.85, 3.475], "size": [1.5, 1, 0.4], "uv": [113, 45], "mirror": true},
						{"origin": [3.1, 24.25, 2.675], "size": [1.5, 1, 2], "uv": [83, 94], "mirror": true}
					]
				},
				{
					"name": "bone7",
					"parent": "UpBody",
					"pivot": [0, 0, 0],
					"cubes": [
						{"origin": [-5.5, 23.75, -1.325], "size": [1.5, 3.5, 2], "uv": [83, 94]},
						{"origin": [-5.7, 25.75, -1.325], "size": [1.5, 1.5, 2], "uv": [83, 94]},
						{"origin": [-5.8, 24.75, -0.625], "size": [1.5, 1.5, 0.6], "uv": [50, 82]}
					]
				},
				{
					"name": "bone9",
					"parent": "UpBody",
					"pivot": [0, 0, 0],
					"cubes": [
						{"origin": [-5.5, 23.75, -1.325], "size": [1.5, 3.5, 2], "uv": [83, 94]},
						{"origin": [-5.7, 25.75, -1.325], "size": [1.5, 1.5, 2], "uv": [83, 94]},
						{"origin": [-5.8, 24.75, -0.625], "size": [1.5, 1.5, 0.6], "uv": [50, 82]},
						{"origin": [4, 22.75, -1.325], "size": [1.5, 4.5, 2], "uv": [83, 94], "mirror": true},
						{"origin": [4.4, 26.75, 2.675], "size": [0.6, 1.5, 0.6], "uv": [34, 49], "mirror": true},
						{"origin": [4.4, 23.75, 2.675], "size": [0.6, 3, 0.6], "uv": [54, 21], "mirror": true},
						{"origin": [4.2, 25.75, -1.325], "size": [1.5, 1.5, 2], "uv": [83, 94], "mirror": true},
						{"origin": [4.3, 24.75, -0.625], "size": [1.5, 1.5, 0.6], "uv": [50, 82], "mirror": true}
					]
				},
				{
					"name": "bone5",
					"parent": "UpBody",
					"pivot": [-4.91667, 25.83333, -2.325],
					"rotation": [0, -42.5, 0],
					"cubes": [
						{"origin": [-5.5, 22.75, -3.325], "size": [1.5, 4.5, 2], "uv": [83, 94]},
						{"origin": [-5.7, 25.75, -3.325], "size": [1.5, 1.5, 2], "uv": [83, 94]},
						{"origin": [-5.8, 24.75, -2.625], "size": [1.5, 1.5, 0.6], "uv": [50, 82]}
					]
				},
				{
					"name": "bone6",
					"parent": "UpBody",
					"pivot": [-4.91667, 24.83333, -2.325],
					"rotation": [0, -60, 0],
					"cubes": [
						{"origin": [-5.5, 22.75, -4.825], "size": [1.5, 1.5, 1.5], "uv": [84, 95]},
						{"origin": [-5.8, 23.05, -4.625], "size": [1.5, 1.2, 0.6], "uv": [50, 82]}
					]
				},
				{
					"name": "AllHead",
					"parent": "UpBody",
					"pivot": [0, 31.2, 0]
				},
				{
					"name": "Head",
					"parent": "AllHead",
					"pivot": [0, 32, 0]
				},
				{
					"name": "LeftShoulderLocator",
					"parent": "Head",
					"pivot": [3, 41.5, 0]
				},
				{
					"name": "RightShoulderLocator",
					"parent": "Head",
					"pivot": [-3, 41.5, 0]
				},
				{
					"name": "Head2",
					"parent": "Head",
					"pivot": [0, 20, 0],
					"cubes": [
						{"origin": [-2.5, 33, -2], "size": [5, 5, 4], "pivot": [1, 33, -2], "rotation": [5, 0, 0], "uv": [98, 0]},
						{"origin": [-2.5, 35.2, -3.5], "size": [5, 1.4, 1], "pivot": [1, 36, -2], "rotation": [5, 0, 0], "uv": [104, 5]},
						{"origin": [-3.6, 35.6, -3.5], "size": [1, 0.6, 2], "pivot": [-3, 37, -2], "rotation": [5.63304, -27.38656, -2.59775], "uv": [107, 4]},
						{"origin": [-3.6, 35.6, -1.7], "size": [1, 0.6, 4], "pivot": [-3, 37, 0], "rotation": [5, 0, 0], "uv": [106, 2]},
						{"origin": [-4.4, 35.6, 1.4], "size": [1, 0.6, 1], "pivot": [-3, 37, 1], "rotation": [7.7508, 49.74086, 5.92994], "uv": [109, 5]},
						{"origin": [-3, 35.6, -1], "size": [6, 0.6, 4], "pivot": [-1, 37, 0], "rotation": [5, 0, 0], "uv": [101, 2]},
						{"origin": [-2, 35.2, -3.6], "size": [4, 1, 1], "pivot": [1, 36, -2], "rotation": [5, 0, 0], "uv": [93, 34]},
						{"origin": [0.3, 34.72, -3.5], "size": [1.8, 1.4, 1], "pivot": [1, 36, -2], "rotation": [4.76968, 1.50179, -17.43745], "uv": [108, 5]},
						{"origin": [-2, 36.9629, -3.3691], "size": [4, 3.4, 5.25], "pivot": [0, 36.1629, -0.26908], "rotation": [5, 0, 0], "uv": [52, 82]},
						{"origin": [-0.5, 37.0629, -3.3691], "size": [1, 3.4, 5.25], "pivot": [0, 36.1629, -0.26908], "rotation": [5, 0, 0], "uv": [112, 37]},
						{"origin": [-2.5, 34.9629, -2.3691], "size": [5, 3.4, 5.25], "pivot": [0, 33.1629, -0.26908], "rotation": [5, 0, 0], "uv": [49, 80]},
						{
							"origin": [-0.5, 33.2827, -4.2959],
							"size": [1, 2.3, 2.55],
							"pivot": [0, 35.13265, -1.42094],
							"rotation": [25, 0, 0],
							"uv": {
								"north": {"uv": [65, 81], "uv_size": [26, 12]},
								"east": {"uv": [114, 112], "uv_size": [2, 2]},
								"south": {"uv": [119, 112], "uv_size": [1, 2]},
								"west": {"uv": [117, 112], "uv_size": [2, 2]},
								"up": {"uv": [116, 110], "uv_size": [1, 2]},
								"down": {"uv": [117, 112], "uv_size": [1, -2]}
							}
						},
						{
							"origin": [-2.5, 34.0827, -4.2959],
							"size": [3, 1.5, 2.55],
							"pivot": [0, 35.13265, -1.42094],
							"rotation": [26.78135, 20.29348, 9.92926],
							"uv": {
								"north": {"uv": [65, 80], "uv_size": [24, 14]},
								"east": {"uv": [111, 103], "uv_size": [2, 1]},
								"south": {"uv": [118, 103], "uv_size": [3, 1]},
								"west": {"uv": [116, 103], "uv_size": [2, 1]},
								"up": {"uv": [113, 101], "uv_size": [3, 2]},
								"down": {"uv": [116, 103], "uv_size": [3, -2]}
							}
						},
						{
							"origin": [-3, 33.64783, -3.56202],
							"size": [3, 1.5, 2.55],
							"pivot": [-1.53616, 34.39783, -2.28702],
							"rotation": [31.21267, 11.75299, 25.84351],
							"uv": {
								"north": {"uv": [62, 95], "uv_size": [31, 7]},
								"east": {"uv": [56, 86], "uv_size": [2, 1]},
								"south": {"uv": [63, 86], "uv_size": [3, 1]},
								"west": {"uv": [61, 86], "uv_size": [2, 1]},
								"up": {"uv": [58, 84], "uv_size": [3, 2]},
								"down": {"uv": [61, 86], "uv_size": [3, -2]}
							}
						},
						{
							"origin": [-2.7, 33.64783, -3.56202],
							"size": [3, 1, 2.55],
							"pivot": [-1.53616, 34.39783, -2.28702],
							"rotation": [32.31306, 7.8007, 32.31306],
							"uv": {
								"north": {"uv": [67, 82], "uv_size": [22, 16]},
								"east": {"uv": [107, 108], "uv_size": [2, 1]},
								"south": {"uv": [114, 108], "uv_size": [3, 1]},
								"west": {"uv": [112, 108], "uv_size": [2, 1]},
								"up": {"uv": [109, 106], "uv_size": [3, 2]},
								"down": {"uv": [112, 108], "uv_size": [3, -2]}
							}
						},
						{"origin": [-3.5, 34.6629, -1.6691], "size": [1, 3, 3.85], "pivot": [-5, 33.1629, -0.26908], "rotation": [5, 0, 0], "uv": [52, 81]},
						{"origin": [-3.5, 34.773, -2.2271], "size": [1, 3, 1], "pivot": [-3, 36.07304, -1.42714], "rotation": [17.5, 0, 0], "uv": [55, 84]},
						{"origin": [-3.3, 37.525, -3.104], "size": [1, 1.7, 5.05], "pivot": [-3, 38.12426, -0.92902], "rotation": [4.83045, -1.29256, 14.94548], "uv": [52, 81]},
						{"origin": [-3.5, 38.625, -3.104], "size": [1, 1.7, 5.05], "pivot": [-3, 38.12426, -0.92902], "rotation": [3.9705, -3.04137, 37.39455], "uv": [52, 81]},
						{"origin": [-3.3, 37.025, -3.504], "size": [2, 1.7, 1.05], "pivot": [-3, 38.12426, -0.92902], "rotation": [-7.66955, -1.29256, 14.94548], "uv": [55, 85]},
						{"origin": [-2, 36.46033, -4.0815], "size": [4, 2.85, 2], "pivot": [0, 37.46033, -3.58147], "rotation": [-5, 0, 0], "uv": [53, 83]},
						{"origin": [-2.5, 36.6603, -4.1815], "size": [5, 0.85, 2], "pivot": [0, 37.46033, -3.58147], "rotation": [-5, 0, 0], "uv": [96, 5]},
						{"origin": [-3.5, 37.05854, -3.74693], "size": [7, 0.6, 4], "pivot": [0, 36.88538, -2.74693], "rotation": [10, 0, 0], "uv": [109, 45]},
						{"origin": [-3.5, 37.05854, -1.74693], "size": [7, 0.6, 4], "pivot": [0, 36.88538, -2.74693], "rotation": [10, 0, 0], "uv": [109, 45]},
						{"origin": [-0.5, 36.6603, -4.7815], "size": [1, 1.95, 2], "pivot": [0, 37.46033, -3.58147], "rotation": [-5, 0, 0], "uv": [100, 5]},
						{"origin": [0.2, 37.6603, -4.1815], "size": [0.3, 2.65, 2], "pivot": [0, 37.46033, -3.58147], "rotation": [-5, 0, 0], "uv": [101, 5]},
						{"origin": [-0.5, 36.6603, -5.0815], "size": [1, 0.5, 2], "pivot": [0, 37.46033, -3.58147], "rotation": [-5, 0, 0], "uv": [100, 5]},
						{"origin": [-0.3, 37.6603, -4.8815], "size": [0.6, 0.6, 2], "pivot": [0, 37.46033, -3.58147], "rotation": [-5, 0, 0], "uv": [7, 86]},
						{"origin": [-0.8, 36.6603, -4.1815], "size": [1, 1.85, 2], "pivot": [0, 37.46033, -3.58147], "rotation": [-4.76968, 1.50179, 17.43745], "uv": [100, 5]},
						{"origin": [-2, 39.0603, -4.3815], "size": [4, 0.85, 2], "pivot": [0, 37.46033, -3.58147], "rotation": [-15, 0, 0], "uv": [53, 83]},
						{"origin": [-3.5, 36.46033, -3.58147], "size": [7, 1, 2], "pivot": [0, 37.46033, -3.58147], "rotation": [-5, 0, 0], "uv": [50, 83]},
						{"origin": [-2, 35.3629, 1.9309], "size": [4, 4.1, 1], "pivot": [0, 36.1629, -0.26908], "rotation": [20, 0, 0], "uv": [50, 82]},
						{"origin": [-1, 36.3629, 2.9309], "size": [2, 3.1, 1], "pivot": [0, 36.1629, -0.26908], "rotation": [20, 0, 0], "uv": [56, 79]},
						{"origin": [-2, 35.7629, 1.6309], "size": [4, 2, 1], "pivot": [0, 36.1629, -0.26908], "rotation": [-20, 0, 0], "uv": [54, 84]},
						{"origin": [-2.7, 33.95262, -2.08525], "size": [1, 2, 1], "pivot": [-2, 34.95262, -1.58525], "rotation": [5, -50, -2.5], "uv": [12, 9]},
						{"origin": [2.3, 37.525, -3.104], "size": [1, 1.7, 5.05], "pivot": [3, 38.12426, -0.92902], "rotation": [4.83045, 1.29256, -14.94548], "uv": [52, 81], "mirror": true},
						{"origin": [1.3, 37.025, -3.504], "size": [2, 1.7, 1.05], "pivot": [3, 38.12426, -0.92902], "rotation": [-7.66955, 1.29256, -14.94548], "uv": [55, 85], "mirror": true},
						{"origin": [2.5, 34.6629, -1.6691], "size": [1, 3, 3.85], "pivot": [5, 33.1629, -0.26908], "rotation": [5, 0, 0], "uv": [52, 81], "mirror": true},
						{"origin": [2.5, 34.773, -2.2271], "size": [1, 3, 1], "pivot": [3, 36.07304, -1.42714], "rotation": [17.5, 0, 0], "uv": [55, 84], "mirror": true},
						{"origin": [-1.6, 34.72, -3.5], "size": [1.8, 1.4, 1], "pivot": [-1, 36, -2], "rotation": [4.76968, -1.50179, 17.43745], "uv": [108, 5], "mirror": true},
						{"origin": [-2.1, 35.02, -3.6], "size": [2.1, 0.9, 1], "pivot": [-1, 36, -2], "rotation": [4.76968, -1.50179, 17.43745], "uv": [96, 33], "mirror": true},
						{"origin": [-2.1, 35.02, -3.6], "size": [2.1, 0.9, 1], "pivot": [-1, 36, -2], "rotation": [4.76968, -1.50179, 17.43745], "uv": [96, 33], "mirror": true},
						{
							"origin": [-0.5, 34.0827, -4.2959],
							"size": [3, 1.5, 2.55],
							"pivot": [0, 35.13265, -1.42094],
							"rotation": [26.78135, -20.29348, -9.92926],
							"uv": {
								"north": {"uv": [84, 81], "uv_size": [-19, 14]},
								"east": {"uv": [117, 112], "uv_size": [-2, 1]},
								"south": {"uv": [120, 112], "uv_size": [-3, 1]},
								"west": {"uv": [112, 112], "uv_size": [-2, 1]},
								"up": {"uv": [115, 110], "uv_size": [-3, 2]},
								"down": {"uv": [118, 112], "uv_size": [-3, -2]}
							}
						},
						{
							"origin": [0, 33.64783, -3.56202],
							"size": [3, 1.5, 2.55],
							"pivot": [1.53616, 34.39783, -2.28702],
							"rotation": [31.21267, -11.75299, -25.84351],
							"uv": {
								"north": {"uv": [94, 82], "uv_size": [-31, 13]},
								"east": {"uv": [63, 86], "uv_size": [-2, 1]},
								"south": {"uv": [66, 86], "uv_size": [-3, 1]},
								"west": {"uv": [58, 86], "uv_size": [-2, 1]},
								"up": {"uv": [61, 84], "uv_size": [-3, 2]},
								"down": {"uv": [64, 86], "uv_size": [-3, -2]}
							}
						},
						{
							"origin": [-0.3, 33.64783, -3.56202],
							"size": [3, 1, 2.55],
							"pivot": [1.53616, 34.39783, -2.28702],
							"rotation": [32.31306, -7.8007, -32.31306],
							"uv": {
								"north": {"uv": [89, 83], "uv_size": [-26, 13]},
								"east": {"uv": [87, 91], "uv_size": [-7, 4]},
								"south": {"uv": [119, 115], "uv_size": [-3, 1]},
								"west": {"uv": [111, 115], "uv_size": [-2, 1]},
								"up": {"uv": [114, 113], "uv_size": [-3, 2]},
								"down": {"uv": [117, 115], "uv_size": [-3, -2]}
							}
						},
						{"origin": [2.5, 38.625, -3.104], "size": [1, 1.7, 5.05], "pivot": [3, 38.12426, -0.92902], "rotation": [3.9705, 3.04137, -37.39455], "uv": [52, 81], "mirror": true},
						{"origin": [0, 35.02, -3.6], "size": [2.1, 0.9, 1], "pivot": [1, 36, -2], "rotation": [4.76968, 1.50179, -17.43745], "uv": [96, 33]},
						{"origin": [2.6, 35.6, -3.5], "size": [1, 0.6, 2], "pivot": [3, 37, -2], "rotation": [5.63304, 27.38656, 2.59775], "uv": [107, 4], "mirror": true},
						{"origin": [3.4, 35.6, 1.4], "size": [1, 0.6, 1], "pivot": [3, 37, 1], "rotation": [7.7508, -49.74086, -5.92994], "uv": [109, 5], "mirror": true},
						{"origin": [2.6, 35.6, -1.7], "size": [1, 0.6, 4], "pivot": [3, 37, 0], "rotation": [5, 0, 0], "uv": [106, 2], "mirror": true},
						{"origin": [-0.2, 36.6603, -4.1815], "size": [1, 1.85, 2], "pivot": [0, 37.46033, -3.58147], "rotation": [-4.76968, -1.50179, -17.43745], "uv": [100, 5], "mirror": true},
						{"origin": [-0.5, 37.6603, -4.1815], "size": [0.3, 2.65, 2], "pivot": [0, 37.46033, -3.58147], "rotation": [-5, 0, 0], "uv": [101, 5], "mirror": true}
					]
				},
				{
					"name": "bone3",
					"parent": "Head2",
					"pivot": [0, 37.46033, -3.58147],
					"cubes": [
						{"origin": [-1, 38.1603, -5.98], "size": [1, 0.3, 0.8], "pivot": [0, 37.46033, -3.58147], "rotation": [5, 0, 0], "uv": [102, 7]},
						{"origin": [-1, 38.1603, -5.98], "size": [1, 0.6, 0.2], "pivot": [0, 37.46033, -3.58147], "rotation": [5, 0, 0], "uv": [103, 8]},
						{"origin": [-1.5, 38.1603, -5.98], "size": [1, 0.1, 0.1], "pivot": [0, 37.46033, -3.58147], "rotation": [5, 0, 0], "uv": [30, 88]},
						{"origin": [-1.5, 39.5603, -4.98], "size": [0.1, 0.1, 4.1], "pivot": [0, 37.46033, -3.58147], "rotation": [45, 0, 0], "uv": [27, 84]},
						{"origin": [-1.5, 40.7603, -3.98], "size": [0.1, 0.1, 3.1], "pivot": [0, 37.46033, -3.58147], "rotation": [0, 22.5, 0], "uv": [28, 85]},
						{"origin": [-1.5, 40.7603, -0.98], "size": [0.1, 0.1, 3.1], "pivot": [0, 37.46033, -3.58147], "rotation": [0, 22.5, 0], "uv": [28, 85]},
						{"origin": [-0.2, 39.1603, -3.98], "size": [0.2, 0.2, 3.2], "pivot": [0, 37.46033, -3.58147], "rotation": [57.5, 0, 0], "uv": [101, 5]},
						{"origin": [-0.2, 37.06855, -2.4047], "size": [0.2, 4.2, 0.2], "pivot": [-0.1, 40.16855, -2.80466], "rotation": [95, 0, 0], "uv": [104, 8]},
						{"origin": [-0.2, 35.06855, -2.4047], "size": [0.2, 4.2, 0.2], "pivot": [-0.1, 40.16855, -2.80466], "rotation": [95, 0, 0], "uv": [104, 8]},
						{"origin": [-0.4, 36.9603, -5.3815], "size": [0.4, 1.5, 0.2], "pivot": [0, 37.46033, -3.58147], "rotation": [5, 0, 0], "uv": [103, 7]}
					]
				},
				{
					"name": "RifleLocator",
					"parent": "UpBody",
					"pivot": [0, 25.15, 2.3],
					"rotation": [0, 0, 45]
				},
				{
					"name": "PistolLocator",
					"parent": "UpBody",
					"pivot": [-4, 24.75, -1.6],
					"rotation": [-30, 0, 0]
				},
				{
					"name": "ElytraLocator",
					"parent": "UpBody",
					"pivot": [0, 31.65, 2]
				},
				{
					"name": "RightWaistLocator",
					"parent": "UpBody",
					"pivot": [-4, 21, 0],
					"rotation": [-5, 0, 0]
				},
				{
					"name": "Arm",
					"parent": "UpBody",
					"pivot": [0, 31.2, 0]
				},
				{
					"name": "LeftArm",
					"parent": "Arm",
					"pivot": [4.25, 30.9, 0],
					"rotation": [0, 0, -10],
					"cubes": [
						{"origin": [3.74597, 23.8179, -1.6], "size": [3.25, 7.5, 3.3], "uv": [52, 57], "mirror": true},
						{"origin": [6.09597, 25.6179, -0.3], "size": [1, 2.5, 2], "uv": [107, 102], "mirror": true},
						{"origin": [6.09597, 23.6179, 0.7], "size": [1, 4.5, 1], "uv": [105, 100], "mirror": true},
						{"origin": [5.94597, 26.8179, -0.3], "size": [1.25, 0.4, 1.3], "uv": [124, 10], "mirror": true},
						{"origin": [5.94597, 27.2179, -0.3], "size": [1.25, 0.4, 1.3], "uv": [25, 69], "mirror": true},
						{"origin": [5.94597, 27.6179, -0.3], "size": [1.25, 0.4, 1.3], "uv": [8, 88], "mirror": true},
						{
							"origin": [3.74597, 30.8179, -1.6],
							"size": [3.25, 1, 3.3],
							"pivot": [6.37097, 31.3179, 0.05],
							"rotation": [0, 0, 20],
							"uv": {
								"north": {"uv": [128, 108], "uv_size": [-22, 20]},
								"east": {"uv": [128, 108], "uv_size": [-19, 20]},
								"south": {"uv": [128, 108], "uv_size": [-16, 20]},
								"west": {"uv": [127, 108], "uv_size": [-24, 20]},
								"up": {"uv": [127, 98], "uv_size": [-28, 30]},
								"down": {"uv": [128, 128], "uv_size": [-19, -23]}
							}
						}
					]
				},
				{
					"name": "LeftArm2",
					"parent": "LeftArm",
					"pivot": [5.04597, 29.4429, 0],
					"cubes": [
						{"origin": [3.74597, 29.6929, -1.6], "size": [2.25, 1, 3.3], "pivot": [5.37097, 31.1929, 0.05], "rotation": [0, 0, 22.5], "uv": [53, 57], "mirror": true}
					]
				},
				{
					"name": "LeftForeArm",
					"parent": "LeftArm",
					"pivot": [6.27097, 23.9179, 0.025],
					"cubes": [
						{"origin": [3.77097, 19.8929, -1.575], "size": [3.2, 5, 3.3], "uv": [109, 104], "mirror": true},
						{"origin": [3.69567, 20.78636, -1.625], "size": [2.05, 1, 3.3], "pivot": [6.47068, 21.26136, 0.025], "rotation": [0, 0, -2.5], "uv": [7, 18], "mirror": true},
						{"origin": [3.99597, 16.8679, -1.225], "size": [2.7, 5, 2.8], "uv": [79, 89], "mirror": true},
						{"origin": [5.79597, 18.8679, -1.225], "size": [1, 1, 2.8], "uv": [51, 78], "mirror": true},
						{"origin": [4.07097, 19.7679, -1.6025], "size": [3.05, 3, 3.5], "pivot": [6.39597, 21.2679, 0.025], "rotation": [0, 0, -2.5], "uv": [109, 100], "mirror": true},
						{"origin": [5.07097, 22.6679, 0.6975], "size": [2.05, 1, 1], "pivot": [6.39597, 21.2679, 0.025], "rotation": [0, 0, -2.5], "uv": [104, 111], "mirror": true}
					]
				},
				{
					"name": "bone40",
					"parent": "LeftForeArm",
					"pivot": [5.9, 17.975, -2.325],
					"rotation": [90, 0, 0],
					"cubes": [
						{"origin": [5.9, 18, -2.5], "size": [0.3, 2, 0.3], "uv": [8, 86], "mirror": true},
						{"origin": [5.2, 15.2, -2.8], "size": [1.1, 3.5, 1], "uv": [50, 80], "mirror": true}
					]
				},
				{
					"name": "LeftHand",
					"parent": "LeftForeArm",
					"pivot": [6.37097, 18.3929, 0.025]
				},
				{
					"name": "LeftHandLocator",
					"parent": "LeftHand",
					"pivot": [6.37097, 18.3929, 0.025],
					"cubes": [
						{"origin": [4.97097, 17.8929, -0.475], "size": [0.9, 0.9, 0.9], "uv": [38, 48], "mirror": true}
					]
				},
				{
					"name": "LeftWaistLocator",
					"parent": "LeftHand",
					"pivot": [6.37097, 18.3929, 0.025]
				},
				{
					"name": "SheathLocator",
					"parent": "LeftHand",
					"pivot": [6.37097, 18.3929, 0.025]
				},
				{
					"name": "bone14",
					"parent": "LeftHand",
					"pivot": [4.125, 22.575, 0.025],
					"cubes": [
						{
							"origin": [6.125, 17.575, -4.975],
							"size": [1, 13, 10],
							"uv": {
								"north": {"uv": [122, 108], "uv_size": [1, 1]},
								"east": {"uv": [121, 108], "uv_size": [1, 1]},
								"south": {"uv": [124, 108], "uv_size": [1, 1]},
								"west": {"uv": [123, 108], "uv_size": [1, 1]},
								"up": {"uv": [122, 107], "uv_size": [1, 1]},
								"down": {"uv": [123, 108], "uv_size": [1, -1]}
							}
						},
						{"origin": [6.125, 30.575, -4.975], "size": [1.3, 0.5, 13], "uv": [59, 112]},
						{"origin": [6.125, 30.575, 2.525], "size": [1.3, 0.5, 13], "uv": [57, 115]},
						{"origin": [6.125, 17.075, 2.525], "size": [1.3, 0.5, 13], "uv": [66, 113]},
						{"origin": [6.125, 17.075, -5.2], "size": [1.3, 0.5, 14], "uv": [61, 111]},
						{
							"origin": [6.125, 17.75297, -5.22679],
							"size": [1, 2.5, 2],
							"pivot": [6.625, 19.00297, -4.22679],
							"rotation": [10, 0, 0],
							"uv": {
								"north": {"uv": [122, 108], "uv_size": [1, 1]},
								"east": {"uv": [121, 108], "uv_size": [1, 1]},
								"south": {"uv": [124, 108], "uv_size": [1, 1]},
								"west": {"uv": [123, 108], "uv_size": [1, 1]},
								"up": {"uv": [122, 107], "uv_size": [1, 1]},
								"down": {"uv": [123, 108], "uv_size": [1, -1]}
							}
						},
						{
							"origin": [6.125, 27.8753, -5.28268],
							"size": [1, 2.5, 2],
							"pivot": [6.625, 29.00297, -4.22679],
							"rotation": [-10, 0, 0],
							"uv": {
								"north": {"uv": [122, 108], "uv_size": [1, 1]},
								"east": {"uv": [121, 108], "uv_size": [1, 1]},
								"south": {"uv": [124, 108], "uv_size": [1, 1]},
								"west": {"uv": [123, 108], "uv_size": [1, 1]},
								"up": {"uv": [122, 107], "uv_size": [1, 1]},
								"down": {"uv": [123, 108], "uv_size": [1, -1]}
							}
						},
						{
							"origin": [6.125, 20.575, -11.975],
							"size": [1, 7, 3],
							"uv": {
								"north": {"uv": [122, 108], "uv_size": [1, 1]},
								"east": {"uv": [121, 108], "uv_size": [1, 1]},
								"south": {"uv": [124, 108], "uv_size": [1, 1]},
								"west": {"uv": [123, 108], "uv_size": [1, 1]},
								"up": {"uv": [122, 107], "uv_size": [1, 1]},
								"down": {"uv": [123, 108], "uv_size": [1, -1]}
							}
						},
						{"origin": [6.125, 20.575, -12.475], "size": [1.3, 7, 0.5], "uv": [78, 116]},
						{"origin": [6.125, 20.575, -9.475], "size": [1.3, 7, 1], "uv": [70, 113]},
						{"origin": [6.125, 20.575, -5.475], "size": [1.3, 7, 1], "uv": [70, 114]},
						{"origin": [6.125, 20.075, -9.475], "size": [1.3, 1, 5], "uv": [70, 113]},
						{"origin": [6.125, 27.075, -9.475], "size": [1.3, 1, 5], "uv": [66, 118]},
						{
							"origin": [6.125, 19.575, -10.975],
							"size": [1, 1, 6],
							"uv": {
								"north": {"uv": [122, 108], "uv_size": [1, 1]},
								"east": {"uv": [121, 108], "uv_size": [1, 1]},
								"south": {"uv": [124, 108], "uv_size": [1, 1]},
								"west": {"uv": [123, 108], "uv_size": [1, 1]},
								"up": {"uv": [122, 107], "uv_size": [1, 1]},
								"down": {"uv": [123, 108], "uv_size": [1, -1]}
							}
						},
						{
							"origin": [6.125, 27.575, -10.975],
							"size": [1, 1, 6],
							"uv": {
								"north": {"uv": [122, 108], "uv_size": [1, 1]},
								"east": {"uv": [121, 108], "uv_size": [1, 1]},
								"south": {"uv": [124, 108], "uv_size": [1, 1]},
								"west": {"uv": [123, 108], "uv_size": [1, 1]},
								"up": {"uv": [122, 107], "uv_size": [1, 1]},
								"down": {"uv": [123, 108], "uv_size": [1, -1]}
							}
						},
						{
							"origin": [6.125, 27.9875, -11.375],
							"size": [1, 1, 1.4],
							"pivot": [6.125, 27.575, -9.975],
							"rotation": [45, 0, 0],
							"uv": {
								"north": {"uv": [122, 108], "uv_size": [1, 1]},
								"east": {"uv": [121, 108], "uv_size": [1, 1]},
								"south": {"uv": [124, 108], "uv_size": [1, 1]},
								"west": {"uv": [123, 108], "uv_size": [1, 1]},
								"up": {"uv": [122, 107], "uv_size": [1, 1]},
								"down": {"uv": [123, 108], "uv_size": [1, -1]}
							}
						},
						{
							"origin": [6.125, 20.5875, -11.3875],
							"size": [1, 1.4, 1],
							"pivot": [6.125, 20.575, -9.975],
							"rotation": [45, 0, 0],
							"uv": {
								"north": {"uv": [122, 108], "uv_size": [1, 1]},
								"east": {"uv": [121, 108], "uv_size": [1, 1]},
								"south": {"uv": [124, 108], "uv_size": [1, 1]},
								"west": {"uv": [123, 108], "uv_size": [1, 1]},
								"up": {"uv": [122, 107], "uv_size": [1, 1]},
								"down": {"uv": [123, 108], "uv_size": [1, -1]}
							}
						},
						{
							"origin": [6.125, 17.575, 5.025],
							"size": [1, 13, 10],
							"uv": {
								"north": {"uv": [122, 108], "uv_size": [1, 1]},
								"east": {"uv": [121, 108], "uv_size": [1, 1]},
								"south": {"uv": [124, 108], "uv_size": [1, 1]},
								"west": {"uv": [123, 108], "uv_size": [1, 1]},
								"up": {"uv": [122, 107], "uv_size": [1, 1]},
								"down": {"uv": [123, 108], "uv_size": [1, -1]}
							}
						},
						{
							"origin": [6.725, 22.575, 14.025],
							"size": [1, 2, 1.5],
							"uv": {
								"north": {"uv": [122, 108], "uv_size": [1, 1]},
								"east": {"uv": [121, 108], "uv_size": [1, 1]},
								"south": {"uv": [124, 108], "uv_size": [1, 1]},
								"west": {"uv": [123, 108], "uv_size": [1, 1]},
								"up": {"uv": [122, 107], "uv_size": [1, 1]},
								"down": {"uv": [123, 108], "uv_size": [1, -1]}
							}
						},
						{"origin": [6.425, 19.575, 9.025], "size": [1, 1.5, 1.5], "uv": [6, 85]},
						{"origin": [6.425, 27.575, 9.025], "size": [1, 1.5, 1.5], "uv": [6, 89]},
						{"origin": [6.425, 17.575, 15.025], "size": [1, 13, 0.5], "uv": [68, 115]}
					]
				},
				{
					"name": "bone169",
					"parent": "bone14",
					"pivot": [6.625, 29.00297, -5.22679],
					"cubes": [
						{"origin": [6.125, 28.575, -10.975], "size": [1.3, 0.5, 5.6], "uv": [73, 117]},
						{"origin": [6.125, 26.975, -13.02], "size": [1.3, 2, 0.5], "pivot": [6.125, 26.575, -11.975], "rotation": [-45, 0, 0], "uv": [79, 117]},
						{"origin": [6.125, 28.5753, -5.7827], "size": [1.3, 2.5, 0.5], "pivot": [6.625, 29.00297, -5.22679], "rotation": [-10, 0, 0], "uv": [75, 119]}
					]
				},
				{
					"name": "bone22",
					"parent": "bone14",
					"pivot": [6.625, 19.103, -5.22679],
					"rotation": [0, 0, -180],
					"cubes": [
						{"origin": [5.825, 18.575, -10.975], "size": [1.3, 0.5, 5.6], "uv": [77, 117]},
						{"origin": [5.825, 16.975, -13.02], "size": [1.3, 2, 0.5], "pivot": [6.125, 16.575, -11.975], "rotation": [-45, 0, 0], "uv": [80, 123]},
						{"origin": [5.825, 18.5753, -5.7827], "size": [1.3, 2.5, 0.5], "pivot": [6.625, 19.00297, -5.22679], "rotation": [-10, 0, 0], "uv": [71, 118]}
					]
				},
				{
					"name": "KNIFES",
					"parent": "LeftHand",
					"pivot": [5.125, 25.075, 0.025],
					"cubes": [
						{"origin": [4.375, 18.075, -2.975], "size": [0.75, 1.2, 6], "uv": [7, 14]},
						{"origin": [4.375, 17.275, -2.975], "size": [0.75, 2.4, 0.45], "uv": [14, 20]},
						{"origin": [4.475, 17.475, -6.975], "size": [0.35, 1.8, 4], "uv": [76, 105]},
						{"origin": [4.425, 17.475, -3.975], "size": [0.45, 1.8, 1], "uv": [79, 108]},
						{"origin": [4.425, 17.475, -6.975], "size": [0.45, 0.9, 3], "uv": [77, 106]},
						{"origin": [4.425, 18.275, -6.975], "size": [0.45, 0.1, 4], "uv": [76, 105]},
						{"origin": [4.425, 18.275, -10.975], "size": [0.45, 0.1, 4], "uv": [76, 105]},
						{"origin": [4.425, 18.275, -14.975], "size": [0.45, 0.1, 4], "uv": [76, 105]},
						{"origin": [4.425, 18.275, -18.975], "size": [0.45, 0.1, 4], "uv": [76, 105]},
						{"origin": [4.475, 17.475, -10.975], "size": [0.35, 1.8, 4], "uv": [76, 105]},
						{"origin": [4.475, 17.475, -13.975], "size": [0.35, 1.8, 4], "uv": [76, 105]},
						{"origin": [4.475, 17.475, -16.975], "size": [0.35, 1.8, 4], "uv": [76, 105]},
						{"origin": [4.475, 17.475, -17.975], "size": [0.35, 1.8, 1], "uv": [79, 108]},
						{"origin": [4.375, 17.275, 3.025], "size": [0.75, 2, 0.5], "uv": [13, 20]},
						{"origin": [4.375, 18.275, 3.525], "size": [0.75, 1, 0.35], "uv": [15, 22]},
						{"origin": [4.375, 17.275, 3.525], "size": [0.75, 1.05, 0.5], "pivot": [4.75, 18.775, 3.775], "rotation": [-17.5, 0, 0], "uv": [13, 20]}
					]
				},
				{
					"name": "bone49",
					"parent": "KNIFES",
					"pivot": [4.65, 18.3235, -18.1265],
					"cubes": [
						{"origin": [4.475, 17.67, -18.77], "size": [0.35, 1.3, 1], "pivot": [4.65, 18.3235, -18.1265], "rotation": [60, 0, 0], "uv": [82, 111]},
						{"origin": [4.475, 17.67, -18.87], "size": [0.35, 1.3, 0.8], "pivot": [4.65, 18.3235, -18.1265], "rotation": [-60, 0, 0], "uv": [83, 112]},
						{"origin": [4.475, 18.0775, -19.205], "size": [0.35, 0.4, 0.5], "pivot": [4.65, 18.375, -18.875], "rotation": [-45, 0, 0], "uv": [80, 109]}
					]
				},
				{
					"name": "RightArm",
					"parent": "Arm",
					"pivot": [-4.25, 30.775, 0],
					"rotation": [0, 0, 10],
					"cubes": [
						{"origin": [-7.01116, 23.86654, -1.6], "size": [3.25, 7, 3.3], "uv": [52, 57]},
						{
							"origin": [-7.21116, 26.59154, -0.6],
							"size": [1.25, 1.5, 1.3],
							"uv": {
								"north": {"uv": [95, 53], "uv_size": [1, 1]},
								"east": {"uv": [98, 53], "uv_size": [28, 37]},
								"south": {"uv": [97, 53], "uv_size": [1, 1]},
								"west": {"uv": [96, 53], "uv_size": [1, 1]},
								"up": {"uv": [95, 52], "uv_size": [1, 1]},
								"down": {"uv": [96, 53], "uv_size": [1, -1]}
							}
						},
						{"origin": [-7.11116, 26.79154, -0.95], "size": [1, 1.5, 2], "uv": [109, 104]},
						{
							"origin": [-7.11116, 25.79154, -0.3],
							"size": [1, 2.5, 2],
							"uv": {
								"north": {"uv": [104, 106], "uv_size": [24, 22]},
								"east": {"uv": [102, 106], "uv_size": [25, 21]},
								"south": {"uv": [107, 106], "uv_size": [21, 22]},
								"west": {"uv": [105, 106], "uv_size": [23, 22]},
								"up": {"uv": [104, 104], "uv_size": [24, 24]},
								"down": {"uv": [105, 128], "uv_size": [23, -24]}
							}
						},
						{
							"origin": [-7.01116, 30.86654, -1.6],
							"size": [3.25, 1, 3.3],
							"pivot": [-5.38616, 31.36654, 0.05],
							"rotation": [0, 0, -20],
							"uv": {
								"north": {"uv": [98, 99], "uv_size": [29, 29]},
								"east": {"uv": [111, 45], "uv_size": [3, 1]},
								"south": {"uv": [120, 45], "uv_size": [3, 1]},
								"west": {"uv": [117, 45], "uv_size": [3, 1]},
								"up": {"uv": [96, 96], "uv_size": [30, 31]},
								"down": {"uv": [117, 45], "uv_size": [3, -3]}
							}
						},
						{"origin": [-7.11116, 23.79154, 0.7], "size": [1, 4.5, 1], "uv": [109, 107]},
						{"origin": [-6.01116, 29.86654, -1.6], "size": [2.25, 1, 3.3], "pivot": [-5.38616, 31.36654, 0.05], "rotation": [0, 0, -22.5], "uv": [107, 106]}
					]
				},
				{
					"name": "RightForeArm",
					"parent": "RightArm",
					"pivot": [-5.28616, 24.06654, 0.025],
					"cubes": [
						{"origin": [-6.96116, 20.04154, -1.575], "size": [3.2, 5, 3.3], "uv": [107, 104]},
						{"origin": [-6.71116, 17.04154, -1.225], "size": [2.7, 5, 2.8], "uv": [78, 86]},
						{"origin": [-6.81116, 19.04154, -1.225], "size": [1.7, 1, 2.8], "uv": [50, 79]},
						{"origin": [-5.81116, 24.04154, -1.725], "size": [2.05, 0.5, 3.5], "pivot": [-5.41116, 24.54154, 0.025], "rotation": [0, 0, -5], "uv": [45, 81]},
						{"origin": [-7.13616, 23.94154, -1.725], "size": [2.05, 0.5, 3.5], "pivot": [-6.41116, 24.44154, 0.025], "rotation": [0, 0, -5], "uv": [49, 82]},
						{"origin": [-7.13616, 22.84154, 0.6975], "size": [2.05, 1, 1], "pivot": [-6.41116, 21.44154, 0.025], "rotation": [0, 0, 2.5], "uv": [72, 91]},
						{"origin": [-5.81116, 21.06, -1.625], "size": [2.05, 1, 3.3], "pivot": [-5.48587, 21.535, 0.025], "rotation": [0, 0, 2.5], "uv": [14, 34]},
						{"origin": [-7.13616, 19.94154, -1.6025], "size": [3.05, 3, 3.5], "pivot": [-6.41116, 21.44154, 0.025], "rotation": [0, 0, 2.5], "uv": [103, 102]}
					]
				},
				{
					"name": "RightHand",
					"parent": "RightForeArm",
					"pivot": [-5.38616, 18.66654, 0.025],
					"cubes": [
						{"origin": [-5.76116, 18.16654, -0.475], "size": [1, 1, 1], "uv": [36, 47]}
					]
				},
				{
					"name": "clu2",
					"parent": "RightHand",
					"pivot": [-5, 17, -4],
					"rotation": [-90, 0, 0],
					"cubes": [
						{"origin": [-5, 17, -5], "size": [1, 2, 3], "uv": [70, 90]},
						{"origin": [-5, 17, -5], "size": [1, 2, 3], "pivot": [-4.5, 17, -5], "rotation": [0, -15, 0], "uv": [70, 90]},
						{"origin": [-5, 17, -5], "size": [1, 2, 3], "pivot": [-4.5, 17, -5], "rotation": [0, -30, 0], "uv": [70, 90]},
						{"origin": [-5, 17, -5], "size": [1, 2, 3], "pivot": [-4.5, 17, -5], "rotation": [0, -45, 0], "uv": [70, 90]},
						{"origin": [-5, 17, -5], "size": [1, 2, 3], "pivot": [-4.5, 17, -5], "rotation": [0, -60, 0], "uv": [70, 90]},
						{"origin": [-5, 17, -5], "size": [1, 2, 3], "pivot": [-4.5, 17, -5], "rotation": [0, -75, 0], "uv": [70, 90]},
						{"origin": [-5, 17, -5], "size": [1, 2, 3], "pivot": [-4.5, 17, -5], "rotation": [0, -90, 0], "uv": [70, 90]},
						{"origin": [-5, 17, -5], "size": [1, 2, 3], "pivot": [-4.5, 17, -5], "rotation": [0, -105, 0], "uv": [70, 90]},
						{"origin": [-5, 17, -5], "size": [1, 2, 3], "pivot": [-4.5, 17, -5], "rotation": [0, -120, 0], "uv": [70, 90]},
						{"origin": [-5, 17, -5], "size": [1, 2, 3], "pivot": [-4.5, 17, -5], "rotation": [0, -135, 0], "uv": [70, 90]},
						{"origin": [-5, 17, -5], "size": [1, 2, 3], "pivot": [-4.5, 17, -5], "rotation": [0, -150, 0], "uv": [70, 90]},
						{"origin": [-5, 17, -5], "size": [1, 2, 3], "pivot": [-4.5, 17, -5], "rotation": [0, -165, 0], "uv": [70, 90]},
						{"origin": [-5, 17, -5], "size": [1, 2, 3], "pivot": [-4.5, 17, -5], "rotation": [0, 180, 0], "uv": [70, 90]},
						{"origin": [-5, 17, -5], "size": [1, 2, 3], "pivot": [-4.5, 17, -5], "rotation": [0, 15, 0], "uv": [70, 90]},
						{"origin": [-5, 17, -5], "size": [1, 2, 3], "pivot": [-4.5, 17, -5], "rotation": [0, 30, 0], "uv": [70, 90]},
						{"origin": [-5, 17, -5], "size": [1, 2, 3], "pivot": [-4.5, 17, -5], "rotation": [0, 45, 0], "uv": [70, 90]},
						{"origin": [-5, 17, -5], "size": [1, 2, 3], "pivot": [-4.5, 17, -5], "rotation": [0, 60, 0], "uv": [70, 90]},
						{"origin": [-5, 17, -5], "size": [1, 2, 3], "pivot": [-4.5, 17, -5], "rotation": [0, 75, 0], "uv": [70, 90]},
						{"origin": [-5, 17, -5], "size": [1, 2, 3], "pivot": [-4.5, 17, -5], "rotation": [0, 90, 0], "uv": [70, 90]},
						{"origin": [-5, 17, -5], "size": [1, 2, 3], "pivot": [-4.5, 17, -5], "rotation": [0, 105, 0], "uv": [70, 90]},
						{"origin": [-5, 17, -5], "size": [1, 2, 3], "pivot": [-4.5, 17, -5], "rotation": [0, 120, 0], "uv": [70, 90]},
						{"origin": [-5, 17, -5], "size": [1, 2, 3], "pivot": [-4.5, 17, -5], "rotation": [0, 135, 0], "uv": [70, 90]},
						{"origin": [-5, 17, -5], "size": [1, 2, 3], "pivot": [-4.5, 17, -5], "rotation": [0, 150, 0], "uv": [70, 90]},
						{"origin": [-5, 17, -5], "size": [1, 2, 3], "pivot": [-4.5, 17, -5], "rotation": [0, 165, 0], "uv": [70, 90]}
					]
				},
				{
					"name": "DONG",
					"parent": "clu2",
					"pivot": [-5, 17, -5],
					"cubes": [
						{"origin": [-5, 15, -5.5], "size": [1, 2, 1], "uv": [97, 35]}
					]
				},
				{
					"name": "DONG2",
					"parent": "clu2",
					"pivot": [-5, 17, -5],
					"cubes": [
						{"origin": [-5, 15, -5.5], "size": [1, 2, 1], "uv": [97, 35]}
					]
				},
				{
					"name": "DONG3",
					"parent": "clu2",
					"pivot": [-5, 17, -5],
					"cubes": [
						{"origin": [-5, 15, -5.5], "size": [1, 2, 1], "uv": [97, 35]}
					]
				},
				{
					"name": "DONG4",
					"parent": "clu2",
					"pivot": [-5, 17, -5],
					"cubes": [
						{"origin": [-5, 15, -5.5], "size": [1, 2, 1], "uv": [97, 35]}
					]
				},
				{
					"name": "DONG5",
					"parent": "clu2",
					"pivot": [-5, 17, -5],
					"cubes": [
						{"origin": [-5, 15, -5.5], "size": [1, 2, 1], "uv": [97, 35]}
					]
				},
				{
					"name": "bone29",
					"parent": "clu2",
					"pivot": [-4.5, 17, -5],
					"cubes": [
						{"origin": [-5, 19, -5], "size": [1, 2, 1], "pivot": [-4.5, 17, -5], "rotation": [0, -45, 0], "uv": [96, 32]},
						{"origin": [-5, 19, -5], "size": [1, 2, 1], "pivot": [-4.5, 17, -5], "rotation": [0, -90, 0], "uv": [96, 32]},
						{"origin": [-5, 19, -5], "size": [1, 2, 1], "pivot": [-4.5, 17, -5], "rotation": [0, -135, 0], "uv": [96, 32]},
						{"origin": [-5, 19, -5], "size": [1, 2, 1], "pivot": [-4.5, 17, -5], "rotation": [0, 45, 0], "uv": [96, 32]},
						{"origin": [-5, 19, -5], "size": [1, 2, 1], "pivot": [-4.5, 17, -5], "rotation": [0, 90, 0], "uv": [96, 32]},
						{"origin": [-5, 19, -5], "size": [1, 2, 1], "pivot": [-4.5, 17, -5], "rotation": [0, 135, 0], "uv": [96, 32]},
						{"origin": [-5, 19, -5], "size": [1, 2, 1], "pivot": [-4.5, 17, -5], "rotation": [0, 180, 0], "uv": [96, 32]},
						{"origin": [-5, 19, -5], "size": [1, 2, 1], "uv": [96, 32]}
					]
				},
				{
					"name": "bone30",
					"parent": "clu2",
					"pivot": [-4.5, 17, -5],
					"cubes": [
						{"origin": [-5, 21, -5], "size": [1, 1, 1], "pivot": [-4.5, 17, -5], "rotation": [0, -45, 0], "uv": [121, 10]},
						{"origin": [-5, 21, -5], "size": [1, 1, 1], "pivot": [-4.5, 17, -5], "rotation": [0, -90, 0], "uv": [121, 10]},
						{"origin": [-5, 21, -5], "size": [1, 1, 1], "pivot": [-4.5, 17, -5], "rotation": [0, -135, 0], "uv": [121, 10]},
						{"origin": [-5, 21, -5], "size": [1, 1, 1], "pivot": [-4.5, 17, -5], "rotation": [0, 45, 0], "uv": [121, 10]},
						{"origin": [-5, 21, -5], "size": [1, 1, 1], "pivot": [-4.5, 17, -5], "rotation": [0, 90, 0], "uv": [121, 10]},
						{"origin": [-5, 21, -5], "size": [1, 1, 1], "pivot": [-4.5, 17, -5], "rotation": [0, 135, 0], "uv": [121, 10]},
						{"origin": [-5, 21, -5], "size": [1, 1, 1], "pivot": [-4.5, 17, -5], "rotation": [0, 180, 0], "uv": [121, 10]},
						{"origin": [-5, 21, -5], "size": [1, 1, 1], "uv": [121, 10]}
					]
				},
				{
					"name": "bone31",
					"parent": "clu2",
					"pivot": [-4.5, 17, -5],
					"cubes": [
						{"origin": [-5, 22, -5], "size": [1, 0.1, 1], "pivot": [-4.5, 17, -5], "rotation": [0, -45, 0], "uv": [95, 34]},
						{"origin": [-5, 22, -5], "size": [1, 0.1, 1], "pivot": [-4.5, 17, -5], "rotation": [0, -90, 0], "uv": [95, 34]},
						{"origin": [-5, 22, -5], "size": [1, 0.1, 1], "pivot": [-4.5, 17, -5], "rotation": [0, -135, 0], "uv": [95, 34]},
						{"origin": [-5, 22, -5], "size": [1, 0.1, 1], "pivot": [-4.5, 17, -5], "rotation": [0, 45, 0], "uv": [95, 34]},
						{"origin": [-5, 22, -5], "size": [1, 0.1, 1], "pivot": [-4.5, 17, -5], "rotation": [0, 90, 0], "uv": [95, 34]},
						{"origin": [-5, 22, -5], "size": [1, 0.1, 1], "pivot": [-4.5, 17, -5], "rotation": [0, 135, 0], "uv": [95, 34]},
						{"origin": [-5, 22, -5], "size": [1, 0.1, 1], "pivot": [-4.5, 17, -5], "rotation": [0, 180, 0], "uv": [95, 34]},
						{"origin": [-5, 22, -5], "size": [1, 0.1, 1], "uv": [95, 34]}
					]
				},
				{
					"name": "bone32",
					"parent": "bone31",
					"pivot": [-4.5, 17, -5],
					"cubes": [
						{"origin": [-4.7, 22, -5], "size": [0.4, 1, 0.8], "pivot": [-4.5, 17, -5], "rotation": [0, -90, 0], "uv": [98, 35]},
						{"origin": [-4.7, 22, -5], "size": [0.4, 1, 0.8], "pivot": [-4.5, 17, -5], "rotation": [0, -60, 0], "uv": [98, 35]},
						{"origin": [-4.7, 22, -5], "size": [0.4, 1, 0.8], "pivot": [-4.5, 17, -5], "rotation": [0, -30, 0], "uv": [98, 35]},
						{"origin": [-4.7, 22, -5], "size": [0.4, 1, 0.8], "uv": [98, 35]},
						{"origin": [-4.7, 22, -5], "size": [0.4, 1, 0.8], "pivot": [-4.5, 17, -5], "rotation": [0, 30, 0], "uv": [98, 35]},
						{"origin": [-4.7, 22, -5], "size": [0.4, 1, 0.8], "pivot": [-4.5, 17, -5], "rotation": [0, 60, 0], "uv": [98, 35]},
						{"origin": [-4.7, 22, -5], "size": [0.4, 1, 0.8], "pivot": [-4.5, 17, -5], "rotation": [0, 90, 0], "uv": [98, 35]},
						{"origin": [-4.7, 22, -5], "size": [0.4, 1, 0.8], "pivot": [-4.5, 17, -5], "rotation": [0, 120, 0], "uv": [98, 35]},
						{"origin": [-4.7, 22, -5], "size": [0.4, 1, 0.8], "pivot": [-4.5, 17, -5], "rotation": [0, 150, 0], "uv": [98, 35]},
						{"origin": [-4.7, 22, -5], "size": [0.4, 1, 0.8], "pivot": [-4.5, 17, -5], "rotation": [0, 180, 0], "uv": [98, 35]},
						{"origin": [-4.7, 22, -5], "size": [0.4, 1, 0.8], "pivot": [-4.5, 17, -5], "rotation": [0, -150, 0], "uv": [98, 35]},
						{"origin": [-4.7, 22, -5], "size": [0.4, 1, 0.8], "pivot": [-4.5, 17, -5], "rotation": [0, -120, 0], "uv": [98, 35]}
					]
				},
				{
					"name": "bone41X",
					"parent": "bone31",
					"pivot": [-4.5, 17, -5],
					"cubes": [
						{"origin": [-4.7, 19, -5], "size": [0.4, 4, 0.8], "pivot": [-4.5, 17, -5], "rotation": [0, -90, 0], "uv": [98, 35]},
						{"origin": [-4.7, 19, -5], "size": [0.4, 4, 0.8], "pivot": [-4.5, 17, -5], "rotation": [0, -60, 0], "uv": [98, 35]},
						{"origin": [-4.7, 19, -5], "size": [0.4, 4, 0.8], "pivot": [-4.5, 17, -5], "rotation": [0, -30, 0], "uv": [98, 35]},
						{"origin": [-4.7, 19, -5], "size": [0.4, 4, 0.8], "uv": [98, 35]},
						{"origin": [-4.7, 19, -5], "size": [0.4, 4, 0.8], "pivot": [-4.5, 17, -5], "rotation": [0, 30, 0], "uv": [98, 35]},
						{"origin": [-4.7, 19, -5], "size": [0.4, 4, 0.8], "pivot": [-4.5, 17, -5], "rotation": [0, 60, 0], "uv": [98, 35]},
						{"origin": [-4.7, 19, -5], "size": [0.4, 4, 0.8], "pivot": [-4.5, 17, -5], "rotation": [0, 90, 0], "uv": [98, 35]},
						{"origin": [-4.7, 19, -5], "size": [0.4, 4, 0.8], "pivot": [-4.5, 17, -5], "rotation": [0, 120, 0], "uv": [98, 35]},
						{"origin": [-4.7, 19, -5], "size": [0.4, 4, 0.8], "pivot": [-4.5, 17, -5], "rotation": [0, 150, 0], "uv": [98, 35]},
						{"origin": [-4.7, 19, -5], "size": [0.4, 4, 0.8], "pivot": [-4.5, 17, -5], "rotation": [0, 180, 0], "uv": [98, 35]},
						{"origin": [-4.7, 19, -5], "size": [0.4, 4, 0.8], "pivot": [-4.5, 17, -5], "rotation": [0, -150, 0], "uv": [98, 35]},
						{"origin": [-4.7, 19, -5], "size": [0.4, 4, 0.8], "pivot": [-4.5, 17, -5], "rotation": [0, -120, 0], "uv": [98, 35]}
					]
				},
				{
					"name": "bone34",
					"parent": "clu2",
					"pivot": [-4.5, 18.5, -5],
					"cubes": [
						{"origin": [-5, 19, -5], "size": [1, 0.5, 3.5], "pivot": [-4.5, 17, -5], "rotation": [0, -90, 0], "uv": [72, 110]},
						{"origin": [-5, 19.5, -3.5], "size": [1, 0.5, 1.5], "pivot": [-4.5, 17, -5], "rotation": [0, -90, 0], "uv": [75, 90]},
						{"origin": [-4.7, 17, -1.9], "size": [0.4, 3, 0.8], "pivot": [-4.5, 17, -5], "rotation": [0, -90, 0], "uv": [7, 90]},
						{"origin": [-8.2, 17, -5.4], "size": [0.4, 3, 0.8], "pivot": [-8, 18.5, -5], "rotation": [0, -45, 0], "uv": [7, 90]},
						{"origin": [-8.2, 17, -5.4], "size": [0.4, 3, 0.8], "pivot": [-8, 18.5, -5], "rotation": [0, -135, 0], "uv": [7, 90]},
						{"origin": [-8.2, 17, -5.4], "size": [0.4, 3, 0.8], "uv": [7, 90]}
					]
				},
				{
					"name": "bone30X2",
					"parent": "bone34",
					"pivot": [-4.5, 17, -5],
					"cubes": [
						{"origin": [-4.6, 15, -1.6], "size": [0.2, 3, 0.2], "pivot": [-4.5, 17, -5], "rotation": [0, -90, 0], "uv": [7, 90]}
					]
				},
				{
					"name": "bone35",
					"parent": "clu2",
					"pivot": [-4.5, 18.5, -5],
					"rotation": [0, -90, 0],
					"cubes": [
						{"origin": [-5, 19, -5], "size": [1, 0.5, 3.5], "pivot": [-4.5, 17, -5], "rotation": [0, -90, 0], "uv": [72, 110]},
						{"origin": [-4.7, 17, -1.9], "size": [0.4, 3, 0.8], "pivot": [-4.5, 17, -5], "rotation": [0, -90, 0], "uv": [7, 90]},
						{"origin": [-8.2, 17, -5.4], "size": [0.4, 3, 0.8], "pivot": [-8, 18.5, -5], "rotation": [0, -45, 0], "uv": [7, 90]},
						{"origin": [-8.2, 17, -5.4], "size": [0.4, 3, 0.8], "pivot": [-8, 18.5, -5], "rotation": [0, -135, 0], "uv": [7, 90]},
						{"origin": [-8.2, 17, -5.4], "size": [0.4, 3, 0.8], "uv": [7, 90]}
					]
				},
				{
					"name": "bone29X4",
					"parent": "bone35",
					"pivot": [-8, 16.5, -5],
					"cubes": [
						{"origin": [-8.1, 15, -5.1], "size": [0.2, 3, 0.2], "pivot": [-8, 16.5, -5], "rotation": [0, -90, 0], "uv": [7, 90]}
					]
				},
				{
					"name": "bone36",
					"parent": "clu2",
					"pivot": [-4.5, 18.5, -5],
					"rotation": [0, 180, 0],
					"cubes": [
						{"origin": [-5, 19, -5], "size": [1, 0.5, 3.5], "pivot": [-4.5, 17, -5], "rotation": [0, -90, 0], "uv": [72, 110]},
						{"origin": [-4.7, 17, -1.9], "size": [0.4, 3, 0.8], "pivot": [-4.5, 17, -5], "rotation": [0, -90, 0], "uv": [7, 90]},
						{"origin": [-8.2, 17, -5.4], "size": [0.4, 3, 0.8], "pivot": [-8, 18.5, -5], "rotation": [0, -45, 0], "uv": [7, 90]},
						{"origin": [-8.2, 17, -5.4], "size": [0.4, 3, 0.8], "pivot": [-8, 18.5, -5], "rotation": [0, -135, 0], "uv": [7, 90]},
						{"origin": [-8.2, 17, -5.4], "size": [0.4, 3, 0.8], "uv": [7, 90]}
					]
				},
				{
					"name": "bone29X5",
					"parent": "bone36",
					"pivot": [-4.5, 17, -5],
					"cubes": [
						{"origin": [-4.6, 15, -1.6], "size": [0.2, 3, 0.2], "pivot": [-4.5, 17, -5], "rotation": [0, -90, 0], "uv": [7, 90]}
					]
				},
				{
					"name": "bone37",
					"parent": "clu2",
					"pivot": [-4.5, 18.5, -5],
					"rotation": [0, 90, 0],
					"cubes": [
						{"origin": [-5, 19, -5], "size": [1, 0.5, 3.5], "pivot": [-4.5, 17, -5], "rotation": [0, -90, 0], "uv": [72, 110]},
						{"origin": [-4.7, 17, -1.9], "size": [0.4, 3, 0.8], "pivot": [-4.5, 17, -5], "rotation": [0, -90, 0], "uv": [7, 90]},
						{"origin": [-8.2, 17, -5.4], "size": [0.4, 3, 0.8], "pivot": [-8, 18.5, -5], "rotation": [0, -45, 0], "uv": [7, 90]},
						{"origin": [-8.2, 17, -5.4], "size": [0.4, 3, 0.8], "pivot": [-8, 18.5, -5], "rotation": [0, -135, 0], "uv": [7, 90]},
						{"origin": [-8.2, 17, -5.4], "size": [0.4, 3, 0.8], "uv": [7, 90]}
					]
				},
				{
					"name": "bone29X6",
					"parent": "bone37",
					"pivot": [-4.5, 17, -5],
					"cubes": [
						{"origin": [-4.6, 15, -1.6], "size": [0.2, 3, 0.2], "pivot": [-4.5, 17, -5], "rotation": [0, -90, 0], "uv": [7, 90]}
					]
				},
				{
					"name": "RightHandLocator",
					"parent": "RightHand",
					"pivot": [-5.38616, 18.66654, 0.025],
					"cubes": [
						{"origin": [-5.66116, 18.16654, -0.475], "size": [0.9, 0.9, 0.9], "uv": [38, 48]}
					]
				},
				{
					"name": "AK12",
					"parent": "RightHand",
					"pivot": [-4.5, 17, -3.5],
					"cubes": [
						{"origin": [-5, 15.9, -5.5], "size": [1, 1.25, 4], "pivot": [-5, 16.5, -3.5], "rotation": [10, 0, 0], "uv": [94, 33]},
						{"origin": [-5, 16, -2], "size": [1, 1.15, 0.5], "pivot": [-5, 16.5, -3.5], "rotation": [2.5, 0, 0], "uv": [97, 36]},
						{"origin": [-5, 16.15, -3.5], "size": [1, 1, 1.7], "pivot": [-5, 16.5, -3.5], "rotation": [-5, 0, 0], "uv": [98, 37]},
						{"origin": [-5, 16, -4.5], "size": [1, 1.5, 0.5], "pivot": [-5, 16.5, -3.5], "rotation": [5, 0, 0], "uv": [96, 35]},
						{"origin": [-5, 14.5, -3.7], "size": [1, 1.5, 0.2], "uv": [97, 36]},
						{"origin": [-5, 14, -4.7], "size": [1, 0.5, 1.2], "uv": [96, 35]},
						{"origin": [-5, 12.5, -6.5], "size": [1, 4, 2], "uv": [73, 116]},
						{"origin": [-5, 17.5, -5.5], "size": [1, 6, 1], "uv": [74, 117]},
						{"origin": [-5, 22, -5.5], "size": [1, 1.5, 2.5], "uv": [73, 116]},
						{"origin": [-5, 21.5, -5.5], "size": [1, 0.2, 2.5], "pivot": [-4.5, 22.1, -4], "rotation": [17.5, 0, 0], "uv": [73, 116]},
						{"origin": [-5, 5.5, -6.5], "size": [1, 2.5, 2], "uv": [73, 116]},
						{"origin": [-5, 8, -6.5], "size": [1, 2.5, 1.5], "uv": [74, 117]},
						{"origin": [-5.1, 8, -6.7], "size": [1.2, 0.5, 0.5], "uv": [75, 118]},
						{"origin": [-5.1, 8.5, -6.8], "size": [1.2, 0.2, 0.5], "uv": [76, 119]},
						{"origin": [-5, 8.5, -6.5], "size": [1, 2, 1], "uv": [75, 118]},
						{"origin": [-4.9, 10.5, -6.5], "size": [0.8, 4, 2], "uv": [74, 116]},
						{"origin": [-5, 8.5, -6.5], "size": [1, 4, 0.2], "uv": [75, 118]},
						{"origin": [-5, 5.5, -6.5], "size": [1, 2.5, 0.2], "uv": [75, 118]},
						{"origin": [-5, 12.5, -6.3], "size": [1, 1, 1], "pivot": [-5, 12.5, -5.5], "rotation": [12.5, 0, 0], "uv": [74, 117]},
						{"origin": [-5, 15.2, -6.5], "size": [1, 2.025, 1], "uv": [74, 117]},
						{"origin": [-5, 16.3, -6.6], "size": [1, 0.1, 1], "uv": [74, 117]},
						{"origin": [-5.1, 12.5, -5.5], "size": [1.2, 5, 1], "uv": [74, 117]},
						{"origin": [-5.1, 10.5, -5.5], "size": [1.2, 2, 1], "uv": [74, 117]},
						{"origin": [-5, 5.5, -5.5], "size": [1, 5, 1], "uv": [75, 117]},
						{"origin": [-4.7, 0.5, -5.1], "size": [0.4, 5, 0.4], "uv": [77, 118]},
						{"origin": [-4.7, 3, -5.9], "size": [0.4, 2.5, 0.4], "uv": [77, 118]},
						{"origin": [-4.6, 3, -5.7], "size": [0.2, 1, 0.8], "pivot": [-4.5, 3.5, -5.35], "rotation": [-15, 0, 0], "uv": [78, 118]},
						{"origin": [-4.7, -1.5, -5.1], "size": [0.4, 5, 0.4], "uv": [77, 118]},
						{"origin": [-4.7, -2.5, -5.1], "size": [0.4, 5, 0.4], "uv": [77, 118]},
						{"origin": [-4.7, -0.7, -7.1], "size": [0.4, 0.5, 2.4], "uv": [75, 116]},
						{"origin": [-4.7, -0.5, -7.1], "size": [0.4, 0.5, 2.4], "pivot": [-4.5, -0.25, -5.9], "rotation": [12.5, 0, 0], "uv": [75, 116]},
						{"origin": [-4.8, 2.5, -5.2], "size": [0.6, 1.5, 0.6], "uv": [77, 118]},
						{"origin": [-4.8, -1.5, -5.2], "size": [0.6, 0.5, 0.6], "uv": [77, 118]},
						{"origin": [-4.8, 3, -6], "size": [0.6, 1.5, 0.6], "uv": [77, 118]},
						{"origin": [-5.1, 6.5, -5.5], "size": [1.2, 4, 0.1], "uv": [75, 118]},
						{"origin": [-5.1, 6.5, -5.3], "size": [1.2, 4, 0.1], "uv": [75, 118]},
						{"origin": [-5.1, 6.5, -5.1], "size": [1.2, 4, 0.1], "uv": [75, 118]},
						{"origin": [-5, 16.175, -6.05], "size": [1, 1, 1], "pivot": [-5, 15.5, -6.5], "rotation": [15, 0, 0], "uv": [74, 117]}
					]
				},
				{
					"name": "bone33",
					"parent": "AK12",
					"pivot": [-5, 12.5, -5.5],
					"cubes": [
						{"origin": [-5, 15.9, -6.6], "size": [1, 0.1, 1], "uv": [74, 117]},
						{"origin": [-5, 15.5, -6.6], "size": [1, 0.1, 1], "uv": [74, 117]}
					]
				},
				{
					"name": "bone41",
					"parent": "AK12",
					"pivot": [-5, 11.5, -5.5],
					"cubes": [
						{"origin": [-5, 14.3, -6.6], "size": [1, 0.1, 1], "uv": [74, 117]},
						{"origin": [-5, 15.1, -6.6], "size": [1, 0.1, 1], "uv": [74, 117]},
						{"origin": [-5, 14.7, -6.6], "size": [1, 0.1, 1], "uv": [74, 117]}
					]
				},
				{
					"name": "bone42",
					"parent": "AK12",
					"pivot": [-5, 10.5, -5.5],
					"cubes": [
						{"origin": [-5, 13.9, -6.6], "size": [1, 0.1, 1], "uv": [74, 117]},
						{"origin": [-5, 13.5, -6.6], "size": [1, 0.1, 1], "uv": [74, 117]},
						{"origin": [-5, 13.1, -6.6], "size": [1, 0.1, 1], "uv": [74, 117]}
					]
				},
				{
					"name": "bone44",
					"parent": "AK12",
					"pivot": [-5, 8.5, -5.5],
					"cubes": [
						{"origin": [-5, 11.9, -6.6], "size": [1, 0.1, 1], "uv": [74, 117]},
						{"origin": [-5, 11.5, -6.6], "size": [1, 0.1, 1], "uv": [74, 117]},
						{"origin": [-5, 11.1, -6.6], "size": [1, 0.1, 1], "uv": [74, 117]},
						{"origin": [-5, 10.7, -6.6], "size": [1, 0.1, 1], "uv": [74, 117]},
						{"origin": [-5, 10.3, -6.6], "size": [1, 0.1, 1], "uv": [74, 117]}
					]
				},
				{
					"name": "bone47",
					"parent": "AK12",
					"pivot": [-5, 4.5, -3.5],
					"cubes": [
						{"origin": [-5, 7.9, -5.4], "size": [1, 0.1, 1], "uv": [74, 117]},
						{"origin": [-5, 7.5, -5.4], "size": [1, 0.1, 1], "uv": [74, 117]},
						{"origin": [-5, 7.1, -5.4], "size": [1, 0.1, 1], "uv": [74, 117]},
						{"origin": [-5, 6.7, -5.4], "size": [1, 0.1, 1], "uv": [74, 117]},
						{"origin": [-5, 6.3, -5.4], "size": [1, 0.1, 1], "uv": [74, 117]}
					]
				},
				{
					"name": "bone48",
					"parent": "AK12",
					"pivot": [-5, 6.5, -3.5],
					"cubes": [
						{"origin": [-5, 9.9, -5.4], "size": [1, 0.1, 1], "uv": [74, 117]},
						{"origin": [-5, 9.5, -5.4], "size": [1, 0.1, 1], "uv": [74, 117]},
						{"origin": [-5, 9.1, -5.4], "size": [1, 0.1, 1], "uv": [74, 117]},
						{"origin": [-5, 8.7, -5.4], "size": [1, 0.1, 1], "uv": [74, 117]},
						{"origin": [-5, 8.3, -5.4], "size": [1, 0.1, 1], "uv": [74, 117]}
					]
				},
				{
					"name": "bone46",
					"parent": "AK12",
					"pivot": [-5, 4.5, -5.5],
					"cubes": [
						{"origin": [-5, 7.9, -6.6], "size": [1, 0.1, 1], "uv": [74, 117]},
						{"origin": [-5, 7.5, -6.6], "size": [1, 0.1, 1], "uv": [74, 117]},
						{"origin": [-5, 7.1, -6.6], "size": [1, 0.1, 1], "uv": [74, 117]},
						{"origin": [-5, 6.7, -6.6], "size": [1, 0.1, 1], "uv": [74, 117]},
						{"origin": [-5, 6.3, -6.6], "size": [1, 0.1, 1], "uv": [74, 117]}
					]
				},
				{
					"name": "bone45",
					"parent": "AK12",
					"pivot": [-5, 6.5, -5.5],
					"cubes": [
						{"origin": [-5, 9.9, -6.6], "size": [1, 0.1, 1], "uv": [74, 117]},
						{"origin": [-5, 9.5, -6.6], "size": [1, 0.1, 1], "uv": [74, 117]},
						{"origin": [-5, 9.1, -6.6], "size": [1, 0.1, 1], "uv": [74, 117]}
					]
				},
				{
					"name": "bone43",
					"parent": "AK12",
					"pivot": [-5, 9.5, -5.5],
					"cubes": [
						{"origin": [-5, 12.7, -6.6], "size": [1, 0.1, 1], "uv": [74, 117]},
						{"origin": [-5, 12.3, -6.6], "size": [1, 0.1, 1], "uv": [74, 117]}
					]
				},
				{
					"name": "BladeLocator",
					"parent": "RightHand",
					"pivot": [-5.38616, 18.66654, 0.025]
				},
				{
					"name": "bone26",
					"parent": "RightHand",
					"pivot": [-4.125, 22.575, 0.025],
					"cubes": [
						{
							"origin": [-7.125, 17.575, -4.975],
							"size": [1, 13, 10],
							"uv": {
								"north": {"uv": [123, 108], "uv_size": [-1, 1]},
								"east": {"uv": [124, 108], "uv_size": [-1, 1]},
								"south": {"uv": [125, 108], "uv_size": [-1, 1]},
								"west": {"uv": [122, 108], "uv_size": [-1, 1]},
								"up": {"uv": [123, 107], "uv_size": [-1, 1]},
								"down": {"uv": [124, 108], "uv_size": [-1, -1]}
							}
						},
						{"origin": [-7.425, 30.575, -4.975], "size": [1.3, 0.5, 13], "uv": [59, 112], "mirror": true},
						{"origin": [-7.425, 30.575, 2.525], "size": [1.3, 0.5, 13], "uv": [57, 115], "mirror": true},
						{"origin": [-7.425, 17.075, 2.525], "size": [1.3, 0.5, 13], "uv": [66, 113], "mirror": true},
						{"origin": [-7.425, 17.075, -5.2], "size": [1.3, 0.5, 14], "uv": [61, 111], "mirror": true},
						{
							"origin": [-7.125, 17.75297, -5.22679],
							"size": [1, 2.5, 2],
							"pivot": [-6.625, 19.00297, -4.22679],
							"rotation": [10, 0, 0],
							"uv": {
								"north": {"uv": [123, 108], "uv_size": [-1, 1]},
								"east": {"uv": [124, 108], "uv_size": [-1, 1]},
								"south": {"uv": [125, 108], "uv_size": [-1, 1]},
								"west": {"uv": [122, 108], "uv_size": [-1, 1]},
								"up": {"uv": [123, 107], "uv_size": [-1, 1]},
								"down": {"uv": [124, 108], "uv_size": [-1, -1]}
							}
						},
						{
							"origin": [-7.125, 27.8753, -5.28268],
							"size": [1, 2.5, 2],
							"pivot": [-6.625, 29.00297, -4.22679],
							"rotation": [-10, 0, 0],
							"uv": {
								"north": {"uv": [123, 108], "uv_size": [-1, 1]},
								"east": {"uv": [124, 108], "uv_size": [-1, 1]},
								"south": {"uv": [125, 108], "uv_size": [-1, 1]},
								"west": {"uv": [122, 108], "uv_size": [-1, 1]},
								"up": {"uv": [123, 107], "uv_size": [-1, 1]},
								"down": {"uv": [124, 108], "uv_size": [-1, -1]}
							}
						},
						{
							"origin": [-7.125, 20.575, -11.975],
							"size": [1, 7, 3],
							"uv": {
								"north": {"uv": [123, 108], "uv_size": [-1, 1]},
								"east": {"uv": [124, 108], "uv_size": [-1, 1]},
								"south": {"uv": [125, 108], "uv_size": [-1, 1]},
								"west": {"uv": [122, 108], "uv_size": [-1, 1]},
								"up": {"uv": [123, 107], "uv_size": [-1, 1]},
								"down": {"uv": [124, 108], "uv_size": [-1, -1]}
							}
						},
						{"origin": [-7.425, 20.575, -12.475], "size": [1.3, 7, 0.5], "uv": [78, 116], "mirror": true},
						{"origin": [-7.425, 20.575, -9.475], "size": [1.3, 7, 1], "uv": [70, 113], "mirror": true},
						{"origin": [-7.425, 20.575, -5.475], "size": [1.3, 7, 1], "uv": [70, 114], "mirror": true},
						{"origin": [-7.425, 20.075, -9.475], "size": [1.3, 1, 5], "uv": [70, 113], "mirror": true},
						{"origin": [-7.425, 27.075, -9.475], "size": [1.3, 1, 5], "uv": [66, 118], "mirror": true},
						{
							"origin": [-7.125, 19.575, -10.975],
							"size": [1, 1, 6],
							"uv": {
								"north": {"uv": [123, 108], "uv_size": [-1, 1]},
								"east": {"uv": [124, 108], "uv_size": [-1, 1]},
								"south": {"uv": [125, 108], "uv_size": [-1, 1]},
								"west": {"uv": [122, 108], "uv_size": [-1, 1]},
								"up": {"uv": [123, 107], "uv_size": [-1, 1]},
								"down": {"uv": [124, 108], "uv_size": [-1, -1]}
							}
						},
						{
							"origin": [-7.125, 27.575, -10.975],
							"size": [1, 1, 6],
							"uv": {
								"north": {"uv": [123, 108], "uv_size": [-1, 1]},
								"east": {"uv": [124, 108], "uv_size": [-1, 1]},
								"south": {"uv": [125, 108], "uv_size": [-1, 1]},
								"west": {"uv": [122, 108], "uv_size": [-1, 1]},
								"up": {"uv": [123, 107], "uv_size": [-1, 1]},
								"down": {"uv": [124, 108], "uv_size": [-1, -1]}
							}
						},
						{
							"origin": [-7.125, 27.9875, -11.375],
							"size": [1, 1, 1.4],
							"pivot": [-6.125, 27.575, -9.975],
							"rotation": [45, 0, 0],
							"uv": {
								"north": {"uv": [123, 108], "uv_size": [-1, 1]},
								"east": {"uv": [124, 108], "uv_size": [-1, 1]},
								"south": {"uv": [125, 108], "uv_size": [-1, 1]},
								"west": {"uv": [122, 108], "uv_size": [-1, 1]},
								"up": {"uv": [123, 107], "uv_size": [-1, 1]},
								"down": {"uv": [124, 108], "uv_size": [-1, -1]}
							}
						},
						{
							"origin": [-7.125, 20.5875, -11.3875],
							"size": [1, 1.4, 1],
							"pivot": [-6.125, 20.575, -9.975],
							"rotation": [45, 0, 0],
							"uv": {
								"north": {"uv": [123, 108], "uv_size": [-1, 1]},
								"east": {"uv": [124, 108], "uv_size": [-1, 1]},
								"south": {"uv": [125, 108], "uv_size": [-1, 1]},
								"west": {"uv": [122, 108], "uv_size": [-1, 1]},
								"up": {"uv": [123, 107], "uv_size": [-1, 1]},
								"down": {"uv": [124, 108], "uv_size": [-1, -1]}
							}
						},
						{
							"origin": [-7.125, 17.575, 5.025],
							"size": [1, 13, 10],
							"uv": {
								"north": {"uv": [123, 108], "uv_size": [-1, 1]},
								"east": {"uv": [124, 108], "uv_size": [-1, 1]},
								"south": {"uv": [125, 108], "uv_size": [-1, 1]},
								"west": {"uv": [122, 108], "uv_size": [-1, 1]},
								"up": {"uv": [123, 107], "uv_size": [-1, 1]},
								"down": {"uv": [124, 108], "uv_size": [-1, -1]}
							}
						},
						{
							"origin": [-7.725, 22.575, 14.025],
							"size": [1, 2, 1.5],
							"uv": {
								"north": {"uv": [123, 108], "uv_size": [-1, 1]},
								"east": {"uv": [124, 108], "uv_size": [-1, 1]},
								"south": {"uv": [125, 108], "uv_size": [-1, 1]},
								"west": {"uv": [122, 108], "uv_size": [-1, 1]},
								"up": {"uv": [123, 107], "uv_size": [-1, 1]},
								"down": {"uv": [124, 108], "uv_size": [-1, -1]}
							}
						},
						{"origin": [-7.425, 19.575, 9.025], "size": [1, 1.5, 1.5], "uv": [6, 85], "mirror": true},
						{"origin": [-7.425, 27.575, 9.025], "size": [1, 1.5, 1.5], "uv": [6, 89], "mirror": true},
						{"origin": [-7.425, 17.575, 15.025], "size": [1, 13, 0.5], "uv": [68, 115], "mirror": true}
					]
				},
				{
					"name": "bone19",
					"parent": "bone26",
					"pivot": [-6.625, 29.00297, -5.22679],
					"cubes": [
						{"origin": [-7.425, 28.575, -10.975], "size": [1.3, 0.5, 5.6], "uv": [73, 117], "mirror": true},
						{"origin": [-7.425, 26.975, -13.02], "size": [1.3, 2, 0.5], "pivot": [-6.125, 26.575, -11.975], "rotation": [-45, 0, 0], "uv": [79, 117], "mirror": true},
						{"origin": [-7.425, 28.5753, -5.7827], "size": [1.3, 2.5, 0.5], "pivot": [-6.625, 29.00297, -5.22679], "rotation": [-10, 0, 0], "uv": [75, 119], "mirror": true}
					]
				},
				{
					"name": "bone20",
					"parent": "bone26",
					"pivot": [-6.625, 19.103, -5.22679],
					"rotation": [0, 0, 180],
					"cubes": [
						{"origin": [-7.125, 18.575, -10.975], "size": [1.3, 0.5, 5.6], "uv": [77, 117], "mirror": true},
						{"origin": [-7.125, 16.975, -13.02], "size": [1.3, 2, 0.5], "pivot": [-6.125, 16.575, -11.975], "rotation": [-45, 0, 0], "uv": [80, 123], "mirror": true},
						{"origin": [-7.125, 18.5753, -5.7827], "size": [1.3, 2.5, 0.5], "pivot": [-6.625, 19.00297, -5.22679], "rotation": [-10, 0, 0], "uv": [71, 118], "mirror": true}
					]
				},
				{
					"name": "KNIFES3",
					"parent": "RightHand",
					"pivot": [-5.125, 25.075, 0.025],
					"cubes": [
						{"origin": [-5.125, 18.075, -2.975], "size": [0.75, 1.2, 6], "uv": [7, 14], "mirror": true},
						{"origin": [-5.125, 17.275, -2.975], "size": [0.75, 2.4, 0.45], "uv": [14, 20], "mirror": true},
						{"origin": [-4.825, 17.475, -6.975], "size": [0.35, 1.8, 4], "uv": [76, 105], "mirror": true},
						{"origin": [-4.875, 17.475, -3.975], "size": [0.45, 1.8, 1], "uv": [79, 108], "mirror": true},
						{"origin": [-4.875, 17.475, -6.975], "size": [0.45, 0.9, 3], "uv": [77, 106], "mirror": true},
						{"origin": [-4.875, 18.275, -6.975], "size": [0.45, 0.1, 4], "uv": [76, 105], "mirror": true},
						{"origin": [-4.875, 18.275, -10.975], "size": [0.45, 0.1, 4], "uv": [76, 105], "mirror": true},
						{"origin": [-4.875, 18.275, -14.975], "size": [0.45, 0.1, 4], "uv": [76, 105], "mirror": true},
						{"origin": [-4.875, 18.275, -18.975], "size": [0.45, 0.1, 4], "uv": [76, 105], "mirror": true},
						{"origin": [-4.825, 17.475, -10.975], "size": [0.35, 1.8, 4], "uv": [76, 105], "mirror": true},
						{"origin": [-4.825, 17.475, -13.975], "size": [0.35, 1.8, 4], "uv": [76, 105], "mirror": true},
						{"origin": [-4.825, 17.475, -16.975], "size": [0.35, 1.8, 4], "uv": [76, 105], "mirror": true},
						{"origin": [-4.825, 17.475, -17.975], "size": [0.35, 1.8, 1], "uv": [79, 108], "mirror": true},
						{"origin": [-5.125, 17.275, 3.025], "size": [0.75, 2, 0.5], "uv": [13, 20], "mirror": true},
						{"origin": [-5.125, 18.275, 3.525], "size": [0.75, 1, 0.35], "uv": [15, 22], "mirror": true},
						{"origin": [-5.125, 17.275, 3.525], "size": [0.75, 1.05, 0.5], "pivot": [-4.75, 18.775, 3.775], "rotation": [-17.5, 0, 0], "uv": [13, 20], "mirror": true}
					]
				},
				{
					"name": "bone51",
					"parent": "KNIFES3",
					"pivot": [-4.65, 18.3235, -18.1265],
					"cubes": [
						{"origin": [-4.825, 17.67, -18.77], "size": [0.35, 1.3, 1], "pivot": [-4.65, 18.3235, -18.1265], "rotation": [60, 0, 0], "uv": [82, 111], "mirror": true},
						{"origin": [-4.825, 17.67, -18.87], "size": [0.35, 1.3, 0.8], "pivot": [-4.65, 18.3235, -18.1265], "rotation": [-60, 0, 0], "uv": [83, 112], "mirror": true},
						{"origin": [-4.825, 18.0775, -19.205], "size": [0.35, 0.4, 0.5], "pivot": [-4.65, 18.375, -18.875], "rotation": [-45, 0, 0], "uv": [80, 109], "mirror": true}
					]
				},
				{
					"name": "RightForeArm2",
					"parent": "RightForeArm",
					"pivot": [-7.28616, 24.09154, 0.025]
				},
				{
					"name": "bl2",
					"parent": "UpBody",
					"pivot": [0, 24, 0],
					"cubes": [
						{"origin": [-4.2, 24, -2.5], "size": [2.2, 2, 2], "uv": [50, 81]},
						{"origin": [-4.3, 24, -2.6], "size": [3.2, 3, 2], "uv": [49, 81]},
						{"origin": [-2, 24, -2.5], "size": [2, 2, 2], "uv": [52, 81]},
						{"origin": [-1, 25, -2.5], "size": [2, 4, 2], "uv": [73, 90]},
						{"origin": [-4.2, 26, -2.5], "size": [4, 2, 2], "uv": [72, 88]},
						{"origin": [-4.2, 28, -2.5], "size": [4, 2, 2], "uv": [49, 80]},
						{"origin": [-4.2, 29, -2.5], "size": [3, 2, 2], "pivot": [-2.2, 29, -1.5], "rotation": [0, 0, 37.5], "uv": [49, 80]},
						{"origin": [-4.2, 30, -2.5], "size": [2, 2, 5], "uv": [49, 79]},
						{"origin": [-4.2, 31, -2.5], "size": [2, 2, 5], "uv": [71, 86]},
						{"origin": [-3.7, 29.1, -2.8], "size": [1.5, 4, 5], "uv": [50, 80]},
						{"origin": [-2.7, 30.1, -2.8], "size": [4.5, 0.5, 5], "uv": [45, 80]},
						{"origin": [-0.7, 30.1, -2.9], "size": [1, 0.5, 5], "uv": [110, 36]},
						{"origin": [-3.3, 25.1, -2.8], "size": [0.7, 5, 5], "uv": [85, 84]},
						{"origin": [-3.3, 30.2, -2.9], "size": [0.7, 3, 5], "uv": [110, 34]},
						{"origin": [-3.6, 26.1, -2.8], "size": [7, 0.7, 5], "uv": [66, 84]},
						{"origin": [-0.6, 26.1, -2.98], "size": [1, 0.7, 5], "uv": [112, 43]},
						{"origin": [-3.6, 24.7, -2.8], "size": [7, 1, 5], "uv": [64, 84]},
						{"origin": [-2.6, 23.2, -3.3], "size": [2, 2, 1], "uv": [102, 6]},
						{"origin": [-2.6, 23.7, -3.3], "size": [1, 2, 1], "uv": [103, 6]},
						{"origin": [-3.3, 23.5, -3.1], "size": [1, 2, 1], "pivot": [-3.1, 24.7, -2.6], "rotation": [0, 0, -10], "uv": [103, 6]},
						{"origin": [-0.8, 24.7, -2.98], "size": [1.5, 1, 5], "uv": [109, 39]},
						{"origin": [1.8, 31, -2.5], "size": [2, 2, 5], "uv": [100, 7]},
						{"origin": [-4.2, 28, 0.5], "size": [4, 3.5, 2], "uv": [50, 80]},
						{"origin": [-4.2, 24, 0.5], "size": [4, 4, 2], "uv": [69, 87]},
						{"origin": [-4.2, 23, -2.5], "size": [4, 1, 5], "uv": [71, 88]},
						{"origin": [2, 24, -2.5], "size": [2.2, 2, 2], "uv": [52, 81], "mirror": true},
						{"origin": [0, 24, -2.5], "size": [2, 2, 2], "uv": [72, 85], "mirror": true},
						{"origin": [0.2, 28, -2.5], "size": [4, 2, 2], "uv": [72, 94], "mirror": true},
						{"origin": [2.2, 30, -2.5], "size": [2, 2, 5], "uv": [73, 86], "mirror": true},
						{"origin": [0.2, 28, 0.5], "size": [4, 3.5, 2], "uv": [50, 79], "mirror": true},
						{"origin": [2.5, 26, 0.7], "size": [0.7, 6.5, 2], "pivot": [2.7, 29.75, 2], "rotation": [0, 0, -17.5], "uv": [115, 43], "mirror": true},
						{"origin": [1.5, 26, 0.7], "size": [0.7, 5.5, 2], "uv": [115, 43], "mirror": true},
						{"origin": [1.5, 26, 0.8], "size": [0.7, 1, 2], "uv": [94, 34], "mirror": true},
						{"origin": [0.2, 24, 0.5], "size": [4, 4, 2], "uv": [66, 81], "mirror": true},
						{"origin": [-0.8, 23, -2.5], "size": [5, 1, 5], "uv": [61, 84], "mirror": true},
						{"origin": [-3.8, 24, -2], "size": [8, 1, 5], "uv": [102, 38], "mirror": true},
						{"origin": [-3.8, 24, -2.25], "size": [8, 2, 5], "uv": [52, 81], "mirror": true},
						{"origin": [0.1, 23, -2.15], "size": [0.1, 3, 5], "uv": [92, 30], "mirror": true},
						{"origin": [3.1, 23, -2.15], "size": [0.1, 3, 5], "uv": [92, 30], "mirror": true},
						{"origin": [-0.9, 23, -2.15], "size": [0.1, 3, 5], "uv": [92, 30], "mirror": true},
						{"origin": [-1.9, 23, -2.15], "size": [0.1, 3, 5], "uv": [92, 30], "mirror": true},
						{"origin": [-2.9, 23, -2.15], "size": [0.1, 3, 5], "uv": [92, 30], "mirror": true},
						{"origin": [1.1, 23, -2.15], "size": [0.1, 3, 5], "uv": [92, 30], "mirror": true},
						{"origin": [2.1, 23, -2.15], "size": [0.1, 3, 5], "uv": [92, 30], "mirror": true},
						{"origin": [-4.8, 23, 1.5], "size": [2, 4, 2], "uv": [49, 22], "mirror": true},
						{"origin": [-4.9, 25, 2.2], "size": [0.1, 1, 1], "uv": [39, 27], "mirror": true},
						{"origin": [-4.3, 24.2, 1.7], "size": [1, 3, 2], "uv": [50, 22], "mirror": true},
						{"origin": [-4.3, 27.2, 1.7], "size": [1, 1, 1], "uv": [8, 84], "mirror": true},
						{"origin": [-4.1, 24.2, 1.8], "size": [0.6, 0.6, 2], "uv": [6, 36], "mirror": true},
						{"origin": [-4.1, 25.2, 1.8], "size": [0.6, 0.6, 2], "uv": [6, 36], "mirror": true},
						{"origin": [-4.1, 26.2, 1.8], "size": [0.6, 0.6, 2], "uv": [6, 36], "mirror": true},
						{"origin": [-1.8, 24, -2.5], "size": [5, 6, 5], "uv": [61, 82], "mirror": true},
						{"origin": [1.1, 26, -2.4], "size": [0.1, 4, 5], "uv": [93, 26], "mirror": true},
						{"origin": [3.1, 26, -2.4], "size": [0.1, 4, 5], "uv": [93, 26], "mirror": true},
						{"origin": [0.1, 26, -2.4], "size": [0.1, 4, 5], "uv": [93, 26], "mirror": true},
						{"origin": [-0.9, 26, -2.4], "size": [0.1, 4, 5], "uv": [93, 26], "mirror": true},
						{"origin": [-2.9, 26, -2.4], "size": [0.1, 4, 5], "uv": [93, 26], "mirror": true},
						{"origin": [2.1, 27, -2.6], "size": [0.1, 3, 1], "uv": [95, 31], "mirror": true},
						{"origin": [1.1, 27, -2.6], "size": [0.1, 3, 1], "uv": [99, 32], "mirror": true},
						{"origin": [0.1, 27, -2.6], "size": [0.1, 3, 1], "uv": [96, 33], "mirror": true},
						{"origin": [-0.9, 27, -2.6], "size": [0.1, 3, 1], "uv": [98, 33], "mirror": true},
						{"origin": [-1.9, 27, -2.6], "size": [0.1, 3, 1], "uv": [98, 33], "mirror": true},
						{"origin": [-2.9, 27, -2.6], "size": [0.1, 3, 1], "uv": [98, 33], "mirror": true},
						{"origin": [0.2, 26, -2.5], "size": [4, 2, 2], "uv": [82, 85], "mirror": true},
						{"origin": [1.95, 23, -2], "size": [2.75, 2, 1], "uv": [104, 11], "mirror": true},
						{"origin": [1.2, 29, -2.5], "size": [3, 2, 2], "pivot": [2.2, 29, -1.5], "rotation": [0, 0, -37.5], "uv": [51, 82], "mirror": true},
						{"origin": [2.2, 29.1, -2.8], "size": [1.5, 4, 5], "uv": [76, 85], "mirror": true},
						{"origin": [2.6, 25.1, -2.8], "size": [0.7, 6, 5], "uv": [85, 84], "mirror": true},
						{"origin": [1.1, 24, -2.6], "size": [3.2, 3, 2], "uv": [49, 81], "mirror": true},
						{"origin": [2.6, 30.2, -2.9], "size": [0.7, 3, 5], "uv": [110, 34], "mirror": true},
						{"origin": [2, 28.2, -3.9], "size": [1.5, 2.5, 1], "uv": [114, 38], "mirror": true},
						{"origin": [1.3, 31.2, -3.9], "size": [1.5, 1, 1], "pivot": [2.75, 31.7, -3.4], "rotation": [0, 0, -22.5], "uv": [114, 38], "mirror": true},
						{"origin": [-3.6, 29.2, -3.4], "size": [1.1, 2.5, 0.5], "uv": [116, 39]},
						{"origin": [-3.55, 30, -3.5], "size": [1, 1.5, 0.5], "uv": [72, 90]},
						{"origin": [-2.2, 26, 0.7], "size": [0.7, 5.5, 2], "uv": [115, 43]},
						{"origin": [-2.5, 29, 1.2], "size": [1, 2, 2], "pivot": [-2, 30, 2.2], "rotation": [0, 0, -15], "uv": [48, 79]},
						{"origin": [-2.4, 29, 2.7], "size": [0.1, 2, 0.1], "pivot": [-3, 30, 4.2], "rotation": [0, 0, -15], "uv": [96, 8]},
						{"origin": [-3.2, 26, 0.7], "size": [0.7, 6.5, 2], "pivot": [-2.7, 29.75, 2], "rotation": [0, 0, 17.5], "uv": [115, 43]},
						{"origin": [-2.2, 26, 0.8], "size": [0.7, 1, 2], "uv": [94, 34]}
					]
				},
				{
					"name": "bone38",
					"parent": "bl2",
					"pivot": [1.2, 29.2, -3.1],
					"cubes": [
						{"origin": [1.2, 29.2, -2.9], "size": [0.1, 4.2, 0.1], "pivot": [1.2, 29.2, -3.1], "rotation": [0, 37.5, 0], "uv": [19, 86], "mirror": true},
						{"origin": [1.1, 28.2, -3], "size": [0.9, 1.5, 0.6], "pivot": [1.2, 29.2, -3.1], "rotation": [0, 37.5, 0], "uv": [51, 79], "mirror": true},
						{"origin": [1.8, 29.3, -3.1], "size": [0.1, 0.1, 0.1], "pivot": [1.2, 30.2, -3.1], "rotation": [0, 37.5, 0], "uv": [9, 89], "mirror": true},
						{"origin": [1.2, 28.3, -3.1], "size": [0.1, 0.1, 0.1], "pivot": [1.2, 29.2, -3.1], "rotation": [0, 37.5, 0], "uv": [9, 89], "mirror": true},
						{"origin": [1.2, 29.3, -3.1], "size": [0.1, 0.1, 0.1], "pivot": [1.2, 30.2, -3.1], "rotation": [0, 37.5, 0], "uv": [9, 89], "mirror": true},
						{"origin": [1.8, 28.3, -3.1], "size": [0.1, 0.1, 0.1], "pivot": [1.2, 29.2, -3.1], "rotation": [0, 37.5, 0], "uv": [9, 89], "mirror": true}
					]
				},
				{
					"name": "bone39",
					"parent": "bl2",
					"pivot": [0, 0, 0],
					"cubes": [
						{"origin": [2.9, 31, -3.5], "size": [0.3, 2, 0.3], "uv": [8, 86], "mirror": true},
						{"origin": [2.2, 28.2, -3.8], "size": [1.1, 3.5, 1], "uv": [50, 80], "mirror": true}
					]
				},
				{
					"name": "bone15",
					"parent": "bl2",
					"pivot": [-1, 5, 0],
					"cubes": [
						{"origin": [-1.4, 29.1, -2.3], "size": [2.8, 1, 5], "uv": [100, 0], "mirror": true},
						{
							"origin": [-1.4, 29.1, -2.3],
							"size": [2.8, 1, 5],
							"uv": {
								"north": {"uv": [113, 75], "uv_size": [-2, 1]},
								"east": {"uv": [118, 75], "uv_size": [-5, 1]},
								"south": {"uv": [5, 102], "uv_size": [37, 14]},
								"west": {"uv": [111, 75], "uv_size": [-5, 1]},
								"up": {"uv": [113, 70], "uv_size": [-2, 5]},
								"down": {"uv": [115, 75], "uv_size": [-2, -5]}
							}
						},
						{"origin": [-1.5, 29, -2.4], "size": [3, 1.2, 5], "uv": [44, 18], "mirror": true}
					]
				},
				{
					"name": "bone10",
					"parent": "bl2",
					"pivot": [0, 0, 0],
					"cubes": [
						{"origin": [-1.1, 24, -2.55], "size": [1.2, 3, 2], "uv": [94, 31]},
						{"origin": [-1, 24.1, -2.65], "size": [1, 2.8, 2], "uv": [72, 90]}
					]
				},
				{
					"name": "bone12",
					"parent": "bl2",
					"pivot": [1, 0, 0],
					"cubes": [
						{"origin": [-0.1, 24, -2.55], "size": [1.2, 3, 2], "uv": [94, 31]},
						{"origin": [0, 24.1, -2.65], "size": [1, 2.8, 2], "uv": [72, 90]}
					]
				},
				{
					"name": "bone8",
					"parent": "UpBody",
					"pivot": [4.91667, 25.83333, -2.325],
					"rotation": [0, 42.5, 0],
					"cubes": [
						{"origin": [4, 22.75, -3.325], "size": [1.5, 4.5, 2], "uv": [83, 94], "mirror": true},
						{"origin": [4.2, 25.75, -3.325], "size": [1.5, 1.5, 2], "uv": [83, 94], "mirror": true},
						{"origin": [4.3, 24.75, -2.625], "size": [1.5, 1.5, 0.6], "uv": [50, 82], "mirror": true}
					]
				},
				{
					"name": "bone11",
					"parent": "UpBody",
					"pivot": [4.91667, 24.83333, -2.325],
					"rotation": [0, 60, 0],
					"cubes": [
						{"origin": [4, 22.75, -4.825], "size": [1.5, 1.5, 1.5], "uv": [84, 95], "mirror": true},
						{"origin": [4.3, 23.05, -4.625], "size": [1.5, 1.2, 0.6], "uv": [50, 82], "mirror": true}
					]
				}
			]
		}
	]
}