{
	"format_version": "1.12.0",
	"minecraft:geometry": [
		{
			"description": {
				"identifier": "geometry.default",
				"texture_width": 256,
				"texture_height": 256,
				"visible_bounds_width": 6,
				"visible_bounds_height": 8,
				"visible_bounds_offset": [0, 2, 0],
				"ysm_extra_info": {
					"name": "艾尔莎",
					"tips": "哈↑哈↑",
					"authors": ["猫耳魂魄妖梦"],
					"extra_animation_names": ["滋水枪", "[原版]招手", "[原版]拍手", "[原版]点头", "[原版]摇头", "[原版]胜利姿势", "空", "扔水枪"]
				}
			},
			"bones": [
				{
					"name": "LeftArm",
					"pivot": [4.4, 28.1, 0],
					"cubes": [
						{
							"origin": [2.54776, 23.19371, -1.5],
							"size": [2.75, 3.1, 3.05],
							"pivot": [2.54776, 26.59371, -1.5],
							"rotation": [0, 0, -22],
							"uv": {
								"north": {"uv": [80, 28], "uv_size": [3, 3]},
								"east": {"uv": [30, 80], "uv_size": [3, 3]},
								"south": {"uv": [80, 31], "uv_size": [3, 3]},
								"west": {"uv": [33, 80], "uv_size": [3, 3]},
								"up": {"uv": [80, 37], "uv_size": [3, 3]},
								"down": {"uv": [80, 48], "uv_size": [3, -3]}
							}
						},
						{
							"origin": [3.96156, 23.19371, -1.5],
							"size": [2.75, 3.1, 3.05],
							"pivot": [6.71156, 26.59371, -1.5],
							"rotation": [0, 0, 22],
							"uv": {
								"north": {"uv": [51, 80], "uv_size": [3, 3]},
								"east": {"uv": [54, 80], "uv_size": [3, 3]},
								"south": {"uv": [80, 67], "uv_size": [3, 3]},
								"west": {"uv": [80, 70], "uv_size": [3, 3]},
								"up": {"uv": [73, 80], "uv_size": [3, 3]},
								"down": {"uv": [76, 83], "uv_size": [3, -3]}
							}
						},
						{
							"origin": [3.26, 23.09371, -0.7931],
							"size": [2.74, 3.2, 3.05],
							"pivot": [6.00466, 26.59371, 2.2569],
							"rotation": [-22, 0, 0],
							"uv": {
								"north": {"uv": [80, 76], "uv_size": [3, 3]},
								"east": {"uv": [79, 80], "uv_size": [3, 3]},
								"south": {"uv": [81, 40], "uv_size": [3, 3]},
								"west": {"uv": [81, 49], "uv_size": [3, 3]},
								"up": {"uv": [81, 61], "uv_size": [3, 3]},
								"down": {"uv": [81, 67], "uv_size": [3, -3]}
							}
						},
						{
							"origin": [3.84918, 26.31555, -1.5],
							"size": [2.75, 1.2, 3.05],
							"pivot": [6.59918, 26.31555, -1.5],
							"rotation": [0, 0, -22],
							"uv": {
								"north": {"uv": [113, 95], "uv_size": [3, 1]},
								"east": {"uv": [113, 96], "uv_size": [3, 1]},
								"south": {"uv": [113, 97], "uv_size": [3, 1]},
								"west": {"uv": [113, 98], "uv_size": [3, 1]},
								"up": {"uv": [81, 73], "uv_size": [3, 3]},
								"down": {"uv": [0, 85], "uv_size": [3, -3]}
							}
						},
						{
							"origin": [3.25, 26.31555, -0.90548],
							"size": [2.75, 1.2, 3.05],
							"pivot": [6, 26.31555, 2.14452],
							"rotation": [22, 0, 0],
							"uv": {
								"north": {"uv": [113, 99], "uv_size": [3, 1]},
								"east": {"uv": [113, 100], "uv_size": [3, 1]},
								"south": {"uv": [113, 101], "uv_size": [3, 1]},
								"west": {"uv": [113, 102], "uv_size": [3, 1]},
								"up": {"uv": [82, 0], "uv_size": [3, 3]},
								"down": {"uv": [13, 85], "uv_size": [3, -3]}
							}
						},
						{
							"origin": [2.66014, 26.31555, -1.5],
							"size": [2.75, 1.2, 3.05],
							"pivot": [2.66014, 26.31555, 1.55],
							"rotation": [0, 0, 22],
							"uv": {
								"north": {"uv": [113, 103], "uv_size": [3, 1]},
								"east": {"uv": [113, 104], "uv_size": [3, 1]},
								"south": {"uv": [113, 105], "uv_size": [3, 1]},
								"west": {"uv": [113, 109], "uv_size": [3, 1]},
								"up": {"uv": [24, 82], "uv_size": [3, 3]},
								"down": {"uv": [27, 85], "uv_size": [3, -3]}
							}
						},
						{
							"origin": [3.26, 26.31555, -2.09452],
							"size": [2.75, 1.2, 3.05],
							"pivot": [3.26, 26.31555, -2.09452],
							"rotation": [-22, 0, 0],
							"uv": {
								"north": {"uv": [113, 110], "uv_size": [3, 1]},
								"east": {"uv": [113, 111], "uv_size": [3, 1]},
								"south": {"uv": [113, 112], "uv_size": [3, 1]},
								"west": {"uv": [113, 113], "uv_size": [3, 1]},
								"up": {"uv": [82, 34], "uv_size": [3, 3]},
								"down": {"uv": [36, 85], "uv_size": [3, -3]}
							}
						},
						{
							"origin": [3.26, 23.09371, -2.2069],
							"size": [2.74, 3.2, 3.05],
							"pivot": [6.00466, 26.59371, -2.2069],
							"rotation": [22, 0, 0],
							"uv": {
								"north": {"uv": [42, 82], "uv_size": [3, 3]},
								"east": {"uv": [45, 82], "uv_size": [3, 3]},
								"south": {"uv": [48, 82], "uv_size": [3, 3]},
								"west": {"uv": [82, 55], "uv_size": [3, 3]},
								"up": {"uv": [82, 79], "uv_size": [3, 3]},
								"down": {"uv": [82, 85], "uv_size": [3, -3]}
							}
						},
						{
							"origin": [3.26, 23.31941, -1.504],
							"size": [2.75, 6.6, 3.058],
							"uv": {
								"north": {"uv": [49, 26], "uv_size": [3, 7]},
								"east": {"uv": [34, 59], "uv_size": [3, 7]},
								"south": {"uv": [15, 60], "uv_size": [3, 7]},
								"west": {"uv": [18, 60], "uv_size": [3, 7]},
								"up": {"uv": [83, 3], "uv_size": [3, 3]},
								"down": {"uv": [83, 9], "uv_size": [3, -3]}
							}
						}
					]
				},
				{
					"name": "LeftArm_",
					"parent": "LeftArm",
					"pivot": [4.62, 23.31941, 0.04008],
					"cubes": [
						{
							"origin": [3.3, 22.26941, -1.00992],
							"size": [2.64, 2.1, 2.1],
							"pivot": [4.62, 23.31941, 0.04008],
							"rotation": [-45, 0, 0],
							"uv": {
								"north": {"uv": [79, 95], "uv_size": [3, 2]},
								"east": {"uv": [66, 105], "uv_size": [2, 2]},
								"south": {"uv": [95, 79], "uv_size": [3, 2]},
								"west": {"uv": [105, 72], "uv_size": [2, 2]},
								"up": {"uv": [95, 81], "uv_size": [3, 2]},
								"down": {"uv": [82, 97], "uv_size": [3, -2]}
							}
						}
					]
				},
				{
					"name": "LeftForeArm",
					"parent": "LeftArm",
					"pivot": [4.575, 23.3, 0.025],
					"cubes": [
						{
							"origin": [3.27966, 17.31941, -1.475],
							"size": [2.7, 6, 3],
							"uv": {
								"north": {"uv": [64, 15], "uv_size": [3, 6]},
								"east": {"uv": [64, 21], "uv_size": [3, 6]},
								"south": {"uv": [37, 64], "uv_size": [3, 6]},
								"west": {"uv": [64, 53], "uv_size": [3, 6]},
								"up": {"uv": [8, 83], "uv_size": [3, 3]},
								"down": {"uv": [83, 12], "uv_size": [3, -3]}
							}
						},
						{
							"origin": [3.17966, 17.31941, -1.675],
							"size": [2.9, 2, 3.4],
							"uv": {
								"north": {"uv": [95, 83], "uv_size": [3, 2]},
								"east": {"uv": [85, 95], "uv_size": [3, 2]},
								"south": {"uv": [95, 85], "uv_size": [3, 2]},
								"west": {"uv": [95, 87], "uv_size": [3, 2]},
								"up": {"uv": [83, 12], "uv_size": [3, 3]},
								"down": {"uv": [83, 18], "uv_size": [3, -3]}
							}
						}
					]
				},
				{
					"name": "LeftForeArm_",
					"parent": "LeftForeArm",
					"pivot": [4.62, 23.31941, 0.04008],
					"cubes": [
						{
							"origin": [3.3, 22.26941, -1.00992],
							"size": [2.64, 2.1, 2.1],
							"pivot": [4.62, 23.31941, 0.04008],
							"rotation": [-45, 0, 0],
							"uv": {
								"north": {"uv": [88, 95], "uv_size": [3, 2]},
								"east": {"uv": [105, 74], "uv_size": [2, 2]},
								"south": {"uv": [91, 95], "uv_size": [3, 2]},
								"west": {"uv": [76, 105], "uv_size": [2, 2]},
								"up": {"uv": [0, 96], "uv_size": [3, 2]},
								"down": {"uv": [3, 98], "uv_size": [3, -2]}
							}
						}
					]
				},
				{
					"name": "LeftHand",
					"parent": "LeftForeArm",
					"pivot": [4.375, 16.925, 0.025],
					"cubes": [
						{
							"origin": [3.33, 16.48192, -1.79982],
							"size": [2.64, 2.1, 2.1],
							"pivot": [0.1, 16.50857, -0.62647],
							"rotation": [-45, 0, 0],
							"uv": {
								"north": {"uv": [96, 3], "uv_size": [3, 2]},
								"east": {"uv": [105, 76], "uv_size": [2, 2]},
								"south": {"uv": [96, 5], "uv_size": [3, 2]},
								"west": {"uv": [78, 105], "uv_size": [2, 2]},
								"up": {"uv": [96, 7], "uv_size": [3, 2]},
								"down": {"uv": [96, 11], "uv_size": [3, -2]}
							}
						},
						{
							"origin": [3.27966, 15.31941, -1.475],
							"size": [2.7, 2, 3],
							"uv": {
								"north": {"uv": [96, 15], "uv_size": [3, 2]},
								"east": {"uv": [23, 96], "uv_size": [3, 2]},
								"south": {"uv": [96, 24], "uv_size": [3, 2]},
								"west": {"uv": [26, 96], "uv_size": [3, 2]},
								"up": {"uv": [16, 83], "uv_size": [3, 3]},
								"down": {"uv": [83, 21], "uv_size": [3, -3]}
							}
						}
					]
				},
				{
					"name": "LeftHandLocator",
					"parent": "LeftHand",
					"pivot": [4.375, 15.925, 0.025]
				},
				{
					"name": "RightArm",
					"pivot": [-4.4, 28.1, 0],
					"cubes": [
						{
							"origin": [-6.01, 26.31555, -2.09452],
							"size": [2.75, 1.2, 3.05],
							"pivot": [-3.26, 26.31555, -2.09452],
							"rotation": [-22, 0, 0],
							"uv": {
								"north": {"uv": [114, 23], "uv_size": [3, 1]},
								"east": {"uv": [114, 25], "uv_size": [3, 1]},
								"south": {"uv": [114, 26], "uv_size": [3, 1]},
								"west": {"uv": [114, 28], "uv_size": [3, 1]},
								"up": {"uv": [19, 83], "uv_size": [3, 3]},
								"down": {"uv": [83, 24], "uv_size": [3, -3]}
							}
						},
						{
							"origin": [-5.41014, 26.31555, -1.5],
							"size": [2.75, 1.2, 3.05],
							"pivot": [-2.66014, 26.31555, 1.55],
							"rotation": [0, 0, -22],
							"uv": {
								"north": {"uv": [114, 29], "uv_size": [3, 1]},
								"east": {"uv": [114, 30], "uv_size": [3, 1]},
								"south": {"uv": [114, 31], "uv_size": [3, 1]},
								"west": {"uv": [114, 32], "uv_size": [3, 1]},
								"up": {"uv": [83, 24], "uv_size": [3, 3]},
								"down": {"uv": [83, 30], "uv_size": [3, -3]}
							}
						},
						{
							"origin": [-6, 26.31555, -0.90548],
							"size": [2.75, 1.2, 3.05],
							"pivot": [-6, 26.31555, 2.14452],
							"rotation": [22, 0, 0],
							"uv": {
								"north": {"uv": [114, 33], "uv_size": [3, 1]},
								"east": {"uv": [114, 34], "uv_size": [3, 1]},
								"south": {"uv": [114, 35], "uv_size": [3, 1]},
								"west": {"uv": [114, 36], "uv_size": [3, 1]},
								"up": {"uv": [30, 83], "uv_size": [3, 3]},
								"down": {"uv": [83, 33], "uv_size": [3, -3]}
							}
						},
						{
							"origin": [-6.59918, 26.31555, -1.5],
							"size": [2.75, 1.2, 3.05],
							"pivot": [-6.59918, 26.31555, -1.5],
							"rotation": [0, 0, 22],
							"uv": {
								"north": {"uv": [114, 37], "uv_size": [3, 1]},
								"east": {"uv": [114, 38], "uv_size": [3, 1]},
								"south": {"uv": [114, 39], "uv_size": [3, 1]},
								"west": {"uv": [114, 40], "uv_size": [3, 1]},
								"up": {"uv": [33, 83], "uv_size": [3, 3]},
								"down": {"uv": [83, 40], "uv_size": [3, -3]}
							}
						},
						{
							"origin": [-6, 23.09371, -0.7931],
							"size": [2.74, 3.2, 3.05],
							"pivot": [-6.00466, 26.59371, 2.2569],
							"rotation": [-22, 0, 0],
							"uv": {
								"north": {"uv": [83, 43], "uv_size": [3, 3]},
								"east": {"uv": [51, 83], "uv_size": [3, 3]},
								"south": {"uv": [83, 52], "uv_size": [3, 3]},
								"west": {"uv": [54, 83], "uv_size": [3, 3]},
								"up": {"uv": [57, 83], "uv_size": [3, 3]},
								"down": {"uv": [64, 86], "uv_size": [3, -3]}
							}
						},
						{
							"origin": [-6.71156, 23.19371, -1.5],
							"size": [2.75, 3.1, 3.05],
							"pivot": [-6.71156, 26.59371, -1.5],
							"rotation": [0, 0, -22],
							"uv": {
								"north": {"uv": [83, 67], "uv_size": [3, 3]},
								"east": {"uv": [83, 70], "uv_size": [3, 3]},
								"south": {"uv": [73, 83], "uv_size": [3, 3]},
								"west": {"uv": [76, 83], "uv_size": [3, 3]},
								"up": {"uv": [83, 76], "uv_size": [3, 3]},
								"down": {"uv": [79, 86], "uv_size": [3, -3]}
							}
						},
						{
							"origin": [-5.29776, 23.19371, -1.5],
							"size": [2.75, 3.1, 3.05],
							"pivot": [-2.54776, 26.59371, -1.5],
							"rotation": [0, 0, 22],
							"uv": {
								"north": {"uv": [84, 40], "uv_size": [3, 3]},
								"east": {"uv": [84, 49], "uv_size": [3, 3]},
								"south": {"uv": [84, 58], "uv_size": [3, 3]},
								"west": {"uv": [84, 61], "uv_size": [3, 3]},
								"up": {"uv": [84, 64], "uv_size": [3, 3]},
								"down": {"uv": [84, 76], "uv_size": [3, -3]}
							}
						},
						{
							"origin": [-6, 23.09371, -2.2069],
							"size": [2.74, 3.2, 3.05],
							"pivot": [-6.00466, 26.59371, -2.2069],
							"rotation": [22, 0, 0],
							"uv": {
								"north": {"uv": [0, 85], "uv_size": [3, 3]},
								"east": {"uv": [85, 0], "uv_size": [3, 3]},
								"south": {"uv": [13, 85], "uv_size": [3, 3]},
								"west": {"uv": [22, 85], "uv_size": [3, 3]},
								"up": {"uv": [25, 85], "uv_size": [3, 3]},
								"down": {"uv": [85, 36], "uv_size": [3, -3]}
							}
						},
						{
							"origin": [-6.01, 23.31941, -1.504],
							"size": [2.75, 6.6, 3.058],
							"uv": {
								"north": {"uv": [61, 15], "uv_size": [3, 7]},
								"east": {"uv": [61, 22], "uv_size": [3, 7]},
								"south": {"uv": [61, 53], "uv_size": [3, 7]},
								"west": {"uv": [56, 61], "uv_size": [3, 7]},
								"up": {"uv": [36, 85], "uv_size": [3, 3]},
								"down": {"uv": [42, 88], "uv_size": [3, -3]}
							}
						}
					]
				},
				{
					"name": "RightArm_",
					"parent": "RightArm",
					"pivot": [-4.62, 23.31941, 0.04008],
					"cubes": [
						{
							"origin": [-5.94, 22.26941, -1.00992],
							"size": [2.64, 2.1, 2.1],
							"pivot": [-4.62, 23.31941, 0.04008],
							"rotation": [-45, 0, 0],
							"uv": {
								"north": {"uv": [96, 26], "uv_size": [3, 2]},
								"east": {"uv": [105, 101], "uv_size": [2, 2]},
								"south": {"uv": [96, 39], "uv_size": [3, 2]},
								"west": {"uv": [103, 105], "uv_size": [2, 2]},
								"up": {"uv": [96, 43], "uv_size": [3, 2]},
								"down": {"uv": [51, 98], "uv_size": [3, -2]}
							}
						}
					]
				},
				{
					"name": "RightForeArm",
					"parent": "RightArm",
					"pivot": [-4.575, 23.3, 0.025],
					"cubes": [
						{
							"origin": [-5.97966, 17.31941, -1.475],
							"size": [2.7, 6, 3],
							"uv": {
								"north": {"uv": [4, 65], "uv_size": [3, 6]},
								"east": {"uv": [65, 32], "uv_size": [3, 6]},
								"south": {"uv": [63, 65], "uv_size": [3, 6]},
								"west": {"uv": [33, 66], "uv_size": [3, 6]},
								"up": {"uv": [45, 85], "uv_size": [3, 3]},
								"down": {"uv": [85, 49], "uv_size": [3, -3]}
							}
						},
						{
							"origin": [-6.07966, 17.31941, -1.675],
							"size": [2.9, 2, 3.4],
							"uv": {
								"north": {"uv": [96, 52], "uv_size": [3, 2]},
								"east": {"uv": [54, 96], "uv_size": [3, 2]},
								"south": {"uv": [61, 96], "uv_size": [3, 2]},
								"west": {"uv": [96, 71], "uv_size": [3, 2]},
								"up": {"uv": [48, 85], "uv_size": [3, 3]},
								"down": {"uv": [85, 58], "uv_size": [3, -3]}
							}
						}
					]
				},
				{
					"name": "RightForeArm_",
					"parent": "RightForeArm",
					"pivot": [-4.62, 23.31941, 0.04008],
					"cubes": [
						{
							"origin": [-5.94, 22.26941, -1.00992],
							"size": [2.64, 2.1, 2.1],
							"pivot": [-4.62, 23.31941, 0.04008],
							"rotation": [-45, 0, 0],
							"uv": {
								"north": {"uv": [73, 96], "uv_size": [3, 2]},
								"east": {"uv": [105, 103], "uv_size": [2, 2]},
								"south": {"uv": [96, 76], "uv_size": [3, 2]},
								"west": {"uv": [105, 105], "uv_size": [2, 2]},
								"up": {"uv": [96, 91], "uv_size": [3, 2]},
								"down": {"uv": [96, 95], "uv_size": [3, -2]}
							}
						}
					]
				},
				{
					"name": "RightHand",
					"parent": "RightForeArm",
					"pivot": [-4.375, 16.925, 0.025],
					"cubes": [
						{
							"origin": [-5.938, 16.48192, -1.79982],
							"size": [2.64, 2.1, 2],
							"pivot": [-0.118, 16.50857, -0.62647],
							"rotation": [-45, 0, 0],
							"uv": {
								"north": {"uv": [96, 95], "uv_size": [3, 2]},
								"east": {"uv": [106, 0], "uv_size": [2, 2]},
								"south": {"uv": [97, 0], "uv_size": [3, 2]},
								"west": {"uv": [106, 2], "uv_size": [2, 2]},
								"up": {"uv": [97, 11], "uv_size": [3, 2]},
								"down": {"uv": [16, 99], "uv_size": [3, -2]}
							}
						},
						{
							"origin": [-5.97966, 15.31941, -1.475],
							"size": [2.7, 2, 3],
							"uv": {
								"north": {"uv": [97, 17], "uv_size": [3, 2]},
								"east": {"uv": [97, 19], "uv_size": [3, 2]},
								"south": {"uv": [97, 21], "uv_size": [3, 2]},
								"west": {"uv": [97, 28], "uv_size": [3, 2]},
								"up": {"uv": [85, 79], "uv_size": [3, 3]},
								"down": {"uv": [82, 88], "uv_size": [3, -3]}
							}
						}
					]
				},
				{
					"name": "RightHandLocator",
					"parent": "RightHand",
					"pivot": [-4.375, 15.925, 0.025]
				}
			]
		}
	]
}