{
	"format_version": "1.12.0",
	"minecraft:geometry": [
		{
			"description": {
				"identifier": "geometry.default",
				"texture_width": 256,
				"texture_height": 256,
				"visible_bounds_width": 5,
				"visible_bounds_height": 6.5,
				"visible_bounds_offset": [0, 2.75, 0],
				"ysm_extra_info": {
					"name": "Milk_tea",
					"tips": "男不了一点点",
					"authors": ["猫耳魂魄妖梦"],
					"extra_animation_names": ["喝奶茶", "[原版]招手", "[原版]拍手", "[原版]点头", "[原版]摇头", "[原版]胜利姿势", "空", "空"]
				}
			},
			"bones": [
				{
					"name": "LeftArm",
					"pivot": [4.4, 28.1, 0],
					"cubes": [
						{
							"origin": [3.26, 23.31941, -1.504],
							"size": [2.75, 6.6, 3.058],
							"uv": {
								"north": {"uv": [26, 7], "uv_size": [3, 7]},
								"east": {"uv": [42, 57], "uv_size": [3, 7]},
								"south": {"uv": [8, 64], "uv_size": [3, 7]},
								"west": {"uv": [22, 66], "uv_size": [3, 7]},
								"up": {"uv": [58, 87], "uv_size": [3, 3]},
								"down": {"uv": [72, 90], "uv_size": [3, -3]}
							}
						},
						{
							"origin": [3.26966, 23.09371, -0.7931],
							"size": [2.735, 3.5, 3.05],
							"pivot": [6.00466, 26.59371, 2.2569],
							"rotation": [-27, 0, 0],
							"uv": {
								"north": {"uv": [12, 81], "uv_size": [3, 4]},
								"east": {"uv": [81, 14], "uv_size": [3, 4]},
								"south": {"uv": [20, 81], "uv_size": [3, 4]},
								"west": {"uv": [23, 81], "uv_size": [3, 4]},
								"up": {"uv": [82, 87], "uv_size": [3, 3]},
								"down": {"uv": [85, 90], "uv_size": [3, -3]}
							}
						},
						{
							"origin": [3.25466, 26.23949, -1.11323],
							"size": [2.75, 3.4, 3.05],
							"pivot": [4.62966, 27.93949, 0.41177],
							"rotation": [12, 0, 0],
							"uv": {
								"north": {"uv": [88, 0], "uv_size": [3, 3]},
								"east": {"uv": [88, 3], "uv_size": [3, 3]},
								"south": {"uv": [88, 6], "uv_size": [3, 3]},
								"west": {"uv": [88, 21], "uv_size": [3, 3]},
								"up": {"uv": [88, 24], "uv_size": [3, 3]},
								"down": {"uv": [88, 30], "uv_size": [3, -3]}
							}
						},
						{
							"origin": [3.265, 23.09371, -2.2069],
							"size": [2.735, 3.5, 3.05],
							"pivot": [6.00466, 26.59371, -2.2069],
							"rotation": [27, 0, 0],
							"uv": {
								"north": {"uv": [26, 81], "uv_size": [3, 4]},
								"east": {"uv": [29, 81], "uv_size": [3, 4]},
								"south": {"uv": [44, 81], "uv_size": [3, 4]},
								"west": {"uv": [47, 81], "uv_size": [3, 4]},
								"up": {"uv": [51, 88], "uv_size": [3, 3]},
								"down": {"uv": [88, 90], "uv_size": [3, -3]}
							}
						},
						{
							"origin": [3.25466, 26.23949, -1.88677],
							"size": [2.75, 3.4, 3.05],
							"pivot": [4.62966, 27.93949, -0.36177],
							"rotation": [-12, 0, 0],
							"uv": {
								"north": {"uv": [89, 16], "uv_size": [3, 3]},
								"east": {"uv": [89, 42], "uv_size": [3, 3]},
								"south": {"uv": [89, 45], "uv_size": [3, 3]},
								"west": {"uv": [89, 51], "uv_size": [3, 3]},
								"up": {"uv": [89, 55], "uv_size": [3, 3]},
								"down": {"uv": [89, 61], "uv_size": [3, -3]}
							}
						},
						{
							"origin": [2.87116, 26.27068, -1.5],
							"size": [2.75, 3.4, 3.05],
							"pivot": [4.24616, 27.97068, 0.025],
							"rotation": [0, 0, 12],
							"uv": {
								"north": {"uv": [89, 61], "uv_size": [3, 3]},
								"east": {"uv": [89, 64], "uv_size": [3, 3]},
								"south": {"uv": [89, 67], "uv_size": [3, 3]},
								"west": {"uv": [89, 70], "uv_size": [3, 3]},
								"up": {"uv": [89, 73], "uv_size": [3, 3]},
								"down": {"uv": [89, 79], "uv_size": [3, -3]}
							}
						},
						{
							"origin": [2.54776, 23.19371, -1.5],
							"size": [2.75, 3.4, 3.05],
							"pivot": [2.54776, 26.59371, -1.5],
							"rotation": [0, 0, -27],
							"uv": {
								"north": {"uv": [90, 9], "uv_size": [3, 3]},
								"east": {"uv": [24, 90], "uv_size": [3, 3]},
								"south": {"uv": [27, 90], "uv_size": [3, 3]},
								"west": {"uv": [44, 90], "uv_size": [3, 3]},
								"up": {"uv": [90, 48], "uv_size": [3, 3]},
								"down": {"uv": [56, 93], "uv_size": [3, -3]}
							}
						},
						{
							"origin": [3.96156, 23.19371, -1.5],
							"size": [2.75, 3.4, 3.05],
							"pivot": [6.71156, 26.59371, -1.5],
							"rotation": [0, 0, 27],
							"uv": {
								"north": {"uv": [59, 90], "uv_size": [3, 3]},
								"east": {"uv": [72, 90], "uv_size": [3, 3]},
								"south": {"uv": [82, 90], "uv_size": [3, 3]},
								"west": {"uv": [90, 83], "uv_size": [3, 3]},
								"up": {"uv": [85, 90], "uv_size": [3, 3]},
								"down": {"uv": [88, 93], "uv_size": [3, -3]}
							}
						},
						{
							"origin": [3.63816, 26.27068, -1.5],
							"size": [2.75, 3.4, 3.05],
							"pivot": [5.01316, 27.97068, 0.025],
							"rotation": [0, 0, -12],
							"uv": {
								"north": {"uv": [91, 0], "uv_size": [3, 3]},
								"east": {"uv": [91, 3], "uv_size": [3, 3]},
								"south": {"uv": [91, 6], "uv_size": [3, 3]},
								"west": {"uv": [91, 21], "uv_size": [3, 3]},
								"up": {"uv": [91, 24], "uv_size": [3, 3]},
								"down": {"uv": [91, 30], "uv_size": [3, -3]}
							}
						},
						{
							"origin": [5.30466, 25.10536, -1.92264],
							"size": [0.4, 0.4, 0.2],
							"pivot": [5.50466, 25.30536, -1.82264],
							"rotation": [-23.81004, 13.12023, 27.22233],
							"uv": {
								"north": {"uv": [86, 128], "uv_size": [1, 1]},
								"east": {"uv": [128, 86], "uv_size": [1, 1]},
								"south": {"uv": [87, 128], "uv_size": [1, 1]},
								"west": {"uv": [128, 87], "uv_size": [1, 1]},
								"up": {"uv": [88, 128], "uv_size": [1, 1]},
								"down": {"uv": [128, 89], "uv_size": [1, -1]}
							}
						}
					]
				},
				{
					"name": "LeftArm_",
					"parent": "LeftArm",
					"pivot": [4.62, 23.31941, 0.04008],
					"cubes": [
						{
							"origin": [3.3, 22.26941, -1.00992],
							"size": [2.64, 2.1, 2.1],
							"pivot": [4.62, 23.31941, 0.04008],
							"rotation": [-45, 0, 0],
							"uv": {
								"north": {"uv": [39, 103], "uv_size": [3, 2]},
								"east": {"uv": [61, 112], "uv_size": [2, 2]},
								"south": {"uv": [103, 44], "uv_size": [3, 2]},
								"west": {"uv": [112, 61], "uv_size": [2, 2]},
								"up": {"uv": [103, 46], "uv_size": [3, 2]},
								"down": {"uv": [103, 67], "uv_size": [3, -2]}
							}
						}
					]
				},
				{
					"name": "LeftForeArm",
					"parent": "LeftArm",
					"pivot": [4.575, 23.3, 0.025],
					"cubes": [
						{
							"origin": [3.27966, 17.31941, -1.475],
							"size": [2.7, 6, 3],
							"uv": {
								"north": {"uv": [41, 70], "uv_size": [3, 6]},
								"east": {"uv": [44, 70], "uv_size": [3, 6]},
								"south": {"uv": [55, 70], "uv_size": [3, 6]},
								"west": {"uv": [70, 55], "uv_size": [3, 6]},
								"up": {"uv": [50, 91], "uv_size": [3, 3]},
								"down": {"uv": [78, 94], "uv_size": [3, -3]}
							}
						}
					]
				},
				{
					"name": "LeftForeArm_",
					"parent": "LeftForeArm",
					"pivot": [4.62, 23.31941, 0.04008],
					"cubes": [
						{
							"origin": [3.3, 22.26941, -1.00992],
							"size": [2.64, 2.1, 2.1],
							"pivot": [4.62, 23.31941, 0.04008],
							"rotation": [-45, 0, 0],
							"uv": {
								"north": {"uv": [67, 103], "uv_size": [3, 2]},
								"east": {"uv": [112, 63], "uv_size": [2, 2]},
								"south": {"uv": [103, 80], "uv_size": [3, 2]},
								"west": {"uv": [65, 112], "uv_size": [2, 2]},
								"up": {"uv": [103, 82], "uv_size": [3, 2]},
								"down": {"uv": [90, 105], "uv_size": [3, -2]}
							}
						}
					]
				},
				{
					"name": "LeftHand",
					"parent": "LeftForeArm",
					"pivot": [4.375, 16.925, 0.025],
					"cubes": [
						{
							"origin": [3.33, 16.48192, -1.79982],
							"size": [2.64, 2.1, 2.1],
							"pivot": [0.1, 16.50857, -0.62647],
							"rotation": [-45, 0, 0],
							"uv": {
								"north": {"uv": [93, 103], "uv_size": [3, 2]},
								"east": {"uv": [67, 112], "uv_size": [2, 2]},
								"south": {"uv": [103, 95], "uv_size": [3, 2]},
								"west": {"uv": [112, 67], "uv_size": [2, 2]},
								"up": {"uv": [103, 97], "uv_size": [3, 2]},
								"down": {"uv": [102, 105], "uv_size": [3, -2]}
							}
						},
						{
							"origin": [3.27966, 15.31941, -1.475],
							"size": [2.7, 2, 3],
							"uv": {
								"north": {"uv": [104, 6], "uv_size": [3, 2]},
								"east": {"uv": [104, 8], "uv_size": [3, 2]},
								"south": {"uv": [9, 104], "uv_size": [3, 2]},
								"west": {"uv": [104, 10], "uv_size": [3, 2]},
								"up": {"uv": [91, 86], "uv_size": [3, 3]},
								"down": {"uv": [91, 92], "uv_size": [3, -3]}
							}
						}
					]
				},
				{
					"name": "LeftHandLocator",
					"parent": "LeftHand",
					"pivot": [4.375, 15.925, 0.025]
				},
				{
					"name": "RightArm",
					"pivot": [-4.4, 28.1, 0],
					"cubes": [
						{
							"origin": [-6.01, 23.31941, -1.504],
							"size": [2.75, 6.6, 3.058],
							"uv": {
								"north": {"uv": [25, 66], "uv_size": [3, 7]},
								"east": {"uv": [28, 66], "uv_size": [3, 7]},
								"south": {"uv": [31, 66], "uv_size": [3, 7]},
								"west": {"uv": [38, 66], "uv_size": [3, 7]},
								"up": {"uv": [92, 16], "uv_size": [3, 3]},
								"down": {"uv": [92, 45], "uv_size": [3, -3]}
							}
						},
						{
							"origin": [-6.38816, 26.27068, -1.5],
							"size": [2.75, 3.4, 3.05],
							"pivot": [-5.01316, 27.97068, 0.025],
							"rotation": [0, 0, 12],
							"uv": {
								"north": {"uv": [92, 45], "uv_size": [3, 3]},
								"east": {"uv": [92, 51], "uv_size": [3, 3]},
								"south": {"uv": [92, 55], "uv_size": [3, 3]},
								"west": {"uv": [92, 58], "uv_size": [3, 3]},
								"up": {"uv": [92, 61], "uv_size": [3, 3]},
								"down": {"uv": [92, 67], "uv_size": [3, -3]}
							}
						},
						{
							"origin": [-6.71156, 23.19371, -1.5],
							"size": [2.75, 3.4, 3.05],
							"pivot": [-6.71156, 26.59371, -1.5],
							"rotation": [0, 0, -27],
							"uv": {
								"north": {"uv": [92, 67], "uv_size": [3, 3]},
								"east": {"uv": [92, 70], "uv_size": [3, 3]},
								"south": {"uv": [92, 73], "uv_size": [3, 3]},
								"west": {"uv": [92, 76], "uv_size": [3, 3]},
								"up": {"uv": [91, 92], "uv_size": [3, 3]},
								"down": {"uv": [93, 12], "uv_size": [3, -3]}
							}
						},
						{
							"origin": [-5.29776, 23.19371, -1.5],
							"size": [2.75, 3.4, 3.05],
							"pivot": [-2.54776, 26.59371, -1.5],
							"rotation": [0, 0, 27],
							"uv": {
								"north": {"uv": [24, 93], "uv_size": [3, 3]},
								"east": {"uv": [27, 93], "uv_size": [3, 3]},
								"south": {"uv": [44, 93], "uv_size": [3, 3]},
								"west": {"uv": [93, 48], "uv_size": [3, 3]},
								"up": {"uv": [56, 93], "uv_size": [3, 3]},
								"down": {"uv": [59, 96], "uv_size": [3, -3]}
							}
						},
						{
							"origin": [-5.62116, 26.27068, -1.5],
							"size": [2.75, 3.4, 3.05],
							"pivot": [-4.24616, 27.97068, 0.025],
							"rotation": [0, 0, -12],
							"uv": {
								"north": {"uv": [71, 93], "uv_size": [3, 3]},
								"east": {"uv": [74, 93], "uv_size": [3, 3]},
								"south": {"uv": [82, 93], "uv_size": [3, 3]},
								"west": {"uv": [93, 83], "uv_size": [3, 3]},
								"up": {"uv": [85, 93], "uv_size": [3, 3]},
								"down": {"uv": [88, 96], "uv_size": [3, -3]}
							}
						},
						{
							"origin": [-6.00466, 26.23949, -1.88677],
							"size": [2.75, 3.4, 3.05],
							"pivot": [-4.62966, 27.93949, -0.36177],
							"rotation": [-12, 0, 0],
							"uv": {
								"north": {"uv": [94, 0], "uv_size": [3, 3]},
								"east": {"uv": [94, 3], "uv_size": [3, 3]},
								"south": {"uv": [94, 6], "uv_size": [3, 3]},
								"west": {"uv": [94, 19], "uv_size": [3, 3]},
								"up": {"uv": [94, 22], "uv_size": [3, 3]},
								"down": {"uv": [94, 28], "uv_size": [3, -3]}
							}
						},
						{
							"origin": [-6, 23.09371, -2.2069],
							"size": [2.74, 3.5, 3.05],
							"pivot": [-6.00466, 26.59371, -2.2069],
							"rotation": [27, 0, 0],
							"uv": {
								"north": {"uv": [81, 55], "uv_size": [3, 4]},
								"east": {"uv": [58, 81], "uv_size": [3, 4]},
								"south": {"uv": [81, 59], "uv_size": [3, 4]},
								"west": {"uv": [61, 81], "uv_size": [3, 4]},
								"up": {"uv": [94, 39], "uv_size": [3, 3]},
								"down": {"uv": [47, 97], "uv_size": [3, -3]}
							}
						},
						{
							"origin": [-6.00466, 26.23949, -1.11323],
							"size": [2.75, 3.4, 3.05],
							"pivot": [-4.62966, 27.93949, 0.41177],
							"rotation": [12, 0, 0],
							"uv": {
								"north": {"uv": [50, 94], "uv_size": [3, 3]},
								"east": {"uv": [53, 94], "uv_size": [3, 3]},
								"south": {"uv": [62, 94], "uv_size": [3, 3]},
								"west": {"uv": [77, 94], "uv_size": [3, 3]},
								"up": {"uv": [94, 86], "uv_size": [3, 3]},
								"down": {"uv": [94, 92], "uv_size": [3, -3]}
							}
						},
						{
							"origin": [-6, 23.09371, -0.7931],
							"size": [2.74, 3.5, 3.05],
							"pivot": [-6.00466, 26.59371, 2.2569],
							"rotation": [-27, 0, 0],
							"uv": {
								"north": {"uv": [81, 63], "uv_size": [3, 4]},
								"east": {"uv": [64, 81], "uv_size": [3, 4]},
								"south": {"uv": [72, 81], "uv_size": [3, 4]},
								"west": {"uv": [75, 81], "uv_size": [3, 4]},
								"up": {"uv": [94, 92], "uv_size": [3, 3]},
								"down": {"uv": [0, 98], "uv_size": [3, -3]}
							}
						},
						{
							"origin": [-5.70466, 25.10536, -1.92264],
							"size": [0.4, 0.4, 0.2],
							"pivot": [-5.50466, 25.30536, -1.82264],
							"rotation": [-23.81004, -13.12023, -27.22233],
							"uv": {
								"north": {"uv": [89, 128], "uv_size": [1, 1]},
								"east": {"uv": [128, 89], "uv_size": [1, 1]},
								"south": {"uv": [90, 128], "uv_size": [1, 1]},
								"west": {"uv": [128, 90], "uv_size": [1, 1]},
								"up": {"uv": [91, 128], "uv_size": [1, 1]},
								"down": {"uv": [128, 92], "uv_size": [1, -1]}
							}
						}
					]
				},
				{
					"name": "RightArm_",
					"parent": "RightArm",
					"pivot": [-4.62, 23.31941, 0.04008],
					"cubes": [
						{
							"origin": [-5.94, 22.26941, -1.00992],
							"size": [2.64, 2.1, 2.1],
							"pivot": [-4.62, 23.31941, 0.04008],
							"rotation": [-45, 0, 0],
							"uv": {
								"north": {"uv": [104, 12], "uv_size": [3, 2]},
								"east": {"uv": [112, 69], "uv_size": [2, 2]},
								"south": {"uv": [104, 14], "uv_size": [3, 2]},
								"west": {"uv": [112, 71], "uv_size": [2, 2]},
								"up": {"uv": [104, 30], "uv_size": [3, 2]},
								"down": {"uv": [104, 34], "uv_size": [3, -2]}
							}
						}
					]
				},
				{
					"name": "RightForeArm",
					"parent": "RightArm",
					"pivot": [-4.575, 23.3, 0.025],
					"cubes": [
						{
							"origin": [-5.97966, 17.31941, -1.475],
							"size": [2.7, 6, 3],
							"uv": {
								"north": {"uv": [58, 70], "uv_size": [3, 6]},
								"east": {"uv": [70, 69], "uv_size": [3, 6]},
								"south": {"uv": [6, 71], "uv_size": [3, 6]},
								"west": {"uv": [9, 71], "uv_size": [3, 6]},
								"up": {"uv": [3, 95], "uv_size": [3, 3]},
								"down": {"uv": [6, 98], "uv_size": [3, -3]}
							}
						}
					]
				},
				{
					"name": "RightForeArm_",
					"parent": "RightForeArm",
					"pivot": [-4.62, 23.31941, 0.04008],
					"cubes": [
						{
							"origin": [-5.94, 22.26941, -1.00992],
							"size": [2.64, 2.1, 2.1],
							"pivot": [-4.62, 23.31941, 0.04008],
							"rotation": [-45, 0, 0],
							"uv": {
								"north": {"uv": [104, 34], "uv_size": [3, 2]},
								"east": {"uv": [112, 73], "uv_size": [2, 2]},
								"south": {"uv": [104, 36], "uv_size": [3, 2]},
								"west": {"uv": [74, 112], "uv_size": [2, 2]},
								"up": {"uv": [42, 104], "uv_size": [3, 2]},
								"down": {"uv": [104, 50], "uv_size": [3, -2]}
							}
						}
					]
				},
				{
					"name": "RightHand",
					"parent": "RightForeArm",
					"pivot": [-4.375, 16.925, 0.025],
					"cubes": [
						{
							"origin": [-5.938, 16.48192, -1.79982],
							"size": [2.64, 2.1, 2],
							"pivot": [-0.118, 16.50857, -0.62647],
							"rotation": [-45, 0, 0],
							"uv": {
								"north": {"uv": [104, 50], "uv_size": [3, 2]},
								"east": {"uv": [112, 75], "uv_size": [2, 2]},
								"south": {"uv": [104, 52], "uv_size": [3, 2]},
								"west": {"uv": [112, 77], "uv_size": [2, 2]},
								"up": {"uv": [104, 54], "uv_size": [3, 2]},
								"down": {"uv": [104, 58], "uv_size": [3, -2]}
							}
						},
						{
							"origin": [-5.97966, 15.31941, -1.475],
							"size": [2.7, 2, 3],
							"uv": {
								"north": {"uv": [104, 58], "uv_size": [3, 2]},
								"east": {"uv": [62, 104], "uv_size": [3, 2]},
								"south": {"uv": [104, 67], "uv_size": [3, 2]},
								"west": {"uv": [77, 104], "uv_size": [3, 2]},
								"up": {"uv": [14, 95], "uv_size": [3, 3]},
								"down": {"uv": [95, 19], "uv_size": [3, -3]}
							}
						}
					]
				},
				{
					"name": "RightHandLocator",
					"parent": "RightHand",
					"pivot": [-4.375, 15.925, 0.025]
				}
			]
		}
	]
}