{
	"format_version": "1.12.0",
	"minecraft:geometry": [
		{
			"description": {
				"identifier": "geometry.Ratio",
				"texture_width": 256,
				"texture_height": 256,
				"visible_bounds_width": 4,
				"visible_bounds_height": 5,
				"visible_bounds_offset": [0, 1.5, 0]
			},
			"bones": [
				{
					"name": "RightArm",
					"pivot": [-1.25, 29.775, 0],
					"cubes": [
						{
							"origin": [-3.2, 24.025, -1.6],
							"size": [3.25, 7, 3.4],
							"uv": {
								"north": {"uv": [84.032, 0.032], "uv_size": [3.218, 6.936]},
								"east": {"uv": [37.032, 0.032], "uv_size": [3.343, 6.936]},
								"south": {"uv": [22.032, 84.032], "uv_size": [3.218, 6.936]},
								"west": {"uv": [31.032, 81.032], "uv_size": [3.343, 6.936]},
								"up": {"uv": [74.032, 103.032], "uv_size": [3.218, 3.343]},
								"down": {"uv": [79.032, 106.375], "uv_size": [3.218, -3.343]}
							}
						}
					]
				},
				{
					"name": "RightArmSleeve",
					"parent": "RightArm",
					"pivot": [3, 0, 0],
					"cubes": [
						{
							"origin": [-3.3, 24.025, -1.7],
							"size": [3.35, 7.2, 3.6],
							"inflate": 0.001,
							"uv": {
								"north": {"uv": [80.032, 9.032], "uv_size": [3.343, 7.218]},
								"east": {"uv": [26.032, 75.032], "uv_size": [3.593, 7.218]},
								"south": {"uv": [72.032, 80.032], "uv_size": [3.343, 7.218]},
								"west": {"uv": [52.032, 75.032], "uv_size": [3.593, 7.218]},
								"up": {"uv": [99.032, 63.032], "uv_size": [3.343, 3.593]},
								"down": {"uv": [99.032, 80.625], "uv_size": [3.343, -3.593]}
							}
						},
						{
							"origin": [-3.4, 24.025, -1.8],
							"size": [3.45, 1.8, 3.8],
							"inflate": 0.002,
							"uv": {
								"north": {"uv": [120.032, 7.032], "uv_size": [3.468, 1.718]},
								"east": {"uv": [119.032, 15.032], "uv_size": [3.718, 1.718]},
								"south": {"uv": [120.032, 23.032], "uv_size": [3.468, 1.718]},
								"west": {"uv": [119.032, 44.032], "uv_size": [3.718, 1.718]},
								"up": {"uv": [98.032, 15.032], "uv_size": [3.468, 3.718]},
								"down": {"uv": [98.032, 23.75], "uv_size": [3.468, -3.718]}
							}
						},
						{
							"origin": [-3.3, 24.025, -1.9],
							"size": [0.85, 0.8, 4],
							"uv": {
								"north": {"uv": [12.032, 145.032], "uv_size": [0.843, 0.718]},
								"east": {"uv": [133.032, 18.032], "uv_size": [3.936, 0.718]},
								"south": {"uv": [24.032, 145.032], "uv_size": [0.843, 0.718]},
								"west": {"uv": [133.032, 36.032], "uv_size": [3.936, 0.718]},
								"up": {"uv": [49.032, 130.032], "uv_size": [0.843, 3.936]},
								"down": {"uv": [71.032, 133.968], "uv_size": [0.843, -3.936]}
							}
						},
						{
							"origin": [-3.5, 25.625, -1.9],
							"size": [3.65, 0.2, 4],
							"uv": {
								"north": {"uv": [144.032, 89.032], "uv_size": [3.593, 0.218]},
								"east": {"uv": [144.032, 18.032], "uv_size": [3.936, 0.218]},
								"south": {"uv": [144.032, 91.032], "uv_size": [3.593, 0.218]},
								"west": {"uv": [19.032, 144.032], "uv_size": [3.936, 0.218]},
								"up": {"uv": [69.032, 94.032], "uv_size": [3.593, 3.936]},
								"down": {"uv": [94.032, 83.968], "uv_size": [3.593, -3.936]}
							}
						},
						{
							"origin": [-3.4, 27.025, -1.6],
							"size": [0.35, 4.1, 3.4],
							"uv": {
								"north": {"uv": [86.032, 139.032], "uv_size": [0.343, 4.093]},
								"east": {"uv": [97.032, 6.032], "uv_size": [3.343, 4.093]},
								"south": {"uv": [88.032, 139.032], "uv_size": [0.343, 4.093]},
								"west": {"uv": [22.032, 97.032], "uv_size": [3.343, 4.093]},
								"up": {"uv": [62.032, 140.032], "uv_size": [0.343, 3.343]},
								"down": {"uv": [140.032, 68.375], "uv_size": [0.343, -3.343]}
							}
						}
					]
				},
				{
					"name": "RightForeArm",
					"parent": "RightArm",
					"pivot": [-1.475, 24.225, 0.025],
					"cubes": [
						{
							"origin": [-3.175, 17.2, -1.575],
							"size": [3.2, 8, 3.3],
							"uv": {
								"north": {"uv": [79.032, 55.032], "uv_size": [3.218, 7.936]},
								"east": {"uv": [79.032, 64.032], "uv_size": [3.218, 7.936]},
								"south": {"uv": [67.032, 79.032], "uv_size": [3.218, 7.936]},
								"west": {"uv": [79.032, 73.032], "uv_size": [3.218, 7.936]},
								"up": {"uv": [105.032, 28.032], "uv_size": [3.218, 3.218]},
								"down": {"uv": [30.032, 108.25], "uv_size": [3.218, -3.218]}
							}
						},
						{
							"origin": [-3.175, 17.2, -1.575],
							"size": [3.2, 2.8, 3.3],
							"inflate": 0.001,
							"uv": {
								"north": {"uv": [108.032, 92.032], "uv_size": [3.218, 2.718]},
								"east": {"uv": [109.032, 15.032], "uv_size": [3.218, 2.718]},
								"south": {"uv": [109.032, 19.032], "uv_size": [3.218, 2.718]},
								"west": {"uv": [109.032, 64.032], "uv_size": [3.218, 2.718]},
								"up": {"uv": [105.032, 50.032], "uv_size": [3.218, 3.218]},
								"down": {"uv": [87.032, 108.25], "uv_size": [3.218, -3.218]}
							}
						}
					]
				},
				{
					"name": "Watch",
					"parent": "RightForeArm",
					"pivot": [3, 0, 0],
					"cubes": [
						{
							"origin": [-3.275, 20.8, -1.675],
							"size": [3.4, 1.2, 3.5],
							"inflate": 0.002,
							"uv": {
								"north": {"uv": [127.032, 38.032], "uv_size": [3.343, 1.218]},
								"east": {"uv": [125.032, 106.032], "uv_size": [3.468, 1.218]},
								"south": {"uv": [127.032, 41.032], "uv_size": [3.343, 1.218]},
								"west": {"uv": [126.032, 0.032], "uv_size": [3.468, 1.218]},
								"up": {"uv": [101.032, 68.032], "uv_size": [3.343, 3.468]},
								"down": {"uv": [102.032, 38.5], "uv_size": [3.343, -3.468]}
							}
						},
						{
							"origin": [-1.975, 20.8, -0.775],
							"size": [0.8, 1.2, 3.7],
							"pivot": [-1.575, 21.4, 1.075],
							"rotation": [0, -90, 0],
							"uv": {
								"north": {"uv": [42.032, 144.032], "uv_size": [0.718, 1.218]},
								"east": {"uv": [125.032, 6.032], "uv_size": [3.718, 1.218]},
								"south": {"uv": [144.032, 43.032], "uv_size": [0.718, 1.218]},
								"west": {"uv": [125.032, 12.032], "uv_size": [3.718, 1.218]},
								"up": {"uv": [109.032, 134.032], "uv_size": [0.718, 3.718]},
								"down": {"uv": [111.032, 137.75], "uv_size": [0.718, -3.718]}
							}
						},
						{
							"origin": [-1.975, 20.8, -1.775],
							"size": [0.8, 1.2, 3.7],
							"pivot": [-1.575, 21.4, 0.075],
							"rotation": [0, -90, 0],
							"uv": {
								"north": {"uv": [144.032, 46.032], "uv_size": [0.718, 1.218]},
								"east": {"uv": [125.032, 23.032], "uv_size": [3.718, 1.218]},
								"south": {"uv": [144.032, 49.032], "uv_size": [0.718, 1.218]},
								"west": {"uv": [125.032, 26.032], "uv_size": [3.718, 1.218]},
								"up": {"uv": [134.032, 130.032], "uv_size": [0.718, 3.718]},
								"down": {"uv": [0.032, 138.75], "uv_size": [0.718, -3.718]}
							}
						},
						{
							"origin": [-2.275, 20.5, 1.925],
							"size": [2.2, 1.9, 0.5],
							"pivot": [-1.275, 21.4, 0.075],
							"rotation": [0, -90, 0],
							"uv": {
								"north": {"uv": [30.032, 127.032], "uv_size": [2.218, 1.843]},
								"east": {"uv": [144.032, 54.032], "uv_size": [0.468, 1.843]},
								"south": {"uv": [40.032, 127.032], "uv_size": [2.218, 1.843]},
								"west": {"uv": [56.032, 144.032], "uv_size": [0.468, 1.843]},
								"up": {"uv": [108.032, 141.032], "uv_size": [2.218, 0.468]},
								"down": {"uv": [112.032, 141.5], "uv_size": [2.218, -0.468]}
							}
						},
						{
							"origin": [-2.275, 20.6, 1.925],
							"size": [2, 1.7, 0.5],
							"pivot": [-1.375, 21.4, 0.075],
							"rotation": [0, -90, 0],
							"uv": {
								"north": {"uv": [130.032, 101.032], "uv_size": [1.936, 1.718]},
								"east": {"uv": [144.032, 129.032], "uv_size": [0.468, 1.718]},
								"south": {"uv": [130.032, 104.032], "uv_size": [1.936, 1.718]},
								"west": {"uv": [130.032, 144.032], "uv_size": [0.468, 1.718]},
								"up": {"uv": [139.032, 143.032], "uv_size": [1.936, 0.468]},
								"down": {"uv": [0.032, 144.5], "uv_size": [1.936, -0.468]}
							}
						},
						{
							"origin": [-1.975, 20.8, -2.875],
							"size": [0.8, 1.2, 3.7],
							"inflate": 0.001,
							"pivot": [-1.575, 21.4, -1.025],
							"rotation": [0, -90, 0],
							"uv": {
								"north": {"uv": [52.032, 144.032], "uv_size": [0.718, 1.218]},
								"east": {"uv": [125.032, 29.032], "uv_size": [3.718, 1.218]},
								"south": {"uv": [54.032, 144.032], "uv_size": [0.718, 1.218]},
								"west": {"uv": [125.032, 62.032], "uv_size": [3.718, 1.218]},
								"up": {"uv": [135.032, 0.032], "uv_size": [0.718, 3.718]},
								"down": {"uv": [13.032, 138.75], "uv_size": [0.718, -3.718]}
							}
						},
						{
							"origin": [-3.075, 20.8, -1.775],
							"size": [0.8, 1.2, 3.7],
							"uv": {
								"north": {"uv": [32.032, 144.032], "uv_size": [0.718, 1.218]},
								"east": {"uv": [124.032, 3.032], "uv_size": [3.718, 1.218]},
								"south": {"uv": [34.032, 144.032], "uv_size": [0.718, 1.218]},
								"west": {"uv": [124.032, 20.032], "uv_size": [3.718, 1.218]},
								"up": {"uv": [69.032, 134.032], "uv_size": [0.718, 3.718]},
								"down": {"uv": [81.032, 137.75], "uv_size": [0.718, -3.718]}
							}
						},
						{
							"origin": [-2.075, 20.8, -1.775],
							"size": [0.8, 1.2, 3.7],
							"uv": {
								"north": {"uv": [36.032, 144.032], "uv_size": [0.718, 1.218]},
								"east": {"uv": [124.032, 59.032], "uv_size": [3.718, 1.218]},
								"south": {"uv": [38.032, 144.032], "uv_size": [0.718, 1.218]},
								"west": {"uv": [124.032, 80.032], "uv_size": [3.718, 1.218]},
								"up": {"uv": [90.032, 134.032], "uv_size": [0.718, 3.718]},
								"down": {"uv": [92.032, 137.75], "uv_size": [0.718, -3.718]}
							}
						},
						{
							"origin": [-0.975, 20.8, -1.775],
							"size": [0.8, 1.2, 3.7],
							"uv": {
								"north": {"uv": [40.032, 144.032], "uv_size": [0.718, 1.218]},
								"east": {"uv": [124.032, 109.032], "uv_size": [3.718, 1.218]},
								"south": {"uv": [144.032, 40.032], "uv_size": [0.718, 1.218]},
								"west": {"uv": [110.032, 124.032], "uv_size": [3.718, 1.218]},
								"up": {"uv": [94.032, 134.032], "uv_size": [0.718, 3.718]},
								"down": {"uv": [98.032, 137.75], "uv_size": [0.718, -3.718]}
							}
						}
					]
				},
				{
					"name": "RGlove",
					"parent": "RightForeArm",
					"pivot": [3, 0, 0],
					"cubes": [
						{
							"origin": [-3.175, 17.2, -1.575],
							"size": [3.2, 2.8, 3.3],
							"inflate": 0.002,
							"uv": {
								"north": {"uv": [109.032, 68.032], "uv_size": [3.218, 2.718]},
								"east": {"uv": [109.032, 81.032], "uv_size": [3.218, 2.718]},
								"south": {"uv": [110.032, 0.032], "uv_size": [3.218, 2.718]},
								"west": {"uv": [110.032, 4.032], "uv_size": [3.218, 2.718]},
								"up": {"uv": [92.032, 105.032], "uv_size": [3.218, 3.218]},
								"down": {"uv": [105.032, 100.25], "uv_size": [3.218, -3.218]}
							}
						}
					]
				},
				{
					"name": "RightHand",
					"parent": "RightForeArm",
					"pivot": [-1.575, 18.825, 0.025],
					"cubes": [
						{
							"origin": [-2.075, 18.325, -0.475],
							"size": [1, 1, 1],
							"uv": {
								"north": {"uv": [71.032, 143.032], "uv_size": [0.936, 0.936]},
								"east": {"uv": [73.032, 143.032], "uv_size": [0.936, 0.936]},
								"south": {"uv": [143.032, 74.032], "uv_size": [0.936, 0.936]},
								"west": {"uv": [143.032, 76.032], "uv_size": [0.936, 0.936]},
								"up": {"uv": [143.032, 81.032], "uv_size": [0.936, 0.936]},
								"down": {"uv": [143.032, 83.968], "uv_size": [0.936, -0.936]}
							}
						}
					]
				},
				{
					"name": "RightHandLocator",
					"parent": "RightHand",
					"pivot": [-1.575, 18.825, 0.025],
					"cubes": [
						{
							"origin": [-2.075, 18.325, -0.475],
							"size": [1, 1, 1],
							"uv": {
								"north": {"uv": [143.032, 85.032], "uv_size": [0.936, 0.936]},
								"east": {"uv": [90.032, 143.032], "uv_size": [0.936, 0.936]},
								"south": {"uv": [97.032, 143.032], "uv_size": [0.936, 0.936]},
								"west": {"uv": [99.032, 143.032], "uv_size": [0.936, 0.936]},
								"up": {"uv": [101.032, 143.032], "uv_size": [0.936, 0.936]},
								"down": {"uv": [143.032, 102.968], "uv_size": [0.936, -0.936]}
							}
						}
					]
				},
				{
					"name": "LeftArm",
					"pivot": [1.25, 29.9, 0],
					"cubes": [
						{
							"origin": [-0.05, 24.15, -1.6],
							"size": [3.25, 7, 3.3],
							"uv": {
								"north": {"uv": [77.032, 82.032], "uv_size": [3.218, 6.936]},
								"east": {"uv": [82.032, 82.032], "uv_size": [3.218, 6.936]},
								"south": {"uv": [0.032, 83.032], "uv_size": [3.218, 6.936]},
								"west": {"uv": [5.032, 83.032], "uv_size": [3.218, 6.936]},
								"up": {"uv": [103.032, 92.032], "uv_size": [3.218, 3.218]},
								"down": {"uv": [104.032, 86.25], "uv_size": [3.218, -3.218]}
							}
						}
					]
				},
				{
					"name": "LeftArmSleeve",
					"parent": "LeftArm",
					"pivot": [-3, 0, 0],
					"cubes": [
						{
							"origin": [-0.05, 24.025, -1.7],
							"size": [3.35, 7.2, 3.6],
							"inflate": 0.001,
							"uv": {
								"north": {"uv": [12.032, 81.032], "uv_size": [3.343, 7.218]},
								"east": {"uv": [57.032, 77.032], "uv_size": [3.593, 7.218]},
								"south": {"uv": [17.032, 81.032], "uv_size": [3.343, 7.218]},
								"west": {"uv": [62.032, 77.032], "uv_size": [3.593, 7.218]},
								"up": {"uv": [99.032, 82.032], "uv_size": [3.343, 3.593]},
								"down": {"uv": [99.032, 90.625], "uv_size": [3.343, -3.593]}
							}
						},
						{
							"origin": [-0.05, 23.925, -1.8],
							"size": [3.45, 1.8, 3.8],
							"inflate": 0.002,
							"uv": {
								"north": {"uv": [120.032, 26.032], "uv_size": [3.468, 1.718]},
								"east": {"uv": [119.032, 47.032], "uv_size": [3.718, 1.718]},
								"south": {"uv": [120.032, 29.032], "uv_size": [3.468, 1.718]},
								"west": {"uv": [50.032, 119.032], "uv_size": [3.718, 1.718]},
								"up": {"uv": [38.032, 98.032], "uv_size": [3.468, 3.718]},
								"down": {"uv": [43.032, 101.75], "uv_size": [3.468, -3.718]}
							}
						},
						{
							"origin": [2.45, 23.925, -1.9],
							"size": [0.85, 0.8, 4],
							"uv": {
								"north": {"uv": [145.032, 24.032], "uv_size": [0.843, 0.718]},
								"east": {"uv": [133.032, 78.032], "uv_size": [3.936, 0.718]},
								"south": {"uv": [26.032, 145.032], "uv_size": [0.843, 0.718]},
								"west": {"uv": [133.032, 105.032], "uv_size": [3.936, 0.718]},
								"up": {"uv": [130.032, 91.032], "uv_size": [0.843, 3.936]},
								"down": {"uv": [130.032, 99.968], "uv_size": [0.843, -3.936]}
							}
						},
						{
							"origin": [-0.15, 25.725, -1.9],
							"size": [3.65, 0.2, 4],
							"uv": {
								"north": {"uv": [144.032, 72.032], "uv_size": [3.593, 0.218]},
								"east": {"uv": [5.032, 144.032], "uv_size": [3.936, 0.218]},
								"south": {"uv": [144.032, 87.032], "uv_size": [3.593, 0.218]},
								"west": {"uv": [14.032, 144.032], "uv_size": [3.936, 0.218]},
								"up": {"uv": [64.032, 93.032], "uv_size": [3.593, 3.936]},
								"down": {"uv": [27.032, 97.968], "uv_size": [3.593, -3.936]}
							}
						},
						{
							"origin": [3.05, 27.025, -1.6],
							"size": [0.35, 4.1, 3.4],
							"uv": {
								"north": {"uv": [139.032, 82.032], "uv_size": [0.343, 4.093]},
								"east": {"uv": [96.032, 68.032], "uv_size": [3.343, 4.093]},
								"south": {"uv": [84.032, 139.032], "uv_size": [0.343, 4.093]},
								"west": {"uv": [97.032, 0.032], "uv_size": [3.343, 4.093]},
								"up": {"uv": [50.032, 140.032], "uv_size": [0.343, 3.343]},
								"down": {"uv": [140.032, 63.375], "uv_size": [0.343, -3.343]}
							}
						}
					]
				},
				{
					"name": "LeftForeArm",
					"parent": "LeftArm",
					"pivot": [1.475, 24.25, 0.025],
					"cubes": [
						{
							"origin": [-0.025, 17.225, -1.575],
							"size": [3.2, 2.8, 3.3],
							"inflate": 0.001,
							"uv": {
								"north": {"uv": [108.032, 60.032], "uv_size": [3.218, 2.718]},
								"east": {"uv": [74.032, 108.032], "uv_size": [3.218, 2.718]},
								"south": {"uv": [108.032, 77.032], "uv_size": [3.218, 2.718]},
								"west": {"uv": [79.032, 108.032], "uv_size": [3.218, 2.718]},
								"up": {"uv": [105.032, 0.032], "uv_size": [3.218, 3.218]},
								"down": {"uv": [105.032, 8.25], "uv_size": [3.218, -3.218]}
							}
						},
						{
							"origin": [-0.025, 17.225, -1.575],
							"size": [3.2, 8, 3.3],
							"uv": {
								"north": {"uv": [79.032, 0.032], "uv_size": [3.218, 7.936]},
								"east": {"uv": [79.032, 28.032], "uv_size": [3.218, 7.936]},
								"south": {"uv": [79.032, 37.032], "uv_size": [3.218, 7.936]},
								"west": {"uv": [79.032, 46.032], "uv_size": [3.218, 7.936]},
								"up": {"uv": [105.032, 10.032], "uv_size": [3.218, 3.218]},
								"down": {"uv": [105.032, 26.25], "uv_size": [3.218, -3.218]}
							}
						}
					]
				},
				{
					"name": "Bracelet",
					"parent": "LeftForeArm",
					"pivot": [6.2, -0.5, 0],
					"cubes": [
						{
							"origin": [-0.075, 20.3, -1.675],
							"size": [3.4, 1.2, 3.5],
							"inflate": 0.002,
							"uv": {
								"north": {"uv": [127.032, 44.032], "uv_size": [3.343, 1.218]},
								"east": {"uv": [127.032, 9.032], "uv_size": [3.468, 1.218]},
								"south": {"uv": [46.032, 127.032], "uv_size": [3.343, 1.218]},
								"west": {"uv": [127.032, 15.032], "uv_size": [3.468, 1.218]},
								"up": {"uv": [102.032, 40.032], "uv_size": [3.343, 3.468]},
								"down": {"uv": [102.032, 48.5], "uv_size": [3.343, -3.468]}
							}
						},
						{
							"origin": [1.225, 20.3, -0.775],
							"size": [0.8, 1.2, 3.7],
							"pivot": [1.625, 20.9, 1.075],
							"rotation": [0, -90, 0],
							"uv": {
								"north": {"uv": [144.032, 57.032], "uv_size": [0.718, 1.218]},
								"east": {"uv": [125.032, 65.032], "uv_size": [3.718, 1.218]},
								"south": {"uv": [58.032, 144.032], "uv_size": [0.718, 1.218]},
								"west": {"uv": [125.032, 68.032], "uv_size": [3.718, 1.218]},
								"up": {"uv": [15.032, 135.032], "uv_size": [0.718, 3.718]},
								"down": {"uv": [17.032, 138.75], "uv_size": [0.718, -3.718]}
							}
						},
						{
							"origin": [1.225, 20.3, -1.775],
							"size": [0.8, 1.2, 3.7],
							"pivot": [1.625, 20.9, 0.075],
							"rotation": [0, -90, 0],
							"uv": {
								"north": {"uv": [60.032, 144.032], "uv_size": [0.718, 1.218]},
								"east": {"uv": [125.032, 71.032], "uv_size": [3.718, 1.218]},
								"south": {"uv": [144.032, 60.032], "uv_size": [0.718, 1.218]},
								"west": {"uv": [125.032, 74.032], "uv_size": [3.718, 1.218]},
								"up": {"uv": [19.032, 135.032], "uv_size": [0.718, 3.718]},
								"down": {"uv": [135.032, 23.75], "uv_size": [0.718, -3.718]}
							}
						},
						{
							"origin": [1.225, 20.3, -2.875],
							"size": [0.8, 1.2, 3.7],
							"inflate": 0.001,
							"pivot": [1.625, 20.9, -1.025],
							"rotation": [0, -90, 0],
							"uv": {
								"north": {"uv": [144.032, 63.032], "uv_size": [0.718, 1.218]},
								"east": {"uv": [125.032, 77.032], "uv_size": [3.718, 1.218]},
								"south": {"uv": [66.032, 144.032], "uv_size": [0.718, 1.218]},
								"west": {"uv": [125.032, 85.032], "uv_size": [3.718, 1.218]},
								"up": {"uv": [21.032, 135.032], "uv_size": [0.718, 3.718]},
								"down": {"uv": [23.032, 138.75], "uv_size": [0.718, -3.718]}
							}
						},
						{
							"origin": [0.125, 20.3, -1.775],
							"size": [0.8, 1.2, 3.7],
							"uv": {
								"north": {"uv": [144.032, 66.032], "uv_size": [0.718, 1.218]},
								"east": {"uv": [125.032, 88.032], "uv_size": [3.718, 1.218]},
								"south": {"uv": [68.032, 144.032], "uv_size": [0.718, 1.218]},
								"west": {"uv": [125.032, 91.032], "uv_size": [3.718, 1.218]},
								"up": {"uv": [25.032, 135.032], "uv_size": [0.718, 3.718]},
								"down": {"uv": [135.032, 28.75], "uv_size": [0.718, -3.718]}
							}
						},
						{
							"origin": [1.125, 20.3, -1.775],
							"size": [0.8, 1.2, 3.7],
							"uv": {
								"north": {"uv": [75.032, 144.032], "uv_size": [0.718, 1.218]},
								"east": {"uv": [125.032, 94.032], "uv_size": [3.718, 1.218]},
								"south": {"uv": [77.032, 144.032], "uv_size": [0.718, 1.218]},
								"west": {"uv": [125.032, 97.032], "uv_size": [3.718, 1.218]},
								"up": {"uv": [29.032, 135.032], "uv_size": [0.718, 3.718]},
								"down": {"uv": [135.032, 33.75], "uv_size": [0.718, -3.718]}
							}
						},
						{
							"origin": [2.225, 20.3, -1.775],
							"size": [0.8, 1.2, 3.7],
							"uv": {
								"north": {"uv": [144.032, 78.032], "uv_size": [0.718, 1.218]},
								"east": {"uv": [125.032, 100.032], "uv_size": [3.718, 1.218]},
								"south": {"uv": [79.032, 144.032], "uv_size": [0.718, 1.218]},
								"west": {"uv": [125.032, 103.032], "uv_size": [3.718, 1.218]},
								"up": {"uv": [31.032, 135.032], "uv_size": [0.718, 3.718]},
								"down": {"uv": [39.032, 138.75], "uv_size": [0.718, -3.718]}
							}
						}
					]
				},
				{
					"name": "LGlove",
					"parent": "LeftForeArm",
					"pivot": [-3, 0, 0],
					"cubes": [
						{
							"origin": [-0.025, 17.225, -1.575],
							"size": [3.2, 2.8, 3.3],
							"inflate": 0.002,
							"uv": {
								"north": {"uv": [110.032, 8.032], "uv_size": [3.218, 2.718]},
								"east": {"uv": [110.032, 23.032], "uv_size": [3.218, 2.718]},
								"south": {"uv": [27.032, 110.032], "uv_size": [3.218, 2.718]},
								"west": {"uv": [110.032, 27.032], "uv_size": [3.218, 2.718]},
								"up": {"uv": [102.032, 105.032], "uv_size": [3.218, 3.218]},
								"down": {"uv": [0.032, 109.25], "uv_size": [3.218, -3.218]}
							}
						}
					]
				},
				{
					"name": "LeftHand",
					"parent": "LeftForeArm",
					"pivot": [1.575, 18.725, 0.025]
				},
				{
					"name": "LeftHandLocator",
					"parent": "LeftHand",
					"pivot": [1.575, 18.725, 0.025],
					"cubes": [
						{
							"origin": [1.075, 18.225, -0.475],
							"size": [1, 1, 1],
							"uv": {
								"north": {"uv": [143.032, 36.032], "uv_size": [0.936, 0.936]},
								"east": {"uv": [143.032, 38.032], "uv_size": [0.936, 0.936]},
								"south": {"uv": [45.032, 143.032], "uv_size": [0.936, 0.936]},
								"west": {"uv": [47.032, 143.032], "uv_size": [0.936, 0.936]},
								"up": {"uv": [64.032, 143.032], "uv_size": [0.936, 0.936]},
								"down": {"uv": [143.032, 70.968], "uv_size": [0.936, -0.936]}
							}
						}
					]
				}
			]
		}
	]
}