{
	"format_version": "1.12.0",
	"minecraft:geometry": [
		{
			"description": {
				"identifier": "geometry.unknown",
				"texture_width": 256,
				"texture_height": 256,
				"visible_bounds_width": 3,
				"visible_bounds_height": 4.5,
				"visible_bounds_offset": [0, 1.75, 0]
			},
			"bones": [
				{
					"name": "LeftArm",
					"pivot": [2.15, 28.05, 0],
					"cubes": [
						{"origin": [0.4, 25.225, -1.9], "size": [4.05, 1, 3.9], "uv": [7, 178], "mirror": true},
						{"origin": [3.25, 22.55, -2.2], "size": [1, 2, 2], "pivot": [4.2, 25.225, -1.4], "rotation": [45, 0, 0], "uv": [15, 185], "mirror": true},
						{"origin": [3.25, 22.8, -1.95], "size": [1.1, 1.5, 1.5], "pivot": [4.2, 25.225, -1.4], "rotation": [45, 0, 0], "uv": [24, 187], "mirror": true},
						{"origin": [0.85, 22.1, -1.5], "size": [3.05, 7, 3], "uv": [96, 140], "mirror": true}
					]
				},
				{
					"name": "LeftForeArm",
					"parent": "LeftArm",
					"pivot": [2.375, 23.1, 0.025],
					"cubes": [
						{"origin": [0.875, 16.075, -1.475], "size": [3, 7, 3], "uv": [0, 46], "mirror": true}
					]
				},
				{
					"name": "LeftHand",
					"parent": "LeftForeArm",
					"pivot": [2.375, 17.1, 0.025]
				},
				{
					"name": "LeftHandLocator",
					"parent": "LeftHand",
					"pivot": [2.375, 17.1, 0.025]
				},
				{
					"name": "RightArm",
					"pivot": [-2.15, 28.05, 0],
					"cubes": [
						{"origin": [-3.9, 22.1, -1.5], "size": [3.05, 7, 3], "uv": [96, 140]},
						{"origin": [-4.35, 22.8, -1.95], "size": [1.1, 1.5, 1.5], "pivot": [-4.2, 25.225, -1.4], "rotation": [45, 0, 0], "uv": [24, 187]},
						{"origin": [-4.25, 22.55, -2.2], "size": [1, 2, 2], "pivot": [-4.2, 25.225, -1.4], "rotation": [45, 0, 0], "uv": [15, 185]},
						{"origin": [-4.45, 25.225, -1.9], "size": [4.05, 1, 3.9], "uv": [7, 178]}
					]
				},
				{
					"name": "RightForeArm",
					"parent": "RightArm",
					"pivot": [-2.375, 23.1, 0.025],
					"cubes": [
						{"origin": [-3.875, 16.075, -1.475], "size": [3, 7, 3], "uv": [0, 46]}
					]
				},
				{
					"name": "RightHand",
					"parent": "RightForeArm",
					"pivot": [-2.375, 17.1, 0.025]
				},
				{
					"name": "RightHandLocator",
					"parent": "RightHand",
					"pivot": [-2.375, 17.1, 0.025]
				}
			]
		}
	]
}