{
	"format_version": "1.8.0",
	"animations": {
		"extra1": {
			"loop": "hold_on_last_frame",
			"animation_length": 3.20833,
			"bones": {
				"Root": {
					"rotation": [0, 0, 0],
					"scale": 1
				},
				"UpperBody": {
					"rotation": {
						"0.0": [0, 0, 0],
						"0.0417": [0, -0.78, 0.03],
						"0.0833": [0, -1.5, 0],
						"0.125": [-0.02, -1.63, -0.34],
						"0.1667": [-0.02, -1.54, -0.46],
						"0.2083": [-0.02, -1, -0.5],
						"0.25": [-0.01, 0.05, -0.19],
						"0.2917": [0.03, 2.3, 0.57],
						"0.3333": [0.05, 3.34, 0.94],
						"0.375": [0.05, 3.31, 0.95],
						"0.4167": [0.03, 2.11, 0.59],
						"0.4583": [0, 0.48, 0.09],
						"0.5": [-0.02, -0.77, -0.36],
						"0.5417": [-0.02, 0.83, -0.5],
						"0.5833": [-0.02, 1.73, -0.5],
						"0.625": [-0.02, 2.55, -0.5],
						"0.6667": [-0.02, 2.79, -0.5],
						"0.7083": [-0.02, -1, -0.5],
						"0.75": [-0.01, 0.05, -0.19],
						"0.7917": [0.03, 2.3, 0.57],
						"0.8333": [0.05, 3.34, 0.94],
						"0.875": [0.05, 3.31, 0.95],
						"0.9167": [0.03, 2.11, 0.59],
						"0.9583": [0, 0.48, 0.09],
						"1.0": [-0.02, -0.77, -0.36],
						"1.0417": [-0.02, 0.83, -0.5],
						"1.0833": [-0.02, 1.73, -0.5],
						"1.125": [-0.02, 2.55, -0.5],
						"1.1667": [-0.02, 2.79, -0.5],
						"1.2083": [-0.02, -1, -0.5],
						"1.25": [-0.01, 0.05, -0.19],
						"1.2917": [0.03, 2.3, 0.57],
						"1.3333": [0.05, 3.34, 0.94],
						"1.375": [0.05, 3.31, 0.95],
						"1.4167": [0.03, 2.11, 0.59],
						"1.4583": [0, 0.48, 0.09],
						"1.5": [-0.02, -0.77, -0.36],
						"1.5417": [-0.02, 0.83, -0.5],
						"1.5833": [-0.02, 1.73, -0.5],
						"1.625": [-0.02, 2.55, -0.5],
						"1.6667": [-0.02, 2.79, -0.5],
						"1.7083": [-0.02, -1, -0.5],
						"1.75": [-0.01, 0.05, -0.19],
						"1.7917": [0.03, 2.3, 0.57],
						"1.8333": [0.05, 3.34, 0.94],
						"1.875": [0.05, 3.31, 0.95],
						"1.9167": [0.03, 2.11, 0.59],
						"1.9583": [0, 0.48, 0.09],
						"2.0": [-0.02, -0.77, -0.36],
						"2.0417": [-0.02, 0.83, -0.5],
						"2.0833": [-0.02, 1.73, -0.5],
						"2.125": [-0.02, 2.55, -0.5],
						"2.1667": [-0.02, 2.79, -0.5],
						"2.2083": [-0.02, -1, -0.5],
						"2.25": [-0.01, 0.05, -0.19],
						"2.2917": [0.03, 2.3, 0.57],
						"2.3333": [0.05, 3.34, 0.94],
						"2.375": [0.05, 3.31, 0.95],
						"2.4167": [0.03, 2.11, 0.59],
						"2.4583": [0, 0.48, 0.09],
						"2.5": [-0.02, -0.77, -0.36],
						"2.5417": [-0.02, 0.83, -0.5],
						"2.5833": [-0.02, 1.73, -0.5],
						"2.625": [-0.02, 2.55, -0.5],
						"2.6667": [-0.02, 2.79, -0.5],
						"2.7083": [-0.02, -1, -0.5],
						"2.75": [-0.01, 0.05, -0.19],
						"2.7917": [0.03, 2.3, 0.57],
						"2.8333": [0.05, 3.34, 0.94],
						"2.875": [0.05, 3.31, 0.95],
						"2.9167": [0.03, 2.11, 0.59],
						"2.9583": [0, 0.48, 0.09],
						"3.0": [-0.02, -0.77, -0.36],
						"3.0417": [-0.02, 0.83, -0.5],
						"3.0833": [-0.02, 1.73, -0.5],
						"3.125": [-0.02, 2.55, -0.5],
						"3.1667": [-0.02, 2.79, -0.5],
						"3.2083": [-0.02, 2.75, -0.5]
					},
					"position": [0, 0, 0]
				},
				"LeftArm": {
					"rotation": {
						"0.0": [0, 0, 0],
						"0.0417": [-6.78, -3.12, 10.04],
						"0.0833": [-12.25, -6.72, 17.59],
						"0.125": [-7, -8.6, 4.61],
						"0.1667": [-2.83, -10.1, 1.64],
						"0.2083": [-1.75, -10.49, -2.29],
						"0.25": [-1.22, -10.71, -2.53],
						"0.2917": [-1.95, -10.51, 0.54],
						"0.3333": [-2.56, -10.33, 2.48],
						"0.375": [-2.63, -10.3, 2.61],
						"0.4167": [-2.41, -10.35, 1.41],
						"0.4583": [-2.1, -10.41, -0.31],
						"0.5": [-1.83, -10.47, -1.82],
						"0.5417": [-1.75, -10.49, -2.79],
						"0.5833": [-1.75, -10.49, -3.39],
						"0.625": [-1.75, -10.49, -3.6],
						"0.6667": [-1.75, -10.49, -3],
						"0.7083": [-1.75, -10.49, -2.29],
						"0.75": [-1.22, -10.71, -2.53],
						"0.7917": [-1.95, -10.51, 0.54],
						"0.8333": [-2.56, -10.33, 2.48],
						"0.875": [-2.63, -10.3, 2.61],
						"0.9167": [-2.41, -10.35, 1.41],
						"0.9583": [-2.1, -10.41, -0.31],
						"1.0": [-1.83, -10.47, -1.82],
						"1.0417": [-1.75, -10.49, -2.79],
						"1.0833": [-1.75, -10.49, -3.39],
						"1.125": [-1.75, -10.49, -3.6],
						"1.1667": [-1.75, -10.49, -3],
						"1.2083": [-1.75, -10.49, -2.29],
						"1.25": [-1.22, -10.71, -2.53],
						"1.2917": [-1.95, -10.51, 0.54],
						"1.3333": [-2.56, -10.33, 2.48],
						"1.375": [-2.63, -10.3, 2.61],
						"1.4167": [-2.41, -10.35, 1.41],
						"1.4583": [-2.1, -10.41, -0.31],
						"1.5": [-1.83, -10.47, -1.82],
						"1.5417": [-1.75, -10.49, -2.79],
						"1.5833": [-1.75, -10.49, -3.39],
						"1.625": [-1.75, -10.49, -3.6],
						"1.6667": [-1.75, -10.49, -3],
						"1.7083": [-1.75, -10.49, -2.29],
						"1.75": [-1.22, -10.71, -2.53],
						"1.7917": [-1.95, -10.51, 0.54],
						"1.8333": [-2.56, -10.33, 2.48],
						"1.875": [-2.63, -10.3, 2.61],
						"1.9167": [-2.41, -10.35, 1.41],
						"1.9583": [-2.1, -10.41, -0.31],
						"2.0": [-1.83, -10.47, -1.82],
						"2.0417": [-1.75, -10.49, -2.79],
						"2.0833": [-1.75, -10.49, -3.39],
						"2.125": [-1.75, -10.49, -3.6],
						"2.1667": [-1.75, -10.49, -3],
						"2.2083": [-1.75, -10.49, -2.29],
						"2.25": [-1.22, -10.71, -2.53],
						"2.2917": [-1.95, -10.51, 0.54],
						"2.3333": [-2.56, -10.33, 2.48],
						"2.375": [-2.63, -10.3, 2.61],
						"2.4167": [-2.41, -10.35, 1.41],
						"2.4583": [-2.1, -10.41, -0.31],
						"2.5": [-1.83, -10.47, -1.82],
						"2.5417": [-1.75, -10.49, -2.79],
						"2.5833": [-1.75, -10.49, -3.39],
						"2.625": [-1.75, -10.49, -3.6],
						"2.6667": [-1.75, -10.49, -3],
						"2.7083": [-1.75, -10.49, -2.29],
						"2.75": [-1.22, -10.71, -2.53],
						"2.7917": [-1.95, -10.51, 0.54],
						"2.8333": [-2.56, -10.33, 2.48],
						"2.875": [-2.63, -10.3, 2.61],
						"2.9167": [-2.41, -10.35, 1.41],
						"2.9583": [-2.1, -10.41, -0.31],
						"3.0": [-1.83, -10.47, -1.82],
						"3.0417": [-1.75, -10.49, -2.79],
						"3.0833": [-1.75, -10.49, -3.39],
						"3.125": [-1.75, -10.49, -3.6],
						"3.1667": [-1.75, -10.49, -3],
						"3.2083": [-1.75, -10.49, -2.29]
					},
					"position": [0, 0, 0]
				},
				"LeftForeArm": {
					"rotation": [0, 0, 0],
					"position": [0, 0, 0]
				},
				"RightArm": {
					"rotation": {
						"0.0": [0, 0, 0],
						"0.0417": [-59.42, -21.71, 37.06],
						"0.0833": [-73.42, -8.49, 94.21],
						"0.125": [1.96, 33.61, 140.7],
						"0.1667": [31.52, 50.19, 155.44],
						"0.2083": [62.35, 75.05, 168.42],
						"0.25": [42.08, 82.58, 153.11],
						"0.2917": [-27.48, 84.07, 105.69],
						"0.3333": [-64.73, 83, 80.38],
						"0.375": [-68.61, 83.22, 76.87],
						"0.4167": [-42.81, 82.9, 92.88],
						"0.4583": [-4.45, 82.05, 117.27],
						"0.5": [29.72, 81.23, 139.09],
						"0.5417": [45.34, 80.91, 148.99],
						"0.5833": [47.85, 80.86, 150.56],
						"0.625": [46.97, 80.88, 150.01],
						"0.6667": [42.62, 80.96, 147.27],
						"0.7083": [62.35, 75.05, 168.42],
						"0.75": [42.08, 82.58, 153.11],
						"0.7917": [-27.48, 84.07, 105.69],
						"0.8333": [-64.73, 83, 80.38],
						"0.875": [-68.61, 83.22, 76.87],
						"0.9167": [-42.81, 82.9, 92.88],
						"0.9583": [-4.45, 82.05, 117.27],
						"1.0": [29.72, 81.23, 139.09],
						"1.0417": [45.34, 80.91, 148.99],
						"1.0833": [47.85, 80.86, 150.56],
						"1.125": [46.97, 80.88, 150.01],
						"1.1667": [42.62, 80.96, 147.27],
						"1.2083": [62.35, 75.05, 168.42],
						"1.25": [42.08, 82.58, 153.11],
						"1.2917": [-27.48, 84.07, 105.69],
						"1.3333": [-64.73, 83, 80.38],
						"1.375": [-68.61, 83.22, 76.87],
						"1.4167": [-42.81, 82.9, 92.88],
						"1.4583": [-4.45, 82.05, 117.27],
						"1.5": [29.72, 81.23, 139.09],
						"1.5417": [45.34, 80.91, 148.99],
						"1.5833": [47.85, 80.86, 150.56],
						"1.625": [46.97, 80.88, 150.01],
						"1.6667": [42.62, 80.96, 147.27],
						"1.7083": [62.35, 75.05, 168.42],
						"1.75": [42.08, 82.58, 153.11],
						"1.7917": [-27.48, 84.07, 105.69],
						"1.8333": [-64.73, 83, 80.38],
						"1.875": [-68.61, 83.22, 76.87],
						"1.9167": [-42.81, 82.9, 92.88],
						"1.9583": [-4.45, 82.05, 117.27],
						"2.0": [29.72, 81.23, 139.09],
						"2.0417": [45.34, 80.91, 148.99],
						"2.0833": [47.85, 80.86, 150.56],
						"2.125": [46.97, 80.88, 150.01],
						"2.1667": [42.62, 80.96, 147.27],
						"2.2083": [62.35, 75.05, 168.42],
						"2.25": [42.08, 82.58, 153.11],
						"2.2917": [-27.48, 84.07, 105.69],
						"2.3333": [-64.73, 83, 80.38],
						"2.375": [-68.61, 83.22, 76.87],
						"2.4167": [-42.81, 82.9, 92.88],
						"2.4583": [-4.45, 82.05, 117.27],
						"2.5": [29.72, 81.23, 139.09],
						"2.5417": [45.34, 80.91, 148.99],
						"2.5833": [47.85, 80.86, 150.56],
						"2.625": [46.97, 80.88, 150.01],
						"2.6667": [42.62, 80.96, 147.27],
						"2.7083": [62.35, 75.05, 168.42],
						"2.75": [42.08, 82.58, 153.11],
						"2.7917": [-27.48, 84.07, 105.69],
						"2.8333": [-64.73, 83, 80.38],
						"2.875": [-68.61, 83.22, 76.87],
						"2.9167": [-42.81, 82.9, 92.88],
						"2.9583": [-4.45, 82.05, 117.27],
						"3.0": [29.72, 81.23, 139.09],
						"3.0417": [45.34, 80.91, 148.99],
						"3.0833": [47.85, 80.86, 150.56],
						"3.125": [46.97, 80.88, 150.01],
						"3.1667": [42.62, 80.96, 147.27],
						"3.2083": [40, 81.01, 145.63]
					},
					"position": [0, 0, 0]
				},
				"RightForeArm": {
					"rotation": {
						"0.0": [0, 0, 0],
						"0.0417": [-6.84, 0.59, -1.45],
						"0.0833": [-78.93, 1.19, -2.9],
						"0.125": [-15.64, 1.19, -2.9],
						"0.1667": [-3.19, 1.19, -2.9],
						"0.2083": [0.52, 1.19, -2.9],
						"0.25": [-5.57, 1.19, -2.9],
						"0.2917": [-2.21, 1.19, -2.9],
						"0.3333": [-8.93, 1.19, -2.9],
						"0.375": [-32.71, 1.19, -2.9],
						"0.4167": [-35.05, 1.19, -2.9],
						"0.4583": [-24.1, 1.19, -2.9],
						"0.5": [-9.18, 1.19, -2.9],
						"0.5417": [1.33, 1.19, -2.9],
						"0.5833": [5.74, 1.19, -2.9],
						"0.625": [4.48, 1.19, -2.9],
						"0.6667": [0.66, 1.19, -2.9],
						"0.7083": [0.52, 1.19, -2.9],
						"0.75": [-5.57, 1.19, -2.9],
						"0.7917": [-2.21, 1.19, -2.9],
						"0.8333": [-8.93, 1.19, -2.9],
						"0.875": [-32.71, 1.19, -2.9],
						"0.9167": [-35.05, 1.19, -2.9],
						"0.9583": [-24.1, 1.19, -2.9],
						"1.0": [-9.18, 1.19, -2.9],
						"1.0417": [1.33, 1.19, -2.9],
						"1.0833": [5.74, 1.19, -2.9],
						"1.125": [4.48, 1.19, -2.9],
						"1.1667": [0.66, 1.19, -2.9],
						"1.2083": [0.52, 1.19, -2.9],
						"1.25": [-5.57, 1.19, -2.9],
						"1.2917": [-2.21, 1.19, -2.9],
						"1.3333": [-8.93, 1.19, -2.9],
						"1.375": [-32.71, 1.19, -2.9],
						"1.4167": [-35.05, 1.19, -2.9],
						"1.4583": [-24.1, 1.19, -2.9],
						"1.5": [-9.18, 1.19, -2.9],
						"1.5417": [1.33, 1.19, -2.9],
						"1.5833": [5.74, 1.19, -2.9],
						"1.625": [4.48, 1.19, -2.9],
						"1.6667": [0.66, 1.19, -2.9],
						"1.7083": [0.52, 1.19, -2.9],
						"1.75": [-5.57, 1.19, -2.9],
						"1.7917": [-2.21, 1.19, -2.9],
						"1.8333": [-8.93, 1.19, -2.9],
						"1.875": [-32.71, 1.19, -2.9],
						"1.9167": [-35.05, 1.19, -2.9],
						"1.9583": [-24.1, 1.19, -2.9],
						"2.0": [-9.18, 1.19, -2.9],
						"2.0417": [1.33, 1.19, -2.9],
						"2.0833": [5.74, 1.19, -2.9],
						"2.125": [4.48, 1.19, -2.9],
						"2.1667": [0.66, 1.19, -2.9],
						"2.2083": [0.52, 1.19, -2.9],
						"2.25": [-5.57, 1.19, -2.9],
						"2.2917": [-2.21, 1.19, -2.9],
						"2.3333": [-8.93, 1.19, -2.9],
						"2.375": [-32.71, 1.19, -2.9],
						"2.4167": [-35.05, 1.19, -2.9],
						"2.4583": [-24.1, 1.19, -2.9],
						"2.5": [-9.18, 1.19, -2.9],
						"2.5417": [1.33, 1.19, -2.9],
						"2.5833": [5.74, 1.19, -2.9],
						"2.625": [4.48, 1.19, -2.9],
						"2.6667": [0.66, 1.19, -2.9],
						"2.7083": [0.52, 1.19, -2.9],
						"2.75": [-5.57, 1.19, -2.9],
						"2.7917": [-2.21, 1.19, -2.9],
						"2.8333": [-8.93, 1.19, -2.9],
						"2.875": [-32.71, 1.19, -2.9],
						"2.9167": [-35.05, 1.19, -2.9],
						"2.9583": [-24.1, 1.19, -2.9],
						"3.0": [-9.18, 1.19, -2.9],
						"3.0417": [1.33, 1.19, -2.9],
						"3.0833": [5.74, 1.19, -2.9],
						"3.125": [4.48, 1.19, -2.9],
						"3.1667": [0.66, 1.19, -2.9],
						"3.2083": [-3.93, 1.19, -2.9]
					},
					"position": [0, 0, 0]
				},
				"LeftLeg": {
					"rotation": [0, 0, 0],
					"position": [0, 0, 0]
				},
				"LeftLowerLeg": {
					"rotation": [0, 0, 0],
					"position": [0, 0, 0]
				},
				"LeftFoot": {
					"rotation": [0, 0, 0],
					"position": [0, 0, 0]
				},
				"RightLeg": {
					"rotation": [0, 0, 0],
					"position": [0, 0, 0]
				},
				"RightLowerLeg": {
					"rotation": [0, 0, 0],
					"position": [0, 0, 0]
				},
				"RightFoot": {
					"rotation": [0, 0, 0],
					"position": [0, 0, 0]
				},
				"AllBody": {
					"rotation": [0, 0, 0],
					"position": [0, 0, 0],
					"scale": 1
				},
				"AllHead": {
					"rotation": [0, 0, 0],
					"position": [0, 0, 0]
				},
				"Head": {
					"rotation": {
						"0.0": [0, 0, 0],
						"0.0417": [-0.1, -4.53, 1.56],
						"0.0833": [-0.11, -7.49, 2.5],
						"0.125": [0.18, -1.07, -0.11],
						"0.1667": [0.32, 1.78, -1.23],
						"0.2083": [0.55, 5.03, -2.43],
						"0.25": [0.69, 3.63, -1.67],
						"0.2917": [0.89, -1.75, 0.88],
						"0.3333": [0.97, -4.59, 2.21],
						"0.375": [0.97, -4.68, 2.25],
						"0.4167": [0.86, -2.3, 1.1],
						"0.4583": [0.72, 1.1, -0.54],
						"0.5": [0.59, 4.11, -1.99],
						"0.5417": [0.52, 5.51, -2.66],
						"0.5833": [0.51, 5.73, -2.77],
						"0.625": [0.52, 5.65, -2.73],
						"0.6667": [0.54, 5.26, -2.54],
						"0.7083": [0.55, 5.03, -2.43],
						"0.75": [0.69, 3.63, -1.67],
						"0.7917": [0.89, -1.75, 0.88],
						"0.8333": [0.97, -4.59, 2.21],
						"0.875": [0.97, -4.68, 2.25],
						"0.9167": [0.86, -2.3, 1.1],
						"0.9583": [0.72, 1.1, -0.54],
						"1.0": [0.59, 4.11, -1.99],
						"1.0417": [0.52, 5.51, -2.66],
						"1.0833": [0.51, 5.73, -2.77],
						"1.125": [0.52, 5.65, -2.73],
						"1.1667": [0.54, 5.26, -2.54],
						"1.2083": [0.55, 5.03, -2.43],
						"1.25": [0.69, 3.63, -1.67],
						"1.2917": [0.89, -1.75, 0.88],
						"1.3333": [0.97, -4.59, 2.21],
						"1.375": [0.97, -4.68, 2.25],
						"1.4167": [0.86, -2.3, 1.1],
						"1.4583": [0.72, 1.1, -0.54],
						"1.5": [0.59, 4.11, -1.99],
						"1.5417": [0.52, 5.51, -2.66],
						"1.5833": [0.51, 5.73, -2.77],
						"1.625": [0.52, 5.65, -2.73],
						"1.6667": [0.54, 5.26, -2.54],
						"1.7083": [0.55, 5.03, -2.43],
						"1.75": [0.69, 3.63, -1.67],
						"1.7917": [0.89, -1.75, 0.88],
						"1.8333": [0.97, -4.59, 2.21],
						"1.875": [0.97, -4.68, 2.25],
						"1.9167": [0.86, -2.3, 1.1],
						"1.9583": [0.72, 1.1, -0.54],
						"2.0": [0.59, 4.11, -1.99],
						"2.0417": [0.52, 5.51, -2.66],
						"2.0833": [0.51, 5.73, -2.77],
						"2.125": [0.52, 5.65, -2.73],
						"2.1667": [0.54, 5.26, -2.54],
						"2.2083": [0.55, 5.03, -2.43],
						"2.25": [0.69, 3.63, -1.67],
						"2.2917": [0.89, -1.75, 0.88],
						"2.3333": [0.97, -4.59, 2.21],
						"2.375": [0.97, -4.68, 2.25],
						"2.4167": [0.86, -2.3, 1.1],
						"2.4583": [0.72, 1.1, -0.54],
						"2.5": [0.59, 4.11, -1.99],
						"2.5417": [0.52, 5.51, -2.66],
						"2.5833": [0.51, 5.73, -2.77],
						"2.625": [0.52, 5.65, -2.73],
						"2.6667": [0.54, 5.26, -2.54],
						"2.7083": [0.55, 5.03, -2.43],
						"2.75": [0.69, 3.63, -1.67],
						"2.7917": [0.89, -1.75, 0.88],
						"2.8333": [0.97, -4.59, 2.21],
						"2.875": [0.97, -4.68, 2.25],
						"2.9167": [0.86, -2.3, 1.1],
						"2.9583": [0.72, 1.1, -0.54],
						"3.0": [0.59, 4.11, -1.99],
						"3.0417": [0.52, 5.51, -2.66],
						"3.0833": [0.51, 5.73, -2.77],
						"3.125": [0.52, 5.65, -2.73],
						"3.1667": [0.54, 5.26, -2.54],
						"3.2083": [0.55, 5.03, -2.43]
					},
					"position": [0, 0, 0]
				},
				"Eyelid": {
					"scale": 0
				},
				"LeftEyebrow": {
					"position": [0, -1.25, 0]
				},
				"bone16": {
					"rotation": [0, 0, -25]
				},
				"bone15": {
					"rotation": [0, 0, 20]
				},
				"RightEyebrow": {
					"position": [0, -1.25, 0]
				},
				"bone18": {
					"rotation": [0, 0, 25]
				},
				"bone17": {
					"rotation": [0, 0, -20]
				},
				"Mouth": {
					"position": [0, 0, 0]
				},
				"Mouth2": {
					"position": [0, 0, -1]
				}
			}
		},
		"extra2": {
			"loop": true,
			"animation_length": 2,
			"bones": {
				"RightEyebrow": {
					"rotation": [-0.0806, -0.43985, 0.04062],
					"position": {
						"0.0": [0, 0.4, 0],
						"0.8333": [0, 0, 0],
						"0.9167": [0, -2, 0],
						"1.0": [0, 0, 0],
						"2.0": [0, 0.4, 0]
					}
				},
				"LeftEyebrow": {
					"rotation": [0.06102, 0.44299, -0.04008],
					"position": {
						"0.0": [0, 0.4, 0],
						"0.8333": [0, 0, 0],
						"0.9167": [0, -2, 0],
						"1.0": [0, 0, 0],
						"2.0": [0, 0.4, 0]
					}
				},
				"YouYan": {
					"position": {
						"0.0": [-0.4, 0, 0],
						"0.7083": [0.2, 0, 0],
						"2.0": [-0.4, 0, 0]
					},
					"scale": {
						"0.8333": [1, 1, 1],
						"0.9167": [1, 0.2, 1],
						"1.0": [1, 1, 1]
					}
				},
				"YouYan2": {
					"position": {
						"0.0": [-0.05, 0, 0],
						"0.7083": [0.2, 0, 0],
						"2.0": [-0.05, 0, 0]
					},
					"scale": {
						"0.8333": [1, 1, 1],
						"0.9167": [1, 0.4, 1],
						"1.0": [1, 1, 1]
					}
				},
				"RightEyelid": {
					"position": [0, 0.75, 0],
					"scale": {
						"0.0": [1, 0.9, 1],
						"0.7083": [1, 0.8721, 1],
						"0.8333": [1, 1, 1],
						"0.9167": [1, 0.3, 1],
						"1.0": [1, 1, 1],
						"2.0": [1, 0.9, 1]
					}
				},
				"LeftEyelid": {
					"position": [0, 0.75, 0],
					"scale": {
						"0.0": [1, 0.9, 1],
						"0.7083": [1, 0.8721, 1],
						"0.8333": [1, 1, 1],
						"0.9167": [1, 0.3, 1],
						"1.0": [1, 1, 1],
						"2.0": [1, 0.9, 1]
					}
				},
				"RightLeg": {
					"rotation": [0.98339, 18.99572, 4.76407],
					"position": [0, 0, 0.4]
				},
				"RightLowerLeg": {
					"rotation": [-2.5, 0, 0]
				},
				"LeftLeg": {
					"rotation": [-4.99527, -0.21782, -2.4905]
				},
				"LeftLowerLeg": {
					"rotation": [2.5, 0, 0]
				},
				"UpBody": {
					"rotation": [0, 2.5, 0]
				},
				"Head": {
					"rotation": [4.84346, 15.79307, -1.59983]
				},
				"Zui4": {
					"position": [0, 0, 0],
					"scale": [0.3, -0.1, 1]
				},
				"Halo": {
					"rotation": [-10, 0, 0]
				},
				"Eyebrow": {
					"position": [0, -0.4, 0]
				},
				"MeiFuJia": {
					"position": [0, 0.25, 0]
				},
				"Eyelid": {
					"position": [0, -0.5, 0]
				},
				"TongRen": {
					"scale": [0.9, 1.4, 1]
				},
				"TongRen2": {
					"scale": [0.9, 1.4, 1]
				},
				"Eyes": {
					"position": [0, -0.2, 0]
				},
				"CeFaA3": {
					"rotation": [-12.5, 0, 0]
				},
				"Zui5": {
					"position": [-0.04362, -0.15152, 0.01613],
					"scale": [1.17, -0.7425, 1]
				},
				"QunZi": {
					"rotation": [-5, 0, 0]
				},
				"LeftArm": {
					"rotation": [-5.42385, 9.34075, -2.4662]
				},
				"RightArm": {
					"rotation": [-27.87177, 23.10413, -5.73231]
				},
				"RightForeArm": {
					"rotation": [-86.06663, -9.08661, -17.89244]
				}
			}
		},
		"extra3": {
			"loop": true,
			"animation_length": 0.66667,
			"bones": {
				"BenTi_Head": {
					"rotation": [9.76927, -12.57412, 0.88848]
				},
				"LeftEyelid": {
					"scale": [1, 0, 1]
				},
				"MeiMaoZuo": {
					"position": [0, -1.3, 0]
				},
				"YouYan2": {
					"scale": [1, 0.4, 1]
				},
				"YouYan": {
					"position": [0.125, 0, 0]
				},
				"QianTouFa2": {
					"rotation": [-22.4886, -0.26135, -4.99318]
				},
				"QianTouFa3": {
					"rotation": [-14.42073, -4.19768, -16.99031]
				},
				"LeftArm": {
					"rotation": [-7.11517, -26.1529, -22.33708],
					"position": [-0.75, 0, 0]
				},
				"LeftForeArm": {
					"rotation": [-186.97959, 76.07511, -116.48797],
					"position": [0, 0, 0.825]
				},
				"Leg_Left": {
					"rotation": [0, -7.5, -5]
				},
				"Xu1_QianTouFa2": {
					"rotation": [-16.28585, 4.32277, 6.26714]
				},
				"Leg_Right": {
					"rotation": [0, 2.5, 0]
				},
				"LeftEyebrow": {
					"position": [0, -1.25, 0]
				}
			}
		},
		"extra4": {
			"loop": true,
			"bones": {
				"LeftArm": {
					"rotation": [-1.56125, 17.21366, -5.23011]
				},
				"LeftForeArm": {
					"rotation": [-62.29788, 6.64851, 3.47875]
				},
				"RightLeg": {
					"rotation": [-123.60602, -0.37562, 2.64295]
				},
				"RightLowerLeg": {
					"rotation": [80.89534, -7.39953, 1.17992]
				},
				"LeftLeg": {
					"rotation": [-131.17733, 1.36822, -3.0937]
				},
				"LeftLowerLeg": {
					"rotation": [102.08821, 5.87317, -3.79229]
				},
				"Dress": {
					"rotation": [-87.5, 0, 0]
				},
				"Head": {
					"rotation": [-15, 0, 0]
				},
				"LeftFoot": {
					"rotation": [27.41063, -2.30644, 4.43745],
					"position": [0.075, 0, 0]
				},
				"Zui4": {
					"scale": [0.5, -0.3, 1]
				},
				"YouYan": {
					"position": [0.1, 0, 0]
				},
				"YouYan2": {
					"position": [0.4, 0, 0]
				},
				"root": {
					"position": [0, -16, 0]
				},
				"Hou": {
					"rotation": [37.5, 0, 0],
					"position": [0, 1.25261, -3.29532]
				},
				"RightFoot": {
					"rotation": [22.5, 0, 0]
				}
			}
		},
		"extra5": {
			"loop": true,
			"animation_length": 2.04167,
			"bones": {
				"RightEyebrow": {
					"rotation": [0, 0, 2.5]
				},
				"LeftEyebrow": {
					"rotation": [0, 0, -2.5]
				},
				"YouYan": {
					"position": [0, 0, 1]
				},
				"YouYan2": {
					"position": [0, 0, 1]
				},
				"Zui3": {
					"rotation": [0, 0, -1.5],
					"position": [0, -0.1, -1.025],
					"scale": [1, 1.6, 1]
				},
				"YouYan3": {
					"position": [0, 0.2, -1],
					"scale": [0.2, 0.8, 1]
				},
				"YouYan4": {
					"position": [0.2, 0.2, -1],
					"scale": [0.2, 0.7, 1]
				},
				"Eyes": {
					"position": [0, 0, 0]
				}
			}
		},
		"extra6": {
			"loop": true,
			"animation_length": 5.375,
			"bones": {
				"RightEyebrow": {
					"rotation": [-0.0806, -0.43985, 0.04062],
					"position": {
						"0.0": [0, 0.25, 0],
						"0.8333": [0, 0, 0],
						"0.9167": [0, -2, 0],
						"1.0": [0, 0, 0],
						"2.75": [0, 0.25, 0]
					}
				},
				"LeftEyebrow": {
					"rotation": [0.06102, 0.44299, -0.04008],
					"position": {
						"0.0": [0, 0.25, 0],
						"0.8333": [0, 0, 0],
						"0.9167": [0, -2, 0],
						"1.0": [0, 0, 0],
						"2.75": [0, 0.25, 0]
					}
				},
				"YouYan": {
					"position": [0, 0, 0],
					"scale": {
						"0.8333": [1, 1, 1],
						"0.9167": [1, 0.2, 1],
						"1.0": [1, 1, 1]
					}
				},
				"YouYan2": {
					"position": {
						"0.0": [0.55, 0, 0],
						"0.7083": [0.2, 0, 0],
						"2.75": [-0.075, 0, 0]
					},
					"scale": {
						"0.8333": [1, 1, 1],
						"0.9167": [1, 0.4, 1],
						"1.0": [1, 1, 1]
					}
				},
				"RightEyelid": {
					"position": [0, 0.75, 0],
					"scale": {
						"0.0": [1, 0.8, 1],
						"0.7083": [1, 0.8721, 1],
						"0.8333": [1, 1, 1],
						"0.9167": [1, 0.3, 1],
						"1.0": [1, 1, 1],
						"2.75": [1, 0.8, 1]
					}
				},
				"LeftEyelid": {
					"position": [0, 0.75, 0],
					"scale": {
						"0.0": [1, 0.8, 1],
						"0.7083": [1, 0.8721, 1],
						"0.8333": [1, 1, 1],
						"0.9167": [1, 0.3, 1],
						"1.0": [1, 1, 1],
						"2.75": [1, 0.8, 1]
					}
				},
				"RightLeg": {
					"rotation": [-0.34928, -13.36423, -0.91812],
					"position": [0, 0, -0.7]
				},
				"RightLowerLeg": {
					"rotation": [10, 0, 0]
				},
				"LeftLeg": {
					"rotation": [-55.97226, -4.41678, 4.33232],
					"position": [0, 0, 0.55]
				},
				"LeftLowerLeg": {
					"rotation": [132.74529, 5.52235, 5.08269],
					"position": [0, -0.225, -0.5]
				},
				"UpBody": {
					"rotation": [-10.22938, 12.34537, -1.76886]
				},
				"Head": {
					"rotation": {
						"0.0": [14.69167, -6.63108, -3.46393],
						"5.375": [4.78913, 13.30882, -1.81606]
					}
				},
				"Zui4": {
					"position": [0, -0.025, -1],
					"scale": [0.9, 1, 0.7]
				},
				"Halo": {
					"rotation": [-10, 0, 0]
				},
				"Eyebrow": {
					"position": [0, -0.4, 0]
				},
				"MeiFuJia": {
					"position": [0, 0.25, 0]
				},
				"Eyelid": {
					"position": [0, -0.5, 0]
				},
				"TongRen": {
					"position": {
						"0.0": [0.2, 0, 0],
						"2.75": [-0.1, 0, 0]
					},
					"scale": [0.9, 1.4, 1]
				},
				"TongRen2": {
					"position": {
						"0.0": [0.1, 0, 0],
						"2.75": [-0.1, 0, 0]
					},
					"scale": [0.9, 1.4, 1]
				},
				"Eyes": {
					"position": [0, -0.2, 0]
				},
				"CeFaA3": {
					"rotation": [2.07076, 1.02076, 17.47567]
				},
				"Zui5": {
					"position": [-0.04362, -0.15152, 0.01613],
					"scale": [1.17, -0.7425, 1]
				},
				"QunZi": {
					"rotation": [-5, 0, 0]
				},
				"LeftArm": {
					"rotation": [-168.52243, -31.98067, 63.21347],
					"position": [0, 0, -0.2]
				},
				"RightArm": {
					"rotation": [159.08571, 46.91758, 229.46465],
					"position": [0, 0, 1.25]
				},
				"RightForeArm": {
					"rotation": [2.01908, -2.0564, -9.9958]
				},
				"AllBody": {
					"rotation": [0, -22.5, 0]
				},
				"LeftForeArm": {
					"rotation": [0, 0, 5]
				},
				"bangs": {
					"rotation": [0, 0, -5]
				},
				"ChangMao2": {
					"rotation": [0, 0, -7.5]
				},
				"ChangMao3": {
					"rotation": [0, 0, -7.5]
				},
				"Long": {
					"rotation": [0, 0, -15]
				},
				"Long2": {
					"rotation": [0, 0, -12.5]
				},
				"MaWei_A2": {
					"rotation": [0, 0, -25]
				},
				"Mawei2": {
					"rotation": [0, 0, -7.5]
				},
				"LeftSideLock": {
					"rotation": [-158.67822, -83.01814, 169.86247]
				},
				"RightSideLock": {
					"rotation": [0, 0, -2.5]
				},
				"CeFaA8": {
					"rotation": [0, 0, -7.5]
				},
				"CeFaA9": {
					"rotation": [0, 0, -15]
				},
				"RightFoot": {
					"rotation": [20, 0, 0]
				},
				"Long3": {
					"rotation": [0, 0, -10],
					"position": [0, 0.675, 0]
				},
				"Left_XiGai": {
					"rotation": [37.5, 0, 0],
					"position": [0, 0.45, -0.2],
					"scale": [1, 1.6, 1]
				},
				"Qian": {
					"rotation": [-47.5, 0, 0]
				},
				"Left_Qun": {
					"rotation": [-30, 0, 0]
				},
				"Right_Qun": {
					"rotation": [-30, 0, 0]
				},
				"Mouth2": {
					"position": [0, 0, -1]
				}
			}
		},
		"extra7": {
			"loop": true,
			"animation_length": 1,
			"bones": {
				"LeftArm": {
					"rotation": [6.50026, 5.04084, 0.56692]
				},
				"LeftForeArm": {
					"rotation": [-52.5, 0, 0]
				},
				"RightLeg": {
					"rotation": [-14.23634, 5.188, 16.73634]
				},
				"RightLowerLeg": {
					"rotation": [17.64168, -7.15102, -2.26708]
				},
				"LeftLeg": {
					"rotation": [3.82607, -37.33289, -6.29298]
				},
				"Head": {
					"rotation": [-4.21402, -59.95755, 2.30568]
				},
				"RightEyebrow": {
					"position": [0, -0.4, 0]
				},
				"LeftEyebrow": {
					"position": [0, -0.3, 0]
				},
				"YouYan": {
					"scale": [1, 0.7, 1]
				},
				"YouYan2": {
					"scale": [1, 0.7, 1]
				},
				"LongUpHair": {
					"rotation": [10, 0, 0]
				}
			}
		},
		"extra0": {
			"loop": true,
			"animation_length": 0.33333,
			"bones": {
				"Root": {
					"rotation": [-90, 0, 0],
					"position": [0, 3, -20]
				},
				"BenTi_Head": {
					"rotation": [18.07346, -22.69843, -4.01604]
				},
				"RightEyelid": {
					"position": [0, 0, 1],
					"scale": [1, 0.4, 1]
				},
				"LeftEyelid": {
					"position": [0, 0, 1],
					"scale": [1, 0.2, 1]
				},
				"MeiMaoZuo": {
					"position": [-0.2, -1.4, 0]
				},
				"MeiMaoYou": {
					"position": [0.1, -1.3, 0]
				},
				"YouYan": {
					"position": [0, 0, 1],
					"scale": [1, 0.1, 1]
				},
				"YouYan2": {
					"position": [0, 0, 1],
					"scale": [1, 0.2, 1]
				},
				"QianTouFa3": {
					"rotation": [0.00048, 0.02181, 2.4999]
				},
				"Xu1_QianTouFa2": {
					"rotation": [-22.57678, 0.33059, 7.49311]
				},
				"Xu1_QianTouFa3": {
					"rotation": [-17.25168, 3.81415, 17.08424]
				},
				"QianTouFa2": {
					"rotation": [0.0019, 0.04358, 4.99981]
				},
				"Xu1_QianTouFa5": {
					"rotation": [-19.92511, 0.2136, 4.996]
				},
				"LeftArm": {
					"rotation": {
						"0.0": [21.57664, 6.25373, -36.13404],
						"0.1667": [-39.9012, -15.57101, -48.4445],
						"0.3333": [21.57664, 6.25373, -36.13404]
					}
				},
				"LeftForeArm": {
					"rotation": {
						"0.0": [-17.5, 0, 0],
						"0.1667": [-50, 0, 0],
						"0.3333": [-17.5, 0, 0]
					}
				},
				"MeiMao3": {
					"position": [0, 0.7, 0]
				},
				"MeiMao2": {
					"position": [0, 0.6, 0]
				},
				"LeftEyebrow": {
					"position": [0, -1.25, 0]
				},
				"RightEyebrow": {
					"position": [0, -1.25, 0]
				},
				"BQ___": {
					"position": [0, -0.6, -1.75]
				},
				"MeiMao_BQ": {
					"position": [0, -0.2, 0]
				},
				"MeiMaoZuo2": {
					"position": [-0.25, 0, 0]
				},
				"MeiMaoZuo3": {
					"position": [0.25, 0, 0]
				},
				"Leg_Left": {
					"rotation": [-37.5, 0, -7.5]
				},
				"Leg_Right": {
					"rotation": [0, 0, 7.5]
				},
				"LeftLowerLeg": {
					"rotation": [75, 0, 0]
				},
				"RightLeg": {
					"rotation": [0, 0, 7.5]
				},
				"LeftLeg": {
					"rotation": [-30, 0, 0]
				},
				"LeftFoot": {
					"rotation": [32.5, 0, 0]
				},
				"RightArm": {
					"rotation": {
						"0.0": [-39.9012, 15.571, 48.4445],
						"0.1667": [21.5766, -6.2537, 36.134],
						"0.3333": [-39.9012, 15.571, 48.4445]
					}
				},
				"RightForeArm": {
					"rotation": {
						"0.0": [-50, 0, 0],
						"0.1667": [-17.5, 0, 0],
						"0.3333": [-50, 0, 0]
					}
				},
				"Zui3": {
					"position": [0, -0.5, -1]
				},
				"Head": {
					"rotation": [75, 0, 0]
				},
				"bone16": {
					"rotation": [0, 0, -25]
				},
				"bone15": {
					"rotation": [0, 0, 20]
				},
				"bone18": {
					"rotation": [0, 0, 25]
				},
				"bone17": {
					"rotation": [0, 0, -20]
				},
				"Mouth3": {
					"position": [0, 0, -1]
				}
			}
		}
	}
}