{
	"format_version": "1.12.0",
	"minecraft:geometry": [
		{
			"description": {
				"identifier": "geometry.unknown",
				"texture_width": 256,
				"texture_height": 256,
				"visible_bounds_width": 3,
				"visible_bounds_height": 4.5,
				"visible_bounds_offset": [0, 1.75, 0]
			},
			"bones": [
				{
					"name": "root",
					"pivot": [0, 1.05, 0]
				},
				{
					"name": "AllBody",
					"parent": "root",
					"pivot": [0, 24.05, 0]
				},
				{
					"name": "UpBody",
					"parent": "AllBody",
					"pivot": [0, 20.3, 0],
					"cubes": [
						{"origin": [-1.5, 29.15, -1.575], "size": [3, 2, 3], "uv": [121, 58]},
						{"origin": [-0.65, 26.23019, 1.90058], "size": [1.3, 1, 1], "pivot": [0, 26.85519, 2.52558], "rotation": [6.25, 0, 0], "uv": [3, 157], "mirror": true},
						{"origin": [-1, 26.65668, 1.41732], "size": [2, 1, 1], "pivot": [0.5, 24.08283, 1.44196], "rotation": [-6.25, 0, 0], "uv": [8, 155], "mirror": true},
						{"origin": [-1, 26.65668, -2.41732], "size": [2, 1, 1], "pivot": [-0.5, 24.08283, -1.44196], "rotation": [6.25, 0, 0], "uv": [8, 155]},
						{"origin": [1.15507, 18.37764, -0.33586], "size": [3, 7, 3], "pivot": [2.58007, 21.92764, -0.92336], "rotation": [5.0756, -0.8672, -9.9627], "uv": [26, 175]},
						{"origin": [-3.525, 18.15, -1.5], "size": [7.05, 11, 4.075], "pivot": [0, 24.08283, -1.44196], "rotation": [5, 0, 0], "uv": [23, 83]},
						{"origin": [0.875, 18.30767, -2.36922], "size": [3, 7, 3], "pivot": [1.3, 22.95767, -0.43172], "rotation": [-4.9244, -0.8672, -9.9627], "uv": [26, 175]},
						{"origin": [-4.15507, 18.37764, -0.33586], "size": [3, 7, 3], "pivot": [-2.58007, 21.92764, -0.92336], "rotation": [5.0756, 0.8672, 9.9627], "uv": [26, 175], "mirror": true},
						{"origin": [-3.875, 18.30767, -2.36922], "size": [3, 7, 3], "pivot": [-1.3, 22.95767, -0.43172], "rotation": [-4.9244, 0.8672, 9.9627], "uv": [26, 175], "mirror": true},
						{"origin": [-3.5, 19.15, -2.375], "size": [7, 10, 4.075], "pivot": [0, 24.08283, -1.44196], "rotation": [-5, 0, 0], "uv": [23, 83]}
					]
				},
				{
					"name": "Breast",
					"parent": "UpBody",
					"pivot": [-0.0125, 25.39461, -1.59593],
					"rotation": [-33, 0, 0],
					"cubes": [
						{"origin": [-3.575, 23.84343, -3.06104], "size": [7.125, 3, 3], "pivot": [-0.0125, 25.56843, -1.28604], "rotation": [-10, 0, 0], "uv": [140, 38]},
						{"origin": [2.3, 23.71961, -3.69593], "size": [1, 3, 3], "pivot": [2.925, 25.39461, -1.59593], "rotation": [0.39202, 10.42852, 0.13165], "uv": [139, 53]},
						{"origin": [2.9, 24.41961, -2.77093], "size": [1, 1, 1], "pivot": [2.925, 25.39461, -1.59593], "rotation": [0.39202, 10.42852, 0.13165], "uv": [140, 49]},
						{"origin": [-3.9, 24.41961, -2.77093], "size": [1, 1, 1], "pivot": [-2.925, 25.39461, -1.59593], "rotation": [0.39202, -10.42852, -0.13165], "uv": [140, 49], "mirror": true},
						{"origin": [-3.3, 23.71961, -3.69593], "size": [1, 3, 3], "pivot": [-2.925, 25.39461, -1.59593], "rotation": [0.39202, -10.42852, -0.13165], "uv": [139, 45], "mirror": true}
					]
				},
				{
					"name": "Arm",
					"parent": "UpBody",
					"pivot": [0, 28.05, 0]
				},
				{
					"name": "LeftArm",
					"parent": "Arm",
					"pivot": [3.65, 28.05, 0],
					"rotation": [0, 0, -18],
					"cubes": [
						{"origin": [1.9, 25.225, -1.9], "size": [4.05, 1, 3.9], "uv": [7, 178], "mirror": true},
						{"origin": [4.75, 22.55, -2.2], "size": [1, 2, 2], "pivot": [5.7, 25.225, -1.4], "rotation": [45, 0, 0], "uv": [15, 185], "mirror": true},
						{"origin": [2.35, 22.1, -1.5], "size": [3.05, 7, 3], "uv": [96, 140], "mirror": true}
					]
				},
				{
					"name": "gem2",
					"parent": "LeftArm",
					"pivot": [5.7, 25.225, -1.4],
					"cubes": [
						{"origin": [4.75, 22.8, -1.95], "size": [1.1, 1.5, 1.5], "pivot": [5.7, 25.225, -1.4], "rotation": [45, 0, 0], "uv": [24, 187], "mirror": true}
					]
				},
				{
					"name": "LeftForeArm",
					"parent": "LeftArm",
					"pivot": [3.875, 23.1, 0.025],
					"cubes": [
						{"origin": [2.375, 16.075, -1.475], "size": [3, 7, 3], "uv": [0, 46], "mirror": true}
					]
				},
				{
					"name": "LeftHand",
					"parent": "LeftForeArm",
					"pivot": [3.875, 17.1, 0.025]
				},
				{
					"name": "LeftHandLocator",
					"parent": "LeftHand",
					"pivot": [3.875, 17.1, 0.025]
				},
				{
					"name": "RightArm",
					"parent": "Arm",
					"pivot": [-3.65, 28.05, 0],
					"rotation": [0, 0, 18],
					"cubes": [
						{"origin": [-5.4, 22.1, -1.5], "size": [3.05, 7, 3], "uv": [96, 140]},
						{"origin": [-5.75, 22.55, -2.2], "size": [1, 2, 2], "pivot": [-5.7, 25.225, -1.4], "rotation": [45, 0, 0], "uv": [15, 185]},
						{"origin": [-5.95, 25.225, -1.9], "size": [4.05, 1, 3.9], "uv": [7, 178]}
					]
				},
				{
					"name": "gem",
					"parent": "RightArm",
					"pivot": [-5.7, 25.225, -1.4],
					"cubes": [
						{"origin": [-5.85, 22.8, -1.95], "size": [1.1, 1.5, 1.5], "pivot": [-5.7, 25.225, -1.4], "rotation": [45, 0, 0], "uv": [24, 187]}
					]
				},
				{
					"name": "RightForeArm",
					"parent": "RightArm",
					"pivot": [-3.875, 23.1, 0.025],
					"cubes": [
						{"origin": [-5.375, 16.075, -1.475], "size": [3, 7, 3], "uv": [0, 46]}
					]
				},
				{
					"name": "RightHand",
					"parent": "RightForeArm",
					"pivot": [-3.875, 17.1, 0.025]
				},
				{
					"name": "RightHandLocator",
					"parent": "RightHand",
					"pivot": [-3.875, 17.1, 0.025]
				},
				{
					"name": "Head",
					"parent": "UpBody",
					"pivot": [0, 29.8, -0.1],
					"cubes": [
						{"origin": [-3.5, 29.8, -3.6], "size": [7, 7, 7], "uv": [68, 64]}
					]
				},
				{
					"name": "ZuiBa",
					"parent": "Head",
					"pivot": [0, 31, 0]
				},
				{
					"name": "Zui4",
					"parent": "ZuiBa",
					"pivot": [0, 30.475, -2.7],
					"cubes": [
						{"origin": [-0.9, 30.775, -2.7], "size": [1.8, 0.1, 0], "uv": [54, 156]},
						{"origin": [-0.6, 30.15, -2.7], "size": [1.2, 0.75, 0], "uv": [54, 156]}
					]
				},
				{
					"name": "bone23",
					"parent": "Zui4",
					"pivot": [0.375, 31.05, -2.7],
					"rotation": [0, 0, 8.25],
					"cubes": [
						{"origin": [-0.00695, 30.8031, -2.7], "size": [0.925, 0.15, 0], "uv": [31, 153]}
					]
				},
				{
					"name": "bone24",
					"parent": "Zui4",
					"pivot": [-0.375, 31.05, -2.7],
					"rotation": [0, 0, -8.25],
					"cubes": [
						{"origin": [-0.91805, 30.8031, -2.7], "size": [0.9, 0.15, 0], "uv": [31, 153]}
					]
				},
				{
					"name": "bone17",
					"parent": "Zui4",
					"pivot": [-0.65, 30.725, -2.7],
					"rotation": [0, 0, 65],
					"cubes": [
						{"origin": [-0.775, 30.525, -2.7], "size": [0.675, 0.4, 0], "uv": [31, 153]}
					]
				},
				{
					"name": "bone18",
					"parent": "Zui4",
					"pivot": [0.65, 30.725, -2.7],
					"rotation": [0, 0, -65],
					"cubes": [
						{"origin": [0.1, 30.525, -2.7], "size": [0.675, 0.4, 0], "uv": [31, 153]}
					]
				},
				{
					"name": "Zui2",
					"parent": "ZuiBa",
					"pivot": [0.125, 30.55, -1.7],
					"cubes": [
						{"origin": [-0.175, 30.525, -1.7], "size": [0.4, 0.15, 0], "pivot": [0.125, 30.6, -1.7], "rotation": [0, 0, -37.5], "uv": [54, 163]},
						{"origin": [-0.425, 30.825, -1.7], "size": [0.4, 0.15, 0], "pivot": [0.15, 30.6, -1.7], "rotation": [0, 0, -37.5], "uv": [54, 163]},
						{"origin": [-0.175, 30.3, -1.7], "size": [0.35, 0.15, 0], "pivot": [0.125, 30.6, -1.7], "rotation": [0, 0, 50], "uv": [54, 163]},
						{"origin": [-0.9603, 30.54994, -1.7], "size": [0.4, 0.15, 0], "pivot": [-0.7353, 30.67494, -1.65], "rotation": [0, 0, -42], "uv": [54, 163]},
						{"origin": [-0.65, 30.325, -1.7], "size": [0.4, 0.15, 0], "pivot": [-0.275, 30.6, -1.7], "rotation": [0, 0, 50], "uv": [54, 163]},
						{"origin": [0.5603, 30.54994, -1.7], "size": [0.4, 0.15, 0], "pivot": [0.7353, 30.67494, -1.65], "rotation": [0, 0, 42], "uv": [54, 163], "mirror": true},
						{"origin": [0.25, 30.325, -1.7], "size": [0.4, 0.15, 0], "pivot": [0.275, 30.6, -1.7], "rotation": [0, 0, -50], "uv": [54, 163], "mirror": true},
						{"origin": [0.025, 30.825, -1.7], "size": [0.4, 0.15, 0], "pivot": [-0.15, 30.6, -1.7], "rotation": [0, 0, 37.5], "uv": [54, 163], "mirror": true}
					]
				},
				{
					"name": "Zui3",
					"parent": "ZuiBa",
					"pivot": [0.125, 31.55, -2.7],
					"cubes": [
						{"origin": [-0.175, 31.325, -2.7], "size": [0.4, 0.35, 0], "pivot": [0.125, 31.6, -2.7], "rotation": [0, 0, -37.5], "uv": [54, 163]},
						{"origin": [-0.425, 31.45, -2.7], "size": [0.4, 0.525, 0], "pivot": [0.15, 31.6, -2.7], "rotation": [0, 0, -37.5], "uv": [54, 163]},
						{"origin": [-0.175, 31.3, -2.7], "size": [0.35, 0.15, 0], "pivot": [0.125, 31.6, -2.7], "rotation": [0, 0, 50], "uv": [54, 163]},
						{"origin": [-0.9603, 31.32494, -2.7], "size": [0.4, 0.375, 0], "pivot": [-0.7353, 31.67494, -2.65], "rotation": [0, 0, -42], "uv": [54, 163]},
						{"origin": [-1.6103, 30.74994, -2.7], "size": [0.7, 1.075, 0], "pivot": [-0.7353, 31.67494, -2.65], "rotation": [0, 0, -77], "uv": [54, 163]},
						{"origin": [0.9103, 30.69994, -2.7], "size": [0.7, 1.125, 0], "pivot": [0.7353, 31.67494, -2.65], "rotation": [0, 0, 77], "uv": [54, 163], "mirror": true},
						{"origin": [1.6103, 31.44994, -2.7], "size": [0.2, 0.375, 0], "pivot": [0.7353, 31.67494, -2.65], "rotation": [0, 0, 77], "uv": [54, 163], "mirror": true},
						{"origin": [1.6103, 31.07494, -2.7], "size": [0.1, 0.375, 0], "pivot": [0.7353, 31.67494, -2.65], "rotation": [0, 0, 77], "uv": [54, 163], "mirror": true},
						{"origin": [1.6103, 30.97494, -2.7], "size": [0.1, 0.175, 0], "pivot": [0.7353, 31.67494, -2.65], "rotation": [0, 0, 77], "uv": [54, 163], "mirror": true},
						{"origin": [-1.7103, 30.97494, -2.7], "size": [0.1, 0.175, 0], "pivot": [-0.7353, 31.67494, -2.65], "rotation": [0, 0, -77], "uv": [54, 163]},
						{"origin": [-1.7353, 31.12494, -2.7], "size": [0.125, 0.325, 0], "pivot": [-0.7353, 31.67494, -2.65], "rotation": [0, 0, -77], "uv": [54, 163]},
						{"origin": [-1.8103, 31.44994, -2.7], "size": [0.2, 0.375, 0], "pivot": [-0.7353, 31.67494, -2.65], "rotation": [0, 0, -77], "uv": [54, 163]},
						{"origin": [1.7353, 29.79994, -2.7], "size": [0.1, 2.25, 0], "pivot": [0.7353, 31.67494, -2.65], "rotation": [0, 0, 89.5], "uv": [54, 163], "mirror": true},
						{"origin": [-0.65, 31.325, -2.7], "size": [0.4, 0.15, 0], "pivot": [-0.275, 31.6, -2.7], "rotation": [0, 0, 50], "uv": [54, 163]},
						{"origin": [0.5603, 31.34994, -2.7], "size": [0.4, 0.35, 0], "pivot": [0.7353, 31.67494, -2.65], "rotation": [0, 0, 42], "uv": [54, 163], "mirror": true},
						{"origin": [0.25, 31.325, -2.7], "size": [0.4, 0.15, 0], "pivot": [0.275, 31.6, -2.7], "rotation": [0, 0, -50], "uv": [54, 163], "mirror": true},
						{"origin": [0.025, 31.6, -2.7], "size": [0.4, 0.375, 0], "pivot": [-0.15, 31.6, -2.7], "rotation": [0, 0, 37.5], "uv": [54, 163], "mirror": true}
					]
				},
				{
					"name": "Zui5",
					"parent": "ZuiBa",
					"pivot": [0, 30.55, -2.7],
					"cubes": [
						{"origin": [-0.0625, 30.38912, -2.7], "size": [0.125, 0.125, 0], "uv": [54, 163]},
						{"origin": [-0.25173, 30.41738, -2.7], "size": [0.25, 0.125, 0], "pivot": [-0.07673, 30.49238, -2.7], "rotation": [0, 0, 32], "uv": [54, 163]},
						{"origin": [0.00173, 30.41738, -2.7], "size": [0.25, 0.125, 0], "pivot": [0.07673, 30.49238, -2.7], "rotation": [0, 0, -32], "uv": [54, 163], "mirror": true}
					]
				},
				{
					"name": "RightEar",
					"parent": "Head",
					"pivot": [-3.6, 32.1, -0.9],
					"rotation": [-1.5741, 17.43127, -5.24133],
					"cubes": [
						{"origin": [-5.94137, 30.88274, -1.70071], "size": [2.75, 2.4, 1], "uv": [127, 45]}
					]
				},
				{
					"name": "LeftEar",
					"parent": "Head",
					"pivot": [3.6, 32.1, -0.9],
					"rotation": [-1.5741, -17.43127, 5.24133],
					"cubes": [
						{"origin": [3.19137, 30.88274, -1.70071], "size": [2.75, 2.4, 1], "uv": [127, 45], "mirror": true}
					]
				},
				{
					"name": "Face",
					"parent": "Head",
					"pivot": [0, 31.8, -0.1]
				},
				{
					"name": "BQ___",
					"parent": "Face",
					"pivot": [0, 32.6, -3.1]
				},
				{
					"name": "MeiMao_BQ",
					"parent": "BQ___",
					"pivot": [0, 35.8, 1.9]
				},
				{
					"name": "MeiMaoZuo2",
					"parent": "MeiMao_BQ",
					"pivot": [2.625, 35.5, 2.7],
					"cubes": [
						{"origin": [1.125, 32.4, -2.1], "size": [3.4, 1, 1], "pivot": [1.275, 32.9, -1.6], "rotation": [0, 0, -17.5], "uv": [27, 77]},
						{"origin": [1.125, 32.4, -2.075], "size": [3.4, 1, 1], "pivot": [1.275, 32.9, -1.6], "rotation": [0, 0, 22.5], "uv": [27, 77]}
					]
				},
				{
					"name": "MeiMaoZuo3",
					"parent": "MeiMao_BQ",
					"pivot": [-2.625, 35.5, 2.7],
					"cubes": [
						{"origin": [-4.525, 32.4, -2.1], "size": [3.4, 1, 1], "pivot": [-1.275, 32.9, -1.6], "rotation": [0, 0, 17.5], "uv": [27, 77], "mirror": true},
						{"origin": [-4.525, 32.4, -2.075], "size": [3.4, 1, 1], "pivot": [-1.275, 32.9, -1.6], "rotation": [0, 0, -22.5], "uv": [27, 77], "mirror": true}
					]
				},
				{
					"name": "Face2",
					"parent": "Face",
					"pivot": [0, 31.8, -0.1]
				},
				{
					"name": "Eyebrow",
					"parent": "Face2",
					"pivot": [0, 32.8, -3.6]
				},
				{
					"name": "LeftEyebrow",
					"parent": "Eyebrow",
					"pivot": [-2.875, 32.65, -3.425],
					"cubes": [
						{"origin": [-3.275, 32.65, -3.925], "size": [2, 1, 1], "uv": [131, 29]}
					]
				},
				{
					"name": "MeiFuJia2",
					"parent": "LeftEyebrow",
					"pivot": [-3.825, 32.65, -3.425],
					"cubes": [
						{"origin": [-4.375, 32.15, -3.925], "size": [1.1, 1, 1], "uv": [82, 118], "mirror": true}
					]
				},
				{
					"name": "RightEyebrow",
					"parent": "Eyebrow",
					"pivot": [2.875, 32.65, -3.425],
					"cubes": [
						{"origin": [1.275, 32.65, -3.925], "size": [2, 1, 1], "uv": [121, 40]}
					]
				},
				{
					"name": "MeiFuJia",
					"parent": "RightEyebrow",
					"pivot": [3.825, 32.65, -3.425],
					"cubes": [
						{"origin": [3.275, 32.15, -3.925], "size": [1.1, 1, 1], "uv": [82, 118]}
					]
				},
				{
					"name": "Eyelid",
					"parent": "Face2",
					"pivot": [0, 31.8, -0.1]
				},
				{
					"name": "RightEyelid",
					"parent": "Eyelid",
					"pivot": [-2.5, 30.8, -3.125],
					"cubes": [
						{"origin": [-3.4, 30.8, -3.625], "size": [2, 2, 1], "uv": [91, 95]}
					]
				},
				{
					"name": "YouYan4",
					"parent": "RightEyelid",
					"pivot": [-2.225, 31.8, -3.15],
					"cubes": [
						{"origin": [-2.925, 30.8, -2.65], "size": [1.4, 2, 1], "uv": [85, 136], "mirror": true}
					]
				},
				{
					"name": "YouYan",
					"parent": "RightEyelid",
					"pivot": [-2.325, 30.8, -3.125],
					"cubes": [
						{"origin": [-2.925, 30.8, -3.65], "size": [1.4, 2, 1], "uv": [132, 85]}
					]
				},
				{
					"name": "TongRen",
					"parent": "YouYan",
					"pivot": [-2.225, 31.94286, -3.175],
					"cubes": [
						{"origin": [-2.525, 31.4, -3.675], "size": [0.6, 0.8, 1], "uv": [3, 141], "mirror": true}
					]
				},
				{
					"name": "GaoGuang2",
					"parent": "YouYan",
					"pivot": [-5.95, 13.45, -3.65],
					"cubes": [
						{"origin": [-1.9, 32.25, -3.675], "size": [0.5, 0.3, 1], "uv": [65, 156]}
					]
				},
				{
					"name": "LeftEyelid",
					"parent": "Eyelid",
					"pivot": [2.5, 30.8, -3.125],
					"cubes": [
						{"origin": [1.4, 30.8, -3.625], "size": [2, 2, 1], "uv": [11, 23]}
					]
				},
				{
					"name": "YouYan2",
					"parent": "LeftEyelid",
					"pivot": [2.325, 30.8, -3.125],
					"cubes": [
						{"origin": [1.525, 30.8, -3.65], "size": [1.4, 2, 1], "uv": [85, 132]}
					]
				},
				{
					"name": "TongRen2",
					"parent": "YouYan2",
					"pivot": [2.225, 31.8, -3.175],
					"cubes": [
						{"origin": [1.925, 31.4, -3.675], "size": [0.6, 0.8, 1], "uv": [3, 141]}
					]
				},
				{
					"name": "GaoGuang",
					"parent": "YouYan2",
					"pivot": [-1.225, 13.45, -3.65],
					"cubes": [
						{"origin": [2.625, 32.25, -3.675], "size": [0.5, 0.3, 1], "uv": [65, 156]}
					]
				},
				{
					"name": "YouYan3",
					"parent": "LeftEyelid",
					"pivot": [2.325, 31.8, -2.125],
					"cubes": [
						{"origin": [1.525, 30.8, -2.65], "size": [1.4, 2, 1], "uv": [85, 136]}
					]
				},
				{
					"name": "Hair",
					"parent": "Head",
					"pivot": [-0.14783, 34.26957, 0.52174]
				},
				{
					"name": "LongHair",
					"parent": "Hair",
					"pivot": [0, 35.17526, 4.25017]
				},
				{
					"name": "MaWeiB_Right",
					"parent": "LongHair",
					"pivot": [-3.6069, 35.17526, 4.25017],
					"rotation": [8.58034, -18.3817, 4.2783],
					"cubes": [
						{"origin": [-4.79306, 30.00965, 4.02915], "size": [2.3, 6, 1], "uv": [60, 23], "mirror": true},
						{"origin": [-3.79306, 30.00965, 3.82915], "size": [2.3, 4, 1], "uv": [60, 23], "mirror": true},
						{"origin": [-5.5547, 28.29014, 3.46596], "size": [2, 5, 1], "pivot": [-4.5547, 31.54014, 4.09096], "rotation": [10.80556, -11.5347, 4.22413], "uv": [91, 126], "mirror": true}
					]
				},
				{
					"name": "MaWei15",
					"parent": "MaWeiB_Right",
					"pivot": [-4.08472, 30.76798, 4.18749],
					"rotation": [5.69563, -3.09013, 17.09476],
					"cubes": [
						{"origin": [-5.09537, 26.89038, 4.02035], "size": [2.4, 4, 1], "pivot": [-4.67037, 28.89038, 4.42035], "rotation": [0.95723, 2.30959, 10.0193], "uv": [139, 160], "mirror": true},
						{"origin": [-3.98828, 27.19895, 3.8155], "size": [2.4, 4, 1], "pivot": [-2.83828, 29.07395, 4.3155], "rotation": [0.85553, 2.34914, 7.51754], "uv": [139, 160], "mirror": true}
					]
				},
				{
					"name": "MaWei16",
					"parent": "MaWei15",
					"pivot": [-4.48472, 27.49295, 3.86249],
					"rotation": [2.47977, 13.36328, 15.74448],
					"cubes": [
						{"origin": [-5.46806, 23.25965, 3.97915], "size": [2.3, 4, 1], "pivot": [-4.41806, 25.65965, 4.12915], "rotation": [0, -7.5, 7.5], "uv": [129, 51], "mirror": true},
						{"origin": [-4.71972, 23.94701, 4.0669], "size": [2.3, 4, 1], "pivot": [-3.34472, 25.94701, 4.5669], "rotation": [-0.6574, -7.4713, 12.54292], "uv": [129, 51], "mirror": true}
					]
				},
				{
					"name": "MaWei17",
					"parent": "MaWei16",
					"pivot": [-3.98483, 24.50531, 4.90216],
					"rotation": [0, 0, -2.5],
					"cubes": [
						{"origin": [-4.24461, 21.08511, 4.18821], "size": [2, 4, 1], "pivot": [-3.51961, 21.66011, 4.61321], "rotation": [2.88419, -6.92618, -15.17458], "uv": [129, 51], "mirror": true},
						{"origin": [-3.65983, 18.70531, 4.45216], "size": [1, 4, 1], "pivot": [-1.98483, 20.90531, 4.90216], "rotation": [5.31847, -5.29571, -37.74614], "uv": [137, 63], "mirror": true}
					]
				},
				{
					"name": "MaWei18",
					"parent": "MaWei16",
					"pivot": [-4.96718, 23.83309, 4.40784],
					"rotation": [0, 0, 22.5],
					"cubes": [
						{"origin": [-5.7139, 20.20697, 3.91736], "size": [2.4, 4, 1], "pivot": [-4.6639, 23.80697, 4.06736], "rotation": [0, 0, 0], "uv": [143, 60], "mirror": true}
					]
				},
				{
					"name": "MaWei28",
					"parent": "MaWei18",
					"pivot": [-4.81517, 20.65531, 4.87716],
					"rotation": [0, -10, 2.5],
					"cubes": [
						{"origin": [-6.60539, 19.41011, 4.16321], "size": [2, 3, 1], "pivot": [-5.33039, 18.98511, 4.58821], "rotation": [2.88419, 6.92618, 15.17458], "uv": [165, 159]},
						{"origin": [-6.61517, 17.50531, 4.42716], "size": [1, 3, 1], "pivot": [-6.86517, 18.23031, 4.87716], "rotation": [5.31847, 5.29571, 37.74614], "uv": [173, 171]}
					]
				},
				{
					"name": "MaWei19",
					"parent": "MaWei18",
					"pivot": [-4.89218, 20.40809, 4.43284],
					"rotation": [-0.14869, -0.31428, -34.68524],
					"cubes": [
						{"origin": [-5.6389, 16.78197, 3.94236], "size": [2.4, 4, 1], "pivot": [-4.5889, 20.38197, 4.09236], "rotation": [0, 0, 0], "uv": [143, 66], "mirror": true}
					]
				},
				{
					"name": "MaWei20",
					"parent": "MaWei19",
					"pivot": [-4.79218, 16.95809, 4.50784],
					"rotation": [4.40195, 0.99429, -45.24636],
					"cubes": [
						{"origin": [-5.5389, 13.38197, 4.01736], "size": [2.1, 4, 1], "pivot": [-4.4889, 16.93197, 4.16736], "rotation": [0, 0, 0], "uv": [151, 66], "mirror": true}
					]
				},
				{
					"name": "MaWei21",
					"parent": "MaWei20",
					"pivot": [-4.69218, 13.58309, 4.55784],
					"rotation": [-0.45191, 1.47469, -40.23042],
					"cubes": [
						{"origin": [-5.4389, 10.00697, 4.06736], "size": [2, 4, 1], "pivot": [-4.3889, 13.55697, 4.21736], "rotation": [0, 0, 0], "uv": [159, 58], "mirror": true}
					]
				},
				{
					"name": "MaWei22",
					"parent": "MaWei21",
					"pivot": [-4.59218, 10.25809, 4.53284],
					"rotation": [0, 0, -42.73301],
					"cubes": [
						{"origin": [-5.3389, 6.68197, 4.04236], "size": [2, 4, 1], "pivot": [-4.2889, 10.23197, 4.19236], "rotation": [0, 0, 0], "uv": [150, 61], "mirror": true}
					]
				},
				{
					"name": "MaWei23",
					"parent": "MaWei22",
					"pivot": [-4.49218, 6.93309, 4.55784],
					"rotation": [0, 0, -42.73301],
					"cubes": [
						{"origin": [-5.2389, 4.35697, 4.06736], "size": [2, 3, 1], "pivot": [-4.1889, 6.90697, 4.21736], "rotation": [0, 0, 0], "uv": [129, 51], "mirror": true}
					]
				},
				{
					"name": "MaWei24",
					"parent": "MaWei23",
					"pivot": [-4.39218, 4.63309, 4.58284],
					"rotation": [0, 0, -52.73301],
					"cubes": [
						{"origin": [-5.1389, 2.05697, 4.11736], "size": [1, 3, 1], "pivot": [-4.0889, 4.60697, 4.24236], "rotation": [0, 0, 0], "uv": [162, 71], "mirror": true},
						{"origin": [-4.4139, 3.05697, 4.09236], "size": [1, 2, 1], "pivot": [-3.6389, 4.05697, 4.59236], "rotation": [0, 0, 32.5], "uv": [162, 67], "mirror": true}
					]
				},
				{
					"name": "MaWei25",
					"parent": "MaWei24",
					"pivot": [-4.36718, 2.35809, 4.58284],
					"rotation": [0, 0, -55.23301],
					"cubes": [
						{"origin": [-5.10821, 0.78633, 4.14131], "size": [1, 2, 1], "pivot": [-4.0639, 2.33197, 4.24236], "rotation": [0, 0, 0], "uv": [162, 72], "mirror": true}
					]
				},
				{
					"name": "MaWei26",
					"parent": "MaWei25",
					"pivot": [-4.34218, 1.13309, 4.60784],
					"rotation": [0, 0, -55.23301],
					"cubes": [
						{"origin": [-5.08207, -0.44521, 4.16631], "size": [1, 2, 1], "pivot": [-4.0389, 1.10697, 4.26736], "rotation": [0, 0, 0], "uv": [162, 72], "mirror": true}
					]
				},
				{
					"name": "MaWeiB_Left",
					"parent": "LongHair",
					"pivot": [3.6069, 35.17526, 4.25017],
					"rotation": [8.58034, 18.3817, -4.2783],
					"cubes": [
						{"origin": [2.49306, 30.00965, 4.02915], "size": [2.3, 6, 1], "uv": [60, 23]},
						{"origin": [1.49306, 30.00965, 3.82915], "size": [2.3, 4, 1], "uv": [60, 23]},
						{"origin": [3.5547, 28.29014, 3.46596], "size": [2, 5, 1], "pivot": [4.5547, 31.54014, 4.09096], "rotation": [10.80556, 11.5347, -4.22413], "uv": [91, 126]}
					]
				},
				{
					"name": "MaWei11",
					"parent": "MaWeiB_Left",
					"pivot": [4.08472, 30.76798, 4.18749],
					"rotation": [5.69563, 3.09013, -17.09476],
					"cubes": [
						{"origin": [2.69537, 26.89038, 4.02035], "size": [2.4, 4, 1], "pivot": [4.67037, 28.89038, 4.42035], "rotation": [0.95723, -2.30959, -10.0193], "uv": [139, 160]},
						{"origin": [1.58828, 27.19895, 3.8155], "size": [2.4, 4, 1], "pivot": [2.83828, 29.07395, 4.3155], "rotation": [0.85553, -2.34914, -7.51754], "uv": [139, 160]}
					]
				},
				{
					"name": "MaWei12",
					"parent": "MaWei11",
					"pivot": [4.48472, 27.49295, 3.86249],
					"rotation": [2.47977, -13.36328, -15.74448],
					"cubes": [
						{"origin": [3.16806, 23.25965, 3.97915], "size": [2.3, 4, 1], "pivot": [4.41806, 25.65965, 4.12915], "rotation": [0, 7.5, -7.5], "uv": [129, 51]},
						{"origin": [2.41972, 23.94701, 4.0669], "size": [2.3, 4, 1], "pivot": [3.34472, 25.94701, 4.5669], "rotation": [-0.6574, 7.4713, -12.54292], "uv": [129, 51]}
					]
				},
				{
					"name": "MaWei",
					"parent": "MaWei12",
					"pivot": [3.98483, 24.50531, 4.90216],
					"rotation": [0, 0, 2.5],
					"cubes": [
						{"origin": [2.19461, 21.68511, 4.18821], "size": [2, 4, 1], "pivot": [3.46961, 22.26011, 4.61321], "rotation": [2.88419, 6.92618, 15.17458], "uv": [129, 51]},
						{"origin": [2.60983, 19.30531, 4.45216], "size": [1, 4, 1], "pivot": [1.93483, 21.50531, 4.90216], "rotation": [5.31847, 5.29571, 37.74614], "uv": [137, 63]}
					]
				},
				{
					"name": "MaWei4",
					"parent": "MaWei12",
					"pivot": [4.96718, 23.83309, 4.40784],
					"rotation": [0, 0, -22.5],
					"cubes": [
						{"origin": [3.3139, 20.20697, 3.91736], "size": [2.4, 4, 1], "pivot": [4.6639, 23.80697, 4.06736], "rotation": [0, 0, 0], "uv": [143, 60]}
					]
				},
				{
					"name": "MaWei27",
					"parent": "MaWei4",
					"pivot": [4.81517, 20.65531, 4.87716],
					"rotation": [0, 10, -2.5],
					"cubes": [
						{"origin": [4.60539, 19.78511, 4.16321], "size": [2, 3, 1], "pivot": [5.33039, 19.36011, 4.58821], "rotation": [2.88419, -6.92618, -15.17458], "uv": [165, 159], "mirror": true},
						{"origin": [5.61517, 17.88031, 4.42716], "size": [1, 3, 1], "pivot": [6.86517, 18.60531, 4.87716], "rotation": [5.31847, -5.29571, -37.74614], "uv": [173, 171], "mirror": true}
					]
				},
				{
					"name": "MaWei5",
					"parent": "MaWei4",
					"pivot": [4.89218, 20.40809, 4.43284],
					"rotation": [-0.14869, 0.31428, 34.68524],
					"cubes": [
						{"origin": [3.2389, 16.78197, 3.94236], "size": [2.4, 4, 1], "pivot": [4.5889, 20.38197, 4.09236], "rotation": [0, 0, 0], "uv": [143, 66]}
					]
				},
				{
					"name": "MaWei6",
					"parent": "MaWei5",
					"pivot": [4.79218, 16.95809, 4.50784],
					"rotation": [4.40195, -0.99429, 45.24636],
					"cubes": [
						{"origin": [3.4389, 13.38197, 4.01736], "size": [2.1, 4, 1], "pivot": [4.4889, 16.93197, 4.16736], "rotation": [0, 0, 0], "uv": [151, 66]}
					]
				},
				{
					"name": "MaWei7",
					"parent": "MaWei6",
					"pivot": [4.69218, 13.58309, 4.55784],
					"rotation": [-0.45191, -1.47469, 40.23042],
					"cubes": [
						{"origin": [3.4389, 10.00697, 4.06736], "size": [2, 4, 1], "pivot": [4.3889, 13.55697, 4.21736], "rotation": [0, 0, 0], "uv": [159, 58]}
					]
				},
				{
					"name": "MaWei8",
					"parent": "MaWei7",
					"pivot": [4.59218, 10.25809, 4.53284],
					"rotation": [0, 0, 42.73301],
					"cubes": [
						{"origin": [3.3389, 6.68197, 4.04236], "size": [2, 4, 1], "pivot": [4.2889, 10.23197, 4.19236], "rotation": [0, 0, 0], "uv": [150, 61]}
					]
				},
				{
					"name": "MaWei9",
					"parent": "MaWei8",
					"pivot": [4.49218, 6.93309, 4.55784],
					"rotation": [0, 0, 42.73301],
					"cubes": [
						{"origin": [3.2389, 4.35697, 4.06736], "size": [2, 3, 1], "pivot": [4.1889, 6.90697, 4.21736], "rotation": [0, 0, 0], "uv": [129, 51]}
					]
				},
				{
					"name": "MaWei10",
					"parent": "MaWei9",
					"pivot": [4.39218, 4.63309, 4.58284],
					"rotation": [0, 0, 52.73301],
					"cubes": [
						{"origin": [4.1389, 2.05697, 4.11736], "size": [1, 3, 1], "pivot": [4.0889, 4.60697, 4.24236], "rotation": [0, 0, 0], "uv": [162, 71]},
						{"origin": [3.4139, 3.05697, 4.09236], "size": [1, 2, 1], "pivot": [3.6389, 4.05697, 4.59236], "rotation": [0, 0, -32.5], "uv": [162, 67]}
					]
				},
				{
					"name": "MaWei13",
					"parent": "MaWei10",
					"pivot": [4.36718, 2.35809, 4.58284],
					"rotation": [0, 0, 55.23301],
					"cubes": [
						{"origin": [4.10821, 0.78633, 4.14131], "size": [1, 2, 1], "pivot": [4.0639, 2.33197, 4.24236], "rotation": [0, 0, 0], "uv": [162, 72]}
					]
				},
				{
					"name": "MaWei14",
					"parent": "MaWei13",
					"pivot": [4.34218, 1.13309, 4.60784],
					"rotation": [0, 0, 55.23301],
					"cubes": [
						{"origin": [4.08207, -0.44521, 4.16631], "size": [1, 2, 1], "pivot": [4.0389, 1.10697, 4.26736], "rotation": [0, 0, 0], "uv": [162, 72]}
					]
				},
				{
					"name": "MaWeiA",
					"parent": "Hair",
					"pivot": [0, 38.275, 3.7],
					"rotation": [-15, 0, 0],
					"cubes": [
						{"origin": [-1.5, 36.78908, 2.81879], "size": [3, 3, 2], "pivot": [0, 38.06408, 4.99379], "rotation": [-109.5, 0, 0], "uv": [190, 142]},
						{"origin": [-2.49529, 37.61653, 5.1598], "size": [2, 3, 1], "pivot": [-1.49529, 39.11653, 5.6598], "rotation": [73.56576, -21.52761, -4.70241], "uv": [180, 126]},
						{"origin": [0.49529, 37.61653, 5.1598], "size": [2, 3, 1], "pivot": [1.49529, 39.11653, 5.6598], "rotation": [73.56576, 21.52761, 4.70241], "uv": [180, 126], "mirror": true},
						{"origin": [-2.06152, 37.47163, 2.31652], "size": [2, 2, 4], "pivot": [0, 37.62056, 4.54107], "rotation": [42.10967, -3.73171, 11.93845], "uv": [160, 110]},
						{"origin": [-0.93848, 37.47163, 2.31652], "size": [3, 2, 4], "pivot": [0, 37.62056, 4.54107], "rotation": [42.10967, 3.73171, -11.93845], "uv": [161, 100], "mirror": true}
					]
				},
				{
					"name": "Mawei2",
					"parent": "MaWeiA",
					"pivot": [0, 39.2792, 6.93644],
					"rotation": [15, 0, 0],
					"cubes": [
						{"origin": [-1.6, 35.15209, 6.36321], "size": [3.2, 4.2, 2], "pivot": [0, 36.50682, 6.79821], "rotation": [18.5, 0, 0], "uv": [114, 173]},
						{"origin": [0.98544, 34.89387, 7.36293], "size": [2, 4, 1], "pivot": [0, 36.50682, 6.79821], "rotation": [13.40806, 19.23591, -2.91724], "uv": [180, 126], "mirror": true},
						{"origin": [-2.98544, 34.89387, 7.36293], "size": [2, 4, 1], "pivot": [0, 36.50682, 6.79821], "rotation": [13.40806, -19.23591, 2.91724], "uv": [180, 126]}
					]
				},
				{
					"name": "Mawei3",
					"parent": "Mawei2",
					"pivot": [0, 35.5042, 7.86144],
					"rotation": [-17.5, 0, 0],
					"cubes": [
						{"origin": [-2, 29.13888, 8.69369], "size": [4, 7, 1], "pivot": [0, 32.63888, 9.19369], "rotation": [18.5, 0, 0], "uv": [128, 173]},
						{"origin": [-3.38544, 29.11887, 8.28793], "size": [3, 6, 1], "pivot": [0, 32.73182, 7.72321], "rotation": [13.40806, -19.23591, 2.91724], "uv": [194, 126]},
						{"origin": [0.38544, 29.11887, 8.28793], "size": [3, 6, 1], "pivot": [0, 32.73182, 7.72321], "rotation": [13.40806, 19.23591, -2.91724], "uv": [194, 126], "mirror": true}
					]
				},
				{
					"name": "BaseHair",
					"parent": "Hair",
					"pivot": [0, 12.8, -0.1],
					"cubes": [
						{"origin": [-0.5, 32.8, -5.1], "size": [1, 5, 1], "uv": [121, 131]},
						{"origin": [1.5, 34.525, -4.9], "size": [1, 3, 1], "uv": [16, 132]},
						{"origin": [-5, 31.975, 2.9], "size": [1, 4, 1], "uv": [129, 120]},
						{"origin": [-1.5, 33.8, -5.1], "size": [1, 4, 1], "uv": [62, 131]},
						{"origin": [0.5, 33.8, -5.1], "size": [1, 4, 1], "uv": [24, 131]},
						{"origin": [-2.5, 34.525, -4.9], "size": [1, 3, 1], "uv": [29, 132]},
						{"origin": [-4.4625, 33.325, -4.05], "size": [1, 4, 3], "uv": [46, 126]},
						{"origin": [3.4625, 33.325, -4.1], "size": [1, 4, 3], "uv": [63, 123]},
						{"origin": [-4.5, 32.9, -2.55], "size": [1, 5, 6], "uv": [106, 103]},
						{"origin": [-3, 31.1, 4.1], "size": [6, 6, 1], "uv": [0, 118]},
						{"origin": [-4, 30.1, 3.1], "size": [8, 7, 1], "uv": [87, 107]},
						{"origin": [3.5, 32.9, -2.55], "size": [1, 5, 6], "uv": [24, 104]},
						{"origin": [-5.5, 31.9, 0.925], "size": [1, 5, 2], "uv": [126, 19]},
						{"origin": [-5.5, 31.9, -0.075], "size": [1, 5, 1], "uv": [57, 71]},
						{"origin": [-5.5, 32.9, -1.075], "size": [1, 3, 1], "uv": [15, 110]},
						{"origin": [4.5, 32.9, -1.075], "size": [1, 3, 1], "uv": [15, 110], "mirror": true},
						{"origin": [4.5, 31.9, -0.075], "size": [1, 5, 1], "uv": [57, 71], "mirror": true},
						{"origin": [4.5, 31.9, 0.925], "size": [1, 5, 2], "uv": [126, 19], "mirror": true},
						{"origin": [4, 31.975, 2.9], "size": [1, 4, 1], "uv": [129, 120], "mirror": true},
						{"origin": [-4.5, 30.9, 0.875], "size": [1, 2, 3], "uv": [113, 126]},
						{"origin": [-4.25, 30.9, -2.125], "size": [1, 2, 3], "uv": [141, 110]},
						{"origin": [3.25, 30.9, -2.125], "size": [1, 2, 3], "uv": [141, 110], "mirror": true},
						{"origin": [3.5, 30.9, 0.775], "size": [1, 2, 3], "uv": [97, 70]},
						{"origin": [-4.4, 32.5, -3.7], "size": [1, 4, 2], "uv": [0, 98]},
						{"origin": [-2, 35.5, -4.3], "size": [4, 3, 1], "uv": [126, 109]},
						{"origin": [-2.975, 37.8, -3.7], "size": [6, 1, 7], "uv": [41, 14]},
						{"origin": [-4, 37.1, -3.9], "size": [8, 1, 8], "uv": [60, 0]},
						{"origin": [-2, 38.8, -2.7], "size": [4, 1, 5], "uv": [39, 109]},
						{"origin": [-3, 38.8, -1.7], "size": [1, 1, 3], "uv": [128, 115]},
						{"origin": [2, 38.8, -1.7], "size": [1, 1, 3], "uv": [127, 40]},
						{"origin": [-3.975, 37.8, -2.7], "size": [1, 1, 5], "uv": [121, 12]},
						{"origin": [3.025, 37.8, -2.7], "size": [1, 1, 5], "uv": [92, 119]},
						{"origin": [2.5, 33.425, -4.6], "size": [1, 4, 1], "uv": [67, 131]},
						{"origin": [-3.5, 33.425, -4.6], "size": [1, 4, 1], "uv": [130, 130]}
					]
				},
				{
					"name": "SideHair",
					"parent": "Hair",
					"pivot": [3.62657, 34.00532, -1.76662]
				},
				{
					"name": "LeftSiedHair",
					"parent": "SideHair",
					"pivot": [4.12657, 37.00532, -2.26662]
				},
				{
					"name": "Left_CeFa_B1",
					"parent": "LeftSiedHair",
					"pivot": [3.62657, 34.00532, -1.76662],
					"rotation": [-7.96235, -0.51338, -6.48308],
					"cubes": [
						{"origin": [3.11407, 31.50532, -2.76662], "size": [1.025, 2, 1], "uv": [154, 88]},
						{"origin": [3.1504, 28.57338, -2.74162], "size": [1.025, 3, 1], "pivot": [4.04157, 31.68182, -1.93491], "rotation": [0, 0, 7.5], "uv": [159, 86]},
						{"origin": [2.69392, 29.0747, -3.16557], "size": [2.35, 1, 2.8], "pivot": [4.04392, 29.6997, -1.41557], "rotation": [11.25, 0, 3.5], "uv": [147, 116]},
						{"origin": [2.13483, 28.67275, -3.00834], "size": [2.35, 0.2, 2.85], "pivot": [3.83483, 29.14775, -1.55834], "rotation": [8.60167, 2.26053, -36.70642], "uv": [157, 120]},
						{"origin": [2.46411, 28.43468, -2.93129], "size": [2.35, 0.2, 2.85], "pivot": [3.63911, 28.53468, -1.50629], "rotation": [-5.69258, 4.33386, -151.96778], "uv": [157, 120]}
					]
				},
				{
					"name": "toushi3",
					"parent": "Left_CeFa_B1",
					"pivot": [4.04392, 29.6997, -1.41557],
					"cubes": [
						{"origin": [3.86892, 29.2747, -3.19057], "size": [1.2, 0.3, 2.85], "pivot": [4.04392, 29.6997, -1.41557], "rotation": [11.25, 0, 3.5], "uv": [150, 111]},
						{"origin": [2.66892, 29.2747, -3.19057], "size": [1.2, 0.3, 2.85], "pivot": [4.04392, 29.6997, -1.41557], "rotation": [11.25, 0, 3.5], "uv": [174, 119]}
					]
				},
				{
					"name": "TouShi",
					"parent": "Left_CeFa_B1",
					"pivot": [3.78548, 27.9251, -2.40166],
					"rotation": [-25, 0, 0],
					"cubes": [
						{"origin": [3.48322, 27.12823, -2.7852], "size": [2.35, 0.2, 0.6], "pivot": [4.62031, 27.09912, -2.48949], "rotation": [-2.76223, 6.59771, -121.91145], "uv": [157, 122]},
						{"origin": [3.53322, 27.10323, -2.5852], "size": [2.325, 0.25, 0.2], "pivot": [4.62031, 27.09912, -2.48949], "rotation": [-2.76223, 6.59771, -121.91145], "uv": [147, 131]},
						{"origin": [-7.16699, 32.14678, -2.72248], "size": [2.35, 0.2, 0.6], "pivot": [-2.87278, 27.08376, -2.61352], "rotation": [-2.76223, -6.59771, 121.91145], "uv": [157, 122], "mirror": true},
						{"origin": [-7.16699, 32.09678, -2.52248], "size": [2.4, 0.275, 0.2], "pivot": [-2.87278, 27.08376, -2.61352], "rotation": [-2.76223, -6.59771, 121.91145], "uv": [147, 129], "mirror": true},
						{"origin": [2.39798, 25.9251, -2.67666], "size": [2.775, 0.2, 0.6], "pivot": [3.78548, 26.0251, -2.40166], "rotation": [-7.01081, 1.322, 177.5028], "uv": [157, 122], "mirror": true},
						{"origin": [2.37298, 25.9001, -2.45166], "size": [2.825, 0.25, 0.175], "pivot": [3.78548, 26.0251, -2.40166], "rotation": [-7.01081, 1.322, 177.5028], "uv": [152, 113], "mirror": true}
					]
				},
				{
					"name": "Right_CeFa_B3",
					"parent": "Left_CeFa_B1",
					"pivot": [3.47343, 30.40532, -1.66662],
					"rotation": [-0.60522, -0.69727, 4.03913],
					"cubes": [
						{"origin": [2.96093, 27.90532, -2.66662], "size": [1.025, 2, 1], "uv": [161, 138], "mirror": true},
						{"origin": [2.9246, 24.97338, -2.64162], "size": [1.025, 3, 1], "pivot": [3.05843, 28.08182, -1.83491], "rotation": [0, 0, -7.5], "uv": [166, 136], "mirror": true},
						{"origin": [3.66248, 26.17196, -2.53746], "size": [1.025, 1, 1], "pivot": [4.35389, 28.5545, -1.80227], "rotation": [0, 0, -10], "uv": [163, 144], "mirror": true},
						{"origin": [3.68361, 28.93114, -2.56708], "size": [1.025, 2, 2], "pivot": [2.75389, 28.5545, -1.80227], "rotation": [0, 0, 2.5], "uv": [177, 141], "mirror": true},
						{"origin": [3.70234, 27.06448, -2.56246], "size": [1.025, 2, 2], "pivot": [4.35389, 28.5545, -1.80227], "rotation": [0, 0, -7.5], "uv": [168, 143], "mirror": true}
					]
				},
				{
					"name": "Right_CeFa_B2",
					"parent": "Right_CeFa_B3",
					"pivot": [3.57343, 26.70532, -1.56662],
					"rotation": [-5.43506, -0.59399, -8.47261],
					"cubes": [
						{"origin": [3.06093, 24.20532, -2.56662], "size": [1.025, 2, 1], "uv": [161, 138], "mirror": true},
						{"origin": [3.0246, 21.27338, -2.54162], "size": [1.025, 3, 1], "pivot": [3.15843, 24.38182, -1.73491], "rotation": [0, 0, -7.5], "uv": [166, 136], "mirror": true},
						{"origin": [3.76248, 22.47196, -2.43746], "size": [1.025, 1, 1], "pivot": [4.45389, 24.8545, -1.70227], "rotation": [0, 0, -10], "uv": [163, 144], "mirror": true},
						{"origin": [3.78361, 25.23114, -2.46708], "size": [1.025, 2, 2], "pivot": [2.85389, 24.8545, -1.70227], "rotation": [0, 0, 2.5], "uv": [177, 141], "mirror": true},
						{"origin": [3.80234, 23.36448, -2.46246], "size": [1.025, 2, 2], "pivot": [4.45389, 24.8545, -1.70227], "rotation": [0, 0, -7.5], "uv": [168, 143], "mirror": true}
					]
				},
				{
					"name": "Left_CeFa_C",
					"parent": "Left_CeFa_B1",
					"pivot": [4.00157, 35.50532, -0.76662],
					"rotation": [0, 0, -7.5],
					"cubes": [
						{"origin": [3.41407, 30.65992, -2.66246], "size": [1.025, 2, 2], "pivot": [3.91785, 30.96011, -1.89996], "rotation": [0, 0, 10], "uv": [161, 93]},
						{"origin": [3.40216, 29.76059, -2.63746], "size": [1.025, 1, 1], "pivot": [3.91785, 30.96011, -1.89996], "rotation": [0, 0, 12.5], "uv": [156, 94]},
						{"origin": [3.71639, 32.53114, -2.66708], "size": [1.025, 3, 2], "uv": [170, 91]}
					]
				},
				{
					"name": "Left_CeFa_A",
					"parent": "LeftSiedHair",
					"pivot": [3.7125, 35.3704, -2.65415],
					"rotation": [-5.45323, -0.71681, -7.46586],
					"cubes": [
						{"origin": [3.2, 32.8704, -3.65415], "size": [1.025, 2, 1], "uv": [30, 0]},
						{"origin": [3.23633, 29.93846, -3.62915], "size": [1.025, 3, 1], "pivot": [4.1275, 33.0469, -2.82245], "rotation": [0, 0, 7.5], "uv": [72, 97]}
					]
				},
				{
					"name": "Left_CeFa_B2",
					"parent": "Left_CeFa_A",
					"pivot": [4.0875, 36.8704, -1.65415],
					"rotation": [0, 0, -7.5],
					"cubes": [
						{"origin": [3.5, 32.025, -3.55], "size": [1.025, 2, 2], "pivot": [4.00378, 32.32519, -2.7875], "rotation": [0, 0, 10], "uv": [41, 16]},
						{"origin": [3.48809, 31.12567, -3.525], "size": [1.025, 1, 1], "pivot": [4.00378, 32.32519, -2.7875], "rotation": [0, 0, 12.5], "uv": [101, 116]},
						{"origin": [3.80232, 33.89621, -3.55461], "size": [1.025, 3, 2], "uv": [11, 98]}
					]
				},
				{
					"name": "RightSideHair",
					"parent": "SideHair",
					"pivot": [-4.12657, 37.00532, -2.26662]
				},
				{
					"name": "Right_CeFa_B4",
					"parent": "RightSideHair",
					"pivot": [-3.62657, 34.00532, -1.76662],
					"rotation": [-7.96235, 0.51338, 6.48308],
					"cubes": [
						{"origin": [-4.13907, 31.50532, -2.76662], "size": [1.025, 2, 1], "uv": [154, 88], "mirror": true},
						{"origin": [-4.1754, 28.57338, -2.74162], "size": [1.025, 3, 1], "pivot": [-4.04157, 31.68182, -1.93491], "rotation": [0, 0, -7.5], "uv": [159, 86], "mirror": true},
						{"origin": [-5.04392, 29.0747, -3.16557], "size": [2.35, 1, 2.8], "pivot": [-4.04392, 29.6997, -1.41557], "rotation": [11.25, 0, -3.5], "uv": [147, 116], "mirror": true},
						{"origin": [-4.48483, 28.67275, -3.00834], "size": [2.35, 0.2, 2.85], "pivot": [-3.83483, 29.14775, -1.55834], "rotation": [8.60167, -2.26053, 36.70642], "uv": [157, 120], "mirror": true},
						{"origin": [-4.81411, 28.43468, -2.93129], "size": [2.35, 0.2, 2.85], "pivot": [-3.63911, 28.53468, -1.50629], "rotation": [-5.69258, -4.33386, 151.96778], "uv": [157, 120], "mirror": true}
					]
				},
				{
					"name": "toushi4",
					"parent": "Right_CeFa_B4",
					"pivot": [-4.04392, 29.6997, -1.41557],
					"cubes": [
						{"origin": [-5.06892, 29.2747, -3.19057], "size": [1.2, 0.3, 2.85], "pivot": [-4.04392, 29.6997, -1.41557], "rotation": [11.25, 0, -3.5], "uv": [150, 111], "mirror": true},
						{"origin": [-3.86892, 29.2747, -3.19057], "size": [1.2, 0.3, 2.85], "pivot": [-4.04392, 29.6997, -1.41557], "rotation": [11.25, 0, -3.5], "uv": [174, 119], "mirror": true}
					]
				},
				{
					"name": "TouShi2",
					"parent": "Right_CeFa_B4",
					"pivot": [-3.78548, 27.9251, -2.40166],
					"rotation": [-25, 0, 0],
					"cubes": [
						{"origin": [-5.83322, 27.12823, -2.7852], "size": [2.35, 0.2, 0.6], "pivot": [-4.62031, 27.09912, -2.48949], "rotation": [-2.76223, -6.59771, 121.91145], "uv": [157, 122], "mirror": true},
						{"origin": [4.81699, 32.14678, -2.72248], "size": [2.35, 0.2, 0.6], "pivot": [2.87278, 27.08376, -2.61352], "rotation": [-2.76223, 6.59771, -121.91145], "uv": [157, 122]},
						{"origin": [-5.85822, 27.10323, -2.5852], "size": [2.325, 0.25, 0.2], "pivot": [-4.62031, 27.09912, -2.48949], "rotation": [-2.76223, -6.59771, 121.91145], "uv": [147, 131], "mirror": true},
						{"origin": [4.76699, 32.09678, -2.52248], "size": [2.4, 0.275, 0.2], "pivot": [2.87278, 27.08376, -2.61352], "rotation": [-2.76223, 6.59771, -121.91145], "uv": [147, 129]},
						{"origin": [-5.17298, 25.9251, -2.67666], "size": [2.775, 0.2, 0.6], "pivot": [-3.78548, 26.0251, -2.40166], "rotation": [-7.01081, -1.322, -177.5028], "uv": [157, 122]},
						{"origin": [-5.19798, 25.9001, -2.45166], "size": [2.825, 0.25, 0.175], "pivot": [-3.78548, 26.0251, -2.40166], "rotation": [-7.01081, -1.322, -177.5028], "uv": [152, 113]}
					]
				},
				{
					"name": "Left_CeFa_B",
					"parent": "Right_CeFa_B4",
					"pivot": [-3.47343, 30.40532, -1.66662],
					"rotation": [-0.60522, 0.69727, -4.03913],
					"cubes": [
						{"origin": [-3.98593, 27.90532, -2.66662], "size": [1.025, 2, 1], "uv": [161, 138]},
						{"origin": [-3.9496, 24.97338, -2.64162], "size": [1.025, 3, 1], "pivot": [-3.05843, 28.08182, -1.83491], "rotation": [0, 0, 7.5], "uv": [166, 136]},
						{"origin": [-4.68748, 26.17196, -2.53746], "size": [1.025, 1, 1], "pivot": [-4.35389, 28.5545, -1.80227], "rotation": [0, 0, 10], "uv": [163, 144]},
						{"origin": [-4.70861, 28.93114, -2.56708], "size": [1.025, 2, 2], "pivot": [-2.75389, 28.5545, -1.80227], "rotation": [0, 0, -2.5], "uv": [177, 141]},
						{"origin": [-4.72734, 27.06448, -2.56246], "size": [1.025, 2, 2], "pivot": [-4.35389, 28.5545, -1.80227], "rotation": [0, 0, 7.5], "uv": [168, 143]}
					]
				},
				{
					"name": "Left_CeFa_B5",
					"parent": "Left_CeFa_B",
					"pivot": [-3.57343, 26.70532, -1.56662],
					"rotation": [-5.43506, 0.59399, 8.47261],
					"cubes": [
						{"origin": [-4.08593, 24.20532, -2.56662], "size": [1.025, 2, 1], "uv": [161, 138]},
						{"origin": [-4.0496, 21.27338, -2.54162], "size": [1.025, 3, 1], "pivot": [-3.15843, 24.38182, -1.73491], "rotation": [0, 0, 7.5], "uv": [166, 136]},
						{"origin": [-4.78748, 22.47196, -2.43746], "size": [1.025, 1, 1], "pivot": [-4.45389, 24.8545, -1.70227], "rotation": [0, 0, 10], "uv": [163, 144]},
						{"origin": [-4.80861, 25.23114, -2.46708], "size": [1.025, 2, 2], "pivot": [-2.85389, 24.8545, -1.70227], "rotation": [0, 0, -2.5], "uv": [177, 141]},
						{"origin": [-4.82734, 23.36448, -2.46246], "size": [1.025, 2, 2], "pivot": [-4.45389, 24.8545, -1.70227], "rotation": [0, 0, 7.5], "uv": [168, 143]}
					]
				},
				{
					"name": "Right_CeFa_C",
					"parent": "Right_CeFa_B4",
					"pivot": [-4.00157, 35.50532, -0.76662],
					"rotation": [0, 0, 7.5],
					"cubes": [
						{"origin": [-4.43907, 30.65992, -2.66246], "size": [1.025, 2, 2], "pivot": [-3.91785, 30.96011, -1.89996], "rotation": [0, 0, -10], "uv": [161, 93], "mirror": true},
						{"origin": [-4.42716, 29.76059, -2.63746], "size": [1.025, 1, 1], "pivot": [-3.91785, 30.96011, -1.89996], "rotation": [0, 0, -12.5], "uv": [156, 94], "mirror": true},
						{"origin": [-4.74139, 32.53114, -2.66708], "size": [1.025, 3, 2], "uv": [170, 91], "mirror": true}
					]
				},
				{
					"name": "Right_CeFa_A",
					"parent": "RightSideHair",
					"pivot": [-3.7125, 35.3704, -2.65415],
					"rotation": [-5.45323, 0.71681, 7.46586],
					"cubes": [
						{"origin": [-4.225, 32.8704, -3.65415], "size": [1.025, 2, 1], "uv": [30, 0], "mirror": true},
						{"origin": [-4.26133, 29.93846, -3.62915], "size": [1.025, 3, 1], "pivot": [-4.1275, 33.0469, -2.82245], "rotation": [0, 0, -7.5], "uv": [72, 97], "mirror": true}
					]
				},
				{
					"name": "Left_CeFa_B3",
					"parent": "Right_CeFa_A",
					"pivot": [-4.0875, 36.8704, -1.65415],
					"rotation": [0, 0, 7.5],
					"cubes": [
						{"origin": [-4.525, 32.025, -3.55], "size": [1.025, 2, 2], "pivot": [-4.00378, 32.32519, -2.7875], "rotation": [0, 0, -10], "uv": [41, 16], "mirror": true},
						{"origin": [-4.51309, 31.12567, -3.525], "size": [1.025, 1, 1], "pivot": [-4.00378, 32.32519, -2.7875], "rotation": [0, 0, -12.5], "uv": [101, 116], "mirror": true},
						{"origin": [-4.82732, 33.89621, -3.55461], "size": [1.025, 3, 2], "uv": [11, 98], "mirror": true}
					]
				},
				{
					"name": "LingZi",
					"parent": "UpBody",
					"pivot": [0, 28.675, 0],
					"cubes": [
						{"origin": [0.79392, 26.3997, -2.64057], "size": [3, 1, 1], "pivot": [1.29392, 27.0747, -1.94057], "rotation": [-4.98107, 0.43523, 4.98107], "uv": [126, 90]},
						{"origin": [-3.79392, 26.3997, -2.64057], "size": [3, 1, 1], "pivot": [-1.29392, 27.0747, -1.94057], "rotation": [-4.98107, -0.43523, -4.98107], "uv": [126, 90], "mirror": true},
						{"origin": [0.71892, 27.3747, -2.51557], "size": [3, 1, 5], "pivot": [1.54392, 27.3997, -1.94057], "rotation": [-0.35968, 3.41212, -55.27213], "uv": [134, 116]},
						{"origin": [0.69392, 27.7747, -2.54057], "size": [3.05, 0.25, 5.05], "pivot": [1.54392, 27.3997, -1.94057], "rotation": [-0.35968, 3.41212, -55.27213], "uv": [139, 126]},
						{"origin": [-3.74392, 27.7747, -2.54057], "size": [3.05, 0.25, 5.05], "pivot": [-1.54392, 27.3997, -1.94057], "rotation": [-0.35968, -3.41212, 55.27213], "uv": [139, 126], "mirror": true},
						{"origin": [-3.71892, 27.3747, -2.51557], "size": [3, 1, 5], "pivot": [-1.54392, 27.3997, -1.94057], "rotation": [-0.35968, -3.41212, 55.27213], "uv": [134, 116], "mirror": true},
						{"origin": [-0.5, 25.20302, -2.86514], "size": [1, 2, 1], "uv": [12, 159]}
					]
				},
				{
					"name": "Dress",
					"parent": "UpBody",
					"pivot": [0, 19.35, -0.3375]
				},
				{
					"name": "Left_Qun",
					"parent": "Dress",
					"pivot": [3.9, 19.375, -0.3125],
					"rotation": [0, 0, -15],
					"cubes": [
						{"origin": [3.6, 15.725, -2.8125], "size": [1.1, 2, 6], "uv": [141, 139]},
						{"origin": [3.15, 17.7, -2.4125], "size": [1.1, 2, 5], "uv": [179, 97]}
					]
				},
				{
					"name": "QunBai",
					"parent": "Left_Qun",
					"pivot": [4.825, 16.7, 1.1875],
					"rotation": [0, 0, -20],
					"cubes": [
						{"origin": [4.275, 15.525, -1.8125], "size": [1.1, 3, 4.025], "uv": [143, 163]},
						{"origin": [3.275, 15.225, 2.2125], "size": [2.1, 2.3, 1], "uv": [175, 111]},
						{"origin": [4.05, 12.925, -1.8625], "size": [1.1, 3, 4.025], "pivot": [4.825, 16.425, 1.1875], "rotation": [0, 0, -17.5], "uv": [143, 151]},
						{"origin": [5.6696, 9.93956, -0.8875], "size": [1.1, 3, 3.025], "pivot": [5.6446, 11.41456, 1.4], "rotation": [0, 0, -20], "uv": [153, 158]},
						{"origin": [5.9446, 9.76456, -0.9875], "size": [1.1, 1, 3.225], "pivot": [5.6446, 11.41456, 1.4], "rotation": [0, 0, -20], "uv": [154, 138]},
						{"origin": [5.4446, 10.66456, 2.1125], "size": [1.1, 1, 1.225], "pivot": [5.6446, 11.41456, 1.4], "rotation": [0, 0, -20], "uv": [154, 138]},
						{"origin": [4.6696, 10.88956, 1.1125], "size": [1.1, 2, 2.025], "pivot": [5.6446, 11.41456, 1.4], "rotation": [0, 0, -20], "uv": [160, 129]},
						{"origin": [4.09474, 12.55009, 1.0875], "size": [1, 3, 2.025], "pivot": [4.56974, 13.12509, 2.125], "rotation": [0, 0, -15], "uv": [141, 139]},
						{"origin": [5.09474, 13.55009, 2.0875], "size": [1, 2, 1.025], "pivot": [4.56974, 13.12509, 2.125], "rotation": [0, 0, -15], "uv": [175, 107]}
					]
				},
				{
					"name": "Right_Qun",
					"parent": "Dress",
					"pivot": [-3.9, 19.375, -0.3125],
					"rotation": [0, 0, 15],
					"cubes": [
						{"origin": [-4.7, 15.725, -2.8125], "size": [1.1, 2, 6], "uv": [141, 139], "mirror": true},
						{"origin": [-4.25, 17.7, -2.4125], "size": [1.1, 2, 5], "uv": [179, 97], "mirror": true}
					]
				},
				{
					"name": "QunBai2",
					"parent": "Right_Qun",
					"pivot": [-4.825, 16.7, 1.1875],
					"rotation": [0, 0, 20],
					"cubes": [
						{"origin": [-5.375, 15.525, -1.8125], "size": [1.1, 3, 4.025], "uv": [143, 163], "mirror": true},
						{"origin": [-5.375, 15.225, 2.2125], "size": [2.1, 2.3, 1], "uv": [175, 111], "mirror": true},
						{"origin": [-5.15, 12.925, -1.8625], "size": [1.1, 3, 4.025], "pivot": [-4.825, 16.425, 1.1875], "rotation": [0, 0, 17.5], "uv": [143, 151], "mirror": true},
						{"origin": [-6.7696, 9.93956, -0.8875], "size": [1.1, 3, 3.025], "pivot": [-5.6446, 11.41456, 1.4], "rotation": [0, 0, 20], "uv": [153, 158], "mirror": true},
						{"origin": [-7.0446, 9.76456, -0.9875], "size": [1.1, 1, 3.225], "pivot": [-5.6446, 11.41456, 1.4], "rotation": [0, 0, 20], "uv": [154, 138], "mirror": true},
						{"origin": [-6.5446, 10.66456, 2.1125], "size": [1.1, 1, 1.225], "pivot": [-5.6446, 11.41456, 1.4], "rotation": [0, 0, 20], "uv": [154, 138], "mirror": true},
						{"origin": [-5.7696, 10.88956, 1.1125], "size": [1.1, 2, 2.025], "pivot": [-5.6446, 11.41456, 1.4], "rotation": [0, 0, 20], "uv": [160, 129], "mirror": true},
						{"origin": [-5.09474, 12.55009, 1.0875], "size": [1, 3, 2.025], "pivot": [-4.56974, 13.12509, 2.125], "rotation": [0, 0, 15], "uv": [141, 139], "mirror": true},
						{"origin": [-6.09474, 13.55009, 2.0875], "size": [1, 2, 1.025], "pivot": [-4.56974, 13.12509, 2.125], "rotation": [0, 0, 15], "uv": [175, 107], "mirror": true}
					]
				},
				{
					"name": "Qian",
					"parent": "Dress",
					"pivot": [0, 20.15, -2.2625],
					"rotation": [-12.5, 0, 0],
					"cubes": [
						{"origin": [-4.625, 15.75, -2.6625], "size": [9.25, 2, 1.1], "uv": [72, 10]},
						{"origin": [2.575, 14.75, -2.6625], "size": [2.05, 1, 1.1], "uv": [188, 46]},
						{"origin": [3.575, 16.05, -2.7625], "size": [1.05, 1, 1.1], "pivot": [4.1, 16.225, -2.2125], "rotation": [0, 0, -47.5], "uv": [181, 44]},
						{"origin": [-4.625, 16.05, -2.7625], "size": [1.05, 1, 1.1], "pivot": [-4.1, 16.225, -2.2125], "rotation": [0, 0, 47.5], "uv": [181, 44], "mirror": true},
						{"origin": [-4.625, 14.75, -2.6625], "size": [2.05, 1, 1.1], "uv": [188, 46], "mirror": true},
						{"origin": [-4.025, 17.725, -2.6375], "size": [8.05, 2, 1.1], "uv": [0, 37]}
					]
				},
				{
					"name": "bone",
					"parent": "Qian",
					"pivot": [1.4875, 18.0375, -2.2875],
					"cubes": [
						{"origin": [0.7, 16.975, -2.9375], "size": [2.05, 2, 1.1], "pivot": [1.575, 18.125, -2.4625], "rotation": [0, 0, 90], "uv": [12, 192]},
						{"origin": [0.45, 16.875, -2.8625], "size": [2.2, 2.15, 1.1], "pivot": [1.475, 18.025, -2.3125], "rotation": [0, 0, 90], "uv": [15, 197]},
						{"origin": [0.55, 17.125, -2.8125], "size": [2.05, 2, 1.1], "uv": [19, 192]},
						{"origin": [0.45, 17.025, -2.7375], "size": [2.05, 2, 1.1], "uv": [15, 197]}
					]
				},
				{
					"name": "Hou",
					"parent": "Dress",
					"pivot": [0, 20.4, 2.2625],
					"rotation": [12.5, 0, 0],
					"cubes": [
						{"origin": [-4.625, 15.725, 1.9125], "size": [9.25, 2, 1.1], "uv": [23, 14]},
						{"origin": [4.625, 14.725, 1.9125], "size": [1.05, 3, 1.1], "uv": [167, 150]},
						{"origin": [-5.675, 14.725, 1.9125], "size": [1.05, 3, 1.1], "uv": [167, 150], "mirror": true},
						{"origin": [-4.125, 17.725, 1.9125], "size": [8.25, 2, 1.1], "uv": [52, 180]},
						{"origin": [-4.625, 13.725, 1.9125], "size": [9.25, 2, 1.1], "uv": [62, 192]}
					]
				},
				{
					"name": "DownBody",
					"parent": "AllBody",
					"pivot": [0, 19.3, 0]
				},
				{
					"name": "LeftLeg",
					"parent": "DownBody",
					"pivot": [2.1, 19.3, 0],
					"cubes": [
						{"origin": [0.375, 10.05, -2], "size": [3.45, 9, 4], "uv": [1, 204]},
						{"origin": [3.4, 11, -1.35], "size": [1, 4, 3], "pivot": [3.725, 13, 0.15], "rotation": [0, 0, 5], "uv": [3, 186]},
						{"origin": [0.575, 9.1, -1.325], "size": [3, 2, 2], "pivot": [-0.5, 10.1, -0.325], "rotation": [30, 0, 0], "uv": [36, 100]}
					]
				},
				{
					"name": "LeftLowerLeg",
					"parent": "LeftLeg",
					"pivot": [2.1, 10.6, 0.2],
					"cubes": [
						{"origin": [0.4, 1.9, -1.9], "size": [3.4, 9, 4], "uv": [0, 0]},
						{"origin": [0.15, 4.4, -2.15], "size": [3.9, 1.25, 4.5], "uv": [75, 160]}
					]
				},
				{
					"name": "LeftFoot",
					"parent": "LeftLowerLeg",
					"pivot": [2.0875, 2.4, -0.8625],
					"cubes": [
						{"origin": [0.25, -0.275, -3.9], "size": [3.675, 3, 6.075], "uv": [100, 70]},
						{"origin": [0.475, 2.225, -3], "size": [3.175, 1, 2.075], "pivot": [2.5875, 2.725, -2.4125], "rotation": [35, 0, 0], "uv": [66, 104]}
					]
				},
				{
					"name": "RightLeg",
					"parent": "DownBody",
					"pivot": [-2.1, 19.3, 0],
					"cubes": [
						{"origin": [-3.825, 10.05, -2], "size": [3.45, 9, 4], "uv": [1, 204], "mirror": true},
						{"origin": [-4.4, 11, -1.35], "size": [1, 4, 3], "pivot": [-3.725, 13, 0.15], "rotation": [0, 0, -5], "uv": [3, 186], "mirror": true},
						{"origin": [-3.675, 9.1, -1.325], "size": [3, 2, 2], "pivot": [-0.3, 10.1, -0.325], "rotation": [30, 0, 0], "uv": [36, 100], "mirror": true}
					]
				},
				{
					"name": "RightLowerLeg",
					"parent": "RightLeg",
					"pivot": [-2.1, 10.6, 0.2],
					"cubes": [
						{"origin": [-3.8, 1.9, -1.9], "size": [3.4, 9, 4], "uv": [0, 0], "mirror": true},
						{"origin": [-4.05, 4.4, -2.15], "size": [3.9, 1.25, 4.5], "uv": [75, 160], "mirror": true}
					]
				},
				{
					"name": "RightFoot",
					"parent": "RightLowerLeg",
					"pivot": [-2.0875, 2.4, -0.8625],
					"cubes": [
						{"origin": [-3.925, -0.275, -3.9], "size": [3.675, 3, 6.075], "uv": [100, 70], "mirror": true},
						{"origin": [-3.65, 2.225, -3], "size": [3.175, 1, 2.075], "pivot": [-2.5875, 2.725, -2.4125], "rotation": [35, 0, 0], "uv": [66, 104], "mirror": true}
					]
				}
			]
		}
	]
}