{
	"format_version": "1.12.0",
	"minecraft:geometry": [
		{
			"description": {
				"identifier": "geometry.unknown",
				"texture_width": 128,
				"texture_height": 128,
				"visible_bounds_width": 7,
				"visible_bounds_height": 8.5,
				"visible_bounds_offset": [0, 1.75, 0]
			},
			"bones": [
				{
					"name": "LeftArm",
					"pivot": [3.4, 30.025, 0],
					"cubes": [
						{"origin": [2.6, 24.075, -1.6], "size": [3.05, 7, 3.1], "uv": [38, 8]},
						{"origin": [2.3, 24.075, -1.8], "size": [3.55, 1, 3.5], "uv": [64, 0]},
						{"origin": [2.9, 23.175, -1.1], "size": [2.55, 2, 2.2], "uv": [80, 77]},
						{"origin": [2.8, 23.125, -1.125], "size": [2.7, 2.05, 2.3], "uv": [58, 80]}
					]
				},
				{
					"name": "LeftForeArm",
					"parent": "LeftArm",
					"pivot": [4.125, 24.075, 0.025],
					"cubes": [
						{"origin": [2.625, 18.075, -1.475], "size": [3, 6, 3], "uv": [41, 40]}
					]
				},
				{
					"name": "LeftHandLocator",
					"parent": "LeftForeArm",
					"pivot": [4.125, 18.575, 0.025],
					"cubes": [
						{"origin": [3.025, 16.575, -1.175], "size": [2.3, 3, 2.3], "uv": [7, 5]}
					]
				},
				{
					"name": "RightArm",
					"pivot": [-3.4, 30.025, 0],
					"cubes": [
						{"origin": [-5.65, 24.075, -1.5], "size": [3.05, 7, 3], "uv": [90, 79]},
						{"origin": [-5.8191, 23.97989, -1.7], "size": [3.45, 1, 3.4], "uv": [64, 12]},
						{"origin": [-5.45, 23.175, -1.1], "size": [2.55, 2, 2.2], "uv": [43, 80]},
						{"origin": [-5.5, 23.125, -1.125], "size": [2.7, 2.05, 2.3], "uv": [79, 73]}
					]
				},
				{
					"name": "RightForeArm",
					"parent": "RightArm",
					"pivot": [-4.125, 24.075, 0.025],
					"cubes": [
						{"origin": [-5.625, 18.075, -1.475], "size": [3, 6, 3], "uv": [10, 38]}
					]
				},
				{
					"name": "RightHandLocator",
					"parent": "RightForeArm",
					"pivot": [-4.125, 18.575, 0.025],
					"cubes": [
						{"origin": [-5.225, 16.575, -1.175], "size": [2.2, 4, 2.3], "uv": [7, 6]}
					]
				}
			]
		}
	]
}