{
	"format_version": "1.12.0",
	"minecraft:geometry": [
		{
			"description": {
				"identifier": "geometry.unknown",
				"texture_width": 128,
				"texture_height": 128,
				"visible_bounds_width": 3,
				"visible_bounds_height": 4.5,
				"visible_bounds_offset": [0, 1.75, 0]
			},
			"bones": [
				{
					"name": "LeftArm",
					"pivot": [3.4, 31.025, 0],
					"cubes": [
						{"origin": [2.9, 24.175, -1.1], "size": [2.55, 2, 2.2], "uv": [67, 56]},
						{"origin": [2.625, 25.075, -1.475], "size": [3, 7, 3], "uv": [84, 61]},
						{"origin": [2.8, 24.125, -1.125], "size": [2.7, 2.05, 2.3], "uv": [63, 47]}
					]
				},
				{
					"name": "ClotharmsL",
					"parent": "LeftArm",
					"pivot": [3.4, 31.025, 0],
					"cubes": [
						{"origin": [2.45, 24.8, -1.7], "size": [3.25, 7.4, 3.4], "uv": [116, 0]},
						{"origin": [2.6, 25.075, -1.5], "size": [3.05, 7, 3], "uv": [60, 60]}
					]
				},
				{
					"name": "LeftForeArm",
					"parent": "LeftArm",
					"pivot": [4.125, 25.075, 0.025],
					"cubes": [
						{"origin": [2.625, 18.075, -1.475], "size": [3, 7, 3], "uv": [94, 88]}
					]
				},
				{
					"name": "armL",
					"parent": "LeftForeArm",
					"pivot": [0, 0, 0],
					"cubes": [
						{"origin": [2.525, 20.375, -1.575], "size": [3.2, 5.1, 3.2], "uv": [99, 1]},
						{"origin": [2.275, 20.375, -1.825], "size": [3.7, 2, 3.7], "uv": [73, 92]}
					]
				},
				{
					"name": "ClotharmL",
					"parent": "LeftForeArm",
					"pivot": [0, 0, 0]
				},
				{
					"name": "LeftHand",
					"parent": "LeftForeArm",
					"pivot": [4.125, 19.575, 0.025]
				},
				{
					"name": "LeftHandLocator",
					"parent": "LeftHand",
					"pivot": [4.125, 19.575, 0.025]
				},
				{
					"name": "RightArm",
					"pivot": [-3.4, 31.025, 0],
					"cubes": [
						{"origin": [-5.65, 25.075, -1.5], "size": [3.05, 7, 3], "uv": [0, 66]},
						{"origin": [-5.45, 24.175, -1.1], "size": [2.55, 2, 2.2], "uv": [27, 42]}
					]
				},
				{
					"name": "clothar",
					"parent": "RightArm",
					"pivot": [0, 0, 0],
					"cubes": [
						{"origin": [-5.7, 24.8, -1.7], "size": [3.25, 7.4, 3.4], "uv": [114, 49]},
						{"origin": [-5.5, 24.125, -1.125], "size": [2.7, 2.3, 2.3], "uv": [0, 0]}
					]
				},
				{
					"name": "RightForeArm",
					"parent": "RightArm",
					"pivot": [-4.125, 25.075, 0.025],
					"cubes": [
						{"origin": [-5.625, 18.075, -1.475], "size": [3, 7, 3], "uv": [72, 60]}
					]
				},
				{
					"name": "clotarmfR",
					"parent": "RightForeArm",
					"pivot": [0, 0, 0],
					"cubes": [
						{"origin": [-5.725, 20.375, -1.575], "size": [3.2, 5.2, 3.2], "uv": [93, 23]},
						{"origin": [-5.975, 20.375, -1.825], "size": [3.7, 2, 3.7], "uv": [73, 94]}
					]
				},
				{
					"name": "RightHand",
					"parent": "RightForeArm",
					"pivot": [-4.125, 19.575, 0.025]
				},
				{
					"name": "RightHandLocator",
					"parent": "RightHand",
					"pivot": [-4.125, 19.575, 0.025]
				}
			]
		}
	]
}