{
	"format_version": "1.12.0",
	"minecraft:geometry": [
		{
			"description": {
				"identifier": "geometry.unknown",
				"texture_width": 128,
				"texture_height": 128,
				"visible_bounds_width": 7,
				"visible_bounds_height": 6,
				"visible_bounds_offset": [0, 2, 0]
			},
			"bones": [
				{
					"name": "Root",
					"pivot": [0, -0.35, -5]
				},
				{
					"name": "MAllBody",
					"parent": "Root",
					"pivot": [0, 20.65, 0]
				},
				{
					"name": "AllBody",
					"parent": "MAllBody",
					"pivot": [0, 20.65, 0]
				},
				{
					"name": "UpBody",
					"parent": "AllBody",
					"pivot": [0, 20.65, 0]
				},
				{
					"name": "MUpperBody",
					"parent": "UpBody",
					"pivot": [0, 20.65, 0]
				},
				{
					"name": "UpperBody",
					"parent": "MUpperBody",
					"pivot": [0, 20.65, 0],
					"cubes": [
						{"origin": [-3.25, 20.75, -1.775], "size": [6.5, 11.75, 3.55], "uv": [2, 26]},
						{"origin": [-3.65, 20.75, -1.875], "size": [7.3, 2.75, 3.9], "uv": [2, 33]},
						{"origin": [-1.5, 19.75, -1.925], "size": [3, 1, 3.85], "uv": [83, 2]}
					]
				},
				{
					"name": "dress",
					"parent": "UpperBody",
					"pivot": [0, 0, 0],
					"cubes": [
						{"origin": [0.6, 31.15, -2.525], "size": [0.8, 2, 1.3], "pivot": [1, 32.15, -2.175], "rotation": [0, 0, 51], "uv": [78, 16]},
						{"origin": [-1.4, 31.15, -2.525], "size": [0.8, 2, 1.3], "pivot": [-1, 32.15, -2.175], "rotation": [0, 0, -51], "uv": [78, 16], "mirror": true},
						{"origin": [-1.2, 26.29637, -2.57133], "size": [0.7, 0.7, 0.7], "pivot": [0.3, 26.64637, -2.22133], "rotation": [8.5, 0, 0], "uv": [111, 21]},
						{"origin": [1.1, 26.29637, -2.57133], "size": [0.7, 0.7, 0.7], "pivot": [0.3, 26.64637, -2.22133], "rotation": [8.5, 0, 0], "uv": [111, 21], "mirror": true},
						{"origin": [-3.6, 20.5, -2.025], "size": [7.2, 11.25, 4.25], "uv": [33, 72]},
						{"origin": [-3.85, 20.75, -2.275], "size": [7.7, 4, 4.75], "uv": [33, 72]},
						{"origin": [1.5, 23.85, 1.675], "size": [1, 2, 1.05], "uv": [36, 75]},
						{"origin": [2.9, 23.85, -0.525], "size": [1, 2, 1.05], "uv": [36, 75]},
						{"origin": [1.9, 23.85, -2.525], "size": [1, 2, 1.05], "uv": [36, 75]},
						{"origin": [-3.3, 23.85, -2.525], "size": [1, 2, 1.05], "uv": [36, 75], "mirror": true},
						{"origin": [-2.5, 23.85, 1.675], "size": [1, 2, 1.05], "uv": [36, 75], "mirror": true},
						{"origin": [-3.9, 23.85, -0.525], "size": [1, 2, 1.05], "uv": [36, 75], "mirror": true},
						{"origin": [-3.75, 24, -2.375], "size": [7.5, 1.5, 4.95], "uv": [65, 116]},
						{"origin": [-1, 24, -2.775], "size": [2, 1.5, 0.55], "uv": [40, 34]},
						{"origin": [-3.5, 22.75, -2.225], "size": [7, 6, 1.05], "pivot": [0, 25.25, -1.7], "rotation": [10, 0, 0], "uv": [36, 75]},
						{"origin": [-2, 22.75, -2.475], "size": [0.5, 6, 1.05], "pivot": [0, 25.25, -1.7], "rotation": [10, 0, 0], "uv": [79, 16]},
						{"origin": [-1.75, 19.5, -2.025], "size": [3.5, 1.25, 4.05], "uv": [43, 113]},
						{"origin": [-4, 31.575, -1.9], "size": [8, 1, 4.2], "uv": [42, 9]},
						{"origin": [2, 32.075, -0.9], "size": [2.25, 1, 1.7], "uv": [75, 18]},
						{"origin": [-4.25, 32.075, -0.9], "size": [2.25, 1, 1.7], "uv": [76, 18], "mirror": true},
						{"origin": [-0.5, 30.575, -2.85], "size": [1, 1, 0.4], "pivot": [0, 31.075, -2.3], "rotation": [-16.32495, -15.69986, -42.73421], "uv": [111, 22]},
						{"origin": [-0.25, 30.825, -3.1], "size": [0.5, 0.5, 0.4], "pivot": [0, 31.075, -2.3], "rotation": [-16.32495, -15.69986, -42.73421], "uv": [111, 23]},
						{"origin": [-0.75, 30.325, -2.6], "size": [1.5, 1.5, 0.4], "pivot": [0, 31.075, -2.3], "rotation": [-16.32495, -15.69986, -42.73421], "uv": [110, 21]},
						{"origin": [-1.38004, 30.04021, -2.59045], "size": [0.575, 1.75, 1], "pivot": [-1.7625, 30.76016, -2.90472], "rotation": [-10.91593, 12.31423, 48.03583], "uv": [76, 17]},
						{"origin": [-2.05, 28.39958, -2.91641], "size": [0.575, 1.5, 1], "pivot": [-1.7625, 29.228, -2.9699], "rotation": [-8.5, 0, 0], "uv": [75, 18]},
						{"origin": [-3.55, 28.08308, -2.61108], "size": [7.075, 3, 3], "pivot": [-0.0125, 29.39575, -1.04104], "rotation": [-17.5, 0, 0], "uv": [100, 79]},
						{"origin": [1.1, 28.92226, -2.98486], "size": [0.7, 0.7, 0.7], "pivot": [0.3, 29.27226, -2.68486], "rotation": [-14, 0, 0], "uv": [111, 21], "mirror": true},
						{"origin": [-1.2, 28.92226, -2.98486], "size": [0.7, 0.7, 0.7], "pivot": [0.3, 29.27226, -2.68486], "rotation": [-14, 0, 0], "uv": [111, 21]}
					]
				},
				{
					"name": "AllHead",
					"parent": "UpperBody",
					"pivot": [0, 32.425, -0.025],
					"cubes": [
						{"origin": [-1.5, 31.925, -1.525], "size": [3, 2, 3], "uv": [68, 0]}
					]
				},
				{
					"name": "MHead",
					"parent": "AllHead",
					"pivot": [0, 33.05, 0]
				},
				{
					"name": "Head",
					"parent": "MHead",
					"pivot": [0, 33.05, 0],
					"cubes": [
						{"origin": [-3.5, 33.05, -3.5], "size": [7, 7, 7], "uv": [0, 10]}
					]
				},
				{
					"name": "hat",
					"parent": "Head",
					"pivot": [0, 42, 0],
					"cubes": [
						{"origin": [-4, 40.5, 3], "size": [8, 2.5, 2], "uv": [38, 113]},
						{"origin": [-4, 40.5, -5], "size": [8, 2.5, 2], "uv": [38, 113]},
						{"origin": [-1.5, 40.5, -5.4], "size": [3, 2.5, 1], "uv": [73, 116]},
						{"origin": [-0.5, 42, -5.65], "size": [1, 1, 1], "pivot": [0, 42.5, -5.15], "rotation": [0, 0, -40], "uv": [76, 19]},
						{"origin": [-1.1, 41.45, -5.65], "size": [1, 0.5, 1], "pivot": [-0.6, 41.95, -5.15], "rotation": [0, 0, -59.5], "uv": [76, 19]},
						{"origin": [-1.25, 42.2, -5.65], "size": [1, 0.5, 1], "pivot": [-0.75, 42.7, -5.15], "rotation": [0, 0, -2], "uv": [76, 19]},
						{"origin": [0.1, 41.45, -5.65], "size": [1, 0.5, 1], "pivot": [0.6, 41.95, -5.15], "rotation": [0, 0, 59.5], "uv": [76, 19], "mirror": true},
						{"origin": [0.25, 42.2, -5.65], "size": [1, 0.5, 1], "pivot": [0.75, 42.7, -5.15], "rotation": [0, 0, 2], "uv": [76, 19], "mirror": true},
						{"origin": [3.25, 40.5, -4.25], "size": [2, 4.25, 2], "pivot": [4, 42.75, -4], "rotation": [0, -45, 0], "uv": [43, 111]},
						{"origin": [3.25, 40.5, 1.75], "size": [2.25, 3.5, 2], "pivot": [4, 42.75, 4], "rotation": [0, 45, 0], "uv": [43, 111]},
						{"origin": [-5.5, 40.5, 1.75], "size": [2.25, 3.5, 2], "pivot": [-4, 42.75, 4], "rotation": [0, -45, 0], "uv": [43, 111], "mirror": true},
						{"origin": [-5.25, 40.5, -4.25], "size": [2, 4.25, 2], "pivot": [-4, 42.75, -4], "rotation": [0, 45, 0], "uv": [43, 111], "mirror": true},
						{"origin": [-4, 42.5, -5.5], "size": [8, 2.5, 2], "pivot": [0, 43.75, -4], "rotation": [42.5, 0, 0], "uv": [95, 111]},
						{"origin": [-4, 40.5, -6.8], "size": [8, 0.75, 2], "uv": [38, 115]},
						{"origin": [1.75, 40.5, -7.3], "size": [2, 0.75, 2], "pivot": [3, 40.875, -6.8], "rotation": [0, -30, 0], "uv": [38, 115]},
						{"origin": [-3.75, 40.5, -7.3], "size": [2, 0.75, 2], "pivot": [-3, 40.875, -6.8], "rotation": [0, 30, 0], "uv": [38, 115], "mirror": true},
						{"origin": [-2.25, 40.5, -7.8], "size": [4.5, 0.75, 2], "uv": [38, 115]},
						{"origin": [-5, 40.5, -3], "size": [10, 2.5, 6], "uv": [32, 110]},
						{"origin": [-4, 43.25, -4.6], "size": [8, 1.75, 9.6], "pivot": [0, 43.25, -0.5], "rotation": [-5, 0, 0], "uv": [88, 105]},
						{"origin": [3.20028, 43.60777, -3], "size": [2, 2.5, 6], "pivot": [0, 43.32899, 0], "rotation": [-4.69986, 1.70818, 19.9299], "uv": [97, 107]},
						{"origin": [-5.20028, 43.60777, -3], "size": [2, 2.5, 6], "pivot": [0, 43.32899, 0], "rotation": [-4.69986, -1.70818, -19.9299], "uv": [97, 107], "mirror": true}
					]
				},
				{
					"name": "earleft",
					"parent": "Head",
					"pivot": [4.38891, 36.53719, -0.4676],
					"cubes": [
						{"origin": [3.38891, 36.03719, -0.7176], "size": [2, 1, 0.5], "pivot": [4.38891, 36.53719, -0.4676], "rotation": [19.04051, -8.76749, -13.15644], "uv": [7, 17], "mirror": true},
						{"origin": [3.61109, 35.06281, -0.6824], "size": [2, 1, 0.5], "pivot": [4.61109, 35.56281, -0.4324], "rotation": [-18.95949, -8.76749, -13.15644], "uv": [7, 17], "mirror": true},
						{"origin": [4.4, 36.25, -0.7], "size": [3, 1, 0.5], "pivot": [5.4, 36.75, -0.45], "rotation": [14, 0, -7], "uv": [7, 17], "mirror": true},
						{"origin": [4.4, 35.25, -0.7], "size": [1.5, 1, 0.5], "pivot": [5.4, 35.75, -0.45], "rotation": [-23, 0, -7], "uv": [7, 17], "mirror": true},
						{"origin": [4.40186, 35.91953, -0.2], "size": [2, 0.5, 0.5], "pivot": [5.15186, 36.41953, 0.05], "rotation": [-45.5, 0, -7], "uv": [7, 17], "mirror": true},
						{"origin": [6.25174, 36.306, -0.41424], "size": [0.6, 0.5, 0.5], "pivot": [6.55174, 36.556, -0.16424], "rotation": [-60.44251, 36.17123, -33.8623], "uv": [7, 17], "mirror": true},
						{"origin": [5.4, 35.85, -0.6], "size": [1, 0.8, 0.4], "pivot": [6.4, 36.35, -0.45], "rotation": [-19.99371, -11.60956, -35.94677], "uv": [8, 18], "mirror": true},
						{"origin": [6.4, 35.85, -0.6], "size": [0.8, 0.6, 0.3], "pivot": [6.4, 36.35, -0.45], "rotation": [-19.99371, -11.60956, -35.94677], "uv": [9, 19], "mirror": true},
						{"origin": [6.64535, 36.45088, -0.66037], "size": [0.7, 1, 0.5], "pivot": [7.14535, 36.95088, -0.41037], "rotation": [-7.85459, 0.26658, -141.26573], "uv": [10, 20], "mirror": true}
					]
				},
				{
					"name": "earlet",
					"parent": "Head",
					"pivot": [-4.38891, 36.53719, -0.4676],
					"cubes": [
						{"origin": [-5.38891, 36.03719, -0.7176], "size": [2, 1, 0.5], "pivot": [-4.38891, 36.53719, -0.4676], "rotation": [19.04051, 8.76749, 13.15644], "uv": [7, 17]},
						{"origin": [-5.61109, 35.06281, -0.6824], "size": [2, 1, 0.5], "pivot": [-4.61109, 35.56281, -0.4324], "rotation": [-18.95949, 8.76749, 13.15644], "uv": [7, 17]},
						{"origin": [-7.4, 36.25, -0.7], "size": [3, 1, 0.5], "pivot": [-5.4, 36.75, -0.45], "rotation": [14, 0, 7], "uv": [7, 17]},
						{"origin": [-5.9, 35.25, -0.7], "size": [1.5, 1, 0.5], "pivot": [-5.4, 35.75, -0.45], "rotation": [-23, 0, 7], "uv": [7, 17]},
						{"origin": [-6.40186, 35.91953, -0.2], "size": [2, 0.5, 0.5], "pivot": [-5.15186, 36.41953, 0.05], "rotation": [-45.5, 0, 7], "uv": [7, 17]},
						{"origin": [-6.85174, 36.306, -0.41424], "size": [0.6, 0.5, 0.5], "pivot": [-6.55174, 36.556, -0.16424], "rotation": [-60.44251, -36.17123, 33.8623], "uv": [7, 17]},
						{"origin": [-6.4, 35.85, -0.6], "size": [1, 0.8, 0.4], "pivot": [-6.4, 36.35, -0.45], "rotation": [-19.99371, 11.60956, 35.94677], "uv": [8, 18]},
						{"origin": [-7.2, 35.85, -0.6], "size": [0.8, 0.6, 0.3], "pivot": [-6.4, 36.35, -0.45], "rotation": [-19.99371, 11.60956, 35.94677], "uv": [9, 19]},
						{"origin": [-7.34535, 36.45088, -0.66037], "size": [0.7, 1, 0.5], "pivot": [-7.14535, 36.95088, -0.41037], "rotation": [-7.85459, -0.26658, 141.26573], "uv": [10, 20]}
					]
				},
				{
					"name": "Hair",
					"parent": "Head",
					"pivot": [-0.14783, 37.76957, 0.42174],
					"cubes": [
						{"origin": [-2.975, 41.3, -3.8], "size": [6, 1, 7], "uv": [27, 0]},
						{"origin": [-2, 40, -4.4], "size": [4, 2, 1], "uv": [0, 63]},
						{"origin": [-4, 40.6, -4], "size": [8, 1, 8], "uv": [3, 0]},
						{"origin": [-2, 42.3, -2.8], "size": [4, 1, 5], "uv": [0, 43]},
						{"origin": [-3, 42.3, -1.8], "size": [1, 1, 3], "uv": [58, 21]},
						{"origin": [2, 42.3, -1.8], "size": [1, 1, 3], "uv": [0, 4]},
						{"origin": [-3.975, 41.3, -2.8], "size": [1, 1, 5], "uv": [15, 39]},
						{"origin": [3.025, 41.3, -2.8], "size": [1, 1, 5], "uv": [30, 27]},
						{"origin": [-5.5, 34.4, 0.825], "size": [1, 6, 2], "uv": [8, 55]},
						{"origin": [4.5, 34.4, 0.825], "size": [1, 6, 2], "uv": [0, 9]},
						{"origin": [3.5, 36.4, -2.65], "size": [1, 5, 6], "uv": [22, 27], "mirror": true},
						{"origin": [3.5, 33.4, -0.65], "size": [1, 3, 4], "uv": [24, 29], "mirror": true},
						{"origin": [4.5, 32.4, -0.175], "size": [1, 8, 1], "uv": [32, 60], "mirror": true},
						{"origin": [4.5, 35.4, -1.175], "size": [1, 4, 1], "uv": [42, 8], "mirror": true},
						{"origin": [-4.4, 36, -3.8], "size": [1, 4, 2], "uv": [22, 27]},
						{"origin": [1.84924, 33.14972, 7.48277], "size": [2, 6, 1], "pivot": [2.36604, 17.10616, 2.88004], "rotation": [49.1895, 86.7138, 42.8839], "uv": [27, 0]},
						{"origin": [-5.65695, 33.61898, 2.99112], "size": [2, 6, 1], "pivot": [-4.65695, 36.61898, 3.44112], "rotation": [1.2933, -55.2049, 3.0808], "uv": [60, 14], "mirror": true},
						{"origin": [3.65695, 33.61898, 2.99112], "size": [2, 6, 1], "pivot": [4.65695, 36.61898, 3.44112], "rotation": [1.2933, 55.2049, -3.0808], "uv": [60, 14]},
						{"origin": [-3.84924, 33.14972, 7.48276], "size": [2, 6, 1], "pivot": [-2.36604, 17.10616, 2.88003], "rotation": [49.1895, -86.7138, -42.8839], "uv": [27, 0], "mirror": true},
						{"origin": [-4.5, 36.4, -2.65], "size": [1, 5, 6], "uv": [22, 27]},
						{"origin": [-4.5, 33.4, 0.35], "size": [1, 3, 3], "uv": [25, 30]},
						{"origin": [-4, 33.6, 3], "size": [8, 7, 1], "uv": [36, 34]},
						{"origin": [-4, 32.6, 3], "size": [8, 1, 1], "uv": [36, 34]},
						{"origin": [-4, 35.6, 4], "size": [8, 5, 1], "uv": [36, 34]}
					]
				},
				{
					"name": "front_h1",
					"parent": "Hair",
					"pivot": [0, 40.5, -4.2],
					"cubes": [
						{"origin": [-4.3375, 36.825, -4.15], "size": [1, 4, 3], "uv": [0, 55]},
						{"origin": [-3.5, 36.925, -4.575], "size": [1, 4, 1], "uv": [62, 0]},
						{"origin": [-2.495, 38.025, -4.675], "size": [1, 3, 1], "uv": [25, 46]},
						{"origin": [-1.5, 39.025, -4.825], "size": [3, 2, 1], "uv": [77, 0]},
						{"origin": [1.499, 38.025, -5], "size": [1, 3, 1], "uv": [62, 8]},
						{"origin": [2.525, 36.925, -4.7], "size": [1, 4, 1], "uv": [41, 27]},
						{"origin": [3.3875, 36.825, -4.2], "size": [1, 4, 3], "uv": [54, 34]},
						{"origin": [1.65, 37, -5.125], "size": [1, 3, 1], "pivot": [2, 39.275, -4.7], "rotation": [0, 0, -22.5], "uv": [0, 43]},
						{"origin": [0.65, 38, -5.125], "size": [1, 3, 1], "pivot": [2, 39.275, -4.7], "rotation": [0, 0, -22.5], "uv": [61, 28]},
						{"origin": [-2.775, 36.9, -5.075], "size": [1, 3, 1], "pivot": [-2, 39.275, -4.575], "rotation": [0, 0, 25], "uv": [0, 43]},
						{"origin": [-2.2, 37.125, -5.2], "size": [1, 3, 1], "pivot": [0, 38.25, -4.7], "rotation": [0, 0, 12.5], "uv": [37, 27]},
						{"origin": [-0.2, 37.125, -5.2], "size": [1, 4, 1], "pivot": [0, 38.25, -4.7], "rotation": [0, 0, 12.5], "uv": [21, 45]},
						{"origin": [-1.2, 36.15, -5.2], "size": [1, 5, 1], "pivot": [0, 38.25, -4.7], "rotation": [0, 0, 12.5], "uv": [21, 9]}
					]
				},
				{
					"name": "corner_h1",
					"parent": "Hair",
					"pivot": [-4.37735, 36.62243, -2.86577],
					"cubes": [
						{"origin": [-4.47485, 36.44593, -3.69748], "size": [1.025, 2, 1], "pivot": [-4.37735, 36.62243, -2.86577], "rotation": [-0.4948, 0.2395, 7.4885], "uv": [61, 25], "mirror": true},
						{"origin": [4.42592, 35.66357, -2.92341], "size": [1.025, 2, 1], "pivot": [4.92833, 35.99488, -2.83741], "rotation": [-0.4995, 0.0219, -4.9792], "uv": [61, 25]},
						{"origin": [4.52853, 37.45397, -2.92152], "size": [1.025, 3, 1], "pivot": [4.52187, 36.69327, -2.86585], "rotation": [-0.4958, -0.0652, -14.9788], "uv": [18, 24]},
						{"origin": [3.44985, 36.44593, -3.69748], "size": [1.025, 2, 1], "pivot": [4.37735, 36.62243, -2.86577], "rotation": [-0.4948, -0.2395, -7.4885], "uv": [61, 25]},
						{"origin": [-5.55353, 37.45397, -2.92152], "size": [1.025, 3, 1], "pivot": [-4.52187, 36.69327, -2.86585], "rotation": [-0.4958, 0.0652, 14.9788], "uv": [18, 24], "mirror": true}
					]
				},
				{
					"name": "cornerh3",
					"parent": "corner_h1",
					"pivot": [4.37735, 36.62243, -2.86577],
					"cubes": [
						{"origin": [3.41137, 32.09775, -3.95436], "size": [1.025, 2, 1], "pivot": [3.78868, 31.91337, -3.36686], "rotation": [-6.0826, -1.7565, 4.4725], "uv": [61, 25]},
						{"origin": [3.54631, 29.32801, -3.85436], "size": [1.025, 3, 1], "pivot": [3.78868, 31.91337, -3.36686], "rotation": [-6.0826, -1.7565, 4.4725], "uv": [0, 24]},
						{"origin": [4.41183, 32.91888, -2.9848], "size": [1.025, 3, 1], "pivot": [4.71154, 32.58917, -2.89858], "rotation": [-3.5529, -1.8007, -0.0898], "uv": [0, 39]},
						{"origin": [4.20269, 31.06569, -2.98457], "size": [1.025, 2, 1], "pivot": [4.58767, 32.6054, -2.90297], "rotation": [-3.8112, -1.1568, 9.8928], "uv": [61, 25]},
						{"origin": [3.48618, 33.51399, -3.67248], "size": [1.025, 3, 1], "pivot": [4.37735, 36.62243, -2.86577], "rotation": [-0.5218, -0.1729, 0.0112], "uv": [18, 24]}
					]
				},
				{
					"name": "conerH2",
					"parent": "corner_h1",
					"pivot": [-4.37735, 36.62243, -2.86577],
					"cubes": [
						{"origin": [-5.22769, 31.06569, -2.98457], "size": [1.025, 2, 1], "pivot": [-4.58767, 32.60539, -2.90296], "rotation": [-3.8111, 1.1568, -9.8928], "uv": [61, 25], "mirror": true},
						{"origin": [-5.43683, 32.91888, -2.9848], "size": [1.025, 3, 1], "pivot": [-4.71154, 32.58917, -2.89858], "rotation": [-3.5529, 1.8006, 0.0899], "uv": [0, 39], "mirror": true},
						{"origin": [-4.57131, 29.32801, -3.85435], "size": [1.025, 3, 1], "pivot": [-3.78868, 31.91337, -3.36685], "rotation": [-6.0826, 1.7564, -4.4725], "uv": [0, 24], "mirror": true},
						{"origin": [-4.43637, 32.09775, -3.95435], "size": [1.025, 2, 1], "pivot": [-3.78868, 31.91337, -3.36685], "rotation": [-6.0826, 1.7564, -4.4725], "uv": [61, 25], "mirror": true},
						{"origin": [-5.45092, 35.66357, -2.92341], "size": [1.025, 2, 1], "pivot": [-4.92833, 35.99488, -2.83741], "rotation": [-0.4996, -0.0219, 4.9792], "uv": [61, 25], "mirror": true},
						{"origin": [-4.51118, 33.51399, -3.67248], "size": [1.025, 3, 1], "pivot": [-4.37735, 36.62243, -2.86577], "rotation": [-0.5218, 0.1729, -0.0112], "uv": [18, 24], "mirror": true}
					]
				},
				{
					"name": "Face",
					"parent": "Head",
					"pivot": [-1.05, 16.05, -4.5]
				},
				{
					"name": "Eyes",
					"parent": "Face",
					"pivot": [-1.05, 16.05, -4.5]
				},
				{
					"name": "Eyebrow",
					"parent": "Eyes",
					"pivot": [0, 36, -3]
				},
				{
					"name": "RightEyebrow",
					"parent": "Eyebrow",
					"pivot": [-2.875, 35.85, -3.2],
					"cubes": [
						{"origin": [-3.675, 35.85, -3.7], "size": [2.3, 1, 1], "uv": [47, 42]},
						{"origin": [-4.45, 35.575, -3.95], "size": [1.1, 1, 1], "uv": [49, 47]}
					]
				},
				{
					"name": "LeftEyebrow",
					"parent": "Eyebrow",
					"pivot": [2.875, 35.85, -3.2],
					"cubes": [
						{"origin": [1.375, 35.85, -3.7], "size": [2.3, 1, 1], "uv": [47, 42]},
						{"origin": [3.35, 35.575, -3.875], "size": [1.1, 1, 1], "uv": [49, 47]}
					]
				},
				{
					"name": "Eyelid",
					"parent": "Eyes",
					"pivot": [0, 35.05, -3.075]
				},
				{
					"name": "RightEyelid",
					"parent": "Eyelid",
					"pivot": [-2.325, 34.05, -3.075],
					"cubes": [
						{"origin": [-3.5, 34.05, -3.525], "size": [2, 2, 1], "uv": [22, 41]}
					]
				},
				{
					"name": "RightEyesBase",
					"parent": "RightEyelid",
					"pivot": [-1.8, 35.55, -3.1],
					"cubes": [
						{"origin": [-3.025, 34.05, -3.575], "size": [1.4, 2, 1], "uv": [49, 44]},
						{"origin": [-1.95, 35.4, -3.6], "size": [0.4, 0.3, 1], "uv": [9, 81]}
					]
				},
				{
					"name": "RightPupil",
					"parent": "RightEyesBase",
					"pivot": [-1.625, 16.55, -3.625],
					"cubes": [
						{"origin": [-2.625, 34.55, -3.625], "size": [0.6, 1, 1], "uv": [54, 47], "mirror": true}
					]
				},
				{
					"name": "LeftEyelid",
					"parent": "Eyelid",
					"pivot": [2.325, 34.05, -3.075],
					"cubes": [
						{"origin": [1.5, 34.05, -3.525], "size": [2, 2, 1], "uv": [22, 41]}
					]
				},
				{
					"name": "LeftEyesBase",
					"parent": "LeftEyelid",
					"pivot": [2.825, 35.55, -3.1],
					"cubes": [
						{"origin": [2.675, 35.4, -3.6], "size": [0.4, 0.3, 1], "uv": [9, 81]},
						{"origin": [1.625, 34.05, -3.575], "size": [1.4, 2, 1], "uv": [49, 44]}
					]
				},
				{
					"name": "LeftPupil",
					"parent": "LeftEyesBase",
					"pivot": [1.625, 16.55, -3.625],
					"cubes": [
						{"origin": [2.025, 34.55, -3.625], "size": [0.6, 1, 1], "uv": [54, 47]}
					]
				},
				{
					"name": "Arm",
					"parent": "UpperBody",
					"pivot": [-0.2, 31.275, 0]
				},
				{
					"name": "LeftArm",
					"parent": "Arm",
					"pivot": [3.4, 31.025, 0],
					"rotation": [0, 0, -18],
					"cubes": [
						{"origin": [2.9, 24.175, -1.1], "size": [2.55, 2, 2.2], "uv": [58, 56]},
						{"origin": [2.625, 25.075, -1.475], "size": [3, 7, 3], "uv": [84, 61]}
					]
				},
				{
					"name": "ClotharmsL",
					"parent": "LeftArm",
					"pivot": [3.4, 31.025, 0],
					"cubes": [
						{"origin": [2.45, 24.8, -1.7], "size": [3.25, 7.4, 3.4], "uv": [116, 0]},
						{"origin": [2.8, 24.125, -1.125], "size": [2.7, 2.05, 2.3], "uv": [80, 26]}
					]
				},
				{
					"name": "LeftForeArm",
					"parent": "LeftArm",
					"pivot": [4.125, 25.075, 0.025],
					"cubes": [
						{"origin": [2.625, 18.075, -1.475], "size": [3, 7, 3], "uv": [94, 88]}
					]
				},
				{
					"name": "armL",
					"parent": "LeftForeArm",
					"pivot": [0, 0, 0],
					"cubes": [
						{"origin": [2.525, 20.375, -1.575], "size": [3.2, 5.1, 3.2], "uv": [99, 1]},
						{"origin": [2.275, 20.375, -1.825], "size": [3.7, 2, 3.7], "uv": [73, 92]}
					]
				},
				{
					"name": "ClotharmL",
					"parent": "LeftForeArm",
					"pivot": [0, 0, 0]
				},
				{
					"name": "LeftHand",
					"parent": "LeftForeArm",
					"pivot": [4.125, 19.575, 0.025]
				},
				{
					"name": "LeftHandLocator",
					"parent": "LeftHand",
					"pivot": [4.125, 19.575, 0.025]
				},
				{
					"name": "RightArm",
					"parent": "Arm",
					"pivot": [-3.4, 31.025, 0],
					"rotation": [0, 0, 18],
					"cubes": [
						{"origin": [-5.65, 25.075, -1.5], "size": [3.05, 7, 3], "uv": [0, 66]},
						{"origin": [-5.45, 24.175, -1.1], "size": [2.55, 2, 2.2], "uv": [27, 42]}
					]
				},
				{
					"name": "clothar",
					"parent": "RightArm",
					"pivot": [0, 0, 0],
					"cubes": [
						{"origin": [-5.7, 24.8, -1.7], "size": [3.25, 7.4, 3.4], "uv": [114, 49]},
						{"origin": [-5.5, 24.125, -1.125], "size": [2.7, 2.3, 2.3], "uv": [0, 0]}
					]
				},
				{
					"name": "RightForeArm",
					"parent": "RightArm",
					"pivot": [-4.125, 25.075, 0.025],
					"cubes": [
						{"origin": [-5.625, 18.075, -1.475], "size": [3, 7, 3], "uv": [72, 60]}
					]
				},
				{
					"name": "clotarmfR",
					"parent": "RightForeArm",
					"pivot": [0, 0, 0],
					"cubes": [
						{"origin": [-5.725, 20.375, -1.575], "size": [3.2, 5.2, 3.2], "uv": [93, 23]},
						{"origin": [-5.975, 20.375, -1.825], "size": [3.7, 2, 3.7], "uv": [73, 94]}
					]
				},
				{
					"name": "RightHand",
					"parent": "RightForeArm",
					"pivot": [-4.125, 19.575, 0.025]
				},
				{
					"name": "RightHandLocator",
					"parent": "RightHand",
					"pivot": [-4.125, 19.575, 0.025]
				},
				{
					"name": "Collar",
					"parent": "UpperBody",
					"pivot": [0, 30.925, -0.025],
					"rotation": [-15, 0, 0]
				},
				{
					"name": "ElytraLocator",
					"parent": "UpperBody",
					"pivot": [0, 31.65, 2]
				},
				{
					"name": "RifleLocator",
					"parent": "UpperBody",
					"pivot": [0, 25.15, 2.3],
					"rotation": [0, 0, 45]
				},
				{
					"name": "breast",
					"parent": "UpperBody",
					"pivot": [0, 30.30419, -1.86477]
				},
				{
					"name": "b_1",
					"parent": "breast",
					"pivot": [-1.7, 29.80419, -1.56477],
					"cubes": [
						{"origin": [-3.2, 28.45, -2.025], "size": [3, 2.75, 1.05], "pivot": [0, 30.025, -1.6], "rotation": [-17.5, 0, 0], "uv": [2, 85]}
					]
				},
				{
					"name": "B2",
					"parent": "breast",
					"pivot": [1.7, 29.80419, -1.56477],
					"cubes": [
						{"origin": [0.2, 28.45, -2.025], "size": [3, 2.75, 1.05], "pivot": [0, 30.025, -1.6], "rotation": [-17.5, 0, 0], "uv": [2, 85]}
					]
				},
				{
					"name": "PistolLocator",
					"parent": "UpBody",
					"pivot": [-4, 24.75, -1.6],
					"rotation": [-30, 0, 0]
				},
				{
					"name": "LeftWaistLocator",
					"parent": "UpBody",
					"pivot": [4, 23, 0],
					"rotation": [-20, 0, 0]
				},
				{
					"name": "RightWaistLocator",
					"parent": "UpBody",
					"pivot": [-4, 23, 0],
					"rotation": [-5, 0, 0]
				},
				{
					"name": "DownBody",
					"parent": "AllBody",
					"pivot": [0, 20.65, 0]
				},
				{
					"name": "Leg",
					"parent": "DownBody",
					"pivot": [0, 21.15, 0]
				},
				{
					"name": "LeftLeg",
					"parent": "Leg",
					"pivot": [2.4, 21.15, 0],
					"cubes": [
						{"origin": [0.375, 11.65, -2], "size": [3.65, 10, 4], "uv": [39, 46]}
					]
				},
				{
					"name": "pntR",
					"parent": "LeftLeg",
					"pivot": [0, 0, 0],
					"cubes": [
						{"origin": [0.275, 11.45, -2.1], "size": [3.85, 10.45, 4.3], "uv": [48, 92]}
					]
				},
				{
					"name": "LeftLowerLeg",
					"parent": "LeftLeg",
					"pivot": [2.2, 11.7, 0],
					"cubes": [
						{"origin": [0.5, 2, -1.9], "size": [3.4, 10, 4], "uv": [53, 47]}
					]
				},
				{
					"name": "pant2R",
					"parent": "LeftLowerLeg",
					"pivot": [0, 0, 0],
					"cubes": [
						{"origin": [0.4, 2, -2], "size": [3.6, 10.1, 4.2], "uv": [72, 86]}
					]
				},
				{
					"name": "LeftFoot",
					"parent": "LeftLowerLeg",
					"pivot": [2.1875, 2.5, 0.1375],
					"cubes": [
						{"origin": [0.45, 0.2, -2], "size": [3.475, 3.8, 4.075], "uv": [53, 51]},
						{"origin": [0.65, 0.2, -4.1], "size": [3.075, 2.7, 2.7], "uv": [70, 72]}
					]
				},
				{
					"name": "shoeR",
					"parent": "LeftFoot",
					"pivot": [2.6875, 2.5, -2.9],
					"cubes": [
						{"origin": [0.25, 0, -2.1], "size": [3.875, 4.5, 4.375], "uv": [33, 78]},
						{"origin": [0.35, 0, -4.4], "size": [3.675, 3, 3], "uv": [34, 80]},
						{"origin": [0.95, 2.575, -3.2], "size": [2.675, 1, 2], "pivot": [2.6875, 2.5, -2.9], "rotation": [22.5, 0, 0], "uv": [46, 78]}
					]
				},
				{
					"name": "RightLeg",
					"parent": "Leg",
					"pivot": [-2.4, 21.15, 0],
					"cubes": [
						{"origin": [-4.025, 11.65, -2], "size": [3.65, 10, 4], "uv": [25, 46]}
					]
				},
				{
					"name": "PantL",
					"parent": "RightLeg",
					"pivot": [0, 0, 0],
					"cubes": [
						{"origin": [-4.125, 11.45, -2.1], "size": [3.85, 10.45, 4.2], "uv": [22, 95]}
					]
				},
				{
					"name": "RightLowerLeg",
					"parent": "RightLeg",
					"pivot": [-2.2, 11.7, 0],
					"cubes": [
						{"origin": [-3.9, 2, -1.9], "size": [3.4, 10, 4], "uv": [14, 56]}
					]
				},
				{
					"name": "pant2L",
					"parent": "RightLowerLeg",
					"pivot": [0, 0, 0],
					"cubes": [
						{"origin": [-4, 2, -2], "size": [3.6, 10.2, 4.2], "uv": [6, 96]}
					]
				},
				{
					"name": "RightFoot",
					"parent": "RightLowerLeg",
					"pivot": [-2.1875, 2.5, -0.1375]
				},
				{
					"name": "foot",
					"parent": "RightFoot",
					"pivot": [0, 0, 0],
					"cubes": [
						{"origin": [-3.925, 0.2, -1.9], "size": [3.475, 3.8, 3.975], "uv": [52, 52]},
						{"origin": [-3.725, 0.2, -4.1], "size": [3.175, 2.7, 2.7], "uv": [16, 71]}
					]
				},
				{
					"name": "shoe",
					"parent": "RightFoot",
					"pivot": [0, 0, 0],
					"cubes": [
						{"origin": [-4.125, 0, -2.1], "size": [3.875, 4.5, 4.375], "uv": [33, 78]},
						{"origin": [-4.025, 0, -4.4], "size": [3.675, 3, 3], "uv": [34, 80]},
						{"origin": [-3.625, 2.575, -3.2], "size": [2.675, 1, 2], "pivot": [-2.6875, 2.5, -2.9], "rotation": [22.5, 0, 0], "uv": [36, 81]}
					]
				},
				{
					"name": "Skirt",
					"parent": "DownBody",
					"pivot": [0, 23.85, 0.1]
				},
				{
					"name": "RightSkirt",
					"parent": "Skirt",
					"pivot": [-3.525, 23.9, 0.0375],
					"rotation": [0, 0, 17.5],
					"cubes": [
						{"origin": [-3.625, 18.175, -2.9625], "size": [1, 3, 6], "uv": [36, 67]},
						{"origin": [-3.625, 21.175, -1.9625], "size": [1, 3, 4], "uv": [32, 66]}
					]
				},
				{
					"name": "LeftSkirt",
					"parent": "Skirt",
					"pivot": [3.6, 23.9, 0.0375],
					"rotation": [0, 0, -17.5],
					"cubes": [
						{"origin": [2.7, 18.075, -2.9625], "size": [1, 3, 6], "uv": [92, 36]},
						{"origin": [2.7, 21.075, -1.9625], "size": [1, 3, 4], "uv": [78, 5]}
					]
				},
				{
					"name": "FrontSkirt",
					"parent": "Skirt",
					"pivot": [0, 24.25, -2.0125],
					"rotation": [-20, 0, 0],
					"cubes": [
						{"origin": [-5.25, 18.25, -2.0625], "size": [10.475, 3, 1.1], "uv": [65, 42]},
						{"origin": [-1.95, 18, -2.3125], "size": [0.475, 3.25, 1.1], "uv": [77, 16]},
						{"origin": [-4.25, 21.25, -2.0625], "size": [8.475, 3, 1.1], "uv": [72, 22]},
						{"origin": [-1.95, 21.25, -2.3125], "size": [0.475, 3, 1.1], "uv": [78, 17]},
						{"origin": [-1.2, 21.79747, -2.15834], "size": [0.7, 0.7, 0.7], "uv": [111, 21]},
						{"origin": [-1.25, 19.34747, -2.15834], "size": [0.7, 0.7, 0.7], "uv": [111, 21]},
						{"origin": [1.1, 21.79747, -2.15834], "size": [0.7, 0.7, 0.7], "uv": [111, 21], "mirror": true},
						{"origin": [-1.2, 23.54747, -2.15834], "size": [0.7, 0.7, 0.7], "uv": [111, 21]},
						{"origin": [1.1, 23.54747, -2.15834], "size": [0.7, 0.7, 0.7], "uv": [111, 21], "mirror": true},
						{"origin": [1.15, 19.34747, -2.15834], "size": [0.7, 0.7, 0.7], "uv": [111, 21], "mirror": true}
					]
				},
				{
					"name": "BackSkirt",
					"parent": "Skirt",
					"pivot": [0, 24.1, 2.4125],
					"rotation": [12.5, 0, 0],
					"cubes": [
						{"origin": [-5.15, 18.1, 1.3625], "size": [10.275, 3, 1.1], "uv": [77, 47]},
						{"origin": [-4.25, 21.1, 1.3625], "size": [8.475, 3, 1.1], "uv": [70, 26]}
					]
				},
				{
					"name": "ElytraMolang",
					"parent": "Root",
					"pivot": [0, -0.35, 0]
				},
				{
					"name": "molang",
					"parent": "Root",
					"pivot": [0, -0.35, 0]
				}
			]
		}
	]
}