{
	"format_version": "1.8.0",
	"animations": {
		"water": {
			"loop": true
		},
		"fire": {
			"loop": true
		},
		"ground": {
			"loop": true,
			"bones": {
				"ysmGlowbasic_trailer": {
					"scale": 0
				}
			}
		},
		"air": {
			"loop": true
		},
		"parallel0": {
			"loop": true,
			"bones": {
				"bow": {
					"scale": "ysm.shoot_item_id!='minecraft:crossbow'"
				},
				"crossbow": {
					"scale": "ysm.shoot_item_id=='minecraft:crossbow'"
				}
			}
		},
		"parallel1": {
			"loop": true
		},
		"parallel2": {
			"loop": true
		},
		"parallel3": {
			"loop": true
		},
		"parallel4": {
			"loop": true
		},
		"parallel5": {
			"loop": true
		},
		"parallel6": {
			"loop": true
		},
		"parallel7": {
			"loop": true
		}
	},
	"geckolib_format_version": 2
}