{
	"format_version": "1.8.0",
	"animations": {
		"parallel0": {
			"loop": true,
			"animation_length": 0.125,
			"bones": {
				"ysmGlowBone_3": {
					"position": {
						"0.0": [0, 0, -3.6],
						"0.125": [0, 0, -2]
					},
					"scale": {
						"0.0": [0.5, 0.52, 1],
						"0.125": [0.8, 0.7, 1]
					}
				},
				"ysmGlowBone_4": {
					"position": {
						"0.0": [0, 0, -2],
						"0.125": [0, 0, -0.5]
					},
					"scale": {
						"0.0": [0.8, 0.7, 1],
						"0.125": [0.9, 0.9, 1]
					}
				},
				"ysmGlowBone_5": {
					"position": {
						"0.0": [0, 0, -0.5],
						"0.125": [0, 0, 1.4]
					},
					"scale": {
						"0.0": [0.9, 0.9, 1],
						"0.125": [0.8, 1.04, 1]
					}
				},
				"ysmGlowBone_6": {
					"position": {
						"0.0": [0, 0, 1.4],
						"0.125": [0, 0, 3.3]
					},
					"scale": {
						"0.0": [0.8, 1.04, 1],
						"0.125": [0.6, 0.84, 1]
					}
				},
				"ysmGlowBone_7": {
					"position": {
						"0.0": [0, 0, 3.3],
						"0.125": [0, 0, 4.9]
					},
					"scale": {
						"0.0": [0.6, 0.84, 1],
						"0.125": [0.4, 0.67, 1]
					}
				},
				"ysmGlowBone_8": {
					"position": {
						"0.0": [0, 0, 4.9],
						"0.125": [0, 0, 6.8]
					},
					"scale": {
						"0.0": [0.4, 0.67, 1],
						"0.125": [0.3, 0.42, 1]
					}
				},
				"ysmGlowBone_9": {
					"position": {
						"0.0": [0, 0, 6.8],
						"0.125": [0, 0, 8.6]
					},
					"scale": {
						"0.0": [0.3, 0.42, 1],
						"0.125": [0.17, 0.33, 1]
					}
				},
				"ysmGlowBone_12": {
					"position": {
						"0.0": [0, 0, 8.6],
						"0.125": [0, 0, 10.5]
					},
					"scale": {
						"0.0": [0.17, 0.33, 1],
						"0.125": [0.1, 0.24, 1]
					}
				},
				"ysmGlowBone_13": {
					"position": {
						"0.0": [0, 0, 10.5],
						"0.125": [0, 0, 12.5]
					},
					"scale": {
						"0.0": [0.1, 0.24, 1],
						"0.125": [0, 0, 0]
					}
				},
				"ysmGlowBone_2": {
					"position": {
						"0.0": [0, 0, -4.8],
						"0.125": [0, 0, -3.6]
					},
					"scale": {
						"0.0": [0.2, 0.36, 1],
						"0.125": [0.5, 0.52, 1]
					}
				},
				"ysmGlowBody_1": {
					"position": {
						"0.0": [0, 0, -2.5],
						"0.125": [0, 0, -0.8]
					},
					"scale": {
						"0.0": [0.3, 0.4, 0.3],
						"0.125": [0.63, 0.76, 0.61]
					}
				},
				"ysmGlowBody_2": {
					"position": {
						"0.0": [0, 0, -0.8],
						"0.125": [0, 0, 1.7]
					},
					"scale": {
						"0.0": [0.63, 0.76, 0.61],
						"0.125": [0.93, 1.12, 0.8]
					}
				},
				"ysmGlowBody_3": {
					"position": {
						"0.0": [0, 0, 1.7],
						"0.125": [0, 0, 3.5]
					},
					"scale": {
						"0.0": [0.93, 1.12, 0.8],
						"0.125": [0.7, 0.92, 0.7]
					}
				},
				"ysmGlowBody_4": {
					"position": {
						"0.0": [0, 0, 3.5],
						"0.125": [0, 0, 5.4]
					},
					"scale": {
						"0.0": [0.7, 0.92, 0.7],
						"0.125": [0.5, 0.7, 0.6]
					}
				},
				"ysmGlowBody_5": {
					"position": {
						"0.0": [0, 0, 5.4],
						"0.125": [0, 0, 7.375]
					},
					"scale": {
						"0.0": [0.5, 0.7, 0.6],
						"0.125": [0.26, 0.43, 0.46]
					}
				},
				"ysmGlowBody_6": {
					"position": {
						"0.0": [0, 0, 7.375],
						"0.125": [0, 0, 8.28]
					},
					"scale": {
						"0.0": [0.26, 0.43, 0.46],
						"0.125": [0, 0, 0]
					}
				},
				"ysmGlowBody_7": {
					"position": {
						"0.0": [0, 0, -3.6],
						"0.125": [0, 0, -2.5]
					},
					"scale": {
						"0.0": [0, 0, 0],
						"0.125": [0.3, 0.4, 0.3]
					}
				},
				"ysmGlowBone_1": {
					"position": {
						"0.0": [0, 0, -5.9],
						"0.125": [0, 0, -4.8]
					},
					"scale": {
						"0.0": [0, 0, 0],
						"0.125": [0.2, 0.36, 1]
					}
				},
				"Root_1": {
					"position": [0, 0.6, 0],
					"scale": 2
				}
			}
		},
		"jump_UP": {
			"loop": true,
			"animation_length": 0.60417,
			"bones": {
				"Allbody_1": {
					"rotation": {
						"0.0": {
							"post": [-37.4, 0, 0],
							"lerp_mode": "catmullrom"
						},
						"0.0833": {
							"post": [-0.49, 0, 0],
							"lerp_mode": "catmullrom"
						},
						"0.2292": {
							"post": [29.35953, 0, 0],
							"lerp_mode": "catmullrom"
						},
						"0.3333": {
							"post": [37.67551, 0, 0],
							"lerp_mode": "catmullrom"
						},
						"0.6042": {
							"post": [37.75422, 6.14151, 4.73607],
							"lerp_mode": "catmullrom"
						}
					},
					"position": {
						"0.0": {
							"post": [0.375, 0.5, 0.375],
							"lerp_mode": "catmullrom"
						},
						"0.0833": {
							"post": [1.28, 1.86, -0.18],
							"lerp_mode": "catmullrom"
						},
						"0.2292": {
							"post": [0.36, 0.56, -0.23],
							"lerp_mode": "catmullrom"
						},
						"0.3333": {
							"post": [0.32, 0.075, 0.6125],
							"lerp_mode": "catmullrom"
						},
						"0.6042": {
							"post": [0.375, 0, 0.375],
							"lerp_mode": "catmullrom"
						}
					},
					"scale": {
						"0.0": {
							"post": [0.8, 1.2, 0.8],
							"lerp_mode": "catmullrom"
						},
						"0.0625": {
							"post": [1, 1, 1],
							"lerp_mode": "catmullrom"
						},
						"0.125": {
							"post": [1, 1, 1],
							"lerp_mode": "catmullrom"
						}
					}
				},
				"body_1": {
					"rotation": {
						"0.0": {
							"post": [-12, 0, 0],
							"lerp_mode": "catmullrom"
						},
						"0.0833": {
							"post": [-22.6, 0, 0],
							"lerp_mode": "catmullrom"
						},
						"0.2292": {
							"post": [8, 0, 0],
							"lerp_mode": "catmullrom"
						},
						"0.3333": {
							"post": [27.5, 0, 0],
							"lerp_mode": "catmullrom"
						},
						"0.6042": {
							"post": [0, 0, 0],
							"lerp_mode": "catmullrom"
						}
					}
				},
				"body_2": {
					"rotation": {
						"0.0": {
							"post": [-42, 0, 0],
							"lerp_mode": "catmullrom"
						},
						"0.0833": {
							"post": [-52.5, 0, 0],
							"lerp_mode": "catmullrom"
						},
						"0.2292": {
							"post": [-35.75, 0, 0],
							"lerp_mode": "catmullrom"
						},
						"0.3333": {
							"post": [40.5, 0, 0],
							"lerp_mode": "catmullrom"
						},
						"0.6042": {
							"post": [0, 11.75, 0],
							"lerp_mode": "catmullrom"
						}
					}
				}
			}
		},
		"jump_Fall": {
			"loop": true,
			"animation_length": 0.58333,
			"bones": {
				"Allbody_1": {
					"rotation": {
						"0.0": [37.75422, 6.14151, 4.73607],
						"0.1458": [39.52381, -15.86351, -12.70261],
						"0.2917": [37.75422, -6.14151, -4.73607],
						"0.4375": [39.52381, 15.86351, 12.70261],
						"0.5833": [37.75422, 6.14151, 4.73607]
					},
					"position": {
						"0.0": [0.375, 0, 0.375],
						"0.1458": [-0.05, 0, 0.38],
						"0.2917": [-0.375, 0, 0.375],
						"0.4375": [0.05, 0, 0.38],
						"0.5833": [0.375, 0, 0.375]
					}
				},
				"body_1": {
					"rotation": {
						"0.0": [17.5, 0, 0],
						"0.1458": [17.5, 13, 0],
						"0.2917": [17.5, 0, 0],
						"0.4375": [17.5, -13, 0],
						"0.5833": [17.5, 0, 0]
					},
					"position": {
						"0.0": [0, 0, 0],
						"0.1458": [0, 0, 0],
						"0.2917": [0, 0, 0],
						"0.4375": [0, 0, 0],
						"0.5833": [0, 0, 0]
					}
				},
				"body_2": {
					"rotation": {
						"0.0": [22.5, 11.75, 0],
						"0.1458": [22.5, 17.53, 0],
						"0.2917": [22.5, -11.75, 0],
						"0.4375": [22.5, -17.53, 0],
						"0.5833": [22.5, 11.75, 0]
					},
					"position": {
						"0.0": [0, 0, 0],
						"0.1458": [0, 0, 0],
						"0.2917": [0, 0, 0],
						"0.4375": [0, 0, 0],
						"0.5833": [0, 0, 0]
					}
				}
			}
		},
		"idle": {
			"loop": true,
			"bones": {
				"Allbody_1": {
					"rotation": {
						"0.0": {
							"post": [0, 0, 0],
							"lerp_mode": "catmullrom"
						}
					},
					"position": {
						"0.0": {
							"post": [0, 0, 0],
							"lerp_mode": "catmullrom"
						}
					},
					"scale": {
						"0.0": {
							"post": [1, 1, 1],
							"lerp_mode": "catmullrom"
						}
					}
				},
				"body_1": {
					"rotation": {
						"0.0": {
							"post": [0, 0, 0],
							"lerp_mode": "catmullrom"
						}
					}
				},
				"body_2": {
					"rotation": {
						"0.0": {
							"post": [0, 0, 0],
							"lerp_mode": "catmullrom"
						}
					}
				}
			}
		},
		"fly": {
			"loop": true,
			"animation_length": 0.58333,
			"bones": {
				"Allbody_1": {
					"rotation": {
						"0.0": [-14.58609, 1.70524, 9.52153],
						"0.1458": [-14.96095, 3.0978, -3.9248],
						"0.2917": [-14.58609, -1.70524, -9.52153],
						"0.4375": [-14.96095, -3.0978, 3.9248],
						"0.5833": [-14.58609, 1.70524, 9.52153]
					},
					"position": {
						"0.0": [0.375, 0, 0.375],
						"0.1458": [0, 0, 0.38],
						"0.2917": [-0.375, 0, 0.375],
						"0.4375": [0, 0, 0.38],
						"0.5833": [0.375, 0, 0.375]
					}
				},
				"body_1": {
					"rotation": {
						"0.0": [-37.81512, -4.98049, 5.42084],
						"0.1458": [-42.39089, -3.43321, 8.50504],
						"0.2917": [-37.81512, 4.98049, -5.42084],
						"0.4375": [-42.39089, 3.43321, -8.50504],
						"0.5833": [-37.81512, -4.98049, 5.42084]
					},
					"position": {
						"0.0": [0, 0, 0],
						"0.1458": [0, 0, 0],
						"0.2917": [0, 0, 0],
						"0.4375": [0, 0, 0],
						"0.5833": [0, 0, 0]
					}
				},
				"body_2": {
					"rotation": {
						"0.0": [-45.07051, 17.84093, -6.1358],
						"0.1458": [-24.56367, -8.88237, 4.03692],
						"0.2917": [-45.07051, -17.84093, 6.1358],
						"0.4375": [-24.56367, 8.88237, -4.03692],
						"0.5833": [-45.07051, 17.84093, -6.1358]
					},
					"position": {
						"0.0": [0, 0, 0],
						"0.1458": [0, 0, 0],
						"0.2917": [0, 0, 0],
						"0.4375": [0, 0, 0],
						"0.5833": [0, 0, 0]
					}
				}
			}
		},
		"walk": {
			"loop": true
		},
		"run": {
			"loop": true
		},
		"swing_hand": {
			"animation_length": 0.125,
			"bones": {
				"RightHand_1": {
					"rotation": {
						"0.0": [0, 0, 0],
						"0.0417": [-16.65805, -5.27502, -3.62915],
						"0.0833": [45.93345, -17.78667, 1.76192],
						"0.125": [0, 0, 0]
					},
					"position": {
						"0.0": [0, 0, 0],
						"0.0417": [0, 1.2, 0.6],
						"0.0833": [0, -0.675, -1.25],
						"0.125": [0, 0, 0]
					}
				}
			}
		},
		"use_mainhand": {
			"animation_length": 0.125,
			"bones": {
				"RightHand_1": {
					"rotation": {
						"0.0": [0, 0, 0],
						"0.0417": [-16.65805, -5.27502, -3.62915],
						"0.0833": [45.93345, -17.78667, 1.76192],
						"0.125": [0, 0, 0]
					},
					"position": {
						"0.0": [0, 0, 0],
						"0.0417": [0, 1.2, 0.6],
						"0.0833": [0, -0.675, -1.25],
						"0.125": [0, 0, 0]
					}
				}
			}
		},
		"swing_offhand": {
			"animation_length": 0.125,
			"bones": {
				"LeftHand_1": {
					"rotation": {
						"0.0": [0, 0, 0],
						"0.0417": [-16.65805, 5.27502, 3.62915],
						"0.0833": [45.93345, 17.78667, -1.76192],
						"0.125": [0, 0, 0]
					},
					"position": {
						"0.0": [0, 0, 0],
						"0.0417": [0, 1.2, 0.6],
						"0.0833": [0, -0.675, -1.25],
						"0.125": [0, 0, 0]
					}
				}
			}
		},
		"use_offhand": {
			"animation_length": 0.125,
			"bones": {
				"LeftHand_1": {
					"rotation": {
						"0.0": [0, 0, 0],
						"0.0417": [-16.65805, 5.27502, 3.62915],
						"0.0833": [45.93345, 17.78667, -1.76192],
						"0.125": [0, 0, 0]
					},
					"position": {
						"0.0": [0, 0, 0],
						"0.0417": [0, 1.2, 0.6],
						"0.0833": [0, -0.675, -1.25],
						"0.125": [0, 0, 0]
					}
				}
			}
		},
		"ladder_up": {
			"loop": true,
			"animation_length": 0.58333,
			"bones": {
				"Allbody_1": {
					"rotation": {
						"0.0": [-92.24578, 6.14151, 4.73607],
						"0.1458": [-92.65046, 6.07912, -6.83446],
						"0.2917": [-92.24578, -6.14151, -4.73607],
						"0.4375": [-92.65046, -6.07912, 6.83446],
						"0.5833": [-92.24578, 6.14151, 4.73607]
					},
					"position": {
						"0.0": [0.375, 2.5, 0.375],
						"0.1458": [0.05, 2.5, 0.38],
						"0.2917": [-0.375, 2.5, 0.375],
						"0.4375": [-0.05, 2.5, 0.38],
						"0.5833": [0.375, 2.5, 0.375]
					}
				},
				"body_1": {
					"rotation": {
						"0.0": [2.5, 0, 0],
						"0.1458": [2.5, -13, 0],
						"0.2917": [2.5, 0, 0],
						"0.4375": [2.5, 13, 0],
						"0.5833": [2.5, 0, 0]
					},
					"position": {
						"0.0": [0, 0, 0],
						"0.1458": [0, 0, 0],
						"0.2917": [0, 0, 0],
						"0.4375": [0, 0, 0],
						"0.5833": [0, 0, 0]
					}
				},
				"body_2": {
					"rotation": {
						"0.0": [0, 11.75, 0],
						"0.1458": [-1.52816, -0.69247, -12.13729],
						"0.2917": [0, -11.75, 0],
						"0.4375": [-1.52816, 0.69247, 12.13729],
						"0.5833": [0, 11.75, 0]
					},
					"position": {
						"0.0": [0, 0, 0],
						"0.1458": [0, 0, 0],
						"0.2917": [0, 0, 0],
						"0.4375": [0, 0, 0],
						"0.5833": [0, 0, 0]
					}
				}
			}
		},
		"ladder_stillness": {
			"loop": true,
			"animation_length": 0.58333,
			"bones": {
				"Allbody_1": {
					"rotation": [-90, 0, 0],
					"position": [0.375, 2.5, 0.375]
				},
				"body_1": {
					"rotation": [0, 0, 0],
					"position": [0, 0, 0]
				},
				"body_2": {
					"rotation": [0, 0, 0],
					"position": [0, 0, 0]
				}
			}
		},
		"ladder_down": {
			"loop": true,
			"animation_length": 0.58333,
			"bones": {
				"Allbody_1": {
					"rotation": {
						"0.0": [-92.24578, 6.14151, 4.73607],
						"0.1458": [-92.65046, 6.07912, -2.38446],
						"0.2917": [-92.24578, -6.14151, -4.73607],
						"0.4375": [-92.65046, -6.07912, 2.38446],
						"0.5833": [-92.24578, 6.14151, 4.73607]
					},
					"position": {
						"0.0": [0.375, 2.5, 0.375],
						"0.1458": [0.05, 2.5, 0.38],
						"0.2917": [-0.375, 2.5, 0.375],
						"0.4375": [-0.05, 2.5, 0.38],
						"0.5833": [0.375, 2.5, 0.375]
					}
				},
				"body_1": {
					"rotation": {
						"0.0": [2.5, 0, 0],
						"0.1458": [2.5, -7.175, 0],
						"0.2917": [2.5, 0, 0],
						"0.4375": [2.5, 7.175, 0],
						"0.5833": [2.5, 0, 0]
					},
					"position": {
						"0.0": [0, 0, 0],
						"0.1458": [0, 0, 0],
						"0.2917": [0, 0, 0],
						"0.4375": [0, 0, 0],
						"0.5833": [0, 0, 0]
					}
				},
				"body_2": {
					"rotation": {
						"0.0": [0, 11.75, 0],
						"0.1458": [-1.52816, 3.48253, -7.33729],
						"0.2917": [0, -11.75, 0],
						"0.4375": [-1.52816, -3.48253, 7.33729],
						"0.5833": [0, 11.75, 0]
					},
					"position": {
						"0.0": [0, 0, 0],
						"0.1458": [0, 0, 0],
						"0.2917": [0, 0, 0],
						"0.4375": [0, 0, 0],
						"0.5833": [0, 0, 0]
					}
				}
			}
		}
	}
}