{
	"format_version": "1.12.0",
	"minecraft:geometry": [
		{
			"description": {
				"identifier": "geometry.default",
				"texture_width": 128,
				"texture_height": 128,
				"visible_bounds_width": 5,
				"visible_bounds_height": 4.5,
				"visible_bounds_offset": [0, 1.75, 0]
			},
			"bones": [
				{
					"name": "RightArm",
					"pivot": [-3.8, 34.425, 0],
					"cubes": [
						{
							"origin": [-4.325, 27.675, -1.5],
							"size": [2.25, 7.5, 3.05],
							"uv": {
								"north": {"uv": [62, 84], "uv_size": [2.5, 7.5]},
								"east": {"uv": [19, 76], "uv_size": [3, 7.5]},
								"south": {"uv": [38, 85], "uv_size": [2.5, 7.5]},
								"west": {"uv": [30, 76], "uv_size": [3, 7.5]},
								"up": {"uv": [105, 101], "uv_size": [2.5, 3]},
								"down": {"uv": [0, 109], "uv_size": [2.5, -3]}
							}
						}
					]
				},
				{
					"name": "RightForeArm",
					"parent": "RightArm",
					"pivot": [-3.275, 27.575, 0.025],
					"cubes": [
						{
							"origin": [-4.3, 26.55086, -0.85842],
							"size": [2.05, 2.1, 2.1],
							"pivot": [-3.675, 27.80086, 0.09158],
							"rotation": [-45, 0, 0],
							"uv": {
								"north": {"uv": [23, 115], "uv_size": [2, 2]},
								"east": {"uv": [115, 24], "uv_size": [2, 2]},
								"south": {"uv": [26, 115], "uv_size": [2, 2]},
								"west": {"uv": [115, 26], "uv_size": [2, 2]},
								"up": {"uv": [28, 115], "uv_size": [2, 2]},
								"down": {"uv": [115, 30], "uv_size": [2, -2]}
							}
						},
						{
							"origin": [-4.325, 21.85, -1.475],
							"size": [2.225, 5.8, 3],
							"uv": {
								"north": {"uv": [66, 13], "uv_size": [2, 6]},
								"east": {"uv": [68, 86], "uv_size": [3, 6]},
								"south": {"uv": [66, 50], "uv_size": [2, 6]},
								"west": {"uv": [71, 86], "uv_size": [3, 6]},
								"up": {"uv": [110, 53], "uv_size": [2, 3]},
								"down": {"uv": [54, 113], "uv_size": [2, -3]}
							}
						},
						{
							"origin": [-4.1201, 21.97543, -1.17337],
							"size": [2.25791, 5.40035, 2.59328],
							"uv": {
								"north": {"uv": [35, 91], "uv_size": [2.5, 5.5]},
								"east": {"uv": [41, 91], "uv_size": [2.5, 5.5]},
								"south": {"uv": [44, 91], "uv_size": [2.5, 5.5]},
								"west": {"uv": [49, 91], "uv_size": [2.5, 5.5]},
								"up": {"uv": [94, 108], "uv_size": [2.5, 2.5]},
								"down": {"uv": [97, 110.5], "uv_size": [2.5, -2.5]}
							}
						},
						{
							"origin": [-4.15597, 23.67407, 1.28565],
							"size": [2.07169, 4.52438, 1.51303],
							"pivot": [-3.39946, 25.41988, 2.00725],
							"rotation": [24.61378, -0.59073, 2.94016],
							"uv": {
								"north": {"uv": [16, 101], "uv_size": [2, 4.5]},
								"east": {"uv": [44, 107], "uv_size": [1.5, 4.5]},
								"south": {"uv": [21, 101], "uv_size": [2, 4.5]},
								"west": {"uv": [46, 107], "uv_size": [1.5, 4.5]},
								"up": {"uv": [46, 119], "uv_size": [2, 1.5]},
								"down": {"uv": [48, 120.5], "uv_size": [2, -1.5]}
							}
						},
						{
							"origin": [-4.61179, 23.95419, -1.7553],
							"size": [0.81471, 3.189, 3.68732],
							"pivot": [-3.11039, 25.07151, 0.53538],
							"rotation": [0, 0, 9.25],
							"uv": {
								"north": {"uv": [45, 119], "uv_size": [1, 3]},
								"east": {"uv": [97, 86], "uv_size": [3.5, 3]},
								"south": {"uv": [119, 45], "uv_size": [1, 3]},
								"west": {"uv": [91, 97], "uv_size": [3.5, 3]},
								"up": {"uv": [36, 117], "uv_size": [1, 3.5]},
								"down": {"uv": [117, 39.5], "uv_size": [1, -3.5]}
							}
						},
						{
							"origin": [-4.77186, 21.50989, -2.39757],
							"size": [3.00278, 2.70018, 5.8659],
							"uv": {
								"north": {"uv": [36, 106], "uv_size": [3, 2.5]},
								"east": {"uv": [89, 55], "uv_size": [6, 2.5]},
								"south": {"uv": [39, 106], "uv_size": [3, 2.5]},
								"west": {"uv": [89, 58], "uv_size": [6, 2.5]},
								"up": {"uv": [85, 86], "uv_size": [3, 6]},
								"down": {"uv": [87, 67], "uv_size": [3, -6]}
							}
						},
						{
							"origin": [-4.15777, 23.94097, -2.00544],
							"size": [2.07169, 3.78816, 1.0242],
							"pivot": [-2.86071, 25.80316, -1.77784],
							"rotation": [-9.54099, -4.90791, 0.95639],
							"uv": {
								"north": {"uv": [18, 105], "uv_size": [2, 4]},
								"east": {"uv": [115, 84], "uv_size": [1, 4]},
								"south": {"uv": [23, 105], "uv_size": [2, 4]},
								"west": {"uv": [88, 115], "uv_size": [1, 4]},
								"up": {"uv": [121, 87], "uv_size": [2, 1]},
								"down": {"uv": [121, 89], "uv_size": [2, -1]}
							}
						}
					]
				},
				{
					"name": "RightHand",
					"parent": "RightForeArm",
					"pivot": [-3.775, 21.325, 0.025],
					"cubes": [
						{
							"origin": [-4.2, 21.05, -1.775],
							"size": [1.925, 2.1, 2],
							"pivot": [0.6, 21.05, -0.575],
							"rotation": [-45, 0, 0],
							"uv": {
								"north": {"uv": [30, 115], "uv_size": [2, 2]},
								"east": {"uv": [115, 30], "uv_size": [2, 2]},
								"south": {"uv": [115, 32], "uv_size": [2, 2]},
								"west": {"uv": [115, 34], "uv_size": [2, 2]},
								"up": {"uv": [36, 115], "uv_size": [2, 2]},
								"down": {"uv": [115, 38], "uv_size": [2, -2]}
							}
						},
						{
							"origin": [-4.325, 19.85, -1.475],
							"size": [2.225, 2, 3],
							"uv": {
								"north": {"uv": [38, 115], "uv_size": [2, 2]},
								"east": {"uv": [110, 59], "uv_size": [3, 2]},
								"south": {"uv": [115, 38], "uv_size": [2, 2]},
								"west": {"uv": [110, 61], "uv_size": [3, 2]},
								"up": {"uv": [110, 63], "uv_size": [2, 3]},
								"down": {"uv": [110, 74], "uv_size": [2, -3]}
							}
						}
					]
				},
				{
					"name": "RightHandLocator",
					"parent": "RightHand",
					"pivot": [-3.775, 20.325, 0.025]
				},
				{
					"name": "LeftArm",
					"pivot": [3.725, 34.425, 0],
					"cubes": [
						{
							"origin": [2.075, 27.675, -1.5],
							"size": [2.25, 7.5, 3.05],
							"uv": {
								"north": {"uv": [19, 84], "uv_size": [2.5, 7.5]},
								"east": {"uv": [53, 73], "uv_size": [3, 7.5]},
								"south": {"uv": [29, 84], "uv_size": [2.5, 7.5]},
								"west": {"uv": [42, 75], "uv_size": [3, 7.5]},
								"up": {"uv": [105, 35], "uv_size": [2.5, 3]},
								"down": {"uv": [105, 41], "uv_size": [2.5, -3]}
							}
						}
					]
				},
				{
					"name": "LeftForeArm",
					"parent": "LeftArm",
					"pivot": [3.2, 27.5, 0.025],
					"cubes": [
						{
							"origin": [2.175, 26.67586, -0.85842],
							"size": [2.125, 2.1, 2.1],
							"pivot": [3.6, 27.92586, 0.09158],
							"rotation": [-45, 0, 0],
							"uv": {
								"north": {"uv": [100, 33], "uv_size": [2, 2]},
								"east": {"uv": [28, 101], "uv_size": [2, 2]},
								"south": {"uv": [113, 36], "uv_size": [2, 2]},
								"west": {"uv": [113, 77], "uv_size": [2, 2]},
								"up": {"uv": [113, 103], "uv_size": [2, 2]},
								"down": {"uv": [114, 72], "uv_size": [2, -2]}
							}
						},
						{
							"origin": [2.1, 21.85, -1.475],
							"size": [2.225, 5.8, 3],
							"uv": {
								"north": {"uv": [58, 62], "uv_size": [2, 6]},
								"east": {"uv": [15, 86], "uv_size": [3, 6]},
								"south": {"uv": [64, 5], "uv_size": [2, 6]},
								"west": {"uv": [65, 86], "uv_size": [3, 6]},
								"up": {"uv": [93, 49], "uv_size": [2, 3]},
								"down": {"uv": [108, 106], "uv_size": [2, -3]}
							}
						},
						{
							"origin": [1.86219, 21.97543, -1.17337],
							"size": [2.25791, 5.40035, 2.59328],
							"uv": {
								"north": {"uv": [11, 90], "uv_size": [2.5, 5.5]},
								"east": {"uv": [90, 61], "uv_size": [2.5, 5.5]},
								"south": {"uv": [7, 91], "uv_size": [2.5, 5.5]},
								"west": {"uv": [32, 91], "uv_size": [2.5, 5.5]},
								"up": {"uv": [91, 108], "uv_size": [2.5, 2.5]},
								"down": {"uv": [108, 94.5], "uv_size": [2.5, -2.5]}
							}
						},
						{
							"origin": [2.08609, 23.94097, -2.00544],
							"size": [2.07169, 3.78816, 1.0242],
							"pivot": [2.86071, 25.80316, -1.77784],
							"rotation": [-9.54099, 4.90791, -0.95639],
							"uv": {
								"north": {"uv": [12, 105], "uv_size": [2, 4]},
								"east": {"uv": [83, 115], "uv_size": [1, 4]},
								"south": {"uv": [14, 105], "uv_size": [2, 4]},
								"west": {"uv": [84, 115], "uv_size": [1, 4]},
								"up": {"uv": [121, 85], "uv_size": [2, 1]},
								"down": {"uv": [121, 87], "uv_size": [2, -1]}
							}
						},
						{
							"origin": [3.79708, 23.95419, -1.7553],
							"size": [0.81471, 3.189, 3.68732],
							"pivot": [3.11039, 25.07151, 0.53538],
							"rotation": [0, 0, -9.25],
							"uv": {
								"north": {"uv": [17, 119], "uv_size": [1, 3]},
								"east": {"uv": [97, 76], "uv_size": [3.5, 3]},
								"south": {"uv": [44, 119], "uv_size": [1, 3]},
								"west": {"uv": [97, 83], "uv_size": [3.5, 3]},
								"up": {"uv": [34, 117], "uv_size": [1, 3.5]},
								"down": {"uv": [35, 120.5], "uv_size": [1, -3.5]}
							}
						},
						{
							"origin": [1.76908, 21.50989, -2.39757],
							"size": [3.00278, 2.70018, 5.8659],
							"uv": {
								"north": {"uv": [106, 11], "uv_size": [3, 2.5]},
								"east": {"uv": [89, 5], "uv_size": [6, 2.5]},
								"south": {"uv": [106, 14], "uv_size": [3, 2.5]},
								"west": {"uv": [89, 52], "uv_size": [6, 2.5]},
								"up": {"uv": [74, 86], "uv_size": [3, 6]},
								"down": {"uv": [82, 92], "uv_size": [3, -6]}
							}
						},
						{
							"origin": [2.08428, 23.67407, 1.28565],
							"size": [2.07169, 4.52438, 1.51303],
							"pivot": [3.39946, 25.41988, 2.00725],
							"rotation": [24.61378, 0.59073, -2.94016],
							"uv": {
								"north": {"uv": [6, 101], "uv_size": [2, 4.5]},
								"east": {"uv": [107, 26], "uv_size": [1.5, 4.5]},
								"south": {"uv": [8, 101], "uv_size": [2, 4.5]},
								"west": {"uv": [42, 107], "uv_size": [1.5, 4.5]},
								"up": {"uv": [42, 119], "uv_size": [2, 1.5]},
								"down": {"uv": [119, 44.5], "uv_size": [2, -1.5]}
							}
						}
					]
				},
				{
					"name": "LeftHand",
					"parent": "LeftForeArm",
					"pivot": [3.7, 21.225, 0.025],
					"cubes": [
						{
							"origin": [2.2, 20.85, -1.675],
							"size": [1.925, 2.1, 2],
							"pivot": [-0.675, 20.95, -0.575],
							"rotation": [-45, 0, 0],
							"uv": {
								"north": {"uv": [114, 72], "uv_size": [2, 2]},
								"east": {"uv": [114, 93], "uv_size": [2, 2]},
								"south": {"uv": [114, 105], "uv_size": [2, 2]},
								"west": {"uv": [115, 3], "uv_size": [2, 2]},
								"up": {"uv": [5, 115], "uv_size": [2, 2]},
								"down": {"uv": [7, 117], "uv_size": [2, -2]}
							}
						},
						{
							"origin": [2.1, 19.85, -1.475],
							"size": [2.225, 2, 3],
							"uv": {
								"north": {"uv": [11, 115], "uv_size": [2, 2]},
								"east": {"uv": [105, 108], "uv_size": [3, 2]},
								"south": {"uv": [18, 115], "uv_size": [2, 2]},
								"west": {"uv": [108, 106], "uv_size": [3, 2]},
								"up": {"uv": [108, 108], "uv_size": [2, 3]},
								"down": {"uv": [0, 112], "uv_size": [2, -3]}
							}
						}
					]
				},
				{
					"name": "LeftHandLocator",
					"parent": "LeftHand",
					"pivot": [3.7, 20.225, 0.025]
				}
			]
		}
	]
}