{
	"format_version": "1.12.0",
	"minecraft:geometry": [
		{
			"description": {
				"identifier": "geometry.unknown",
				"texture_width": 128,
				"texture_height": 128,
				"visible_bounds_width": 2,
				"visible_bounds_height": 3.5,
				"visible_bounds_offset": [0, 1.25, 0]
			},
			"bones": [
				{
					"name": "LeftArm",
					"pivot": [4, 27, 0.75],
					"cubes": [
						{
							"origin": [2.5, 17.75, -0.75],
							"size": [3, 10.5, 3],
							"inflate": -0.3,
							"uv": {
								"north": {"uv": [76, 97], "uv_size": [2, 7]},
								"east": {"uv": [74, 97], "uv_size": [2, 7]},
								"south": {"uv": [80, 97], "uv_size": [2, 7]},
								"west": {"uv": [78, 97], "uv_size": [2, 7]},
								"up": {"uv": [76, 95], "uv_size": [2, 2]},
								"down": {"uv": [78, 97], "uv_size": [2, -2]}
							}
						}
					]
				},
				{
					"name": "RightArm",
					"pivot": [-3, 27, 0.75],
					"cubes": [
						{
							"origin": [-4.5, 17.75, -0.75],
							"size": [3, 10.5, 3],
							"inflate": -0.3,
							"uv": {
								"north": {"uv": [63, 99], "uv_size": [2, 7]},
								"east": {"uv": [61, 99], "uv_size": [2, 7]},
								"south": {"uv": [67, 99], "uv_size": [2, 7]},
								"west": {"uv": [65, 99], "uv_size": [2, 7]},
								"up": {"uv": [63, 97], "uv_size": [2, 2]},
								"down": {"uv": [65, 99], "uv_size": [2, -2]}
							}
						}
					]
				}
			]
		}
	]
}