{
	"format_version": "1.12.0",
	"minecraft:geometry": [
		{
			"description": {
				"identifier": "geometry.unknown",
				"texture_width": 128,
				"texture_height": 128,
				"visible_bounds_width": 9,
				"visible_bounds_height": 4.5,
				"visible_bounds_offset": [0, 1.75, 0]
			},
			"bones": [
				{
					"name": "bb_main",
					"pivot": [0, 0, 0],
					"cubes": [
						{
							"origin": [4.427, 0.00941, -5.24542],
							"size": [3.291, 6.216, 3.241],
							"uv": {
								"north": {"uv": [26, 65], "uv_size": [3.25, 6.25]},
								"east": {"uv": [22, 67], "uv_size": [3.25, 6.25]},
								"south": {"uv": [62, 67], "uv_size": [3.25, 6.25]},
								"west": {"uv": [68, 0], "uv_size": [3.25, 6.25]},
								"up": {"uv": [4, 68], "uv_size": [3.25, 3.25]},
								"down": {"uv": [14, 71.25], "uv_size": [3.25, -3.25]}
							}
						},
						{
							"origin": [-7.073, 0.03249, -6.08584],
							"size": [3.291, 6.216, 3.241],
							"uv": {
								"north": {"uv": [65, 48], "uv_size": [3.25, 6.25]},
								"east": {"uv": [0, 66], "uv_size": [3.25, 6.25]},
								"south": {"uv": [67, 15], "uv_size": [3.25, 6.25]},
								"west": {"uv": [18, 67], "uv_size": [3.25, 6.25]},
								"up": {"uv": [46, 72], "uv_size": [3.25, 3.25]},
								"down": {"uv": [72, 55.25], "uv_size": [3.25, -3.25]}
							}
						}
					]
				}
			]
		}
	]
}