{
	"format_version": "1.12.0",
	"minecraft:geometry": [
		{
			"description": {
				"identifier": "geometry.unknown",
				"texture_width": 128,
				"texture_height": 128,
				"visible_bounds_width": 7,
				"visible_bounds_height": 7,
				"visible_bounds_offset": [0, 2.5, 0]
			},
			"bones": [
				{
					"name": "LeftArm",
					"pivot": [1.9, 28.925, 0.1],
					"cubes": [
						{
							"origin": [0.95, 25.9, -1.6],
							"size": [3.25, 4.2, 3.4],
							"uv": {
								"north": {"uv": [0, 56], "uv_size": [3, 4]},
								"east": {"uv": [3, 56], "uv_size": [3, 4]},
								"south": {"uv": [10, 56], "uv_size": [3, 4]},
								"west": {"uv": [56, 12], "uv_size": [3, 4]},
								"up": {"uv": [62, 15], "uv_size": [3, 3]},
								"down": {"uv": [28, 65], "uv_size": [3, -3]}
							}
						},
						{
							"origin": [1.05, 25.1, -1.5],
							"size": [3.15, 0.8, 3.2],
							"uv": {
								"north": {"uv": [81, 78], "uv_size": [3, 1]},
								"east": {"uv": [82, 11], "uv_size": [3, 1]},
								"south": {"uv": [82, 12], "uv_size": [3, 1]},
								"west": {"uv": [82, 20], "uv_size": [3, 1]},
								"up": {"uv": [31, 62], "uv_size": [3, 3]},
								"down": {"uv": [62, 43], "uv_size": [3, -3]}
							}
						},
						{
							"origin": [2.60323, 26.07877, -1.5],
							"size": [1.65, 4, 3.2],
							"pivot": [4.175, 30.05, 0.1],
							"rotation": [0, 0, -8],
							"uv": {
								"north": {"uv": [61, 65], "uv_size": [2, 4]},
								"east": {"uv": [13, 56], "uv_size": [3, 4]},
								"south": {"uv": [65, 64], "uv_size": [2, 4]},
								"west": {"uv": [16, 56], "uv_size": [3, 4]},
								"up": {"uv": [72, 58], "uv_size": [2, 3]},
								"down": {"uv": [72, 71], "uv_size": [2, -3]}
							}
						},
						{
							"origin": [0.90323, 25.87877, -1.5],
							"size": [1.65, 4, 3.2],
							"pivot": [2.475, 29.85, 0.1],
							"rotation": [0, 0, 8],
							"uv": {
								"north": {"uv": [66, 0], "uv_size": [2, 4]},
								"east": {"uv": [56, 16], "uv_size": [3, 4]},
								"south": {"uv": [66, 4], "uv_size": [2, 4]},
								"west": {"uv": [19, 56], "uv_size": [3, 4]},
								"up": {"uv": [69, 72], "uv_size": [2, 3]},
								"down": {"uv": [71, 75], "uv_size": [2, -3]}
							}
						},
						{
							"origin": [1.1, 22.975, -1.4],
							"size": [3.05, 7, 3],
							"uv": {
								"north": {"uv": [27, 46], "uv_size": [3, 7]},
								"east": {"uv": [36, 46], "uv_size": [3, 7]},
								"south": {"uv": [0, 47], "uv_size": [3, 7]},
								"west": {"uv": [3, 47], "uv_size": [3, 7]},
								"up": {"uv": [57, 62], "uv_size": [3, 3]},
								"down": {"uv": [62, 61], "uv_size": [3, -3]}
							}
						},
						{
							"origin": [1.4, 22.075, -1],
							"size": [2.55, 2, 2.2],
							"uv": {
								"north": {"uv": [0, 73], "uv_size": [3, 2]},
								"east": {"uv": [79, 73], "uv_size": [2, 2]},
								"south": {"uv": [3, 73], "uv_size": [3, 2]},
								"west": {"uv": [79, 75], "uv_size": [2, 2]},
								"up": {"uv": [8, 73], "uv_size": [3, 2]},
								"down": {"uv": [73, 18], "uv_size": [3, -2]}
							}
						},
						{
							"origin": [1.3, 22.025, -1.025],
							"size": [2.7, 2.05, 2.3],
							"uv": {
								"north": {"uv": [73, 18], "uv_size": [3, 2]},
								"east": {"uv": [76, 79], "uv_size": [2, 2]},
								"south": {"uv": [73, 20], "uv_size": [3, 2]},
								"west": {"uv": [79, 77], "uv_size": [2, 2]},
								"up": {"uv": [73, 22], "uv_size": [3, 2]},
								"down": {"uv": [25, 75], "uv_size": [3, -2]}
							}
						}
					]
				},
				{
					"name": "LeftForeArm2",
					"parent": "LeftArm",
					"pivot": [2.625, 22.975, 0.125],
					"cubes": [
						{
							"origin": [1.125, 15.975, -1.375],
							"size": [3, 7, 3],
							"uv": {
								"north": {"uv": [6, 47], "uv_size": [3, 7]},
								"east": {"uv": [47, 6], "uv_size": [3, 7]},
								"south": {"uv": [9, 47], "uv_size": [3, 7]},
								"west": {"uv": [45, 48], "uv_size": [3, 7]},
								"up": {"uv": [60, 62], "uv_size": [3, 3]},
								"down": {"uv": [63, 3], "uv_size": [3, -3]}
							}
						}
					]
				},
				{
					"name": "LeftHand2",
					"parent": "LeftForeArm2",
					"pivot": [2.625, 17.475, 0.125]
				},
				{
					"name": "LeftHandLocator2",
					"parent": "LeftHand2",
					"pivot": [2.625, 17.475, 0.125]
				},
				{
					"name": "RightArm",
					"pivot": [-1.9, 28.925, 0.1],
					"cubes": [
						{
							"origin": [-4.15, 22.975, -1.4],
							"size": [3.05, 7, 3],
							"uv": {
								"north": {"uv": [30, 46], "uv_size": [-3, 7]},
								"east": {"uv": [6, 47], "uv_size": [-3, 7]},
								"south": {"uv": [3, 47], "uv_size": [-3, 7]},
								"west": {"uv": [39, 46], "uv_size": [-3, 7]},
								"up": {"uv": [60, 62], "uv_size": [-3, 3]},
								"down": {"uv": [65, 61], "uv_size": [-3, -3]}
							}
						},
						{
							"origin": [-3.95, 22.075, -1],
							"size": [2.55, 2, 2.2],
							"uv": {
								"north": {"uv": [3, 73], "uv_size": [-3, 2]},
								"east": {"uv": [81, 75], "uv_size": [-2, 2]},
								"south": {"uv": [6, 73], "uv_size": [-3, 2]},
								"west": {"uv": [81, 73], "uv_size": [-2, 2]},
								"up": {"uv": [11, 73], "uv_size": [-3, 2]},
								"down": {"uv": [76, 18], "uv_size": [-3, -2]}
							}
						},
						{
							"origin": [-4, 22.025, -1.025],
							"size": [2.7, 2.05, 2.3],
							"uv": {
								"north": {"uv": [76, 18], "uv_size": [-3, 2]},
								"east": {"uv": [81, 77], "uv_size": [-2, 2]},
								"south": {"uv": [76, 20], "uv_size": [-3, 2]},
								"west": {"uv": [78, 79], "uv_size": [-2, 2]},
								"up": {"uv": [76, 22], "uv_size": [-3, 2]},
								"down": {"uv": [28, 75], "uv_size": [-3, -2]}
							}
						},
						{
							"origin": [-4.25323, 26.07877, -1.5],
							"size": [1.65, 4, 3.2],
							"pivot": [-4.175, 30.05, 0.1],
							"rotation": [0, 0, 8],
							"uv": {
								"north": {"uv": [63, 65], "uv_size": [-2, 4]},
								"east": {"uv": [19, 56], "uv_size": [-3, 4]},
								"south": {"uv": [67, 64], "uv_size": [-2, 4]},
								"west": {"uv": [16, 56], "uv_size": [-3, 4]},
								"up": {"uv": [74, 58], "uv_size": [-2, 3]},
								"down": {"uv": [74, 71], "uv_size": [-2, -3]}
							}
						},
						{
							"origin": [-4.2, 25.1, -1.5],
							"size": [3.15, 0.8, 3.2],
							"uv": {
								"north": {"uv": [84, 78], "uv_size": [-3, 1]},
								"east": {"uv": [85, 20], "uv_size": [-3, 1]},
								"south": {"uv": [85, 12], "uv_size": [-3, 1]},
								"west": {"uv": [85, 11], "uv_size": [-3, 1]},
								"up": {"uv": [34, 62], "uv_size": [-3, 3]},
								"down": {"uv": [65, 43], "uv_size": [-3, -3]}
							}
						},
						{
							"origin": [-4.2, 25.9, -1.6],
							"size": [3.25, 4.2, 3.4],
							"uv": {
								"north": {"uv": [3, 56], "uv_size": [-3, 4]},
								"east": {"uv": [59, 12], "uv_size": [-3, 4]},
								"south": {"uv": [13, 56], "uv_size": [-3, 4]},
								"west": {"uv": [6, 56], "uv_size": [-3, 4]},
								"up": {"uv": [65, 15], "uv_size": [-3, 3]},
								"down": {"uv": [31, 65], "uv_size": [-3, -3]}
							}
						},
						{
							"origin": [-2.55323, 25.87877, -1.5],
							"size": [1.65, 4, 3.2],
							"pivot": [-2.475, 29.85, 0.1],
							"rotation": [0, 0, -8],
							"uv": {
								"north": {"uv": [68, 0], "uv_size": [-2, 4]},
								"east": {"uv": [22, 56], "uv_size": [-3, 4]},
								"south": {"uv": [68, 4], "uv_size": [-2, 4]},
								"west": {"uv": [59, 16], "uv_size": [-3, 4]},
								"up": {"uv": [71, 72], "uv_size": [-2, 3]},
								"down": {"uv": [73, 75], "uv_size": [-2, -3]}
							}
						}
					]
				},
				{
					"name": "RightForeArm2",
					"parent": "RightArm",
					"pivot": [-2.625, 22.975, 0.125],
					"cubes": [
						{
							"origin": [-4.125, 15.975, -1.375],
							"size": [3, 7, 3],
							"uv": {
								"north": {"uv": [9, 47], "uv_size": [-3, 7]},
								"east": {"uv": [48, 48], "uv_size": [-3, 7]},
								"south": {"uv": [12, 47], "uv_size": [-3, 7]},
								"west": {"uv": [50, 6], "uv_size": [-3, 7]},
								"up": {"uv": [63, 62], "uv_size": [-3, 3]},
								"down": {"uv": [66, 3], "uv_size": [-3, -3]}
							}
						}
					]
				},
				{
					"name": "RightHand2",
					"parent": "RightForeArm2",
					"pivot": [-4.125, 18.875, 0.125]
				},
				{
					"name": "RightHandLocator2",
					"parent": "RightHand2",
					"pivot": [-4.125, 18.875, 0.125]
				}
			]
		}
	]
}