{
	"format_version": "1.12.0",
	"minecraft:geometry": [
		{
			"description": {
				"identifier": "geometry.unknown",
				"texture_width": 256,
				"texture_height": 256,
				"visible_bounds_width": 19,
				"visible_bounds_height": 17,
				"visible_bounds_offset": [0, 0.5, 0]
			},
			"bones": [
				{
					"name": "Arm",
					"pivot": [-0.2, 29.1, 0]
				},
				{
					"name": "RightArm",
					"parent": "Arm",
					"pivot": [-2.125, 31.52381, 1.42185],
					"cubes": [
						{
							"origin": [-3.125, 30.5, 0.5],
							"size": [2, 2, 2],
							"inflate": 0.0625,
							"uv": {
								"north": {"uv": [104, 52], "uv_size": [2, 2]},
								"east": {"uv": [54, 104], "uv_size": [2, 2]},
								"south": {"uv": [104, 89], "uv_size": [2, 2]},
								"west": {"uv": [90, 104], "uv_size": [2, 2]},
								"up": {"uv": [93, 104], "uv_size": [2, 2]},
								"down": {"uv": [96, 106], "uv_size": [2, -2]}
							}
						},
						{
							"origin": [-2.625, 28.25, 1],
							"size": [1, 2.25, 1],
							"uv": {
								"north": {"uv": [50, 122], "uv_size": [1, 2.5]},
								"east": {"uv": [122, 51], "uv_size": [1, 2.5]},
								"south": {"uv": [122, 55], "uv_size": [1, 2.5]},
								"west": {"uv": [57, 122], "uv_size": [1, 2.5]},
								"up": {"uv": [133, 144], "uv_size": [1, 1]},
								"down": {"uv": [144, 135], "uv_size": [1, -1]}
							}
						}
					]
				},
				{
					"name": "RightForeArm",
					"parent": "RightArm",
					"pivot": [-2.125, 28.25, 1.5],
					"cubes": [
						{
							"origin": [-3.125, 22.03526, -0.62226],
							"size": [2, 4, 2],
							"inflate": -0.0625,
							"uv": {
								"north": {"uv": [53, 70], "uv_size": [2, 4]},
								"east": {"uv": [23, 71], "uv_size": [2, 4]},
								"south": {"uv": [71, 23], "uv_size": [2, 4]},
								"west": {"uv": [26, 71], "uv_size": [2, 4]},
								"up": {"uv": [105, 0], "uv_size": [2, 2]},
								"down": {"uv": [105, 12], "uv_size": [2, -2]}
							}
						},
						{
							"origin": [-3.07813, 25.03526, 1.06524],
							"size": [1.90625, 2, 0.62774],
							"inflate": -0.0625,
							"pivot": [-2.125, 27.03526, 1.06524],
							"rotation": [-25, 0, 0],
							"uv": {
								"north": {"uv": [17, 105], "uv_size": [2, 2]},
								"east": {"uv": [144, 138], "uv_size": [0.5, 2]},
								"south": {"uv": [105, 17], "uv_size": [2, 2]},
								"west": {"uv": [144, 141], "uv_size": [0.5, 2]},
								"up": {"uv": [144, 144], "uv_size": [2, 0.5]},
								"down": {"uv": [145, 16.5], "uv_size": [2, -0.5]}
							}
						},
						{
							"origin": [-3.07813, 25.03526, 1.56798],
							"size": [1.90625, 2, 0.49726],
							"inflate": -0.0625,
							"pivot": [-2.125, 27.03526, 1.06524],
							"rotation": [-25, 0, 0],
							"uv": {
								"north": {"uv": [105, 55], "uv_size": [2, 2]},
								"east": {"uv": [145, 18], "uv_size": [0.5, 2]},
								"south": {"uv": [105, 58], "uv_size": [2, 2]},
								"west": {"uv": [145, 21], "uv_size": [0.5, 2]},
								"up": {"uv": [145, 28], "uv_size": [2, 0.5]},
								"down": {"uv": [145, 46.5], "uv_size": [2, -0.5]}
							}
						},
						{
							"origin": [-3.07813, 26.53526, 1.19024],
							"size": [1.90625, 3, 0.75],
							"inflate": -0.0625,
							"uv": {
								"north": {"uv": [76, 84], "uv_size": [2, 3]},
								"east": {"uv": [114, 65], "uv_size": [1, 3]},
								"south": {"uv": [12, 85], "uv_size": [2, 3]},
								"west": {"uv": [80, 114], "uv_size": [1, 3]},
								"up": {"uv": [130, 101], "uv_size": [2, 1]},
								"down": {"uv": [103, 131], "uv_size": [2, -1]}
							}
						},
						{
							"origin": [-2.875, 21.90397, -2.36951],
							"size": [1.5, 0.6875, 3],
							"inflate": 0.01563,
							"pivot": [-2.125, 22.06022, -0.86951],
							"rotation": [20, 0, 0],
							"uv": {
								"north": {"uv": [150, 89], "uv_size": [1.5, 0.5]},
								"east": {"uv": [4, 136], "uv_size": [3, 0.5]},
								"south": {"uv": [150, 94], "uv_size": [1.5, 0.5]},
								"west": {"uv": [136, 6], "uv_size": [3, 0.5]},
								"up": {"uv": [18, 98], "uv_size": [1.5, 3]},
								"down": {"uv": [98, 24], "uv_size": [1.5, -3]}
							}
						},
						{
							"origin": [-3.01562, 22.16026, 1.31524],
							"size": [1.78125, 0.6875, 1],
							"inflate": 0.01563,
							"pivot": [-2.125, 23.78526, 3.81524],
							"rotation": [1, 0, 0],
							"uv": {
								"north": {"uv": [145, 48], "uv_size": [2, 0.5]},
								"east": {"uv": [120, 153], "uv_size": [1, 0.5]},
								"south": {"uv": [145, 55], "uv_size": [2, 0.5]},
								"west": {"uv": [122, 153], "uv_size": [1, 0.5]},
								"up": {"uv": [130, 103], "uv_size": [2, 1]},
								"down": {"uv": [130, 106], "uv_size": [2, -1]}
							}
						},
						{
							"origin": [-3.01562, 28.16026, 1.81524],
							"size": [1.78125, 0.6875, 1],
							"inflate": 0.01563,
							"pivot": [-2.125, 29.78526, 4.31524],
							"rotation": [1, 0, 0],
							"uv": {
								"north": {"uv": [145, 57], "uv_size": [2, 0.5]},
								"east": {"uv": [124, 153], "uv_size": [1, 0.5]},
								"south": {"uv": [145, 59], "uv_size": [2, 0.5]},
								"west": {"uv": [126, 153], "uv_size": [1, 0.5]},
								"up": {"uv": [130, 107], "uv_size": [2, 1]},
								"down": {"uv": [115, 131], "uv_size": [2, -1]}
							}
						},
						{
							"origin": [-3.01562, 23.41026, -1.43476],
							"size": [1.78125, 0.6875, 1],
							"inflate": 0.01563,
							"pivot": [-2.125, 25.03526, 1.06524],
							"rotation": [1, 0, 0],
							"uv": {
								"north": {"uv": [145, 65], "uv_size": [2, 0.5]},
								"east": {"uv": [153, 126], "uv_size": [1, 0.5]},
								"south": {"uv": [145, 67], "uv_size": [2, 0.5]},
								"west": {"uv": [128, 153], "uv_size": [1, 0.5]},
								"up": {"uv": [118, 130], "uv_size": [2, 1]},
								"down": {"uv": [18, 132], "uv_size": [2, -1]}
							}
						},
						{
							"origin": [-2.625, 19.32395, -0.04411],
							"size": [1, 3, 1],
							"uv": {
								"north": {"uv": [82, 114], "uv_size": [1, 3]},
								"east": {"uv": [114, 83], "uv_size": [1, 3]},
								"south": {"uv": [99, 114], "uv_size": [1, 3]},
								"west": {"uv": [101, 114], "uv_size": [1, 3]},
								"up": {"uv": [40, 145], "uv_size": [1, 1]},
								"down": {"uv": [44, 146], "uv_size": [1, -1]}
							}
						},
						{
							"origin": [-2.375, 22.5, 1.9375],
							"size": [0.5, 6, 0.5],
							"pivot": [0, 24, 2.25],
							"rotation": [-5, 0, 0],
							"uv": {
								"north": {"uv": [103, 114], "uv_size": [0.5, 6]},
								"east": {"uv": [105, 114], "uv_size": [0.5, 6]},
								"south": {"uv": [107, 114], "uv_size": [0.5, 6]},
								"west": {"uv": [113, 114], "uv_size": [0.5, 6]},
								"up": {"uv": [80, 157], "uv_size": [0.5, 0.5]},
								"down": {"uv": [157, 82.5], "uv_size": [0.5, -0.5]}
							}
						},
						{
							"origin": [-2.375, 21.4375, -1.4375],
							"size": [0.5, 2, 0.5],
							"pivot": [-2.25, 23.4375, -1.1875],
							"rotation": [-25, 0, 0],
							"uv": {
								"north": {"uv": [48, 145], "uv_size": [0.5, 2]},
								"east": {"uv": [56, 145], "uv_size": [0.5, 2]},
								"south": {"uv": [145, 69], "uv_size": [0.5, 2]},
								"west": {"uv": [81, 145], "uv_size": [0.5, 2]},
								"up": {"uv": [157, 84], "uv_size": [0.5, 0.5]},
								"down": {"uv": [157, 86.5], "uv_size": [0.5, -0.5]}
							}
						}
					]
				},
				{
					"name": "RightHand",
					"parent": "RightForeArm",
					"pivot": [-2.125, 18.875, 0.5],
					"cubes": [
						{
							"origin": [-3.125, 18, -0.5],
							"size": [2, 2, 2],
							"inflate": 0.0625,
							"uv": {
								"north": {"uv": [105, 61], "uv_size": [2, 2]},
								"east": {"uv": [64, 105], "uv_size": [2, 2]},
								"south": {"uv": [105, 64], "uv_size": [2, 2]},
								"west": {"uv": [67, 105], "uv_size": [2, 2]},
								"up": {"uv": [105, 67], "uv_size": [2, 2]},
								"down": {"uv": [105, 72], "uv_size": [2, -2]}
							}
						},
						{
							"origin": [-3.375, 16.5, -2],
							"size": [2, 5, 5],
							"uv": {
								"north": {"uv": [50, 60], "uv_size": [2, 5]},
								"east": {"uv": [16, 12], "uv_size": [5, 5]},
								"south": {"uv": [53, 60], "uv_size": [2, 5]},
								"west": {"uv": [16, 18], "uv_size": [5, 5]},
								"up": {"uv": [56, 60], "uv_size": [2, 5]},
								"down": {"uv": [59, 65], "uv_size": [2, -5]}
							}
						},
						{
							"origin": [-2.875, 13.5, -1.5],
							"size": [1, 4, 1],
							"uv": {
								"north": {"uv": [105, 73], "uv_size": [1, 4]},
								"east": {"uv": [75, 105], "uv_size": [1, 4]},
								"south": {"uv": [77, 105], "uv_size": [1, 4]},
								"west": {"uv": [79, 105], "uv_size": [1, 4]},
								"up": {"uv": [145, 76], "uv_size": [1, 1]},
								"down": {"uv": [145, 89], "uv_size": [1, -1]}
							}
						},
						{
							"origin": [-2.875, 13.5, 1.5],
							"size": [1, 4, 1],
							"uv": {
								"north": {"uv": [81, 105], "uv_size": [1, 4]},
								"east": {"uv": [105, 81], "uv_size": [1, 4]},
								"south": {"uv": [83, 105], "uv_size": [1, 4]},
								"west": {"uv": [85, 105], "uv_size": [1, 4]},
								"up": {"uv": [145, 97], "uv_size": [1, 1]},
								"down": {"uv": [145, 100], "uv_size": [1, -1]}
							}
						}
					]
				},
				{
					"name": "LeftArm",
					"parent": "Arm",
					"pivot": [2.125, 31.52381, 1.42185],
					"cubes": [
						{
							"origin": [1.125, 30.5, 0.5],
							"size": [2, 2, 2],
							"inflate": 0.0625,
							"uv": {
								"north": {"uv": [42, 103], "uv_size": [2, 2]},
								"east": {"uv": [103, 43], "uv_size": [2, 2]},
								"south": {"uv": [103, 46], "uv_size": [2, 2]},
								"west": {"uv": [48, 103], "uv_size": [2, 2]},
								"up": {"uv": [103, 49], "uv_size": [2, 2]},
								"down": {"uv": [51, 105], "uv_size": [2, -2]}
							}
						},
						{
							"origin": [1.625, 28.25, 1],
							"size": [1, 2.25, 1],
							"uv": {
								"north": {"uv": [122, 40], "uv_size": [1, 2.5]},
								"east": {"uv": [44, 122], "uv_size": [1, 2.5]},
								"south": {"uv": [122, 44], "uv_size": [1, 2.5]},
								"west": {"uv": [48, 122], "uv_size": [1, 2.5]},
								"up": {"uv": [58, 101], "uv_size": [1, 1]},
								"down": {"uv": [104, 42], "uv_size": [1, -1]}
							}
						}
					]
				},
				{
					"name": "LeftForeArm",
					"parent": "LeftArm",
					"pivot": [2.125, 28.25, 1.5],
					"cubes": [
						{
							"origin": [1.125, 22.03526, -0.62226],
							"size": [2, 4, 2],
							"inflate": -0.0625,
							"uv": {
								"north": {"uv": [35, 70], "uv_size": [2, 4]},
								"east": {"uv": [47, 70], "uv_size": [2, 4]},
								"south": {"uv": [70, 48], "uv_size": [2, 4]},
								"west": {"uv": [50, 70], "uv_size": [2, 4]},
								"up": {"uv": [58, 103], "uv_size": [2, 2]},
								"down": {"uv": [61, 105], "uv_size": [2, -2]}
							}
						},
						{
							"origin": [1.17188, 25.03526, 1.06524],
							"size": [1.90625, 2, 0.62774],
							"inflate": -0.0625,
							"pivot": [2.125, 27.03526, 1.06524],
							"rotation": [-25, 0, 0],
							"uv": {
								"north": {"uv": [70, 103], "uv_size": [2, 2]},
								"east": {"uv": [129, 143], "uv_size": [0.5, 2]},
								"south": {"uv": [103, 78], "uv_size": [2, 2]},
								"west": {"uv": [16, 144], "uv_size": [0.5, 2]},
								"up": {"uv": [50, 144], "uv_size": [2, 0.5]},
								"down": {"uv": [60, 144.5], "uv_size": [2, -0.5]}
							}
						},
						{
							"origin": [1.17188, 25.03526, 1.56798],
							"size": [1.90625, 2, 0.49726],
							"inflate": -0.0625,
							"pivot": [2.125, 27.03526, 1.06524],
							"rotation": [-25, 0, 0],
							"uv": {
								"north": {"uv": [87, 103], "uv_size": [2, 2]},
								"east": {"uv": [38, 144], "uv_size": [0.5, 2]},
								"south": {"uv": [103, 97], "uv_size": [2, 2]},
								"west": {"uv": [42, 144], "uv_size": [0.5, 2]},
								"up": {"uv": [63, 144], "uv_size": [2, 0.5]},
								"down": {"uv": [66, 144.5], "uv_size": [2, -0.5]}
							}
						},
						{
							"origin": [1.17188, 26.53526, 1.19024],
							"size": [1.90625, 3, 0.75],
							"inflate": -0.0625,
							"uv": {
								"north": {"uv": [44, 84], "uv_size": [2, 3]},
								"east": {"uv": [97, 113], "uv_size": [1, 3]},
								"south": {"uv": [60, 84], "uv_size": [2, 3]},
								"west": {"uv": [113, 110], "uv_size": [1, 3]},
								"up": {"uv": [101, 14], "uv_size": [2, 1]},
								"down": {"uv": [130, 7], "uv_size": [2, -1]}
							}
						},
						{
							"origin": [1.375, 21.90397, -2.36951],
							"size": [1.5, 0.6875, 3],
							"inflate": 0.01563,
							"pivot": [2.125, 22.06022, -0.86951],
							"rotation": [20, 0, 0],
							"uv": {
								"north": {"uv": [85, 150], "uv_size": [1.5, 0.5]},
								"east": {"uv": [132, 135], "uv_size": [3, 0.5]},
								"south": {"uv": [88, 150], "uv_size": [1.5, 0.5]},
								"west": {"uv": [136, 0], "uv_size": [3, 0.5]},
								"up": {"uv": [96, 97], "uv_size": [1.5, 3]},
								"down": {"uv": [98, 15], "uv_size": [1.5, -3]}
							}
						},
						{
							"origin": [1.23437, 22.16026, 1.31524],
							"size": [1.78125, 0.6875, 1],
							"inflate": 0.01563,
							"pivot": [2.125, 23.78526, 3.81524],
							"rotation": [1, 0, 0],
							"uv": {
								"north": {"uv": [69, 144], "uv_size": [2, 0.5]},
								"east": {"uv": [112, 153], "uv_size": [1, 0.5]},
								"south": {"uv": [72, 144], "uv_size": [2, 0.5]},
								"west": {"uv": [153, 113], "uv_size": [1, 0.5]},
								"up": {"uv": [130, 30], "uv_size": [2, 1]},
								"down": {"uv": [130, 56], "uv_size": [2, -1]}
							}
						},
						{
							"origin": [1.23437, 28.16026, 1.81524],
							"size": [1.78125, 0.6875, 1],
							"inflate": 0.01563,
							"pivot": [2.125, 29.78526, 4.31524],
							"rotation": [1, 0, 0],
							"uv": {
								"north": {"uv": [75, 144], "uv_size": [2, 0.5]},
								"east": {"uv": [114, 153], "uv_size": [1, 0.5]},
								"south": {"uv": [78, 144], "uv_size": [2, 0.5]},
								"west": {"uv": [153, 115], "uv_size": [1, 0.5]},
								"up": {"uv": [130, 95], "uv_size": [2, 1]},
								"down": {"uv": [130, 98], "uv_size": [2, -1]}
							}
						},
						{
							"origin": [1.23437, 23.41026, -1.43476],
							"size": [1.78125, 0.6875, 1],
							"inflate": 0.01563,
							"pivot": [2.125, 25.03526, 1.06524],
							"rotation": [1, 0, 0],
							"uv": {
								"north": {"uv": [144, 84], "uv_size": [2, 0.5]},
								"east": {"uv": [116, 153], "uv_size": [1, 0.5]},
								"south": {"uv": [144, 86], "uv_size": [2, 0.5]},
								"west": {"uv": [118, 153], "uv_size": [1, 0.5]},
								"up": {"uv": [130, 99], "uv_size": [2, 1]},
								"down": {"uv": [100, 131], "uv_size": [2, -1]}
							}
						},
						{
							"origin": [1.625, 19.32395, -0.04411],
							"size": [1, 3, 1],
							"uv": {
								"north": {"uv": [0, 114], "uv_size": [1, 3]},
								"east": {"uv": [14, 114], "uv_size": [1, 3]},
								"south": {"uv": [114, 14], "uv_size": [1, 3]},
								"west": {"uv": [114, 22], "uv_size": [1, 3]},
								"up": {"uv": [106, 101], "uv_size": [1, 1]},
								"down": {"uv": [114, 27], "uv_size": [1, -1]}
							}
						},
						{
							"origin": [1.875, 22.5, 1.9375],
							"size": [0.5, 6, 0.5],
							"pivot": [0, 24, 2.25],
							"rotation": [-5, 0, 0],
							"uv": {
								"north": {"uv": [114, 58], "uv_size": [0.5, 6]},
								"east": {"uv": [74, 114], "uv_size": [0.5, 6]},
								"south": {"uv": [76, 114], "uv_size": [0.5, 6]},
								"west": {"uv": [78, 114], "uv_size": [0.5, 6]},
								"up": {"uv": [157, 73], "uv_size": [0.5, 0.5]},
								"down": {"uv": [76, 157.5], "uv_size": [0.5, -0.5]}
							}
						},
						{
							"origin": [1.875, 21.4375, -1.4375],
							"size": [0.5, 2, 0.5],
							"pivot": [2.25, 23.4375, -1.1875],
							"rotation": [-25, 0, 0],
							"uv": {
								"north": {"uv": [144, 106], "uv_size": [0.5, 2]},
								"east": {"uv": [144, 114], "uv_size": [0.5, 2]},
								"south": {"uv": [144, 120], "uv_size": [0.5, 2]},
								"west": {"uv": [144, 123], "uv_size": [0.5, 2]},
								"up": {"uv": [157, 77], "uv_size": [0.5, 0.5]},
								"down": {"uv": [78, 157.5], "uv_size": [0.5, -0.5]}
							}
						}
					]
				},
				{
					"name": "LeftHand",
					"parent": "LeftForeArm",
					"pivot": [2.125, 18.875, 0.5],
					"cubes": [
						{
							"origin": [1.125, 18, -0.5],
							"size": [2, 2, 2],
							"inflate": 0.0625,
							"uv": {
								"north": {"uv": [99, 103], "uv_size": [2, 2]},
								"east": {"uv": [103, 100], "uv_size": [2, 2]},
								"south": {"uv": [102, 103], "uv_size": [2, 2]},
								"west": {"uv": [104, 3], "uv_size": [2, 2]},
								"up": {"uv": [9, 104], "uv_size": [2, 2]},
								"down": {"uv": [104, 16], "uv_size": [2, -2]}
							}
						},
						{
							"origin": [1.375, 16.5, -2],
							"size": [2, 5, 5],
							"uv": {
								"north": {"uv": [26, 60], "uv_size": [2, 5]},
								"east": {"uv": [15, 0], "uv_size": [5, 5]},
								"south": {"uv": [36, 60], "uv_size": [2, 5]},
								"west": {"uv": [15, 6], "uv_size": [5, 5]},
								"up": {"uv": [39, 60], "uv_size": [2, 5]},
								"down": {"uv": [47, 65], "uv_size": [2, -5]}
							}
						},
						{
							"origin": [1.875, 13.5, -1.5],
							"size": [1, 4, 1],
							"uv": {
								"north": {"uv": [39, 0], "uv_size": [1, 4]},
								"east": {"uv": [37, 101], "uv_size": [1, 4]},
								"south": {"uv": [73, 103], "uv_size": [1, 4]},
								"west": {"uv": [12, 104], "uv_size": [1, 4]},
								"up": {"uv": [115, 93], "uv_size": [1, 1]},
								"down": {"uv": [126, 66], "uv_size": [1, -1]}
							}
						},
						{
							"origin": [1.875, 13.5, 1.5],
							"size": [1, 4, 1],
							"uv": {
								"north": {"uv": [104, 22], "uv_size": [1, 4]},
								"east": {"uv": [27, 104], "uv_size": [1, 4]},
								"south": {"uv": [104, 27], "uv_size": [1, 4]},
								"west": {"uv": [29, 104], "uv_size": [1, 4]},
								"up": {"uv": [144, 130], "uv_size": [1, 1]},
								"down": {"uv": [144, 133], "uv_size": [1, -1]}
							}
						}
					]
				}
			]
		}
	]
}