{
	"format_version": "1.12.0",
	"minecraft:geometry": [
		{
			"description": {
				"identifier": "geometry.unknown",
				"texture_width": 128,
				"texture_height": 128,
				"visible_bounds_width": 2,
				"visible_bounds_height": 3.5,
				"visible_bounds_offset": [0, 1.25, 0]
			},
			"bones": [
				{
					"name": "LeftArm",
					"pivot": [3, 21.5, 0.5]
				},
				{
					"name": "LeftForeArm",
					"parent": "LeftArm",
					"pivot": [3, 25.6, 0.5],
					"cubes": [
						{"origin": [2, 16.5, -0.5], "size": [2, 10, 2], "inflate": -0.001, "uv": [56, 22]}
					]
				},
				{
					"name": "spikes2",
					"parent": "LeftForeArm",
					"pivot": [0, 4, 0],
					"cubes": [
						{"origin": [2, 23.9, -0.5], "size": [2, 1, 2], "inflate": 0.1, "uv": [58, 63]},
						{
							"origin": [3.1, 18.5, 0.1],
							"size": [1, 6, 0.75],
							"uv": {
								"north": {"uv": [1, 122], "uv_size": [1, 6]},
								"east": {"uv": [0, 122], "uv_size": [1, 6]},
								"south": {"uv": [3, 122], "uv_size": [1, 6]},
								"west": {"uv": [2, 122], "uv_size": [1, 6]},
								"up": {"uv": [1, 121], "uv_size": [1, 1]},
								"down": {"uv": [2, 122], "uv_size": [1, -1]}
							}
						},
						{"origin": [3.8, 22.6, -0.025], "size": [1, 1, 1], "inflate": -0.25, "uv": [22, 64]},
						{"origin": [3.8, 21.35, -0.025], "size": [1, 1, 1], "inflate": -0.25, "uv": [18, 64]},
						{"origin": [3.8, 20.1, -0.025], "size": [1, 1, 1], "inflate": -0.25, "uv": [14, 64]},
						{"origin": [3.8, 18.85, -0.025], "size": [1, 1, 1], "inflate": -0.25, "uv": [10, 64]},
						{"origin": [3.8, 17.75, -0.525], "size": [1, 1, 1], "inflate": -0.25, "uv": [64, 8]},
						{"origin": [3.05, 17.75, -1.275], "size": [1, 1, 1], "inflate": -0.25, "uv": [50, 62]},
						{"origin": [2.05, 17.75, -1.275], "size": [1, 1, 1], "inflate": -0.25, "uv": [32, 61]},
						{"origin": [3.05, 17.75, 1.275], "size": [1, 1, 1], "inflate": -0.25, "uv": [24, 58]},
						{"origin": [2.05, 17.75, 1.275], "size": [1, 1, 1], "inflate": -0.25, "uv": [44, 59]},
						{"origin": [3.8, 17.75, 0.475], "size": [1, 1, 1], "inflate": -0.25, "uv": [64, 6]},
						{"origin": [1.15, 17.75, 0.475], "size": [1, 1, 1], "inflate": -0.25, "uv": [7, 58]},
						{"origin": [1.15, 17.75, -0.525], "size": [1, 1, 1], "inflate": -0.25, "uv": [58, 20]},
						{"origin": [2, 17.75, -0.5], "size": [2, 1, 2], "inflate": 0.1, "uv": [63, 43]}
					]
				},
				{
					"name": "LeftHand",
					"parent": "LeftForeArm",
					"pivot": [3, 17.6, 0.5]
				},
				{
					"name": "LeftHandLocator",
					"parent": "LeftHand",
					"pivot": [3, 17.6, 0.5]
				},
				{
					"name": "RightArm",
					"pivot": [-3, 21.5, 0.5]
				},
				{
					"name": "RightForeArm",
					"parent": "RightArm",
					"pivot": [-3, 25.6, 0.5],
					"cubes": [
						{"origin": [-4, 16.5, -0.5], "size": [2, 10, 2], "inflate": -0.001, "uv": [16, 52]}
					]
				},
				{
					"name": "spikes3",
					"parent": "RightForeArm",
					"pivot": [0, 4, 0],
					"cubes": [
						{"origin": [-4, 23.9, -0.5], "size": [2, 1, 2], "inflate": 0.1, "uv": [63, 40]},
						{
							"origin": [-4.1, 18.5, 0.1],
							"size": [1, 6, 0.75],
							"uv": {
								"north": {"uv": [1, 122], "uv_size": [1, 6]},
								"east": {"uv": [0, 122], "uv_size": [1, 6]},
								"south": {"uv": [3, 122], "uv_size": [1, 6]},
								"west": {"uv": [2, 122], "uv_size": [1, 6]},
								"up": {"uv": [1, 121], "uv_size": [1, 1]},
								"down": {"uv": [2, 122], "uv_size": [1, -1]}
							}
						},
						{"origin": [-4.8, 22.85, -0.025], "size": [1, 1, 1], "inflate": -0.25, "uv": [24, 56]},
						{"origin": [-4.8, 21.6, -0.025], "size": [1, 1, 1], "inflate": -0.25, "uv": [55, 49]},
						{"origin": [-4.8, 20.35, -0.025], "size": [1, 1, 1], "inflate": -0.25, "uv": [54, 47]},
						{"origin": [-4.8, 19.1, -0.025], "size": [1, 1, 1], "inflate": -0.25, "uv": [11, 54]},
						{"origin": [-4.8, 17.75, -0.525], "size": [1, 1, 1], "inflate": -0.25, "uv": [52, 41]},
						{"origin": [-4.05, 17.75, -1.275], "size": [1, 1, 1], "inflate": -0.25, "uv": [42, 32]},
						{"origin": [-3.05, 17.75, -1.275], "size": [1, 1, 1], "inflate": -0.25, "uv": [42, 29]},
						{"origin": [-4.05, 17.75, 1.275], "size": [1, 1, 1], "inflate": -0.25, "uv": [24, 42]},
						{"origin": [-3.05, 17.75, 1.275], "size": [1, 1, 1], "inflate": -0.25, "uv": [24, 40]},
						{"origin": [-4.8, 17.75, 0.475], "size": [1, 1, 1], "inflate": -0.25, "uv": [0, 38]},
						{"origin": [-2.15, 17.75, 0.475], "size": [1, 1, 1], "inflate": -0.25, "uv": [20, 37]},
						{"origin": [-2.15, 17.75, -0.525], "size": [1, 1, 1], "inflate": -0.25, "uv": [0, 36]},
						{"origin": [-4, 17.75, -0.5], "size": [2, 1, 2], "inflate": 0.1, "uv": [62, 20]}
					]
				},
				{
					"name": "RightHand",
					"parent": "RightForeArm",
					"pivot": [-3, 17.6, 0.5]
				},
				{
					"name": "RightHandLocator",
					"parent": "RightHand",
					"pivot": [-3, 17.6, 0.5]
				}
			]
		}
	]
}