{
	"format_version": "1.12.0",
	"minecraft:geometry": [
		{
			"description": {
				"identifier": "geometry.unknown",
				"texture_width": 128,
				"texture_height": 128,
				"visible_bounds_width": 4,
				"visible_bounds_height": 5.5,
				"visible_bounds_offset": [0, 2.25, 0],
				"ysm_height_scale": 1,
				"ysm_width_scale": 1,
				"ysm_extra_info": {
					"name": "Ellie",
					"tips": "Goth girl"
				}
			},
			"bones": [
				{
					"name": "Root",
					"pivot": [0, 24, 0]
				},
				{
					"name": "AllBody",
					"parent": "Root",
					"pivot": [0, 0, 0]
				},
				{
					"name": "Legs",
					"parent": "AllBody",
					"pivot": [0, 0, 0]
				},
				{
					"name": "RightLeg",
					"parent": "Legs",
					"pivot": [-2, 13, 0.5]
				},
				{
					"name": "left_leg2",
					"parent": "RightLeg",
					"pivot": [-2, 13.1, 0],
					"cubes": [
						{"origin": [-4, 0, -1.5], "size": [1, 12, 4], "inflate": -0.001, "pivot": [-4, 12, 0], "rotation": [0, 0, -3.6], "uv": [24, 40]}
					]
				},
				{
					"name": "bone8",
					"parent": "left_leg2",
					"pivot": [0, 1.1, 0],
					"cubes": [
						{"origin": [-4, 12, -1.5], "size": [3.75, 1, 4], "uv": [53, 42]},
						{"origin": [-4, 12, -1.5], "size": [3.75, 1, 2.82], "inflate": -0.001, "pivot": [0, 13, -1.5], "rotation": [45, 0, 0], "uv": [61, 3]},
						{"origin": [-3.25, 0, -1.5], "size": [3, 12, 4], "uv": [0, 36]}
					]
				},
				{
					"name": "left_leg_sub_1",
					"parent": "bone8",
					"pivot": [0, 1.1, 0]
				},
				{
					"name": "LeftLeg",
					"parent": "Legs",
					"pivot": [2, 13, 0.5]
				},
				{
					"name": "right_leg2",
					"parent": "LeftLeg",
					"pivot": [2, 13.1, 1],
					"cubes": [
						{"origin": [3, 0, -1.5], "size": [1, 12, 4], "inflate": -0.001, "pivot": [4, 12, 0], "rotation": [0, 0, 3.6], "uv": [14, 36]}
					]
				},
				{
					"name": "bone3",
					"parent": "right_leg2",
					"pivot": [0, 1.1, 0],
					"cubes": [
						{"origin": [0.25, 12, -1.5], "size": [3.75, 1, 4], "uv": [1, 53]},
						{"origin": [0.25, 12, -1.5], "size": [3.75, 1, 2.82], "inflate": -0.001, "pivot": [0, 13, -1.5], "rotation": [45, 0, 0], "uv": [34, 29]},
						{"origin": [0.25, 0, -1.5], "size": [3, 12, 4], "uv": [34, 0]}
					]
				},
				{
					"name": "right_leg_sub_1",
					"parent": "bone3",
					"pivot": [0, 1.1, 0]
				},
				{
					"name": "UpBody",
					"parent": "AllBody",
					"pivot": [0, 13, 1]
				},
				{
					"name": "UpperBody",
					"parent": "UpBody",
					"pivot": [0, 13, 0.5]
				},
				{
					"name": "Head",
					"parent": "UpperBody",
					"pivot": [0, 24.1, 0],
					"cubes": [
						{"origin": [-4, 24, -4], "size": [8, 8, 8], "uv": [0, 0]},
						{
							"origin": [-2.5, 24.25, -4.1],
							"size": [1, 1, 0],
							"uv": {
								"north": {"uv": [110.5, 0], "uv_size": [2.5, 2.5]},
								"east": {"uv": [112, 0], "uv_size": [0, 1]},
								"south": {"uv": [113, 0], "uv_size": [2.5, 2.5]},
								"west": {"uv": [113, 0], "uv_size": [0, 1]},
								"up": {"uv": [112, 0], "uv_size": [1, 0]},
								"down": {"uv": [113, 0], "uv_size": [1, 0]}
							}
						}
					]
				},
				{
					"name": "hair",
					"parent": "Head",
					"pivot": [0, 24.1, 0],
					"cubes": [
						{"origin": [-4, 31.5, -4], "size": [8, 1, 8], "uv": [0, 16]},
						{
							"origin": [-4, 23.5, 1.5],
							"size": [8, 8.5, 3],
							"uv": {
								"north": {"uv": [3, 28], "uv_size": [8, 8]},
								"east": {"uv": [0, 28], "uv_size": [3, 8]},
								"south": {"uv": [14, 28], "uv_size": [8, 8]},
								"west": {"uv": [11, 28], "uv_size": [3, 8]},
								"up": {"uv": [3, 25], "uv_size": [8, 3]},
								"down": {"uv": [11, 28], "uv_size": [8, -3]}
							}
						},
						{
							"origin": [3.5, 23.5, -4],
							"size": [1, 8.5, 8],
							"uv": {
								"north": {"uv": [32, 32], "uv_size": [1, 8]},
								"east": {"uv": [24, 32], "uv_size": [8, 8]},
								"south": {"uv": [41, 32], "uv_size": [1, 8]},
								"west": {"uv": [33, 32], "uv_size": [8, 8]},
								"up": {"uv": [32, 24], "uv_size": [1, 8]},
								"down": {"uv": [33, 32], "uv_size": [1, -8]}
							}
						},
						{
							"origin": [-4.5, 23.5, -4],
							"size": [1, 8.5, 8],
							"uv": {
								"north": {"uv": [32, 16], "uv_size": [1, 8]},
								"east": {"uv": [24, 16], "uv_size": [8, 8]},
								"south": {"uv": [41, 16], "uv_size": [1, 8]},
								"west": {"uv": [33, 16], "uv_size": [8, 8]},
								"up": {"uv": [32, 8], "uv_size": [1, 8]},
								"down": {"uv": [33, 16], "uv_size": [1, -8]}
							}
						},
						{"origin": [-3.5, 27, -5], "size": [1, 1, 1], "uv": [65, 49]},
						{"origin": [2.5, 24, -5], "size": [1, 1, 1], "uv": [65, 47]},
						{"origin": [3.5, 25, -5], "size": [1, 4, 1], "uv": [11, 59]},
						{"origin": [-3.5, 24, -5], "size": [1, 1, 1], "uv": [65, 65]},
						{"origin": [-4.5, 25, -5], "size": [1, 4, 1], "uv": [47, 63]},
						{"origin": [-3, 31, -5], "size": [6, 1, 1], "uv": [54, 18]},
						{"origin": [3, 27, -5], "size": [1, 1, 2], "uv": [30, 40]},
						{"origin": [-4, 30, -4.5], "size": [8, 2, 1], "uv": [48, 12]},
						{"origin": [-1, 27, -5], "size": [2, 1, 1], "uv": [11, 37]},
						{
							"origin": [1, 29, -5.1],
							"size": [3, 3, 0],
							"pivot": [2.5, 30.5, -5.1],
							"rotation": [0, 0, 10],
							"uv": {
								"north": {"uv": [32, 97.5], "uv_size": [4.5, 4.5]},
								"east": {"uv": [33, 99], "uv_size": [0, 3]},
								"south": {"uv": [36.5, 97.5], "uv_size": [4.5, 4.5]},
								"west": {"uv": [36, 99], "uv_size": [0, 3]},
								"up": {"uv": [33, 99], "uv_size": [3, 0]},
								"down": {"uv": [36, 99], "uv_size": [3, 0]}
							}
						},
						{"origin": [-4, 28, -5], "size": [8, 3, 1], "uv": [35, 42]},
						{"origin": [-5.47419, 30.79465, 1.75], "size": [2, 1, 2], "pivot": [-5.22419, 30.79465, 2.75], "rotation": [0, 0, 57.5], "uv": [0, 21], "mirror": true},
						{"origin": [3.47419, 30.79465, 1.75], "size": [2, 1, 2], "pivot": [5.22419, 30.79465, 2.75], "rotation": [0, 0, -57.5], "uv": [0, 21]}
					]
				},
				{
					"name": "spikes",
					"parent": "hair",
					"pivot": [0, 0, 0],
					"cubes": [
						{"origin": [-4.5, 31.6, -2.25], "size": [9, 1, 1.5], "uv": [48, 10]},
						{"origin": [0.75, 32.35, -2], "size": [1, 1, 1], "uv": [38, 65]},
						{"origin": [-1.75, 32.35, -2], "size": [1, 1, 1], "uv": [64, 63]},
						{"origin": [-4, 32.35, -2], "size": [1, 1, 1], "uv": [64, 31]},
						{"origin": [3, 32.35, -2], "size": [1, 1, 1], "uv": [64, 29]},
						{"origin": [4.4, 30.9, -2], "size": [1, 1, 1], "uv": [64, 27]},
						{"origin": [4.4, 28.9, -2], "size": [1, 1, 1], "uv": [26, 64]},
						{"origin": [-5.4, 30.9, -2], "size": [1, 1, 1], "uv": [64, 23]},
						{"origin": [-5.4, 28.9, -2], "size": [1, 1, 1], "uv": [64, 25]},
						{"origin": [3.6, 28.5, -2.25], "size": [1, 4, 1.5], "uv": [42, 16]},
						{"origin": [-4.6, 28.5, -2.25], "size": [1, 4, 1.5], "uv": [0, 52]}
					]
				},
				{
					"name": "Pigtail2",
					"parent": "hair",
					"pivot": [4.75, 30, 2.75],
					"cubes": [
						{"origin": [5, 23.85, 1.5], "size": [3, 7, 3], "pivot": [6.25, 30.35, 3], "rotation": [0, 40, -10], "uv": [46, 49]}
					]
				},
				{
					"name": "Pigtail",
					"parent": "hair",
					"pivot": [-4.75, 30, 2.75],
					"cubes": [
						{"origin": [-8, 23.85, 1.5], "size": [3, 7, 3], "pivot": [-6.25, 30.35, 3], "rotation": [0, -40, 10], "uv": [34, 49], "mirror": true}
					]
				},
				{
					"name": "Eyes",
					"parent": "Head",
					"pivot": [0, 0, 0]
				},
				{
					"name": "Eyeballs",
					"parent": "Eyes",
					"pivot": [0, 25.5, -4.1]
				},
				{
					"name": "LeftEyeball",
					"parent": "Eyeballs",
					"pivot": [2, 25.5, -4.1],
					"cubes": [
						{"origin": [1, 25.5, -4.05], "size": [2.5, 1, 1], "uv": [11, 52]}
					]
				},
				{
					"name": "LeftIris",
					"parent": "LeftEyeball",
					"pivot": [0, 0, 0],
					"cubes": [
						{"origin": [1, 25.3, -4.4], "size": [1.5, 1.5, 1], "inflate": -0.25, "uv": [66, 12]}
					]
				},
				{
					"name": "RightEyeball",
					"parent": "Eyeballs",
					"pivot": [-2, 25.5, -4.1],
					"cubes": [
						{"origin": [-3.5, 25.5, -4.05], "size": [2.5, 1, 1], "uv": [43, 49]}
					]
				},
				{
					"name": "RightIris",
					"parent": "RightEyeball",
					"pivot": [0, 0, -0.1],
					"cubes": [
						{"origin": [-2.5, 25.3, -4.4], "size": [1.5, 1.5, 1], "inflate": -0.25, "uv": [10, 66]}
					]
				},
				{
					"name": "Eyelashes",
					"parent": "Eyes",
					"pivot": [0, 28.1, -0.3]
				},
				{
					"name": "LeftEyelash",
					"parent": "Eyelashes",
					"pivot": [2, 27.6, -4.2],
					"cubes": [
						{
							"origin": [1, 26.5, -4.3],
							"size": [2.5, 0.5, 0.3],
							"inflate": 0.02,
							"uv": {
								"north": {"uv": [8, 127], "uv_size": [2, 1]},
								"east": {"uv": [7, 127], "uv_size": [1, 1]},
								"south": {"uv": [11, 127], "uv_size": [2, 1]},
								"west": {"uv": [10, 127], "uv_size": [1, 1]},
								"up": {"uv": [8, 126], "uv_size": [2, 1]},
								"down": {"uv": [10, 127], "uv_size": [2, -1]}
							}
						}
					]
				},
				{
					"name": "RightEyelash",
					"parent": "Eyelashes",
					"pivot": [-2, 27.6, -4.2],
					"cubes": [
						{
							"origin": [-3.5, 26.5, -4.3],
							"size": [2.5, 0.5, 0.3],
							"inflate": 0.02,
							"uv": {
								"north": {"uv": [8, 127], "uv_size": [2, 1]},
								"east": {"uv": [7, 127], "uv_size": [1, 1]},
								"south": {"uv": [11, 127], "uv_size": [2, 1]},
								"west": {"uv": [10, 127], "uv_size": [1, 1]},
								"up": {"uv": [8, 126], "uv_size": [2, 1]},
								"down": {"uv": [10, 127], "uv_size": [2, -1]}
							}
						}
					]
				},
				{
					"name": "SubEyelashes",
					"parent": "Eyelashes",
					"pivot": [4, 26, -4.3],
					"cubes": [
						{
							"origin": [3.5, 26, -4.3],
							"size": [0.5, 0.5, 0.3],
							"inflate": 0.02,
							"uv": {
								"north": {"uv": [9, 127], "uv_size": [1, 1]},
								"east": {"uv": [8, 127], "uv_size": [1, 1]},
								"south": {"uv": [11, 127], "uv_size": [1, 1]},
								"west": {"uv": [10, 127], "uv_size": [1, 1]},
								"up": {"uv": [9, 126], "uv_size": [1, 1]},
								"down": {"uv": [10, 127], "uv_size": [1, -1]}
							}
						},
						{
							"origin": [-4, 26, -4.3],
							"size": [0.5, 0.5, 0.3],
							"inflate": 0.02,
							"uv": {
								"north": {"uv": [10, 127], "uv_size": [-1, 1]},
								"east": {"uv": [11, 127], "uv_size": [-1, 1]},
								"south": {"uv": [12, 127], "uv_size": [-1, 1]},
								"west": {"uv": [9, 127], "uv_size": [-1, 1]},
								"up": {"uv": [10, 126], "uv_size": [-1, 1]},
								"down": {"uv": [11, 127], "uv_size": [-1, -1]}
							}
						}
					]
				},
				{
					"name": "Eyelids",
					"parent": "Eyes",
					"pivot": [0, 28, -4.05],
					"cubes": [
						{
							"origin": [-3.5, 27, -4.175],
							"size": [2.5, 1, 0.3],
							"inflate": 0.01,
							"uv": {
								"north": {"uv": [71, 1], "uv_size": [2, 1]},
								"east": {"uv": [70, 1], "uv_size": [1, 1]},
								"south": {"uv": [74, 1], "uv_size": [2, 1]},
								"west": {"uv": [73, 1], "uv_size": [1, 1]},
								"up": {"uv": [71, 0], "uv_size": [2, 1]},
								"down": {"uv": [73, 1], "uv_size": [2, -1]}
							}
						},
						{
							"origin": [1, 27, -4.175],
							"size": [2.5, 1, 0.3],
							"inflate": 0.01,
							"uv": {
								"north": {"uv": [77, 1], "uv_size": [2, 1]},
								"east": {"uv": [76, 1], "uv_size": [1, 1]},
								"south": {"uv": [80, 1], "uv_size": [2, 1]},
								"west": {"uv": [79, 1], "uv_size": [1, 1]},
								"up": {"uv": [77, 0], "uv_size": [2, 1]},
								"down": {"uv": [79, 1], "uv_size": [2, -1]}
							}
						}
					]
				},
				{
					"name": "Eyebrows",
					"parent": "Eyes",
					"pivot": [0, 32, -5.1],
					"cubes": [
						{"origin": [-3.5, 27.5, -5.1], "size": [2, 1, 0], "pivot": [-2.5, 28, -5.1], "rotation": [0, 0, -7.5], "uv": [24, 7]},
						{"origin": [1.5, 27.5, -5.1], "size": [2, 1, 0], "pivot": [2.5, 28, -5.1], "rotation": [0, 0, 7.5], "uv": [28, 7]}
					]
				},
				{
					"name": "Ear2",
					"parent": "Head",
					"pivot": [4, 32, -1.5],
					"rotation": [0, -17.5, 0]
				},
				{
					"name": "Ear",
					"parent": "Head",
					"pivot": [-3.75, 32.25, -1.5],
					"rotation": [0, 17.5, 0]
				},
				{
					"name": "Torso",
					"parent": "UpperBody",
					"pivot": [0, 24.1, 0.5],
					"cubes": [
						{"origin": [-2.5, 21.001, -0.5], "size": [5, 2, 2], "uv": [56, 57]},
						{"origin": [-2.5, 15, -1.5], "size": [5, 6, 3], "uv": [71, 2]},
						{"origin": [-4, 13, -1.5], "size": [8, 2, 3], "uv": [34, 24]},
						{"origin": [-4, 13, 1.5], "size": [8, 1, 1], "uv": [46, 1]},
						{"origin": [-1.001, 23.001, -0.5], "size": [2, 1, 2], "uv": [0, 64]},
						{
							"origin": [-0.25, 23, -0.65],
							"size": [0.5, 0.5, 0.25],
							"uv": {
								"north": {"uv": [17, 91], "uv_size": [1, 1]},
								"east": {"uv": [16, 91], "uv_size": [1, 1]},
								"south": {"uv": [19, 91], "uv_size": [1, 1]},
								"west": {"uv": [18, 91], "uv_size": [1, 1]},
								"up": {"uv": [17, 90], "uv_size": [1, 1]},
								"down": {"uv": [18, 91], "uv_size": [1, -1]}
							}
						},
						{"origin": [-4, 15, -1.5], "size": [2, 3, 3], "inflate": -0.001, "pivot": [-4, 15, 0], "rotation": [0, 0, 31.5], "uv": [0, 58]},
						{"origin": [2, 15, -1.5], "size": [2, 3, 3], "inflate": -0.001, "pivot": [4, 15, 0], "rotation": [0, 0, -31.5], "uv": [22, 25]}
					]
				},
				{
					"name": "pussy",
					"parent": "Torso",
					"pivot": [-0.6, 13.5, -1.5],
					"cubes": [
						{"origin": [0.1, 12.5, -1.5], "size": [1, 2, 1], "pivot": [0.6, 14.5, -1.5], "rotation": [-5, 0, 0], "uv": [21, 125], "mirror": true},
						{"origin": [-1.1, 12.5, -1.5], "size": [1, 2, 1], "pivot": [-0.6, 14.5, -1.5], "rotation": [-5, 0, 0], "uv": [21, 125]},
						{"origin": [-0.5, 12.4, -1.6], "size": [1, 2, 1.25], "inflate": -0.2, "pivot": [-0.6, 14.5, -1.5], "rotation": [-5, 0, 0], "uv": [26, 125]},
						{"origin": [-0.45, 12.35559, -1.75472], "size": [1, 2, 1.25], "inflate": -0.2, "pivot": [0.4, 12.55036, -0.73422], "rotation": [-70, 0, 0], "uv": [26, 125]},
						{"origin": [-1.1, 12.42045, -0.67812], "size": [1, 2, 2], "pivot": [-0.6, 12.42045, -0.67812], "rotation": [20, 0, 0], "uv": [20, 121]},
						{"origin": [0.1, 12.42045, -0.67812], "size": [1, 2, 2], "pivot": [0.6, 12.42045, -0.67812], "rotation": [20, 0, 0], "uv": [20, 121], "mirror": true}
					]
				},
				{
					"name": "tits",
					"parent": "Torso",
					"pivot": [0, 22.25, -0.5],
					"rotation": [22.5, 0, 0],
					"cubes": [
						{"origin": [-2.5, 18.75, -4.5], "size": [3.5, 3.5, 5], "pivot": [-2.5, 22.75, -0.5], "rotation": [0, 13.14, 0], "uv": [42, 29]},
						{"origin": [-1, 18.75, -4.5], "size": [3.5, 3.5, 5], "pivot": [2.5, 22.75, -0.5], "rotation": [0, -13.14, 0], "uv": [42, 16]}
					]
				},
				{
					"name": "leaf3",
					"parent": "Torso",
					"pivot": [0, 0, 0.35]
				},
				{
					"name": "bone2",
					"parent": "Torso",
					"pivot": [0, 14, 2.5],
					"rotation": [16.2, 0, 0],
					"cubes": [
						{"origin": [-2.5, 15, 1.5], "size": [5, 3, 1], "uv": [24, 0]},
						{"origin": [2, 15, 1.5], "size": [2, 3.5, 1], "inflate": -0.001, "pivot": [4, 15, 2.5], "rotation": [0, 0, -30], "uv": [2, 17]},
						{"origin": [-4, 14, 1.5], "size": [8, 1, 1], "uv": [110, 3]},
						{"origin": [-4, 15, 1.5], "size": [2, 3.5, 1], "inflate": -0.001, "pivot": [-4, 15, 2.5], "rotation": [0, 0, 30], "uv": [2, 1]}
					]
				},
				{
					"name": "Elytra",
					"parent": "Torso",
					"pivot": [0, 13, 0]
				},
				{
					"name": "ElytraLocator",
					"parent": "Elytra",
					"pivot": [0, 22, 0.5]
				},
				{
					"name": "LeftArm",
					"parent": "Torso",
					"pivot": [3, 21.5, 0.5],
					"rotation": [0, 0, -17.5]
				},
				{
					"name": "LeftForeArm",
					"parent": "LeftArm",
					"pivot": [3, 21.6, 0.5],
					"cubes": [
						{"origin": [2, 12.5, -0.5], "size": [2, 10, 2], "inflate": -0.001, "uv": [56, 22]}
					]
				},
				{
					"name": "spikes2",
					"parent": "LeftForeArm",
					"pivot": [0, 0, 0],
					"cubes": [
						{"origin": [2, 19.9, -0.5], "size": [2, 1, 2], "inflate": 0.1, "uv": [58, 63]},
						{
							"origin": [3.1, 14.5, 0.1],
							"size": [1, 6, 0.75],
							"uv": {
								"north": {"uv": [1, 122], "uv_size": [1, 6]},
								"east": {"uv": [0, 122], "uv_size": [1, 6]},
								"south": {"uv": [3, 122], "uv_size": [1, 6]},
								"west": {"uv": [2, 122], "uv_size": [1, 6]},
								"up": {"uv": [1, 121], "uv_size": [1, 1]},
								"down": {"uv": [2, 122], "uv_size": [1, -1]}
							}
						},
						{"origin": [3.8, 18.6, -0.025], "size": [1, 1, 1], "inflate": -0.25, "uv": [22, 64]},
						{"origin": [3.8, 17.35, -0.025], "size": [1, 1, 1], "inflate": -0.25, "uv": [18, 64]},
						{"origin": [3.8, 16.1, -0.025], "size": [1, 1, 1], "inflate": -0.25, "uv": [14, 64]},
						{"origin": [3.8, 14.85, -0.025], "size": [1, 1, 1], "inflate": -0.25, "uv": [10, 64]},
						{"origin": [3.8, 13.75, -0.525], "size": [1, 1, 1], "inflate": -0.25, "uv": [64, 8]},
						{"origin": [3.05, 13.75, -1.275], "size": [1, 1, 1], "inflate": -0.25, "uv": [50, 62]},
						{"origin": [2.05, 13.75, -1.275], "size": [1, 1, 1], "inflate": -0.25, "uv": [32, 61]},
						{"origin": [3.05, 13.75, 1.275], "size": [1, 1, 1], "inflate": -0.25, "uv": [24, 58]},
						{"origin": [2.05, 13.75, 1.275], "size": [1, 1, 1], "inflate": -0.25, "uv": [44, 59]},
						{"origin": [3.8, 13.75, 0.475], "size": [1, 1, 1], "inflate": -0.25, "uv": [64, 6]},
						{"origin": [1.15, 13.75, 0.475], "size": [1, 1, 1], "inflate": -0.25, "uv": [7, 58]},
						{"origin": [1.15, 13.75, -0.525], "size": [1, 1, 1], "inflate": -0.25, "uv": [58, 20]},
						{"origin": [2, 13.75, -0.5], "size": [2, 1, 2], "inflate": 0.1, "uv": [63, 43]}
					]
				},
				{
					"name": "LeftHand",
					"parent": "LeftForeArm",
					"pivot": [3, 13.6, 0.5]
				},
				{
					"name": "LeftHandLocator",
					"parent": "LeftHand",
					"pivot": [3, 13.6, 0.5]
				},
				{
					"name": "RightArm",
					"parent": "Torso",
					"pivot": [-3, 21.5, 0.5],
					"rotation": [0, 0, 17.5]
				},
				{
					"name": "RightForeArm",
					"parent": "RightArm",
					"pivot": [-3, 21.6, 0.5],
					"cubes": [
						{"origin": [-4, 12.5, -0.5], "size": [2, 10, 2], "inflate": -0.001, "uv": [16, 52]}
					]
				},
				{
					"name": "spikes3",
					"parent": "RightForeArm",
					"pivot": [0, 0, 0],
					"cubes": [
						{"origin": [-4, 19.9, -0.5], "size": [2, 1, 2], "inflate": 0.1, "uv": [63, 40]},
						{
							"origin": [-4.1, 14.5, 0.1],
							"size": [1, 6, 0.75],
							"uv": {
								"north": {"uv": [1, 122], "uv_size": [1, 6]},
								"east": {"uv": [0, 122], "uv_size": [1, 6]},
								"south": {"uv": [3, 122], "uv_size": [1, 6]},
								"west": {"uv": [2, 122], "uv_size": [1, 6]},
								"up": {"uv": [1, 121], "uv_size": [1, 1]},
								"down": {"uv": [2, 122], "uv_size": [1, -1]}
							}
						},
						{"origin": [-4.8, 18.85, -0.025], "size": [1, 1, 1], "inflate": -0.25, "uv": [24, 56]},
						{"origin": [-4.8, 17.6, -0.025], "size": [1, 1, 1], "inflate": -0.25, "uv": [55, 49]},
						{"origin": [-4.8, 16.35, -0.025], "size": [1, 1, 1], "inflate": -0.25, "uv": [54, 47]},
						{"origin": [-4.8, 15.1, -0.025], "size": [1, 1, 1], "inflate": -0.25, "uv": [11, 54]},
						{"origin": [-4.8, 13.75, -0.525], "size": [1, 1, 1], "inflate": -0.25, "uv": [52, 41]},
						{"origin": [-4.05, 13.75, -1.275], "size": [1, 1, 1], "inflate": -0.25, "uv": [42, 32]},
						{"origin": [-3.05, 13.75, -1.275], "size": [1, 1, 1], "inflate": -0.25, "uv": [42, 29]},
						{"origin": [-4.05, 13.75, 1.275], "size": [1, 1, 1], "inflate": -0.25, "uv": [24, 42]},
						{"origin": [-3.05, 13.75, 1.275], "size": [1, 1, 1], "inflate": -0.25, "uv": [24, 40]},
						{"origin": [-4.8, 13.75, 0.475], "size": [1, 1, 1], "inflate": -0.25, "uv": [0, 38]},
						{"origin": [-2.15, 13.75, 0.475], "size": [1, 1, 1], "inflate": -0.25, "uv": [20, 37]},
						{"origin": [-2.15, 13.75, -0.525], "size": [1, 1, 1], "inflate": -0.25, "uv": [0, 36]},
						{"origin": [-4, 13.75, -0.5], "size": [2, 1, 2], "inflate": 0.1, "uv": [62, 20]}
					]
				},
				{
					"name": "RightHand",
					"parent": "RightForeArm",
					"pivot": [-3, 13.6, 0.5]
				},
				{
					"name": "RightHandLocator",
					"parent": "RightHand",
					"pivot": [-3, 13.6, 0.5]
				}
			]
		}
	]
}