{
	"format_version": "1.12.0",
	"minecraft:geometry": [
		{
			"description": {
				"identifier": "geometry.violet",
				"texture_width": 256,
				"texture_height": 256,
				"visible_bounds_width": 9,
				"visible_bounds_height": 6,
				"visible_bounds_offset": [0, 2, 0]
			},
			"bones": [
				{
					"name": "RightArm",
					"pivot": [-3.2234, 33.12332, 0.05308],
					"rotation": [0, 0, 15.5],
					"cubes": [
						{
							"origin": [-5.00053, 28.46928, -1.48007],
							"size": [2.41484, 6.38183, 2.97382],
							"pivot": [-1.84934, 28.18969, 0.05308],
							"rotation": [0, 0, -3],
							"uv": {
								"north": {"uv": [131, 127], "uv_size": [2.4375, 6.375]},
								"east": {"uv": [120, 46], "uv_size": [3, 6.375]},
								"south": {"uv": [27, 132], "uv_size": [2.4375, 6.375]},
								"west": {"uv": [48, 120], "uv_size": [3, 6.375]},
								"up": {"uv": [161, 69], "uv_size": [2.4375, 3]},
								"down": {"uv": [161, 75], "uv_size": [2.4375, -3]}
							}
						},
						{
							"origin": [-4.8743, 27.63851, -1.37915],
							"size": [2.14292, 1.8752, 2.24144],
							"pivot": [-3.75278, 28.32565, 0.05308],
							"rotation": [-53.5, 0, -3],
							"uv": {
								"north": {"uv": [181, 66], "uv_size": [2.125, 1.875]},
								"east": {"uv": [156, 179], "uv_size": [2.25, 1.875]},
								"south": {"uv": [181, 68], "uv_size": [2.125, 1.875]},
								"west": {"uv": [179, 165], "uv_size": [2.25, 1.875]},
								"up": {"uv": [176, 48], "uv_size": [2.125, 2.25]},
								"down": {"uv": [53, 178.25], "uv_size": [2.125, -2.25]}
							}
						},
						{
							"origin": [-4.74378, 29.3209, -1.41966],
							"size": [1.87484, 4.6295, 2.8095],
							"uv": {
								"north": {"uv": [20, 155], "uv_size": [1.875, 4.625]},
								"east": {"uv": [69, 134], "uv_size": [2.8125, 4.625]},
								"south": {"uv": [60, 155], "uv_size": [1.875, 4.625]},
								"west": {"uv": [140, 31], "uv_size": [2.8125, 4.625]},
								"up": {"uv": [173, 46], "uv_size": [1.875, 2.8125]},
								"down": {"uv": [54, 175.8125], "uv_size": [1.875, -2.8125]}
							}
						}
					]
				},
				{
					"name": "RightArm_armer1",
					"parent": "RightArm",
					"pivot": [-3.2234, 33.12332, 0.05308],
					"rotation": [0, 0, 0.5],
					"cubes": [
						{
							"origin": [-5.03139, 28.23659, -1.55674],
							"size": [2.50658, 6.70092, 3.1225],
							"pivot": [-1.78064, 27.94301, 0.05308],
							"rotation": [0, 0, -3],
							"uv": {
								"north": {"uv": [69, 127], "uv_size": [2.5, 6.6875]},
								"east": {"uv": [70, 59], "uv_size": [3.125, 6.6875]},
								"south": {"uv": [15, 128], "uv_size": [2.5, 6.6875]},
								"west": {"uv": [72, 0], "uv_size": [3.125, 6.6875]},
								"up": {"uv": [159, 37], "uv_size": [2.5, 3.125]},
								"down": {"uv": [159, 44.125], "uv_size": [2.5, -3.125]}
							}
						},
						{
							"origin": [-5.0459, 27.55679, -1.57124],
							"size": [2.5356, 1.39848, 3.1515],
							"pivot": [-1.78064, 27.94301, 0.05308],
							"rotation": [0, 0, -3],
							"uv": {
								"north": {"uv": [183, 126], "uv_size": [2.5625, 1.375]},
								"east": {"uv": [43, 179], "uv_size": [3.125, 1.375]},
								"south": {"uv": [183, 128], "uv_size": [2.5625, 1.375]},
								"west": {"uv": [179, 48], "uv_size": [3.125, 1.375]},
								"up": {"uv": [151, 158], "uv_size": [2.5625, 3.125]},
								"down": {"uv": [158, 155.125], "uv_size": [2.5625, -3.125]}
							}
						},
						{
							"origin": [-3.39359, 30.08287, -1.57124],
							"size": [1.81414, 0.32812, 3.1515],
							"pivot": [-1.70872, 27.84301, 0.05308],
							"rotation": [0, 0, -39.5],
							"uv": {
								"north": {"uv": [209, 93], "uv_size": [1.8125, 0.3125]},
								"east": {"uv": [202, 73], "uv_size": [3.125, 0.3125]},
								"south": {"uv": [209, 102], "uv_size": [1.8125, 0.3125]},
								"west": {"uv": [202, 79], "uv_size": [3.125, 0.3125]},
								"up": {"uv": [32, 172], "uv_size": [1.8125, 3.125]},
								"down": {"uv": [34, 175.125], "uv_size": [1.8125, -3.125]}
							}
						},
						{
							"origin": [-9.11019, 26.33315, -1.57124],
							"size": [6.59989, 0.86914, 3.1515],
							"pivot": [-1.78064, 27.94301, 0.05308],
							"rotation": [0, 0, 87],
							"uv": {
								"north": {"uv": [168, 131], "uv_size": [6.625, 0.875]},
								"east": {"uv": [186, 183], "uv_size": [3.125, 0.875]},
								"south": {"uv": [170, 74], "uv_size": [6.625, 0.875]},
								"west": {"uv": [187, 10], "uv_size": [3.125, 0.875]},
								"up": {"uv": [117, 30], "uv_size": [6.625, 3.125]},
								"down": {"uv": [117, 37.125], "uv_size": [6.625, -3.125]}
							}
						},
						{
							"origin": [-8.97423, 25.58446, -1.57124],
							"size": [3.06493, 1.61782, 3.1515],
							"pivot": [-1.78064, 27.94301, 0.05308],
							"rotation": [0, 0, 87],
							"uv": {
								"north": {"uv": [174, 171], "uv_size": [3.0625, 1.625]},
								"east": {"uv": [43, 174], "uv_size": [3.125, 1.625]},
								"south": {"uv": [0, 175], "uv_size": [3.0625, 1.625]},
								"west": {"uv": [58, 174], "uv_size": [3.125, 1.625]},
								"up": {"uv": [83, 152], "uv_size": [3.0625, 3.125]},
								"down": {"uv": [152, 124.125], "uv_size": [3.0625, -3.125]}
							}
						},
						{
							"origin": [-9.38211, 26.87699, -1.57124],
							"size": [5.64817, 0.8782, 3.1515],
							"pivot": [-1.78064, 27.94301, 0.05308],
							"rotation": [0, 0, 70],
							"uv": {
								"north": {"uv": [36, 70], "uv_size": [5.625, 0.875]},
								"east": {"uv": [187, 57], "uv_size": [3.125, 0.875]},
								"south": {"uv": [53, 83], "uv_size": [5.625, 0.875]},
								"west": {"uv": [187, 75], "uv_size": [3.125, 0.875]},
								"up": {"uv": [109, 124], "uv_size": [5.625, 3.125]},
								"down": {"uv": [125, 9.125], "uv_size": [5.625, -3.125]}
							}
						},
						{
							"origin": [-4.5655, 29.18287, -1.57124],
							"size": [2.41414, 0.72412, 3.1515],
							"pivot": [-1.78064, 27.94301, 0.05308],
							"rotation": [0, 0, -20.5],
							"uv": {
								"north": {"uv": [194, 162], "uv_size": [2.4375, 0.75]},
								"east": {"uv": [190, 51], "uv_size": [3.125, 0.75]},
								"south": {"uv": [194, 163], "uv_size": [2.4375, 0.75]},
								"west": {"uv": [190, 54], "uv_size": [3.125, 0.75]},
								"up": {"uv": [105, 159], "uv_size": [2.4375, 3.125]},
								"down": {"uv": [159, 125.125], "uv_size": [2.4375, -3.125]}
							}
						},
						{
							"origin": [-5.1197, 33.08212, -1.51985],
							"size": [1.64472, 2.34157, 3.0943],
							"pivot": [-4.29697, 34.5834, 0.00667],
							"rotation": [0, 0, -36],
							"uv": {
								"north": {"uv": [26, 182], "uv_size": [1.625, 2.3125]},
								"east": {"uv": [162, 23], "uv_size": [3.125, 2.3125]},
								"south": {"uv": [182, 26], "uv_size": [1.625, 2.3125]},
								"west": {"uv": [162, 26], "uv_size": [3.125, 2.3125]},
								"up": {"uv": [4, 174], "uv_size": [1.625, 3.125]},
								"down": {"uv": [13, 177.125], "uv_size": [1.625, -3.125]}
							}
						},
						{
							"origin": [-4.8198, 29.0628, -1.4933],
							"size": [1.9686, 4.92896, 2.94997],
							"uv": {
								"north": {"uv": [78, 34], "uv_size": [1.9375, 4.9375]},
								"east": {"uv": [64, 132], "uv_size": [2.9375, 4.9375]},
								"south": {"uv": [114, 21], "uv_size": [1.9375, 4.9375]},
								"west": {"uv": [0, 133], "uv_size": [2.9375, 4.9375]},
								"up": {"uv": [20, 172], "uv_size": [1.9375, 2.9375]},
								"down": {"uv": [22, 174.9375], "uv_size": [1.9375, -2.9375]}
							}
						}
					]
				},
				{
					"name": "RightForeArm",
					"parent": "RightArm",
					"pivot": [-4.00368, 28.6411, 0.07762],
					"cubes": [
						{
							"origin": [-4.92126, 19.04916, -1.39511],
							"size": [2.24303, 9.59195, 2.8095],
							"uv": {
								"north": {"uv": [70, 110], "uv_size": [2.25, 9.5625]},
								"east": {"uv": [64, 106], "uv_size": [2.8125, 9.5625]},
								"south": {"uv": [81, 110], "uv_size": [2.25, 9.5625]},
								"west": {"uv": [67, 106], "uv_size": [2.8125, 9.5625]},
								"up": {"uv": [163, 166], "uv_size": [2.25, 2.8125]},
								"down": {"uv": [166, 168.8125], "uv_size": [2.25, -2.8125]}
							}
						},
						{
							"origin": [-4.92126, 27.93551, -2.75471],
							"size": [2.24303, 1.90568, 2.02274],
							"pivot": [-3.70688, 26.51365, -1.21476],
							"rotation": [-42.5, 0, 0],
							"uv": {
								"north": {"uv": [167, 179], "uv_size": [2.25, 1.875]},
								"east": {"uv": [140, 43], "uv_size": [2, 1.875]},
								"south": {"uv": [179, 167], "uv_size": [2.25, 1.875]},
								"west": {"uv": [143, 90], "uv_size": [2, 1.875]},
								"up": {"uv": [178, 46], "uv_size": [2.25, 2]},
								"down": {"uv": [71, 180], "uv_size": [2.25, -2]}
							}
						}
					]
				},
				{
					"name": "RightForeArm_armer1",
					"parent": "RightForeArm",
					"pivot": [-4.0427, 28.417, 0.07883],
					"cubes": [
						{
							"origin": [-5.00614, 18.34547, -1.46753],
							"size": [2.35518, 10.07155, 2.94997],
							"uv": {
								"north": {"uv": [9, 108], "uv_size": [2.375, 10.0625]},
								"east": {"uv": [27, 105], "uv_size": [2.9375, 10.0625]},
								"south": {"uv": [12, 108], "uv_size": [2.375, 10.0625]},
								"west": {"uv": [30, 105], "uv_size": [2.9375, 10.0625]},
								"up": {"uv": [163, 32], "uv_size": [2.375, 2.9375]},
								"down": {"uv": [35, 165.9375], "uv_size": [2.375, -2.9375]}
							}
						},
						{
							"origin": [-4.95462, 23.5717, -0.14304],
							"size": [0.9276, 5.15458, 0.44375],
							"uv": {
								"north": {"uv": [120, 67], "uv_size": [0.9375, 5.125]},
								"east": {"uv": [46, 191], "uv_size": [0.4375, 5.125]},
								"south": {"uv": [67, 148], "uv_size": [0.9375, 5.125]},
								"west": {"uv": [47, 191], "uv_size": [0.4375, 5.125]},
								"up": {"uv": [8, 213], "uv_size": [0.9375, 0.4375]},
								"down": {"uv": [213, 9.4375], "uv_size": [0.9375, -0.4375]}
							}
						},
						{
							"origin": [-5.03944, 20.82172, -1.48289],
							"size": [2.3978, 8.79184, 2.98121],
							"uv": {
								"north": {"uv": [116, 16], "uv_size": [2.375, 8.8125]},
								"east": {"uv": [89, 107], "uv_size": [3, 8.8125]},
								"south": {"uv": [89, 116], "uv_size": [2.375, 8.8125]},
								"west": {"uv": [107, 96], "uv_size": [3, 8.8125]},
								"up": {"uv": [162, 130], "uv_size": [2.375, 3]},
								"down": {"uv": [162, 150], "uv_size": [2.375, -3]}
							}
						}
					]
				},
				{
					"name": "RightHandLocator2",
					"parent": "RightForeArm_armer1",
					"pivot": [-4.0427, 22.74698, 0.07883]
				},
				{
					"name": "RightForeArm_armor2",
					"parent": "RightForeArm_armer1",
					"pivot": [-4.1442, 28.31831, 0.07958]
				},
				{
					"name": "RightHand",
					"parent": "RightForeArm",
					"pivot": [-3.70688, 26.51365, -1.21476]
				},
				{
					"name": "RightHandLocator",
					"parent": "RightHand",
					"pivot": [-4.00368, 20.24108, 0.07762]
				},
				{
					"name": "LeftArm",
					"pivot": [3.2234, 33.12332, 0.05308],
					"rotation": [0, 0, -15.5],
					"cubes": [
						{
							"origin": [2.58569, 28.46928, -1.48007],
							"size": [2.41484, 6.38183, 2.97382],
							"pivot": [1.84934, 28.18969, 0.05308],
							"rotation": [0, 0, 3],
							"uv": {
								"north": {"uv": [133.4375, 127], "uv_size": [-2.4375, 6.375]},
								"east": {"uv": [51, 120], "uv_size": [-3, 6.375]},
								"south": {"uv": [29.4375, 132], "uv_size": [-2.4375, 6.375]},
								"west": {"uv": [123, 46], "uv_size": [-3, 6.375]},
								"up": {"uv": [163.4375, 69], "uv_size": [-2.4375, 3]},
								"down": {"uv": [163.4375, 75], "uv_size": [-2.4375, -3]}
							}
						},
						{
							"origin": [2.73138, 27.63851, -1.37915],
							"size": [2.14292, 1.8752, 2.24144],
							"pivot": [3.75278, 28.32565, 0.05308],
							"rotation": [-53.5, 0, 3],
							"uv": {
								"north": {"uv": [183.125, 66], "uv_size": [-2.125, 1.875]},
								"east": {"uv": [181.25, 165], "uv_size": [-2.25, 1.875]},
								"south": {"uv": [183.125, 68], "uv_size": [-2.125, 1.875]},
								"west": {"uv": [158.25, 179], "uv_size": [-2.25, 1.875]},
								"up": {"uv": [178.125, 48], "uv_size": [-2.125, 2.25]},
								"down": {"uv": [55.125, 178.25], "uv_size": [-2.125, -2.25]}
							}
						},
						{
							"origin": [2.86894, 29.3209, -1.41966],
							"size": [1.87484, 4.6295, 2.8095],
							"uv": {
								"north": {"uv": [21.875, 155], "uv_size": [-1.875, 4.625]},
								"east": {"uv": [142.8125, 31], "uv_size": [-2.8125, 4.625]},
								"south": {"uv": [61.875, 155], "uv_size": [-1.875, 4.625]},
								"west": {"uv": [71.8125, 134], "uv_size": [-2.8125, 4.625]},
								"up": {"uv": [174.875, 46], "uv_size": [-1.875, 2.8125]},
								"down": {"uv": [55.875, 175.8125], "uv_size": [-1.875, -2.8125]}
							}
						}
					]
				},
				{
					"name": "LeftArm_armer1",
					"parent": "LeftArm",
					"pivot": [3.2234, 33.12332, 0.05308],
					"rotation": [0, 0, -0.5],
					"cubes": [
						{
							"origin": [2.52481, 28.23659, -1.55674],
							"size": [2.50658, 6.70092, 3.1225],
							"pivot": [1.78064, 27.94301, 0.05308],
							"rotation": [0, 0, 3],
							"uv": {
								"north": {"uv": [71.5, 127], "uv_size": [-2.5, 6.6875]},
								"east": {"uv": [75.125, 0], "uv_size": [-3.125, 6.6875]},
								"south": {"uv": [17.5, 128], "uv_size": [-2.5, 6.6875]},
								"west": {"uv": [73.125, 59], "uv_size": [-3.125, 6.6875]},
								"up": {"uv": [161.5, 37], "uv_size": [-2.5, 3.125]},
								"down": {"uv": [161.5, 44.125], "uv_size": [-2.5, -3.125]}
							}
						},
						{
							"origin": [2.5103, 27.55679, -1.57124],
							"size": [2.5356, 1.39848, 3.1515],
							"pivot": [1.78064, 27.94301, 0.05308],
							"rotation": [0, 0, 3],
							"uv": {
								"north": {"uv": [185.5625, 126], "uv_size": [-2.5625, 1.375]},
								"east": {"uv": [182.125, 48], "uv_size": [-3.125, 1.375]},
								"south": {"uv": [185.5625, 128], "uv_size": [-2.5625, 1.375]},
								"west": {"uv": [46.125, 179], "uv_size": [-3.125, 1.375]},
								"up": {"uv": [153.5625, 158], "uv_size": [-2.5625, 3.125]},
								"down": {"uv": [160.5625, 155.125], "uv_size": [-2.5625, -3.125]}
							}
						},
						{
							"origin": [1.57945, 30.08287, -1.57124],
							"size": [1.81414, 0.32812, 3.1515],
							"pivot": [1.70872, 27.84301, 0.05308],
							"rotation": [0, 0, 39.5],
							"uv": {
								"north": {"uv": [210.8125, 93], "uv_size": [-1.8125, 0.3125]},
								"east": {"uv": [205.125, 79], "uv_size": [-3.125, 0.3125]},
								"south": {"uv": [210.8125, 102], "uv_size": [-1.8125, 0.3125]},
								"west": {"uv": [205.125, 73], "uv_size": [-3.125, 0.3125]},
								"up": {"uv": [33.8125, 172], "uv_size": [-1.8125, 3.125]},
								"down": {"uv": [35.8125, 175.125], "uv_size": [-1.8125, -3.125]}
							}
						},
						{
							"origin": [2.5103, 26.33315, -1.57124],
							"size": [6.59989, 0.86914, 3.1515],
							"pivot": [1.78064, 27.94301, 0.05308],
							"rotation": [0, 0, -87],
							"uv": {
								"north": {"uv": [174.625, 131], "uv_size": [-6.625, 0.875]},
								"east": {"uv": [190.125, 10], "uv_size": [-3.125, 0.875]},
								"south": {"uv": [176.625, 74], "uv_size": [-6.625, 0.875]},
								"west": {"uv": [189.125, 183], "uv_size": [-3.125, 0.875]},
								"up": {"uv": [123.625, 30], "uv_size": [-6.625, 3.125]},
								"down": {"uv": [123.625, 37.125], "uv_size": [-6.625, -3.125]}
							}
						},
						{
							"origin": [5.9093, 25.58446, -1.57124],
							"size": [3.06493, 1.61782, 3.1515],
							"pivot": [1.78064, 27.94301, 0.05308],
							"rotation": [0, 0, -87],
							"uv": {
								"north": {"uv": [177.0625, 171], "uv_size": [-3.0625, 1.625]},
								"east": {"uv": [61.125, 174], "uv_size": [-3.125, 1.625]},
								"south": {"uv": [3.0625, 175], "uv_size": [-3.0625, 1.625]},
								"west": {"uv": [46.125, 174], "uv_size": [-3.125, 1.625]},
								"up": {"uv": [86.0625, 152], "uv_size": [-3.0625, 3.125]},
								"down": {"uv": [155.0625, 124.125], "uv_size": [-3.0625, -3.125]}
							}
						},
						{
							"origin": [3.73394, 26.87699, -1.57124],
							"size": [5.64817, 0.8782, 3.1515],
							"pivot": [1.78064, 27.94301, 0.05308],
							"rotation": [0, 0, -70],
							"uv": {
								"north": {"uv": [41.625, 70], "uv_size": [-5.625, 0.875]},
								"east": {"uv": [190.125, 75], "uv_size": [-3.125, 0.875]},
								"south": {"uv": [58.625, 83], "uv_size": [-5.625, 0.875]},
								"west": {"uv": [190.125, 57], "uv_size": [-3.125, 0.875]},
								"up": {"uv": [114.625, 124], "uv_size": [-5.625, 3.125]},
								"down": {"uv": [130.625, 9.125], "uv_size": [-5.625, -3.125]}
							}
						},
						{
							"origin": [2.15136, 29.18287, -1.57124],
							"size": [2.41414, 0.72412, 3.1515],
							"pivot": [1.78064, 27.94301, 0.05308],
							"rotation": [0, 0, 20.5],
							"uv": {
								"north": {"uv": [196.4375, 162], "uv_size": [-2.4375, 0.75]},
								"east": {"uv": [193.125, 54], "uv_size": [-3.125, 0.75]},
								"south": {"uv": [196.4375, 163], "uv_size": [-2.4375, 0.75]},
								"west": {"uv": [193.125, 51], "uv_size": [-3.125, 0.75]},
								"up": {"uv": [107.4375, 159], "uv_size": [-2.4375, 3.125]},
								"down": {"uv": [161.4375, 125.125], "uv_size": [-2.4375, -3.125]}
							}
						},
						{
							"origin": [3.47498, 33.08212, -1.51985],
							"size": [1.64472, 2.34157, 3.0943],
							"pivot": [4.29697, 34.5834, 0.00667],
							"rotation": [0, 0, 36],
							"uv": {
								"north": {"uv": [27.625, 182], "uv_size": [-1.625, 2.3125]},
								"east": {"uv": [165.125, 26], "uv_size": [-3.125, 2.3125]},
								"south": {"uv": [183.625, 26], "uv_size": [-1.625, 2.3125]},
								"west": {"uv": [165.125, 23], "uv_size": [-3.125, 2.3125]},
								"up": {"uv": [5.625, 174], "uv_size": [-1.625, 3.125]},
								"down": {"uv": [14.625, 177.125], "uv_size": [-1.625, -3.125]}
							}
						},
						{
							"origin": [2.8512, 29.0628, -1.4933],
							"size": [1.9686, 4.92896, 2.94997],
							"uv": {
								"north": {"uv": [79.9375, 34], "uv_size": [-1.9375, 4.9375]},
								"east": {"uv": [2.9375, 133], "uv_size": [-2.9375, 4.9375]},
								"south": {"uv": [115.9375, 21], "uv_size": [-1.9375, 4.9375]},
								"west": {"uv": [66.9375, 132], "uv_size": [-2.9375, 4.9375]},
								"up": {"uv": [21.9375, 172], "uv_size": [-1.9375, 2.9375]},
								"down": {"uv": [23.9375, 174.9375], "uv_size": [-1.9375, -2.9375]}
							}
						}
					]
				},
				{
					"name": "LeftForeArm",
					"parent": "LeftArm",
					"pivot": [4.00368, 28.6411, 0.07762],
					"cubes": [
						{
							"origin": [2.67823, 19.04916, -1.39511],
							"size": [2.24303, 9.59195, 2.8095],
							"uv": {
								"north": {"uv": [72.25, 110], "uv_size": [-2.25, 9.5625]},
								"east": {"uv": [69.8125, 106], "uv_size": [-2.8125, 9.5625]},
								"south": {"uv": [83.25, 110], "uv_size": [-2.25, 9.5625]},
								"west": {"uv": [66.8125, 106], "uv_size": [-2.8125, 9.5625]},
								"up": {"uv": [165.25, 166], "uv_size": [-2.25, 2.8125]},
								"down": {"uv": [168.25, 168.8125], "uv_size": [-2.25, -2.8125]}
							}
						},
						{
							"origin": [2.67823, 27.93551, -2.75471],
							"size": [2.24303, 1.90568, 2.02274],
							"pivot": [3.70688, 26.51365, -1.21476],
							"rotation": [-42.5, 0, 0],
							"uv": {
								"north": {"uv": [169.25, 179], "uv_size": [-2.25, 1.875]},
								"east": {"uv": [145, 90], "uv_size": [-2, 1.875]},
								"south": {"uv": [181.25, 167], "uv_size": [-2.25, 1.875]},
								"west": {"uv": [142, 43], "uv_size": [-2, 1.875]},
								"up": {"uv": [180.25, 46], "uv_size": [-2.25, 2]},
								"down": {"uv": [73.25, 180], "uv_size": [-2.25, -2]}
							}
						}
					]
				},
				{
					"name": "LeftForeArm_armer1",
					"parent": "LeftForeArm",
					"pivot": [4.0427, 28.417, 0.07883],
					"cubes": [
						{
							"origin": [2.65096, 18.34547, -1.46753],
							"size": [2.35518, 10.07155, 2.94997],
							"uv": {
								"north": {"uv": [11.375, 108], "uv_size": [-2.375, 10.0625]},
								"east": {"uv": [32.9375, 105], "uv_size": [-2.9375, 10.0625]},
								"south": {"uv": [14.375, 108], "uv_size": [-2.375, 10.0625]},
								"west": {"uv": [29.9375, 105], "uv_size": [-2.9375, 10.0625]},
								"up": {"uv": [165.375, 32], "uv_size": [-2.375, 2.9375]},
								"down": {"uv": [37.375, 165.9375], "uv_size": [-2.375, -2.9375]}
							}
						},
						{
							"origin": [4.02702, 23.5717, -0.14304],
							"size": [0.9276, 5.15458, 0.44375],
							"uv": {
								"north": {"uv": [120.9375, 67], "uv_size": [-0.9375, 5.125]},
								"east": {"uv": [47.4375, 191], "uv_size": [-0.4375, 5.125]},
								"south": {"uv": [67.9375, 148], "uv_size": [-0.9375, 5.125]},
								"west": {"uv": [46.4375, 191], "uv_size": [-0.4375, 5.125]},
								"up": {"uv": [8.9375, 213], "uv_size": [-0.9375, 0.4375]},
								"down": {"uv": [213.9375, 9.4375], "uv_size": [-0.9375, -0.4375]}
							}
						},
						{
							"origin": [2.64164, 20.82172, -1.48289],
							"size": [2.3978, 8.79184, 2.98121],
							"uv": {
								"north": {"uv": [118.375, 16], "uv_size": [-2.375, 8.8125]},
								"east": {"uv": [110, 96], "uv_size": [-3, 8.8125]},
								"south": {"uv": [91.375, 116], "uv_size": [-2.375, 8.8125]},
								"west": {"uv": [92, 107], "uv_size": [-3, 8.8125]},
								"up": {"uv": [164.375, 130], "uv_size": [-2.375, 3]},
								"down": {"uv": [164.375, 150], "uv_size": [-2.375, -3]}
							}
						}
					]
				},
				{
					"name": "LeftHandLocator2",
					"parent": "LeftForeArm_armer1",
					"pivot": [4.0427, 22.74698, 0.07883]
				},
				{
					"name": "LeftForeArm_armor2",
					"parent": "LeftForeArm_armer1",
					"pivot": [4.1442, 28.31831, 0.07958]
				},
				{
					"name": "LeftHand",
					"parent": "LeftForeArm",
					"pivot": [3.70688, 26.51365, -1.21476]
				},
				{
					"name": "LeftHandLocator",
					"parent": "LeftHand",
					"pivot": [4.00368, 20.24108, 0.07762]
				}
			]
		}
	]
}