{
	"format_version": "1.12.0",
	"minecraft:geometry": [
		{
			"description": {
				"identifier": "geometry.unknown",
				"texture_width": 256,
				"texture_height": 256,
				"visible_bounds_width": 19,
				"visible_bounds_height": 17,
				"visible_bounds_offset": [0, 0.5, 0]
			},
			"bones": [
				{
					"name": "Arm",
					"pivot": [-0.2, 29.1, 0]
				},
				{
					"name": "LeftArm",
					"parent": "Arm",
					"pivot": [2.3125, 37, 0],
					"cubes": [
						{
							"origin": [1.6875, 34, -0.5],
							"size": [1, 3, 1],
							"uv": {
								"north": {"uv": [79, 113], "uv_size": [1, 3]},
								"east": {"uv": [81, 113], "uv_size": [1, 3]},
								"south": {"uv": [113, 81], "uv_size": [1, 3]},
								"west": {"uv": [85, 113], "uv_size": [1, 3]},
								"up": {"uv": [144, 83], "uv_size": [1, 1]},
								"down": {"uv": [86, 145], "uv_size": [1, -1]}
							}
						},
						{
							"origin": [1.1875, 31.25, -0.875],
							"size": [2, 3, 1.5],
							"uv": {
								"north": {"uv": [87, 8], "uv_size": [2, 3]},
								"east": {"uv": [99, 60], "uv_size": [1.5, 3]},
								"south": {"uv": [46, 87], "uv_size": [2, 3]},
								"west": {"uv": [82, 99], "uv_size": [1.5, 3]},
								"up": {"uv": [113, 88], "uv_size": [2, 1.5]},
								"down": {"uv": [90, 114.5], "uv_size": [2, -1.5]}
							}
						},
						{
							"origin": [0.1875, 30.25, -1.125],
							"size": [4, 2, 2],
							"inflate": 0.0625,
							"uv": {
								"north": {"uv": [61, 70], "uv_size": [4, 2]},
								"east": {"uv": [69, 105], "uv_size": [2, 2]},
								"south": {"uv": [71, 3], "uv_size": [4, 2]},
								"west": {"uv": [77, 105], "uv_size": [2, 2]},
								"up": {"uv": [4, 71], "uv_size": [4, 2]},
								"down": {"uv": [71, 8], "uv_size": [4, -2]}
							}
						},
						{
							"origin": [1.1875, 36, -1],
							"size": [2, 2, 2],
							"inflate": 0.0625,
							"uv": {
								"north": {"uv": [38, 105], "uv_size": [2, 2]},
								"east": {"uv": [41, 105], "uv_size": [2, 2]},
								"south": {"uv": [56, 105], "uv_size": [2, 2]},
								"west": {"uv": [105, 58], "uv_size": [2, 2]},
								"up": {"uv": [105, 61], "uv_size": [2, 2]},
								"down": {"uv": [62, 107], "uv_size": [2, -2]}
							}
						}
					]
				},
				{
					"name": "LeftForeArm",
					"parent": "LeftArm",
					"pivot": [2.3125, 31.25, 0],
					"cubes": [
						{
							"origin": [1.1875, 23.5, -1.25],
							"size": [2, 7, 2.25],
							"uv": {
								"north": {"uv": [19, 42], "uv_size": [2, 7]},
								"east": {"uv": [31, 28], "uv_size": [2.5, 7]},
								"south": {"uv": [22, 42], "uv_size": [2, 7]},
								"west": {"uv": [0, 32], "uv_size": [2.5, 7]},
								"up": {"uv": [88, 95], "uv_size": [2, 2.5]},
								"down": {"uv": [91, 97.5], "uv_size": [2, -2.5]}
							}
						},
						{
							"origin": [3.3125, 21.5, -0.5],
							"size": [0.75, 9, 0.75],
							"uv": {
								"north": {"uv": [36, 63], "uv_size": [1, 9]},
								"east": {"uv": [38, 63], "uv_size": [1, 9]},
								"south": {"uv": [40, 63], "uv_size": [1, 9]},
								"west": {"uv": [55, 63], "uv_size": [1, 9]},
								"up": {"uv": [144, 89], "uv_size": [1, 1]},
								"down": {"uv": [144, 94], "uv_size": [1, -1]}
							}
						},
						{
							"origin": [0.8125, 21.5, -0.5],
							"size": [2.75, 1, 0.75],
							"inflate": -0.125,
							"uv": {
								"north": {"uv": [112, 31], "uv_size": [3, 1]},
								"east": {"uv": [144, 98], "uv_size": [1, 1]},
								"south": {"uv": [112, 107], "uv_size": [3, 1]},
								"west": {"uv": [144, 100], "uv_size": [1, 1]},
								"up": {"uv": [93, 113], "uv_size": [3, 1]},
								"down": {"uv": [97, 114], "uv_size": [3, -1]}
							}
						},
						{
							"origin": [0.3125, 21.5, -0.5],
							"size": [0.75, 9, 0.75],
							"uv": {
								"north": {"uv": [57, 63], "uv_size": [1, 9]},
								"east": {"uv": [59, 63], "uv_size": [1, 9]},
								"south": {"uv": [0, 64], "uv_size": [1, 9]},
								"west": {"uv": [2, 64], "uv_size": [1, 9]},
								"up": {"uv": [101, 144], "uv_size": [1, 1]},
								"down": {"uv": [144, 103], "uv_size": [1, -1]}
							}
						}
					]
				},
				{
					"name": "LeftHand",
					"parent": "LeftForeArm",
					"pivot": [2.3125, 22.25, -0.125],
					"cubes": [
						{
							"origin": [1.1875, 21.25, -1.875],
							"size": [2, 2, 3.5],
							"pivot": [2.5107, 22.25, -0.01877],
							"rotation": [90, 0, 0],
							"uv": {
								"north": {"uv": [105, 79], "uv_size": [2, 2]},
								"east": {"uv": [78, 33], "uv_size": [3.5, 2]},
								"south": {"uv": [105, 82], "uv_size": [2, 2]},
								"west": {"uv": [78, 50], "uv_size": [3.5, 2]},
								"up": {"uv": [28, 78], "uv_size": [2, 3.5]},
								"down": {"uv": [78, 79.5], "uv_size": [2, -3.5]}
							}
						},
						{
							"origin": [1.1875, 21.25, -3.875],
							"size": [2, 2, 2],
							"pivot": [2.5107, 22.25, -0.01877],
							"rotation": [90, 0, 0],
							"uv": {
								"north": {"uv": [85, 105], "uv_size": [2, 2]},
								"east": {"uv": [88, 105], "uv_size": [2, 2]},
								"south": {"uv": [0, 106], "uv_size": [2, 2]},
								"west": {"uv": [106, 0], "uv_size": [2, 2]},
								"up": {"uv": [17, 106], "uv_size": [2, 2]},
								"down": {"uv": [20, 108], "uv_size": [2, -2]}
							}
						},
						{
							"origin": [-1.48816, 21.625, -8.66255],
							"size": [4.5, 1.25, 0.5],
							"pivot": [2.5107, 22.25, -0.01877],
							"rotation": [90, 0, 0],
							"uv": {
								"north": {"uv": [80, 14], "uv_size": [4.5, 1.5]},
								"east": {"uv": [149, 136], "uv_size": [0.5, 1.5]},
								"south": {"uv": [80, 25], "uv_size": [4.5, 1.5]},
								"west": {"uv": [149, 146], "uv_size": [0.5, 1.5]},
								"up": {"uv": [126, 103], "uv_size": [4.5, 0.5]},
								"down": {"uv": [106, 126.5], "uv_size": [4.5, -0.5]}
							}
						},
						{
							"origin": [6.16626, 22, -7.28153],
							"size": [1, 0.5, 4.5],
							"pivot": [2.5107, 22.25, -0.01877],
							"rotation": [90, 0, 35],
							"uv": {
								"north": {"uv": [53, 153], "uv_size": [1, 0.5]},
								"east": {"uv": [126, 110], "uv_size": [4.5, 0.5]},
								"south": {"uv": [55, 153], "uv_size": [1, 0.5]},
								"west": {"uv": [126, 112], "uv_size": [4.5, 0.5]},
								"up": {"uv": [44, 99], "uv_size": [1, 4.5]},
								"down": {"uv": [57, 103.5], "uv_size": [1, -4.5]}
							}
						},
						{
							"origin": [3.75957, 21.75, -5.56988],
							"size": [1, 1, 1],
							"pivot": [2.5107, 22.25, -0.01877],
							"rotation": [90, 0, 0],
							"uv": {
								"north": {"uv": [103, 144], "uv_size": [1, 1]},
								"east": {"uv": [144, 108], "uv_size": [1, 1]},
								"south": {"uv": [111, 144], "uv_size": [1, 1]},
								"west": {"uv": [144, 112], "uv_size": [1, 1]},
								"up": {"uv": [144, 114], "uv_size": [1, 1]},
								"down": {"uv": [144, 117], "uv_size": [1, -1]}
							}
						},
						{
							"origin": [-0.45908, 22, -4.9127],
							"size": [1, 0.5, 2.5],
							"pivot": [2.5107, 22.25, -0.01877],
							"rotation": [90, 0, -45],
							"uv": {
								"north": {"uv": [57, 153], "uv_size": [1, 0.5]},
								"east": {"uv": [140, 24], "uv_size": [2.5, 0.5]},
								"south": {"uv": [65, 153], "uv_size": [1, 0.5]},
								"west": {"uv": [140, 28], "uv_size": [2.5, 0.5]},
								"up": {"uv": [118, 120], "uv_size": [1, 2.5]},
								"down": {"uv": [120, 122.5], "uv_size": [1, -2.5]}
							}
						},
						{
							"origin": [3.90242, 22.125, -8.04825],
							"size": [1.25, 0.25, 3.9375],
							"pivot": [2.5107, 22.25, -0.01877],
							"rotation": [90, 0, 20],
							"uv": {
								"north": {"uv": [149, 141], "uv_size": [1.5, 0.5]},
								"east": {"uv": [130, 15], "uv_size": [4, 0.5]},
								"south": {"uv": [149, 149], "uv_size": [1.5, 0.5]},
								"west": {"uv": [130, 17], "uv_size": [4, 0.5]},
								"up": {"uv": [49, 87], "uv_size": [1.5, 4]},
								"down": {"uv": [59, 91], "uv_size": [1.5, -4]}
							}
						},
						{
							"origin": [0.09906, 22.125, -5.1719],
							"size": [1.5, 0.25, 1.9375],
							"pivot": [2.5107, 22.25, -0.01877],
							"rotation": [90, 0, -20],
							"uv": {
								"north": {"uv": [150, 0], "uv_size": [1.5, 0.5]},
								"east": {"uv": [144, 118], "uv_size": [2, 0.5]},
								"south": {"uv": [150, 2], "uv_size": [1.5, 0.5]},
								"west": {"uv": [124, 144], "uv_size": [2, 0.5]},
								"up": {"uv": [101, 113], "uv_size": [1.5, 2]},
								"down": {"uv": [104, 115], "uv_size": [1.5, -2]}
							}
						},
						{
							"origin": [-1.48816, 20.48837, -8.42498],
							"size": [4.5, 1.25, 0.5],
							"pivot": [2.5107, 22.25, -0.01877],
							"rotation": [60, 0, 0],
							"uv": {
								"north": {"uv": [80, 28], "uv_size": [4.5, 1.5]},
								"east": {"uv": [7, 150], "uv_size": [0.5, 1.5]},
								"south": {"uv": [80, 44], "uv_size": [4.5, 1.5]},
								"west": {"uv": [150, 7], "uv_size": [0.5, 1.5]},
								"up": {"uv": [127, 0], "uv_size": [4.5, 0.5]},
								"down": {"uv": [127, 2.5], "uv_size": [4.5, -0.5]}
							}
						},
						{
							"origin": [6.02999, 20.86337, -7.08692],
							"size": [1, 0.5, 4.5],
							"pivot": [2.5107, 22.25, -0.01877],
							"rotation": [64.68878, 16.66573, 31.2325],
							"uv": {
								"north": {"uv": [67, 153], "uv_size": [1, 0.5]},
								"east": {"uv": [127, 4], "uv_size": [4.5, 0.5]},
								"south": {"uv": [69, 153], "uv_size": [1, 0.5]},
								"west": {"uv": [127, 11], "uv_size": [4.5, 0.5]},
								"up": {"uv": [77, 99], "uv_size": [1, 4.5]},
								"down": {"uv": [85, 103.5], "uv_size": [1, -4.5]}
							}
						},
						{
							"origin": [3.75957, 20.61337, -5.33231],
							"size": [1, 1, 1],
							"pivot": [2.5107, 22.25, -0.01877],
							"rotation": [60, 0, 0],
							"uv": {
								"north": {"uv": [120, 144], "uv_size": [1, 1]},
								"east": {"uv": [144, 127], "uv_size": [1, 1]},
								"south": {"uv": [144, 129], "uv_size": [1, 1]},
								"west": {"uv": [144, 131], "uv_size": [1, 1]},
								"up": {"uv": [144, 133], "uv_size": [1, 1]},
								"down": {"uv": [144, 136], "uv_size": [1, -1]}
							}
						},
						{
							"origin": [-0.29109, 20.86337, -4.74472],
							"size": [1, 0.5, 2.5],
							"pivot": [2.5107, 22.25, -0.01877],
							"rotation": [67.79238, -20.70486, -40.89336],
							"uv": {
								"north": {"uv": [153, 69], "uv_size": [1, 0.5]},
								"east": {"uv": [140, 30], "uv_size": [2.5, 0.5]},
								"south": {"uv": [73, 153], "uv_size": [1, 0.5]},
								"west": {"uv": [140, 32], "uv_size": [2.5, 0.5]},
								"up": {"uv": [0, 121], "uv_size": [1, 2.5]},
								"down": {"uv": [5, 123.5], "uv_size": [1, -2.5]}
							}
						},
						{
							"origin": [3.82116, 20.98837, -7.82501],
							"size": [1.25, 0.25, 3.9375],
							"pivot": [2.5107, 22.25, -0.01877],
							"rotation": [61.51876, 9.84655, 17.49524],
							"uv": {
								"north": {"uv": [150, 12], "uv_size": [1.5, 0.5]},
								"east": {"uv": [52, 130], "uv_size": [4, 0.5]},
								"south": {"uv": [150, 14], "uv_size": [1.5, 0.5]},
								"west": {"uv": [130, 68], "uv_size": [4, 0.5]},
								"up": {"uv": [62, 87], "uv_size": [1.5, 4]},
								"down": {"uv": [76, 91], "uv_size": [1.5, -4]}
							}
						},
						{
							"origin": [0.18032, 20.98837, -4.94866],
							"size": [1.5, 0.25, 1.9375],
							"pivot": [2.5107, 22.25, -0.01877],
							"rotation": [61.51876, -9.84655, -17.49524],
							"uv": {
								"north": {"uv": [150, 16], "uv_size": [1.5, 0.5]},
								"east": {"uv": [144, 137], "uv_size": [2, 0.5]},
								"south": {"uv": [150, 24], "uv_size": [1.5, 0.5]},
								"west": {"uv": [144, 139], "uv_size": [2, 0.5]},
								"up": {"uv": [113, 109], "uv_size": [1.5, 2]},
								"down": {"uv": [113, 114], "uv_size": [1.5, -2]}
							}
						},
						{
							"origin": [-1.48816, 22.76163, -8.42498],
							"size": [4.5, 1.25, 0.5],
							"pivot": [2.5107, 22.25, -0.01877],
							"rotation": [120, 0, 0],
							"uv": {
								"north": {"uv": [80, 47], "uv_size": [4.5, 1.5]},
								"east": {"uv": [28, 150], "uv_size": [0.5, 1.5]},
								"south": {"uv": [80, 53], "uv_size": [4.5, 1.5]},
								"west": {"uv": [150, 28], "uv_size": [0.5, 1.5]},
								"up": {"uv": [15, 127], "uv_size": [4.5, 0.5]},
								"down": {"uv": [127, 20.5], "uv_size": [4.5, -0.5]}
							}
						},
						{
							"origin": [6.02999, 23.13663, -7.08692],
							"size": [1, 0.5, 4.5],
							"pivot": [2.5107, 22.25, -0.01877],
							"rotation": [115.31122, -16.66573, 31.2325],
							"uv": {
								"north": {"uv": [75, 153], "uv_size": [1, 0.5]},
								"east": {"uv": [127, 26], "uv_size": [4.5, 0.5]},
								"south": {"uv": [77, 153], "uv_size": [1, 0.5]},
								"west": {"uv": [127, 32], "uv_size": [4.5, 0.5]},
								"up": {"uv": [87, 99], "uv_size": [1, 4.5]},
								"down": {"uv": [89, 103.5], "uv_size": [1, -4.5]}
							}
						},
						{
							"origin": [3.75957, 22.88663, -5.33231],
							"size": [1, 1, 1],
							"pivot": [2.5107, 22.25, -0.01877],
							"rotation": [120, 0, 0],
							"uv": {
								"north": {"uv": [144, 141], "uv_size": [1, 1]},
								"east": {"uv": [2, 145], "uv_size": [1, 1]},
								"south": {"uv": [4, 145], "uv_size": [1, 1]},
								"west": {"uv": [6, 145], "uv_size": [1, 1]},
								"up": {"uv": [145, 6], "uv_size": [1, 1]},
								"down": {"uv": [8, 146], "uv_size": [1, -1]}
							}
						},
						{
							"origin": [-0.29109, 23.13663, -4.74472],
							"size": [1, 0.5, 2.5],
							"pivot": [2.5107, 22.25, -0.01877],
							"rotation": [112.20762, 20.70486, -40.89336],
							"uv": {
								"north": {"uv": [79, 153], "uv_size": [1, 0.5]},
								"east": {"uv": [140, 34], "uv_size": [2.5, 0.5]},
								"south": {"uv": [153, 81], "uv_size": [1, 0.5]},
								"west": {"uv": [140, 41], "uv_size": [2.5, 0.5]},
								"up": {"uv": [7, 121], "uv_size": [1, 2.5]},
								"down": {"uv": [121, 10.5], "uv_size": [1, -2.5]}
							}
						},
						{
							"origin": [3.82116, 23.26163, -7.82501],
							"size": [1.25, 0.25, 3.9375],
							"pivot": [2.5107, 22.25, -0.01877],
							"rotation": [118.48124, -9.84655, 17.49524],
							"uv": {
								"north": {"uv": [150, 31], "uv_size": [1.5, 0.5]},
								"east": {"uv": [70, 130], "uv_size": [4, 0.5]},
								"south": {"uv": [150, 33], "uv_size": [1.5, 0.5]},
								"west": {"uv": [130, 70], "uv_size": [4, 0.5]},
								"up": {"uv": [88, 0], "uv_size": [1.5, 4]},
								"down": {"uv": [11, 92], "uv_size": [1.5, -4]}
							}
						},
						{
							"origin": [0.18032, 23.26163, -4.94866],
							"size": [1.5, 0.25, 1.9375],
							"pivot": [2.5107, 22.25, -0.01877],
							"rotation": [118.48124, 9.84655, -17.49524],
							"uv": {
								"north": {"uv": [150, 38], "uv_size": [1.5, 0.5]},
								"east": {"uv": [145, 10], "uv_size": [2, 0.5]},
								"south": {"uv": [42, 150], "uv_size": [1.5, 0.5]},
								"west": {"uv": [13, 145], "uv_size": [2, 0.5]},
								"up": {"uv": [114, 0], "uv_size": [1.5, 2]},
								"down": {"uv": [114, 5], "uv_size": [1.5, -2]}
							}
						}
					]
				},
				{
					"name": "LeftHandLocator2",
					"parent": "LeftHand",
					"pivot": [1.07603, 19.28642, 0.05]
				},
				{
					"name": "RightArm",
					"parent": "Arm",
					"pivot": [-2.3125, 37, 0],
					"cubes": [
						{
							"origin": [-2.6875, 34, -0.5],
							"size": [1, 3, 1],
							"uv": {
								"north": {"uv": [13, 113], "uv_size": [1, 3]},
								"east": {"uv": [44, 113], "uv_size": [1, 3]},
								"south": {"uv": [46, 113], "uv_size": [1, 3]},
								"west": {"uv": [48, 113], "uv_size": [1, 3]},
								"up": {"uv": [98, 89], "uv_size": [1, 1]},
								"down": {"uv": [63, 101], "uv_size": [1, -1]}
							}
						},
						{
							"origin": [-3.1875, 31.25, -0.875],
							"size": [2, 3, 1.5],
							"uv": {
								"north": {"uv": [81, 86], "uv_size": [2, 3]},
								"east": {"uv": [0, 99], "uv_size": [1.5, 3]},
								"south": {"uv": [2, 87], "uv_size": [2, 3]},
								"west": {"uv": [99, 15], "uv_size": [1.5, 3]},
								"up": {"uv": [52, 113], "uv_size": [2, 1.5]},
								"down": {"uv": [58, 114.5], "uv_size": [2, -1.5]}
							}
						},
						{
							"origin": [-4.1875, 30.25, -1.125],
							"size": [4, 2, 2],
							"inflate": 0.0625,
							"uv": {
								"north": {"uv": [68, 69], "uv_size": [4, 2]},
								"east": {"uv": [104, 70], "uv_size": [2, 2]},
								"south": {"uv": [70, 11], "uv_size": [4, 2]},
								"west": {"uv": [104, 73], "uv_size": [2, 2]},
								"up": {"uv": [70, 14], "uv_size": [4, 2]},
								"down": {"uv": [22, 72], "uv_size": [4, -2]}
							}
						},
						{
							"origin": [-3.1875, 36, -1],
							"size": [2, 2, 2],
							"inflate": 0.0625,
							"uv": {
								"north": {"uv": [49, 104], "uv_size": [2, 2]},
								"east": {"uv": [104, 49], "uv_size": [2, 2]},
								"south": {"uv": [104, 52], "uv_size": [2, 2]},
								"west": {"uv": [104, 55], "uv_size": [2, 2]},
								"up": {"uv": [66, 104], "uv_size": [2, 2]},
								"down": {"uv": [104, 69], "uv_size": [2, -2]}
							}
						}
					]
				},
				{
					"name": "RightForeArm",
					"parent": "RightArm",
					"pivot": [-2.3125, 31.25, 0],
					"cubes": [
						{
							"origin": [-3.1875, 23.5, -1.25],
							"size": [2, 7, 2.25],
							"uv": {
								"north": {"uv": [28, 37], "uv_size": [2, 7]},
								"east": {"uv": [23, 29], "uv_size": [2.5, 7]},
								"south": {"uv": [16, 42], "uv_size": [2, 7]},
								"west": {"uv": [27, 29], "uv_size": [2.5, 7]},
								"up": {"uv": [95, 45], "uv_size": [2, 2.5]},
								"down": {"uv": [95, 51.5], "uv_size": [2, -2.5]}
							}
						},
						{
							"origin": [-4.0625, 21.5, -0.5],
							"size": [0.75, 9, 0.75],
							"uv": {
								"north": {"uv": [34, 60], "uv_size": [1, 9]},
								"east": {"uv": [53, 62], "uv_size": [1, 9]},
								"south": {"uv": [16, 63], "uv_size": [1, 9]},
								"west": {"uv": [18, 63], "uv_size": [1, 9]},
								"up": {"uv": [17, 101], "uv_size": [1, 1]},
								"down": {"uv": [53, 102], "uv_size": [1, -1]}
							}
						},
						{
							"origin": [-3.5625, 21.5, -0.5],
							"size": [2.75, 1, 0.75],
							"inflate": -0.125,
							"uv": {
								"north": {"uv": [41, 14], "uv_size": [3, 1]},
								"east": {"uv": [102, 17], "uv_size": [1, 1]},
								"south": {"uv": [71, 9], "uv_size": [3, 1]},
								"west": {"uv": [66, 102], "uv_size": [1, 1]},
								"up": {"uv": [112, 22], "uv_size": [3, 1]},
								"down": {"uv": [112, 27], "uv_size": [3, -1]}
							}
						},
						{
							"origin": [-1.0625, 21.5, -0.5],
							"size": [0.75, 9, 0.75],
							"uv": {
								"north": {"uv": [20, 63], "uv_size": [1, 9]},
								"east": {"uv": [27, 63], "uv_size": [1, 9]},
								"south": {"uv": [29, 63], "uv_size": [1, 9]},
								"west": {"uv": [31, 63], "uv_size": [1, 9]},
								"up": {"uv": [9, 105], "uv_size": [1, 1]},
								"down": {"uv": [111, 125], "uv_size": [1, -1]}
							}
						}
					]
				},
				{
					"name": "RightHand",
					"parent": "RightForeArm",
					"pivot": [-2.3125, 22.25, -0.125],
					"cubes": [
						{
							"origin": [-3.1875, 21.25, -1.875],
							"size": [2, 2, 3.5],
							"pivot": [-2.5107, 22.25, -0.01877],
							"rotation": [90, 0, 0],
							"uv": {
								"north": {"uv": [74, 104], "uv_size": [2, 2]},
								"east": {"uv": [78, 8], "uv_size": [3.5, 2]},
								"south": {"uv": [104, 76], "uv_size": [2, 2]},
								"west": {"uv": [78, 11], "uv_size": [3.5, 2]},
								"up": {"uv": [9, 78], "uv_size": [2, 3.5]},
								"down": {"uv": [15, 81.5], "uv_size": [2, -3.5]}
							}
						},
						{
							"origin": [-3.1875, 21.25, -3.875],
							"size": [2, 2, 2],
							"pivot": [-2.5107, 22.25, -0.01877],
							"rotation": [90, 0, 0],
							"uv": {
								"north": {"uv": [104, 85], "uv_size": [2, 2]},
								"east": {"uv": [104, 88], "uv_size": [2, 2]},
								"south": {"uv": [104, 91], "uv_size": [2, 2]},
								"west": {"uv": [100, 104], "uv_size": [2, 2]},
								"up": {"uv": [105, 14], "uv_size": [2, 2]},
								"down": {"uv": [29, 107], "uv_size": [2, -2]}
							}
						},
						{
							"origin": [-3.01184, 21.625, -8.66255],
							"size": [4.5, 1.25, 0.5],
							"pivot": [-2.5107, 22.25, -0.01877],
							"rotation": [90, 0, 0],
							"uv": {
								"north": {"uv": [79, 0], "uv_size": [4.5, 1.5]},
								"east": {"uv": [149, 85], "uv_size": [0.5, 1.5]},
								"south": {"uv": [79, 3], "uv_size": [4.5, 1.5]},
								"west": {"uv": [149, 88], "uv_size": [0.5, 1.5]},
								"up": {"uv": [125, 28], "uv_size": [4.5, 0.5]},
								"down": {"uv": [125, 42.5], "uv_size": [4.5, -0.5]}
							}
						},
						{
							"origin": [-7.16626, 22, -7.28153],
							"size": [1, 0.5, 4.5],
							"pivot": [-2.5107, 22.25, -0.01877],
							"rotation": [90, 0, -35],
							"uv": {
								"north": {"uv": [153, 14], "uv_size": [1, 0.5]},
								"east": {"uv": [124, 125], "uv_size": [4.5, 0.5]},
								"south": {"uv": [16, 153], "uv_size": [1, 0.5]},
								"west": {"uv": [126, 6], "uv_size": [4.5, 0.5]},
								"up": {"uv": [36, 97], "uv_size": [1, 4.5]},
								"down": {"uv": [55, 101.5], "uv_size": [1, -4.5]}
							}
						},
						{
							"origin": [-4.75957, 21.75, -5.56988],
							"size": [1, 1, 1],
							"pivot": [-2.5107, 22.25, -0.01877],
							"rotation": [90, 0, 0],
							"uv": {
								"north": {"uv": [69, 143], "uv_size": [1, 1]},
								"east": {"uv": [118, 143], "uv_size": [1, 1]},
								"south": {"uv": [133, 143], "uv_size": [1, 1]},
								"west": {"uv": [144, 18], "uv_size": [1, 1]},
								"up": {"uv": [144, 20], "uv_size": [1, 1]},
								"down": {"uv": [144, 23], "uv_size": [1, -1]}
							}
						},
						{
							"origin": [-0.54092, 22, -4.9127],
							"size": [1, 0.5, 2.5],
							"pivot": [-2.5107, 22.25, -0.01877],
							"rotation": [90, 0, 45],
							"uv": {
								"north": {"uv": [153, 16], "uv_size": [1, 0.5]},
								"east": {"uv": [140, 12], "uv_size": [2.5, 0.5]},
								"south": {"uv": [18, 153], "uv_size": [1, 0.5]},
								"west": {"uv": [140, 14], "uv_size": [2.5, 0.5]},
								"up": {"uv": [120, 100], "uv_size": [1, 2.5]},
								"down": {"uv": [103, 122.5], "uv_size": [1, -2.5]}
							}
						},
						{
							"origin": [-5.15242, 22.125, -8.04825],
							"size": [1.25, 0.25, 3.9375],
							"pivot": [-2.5107, 22.25, -0.01877],
							"rotation": [90, 0, -20],
							"uv": {
								"north": {"uv": [149, 64], "uv_size": [1.5, 0.5]},
								"east": {"uv": [129, 114], "uv_size": [4, 0.5]},
								"south": {"uv": [149, 91], "uv_size": [1.5, 0.5]},
								"west": {"uv": [129, 116], "uv_size": [4, 0.5]},
								"up": {"uv": [5, 87], "uv_size": [1.5, 4]},
								"down": {"uv": [8, 91], "uv_size": [1.5, -4]}
							}
						},
						{
							"origin": [-1.59906, 22.125, -5.1719],
							"size": [1.5, 0.25, 1.9375],
							"pivot": [-2.5107, 22.25, -0.01877],
							"rotation": [90, 0, 20],
							"uv": {
								"north": {"uv": [149, 93], "uv_size": [1.5, 0.5]},
								"east": {"uv": [144, 24], "uv_size": [2, 0.5]},
								"south": {"uv": [149, 95], "uv_size": [1.5, 0.5]},
								"west": {"uv": [144, 28], "uv_size": [2, 0.5]},
								"up": {"uv": [113, 58], "uv_size": [1.5, 2]},
								"down": {"uv": [113, 63], "uv_size": [1.5, -2]}
							}
						},
						{
							"origin": [-3.01184, 20.48837, -8.42498],
							"size": [4.5, 1.25, 0.5],
							"pivot": [-2.5107, 22.25, -0.01877],
							"rotation": [60, 0, 0],
							"uv": {
								"north": {"uv": [79, 19], "uv_size": [4.5, 1.5]},
								"east": {"uv": [90, 149], "uv_size": [0.5, 1.5]},
								"south": {"uv": [79, 22], "uv_size": [4.5, 1.5]},
								"west": {"uv": [149, 97], "uv_size": [0.5, 1.5]},
								"up": {"uv": [30, 126], "uv_size": [4.5, 0.5]},
								"down": {"uv": [126, 44.5], "uv_size": [4.5, -0.5]}
							}
						},
						{
							"origin": [-7.02999, 20.86337, -7.08692],
							"size": [1, 0.5, 4.5],
							"pivot": [-2.5107, 22.25, -0.01877],
							"rotation": [64.68878, -16.66573, -31.2325],
							"uv": {
								"north": {"uv": [153, 24], "uv_size": [1, 0.5]},
								"east": {"uv": [78, 126], "uv_size": [4.5, 0.5]},
								"south": {"uv": [28, 153], "uv_size": [1, 0.5]},
								"west": {"uv": [84, 126], "uv_size": [4.5, 0.5]},
								"up": {"uv": [9, 99], "uv_size": [1, 4.5]},
								"down": {"uv": [30, 103.5], "uv_size": [1, -4.5]}
							}
						},
						{
							"origin": [-4.75957, 20.61337, -5.33231],
							"size": [1, 1, 1],
							"pivot": [-2.5107, 22.25, -0.01877],
							"rotation": [60, 0, 0],
							"uv": {
								"north": {"uv": [144, 30], "uv_size": [1, 1]},
								"east": {"uv": [144, 32], "uv_size": [1, 1]},
								"south": {"uv": [144, 34], "uv_size": [1, 1]},
								"west": {"uv": [36, 144], "uv_size": [1, 1]},
								"up": {"uv": [144, 40], "uv_size": [1, 1]},
								"down": {"uv": [144, 43], "uv_size": [1, -1]}
							}
						},
						{
							"origin": [-0.70891, 20.86337, -4.74472],
							"size": [1, 0.5, 2.5],
							"pivot": [-2.5107, 22.25, -0.01877],
							"rotation": [67.79238, 20.70486, 40.89336],
							"uv": {
								"north": {"uv": [153, 30], "uv_size": [1, 0.5]},
								"east": {"uv": [140, 16], "uv_size": [2.5, 0.5]},
								"south": {"uv": [153, 32], "uv_size": [1, 0.5]},
								"west": {"uv": [140, 18], "uv_size": [2.5, 0.5]},
								"up": {"uv": [105, 120], "uv_size": [1, 2.5]},
								"down": {"uv": [107, 122.5], "uv_size": [1, -2.5]}
							}
						},
						{
							"origin": [-5.07116, 20.98837, -7.82501],
							"size": [1.25, 0.25, 3.9375],
							"pivot": [-2.5107, 22.25, -0.01877],
							"rotation": [61.51876, -9.84655, -17.49524],
							"uv": {
								"north": {"uv": [149, 100], "uv_size": [1.5, 0.5]},
								"east": {"uv": [129, 118], "uv_size": [4, 0.5]},
								"south": {"uv": [149, 102], "uv_size": [1.5, 0.5]},
								"west": {"uv": [129, 127], "uv_size": [4, 0.5]},
								"up": {"uv": [27, 87], "uv_size": [1.5, 4]},
								"down": {"uv": [30, 91], "uv_size": [1.5, -4]}
							}
						},
						{
							"origin": [-1.68032, 20.98837, -4.94866],
							"size": [1.5, 0.25, 1.9375],
							"pivot": [-2.5107, 22.25, -0.01877],
							"rotation": [61.51876, 9.84655, 17.49524],
							"uv": {
								"north": {"uv": [109, 149], "uv_size": [1.5, 0.5]},
								"east": {"uv": [43, 144], "uv_size": [2, 0.5]},
								"south": {"uv": [112, 149], "uv_size": [1.5, 0.5]},
								"west": {"uv": [144, 44], "uv_size": [2, 0.5]},
								"up": {"uv": [64, 113], "uv_size": [1.5, 2]},
								"down": {"uv": [113, 66], "uv_size": [1.5, -2]}
							}
						},
						{
							"origin": [-3.01184, 22.76163, -8.42498],
							"size": [4.5, 1.25, 0.5],
							"pivot": [-2.5107, 22.25, -0.01877],
							"rotation": [120, 0, 0],
							"uv": {
								"north": {"uv": [79, 73], "uv_size": [4.5, 1.5]},
								"east": {"uv": [149, 113], "uv_size": [0.5, 1.5]},
								"south": {"uv": [2, 80], "uv_size": [4.5, 1.5]},
								"west": {"uv": [115, 149], "uv_size": [0.5, 1.5]},
								"up": {"uv": [126, 86], "uv_size": [4.5, 0.5]},
								"down": {"uv": [126, 88.5], "uv_size": [4.5, -0.5]}
							}
						},
						{
							"origin": [-7.02999, 23.13663, -7.08692],
							"size": [1, 0.5, 4.5],
							"pivot": [-2.5107, 22.25, -0.01877],
							"rotation": [115.31122, 16.66573, -31.2325],
							"uv": {
								"north": {"uv": [33, 153], "uv_size": [1, 0.5]},
								"east": {"uv": [90, 126], "uv_size": [4.5, 0.5]},
								"south": {"uv": [153, 37], "uv_size": [1, 0.5]},
								"west": {"uv": [100, 126], "uv_size": [4.5, 0.5]},
								"up": {"uv": [40, 99], "uv_size": [1, 4.5]},
								"down": {"uv": [42, 103.5], "uv_size": [1, -4.5]}
							}
						},
						{
							"origin": [-4.75957, 22.88663, -5.33231],
							"size": [1, 1, 1],
							"pivot": [-2.5107, 22.25, -0.01877],
							"rotation": [120, 0, 0],
							"uv": {
								"north": {"uv": [144, 46], "uv_size": [1, 1]},
								"east": {"uv": [144, 48], "uv_size": [1, 1]},
								"south": {"uv": [144, 53], "uv_size": [1, 1]},
								"west": {"uv": [144, 55], "uv_size": [1, 1]},
								"up": {"uv": [144, 57], "uv_size": [1, 1]},
								"down": {"uv": [61, 145], "uv_size": [1, -1]}
							}
						},
						{
							"origin": [-0.70891, 23.13663, -4.74472],
							"size": [1, 0.5, 2.5],
							"pivot": [-2.5107, 22.25, -0.01877],
							"rotation": [112.20762, -20.70486, 40.89336],
							"uv": {
								"north": {"uv": [38, 153], "uv_size": [1, 0.5]},
								"east": {"uv": [140, 20], "uv_size": [2.5, 0.5]},
								"south": {"uv": [153, 44], "uv_size": [1, 0.5]},
								"west": {"uv": [140, 22], "uv_size": [2.5, 0.5]},
								"up": {"uv": [109, 120], "uv_size": [1, 2.5]},
								"down": {"uv": [111, 122.5], "uv_size": [1, -2.5]}
							}
						},
						{
							"origin": [-5.07116, 23.26163, -7.82501],
							"size": [1.25, 0.25, 3.9375],
							"pivot": [-2.5107, 22.25, -0.01877],
							"rotation": [118.48124, 9.84655, -17.49524],
							"uv": {
								"north": {"uv": [149, 116], "uv_size": [1.5, 0.5]},
								"east": {"uv": [129, 129], "uv_size": [4, 0.5]},
								"south": {"uv": [149, 120], "uv_size": [1.5, 0.5]},
								"west": {"uv": [130, 13], "uv_size": [4, 0.5]},
								"up": {"uv": [40, 87], "uv_size": [1.5, 4]},
								"down": {"uv": [43, 91], "uv_size": [1.5, -4]}
							}
						},
						{
							"origin": [-1.68032, 23.26163, -4.94866],
							"size": [1.5, 0.25, 1.9375],
							"pivot": [-2.5107, 22.25, -0.01877],
							"rotation": [118.48124, -9.84655, 17.49524],
							"uv": {
								"north": {"uv": [149, 122], "uv_size": [1.5, 0.5]},
								"east": {"uv": [144, 81], "uv_size": [2, 0.5]},
								"south": {"uv": [135, 149], "uv_size": [1.5, 0.5]},
								"west": {"uv": [83, 144], "uv_size": [2, 0.5]},
								"up": {"uv": [113, 75], "uv_size": [1.5, 2]},
								"down": {"uv": [113, 80], "uv_size": [1.5, -2]}
							}
						}
					]
				},
				{
					"name": "BladeLocator2",
					"parent": "RightHand",
					"pivot": [-1.07984, 19.37357, 0.05]
				},
				{
					"name": "RightHandLocator2",
					"parent": "RightHand",
					"pivot": [-1.07603, 19.28642, 0.05]
				}
			]
		}
	]
}