{
	"format_version": "1.8.0",
	"animations": {
		"idle": {
			"animation_length": 0.375,
			"bones": {
				"Root": {
					"rotation": [0, 0, 0],
					"scale": 1
				},
				"UpBody": {
					"rotation": [0, 0, 0],
					"position": [0, 0, 0]
				},
				"LeftArm": {
					"rotation": [10, 0, -10],
					"position": [0, 0, 0]
				},
				"LeftForeArm": {
					"rotation": [-25, 0, 0],
					"position": [0, 0, 0]
				},
				"RightArm": {
					"rotation": [22.5, 0, 10],
					"position": [0, 0, 0]
				},
				"RightForeArm": {
					"rotation": [-45, 0, 0],
					"position": [0, 0, 0]
				},
				"LeftLeg": {
					"rotation": [0, 0, 0],
					"position": [0, 0, 0]
				},
				"LeftLowerLeg": {
					"rotation": [0, 0, 0],
					"position": [0, 0, 0]
				},
				"LeftFoot": {
					"rotation": [0, 0, 0],
					"position": [0, 0, 0]
				},
				"RightLeg": {
					"rotation": [0, 0, 0],
					"position": [0, 0, 0]
				},
				"RightLowerLeg": {
					"rotation": [0, 0, 0],
					"position": [0, 0, 0]
				},
				"RightFoot": {
					"rotation": [0, 0, 0],
					"position": [0, 0, 0]
				},
				"AllBody": {
					"rotation": [0, 0, 0],
					"position": [0, 0, 0],
					"scale": 1
				},
				"AllHead": {
					"rotation": [0, 0, 0],
					"position": [0, 0, 0]
				},
				"Head": {
					"rotation": [0, 0, 0],
					"position": [0, 0, 0]
				},
				"RightHand": {
					"rotation": [45, 0, 0]
				}
			}
		},
		"attacked": {
			"animation_length": 0.45833,
			"bones": {
				"Root": {
					"rotation": {
						"0.0": [0, 0, 0],
						"0.0417": [0, 2.96, 0],
						"0.0833": [0, 7.04, 0],
						"0.125": [0, 10, 0],
						"0.1667": [0, 11.25, 0],
						"0.2083": [0, 10, 0],
						"0.25": [0, 8.48, 0],
						"0.2917": [0, 6.24, 0],
						"0.3333": [0, 3.76, 0],
						"0.375": [0, 1.52, 0],
						"0.4167": [0, 0, 0],
						"0.4583": [0, 0, 0]
					},
					"position": {
						"0.0": [0, -1, 0],
						"0.0417": [0, -1.44, 2.17],
						"0.0833": [0, -2.11, 4.63],
						"0.125": [0, -4, 7],
						"0.1667": [0, -4.18, 7.27],
						"0.2083": [0, -4, 7],
						"0.25": [0, -3.63, 6.31],
						"0.2917": [0, -3, 5],
						"0.3333": [0, -2.33, 3.37],
						"0.375": [0, -1.56, 1.41],
						"0.4167": [0, -1, 0],
						"0.4583": [0, -1, 0]
					}
				},
				"UpBody": {
					"rotation": {
						"0.0": [0, 0, 0],
						"0.0417": [15.01, 2.41, 0.65],
						"0.0833": [12.61, 1.95, 0.67],
						"0.125": [7.15, 0.93, 0.6],
						"0.1667": [2.51, -0.08, 0.54],
						"0.2083": [0.17, -1.49, 0.48],
						"0.25": [-2.49, -2.58, 0.43],
						"0.2917": [-11.4, -2.9, 0.45],
						"0.3333": [-17.49, -2.58, 0.43],
						"0.375": [-9.68, -1.29, 0.21],
						"0.4167": [0, 0, 0],
						"0.4583": [0, 0, 0]
					},
					"position": [0, 0, 0]
				},
				"LeftArm": {
					"rotation": {
						"0.0": [0, 0, 0],
						"0.0417": [-24.89, -3.96, -3.05],
						"0.0833": [-67.5, 0, 0],
						"0.125": [-40.78, -1.78, -11.04],
						"0.1667": [-4.42, -3.41, -22.14],
						"0.2083": [10.29, -2.17, -23.44],
						"0.25": [21.86, 0.02, -21.99],
						"0.2917": [30.14, 1.69, -19.52],
						"0.3333": [37.01, 2.36, -13.95],
						"0.375": [35.16, 2.13, -7.73],
						"0.4167": [17.89, 1.09, -3.13],
						"0.4583": [0, 0, 0]
					},
					"position": [0, 0, 0]
				},
				"LeftForeArm": {
					"rotation": {
						"0.0": [0, 0, 0],
						"0.0417": [-42.5, 0, 0],
						"0.0833": [-17.5, 0, 0],
						"0.125": [-43.5, 3.91, -6.97],
						"0.1667": [-65.75, 6.28, -13.65],
						"0.2083": [-53.39, 2.96, -14.55],
						"0.25": [-29.54, -2.42, -13.67],
						"0.2917": [-10.75, -6, -11.32],
						"0.3333": [-2.74, -4.93, -3.14],
						"0.375": [-1.43, -2.06, 4.23],
						"0.4167": [-0.13, -0.79, 3.09],
						"0.4583": [0, 0, 0]
					},
					"position": [0, 0, 0]
				},
				"RightArm": {
					"rotation": {
						"0.0": [0, 0, 0],
						"0.0417": [-67.42, -4.62, -1.92],
						"0.0833": [-87.42, -4.62, -1.92],
						"0.125": [-85.46, -12.41, 20.41],
						"0.1667": [-76.62, -20.2, 42.74],
						"0.2083": [-67, -22.1, 47.63],
						"0.25": [-54.68, -22.27, 47.56],
						"0.2917": [-41.62, -20.2, 42.74],
						"0.3333": [-26.71, -14.22, 30.09],
						"0.375": [-11.05, -5.99, 12.68],
						"0.4167": [0, 0, 0],
						"0.4583": [0, 0, 0]
					},
					"position": [0, 0, 0]
				},
				"RightForeArm": {
					"rotation": {
						"0.0": [0, 0, 0],
						"0.0417": [0, 0, 0],
						"0.0833": [0, 0, -1.26],
						"0.125": [0, 0, -3.18],
						"0.1667": [0, 0, -5.22],
						"0.2083": [0, 0, -6.84],
						"0.25": [0, 0, -7.5],
						"0.2917": [0, 0, -6.5],
						"0.3333": [0, 0, -4.22],
						"0.375": [0, 0, -1.7],
						"0.4167": [0, 0, 0],
						"0.4583": [0, 0, 0]
					},
					"position": [0, 0, 0]
				},
				"LeftLeg": {
					"rotation": {
						"0.0": [0, 0, 0],
						"0.0417": [-20, -5, 0],
						"0.0833": [-31.4, -7.38, -1.83],
						"0.125": [-40.15, -9.22, -3.6],
						"0.1667": [-38.86, -9.84, -3.08],
						"0.2083": [-38.69, -9.08, -1.7],
						"0.25": [-37.76, -7.76, -0.34],
						"0.2917": [-35.86, -5.95, 0.04],
						"0.3333": [-30.31, -3.91, 0.07],
						"0.375": [-14.69, -1.71, 0.06],
						"0.4167": [0, 0, 0],
						"0.4583": [0, 0, 0]
					},
					"position": {
						"0.0": [0, 0, 0],
						"0.0417": [0, 0, 0],
						"0.0833": [0, 0, 0],
						"0.125": [0, 0, 0],
						"0.1667": [0, 0, 0],
						"0.2083": [0, 0, 0],
						"0.25": [0, 0, 0],
						"0.2917": [0, 0, 0],
						"0.3333": [0, 0, 0],
						"0.375": [0, 0, 0],
						"0.4167": [0, 0, 0],
						"0.4583": [0, 0, 0]
					}
				},
				"LeftLowerLeg": {
					"rotation": {
						"0.0": [0, 0, 0],
						"0.0417": [35, 0, 0],
						"0.0833": [50.73, -0.09, 0.12],
						"0.125": [62.15, -0.18, 0.24],
						"0.1667": [62.5, -0.26, 0.27],
						"0.2083": [63.16, -0.29, 0.28],
						"0.25": [62.5, -0.26, 0.27],
						"0.2917": [60.64, -0.06, 0.22],
						"0.3333": [52.25, 0.13, 0.15],
						"0.375": [25.48, 0.09, 0.07],
						"0.4167": [0, 0, 0],
						"0.4583": [0, 0, 0]
					},
					"position": {
						"0.0": [0, 0, 0],
						"0.0417": [0, 0, 0],
						"0.0833": [0, 0, 0],
						"0.125": [0, 0, 0],
						"0.1667": [0, 0, 0],
						"0.2083": [0, 0, 0],
						"0.25": [0, 0, 0],
						"0.2917": [0, 0, 0],
						"0.3333": [0, 0, 0],
						"0.375": [0, 0, 0],
						"0.4167": [0, 0, 0],
						"0.4583": [0, 0, 0]
					}
				},
				"LeftFoot": {
					"rotation": {
						"0.0": [0, 0, 0],
						"0.0417": [-10, 0, 0],
						"0.0833": [-9.26, 0, 0.02],
						"0.125": [-6.85, 0, 0.05],
						"0.1667": [-5, 0, 0.07],
						"0.2083": [-4.15, 0.01, 0.07],
						"0.25": [-5, 0, 0.07],
						"0.2917": [-10.12, -0.06, 0.11],
						"0.3333": [-13.55, -0.1, 0.13],
						"0.375": [-7.31, -0.06, 0.07],
						"0.4167": [0, 0, 0],
						"0.4583": [0, 0, 0]
					},
					"position": {
						"0.0": [0, 0, 0],
						"0.0417": [0, 0, 0],
						"0.0833": [0, 0, 0],
						"0.125": [0, 0, 0],
						"0.1667": [0, 0, 0],
						"0.2083": [0, 0, 0],
						"0.25": [0, 0, 0],
						"0.2917": [0, 0, 0],
						"0.3333": [0, 0, 0],
						"0.375": [0, 0, 0],
						"0.4167": [0, 0, 0],
						"0.4583": [0, 0, 0]
					}
				},
				"RightLeg": {
					"rotation": {
						"0.0": [0, 0, 0],
						"0.0417": [-25.14, -7.15, 2.27],
						"0.0833": [-20.22, -9.1, 0.23],
						"0.125": [22.99, -9.7, -1.47],
						"0.1667": [27.18, -8.8, -0.07],
						"0.2083": [26.71, -7.43, 2.07],
						"0.25": [24.21, -6.11, 3.49],
						"0.2917": [16.21, -4.42, 3.21],
						"0.3333": [7.18, -2.83, 2.06],
						"0.375": [2.53, -1.21, 0.94],
						"0.4167": [0, 0, 0],
						"0.4583": [0, 0, 0]
					},
					"position": {
						"0.0": [0, 0, 0],
						"0.0417": [0, 0, 0],
						"0.0833": [0, 0, 0],
						"0.125": [0, 0, 0],
						"0.1667": [0, 0, 0],
						"0.2083": [0, 0, 0],
						"0.25": [0, 0, 0],
						"0.2917": [0, 0, 0],
						"0.3333": [0, 0, 0],
						"0.375": [0, 0, 0],
						"0.4167": [0, 0, 0],
						"0.4583": [0, 0, 0]
					}
				},
				"RightLowerLeg": {
					"rotation": {
						"0.0": [0, 0, 0],
						"0.0417": [15, 0, 0],
						"0.0833": [7.12, -0.3, 0.03],
						"0.125": [37.49, -0.6, 0.06],
						"0.1667": [39.73, -0.65, 0.08],
						"0.2083": [38.7, -0.67, 0.1],
						"0.25": [38.49, -0.65, 0.11],
						"0.2917": [45.64, -0.51, 0.09],
						"0.3333": [46.81, -0.33, 0.06],
						"0.375": [23.92, -0.14, 0.03],
						"0.4167": [0, 0, 0],
						"0.4583": [0, 0, 0]
					},
					"position": {
						"0.0": [0, 0, 0],
						"0.0417": [0, 0, 0],
						"0.0833": [0, 0, 0],
						"0.125": [0, 0, 0],
						"0.1667": [0, 0, 0],
						"0.2083": [0, 0, 0],
						"0.25": [0, 0, 0],
						"0.2917": [0, 0, 0],
						"0.3333": [0, 0, 0],
						"0.375": [0, 0, 0],
						"0.4167": [0, 0, 0],
						"0.4583": [0, 0, 0]
					}
				},
				"RightFoot": {
					"rotation": {
						"0.0": [0, 0, 0],
						"0.0417": [0, 0, 0],
						"0.0833": [-29.31, 0.33, -0.49],
						"0.125": [-42.49, 0.67, -0.9],
						"0.1667": [-42.56, 0.72, -0.74],
						"0.2083": [-40.16, 0.74, -0.46],
						"0.25": [-33.51, 0.71, -0.23],
						"0.2917": [-8.41, 0.56, -0.11],
						"0.3333": [13.81, 0.36, -0.07],
						"0.375": [9.86, 0.16, -0.03],
						"0.4167": [0, 0, 0],
						"0.4583": [0, 0, 0]
					},
					"position": {
						"0.0": [0, 0, 0],
						"0.0417": [0, 0, 0],
						"0.0833": [0, 0, 0],
						"0.125": [0, 0, 0],
						"0.1667": [0, 0, 0],
						"0.2083": [0, 0, 0],
						"0.25": [0, 0, 0],
						"0.2917": [0, 0, 0],
						"0.3333": [0, 0, 0],
						"0.375": [0, 0, 0],
						"0.4167": [0, 0, 0],
						"0.4583": [0, 0, 0]
					}
				},
				"AllBody": {
					"rotation": [0, 0, 0],
					"position": [0, 0, 0],
					"scale": [1, 1, 1]
				},
				"AllHead": {
					"rotation": {
						"0.0": [0, 0, 0],
						"0.0417": [17.5, 0, 0],
						"0.0833": [0, 0, 0]
					},
					"position": [0, 0, 0]
				},
				"Head": {
					"rotation": {
						"0.0": [0, 0, 0],
						"0.0417": [-30.09, -4.33, 2.5],
						"0.0833": [9.88, -7.24, 1.95],
						"0.125": [26.71, -6.52, 1.68],
						"0.1667": [37.9, -4.87, 1.36],
						"0.2083": [39.33, -3.37, 1.05],
						"0.25": [37.07, -1.63, 0.7],
						"0.2917": [32.7, -0.34, 0.42],
						"0.3333": [20.82, 0.17, 0.24],
						"0.375": [8.52, 0.11, 0.15],
						"0.4167": [2.75, 0.08, 0.06],
						"0.4583": [0, 0, 0]
					}
				},
				"DownBody": {
					"rotation": {
						"0.0": [0, 0, 0],
						"0.0417": [-5.19, 0.03, 0.09],
						"0.0833": [-12.32, 0.06, 0.18],
						"0.125": [-17.5, 0, 0],
						"0.1667": [-19.44, -0.25, -0.79],
						"0.2083": [-19.43, -0.58, -1.85],
						"0.25": [-17.48, -0.75, -2.38],
						"0.2917": [-13.93, -0.65, -2.07],
						"0.3333": [-8.74, -0.42, -1.34],
						"0.375": [-3.55, -0.17, -0.54],
						"0.4167": [0, 0, 0],
						"0.4583": [0, 0, 0]
					}
				}
			}
		},
		"swim_stand": {
			"loop": true,
			"animation_length": 1,
			"bones": {
				"Root": {
					"rotation": [0, 0, 0],
					"scale": [1, 1, 1]
				},
				"UpBody": {
					"rotation": {
						"0.0": [0, 0, 0],
						"0.0417": [-0.14, 0, 0],
						"0.0833": [-0.33, 0, 0],
						"0.125": [-0.57, 0, 0],
						"0.1667": [-0.83, 0, 0],
						"0.2083": [-1.12, 0, 0],
						"0.25": [-1.41, 0, 0],
						"0.2917": [-1.69, 0, 0],
						"0.3333": [-1.94, 0, 0],
						"0.375": [-2.17, 0, 0],
						"0.4167": [-2.34, 0, 0],
						"0.4583": [-2.46, 0, 0],
						"0.5": [-2.5, 0, 0],
						"0.5417": [-2.45, 0, 0],
						"0.5833": [-2.31, 0, 0],
						"0.625": [-2.09, 0, 0],
						"0.6667": [-1.83, 0, 0],
						"0.7083": [-1.53, 0, 0],
						"0.75": [-1.21, 0, 0],
						"0.7917": [-0.9, 0, 0],
						"0.8333": [-0.6, 0, 0],
						"0.875": [-0.35, 0, 0],
						"0.9167": [-0.15, 0, 0],
						"0.9583": [-0.03, 0, 0],
						"1.0": [0, 0, 0]
					},
					"position": [0, 0, 0]
				},
				"LeftArm": {
					"rotation": {
						"0.0": [-10, 0, -45],
						"0.0417": [-8.09, 0, -45],
						"0.0833": [-5.38, 0, -45],
						"0.125": [-2.07, 0, -45],
						"0.1667": [1.67, 0, -45],
						"0.2083": [5.65, 0, -45],
						"0.25": [9.69, 0, -45],
						"0.2917": [13.61, 0, -45],
						"0.3333": [17.22, 0, -45],
						"0.375": [20.35, 0, -45],
						"0.4167": [22.81, 0, -45],
						"0.4583": [24.42, 0, -45],
						"0.5": [25, 0, -45],
						"0.5417": [24.25, 0, -45],
						"0.5833": [22.17, 0, -45],
						"0.625": [19.04, 0, -45],
						"0.6667": [15.16, 0, -45],
						"0.7083": [10.78, 0, -45],
						"0.75": [6.2, 0, -45],
						"0.7917": [1.69, 0, -45],
						"0.8333": [-2.47, 0, -45],
						"0.875": [-5.99, 0, -45],
						"0.9167": [-8.61, 0, -45],
						"0.9583": [-10.04, 0, -45],
						"1.0": [-10, 0, -45]
					},
					"position": [0, 0, 0]
				},
				"LeftForeArm": {
					"rotation": {
						"0.0": [-52.5, 0, 0],
						"0.0417": [-52.67, 0, 0],
						"0.0833": [-53.28, 0, 0],
						"0.125": [-53.46, 0, 0],
						"0.1667": [-52.32, 0, 0],
						"0.2083": [-48.97, 0, 0],
						"0.25": [-44.34, 0, 0],
						"0.2917": [-37.79, 0, 0],
						"0.3333": [-30.15, 0, 0],
						"0.375": [-22.23, 0, 0],
						"0.4167": [-14.85, 0, 0],
						"0.4583": [-8.83, 0, 0],
						"0.5": [-5, 0, 0],
						"0.5417": [-3.15, 0, 0],
						"0.5833": [-3.13, 0, 0],
						"0.625": [-4.6, 0, 0],
						"0.6667": [-7.2, 0, 0],
						"0.7083": [-10.6, 0, 0],
						"0.75": [-14.45, 0, 0],
						"0.7917": [-19.79, 0, 0],
						"0.8333": [-27.12, 0, 0],
						"0.875": [-35.24, 0, 0],
						"0.9167": [-42.97, 0, 0],
						"0.9583": [-49.12, 0, 0],
						"1.0": [-52.5, 0, 0]
					},
					"position": [0, 0, 0]
				},
				"RightArm": {
					"rotation": {
						"0.0": [-10, 0, 45],
						"0.0417": [-8.09, 0, 45],
						"0.0833": [-5.38, 0, 45],
						"0.125": [-2.07, 0, 45],
						"0.1667": [1.67, 0, 45],
						"0.2083": [5.65, 0, 45],
						"0.25": [9.69, 0, 45],
						"0.2917": [13.61, 0, 45],
						"0.3333": [17.22, 0, 45],
						"0.375": [20.35, 0, 45],
						"0.4167": [22.81, 0, 45],
						"0.4583": [24.42, 0, 45],
						"0.5": [25, 0, 45],
						"0.5417": [24.24, 0, 45],
						"0.5833": [22.15, 0, 45],
						"0.625": [19.01, 0, 45],
						"0.6667": [15.1, 0, 45],
						"0.7083": [10.7, 0, 45],
						"0.75": [6.1, 0, 45],
						"0.7917": [1.58, 0, 45],
						"0.8333": [-2.59, 0, 45],
						"0.875": [-6.11, 0, 45],
						"0.9167": [-8.7, 0, 45],
						"0.9583": [-10.1, 0, 45],
						"1.0": [-10, 0, 45]
					},
					"position": [0, 0, 0]
				},
				"RightForeArm": {
					"rotation": {
						"0.0": [-52.5, 0, 0],
						"0.0417": [-52.67, 0, 0],
						"0.0833": [-53.28, 0, 0],
						"0.125": [-53.46, 0, 0],
						"0.1667": [-52.32, 0, 0],
						"0.2083": [-48.97, 0, 0],
						"0.25": [-44.34, 0, 0],
						"0.2917": [-37.79, 0, 0],
						"0.3333": [-30.15, 0, 0],
						"0.375": [-22.23, 0, 0],
						"0.4167": [-14.85, 0, 0],
						"0.4583": [-8.83, 0, 0],
						"0.5": [-5, 0, 0],
						"0.5417": [-3.15, 0, 0],
						"0.5833": [-3.13, 0, 0],
						"0.625": [-4.6, 0, 0],
						"0.6667": [-7.2, 0, 0],
						"0.7083": [-10.6, 0, 0],
						"0.75": [-14.45, 0, 0],
						"0.7917": [-19.79, 0, 0],
						"0.8333": [-27.12, 0, 0],
						"0.875": [-35.24, 0, 0],
						"0.9167": [-42.97, 0, 0],
						"0.9583": [-49.12, 0, 0],
						"1.0": [-52.5, 0, 0]
					},
					"position": [0, 0, 0]
				},
				"LeftLeg": {
					"rotation": {
						"0.0": [-10, 0, 0],
						"0.0417": [-8.69, 0, 0],
						"0.0833": [-6.81, 0, 0],
						"0.125": [-4.67, 0, 0],
						"0.1667": [-2.56, 0, 0],
						"0.2083": [-0.79, 0, 0],
						"0.25": [0.33, 0, 0],
						"0.2917": [1.49, 0, 0],
						"0.3333": [2.61, 0, 0],
						"0.375": [3.6, 0, 0],
						"0.4167": [4.39, 0, 0],
						"0.4583": [4.88, 0, 0],
						"0.5": [5, 0, 0],
						"0.5417": [4.57, 0, 0],
						"0.5833": [3.6, 0, 0],
						"0.625": [2.28, 0, 0],
						"0.6667": [0.77, 0, 0],
						"0.7083": [-0.76, 0, 0],
						"0.75": [-2.14, 0, 0],
						"0.7917": [-3.71, 0, 0],
						"0.8333": [-5.66, 0, 0],
						"0.875": [-7.63, 0, 0],
						"0.9167": [-9.26, 0, 0],
						"0.9583": [-10.17, 0, 0],
						"1.0": [-10, 0, 0]
					},
					"position": {
						"0.0": [0, 0, 0],
						"0.0417": [0, 0, 0],
						"0.0833": [0, 0, 0],
						"0.125": [0, 0, 0],
						"0.1667": [0, 0, 0],
						"0.2083": [0, 0, 0],
						"0.25": [0, 0, 0],
						"0.2917": [0, 0, 0],
						"0.3333": [0, 0, 0],
						"0.375": [0, 0, 0],
						"0.4167": [0, 0, 0],
						"0.4583": [0, 0, 0],
						"0.5": [0, 0, 0],
						"0.5417": [0, 0, 0],
						"0.5833": [0, 0, 0],
						"0.625": [0, 0, 0],
						"0.6667": [0, 0, 0],
						"0.7083": [0, 0, 0],
						"0.75": [0, 0, 0],
						"0.7917": [0, 0, 0],
						"0.8333": [0, 0, 0],
						"0.875": [0, 0, 0],
						"0.9167": [0, 0, 0],
						"0.9583": [0, 0, 0],
						"1.0": [0, 0, 0]
					}
				},
				"LeftLowerLeg": {
					"rotation": {
						"0.0": [10, 0, 0],
						"0.0417": [8.17, 0, 0],
						"0.0833": [5.4, 0, 0],
						"0.125": [2.44, 0, 0],
						"0.1667": [0.02, 0, 0],
						"0.2083": [-1.12, 0, 0],
						"0.25": [-0.91, 0, 0],
						"0.2917": [-0.04, 0, 0],
						"0.3333": [1.29, 0, 0],
						"0.375": [2.9, 0, 0],
						"0.4167": [4.6, 0, 0],
						"0.4583": [6.19, 0, 0],
						"0.5": [7.5, 0, 0],
						"0.5417": [8.87, 0, 0],
						"0.5833": [10.31, 0, 0],
						"0.625": [11.7, 0, 0],
						"0.6667": [12.92, 0, 0],
						"0.7083": [13.82, 0, 0],
						"0.75": [14.29, 0, 0],
						"0.7917": [14.17, 0, 0],
						"0.8333": [13.52, 0, 0],
						"0.875": [12.57, 0, 0],
						"0.9167": [11.52, 0, 0],
						"0.9583": [10.59, 0, 0],
						"1.0": [10, 0, 0]
					},
					"position": {
						"0.0": [0, 0, 0],
						"0.0417": [0, 0, 0],
						"0.0833": [0, 0, 0],
						"0.125": [0, 0, 0],
						"0.1667": [0, 0, 0],
						"0.2083": [0, 0, 0],
						"0.25": [0, 0, 0],
						"0.2917": [0, 0, 0],
						"0.3333": [0, 0, 0],
						"0.375": [0, 0, 0],
						"0.4167": [0, 0, 0],
						"0.4583": [0, 0, 0],
						"0.5": [0, 0, 0],
						"0.5417": [0, 0, 0],
						"0.5833": [0, 0, 0],
						"0.625": [0, 0, 0],
						"0.6667": [0, 0, 0],
						"0.7083": [0, 0, 0],
						"0.75": [0, 0, 0],
						"0.7917": [0, 0, 0],
						"0.8333": [0, 0, 0],
						"0.875": [0, 0, 0],
						"0.9167": [0, 0, 0],
						"0.9583": [0, 0, 0],
						"1.0": [0, 0, 0]
					}
				},
				"LeftFoot": {
					"rotation": {
						"0.0": [30, 0, 0],
						"0.0417": [29.31, 0, 0],
						"0.0833": [28.34, 0, 0],
						"0.125": [27.14, 0, 0],
						"0.1667": [25.79, 0, 0],
						"0.2083": [24.35, 0, 0],
						"0.25": [22.89, 0, 0],
						"0.2917": [21.48, 0, 0],
						"0.3333": [20.18, 0, 0],
						"0.375": [19.07, 0, 0],
						"0.4167": [18.21, 0, 0],
						"0.4583": [17.66, 0, 0],
						"0.5": [17.5, 0, 0],
						"0.5417": [18.22, 0, 0],
						"0.5833": [19.97, 0, 0],
						"0.625": [22.37, 0, 0],
						"0.6667": [25.06, 0, 0],
						"0.7083": [27.69, 0, 0],
						"0.75": [29.89, 0, 0],
						"0.7917": [31.3, 0, 0],
						"0.8333": [31.99, 0, 0],
						"0.875": [31.81, 0, 0],
						"0.9167": [31.15, 0, 0],
						"0.9583": [30.42, 0, 0],
						"1.0": [30, 0, 0]
					},
					"position": {
						"0.0": [0, 0, 0],
						"0.0417": [0, 0, 0],
						"0.0833": [0, 0, 0],
						"0.125": [0, 0, 0],
						"0.1667": [0, 0, 0],
						"0.2083": [0, 0, 0],
						"0.25": [0, 0, 0],
						"0.2917": [0, 0, 0],
						"0.3333": [0, 0, 0],
						"0.375": [0, 0, 0],
						"0.4167": [0, 0, 0],
						"0.4583": [0, 0, 0],
						"0.5": [0, 0, 0],
						"0.5417": [0, 0, 0],
						"0.5833": [0, 0, 0],
						"0.625": [0, 0, 0],
						"0.6667": [0, 0, 0],
						"0.7083": [0, 0, 0],
						"0.75": [0, 0, 0],
						"0.7917": [0, 0, 0],
						"0.8333": [0, 0, 0],
						"0.875": [0, 0, 0],
						"0.9167": [0, 0, 0],
						"0.9583": [0, 0, 0],
						"1.0": [0, 0, 0]
					}
				},
				"RightLeg": {
					"rotation": {
						"0.0": [5, 0, 0],
						"0.0417": [4.23, 0, 0],
						"0.0833": [3.18, 0, 0],
						"0.125": [1.92, 0, 0],
						"0.1667": [0.56, 0, 0],
						"0.2083": [-0.83, 0, 0],
						"0.25": [-2.14, 0, 0],
						"0.2917": [-3.61, 0, 0],
						"0.3333": [-5.34, 0, 0],
						"0.375": [-7.09, 0, 0],
						"0.4167": [-8.62, 0, 0],
						"0.4583": [-9.67, 0, 0],
						"0.5": [-10, 0, 0],
						"0.5417": [-9.2, 0, 0],
						"0.5833": [-7.38, 0, 0],
						"0.625": [-5.05, 0, 0],
						"0.6667": [-2.68, 0, 0],
						"0.7083": [-0.79, 0, 0],
						"0.75": [0.4, 0, 0],
						"0.7917": [1.72, 0, 0],
						"0.8333": [3.02, 0, 0],
						"0.875": [4.16, 0, 0],
						"0.9167": [4.96, 0, 0],
						"0.9583": [5.3, 0, 0],
						"1.0": [5, 0, 0]
					},
					"position": {
						"0.0": [0, 0, 0],
						"0.0417": [0, 0, 0],
						"0.0833": [0, 0, 0],
						"0.125": [0, 0, 0],
						"0.1667": [0, 0, 0],
						"0.2083": [0, 0, 0],
						"0.25": [0, 0, 0],
						"0.2917": [0, 0, 0],
						"0.3333": [0, 0, 0],
						"0.375": [0, 0, 0],
						"0.4167": [0, 0, 0],
						"0.4583": [0, 0, 0],
						"0.5": [0, 0, 0],
						"0.5417": [0, 0, 0],
						"0.5833": [0, 0, 0],
						"0.625": [0, 0, 0],
						"0.6667": [0, 0, 0],
						"0.7083": [0, 0, 0],
						"0.75": [0, 0, 0],
						"0.7917": [0, 0, 0],
						"0.8333": [0, 0, 0],
						"0.875": [0, 0, 0],
						"0.9167": [0, 0, 0],
						"0.9583": [0, 0, 0],
						"1.0": [0, 0, 0]
					}
				},
				"RightLowerLeg": {
					"rotation": {
						"0.0": [7.5, 0, 0],
						"0.0417": [8.37, 0, 0],
						"0.0833": [9.67, 0, 0],
						"0.125": [11.16, 0, 0],
						"0.1667": [12.6, 0, 0],
						"0.2083": [13.72, 0, 0],
						"0.25": [14.29, 0, 0],
						"0.2917": [14.3, 0, 0],
						"0.3333": [13.93, 0, 0],
						"0.375": [13.26, 0, 0],
						"0.4167": [12.35, 0, 0],
						"0.4583": [11.24, 0, 0],
						"0.5": [10, 0, 0],
						"0.5417": [7.9, 0, 0],
						"0.5833": [5.1, 0, 0],
						"0.625": [2.23, 0, 0],
						"0.6667": [-0.05, 0, 0],
						"0.7083": [-1.12, 0, 0],
						"0.75": [-0.85, 0, 0],
						"0.7917": [0.16, 0, 0],
						"0.8333": [1.65, 0, 0],
						"0.875": [3.37, 0, 0],
						"0.9167": [5.09, 0, 0],
						"0.9583": [6.55, 0, 0],
						"1.0": [7.5, 0, 0]
					},
					"position": {
						"0.0": [0, 0, 0],
						"0.0417": [0, 0, 0],
						"0.0833": [0, 0, 0],
						"0.125": [0, 0, 0],
						"0.1667": [0, 0, 0],
						"0.2083": [0, 0, 0],
						"0.25": [0, 0, 0],
						"0.2917": [0, 0, 0],
						"0.3333": [0, 0, 0],
						"0.375": [0, 0, 0],
						"0.4167": [0, 0, 0],
						"0.4583": [0, 0, 0],
						"0.5": [0, 0, 0],
						"0.5417": [0, 0, 0],
						"0.5833": [0, 0, 0],
						"0.625": [0, 0, 0],
						"0.6667": [0, 0, 0],
						"0.7083": [0, 0, 0],
						"0.75": [0, 0, 0],
						"0.7917": [0, 0, 0],
						"0.8333": [0, 0, 0],
						"0.875": [0, 0, 0],
						"0.9167": [0, 0, 0],
						"0.9583": [0, 0, 0],
						"1.0": [0, 0, 0]
					}
				},
				"RightFoot": {
					"rotation": {
						"0.0": [17.5, 0, 0],
						"0.0417": [18.88, 0, 0],
						"0.0833": [20.88, 0, 0],
						"0.125": [23.24, 0, 0],
						"0.1667": [25.72, 0, 0],
						"0.2083": [28.05, 0, 0],
						"0.25": [30, 0, 0],
						"0.2917": [31.3, 0, 0],
						"0.3333": [32.19, 0, 0],
						"0.375": [32.4, 0, 0],
						"0.4167": [32.05, 0, 0],
						"0.4583": [31.22, 0, 0],
						"0.5": [30, 0, 0],
						"0.5417": [29.31, 0, 0],
						"0.5833": [28.42, 0, 0],
						"0.625": [27.37, 0, 0],
						"0.6667": [26.2, 0, 0],
						"0.7083": [24.95, 0, 0],
						"0.75": [23.67, 0, 0],
						"0.7917": [22.39, 0, 0],
						"0.8333": [21.16, 0, 0],
						"0.875": [20.01, 0, 0],
						"0.9167": [18.99, 0, 0],
						"0.9583": [18.14, 0, 0],
						"1.0": [17.5, 0, 0]
					},
					"position": {
						"0.0": [0, 0, 0],
						"0.0417": [0, 0, 0],
						"0.0833": [0, 0, 0],
						"0.125": [0, 0, 0],
						"0.1667": [0, 0, 0],
						"0.2083": [0, 0, 0],
						"0.25": [0, 0, 0],
						"0.2917": [0, 0, 0],
						"0.3333": [0, 0, 0],
						"0.375": [0, 0, 0],
						"0.4167": [0, 0, 0],
						"0.4583": [0, 0, 0],
						"0.5": [0, 0, 0],
						"0.5417": [0, 0, 0],
						"0.5833": [0, 0, 0],
						"0.625": [0, 0, 0],
						"0.6667": [0, 0, 0],
						"0.7083": [0, 0, 0],
						"0.75": [0, 0, 0],
						"0.7917": [0, 0, 0],
						"0.8333": [0, 0, 0],
						"0.875": [0, 0, 0],
						"0.9167": [0, 0, 0],
						"0.9583": [0, 0, 0],
						"1.0": [0, 0, 0]
					}
				},
				"AllBody": {
					"rotation": [0, 0, 0],
					"position": [0, 0, 0],
					"scale": [1, 1, 1]
				},
				"AllHead": {
					"rotation": [0, 0, 0],
					"position": [0, 0, 0]
				},
				"Head": {
					"rotation": {
						"0.0": [0, 0, 0],
						"0.0417": [0.14, 0, 0],
						"0.0833": [0.33, 0, 0],
						"0.125": [0.57, 0, 0],
						"0.1667": [0.83, 0, 0],
						"0.2083": [1.12, 0, 0],
						"0.25": [1.41, 0, 0],
						"0.2917": [1.69, 0, 0],
						"0.3333": [1.94, 0, 0],
						"0.375": [2.17, 0, 0],
						"0.4167": [2.34, 0, 0],
						"0.4583": [2.46, 0, 0],
						"0.5": [2.5, 0, 0],
						"0.5417": [2.46, 0, 0],
						"0.5833": [2.34, 0, 0],
						"0.625": [2.17, 0, 0],
						"0.6667": [1.94, 0, 0],
						"0.7083": [1.69, 0, 0],
						"0.75": [1.41, 0, 0],
						"0.7917": [1.12, 0, 0],
						"0.8333": [0.83, 0, 0],
						"0.875": [0.57, 0, 0],
						"0.9167": [0.33, 0, 0],
						"0.9583": [0.14, 0, 0],
						"1.0": [0, 0, 0]
					},
					"position": [0, 0, 0]
				}
			}
		},
		"parallel0": {
			"loop": true,
			"animation_length": 0.375,
			"bones": {
				"RightEyebrow": {
					"position": [0, "ysm.is_close_eyes ? -1 : 0", 0]
				},
				"LeftEyebrow": {
					"position": [0, "ysm.is_close_eyes ? -1 : 0", 0]
				},
				"Eyelid": {
					"scale": ["ysm.is_close_eyes ? 0 : 1", "ysm.is_close_eyes ? 0 : 1", "ysm.is_close_eyes ? 0 : 1"]
				}
			}
		},
		"parallel1": {
			"loop": true,
			"bones": {
				"LeftEyesBase": {
					"position": ["ysm.head_yaw/180", "ysm.head_pitch/360", 0]
				},
				"RightEyesBase": {
					"position": ["ysm.head_yaw/180", "ysm.head_pitch/360", 0]
				}
			}
		},
		"parallel2": {
			"loop": true,
			"bones": {
				"Miru": {
					"scale": "v.kanohi==2? 1:0"
				},
				"Kakama": {
					"scale": "v.kanohi==3? 1:0"
				},
				"Pakari": {
					"scale": "v.kanohi==4? 1:0"
				},
				"Akaku": {
					"scale": "v.kanohi==5? 1:0"
				},
				"Kaukau": {
					"scale": "v.kanohi==0? 1:0"
				},
				"Hau": {
					"scale": "v.kanohi==1? 1:0"
				}
			}
		},
		"parallel3": {
			"loop": true
		},
		"parallel4": {
			"loop": true
		},
		"parallel5": {
			"loop": true
		},
		"parallel6": {
			"loop": true
		},
		"parallel7": {
			"loop": true
		},
		"pre_parallel1": {
			"loop": true,
			"animation_length": 4,
			"bones": {
				"RightEyebrow": {
					"position": {
						"0.0": {
							"post": [0, 0, 0],
							"lerp_mode": "catmullrom"
						},
						"0.0833": {
							"post": [0, -1.5, 0],
							"lerp_mode": "catmullrom"
						},
						"0.2083": {
							"post": [0, -1.5, 0],
							"lerp_mode": "catmullrom"
						},
						"0.2917": {
							"post": [0, 0, 0],
							"lerp_mode": "catmullrom"
						}
					}
				},
				"LeftEyebrow": {
					"position": {
						"0.0": {
							"post": [0, 0, 0],
							"lerp_mode": "catmullrom"
						},
						"0.0833": {
							"post": [0, -1.5, 0],
							"lerp_mode": "catmullrom"
						},
						"0.2083": {
							"post": [0, -1.5, 0],
							"lerp_mode": "catmullrom"
						},
						"0.2917": {
							"post": [0, 0, 0],
							"lerp_mode": "catmullrom"
						}
					}
				},
				"ysmGlowRightEyelid": {
					"scale": {
						"0.0": {
							"post": [1, 1, 1],
							"lerp_mode": "catmullrom"
						},
						"0.0833": {
							"post": [1, 0, 1],
							"lerp_mode": "catmullrom"
						},
						"0.2083": {
							"post": [1, 0, 1],
							"lerp_mode": "catmullrom"
						},
						"0.2917": {
							"post": [1, 1, 1],
							"lerp_mode": "catmullrom"
						}
					}
				},
				"ysmGlowLeftEyelid": {
					"scale": {
						"0.0": {
							"post": [1, 1, 1],
							"lerp_mode": "catmullrom"
						},
						"0.0833": {
							"post": [1, 0, 1],
							"lerp_mode": "catmullrom"
						},
						"0.2083": {
							"post": [1, 0, 1],
							"lerp_mode": "catmullrom"
						},
						"0.2917": {
							"post": [1, 1, 1],
							"lerp_mode": "catmullrom"
						}
					}
				}
			}
		},
		"pre_parallel2": {
			"loop": true,
			"animation_length": 4,
			"bones": {
				"GearJoint1": {
					"rotation": {
						"0.0": [0, 0, 0],
						"4.0": [0, 0, -360]
					}
				},
				"GearJoint2": {
					"rotation": {
						"0.0": [0, 0, 0],
						"4.0": [-360, 0, 0]
					}
				},
				"GearJoint3": {
					"rotation": {
						"0.0": [0, 0, 0],
						"4.0": [360, 0, 0]
					}
				}
			}
		},
		"hold_mainhand$bionicle_qfn:water_hooks": {
			"loop": true,
			"animation_length": 4
		},
		"hold_offhand$bionicle_qfn:water_hooks": {
			"loop": true,
			"animation_length": 4
		},
		"swing$bionicle_qfn:water_hooks": {
			"animation_length": 0.5333,
			"bones": {
				"MUpperBody": {
					"rotation": {
						"0.0": {
							"post": [0, 0, 0],
							"lerp_mode": "catmullrom"
						},
						"0.0667": {
							"post": [7.99886, -14.89996, 0],
							"lerp_mode": "catmullrom"
						},
						"0.1111": {
							"post": [46.6653, -33.92288, -24.88479],
							"lerp_mode": "catmullrom"
						},
						"0.1778": [49.32696, -37.27086, -29.45391],
						"0.5333": {
							"pre": [0, 0, 0],
							"post": [0, 0, 0],
							"lerp_mode": "catmullrom"
						}
					}
				},
				"AllHead": {
					"rotation": {
						"0.0": [0, 0, 0],
						"0.5333": [0, 0, 0]
					},
					"position": {
						"0.0": [0, 0, 0],
						"0.5333": [0, 0, 0]
					}
				},
				"Head": {
					"rotation": {
						"0.0": [0, 0, 0],
						"0.1111": [-32.04196, 19.68842, -10.46462],
						"0.5333": [0, 0, 0]
					},
					"position": {
						"0.0": [0, 0, 0],
						"0.5333": [0, 0, 0]
					}
				},
				"RightArm": {
					"rotation": {
						"0.0": [25, 0, 10],
						"0.0444": {
							"pre": [-10.18, 9.01, 53.74],
							"post": [-10.18, 9.01, 53.74],
							"lerp_mode": "catmullrom"
						},
						"0.0667": {
							"post": [-43.30616, 8.28054, 66.05262],
							"lerp_mode": "catmullrom"
						},
						"0.1111": {
							"post": [-81.04982, -34.62642, 78.10524],
							"lerp_mode": "catmullrom"
						},
						"0.5333": [25, 0, 10]
					},
					"position": {
						"0.0": [0, 0, 0],
						"0.5333": [0, 0, 0]
					}
				},
				"RightForeArm": {
					"rotation": {
						"0.0": [-45, 0, 0],
						"0.0667": {
							"pre": [-3.68, 0, 0],
							"post": [-3.68, 0, 0],
							"lerp_mode": "catmullrom"
						},
						"0.1111": {
							"post": [-38.32, 0, 0],
							"lerp_mode": "catmullrom"
						},
						"0.5333": [-45, 0, 0]
					},
					"position": {
						"0.0": [0, 0, 0],
						"0.5333": [0, 0, 0]
					}
				},
				"RightHand": {
					"rotation": {
						"0.0": [45, 0, 0],
						"0.0444": [-44.13008, -6.97926, -187.12622],
						"0.3333": [-44.13008, -6.97926, -187.12622],
						"0.5333": [45, 0, 0]
					}
				}
			}
		}
	}
}