{
	"format_version": "1.12.0",
	"minecraft:geometry": [
		{
			"description": {
				"identifier": "geometry.unknown",
				"texture_width": 16,
				"texture_height": 16,
				"visible_bounds_width": 2,
				"visible_bounds_height": 3.5,
				"visible_bounds_offset": [0, 1.25, 0]
			},
			"bones": [
				{
					"name": "root",
					"pivot": [0.51344, 15, 0]
				},
				{
					"name": "MAllBody",
					"parent": "root",
					"pivot": [0.51344, 26.5, 0]
				},
				{
					"name": "AllBody",
					"parent": "MAllBody",
					"pivot": [0.51344, 26.5, 0],
					"cubes": [
						{
							"origin": [-3, 25, -2],
							"size": [6, 6, 8],
							"uv": {
								"north": {"uv": [2.5, 2.5], "uv_size": [1.75, 1.75]},
								"east": {"uv": [0, 2.5], "uv_size": [2.5, 1.75]},
								"south": {"uv": [6.75, 2.5], "uv_size": [1.75, 1.75]},
								"west": {"uv": [4.25, 2.5], "uv_size": [2.5, 1.75]},
								"up": {"uv": [2.5, 0], "uv_size": [1.75, 2.5]},
								"down": {"uv": [4.25, 2.5], "uv_size": [1.75, -2.5]}
							}
						}
					]
				},
				{
					"name": "wing",
					"parent": "AllBody",
					"pivot": [1.51344, 31, 2.5]
				},
				{
					"name": "LeftWing",
					"parent": "wing",
					"pivot": [0.76344, 31, 2.4],
					"cubes": [
						{
							"origin": [0.01344, 31, -4.35],
							"size": [7, 0, 6],
							"pivot": [0.76344, 31, 1.4],
							"rotation": [0, -90, 0],
							"uv": {
								"north": {"uv": [0, 6], "uv_size": [2, 2]},
								"east": {"uv": [0, 6], "uv_size": [2, 2]},
								"south": {"uv": [0, 6], "uv_size": [2, 2]},
								"west": {"uv": [0, 6], "uv_size": [2, 2]},
								"up": {"uv": [3.75, 6], "uv_size": [-1.75, -1.5]},
								"down": {"uv": [2, 8], "uv_size": [-2, -2]}
							}
						}
					]
				},
				{
					"name": "RightWing",
					"parent": "wing",
					"pivot": [-0.81156, 31, 2.325],
					"cubes": [
						{
							"origin": [-7.1332, 31, -4.37687],
							"size": [7, 0, 6],
							"pivot": [-0.81156, 31, 1.325],
							"rotation": [0, 90, 0],
							"uv": {
								"north": {"uv": [0, 6], "uv_size": [2, 2]},
								"east": {"uv": [0, 6], "uv_size": [2, 2]},
								"south": {"uv": [0, 6], "uv_size": [2, 2]},
								"west": {"uv": [0, 6], "uv_size": [2, 2]},
								"up": {"uv": [5.5, 7.5], "uv_size": [-1.75, -1.5]},
								"down": {"uv": [2, 8], "uv_size": [-2, -2]}
							}
						}
					]
				},
				{
					"name": "chujiao",
					"parent": "AllBody",
					"pivot": [1.30323, 28.3, -2.09191],
					"cubes": [
						{
							"origin": [0.45323, 29.3, -2.09191],
							"size": [3, 3, 0],
							"pivot": [1.30323, 28.3, -2.09191],
							"rotation": [0, 90, 0],
							"uv": {
								"north": {"uv": [0.25, 0.375], "uv_size": [1, 0.875]},
								"east": {"uv": [0, 6], "uv_size": [2, 2]},
								"south": {"uv": [0, 6], "uv_size": [2, 2]},
								"west": {"uv": [0, 6], "uv_size": [2, 2]},
								"up": {"uv": [2, 8], "uv_size": [-2, -2]},
								"down": {"uv": [2, 8], "uv_size": [-2, -2]}
							}
						},
						{
							"origin": [-3.45323, 29.3, -2.09191],
							"size": [3, 3, 0],
							"pivot": [-1.30323, 28.3, -2.09191],
							"rotation": [0, -90, 0],
							"uv": {
								"north": {"uv": [1.25, 0.375], "uv_size": [-1, 0.875]},
								"east": {"uv": [2, 6], "uv_size": [-2, 2]},
								"south": {"uv": [2, 6], "uv_size": [-2, 2]},
								"west": {"uv": [2, 6], "uv_size": [-2, 2]},
								"up": {"uv": [0, 8], "uv_size": [2, -2]},
								"down": {"uv": [0, 8], "uv_size": [2, -2]}
							}
						}
					]
				},
				{
					"name": "Leg",
					"parent": "AllBody",
					"pivot": [0.51344, 25.1, -0.95],
					"cubes": [
						{
							"origin": [-1.73656, 23.16042, 3.05657],
							"size": [1, 2, 0],
							"pivot": [-1.23656, 25.27644, 3.12356],
							"rotation": [30, 0, 0],
							"uv": {
								"north": {"uv": [7, 0.25], "uv_size": [0.25, 0.5]},
								"east": {"uv": [6.5, 4.75], "uv_size": [2, 2]},
								"south": {"uv": [6.5, 4.75], "uv_size": [2, 2]},
								"west": {"uv": [6.5, 4.75], "uv_size": [2, 2]},
								"up": {"uv": [8.5, 6.75], "uv_size": [-2, -2]},
								"down": {"uv": [8.5, 6.75], "uv_size": [-2, -2]}
							}
						},
						{
							"origin": [-1.73656, 23.16042, 1.55657],
							"size": [1, 2, 0],
							"pivot": [-1.23656, 25.27644, 1.62356],
							"rotation": [30, 0, 0],
							"uv": {
								"north": {"uv": [7, 0.25], "uv_size": [0.25, 0.5]},
								"east": {"uv": [6.5, 4.75], "uv_size": [2, 2]},
								"south": {"uv": [6.5, 4.75], "uv_size": [2, 2]},
								"west": {"uv": [6.5, 4.75], "uv_size": [2, 2]},
								"up": {"uv": [8.5, 6.75], "uv_size": [-2, -2]},
								"down": {"uv": [8.5, 6.75], "uv_size": [-2, -2]}
							}
						},
						{
							"origin": [-1.73656, 23.16042, 0.05657],
							"size": [1, 2, 0],
							"pivot": [-1.23656, 25.27644, 0.12356],
							"rotation": [30, 0, 0],
							"uv": {
								"north": {"uv": [7, 0.25], "uv_size": [0.25, 0.5]},
								"east": {"uv": [6.5, 4.75], "uv_size": [2, 2]},
								"south": {"uv": [6.5, 4.75], "uv_size": [2, 2]},
								"west": {"uv": [6.5, 4.75], "uv_size": [2, 2]},
								"up": {"uv": [8.5, 6.75], "uv_size": [-2, -2]},
								"down": {"uv": [8.5, 6.75], "uv_size": [-2, -2]}
							}
						},
						{
							"origin": [0.76344, 23.16042, 1.55657],
							"size": [1, 2, 0],
							"pivot": [1.26344, 25.27644, 1.62356],
							"rotation": [30, 0, 0],
							"uv": {
								"north": {"uv": [7, 0.25], "uv_size": [0.25, 0.5]},
								"east": {"uv": [6.5, 4.75], "uv_size": [2, 2]},
								"south": {"uv": [6.5, 4.75], "uv_size": [2, 2]},
								"west": {"uv": [6.5, 4.75], "uv_size": [2, 2]},
								"up": {"uv": [8.5, 6.75], "uv_size": [-2, -2]},
								"down": {"uv": [8.5, 6.75], "uv_size": [-2, -2]}
							}
						},
						{
							"origin": [0.76344, 23.16042, 3.05657],
							"size": [1, 2, 0],
							"pivot": [1.26344, 25.27644, 3.12356],
							"rotation": [30, 0, 0],
							"uv": {
								"north": {"uv": [7, 0.25], "uv_size": [0.25, 0.5]},
								"east": {"uv": [6.5, 4.75], "uv_size": [2, 2]},
								"south": {"uv": [6.5, 4.75], "uv_size": [2, 2]},
								"west": {"uv": [6.5, 4.75], "uv_size": [2, 2]},
								"up": {"uv": [8.5, 6.75], "uv_size": [-2, -2]},
								"down": {"uv": [8.5, 6.75], "uv_size": [-2, -2]}
							}
						},
						{
							"origin": [0.76344, 23.16042, 0.05657],
							"size": [1, 2, 0],
							"pivot": [1.26344, 25.27644, 0.12356],
							"rotation": [30, 0, 0],
							"uv": {
								"north": {"uv": [7, 0.25], "uv_size": [0.25, 0.5]},
								"east": {"uv": [6.5, 4.75], "uv_size": [2, 2]},
								"south": {"uv": [6.5, 4.75], "uv_size": [2, 2]},
								"west": {"uv": [6.5, 4.75], "uv_size": [2, 2]},
								"up": {"uv": [8.5, 6.75], "uv_size": [-2, -2]},
								"down": {"uv": [8.5, 6.75], "uv_size": [-2, -2]}
							}
						}
					]
				},
				{
					"name": "wb",
					"parent": "AllBody",
					"pivot": [0.01344, 28, 6],
					"cubes": [
						{
							"origin": [-0.73656, 27.25, 7],
							"size": [1, 2, 0],
							"pivot": [0.01344, 28.25, 7],
							"rotation": [90, 0, -90],
							"uv": {
								"north": {"uv": [6.5, 2], "uv_size": [0.25, 0.5]},
								"east": {"uv": [6.5, 2], "uv_size": [0.25, 0.5]},
								"south": {"uv": [6.5, 2], "uv_size": [0.25, 0.5]},
								"west": {"uv": [6.5, 2], "uv_size": [0.25, 0.5]},
								"up": {"uv": [6.75, 2.5], "uv_size": [-0.25, -0.5]},
								"down": {"uv": [6.75, 2.5], "uv_size": [-0.25, -0.5]}
							}
						}
					]
				},
				{
					"name": "LeftHand",
					"parent": "AllBody",
					"pivot": [0.51344, 25, -2]
				},
				{
					"name": "LeftHandLocator",
					"parent": "LeftHand",
					"pivot": [0.51344, 25, -2]
				},
				{
					"name": "RightHand",
					"parent": "AllBody",
					"pivot": [0.51344, 25, -2]
				},
				{
					"name": "RightHandLocator",
					"parent": "RightHand",
					"pivot": [0.51344, 25, -2]
				},
				{
					"name": "AllBody2",
					"parent": "MAllBody",
					"pivot": [0.51344, 26.5, 0],
					"cubes": [
						{
							"origin": [-3, 25, -2],
							"size": [6, 6, 8],
							"uv": {
								"north": {"uv": [2.5, 10.25], "uv_size": [1.75, 1.75]},
								"east": {"uv": [0, 10.25], "uv_size": [2.5, 1.75]},
								"south": {"uv": [6.75, 10.25], "uv_size": [1.75, 1.75]},
								"west": {"uv": [4.25, 10.25], "uv_size": [2.5, 1.75]},
								"up": {"uv": [2.5, 7.75], "uv_size": [1.75, 2.5]},
								"down": {"uv": [4.25, 10.25], "uv_size": [1.75, -2.5]}
							}
						}
					]
				},
				{
					"name": "wing2",
					"parent": "AllBody2",
					"pivot": [1.51344, 31, 2.5]
				},
				{
					"name": "LeftWing2",
					"parent": "wing2",
					"pivot": [0.76344, 31, 2.4],
					"cubes": [
						{
							"origin": [0.01344, 31, -4.35],
							"size": [7, 0, 6],
							"pivot": [0.76344, 31, 1.4],
							"rotation": [0, -90, 0],
							"uv": {
								"north": {"uv": [0, 13.75], "uv_size": [2, 2]},
								"east": {"uv": [0, 13.75], "uv_size": [2, 2]},
								"south": {"uv": [0, 13.75], "uv_size": [2, 2]},
								"west": {"uv": [0, 13.75], "uv_size": [2, 2]},
								"up": {"uv": [3.75, 13.75], "uv_size": [-1.75, -1.5]},
								"down": {"uv": [2, 15.75], "uv_size": [-2, -2]}
							}
						}
					]
				},
				{
					"name": "RightWing2",
					"parent": "wing2",
					"pivot": [-0.81156, 31, 2.325],
					"cubes": [
						{
							"origin": [-7.1332, 31, -4.37687],
							"size": [7, 0, 6],
							"pivot": [-0.81156, 31, 1.325],
							"rotation": [0, 90, 0],
							"uv": {
								"north": {"uv": [0, 13.75], "uv_size": [2, 2]},
								"east": {"uv": [0, 13.75], "uv_size": [2, 2]},
								"south": {"uv": [0, 13.75], "uv_size": [2, 2]},
								"west": {"uv": [0, 13.75], "uv_size": [2, 2]},
								"up": {"uv": [5.5, 15.25], "uv_size": [-1.75, -1.5]},
								"down": {"uv": [2, 15.75], "uv_size": [-2, -2]}
							}
						}
					]
				},
				{
					"name": "chujiao2",
					"parent": "AllBody2",
					"pivot": [1.30323, 28.3, -2.09191],
					"cubes": [
						{
							"origin": [0.45323, 29.3, -2.09191],
							"size": [3, 3, 0],
							"pivot": [1.30323, 28.3, -2.09191],
							"rotation": [0, 90, 0],
							"uv": {
								"north": {"uv": [0.25, 8.125], "uv_size": [1, 0.875]},
								"east": {"uv": [0, 13.75], "uv_size": [2, 2]},
								"south": {"uv": [0, 13.75], "uv_size": [2, 2]},
								"west": {"uv": [0, 13.75], "uv_size": [2, 2]},
								"up": {"uv": [2, 15.75], "uv_size": [-2, -2]},
								"down": {"uv": [2, 15.75], "uv_size": [-2, -2]}
							}
						},
						{
							"origin": [-3.45323, 29.3, -2.09191],
							"size": [3, 3, 0],
							"pivot": [-1.30323, 28.3, -2.09191],
							"rotation": [0, -90, 0],
							"uv": {
								"north": {"uv": [1.25, 8.125], "uv_size": [-1, 0.875]},
								"east": {"uv": [2, 13.75], "uv_size": [-2, 2]},
								"south": {"uv": [2, 13.75], "uv_size": [-2, 2]},
								"west": {"uv": [2, 13.75], "uv_size": [-2, 2]},
								"up": {"uv": [0, 15.75], "uv_size": [2, -2]},
								"down": {"uv": [0, 15.75], "uv_size": [2, -2]}
							}
						}
					]
				},
				{
					"name": "Leg2",
					"parent": "AllBody2",
					"pivot": [0.51344, 25.1, -0.95],
					"cubes": [
						{
							"origin": [-1.73656, 23.16042, 3.05657],
							"size": [1, 2, 0],
							"pivot": [-1.23656, 25.27644, 3.12356],
							"rotation": [30, 0, 0],
							"uv": {
								"north": {"uv": [7, 8], "uv_size": [0.25, 0.5]},
								"east": {"uv": [6.5, 12.5], "uv_size": [2, 2]},
								"south": {"uv": [6.5, 12.5], "uv_size": [2, 2]},
								"west": {"uv": [6.5, 12.5], "uv_size": [2, 2]},
								"up": {"uv": [8.5, 14.5], "uv_size": [-2, -2]},
								"down": {"uv": [8.5, 14.5], "uv_size": [-2, -2]}
							}
						},
						{
							"origin": [-1.73656, 23.16042, 1.55657],
							"size": [1, 2, 0],
							"pivot": [-1.23656, 25.27644, 1.62356],
							"rotation": [30, 0, 0],
							"uv": {
								"north": {"uv": [7, 8], "uv_size": [0.25, 0.5]},
								"east": {"uv": [6.5, 12.5], "uv_size": [2, 2]},
								"south": {"uv": [6.5, 12.5], "uv_size": [2, 2]},
								"west": {"uv": [6.5, 12.5], "uv_size": [2, 2]},
								"up": {"uv": [8.5, 14.5], "uv_size": [-2, -2]},
								"down": {"uv": [8.5, 14.5], "uv_size": [-2, -2]}
							}
						},
						{
							"origin": [-1.73656, 23.16042, 0.05657],
							"size": [1, 2, 0],
							"pivot": [-1.23656, 25.27644, 0.12356],
							"rotation": [30, 0, 0],
							"uv": {
								"north": {"uv": [7, 8], "uv_size": [0.25, 0.5]},
								"east": {"uv": [6.5, 12.5], "uv_size": [2, 2]},
								"south": {"uv": [6.5, 12.5], "uv_size": [2, 2]},
								"west": {"uv": [6.5, 12.5], "uv_size": [2, 2]},
								"up": {"uv": [8.5, 14.5], "uv_size": [-2, -2]},
								"down": {"uv": [8.5, 14.5], "uv_size": [-2, -2]}
							}
						},
						{
							"origin": [0.76344, 23.16042, 1.55657],
							"size": [1, 2, 0],
							"pivot": [1.26344, 25.27644, 1.62356],
							"rotation": [30, 0, 0],
							"uv": {
								"north": {"uv": [7, 8], "uv_size": [0.25, 0.5]},
								"east": {"uv": [6.5, 12.5], "uv_size": [2, 2]},
								"south": {"uv": [6.5, 12.5], "uv_size": [2, 2]},
								"west": {"uv": [6.5, 12.5], "uv_size": [2, 2]},
								"up": {"uv": [8.5, 14.5], "uv_size": [-2, -2]},
								"down": {"uv": [8.5, 14.5], "uv_size": [-2, -2]}
							}
						},
						{
							"origin": [0.76344, 23.16042, 3.05657],
							"size": [1, 2, 0],
							"pivot": [1.26344, 25.27644, 3.12356],
							"rotation": [30, 0, 0],
							"uv": {
								"north": {"uv": [7, 8], "uv_size": [0.25, 0.5]},
								"east": {"uv": [6.5, 12.5], "uv_size": [2, 2]},
								"south": {"uv": [6.5, 12.5], "uv_size": [2, 2]},
								"west": {"uv": [6.5, 12.5], "uv_size": [2, 2]},
								"up": {"uv": [8.5, 14.5], "uv_size": [-2, -2]},
								"down": {"uv": [8.5, 14.5], "uv_size": [-2, -2]}
							}
						},
						{
							"origin": [0.76344, 23.16042, 0.05657],
							"size": [1, 2, 0],
							"pivot": [1.26344, 25.27644, 0.12356],
							"rotation": [30, 0, 0],
							"uv": {
								"north": {"uv": [7, 8], "uv_size": [0.25, 0.5]},
								"east": {"uv": [6.5, 12.5], "uv_size": [2, 2]},
								"south": {"uv": [6.5, 12.5], "uv_size": [2, 2]},
								"west": {"uv": [6.5, 12.5], "uv_size": [2, 2]},
								"up": {"uv": [8.5, 14.5], "uv_size": [-2, -2]},
								"down": {"uv": [8.5, 14.5], "uv_size": [-2, -2]}
							}
						}
					]
				},
				{
					"name": "wb2",
					"parent": "AllBody2",
					"pivot": [0.01344, 28, 6],
					"cubes": [
						{
							"origin": [-0.73656, 27.25, 7],
							"size": [1, 2, 0],
							"pivot": [0.01344, 28.25, 7],
							"rotation": [90, 0, -90],
							"uv": {
								"north": {"uv": [6.5, 9.75], "uv_size": [0.25, 0.5]},
								"east": {"uv": [6.5, 9.75], "uv_size": [0.25, 0.5]},
								"south": {"uv": [6.5, 9.75], "uv_size": [0.25, 0.5]},
								"west": {"uv": [6.5, 9.75], "uv_size": [0.25, 0.5]},
								"up": {"uv": [6.75, 10.25], "uv_size": [-0.25, -0.5]},
								"down": {"uv": [6.75, 10.25], "uv_size": [-0.25, -0.5]}
							}
						}
					]
				},
				{
					"name": "LeftHand2",
					"parent": "AllBody2",
					"pivot": [0.51344, 25, -2]
				},
				{
					"name": "LeftHandLocator2",
					"parent": "LeftHand2",
					"pivot": [0.51344, 25, -2]
				},
				{
					"name": "RightHand2",
					"parent": "AllBody2",
					"pivot": [0.51344, 25, -2]
				},
				{
					"name": "RightHandLocator2",
					"parent": "RightHand2",
					"pivot": [0.51344, 25, -2]
				}
			]
		}
	]
}