{
	"format_version": "1.12.0",
	"minecraft:geometry": [
		{
			"description": {
				"identifier": "geometry.unknown",
				"texture_width": 128,
				"texture_height": 128,
				"visible_bounds_width": 7,
				"visible_bounds_height": 4.5,
				"visible_bounds_offset": [0, 1.75, 0]
			},
			"bones": [
				{
					"name": "LeftArm",
					"pivot": [3.4, 27.225, 0],
					"rotation": [0, 0, -18],
					"cubes": [
						{
							"origin": [2.5, 22.125, -1.3],
							"size": [2.95, 2.35, 2.6],
							"uv": {
								"north": {"uv": [77, 62], "uv_size": [3, 2]},
								"east": {"uv": [78, 6], "uv_size": [3, 2]},
								"south": {"uv": [78, 50], "uv_size": [3, 2]},
								"west": {"uv": [79, 32], "uv_size": [3, 2]},
								"up": {"uv": [68, 41], "uv_size": [3, 3]},
								"down": {"uv": [68, 47], "uv_size": [3, -3]}
							}
						},
						{
							"origin": [5.4, 22.425, -1],
							"size": [0.15, 1.45, 2],
							"uv": {
								"north": {"uv": [105, 66], "uv_size": [1, 1]},
								"east": {"uv": [53, 98], "uv_size": [2, 1]},
								"south": {"uv": [67, 105], "uv_size": [1, 1]},
								"west": {"uv": [55, 98], "uv_size": [2, 1]},
								"up": {"uv": [57, 98], "uv_size": [1, 2]},
								"down": {"uv": [98, 59], "uv_size": [1, -2]}
							}
						},
						{
							"origin": [5.4, 23.825, -1],
							"size": [0.15, 1.95, 2],
							"uv": {
								"north": {"uv": [58, 98], "uv_size": [1, 2]},
								"east": {"uv": [86, 0], "uv_size": [2, 2]},
								"south": {"uv": [59, 98], "uv_size": [1, 2]},
								"west": {"uv": [86, 12], "uv_size": [2, 2]},
								"up": {"uv": [62, 98], "uv_size": [1, 2]},
								"down": {"uv": [63, 100], "uv_size": [1, -2]}
							}
						},
						{
							"origin": [2.6, 21.275, -1.2],
							"size": [2.75, 7, 2.4],
							"uv": {
								"north": {"uv": [4, 45], "uv_size": [3, 7]},
								"east": {"uv": [7, 45], "uv_size": [2, 7]},
								"south": {"uv": [45, 10], "uv_size": [3, 7]},
								"west": {"uv": [59, 25], "uv_size": [2, 7]},
								"up": {"uv": [79, 34], "uv_size": [3, 2]},
								"down": {"uv": [60, 81], "uv_size": [3, -2]}
							}
						},
						{
							"origin": [2.9, 20.375, -1.1],
							"size": [2.25, 2, 2.2],
							"uv": {
								"north": {"uv": [86, 32], "uv_size": [2, 2]},
								"east": {"uv": [86, 39], "uv_size": [2, 2]},
								"south": {"uv": [86, 47], "uv_size": [2, 2]},
								"west": {"uv": [86, 50], "uv_size": [2, 2]},
								"up": {"uv": [87, 28], "uv_size": [2, 2]},
								"down": {"uv": [87, 59], "uv_size": [2, -2]}
							}
						},
						{
							"origin": [2.8, 20.325, -1.125],
							"size": [2.4, 2.05, 2.3],
							"uv": {
								"north": {"uv": [87, 59], "uv_size": [2, 2]},
								"east": {"uv": [87, 64], "uv_size": [2, 2]},
								"south": {"uv": [87, 66], "uv_size": [2, 2]},
								"west": {"uv": [87, 68], "uv_size": [2, 2]},
								"up": {"uv": [87, 70], "uv_size": [2, 2]},
								"down": {"uv": [87, 75], "uv_size": [2, -2]}
							}
						}
					]
				},
				{
					"name": "LeftForeArm2",
					"parent": "LeftArm",
					"pivot": [4.125, 21.275, 0.025],
					"cubes": [
						{
							"origin": [2.625, 14.875, -1.175],
							"size": [2.7, 6.4, 2.4],
							"uv": {
								"north": {"uv": [45, 43], "uv_size": [3, 7]},
								"east": {"uv": [59, 32], "uv_size": [2, 7]},
								"south": {"uv": [0, 46], "uv_size": [3, 7]},
								"west": {"uv": [48, 59], "uv_size": [2, 7]},
								"up": {"uv": [79, 68], "uv_size": [3, 2]},
								"down": {"uv": [79, 72], "uv_size": [3, -2]}
							}
						},
						{
							"origin": [3.125, 14.275, -0.975],
							"size": [2, 2, 2],
							"uv": {
								"north": {"uv": [0, 0], "uv_size": [2, 2]},
								"east": {"uv": [0, 0], "uv_size": [2, 2]},
								"south": {"uv": [0, 0], "uv_size": [2, 2]},
								"west": {"uv": [0, 0], "uv_size": [2, 2]},
								"up": {"uv": [2, 2], "uv_size": [-2, -2]},
								"down": {"uv": [2, 2], "uv_size": [-2, -2]}
							}
						},
						{
							"origin": [2.525, 14.775, -1.275],
							"size": [2.9, 0.8, 2.6],
							"uv": {
								"north": {"uv": [0, 0], "uv_size": [2.9, 0.8]},
								"east": {"uv": [0, 0], "uv_size": [2.6, 0.8]},
								"south": {"uv": [0, 0], "uv_size": [2.9, 0.8]},
								"west": {"uv": [0, 0], "uv_size": [2.6, 0.8]},
								"up": {"uv": [2.9, 2.6], "uv_size": [-2.9, -2.6]},
								"down": {"uv": [2.9, 2.6], "uv_size": [-2.9, -2.6]}
							}
						}
					]
				},
				{
					"name": "LeftHandLocator2",
					"parent": "LeftForeArm2",
					"pivot": [4.125, 15.775, 0.025]
				},
				{
					"name": "RightArm",
					"pivot": [-3.4, 27.225, 0],
					"rotation": [0, 0, 18],
					"cubes": [
						{
							"origin": [-5.35, 21.275, -1.3],
							"size": [2.35, 7, 2.6],
							"uv": {
								"north": {"uv": [50, 59], "uv_size": [2, 7]},
								"east": {"uv": [15, 46], "uv_size": [3, 7]},
								"south": {"uv": [52, 59], "uv_size": [2, 7]},
								"west": {"uv": [18, 46], "uv_size": [3, 7]},
								"up": {"uv": [19, 56], "uv_size": [2, 3]},
								"down": {"uv": [79, 75], "uv_size": [2, -3]}
							}
						},
						{
							"origin": [-5.15, 20.375, -1.1],
							"size": [1.95, 2, 2.2],
							"uv": {
								"north": {"uv": [74, 87], "uv_size": [2, 2]},
								"east": {"uv": [87, 75], "uv_size": [2, 2]},
								"south": {"uv": [87, 77], "uv_size": [2, 2]},
								"west": {"uv": [87, 79], "uv_size": [2, 2]},
								"up": {"uv": [80, 87], "uv_size": [2, 2]},
								"down": {"uv": [87, 83], "uv_size": [2, -2]}
							}
						},
						{
							"origin": [-5.2, 20.325, -1.125],
							"size": [2, 2.05, 2.3],
							"uv": {
								"north": {"uv": [87, 83], "uv_size": [2, 2]},
								"east": {"uv": [87, 85], "uv_size": [2, 2]},
								"south": {"uv": [87, 87], "uv_size": [2, 2]},
								"west": {"uv": [88, 0], "uv_size": [2, 2]},
								"up": {"uv": [88, 2], "uv_size": [2, 2]},
								"down": {"uv": [88, 6], "uv_size": [2, -2]}
							}
						},
						{
							"origin": [-5.65, 23.825, -1],
							"size": [0.15, 1.95, 2],
							"uv": {
								"north": {"uv": [98, 63], "uv_size": [1, 2]},
								"east": {"uv": [88, 8], "uv_size": [2, 2]},
								"south": {"uv": [98, 65], "uv_size": [1, 2]},
								"west": {"uv": [88, 10], "uv_size": [2, 2]},
								"up": {"uv": [66, 98], "uv_size": [1, 2]},
								"down": {"uv": [98, 69], "uv_size": [1, -2]}
							}
						},
						{
							"origin": [-5.55, 22.125, -1.4],
							"size": [2.65, 2.35, 2.8],
							"uv": {
								"north": {"uv": [79, 75], "uv_size": [3, 2]},
								"east": {"uv": [79, 77], "uv_size": [3, 2]},
								"south": {"uv": [79, 79], "uv_size": [3, 2]},
								"west": {"uv": [80, 1], "uv_size": [3, 2]},
								"up": {"uv": [68, 47], "uv_size": [3, 3]},
								"down": {"uv": [68, 53], "uv_size": [3, -3]}
							}
						},
						{
							"origin": [-5.65, 22.425, -1],
							"size": [0.15, 1.45, 2],
							"uv": {
								"north": {"uv": [105, 67], "uv_size": [1, 1]},
								"east": {"uv": [98, 60], "uv_size": [2, 1]},
								"south": {"uv": [68, 105], "uv_size": [1, 1]},
								"west": {"uv": [98, 72], "uv_size": [2, 1]},
								"up": {"uv": [77, 98], "uv_size": [1, 2]},
								"down": {"uv": [78, 100], "uv_size": [1, -2]}
							}
						}
					]
				},
				{
					"name": "RightForeArm2",
					"parent": "RightArm",
					"pivot": [-4.125, 21.275, 0.025],
					"cubes": [
						{
							"origin": [-5.325, 14.875, -1.275],
							"size": [2.3, 6.4, 2.6],
							"uv": {
								"north": {"uv": [54, 59], "uv_size": [2, 7]},
								"east": {"uv": [29, 46], "uv_size": [3, 7]},
								"south": {"uv": [56, 59], "uv_size": [2, 7]},
								"west": {"uv": [32, 46], "uv_size": [3, 7]},
								"up": {"uv": [6, 80], "uv_size": [2, 3]},
								"down": {"uv": [80, 17], "uv_size": [2, -3]}
							}
						},
						{
							"origin": [-5.125, 14.275, -0.975],
							"size": [2, 2, 2],
							"uv": {
								"north": {"uv": [0, 0], "uv_size": [2, 2]},
								"east": {"uv": [0, 0], "uv_size": [2, 2]},
								"south": {"uv": [0, 0], "uv_size": [2, 2]},
								"west": {"uv": [0, 0], "uv_size": [2, 2]},
								"up": {"uv": [2, 2], "uv_size": [-2, -2]},
								"down": {"uv": [2, 2], "uv_size": [-2, -2]}
							}
						},
						{
							"origin": [-5.425, 14.775, -1.375],
							"size": [2.5, 1, 2.8],
							"uv": {
								"north": {"uv": [0, 0], "uv_size": [2.5, 1]},
								"east": {"uv": [0, 0], "uv_size": [2.8, 1]},
								"south": {"uv": [0, 0], "uv_size": [2.5, 1]},
								"west": {"uv": [0, 0], "uv_size": [2.8, 1]},
								"up": {"uv": [2.5, 2.8], "uv_size": [-2.5, -2.8]},
								"down": {"uv": [2.5, 2.8], "uv_size": [-2.5, -2.8]}
							}
						}
					]
				},
				{
					"name": "RightHandLocator2",
					"parent": "RightForeArm2",
					"pivot": [-4.125, 15.775, 0.025]
				}
			]
		}
	]
}