{
	"format_version": "1.21.0",
	"minecraft:geometry": [
		{
			"description": {
				"identifier": "geometry.unknown",
				"texture_width": 128,
				"texture_height": 128,
				"visible_bounds_width": 7,
				"visible_bounds_height": 7,
				"visible_bounds_offset": [0, 2.5, 0]
			},
			"bones": [
				{
					"name": "Root",
					"pivot": [0, 2.65, 0]
				},
				{
					"name": "AllBody",
					"parent": "Root",
					"pivot": [0, 23.65, 0]
				},
				{
					"name": "UpBody",
					"parent": "AllBody",
					"pivot": [0, 23.65, 0],
					"cubes": [
						{"origin": [-2.7, 33.15, -2.125], "size": [5.4, 2, 4.2], "uv": [69, 16]},
						{"origin": [-3, 23.75, -2.025], "size": [6, 11, 4.05], "uv": [1, 24]},
						{"origin": [2, 23.75, -2.025], "size": [1, 11, 4.05], "pivot": [2.5, 29.25, 0], "rotation": [0, 0, -5], "uv": [6, 24]},
						{"origin": [2, 23.75, -2.025], "size": [1, 9, 4.05], "pivot": [2.5, 29.25, 0], "rotation": [0, 0, 5], "uv": [6, 24]},
						{"origin": [-3, 23.75, -2.025], "size": [1, 11, 4.05], "pivot": [-2.5, 29.25, 0], "rotation": [0, 0, 5], "uv": [6, 24]},
						{"origin": [-3, 23.75, -2.025], "size": [1, 8, 4.05], "pivot": [-2.5, 29.25, 0], "rotation": [0, 0, -5], "uv": [6, 24]},
						{
							"origin": [-3.8, 27.6, -2.225],
							"size": [7.5, -0.075, 4.65],
							"pivot": [0, 27.925, 0],
							"rotation": [0, 0, -5],
							"uv": {
								"north": {"uv": [70, 42.075], "uv_size": [7, -0.075]},
								"east": {"uv": [66, 42.075], "uv_size": [4, -0.075]},
								"south": {"uv": [81, 42.075], "uv_size": [7, -0.075]},
								"west": {"uv": [77, 42.075], "uv_size": [4, -0.075]},
								"up": {"uv": [70, 37], "uv_size": [7, 4]},
								"down": {"uv": [77, 41], "uv_size": [7, -4]}
							}
						},
						{"origin": [-1.5, 22.75, -2.025], "size": [3, 1, 4.05], "uv": [81, 0]},
						{"origin": [-4, 34.575, -1.9], "size": [8, 1, 4.2], "uv": [42, 9]},
						{"origin": [-0.7, 27.65, -2.05], "size": [0.2, 3, 2], "uv": [109, 35]},
						{
							"origin": [-2, 26.65, -2.05],
							"size": [1, 2, 1],
							"uv": {
								"north": {"uv": [2.5, 91.5], "uv_size": [17.5, 36.5]},
								"east": {"uv": [9, 95], "uv_size": [2, 3]},
								"south": {"uv": [14, 95], "uv_size": [1, 3]},
								"west": {"uv": [12, 95], "uv_size": [2, 3]},
								"up": {"uv": [11, 93], "uv_size": [1, 2]},
								"down": {"uv": [12, 95], "uv_size": [1, -2]}
							}
						},
						{"origin": [0.4, 27.65, -2.05], "size": [0.1, 3, 2], "uv": [105, 0]}
					]
				},
				{
					"name": "bone2",
					"parent": "UpBody",
					"pivot": [-0.06397, 28.08252, 0.075],
					"cubes": [
						{"origin": [-0.8, 27.35, -2.4], "size": [1.5, 1.5, 4.925], "pivot": [0, 27.925, 0], "rotation": [1.21602, -5.88752, -9.54942], "uv": [62, 1]},
						{"origin": [-0.55, 27.6, -2.475], "size": [1, 1, 5.075], "pivot": [0, 27.925, 0], "rotation": [1.21602, -5.88752, -9.54942], "uv": [87, 21]},
						{
							"origin": [-3.8, 27.525, -2.325],
							"size": [7.5, 1.075, 4.65],
							"pivot": [0, 27.925, 0],
							"rotation": [0, 0, -12.5],
							"uv": {
								"north": {"uv": [70, 41], "uv_size": [7, 1.075]},
								"east": {"uv": [66, 41], "uv_size": [4, 1.075]},
								"south": {"uv": [81, 41], "uv_size": [7, 1.075]},
								"west": {"uv": [77, 41], "uv_size": [4, 1.075]},
								"up": {"uv": [70, 37], "uv_size": [7, 4]},
								"down": {"uv": [77, 41], "uv_size": [7, -4]}
							}
						},
						{"origin": [1.6, 27.55, -2.7], "size": [0.3, 1, 0], "pivot": [2, 27.65, -1], "rotation": [-20, 0, -12.5], "uv": [50, 46]}
					]
				},
				{
					"name": "bone15",
					"parent": "bone2",
					"pivot": [1, 25.65, -2],
					"cubes": [
						{"origin": [1.2, 27.5, -2.35], "size": [0.5, 0.15, 0], "pivot": [1, 27.65, -2], "rotation": [-20, 0, 0], "uv": [110, 36]},
						{"origin": [1.2, 26.32, -3.05], "size": [0.5, 0.1, 0], "pivot": [1, 25.65, -2], "rotation": [-20, 0, 0], "uv": [110, 36]},
						{"origin": [1.2, 25.8, -3.05], "size": [0.5, 0.15, 0], "pivot": [1, 25.65, -2], "rotation": [-20, 0, 0], "uv": [110, 36]},
						{"origin": [1.22, 26.2, -3.05], "size": [0.33, 0.06, 0], "pivot": [1, 25.65, -2], "rotation": [-20, 0, 0], "uv": [111, 36]},
						{"origin": [1.2, 26.7, -2.7], "size": [0.5, 0.5, 0], "pivot": [1, 26.65, -2], "rotation": [-20, 0, 0], "uv": [110, 36]},
						{"origin": [0.7, 25.65, -3.1], "size": [0.3, 2, 0], "pivot": [1, 25.65, -2], "rotation": [-20, 0, 0], "uv": [50, 46]},
						{"origin": [0.5, 25.65, -3], "size": [1.5, 2, 0], "pivot": [1, 25.65, -2], "rotation": [-20, 0, 0], "uv": [103, 32]}
					]
				},
				{
					"name": "AllHead",
					"parent": "UpBody",
					"pivot": [0, 35.425, -0.025],
					"cubes": [
						{"origin": [-1.5, 34.925, -1.525], "size": [3, 2, 3], "uv": [68, 0]}
					]
				},
				{
					"name": "Head",
					"parent": "AllHead",
					"pivot": [0, 36.05, 0],
					"cubes": [
						{"origin": [-3.5, 38.05, -3.5], "size": [7, 5, 7], "uv": [0, 10]},
						{"origin": [-1.5, 37.05, -3.5], "size": [3, 3, 7], "uv": [4, 10]},
						{"origin": [-0.35, 36, -3.5], "size": [0.7, 2, 7], "uv": [7, 14]},
						{
							"origin": [2.3, 37, -3.555],
							"size": [0.2, 0.5, 0.5],
							"uv": {
								"north": {"uv": [4, 2], "uv_size": [0, 0]},
								"east": {"uv": [4, 2], "uv_size": [0, 0]},
								"south": {"uv": [4, 2], "uv_size": [0, 0]},
								"west": {"uv": [4, 2], "uv_size": [0, 0]},
								"up": {"uv": [4, 2], "uv_size": [0, 0]},
								"down": {"uv": [4, 2], "uv_size": [0, 0]}
							}
						},
						{"origin": [1, 40.05, -4], "size": [2, 0.15, 1], "pivot": [2, 40.125, -3.5], "rotation": [0, 0, -2.5], "uv": [103, 48]},
						{"origin": [-3, 40.05, -4], "size": [2, 0.15, 1], "pivot": [-2, 40.125, -3.5], "rotation": [0, 0, 5], "uv": [103, 48]},
						{"origin": [2.4, 37.35, -6.4], "size": [0.5, 0.041, 0.425], "pivot": [1, 37.05, -5], "rotation": [180, -90, -5], "uv": [102, 6]},
						{"origin": [1.4, 37.45, -5.2], "size": [0.5, 0.041, 0.35], "pivot": [1, 37.05, -4], "rotation": [180, -90, 0], "uv": [103, 7]}
					]
				},
				{
					"name": "bone19",
					"parent": "Head",
					"pivot": [-1.65966, 36.73366, 0],
					"cubes": [
						{"origin": [-3.15966, 36.264, -3.5], "size": [3, 2, 7], "pivot": [-1.65966, 36.73366, 0], "rotation": [0, 0, 12.5], "uv": [4, 10]},
						{"origin": [-1.5, 37.05, -3.5], "size": [3, 2, 7], "pivot": [1.125, 39.55, 0], "rotation": [0, 0, -82.5], "uv": [4, 10], "mirror": true},
						{"origin": [-1.5, 37.05, -3.5], "size": [3, 2, 7], "pivot": [-1.125, 39.55, 0], "rotation": [0, 0, 82.5], "uv": [5, 14]},
						{"origin": [-0.32403, 35.99, -3.5], "size": [3.45, 2, 7], "pivot": [1.65966, 36.73366, 0], "rotation": [0, 0, -15], "uv": [5, 14], "mirror": true},
						{"origin": [-0.32403, 35.99, -3.5], "size": [3.45, 2, 7], "pivot": [1.65966, 36.73366, 0], "rotation": [0, 0, -15], "uv": [5, 14], "mirror": true}
					]
				},
				{
					"name": "Face",
					"parent": "Head",
					"pivot": [-1.05, 19.05, -4.5]
				},
				{
					"name": "Eyes",
					"parent": "Face",
					"pivot": [-1.05, 19.05, -4.5]
				},
				{
					"name": "Eyebrow",
					"parent": "Eyes",
					"pivot": [0, 4, 0]
				},
				{
					"name": "RightEyebrow",
					"parent": "Eyebrow",
					"pivot": [-2.875, 38.85, -3.2],
					"cubes": [
						{"origin": [-3.675, 39.05, -3.7], "size": [1.3, 0.4, 1], "uv": [48, 43]},
						{"origin": [-2.675, 39, -3.7], "size": [1.3, 0.4, 1], "pivot": [-2.025, 39.25, -3.2], "rotation": [0, 0, 5], "uv": [48, 43]},
						{"origin": [-1.72, 39.2, -3.7], "size": [0.5, 0.3, 1], "pivot": [-2.025, 39.25, -3.2], "rotation": [0, 0, 17.5], "uv": [49, 43]},
						{"origin": [-2.675, 39.43, -3.7], "size": [0.3, 0.4, 1], "pivot": [-3.025, 39.25, -3.2], "rotation": [0, 0, 30], "uv": [49, 43]},
						{"origin": [-3.3955, 39.22695, -3.7], "size": [0.3, 0.4, 1], "pivot": [-3.34549, 39.42695, -3.2], "rotation": [0, 0, 30], "uv": [49, 43]},
						{"origin": [3.255, 37.775, -3.65], "size": [0.2, 1.3, 1], "pivot": [3.25, 38.325, -3.45], "rotation": [0, 0, 22.5], "uv": [107, 3]}
					]
				},
				{
					"name": "LeftEyebrow",
					"parent": "Eyebrow",
					"pivot": [2.875, 38.85, -3.2],
					"cubes": [
						{"origin": [2.375, 39.05, -3.7], "size": [1.3, 0.4, 1], "uv": [48, 42]},
						{"origin": [1.375, 39, -3.7], "size": [1.3, 0.4, 1], "pivot": [2.025, 39.25, -3.2], "rotation": [0, 0, -7.5], "uv": [48, 42]},
						{"origin": [-3.55614, 37.83241, -3.65], "size": [0.2, 1.5, 1], "pivot": [-3.45614, 38.58241, -3.15], "rotation": [0, 0, -22.5], "uv": [107, 3]},
						{"origin": [3.0955, 39.22695, -3.7], "size": [0.3, 0.4, 1], "pivot": [3.34549, 39.42695, -3.2], "rotation": [0, 0, -30], "uv": [49, 43], "mirror": true},
						{"origin": [2.375, 39.43, -3.7], "size": [0.3, 0.4, 1], "pivot": [3.025, 39.25, -3.2], "rotation": [0, 0, -30], "uv": [49, 43], "mirror": true},
						{"origin": [1.22, 39.2, -3.7], "size": [0.5, 0.3, 1], "pivot": [2.025, 39.25, -3.2], "rotation": [0, 0, -17.5], "uv": [49, 43], "mirror": true}
					]
				},
				{
					"name": "RightEyelid",
					"parent": "Eyes",
					"pivot": [-2.325, 37.05, -3.075],
					"cubes": [
						{"origin": [-3.5, 37.85, -3.525], "size": [2, 1.5, 1], "uv": [22, 41]}
					]
				},
				{
					"name": "ysmGlowRightEyesBase",
					"parent": "RightEyelid",
					"pivot": [-1.8, 38.55, -3.1],
					"cubes": [
						{"origin": [-3.025, 37.85, -3.575], "size": [1.4, 1.23, 1], "uv": [72, 57]},
						{"origin": [-3.025, 37.85, -3.585], "size": [1.4, 1, 1], "uv": [49, 46]},
						{"origin": [-1.95, 38.4, -3.6], "size": [0.4, 0.3, 1], "uv": [9, 81]}
					]
				},
				{
					"name": "RightPupil",
					"parent": "ysmGlowRightEyesBase",
					"pivot": [-1.625, 19.55, -3.625],
					"cubes": [
						{"origin": [-2.525, 38.25, -3.625], "size": [0.3, 0.5, 1], "uv": [103, 3], "mirror": true}
					]
				},
				{
					"name": "LeftEyelid",
					"parent": "Eyes",
					"pivot": [2.325, 37.05, -3.075],
					"cubes": [
						{"origin": [1.5, 37.85, -3.525], "size": [2, 1.23, 1], "uv": [22, 41]}
					]
				},
				{
					"name": "ysmGlowLeftEyesBase",
					"parent": "LeftEyelid",
					"pivot": [2.825, 38.55, -3.1],
					"cubes": [
						{"origin": [2.675, 38.4, -3.6], "size": [0.4, 0.3, 1], "uv": [9, 81]},
						{"origin": [1.625, 37.85, -3.575], "size": [1.4, 1.23, 1], "uv": [68, 56]},
						{"origin": [1.625, 37.85, -3.585], "size": [1.4, 1, 1], "uv": [48, 46]}
					]
				},
				{
					"name": "LeftPupil",
					"parent": "ysmGlowLeftEyesBase",
					"pivot": [1.625, 19.55, -3.625],
					"cubes": [
						{"origin": [2.125, 38.25, -3.625], "size": [0.3, 0.5, 1], "uv": [105, 3]}
					]
				},
				{
					"name": "Hair",
					"parent": "Head",
					"pivot": [-0.14783, 40.76957, 0.42174],
					"cubes": [
						{"origin": [-2.975, 44.3, -3.8], "size": [6, 1, 7], "uv": [27, 0]},
						{"origin": [-2, 43, -4.4], "size": [4, 2, 1], "uv": [0, 63]},
						{"origin": [-4, 43.6, -4], "size": [8, 1, 8], "uv": [3, 0]},
						{"origin": [-2, 45.3, -2.8], "size": [4, 1, 5], "uv": [0, 43]},
						{"origin": [-3.6047, 43.7, -2.8], "size": [1, 1, 1], "pivot": [-2.76598, 45.1127, -2.3], "rotation": [-0.02337, -0.99116, -141.04581], "uv": [7, 47]},
						{"origin": [-7.6047, 44.2, -3.9], "size": [4, 2, 1], "pivot": [-2.76598, 45.1127, -3.3], "rotation": [-139.38076, -0.77428, 178.9498], "uv": [35, 2]},
						{"origin": [-3, 45.3, -1.8], "size": [1, 1, 3], "uv": [58, 21]},
						{"origin": [2, 45.3, -1.8], "size": [1, 1, 3], "uv": [0, 4]},
						{"origin": [-3.975, 44.3, -2.8], "size": [1, 1, 5], "uv": [15, 39]},
						{"origin": [3.025, 44.3, -2.8], "size": [1, 1, 5], "uv": [30, 27]},
						{"origin": [-5.5, 37.4, 0.825], "size": [1, 6, 2], "uv": [8, 55]},
						{"origin": [4.5, 37.4, 0.825], "size": [1, 6, 2], "uv": [0, 9]},
						{"origin": [-5.5, 34.4, -0.175], "size": [1, 8, 1], "uv": [32, 60]},
						{"origin": [-5.5, 38.4, -1.175], "size": [1, 4, 1], "uv": [15, 82]},
						{"origin": [3.5, 36.4, -2.65], "size": [1, 8, 6], "uv": [22, 27], "mirror": true},
						{"origin": [4.5, 35.4, -0.175], "size": [1, 8, 1], "uv": [32, 60], "mirror": true},
						{"origin": [4.5, 38.4, -1.175], "size": [1, 4, 1], "uv": [14, 82], "mirror": true},
						{"origin": [-4.4, 40, -3.8], "size": [1, 4, 2], "uv": [22, 27]},
						{"origin": [1.84924, 36.14972, 7.48277], "size": [2, 6, 1], "pivot": [2.36604, 20.10616, 2.88004], "rotation": [49.1895, 86.7138, 42.8839], "uv": [27, 0]},
						{"origin": [2.84924, 37.14972, 6], "size": [2, 4, 0], "pivot": [3.36604, 22.10616, 1.88004], "rotation": [49.1895, 81.7138, 42.8839], "uv": [94, 4]},
						{"origin": [1.84924, 35.14972, 3], "size": [2, 6, 0], "pivot": [2.36604, 22.10616, -3.11996], "rotation": [114.1895, 99.2138, 105], "uv": [94, 2]},
						{"origin": [-5.65695, 36.61898, 2.99112], "size": [2, 6, 1], "pivot": [-4.65695, 39.61898, 3.44112], "rotation": [1.2933, -55.2049, 3.0808], "uv": [60, 14], "mirror": true},
						{"origin": [3.65695, 36.61898, 2.99112], "size": [2, 6, 1], "pivot": [4.65695, 39.61898, 3.44112], "rotation": [1.2933, 55.2049, -3.0808], "uv": [60, 14]},
						{"origin": [2.65695, 36.61898, 3.99112], "size": [1, 6, 1], "pivot": [2.65695, 39.61898, 4.44112], "rotation": [1.2933, 20.2049, -3.0808], "uv": [61, 14]},
						{"origin": [-3.543, 36.61898, 3.6911], "size": [1, 6, 1], "pivot": [-3.34305, 39.61898, 4.44112], "rotation": [1.2933, -20.2049, -3.0808], "uv": [61, 14]},
						{"origin": [-3.84924, 36.14972, 7.48276], "size": [2, 6, 1], "pivot": [-2.36604, 20.10616, 2.88003], "rotation": [49.1895, -86.7138, -42.8839], "uv": [27, 0], "mirror": true},
						{"origin": [-4.5, 36.4, -2.65], "size": [1, 8, 6], "uv": [22, 27]},
						{"origin": [-4, 36.6, 3], "size": [8, 7, 1], "uv": [36, 34]},
						{"origin": [-3, 37.6, 4], "size": [6, 6, 1], "uv": [46, 16]},
						{"origin": [4.4, 44, -2.3], "size": [0.2, 0.2, 0.2], "uv": [3, 51]},
						{"origin": [-4.5, 44, -2.3], "size": [0.2, 0.2, 0.2], "uv": [3, 51]},
						{"origin": [-4.1478, 43.8696, -1.8], "size": [2, 2, 2], "pivot": [-3.14783, 44.76957, -0.57826], "rotation": [0, 0, 47.5], "uv": [12, 83]},
						{"origin": [3.9522, 43.9696, -2.8], "size": [1, 1, 3], "pivot": [3.85217, 44.76957, -1.57826], "rotation": [0, 0, 42.5], "uv": [100, 2]},
						{"origin": [2.8522, 42.8696, -1.8], "size": [2, 2, 2], "pivot": [3.85217, 43.76957, -0.57826], "rotation": [0, 0, 52.5], "uv": [14, 81]},
						{"origin": [3.27522, 40.5696, -2.1], "size": [2, 3, 2], "pivot": [4.85217, 42.76957, -0.57826], "rotation": [-12.5, 0, 0], "uv": [14, 81]},
						{"origin": [-4.63, 43.4, -1.8], "size": [2, 2, 2], "pivot": [-6.14783, 44.76957, -0.57826], "rotation": [0, 0, 20], "uv": [14, 81]},
						{"origin": [-5.15, 40, -1.8], "size": [2, 3, 2], "pivot": [-7.14783, 42.76957, -0.57826], "rotation": [-17.5, 0, 0], "uv": [14, 81]}
					]
				},
				{
					"name": "bone13",
					"parent": "Hair",
					"pivot": [-4.14783, 44.76957, -1.57826],
					"cubes": [
						{"origin": [-4.1478, 43.8696, -2.8], "size": [1, 1, 3], "pivot": [-4.14783, 44.76957, -1.57826], "rotation": [0, 0, 47.5], "uv": [100, 2]},
						{"origin": [-3.49505, 44.7247, -2.38], "size": [0.3, 0.3, 0.3], "pivot": [-4.34505, 45.8747, -2.23], "rotation": [0, 0, 47.5], "uv": [23, 2]}
					]
				},
				{
					"name": "bone14",
					"parent": "Hair",
					"pivot": [3.85217, 43.76957, -1.57826],
					"rotation": [0, 0, 90],
					"cubes": [
						{"origin": [3.6, 43.9, -2.38], "size": [0.3, 0.3, 0.3], "pivot": [3.65495, 44.8747, -2.23], "rotation": [0, 0, 47.5], "uv": [23, 2]}
					]
				},
				{
					"name": "bone11",
					"parent": "Hair",
					"pivot": [3.2, 41.85, 0.1],
					"rotation": [89.99294, 2.4786, -90.32652],
					"cubes": [
						{"origin": [3.2235, 41.12, -2], "size": [1, 0.2, 0.2], "pivot": [5, 41.85, -0.9], "rotation": [0, -2.5, 87.5], "uv": [110, 39]},
						{"origin": [3.0235, 42.12, -2], "size": [1, 0.2, 0.2], "pivot": [5, 41.85, -0.9], "rotation": [0, -2.5, 30], "uv": [110, 39]},
						{"origin": [4, 43.42, -2], "size": [0.8, 0.2, 0.2], "pivot": [5, 41.85, -0.9], "rotation": [0, -2.5, -20], "uv": [111, 39]}
					]
				},
				{
					"name": "bone12",
					"parent": "Hair",
					"pivot": [-7.5, 42.85, 0.1],
					"rotation": [94.70447, -0.51258, -80.96938],
					"cubes": [
						{"origin": [-7.7765, 42.12, -2], "size": [1, 0.2, 0.2], "pivot": [-6, 42.85, -0.9], "rotation": [0, -2.5, 87.5], "uv": [110, 39]},
						{"origin": [-7.9765, 43.12, -2], "size": [1, 0.2, 0.2], "pivot": [-6, 42.85, -0.9], "rotation": [0, -2.5, 30], "uv": [110, 39]},
						{"origin": [-7, 44.42, -2], "size": [0.8, 0.2, 0.2], "pivot": [-6, 42.85, -0.9], "rotation": [0, -2.5, -20], "uv": [111, 39]}
					]
				},
				{
					"name": "front_h1",
					"parent": "Hair",
					"pivot": [0, 18.5, -0.2],
					"cubes": [
						{"origin": [-4.3375, 39.825, -4.15], "size": [1, 4, 3], "uv": [0, 55]},
						{"origin": [-3.5, 39.925, -4.575], "size": [1, 4, 1], "uv": [62, 0]},
						{"origin": [-2.495, 41.025, -4.675], "size": [1, 3, 1], "uv": [25, 46]},
						{"origin": [-1.5, 42.025, -4.825], "size": [3, 2, 1], "uv": [77, 0]},
						{"origin": [1.499, 41.025, -5], "size": [1, 3, 1], "uv": [62, 8]},
						{"origin": [2.525, 39.925, -4.7], "size": [1, 4, 1], "uv": [41, 27]},
						{"origin": [3.3875, 39.825, -4.2], "size": [1, 4, 3], "uv": [54, 34]},
						{"origin": [1.65, 40, -5.125], "size": [1, 3, 1], "pivot": [2, 42.275, -4.7], "rotation": [0, 0, -10], "uv": [0, 43]},
						{"origin": [-1.35, 42, -5.125], "size": [1, 2.5, 1], "pivot": [2, 42.275, -4.7], "rotation": [0, 0, -7.5], "uv": [61, 28]},
						{"origin": [-3.02539, 40.02319, -5.075], "size": [1, 3, 1], "pivot": [-2.52539, 41.52319, -4.575], "rotation": [0, 0, 17.5], "uv": [0, 43]},
						{"origin": [-1.675, 41.9, -5.075], "size": [1, 2, 1], "pivot": [-1, 43.275, -4.575], "rotation": [0, 0, 57.5], "uv": [0, 43]},
						{"origin": [-3.775, 43.1, -3.775], "size": [1, 2, 1], "pivot": [-3, 44.275, -2.575], "rotation": [0.7522, -2.38422, 39.98435], "uv": [0, 43]},
						{"origin": [-2.01057, 40.39714, -5.2], "size": [1, 3, 1], "pivot": [-1.51057, 41.89714, -4.7], "rotation": [0, 0, -7.5], "uv": [37, 27]},
						{"origin": [-2.1, 41.125, -5.25], "size": [1, 1, 1], "pivot": [0, 41.25, -4.7], "rotation": [0, 0, 12.5], "uv": [116, 38]},
						{"origin": [-1.1, 41.125, -5.25], "size": [1, 1, 1], "pivot": [1, 41.25, -4.7], "rotation": [0, 0, 12.5], "uv": [116, 36]},
						{"origin": [-0.1, 41.125, -5.25], "size": [1, 1, 1], "pivot": [2, 41.25, -4.7], "rotation": [0, 0, 12.5], "uv": [115, 36]},
						{"origin": [0.9, 41.125, -5.25], "size": [1, 1, 1], "pivot": [3, 41.25, -4.7], "rotation": [0, 0, 12.5], "uv": [114, 38]},
						{"origin": [-0.2, 39.525, -5.2], "size": [1, 4.5, 1], "pivot": [0, 41.25, -4.7], "rotation": [0, 0, 12.5], "uv": [21, 45]},
						{"origin": [0.8, 40.625, -5.2], "size": [1, 3, 1], "pivot": [0, 41.25, -4.7], "rotation": [0, 0, 12.5], "uv": [21, 45]},
						{"origin": [-1, 39.45, -5.2], "size": [1, 4.5, 1], "pivot": [0, 42.25, -4.7], "rotation": [0, 0, 12.5], "uv": [21, 9]}
					]
				},
				{
					"name": "corner_h1",
					"parent": "Hair",
					"pivot": [-4.37735, 39.62243, -2.86577],
					"cubes": [
						{"origin": [-4.47485, 39.44593, -3.69748], "size": [1.025, 2, 1], "pivot": [-4.37735, 39.62243, -2.86577], "rotation": [-0.4948, 0.2395, 7.4885], "uv": [61, 25], "mirror": true},
						{"origin": [3.41137, 35.09775, -3.95436], "size": [1.025, 2, 1], "pivot": [3.78868, 34.91337, -3.36686], "rotation": [-6.0826, -1.7565, 4.4725], "uv": [61, 25]},
						{"origin": [3.54631, 30.32801, -3.85436], "size": [1.025, 5, 1], "pivot": [3.78868, 34.91337, -3.36686], "rotation": [-6.0826, -1.7565, 4.4725], "uv": [15, 1]},
						{"origin": [4.41183, 35.91888, -2.9848], "size": [1.025, 3, 1], "pivot": [4.71154, 35.58917, -2.89858], "rotation": [-3.5529, -1.8007, -0.0898], "uv": [0, 39]},
						{"origin": [4.20269, 34.06569, -2.98457], "size": [1.025, 2, 1], "pivot": [4.58767, 35.6054, -2.90297], "rotation": [-3.8112, -1.1568, 9.8928], "uv": [61, 25]},
						{"origin": [4.42592, 38.66357, -2.92341], "size": [1.025, 2, 1], "pivot": [4.92833, 38.99488, -2.83741], "rotation": [-0.4995, 0.0219, -4.9792], "uv": [61, 25]},
						{"origin": [4.52853, 40.45397, -2.92152], "size": [1.025, 3, 1], "pivot": [4.52187, 39.69327, -2.86585], "rotation": [-0.4958, -0.0652, -14.9788], "uv": [18, 24]},
						{"origin": [3.6861, 36.51399, -3.67248], "size": [1.025, 3, 1], "pivot": [4.37735, 39.62243, -2.86577], "rotation": [-0.5218, -0.1729, 5.0112], "uv": [18, 24]},
						{"origin": [4.0861, 36.51399, -3.67248], "size": [1.025, 2, 1], "pivot": [4.37735, 39.62243, -2.86577], "rotation": [-0.5218, -0.1729, 22.5], "uv": [18, 24]},
						{"origin": [3.44985, 39.44593, -3.69748], "size": [1.025, 2, 1], "pivot": [4.37735, 39.62243, -2.86577], "rotation": [-0.4948, -0.2395, -7.4885], "uv": [61, 25]},
						{"origin": [-5.22769, 34.06569, -2.98457], "size": [1.025, 2, 1], "pivot": [-4.58767, 35.60539, -2.90296], "rotation": [-3.8111, 1.1568, -9.8928], "uv": [61, 25], "mirror": true},
						{"origin": [-5.43683, 35.91888, -2.9848], "size": [1.025, 3, 1], "pivot": [-4.71154, 35.58917, -2.89858], "rotation": [-3.5529, 1.8006, 0.0899], "uv": [0, 39], "mirror": true},
						{"origin": [-4.57131, 30.32801, -3.85435], "size": [1.025, 5, 1], "pivot": [-3.78868, 34.91337, -3.36685], "rotation": [-6.0826, 1.7564, -4.4725], "uv": [12, 0], "mirror": true},
						{"origin": [-3.7713, 27.32801, -3.85435], "size": [1.025, 3, 1], "pivot": [-3.78868, 33.91337, -3.36685], "rotation": [-6.0826, 1.7564, 8.0275], "uv": [12, 0], "mirror": true},
						{"origin": [2.775, 27.32801, -3.85435], "size": [1.025, 3, 1], "pivot": [3.21132, 33.91337, -3.36685], "rotation": [-6.0826, 1.7564, -8.0275], "uv": [12, 0], "mirror": true},
						{"origin": [-4.43637, 35.09775, -3.95435], "size": [1.025, 2, 1], "pivot": [-3.78868, 34.91337, -3.36685], "rotation": [-6.0826, 1.7564, -4.4725], "uv": [5, 4]},
						{"origin": [-5.55353, 40.45397, -2.92152], "size": [1.025, 3, 1], "pivot": [-4.52187, 39.69327, -2.86585], "rotation": [-0.4958, 0.0652, 14.9788], "uv": [18, 24], "mirror": true},
						{"origin": [-5.45092, 38.66357, -2.92341], "size": [1.025, 2, 1], "pivot": [-4.92833, 38.99488, -2.83741], "rotation": [-0.4996, -0.0219, 4.9792], "uv": [61, 25], "mirror": true},
						{"origin": [-4.8112, 36.51399, -3.67248], "size": [1.025, 3, 1], "pivot": [-4.37735, 39.62243, -2.86577], "rotation": [-0.5218, 0.1729, -7.5112], "uv": [18, 24], "mirror": true},
						{"origin": [-5.145, 36.51399, -3.67248], "size": [1.025, 2, 1], "pivot": [-5.37735, 39.62243, -2.86577], "rotation": [-0.5218, 0.1729, -22.5], "uv": [18, 24], "mirror": true}
					]
				},
				{
					"name": "long_h1",
					"parent": "Hair",
					"pivot": [0.325, 37.56866, 4.28289]
				},
				{
					"name": "hl_side",
					"parent": "long_h1",
					"pivot": [-2.44485, 10.61452, 15.87866],
					"cubes": [
						{"origin": [4.75602, 32.85383, 2.16344], "size": [2, 5, 1], "pivot": [5.48102, 35.35383, 2.66344], "rotation": [-5.52696, 75.26092, -18.5121], "uv": [36, 60]},
						{"origin": [-6.75602, 32.85383, 2.16344], "size": [2, 5, 1], "pivot": [-5.48102, 35.35383, 2.66344], "rotation": [-5.52696, -75.26092, 18.5121], "uv": [36, 60], "mirror": true},
						{"origin": [11.50505, 28.91627, 17.10662], "size": [3, 5, 1], "pivot": [-3.24919, 18.37844, 14.44856], "rotation": [-0.1122, 51.2465, -15.5809], "uv": [68, 6]},
						{"origin": [11.74434, 22.96115, 13.94924], "size": [2, 5, 1], "pivot": [-2.78264, 15.41642, 10.43881], "rotation": [-19.4775, 49.3157, -30.9666], "uv": [36, 60]},
						{"origin": [11.74434, 22.96115, 11.94924], "size": [2, 5, 1], "pivot": [-2.78264, 15.41642, 8.43881], "rotation": [-19.4775, 49.3157, -30.9666], "uv": [36, 60]},
						{"origin": [5.61653, 22.9416, 2.59525], "size": [2, 9, 1], "pivot": [6.61653, 27.4416, 3.09525], "rotation": [-7.78188, 48.56123, -23.26343], "uv": [35, 0]},
						{"origin": [13.3521, 23.80306, 12.9267], "size": [1, 4, 1], "pivot": [-2.78264, 15.41642, 10.43881], "rotation": [-19.4775, 49.3157, -30.9666], "uv": [30, 27]},
						{"origin": [15.71874, 29.89662, 17.00257], "size": [3, 5, 1], "pivot": [1.60103, 14.01808, 20.16395], "rotation": [11.9446, 52.8785, -3.6717], "uv": [68, 6]},
						{"origin": [15.88533, 22.7841, 12.91842], "size": [2, 5, 1], "pivot": [2.44485, 10.61452, 15.87866], "rotation": [-8.8434, 52.9314, -20.2885], "uv": [36, 60]},
						{"origin": [-14.50505, 28.91627, 17.10662], "size": [3, 5, 1], "pivot": [3.24919, 18.37844, 14.44856], "rotation": [-0.1122, -51.2465, 15.5809], "uv": [68, 6], "mirror": true},
						{"origin": [-6.94279, 31.83094, 3.26558], "size": [3, 5, 1], "pivot": [-5.44279, 34.33094, 3.76558], "rotation": [-0.1122, -51.2465, 15.5809], "uv": [68, 6], "mirror": true},
						{"origin": [-13.74434, 22.96115, 13.94924], "size": [2, 5, 1], "pivot": [2.78264, 15.41642, 10.43881], "rotation": [-19.4775, -49.3157, 30.9666], "uv": [36, 60], "mirror": true},
						{"origin": [-14.3521, 23.80306, 12.9267], "size": [1, 4, 1], "pivot": [2.78264, 15.41642, 10.43881], "rotation": [-19.4775, -49.3157, 30.9666], "uv": [30, 27], "mirror": true},
						{"origin": [-18.71874, 29.89662, 17.00257], "size": [3, 5, 1], "pivot": [-1.60103, 14.01808, 20.16395], "rotation": [11.9446, -52.8785, 3.6717], "uv": [68, 6], "mirror": true},
						{"origin": [-17.88533, 22.7841, 12.91842], "size": [2, 5, 1], "pivot": [-2.44485, 10.61452, 15.87866], "rotation": [-8.8434, -52.9314, 20.2885], "uv": [36, 60], "mirror": true},
						{"origin": [-17.88533, 20.7841, 11.91842], "size": [2, 9, 1], "pivot": [-3.44485, 10.61452, 15.87866], "rotation": [-8.8434, -52.9314, 20.2885], "uv": [35, 0], "mirror": true}
					]
				},
				{
					"name": "hl_m",
					"parent": "long_h1",
					"pivot": [-0.5, 21.12846, 1.81781],
					"cubes": [
						{"origin": [-2.5, 36.34601, 6.88558], "size": [5, 5, 1], "pivot": [0, 22.14601, 1.88558], "rotation": [7.5, 0, 0], "uv": [53, 41]},
						{"origin": [-4, 23.33127, 2.52525], "size": [1, 2, 1], "pivot": [-0.5, 10.13127, -1.84975], "rotation": [-7.5, 0, 0], "uv": [13, 45]},
						{"origin": [-4.85, 25.33127, 2.52525], "size": [2, 4, 1], "pivot": [-0.5, 10.13127, -1.84975], "rotation": [-7.5, 0, 0], "uv": [42, 60]},
						{"origin": [3, 23.33127, 2.52525], "size": [1, 2, 1], "pivot": [0.5, 10.13127, -1.84975], "rotation": [-7.5, 0, 0], "uv": [13, 45], "mirror": true},
						{"origin": [2.85, 25.33127, 2.52525], "size": [2, 4, 1], "pivot": [0.5, 10.13127, -1.84975], "rotation": [-7.5, 0, 0], "uv": [42, 60], "mirror": true},
						{"origin": [-1.5, 23.25295, 3.49511], "size": [3, 1, 1], "pivot": [-2, 10.05295, -1.25489], "rotation": [-7.5, 0, 0], "uv": [34, 8]},
						{"origin": [-2, 24.25295, 3.49511], "size": [4, 2, 1], "pivot": [-2.5, 10.05295, -1.25489], "rotation": [-7.5, 0, 0], "uv": [53, 6]},
						{"origin": [-2.5, 26.25295, 3.49511], "size": [5, 3, 1], "pivot": [-2, 10.05295, -1.25489], "rotation": [-7.5, 0, 0], "uv": [35, 42]},
						{"origin": [-2.5, 28.41626, 5.76051], "size": [5, 3, 1], "pivot": [0, 29.91626, 6.26051], "rotation": [2.5, 0, 0], "uv": [35, 42]},
						{"origin": [-2.5, 34.41626, 5.3], "size": [5, 3, 1], "pivot": [0, 35.91626, 6.26051], "rotation": [12.5, 0, 0], "uv": [35, 42]},
						{"origin": [-4.85, 28.58395, 3.2935], "size": [3, 3, 1], "pivot": [0.5, 14.38395, -1.0815], "rotation": [-5, 0, 0], "uv": [35, 46]},
						{"origin": [-4, 28.53165, 4.26622], "size": [8, 3, 1], "pivot": [-1.5, 14.33165, -0.48378], "rotation": [-5, 0, 0], "uv": [50, 70]},
						{"origin": [-4.5, 31.00864, 4.67032], "size": [3, 4, 1], "uv": [14, 49]},
						{"origin": [-3.5, 30.00864, 5.64532], "size": [7, 5, 1], "uv": [46, 0]},
						{"origin": [-4, 34.32846, 6.19281], "size": [3, 4, 1], "pivot": [0.5, 21.12846, 1.81781], "rotation": [7.5, 0, 0], "uv": [14, 49]},
						{"origin": [-3, 33.40677, 7.16268], "size": [6, 5, 1], "pivot": [0.5, 21.20677, 2.41268], "rotation": [7.5, 0, 0], "uv": [0, 49]},
						{"origin": [3, 27.58395, 3.2935], "size": [2, 1, 1], "pivot": [0.5, 14.38395, -1.0815], "rotation": [-5, 0, 0], "uv": [14, 39]},
						{"origin": [1.85, 28.58395, 3.2935], "size": [3, 3, 1], "pivot": [-0.5, 14.38395, -1.0815], "rotation": [-5, 0, 0], "uv": [35, 46], "mirror": true},
						{"origin": [1.5, 31.00864, 4.67032], "size": [3, 4, 1], "uv": [14, 49], "mirror": true},
						{"origin": [1, 34.32846, 6.19281], "size": [3, 4, 1], "pivot": [-0.5, 21.12846, 1.81781], "rotation": [7.5, 0, 0], "uv": [14, 49], "mirror": true}
					]
				},
				{
					"name": "card",
					"parent": "Hair",
					"pivot": [-4.51344, 40.26959, -4.80573],
					"rotation": [0, 25, 0],
					"cubes": [
						{"origin": [-5.51345, 39.76957, -4.5], "size": [2, 1, 0], "uv": [39, 89]},
						{"origin": [-5.01342, 39.2696, -4.5], "size": [1, 2, 0], "uv": [40, 89]}
					]
				},
				{
					"name": "card2",
					"parent": "Hair",
					"pivot": [1.85217, 40.76957, -4.57826],
					"rotation": [0, -17.5, 0],
					"cubes": [
						{"origin": [2.85217, 39.76957, -5.3783], "size": [2, 1, 0], "uv": [39, 89]},
						{"origin": [3.3522, 39.2696, -5.3783], "size": [1, 2, 0], "uv": [40, 89]}
					]
				},
				{
					"name": "hat",
					"parent": "Hair",
					"pivot": [-13, 3, 0],
					"cubes": [
						{"origin": [1.9, 45, -2], "size": [2.5, 3, 1.3], "pivot": [3, 47, -1], "rotation": [0, 0, 7.5], "uv": [110, 20]},
						{"origin": [1.85, 46.5, -1.95], "size": [2.55, 0.1, 1.35], "pivot": [3, 47, -1], "rotation": [0, 0, 7.5], "uv": [101, 5]},
						{"origin": [2.2133, 44.98284, -2.88385], "size": [1.7677, 3, 1.7677], "pivot": [3.09759, 46.48284, -2], "rotation": [0, -45, 7.5], "uv": [111, 20]},
						{"origin": [2.22323, 46.5, -2.88385], "size": [1.77677, 0.1, 1.77677], "pivot": [3.09759, 47.48284, -2], "rotation": [0, -45, 7.5], "uv": [106, 3]},
						{"origin": [2.24323, 46.5, -3.05], "size": [1.77677, 0.1, 1.77677], "pivot": [3.09759, 47.48284, -2], "rotation": [0, -45, 7.5], "uv": [106, 3]}
					]
				},
				{
					"name": "bone20",
					"parent": "Head",
					"pivot": [1.65966, 36.73366, 0]
				},
				{
					"name": "bone21",
					"parent": "Head",
					"pivot": [1.65966, 36.73366, 0],
					"cubes": [
						{"origin": [-3.12597, 35.99, -3.5], "size": [3.45, 2, 7], "pivot": [-1.65966, 36.73366, 0], "rotation": [0, 0, 15], "uv": [5, 14]}
					]
				},
				{
					"name": "Hair2",
					"parent": "Head",
					"pivot": [0.14783, 40.76957, 0.42174]
				},
				{
					"name": "long_h2",
					"parent": "Hair2",
					"pivot": [-0.325, 37.56866, 4.28289]
				},
				{
					"name": "hl_side2",
					"parent": "long_h2",
					"pivot": [2.44485, 10.61452, 15.87866],
					"cubes": [
						{"origin": [11.50505, 28.91627, 17.10662], "size": [3, 5, 1], "pivot": [-3.24919, 18.37844, 14.44856], "rotation": [-0.1122, 51.2465, -15.5809], "uv": [68, 6]}
					]
				},
				{
					"name": "Breast",
					"parent": "UpBody",
					"pivot": [-0.0125, 31.74747, -2.15834],
					"rotation": [-32.5, 0, 0],
					"cubes": [
						{"origin": [-3.55, 30.24747, -3.15834], "size": [7.075, 3, 3], "uv": [67, 31]},
						{"origin": [1.975, 31.82247, -3.25834], "size": [0.325, 0.6, 1], "pivot": [2.0625, 32.32247, -2.75834], "rotation": [0, 0, -30], "uv": [6, 82]},
						{"origin": [2.525, 31.82247, -3.28334], "size": [0.325, 0.6, 1], "pivot": [2.7875, 32.32247, -2.78334], "rotation": [0, 0, 30], "uv": [6, 82]},
						{"origin": [2.25, 31.12247, -3.22834], "size": [0.325, 0.9, 1], "uv": [6, 82]},
						{"origin": [-1.85, 30.17247, -3.23334], "size": [0.7, 0.7, 0.7], "uv": [1, 83]},
						{"origin": [1.35, 30.17247, -3.23334], "size": [0.7, 0.7, 0.7], "uv": [1, 83]},
						{"origin": [-0.7, 30.13, -3.2583], "size": [0.2, 2, 2], "uv": [20, -1]},
						{"origin": [0.4, 30.13, -3.2583], "size": [0.1, 1, 2], "uv": [108, 4]},
						{"origin": [0.4, 31.13, -3.2583], "size": [0.1, 1, 2], "uv": [99, 13]},
						{"origin": [-0.2125, 31.13, -3.2583], "size": [0.2, 2, 2], "uv": [96, 13]},
						{"origin": [-0.7, 31.13, -3.2583], "size": [0.2, 2, 2], "uv": [96, 13]}
					]
				},
				{
					"name": "Arm",
					"parent": "UpBody",
					"pivot": [-0.2, 34.275, 0]
				},
				{
					"name": "LeftArm",
					"parent": "Arm",
					"pivot": [3.4, 34.025, 0],
					"rotation": [0, 0, -18],
					"cubes": [
						{"origin": [2.45, 27.9, -1.7], "size": [3.25, 7.3, 3.4], "uv": [48, 60]},
						{"origin": [2.6, 28.075, -1.5], "size": [3.05, 7, 3], "uv": [60, 60]},
						{"origin": [2.9, 27.175, -1.1], "size": [2.55, 2, 2.2], "uv": [67, 56]},
						{"origin": [2.8, 27.125, -1.125], "size": [2.7, 2.05, 2.3], "uv": [63, 47]},
						{"origin": [4.85, 32.17247, -1.8], "size": [0.5, 0.5, 0.5], "uv": [2, 82]}
					]
				},
				{
					"name": "LeftForeArm",
					"parent": "LeftArm",
					"pivot": [4.125, 28.075, 0.025],
					"cubes": [
						{"origin": [2.625, 21.075, -1.475], "size": [3, 7, 3], "uv": [84, 61]},
						{"origin": [2.525, 23.375, -1.575], "size": [3.2, 5, 3.2], "uv": [78, 52]},
						{"origin": [2.405, 23.375, -1.675], "size": [3.42, 0.2, 3.42], "uv": [107, 8]},
						{"origin": [2.405, 24.075, -1.675], "size": [3.42, 0.2, 3.42], "uv": [106, 8]},
						{"origin": [2.405, 24.8, -1.675], "size": [3.42, 0.2, 3.42], "uv": [106, 10]}
					]
				},
				{
					"name": "LeftHandLocator",
					"parent": "LeftForeArm",
					"pivot": [4.125, 22.575, 0.025]
				},
				{
					"name": "sword",
					"parent": "LeftForeArm",
					"pivot": [4.125, 28.075, 0.025],
					"cubes": [
						{"origin": [4.125, 22.075, -2.975], "size": [1, 1, 7], "uv": [99, 0]},
						{"origin": [4.225, 22.075, -2.975], "size": [0.8, 3, 0.8], "uv": [107, 7]},
						{
							"origin": [4.295, 22.25, -8.975],
							"size": [0.7, 0.7, 7],
							"uv": {
								"north": {"uv": [111, 4], "uv_size": [-6.5, 3.5]},
								"east": {"uv": [104.5, 4], "uv_size": [6.5, 2.5]},
								"south": {"uv": [109, 4], "uv_size": [-5, 3]},
								"west": {"uv": [111, 6], "uv_size": [-7, -4]},
								"up": {"uv": [107.5, 0], "uv_size": [3, 7.5]},
								"down": {"uv": [111, 7], "uv_size": [-5.5, -7]}
							}
						},
						{
							"origin": [4.295, 22.25, -15.975],
							"size": [0.7, 0.7, 7],
							"uv": {
								"north": {"uv": [106, 4], "uv_size": [5, 3]},
								"east": {"uv": [104.5, 4], "uv_size": [6.5, 3]},
								"south": {"uv": [109, 4], "uv_size": [-3.5, 2.5]},
								"west": {"uv": [111, 4], "uv_size": [-4.5, 6.5]},
								"up": {"uv": [107, 0.5], "uv_size": [4, 6.5]},
								"down": {"uv": [111, 6.5], "uv_size": [-4, -5.5]}
							}
						}
					]
				},
				{
					"name": "DUN",
					"parent": "LeftForeArm",
					"pivot": [0.91209, 25.51294, 2.25],
					"rotation": [180, 0, 0],
					"cubes": [
						{
							"origin": [2.5, 17, 1],
							"size": [0.5, 17, 17],
							"pivot": [2, 17, 2],
							"rotation": [0, -90, 0],
							"uv": {
								"north": {"uv": [102.5, 0], "uv_size": [8.5, 9.5]},
								"east": {"uv": [102, 0], "uv_size": [10, 10]},
								"south": {"uv": [99, 7], "uv_size": [12.5, -6.5]},
								"west": {"uv": [103, 1.5], "uv_size": [10, 10]},
								"up": {"uv": [105, 2.5], "uv_size": [5.5, 6.5]},
								"down": {"uv": [108, 8], "uv_size": [-6, -6]}
							}
						},
						{
							"origin": [1, 20, -1],
							"size": [0.5, 11, 3],
							"pivot": [0, 20, 1],
							"rotation": [0, -90, 0],
							"uv": {
								"north": {"uv": [35.5, 0], "uv_size": [3.5, 4]},
								"east": {"uv": [36.5, 0], "uv_size": [2.5, 4]},
								"south": {"uv": [44, 0], "uv_size": [-6.5, 4.5]},
								"west": {"uv": [35, 0], "uv_size": [9, 5.5]},
								"up": {"uv": [44.5, 0], "uv_size": [-7, 7]},
								"down": {"uv": [37, 6.5], "uv_size": [6, -6.5]}
							}
						},
						{"origin": [0.5, 20, -1], "size": [0.5, 1, 1], "pivot": [0, 20, 1], "rotation": [0, -90, 0], "uv": [54, 71]},
						{"origin": [-1.5, 20, -1], "size": [0.5, 1, 1], "pivot": [-2, 20, 1], "rotation": [0, -90, 0], "uv": [54, 71]},
						{"origin": [0.5, 22, -1], "size": [0.5, 1, 1], "pivot": [0, 22, 1], "rotation": [0, -90, 0], "uv": [54, 71]},
						{"origin": [0.5, 24, -1], "size": [0.5, 1, 1], "pivot": [0, 24, 1], "rotation": [0, -90, 0], "uv": [54, 71]},
						{"origin": [-1.5, 24, -1], "size": [0.5, 1, 1], "pivot": [-2, 24, 1], "rotation": [0, -90, 0], "uv": [54, 71]},
						{"origin": [-1.5, 26, -1], "size": [0.5, 1, 1], "pivot": [-2, 26, 1], "rotation": [0, -90, 0], "uv": [54, 71]},
						{"origin": [0.5, 26, -1], "size": [0.5, 1, 1], "pivot": [0, 26, 1], "rotation": [0, -90, 0], "uv": [54, 71]},
						{"origin": [0.5, 28, -1], "size": [0.5, 1, 1], "pivot": [0, 28, 1], "rotation": [0, -90, 0], "uv": [54, 71]},
						{"origin": [0.5, 30, -1], "size": [0.5, 1, 1], "pivot": [0, 30, 1], "rotation": [0, -90, 0], "uv": [54, 71]},
						{"origin": [-1.5, 28, -1], "size": [0.5, 1, 1], "pivot": [-2, 28, 1], "rotation": [0, -90, 0], "uv": [54, 71]},
						{"origin": [-1.5, 30, -1], "size": [0.5, 1, 1], "pivot": [-2, 30, 1], "rotation": [0, -90, 0], "uv": [54, 71]},
						{"origin": [-1.5, 22, -1], "size": [0.5, 1, 1], "pivot": [-2, 22, 1], "rotation": [0, -90, 0], "uv": [54, 71]},
						{"origin": [2, 20, -1], "size": [0.5, 11, 1], "pivot": [1, 20, 1], "rotation": [0, -90, 0], "uv": [105, -1]},
						{"origin": [-2, 20, -1], "size": [0.5, 11, 1], "pivot": [-3, 20, 1], "rotation": [0, -90, 0], "uv": [105, -1]},
						{"origin": [2, 19, -1], "size": [0.5, 1, 5], "pivot": [1, 19, 1], "rotation": [0, -90, 0], "uv": [101, -5]},
						{"origin": [2, 31, -1], "size": [0.5, 1, 5], "pivot": [1, 31, 1], "rotation": [0, -90, 0], "uv": [101, -5]},
						{
							"origin": [11.5, 20, 2],
							"size": [0.5, 2, 6],
							"pivot": [11, 20, 2],
							"rotation": [0, -90, 0],
							"uv": {
								"north": {"uv": [102.5, 0], "uv_size": [8.5, 9.5]},
								"east": {"uv": [102, 0], "uv_size": [10, 10]},
								"south": {"uv": [99, 7], "uv_size": [12.5, -6.5]},
								"west": {"uv": [103, 1.5], "uv_size": [10, 10]},
								"up": {"uv": [105, 2.5], "uv_size": [5.5, 6.5]},
								"down": {"uv": [108, 8], "uv_size": [-6, -6]}
							}
						},
						{
							"origin": [2.45711, 17.87867, 0.95],
							"size": [0.5, 6.8284, 2.8284],
							"pivot": [2.70711, 19.29287, 2.75],
							"rotation": [0, -90, 45],
							"uv": {
								"north": {"uv": [102.5, 0], "uv_size": [8.5, 9.5]},
								"east": {"uv": [102, 0], "uv_size": [10, 10]},
								"south": {"uv": [99, 7], "uv_size": [12.5, -6.5]},
								"west": {"uv": [103, 1.5], "uv_size": [10, 10]},
								"up": {"uv": [105, 2.5], "uv_size": [5.5, 6.5]},
								"down": {"uv": [108, 8], "uv_size": [-6, -6]}
							}
						},
						{
							"origin": [4.45711, 28.87867, 0.95],
							"size": [0.5, 2.8284, 5.8284],
							"pivot": [4.70711, 30.29287, 2.75],
							"rotation": [0, -90, 45],
							"uv": {
								"north": {"uv": [102.5, 0], "uv_size": [8.5, 9.5]},
								"east": {"uv": [102, 0], "uv_size": [10, 10]},
								"south": {"uv": [99, 7], "uv_size": [12.5, -6.5]},
								"west": {"uv": [103, 1.5], "uv_size": [10, 10]},
								"up": {"uv": [105, 2.5], "uv_size": [5.5, 6.5]},
								"down": {"uv": [108, 8], "uv_size": [-6, -6]}
							}
						},
						{
							"origin": [11.5, 29, 2],
							"size": [0.5, 2, 6],
							"pivot": [11, 29, 2],
							"rotation": [0, -90, 0],
							"uv": {
								"north": {"uv": [102.5, 0], "uv_size": [8.5, 9.5]},
								"east": {"uv": [102, 0], "uv_size": [10, 10]},
								"south": {"uv": [99, 7], "uv_size": [12.5, -6.5]},
								"west": {"uv": [103, 1.5], "uv_size": [10, 10]},
								"up": {"uv": [105, 2.5], "uv_size": [5.5, 6.5]},
								"down": {"uv": [108, 8], "uv_size": [-6, -6]}
							}
						},
						{
							"origin": [11.5, 20.5, 0.55],
							"size": [0.5, 2.854, 1.414],
							"pivot": [11, 22, 2],
							"rotation": [0, -90, 45],
							"uv": {
								"north": {"uv": [102.5, 0], "uv_size": [8.5, 9.5]},
								"east": {"uv": [102, 0], "uv_size": [10, 10]},
								"south": {"uv": [99, 7], "uv_size": [12.5, -6.5]},
								"west": {"uv": [103, 1.5], "uv_size": [10, 10]},
								"up": {"uv": [105, 2.5], "uv_size": [5.5, 6.5]},
								"down": {"uv": [108, 8], "uv_size": [-6, -6]}
							}
						},
						{
							"origin": [11.5, 27.5, 0.55],
							"size": [0.5, 2.854, 1.414],
							"pivot": [11, 29, 2],
							"rotation": [0, -90, -45],
							"uv": {
								"north": {"uv": [102.5, 0], "uv_size": [8.5, 9.5]},
								"east": {"uv": [102, 0], "uv_size": [10, 10]},
								"south": {"uv": [99, 7], "uv_size": [12.5, -6.5]},
								"west": {"uv": [103, 1.5], "uv_size": [10, 10]},
								"up": {"uv": [105, 2.5], "uv_size": [5.5, 6.5]},
								"down": {"uv": [108, 8], "uv_size": [-6, -6]}
							}
						},
						{
							"origin": [12.5, 22, 0.95],
							"size": [0.5, 7, 2],
							"pivot": [12, 22, 2],
							"rotation": [0, -90, 0],
							"uv": {
								"north": {"uv": [102.5, 0], "uv_size": [8.5, 9.5]},
								"east": {"uv": [102, 0], "uv_size": [10, 10]},
								"south": {"uv": [99, 7], "uv_size": [12.5, -6.5]},
								"west": {"uv": [103, 1.5], "uv_size": [10, 10]},
								"up": {"uv": [105, 2.5], "uv_size": [5.5, 6.5]},
								"down": {"uv": [108, 8], "uv_size": [-6, -6]}
							}
						},
						{
							"origin": [7.5, 21, 1],
							"size": [0.5, 9, 5],
							"pivot": [7, 21, 2],
							"rotation": [0, -90, 0],
							"uv": {
								"north": {"uv": [102.5, 0], "uv_size": [8.5, 9.5]},
								"east": {"uv": [102, 0], "uv_size": [10, 10]},
								"south": {"uv": [99, 7], "uv_size": [12.5, -6.5]},
								"west": {"uv": [103, 1.5], "uv_size": [10, 10]},
								"up": {"uv": [105, 2.5], "uv_size": [5.5, 6.5]},
								"down": {"uv": [108, 8], "uv_size": [-6, -6]}
							}
						},
						{
							"origin": [-11.5, 19, 1],
							"size": [0.5, 13, 5],
							"pivot": [-12, 19, 2],
							"rotation": [0, -90, 0],
							"uv": {
								"north": {"uv": [102.5, 0], "uv_size": [8.5, 9.5]},
								"east": {"uv": [102, 0], "uv_size": [10, 10]},
								"south": {"uv": [99, 7], "uv_size": [12.5, -6.5]},
								"west": {"uv": [103, 1.5], "uv_size": [10, 10]},
								"up": {"uv": [105, 2.5], "uv_size": [5.5, 6.5]},
								"down": {"uv": [108, 8], "uv_size": [-6, -6]}
							}
						},
						{
							"origin": [-14.5, 18, 0.56],
							"size": [0.5, 2.8284, 2.8284],
							"pivot": [-15, 18, 2],
							"rotation": [0, -90, 45],
							"uv": {
								"north": {"uv": [102.5, 0], "uv_size": [8.5, 9.5]},
								"east": {"uv": [102, 0], "uv_size": [10, 10]},
								"south": {"uv": [99, 7], "uv_size": [12.5, -6.5]},
								"west": {"uv": [103, 1.5], "uv_size": [10, 10]},
								"up": {"uv": [105, 2.5], "uv_size": [5.5, 6.5]},
								"down": {"uv": [108, 8], "uv_size": [-6, -6]}
							}
						},
						{
							"origin": [-14.5, 31, 0.56],
							"size": [0.5, 2.8284, 2.8284],
							"pivot": [-15, 31, 2],
							"rotation": [0, -90, 45],
							"uv": {
								"north": {"uv": [102.5, 0], "uv_size": [8.5, 9.5]},
								"east": {"uv": [102, 0], "uv_size": [10, 10]},
								"south": {"uv": [99, 7], "uv_size": [12.5, -6.5]},
								"west": {"uv": [103, 1.5], "uv_size": [10, 10]},
								"up": {"uv": [105, 2.5], "uv_size": [5.5, 6.5]},
								"down": {"uv": [108, 8], "uv_size": [-6, -6]}
							}
						}
					]
				},
				{
					"name": "bone4",
					"parent": "LeftArm",
					"pivot": [3, 32.85, 1.1],
					"rotation": [10, 5, -17.5]
				},
				{
					"name": "bone3",
					"parent": "LeftArm",
					"pivot": [5.4, 30.025, 0],
					"cubes": [
						{"origin": [3.79, 30.025, -1], "size": [2, 0.5, 2], "uv": [102, 46]},
						{"origin": [3.79, 29.525, -1], "size": [2, 0.5, 2], "uv": [106, 50]},
						{"origin": [3.79, 29.025, -1], "size": [2, 0.5, 2], "uv": [105, 52]}
					]
				},
				{
					"name": "bone5",
					"parent": "LeftArm",
					"pivot": [5.4, 29.025, 0],
					"cubes": [
						{"origin": [3.79, 33.025, -1], "size": [2, 0.5, 2], "uv": [35, 2]},
						{"origin": [3.79, 34.025, -0.5], "size": [2, -1.5, 0.5], "uv": [37, 4]}
					]
				},
				{
					"name": "RightArm",
					"parent": "Arm",
					"pivot": [-3.4, 34.025, 0],
					"rotation": [0, 0, 18],
					"cubes": [
						{"origin": [-5.65, 28.075, -1.5], "size": [3.05, 7, 3], "uv": [0, 66]},
						{"origin": [-5.7, 27.9, -1.7], "size": [3.25, 7.3, 3.4], "uv": [90, 51]},
						{"origin": [-5.45, 27.175, -1.1], "size": [2.55, 2, 2.2], "uv": [27, 42]},
						{"origin": [-5.5, 27.125, -1.125], "size": [2.7, 2.05, 2.3], "uv": [0, 0]},
						{"origin": [-5.8, 33.025, -1.5], "size": [2, 0.2, 2], "uv": [106, 2]},
						{"origin": [-5.75, 32.8725, -1.8], "size": [0.5, 0.5, 0.5], "uv": [2, 82]}
					]
				},
				{
					"name": "RightForeArm",
					"parent": "RightArm",
					"pivot": [-4.125, 28.075, 0.025],
					"cubes": [
						{"origin": [-5.725, 23.375, -1.575], "size": [3.2, 5, 3.2], "uv": [83, 12]},
						{"origin": [-5.625, 21.075, -1.475], "size": [3, 7, 3], "uv": [72, 60]},
						{"origin": [-5.82579, 23.3357, -1.675], "size": [3.3, 0.2, 3.542], "uv": [106, 8]},
						{"origin": [-5.82579, 24.0357, -1.675], "size": [3.3, 0.2, 3.542], "uv": [107, 8]},
						{"origin": [-5.82579, 24.8357, -1.675], "size": [3.3, 0.2, 3.542], "uv": [107, 8]}
					]
				},
				{
					"name": "RightHandLocator",
					"parent": "RightForeArm",
					"pivot": [-4.125, 22.575, 0.025]
				},
				{
					"name": "XUNZHANG2",
					"parent": "RightForeArm",
					"pivot": [-7, 18, -22],
					"rotation": [-90, -12.5, 90],
					"cubes": [
						{"origin": [-8.4, 41.55, -23.2], "size": [0.4, 1.4, 0.2], "pivot": [-14.7, 43.05, -21.8], "rotation": [0, 0, 12.5], "uv": [107, 7]},
						{"origin": [-9.4, 41.55, -23.22], "size": [1.4, 0.4, 0.2], "pivot": [-12.7, 40.85, -21.8], "rotation": [0, 0, 12.5], "uv": [106, 7]},
						{"origin": [-8.5, 41.55, -23.3], "size": [0.5, 1.5, 0.2], "pivot": [-15, 42.85, -14.9], "rotation": [0, 0, 12.5], "uv": [110, 41]},
						{"origin": [-9.5, 41.55, -23.3], "size": [1.5, 0.5, 0.2], "pivot": [-13, 40.55, -14.9], "rotation": [0, 0, 12.5], "uv": [109, 41]}
					]
				},
				{
					"name": "sword3",
					"parent": "RightForeArm",
					"pivot": [-4.125, 28.075, 0.025],
					"cubes": [
						{"origin": [-5.125, 22.075, -2.975], "size": [1, 1, 7], "uv": [99, 0], "mirror": true},
						{"origin": [-5.025, 22.075, -2.975], "size": [0.8, 3, 0.8], "uv": [107, 7], "mirror": true},
						{
							"origin": [-4.995, 22.25, -8.975],
							"size": [0.7, 0.7, 7],
							"uv": {
								"north": {"uv": [111, 4], "uv_size": [-6, 1]},
								"east": {"uv": [100, 4], "uv_size": [11, 4]},
								"south": {"uv": [111, 4], "uv_size": [-5, 2.5]},
								"west": {"uv": [111, 4], "uv_size": [-5, 3]},
								"up": {"uv": [113, 2.5], "uv_size": [-8.5, 7]},
								"down": {"uv": [111.5, 8], "uv_size": [-5, -7]}
							}
						},
						{
							"origin": [-4.995, 22.25, -15.975],
							"size": [0.7, 0.7, 7],
							"uv": {
								"north": {"uv": [111, 2], "uv_size": [-4.5, 5.5]},
								"east": {"uv": [103, 2], "uv_size": [8, 2.5]},
								"south": {"uv": [111.5, 2], "uv_size": [-5.5, 3.5]},
								"west": {"uv": [111, 2], "uv_size": [-2.5, 5.5]},
								"up": {"uv": [105, 1.5], "uv_size": [7, 5.5]},
								"down": {"uv": [113.5, 8.5], "uv_size": [-8, -7.5]}
							}
						}
					]
				},
				{
					"name": "DUN2",
					"parent": "RightForeArm",
					"pivot": [0.91209, 25.51294, 2.25],
					"rotation": [-180, 0, 180],
					"cubes": [
						{
							"origin": [2.5, 17, 1],
							"size": [0.5, 17, 17],
							"pivot": [2, 17, 2],
							"rotation": [0, -90, 0],
							"uv": {
								"north": {"uv": [102.5, 0], "uv_size": [8.5, 9.5]},
								"east": {"uv": [102, 0], "uv_size": [10, 10]},
								"south": {"uv": [99, 7], "uv_size": [12.5, -6.5]},
								"west": {"uv": [103, 1.5], "uv_size": [10, 10]},
								"up": {"uv": [105, 2.5], "uv_size": [5.5, 6.5]},
								"down": {"uv": [108, 8], "uv_size": [-6, -6]}
							}
						},
						{
							"origin": [1, 20, -1],
							"size": [0.5, 11, 3],
							"pivot": [0, 20, 1],
							"rotation": [0, -90, 0],
							"uv": {
								"north": {"uv": [35.5, 0], "uv_size": [3.5, 4]},
								"east": {"uv": [36.5, 0], "uv_size": [2.5, 4]},
								"south": {"uv": [44, 0], "uv_size": [-6.5, 4.5]},
								"west": {"uv": [35, 0], "uv_size": [9, 5.5]},
								"up": {"uv": [44.5, 0], "uv_size": [-7, 7]},
								"down": {"uv": [37, 6.5], "uv_size": [6, -6.5]}
							}
						},
						{"origin": [0.5, 20, -1], "size": [0.5, 1, 1], "pivot": [0, 20, 1], "rotation": [0, -90, 0], "uv": [54, 71]},
						{"origin": [-1.5, 20, -1], "size": [0.5, 1, 1], "pivot": [-2, 20, 1], "rotation": [0, -90, 0], "uv": [54, 71]},
						{"origin": [0.5, 22, -1], "size": [0.5, 1, 1], "pivot": [0, 22, 1], "rotation": [0, -90, 0], "uv": [54, 71]},
						{"origin": [0.5, 24, -1], "size": [0.5, 1, 1], "pivot": [0, 24, 1], "rotation": [0, -90, 0], "uv": [54, 71]},
						{"origin": [-1.5, 24, -1], "size": [0.5, 1, 1], "pivot": [-2, 24, 1], "rotation": [0, -90, 0], "uv": [54, 71]},
						{"origin": [-1.5, 26, -1], "size": [0.5, 1, 1], "pivot": [-2, 26, 1], "rotation": [0, -90, 0], "uv": [54, 71]},
						{"origin": [0.5, 26, -1], "size": [0.5, 1, 1], "pivot": [0, 26, 1], "rotation": [0, -90, 0], "uv": [54, 71]},
						{"origin": [0.5, 28, -1], "size": [0.5, 1, 1], "pivot": [0, 28, 1], "rotation": [0, -90, 0], "uv": [54, 71]},
						{"origin": [0.5, 30, -1], "size": [0.5, 1, 1], "pivot": [0, 30, 1], "rotation": [0, -90, 0], "uv": [54, 71]},
						{"origin": [-1.5, 28, -1], "size": [0.5, 1, 1], "pivot": [-2, 28, 1], "rotation": [0, -90, 0], "uv": [54, 71]},
						{"origin": [-1.5, 30, -1], "size": [0.5, 1, 1], "pivot": [-2, 30, 1], "rotation": [0, -90, 0], "uv": [54, 71]},
						{"origin": [-1.5, 22, -1], "size": [0.5, 1, 1], "pivot": [-2, 22, 1], "rotation": [0, -90, 0], "uv": [54, 71]},
						{"origin": [2, 20, -1], "size": [0.5, 11, 1], "pivot": [1, 20, 1], "rotation": [0, -90, 0], "uv": [105, -1]},
						{"origin": [-2, 20, -1], "size": [0.5, 11, 1], "pivot": [-3, 20, 1], "rotation": [0, -90, 0], "uv": [105, -1]},
						{"origin": [2, 19, -1], "size": [0.5, 1, 5], "pivot": [1, 19, 1], "rotation": [0, -90, 0], "uv": [101, -5]},
						{"origin": [2, 31, -1], "size": [0.5, 1, 5], "pivot": [1, 31, 1], "rotation": [0, -90, 0], "uv": [101, -5]},
						{
							"origin": [11.5, 20, 2],
							"size": [0.5, 2, 6],
							"pivot": [11, 20, 2],
							"rotation": [0, -90, 0],
							"uv": {
								"north": {"uv": [102.5, 0], "uv_size": [8.5, 9.5]},
								"east": {"uv": [102, 0], "uv_size": [10, 10]},
								"south": {"uv": [99, 7], "uv_size": [12.5, -6.5]},
								"west": {"uv": [103, 1.5], "uv_size": [10, 10]},
								"up": {"uv": [105, 2.5], "uv_size": [5.5, 6.5]},
								"down": {"uv": [108, 8], "uv_size": [-6, -6]}
							}
						},
						{
							"origin": [2.45711, 17.87867, 0.95],
							"size": [0.5, 6.8284, 2.8284],
							"pivot": [2.70711, 19.29287, 2.75],
							"rotation": [0, -90, 45],
							"uv": {
								"north": {"uv": [102.5, 0], "uv_size": [8.5, 9.5]},
								"east": {"uv": [102, 0], "uv_size": [10, 10]},
								"south": {"uv": [99, 7], "uv_size": [12.5, -6.5]},
								"west": {"uv": [103, 1.5], "uv_size": [10, 10]},
								"up": {"uv": [105, 2.5], "uv_size": [5.5, 6.5]},
								"down": {"uv": [108, 8], "uv_size": [-6, -6]}
							}
						},
						{
							"origin": [4.45711, 28.87867, 0.95],
							"size": [0.5, 2.8284, 5.8284],
							"pivot": [4.70711, 30.29287, 2.75],
							"rotation": [0, -90, 45],
							"uv": {
								"north": {"uv": [102.5, 0], "uv_size": [8.5, 9.5]},
								"east": {"uv": [102, 0], "uv_size": [10, 10]},
								"south": {"uv": [99, 7], "uv_size": [12.5, -6.5]},
								"west": {"uv": [103, 1.5], "uv_size": [10, 10]},
								"up": {"uv": [105, 2.5], "uv_size": [5.5, 6.5]},
								"down": {"uv": [108, 8], "uv_size": [-6, -6]}
							}
						},
						{
							"origin": [11.5, 29, 2],
							"size": [0.5, 2, 6],
							"pivot": [11, 29, 2],
							"rotation": [0, -90, 0],
							"uv": {
								"north": {"uv": [102.5, 0], "uv_size": [8.5, 9.5]},
								"east": {"uv": [102, 0], "uv_size": [10, 10]},
								"south": {"uv": [99, 7], "uv_size": [12.5, -6.5]},
								"west": {"uv": [103, 1.5], "uv_size": [10, 10]},
								"up": {"uv": [105, 2.5], "uv_size": [5.5, 6.5]},
								"down": {"uv": [108, 8], "uv_size": [-6, -6]}
							}
						},
						{
							"origin": [11.5, 20.5, 0.55],
							"size": [0.5, 2.854, 1.414],
							"pivot": [11, 22, 2],
							"rotation": [0, -90, 45],
							"uv": {
								"north": {"uv": [102.5, 0], "uv_size": [8.5, 9.5]},
								"east": {"uv": [102, 0], "uv_size": [10, 10]},
								"south": {"uv": [99, 7], "uv_size": [12.5, -6.5]},
								"west": {"uv": [103, 1.5], "uv_size": [10, 10]},
								"up": {"uv": [105, 2.5], "uv_size": [5.5, 6.5]},
								"down": {"uv": [108, 8], "uv_size": [-6, -6]}
							}
						},
						{
							"origin": [11.5, 27.5, 0.55],
							"size": [0.5, 2.854, 1.414],
							"pivot": [11, 29, 2],
							"rotation": [0, -90, -45],
							"uv": {
								"north": {"uv": [102.5, 0], "uv_size": [8.5, 9.5]},
								"east": {"uv": [102, 0], "uv_size": [10, 10]},
								"south": {"uv": [99, 7], "uv_size": [12.5, -6.5]},
								"west": {"uv": [103, 1.5], "uv_size": [10, 10]},
								"up": {"uv": [105, 2.5], "uv_size": [5.5, 6.5]},
								"down": {"uv": [108, 8], "uv_size": [-6, -6]}
							}
						},
						{
							"origin": [12.5, 22, 0.95],
							"size": [0.5, 7, 2],
							"pivot": [12, 22, 2],
							"rotation": [0, -90, 0],
							"uv": {
								"north": {"uv": [102.5, 0], "uv_size": [8.5, 9.5]},
								"east": {"uv": [102, 0], "uv_size": [10, 10]},
								"south": {"uv": [99, 7], "uv_size": [12.5, -6.5]},
								"west": {"uv": [103, 1.5], "uv_size": [10, 10]},
								"up": {"uv": [105, 2.5], "uv_size": [5.5, 6.5]},
								"down": {"uv": [108, 8], "uv_size": [-6, -6]}
							}
						},
						{
							"origin": [7.5, 21, 1],
							"size": [0.5, 9, 5],
							"pivot": [7, 21, 2],
							"rotation": [0, -90, 0],
							"uv": {
								"north": {"uv": [102.5, 0], "uv_size": [8.5, 9.5]},
								"east": {"uv": [102, 0], "uv_size": [10, 10]},
								"south": {"uv": [99, 7], "uv_size": [12.5, -6.5]},
								"west": {"uv": [103, 1.5], "uv_size": [10, 10]},
								"up": {"uv": [105, 2.5], "uv_size": [5.5, 6.5]},
								"down": {"uv": [108, 8], "uv_size": [-6, -6]}
							}
						},
						{
							"origin": [-11.5, 19, 1],
							"size": [0.5, 13, 5],
							"pivot": [-12, 19, 2],
							"rotation": [0, -90, 0],
							"uv": {
								"north": {"uv": [102.5, 0], "uv_size": [8.5, 9.5]},
								"east": {"uv": [102, 0], "uv_size": [10, 10]},
								"south": {"uv": [99, 7], "uv_size": [12.5, -6.5]},
								"west": {"uv": [103, 1.5], "uv_size": [10, 10]},
								"up": {"uv": [105, 2.5], "uv_size": [5.5, 6.5]},
								"down": {"uv": [108, 8], "uv_size": [-6, -6]}
							}
						},
						{
							"origin": [-14.5, 18, 0.56],
							"size": [0.5, 2.8284, 2.8284],
							"pivot": [-15, 18, 2],
							"rotation": [0, -90, 45],
							"uv": {
								"north": {"uv": [102.5, 0], "uv_size": [8.5, 9.5]},
								"east": {"uv": [102, 0], "uv_size": [10, 10]},
								"south": {"uv": [99, 7], "uv_size": [12.5, -6.5]},
								"west": {"uv": [103, 1.5], "uv_size": [10, 10]},
								"up": {"uv": [105, 2.5], "uv_size": [5.5, 6.5]},
								"down": {"uv": [108, 8], "uv_size": [-6, -6]}
							}
						},
						{
							"origin": [-14.5, 31, 0.56],
							"size": [0.5, 2.8284, 2.8284],
							"pivot": [-15, 31, 2],
							"rotation": [0, -90, 45],
							"uv": {
								"north": {"uv": [102.5, 0], "uv_size": [8.5, 9.5]},
								"east": {"uv": [102, 0], "uv_size": [10, 10]},
								"south": {"uv": [99, 7], "uv_size": [12.5, -6.5]},
								"west": {"uv": [103, 1.5], "uv_size": [10, 10]},
								"up": {"uv": [105, 2.5], "uv_size": [5.5, 6.5]},
								"down": {"uv": [108, 8], "uv_size": [-6, -6]}
							}
						}
					]
				},
				{
					"name": "HK416",
					"parent": "RightForeArm",
					"pivot": [-4.125, 23.075, 0.025],
					"cubes": [
						{"origin": [-3.95, 22.075, -3.975], "size": [0.7, 5, 0.7], "uv": [122, 89]},
						{"origin": [-4.125, 17.075, -3.975], "size": [1.1, 5, 0.7], "uv": [108, 4]},
						{"origin": [-4.225, 19.075, -3.975], "size": [1.2, 3, 0.7], "uv": [108, 4]},
						{"origin": [-4.225, 17.075, -3.975], "size": [1.2, 2, 0.7], "pivot": [-3.625, 18.075, -3.625], "rotation": [0, -7.5, 0], "uv": [108, 4]},
						{"origin": [-4.325, 21.075, -4.3], "size": [0.3, 1, 0.3], "pivot": [-4.175, 21.575, -3.825], "rotation": [0, 0, -15], "uv": [110, 5]},
						{"origin": [-4.225, 12.075, -3.975], "size": [1.2, 5, 0.8], "uv": [108, 5]},
						{
							"origin": [-3.95, 27.075, -3.975],
							"size": [0.7, 0.7, 2.7],
							"uv": {
								"north": {"uv": [123, 83], "uv_size": [0, 0]},
								"east": {"uv": [121, 83], "uv_size": [2, 0]},
								"south": {"uv": [123, 83], "uv_size": [2, 0.5]},
								"west": {"uv": [123, 83], "uv_size": [2, 0]},
								"up": {"uv": [123, 81], "uv_size": [0, 2]},
								"down": {"uv": [123, 83], "uv_size": [0, -2]}
							}
						},
						{"origin": [-3.95, 23.35, -2.975], "size": [0.7, 4.2, 0.7], "pivot": [-3.6, 25.425, -2.625], "rotation": [-30, 0, 0], "uv": [122, 82]},
						{"origin": [-4.125, 17.075, -4.475], "size": [1, 5, 2.15], "uv": [106, 5]},
						{"origin": [-4.025, 19.075, -5.475], "size": [0.8, 2, 0.8], "uv": [110, 8]},
						{"origin": [-4.225, 19.075, -5.075], "size": [0.3, 0.8, 0.8], "uv": [111, 8]},
						{"origin": [-4.125, 18.075, -5.475], "size": [1, 0.8, 1], "uv": [119, 82]},
						{"origin": [-4.125, 17.075, -4.975], "size": [1, 1, 0.5], "uv": [122, 82]},
						{"origin": [-4.225, 22.075, -4.375], "size": [1.2, 0.25, 0.25], "uv": [108, 7]},
						{"origin": [-4.125, 17.075, -2.475], "size": [1, 2, 1], "uv": [105, 4]},
						{"origin": [-4.025, 17.175, -2.475], "size": [0.8, 1.8, 2], "uv": [105, 3]},
						{"origin": [-4.025, 16.8375, -0.95], "size": [0.8, 1.8, 2.5], "pivot": [-3.625, 17.075, 0.525], "rotation": [-15, 0, 0], "uv": [105, 3]},
						{"origin": [-4.125, 16.7375, 1.75], "size": [1, 2, -0.8], "pivot": [-3.625, 17.075, 0.525], "rotation": [-15, 0, 0], "uv": [124, 79]},
						{"origin": [-4.125, 20.575, -2.475], "size": [1, 1.5, 1], "uv": [106, 5]},
						{"origin": [-4.125, 19.075, -1.775], "size": [1, 1.5, 0.15], "uv": [108, 7]},
						{"origin": [-4.125, 21.075, -1.475], "size": [1, 1.24, 2.5], "pivot": [-4.125, 21.075, -0.975], "rotation": [23.98039, 0.19929, 3.20105], "uv": [103, 0]},
						{"origin": [-4.125, 12.075, -4.475], "size": [1, 5, 1.8], "uv": [104, 1]},
						{"origin": [-3.9, 14.075, -2.675], "size": [0.6, 0.6, 2], "uv": [124, 84]},
						{"origin": [-4.025, 8.075, -3.975], "size": [0.8, 4, 0.8], "uv": [106, 2]}
					]
				},
				{
					"name": "bone22",
					"parent": "HK416",
					"pivot": [0, -15, 0],
					"cubes": [
						{"origin": [-4.325, 15.475, -3.975], "size": [1.4, 0.2, 0.8], "uv": [108, 5]},
						{"origin": [-4.325, 15.875, -3.975], "size": [1.4, 0.2, 0.8], "uv": [108, 5]},
						{"origin": [-4.325, 16.675, -3.975], "size": [1.4, 0.2, 0.8], "uv": [108, 5]},
						{"origin": [-4.325, 16.275, -3.975], "size": [1.4, 0.2, 0.8], "uv": [108, 5]},
						{"origin": [-4.325, 12.275, -3.975], "size": [1.4, 0.2, 0.8], "uv": [108, 5]},
						{"origin": [-4.325, 12.675, -3.975], "size": [1.4, 0.2, 0.8], "uv": [108, 5]},
						{"origin": [-4.325, 13.475, -3.975], "size": [1.4, 0.2, 0.8], "uv": [108, 5]},
						{"origin": [-4.325, 13.875, -3.975], "size": [1.4, 0.2, 0.8], "uv": [108, 5]},
						{"origin": [-4.325, 14.275, -3.975], "size": [1.4, 0.2, 0.8], "uv": [108, 5]},
						{"origin": [-4.325, 14.675, -3.975], "size": [1.4, 0.2, 0.8], "uv": [108, 5]},
						{"origin": [-4.325, 15.075, -3.975], "size": [1.4, 0.2, 0.8], "uv": [108, 5]},
						{"origin": [-4.325, 13.075, -3.975], "size": [1.4, 0.2, 0.8], "uv": [108, 5]}
					]
				},
				{
					"name": "bone23",
					"parent": "HK416",
					"pivot": [0, -15, -1],
					"cubes": [
						{"origin": [-4.025, 15.475, -4.545], "size": [0.8, 0.2, 0.8], "uv": [109, 5]},
						{"origin": [-4.025, 15.875, -4.545], "size": [0.8, 0.2, 0.8], "uv": [109, 5]},
						{"origin": [-4.025, 16.675, -4.545], "size": [0.8, 0.2, 0.8], "uv": [109, 5]},
						{"origin": [-4.025, 16.275, -4.545], "size": [0.8, 0.2, 0.8], "uv": [109, 5]},
						{"origin": [-4.025, 12.275, -4.545], "size": [0.8, 0.2, 0.8], "uv": [109, 5]},
						{"origin": [-4.025, 12.675, -4.545], "size": [0.8, 0.2, 0.8], "uv": [109, 5]},
						{"origin": [-4.025, 13.475, -4.545], "size": [0.8, 0.2, 0.8], "uv": [109, 5]},
						{"origin": [-4.025, 13.875, -4.545], "size": [0.8, 0.2, 0.8], "uv": [109, 5]},
						{"origin": [-4.025, 14.275, -4.545], "size": [0.8, 0.2, 0.8], "uv": [109, 5]},
						{"origin": [-4.025, 14.675, -4.545], "size": [0.8, 0.2, 0.8], "uv": [109, 5]},
						{"origin": [-4.025, 15.075, -4.545], "size": [0.8, 0.2, 0.8], "uv": [109, 5]},
						{"origin": [-4.025, 13.075, -4.545], "size": [0.8, 0.2, 0.8], "uv": [109, 5]}
					]
				},
				{
					"name": "bone24",
					"parent": "HK416",
					"pivot": [-3.625, 19.575, -4.145],
					"cubes": [
						{"origin": [-4.025, 20.475, -4.545], "size": [0.8, 0.2, 0.8], "uv": [109, 5]},
						{"origin": [-4.025, 20.875, -4.545], "size": [0.8, 0.2, 0.8], "uv": [109, 5]},
						{"origin": [-4.025, 21.675, -4.545], "size": [0.8, 0.2, 0.8], "uv": [109, 5]},
						{"origin": [-4.025, 21.275, -4.545], "size": [0.8, 0.2, 0.8], "uv": [109, 5]},
						{"origin": [-4.025, 17.275, -4.545], "size": [0.8, 0.2, 0.8], "uv": [109, 5]},
						{"origin": [-4.025, 17.675, -4.545], "size": [0.8, 0.2, 0.8], "uv": [109, 5]},
						{"origin": [-4.025, 18.475, -4.545], "size": [0.8, 0.2, 0.8], "uv": [109, 5]},
						{"origin": [-4.025, 18.875, -4.545], "size": [0.8, 0.2, 0.8], "uv": [109, 5]},
						{"origin": [-4.025, 19.275, -4.545], "size": [0.8, 0.2, 0.8], "uv": [109, 5]},
						{"origin": [-4.025, 19.675, -4.545], "size": [0.8, 0.2, 0.8], "uv": [109, 5]},
						{"origin": [-4.025, 20.075, -4.545], "size": [0.8, 0.2, 0.8], "uv": [109, 5]},
						{"origin": [-4.025, 18.075, -4.545], "size": [0.8, 0.2, 0.8], "uv": [109, 5]}
					]
				},
				{
					"name": "Collar",
					"parent": "UpBody",
					"pivot": [0, 33.925, 0.975],
					"rotation": [-15, 0, 0]
				},
				{
					"name": "bone8",
					"parent": "Collar",
					"pivot": [1.5, 34.125, -1.525]
				},
				{
					"name": "bone",
					"parent": "Collar",
					"pivot": [2.9694, 27.08673, -0.33646],
					"rotation": [0, -15, -5],
					"cubes": [
						{"origin": [4, 21.85, -1.9], "size": [2, 12, 5], "pivot": [5, 21.85, -0.9], "rotation": [0, 0, -12.5], "uv": [96, -3]},
						{"origin": [4.3, 21.85, -2], "size": [0.7, 10, 5], "pivot": [5, 21.85, -0.9], "rotation": [0, 0, -12.5], "uv": [4, 21]},
						{"origin": [2.2235, 27.12, -2], "size": [1, 2, 0.2], "pivot": [4, 26.85, -0.9], "rotation": [0, 0, -5], "uv": [7, 31]},
						{"origin": [2.2235, 29.42, -2.1], "size": [1, 0.3, 0.2], "pivot": [4, 28.85, -0.9], "rotation": [0, 0, -30], "uv": [55, 48]},
						{"origin": [1.5, 27.85, -2], "size": [1, 1, 0.2], "pivot": [3, 27.85, -0.9], "rotation": [0, 0, 47.5], "uv": [7, 31]},
						{
							"origin": [4.9, 21.85, -2.1],
							"size": [0.2, 10, 5],
							"pivot": [5, 20.85, -1.9],
							"rotation": [0, 0, -12.5],
							"uv": {
								"north": {"uv": [109, 33], "uv_size": [0, 10]},
								"east": {"uv": [114, 33], "uv_size": [-5, 10]},
								"south": {"uv": [114, 33], "uv_size": [0, 10]},
								"west": {"uv": [109, 33], "uv_size": [-5, 10]},
								"up": {"uv": [109, 28], "uv_size": [0, 5]},
								"down": {"uv": [109, 33], "uv_size": [0, -5]}
							}
						},
						{"origin": [4.85, 21.85, -2.15], "size": [0.3, 0.3, 5], "pivot": [5, 20.85, -1.9], "rotation": [0, 0, -12.5], "uv": [-4, 77], "mirror": true},
						{
							"origin": [3, 21.85, -1.9],
							"size": [1, 8, 0],
							"pivot": [3, 21.85, -0.9],
							"rotation": [0, 0, -5],
							"uv": {
								"north": {"uv": [116, 2], "uv_size": [-5, 8.5]},
								"east": {"uv": [106.5, 0], "uv_size": [5, 12]},
								"south": {"uv": [108, 2], "uv_size": [2, 12]},
								"west": {"uv": [103, 2], "uv_size": [5, 12]},
								"up": {"uv": [101, -3], "uv_size": [2, 5]},
								"down": {"uv": [103, 2], "uv_size": [2, -5]}
							}
						},
						{"origin": [-4, 23.85, 2.1], "size": [8, 10, 2], "pivot": [0, 26.85, 1.1], "rotation": [7.5, 0, 0], "uv": [97, 1]}
					]
				},
				{
					"name": "bone9",
					"parent": "bone",
					"pivot": [5, 23, -1],
					"cubes": [
						{"origin": [4.8, 23, -2], "size": [1, 0.5, 2], "pivot": [5, 23, -1], "rotation": [0, 0, -12.5], "uv": [14, 84]},
						{"origin": [4.8, 25, -2], "size": [1, 0.5, 2], "pivot": [5, 23, -1], "rotation": [0, 0, -12.5], "uv": [6, 81]},
						{"origin": [4.8, 26, -2], "size": [1, 0.5, 2], "pivot": [5, 23, -1], "rotation": [0, 0, -12.5], "uv": [14, 84]},
						{"origin": [3.3, 31.05, -2.1], "size": [-0.3, 0.3, 2], "pivot": [3, 28, -1], "rotation": [0, 0, -12.5], "uv": [2, 81]},
						{"origin": [4.8, 27, -2], "size": [1, 0.5, 2], "pivot": [5, 23, -1], "rotation": [0, 0, -12.5], "uv": [14, 84]},
						{"origin": [4.8, 30, -2], "size": [1, 0.5, 2], "pivot": [5, 23, -1], "rotation": [0, 0, -12.5], "uv": [14, 84]},
						{"origin": [4.8, 24, -2], "size": [1, 0.5, 2], "pivot": [5, 23, -1], "rotation": [0, 0, -12.5], "uv": [14, 84]},
						{"origin": [4.8, 22, -2], "size": [1, 0.5, 2], "pivot": [5, 23, -1], "rotation": [0, 0, -12.5], "uv": [14, 84]}
					]
				},
				{
					"name": "bone10",
					"parent": "bone",
					"pivot": [4, 26.85, -0.9],
					"cubes": [
						{"origin": [2.2235, 26.12, -2], "size": [1, 0.2, 0.2], "pivot": [4, 26.85, -0.9], "rotation": [0, -2.5, 87.5], "uv": [110, 39]},
						{"origin": [2.0235, 27.12, -2], "size": [1, 0.2, 0.2], "pivot": [4, 26.85, -0.9], "rotation": [0, -2.5, 30], "uv": [110, 39]},
						{"origin": [3, 28.42, -2], "size": [0.8, 0.2, 0.2], "pivot": [4, 26.85, -0.9], "rotation": [0, -2.5, -20], "uv": [111, 39]}
					]
				},
				{
					"name": "bone6",
					"parent": "Collar",
					"pivot": [0, 31.65, -3],
					"cubes": [
						{"origin": [-1, 31.65, -2.5], "size": [2, 1, 2], "uv": [107, 1]},
						{"origin": [-0.5, 32, -2.55], "size": [1, 0.3, 2], "uv": [53, 47]},
						{"origin": [-3.3, 32.35, -2.5], "size": [2, 1, 2], "pivot": [-2, 31.65, -3], "rotation": [0, 0, 35], "uv": [107, 1]},
						{"origin": [2.1, 32.85, -2.55], "size": [0.5, 0.5, 0.5], "pivot": [2, 32.65, -3], "rotation": [0, 0, -35], "uv": [110, 37]},
						{"origin": [-2.8, 33.35, -2.55], "size": [0.5, 0.5, 0.5], "pivot": [-3, 32.65, -3], "rotation": [0, 0, 35], "uv": [110, 37]},
						{"origin": [-2.75, 33.4, -2.65], "size": [0.4, 0.4, 0.4], "pivot": [-3, 32.65, -3], "rotation": [0, 0, 35], "uv": [107, 4]},
						{"origin": [2.15, 32.9, -2.6], "size": [0.4, 0.4, 0.4], "pivot": [2, 32.65, -3], "rotation": [0, 0, -35], "uv": [107, 4]},
						{"origin": [-2.65, 32.75, -2.55], "size": [1, 0.2, 2], "pivot": [-2, 31.65, -3], "rotation": [0, 0, 35], "uv": [52, 47]},
						{"origin": [1.65, 32.75, -2.55], "size": [1, 0.2, 2], "pivot": [2, 31.65, -3], "rotation": [0, 0, -35], "uv": [52, 47]},
						{"origin": [1.3, 32.35, -2.5], "size": [2, 1, 2], "pivot": [2, 31.65, -3], "rotation": [0, 0, -35], "uv": [107, 1]}
					]
				},
				{
					"name": "bone7",
					"parent": "Collar",
					"pivot": [0, 32.95, -3],
					"rotation": [15, 0, -180],
					"cubes": [
						{"origin": [-3.3, 33.35, -2.43], "size": [2, 1, 2], "pivot": [-2, 32.65, -3], "rotation": [0, 0, 35], "uv": [107, 1]},
						{"origin": [2.1, 33.85, -2.45], "size": [0.5, 0.5, 0.5], "pivot": [2, 33.65, -3], "rotation": [0, 0, -35], "uv": [110, 37]},
						{"origin": [-2.8, 34.35, -2.45], "size": [0.5, 0.5, 0.5], "pivot": [-3, 33.65, -3], "rotation": [0, 0, 35], "uv": [110, 37]},
						{"origin": [-2.75, 34.4, -2.465], "size": [0.4, 0.4, 0.4], "pivot": [-3, 33.65, -3], "rotation": [0, 0, 35], "uv": [107, 4]},
						{"origin": [2.15, 33.9, -2.465], "size": [0.4, 0.4, 0.4], "pivot": [2, 33.65, -3], "rotation": [0, 0, -35], "uv": [107, 4]},
						{"origin": [-2.65, 33.75, -2.45], "size": [1, 0.2, 2], "pivot": [-2, 32.65, -3], "rotation": [0, 0, 35], "uv": [52, 47]},
						{"origin": [1.65, 33.75, -2.45], "size": [1, 0.2, 2], "pivot": [2, 32.65, -3], "rotation": [0, 0, -35], "uv": [52, 47]},
						{"origin": [1.3, 33.35, -2.43], "size": [2, 1, 2], "pivot": [2, 32.65, -3], "rotation": [0, 0, -35], "uv": [107, 1]}
					]
				},
				{
					"name": "bone16",
					"parent": "Collar",
					"pivot": [-5.78165, 26.59523, -0.98333],
					"rotation": [0, 27.5, 5],
					"cubes": [
						{"origin": [-6.66083, 22.97601, -1], "size": [2, 0.5, 2], "pivot": [-6.66083, 22.47601, -1], "rotation": [0, 0, 12.5], "uv": [5, 81]},
						{"origin": [-6.56083, 24.47601, -1], "size": [1, 0.5, 2], "pivot": [-7.66083, 23.47601, -1], "rotation": [0, 0, 12.5], "uv": [15, 84]},
						{
							"origin": [-5.66083, 22.32601, -0.9],
							"size": [2, 8, 0],
							"pivot": [-5.66083, 22.32601, -0.9],
							"rotation": [0, 0, 5],
							"uv": {
								"north": {"uv": [116, 2], "uv_size": [-5, 8.5]},
								"east": {"uv": [106.5, 0], "uv_size": [5, 12]},
								"south": {"uv": [108, 2], "uv_size": [2, 12]},
								"west": {"uv": [103, 2], "uv_size": [5, 12]},
								"up": {"uv": [101, -3], "uv_size": [2, 5]},
								"down": {"uv": [103, 2], "uv_size": [2, -5]}
							}
						},
						{"origin": [-3.76083, 22.32601, -1], "size": [0.1, 8, 0], "pivot": [-5.66083, 22.32601, -0.9], "rotation": [0, 0, 5], "uv": [100, 1]},
						{"origin": [-6.56083, 27.82601, -1], "size": [1, 1, 1], "pivot": [-6.66083, 22.32601, -0.9], "rotation": [0, 0, 12.5], "uv": [46, 33]},
						{"origin": [-6.46083, 25.47601, -1], "size": [1, 0.5, 6], "pivot": [-6.66083, 23.47601, -1], "rotation": [0, 0, 12.5], "uv": [2, 77]},
						{"origin": [-4.5971, 28.36884, -1], "size": [0.7071, 0.7071, 1], "pivot": [-5.66263, 28.72234, -2.5], "rotation": [0, 0, 57.5], "uv": [53, 72]},
						{"origin": [-6.56083, 28.02601, -1.05], "size": [0.95, 0.3, 1], "pivot": [-6.66083, 22.32601, -0.9], "rotation": [0, 0, 12.5], "uv": [108, 3]},
						{
							"origin": [-6.66083, 22.32601, -0.9],
							"size": [2, 10, 5],
							"pivot": [-6.66083, 22.32601, -0.9],
							"rotation": [0, 0, 12.5],
							"uv": {
								"north": {"uv": [116, 2], "uv_size": [-5, 8.5]},
								"east": {"uv": [106.5, 0], "uv_size": [5, 12]},
								"south": {"uv": [108, 2], "uv_size": [2, 12]},
								"west": {"uv": [103, 2], "uv_size": [5, 12]},
								"up": {"uv": [101, -3], "uv_size": [2, 5]},
								"down": {"uv": [103, 2], "uv_size": [2, -5]}
							}
						}
					]
				},
				{
					"name": "XUNZHANG",
					"parent": "bone16",
					"pivot": [-7.36083, 32.52601, -1.8],
					"cubes": [
						{"origin": [-4.06083, 29.92601, -1.05], "size": [0.4, 1.4, 0.2], "pivot": [-7.36083, 32.52601, -1.8], "rotation": [0, 0, 12.5], "uv": [107, 7]},
						{"origin": [-5.06083, 29.92601, -1.05], "size": [1.4, 0.4, 0.2], "pivot": [-5.36083, 30.32601, -1.8], "rotation": [0, 0, 12.5], "uv": [106, 7]},
						{"origin": [-4.16083, 29.92601, -1], "size": [0.5, 1.5, 0.2], "pivot": [-7.66083, 32.32601, 5.1], "rotation": [0, 0, 12.5], "uv": [110, 41]},
						{"origin": [-5.16083, 29.92601, -1], "size": [1.5, 0.5, 0.2], "pivot": [-5.66083, 30.02601, 5.1], "rotation": [0, 0, 12.5], "uv": [109, 41]}
					]
				},
				{
					"name": "ElytraLocator",
					"parent": "UpBody",
					"pivot": [0, 34.65, 2]
				},
				{
					"name": "RifleLocator",
					"parent": "UpBody",
					"pivot": [0, 28.15, 2.3],
					"rotation": [0, 0, 45]
				},
				{
					"name": "PistolLocator",
					"parent": "UpBody",
					"pivot": [-4, 27.75, -1.6],
					"rotation": [-30, 0, 0]
				},
				{
					"name": "Arm2",
					"parent": "UpBody",
					"pivot": [0.2, 34.275, 0]
				},
				{
					"name": "RightArm2",
					"parent": "Arm2",
					"pivot": [-3.4, 34.025, 0],
					"rotation": [0, 0, 18]
				},
				{
					"name": "RightForeArm2",
					"parent": "RightArm2",
					"pivot": [-4.125, 28.075, 0.025]
				},
				{
					"name": "DownBody",
					"parent": "AllBody",
					"pivot": [0, 23.65, 0]
				},
				{
					"name": "Leg",
					"parent": "DownBody",
					"pivot": [0, 24.15, 0]
				},
				{
					"name": "LeftLeg",
					"parent": "Leg",
					"pivot": [2.4, 24.15, 0]
				},
				{
					"name": "bone18",
					"parent": "LeftLeg",
					"pivot": [0, 0, 0],
					"cubes": [
						{"origin": [0.375, 14.65, -2], "size": [3.65, 10, 4], "uv": [39, 46]},
						{"origin": [0.7, 17.15, -2.5], "size": [3.8, 0.7, 5], "pivot": [2.2, 18.5, 0], "rotation": [0, 0, -107.5], "uv": [98, 5]},
						{"origin": [3.4, 17.15, -2.55], "size": [0.1, 0.7, 5], "pivot": [2.2, 18.5, 0], "rotation": [0, 0, -107.5], "uv": [106, 32]},
						{"origin": [0.4225, 11.65, -2], "size": [3.5, 3, 3.8], "uv": [9, 12]}
					]
				},
				{
					"name": "LeftLowerLeg",
					"parent": "LeftLeg",
					"pivot": [2.2, 11.7, 0],
					"cubes": [
						{"origin": [3.1, 5.1, -2], "size": [0.3, 0.3, 0.3], "uv": [1, 82]},
						{"origin": [1.1, 5.1, -2], "size": [0.3, 0.3, 0.3], "uv": [1, 82]},
						{"origin": [0.5, 2, -1.9], "size": [3.4, 4, 3.8], "uv": [54, 54]},
						{"origin": [0.5, 2, -1.9], "size": [3.4, 10, 2], "uv": [55, 49]},
						{"origin": [1.1, 6, -2.05], "size": [2.4, 1, 1], "uv": [108, 38]},
						{"origin": [0.5, 10, 0.1], "size": [3.4, 2, 2], "pivot": [0, 8, 2], "rotation": [5, 0, 0], "uv": [55, 49]},
						{"origin": [1.5, 7, -2.05], "size": [1.5, 1.5, 1], "uv": [109, 38]},
						{"origin": [0.5, 5.8371, -0.23455], "size": [3.4, 4.3, 2], "pivot": [2.2, 8.18709, 0.70049], "rotation": [-5, 0, 0], "uv": [55, 49]}
					]
				},
				{
					"name": "LeftFoot",
					"parent": "LeftLowerLeg",
					"pivot": [2.1875, 2.5, 0.1375],
					"cubes": [
						{"origin": [0.25, 0, -0.1], "size": [3.875, 4, 2.375], "uv": [86, 35]},
						{"origin": [0.25, 1, -2.1], "size": [3.875, 3, 2.375], "uv": [86, 35]},
						{"origin": [0.35, 0, -5], "size": [3.675, 3, 3], "uv": [68, 70]},
						{"origin": [0.95, 2.575, -4.2], "size": [2.675, 1, 3], "pivot": [2.6875, 2.5, -2.9], "rotation": [22.5, 0, 0], "uv": [58, 33]},
						{"origin": [1.1, 3.1, -4.2], "size": [0.3, 1, 0.3], "pivot": [0.3125, 3.5, -1.9], "rotation": [22.5, 0, 0], "uv": [1, 82]},
						{"origin": [3.1, 3.1, -4.2], "size": [0.3, 1, 0.3], "pivot": [2.3125, 3.5, -1.9], "rotation": [22.5, 0, 0], "uv": [1, 82]}
					]
				},
				{
					"name": "SMALLBAG2",
					"parent": "LeftLeg",
					"pivot": [-0.4, 18.15, 0],
					"rotation": [0, 180, -180],
					"cubes": [
						{"origin": [3.1, 18.15, -1], "size": [2, 2, 2], "uv": [108, 2]},
						{"origin": [3.1, 17.15, -1], "size": [2, 3, 1], "uv": [109, 3]},
						{"origin": [2.1, 16.15, -0.5], "size": [2, 3, 0.7], "uv": [110, 4]},
						{"origin": [0.3, 18.15, -2.5], "size": [3.8, 0.7, 5], "uv": [98, 5]},
						{"origin": [0.3, 16.4325, -2.35], "size": [3.8, 0.2, 4.5], "uv": [12, 84]},
						{"origin": [2.65, 18.25, 2.1], "size": [0.75, 0.5, 0.5], "uv": [40, 5]}
					]
				},
				{
					"name": "RightLeg",
					"parent": "Leg",
					"pivot": [-2.4, 24.15, 0]
				},
				{
					"name": "bone17",
					"parent": "RightLeg",
					"pivot": [-2.49741, 17.25777, -0.03333],
					"cubes": [
						{"origin": [-3.915, 11.65, -2], "size": [3.5, 3, 3.8], "uv": [9, 11]},
						{"origin": [-4.025, 14.65, -2], "size": [3.65, 10, 4], "uv": [25, 46]},
						{"origin": [-6, 18.35, -2.5], "size": [3.8, 0.7, 5], "pivot": [-3.8, 19.5, 0], "rotation": [0, 0, -72.5], "uv": [98, 5]}
					]
				},
				{
					"name": "RightLowerLeg",
					"parent": "RightLeg",
					"pivot": [-2.2, 11.7, 0],
					"cubes": [
						{"origin": [-3.9, 2, -1.9], "size": [3.4, 4, 3.8], "uv": [15, 63]},
						{"origin": [-3.9, 2, -1.9], "size": [3.4, 10, 2], "uv": [16, 58]},
						{"origin": [-3.4, 6, -2.05], "size": [2.4, 1, 1], "uv": [108, 38]},
						{"origin": [-3, 7, -2.05], "size": [1.5, 1.5, 1], "uv": [109, 38]},
						{"origin": [-3.4, 5.1, -2], "size": [0.3, 0.3, 0.3], "uv": [1, 82]},
						{"origin": [-1.4, 5.1, -2], "size": [0.3, 0.3, 0.3], "uv": [1, 82]},
						{"origin": [-3.9, 5.8371, -0.23455], "size": [3.4, 4.3, 2], "pivot": [2.2, 8.18709, 0.70049], "rotation": [-5, 0, 0], "uv": [55, 49]},
						{"origin": [-3.9, 10, 0.1], "size": [3.4, 2, 2], "pivot": [0, 8, 2], "rotation": [5, 0, 0], "uv": [55, 49]}
					]
				},
				{
					"name": "RightFoot",
					"parent": "RightLowerLeg",
					"pivot": [-2.1875, 2.5, -0.1375],
					"cubes": [
						{"origin": [-4.125, 0, -0.1], "size": [3.875, 4, 2.375], "uv": [69, 49]},
						{"origin": [-4.125, 1, -2.1], "size": [3.875, 3, 2.375], "uv": [69, 49]},
						{"origin": [-4.025, 0, -5], "size": [3.675, 3, 3], "uv": [14, 69]},
						{"origin": [-3.625, 2.575, -4.2], "size": [2.675, 1, 3], "pivot": [-2.6875, 2.5, -2.9], "rotation": [22.5, 0, 0], "uv": [51, 23]},
						{"origin": [-1.5, 3.1, -4.2], "size": [0.3, 1, 0.3], "pivot": [-2.6875, 3.5, -1.9], "rotation": [22.5, 0, 0], "uv": [1, 82]},
						{"origin": [-3.4, 3.1, -4.2], "size": [0.3, 1, 0.3], "pivot": [-4.6875, 3.5, -1.9], "rotation": [22.5, 0, 0], "uv": [1, 82]}
					]
				},
				{
					"name": "Skirt",
					"parent": "DownBody",
					"pivot": [0, 26.85, 0.1],
					"cubes": [
						{"origin": [-3.95, 21.65, -2.5], "size": [7.95, 2.2, 5], "uv": [42, 27]},
						{"origin": [-4.2, 20.6, -2.8], "size": [8.4, 2.2, 5.475], "uv": [21, 10]},
						{"origin": [-4.6, 20.55, -3.1], "size": [9.2, 1.2, 6], "pivot": [0, 21.15, -0.1], "rotation": [0.0988, -0.61954, -2.42055], "uv": [22, 18]}
					]
				},
				{
					"name": "RightSkirt",
					"parent": "Skirt",
					"pivot": [-3.525, 26.9, 0.0375],
					"rotation": [0, 0, 17.5],
					"cubes": [
						{"origin": [-3.625, 21.175, -2.9625], "size": [1, 3, 6], "uv": [36, 67]},
						{"origin": [-4.9, 22.275, -2.9625], "size": [1, 1, 6], "pivot": [-4.175, 22.775, 0.0375], "rotation": [-2.5, 0, 27.5], "uv": [70, 7]},
						{"origin": [-3.625, 24.175, -1.9625], "size": [1, 3, 4], "uv": [32, 66]}
					]
				},
				{
					"name": "bag2",
					"parent": "RightSkirt",
					"pivot": [-4.4, 20.9, -1.9625],
					"cubes": [
						{
							"origin": [-4.4, 17.9, -2.9625],
							"size": [3, 5, 5],
							"pivot": [-8, 5, 0],
							"rotation": [0, 0, -5],
							"uv": {
								"north": {"uv": [105, 64], "uv_size": [3, 10]},
								"east": {"uv": [97, 64], "uv_size": [7, 5]},
								"south": {"uv": [115, 64], "uv_size": [4, 5]},
								"west": {"uv": [108, 64], "uv_size": [7, 5]},
								"up": {"uv": [104, 57], "uv_size": [4, 7]},
								"down": {"uv": [108, 64], "uv_size": [4, -7]}
							}
						},
						{"origin": [-5, 17.9, -2.5625], "size": [1, 3, 1], "pivot": [-11, 5, 0], "rotation": [0, 0, -5], "uv": [104, 2]},
						{"origin": [-4, 19.1, -3.0625], "size": [2, -0.2, 1], "pivot": [-9, 6, -1], "rotation": [0, 0, -5], "uv": [75, 25]},
						{"origin": [-5, 17.9, 0.4375], "size": [1, 3, 1], "pivot": [-11, 5, 3], "rotation": [0, 0, -5], "uv": [104, 2]},
						{"origin": [-5.1, 18.9, 0.68538], "size": [0.5, 0.5, 0.5], "pivot": [-12, 6, 3], "rotation": [0, 0, -5], "uv": [6, 31]},
						{"origin": [-5.1, 18.9, -2.35], "size": [0.5, 0.5, 0.5], "pivot": [-12, 6, 0], "rotation": [0, 0, -5], "uv": [6, 31]},
						{"origin": [-5.1, 18.9, -0.75], "size": [0.5, 0.5, 0.5], "pivot": [-12, 6, 1], "rotation": [0, 0, -5], "uv": [6, 31]},
						{"origin": [-5, 17.9, -1], "size": [1, 3, 1], "pivot": [-11, 5, 2], "rotation": [0, 0, -5], "uv": [104, 2]},
						{"origin": [-4.54315, 12.44388, -1], "size": [0, 9, 1], "pivot": [-4.54315, 16.94388, -0.5], "rotation": [12.5, 0, -5], "uv": [116, 2]},
						{"origin": [-6.1, 21.9, -2.75], "size": [2, 0.5, 4.5], "uv": [33, 4]}
					]
				},
				{
					"name": "LeftSkirt",
					"parent": "Skirt",
					"pivot": [3.6, 26.9, 0.0375],
					"rotation": [0, 0, -17.5],
					"cubes": [
						{"origin": [2.7, 21.075, -2.9625], "size": [1, 3, 6], "uv": [92, 36]},
						{"origin": [3.9, 22.275, -2.9625], "size": [1, 1, 6], "pivot": [4.175, 22.775, 0.0375], "rotation": [-2.5, 0, -27.5], "uv": [70, 7], "mirror": true},
						{"origin": [2.7, 24.075, -1.9625], "size": [1, 3, 4], "uv": [78, 5]}
					]
				},
				{
					"name": "bag",
					"parent": "LeftSkirt",
					"pivot": [3.6, 18.9, -1.9625],
					"cubes": [
						{
							"origin": [1.6, 15.9, -2.9625],
							"size": [4, 5, 7],
							"uv": {
								"north": {"uv": [105, 64], "uv_size": [3, 10]},
								"east": {"uv": [97, 64], "uv_size": [7, 5]},
								"south": {"uv": [115, 64], "uv_size": [4, 5]},
								"west": {"uv": [108, 64], "uv_size": [7, 5]},
								"up": {"uv": [104, 57], "uv_size": [4, 7]},
								"down": {"uv": [108, 64], "uv_size": [4, -7]}
							}
						},
						{"origin": [5.6, 15.9, -1.9625], "size": [1, 3, 5], "uv": [101, 2]},
						{
							"origin": [1.69, 18.9, -2.9625],
							"size": [4, 0.5, 7],
							"uv": {
								"north": {"uv": [21, 88], "uv_size": [-4, -5]},
								"east": {"uv": [14, 82], "uv_size": [10, 1]},
								"south": {"uv": [18, 85], "uv_size": [0, -4]},
								"west": {"uv": [17, 83], "uv_size": [2, 4]},
								"up": {"uv": [21, 81], "uv_size": [-2, 2]},
								"down": {"uv": [25, 85], "uv_size": [-5, -4]}
							}
						},
						{
							"origin": [1.69, 19.9, -2.9625],
							"size": [4, 0.5, 7],
							"uv": {
								"north": {"uv": [18, 89], "uv_size": [2, -5]},
								"east": {"uv": [22, 89], "uv_size": [-6, -8]},
								"south": {"uv": [27, 89], "uv_size": [4, 0]},
								"west": {"uv": [17, 82], "uv_size": [5, 2]},
								"up": {"uv": [17, 82], "uv_size": [3, 2]},
								"down": {"uv": [15, 88], "uv_size": [5, -6]}
							}
						},
						{"origin": [3.1, 16.9, -3.1], "size": [1, 4, 5], "uv": [96, 4]},
						{"origin": [4, 16.9, -3], "size": [1, 1, 1], "uv": [37, 3]},
						{"origin": [1.6, 15.9, -3.9625], "size": [1, 3, 1], "pivot": [1.6, 15.9, -2.9625], "rotation": [0, 0, 12.5], "uv": [102, 55]},
						{"origin": [1.5, 15.9, -4.0625], "size": [1.2, 0.4, 1.2], "pivot": [1.6, 15.9, -2.9625], "rotation": [0, 0, 12.5], "uv": [102, 55]},
						{"origin": [1.5, 18.9, -4.0625], "size": [1.2, 0.4, 1.2], "pivot": [1.6, 15.9, -2.9625], "rotation": [0, 0, 12.5], "uv": [102, 55]},
						{"origin": [2.5, 15.9, -4.0625], "size": [1.2, 0.4, 1.2], "pivot": [2.6, 15.9, -2.9625], "rotation": [0, 0, 12.5], "uv": [102, 55]},
						{"origin": [2.5, 18.9, -4.0625], "size": [1.2, 0.4, 1.2], "pivot": [2.6, 15.9, -2.9625], "rotation": [0, 0, 12.5], "uv": [102, 55]},
						{"origin": [2.6, 15.9, -3.9625], "size": [1, 3, 1], "pivot": [2.6, 15.9, -2.9625], "rotation": [0, 0, 12.5], "uv": [101, 55]},
						{"origin": [3.51, 18.9, -3.8625], "size": [0.65, 0.7, 0.65], "pivot": [2.6, 18.9, -2.9625], "rotation": [0, 0, 12.5], "uv": [103, 56]},
						{"origin": [3.9, 18.9, -3.76], "size": [0.65, 0.7, 0.34], "pivot": [2.6, 18.9, -2.9625], "rotation": [0, 0, 12.5], "uv": [107, 61]},
						{"origin": [4.38, 17.9, -3.76], "size": [-0.1, 1.5, 0.34], "pivot": [2.6, 17.9, -2.9625], "rotation": [0, 0, 12.5], "uv": [108, 61]},
						{"origin": [2.51, 18.89, -3.8625], "size": [0.65, 0.7, 0.65], "pivot": [1.6, 18.9, -2.9625], "rotation": [0, 0, 12.5], "uv": [103, 56]},
						{"origin": [3.35, 13.9, -3.9625], "size": [0.1, 5, 1], "pivot": [2.6, 13.9, -2.9625], "rotation": [-7.5, 0, 10], "uv": [106, -1]},
						{"origin": [1.77959, 13.76631, -3.63191], "size": [0.1, 5, 1], "pivot": [1.82959, 16.26631, -3.13191], "rotation": [-7.5, -60, 10], "uv": [106, -1]}
					]
				},
				{
					"name": "HUAN",
					"parent": "bag",
					"pivot": [2.6, 18.9, -2.9625],
					"rotation": [0, 0, -45],
					"cubes": [
						{"origin": [2.56, 18.9, -4.2], "size": [0.7, 0.1, 0.1], "pivot": [2.6, 18.9, -2.9625], "rotation": [0, 0, 12.5], "uv": [111, 37]},
						{"origin": [2.56, 18.2, -4.2], "size": [0.7, 0.1, 0.1], "pivot": [2.6, 18.9, -2.9625], "rotation": [0, 0, 12.5], "uv": [111, 37]},
						{"origin": [3.01197, 18.14831, -4.2], "size": [0.1, 0.7, 0.1], "pivot": [2.76197, 18.19831, -4.15], "rotation": [0, 0, 12.5], "uv": [112, 37]},
						{"origin": [2.4112, 18.14831, -4.2], "size": [0.1, 0.7, 0.1], "pivot": [2.76197, 18.19831, -4.15], "rotation": [0, 0, 12.5], "uv": [112, 37]}
					]
				},
				{
					"name": "HUAN2",
					"parent": "bag",
					"pivot": [3.6, 18.9, -2.9625],
					"rotation": [0, 0, -45],
					"cubes": [
						{"origin": [3.56, 18.9, -4.2], "size": [0.7, 0.1, 0.1], "pivot": [3.6, 18.9, -2.9625], "rotation": [0, 0, 12.5], "uv": [111, 37]},
						{"origin": [3.56, 18.2, -4.2], "size": [0.7, 0.1, 0.1], "pivot": [3.6, 18.9, -2.9625], "rotation": [0, 0, 12.5], "uv": [111, 37]},
						{"origin": [4.01197, 18.14831, -4.2], "size": [0.1, 0.7, 0.1], "pivot": [3.76197, 18.19831, -4.15], "rotation": [0, 0, 12.5], "uv": [112, 37]},
						{"origin": [3.4112, 18.14831, -4.2], "size": [0.1, 0.7, 0.1], "pivot": [3.76197, 18.19831, -4.15], "rotation": [0, 0, 12.5], "uv": [112, 37]}
					]
				},
				{
					"name": "FrontSkirt",
					"parent": "Skirt",
					"pivot": [0, 27.25, -2.0125],
					"rotation": [-20, 0, 0],
					"cubes": [
						{"origin": [-3.25, 21.25, -2.0625], "size": [6.475, 3, 1.1], "uv": [69, 42]},
						{"origin": [2.75, 21.4225, -2.0625], "size": [1.475, 5, 1.1], "pivot": [3.4875, 22.75, -1.5125], "rotation": [0, 0, -17.5], "uv": [5, 25]},
						{"origin": [-4.25, 21.4225, -2.0625], "size": [1.475, 5, 1.1], "pivot": [-3.5125, 22.75, -1.5125], "rotation": [0, 0, 17.5], "uv": [5, 25]},
						{
							"origin": [-0.5, 21.3, -2.0762],
							"size": [1, 1.2, 1],
							"uv": {
								"north": {"uv": [122, 59], "uv_size": [6, 11]},
								"east": {"uv": [105, 82], "uv_size": [1, 1]},
								"south": {"uv": [108, 82], "uv_size": [1, 1]},
								"west": {"uv": [107, 82], "uv_size": [1, 1]},
								"up": {"uv": [106, 81], "uv_size": [1, 1]},
								"down": {"uv": [107, 82], "uv_size": [1, -1]}
							}
						},
						{"origin": [-3.25, 24.25, -2.0625], "size": [6.475, 3, 1.1], "uv": [74, 22]},
						{"origin": [-3.25, 24.25, -2.0625], "size": [6.475, 3, 1.1], "uv": [74, 22], "mirror": true},
						{"origin": [-1.3, 21.375, -2.2125], "size": [1, 7, 1], "pivot": [-1.45, 27.95, -1.7125], "rotation": [0, 0, 47.5], "uv": [66, 26]},
						{"origin": [-1.7, 20.375, -2.32125], "size": [1, 10, 1], "pivot": [-0.55, 27.95, -1.7125], "rotation": [0, 0, -62.5], "uv": [100, 2], "mirror": true},
						{"origin": [-4.2, 21.975, -2.43213], "size": [1, 1, 1], "pivot": [-3.55, 28.95, -1.7125], "rotation": [0, 0, -62.5], "uv": [17, 85], "mirror": true},
						{"origin": [-0.7, 21.325, -2.1013], "size": [0.2, 6, 2], "uv": [108, 32]},
						{
							"origin": [-2, 23.325, -2.1013],
							"size": [1, 2, 1.5],
							"uv": {
								"north": {"uv": [96, 77.5], "uv_size": [17, 50.5]},
								"east": {"uv": [108, 34], "uv_size": [2, 3]},
								"south": {"uv": [112, 34], "uv_size": [0, 3]},
								"west": {"uv": [110, 34], "uv_size": [2, 3]},
								"up": {"uv": [110, 32], "uv_size": [0, 2]},
								"down": {"uv": [110, 34], "uv_size": [0, -2]}
							}
						},
						{"origin": [0.4, 21.325, -2.1013], "size": [0.1, 6, 2], "uv": [106, -2]},
						{
							"origin": [-2, 25.325, -2.1013],
							"size": [1, 1.5, 1],
							"uv": {
								"north": {"uv": [23, 91.5], "uv_size": [18.5, 35]},
								"east": {"uv": [107, 34], "uv_size": [2, 3]},
								"south": {"uv": [112, 34], "uv_size": [1, 3]},
								"west": {"uv": [110, 34], "uv_size": [2, 3]},
								"up": {"uv": [109, 32], "uv_size": [1, 2]},
								"down": {"uv": [110, 34], "uv_size": [1, -2]}
							}
						},
						{
							"origin": [-2, 26.65, -2.1015],
							"size": [1, 2, 1],
							"uv": {
								"north": {"uv": [2.5, 91.5], "uv_size": [17.5, 36.5]},
								"east": {"uv": [9, 95], "uv_size": [2, 3]},
								"south": {"uv": [14, 95], "uv_size": [1, 3]},
								"west": {"uv": [12, 95], "uv_size": [2, 3]},
								"up": {"uv": [11, 93], "uv_size": [1, 2]},
								"down": {"uv": [12, 95], "uv_size": [1, -2]}
							}
						}
					]
				},
				{
					"name": "BackSkirt",
					"parent": "Skirt",
					"pivot": [0, 27.1, 2.4125],
					"rotation": [12.5, 0, 0],
					"cubes": [
						{"origin": [-5.15, 21.1, 1.3625], "size": [10.275, 3, 1.1], "uv": [77, 47]},
						{"origin": [-4.25, 24.1, 1.3625], "size": [8.475, 3, 1.1], "uv": [70, 26]},
						{"origin": [-1.3, 21.375, 1.5375], "size": [1, 7, 1], "pivot": [-1.45, 27.95, 1.7125], "rotation": [0, 0, 47.5], "uv": [66, 26]},
						{"origin": [0.3, 21.375, 1.5375], "size": [1, 7, 1], "pivot": [1.45, 27.95, 1.7125], "rotation": [0, 0, -47.5], "uv": [66, 26], "mirror": true}
					]
				},
				{
					"name": "SMALLBAG",
					"parent": "Skirt",
					"pivot": [-4.4, 17.15, 0],
					"cubes": [
						{"origin": [-5.4, 17.15, -1], "size": [2, 2, 2], "uv": [108, 2]},
						{"origin": [-5.6, 18.15, -1], "size": [2, 1, 2], "uv": [108, 2]},
						{"origin": [-5.4, 16.15, -1], "size": [2, 3, 1], "uv": [109, 3]},
						{"origin": [-5.8, 17.15, -1], "size": [2, 3, 1], "uv": [109, 3]},
						{
							"origin": [-5.85, 19.15, -1],
							"size": [2, 1, 1],
							"uv": {
								"north": {"uv": [110, 4], "uv_size": [2, 1]},
								"east": {"uv": [52.5, 78], "uv_size": [13, 11.5]},
								"south": {"uv": [113, 4], "uv_size": [2, 1]},
								"west": {"uv": [112, 4], "uv_size": [1, 1]},
								"up": {"uv": [110, 3], "uv_size": [2, 1]},
								"down": {"uv": [112, 4], "uv_size": [2, -1]}
							}
						},
						{"origin": [-5.8, 17.315, -0.5], "size": [0.1, 0.1, 0.1], "uv": [112, 39]},
						{"origin": [-5.7, 18.315, 0.5], "size": [0.1, 0.1, 0.1], "uv": [112, 39]},
						{"origin": [-5.45, 16.15, -0.23], "size": [1, 1, 0.1], "uv": [109, 52]},
						{"origin": [-5.45, 17.15, 0.77], "size": [1, 1, 0.1], "uv": [109, 52]},
						{"origin": [-4.4, 18.15, -0.5], "size": [2, 3, 0.7], "uv": [110, 4]},
						{"origin": [-4.1, 17.15, -2.5], "size": [3.8, 0.7, 5], "uv": [98, 5]},
						{"origin": [-2.15, 17.25, -2.6], "size": [0.75, 0.5, 0.5], "uv": [40, 5]}
					]
				}
			]
		}
	]
}