{
	"format_version": "1.12.0",
	"minecraft:geometry": [
		{
			"description": {
				"identifier": "geometry.default",
				"texture_width": 256,
				"texture_height": 256,
				"visible_bounds_width": 5,
				"visible_bounds_height": 4.5,
				"visible_bounds_offset": [0, 1.75, 0]
			},
			"bones": [
				{
					"name": "RightArm",
					"pivot": [-5.15, 32.5981, 0.08724],
					"rotation": [7.52, 19.83217, -1.62495],
					"cubes": [
						{
							"origin": [-6.61471, 23.28134, -1.28174],
							"size": [2.5, 7.2, 2.5],
							"pivot": [-4.85859, 31.77728, 0.1471],
							"rotation": [4.99527, 0.21782, 2.5095],
							"uv": {
								"north": {"uv": [6, 140], "uv_size": [3, 7]},
								"east": {"uv": [82, 140], "uv_size": [3, 7]},
								"south": {"uv": [131, 140], "uv_size": [3, 7]},
								"west": {"uv": [138, 140], "uv_size": [3, 7]},
								"up": {"uv": [157, 39], "uv_size": [3, 3]},
								"down": {"uv": [157, 45], "uv_size": [3, -3]}
							}
						},
						{
							"origin": [-6.86471, 28.23134, -1.53174],
							"size": [1.25, 0.25, 3],
							"pivot": [-4.85859, 31.77728, 0.1471],
							"rotation": [4.99527, 0.21782, 2.5095],
							"uv": {
								"north": {"uv": [95, 178], "uv_size": [1, 1]},
								"east": {"uv": [170, 126], "uv_size": [3, 1]},
								"south": {"uv": [178, 95], "uv_size": [1, 1]},
								"west": {"uv": [170, 127], "uv_size": [3, 1]},
								"up": {"uv": [171, 5], "uv_size": [1, 3]},
								"down": {"uv": [171, 13], "uv_size": [1, -3]}
							}
						},
						{
							"origin": [-6.86471, 29.23134, -1.53174],
							"size": [1.25, 0.25, 3],
							"pivot": [-4.85859, 31.77728, 0.1471],
							"rotation": [4.99527, 0.21782, 2.5095],
							"uv": {
								"north": {"uv": [96, 178], "uv_size": [1, 1]},
								"east": {"uv": [170, 137], "uv_size": [3, 1]},
								"south": {"uv": [178, 96], "uv_size": [1, 1]},
								"west": {"uv": [170, 141], "uv_size": [3, 1]},
								"up": {"uv": [16, 171], "uv_size": [1, 3]},
								"down": {"uv": [171, 19], "uv_size": [1, -3]}
							}
						},
						{
							"origin": [-6.86471, 27.23134, -1.53174],
							"size": [1.25, 0.25, 3],
							"pivot": [-4.85859, 31.77728, 0.1471],
							"rotation": [4.99527, 0.21782, 2.5095],
							"uv": {
								"north": {"uv": [97, 178], "uv_size": [1, 1]},
								"east": {"uv": [170, 142], "uv_size": [3, 1]},
								"south": {"uv": [178, 97], "uv_size": [1, 1]},
								"west": {"uv": [170, 147], "uv_size": [3, 1]},
								"up": {"uv": [21, 171], "uv_size": [1, 3]},
								"down": {"uv": [171, 24], "uv_size": [1, -3]}
							}
						},
						{
							"origin": [-6.86471, 26.23134, -1.53174],
							"size": [1.25, 0.25, 3],
							"pivot": [-4.85859, 31.77728, 0.1471],
							"rotation": [4.99527, 0.21782, 2.5095],
							"uv": {
								"north": {"uv": [98, 178], "uv_size": [1, 1]},
								"east": {"uv": [170, 153], "uv_size": [3, 1]},
								"south": {"uv": [178, 98], "uv_size": [1, 1]},
								"west": {"uv": [170, 156], "uv_size": [3, 1]},
								"up": {"uv": [171, 24], "uv_size": [1, 3]},
								"down": {"uv": [37, 174], "uv_size": [1, -3]}
							}
						},
						{
							"origin": [-6.86471, 25.23134, -1.53174],
							"size": [1.25, 0.25, 3],
							"pivot": [-4.85859, 31.77728, 0.1471],
							"rotation": [4.99527, 0.21782, 2.5095],
							"uv": {
								"north": {"uv": [99, 178], "uv_size": [1, 1]},
								"east": {"uv": [170, 157], "uv_size": [3, 1]},
								"south": {"uv": [178, 99], "uv_size": [1, 1]},
								"west": {"uv": [171, 13], "uv_size": [3, 1]},
								"up": {"uv": [38, 171], "uv_size": [1, 3]},
								"down": {"uv": [39, 174], "uv_size": [1, -3]}
							}
						}
					]
				},
				{
					"name": "RightForeArm",
					"parent": "RightArm",
					"pivot": [-5.825, 26.6481, 0.61224],
					"rotation": [-15, 0, 0],
					"cubes": [
						{
							"origin": [-6.69311, 16.96149, 0.35342],
							"size": [2, 6, 2],
							"pivot": [-5.225, 23.93217, 0.87106],
							"rotation": [0, 0, 2],
							"uv": {
								"north": {"uv": [22, 153], "uv_size": [2, 6]},
								"east": {"uv": [153, 126], "uv_size": [2, 6]},
								"south": {"uv": [153, 152], "uv_size": [2, 6]},
								"west": {"uv": [24, 154], "uv_size": [2, 6]},
								"up": {"uv": [167, 65], "uv_size": [2, 2]},
								"down": {"uv": [167, 70], "uv_size": [2, -2]}
							}
						},
						{
							"origin": [-6.66094, 17.37499, -0.60656],
							"size": [2.5, 6.2, 3.5],
							"pivot": [-5.31601, 24.55172, 1.00887],
							"rotation": [4.95744, -0.65182, 7.47178],
							"uv": {
								"north": {"uv": [143, 11], "uv_size": [3, 6]},
								"east": {"uv": [138, 0], "uv_size": [4, 6]},
								"south": {"uv": [143, 17], "uv_size": [3, 6]},
								"west": {"uv": [53, 138], "uv_size": [4, 6]},
								"up": {"uv": [153, 132], "uv_size": [3, 4]},
								"down": {"uv": [29, 158], "uv_size": [3, -4]}
							}
						},
						{
							"origin": [-6.92689, 17.65223, -0.55997],
							"size": [2, 6.2, 3.5],
							"pivot": [-4.79646, 24.58475, 1.00598],
							"rotation": [4.83028, -1.19856, -15.15598],
							"uv": {
								"north": {"uv": [32, 154], "uv_size": [2, 6]},
								"east": {"uv": [138, 66], "uv_size": [4, 6]},
								"south": {"uv": [37, 154], "uv_size": [2, 6]},
								"west": {"uv": [138, 72], "uv_size": [4, 6]},
								"up": {"uv": [133, 160], "uv_size": [2, 4]},
								"down": {"uv": [135, 164], "uv_size": [2, -4]}
							}
						}
					]
				},
				{
					"name": "RightHand",
					"parent": "RightForeArm",
					"pivot": [-5.43668, 20.73952, 0.67106],
					"rotation": [0, -15, 0],
					"cubes": [
						{
							"origin": [-6.65123, 15.07279, -0.06287],
							"size": [1.5, 2, 3],
							"pivot": [-5.80563, 20.04458, 0.98875],
							"rotation": [0.87038, 4.92385, 2.53742],
							"uv": {
								"north": {"uv": [167, 70], "uv_size": [2, 2]},
								"east": {"uv": [163, 99], "uv_size": [3, 2]},
								"south": {"uv": [167, 73], "uv_size": [2, 2]},
								"west": {"uv": [163, 109], "uv_size": [3, 2]},
								"up": {"uv": [163, 111], "uv_size": [2, 3]},
								"down": {"uv": [120, 166], "uv_size": [2, -3]}
							}
						},
						{
							"origin": [-8.21674, 14.0111, 0.92877],
							"size": [1, 2, 2],
							"pivot": [-5.51973, 18.60541, 0.98039],
							"rotation": [-1.50701, 4.76804, -25.06274],
							"uv": {
								"north": {"uv": [175, 6], "uv_size": [1, 2]},
								"east": {"uv": [78, 167], "uv_size": [2, 2]},
								"south": {"uv": [7, 175], "uv_size": [1, 2]},
								"west": {"uv": [80, 167], "uv_size": [2, 2]},
								"up": {"uv": [8, 175], "uv_size": [1, 2]},
								"down": {"uv": [175, 10], "uv_size": [1, -2]}
							}
						},
						{
							"origin": [-8.02268, 13.98778, 2.68801],
							"size": [1, 2, 1],
							"pivot": [-5.12518, 17.04095, 2.0889],
							"rotation": [-10.22435, -2.69018, -37.69305],
							"uv": {
								"north": {"uv": [9, 175], "uv_size": [1, 2]},
								"east": {"uv": [10, 175], "uv_size": [1, 2]},
								"south": {"uv": [175, 10], "uv_size": [1, 2]},
								"west": {"uv": [11, 175], "uv_size": [1, 2]},
								"up": {"uv": [100, 178], "uv_size": [1, 1]},
								"down": {"uv": [178, 101], "uv_size": [1, -1]}
							}
						},
						{
							"origin": [-8.41867, 20.46169, 0.33366],
							"size": [1, 1, 2],
							"pivot": [-4.4018, 18.60951, 1.38528],
							"rotation": [-4.69986, -1.70818, -117.4299],
							"uv": {
								"north": {"uv": [101, 178], "uv_size": [1, 1]},
								"east": {"uv": [174, 146], "uv_size": [2, 1]},
								"south": {"uv": [178, 101], "uv_size": [1, 1]},
								"west": {"uv": [174, 148], "uv_size": [2, 1]},
								"up": {"uv": [12, 175], "uv_size": [1, 2]},
								"down": {"uv": [13, 177], "uv_size": [1, -2]}
							}
						},
						{
							"origin": [-7.34361, 14.21366, -0.00167],
							"size": [1, 1, 1],
							"pivot": [-6.30597, 18.15192, 0.04995],
							"rotation": [0, 5, -7.5],
							"uv": {
								"north": {"uv": [102, 178], "uv_size": [1, 1]},
								"east": {"uv": [178, 102], "uv_size": [1, 1]},
								"south": {"uv": [103, 178], "uv_size": [1, 1]},
								"west": {"uv": [178, 103], "uv_size": [1, 1]},
								"up": {"uv": [104, 178], "uv_size": [1, 1]},
								"down": {"uv": [178, 105], "uv_size": [1, -1]}
							}
						},
						{
							"origin": [-8.95859, 13.76927, -0.14378],
							"size": [1, 2, 1],
							"pivot": [-5.75929, 17.68693, -0.09216],
							"rotation": [-2.87277, 4.09405, -42.6027],
							"uv": {
								"north": {"uv": [14, 175], "uv_size": [1, 2]},
								"east": {"uv": [15, 175], "uv_size": [1, 2]},
								"south": {"uv": [175, 16], "uv_size": [1, 2]},
								"west": {"uv": [17, 175], "uv_size": [1, 2]},
								"up": {"uv": [105, 178], "uv_size": [1, 1]},
								"down": {"uv": [178, 106], "uv_size": [1, -1]}
							}
						}
					]
				},
				{
					"name": "right_dmz",
					"parent": "RightHand",
					"pivot": [-4.8462, 19.56917, -0.25588],
					"cubes": [
						{
							"origin": [-7.72623, 16.87087, -3.32858],
							"size": [1, 2, 2],
							"pivot": [-5.03878, 20.41412, -0.14984],
							"rotation": [13.74956, 45.34628, -41.48038],
							"uv": {
								"north": {"uv": [18, 175], "uv_size": [1, 2]},
								"east": {"uv": [90, 167], "uv_size": [2, 2]},
								"south": {"uv": [175, 18], "uv_size": [1, 2]},
								"west": {"uv": [94, 167], "uv_size": [2, 2]},
								"up": {"uv": [19, 175], "uv_size": [1, 2]},
								"down": {"uv": [20, 177], "uv_size": [1, -2]}
							}
						},
						{
							"origin": [-5.43237, 13.9105, -2.04551],
							"size": [1, 2, 1],
							"pivot": [-4.8462, 19.56917, -0.25588],
							"rotation": [20.74366, 42.03023, 0.22506],
							"uv": {
								"north": {"uv": [175, 20], "uv_size": [1, 2]},
								"east": {"uv": [22, 175], "uv_size": [1, 2]},
								"south": {"uv": [175, 22], "uv_size": [1, 2]},
								"west": {"uv": [23, 175], "uv_size": [1, 2]},
								"up": {"uv": [106, 178], "uv_size": [1, 1]},
								"down": {"uv": [178, 107], "uv_size": [1, -1]}
							}
						}
					]
				},
				{
					"name": "RightHandLocator",
					"parent": "RightHand",
					"pivot": [-5.325, 18.20717, 0.87106]
				},
				{
					"name": "LeftArm",
					"pivot": [5.15, 32.5981, 0.08724],
					"rotation": [7.52, -19.83217, 1.62495],
					"cubes": [
						{
							"origin": [4.11471, 23.28134, -1.28174],
							"size": [2.5, 7.2, 2.5],
							"pivot": [4.85859, 31.77728, 0.1471],
							"rotation": [4.99527, -0.21782, -2.5095],
							"uv": {
								"north": {"uv": [9, 140], "uv_size": [-3, 7]},
								"east": {"uv": [141, 140], "uv_size": [-3, 7]},
								"south": {"uv": [134, 140], "uv_size": [-3, 7]},
								"west": {"uv": [85, 140], "uv_size": [-3, 7]},
								"up": {"uv": [160, 39], "uv_size": [-3, 3]},
								"down": {"uv": [160, 45], "uv_size": [-3, -3]}
							}
						},
						{
							"origin": [5.61471, 28.23134, -1.53174],
							"size": [1.25, 0.25, 3],
							"pivot": [4.85859, 31.77728, 0.1471],
							"rotation": [4.99527, -0.21782, -2.5095],
							"uv": {
								"north": {"uv": [96, 178], "uv_size": [-1, 1]},
								"east": {"uv": [173, 127], "uv_size": [-3, 1]},
								"south": {"uv": [179, 95], "uv_size": [-1, 1]},
								"west": {"uv": [173, 126], "uv_size": [-3, 1]},
								"up": {"uv": [172, 5], "uv_size": [-1, 3]},
								"down": {"uv": [172, 13], "uv_size": [-1, -3]}
							}
						},
						{
							"origin": [5.61471, 29.23134, -1.53174],
							"size": [1.25, 0.25, 3],
							"pivot": [4.85859, 31.77728, 0.1471],
							"rotation": [4.99527, -0.21782, -2.5095],
							"uv": {
								"north": {"uv": [97, 178], "uv_size": [-1, 1]},
								"east": {"uv": [173, 141], "uv_size": [-3, 1]},
								"south": {"uv": [179, 96], "uv_size": [-1, 1]},
								"west": {"uv": [173, 137], "uv_size": [-3, 1]},
								"up": {"uv": [17, 171], "uv_size": [-1, 3]},
								"down": {"uv": [172, 19], "uv_size": [-1, -3]}
							}
						},
						{
							"origin": [5.61471, 27.23134, -1.53174],
							"size": [1.25, 0.25, 3],
							"pivot": [4.85859, 31.77728, 0.1471],
							"rotation": [4.99527, -0.21782, -2.5095],
							"uv": {
								"north": {"uv": [98, 178], "uv_size": [-1, 1]},
								"east": {"uv": [173, 147], "uv_size": [-3, 1]},
								"south": {"uv": [179, 97], "uv_size": [-1, 1]},
								"west": {"uv": [173, 142], "uv_size": [-3, 1]},
								"up": {"uv": [22, 171], "uv_size": [-1, 3]},
								"down": {"uv": [172, 24], "uv_size": [-1, -3]}
							}
						},
						{
							"origin": [5.61471, 26.23134, -1.53174],
							"size": [1.25, 0.25, 3],
							"pivot": [4.85859, 31.77728, 0.1471],
							"rotation": [4.99527, -0.21782, -2.5095],
							"uv": {
								"north": {"uv": [99, 178], "uv_size": [-1, 1]},
								"east": {"uv": [173, 156], "uv_size": [-3, 1]},
								"south": {"uv": [179, 98], "uv_size": [-1, 1]},
								"west": {"uv": [173, 153], "uv_size": [-3, 1]},
								"up": {"uv": [172, 24], "uv_size": [-1, 3]},
								"down": {"uv": [38, 174], "uv_size": [-1, -3]}
							}
						},
						{
							"origin": [5.61471, 25.23134, -1.53174],
							"size": [1.25, 0.25, 3],
							"pivot": [4.85859, 31.77728, 0.1471],
							"rotation": [4.99527, -0.21782, -2.5095],
							"uv": {
								"north": {"uv": [100, 178], "uv_size": [-1, 1]},
								"east": {"uv": [174, 13], "uv_size": [-3, 1]},
								"south": {"uv": [179, 99], "uv_size": [-1, 1]},
								"west": {"uv": [173, 157], "uv_size": [-3, 1]},
								"up": {"uv": [39, 171], "uv_size": [-1, 3]},
								"down": {"uv": [40, 174], "uv_size": [-1, -3]}
							}
						}
					]
				},
				{
					"name": "LeftForeArm",
					"parent": "LeftArm",
					"pivot": [5.825, 26.6481, 0.61224],
					"rotation": [-15, 0, 0],
					"cubes": [
						{
							"origin": [4.69311, 16.96149, 0.35342],
							"size": [2, 6, 2],
							"pivot": [5.225, 23.93217, 0.87106],
							"rotation": [0, 0, -2],
							"uv": {
								"north": {"uv": [24, 153], "uv_size": [-2, 6]},
								"east": {"uv": [26, 154], "uv_size": [-2, 6]},
								"south": {"uv": [155, 152], "uv_size": [-2, 6]},
								"west": {"uv": [155, 126], "uv_size": [-2, 6]},
								"up": {"uv": [169, 65], "uv_size": [-2, 2]},
								"down": {"uv": [169, 70], "uv_size": [-2, -2]}
							}
						},
						{
							"origin": [4.16094, 17.37499, -0.60656],
							"size": [2.5, 6.2, 3.5],
							"pivot": [5.31601, 24.55172, 1.00887],
							"rotation": [4.95744, 0.65182, -7.47178],
							"uv": {
								"north": {"uv": [146, 11], "uv_size": [-3, 6]},
								"east": {"uv": [57, 138], "uv_size": [-4, 6]},
								"south": {"uv": [146, 17], "uv_size": [-3, 6]},
								"west": {"uv": [142, 0], "uv_size": [-4, 6]},
								"up": {"uv": [156, 132], "uv_size": [-3, 4]},
								"down": {"uv": [32, 158], "uv_size": [-3, -4]}
							}
						},
						{
							"origin": [4.92689, 17.65223, -0.55997],
							"size": [2, 6.2, 3.5],
							"pivot": [4.79646, 24.58475, 1.00598],
							"rotation": [4.83028, 1.19856, 15.15598],
							"uv": {
								"north": {"uv": [34, 154], "uv_size": [-2, 6]},
								"east": {"uv": [142, 72], "uv_size": [-4, 6]},
								"south": {"uv": [39, 154], "uv_size": [-2, 6]},
								"west": {"uv": [142, 66], "uv_size": [-4, 6]},
								"up": {"uv": [135, 160], "uv_size": [-2, 4]},
								"down": {"uv": [137, 164], "uv_size": [-2, -4]}
							}
						}
					]
				},
				{
					"name": "LeftHand",
					"parent": "LeftForeArm",
					"pivot": [5.43668, 20.73952, 0.67106],
					"rotation": [0, 15, 0],
					"cubes": [
						{
							"origin": [5.15123, 15.07279, -0.06287],
							"size": [1.5, 2, 3],
							"pivot": [5.80563, 20.04458, 0.98875],
							"rotation": [0.87038, -4.92385, -2.53742],
							"uv": {
								"north": {"uv": [169, 70], "uv_size": [-2, 2]},
								"east": {"uv": [166, 109], "uv_size": [-3, 2]},
								"south": {"uv": [169, 73], "uv_size": [-2, 2]},
								"west": {"uv": [166, 99], "uv_size": [-3, 2]},
								"up": {"uv": [165, 111], "uv_size": [-2, 3]},
								"down": {"uv": [122, 166], "uv_size": [-2, -3]}
							}
						},
						{
							"origin": [7.21674, 14.0111, 0.92877],
							"size": [1, 2, 2],
							"pivot": [5.51973, 18.60541, 0.98039],
							"rotation": [-1.50701, -4.76804, 25.06274],
							"uv": {
								"north": {"uv": [176, 6], "uv_size": [-1, 2]},
								"east": {"uv": [82, 167], "uv_size": [-2, 2]},
								"south": {"uv": [8, 175], "uv_size": [-1, 2]},
								"west": {"uv": [80, 167], "uv_size": [-2, 2]},
								"up": {"uv": [9, 175], "uv_size": [-1, 2]},
								"down": {"uv": [176, 10], "uv_size": [-1, -2]}
							}
						},
						{
							"origin": [7.02268, 13.98778, 2.68801],
							"size": [1, 2, 1],
							"pivot": [5.12518, 17.04095, 2.0889],
							"rotation": [-10.22435, 2.69018, 37.69305],
							"uv": {
								"north": {"uv": [10, 175], "uv_size": [-1, 2]},
								"east": {"uv": [12, 175], "uv_size": [-1, 2]},
								"south": {"uv": [176, 10], "uv_size": [-1, 2]},
								"west": {"uv": [11, 175], "uv_size": [-1, 2]},
								"up": {"uv": [101, 178], "uv_size": [-1, 1]},
								"down": {"uv": [179, 101], "uv_size": [-1, -1]}
							}
						},
						{
							"origin": [7.41867, 20.46169, 0.33366],
							"size": [1, 1, 2],
							"pivot": [4.4018, 18.60951, 1.38528],
							"rotation": [-4.69986, 1.70818, 117.4299],
							"uv": {
								"north": {"uv": [102, 178], "uv_size": [-1, 1]},
								"east": {"uv": [176, 148], "uv_size": [-2, 1]},
								"south": {"uv": [179, 101], "uv_size": [-1, 1]},
								"west": {"uv": [176, 146], "uv_size": [-2, 1]},
								"up": {"uv": [13, 175], "uv_size": [-1, 2]},
								"down": {"uv": [14, 177], "uv_size": [-1, -2]}
							}
						},
						{
							"origin": [6.34361, 14.21366, -0.00167],
							"size": [1, 1, 1],
							"pivot": [6.30597, 18.15192, 0.04995],
							"rotation": [0, -5, 7.5],
							"uv": {
								"north": {"uv": [103, 178], "uv_size": [-1, 1]},
								"east": {"uv": [179, 103], "uv_size": [-1, 1]},
								"south": {"uv": [104, 178], "uv_size": [-1, 1]},
								"west": {"uv": [179, 102], "uv_size": [-1, 1]},
								"up": {"uv": [105, 178], "uv_size": [-1, 1]},
								"down": {"uv": [179, 105], "uv_size": [-1, -1]}
							}
						},
						{
							"origin": [7.95859, 13.76927, -0.14378],
							"size": [1, 2, 1],
							"pivot": [5.75929, 17.68693, -0.09216],
							"rotation": [-2.87277, -4.09405, 42.6027],
							"uv": {
								"north": {"uv": [15, 175], "uv_size": [-1, 2]},
								"east": {"uv": [18, 175], "uv_size": [-1, 2]},
								"south": {"uv": [176, 16], "uv_size": [-1, 2]},
								"west": {"uv": [16, 175], "uv_size": [-1, 2]},
								"up": {"uv": [106, 178], "uv_size": [-1, 1]},
								"down": {"uv": [179, 106], "uv_size": [-1, -1]}
							}
						}
					]
				},
				{
					"name": "left_dmz",
					"parent": "LeftHand",
					"pivot": [4.8462, 19.56917, -0.25588],
					"cubes": [
						{
							"origin": [6.72623, 16.87087, -3.32858],
							"size": [1, 2, 2],
							"pivot": [5.03878, 20.41412, -0.14984],
							"rotation": [13.74956, -45.34628, 41.48038],
							"uv": {
								"north": {"uv": [19, 175], "uv_size": [-1, 2]},
								"east": {"uv": [96, 167], "uv_size": [-2, 2]},
								"south": {"uv": [176, 18], "uv_size": [-1, 2]},
								"west": {"uv": [92, 167], "uv_size": [-2, 2]},
								"up": {"uv": [20, 175], "uv_size": [-1, 2]},
								"down": {"uv": [21, 177], "uv_size": [-1, -2]}
							}
						},
						{
							"origin": [4.43237, 13.9105, -2.04551],
							"size": [1, 2, 1],
							"pivot": [4.8462, 19.56917, -0.25588],
							"rotation": [20.74366, -42.03023, -0.22506],
							"uv": {
								"north": {"uv": [176, 20], "uv_size": [-1, 2]},
								"east": {"uv": [24, 175], "uv_size": [-1, 2]},
								"south": {"uv": [176, 22], "uv_size": [-1, 2]},
								"west": {"uv": [23, 175], "uv_size": [-1, 2]},
								"up": {"uv": [107, 178], "uv_size": [-1, 1]},
								"down": {"uv": [179, 107], "uv_size": [-1, -1]}
							}
						}
					]
				},
				{
					"name": "LeftHandLocator",
					"parent": "LeftHand",
					"pivot": [5.325, 18.20717, 0.87106]
				}
			]
		}
	]
}