{
	"format_version": "1.12.0",
	"minecraft:geometry": [
		{
			"description": {
				"identifier": "geometry.unknown",
				"texture_width": 256,
				"texture_height": 256,
				"visible_bounds_width": 7,
				"visible_bounds_height": 5,
				"visible_bounds_offset": [0, 1.5, 0]
			},
			"bones": [
				{
					"name": "LeftArm",
					"pivot": [3.15, 30.775, 0],
					"cubes": [
						{
							"origin": [2.35, 24.825, -1.5],
							"size": [3.05, 7, 3],
							"uv": {
								"north": {"uv": [164, 5], "uv_size": [3.05, 7]},
								"east": {"uv": [164, 5], "uv_size": [3, 7]},
								"south": {"uv": [164, 5], "uv_size": [3.05, 7]},
								"west": {"uv": [164, 5], "uv_size": [3, 7]},
								"up": {"uv": [174, 10], "uv_size": [-10, -5]},
								"down": {"uv": [174, 10], "uv_size": [-10, -5]}
							}
						},
						{
							"origin": [2.18516, 25.3142, -1.6],
							"size": [3.15, 2, 3.2],
							"pivot": [3.76016, 26.3142, 0],
							"rotation": [-5, 0, -7.5],
							"uv": {
								"north": {"uv": [164, 5], "uv_size": [3.15, 2]},
								"east": {"uv": [164, 5], "uv_size": [3.15, 2]},
								"south": {"uv": [164, 5], "uv_size": [3.15, 2]},
								"west": {"uv": [164, 5], "uv_size": [3.2, 2]},
								"up": {"uv": [167.15, 7], "uv_size": [-3.15, -2]},
								"down": {"uv": [167.15, 7], "uv_size": [-3.15, -2]}
							}
						},
						{
							"origin": [2.28516, 28.8142, -1.6],
							"size": [3.25, 1, 3.2],
							"uv": {
								"north": {"uv": [184, 7], "uv_size": [3.15, 1]},
								"east": {"uv": [184, 7], "uv_size": [3.15, 1]},
								"south": {"uv": [184, 7], "uv_size": [3.15, 1]},
								"west": {"uv": [184, 7], "uv_size": [3.15, 1]},
								"up": {"uv": [187.15, 8], "uv_size": [-3.15, -1]},
								"down": {"uv": [187.15, 8], "uv_size": [-3.15, -1]}
							}
						},
						{
							"origin": [5.21786, 28.5642, -1.64836],
							"size": [0.25, 1.45, 1.2],
							"pivot": [5.34286, 29.2892, -1.04836],
							"rotation": [0, -10, 0],
							"uv": {
								"north": {"uv": [198, 3], "uv_size": [1.2, 1.45]},
								"east": {"uv": [198, 3], "uv_size": [1.2, 1.45]},
								"south": {"uv": [198, 3], "uv_size": [1.2, 1.45]},
								"west": {"uv": [198, 3], "uv_size": [1.2, 1.45]},
								"up": {"uv": [199.2, 4.45], "uv_size": [-1.2, -1.45]},
								"down": {"uv": [199.2, 4.45], "uv_size": [-1.2, -1.45]}
							}
						},
						{
							"origin": [5.21786, 26.8642, -1.64836],
							"size": [0.25, 1.45, 1.2],
							"pivot": [5.34286, 29.2892, -1.04836],
							"rotation": [0, -10, 0],
							"uv": {
								"north": {"uv": [198, 3], "uv_size": [1.2, 1.45]},
								"east": {"uv": [198, 3], "uv_size": [1.2, 1.45]},
								"south": {"uv": [198, 3], "uv_size": [1.2, 1.45]},
								"west": {"uv": [198, 3], "uv_size": [1.2, 1.45]},
								"up": {"uv": [199.2, 4.45], "uv_size": [-1.2, -1.45]},
								"down": {"uv": [199.2, 4.45], "uv_size": [-1.2, -1.45]}
							}
						},
						{
							"origin": [2.28516, 27.1142, -1.6],
							"size": [3.25, 1, 3.2],
							"uv": {
								"north": {"uv": [184, 7], "uv_size": [3.15, 1]},
								"east": {"uv": [184, 7], "uv_size": [3.15, 1]},
								"south": {"uv": [184, 7], "uv_size": [3.15, 1]},
								"west": {"uv": [184, 7], "uv_size": [3.15, 1]},
								"up": {"uv": [187.15, 8], "uv_size": [-3.15, -1]},
								"down": {"uv": [187.15, 8], "uv_size": [-3.15, -1]}
							}
						},
						{
							"origin": [2.39601, 24.80002, -1.49957],
							"size": [3.15, 2, 2.9],
							"pivot": [3.92101, 25.80002, -0.04957],
							"rotation": [-7.49294, -0.32621, 7.52136],
							"uv": {
								"north": {"uv": [164, 5], "uv_size": [2.9, 2]},
								"east": {"uv": [164, 5], "uv_size": [2.9, 2]},
								"south": {"uv": [164, 5], "uv_size": [2.9, 2]},
								"west": {"uv": [164, 5], "uv_size": [2.9, 2]},
								"up": {"uv": [166.9, 7], "uv_size": [-2.9, -2]},
								"down": {"uv": [166.9, 7], "uv_size": [-2.9, -2]}
							}
						},
						{
							"origin": [2.65, 23.925, -1.1],
							"size": [2.55, 2, 2.2],
							"uv": {
								"north": {"uv": [40, 41], "uv_size": [2, 2]},
								"east": {"uv": [38, 41], "uv_size": [2, 2]},
								"south": {"uv": [44, 41], "uv_size": [2, 2]},
								"west": {"uv": [42, 41], "uv_size": [2, 2]},
								"up": {"uv": [40, 39], "uv_size": [2, 2]},
								"down": {"uv": [42, 41], "uv_size": [2, -2]}
							}
						},
						{
							"origin": [2.55, 23.875, -1.125],
							"size": [2.7, 2.05, 2.3],
							"uv": {
								"north": {"uv": [26, 41], "uv_size": [2, 2]},
								"east": {"uv": [24, 41], "uv_size": [2, 2]},
								"south": {"uv": [30, 41], "uv_size": [2, 2]},
								"west": {"uv": [28, 41], "uv_size": [2, 2]},
								"up": {"uv": [26, 39], "uv_size": [2, 2]},
								"down": {"uv": [28, 41], "uv_size": [2, -2]}
							}
						},
						{
							"origin": [2.25, 30.675, -1.65],
							"size": [3.9, 1.25, 3.25],
							"uv": {
								"north": {"uv": [241, 6], "uv_size": [3.25, 1.25]},
								"east": {"uv": [241, 6], "uv_size": [3.25, 1.25]},
								"south": {"uv": [241, 6], "uv_size": [3.25, 1.25]},
								"west": {"uv": [241, 6], "uv_size": [3.25, 1.25]},
								"up": {"uv": [244.25, 7.25], "uv_size": [-3.25, -1.25]},
								"down": {"uv": [244.25, 7.25], "uv_size": [-3.25, -1.25]}
							}
						},
						{
							"origin": [4.8, 28.525, -0.15],
							"size": [1.05, 2.25, 2.85],
							"pivot": [5.625, 29.55, 1.275],
							"rotation": [0, 0, 12.5],
							"uv": {
								"north": {"uv": [239, 7], "uv_size": [2.85, 2.25]},
								"east": {"uv": [239, 7], "uv_size": [2.85, 2.25]},
								"south": {"uv": [239, 7], "uv_size": [2.85, 2.25]},
								"west": {"uv": [239, 7], "uv_size": [2.85, 2.25]},
								"up": {"uv": [241.85, 9.25], "uv_size": [-2.85, -2.25]},
								"down": {"uv": [241.85, 9.25], "uv_size": [-2.85, -2.25]}
							}
						}
					]
				},
				{
					"name": "LeftForeArm",
					"parent": "LeftArm",
					"pivot": [3.875, 24.825, 0.025],
					"cubes": [
						{
							"origin": [2.375, 17.825, -1.475],
							"size": [3, 7, 3],
							"uv": {
								"north": {"uv": [166, 3], "uv_size": [3, 7]},
								"east": {"uv": [166, 3], "uv_size": [3, 7]},
								"south": {"uv": [166, 3], "uv_size": [3, 7]},
								"west": {"uv": [166, 3], "uv_size": [3, 7]},
								"up": {"uv": [169, 10], "uv_size": [-3, -7]},
								"down": {"uv": [169, 10], "uv_size": [-3, -7]}
							}
						},
						{
							"origin": [2.14156, 16.99277, -1.575],
							"size": [0.15, 1.9, 3.1],
							"pivot": [2.31656, 17.84277, -0.025],
							"rotation": [0, 0, 2.5],
							"uv": {
								"north": {"uv": [166, 3], "uv_size": [0.15, 3.1]},
								"east": {"uv": [166, 3], "uv_size": [3.1, 1.9]},
								"south": {"uv": [166, 3], "uv_size": [0.15, 3.1]},
								"west": {"uv": [166, 3], "uv_size": [0.15, 3.1]},
								"up": {"uv": [166.15, 6.1], "uv_size": [-0.15, -3.1]},
								"down": {"uv": [166.15, 6.1], "uv_size": [-0.15, -3.1]}
							}
						},
						{
							"origin": [2.1653, 18.62541, -1.65619],
							"size": [3.25, 1.9, 3.3],
							"pivot": [3.7903, 19.57541, -0.00619],
							"rotation": [1.38184, -0.67971, 4.93823],
							"uv": {
								"north": {"uv": [166, 3], "uv_size": [3.3, 1.9]},
								"east": {"uv": [166, 3], "uv_size": [3.3, 1.9]},
								"south": {"uv": [166, 3], "uv_size": [3.3, 1.9]},
								"west": {"uv": [166, 3], "uv_size": [3.3, 1.9]},
								"up": {"uv": [169.3, 4.9], "uv_size": [-3.3, -1.9]},
								"down": {"uv": [169.3, 4.9], "uv_size": [-3.3, -1.9]}
							}
						},
						{
							"origin": [2.27832, 19.81026, -1.7838],
							"size": [3.25, 1.9, 3.5],
							"pivot": [4.00332, 20.76026, -0.0338],
							"rotation": [1.45872, -0.49355, -2.55986],
							"uv": {
								"north": {"uv": [166, 3], "uv_size": [3.5, 1.9]},
								"east": {"uv": [166, 3], "uv_size": [3.5, 1.9]},
								"south": {"uv": [166, 3], "uv_size": [3.5, 1.9]},
								"west": {"uv": [166, 3], "uv_size": [3.5, 1.9]},
								"up": {"uv": [169.5, 4.9], "uv_size": [-3.5, -1.9]},
								"down": {"uv": [169.5, 4.9], "uv_size": [-3.5, -1.9]}
							}
						},
						{
							"origin": [5.225, 17.325, -1.475],
							"size": [0.15, 1.5, 3],
							"pivot": [5.3, 18.825, 0.025],
							"rotation": [0, 0, -10],
							"uv": {
								"north": {"uv": [166, 3], "uv_size": [3, 1.5]},
								"east": {"uv": [166, 3], "uv_size": [3, 1.5]},
								"south": {"uv": [166, 3], "uv_size": [3, 1.5]},
								"west": {"uv": [166, 3], "uv_size": [3, 1.5]},
								"up": {"uv": [169, 4.5], "uv_size": [-3, -1.5]},
								"down": {"uv": [166.15, 6], "uv_size": [-0.15, -3]}
							}
						},
						{
							"origin": [5.24171, 17.04004, -2.66262],
							"size": [0.15, 2, 3.2],
							"pivot": [4.4215, 21.66569, 0.06551],
							"rotation": [-90, 80, -100],
							"uv": {
								"north": {"uv": [166, 3], "uv_size": [0.15, 2]},
								"east": {"uv": [166, 3], "uv_size": [0.15, 2]},
								"south": {"uv": [166, 3], "uv_size": [0.15, 2]},
								"west": {"uv": [166, 3], "uv_size": [3.2, 2]},
								"up": {"uv": [166.15, 5], "uv_size": [-0.15, -2]},
								"down": {"uv": [166.15, 5], "uv_size": [-0.15, -2]}
							}
						},
						{
							"origin": [3.31346, 17.11935, -2.57027],
							"size": [0.15, 1.7, 3.2],
							"pivot": [4.4215, 21.66569, 0.06551],
							"rotation": [92.49525, 82.51429, 85.00951],
							"uv": {
								"north": {"uv": [166, 3], "uv_size": [0.15, 3.2]},
								"east": {"uv": [166, 3], "uv_size": [3.2, 1.7]},
								"south": {"uv": [166, 3], "uv_size": [0.15, 3.2]},
								"west": {"uv": [166, 3], "uv_size": [0.15, 3.2]},
								"up": {"uv": [166.15, 6.2], "uv_size": [-0.15, -3.2]},
								"down": {"uv": [166.15, 6.2], "uv_size": [-0.15, -3.2]}
							}
						}
					]
				},
				{
					"name": "bone3",
					"parent": "LeftForeArm",
					"pivot": [3.875, 19.325, 0.025],
					"cubes": [
						{
							"origin": [2.475, 15.825, -1.375],
							"size": [2.8, 2, 2.8],
							"uv": {
								"north": {"uv": [4, 153], "uv_size": [2.8, 2]},
								"east": {"uv": [4, 153], "uv_size": [2.8, 2]},
								"south": {"uv": [4, 153], "uv_size": [2.8, 2]},
								"west": {"uv": [4, 153], "uv_size": [2.8, 2]},
								"up": {"uv": [6.8, 155], "uv_size": [-2.8, -2]},
								"down": {"uv": [6.8, 155.8], "uv_size": [-2.8, -2.8]}
							}
						}
					]
				},
				{
					"name": "LeftHandLocator",
					"parent": "bone3",
					"pivot": [3.875, 17.325, 0.025]
				},
				{
					"name": "RightArm",
					"pivot": [-3.15, 30.775, 0],
					"cubes": [
						{
							"origin": [-5.4, 24.825, -1.5],
							"size": [3.05, 7, 3],
							"uv": {
								"north": {"uv": [163, 1], "uv_size": [3, 7]},
								"east": {"uv": [163, 1], "uv_size": [3, 7]},
								"south": {"uv": [163, 1], "uv_size": [3, 7]},
								"west": {"uv": [163, 1], "uv_size": [3, 7]},
								"up": {"uv": [166, 8], "uv_size": [-3, -7]},
								"down": {"uv": [166, 8], "uv_size": [-3, -7]}
							}
						},
						{
							"origin": [-5.2, 23.925, -1.1],
							"size": [2.55, 2, 2.2],
							"uv": {
								"north": {"uv": [12, 41], "uv_size": [2, 2]},
								"east": {"uv": [10, 41], "uv_size": [2, 2]},
								"south": {"uv": [16, 41], "uv_size": [2, 2]},
								"west": {"uv": [14, 41], "uv_size": [2, 2]},
								"up": {"uv": [12, 39], "uv_size": [2, 2]},
								"down": {"uv": [14, 41], "uv_size": [2, -2]}
							}
						},
						{
							"origin": [-5.25, 23.875, -1.125],
							"size": [2.7, 2.05, 2.3],
							"uv": {
								"north": {"uv": [21, 34], "uv_size": [2, 2]},
								"east": {"uv": [19, 34], "uv_size": [2, 2]},
								"south": {"uv": [25, 34], "uv_size": [2, 2]},
								"west": {"uv": [23, 34], "uv_size": [2, 2]},
								"up": {"uv": [21, 32], "uv_size": [2, 2]},
								"down": {"uv": [23, 34], "uv_size": [2, -2]}
							}
						},
						{
							"origin": [-5.94757, 25.33717, -2.00895],
							"size": [3.15, 2, 3.2],
							"pivot": [-4.4215, 21.66569, 0.06551],
							"rotation": [-5, 0, 7.5],
							"uv": {
								"north": {"uv": [167.15, 5], "uv_size": [-3.15, 2]},
								"east": {"uv": [167.15, 5], "uv_size": [-3.15, 2]},
								"south": {"uv": [167.15, 5], "uv_size": [-3.15, 2]},
								"west": {"uv": [167.15, 5], "uv_size": [-3.15, 2]},
								"up": {"uv": [164, 7], "uv_size": [3.15, -2]},
								"down": {"uv": [164, 7], "uv_size": [3.15, -2]}
							}
						},
						{
							"origin": [-5.00851, 24.65026, -2.01868],
							"size": [3.15, 2, 2.9],
							"pivot": [-4.4215, 21.66569, 0.06551],
							"rotation": [-7.49294, 0.32621, -7.52136],
							"uv": {
								"north": {"uv": [166.9, 5], "uv_size": [-2.9, 2]},
								"east": {"uv": [166.9, 5], "uv_size": [-2.9, 2]},
								"south": {"uv": [166.9, 5], "uv_size": [-2.9, 2]},
								"west": {"uv": [166.9, 5], "uv_size": [-2.9, 2]},
								"up": {"uv": [164, 7], "uv_size": [2.9, -2]},
								"down": {"uv": [164, 7], "uv_size": [2.9, -2]}
							}
						},
						{
							"origin": [-5.85, 28.525, -0.15],
							"size": [1.05, 2.25, 2.85],
							"pivot": [-5.625, 29.55, 1.275],
							"rotation": [0, 0, -12.5],
							"uv": {
								"north": {"uv": [251.85, 8], "uv_size": [-2.85, 2.25]},
								"east": {"uv": [251.85, 8], "uv_size": [-2.85, 2.25]},
								"south": {"uv": [251.85, 8], "uv_size": [-2.85, 2.25]},
								"west": {"uv": [251.85, 8], "uv_size": [-2.85, 2.25]},
								"up": {"uv": [249, 10.25], "uv_size": [2.85, -2.25]},
								"down": {"uv": [249, 10.25], "uv_size": [2.85, -2.25]}
							}
						},
						{
							"origin": [-6.15, 30.675, -1.65],
							"size": [3.9, 1.25, 3.25],
							"uv": {
								"north": {"uv": [254.25, 7], "uv_size": [-3.25, 1.25]},
								"east": {"uv": [254.25, 7], "uv_size": [-3.25, 1.25]},
								"south": {"uv": [254.25, 7], "uv_size": [-3.25, 1.25]},
								"west": {"uv": [254.25, 7], "uv_size": [-3.25, 1.25]},
								"up": {"uv": [251, 8.25], "uv_size": [3.25, -1.25]},
								"down": {"uv": [251, 8.25], "uv_size": [3.25, -1.25]}
							}
						}
					]
				},
				{
					"name": "RightForeArm",
					"parent": "RightArm",
					"pivot": [-3.875, 24.825, 0.025],
					"cubes": [
						{
							"origin": [-5.375, 17.825, -1.475],
							"size": [3, 7, 3],
							"uv": {
								"north": {"uv": [160, 3], "uv_size": [3, 7]},
								"east": {"uv": [160, 3], "uv_size": [3, 7]},
								"south": {"uv": [160, 3], "uv_size": [3, 7]},
								"west": {"uv": [160, 3], "uv_size": [3, 7]},
								"up": {"uv": [163, 10], "uv_size": [-3, -7]},
								"down": {"uv": [163, 10], "uv_size": [-3, -7]}
							}
						},
						{
							"origin": [-4.02984, 17.11561, -3.09779],
							"size": [0.15, 2, 3.2],
							"pivot": [-3.95484, 17.81561, -1.49779],
							"rotation": [-90, -80, 100],
							"uv": {
								"north": {"uv": [166.15, 3], "uv_size": [-0.15, 3.2]},
								"east": {"uv": [169.2, 3], "uv_size": [-3.2, 2]},
								"south": {"uv": [166.15, 3], "uv_size": [-0.15, 3.2]},
								"west": {"uv": [166.15, 3], "uv_size": [-0.15, 3.2]},
								"up": {"uv": [166, 6.2], "uv_size": [0.15, -3.2]},
								"down": {"uv": [166, 6.2], "uv_size": [0.15, -3.2]}
							}
						},
						{
							"origin": [-4.05521, 17.19726, -0.10434],
							"size": [0.15, 1.7, 3.2],
							"pivot": [-3.98021, 17.89726, 1.59566],
							"rotation": [92.49525, -82.51429, -85.00951],
							"uv": {
								"north": {"uv": [166.15, 3], "uv_size": [-0.15, 3.2]},
								"east": {"uv": [166.15, 3], "uv_size": [-0.15, 3.2]},
								"south": {"uv": [166.15, 3], "uv_size": [-0.15, 3.2]},
								"west": {"uv": [169.2, 3], "uv_size": [-3.2, 1.7]},
								"up": {"uv": [166, 6.2], "uv_size": [0.15, -3.2]},
								"down": {"uv": [166, 6.2], "uv_size": [0.15, -3.2]}
							}
						},
						{
							"origin": [-5.48746, 19.83256, -1.80237],
							"size": [3.25, 1.9, 3.5],
							"pivot": [-4.4215, 21.66569, 0.06551],
							"rotation": [1.45872, 0.49355, 2.55986],
							"uv": {
								"north": {"uv": [169.5, 3], "uv_size": [-3.5, 1.9]},
								"east": {"uv": [169.5, 3], "uv_size": [-3.5, 1.9]},
								"south": {"uv": [169.5, 3], "uv_size": [-3.5, 1.9]},
								"west": {"uv": [169.5, 3], "uv_size": [-3.5, 1.9]},
								"up": {"uv": [166, 4.9], "uv_size": [3.5, -1.9]},
								"down": {"uv": [166, 4.9], "uv_size": [3.5, -1.9]}
							}
						},
						{
							"origin": [-5.59676, 18.58106, -1.70237],
							"size": [3.25, 1.9, 3.3],
							"pivot": [-4.4215, 21.66569, 0.06551],
							"rotation": [1.38184, 0.67971, -4.93823],
							"uv": {
								"north": {"uv": [169.25, 3], "uv_size": [-3.25, 1.9]},
								"east": {"uv": [169.25, 3], "uv_size": [-3.25, 1.9]},
								"south": {"uv": [169.25, 3], "uv_size": [-3.25, 1.9]},
								"west": {"uv": [169.25, 3], "uv_size": [-3.25, 1.9]},
								"up": {"uv": [166, 4.9], "uv_size": [3.25, -1.9]},
								"down": {"uv": [166, 4.9], "uv_size": [3.25, -1.9]}
							}
						},
						{
							"origin": [-2.46031, 16.90459, -1.575],
							"size": [0.15, 1.9, 3.1],
							"pivot": [-4.4215, 21.66569, 0.06551],
							"rotation": [0, 0, -2.5],
							"uv": {
								"north": {"uv": [166.15, 3], "uv_size": [-0.15, 3.1]},
								"east": {"uv": [166.15, 3], "uv_size": [-0.15, 3.1]},
								"south": {"uv": [166.15, 3], "uv_size": [-0.15, 3.1]},
								"west": {"uv": [169.1, 3], "uv_size": [-3.1, 1.9]},
								"up": {"uv": [166, 6.1], "uv_size": [0.15, -3.1]},
								"down": {"uv": [166, 6.1], "uv_size": [0.15, -3.1]}
							}
						},
						{
							"origin": [-4.86837, 17.21561, -1.475],
							"size": [0.15, 1.5, 3],
							"pivot": [-4.4215, 21.66569, 0.06551],
							"rotation": [0, 0, 10],
							"uv": {
								"north": {"uv": [166.15, 3], "uv_size": [-0.15, 3]},
								"east": {"uv": [169, 3], "uv_size": [-3, 1.5]},
								"south": {"uv": [166.15, 3], "uv_size": [-0.15, 3]},
								"west": {"uv": [166.15, 3], "uv_size": [-0.15, 3]},
								"up": {"uv": [166, 6], "uv_size": [0.15, -3]},
								"down": {"uv": [166, 6], "uv_size": [0.15, -3]}
							}
						}
					]
				},
				{
					"name": "bone2",
					"parent": "RightForeArm",
					"pivot": [-3.875, 17.325, 0.025],
					"cubes": [
						{
							"origin": [-5.275, 15.825, -1.375],
							"size": [2.8, 2, 2.8],
							"uv": {
								"north": {"uv": [13, 156], "uv_size": [2.8, 2]},
								"east": {"uv": [13, 156], "uv_size": [2.8, 2]},
								"south": {"uv": [13, 156], "uv_size": [2.8, 2]},
								"west": {"uv": [13, 156], "uv_size": [2.8, 2]},
								"up": {"uv": [15.8, 158], "uv_size": [-2.8, -2]},
								"down": {"uv": [15.8, 158.8], "uv_size": [-2.8, -2.8]}
							}
						}
					]
				},
				{
					"name": "RightHandLocator",
					"parent": "bone2",
					"pivot": [-3.875, 16.325, 0.025]
				}
			]
		}
	]
}