{
	"format_version": "1.12.0",
	"minecraft:geometry": [
		{
			"description": {
				"identifier": "geometry.unknown",
				"texture_width": 256,
				"texture_height": 256,
				"visible_bounds_width": 9,
				"visible_bounds_height": 11,
				"visible_bounds_offset": [0, 2.5, 0]
			},
			"bones": [
				{
					"name": "RightArm",
					"pivot": [-1.9, 27.5, 0],
					"cubes": [
						{
							"origin": [-2.91639, 22.32336, -1.14],
							"size": [2.25, 6.25, 2.3],
							"uv": {
								"north": {"uv": [4, 63], "uv_size": [2, 6]},
								"east": {"uv": [6, 63], "uv_size": [2, 6]},
								"south": {"uv": [8, 63], "uv_size": [2, 6]},
								"west": {"uv": [10, 63], "uv_size": [2, 6]},
								"up": {"uv": [16, 79], "uv_size": [2, 2]},
								"down": {"uv": [79, 20], "uv_size": [2, -2]}
							}
						},
						{
							"origin": [-2.66639, 21.675, -0.64],
							"size": [1.75, 1.3, 1.3],
							"pivot": [-1.66639, 22.31405, 0.01],
							"rotation": [-45, 0, 0],
							"uv": {
								"north": {"uv": [21, 79], "uv_size": [2, 2]},
								"east": {"uv": [23, 79], "uv_size": [2, 2]},
								"south": {"uv": [79, 23], "uv_size": [2, 2]},
								"west": {"uv": [25, 79], "uv_size": [2, 2]},
								"up": {"uv": [79, 26], "uv_size": [2, 2]},
								"down": {"uv": [79, 30], "uv_size": [2, -2]}
							}
						}
					]
				},
				{
					"name": "right_sleeve",
					"parent": "RightArm",
					"pivot": [-1.91294, 27.4517, 0],
					"cubes": [
						{
							"origin": [-3.02764, 24.89836, -1.25],
							"size": [2.47, 0.5, 2.52],
							"uv": {
								"north": {"uv": [92, 72], "uv_size": [2, 1]},
								"east": {"uv": [86, 34], "uv_size": [3, 1]},
								"south": {"uv": [92, 74], "uv_size": [2, 1]},
								"west": {"uv": [86, 35], "uv_size": [3, 1]},
								"up": {"uv": [75, 29], "uv_size": [2, 3]},
								"down": {"uv": [75, 35], "uv_size": [2, -3]}
							}
						},
						{
							"origin": [-2.92764, 24.29836, -1.15],
							"size": [0.5, 0.6, 0.85],
							"pivot": [-2.92764, 24.89836, -0.725],
							"rotation": [0, 0, 22.5],
							"uv": {
								"north": {"uv": [80, 100], "uv_size": [1, 1]},
								"east": {"uv": [100, 80], "uv_size": [1, 1]},
								"south": {"uv": [81, 100], "uv_size": [1, 1]},
								"west": {"uv": [100, 81], "uv_size": [1, 1]},
								"up": {"uv": [82, 100], "uv_size": [1, 1]},
								"down": {"uv": [100, 83], "uv_size": [1, -1]}
							}
						},
						{
							"origin": [-2.92764, 24.29836, 0.325],
							"size": [0.5, 0.6, 0.85],
							"pivot": [-2.92764, 24.89836, 0.75],
							"rotation": [0, 0, 22.5],
							"uv": {
								"north": {"uv": [83, 100], "uv_size": [1, 1]},
								"east": {"uv": [100, 83], "uv_size": [1, 1]},
								"south": {"uv": [84, 100], "uv_size": [1, 1]},
								"west": {"uv": [100, 84], "uv_size": [1, 1]},
								"up": {"uv": [85, 100], "uv_size": [1, 1]},
								"down": {"uv": [100, 86], "uv_size": [1, -1]}
							}
						},
						{
							"origin": [-2.92764, 24.49836, -0.4],
							"size": [0.5, 0.5, 0.85],
							"pivot": [-2.92764, 24.99836, 0.025],
							"rotation": [0, 0, 22.5],
							"uv": {
								"north": {"uv": [86, 100], "uv_size": [1, 1]},
								"east": {"uv": [100, 86], "uv_size": [1, 1]},
								"south": {"uv": [87, 100], "uv_size": [1, 1]},
								"west": {"uv": [100, 87], "uv_size": [1, 1]},
								"up": {"uv": [88, 100], "uv_size": [1, 1]},
								"down": {"uv": [100, 89], "uv_size": [1, -1]}
							}
						},
						{
							"origin": [-1.1574, 24.29836, 0.325],
							"size": [0.5, 0.6, 0.85],
							"pivot": [-0.64736, 24.89836, 0.75],
							"rotation": [0, 0, -22.5],
							"uv": {
								"north": {"uv": [89, 100], "uv_size": [1, 1]},
								"east": {"uv": [100, 89], "uv_size": [1, 1]},
								"south": {"uv": [90, 100], "uv_size": [1, 1]},
								"west": {"uv": [100, 90], "uv_size": [1, 1]},
								"up": {"uv": [91, 100], "uv_size": [1, 1]},
								"down": {"uv": [100, 92], "uv_size": [1, -1]}
							}
						},
						{
							"origin": [-1.1574, 24.29836, -1.15],
							"size": [0.5, 0.6, 0.85],
							"pivot": [-0.64736, 24.89836, -0.725],
							"rotation": [0, 0, -22.5],
							"uv": {
								"north": {"uv": [92, 100], "uv_size": [1, 1]},
								"east": {"uv": [100, 92], "uv_size": [1, 1]},
								"south": {"uv": [93, 100], "uv_size": [1, 1]},
								"west": {"uv": [100, 93], "uv_size": [1, 1]},
								"up": {"uv": [94, 100], "uv_size": [1, 1]},
								"down": {"uv": [100, 95], "uv_size": [1, -1]}
							}
						},
						{
							"origin": [-1.1574, 24.49836, -0.4],
							"size": [0.5, 0.5, 0.85],
							"pivot": [-0.64736, 24.99836, 0.025],
							"rotation": [0, 0, -22.5],
							"uv": {
								"north": {"uv": [95, 100], "uv_size": [1, 1]},
								"east": {"uv": [100, 95], "uv_size": [1, 1]},
								"south": {"uv": [96, 100], "uv_size": [1, 1]},
								"west": {"uv": [100, 96], "uv_size": [1, 1]},
								"up": {"uv": [97, 100], "uv_size": [1, 1]},
								"down": {"uv": [100, 98], "uv_size": [1, -1]}
							}
						},
						{
							"origin": [-1.50764, 24.29836, -1.15],
							"size": [0.85, 0.6, 0.5],
							"pivot": [-1.09264, 24.89836, -1.15],
							"rotation": [-22.5, 0, 0],
							"uv": {
								"north": {"uv": [98, 100], "uv_size": [1, 1]},
								"east": {"uv": [100, 98], "uv_size": [1, 1]},
								"south": {"uv": [99, 100], "uv_size": [1, 1]},
								"west": {"uv": [100, 99], "uv_size": [1, 1]},
								"up": {"uv": [100, 100], "uv_size": [1, 1]},
								"down": {"uv": [0, 102], "uv_size": [1, -1]}
							}
						},
						{
							"origin": [-2.93264, 24.29836, 0.675],
							"size": [0.85, 0.6, 0.5],
							"pivot": [-2.51764, 24.89836, 1.175],
							"rotation": [22.5, 0, 0],
							"uv": {
								"north": {"uv": [101, 0], "uv_size": [1, 1]},
								"east": {"uv": [1, 101], "uv_size": [1, 1]},
								"south": {"uv": [101, 1], "uv_size": [1, 1]},
								"west": {"uv": [2, 101], "uv_size": [1, 1]},
								"up": {"uv": [101, 2], "uv_size": [1, 1]},
								"down": {"uv": [3, 102], "uv_size": [1, -1]}
							}
						},
						{
							"origin": [-2.23264, 24.49836, 0.675],
							"size": [0.85, 0.5, 0.5],
							"pivot": [-1.8, 24.99836, 1.175],
							"rotation": [22.5, 0, 0],
							"uv": {
								"north": {"uv": [101, 3], "uv_size": [1, 1]},
								"east": {"uv": [4, 101], "uv_size": [1, 1]},
								"south": {"uv": [101, 4], "uv_size": [1, 1]},
								"west": {"uv": [5, 101], "uv_size": [1, 1]},
								"up": {"uv": [101, 5], "uv_size": [1, 1]},
								"down": {"uv": [6, 102], "uv_size": [1, -1]}
							}
						},
						{
							"origin": [-1.50764, 24.29836, 0.675],
							"size": [0.85, 0.6, 0.5],
							"pivot": [-1.09264, 24.89836, 1.175],
							"rotation": [22.5, 0, 0],
							"uv": {
								"north": {"uv": [101, 6], "uv_size": [1, 1]},
								"east": {"uv": [7, 101], "uv_size": [1, 1]},
								"south": {"uv": [101, 7], "uv_size": [1, 1]},
								"west": {"uv": [8, 101], "uv_size": [1, 1]},
								"up": {"uv": [101, 8], "uv_size": [1, 1]},
								"down": {"uv": [9, 102], "uv_size": [1, -1]}
							}
						},
						{
							"origin": [-2.23264, 24.49836, -1.15],
							"size": [0.85, 0.5, 0.5],
							"pivot": [-1.8, 24.99836, -1.15],
							"rotation": [-22.5, 0, 0],
							"uv": {
								"north": {"uv": [101, 9], "uv_size": [1, 1]},
								"east": {"uv": [10, 101], "uv_size": [1, 1]},
								"south": {"uv": [101, 10], "uv_size": [1, 1]},
								"west": {"uv": [11, 101], "uv_size": [1, 1]},
								"up": {"uv": [101, 11], "uv_size": [1, 1]},
								"down": {"uv": [12, 102], "uv_size": [1, -1]}
							}
						},
						{
							"origin": [-2.93264, 24.29836, -1.15],
							"size": [0.85, 0.6, 0.5],
							"pivot": [-2.51764, 24.89836, -1.15],
							"rotation": [-22.5, 0, 0],
							"uv": {
								"north": {"uv": [101, 12], "uv_size": [1, 1]},
								"east": {"uv": [13, 101], "uv_size": [1, 1]},
								"south": {"uv": [101, 13], "uv_size": [1, 1]},
								"west": {"uv": [14, 101], "uv_size": [1, 1]},
								"up": {"uv": [101, 14], "uv_size": [1, 1]},
								"down": {"uv": [15, 102], "uv_size": [1, -1]}
							}
						}
					]
				},
				{
					"name": "right_front_sleeve",
					"parent": "right_sleeve",
					"pivot": [-1.79139, 28.57336, -1.14],
					"rotation": [-15, 0, 0],
					"cubes": [
						{
							"origin": [-2.9174, 26.32336, -1.14],
							"size": [2.252, 2.25, 1],
							"uv": {
								"north": {"uv": [29, 79], "uv_size": [2, 2]},
								"east": {"uv": [75, 92], "uv_size": [1, 2]},
								"south": {"uv": [79, 30], "uv_size": [2, 2]},
								"west": {"uv": [76, 92], "uv_size": [1, 2]},
								"up": {"uv": [92, 75], "uv_size": [2, 1]},
								"down": {"uv": [77, 93], "uv_size": [2, -1]}
							}
						}
					]
				},
				{
					"name": "right_front_sleeve_1",
					"parent": "right_front_sleeve",
					"pivot": [-1.79139, 26.32336, -1.14],
					"rotation": [45, 0, 0],
					"cubes": [
						{
							"origin": [-2.9184, 25.07336, -1.14],
							"size": [2.254, 1.25, 1],
							"uv": {
								"north": {"uv": [79, 92], "uv_size": [2, 1]},
								"east": {"uv": [101, 15], "uv_size": [1, 1]},
								"south": {"uv": [81, 92], "uv_size": [2, 1]},
								"west": {"uv": [16, 101], "uv_size": [1, 1]},
								"up": {"uv": [92, 82], "uv_size": [2, 1]},
								"down": {"uv": [83, 93], "uv_size": [2, -1]}
							}
						}
					]
				},
				{
					"name": "right_right_sleeve",
					"parent": "right_sleeve",
					"pivot": [-2.91639, 28.57336, 0.011],
					"rotation": [0, 0, 15],
					"cubes": [
						{
							"origin": [-2.91639, 26.32336, -1.141],
							"size": [1, 2.25, 2.302],
							"uv": {
								"north": {"uv": [92, 83], "uv_size": [1, 2]},
								"east": {"uv": [31, 79], "uv_size": [2, 2]},
								"south": {"uv": [85, 92], "uv_size": [1, 2]},
								"west": {"uv": [79, 32], "uv_size": [2, 2]},
								"up": {"uv": [86, 92], "uv_size": [1, 2]},
								"down": {"uv": [87, 94], "uv_size": [1, -2]}
							}
						}
					]
				},
				{
					"name": "right_right_sleeve_1",
					"parent": "right_right_sleeve",
					"pivot": [-2.91639, 26.32336, 0.011],
					"rotation": [0, 0, -45],
					"cubes": [
						{
							"origin": [-2.91639, 25.07336, -1.142],
							"size": [1, 1.25, 2.304],
							"uv": {
								"north": {"uv": [101, 16], "uv_size": [1, 1]},
								"east": {"uv": [92, 85], "uv_size": [2, 1]},
								"south": {"uv": [17, 101], "uv_size": [1, 1]},
								"west": {"uv": [88, 92], "uv_size": [2, 1]},
								"up": {"uv": [92, 88], "uv_size": [1, 2]},
								"down": {"uv": [91, 94], "uv_size": [1, -2]}
							}
						}
					]
				},
				{
					"name": "right_left_sleeve",
					"parent": "right_sleeve",
					"pivot": [-0.65861, 28.57336, 0.011],
					"rotation": [0, 0, -15],
					"cubes": [
						{
							"origin": [-1.65861, 26.32336, -1.141],
							"size": [1, 2.25, 2.302],
							"uv": {
								"north": {"uv": [92, 92], "uv_size": [1, 2]},
								"east": {"uv": [33, 79], "uv_size": [2, 2]},
								"south": {"uv": [0, 93], "uv_size": [1, 2]},
								"west": {"uv": [79, 34], "uv_size": [2, 2]},
								"up": {"uv": [1, 93], "uv_size": [1, 2]},
								"down": {"uv": [2, 95], "uv_size": [1, -2]}
							}
						}
					]
				},
				{
					"name": "right_left_sleeve_1",
					"parent": "right_left_sleeve",
					"pivot": [-0.65861, 26.32336, 0.011],
					"rotation": [0, 0, 45],
					"cubes": [
						{
							"origin": [-1.65861, 25.07336, -1.142],
							"size": [1, 1.25, 2.304],
							"uv": {
								"north": {"uv": [101, 17], "uv_size": [1, 1]},
								"east": {"uv": [93, 2], "uv_size": [2, 1]},
								"south": {"uv": [18, 101], "uv_size": [1, 1]},
								"west": {"uv": [93, 3], "uv_size": [2, 1]},
								"up": {"uv": [3, 93], "uv_size": [1, 2]},
								"down": {"uv": [93, 6], "uv_size": [1, -2]}
							}
						}
					]
				},
				{
					"name": "right_back_sleeve",
					"parent": "right_sleeve",
					"pivot": [-1.79139, 28.57336, 1.165],
					"rotation": [15, 0, 0],
					"cubes": [
						{
							"origin": [-2.9174, 26.32336, 0.165],
							"size": [2.252, 2.25, 1],
							"uv": {
								"north": {"uv": [35, 79], "uv_size": [2, 2]},
								"east": {"uv": [5, 93], "uv_size": [1, 2]},
								"south": {"uv": [79, 36], "uv_size": [2, 2]},
								"west": {"uv": [6, 93], "uv_size": [1, 2]},
								"up": {"uv": [93, 6], "uv_size": [2, 1]},
								"down": {"uv": [7, 94], "uv_size": [2, -1]}
							}
						}
					]
				},
				{
					"name": "right_back_sleeve_1",
					"parent": "right_back_sleeve",
					"pivot": [-1.79139, 26.32336, 1.165],
					"rotation": [-45, 0, 0],
					"cubes": [
						{
							"origin": [-2.9184, 25.07336, 0.165],
							"size": [2.254, 1.25, 1],
							"uv": {
								"north": {"uv": [93, 7], "uv_size": [2, 1]},
								"east": {"uv": [101, 18], "uv_size": [1, 1]},
								"south": {"uv": [93, 8], "uv_size": [2, 1]},
								"west": {"uv": [19, 101], "uv_size": [1, 1]},
								"up": {"uv": [93, 9], "uv_size": [2, 1]},
								"down": {"uv": [93, 11], "uv_size": [2, -1]}
							}
						}
					]
				},
				{
					"name": "RightForeArm",
					"parent": "RightArm",
					"pivot": [-1.91294, 22.3267, 0],
					"cubes": [
						{
							"origin": [-2.91639, 16.07336, -1.14],
							"size": [2.25, 6.25, 2.3],
							"uv": {
								"north": {"uv": [64, 8], "uv_size": [2, 6]},
								"east": {"uv": [14, 64], "uv_size": [2, 6]},
								"south": {"uv": [16, 64], "uv_size": [2, 6]},
								"west": {"uv": [20, 64], "uv_size": [2, 6]},
								"up": {"uv": [37, 79], "uv_size": [2, 2]},
								"down": {"uv": [79, 40], "uv_size": [2, -2]}
							}
						}
					]
				},
				{
					"name": "right_hand_decoration",
					"parent": "RightForeArm",
					"pivot": [-1.91294, 22.3267, 0],
					"cubes": [
						{
							"origin": [-3.01639, 18.39836, -1.24],
							"size": [2.45, 0.75, 2.5],
							"uv": {
								"north": {"uv": [93, 11], "uv_size": [2, 1]},
								"east": {"uv": [86, 36], "uv_size": [3, 1]},
								"south": {"uv": [12, 93], "uv_size": [2, 1]},
								"west": {"uv": [86, 37], "uv_size": [3, 1]},
								"up": {"uv": [75, 35], "uv_size": [2, 3]},
								"down": {"uv": [75, 41], "uv_size": [2, -3]}
							}
						},
						{
							"origin": [-2.91639, 17.79836, -1.14],
							"size": [0.35, 0.6, 0.85],
							"pivot": [-2.91639, 18.39836, -0.79],
							"rotation": [0, 0, 45],
							"uv": {
								"north": {"uv": [101, 19], "uv_size": [1, 1]},
								"east": {"uv": [20, 101], "uv_size": [1, 1]},
								"south": {"uv": [101, 20], "uv_size": [1, 1]},
								"west": {"uv": [21, 101], "uv_size": [1, 1]},
								"up": {"uv": [101, 21], "uv_size": [1, 1]},
								"down": {"uv": [22, 102], "uv_size": [1, -1]}
							}
						},
						{
							"origin": [-1.00861, 17.79836, 0.31],
							"size": [0.35, 0.6, 0.85],
							"pivot": [-0.65861, 18.39836, 0.66],
							"rotation": [0, 0, -45],
							"uv": {
								"north": {"uv": [101, 22], "uv_size": [1, 1]},
								"east": {"uv": [23, 101], "uv_size": [1, 1]},
								"south": {"uv": [101, 23], "uv_size": [1, 1]},
								"west": {"uv": [24, 101], "uv_size": [1, 1]},
								"up": {"uv": [101, 24], "uv_size": [1, 1]},
								"down": {"uv": [25, 102], "uv_size": [1, -1]}
							}
						},
						{
							"origin": [-1.00861, 17.99836, -0.415],
							"size": [0.35, 0.5, 0.85],
							"pivot": [-0.65861, 18.49836, -0.065],
							"rotation": [0, 0, -45],
							"uv": {
								"north": {"uv": [101, 25], "uv_size": [1, 1]},
								"east": {"uv": [26, 101], "uv_size": [1, 1]},
								"south": {"uv": [101, 26], "uv_size": [1, 1]},
								"west": {"uv": [27, 101], "uv_size": [1, 1]},
								"up": {"uv": [101, 27], "uv_size": [1, 1]},
								"down": {"uv": [28, 102], "uv_size": [1, -1]}
							}
						},
						{
							"origin": [-1.00861, 17.79836, -1.14],
							"size": [0.35, 0.6, 0.85],
							"pivot": [-0.65861, 18.39836, -0.79],
							"rotation": [0, 0, -45],
							"uv": {
								"north": {"uv": [101, 28], "uv_size": [1, 1]},
								"east": {"uv": [29, 101], "uv_size": [1, 1]},
								"south": {"uv": [101, 29], "uv_size": [1, 1]},
								"west": {"uv": [30, 101], "uv_size": [1, 1]},
								"up": {"uv": [101, 30], "uv_size": [1, 1]},
								"down": {"uv": [31, 102], "uv_size": [1, -1]}
							}
						},
						{
							"origin": [-1.51639, 19.15164, 0.815],
							"size": [0.85, 0.6, 0.35],
							"pivot": [-1.01639, 19.15164, 1.165],
							"rotation": [-45, 0, 0],
							"uv": {
								"north": {"uv": [101, 31], "uv_size": [1, 1]},
								"east": {"uv": [32, 101], "uv_size": [1, 1]},
								"south": {"uv": [101, 32], "uv_size": [1, 1]},
								"west": {"uv": [33, 101], "uv_size": [1, 1]},
								"up": {"uv": [101, 33], "uv_size": [1, 1]},
								"down": {"uv": [34, 102], "uv_size": [1, -1]}
							}
						},
						{
							"origin": [-2.21639, 19.05164, 0.815],
							"size": [0.85, 0.5, 0.35],
							"pivot": [-1.79139, 19.05164, 1.165],
							"rotation": [-45, 0, 0],
							"uv": {
								"north": {"uv": [101, 34], "uv_size": [1, 1]},
								"east": {"uv": [35, 101], "uv_size": [1, 1]},
								"south": {"uv": [101, 35], "uv_size": [1, 1]},
								"west": {"uv": [36, 101], "uv_size": [1, 1]},
								"up": {"uv": [101, 36], "uv_size": [1, 1]},
								"down": {"uv": [37, 102], "uv_size": [1, -1]}
							}
						},
						{
							"origin": [-2.91639, 19.15164, 0.815],
							"size": [0.85, 0.6, 0.35],
							"pivot": [-2.56639, 19.15164, 1.165],
							"rotation": [-45, 0, 0],
							"uv": {
								"north": {"uv": [101, 37], "uv_size": [1, 1]},
								"east": {"uv": [38, 101], "uv_size": [1, 1]},
								"south": {"uv": [101, 38], "uv_size": [1, 1]},
								"west": {"uv": [39, 101], "uv_size": [1, 1]},
								"up": {"uv": [101, 39], "uv_size": [1, 1]},
								"down": {"uv": [40, 102], "uv_size": [1, -1]}
							}
						},
						{
							"origin": [-2.91639, 19.15164, 0.31],
							"size": [0.35, 0.6, 0.85],
							"pivot": [-2.91639, 19.15164, 0.66],
							"rotation": [0, 0, -45],
							"uv": {
								"north": {"uv": [101, 40], "uv_size": [1, 1]},
								"east": {"uv": [41, 101], "uv_size": [1, 1]},
								"south": {"uv": [101, 41], "uv_size": [1, 1]},
								"west": {"uv": [42, 101], "uv_size": [1, 1]},
								"up": {"uv": [101, 42], "uv_size": [1, 1]},
								"down": {"uv": [43, 102], "uv_size": [1, -1]}
							}
						},
						{
							"origin": [-2.91639, 19.05164, -0.415],
							"size": [0.35, 0.5, 0.85],
							"pivot": [-2.91639, 19.05164, -0.065],
							"rotation": [0, 0, -45],
							"uv": {
								"north": {"uv": [101, 43], "uv_size": [1, 1]},
								"east": {"uv": [44, 101], "uv_size": [1, 1]},
								"south": {"uv": [101, 44], "uv_size": [1, 1]},
								"west": {"uv": [45, 101], "uv_size": [1, 1]},
								"up": {"uv": [101, 45], "uv_size": [1, 1]},
								"down": {"uv": [46, 102], "uv_size": [1, -1]}
							}
						},
						{
							"origin": [-2.91639, 19.15164, -1.14],
							"size": [0.35, 0.6, 0.85],
							"pivot": [-2.91639, 19.15164, -0.79],
							"rotation": [0, 0, -45],
							"uv": {
								"north": {"uv": [101, 46], "uv_size": [1, 1]},
								"east": {"uv": [47, 101], "uv_size": [1, 1]},
								"south": {"uv": [101, 47], "uv_size": [1, 1]},
								"west": {"uv": [48, 101], "uv_size": [1, 1]},
								"up": {"uv": [101, 48], "uv_size": [1, 1]},
								"down": {"uv": [49, 102], "uv_size": [1, -1]}
							}
						},
						{
							"origin": [-2.91639, 19.15164, -1.14],
							"size": [0.85, 0.6, 0.35],
							"pivot": [-2.56639, 19.15164, -1.14],
							"rotation": [45, 0, 0],
							"uv": {
								"north": {"uv": [101, 49], "uv_size": [1, 1]},
								"east": {"uv": [50, 101], "uv_size": [1, 1]},
								"south": {"uv": [101, 50], "uv_size": [1, 1]},
								"west": {"uv": [51, 101], "uv_size": [1, 1]},
								"up": {"uv": [101, 51], "uv_size": [1, 1]},
								"down": {"uv": [52, 102], "uv_size": [1, -1]}
							}
						},
						{
							"origin": [-2.21639, 19.05164, -1.14],
							"size": [0.85, 0.5, 0.35],
							"pivot": [-1.79139, 19.05164, -1.14],
							"rotation": [45, 0, 0],
							"uv": {
								"north": {"uv": [101, 52], "uv_size": [1, 1]},
								"east": {"uv": [53, 101], "uv_size": [1, 1]},
								"south": {"uv": [101, 53], "uv_size": [1, 1]},
								"west": {"uv": [54, 101], "uv_size": [1, 1]},
								"up": {"uv": [101, 54], "uv_size": [1, 1]},
								"down": {"uv": [55, 102], "uv_size": [1, -1]}
							}
						},
						{
							"origin": [-1.51639, 19.15164, -1.14],
							"size": [0.85, 0.6, 0.35],
							"pivot": [-1.01639, 19.15164, -1.14],
							"rotation": [45, 0, 0],
							"uv": {
								"north": {"uv": [101, 55], "uv_size": [1, 1]},
								"east": {"uv": [56, 101], "uv_size": [1, 1]},
								"south": {"uv": [101, 56], "uv_size": [1, 1]},
								"west": {"uv": [57, 101], "uv_size": [1, 1]},
								"up": {"uv": [101, 57], "uv_size": [1, 1]},
								"down": {"uv": [58, 102], "uv_size": [1, -1]}
							}
						},
						{
							"origin": [-1.00861, 19.15164, 0.31],
							"size": [0.35, 0.6, 0.85],
							"pivot": [-0.65861, 19.15164, 0.66],
							"rotation": [0, 0, 45],
							"uv": {
								"north": {"uv": [101, 58], "uv_size": [1, 1]},
								"east": {"uv": [59, 101], "uv_size": [1, 1]},
								"south": {"uv": [101, 59], "uv_size": [1, 1]},
								"west": {"uv": [60, 101], "uv_size": [1, 1]},
								"up": {"uv": [101, 60], "uv_size": [1, 1]},
								"down": {"uv": [61, 102], "uv_size": [1, -1]}
							}
						},
						{
							"origin": [-1.00861, 19.05164, -0.415],
							"size": [0.35, 0.5, 0.85],
							"pivot": [-0.65861, 19.05164, -0.065],
							"rotation": [0, 0, 45],
							"uv": {
								"north": {"uv": [101, 61], "uv_size": [1, 1]},
								"east": {"uv": [62, 101], "uv_size": [1, 1]},
								"south": {"uv": [101, 62], "uv_size": [1, 1]},
								"west": {"uv": [63, 101], "uv_size": [1, 1]},
								"up": {"uv": [101, 63], "uv_size": [1, 1]},
								"down": {"uv": [64, 102], "uv_size": [1, -1]}
							}
						},
						{
							"origin": [-1.00861, 19.15164, -1.14],
							"size": [0.35, 0.6, 0.85],
							"pivot": [-0.65861, 19.15164, -0.79],
							"rotation": [0, 0, 45],
							"uv": {
								"north": {"uv": [101, 64], "uv_size": [1, 1]},
								"east": {"uv": [65, 101], "uv_size": [1, 1]},
								"south": {"uv": [101, 65], "uv_size": [1, 1]},
								"west": {"uv": [66, 101], "uv_size": [1, 1]},
								"up": {"uv": [101, 66], "uv_size": [1, 1]},
								"down": {"uv": [67, 102], "uv_size": [1, -1]}
							}
						},
						{
							"origin": [-2.91639, 17.99836, -0.415],
							"size": [0.35, 0.5, 0.85],
							"pivot": [-2.91639, 18.49836, -0.065],
							"rotation": [0, 0, 45],
							"uv": {
								"north": {"uv": [101, 67], "uv_size": [1, 1]},
								"east": {"uv": [68, 101], "uv_size": [1, 1]},
								"south": {"uv": [101, 68], "uv_size": [1, 1]},
								"west": {"uv": [69, 101], "uv_size": [1, 1]},
								"up": {"uv": [101, 69], "uv_size": [1, 1]},
								"down": {"uv": [70, 102], "uv_size": [1, -1]}
							}
						},
						{
							"origin": [-2.91639, 17.79836, 0.31],
							"size": [0.35, 0.6, 0.85],
							"pivot": [-2.91639, 18.39836, 0.66],
							"rotation": [0, 0, 45],
							"uv": {
								"north": {"uv": [101, 70], "uv_size": [1, 1]},
								"east": {"uv": [71, 101], "uv_size": [1, 1]},
								"south": {"uv": [101, 71], "uv_size": [1, 1]},
								"west": {"uv": [72, 101], "uv_size": [1, 1]},
								"up": {"uv": [101, 72], "uv_size": [1, 1]},
								"down": {"uv": [73, 102], "uv_size": [1, -1]}
							}
						},
						{
							"origin": [-1.51639, 17.79836, -1.14],
							"size": [0.85, 0.6, 0.35],
							"pivot": [-1.01639, 18.39836, -1.14],
							"rotation": [-45, 0, 0],
							"uv": {
								"north": {"uv": [101, 73], "uv_size": [1, 1]},
								"east": {"uv": [74, 101], "uv_size": [1, 1]},
								"south": {"uv": [101, 74], "uv_size": [1, 1]},
								"west": {"uv": [75, 101], "uv_size": [1, 1]},
								"up": {"uv": [101, 75], "uv_size": [1, 1]},
								"down": {"uv": [76, 102], "uv_size": [1, -1]}
							}
						},
						{
							"origin": [-2.91639, 17.79836, 0.815],
							"size": [0.85, 0.6, 0.35],
							"pivot": [-2.56639, 18.39836, 1.165],
							"rotation": [45, 0, 0],
							"uv": {
								"north": {"uv": [101, 76], "uv_size": [1, 1]},
								"east": {"uv": [77, 101], "uv_size": [1, 1]},
								"south": {"uv": [101, 77], "uv_size": [1, 1]},
								"west": {"uv": [78, 101], "uv_size": [1, 1]},
								"up": {"uv": [101, 78], "uv_size": [1, 1]},
								"down": {"uv": [79, 102], "uv_size": [1, -1]}
							}
						},
						{
							"origin": [-2.21639, 17.99836, 0.815],
							"size": [0.85, 0.5, 0.35],
							"pivot": [-1.79139, 18.49836, 1.165],
							"rotation": [45, 0, 0],
							"uv": {
								"north": {"uv": [101, 79], "uv_size": [1, 1]},
								"east": {"uv": [80, 101], "uv_size": [1, 1]},
								"south": {"uv": [101, 80], "uv_size": [1, 1]},
								"west": {"uv": [81, 101], "uv_size": [1, 1]},
								"up": {"uv": [101, 81], "uv_size": [1, 1]},
								"down": {"uv": [82, 102], "uv_size": [1, -1]}
							}
						},
						{
							"origin": [-1.51639, 17.79836, 0.815],
							"size": [0.85, 0.6, 0.35],
							"pivot": [-1.01639, 18.39836, 1.165],
							"rotation": [45, 0, 0],
							"uv": {
								"north": {"uv": [101, 82], "uv_size": [1, 1]},
								"east": {"uv": [83, 101], "uv_size": [1, 1]},
								"south": {"uv": [101, 83], "uv_size": [1, 1]},
								"west": {"uv": [84, 101], "uv_size": [1, 1]},
								"up": {"uv": [101, 84], "uv_size": [1, 1]},
								"down": {"uv": [85, 102], "uv_size": [1, -1]}
							}
						},
						{
							"origin": [-2.91639, 17.79836, -1.14],
							"size": [0.85, 0.6, 0.35],
							"pivot": [-2.56639, 18.39836, -1.14],
							"rotation": [-45, 0, 0],
							"uv": {
								"north": {"uv": [101, 85], "uv_size": [1, 1]},
								"east": {"uv": [86, 101], "uv_size": [1, 1]},
								"south": {"uv": [101, 86], "uv_size": [1, 1]},
								"west": {"uv": [87, 101], "uv_size": [1, 1]},
								"up": {"uv": [101, 87], "uv_size": [1, 1]},
								"down": {"uv": [88, 102], "uv_size": [1, -1]}
							}
						},
						{
							"origin": [-2.21639, 17.99836, -1.14],
							"size": [0.85, 0.5, 0.35],
							"pivot": [-1.79139, 18.49836, -1.14],
							"rotation": [-45, 0, 0],
							"uv": {
								"north": {"uv": [101, 88], "uv_size": [1, 1]},
								"east": {"uv": [89, 101], "uv_size": [1, 1]},
								"south": {"uv": [101, 89], "uv_size": [1, 1]},
								"west": {"uv": [90, 101], "uv_size": [1, 1]},
								"up": {"uv": [101, 90], "uv_size": [1, 1]},
								"down": {"uv": [91, 102], "uv_size": [1, -1]}
							}
						}
					]
				},
				{
					"name": "RightHandLocator",
					"parent": "RightForeArm",
					"pivot": [-1.80345, 17.12166, 0.01]
				},
				{
					"name": "BladeLocator",
					"parent": "RightForeArm",
					"pivot": [-1.80345, 17.37166, 0.01]
				},
				{
					"name": "LeftArm",
					"pivot": [1.9, 27.5, 0],
					"cubes": [
						{
							"origin": [0.91639, 21.675, -0.64],
							"size": [1.75, 1.3, 1.3],
							"pivot": [1.66639, 22.31405, 0.01],
							"rotation": [-45, 0, 0],
							"uv": {
								"north": {"uv": [71, 78], "uv_size": [2, 2]},
								"east": {"uv": [73, 78], "uv_size": [2, 2]},
								"south": {"uv": [78, 74], "uv_size": [2, 2]},
								"west": {"uv": [75, 78], "uv_size": [2, 2]},
								"up": {"uv": [77, 78], "uv_size": [2, 2]},
								"down": {"uv": [0, 81], "uv_size": [2, -2]}
							}
						},
						{
							"origin": [0.66639, 22.32336, -1.14],
							"size": [2.25, 6.25, 2.3],
							"uv": {
								"north": {"uv": [49, 60], "uv_size": [2, 6]},
								"east": {"uv": [51, 60], "uv_size": [2, 6]},
								"south": {"uv": [30, 62], "uv_size": [2, 6]},
								"west": {"uv": [32, 62], "uv_size": [2, 6]},
								"up": {"uv": [2, 79], "uv_size": [2, 2]},
								"down": {"uv": [79, 4], "uv_size": [2, -2]}
							}
						}
					]
				},
				{
					"name": "left_sleeve",
					"parent": "LeftArm",
					"pivot": [1.91294, 27.4517, 0],
					"cubes": [
						{
							"origin": [0.55764, 24.89836, -1.25],
							"size": [2.47, 0.5, 2.52],
							"uv": {
								"north": {"uv": [92, 31], "uv_size": [2, 1]},
								"east": {"uv": [85, 81], "uv_size": [3, 1]},
								"south": {"uv": [92, 33], "uv_size": [2, 1]},
								"west": {"uv": [85, 82], "uv_size": [3, 1]},
								"up": {"uv": [74, 70], "uv_size": [2, 3]},
								"down": {"uv": [75, 7], "uv_size": [2, -3]}
							}
						},
						{
							"origin": [2.42764, 24.29836, -1.15],
							"size": [0.5, 0.6, 0.85],
							"pivot": [2.92764, 24.89836, -0.725],
							"rotation": [0, 0, -22.5],
							"uv": {
								"north": {"uv": [99, 67], "uv_size": [1, 1]},
								"east": {"uv": [68, 99], "uv_size": [1, 1]},
								"south": {"uv": [99, 68], "uv_size": [1, 1]},
								"west": {"uv": [69, 99], "uv_size": [1, 1]},
								"up": {"uv": [99, 69], "uv_size": [1, 1]},
								"down": {"uv": [70, 100], "uv_size": [1, -1]}
							}
						},
						{
							"origin": [2.42764, 24.29836, 0.325],
							"size": [0.5, 0.6, 0.85],
							"pivot": [2.92764, 24.89836, 0.75],
							"rotation": [0, 0, -22.5],
							"uv": {
								"north": {"uv": [99, 70], "uv_size": [1, 1]},
								"east": {"uv": [71, 99], "uv_size": [1, 1]},
								"south": {"uv": [99, 71], "uv_size": [1, 1]},
								"west": {"uv": [72, 99], "uv_size": [1, 1]},
								"up": {"uv": [99, 72], "uv_size": [1, 1]},
								"down": {"uv": [73, 100], "uv_size": [1, -1]}
							}
						},
						{
							"origin": [2.42764, 24.49836, -0.4],
							"size": [0.5, 0.5, 0.85],
							"pivot": [2.92764, 24.99836, 0.025],
							"rotation": [0, 0, -22.5],
							"uv": {
								"north": {"uv": [99, 73], "uv_size": [1, 1]},
								"east": {"uv": [74, 99], "uv_size": [1, 1]},
								"south": {"uv": [99, 74], "uv_size": [1, 1]},
								"west": {"uv": [75, 99], "uv_size": [1, 1]},
								"up": {"uv": [99, 75], "uv_size": [1, 1]},
								"down": {"uv": [76, 100], "uv_size": [1, -1]}
							}
						},
						{
							"origin": [0.6574, 24.29836, 0.325],
							"size": [0.5, 0.6, 0.85],
							"pivot": [0.64736, 24.89836, 0.75],
							"rotation": [0, 0, 22.5],
							"uv": {
								"north": {"uv": [99, 76], "uv_size": [1, 1]},
								"east": {"uv": [77, 99], "uv_size": [1, 1]},
								"south": {"uv": [99, 77], "uv_size": [1, 1]},
								"west": {"uv": [78, 99], "uv_size": [1, 1]},
								"up": {"uv": [99, 78], "uv_size": [1, 1]},
								"down": {"uv": [79, 100], "uv_size": [1, -1]}
							}
						},
						{
							"origin": [0.6574, 24.29836, -1.15],
							"size": [0.5, 0.6, 0.85],
							"pivot": [0.64736, 24.89836, -0.725],
							"rotation": [0, 0, 22.5],
							"uv": {
								"north": {"uv": [99, 79], "uv_size": [1, 1]},
								"east": {"uv": [80, 99], "uv_size": [1, 1]},
								"south": {"uv": [99, 80], "uv_size": [1, 1]},
								"west": {"uv": [81, 99], "uv_size": [1, 1]},
								"up": {"uv": [99, 81], "uv_size": [1, 1]},
								"down": {"uv": [82, 100], "uv_size": [1, -1]}
							}
						},
						{
							"origin": [0.6574, 24.49836, -0.4],
							"size": [0.5, 0.5, 0.85],
							"pivot": [0.64736, 24.99836, 0.025],
							"rotation": [0, 0, 22.5],
							"uv": {
								"north": {"uv": [99, 82], "uv_size": [1, 1]},
								"east": {"uv": [83, 99], "uv_size": [1, 1]},
								"south": {"uv": [99, 83], "uv_size": [1, 1]},
								"west": {"uv": [84, 99], "uv_size": [1, 1]},
								"up": {"uv": [99, 84], "uv_size": [1, 1]},
								"down": {"uv": [85, 100], "uv_size": [1, -1]}
							}
						},
						{
							"origin": [0.65764, 24.29836, -1.15],
							"size": [0.85, 0.6, 0.5],
							"pivot": [1.09264, 24.89836, -1.15],
							"rotation": [-22.5, 0, 0],
							"uv": {
								"north": {"uv": [99, 85], "uv_size": [1, 1]},
								"east": {"uv": [86, 99], "uv_size": [1, 1]},
								"south": {"uv": [99, 86], "uv_size": [1, 1]},
								"west": {"uv": [87, 99], "uv_size": [1, 1]},
								"up": {"uv": [99, 87], "uv_size": [1, 1]},
								"down": {"uv": [88, 100], "uv_size": [1, -1]}
							}
						},
						{
							"origin": [2.08264, 24.29836, 0.675],
							"size": [0.85, 0.6, 0.5],
							"pivot": [2.51764, 24.89836, 1.175],
							"rotation": [22.5, 0, 0],
							"uv": {
								"north": {"uv": [99, 88], "uv_size": [1, 1]},
								"east": {"uv": [89, 99], "uv_size": [1, 1]},
								"south": {"uv": [99, 89], "uv_size": [1, 1]},
								"west": {"uv": [90, 99], "uv_size": [1, 1]},
								"up": {"uv": [99, 90], "uv_size": [1, 1]},
								"down": {"uv": [91, 100], "uv_size": [1, -1]}
							}
						},
						{
							"origin": [1.38264, 24.49836, 0.675],
							"size": [0.85, 0.5, 0.5],
							"pivot": [1.8, 24.99836, 1.175],
							"rotation": [22.5, 0, 0],
							"uv": {
								"north": {"uv": [99, 91], "uv_size": [1, 1]},
								"east": {"uv": [92, 99], "uv_size": [1, 1]},
								"south": {"uv": [99, 92], "uv_size": [1, 1]},
								"west": {"uv": [93, 99], "uv_size": [1, 1]},
								"up": {"uv": [99, 93], "uv_size": [1, 1]},
								"down": {"uv": [94, 100], "uv_size": [1, -1]}
							}
						},
						{
							"origin": [0.65764, 24.29836, 0.675],
							"size": [0.85, 0.6, 0.5],
							"pivot": [1.09264, 24.89836, 1.175],
							"rotation": [22.5, 0, 0],
							"uv": {
								"north": {"uv": [99, 94], "uv_size": [1, 1]},
								"east": {"uv": [95, 99], "uv_size": [1, 1]},
								"south": {"uv": [99, 95], "uv_size": [1, 1]},
								"west": {"uv": [96, 99], "uv_size": [1, 1]},
								"up": {"uv": [99, 96], "uv_size": [1, 1]},
								"down": {"uv": [97, 100], "uv_size": [1, -1]}
							}
						},
						{
							"origin": [1.38264, 24.49836, -1.15],
							"size": [0.85, 0.5, 0.5],
							"pivot": [1.8, 24.99836, -1.15],
							"rotation": [-22.5, 0, 0],
							"uv": {
								"north": {"uv": [99, 97], "uv_size": [1, 1]},
								"east": {"uv": [98, 99], "uv_size": [1, 1]},
								"south": {"uv": [99, 98], "uv_size": [1, 1]},
								"west": {"uv": [99, 99], "uv_size": [1, 1]},
								"up": {"uv": [0, 100], "uv_size": [1, 1]},
								"down": {"uv": [100, 1], "uv_size": [1, -1]}
							}
						},
						{
							"origin": [2.08264, 24.29836, -1.15],
							"size": [0.85, 0.6, 0.5],
							"pivot": [2.51764, 24.89836, -1.15],
							"rotation": [-22.5, 0, 0],
							"uv": {
								"north": {"uv": [1, 100], "uv_size": [1, 1]},
								"east": {"uv": [100, 1], "uv_size": [1, 1]},
								"south": {"uv": [2, 100], "uv_size": [1, 1]},
								"west": {"uv": [100, 2], "uv_size": [1, 1]},
								"up": {"uv": [3, 100], "uv_size": [1, 1]},
								"down": {"uv": [100, 4], "uv_size": [1, -1]}
							}
						}
					]
				},
				{
					"name": "left_front_sleeve",
					"parent": "left_sleeve",
					"pivot": [1.79139, 28.57336, -1.14],
					"rotation": [-15, 0, 0],
					"cubes": [
						{
							"origin": [0.6654, 26.32336, -1.14],
							"size": [2.252, 2.25, 1],
							"uv": {
								"north": {"uv": [4, 79], "uv_size": [2, 2]},
								"east": {"uv": [35, 92], "uv_size": [1, 2]},
								"south": {"uv": [79, 4], "uv_size": [2, 2]},
								"west": {"uv": [36, 92], "uv_size": [1, 2]},
								"up": {"uv": [92, 34], "uv_size": [2, 1]},
								"down": {"uv": [38, 93], "uv_size": [2, -1]}
							}
						}
					]
				},
				{
					"name": "left_front_sleeve_1",
					"parent": "left_front_sleeve",
					"pivot": [1.79139, 26.32336, -1.14],
					"rotation": [45, 0, 0],
					"cubes": [
						{
							"origin": [0.6644, 25.07336, -1.14],
							"size": [2.254, 1.25, 1],
							"uv": {
								"north": {"uv": [92, 38], "uv_size": [2, 1]},
								"east": {"uv": [4, 100], "uv_size": [1, 1]},
								"south": {"uv": [92, 39], "uv_size": [2, 1]},
								"west": {"uv": [100, 4], "uv_size": [1, 1]},
								"up": {"uv": [41, 92], "uv_size": [2, 1]},
								"down": {"uv": [43, 93], "uv_size": [2, -1]}
							}
						}
					]
				},
				{
					"name": "left_left_sleeve",
					"parent": "left_sleeve",
					"pivot": [2.91639, 28.57336, 0.011],
					"rotation": [0, 0, -15],
					"cubes": [
						{
							"origin": [1.91639, 26.32336, -1.141],
							"size": [1, 2.25, 2.302],
							"uv": {
								"north": {"uv": [45, 92], "uv_size": [1, 2]},
								"east": {"uv": [6, 79], "uv_size": [2, 2]},
								"south": {"uv": [92, 45], "uv_size": [1, 2]},
								"west": {"uv": [79, 6], "uv_size": [2, 2]},
								"up": {"uv": [48, 92], "uv_size": [1, 2]},
								"down": {"uv": [50, 94], "uv_size": [1, -2]}
							}
						}
					]
				},
				{
					"name": "left_left_sleeve_1",
					"parent": "left_left_sleeve",
					"pivot": [2.91639, 26.32336, 0.011],
					"rotation": [0, 0, 45],
					"cubes": [
						{
							"origin": [1.91639, 25.07336, -1.142],
							"size": [1, 1.25, 2.304],
							"uv": {
								"north": {"uv": [5, 100], "uv_size": [1, 1]},
								"east": {"uv": [92, 43], "uv_size": [2, 1]},
								"south": {"uv": [100, 5], "uv_size": [1, 1]},
								"west": {"uv": [92, 50], "uv_size": [2, 1]},
								"up": {"uv": [51, 92], "uv_size": [1, 2]},
								"down": {"uv": [53, 94], "uv_size": [1, -2]}
							}
						}
					]
				},
				{
					"name": "left_right_sleeve",
					"parent": "left_sleeve",
					"pivot": [0.65861, 28.57336, 0.011],
					"rotation": [0, 0, 15],
					"cubes": [
						{
							"origin": [0.65861, 26.32336, -1.141],
							"size": [1, 2.25, 2.302],
							"uv": {
								"north": {"uv": [54, 92], "uv_size": [1, 2]},
								"east": {"uv": [8, 79], "uv_size": [2, 2]},
								"south": {"uv": [55, 92], "uv_size": [1, 2]},
								"west": {"uv": [79, 8], "uv_size": [2, 2]},
								"up": {"uv": [56, 92], "uv_size": [1, 2]},
								"down": {"uv": [57, 94], "uv_size": [1, -2]}
							}
						}
					]
				},
				{
					"name": "left_right_sleeve_1",
					"parent": "left_right_sleeve",
					"pivot": [0.65861, 26.32336, 0.011],
					"rotation": [0, 0, -45],
					"cubes": [
						{
							"origin": [0.65861, 25.07336, -1.142],
							"size": [1, 1.25, 2.304],
							"uv": {
								"north": {"uv": [6, 100], "uv_size": [1, 1]},
								"east": {"uv": [92, 51], "uv_size": [2, 1]},
								"south": {"uv": [100, 6], "uv_size": [1, 1]},
								"west": {"uv": [58, 92], "uv_size": [2, 1]},
								"up": {"uv": [92, 58], "uv_size": [1, 2]},
								"down": {"uv": [60, 94], "uv_size": [1, -2]}
							}
						}
					]
				},
				{
					"name": "left_back_sleeve",
					"parent": "left_sleeve",
					"pivot": [1.79139, 28.57336, 1.165],
					"rotation": [15, 0, 0],
					"cubes": [
						{
							"origin": [0.6654, 26.32336, 0.165],
							"size": [2.252, 2.25, 1],
							"uv": {
								"north": {"uv": [12, 79], "uv_size": [2, 2]},
								"east": {"uv": [92, 60], "uv_size": [1, 2]},
								"south": {"uv": [79, 13], "uv_size": [2, 2]},
								"west": {"uv": [61, 92], "uv_size": [1, 2]},
								"up": {"uv": [62, 92], "uv_size": [2, 1]},
								"down": {"uv": [92, 64], "uv_size": [2, -1]}
							}
						}
					]
				},
				{
					"name": "left_back_sleeve_1",
					"parent": "left_back_sleeve",
					"pivot": [1.79139, 26.32336, 1.165],
					"rotation": [-45, 0, 0],
					"cubes": [
						{
							"origin": [0.6644, 25.07336, 0.165],
							"size": [2.254, 1.25, 1],
							"uv": {
								"north": {"uv": [92, 64], "uv_size": [2, 1]},
								"east": {"uv": [7, 100], "uv_size": [1, 1]},
								"south": {"uv": [65, 92], "uv_size": [2, 1]},
								"west": {"uv": [100, 7], "uv_size": [1, 1]},
								"up": {"uv": [67, 92], "uv_size": [2, 1]},
								"down": {"uv": [69, 93], "uv_size": [2, -1]}
							}
						}
					]
				},
				{
					"name": "LeftForeArm",
					"parent": "LeftArm",
					"pivot": [1.91294, 22.3267, 0],
					"cubes": [
						{
							"origin": [0.66639, 16.07336, -1.14],
							"size": [2.25, 6.25, 2.3],
							"uv": {
								"north": {"uv": [62, 54], "uv_size": [2, 6]},
								"east": {"uv": [62, 60], "uv_size": [2, 6]},
								"south": {"uv": [0, 63], "uv_size": [2, 6]},
								"west": {"uv": [2, 63], "uv_size": [2, 6]},
								"up": {"uv": [14, 79], "uv_size": [2, 2]},
								"down": {"uv": [79, 17], "uv_size": [2, -2]}
							}
						}
					]
				},
				{
					"name": "left_hand_decoration",
					"parent": "LeftForeArm",
					"pivot": [1.91294, 22.3267, 0],
					"cubes": [
						{
							"origin": [0.56639, 18.39836, -1.24],
							"size": [2.45, 0.75, 2.5],
							"uv": {
								"north": {"uv": [92, 71], "uv_size": [2, 1]},
								"east": {"uv": [86, 12], "uv_size": [3, 1]},
								"south": {"uv": [72, 92], "uv_size": [2, 1]},
								"west": {"uv": [86, 17], "uv_size": [3, 1]},
								"up": {"uv": [75, 7], "uv_size": [2, 3]},
								"down": {"uv": [75, 21], "uv_size": [2, -3]}
							}
						},
						{
							"origin": [2.56639, 17.79836, -1.14],
							"size": [0.35, 0.6, 0.85],
							"pivot": [2.91639, 18.39836, -0.79],
							"rotation": [0, 0, -45],
							"uv": {
								"north": {"uv": [8, 100], "uv_size": [1, 1]},
								"east": {"uv": [100, 8], "uv_size": [1, 1]},
								"south": {"uv": [9, 100], "uv_size": [1, 1]},
								"west": {"uv": [100, 9], "uv_size": [1, 1]},
								"up": {"uv": [10, 100], "uv_size": [1, 1]},
								"down": {"uv": [100, 11], "uv_size": [1, -1]}
							}
						},
						{
							"origin": [0.65861, 17.79836, 0.31],
							"size": [0.35, 0.6, 0.85],
							"pivot": [0.65861, 18.39836, 0.66],
							"rotation": [0, 0, 45],
							"uv": {
								"north": {"uv": [11, 100], "uv_size": [1, 1]},
								"east": {"uv": [100, 11], "uv_size": [1, 1]},
								"south": {"uv": [12, 100], "uv_size": [1, 1]},
								"west": {"uv": [100, 12], "uv_size": [1, 1]},
								"up": {"uv": [13, 100], "uv_size": [1, 1]},
								"down": {"uv": [100, 14], "uv_size": [1, -1]}
							}
						},
						{
							"origin": [0.65861, 17.99836, -0.415],
							"size": [0.35, 0.5, 0.85],
							"pivot": [0.65861, 18.49836, -0.065],
							"rotation": [0, 0, 45],
							"uv": {
								"north": {"uv": [14, 100], "uv_size": [1, 1]},
								"east": {"uv": [100, 14], "uv_size": [1, 1]},
								"south": {"uv": [15, 100], "uv_size": [1, 1]},
								"west": {"uv": [100, 15], "uv_size": [1, 1]},
								"up": {"uv": [16, 100], "uv_size": [1, 1]},
								"down": {"uv": [100, 17], "uv_size": [1, -1]}
							}
						},
						{
							"origin": [0.65861, 17.79836, -1.14],
							"size": [0.35, 0.6, 0.85],
							"pivot": [0.65861, 18.39836, -0.79],
							"rotation": [0, 0, 45],
							"uv": {
								"north": {"uv": [17, 100], "uv_size": [1, 1]},
								"east": {"uv": [100, 17], "uv_size": [1, 1]},
								"south": {"uv": [18, 100], "uv_size": [1, 1]},
								"west": {"uv": [100, 18], "uv_size": [1, 1]},
								"up": {"uv": [19, 100], "uv_size": [1, 1]},
								"down": {"uv": [100, 20], "uv_size": [1, -1]}
							}
						},
						{
							"origin": [0.66639, 19.15164, 0.815],
							"size": [0.85, 0.6, 0.35],
							"pivot": [1.01639, 19.15164, 1.165],
							"rotation": [-45, 0, 0],
							"uv": {
								"north": {"uv": [20, 100], "uv_size": [1, 1]},
								"east": {"uv": [100, 20], "uv_size": [1, 1]},
								"south": {"uv": [21, 100], "uv_size": [1, 1]},
								"west": {"uv": [100, 21], "uv_size": [1, 1]},
								"up": {"uv": [22, 100], "uv_size": [1, 1]},
								"down": {"uv": [100, 23], "uv_size": [1, -1]}
							}
						},
						{
							"origin": [1.36639, 19.05164, 0.815],
							"size": [0.85, 0.5, 0.35],
							"pivot": [1.79139, 19.05164, 1.165],
							"rotation": [-45, 0, 0],
							"uv": {
								"north": {"uv": [23, 100], "uv_size": [1, 1]},
								"east": {"uv": [100, 23], "uv_size": [1, 1]},
								"south": {"uv": [24, 100], "uv_size": [1, 1]},
								"west": {"uv": [100, 24], "uv_size": [1, 1]},
								"up": {"uv": [25, 100], "uv_size": [1, 1]},
								"down": {"uv": [100, 26], "uv_size": [1, -1]}
							}
						},
						{
							"origin": [2.06639, 19.15164, 0.815],
							"size": [0.85, 0.6, 0.35],
							"pivot": [2.56639, 19.15164, 1.165],
							"rotation": [-45, 0, 0],
							"uv": {
								"north": {"uv": [26, 100], "uv_size": [1, 1]},
								"east": {"uv": [100, 26], "uv_size": [1, 1]},
								"south": {"uv": [27, 100], "uv_size": [1, 1]},
								"west": {"uv": [100, 27], "uv_size": [1, 1]},
								"up": {"uv": [28, 100], "uv_size": [1, 1]},
								"down": {"uv": [100, 29], "uv_size": [1, -1]}
							}
						},
						{
							"origin": [2.56639, 19.15164, 0.31],
							"size": [0.35, 0.6, 0.85],
							"pivot": [2.91639, 19.15164, 0.66],
							"rotation": [0, 0, 45],
							"uv": {
								"north": {"uv": [29, 100], "uv_size": [1, 1]},
								"east": {"uv": [100, 29], "uv_size": [1, 1]},
								"south": {"uv": [30, 100], "uv_size": [1, 1]},
								"west": {"uv": [100, 30], "uv_size": [1, 1]},
								"up": {"uv": [31, 100], "uv_size": [1, 1]},
								"down": {"uv": [100, 32], "uv_size": [1, -1]}
							}
						},
						{
							"origin": [2.56639, 19.05164, -0.415],
							"size": [0.35, 0.5, 0.85],
							"pivot": [2.91639, 19.05164, -0.065],
							"rotation": [0, 0, 45],
							"uv": {
								"north": {"uv": [32, 100], "uv_size": [1, 1]},
								"east": {"uv": [100, 32], "uv_size": [1, 1]},
								"south": {"uv": [33, 100], "uv_size": [1, 1]},
								"west": {"uv": [100, 33], "uv_size": [1, 1]},
								"up": {"uv": [34, 100], "uv_size": [1, 1]},
								"down": {"uv": [100, 35], "uv_size": [1, -1]}
							}
						},
						{
							"origin": [2.56639, 19.15164, -1.14],
							"size": [0.35, 0.6, 0.85],
							"pivot": [2.91639, 19.15164, -0.79],
							"rotation": [0, 0, 45],
							"uv": {
								"north": {"uv": [35, 100], "uv_size": [1, 1]},
								"east": {"uv": [100, 35], "uv_size": [1, 1]},
								"south": {"uv": [36, 100], "uv_size": [1, 1]},
								"west": {"uv": [100, 36], "uv_size": [1, 1]},
								"up": {"uv": [37, 100], "uv_size": [1, 1]},
								"down": {"uv": [100, 38], "uv_size": [1, -1]}
							}
						},
						{
							"origin": [2.06639, 19.15164, -1.14],
							"size": [0.85, 0.6, 0.35],
							"pivot": [2.56639, 19.15164, -1.14],
							"rotation": [45, 0, 0],
							"uv": {
								"north": {"uv": [38, 100], "uv_size": [1, 1]},
								"east": {"uv": [100, 38], "uv_size": [1, 1]},
								"south": {"uv": [39, 100], "uv_size": [1, 1]},
								"west": {"uv": [100, 39], "uv_size": [1, 1]},
								"up": {"uv": [40, 100], "uv_size": [1, 1]},
								"down": {"uv": [100, 41], "uv_size": [1, -1]}
							}
						},
						{
							"origin": [1.36639, 19.05164, -1.14],
							"size": [0.85, 0.5, 0.35],
							"pivot": [1.79139, 19.05164, -1.14],
							"rotation": [45, 0, 0],
							"uv": {
								"north": {"uv": [41, 100], "uv_size": [1, 1]},
								"east": {"uv": [100, 41], "uv_size": [1, 1]},
								"south": {"uv": [42, 100], "uv_size": [1, 1]},
								"west": {"uv": [100, 42], "uv_size": [1, 1]},
								"up": {"uv": [43, 100], "uv_size": [1, 1]},
								"down": {"uv": [100, 44], "uv_size": [1, -1]}
							}
						},
						{
							"origin": [0.66639, 19.15164, -1.14],
							"size": [0.85, 0.6, 0.35],
							"pivot": [1.01639, 19.15164, -1.14],
							"rotation": [45, 0, 0],
							"uv": {
								"north": {"uv": [44, 100], "uv_size": [1, 1]},
								"east": {"uv": [100, 44], "uv_size": [1, 1]},
								"south": {"uv": [45, 100], "uv_size": [1, 1]},
								"west": {"uv": [100, 45], "uv_size": [1, 1]},
								"up": {"uv": [46, 100], "uv_size": [1, 1]},
								"down": {"uv": [100, 47], "uv_size": [1, -1]}
							}
						},
						{
							"origin": [0.65861, 19.15164, 0.31],
							"size": [0.35, 0.6, 0.85],
							"pivot": [0.65861, 19.15164, 0.66],
							"rotation": [0, 0, -45],
							"uv": {
								"north": {"uv": [47, 100], "uv_size": [1, 1]},
								"east": {"uv": [100, 47], "uv_size": [1, 1]},
								"south": {"uv": [48, 100], "uv_size": [1, 1]},
								"west": {"uv": [100, 48], "uv_size": [1, 1]},
								"up": {"uv": [49, 100], "uv_size": [1, 1]},
								"down": {"uv": [100, 50], "uv_size": [1, -1]}
							}
						},
						{
							"origin": [0.65861, 19.05164, -0.415],
							"size": [0.35, 0.5, 0.85],
							"pivot": [0.65861, 19.05164, -0.065],
							"rotation": [0, 0, -45],
							"uv": {
								"north": {"uv": [50, 100], "uv_size": [1, 1]},
								"east": {"uv": [100, 50], "uv_size": [1, 1]},
								"south": {"uv": [51, 100], "uv_size": [1, 1]},
								"west": {"uv": [100, 51], "uv_size": [1, 1]},
								"up": {"uv": [52, 100], "uv_size": [1, 1]},
								"down": {"uv": [100, 53], "uv_size": [1, -1]}
							}
						},
						{
							"origin": [0.65861, 19.15164, -1.14],
							"size": [0.35, 0.6, 0.85],
							"pivot": [0.65861, 19.15164, -0.79],
							"rotation": [0, 0, -45],
							"uv": {
								"north": {"uv": [53, 100], "uv_size": [1, 1]},
								"east": {"uv": [100, 53], "uv_size": [1, 1]},
								"south": {"uv": [54, 100], "uv_size": [1, 1]},
								"west": {"uv": [100, 54], "uv_size": [1, 1]},
								"up": {"uv": [55, 100], "uv_size": [1, 1]},
								"down": {"uv": [100, 56], "uv_size": [1, -1]}
							}
						},
						{
							"origin": [2.56639, 17.99836, -0.415],
							"size": [0.35, 0.5, 0.85],
							"pivot": [2.91639, 18.49836, -0.065],
							"rotation": [0, 0, -45],
							"uv": {
								"north": {"uv": [56, 100], "uv_size": [1, 1]},
								"east": {"uv": [100, 56], "uv_size": [1, 1]},
								"south": {"uv": [57, 100], "uv_size": [1, 1]},
								"west": {"uv": [100, 57], "uv_size": [1, 1]},
								"up": {"uv": [58, 100], "uv_size": [1, 1]},
								"down": {"uv": [100, 59], "uv_size": [1, -1]}
							}
						},
						{
							"origin": [2.56639, 17.79836, 0.31],
							"size": [0.35, 0.6, 0.85],
							"pivot": [2.91639, 18.39836, 0.66],
							"rotation": [0, 0, -45],
							"uv": {
								"north": {"uv": [59, 100], "uv_size": [1, 1]},
								"east": {"uv": [100, 59], "uv_size": [1, 1]},
								"south": {"uv": [60, 100], "uv_size": [1, 1]},
								"west": {"uv": [100, 60], "uv_size": [1, 1]},
								"up": {"uv": [61, 100], "uv_size": [1, 1]},
								"down": {"uv": [100, 62], "uv_size": [1, -1]}
							}
						},
						{
							"origin": [0.66639, 17.79836, -1.14],
							"size": [0.85, 0.6, 0.35],
							"pivot": [1.01639, 18.39836, -1.14],
							"rotation": [-45, 0, 0],
							"uv": {
								"north": {"uv": [62, 100], "uv_size": [1, 1]},
								"east": {"uv": [100, 62], "uv_size": [1, 1]},
								"south": {"uv": [63, 100], "uv_size": [1, 1]},
								"west": {"uv": [100, 63], "uv_size": [1, 1]},
								"up": {"uv": [64, 100], "uv_size": [1, 1]},
								"down": {"uv": [100, 65], "uv_size": [1, -1]}
							}
						},
						{
							"origin": [2.06639, 17.79836, 0.815],
							"size": [0.85, 0.6, 0.35],
							"pivot": [2.56639, 18.39836, 1.165],
							"rotation": [45, 0, 0],
							"uv": {
								"north": {"uv": [65, 100], "uv_size": [1, 1]},
								"east": {"uv": [100, 65], "uv_size": [1, 1]},
								"south": {"uv": [66, 100], "uv_size": [1, 1]},
								"west": {"uv": [100, 66], "uv_size": [1, 1]},
								"up": {"uv": [67, 100], "uv_size": [1, 1]},
								"down": {"uv": [100, 68], "uv_size": [1, -1]}
							}
						},
						{
							"origin": [1.36639, 17.99836, 0.815],
							"size": [0.85, 0.5, 0.35],
							"pivot": [1.79139, 18.49836, 1.165],
							"rotation": [45, 0, 0],
							"uv": {
								"north": {"uv": [68, 100], "uv_size": [1, 1]},
								"east": {"uv": [100, 68], "uv_size": [1, 1]},
								"south": {"uv": [69, 100], "uv_size": [1, 1]},
								"west": {"uv": [100, 69], "uv_size": [1, 1]},
								"up": {"uv": [70, 100], "uv_size": [1, 1]},
								"down": {"uv": [100, 71], "uv_size": [1, -1]}
							}
						},
						{
							"origin": [0.66639, 17.79836, 0.815],
							"size": [0.85, 0.6, 0.35],
							"pivot": [1.01639, 18.39836, 1.165],
							"rotation": [45, 0, 0],
							"uv": {
								"north": {"uv": [71, 100], "uv_size": [1, 1]},
								"east": {"uv": [100, 71], "uv_size": [1, 1]},
								"south": {"uv": [72, 100], "uv_size": [1, 1]},
								"west": {"uv": [100, 72], "uv_size": [1, 1]},
								"up": {"uv": [73, 100], "uv_size": [1, 1]},
								"down": {"uv": [100, 74], "uv_size": [1, -1]}
							}
						},
						{
							"origin": [2.06639, 17.79836, -1.14],
							"size": [0.85, 0.6, 0.35],
							"pivot": [2.56639, 18.39836, -1.14],
							"rotation": [-45, 0, 0],
							"uv": {
								"north": {"uv": [74, 100], "uv_size": [1, 1]},
								"east": {"uv": [100, 74], "uv_size": [1, 1]},
								"south": {"uv": [75, 100], "uv_size": [1, 1]},
								"west": {"uv": [100, 75], "uv_size": [1, 1]},
								"up": {"uv": [76, 100], "uv_size": [1, 1]},
								"down": {"uv": [100, 77], "uv_size": [1, -1]}
							}
						},
						{
							"origin": [1.36639, 17.99836, -1.14],
							"size": [0.85, 0.5, 0.35],
							"pivot": [1.79139, 18.49836, -1.14],
							"rotation": [-45, 0, 0],
							"uv": {
								"north": {"uv": [77, 100], "uv_size": [1, 1]},
								"east": {"uv": [100, 77], "uv_size": [1, 1]},
								"south": {"uv": [78, 100], "uv_size": [1, 1]},
								"west": {"uv": [100, 78], "uv_size": [1, 1]},
								"up": {"uv": [79, 100], "uv_size": [1, 1]},
								"down": {"uv": [100, 80], "uv_size": [1, -1]}
							}
						}
					]
				},
				{
					"name": "LeftHandLocator",
					"parent": "LeftForeArm",
					"pivot": [1.80345, 17.12166, 0.01]
				},
				{
					"name": "SheathLocator",
					"parent": "LeftForeArm",
					"pivot": [1.80345, 17.37166, 0.01]
				},
				{
					"name": "LeftWaistLocator",
					"parent": "LeftForeArm",
					"pivot": [1.80345, 17.37166, 0.01]
				}
			]
		}
	]
}