{
	"format_version": "1.12.0",
	"minecraft:geometry": [
		{
			"description": {
				"identifier": "geometry.default",
				"texture_width": 248,
				"texture_height": 248,
				"visible_bounds_width": 5,
				"visible_bounds_height": 4.5,
				"visible_bounds_offset": [0, 1.75, 0]
			},
			"bones": [
				{
					"name": "LeftArm",
					"pivot": [4.4, 29.6, 0],
					"cubes": [
						{"origin": [2.75, 24.55, -1.5], "size": [3.05, 4.9, 3.05], "uv": [54, 16]},
						{"origin": [2.725, 25.775, -1.525], "size": [3.25, 0.975, 3.1], "uv": [232, 95]},
						{"origin": [5.8, 24.35458, -0.77705], "size": [0.175, 0.975, 1.1], "pivot": [5.8125, 24.81708, -0.58955], "rotation": [-44, 0, 0], "uv": [235, 95]},
						{"origin": [5.8, 24.46897, -1.38765], "size": [0.15, 0.975, 1.325], "pivot": [5.8125, 25.25647, -0.45015], "rotation": [-67, 0, 0], "uv": [235, 95]},
						{"origin": [5.8, 24.30458, -0.29795], "size": [0.175, 0.975, 1.1], "pivot": [5.8125, 24.81708, 0.58955], "rotation": [44, 0, 0], "uv": [235, 95]},
						{"origin": [5.8, 24.30458, -0.69795], "size": [0.175, 0.975, 1.1], "pivot": [5.8125, 24.81708, 0.58955], "rotation": [44, 0, 0], "uv": [235, 95]},
						{"origin": [5.8, 24.41897, 0.06265], "size": [0.15, 0.975, 1.325], "pivot": [5.8125, 25.25647, 0.45015], "rotation": [67, 0, 0], "uv": [235, 95]},
						{"origin": [5.8, 25.39397, -0.26235], "size": [0.125, 0.975, 1.325], "pivot": [5.8125, 25.25647, 0.45015], "rotation": [67, 0, 0], "uv": [240, 187]},
						{"origin": [3.04574, 29.10288, -1.5], "size": [1.45, 2, 3.05], "pivot": [4.24574, 27.92788, 0.025], "rotation": [0, 0, 18], "uv": [54, 16]},
						{"origin": [3.90653, 28.89894, -1.5], "size": [1.45, 2, 3.05], "pivot": [4.66903, 29.89894, 0.025], "rotation": [0, 0, 77], "uv": [54, 16]}
					]
				},
				{
					"name": "LeftForeArm",
					"parent": "LeftArm",
					"pivot": [4.275, 24.53186, 0.22293],
					"cubes": [
						{"origin": [2.85, 23.4798, -1.06494], "size": [2.85, 2.1, 2.1], "pivot": [4.275, 24.7298, -0.11494], "rotation": [-45, 0, 0], "uv": [70, 44]},
						{"origin": [2.775, 18.55394, -1.68152], "size": [3, 6, 3], "uv": [49, 48]},
						{"origin": [2.65, 18.52894, -1.78152], "size": [3.225, 1.15, 3.225], "uv": [114, 122]}
					]
				},
				{
					"name": "bone11",
					"parent": "LeftForeArm",
					"pivot": [4.42132, 18.33384, 0.40155],
					"rotation": [15.88988, -43.3732, -20.66729]
				},
				{
					"name": "bone13",
					"parent": "bone11",
					"pivot": [3.94867, 16.73137, 0.60343],
					"cubes": [
						{"origin": [2.29867, 18.53137, -0.04657], "size": [2.35, 2.4, 1.3], "pivot": [3.94867, 16.73137, 0.60343], "rotation": [-171, -63, 180], "uv": [108, 52]}
					]
				},
				{
					"name": "bone15",
					"parent": "bone11",
					"pivot": [3.67142, 18.16118, 0.13708],
					"cubes": [
						{"origin": [3.44317, 17.48274, 0.35242], "size": [0.65, 1.775, 0.725], "pivot": [3.67142, 18.16118, 0.13708], "rotation": [-56.31401, -8.86349, 155.11367], "uv": [237, 168]}
					]
				},
				{
					"name": "bone12",
					"parent": "bone11",
					"pivot": [3.92863, 18.72961, -0.03331],
					"rotation": [-78, 0, 0],
					"cubes": [
						{"origin": [3.94037, 18.76936, -2.10077], "size": [0.65, 1.175, 0.725], "pivot": [4.26537, 19.06936, -1.73827], "rotation": [-59.7899, -55.70341, 140.22105], "uv": [237, 165]},
						{"origin": [2.92352, 17.78713, -0.06386], "size": [0.65, 2, 0.725], "pivot": [3.96669, 17.95422, -0.24564], "rotation": [68.45285, -39.46715, -0.00119], "uv": [237, 165]},
						{"origin": [3.24127, 17.28, -0.06386], "size": [0.65, 0.55, 0.725], "pivot": [3.96669, 17.95422, -0.24564], "rotation": [43.82153, -66.86074, 29.68583], "uv": [237, 165]},
						{"origin": [3.73844, 17.27579, -0.0303], "size": [0.65, 1.775, 0.725], "pivot": [3.96669, 17.95422, -0.24564], "rotation": [-56.31401, -8.86349, 155.11367], "uv": [237, 165]},
						{"origin": [3.12988, 17.71935, 0.36432], "size": [0.65, 0.75, 0.725], "pivot": [3.56669, 18.05422, -0.64564], "rotation": [-45.38441, 17.08661, 173.82626], "uv": [237, 165]},
						{"origin": [3.30819, 18.25527, 0.36432], "size": [0.65, 0.975, 0.725], "pivot": [3.56669, 18.05422, -0.64564], "rotation": [-47.69035, -4.18023, 153.86329], "uv": [237, 165]},
						{"origin": [4.19152, 17.69632, 0.1994], "size": [0.65, 1.175, 0.725], "pivot": [4.71652, 18.38382, 0.5619], "rotation": [54.05125, -21.01397, -4.44571], "uv": [237, 165]},
						{"origin": [3.42517, 17.30559, 0.96411], "size": [0.55, 0.9, 0.725], "pivot": [4.25017, 17.69309, 1.32661], "rotation": [5.49677, -56.59529, 64.40188], "uv": [237, 165]}
					]
				},
				{
					"name": "bone14",
					"parent": "bone11",
					"pivot": [3.99559, 20.03855, 0.35308]
				},
				{
					"name": "bone16",
					"parent": "bone14",
					"pivot": [3.93977, 20.34143, -0.38526],
					"cubes": [
						{"origin": [4.35296, 19.52448, -0.85115], "size": [0.65, 1.175, 0.725], "pivot": [3.99559, 20.03855, 0.35308], "rotation": [0, -15, 0], "uv": [237, 164]},
						{"origin": [4.35296, 17.99948, -0.85115], "size": [0.65, 1.775, 0.725], "pivot": [3.99559, 20.03855, 0.35308], "rotation": [0, -15, 0], "uv": [237, 164]}
					]
				},
				{
					"name": "bone17",
					"parent": "bone14",
					"pivot": [3.83309, 20.55193, 0.35926],
					"cubes": [
						{"origin": [4.27796, 19.47463, 0.07202], "size": [0.65, 1.475, 0.725], "pivot": [3.99559, 20.03855, 0.35308], "rotation": [18, -15, 0], "uv": [237, 164]},
						{"origin": [4.30977, 18.05843, 0.07202], "size": [0.65, 2, 0.725], "pivot": [3.99559, 20.03855, 0.35308], "rotation": [16.6534, -16.49006, 4.95916], "uv": [237, 164]}
					]
				},
				{
					"name": "LeftHand",
					"parent": "LeftForeArm",
					"pivot": [4.375, 18.82894, -0.18152],
					"cubes": [
						{"origin": [3.1233, 17.84479, -1.47237], "size": [2.6, 2.1, 2], "pivot": [0, 18.35394, -0.78152], "rotation": [-45, 0, 0], "uv": [70, 6]},
						{"origin": [2.775, 16.55394, -1.68152], "size": [3, 2, 3], "uv": [63, 50]}
					]
				},
				{
					"name": "LeftHandLocator",
					"parent": "LeftHand",
					"pivot": [4.375, 16.42894, -0.18152]
				},
				{
					"name": "RightArm",
					"pivot": [-4.4, 29.6, 0],
					"cubes": [
						{"origin": [-5.35653, 28.92394, -1.5], "size": [1.45, 2, 3.05], "pivot": [-4.66903, 29.89894, 0.025], "rotation": [0, 0, -77], "uv": [233, 85], "mirror": true},
						{"origin": [-5.8, 24.55, -1.5], "size": [3.05, 4.925, 3.05], "uv": [35, 51]},
						{"origin": [-4.725, 28.375, -1.5], "size": [1.4, 2.75, 3.05], "pivot": [-4.275, 28.65, 0.025], "rotation": [0, 0, -18], "uv": [237, 84]}
					]
				},
				{
					"name": "bone9",
					"parent": "RightArm",
					"pivot": [-5.8125, 25.25647, 0.45015],
					"cubes": [
						{"origin": [-5.975, 25.775, -1.525], "size": [3.25, 0.975, 3.1], "uv": [235, 95], "mirror": true},
						{"origin": [-5.95, 24.41897, 0.06265], "size": [0.15, 0.975, 1.325], "pivot": [-5.8125, 25.25647, 0.45015], "rotation": [67, 0, 0], "uv": [235, 95], "mirror": true},
						{"origin": [-5.975, 24.35458, -0.77705], "size": [0.175, 0.975, 1.1], "pivot": [-5.8125, 24.81708, -0.58955], "rotation": [-44, 0, 0], "uv": [235, 95], "mirror": true},
						{"origin": [-5.95, 24.46897, -1.38765], "size": [0.15, 0.975, 1.325], "pivot": [-5.8125, 25.25647, -0.45015], "rotation": [-67, 0, 0], "uv": [235, 95], "mirror": true},
						{"origin": [-5.975, 24.30458, -0.29795], "size": [0.175, 0.975, 1.1], "pivot": [-5.8125, 24.81708, 0.58955], "rotation": [44, 0, 0], "uv": [235, 95], "mirror": true},
						{"origin": [-5.975, 24.30458, -0.69795], "size": [0.175, 0.975, 1.1], "pivot": [-5.8125, 24.81708, 0.58955], "rotation": [44, 0, 0], "uv": [235, 95], "mirror": true},
						{"origin": [-5.925, 25.39397, -0.26235], "size": [0.125, 0.975, 1.325], "pivot": [-5.8125, 25.25647, 0.45015], "rotation": [67, 0, 0], "uv": [240, 187], "mirror": true}
					]
				},
				{
					"name": "RightForeArm",
					"parent": "RightArm",
					"pivot": [-3.875, 24.4, 0.025],
					"cubes": [
						{"origin": [-5.7, 23.57586, -0.85842], "size": [2.85, 2.1, 2.1], "pivot": [-4.275, 24.82586, 0.09158], "rotation": [-45, 0, 0], "uv": [69, 38]},
						{"origin": [-5.775, 18.65, -1.475], "size": [3, 6, 3], "uv": [49, 48]}
					]
				},
				{
					"name": "RightHand",
					"parent": "RightForeArm",
					"pivot": [-4.375, 18.925, 0.025],
					"cubes": [
						{"origin": [-5.875, 18.52894, -1.58152], "size": [3.225, 1.15, 3.225], "uv": [114, 122], "mirror": true}
					]
				},
				{
					"name": "bone18",
					"parent": "RightHand",
					"pivot": [-4.42132, 18.33384, 0.57655],
					"rotation": [15.88988, 43.3732, 20.66729]
				},
				{
					"name": "bone19",
					"parent": "bone18",
					"pivot": [-3.94867, 16.73137, 0.77843],
					"cubes": [
						{"origin": [-4.64867, 18.53137, 0.12843], "size": [2.35, 2.4, 1.3], "pivot": [-3.94867, 16.73137, 0.77843], "rotation": [-171, 63, -180], "uv": [108, 52], "mirror": true}
					]
				},
				{
					"name": "bone20",
					"parent": "bone18",
					"pivot": [-3.58872, 18.47776, 0.8618],
					"cubes": [
						{"origin": [-4.09317, 17.48274, 0.52742], "size": [0.65, 1.775, 0.725], "pivot": [-3.67142, 18.16118, 0.31208], "rotation": [-56.31401, 8.86349, -155.11367], "uv": [236, 164], "mirror": true}
					]
				},
				{
					"name": "bone21",
					"parent": "bone18",
					"pivot": [-3.92863, 18.72961, 0.14169],
					"rotation": [-78, 0, 0],
					"cubes": [
						{"origin": [-4.59037, 18.76936, -1.92577], "size": [0.65, 1.175, 0.725], "pivot": [-4.26537, 19.06936, -1.56327], "rotation": [-59.7899, 55.70341, -140.22105], "uv": [238, 165], "mirror": true},
						{"origin": [-3.57352, 17.78713, 0.11114], "size": [0.65, 2, 0.725], "pivot": [-3.96669, 17.95422, -0.07064], "rotation": [68.45285, 39.46715, 0.00119], "uv": [238, 165], "mirror": true},
						{"origin": [-3.89127, 17.28, 0.11114], "size": [0.65, 0.55, 0.725], "pivot": [-3.96669, 17.95422, -0.07064], "rotation": [43.82153, 66.86074, -29.68583], "uv": [238, 165], "mirror": true},
						{"origin": [-4.38844, 17.27579, 0.1447], "size": [0.65, 1.775, 0.725], "pivot": [-3.96669, 17.95422, -0.07064], "rotation": [-56.31401, 8.86349, -155.11367], "uv": [238, 165], "mirror": true},
						{"origin": [-3.77988, 17.71935, 0.53932], "size": [0.65, 0.75, 0.725], "pivot": [-3.56669, 18.05422, -0.47064], "rotation": [-45.38441, -17.08661, -173.82626], "uv": [238, 165], "mirror": true},
						{"origin": [-3.95819, 18.25527, 0.53932], "size": [0.65, 0.975, 0.725], "pivot": [-3.56669, 18.05422, -0.47064], "rotation": [-47.69035, 4.18023, -153.86329], "uv": [238, 165], "mirror": true},
						{"origin": [-4.84152, 17.69632, 0.3744], "size": [0.65, 1.175, 0.725], "pivot": [-4.71652, 18.38382, 0.7369], "rotation": [54.05125, 21.01397, 4.44571], "uv": [238, 165], "mirror": true},
						{"origin": [-3.97517, 17.30559, 1.13911], "size": [0.55, 0.9, 0.725], "pivot": [-4.25017, 17.69309, 1.50161], "rotation": [5.49677, 56.59529, -64.40188], "uv": [238, 165], "mirror": true}
					]
				},
				{
					"name": "bone22",
					"parent": "bone18",
					"pivot": [-3.99559, 20.03855, 0.52808]
				},
				{
					"name": "bone23",
					"parent": "bone22",
					"pivot": [-3.93977, 20.34143, -0.21026],
					"cubes": [
						{"origin": [-5.00296, 19.52448, -0.67615], "size": [0.65, 1.175, 0.725], "pivot": [-3.99559, 20.03855, 0.52808], "rotation": [0, 15, 0], "uv": [236, 166], "mirror": true},
						{"origin": [-5.00296, 17.99948, -0.67615], "size": [0.65, 1.775, 0.725], "pivot": [-3.99559, 20.03855, 0.52808], "rotation": [0, 15, 0], "uv": [236, 166], "mirror": true}
					]
				},
				{
					"name": "bone24",
					"parent": "bone22",
					"pivot": [-3.83309, 20.55193, 0.53426],
					"cubes": [
						{"origin": [-4.92796, 19.47463, 0.24702], "size": [0.65, 1.475, 0.725], "pivot": [-3.99559, 20.03855, 0.52808], "rotation": [18, 15, 0], "uv": [236, 166], "mirror": true},
						{"origin": [-4.95977, 18.05843, 0.24702], "size": [0.65, 2, 0.725], "pivot": [-3.99559, 20.03855, 0.52808], "rotation": [16.6534, 16.49006, -4.95916], "uv": [236, 166], "mirror": true}
					]
				},
				{
					"name": "bone25",
					"parent": "RightHand",
					"pivot": [0, 0, 0],
					"cubes": [
						{"origin": [-5.675, 18.15, -1.275], "size": [2.6, 2.1, 2], "pivot": [0, 18.65, -0.575], "rotation": [-45, 0, 0], "uv": [6, 48]},
						{"origin": [-5.775, 16.65, -1.475], "size": [3, 2, 3], "uv": [50, 63]}
					]
				},
				{
					"name": "RightHandLocator",
					"parent": "RightHand",
					"pivot": [-4.375, 17.925, 0.025]
				}
			]
		}
	]
}