{
	"format_version": "1.8.0",
	"animations": {
		"extra1": {
			"loop": "hold_on_last_frame",
			"animation_length": 0.70833,
			"bones": {
				"Root": {
					"rotation": [0, 0, 0],
					"scale": [1, 1, 1]
				},
				"UpBody": {
					"rotation": {
						"0.0": [0, 0, 0],
						"0.0417": [-0.16, 5.95, -2.35],
						"0.0833": [-0.33, 7.49, -2.52],
						"0.125": [-0.38, 1.14, -0.01],
						"0.1667": [-0.42, -0.31, 0.2],
						"0.2083": [-0.44, -2.49, 0.04],
						"0.25": [-0.44, -1.93, -0.38],
						"0.2917": [-0.44, 2.07, -0.63],
						"0.3333": [-0.44, 5.6, -0.27],
						"0.375": [-0.44, 7.81, 0.19],
						"0.4167": [-0.44, 4.96, 0.56],
						"0.4583": [-0.44, 1.08, 0.54],
						"0.5": [-0.44, -2.1, 0.22],
						"0.5417": [-0.44, -2.03, -0.13],
						"0.5833": [-0.44, -1.77, -0.26],
						"0.625": [-0.44, -1.78, -0.23],
						"0.6667": [-0.44, -2.09, -0.02],
						"0.7083": [-0.44, -2.49, 0.04]
					},
					"position": [0, 0, 0]
				},
				"UpperBody": {
					"rotation": {
						"0.0": [0, 0, 0],
						"0.0417": [0, -0.78, 0.03],
						"0.0833": [0, -1.5, 0],
						"0.125": [-0.02, -1.63, -0.34],
						"0.1667": [-0.02, -1.54, -0.46],
						"0.2083": [-0.02, -1, -0.5],
						"0.25": [-0.01, 0.05, -0.19],
						"0.2917": [0.03, 2.3, 0.57],
						"0.3333": [0.05, 3.34, 0.94],
						"0.375": [0.05, 3.31, 0.95],
						"0.4167": [0.03, 2.11, 0.59],
						"0.4583": [0, 0.48, 0.09],
						"0.5": [-0.02, -0.77, -0.36],
						"0.5417": [-0.02, 0.83, -0.5],
						"0.5833": [-0.02, 1.73, -0.5],
						"0.625": [-0.02, 2.55, -0.5],
						"0.6667": [-0.02, 2.79, -0.5],
						"0.7083": [-0.02, 2.75, -0.5]
					},
					"position": [0, 0, 0]
				},
				"LeftArm": {
					"rotation": {
						"0.0": [0, 0, 0],
						"0.0417": [-6.78, -3.12, 10.04],
						"0.0833": [-12.25, -6.72, 17.59],
						"0.125": [-7, -8.6, 4.61],
						"0.1667": [-2.83, -10.1, 1.64],
						"0.2083": [-1.75, -10.49, -2.29],
						"0.25": [-1.22, -10.71, -2.53],
						"0.2917": [-1.95, -10.51, 0.54],
						"0.3333": [-2.56, -10.33, 2.48],
						"0.375": [-2.63, -10.3, 2.61],
						"0.4167": [-2.41, -10.35, 1.41],
						"0.4583": [-2.1, -10.41, -0.31],
						"0.5": [-1.83, -10.47, -1.82],
						"0.5417": [-1.75, -10.49, -2.79],
						"0.5833": [-1.75, -10.49, -3.39],
						"0.625": [-1.75, -10.49, -3.6],
						"0.6667": [-1.75, -10.49, -3],
						"0.7083": [-1.75, -10.49, -2.29]
					},
					"position": [0, 0, 0]
				},
				"LeftForeArm": {
					"rotation": [0, 0, 0],
					"position": [0, 0, 0]
				},
				"RightArm": {
					"rotation": {
						"0.0": [0, 0, 0],
						"0.0417": [-59.42, -21.71, 37.06],
						"0.0833": [-73.42, -8.49, 94.21],
						"0.125": [1.96, 33.61, 140.7],
						"0.1667": [31.52, 50.19, 155.44],
						"0.2083": [62.35, 75.05, 168.42],
						"0.25": [42.08, 82.58, 153.11],
						"0.2917": [-27.48, 84.07, 105.69],
						"0.3333": [-64.73, 83, 80.38],
						"0.375": [-68.61, 83.22, 76.87],
						"0.4167": [-42.81, 82.9, 92.88],
						"0.4583": [-4.45, 82.05, 117.27],
						"0.5": [29.72, 81.23, 139.09],
						"0.5417": [45.34, 80.91, 148.99],
						"0.5833": [47.85, 80.86, 150.56],
						"0.625": [46.97, 80.88, 150.01],
						"0.6667": [42.62, 80.96, 147.27],
						"0.7083": [40, 81.01, 145.63]
					},
					"position": [0, 0, 0]
				},
				"RightForeArm": {
					"rotation": {
						"0.0": [0, 0, 0],
						"0.0417": [-6.84, 0.59, -1.45],
						"0.0833": [-78.93, 1.19, -2.9],
						"0.125": [-15.64, 1.19, -2.9],
						"0.1667": [-3.19, 1.19, -2.9],
						"0.2083": [0.52, 1.19, -2.9],
						"0.25": [-5.57, 1.19, -2.9],
						"0.2917": [-2.21, 1.19, -2.9],
						"0.3333": [-8.93, 1.19, -2.9],
						"0.375": [-32.71, 1.19, -2.9],
						"0.4167": [-35.05, 1.19, -2.9],
						"0.4583": [-24.1, 1.19, -2.9],
						"0.5": [-9.18, 1.19, -2.9],
						"0.5417": [1.33, 1.19, -2.9],
						"0.5833": [5.74, 1.19, -2.9],
						"0.625": [4.48, 1.19, -2.9],
						"0.6667": [0.66, 1.19, -2.9],
						"0.7083": [-3.93, 1.19, -2.9]
					},
					"position": [0, 0, 0]
				},
				"LeftLeg": {
					"rotation": [0, 0, 0],
					"position": [0, 0, 0]
				},
				"LeftLowerLeg": {
					"rotation": [0, 0, 0],
					"position": [0, 0, 0]
				},
				"LeftFoot": {
					"rotation": [0, 0, 0],
					"position": [0, 0, 0]
				},
				"RightLeg": {
					"rotation": [0, 0, 0],
					"position": [0, 0, 0]
				},
				"RightLowerLeg": {
					"rotation": [0, 0, 0],
					"position": [0, 0, 0]
				},
				"RightFoot": {
					"rotation": [0, 0, 0],
					"position": [0, 0, 0]
				},
				"AllBody": {
					"rotation": [0, 0, 0],
					"position": [0, 0, 0],
					"scale": [1, 1, 1]
				},
				"AllHead": {
					"rotation": [0, 0, 0],
					"position": [0, 0, 0]
				},
				"Head": {
					"rotation": {
						"0.0": [0, 0, 0],
						"0.0417": [-0.1, -4.53, 1.56],
						"0.0833": [-0.11, -7.49, 2.5],
						"0.125": [0.18, -1.07, -0.11],
						"0.1667": [0.32, 1.78, -1.23],
						"0.2083": [0.55, 5.03, -2.43],
						"0.25": [0.69, 3.63, -1.67],
						"0.2917": [0.89, -1.75, 0.88],
						"0.3333": [0.97, -4.59, 2.21],
						"0.375": [0.97, -4.68, 2.25],
						"0.4167": [0.86, -2.3, 1.1],
						"0.4583": [0.72, 1.1, -0.54],
						"0.5": [0.59, 4.11, -1.99],
						"0.5417": [0.52, 5.51, -2.66],
						"0.5833": [0.51, 5.73, -2.77],
						"0.625": [0.52, 5.65, -2.73],
						"0.6667": [0.54, 5.26, -2.54],
						"0.7083": [0.55, 5.03, -2.43]
					},
					"position": [0, 0, 0]
				}
			}
		},
		"extra2": {
			"loop": true,
			"animation_length": 1.83333,
			"bones": {
				"LeftArm": {
					"rotation": [-7, 0, 0]
				},
				"LeftForeArm": {
					"rotation": [-109.46241, -42.84276, -37.9455],
					"position": [0.45, -0.64, -0.45]
				},
				"LeftHand": {
					"scale": [0, 0, 0]
				},
				"RightArm": {
					"rotation": [-7, 0, 0]
				},
				"RightForeArm": {
					"rotation": [-103.22062, 41.81288, 48.4349],
					"position": [-0.39, -0.6, -0.625]
				},
				"bone11": {
					"rotation": [-32.53745, 72.66777, -17.70833],
					"position": [0.97279, -1.35233, -1.02838]
				},
				"bone12": {
					"rotation": [89.16546, -9.81444, -1.92698],
					"position": [0.08792, 0.0219, 0.34899]
				},
				"bone14": {
					"position": [-0.11771, -2.18308, 0.03056]
				},
				"bone15": {
					"position": [-0.07564, -0.28223, 0.10124]
				},
				"bone17": {
					"rotation": {
						"0.0": [-7, 0, 0],
						"0.0833": [-11, 0, 0],
						"0.1667": [-7, 0, 0],
						"0.5": [-7, 0, 0],
						"0.5833": [-11, 0, 0],
						"0.6667": [-7, 0, 0]
					}
				},
				"bone16": {
					"rotation": {
						"0.0": [0, 0, 0],
						"0.0833": [7, 0, 0],
						"0.1667": [0, 0, 0],
						"0.5": [0, 0, 0],
						"0.5833": [7, 0, 0],
						"0.6667": [0, 0, 0]
					}
				},
				"bone18": {
					"rotation": [-27.92057, -73.55098, 12.21384],
					"position": [-0.85555, -1.44572, -0.84883]
				},
				"bone20": {
					"rotation": [-8.4392, -83.45281, 60.54803],
					"position": [-0.28092, 0.27664, 0.90529]
				},
				"bone21": {
					"rotation": [82.5, 0, 0],
					"position": [0.34225, 0.03486, 0.6589]
				},
				"bone22": {
					"position": [0.10113, -1.8349, -0.0541]
				},
				"bone23": {
					"rotation": {
						"0.0": [0, 0, 0],
						"0.0833": [2.97086, 0.41733, -7.98918],
						"0.1667": [0, 0, 0],
						"0.5": [0, 0, 0],
						"0.5833": [2.97086, 0.41733, -7.98918],
						"0.6667": [0, 0, 0]
					}
				},
				"bone24": {
					"rotation": {
						"0.0": [0, 0, 0],
						"0.0833": [-12, 0, 0],
						"0.1667": [0, 0, 0],
						"0.5": [0, 0, 0],
						"0.5833": [-12, 0, 0],
						"0.6667": [0, 0, 0]
					}
				},
				"bone25": {
					"scale": [0, 0, 0]
				}
			}
		},
		"extra3": {
			"loop": "hold_on_last_frame",
			"animation_length": 0.5,
			"bones": {
				"Root": {
					"rotation": [0, 0, 0],
					"position": {
						"0.0": [0, 0, 0],
						"0.0417": [0, -0.07, 0],
						"0.0833": [0, -0.18, 0],
						"0.125": [0, -0.25, 0]
					},
					"scale": [1, 1, 1]
				},
				"UpBody": {
					"rotation": {
						"0.0": [0, 0, 0],
						"0.0417": [-0.78, 0, 0],
						"0.0833": [-2.5, 0, 0],
						"0.125": [-8.61, 0, 0],
						"0.1667": [-10, 0, 0],
						"0.2083": [-9, 0, 0],
						"0.25": [-9.06, 0, 0],
						"0.2917": [-9.4, 0, 0],
						"0.3333": [-9.64, 0, 0],
						"0.375": [-9.91, 0, 0],
						"0.4167": [-10.04, 0, 0],
						"0.4583": [-10.01, 0, 0],
						"0.5": [-10, 0, 0]
					},
					"position": [0, 0, 0]
				},
				"UpperBody": {
					"rotation": {
						"0.0": [0, 0, 0],
						"0.0417": [-1.85, 0, 0],
						"0.0833": [-4.26, 0, 0],
						"0.125": [-3.3, 0, 0],
						"0.1667": [-0.27, 0, 0],
						"0.2083": [5, 0, 0],
						"0.25": [5.49, 0, 0],
						"0.2917": [4.41, 0, 0],
						"0.3333": [4.35, 0, 0],
						"0.375": [4.83, 0, 0],
						"0.4167": [5.05, 0, 0],
						"0.4583": [5.02, 0, 0],
						"0.5": [5, 0, 0]
					},
					"position": [0, 0, 0]
				},
				"LeftArm": {
					"rotation": {
						"0.0": [0, 0, 0],
						"0.0417": [-25.64, 0.19, -23.67],
						"0.0833": [-61.03, 0.89, -56.28],
						"0.125": [-96.21, 11.41, -87.23],
						"0.1667": [-98.7, 20.84, -88.13],
						"0.2083": [-98.56, 36.49, -85.68]
					},
					"position": [0, 0, 0]
				},
				"LeftForeArm": {
					"rotation": {
						"0.0": [0, 0, 0],
						"0.0417": [-31.11, 0, 0],
						"0.0833": [-73.89, 0, 0],
						"0.125": [-105, 0, 0]
					},
					"position": [0, 0, 0]
				},
				"RightArm": {
					"rotation": {
						"0.0": [0, 0, 0],
						"0.0417": [-24.73, -7.32, 23.19],
						"0.0833": [-58.89, -17.64, 55.13],
						"0.125": [-93.02, -32.77, 85.08],
						"0.1667": [-95.6, -38.14, 85.62],
						"0.2083": [-95.77, -45.85, 82.65]
					},
					"position": [0, 0, 0]
				},
				"RightForeArm": {
					"rotation": {
						"0.0": [0, 0, 0],
						"0.0417": [-31.3, 0, 0],
						"0.0833": [-74.26, 0, 0],
						"0.125": [-111.37, 0, 0],
						"0.1667": [-109.06, 0, 0],
						"0.2083": [-100, 0, 0]
					},
					"position": [0, 0, 0]
				},
				"LeftLeg": {
					"rotation": {
						"0.0": [0, 0, 0],
						"0.0417": [0, -1.48, -1.48],
						"0.0833": [0, -3.52, -3.52],
						"0.125": [0, -5, -5]
					},
					"position": [0, 0, 0]
				},
				"LeftLowerLeg": {
					"rotation": [0, 0, 0],
					"position": [0, 0, 0]
				},
				"LeftFoot": {
					"rotation": {
						"0.0": [0, 0, 0],
						"0.0417": [0, -1.48, 1.48],
						"0.0833": [0, -3.52, 3.52],
						"0.125": [0, -5, 5]
					},
					"position": [0, 0, 0]
				},
				"RightLeg": {
					"rotation": {
						"0.0": [0, 0, 0],
						"0.0417": [0, 1.48, 1.48],
						"0.0833": [0, 3.52, 3.52],
						"0.125": [0, 5, 5]
					},
					"position": [0, 0, 0]
				},
				"RightLowerLeg": {
					"rotation": [0, 0, 0],
					"position": [0, 0, 0]
				},
				"RightFoot": {
					"rotation": {
						"0.0": [0, 0, 0],
						"0.0417": [0, 1.48, -1.48],
						"0.0833": [0, 3.52, -3.52],
						"0.125": [0, 5, -5]
					},
					"position": [0, 0, 0]
				},
				"AllBody": {
					"rotation": [0, 0, 0],
					"position": [0, 0, 0],
					"scale": [1, 1, 1]
				},
				"AllHead": {
					"rotation": [0, 0, 0],
					"position": [0, 0, 0]
				},
				"Head": {
					"rotation": {
						"0.0": [0, 0, 0],
						"0.0417": [1.77, 0, 0],
						"0.0833": [4.02, 0, 0],
						"0.125": [-9.86, 0, 0],
						"0.1667": [-4.92, 0, 0],
						"0.2083": [17.5, 0, 0],
						"0.25": [20.1, 0, 0],
						"0.2917": [5.32, 0, 0],
						"0.3333": [-8.93, 0, 0],
						"0.375": [5.57, 0, 0],
						"0.4167": [23.12, 0, 0],
						"0.4583": [16.37, 0, 0],
						"0.5": [5, 0, 0]
					},
					"position": [0, 0, 0]
				}
			}
		},
		"extra4": {
			"loop": "hold_on_last_frame",
			"animation_length": 0.5,
			"bones": {
				"Root": {
					"rotation": [0, 0, 0],
					"position": {
						"0.0": [0, 0, 0],
						"0.0417": [0, -0.07, 0],
						"0.0833": [0, -0.18, 0],
						"0.125": [0, -0.25, 0]
					},
					"scale": [1, 1, 1]
				},
				"UpBody": {
					"rotation": {
						"0.0": [0, 0, 0],
						"0.0417": [-0.78, 0, 0],
						"0.0833": [-2.5, 0, 0],
						"0.125": [-8.61, 0, 0],
						"0.1667": [-10, 0, 0],
						"0.2083": [-9, 0, 0],
						"0.25": [-9.06, 0, 0],
						"0.2917": [-9.4, 0, 0],
						"0.3333": [-9.64, 0, 0],
						"0.375": [-9.91, 0, 0],
						"0.4167": [-10.04, 0, 0],
						"0.4583": [-10.01, 0, 0],
						"0.5": [-10, 0, 0]
					},
					"position": [0, 0, 0]
				},
				"UpperBody": {
					"rotation": {
						"0.0": [0, 0, 0],
						"0.0417": [-1.86, 1.08, -0.11],
						"0.0833": [-4.27, 2.49, -0.26],
						"0.125": [-3.31, 2.03, -0.41],
						"0.1667": [-0.27, 0.29, -0.42],
						"0.2083": [5.01, -2.33, -0.35],
						"0.25": [5.5, -1.55, -0.16],
						"0.2917": [4.42, 0.93, 0.2],
						"0.3333": [4.36, 0.76, 0.19],
						"0.375": [4.83, -1.46, -0.09],
						"0.4167": [5.06, -2.48, -0.23],
						"0.4583": [5.02, -2.32, -0.21],
						"0.5": [5, -2.24, -0.2]
					},
					"position": [0, 0, 0]
				},
				"LeftArm": {
					"rotation": {
						"0.0": [0, 0, 0],
						"0.0417": [-25.64, 0.19, -23.67],
						"0.0833": [-61.03, 0.89, -56.28],
						"0.125": [-96.21, 11.41, -87.23],
						"0.1667": [-98.7, 20.84, -88.13],
						"0.2083": [-98.56, 36.49, -85.68]
					},
					"position": [0, 0, 0]
				},
				"LeftForeArm": {
					"rotation": {
						"0.0": [0, 0, 0],
						"0.0417": [-31.11, 0, 0],
						"0.0833": [-73.89, 0, 0],
						"0.125": [-105, 0, 0]
					},
					"position": [0, 0, 0]
				},
				"RightArm": {
					"rotation": {
						"0.0": [0, 0, 0],
						"0.0417": [-24.73, -7.32, 23.19],
						"0.0833": [-58.89, -17.64, 55.13],
						"0.125": [-93.02, -32.77, 85.08],
						"0.1667": [-95.6, -38.14, 85.62],
						"0.2083": [-95.77, -45.85, 82.65]
					},
					"position": [0, 0, 0]
				},
				"RightForeArm": {
					"rotation": {
						"0.0": [0, 0, 0],
						"0.0417": [-31.3, 0, 0],
						"0.0833": [-74.26, 0, 0],
						"0.125": [-111.37, 0, 0],
						"0.1667": [-109.06, 0, 0],
						"0.2083": [-100, 0, 0]
					},
					"position": [0, 0, 0]
				},
				"LeftLeg": {
					"rotation": {
						"0.0": [0, 0, 0],
						"0.0417": [0, -1.48, -1.48],
						"0.0833": [0, -3.52, -3.52],
						"0.125": [0, -5, -5]
					},
					"position": [0, 0, 0]
				},
				"LeftLowerLeg": {
					"rotation": [0, 0, 0],
					"position": [0, 0, 0]
				},
				"LeftFoot": {
					"rotation": {
						"0.0": [0, 0, 0],
						"0.0417": [0, -1.48, 1.48],
						"0.0833": [0, -3.52, 3.52],
						"0.125": [0, -5, 5]
					},
					"position": [0, 0, 0]
				},
				"RightLeg": {
					"rotation": {
						"0.0": [0, 0, 0],
						"0.0417": [0, 1.48, 1.48],
						"0.0833": [0, 3.52, 3.52],
						"0.125": [0, 5, 5]
					},
					"position": [0, 0, 0]
				},
				"RightLowerLeg": {
					"rotation": [0, 0, 0],
					"position": [0, 0, 0]
				},
				"RightFoot": {
					"rotation": {
						"0.0": [0, 0, 0],
						"0.0417": [0, 1.48, -1.48],
						"0.0833": [0, 3.52, -3.52],
						"0.125": [0, 5, -5]
					},
					"position": [0, 0, 0]
				},
				"AllBody": {
					"rotation": [0, 0, 0],
					"position": [0, 0, 0],
					"scale": [1, 1, 1]
				},
				"AllHead": {
					"rotation": [0, 0, 0],
					"position": [0, 0, 0]
				},
				"Head": {
					"rotation": {
						"0.0": [0, 0, 0],
						"0.0417": [12.5, 0, 0],
						"0.0833": [12.79, 13.52, 3.54],
						"0.125": [13.08, 8.24, 2.94],
						"0.1667": [13.03, -0.17, 1.84],
						"0.2083": [12.56, -10.02, -0.08],
						"0.25": [12.5, 0, 0],
						"0.2917": [13.07, 21.7, 4.21],
						"0.3333": [13.07, 11.74, 2.62],
						"0.375": [12.63, -3.38, -1.04],
						"0.4167": [12.6, -9.42, -1.83],
						"0.4583": [12.61, -8.88, -1.8],
						"0.5": [12.6, -7.32, -1.63]
					},
					"position": [0, 0, 0]
				}
			}
		},
		"extra5": {
			"loop": "hold_on_last_frame",
			"animation_length": 0.45833,
			"bones": {
				"Root": {
					"rotation": {
						"0.0": [0, 0, 0],
						"0.0417": [0, -1.68, 0],
						"0.0833": [0, -4.06, 0],
						"0.125": [0, -8.44, 0],
						"0.1667": [0, -10, 0],
						"0.2083": [0, -13.09, 0],
						"0.25": [0, -15.94, 0],
						"0.2917": [0, -19.26, 0],
						"0.3333": [0, -21.16, 0],
						"0.375": [0, -21.25, 0],
						"0.4167": [0, -20.23, 0],
						"0.4583": [0, -20, 0]
					},
					"position": {
						"0.0": [0, 0, 0],
						"0.0417": [-0.02, -0.05, -0.15],
						"0.0833": [-0.06, -0.17, -0.41],
						"0.125": [-0.15, -0.41, -1.02],
						"0.1667": [-0.19, -0.51, -1.27],
						"0.2083": [-0.25, -0.71, -1.85],
						"0.25": [-0.31, -0.93, -2.49],
						"0.2917": [-0.37, -1.27, -3.47],
						"0.3333": [-0.38, -1.48, -3.74],
						"0.375": [-0.37, -1.55, -3.73],
						"0.4167": [-0.37, -1.44, -3.69],
						"0.4583": [-0.37, -1.38, -3.67]
					},
					"scale": [1, 1, 1]
				},
				"UpBody": {
					"rotation": {
						"0.0": [0, 0, 0],
						"0.0417": [0.01, 11.17, 0],
						"0.0833": [0.04, 15.37, 0],
						"0.125": [0.11, 17.01, 0],
						"0.1667": [0.13, 16.96, 0],
						"0.2083": [0.18, 16.44, 0],
						"0.25": [0.21, 15.69, 0],
						"0.2917": [-1.56, 10.91, -0.17],
						"0.3333": [-6.83, -4.82, -0.74],
						"0.375": [-9.13, -12.2, -1.79],
						"0.4167": [-8.49, -11.24, -3.33],
						"0.4583": [-8.2, -10.73, -3.85]
					},
					"position": [0, 0, 0]
				},
				"UpperBody": {
					"rotation": {
						"0.0": [0, 0, 0],
						"0.0417": [-0.72, 3.66, -0.02],
						"0.0833": [-1.4, 6.31, -0.72],
						"0.125": [-2.3, 8.98, -2.62],
						"0.1667": [-2.55, 9.55, -3.39],
						"0.2083": [-2.9, 10.14, -4.96],
						"0.25": [-2.86, 9.7, -6.42],
						"0.2917": [3.2, -5.38, -7.64],
						"0.3333": [7.79, -14.69, -2.95],
						"0.375": [9.69, -17.41, 11.97],
						"0.4167": [9.07, -6.1, 11.49],
						"0.4583": [8.59, -5.01, 11.06]
					},
					"position": [0, 0, 0]
				},
				"LeftArm": {
					"rotation": {
						"0.0": [0, 0, 0],
						"0.0417": [-9.4, -0.63, -6.98],
						"0.0833": [-24.07, -1.6, -17.54],
						"0.125": [-48.54, -3.22, -35.54],
						"0.1667": [-55.66, -3.7, -41.08],
						"0.2083": [-65.83, -4.39, -49.92],
						"0.25": [-67.74, -4.56, -54.04],
						"0.2917": [-18.11, -1.54, -36.65],
						"0.3333": [26.31, 1.2, -18.28],
						"0.375": [48.1, 2.52, -10.49],
						"0.4167": [44, 2.23, -14],
						"0.4583": [41.8, 2.08, -15.51]
					},
					"position": [0, 0, 0]
				},
				"LeftForeArm": {
					"rotation": {
						"0.0": [0, 0, 0],
						"0.0417": [-9.88, 0, 0],
						"0.0833": [-24.07, 0, 0],
						"0.125": [-49.18, 0, 0],
						"0.1667": [-57.59, 0, 0],
						"0.2083": [-73.03, 0, 0],
						"0.25": [-85, 0, 0],
						"0.2917": [-105.59, 0, 0],
						"0.3333": [-112.63, 0, 0],
						"0.375": [-116.2, 0, 0],
						"0.4167": [-112.12, 0, 0],
						"0.4583": [-110.5, 0, 0]
					},
					"position": [0, 0, 0]
				},
				"RightArm": {
					"rotation": {
						"0.0": [0, 0, 0],
						"0.0417": [6.78, 4.32, 8.45],
						"0.0833": [18.06, 10.56, 21.3],
						"0.125": [36.07, 21.55, 43.12],
						"0.1667": [40.67, 25.21, 49.77],
						"0.2083": [45.28, 31.84, 60.19],
						"0.25": [40.93, 36.81, 64.61],
						"0.2917": [-37.16, 43.88, 38.77],
						"0.3333": [-100.04, 45.54, 13.46],
						"0.375": [-128.85, 46.48, 4.96],
						"0.4167": [-116.3, 45.1, 15.3],
						"0.4583": [-110.82, 44.56, 19.26]
					},
					"position": [0, 0, 0]
				},
				"RightForeArm": {
					"rotation": {
						"0.0": [0, 0, 0],
						"0.0417": [-14.67, 0, 0],
						"0.0833": [-36.94, 0, 0],
						"0.125": [-74.82, 0, 0],
						"0.1667": [-86.39, 0, 0],
						"0.2083": [-104.6, 0, 0],
						"0.25": [-112.5, 0, 0],
						"0.2917": [-70.47, 0, 0],
						"0.3333": [-27.75, 0, 0],
						"0.375": [-9.16, 0, 0],
						"0.4167": [-16.7, 0, 0],
						"0.4583": [-20, 0, 0]
					},
					"position": [0, 0, 0]
				},
				"LeftLeg": {
					"rotation": {
						"0.0": [0, 0, 0],
						"0.0417": [-0.73, -1.14, -0.19],
						"0.0833": [-1.76, -2.77, -0.45],
						"0.125": [-3.66, -5.75, -0.93],
						"0.1667": [-4.33, -6.82, -1.1],
						"0.2083": [-5.67, -8.92, -1.45],
						"0.25": [-6.89, -10.86, -1.77],
						"0.2917": [-8.31, -13.13, -2.15],
						"0.3333": [-8.95, -14.58, -2.25],
						"0.375": [-9.29, -15.18, -2.37],
						"0.4167": [-8.71, -14.2, -2.5],
						"0.4583": [-8.31, -13.62, -2.5]
					},
					"position": [0, 0, 0]
				},
				"LeftLowerLeg": {
					"rotation": {
						"0.0": [0, 0, 0],
						"0.0417": [3.36, 0, 0],
						"0.0833": [8.13, 0, 0],
						"0.125": [16.88, 0, 0],
						"0.1667": [20, 0, 0],
						"0.2083": [26.17, 0, 0],
						"0.25": [31.88, 0, 0],
						"0.2917": [38.53, 0, 0],
						"0.3333": [40.74, 0, 0],
						"0.375": [41.86, 0, 0],
						"0.4167": [41.11, 0, 0],
						"0.4583": [40, 0, 0]
					},
					"position": [0, 0, 0]
				},
				"LeftFoot": {
					"rotation": {
						"0.0": [0, 0, 0],
						"0.0417": [-2.08, 0.01, 0.04],
						"0.0833": [-5.03, 0.02, 0.1],
						"0.125": [-10.45, 0.05, 0.21],
						"0.1667": [-12.37, 0.06, 0.25],
						"0.2083": [-16.19, 0.08, 0.32],
						"0.25": [-19.72, 0.1, 0.39],
						"0.2917": [-23.84, 0.11, 0.48],
						"0.3333": [-26.18, 0.13, 0.52],
						"0.375": [-26.29, 0.13, 0.52],
						"0.4167": [-25.03, 0.12, 0.5],
						"0.4583": [-24.75, 0.12, 0.49]
					},
					"position": [0, 0, 0]
				},
				"RightLeg": {
					"rotation": {
						"0.0": [0, 0, 0],
						"0.0417": [-2.94, 1.76, 0],
						"0.0833": [-7.42, 4.35, 0],
						"0.125": [-17.17, 8.89, 0],
						"0.1667": [-21.36, 10.51, 0],
						"0.2083": [-30.9, 14.06, 0],
						"0.25": [-39.69, 17.46, 0],
						"0.2917": [-41.95, 22.03, 0],
						"0.3333": [-34.42, 22.64, 0],
						"0.375": [-34.38, 22.66, 0],
						"0.4167": [-34.88, 22.53, 0],
						"0.4583": [-35, 22.5, 0]
					},
					"position": [0, 0, 0]
				},
				"RightLowerLeg": {
					"rotation": {
						"0.0": [0, 0, 0],
						"0.0417": [8.37, 0, 0],
						"0.0833": [20.28, 0, 0],
						"0.125": [35.83, 0, 0],
						"0.1667": [40.28, 0, 0],
						"0.2083": [49.29, 0, 0],
						"0.25": [56.6, 0, 0],
						"0.2917": [50.51, 0, 0],
						"0.3333": [36.2, 0, 0],
						"0.375": [36.09, 0, 0],
						"0.4167": [37.24, 0, 0],
						"0.4583": [37.5, 0, 0]
					},
					"position": [0, 0, 0]
				},
				"RightFoot": {
					"rotation": {
						"0.0": [0, 0, 0],
						"0.0417": [-3.03, 0, 0],
						"0.0833": [-7.13, 0, 0],
						"0.125": [-9.75, 0, 0],
						"0.1667": [-9.49, 0, 0],
						"0.2083": [-8.23, 0, 0],
						"0.25": [-6.52, 0, 0],
						"0.2917": [-2.21, 0, 0],
						"0.3333": [0.29, 0, 0],
						"0.375": [0.31, 0, 0],
						"0.4167": [0.06, 0, 0],
						"0.4583": [0, 0, 0]
					},
					"position": [0, 0, 0]
				},
				"AllBody": {
					"rotation": [0, 0, 0],
					"position": [0, 0, 0],
					"scale": [1, 1, 1]
				},
				"AllHead": {
					"rotation": [0, 0, 0],
					"position": [0, 0, 0]
				},
				"Head": {
					"rotation": {
						"0.0": [0, 0, 0],
						"0.0417": [0.73, -1.44, 0.57],
						"0.0833": [1.74, -3.89, 1.37],
						"0.125": [3.58, -7.73, 2.8],
						"0.1667": [4.24, -8.67, 3.29],
						"0.2083": [5.56, -9.46, 4.22],
						"0.25": [6.82, -8.12, 5.01],
						"0.2917": [11.09, 11.93, 7.04],
						"0.3333": [13.6, 27.46, 7.96],
						"0.375": [14.65, 32.63, 7.8],
						"0.4167": [13.57, 24.99, 6.07],
						"0.4583": [13.15, 22.08, 5.46]
					},
					"position": [0, 0, 0]
				}
			}
		},
		"extra6": {
			"loop": true
		},
		"extra7": {
			"loop": true
		}
	}
}