{
	"format_version": "1.12.0",
	"minecraft:geometry": [
		{
			"description": {
				"identifier": "geometry.Elaina",
				"texture_width": 128,
				"texture_height": 128,
				"visible_bounds_width": 4,
				"visible_bounds_height": 4.5,
				"visible_bounds_offset": [0, 1.75, 0]
			},
			"bones": [
				{
					"name": "LeftArm",
					"pivot": [3.25, 29.1, 0],
					"cubes": [
						{
							"origin": [1.95, 23.15, -1.8],
							"size": [3.05, 7, 3.63],
							"uv": {
								"north": {"uv": [21, 77], "uv_size": [3, 7]},
								"east": {"uv": [18, 77], "uv_size": [3, 7]},
								"south": {"uv": [27, 77], "uv_size": [3, 7]},
								"west": {"uv": [24, 77], "uv_size": [3, 7]},
								"up": {"uv": [21, 74], "uv_size": [3, 3]},
								"down": {"uv": [24, 77], "uv_size": [3, -3]}
							}
						}
					]
				},
				{
					"name": "LeftForeArm",
					"parent": "LeftArm",
					"pivot": [3.35325, 23.58739, -0.05],
					"cubes": [
						{
							"origin": [2.025, 17.775, -1.775],
							"size": [3, 6, 3.6],
							"uv": {
								"north": {"uv": [83, 18], "uv_size": [3, 6]},
								"east": {"uv": [80, 18], "uv_size": [3, 6]},
								"south": {"uv": [89, 18], "uv_size": [3, 6]},
								"west": {"uv": [86, 18], "uv_size": [3, 6]},
								"up": {"uv": [83, 15], "uv_size": [3, 3]},
								"down": {"uv": [86, 18], "uv_size": [3, -3]}
							}
						},
						{
							"origin": [2.025, 14.775, -1.45],
							"size": [3, 3, 3],
							"uv": {
								"north": {"uv": [38, 92], "uv_size": [3, 3]},
								"east": {"uv": [35, 92], "uv_size": [3, 3]},
								"south": {"uv": [44, 92], "uv_size": [3, 3]},
								"west": {"uv": [41, 92], "uv_size": [3, 3]},
								"up": {"uv": [38, 89], "uv_size": [3, 3]},
								"down": {"uv": [41, 92], "uv_size": [3, -3]}
							}
						},
						{
							"origin": [0.725, 17.775, -1.775],
							"size": [2, 6, 3.6],
							"inflate": -0.005,
							"pivot": [3.525, 19.775, 0.325],
							"rotation": [0, 0, 20],
							"uv": {
								"north": {"uv": [22, 90], "uv_size": [2, 6]},
								"east": {"uv": [19, 90], "uv_size": [3, 6]},
								"south": {"uv": [27, 90], "uv_size": [2, 6]},
								"west": {"uv": [24, 90], "uv_size": [3, 6]},
								"up": {"uv": [22, 87], "uv_size": [2, 3]},
								"down": {"uv": [24, 90], "uv_size": [2, -3]}
							}
						},
						{
							"origin": [0.00643, 18.50472, -1.775],
							"size": [2, 3, 3.6],
							"inflate": -0.01,
							"pivot": [1.00643, 19.60472, 0.325],
							"rotation": [0, 0, 41.5],
							"uv": {
								"north": {"uv": [119, 55], "uv_size": [2, 3]},
								"east": {"uv": [116, 55], "uv_size": [3, 3]},
								"south": {"uv": [124, 55], "uv_size": [2, 3]},
								"west": {"uv": [121, 55], "uv_size": [3, 3]},
								"up": {"uv": [119, 52], "uv_size": [2, 3]},
								"down": {"uv": [121, 55], "uv_size": [2, -3]}
							}
						},
						{
							"origin": [0.40643, 16.90472, -1.775],
							"size": [2, 2, 3.6],
							"inflate": -0.015,
							"pivot": [1.00643, 19.60472, 0.025],
							"rotation": [0, 0, 65],
							"uv": {
								"north": {"uv": [97, 54], "uv_size": [2, 2]},
								"east": {"uv": [94, 54], "uv_size": [3, 2]},
								"south": {"uv": [102, 54], "uv_size": [2, 2]},
								"west": {"uv": [99, 54], "uv_size": [3, 2]},
								"up": {"uv": [97, 51], "uv_size": [2, 3]},
								"down": {"uv": [99, 54], "uv_size": [2, -3]}
							}
						},
						{
							"origin": [-1.92038, 17.28038, -1.975],
							"size": [2.4, 2, 4],
							"pivot": [-2.22038, 18.28038, -0.275],
							"rotation": [0, 0, 7.5],
							"uv": {
								"north": {"uv": [93, 16], "uv_size": [2, 2]},
								"east": {"uv": [89, 16], "uv_size": [4, 2]},
								"south": {"uv": [99, 16], "uv_size": [2, 2]},
								"west": {"uv": [95, 16], "uv_size": [4, 2]},
								"up": {"uv": [93, 12], "uv_size": [2, 4]},
								"down": {"uv": [95, 16], "uv_size": [2, -4]}
							}
						},
						{
							"origin": [0.17237, 17.28038, -1.975],
							"size": [5.4, 2, 4],
							"pivot": [2.87237, 18.28038, 0.325],
							"rotation": [0, 0, -7.5],
							"uv": {
								"north": {"uv": [70, 77], "uv_size": [5, 2]},
								"east": {"uv": [66, 77], "uv_size": [4, 2]},
								"south": {"uv": [79, 77], "uv_size": [5, 2]},
								"west": {"uv": [75, 77], "uv_size": [4, 2]},
								"up": {"uv": [70, 73], "uv_size": [5, 4]},
								"down": {"uv": [75, 77], "uv_size": [5, -4]}
							}
						},
						{
							"origin": [4.3, 18.65, -1.35],
							"size": [1, 0.6, 0.6],
							"uv": {
								"north": {"uv": [0, 0], "uv_size": [1, 0]},
								"east": {"uv": [0, 0], "uv_size": [0, 0]},
								"south": {"uv": [1, 0], "uv_size": [1, 0]},
								"west": {"uv": [1, 0], "uv_size": [0, 0]},
								"up": {"uv": [0, 0], "uv_size": [1, 0]},
								"down": {"uv": [1, 0], "uv_size": [1, 0]}
							}
						}
					]
				},
				{
					"name": "LeftHand",
					"parent": "LeftForeArm",
					"pivot": [3.525, 16.275, 0.05],
					"cubes": [
						{
							"origin": [3.025, 15.775, -0.45],
							"size": [1, 1, 1],
							"uv": {
								"north": {"uv": [36, 90], "uv_size": [1, 1]},
								"east": {"uv": [35, 90], "uv_size": [1, 1]},
								"south": {"uv": [38, 90], "uv_size": [1, 1]},
								"west": {"uv": [37, 90], "uv_size": [1, 1]},
								"up": {"uv": [36, 89], "uv_size": [1, 1]},
								"down": {"uv": [37, 90], "uv_size": [1, -1]}
							}
						}
					]
				},
				{
					"name": "LeftHandLocator",
					"parent": "LeftHand",
					"pivot": [3.525, 16.275, 0.05]
				},
				{
					"name": "RightArm",
					"pivot": [-3.25, 29.1, 0],
					"cubes": [
						{
							"origin": [-5, 23.15, -1.8],
							"size": [3.05, 7, 3.6],
							"uv": {
								"north": {"uv": [24, 77], "uv_size": [-3, 7]},
								"east": {"uv": [27, 77], "uv_size": [-3, 7]},
								"south": {"uv": [30, 77], "uv_size": [-3, 7]},
								"west": {"uv": [21, 77], "uv_size": [-3, 7]},
								"up": {"uv": [24, 74], "uv_size": [-3, 3]},
								"down": {"uv": [27, 77], "uv_size": [-3, -3]}
							}
						}
					]
				},
				{
					"name": "RightForeArm",
					"parent": "RightArm",
					"pivot": [-3.35325, 23.58739, -0.05],
					"cubes": [
						{
							"origin": [-5.025, 17.775, -1.775],
							"size": [3, 6, 3.6],
							"uv": {
								"north": {"uv": [86, 18], "uv_size": [-3, 6]},
								"east": {"uv": [89, 18], "uv_size": [-3, 6]},
								"south": {"uv": [92, 18], "uv_size": [-3, 6]},
								"west": {"uv": [83, 18], "uv_size": [-3, 6]},
								"up": {"uv": [86, 15], "uv_size": [-3, 3]},
								"down": {"uv": [89, 18], "uv_size": [-3, -3]}
							}
						},
						{
							"origin": [-5.025, 14.775, -1.45],
							"size": [3, 3, 3],
							"uv": {
								"north": {"uv": [41, 92], "uv_size": [-3, 3]},
								"east": {"uv": [44, 92], "uv_size": [-3, 3]},
								"south": {"uv": [47, 92], "uv_size": [-3, 3]},
								"west": {"uv": [38, 92], "uv_size": [-3, 3]},
								"up": {"uv": [41, 89], "uv_size": [-3, 3]},
								"down": {"uv": [44, 92], "uv_size": [-3, -3]}
							}
						},
						{
							"origin": [-2.725, 17.775, -1.775],
							"size": [2, 6, 3.6],
							"inflate": -0.005,
							"pivot": [-3.525, 19.775, 0.325],
							"rotation": [0, 0, -20],
							"uv": {
								"north": {"uv": [24, 90], "uv_size": [-2, 6]},
								"east": {"uv": [27, 90], "uv_size": [-3, 6]},
								"south": {"uv": [29, 90], "uv_size": [-2, 6]},
								"west": {"uv": [22, 90], "uv_size": [-3, 6]},
								"up": {"uv": [24, 87], "uv_size": [-2, 3]},
								"down": {"uv": [26, 90], "uv_size": [-2, -3]}
							}
						},
						{
							"origin": [-2.00643, 18.50472, -1.775],
							"size": [2, 3, 3.6],
							"inflate": -0.01,
							"pivot": [-1.00643, 19.60472, 0.325],
							"rotation": [0, 0, -41.5],
							"uv": {
								"north": {"uv": [121, 55], "uv_size": [-2, 3]},
								"east": {"uv": [124, 55], "uv_size": [-3, 3]},
								"south": {"uv": [126, 55], "uv_size": [-2, 3]},
								"west": {"uv": [119, 55], "uv_size": [-3, 3]},
								"up": {"uv": [121, 52], "uv_size": [-2, 3]},
								"down": {"uv": [123, 55], "uv_size": [-2, -3]}
							}
						},
						{
							"origin": [-2.40643, 16.90472, -1.775],
							"size": [2, 2, 3.6],
							"inflate": -0.015,
							"pivot": [-1.00643, 19.60472, 0.025],
							"rotation": [0, 0, -65],
							"uv": {
								"north": {"uv": [99, 54], "uv_size": [-2, 2]},
								"east": {"uv": [102, 54], "uv_size": [-3, 2]},
								"south": {"uv": [104, 54], "uv_size": [-2, 2]},
								"west": {"uv": [97, 54], "uv_size": [-3, 2]},
								"up": {"uv": [99, 51], "uv_size": [-2, 3]},
								"down": {"uv": [101, 54], "uv_size": [-2, -3]}
							}
						},
						{
							"origin": [-0.47962, 17.28038, -1.975],
							"size": [2.4, 2, 4],
							"pivot": [2.22038, 18.28038, -0.275],
							"rotation": [0, 0, -7.5],
							"uv": {
								"north": {"uv": [95, 16], "uv_size": [-2, 2]},
								"east": {"uv": [99, 16], "uv_size": [-4, 2]},
								"south": {"uv": [101, 16], "uv_size": [-2, 2]},
								"west": {"uv": [93, 16], "uv_size": [-4, 2]},
								"up": {"uv": [95, 12], "uv_size": [-2, 4]},
								"down": {"uv": [97, 16], "uv_size": [-2, -4]}
							}
						},
						{
							"origin": [-5.57237, 17.28038, -1.975],
							"size": [5.4, 2, 4],
							"pivot": [-2.87237, 18.28038, 0.325],
							"rotation": [0, 0, 7.5],
							"uv": {
								"north": {"uv": [75, 77], "uv_size": [-5, 2]},
								"east": {"uv": [79, 77], "uv_size": [-4, 2]},
								"south": {"uv": [84, 77], "uv_size": [-5, 2]},
								"west": {"uv": [70, 77], "uv_size": [-4, 2]},
								"up": {"uv": [75, 73], "uv_size": [-5, 4]},
								"down": {"uv": [80, 77], "uv_size": [-5, -4]}
							}
						},
						{
							"origin": [-5.3, 18.65, -1.35],
							"size": [1, 0.6, 0.6],
							"uv": {
								"north": {"uv": [1, 0], "uv_size": [-1, 0]},
								"east": {"uv": [1, 0], "uv_size": [0, 0]},
								"south": {"uv": [2, 0], "uv_size": [-1, 0]},
								"west": {"uv": [0, 0], "uv_size": [0, 0]},
								"up": {"uv": [1, 0], "uv_size": [-1, 0]},
								"down": {"uv": [2, 0], "uv_size": [-1, 0]}
							}
						}
					]
				},
				{
					"name": "RightHand",
					"parent": "RightForeArm",
					"pivot": [-3.525, 16.275, 0.05],
					"cubes": [
						{
							"origin": [-4.025, 15.775, -0.45],
							"size": [1, 1, 1],
							"uv": {
								"north": {"uv": [37, 90], "uv_size": [-1, 1]},
								"east": {"uv": [38, 90], "uv_size": [-1, 1]},
								"south": {"uv": [39, 90], "uv_size": [-1, 1]},
								"west": {"uv": [36, 90], "uv_size": [-1, 1]},
								"up": {"uv": [37, 89], "uv_size": [-1, 1]},
								"down": {"uv": [38, 90], "uv_size": [-1, -1]}
							}
						}
					]
				},
				{
					"name": "RightHandLocator",
					"parent": "RightHand",
					"pivot": [-3.525, 16.275, 0.05]
				}
			]
		}
	]
}