{
	"format_version": "1.12.0",
	"minecraft:geometry": [
		{
			"description": {
				"identifier": "geometry.unknown",
				"texture_width": 64,
				"texture_height": 64,
				"visible_bounds_width": 4,
				"visible_bounds_height": 4.5,
				"visible_bounds_offset": [0, 1.75, 0],
				"ysm_height_scale": 0.9,
				"ysm_width_scale": 0.9,
				"ysm_extra_info": {
					"name": "Bia",
					"tips": "Sentient teddy bear"
				}
			},
			"bones": [
				{
					"name": "Root",
					"pivot": [0, 24, 0]
				},
				{
					"name": "AllBody",
					"parent": "Root",
					"pivot": [0, 0, 0]
				},
				{
					"name": "Legs",
					"parent": "AllBody",
					"pivot": [0, 0, 0]
				},
				{
					"name": "RightLeg",
					"parent": "Legs",
					"pivot": [-2, 13, 0.5]
				},
				{
					"name": "left_leg2",
					"parent": "RightLeg",
					"pivot": [-2, 13.1, 0],
					"cubes": [
						{"origin": [-4, 0, -1.5], "size": [1, 12, 4], "pivot": [-4, 12, 0], "rotation": [0, 0, -3.6], "uv": [32, 5]}
					]
				},
				{
					"name": "bone8",
					"parent": "left_leg2",
					"pivot": [0, 1.1, 0],
					"cubes": [
						{"origin": [-4, 12, -1.5], "size": [3.75, 1, 4], "inflate": -0.001, "uv": [22, 38]},
						{"origin": [-3.248, 0, -1.5], "size": [3, 12, 4], "uv": [14, 16]}
					]
				},
				{
					"name": "left_leg_sub_1",
					"parent": "bone8",
					"pivot": [0, 1.1, 0]
				},
				{
					"name": "LeftLeg",
					"parent": "Legs",
					"pivot": [2, 13, 0.5]
				},
				{
					"name": "right_leg2",
					"parent": "LeftLeg",
					"pivot": [2, 13.1, 0.5],
					"cubes": [
						{"origin": [3, 0, -1.5], "size": [1, 12, 4], "pivot": [4, 12, 0], "rotation": [0, 0, 3.6], "uv": [0, 32]}
					]
				},
				{
					"name": "bone3",
					"parent": "right_leg2",
					"pivot": [0, 1.1, 0],
					"cubes": [
						{"origin": [0.25, 12, -1.5], "size": [3.75, 1, 4], "inflate": -0.001, "uv": [37, 33]},
						{"origin": [0.248, 0, -1.5], "size": [3, 12, 4], "uv": [0, 16]}
					]
				},
				{
					"name": "right_leg_sub_1",
					"parent": "bone3",
					"pivot": [0, 1.1, 0]
				},
				{
					"name": "UpBody",
					"parent": "AllBody",
					"pivot": [0, 13, 0.5]
				},
				{
					"name": "UpperBody",
					"parent": "UpBody",
					"pivot": [0, 13, 0.5]
				},
				{
					"name": "Head",
					"parent": "UpperBody",
					"pivot": [0, 24.1, 0],
					"cubes": [
						{"origin": [-4, 24, -4], "size": [8, 8, 8], "uv": [0, 0]},
						{
							"origin": [-0.5, 25.5, -4.25],
							"size": [1, 0.5, 0.25],
							"uv": {
								"north": {"uv": [0, 63.5], "uv_size": [1, 0.5]},
								"east": {"uv": [0, 64], "uv_size": [1, -0.5]},
								"south": {"uv": [0, 64], "uv_size": [1, -0.5]},
								"west": {"uv": [1, 63.5], "uv_size": [-1, 0.5]},
								"up": {"uv": [0, 63.5], "uv_size": [1, 0.5]},
								"down": {"uv": [0, 64], "uv_size": [1, -0.5]}
							}
						},
						{"origin": [3, 25, -4], "size": [3, 3, 0], "pivot": [3, 25, -4], "rotation": [0, 0, 40], "uv": [58, 37]},
						{"origin": [-6, 25, -4], "size": [3, 3, 0], "pivot": [-3, 25, -4], "rotation": [0, 0, -40], "uv": [58, 37], "mirror": true}
					]
				},
				{
					"name": "blush",
					"parent": "Head",
					"pivot": [0, 1, 2.75],
					"cubes": [
						{"origin": [-4, 26, -0.5], "size": [8, 1, 0], "uv": [0, 54]}
					]
				},
				{
					"name": "Eyes",
					"parent": "Head",
					"pivot": [0, 0, 0]
				},
				{
					"name": "Eyelashes",
					"parent": "Eyes",
					"pivot": [0, 28.1, -0.1]
				},
				{
					"name": "RightEyelash",
					"parent": "Eyelashes",
					"pivot": [-2, 27.6, -4.1],
					"cubes": [
						{
							"origin": [-3.5, 28, -4.3],
							"size": [2.5, 0.5, 0.3],
							"inflate": 0.02,
							"uv": {
								"north": {"uv": [28, 20], "uv_size": [2, 1]},
								"east": {"uv": [28, 20], "uv_size": [2, 1]},
								"south": {"uv": [30, 20], "uv_size": [2, 1]},
								"west": {"uv": [30, 20], "uv_size": [2, 1]},
								"up": {"uv": [30, 21], "uv_size": [-2, -1]},
								"down": {"uv": [32, 21], "uv_size": [-2, -1]}
							}
						}
					]
				},
				{
					"name": "LeftEyelash",
					"parent": "Eyelashes",
					"pivot": [2, 27.6, -4.1],
					"cubes": [
						{
							"origin": [1, 28, -4.3],
							"size": [2.5, 0.5, 0.3],
							"inflate": 0.02,
							"uv": {
								"north": {"uv": [28, 20], "uv_size": [2, 1]},
								"east": {"uv": [30, 20], "uv_size": [2, 1]},
								"south": {"uv": [32, 21], "uv_size": [-2, -1]},
								"west": {"uv": [30, 21], "uv_size": [-2, -1]},
								"up": {"uv": [30, 20], "uv_size": [-2, 1]},
								"down": {"uv": [32, 21], "uv_size": [-2, -1]}
							}
						}
					]
				},
				{
					"name": "RightEyelash2",
					"parent": "Eyelashes",
					"pivot": [-4, 26, -4.2],
					"cubes": [
						{
							"origin": [-4, 26, -4.3],
							"size": [0.5, 2, 0.3],
							"inflate": 0.02,
							"uv": {
								"north": {"uv": [1, 1], "uv_size": [1, 1]},
								"east": {"uv": [0, 1], "uv_size": [1, 1]},
								"south": {"uv": [2, 1], "uv_size": [-1, 1]},
								"west": {"uv": [1, 1], "uv_size": [1, 1]},
								"up": {"uv": [2, 1], "uv_size": [-1, 1]},
								"down": {"uv": [0, 2], "uv_size": [1, -1]}
							}
						}
					]
				},
				{
					"name": "LeftEyelash2",
					"parent": "Eyelashes",
					"pivot": [4, 26, -4.2],
					"cubes": [
						{
							"origin": [3.5, 26, -4.3],
							"size": [0.5, 2, 0.3],
							"inflate": 0.02,
							"uv": {
								"north": {"uv": [2, 1], "uv_size": [-1, 1]},
								"east": {"uv": [2, 1], "uv_size": [-1, 1]},
								"south": {"uv": [1, 1], "uv_size": [1, 1]},
								"west": {"uv": [1, 1], "uv_size": [-1, 1]},
								"up": {"uv": [1, 1], "uv_size": [1, 1]},
								"down": {"uv": [1, 2], "uv_size": [-1, -1]}
							}
						}
					]
				},
				{
					"name": "Eyeballs",
					"parent": "Eyes",
					"pivot": [0, 25.5, -4.1]
				},
				{
					"name": "LeftEyeBall",
					"parent": "Eyeballs",
					"pivot": [2, 25.5, -4.1],
					"cubes": [
						{
							"origin": [1, 25.5, -4.05],
							"size": [2.5, 2.5, 1],
							"uv": {
								"north": {"uv": [37, 28], "uv_size": [1, 2.5]},
								"east": {"uv": [36, 28], "uv_size": [1, 2.5]},
								"south": {"uv": [39, 28], "uv_size": [1, 2.5]},
								"west": {"uv": [38, 28], "uv_size": [1, 2.5]},
								"up": {"uv": [37, 27], "uv_size": [1, 1]},
								"down": {"uv": [38, 28], "uv_size": [1, -1]}
							}
						}
					]
				},
				{
					"name": "LeftIris",
					"parent": "LeftEyeBall",
					"pivot": [0, 0, 0],
					"cubes": [
						{
							"origin": [1, 25.75, -4.25],
							"size": [1.5, 2, 1],
							"inflate": -0.1,
							"uv": {
								"north": {"uv": [62.5, 1], "uv_size": [1.5, 2]},
								"east": {"uv": [63.5, 1], "uv_size": [0.5, 2]},
								"south": {"uv": [63.5, 1], "uv_size": [0.5, 2]},
								"west": {"uv": [63.5, 1], "uv_size": [0.5, 2]},
								"up": {"uv": [62.5, 1], "uv_size": [1.5, 0.5]},
								"down": {"uv": [62.5, 3], "uv_size": [1.5, -0.5]}
							}
						}
					]
				},
				{
					"name": "RightEyeBall",
					"parent": "Eyeballs",
					"pivot": [-2, 25.5, -4.1],
					"cubes": [
						{
							"origin": [-3.5, 25.5, -4.05],
							"size": [2.5, 2.5, 1],
							"uv": {
								"north": {"uv": [1, 17], "uv_size": [1, 2]},
								"east": {"uv": [0, 17], "uv_size": [1, 2]},
								"south": {"uv": [3, 17], "uv_size": [1, 2]},
								"west": {"uv": [2, 17], "uv_size": [1, 2]},
								"up": {"uv": [1, 16], "uv_size": [1, 1]},
								"down": {"uv": [2, 17], "uv_size": [1, -1]}
							}
						}
					]
				},
				{
					"name": "RightIris",
					"parent": "RightEyeBall",
					"pivot": [0, 0, 0],
					"cubes": [
						{
							"origin": [-2.5, 25.75, -4.25],
							"size": [1.5, 2, 1],
							"inflate": -0.1,
							"uv": {
								"north": {"uv": [62.5, 1], "uv_size": [1.5, 2]},
								"east": {"uv": [64, 1], "uv_size": [-0.5, 2]},
								"south": {"uv": [64, 1], "uv_size": [-0.5, 2]},
								"west": {"uv": [64, 1], "uv_size": [-0.5, 2]},
								"up": {"uv": [64, 1], "uv_size": [-1.5, 0.5]},
								"down": {"uv": [64, 3], "uv_size": [-1.5, -0.5]}
							}
						}
					]
				},
				{
					"name": "Eyelids",
					"parent": "Eyes",
					"pivot": [0, 28.5, -4.05],
					"cubes": [
						{
							"origin": [-3.5, 28, -4.175],
							"size": [2.5, 0.5, 0.3],
							"inflate": 0.01,
							"uv": {
								"north": {"uv": [60, 4], "uv_size": [2, -1]},
								"east": {"uv": [60, 4], "uv_size": [2, -1]},
								"south": {"uv": [62, 4], "uv_size": [2, -1]},
								"west": {"uv": [62, 4], "uv_size": [2, -1]},
								"up": {"uv": [60, 3], "uv_size": [2, 1]},
								"down": {"uv": [62, 4], "uv_size": [2, -1]}
							}
						},
						{
							"origin": [1, 28, -4.175],
							"size": [2.5, 0.5, 0.3],
							"inflate": 0.01,
							"uv": {
								"north": {"uv": [62, 4], "uv_size": [-2, -1]},
								"east": {"uv": [62, 3], "uv_size": [2, 1]},
								"south": {"uv": [62, 3], "uv_size": [2, 1]},
								"west": {"uv": [60, 3], "uv_size": [2, 1]},
								"up": {"uv": [62, 4], "uv_size": [-2, -1]},
								"down": {"uv": [64, 4], "uv_size": [-2, -1]}
							}
						}
					]
				},
				{
					"name": "Eyebrows",
					"parent": "Eyes",
					"pivot": [0, 32, -4.35],
					"cubes": [
						{"origin": [-3.75, 28.75, -4.35], "size": [3, 2, 0], "uv": [0, 60]},
						{"origin": [0.75, 28.75, -4.35], "size": [3, 2, 0], "uv": [0, 60], "mirror": true}
					]
				},
				{
					"name": "Ear2",
					"parent": "Head",
					"pivot": [4, 32, -1.5],
					"rotation": [0, -17.5, 0],
					"cubes": [
						{"origin": [2.5, 30.5, -2], "size": [3, 3, 1], "uv": [24, 16]}
					]
				},
				{
					"name": "Ear",
					"parent": "Head",
					"pivot": [-3.75, 32.25, -1.5],
					"rotation": [0, 17.5, 0],
					"cubes": [
						{"origin": [-5.5, 30.5, -2], "size": [3, 2, 1], "uv": [10, 17]},
						{"origin": [-4.5, 32.5, -2], "size": [2, 1, 1], "uv": [58, 62]}
					]
				},
				{
					"name": "flower",
					"parent": "Head",
					"pivot": [0.75, 0.75, 0.9],
					"cubes": [
						{"origin": [2.75, 30.5, -4.405], "size": [1, 1, 1], "inflate": -0.25, "uv": [3, 62]},
						{
							"origin": [2.875, 30.75, -4.005],
							"size": [0.75, 1.5, 0],
							"pivot": [3.25, 31, -3.95],
							"rotation": [10, 0, 90],
							"uv": {
								"north": {"uv": [10, 41], "uv_size": [1, 1]},
								"east": {"uv": [10, 41], "uv_size": [0, 1]},
								"south": {"uv": [11, 41], "uv_size": [1, 1]},
								"west": {"uv": [11, 41], "uv_size": [0, 1]},
								"up": {"uv": [10, 41], "uv_size": [1, 0]},
								"down": {"uv": [11, 41], "uv_size": [1, 0]}
							}
						},
						{
							"origin": [2.875, 30.75, -4.005],
							"size": [0.75, 1.5, 0],
							"pivot": [3.25, 31, -3.95],
							"rotation": [10, 0, 30],
							"uv": {
								"north": {"uv": [10, 41], "uv_size": [1, 1]},
								"east": {"uv": [10, 41], "uv_size": [0, 1]},
								"south": {"uv": [11, 41], "uv_size": [1, 1]},
								"west": {"uv": [11, 41], "uv_size": [0, 1]},
								"up": {"uv": [10, 41], "uv_size": [1, 0]},
								"down": {"uv": [11, 41], "uv_size": [1, 0]}
							}
						},
						{
							"origin": [2.875, 30.75, -4.005],
							"size": [0.75, 1.5, 0],
							"pivot": [3.25, 31, -3.95],
							"rotation": [10, 0, -30],
							"uv": {
								"north": {"uv": [10, 41], "uv_size": [1, 1]},
								"east": {"uv": [10, 41], "uv_size": [0, 1]},
								"south": {"uv": [11, 41], "uv_size": [1, 1]},
								"west": {"uv": [11, 41], "uv_size": [0, 1]},
								"up": {"uv": [10, 41], "uv_size": [1, 0]},
								"down": {"uv": [11, 41], "uv_size": [1, 0]}
							}
						},
						{
							"origin": [2.875, 30.75, -4.005],
							"size": [0.75, 1.5, 0],
							"pivot": [3.25, 31, -3.95],
							"rotation": [10, 0, 150],
							"uv": {
								"north": {"uv": [10, 41], "uv_size": [1, 1]},
								"east": {"uv": [10, 41], "uv_size": [0, 1]},
								"south": {"uv": [11, 41], "uv_size": [1, 1]},
								"west": {"uv": [11, 41], "uv_size": [0, 1]},
								"up": {"uv": [10, 41], "uv_size": [1, 0]},
								"down": {"uv": [11, 41], "uv_size": [1, 0]}
							}
						},
						{
							"origin": [2.875, 30.75, -4.005],
							"size": [0.75, 1.5, 0],
							"pivot": [3.25, 31, -3.95],
							"rotation": [10, 0, -150],
							"uv": {
								"north": {"uv": [10, 41], "uv_size": [1, 1]},
								"east": {"uv": [10, 41], "uv_size": [0, 1]},
								"south": {"uv": [11, 41], "uv_size": [1, 1]},
								"west": {"uv": [11, 41], "uv_size": [0, 1]},
								"up": {"uv": [10, 41], "uv_size": [1, 0]},
								"down": {"uv": [11, 41], "uv_size": [1, 0]}
							}
						},
						{
							"origin": [2.875, 30.75, -4.005],
							"size": [0.75, 1.5, 0],
							"pivot": [3.25, 31, -3.95],
							"rotation": [10, 0, -90],
							"uv": {
								"north": {"uv": [10, 41], "uv_size": [1, 1]},
								"east": {"uv": [10, 41], "uv_size": [0, 1]},
								"south": {"uv": [11, 41], "uv_size": [1, 1]},
								"west": {"uv": [11, 41], "uv_size": [0, 1]},
								"up": {"uv": [10, 41], "uv_size": [1, 0]},
								"down": {"uv": [11, 41], "uv_size": [1, 0]}
							}
						}
					]
				},
				{
					"name": "hair",
					"parent": "Head",
					"pivot": [-1, 1, 3],
					"cubes": [
						{"origin": [-2, 28, 2], "size": [4, 4, 4], "pivot": [-1, 32, 4], "rotation": [27.5, 0, 0], "uv": [24, 28]},
						{"origin": [-1, 27.5, 2.5], "size": [2, 1, 3], "pivot": [-1, 32, 4], "rotation": [27.5, 0, 0], "uv": [25, 29]}
					]
				},
				{
					"name": "leaf",
					"parent": "hair",
					"pivot": [1.25, 32, 4],
					"rotation": [10, 0, 20],
					"cubes": [
						{"origin": [0.25, 32, 4], "size": [2, 3, 0], "uv": [0, 5]}
					]
				},
				{
					"name": "leaf2",
					"parent": "hair",
					"pivot": [-1.25, 32, 4],
					"rotation": [-10, 0, -20],
					"cubes": [
						{"origin": [-2.25, 32, 4], "size": [2, 3, 0], "uv": [0, 5], "mirror": true}
					]
				},
				{
					"name": "Torso",
					"parent": "UpperBody",
					"pivot": [0, 24.1, 0.5],
					"cubes": [
						{"origin": [-2.5, 19.001, -0.5], "size": [5, 4, 2], "uv": [32, 45]},
						{"origin": [-2.5, 15, -1.5], "size": [5, 4, 3], "uv": [10, 34]},
						{"origin": [-4, 13, -1.5], "size": [8, 2, 3], "uv": [24, 0]},
						{"origin": [-4, 13, 1.5], "size": [8, 1, 1], "uv": [46, 54]},
						{"origin": [-1.001, 23.001, -0.5], "size": [2, 1, 2], "uv": [51, 41]},
						{
							"origin": [-0.25, 23, -0.65],
							"size": [0.5, 0.5, 0.25],
							"uv": {
								"north": {"uv": [1, 64], "uv_size": [1, -0.5]},
								"east": {"uv": [1, 64], "uv_size": [1, -0.5]},
								"south": {"uv": [1, 64], "uv_size": [1, -0.5]},
								"west": {"uv": [2, 63.5], "uv_size": [-1, 0.5]},
								"up": {"uv": [1, 63.5], "uv_size": [1, 0.5]},
								"down": {"uv": [1, 64], "uv_size": [1, -0.5]}
							}
						},
						{"origin": [-4, 15, -1.5], "size": [2, 3, 3], "inflate": -0.001, "pivot": [-4, 15, 0], "rotation": [0, 0, 31.5], "uv": [46, 45]},
						{"origin": [2, 15, -1.5], "size": [2, 3, 3], "inflate": -0.001, "pivot": [4, 15, 0], "rotation": [0, 0, -31.5], "uv": [46, 24]}
					]
				},
				{
					"name": "leaf3",
					"parent": "Torso",
					"pivot": [0, 0, 0.35],
					"cubes": [
						{
							"origin": [-1.25, 13, -1.65],
							"size": [2, 3, 0],
							"uv": {
								"north": {"uv": [45, 51], "uv_size": [2, 3]},
								"east": {"uv": [45, 51], "uv_size": [0, 3]},
								"south": {"uv": [47, 51], "uv_size": [2, 3]},
								"west": {"uv": [47, 51], "uv_size": [0, 3]},
								"up": {"uv": [45, 51], "uv_size": [2, 0]},
								"down": {"uv": [47, 51], "uv_size": [2, 0]}
							}
						}
					]
				},
				{
					"name": "tits",
					"parent": "Torso",
					"pivot": [0, 22.25, -0.5],
					"rotation": [27.5, 0, 0],
					"cubes": [
						{"origin": [-2.5, 19.25, -3.5], "size": [3, 3, 4], "pivot": [-2.5, 22.25, -0.5], "rotation": [0, 8.8, 0], "uv": [10, 41]},
						{"origin": [-0.5, 19.25, -3.5], "size": [3, 3, 4], "pivot": [2.5, 22.25, -0.5], "rotation": [0, -8.8, 0], "uv": [37, 38]},
						{"origin": [-1.9, 22.4, -3], "size": [3, 0, 3], "pivot": [-0.4, 23.35, -2], "rotation": [0, 45, 0], "uv": [55, 59]}
					]
				},
				{
					"name": "bone2",
					"parent": "Torso",
					"pivot": [0, 14, 2.5],
					"rotation": [16.2, 0, 0],
					"cubes": [
						{"origin": [-2.5, 15, 1.5], "size": [5, 3, 1], "uv": [46, 17]},
						{"origin": [-4, 14, 1.5], "size": [8, 1, 1], "uv": [30, 22]},
						{
							"origin": [2, 15, 1.5],
							"size": [2, 3.5, 1],
							"inflate": -0.001,
							"pivot": [4, 15, 2.5],
							"rotation": [0, 0, -31.5],
							"uv": {
								"north": {"uv": [2, 2], "uv_size": [2, 3]},
								"east": {"uv": [0, 2], "uv_size": [2, 3]},
								"south": {"uv": [6, 2], "uv_size": [2, 3]},
								"west": {"uv": [4, 2], "uv_size": [2, 3]},
								"up": {"uv": [2, 0], "uv_size": [2, 2]},
								"down": {"uv": [4, 2], "uv_size": [2, -2]}
							}
						},
						{
							"origin": [-4, 15, 1.5],
							"size": [2, 3.5, 1],
							"inflate": -0.001,
							"pivot": [-4, 15, 2.5],
							"rotation": [0, 0, 31.5],
							"uv": {
								"north": {"uv": [4, 2], "uv_size": [-2, 3]},
								"east": {"uv": [6, 2], "uv_size": [-2, 3]},
								"south": {"uv": [8, 2], "uv_size": [-2, 3]},
								"west": {"uv": [2, 2], "uv_size": [-2, 3]},
								"up": {"uv": [4, 0], "uv_size": [-2, 2]},
								"down": {"uv": [6, 2], "uv_size": [-2, -2]}
							}
						}
					]
				},
				{
					"name": "tail",
					"parent": "bone2",
					"pivot": [0, 17, 2.5],
					"cubes": [
						{
							"origin": [-1, 16, 2.5],
							"size": [2, 2, 2],
							"uv": {
								"north": {"uv": [44, 1], "uv_size": [2, 2]},
								"east": {"uv": [43, 1], "uv_size": [1, 2]},
								"south": {"uv": [47, 1], "uv_size": [2, 2]},
								"west": {"uv": [46, 1], "uv_size": [1, 2]},
								"up": {"uv": [44, 0], "uv_size": [2, 1]},
								"down": {"uv": [46, 1], "uv_size": [2, -1]}
							}
						}
					]
				},
				{
					"name": "Elytra",
					"parent": "Torso",
					"pivot": [0, 13, 0]
				},
				{
					"name": "ElytraLocator",
					"parent": "Elytra",
					"pivot": [0, 22, 0.5]
				},
				{
					"name": "RightArm",
					"parent": "Torso",
					"pivot": [-3, 21.5, 0.5],
					"rotation": [0, 0, 17.5]
				},
				{
					"name": "RightForeArm",
					"parent": "RightArm",
					"pivot": [-3, 21.6, 0.5],
					"cubes": [
						{"origin": [-4, 12.5, -0.5], "size": [2, 10, 2], "uv": [24, 43]}
					]
				},
				{
					"name": "RightHand",
					"parent": "RightForeArm",
					"pivot": [-3, 13.6, 0.5]
				},
				{
					"name": "RightHandLocator",
					"parent": "RightHand",
					"pivot": [-3, 13.6, 0.5]
				},
				{
					"name": "LeftArm",
					"parent": "Torso",
					"pivot": [3, 21.5, 0.5],
					"rotation": [0, 0, -17.5]
				},
				{
					"name": "LeftForeArm",
					"parent": "LeftArm",
					"pivot": [3, 21.6, 0.5],
					"cubes": [
						{"origin": [2, 12.5, -0.5], "size": [2, 10, 2], "uv": [42, 5]}
					]
				},
				{
					"name": "LeftHand",
					"parent": "LeftForeArm",
					"pivot": [3, 13.6, 0.5]
				},
				{
					"name": "LeftHandLocator",
					"parent": "LeftHand",
					"pivot": [3, 13.6, 0.5]
				}
			]
		}
	]
}