{
	"format_version": "1.8.0",
	"animations": {
		"walk": {
			"loop": true,
			"animation_length": 0.58333,
			"bones": {
				"UpBody": {
					"rotation": ["query.ground_speed", 0, 0]
				},
				"Torso": {
					"rotation": [0, "math.sin(query.anim_time * 200 * 3.03) * 2.5", "math.sin(query.anim_time * 200*3.03) * 1"]
				},
				"tits": {
					"rotation": ["-math.sin(query.anim_time * 400 * 3.03) * 2", 0, 0]
				},
				"Head": {
					"rotation": ["-query.ground_speed", 0, 0]
				},
				"RightArm": {
					"rotation": ["math.sin(query.anim_time * 200*3.03) * 20", 0, 0]
				},
				"LeftArm": {
					"rotation": ["-math.sin(query.anim_time * 200*3.03) * 20", 0, 0]
				},
				"LeftLeg": {
					"rotation": ["math.sin(query.anim_time * 200*3.03) * 20", 0, 0]
				},
				"RightLeg": {
					"rotation": ["-math.sin(query.anim_time * 200*3.03) * 20", 0, 0]
				},
				"AllBody": {
					"position": [0, "math.sin(query.anim_time * 400 * 3.03) * 0.3", 0]
				},
				"Legs": {
					"rotation": [0, 0, "-math.sin(query.anim_time * 200*3.03) * 1"]
				}
			}
		},
		"sneak": {
			"loop": true,
			"animation_length": 0.58333,
			"bones": {
				"UpBody": {
					"rotation": ["20+query.ground_speed", 0, 0]
				},
				"Torso": {
					"rotation": [0, 0, 0]
				},
				"tits": {
					"rotation": ["-math.sin(query.anim_time * 400 * 3.03) * 2.5", 0, 0]
				},
				"LeftLeg": {
					"rotation": ["math.sin(query.anim_time * 200*3.03) * 10", 0, 0]
				},
				"RightLeg": {
					"rotation": ["-math.sin(query.anim_time * 200*3.03) * 10", 0, 0]
				},
				"AllBody": {
					"position": [0, "math.sin(query.anim_time * 400 * 3.03) * 0.3", 0]
				},
				"Head": {
					"rotation": ["-17.5-query.ground_speed", 0, 0]
				},
				"LeftAss": {
					"rotation": [10, 0, 0]
				},
				"RightAss": {
					"rotation": [10, 0, 0]
				},
				"blush": {
					"position": [0, -1, -4.2]
				}
			}
		},
		"run": {
			"loop": true,
			"animation_length": 0.58333,
			"bones": {
				"UpBody": {
					"rotation": ["query.ground_speed*2", 0, 0]
				},
				"Torso": {
					"rotation": [0, "math.sin(query.anim_time * 200 * 3.03) * 5", "math.sin(query.anim_time * 200 * 3.03) * 2.5"]
				},
				"tits": {
					"rotation": ["-math.sin(query.anim_time * 400 * 3.03) * 8", 0, 0]
				},
				"Head": {
					"rotation": ["-query.ground_speed*2", 0, 0]
				},
				"RightArm": {
					"rotation": ["math.sin(query.anim_time * 200*3.03) * 40", 0, 0]
				},
				"LeftArm": {
					"rotation": ["-math.sin(query.anim_time * 200 * 3.03) * 40", 0, 0]
				},
				"LeftLeg": {
					"rotation": ["math.sin(query.anim_time * 200*3.03) * 40", 0, 0]
				},
				"RightLeg": {
					"rotation": ["-math.sin(query.anim_time * 200*3.03) * 40", 0, 0]
				},
				"AllBody": {
					"position": [0, "math.sin(query.anim_time * 400 * 3.03) * 0.6", 0]
				},
				"Legs": {
					"rotation": [0, 0, "-math.sin(query.anim_time * 200*3.03) * 2"]
				}
			}
		},
		"idle": {
			"loop": true,
			"animation_length": 9.54167,
			"bones": {
				"UpBody": {
					"position": [0, "math.sin(query.anim_time*30*3.03)*0.1-0.1", 0]
				},
				"Head": {
					"rotation": ["-math.sin(query.anim_time*25*3.03)*2-0.5", 0, 0]
				},
				"hair2": {
					"rotation": [0, 0, "3+math.sin(query.anim_time*25*3.03)*2"]
				}
			}
		},
		"jump": {
			"loop": true,
			"animation_length": 1.125,
			"bones": {
				"RightArm": {
					"rotation": [12.5, 0, 10]
				},
				"LeftArm": {
					"rotation": [-12.5, 0, -10]
				},
				"LeftLeg": {
					"rotation": [15, 0, -2]
				},
				"RightLeg": {
					"rotation": [-10, 0, 2]
				},
				"tits": {
					"rotation": ["math.clamp(query.vertical_speed,-30,0)", 0, 0],
					"position": [0, 0.2, 0]
				}
			}
		},
		"fly": {
			"loop": true,
			"animation_length": 2.33333,
			"bones": {
				"RightArm": {
					"rotation": [2.5, 0, "(math.sin(query.anim_time*50*3.03)*2+15)/(query.ground_speed/10+1)"]
				},
				"LeftArm": {
					"rotation": [2.5, 0, "(-math.sin(query.anim_time*50*3.03)*2-15)/(query.ground_speed/10+1)"]
				},
				"LeftLeg": {
					"rotation": ["(math.sin(query.anim_time*50*3.03)*5+10)/(query.ground_speed+1)", 0, "-5/(query.ground_speed/10+1)"]
				},
				"RightLeg": {
					"rotation": ["(math.sin(query.anim_time*50*3.03)*6+15)/(query.ground_speed+1)", 0, "5/(query.ground_speed/10+1)"]
				},
				"tits": {
					"rotation": ["(-math.sin(query.anim_time*50*3.03)*2-10)/(5*query.ground_speed+1)+math.clamp(query.vertical_speed,-20,20)", 0, 0],
					"position": [0, 0.2, 0]
				},
				"Head": {
					"rotation": ["-math.clamp(query.ground_speed*2,0,70)", 0, 0]
				},
				"AllBody": {
					"rotation": [0, 0, 0],
					"position": [0, "math.sin(query.anim_time*50*3.03)*0.5", 0]
				},
				"Root": {
					"rotation": ["math.clamp(query.ground_speed*3,0,90)", 0, 0]
				},
				"hair2": {
					"rotation": [
						"(-3-math.sin(query.anim_time*50*3.03)*3)/(5*query.ground_speed+1)",
						0,
						"3+(math.sin(query.anim_time*50*3.03)*2)/(5*query.ground_speed+1)+(math.sin(query.anim_time*2000*(query.ground_speed/20))*1)"
					]
				}
			}
		},
		"attacked": {
			"animation_length": 0.66667,
			"bones": {
				"UpBody": {
					"rotation": {
						"0.0": [0, 0, 0],
						"0.0417": [-10, 0, 0],
						"0.25": [-10, 0, 0],
						"0.4583": [0, 0, 0]
					}
				},
				"Head": {
					"rotation": {
						"0.0": [0, 0, 0],
						"0.0417": [40, 0, 0],
						"0.25": [40, 0, 0],
						"0.4583": [0, 0, 0]
					}
				},
				"RightArm": {
					"rotation": {
						"0.0": [0, 0, 0],
						"0.0417": [-100, -10, 0],
						"0.25": [-100, -10, 0],
						"0.4583": [0, 0, 0]
					}
				},
				"LeftArm": {
					"rotation": {
						"0.0": [0, 0, 0],
						"0.0417": [-100, 10, 0],
						"0.25": [-100, 10, 0],
						"0.4583": [0, 0, 0]
					}
				},
				"LeftLeg": {
					"rotation": {
						"0.0": [0, 0, 0],
						"0.0417": [15, 0, 0],
						"0.25": [15, 0, 0],
						"0.4583": [0, 0, 0]
					}
				},
				"RightLeg": {
					"rotation": {
						"0.0": [0, 0, 0],
						"0.0417": [-15, 0, 0],
						"0.25": [-15, 0, 0],
						"0.4583": [0, 0, 0]
					}
				},
				"AllBody": {
					"position": {
						"0.0": [0, 0, 0],
						"0.0417": [0, -0.5, 4.4],
						"0.25": [0, -0.5, 4.4],
						"0.4583": [0, 0, 0]
					}
				},
				"Eyelashes": {
					"position": {
						"0.0": [0, 0, 0],
						"0.0417": [0, -2, 0],
						"0.375": [0, -2, 0],
						"0.4167": [0, 0, 0]
					}
				},
				"LeftEyelash2": {
					"position": {
						"0.0": [0, 0, 0],
						"0.0417": [0, 2, 0],
						"0.375": [0, 2, 0],
						"0.4167": [0, 0, 0]
					},
					"scale": {
						"0.0": [1, 1, 1],
						"0.0417": [1, "1/3", 1],
						"0.375": [1, "1/3", 1],
						"0.4167": [1, 1, 1]
					}
				},
				"RightEyelash2": {
					"position": {
						"0.0": [0, 0, 0],
						"0.0417": [0, 2, 0],
						"0.375": [0, 2, 0],
						"0.4167": [0, 0, 0]
					},
					"scale": {
						"0.0": [1, 1, 1],
						"0.0417": [1, "1/3", 1],
						"0.375": [1, "1/3", 1],
						"0.4167": [1, 1, 1]
					}
				},
				"Eyeballs": {
					"scale": {
						"0.0": [1, 1, 1],
						"0.0417": [1, 0, 0],
						"0.375": [1, 0, 0],
						"0.4167": [1, 1, 1]
					}
				}
			}
		},
		"swing_hand": {
			"animation_length": 0.25,
			"bones": {
				"RightArm": {
					"rotation": {
						"0.0": [0, 0, 0],
						"0.0417": [-120, 20, -20],
						"0.0833": [-62.5, 15, -30],
						"0.125": [-30, 10, -40],
						"0.1667": [-25, 10, -40],
						"0.25": [0, 0, 0]
					}
				},
				"LeftArm": {
					"rotation": {
						"0.0": [0, 0, 0],
						"0.0417": [0, 0, 0],
						"0.125": [12.5, 0, 0],
						"0.1667": [15, 0, 0],
						"0.25": [0, 0, 0]
					}
				},
				"Torso": {
					"rotation": {
						"0.0": [0, 0, 0],
						"0.0417": [0, 5, 0],
						"0.125": [0, -25, 0],
						"0.1667": [0, -26, 0],
						"0.25": [0, 0, 0]
					}
				},
				"RightHandLocator": {
					"rotation": {
						"0.0": [0, 0, 0],
						"0.0417": [0, 0, 0],
						"0.125": [52.5, 0, 0],
						"0.1667": [55, 0, 0],
						"0.25": [0, 0, 0]
					}
				}
			}
		},
		"use_mainhand": {
			"animation_length": 0.25,
			"bones": {
				"UpBody": {
					"rotation": {
						"0.0417": [0, 0, 0],
						"0.125": [5, 0, 0],
						"0.1667": [6, 0, 0],
						"0.25": [0, 0, 0]
					}
				},
				"RightArm": {
					"rotation": {
						"0.0": [0, 0, 0],
						"0.0417": [-120, 20, -20],
						"0.0833": [-62.5, 15, -30],
						"0.125": [-30, 10, -40],
						"0.1667": [-25, 10, -40],
						"0.25": [0, 0, 0]
					},
					"position": {
						"0.0417": [0, 0, 0],
						"0.0833": [0, 0, -1.3],
						"0.125": [0, 0, -2],
						"0.1667": [0, 0, -2.3],
						"0.25": [0, 0, 0]
					}
				},
				"LeftArm": {
					"rotation": {
						"0.0": [0, 0, 0],
						"0.0417": [0, 0, 0],
						"0.125": [12.5, 0, 0],
						"0.1667": [15, 0, 0],
						"0.25": [0, 0, 0]
					},
					"position": {
						"0.0": [0, 0, 0],
						"0.0417": [0, 0, 0],
						"0.125": [0, 0, 1],
						"0.1667": [0, 0, 1.2],
						"0.25": [0, 0, 0]
					}
				},
				"Torso": {
					"rotation": {
						"0.0": [0, 0, 0],
						"0.0417": [0, 5, 0],
						"0.125": [0, -25, 0],
						"0.1667": [0, -26, 0],
						"0.25": [0, 0, 0]
					}
				},
				"RightHandLocator": {
					"rotation": {
						"0.0": [0, 0, 0],
						"0.0417": [0, 0, 0],
						"0.125": [52.5, 0, 0],
						"0.1667": [55, 0, 0],
						"0.25": [0, 0, 0]
					}
				}
			}
		},
		"use_offhand": {
			"animation_length": 0.25,
			"bones": {
				"UpBody": {
					"rotation": {
						"0.0417": [0, 0, 0],
						"0.125": [5, 0, 0],
						"0.1667": [6, 0, 0],
						"0.25": [0, 0, 0]
					}
				},
				"RightArm": {
					"rotation": {
						"0.0": [0, 0, 0],
						"0.125": [12.5, 0, 0],
						"0.1667": [15, 0, 0],
						"0.25": [0, 0, 0]
					},
					"position": {
						"0.0": [0, 0, 0],
						"0.125": [0, 0, 1],
						"0.1667": [0, 0, 1.2],
						"0.25": [0, 0, 0]
					}
				},
				"LeftArm": {
					"rotation": {
						"0.0": [0, 0, 0],
						"0.0417": [-120, -20, 20],
						"0.0833": [-62.5, -15, 30],
						"0.125": [-30, -10, 40],
						"0.1667": [-25, -10, 40],
						"0.25": [0, 0, 0]
					},
					"position": {
						"0.0417": [0, 0, 0],
						"0.0833": [0, 0, -1.3],
						"0.125": [0, 0, -2],
						"0.1667": [0, 0, -2.3],
						"0.25": [0, 0, 0]
					}
				},
				"Torso": {
					"rotation": {
						"0.0": [0, 0, 0],
						"0.0417": [0, -5, 0],
						"0.125": [0, 25, 0],
						"0.1667": [0, 26, 0],
						"0.25": [0, 0, 0]
					}
				},
				"RightHandLocator": {
					"rotation": {
						"0.0": [0, 0, 0],
						"0.0417": [0, 0, 0],
						"0.125": [52.5, 0, 0],
						"0.1667": [55, 0, 0],
						"0.25": [0, 0, 0]
					}
				}
			}
		},
		"sleep": {
			"loop": true,
			"bones": {
				"RightArm": {
					"rotation": [0, 0, 87.5]
				},
				"LeftArm": {
					"rotation": [0, 0, -87.5]
				},
				"Legs": {
					"rotation": [0, 0, 0]
				},
				"RightLeg": {
					"rotation": [0, 0, 5]
				},
				"AllBody": {
					"position": [0, 3, -2]
				},
				"Eyelashes": {
					"position": [0, -2.5, 0]
				},
				"LeftEyelash2": {
					"position": [0, 2.5, 0],
					"scale": [1, 0.25, 1]
				},
				"RightEyelash2": {
					"position": [0, 2.5, 0],
					"scale": [1, 0.25, 1]
				},
				"LeftLeg": {
					"rotation": [0, 0, -7.5]
				},
				"hair2": {
					"rotation": [0, 0, 5]
				},
				"tits": {
					"rotation": [7.5, 0, 0]
				},
				"Eyelids": {
					"position": [0, -0.5, 0],
					"scale": [1, 4, 1]
				}
			}
		},
		"elytra_fly": {
			"loop": true,
			"animation_length": 1.5,
			"bones": {
				"Head": {
					"rotation": ["-45+ysm.head_pitch", 0, 0]
				},
				"AllBody": {
					"rotation": ["90-ysm.head_pitch", 0, 0],
					"position": [0, 0, 21]
				},
				"hair2": {
					"rotation": [0, 0, "math.sin(query.anim_time*2000)*1"]
				},
				"tits": {
					"rotation": ["math.sin(query.anim_time*2000)*1", 0, 0]
				}
			}
		},
		"climb": {
			"loop": true,
			"animation_length": 1,
			"bones": {
				"Head": {
					"rotation": [-65, 0, 0]
				},
				"AllBody": {
					"rotation": [90, 0, 0],
					"position": [0, 1.75, 14]
				},
				"RightArm": {
					"rotation": {
						"0.0": {
							"post": [-10, 0, 22.5],
							"lerp_mode": "catmullrom"
						},
						"0.5": {
							"post": [-55, 0, 125],
							"lerp_mode": "catmullrom"
						},
						"1.0": [-10, 0, 22.5]
					}
				},
				"LeftArm": {
					"rotation": {
						"0.0": {
							"post": [-50, 0, -125],
							"lerp_mode": "catmullrom"
						},
						"0.5": {
							"post": [-15, 0, -22.5],
							"lerp_mode": "catmullrom"
						},
						"1.0": [-50, 0, -125]
					}
				},
				"UpBody": {
					"rotation": {
						"0.0": {
							"post": [-27, 14.8687, -2.00307],
							"lerp_mode": "catmullrom"
						},
						"0.25": {
							"post": [-27, 0, -2],
							"lerp_mode": "catmullrom"
						},
						"0.5": {
							"post": [-27, -14.8687, 2.0031],
							"lerp_mode": "catmullrom"
						},
						"0.75": {
							"post": [-27, 0, -2],
							"lerp_mode": "catmullrom"
						},
						"1.0": [-27, 14.8687, -2.00307]
					}
				}
			}
		},
		"climbing": {
			"loop": true,
			"animation_length": 1,
			"bones": {
				"Head": {
					"rotation": [-65, 0, 0]
				},
				"AllBody": {
					"rotation": [90, 0, 0],
					"position": [0, 1.75, 14]
				},
				"RightArm": {
					"rotation": [-17.5, 0, 22.5]
				},
				"LeftArm": {
					"rotation": [-50.12983, 0, -125]
				},
				"UpBody": {
					"rotation": [-20, 0, 0]
				}
			}
		},
		"parallel0": {
			"loop": "hold_on_last_frame",
			"animation_length": 10,
			"bones": {
				"Root": {
					"scale": "1-query.is_spectator"
				}
			}
		},
		"pre_parallel0": {
			"loop": true,
			"animation_length": 14.29167,
			"bones": {
				"Eyelashes": {
					"position": {
						"0.0": [0, 0, 0],
						"9.5833": [0, 0, 0],
						"9.625": [0, -2.5, 0],
						"9.9583": [0, -2.5, 0],
						"10.0": [0, 0, 0]
					}
				},
				"RightEyelash2": {
					"position": {
						"9.5833": [0, 0, 0],
						"9.625": [0, 2.5, 0],
						"9.9583": [0, 2.5, 0],
						"10.0": [0, 0, 0]
					},
					"scale": {
						"0.0": [1, 1, 1],
						"9.5833": [1, 1, 1],
						"9.625": [1, 0.25, 1],
						"9.9583": [1, 0.25, 1],
						"10.0": [1, 1, 1]
					}
				},
				"LeftEyelash2": {
					"position": {
						"9.5833": [0, 0, 0],
						"9.625": [0, 2.5, 0],
						"9.9583": [0, 2.5, 0],
						"10.0": [0, 0, 0]
					},
					"scale": {
						"0.0": [1, 1, 1],
						"9.5833": [1, 1, 1],
						"9.625": [1, 0.25, 1],
						"9.9583": [1, 0.25, 1],
						"10.0": [1, 1, 1]
					}
				},
				"hair2": {
					"rotation": ["math.clamp(query.vertical_speed,-30,0)", 0, "3+math.sin(query.anim_time*25*3.03)*2"]
				},
				"Eyelids": {
					"position": {
						"9.5833": [0, 0, 0],
						"9.625": [0, -0.5, 0],
						"9.9583": [0, -0.5, 0],
						"10.0": [0, 0, 0]
					},
					"scale": {
						"9.5833": [1, 1, 1],
						"9.625": [1, 4, 1],
						"9.9583": [1, 4, 1],
						"10.0": [1, 1, 1]
					}
				},
				"LeftIris": {
					"position": ["math.clamp(ysm.head_yaw/80,-0.1,1)", "math.clamp(ysm.head_pitch/80,-0.3,0.5)", 0]
				},
				"RightIris": {
					"position": ["math.clamp(ysm.head_yaw/80,-1,0.1)", "math.clamp(ysm.head_pitch/80,-0.3,0.5)", 0]
				}
			}
		},
		"swim": {
			"loop": true,
			"animation_length": 1.125,
			"bones": {
				"AllBody": {
					"rotation": [90, 0, 0],
					"position": [0, 1.75, 14]
				},
				"LeftLeg": {
					"rotation": ["math.sin(query.anim_time * 200*3.03) * 20 ", 0, 0]
				},
				"RightLeg": {
					"rotation": ["-math.sin(query.anim_time * 200*3.03) * 20 ", 0, 0]
				},
				"Head": {
					"rotation": [-60, 0, 0]
				}
			}
		},
		"death": {
			"loop": "hold_on_last_frame",
			"animation_length": 0.875,
			"bones": {
				"AllBody": {
					"rotation": {
						"0.0": {
							"post": [0, 0, 0],
							"lerp_mode": "catmullrom"
						},
						"0.1667": {
							"post": [-9.5, 0, 0],
							"lerp_mode": "catmullrom"
						},
						"0.2083": {
							"post": [-10.09, 0, 0],
							"lerp_mode": "catmullrom"
						},
						"0.25": {
							"post": [-8.16, 0, 0],
							"lerp_mode": "catmullrom"
						},
						"0.375": [0, 0, 0],
						"0.4167": [2.5, 0, 0],
						"0.4583": [7.5, 0, 0],
						"0.5": [15, 0, 0],
						"0.5417": [27.5, 0, 0],
						"0.5833": [40, 0, 0],
						"0.625": [60, 0, 0],
						"0.6667": [90, 0, 0],
						"0.7083": [82.5, 0, 0],
						"0.75": [83.75, 0, 0],
						"0.8333": [90, 0, 0]
					}
				},
				"LeftArm": {
					"rotation": {
						"0.0": {
							"post": [0, 0, 0],
							"lerp_mode": "catmullrom"
						},
						"0.2083": {
							"post": [22.5, 0, 0],
							"lerp_mode": "catmullrom"
						},
						"0.6667": [34, 0, 0],
						"0.7083": [-5, 0, 0]
					}
				},
				"RightArm": {
					"rotation": {
						"0.0": {
							"post": [0, 0, 0],
							"lerp_mode": "catmullrom"
						},
						"0.2083": {
							"post": [22.5, 0, 0],
							"lerp_mode": "catmullrom"
						},
						"0.6667": [34, 0, 0],
						"0.7083": [-7.5, 0, 0]
					}
				}
			}
		},
		"boat": {
			"loop": true,
			"bones": {
				"AllBody": {
					"position": [0, -1, 0]
				},
				"LeftLeg": {
					"rotation": [-90, -7.5, 0]
				},
				"RightLeg": {
					"rotation": [-90, 7.5, 0]
				},
				"UpBody": {
					"rotation": [12.5, 0, 0]
				},
				"LeftArm": {
					"rotation": [-40, 0, 17],
					"position": [0, 0.5, 0]
				},
				"RightArm": {
					"rotation": [-40, 0, -17],
					"position": [0, 0.5, 0]
				},
				"LeftAss": {
					"rotation": [17.5, 0, 0]
				},
				"RightAss": {
					"rotation": [17.5, 0, 0]
				},
				"Head": {
					"rotation": [-12.5, 0, 0]
				},
				"LeftForeArm": {
					"rotation": [0, 0, 0]
				}
			}
		},
		"ride_pig": {
			"loop": true,
			"bones": {
				"AllBody": {
					"position": [0, -2, 6]
				},
				"LeftLeg": {
					"rotation": [-90, -12.5, 0]
				},
				"RightLeg": {
					"rotation": [-90, 12.5, 0]
				},
				"UpBody": {
					"rotation": [10, 0, 0]
				},
				"LeftArm": {
					"rotation": [-50, 20, 0]
				},
				"RightArm": {
					"rotation": [-50, -20, 0]
				}
			}
		},
		"ride": {
			"loop": true,
			"bones": {
				"LeftLeg": {
					"rotation": [-90, -12.5, 0]
				},
				"RightLeg": {
					"rotation": [-90, 12.5, 0]
				},
				"UpBody": {
					"rotation": [10, 0, 0]
				},
				"LeftArm": {
					"rotation": [-50, 20, 0]
				},
				"RightArm": {
					"rotation": [-50, -20, 0]
				}
			}
		},
		"sneaking": {
			"animation_length": 2,
			"bones": {
				"UpBody": {
					"rotation": ["20+query.ground_speed", 0, 0]
				},
				"Head": {
					"rotation": ["-17.5-query.ground_speed", 0, 0]
				},
				"LeftAss": {
					"rotation": [10, 0, 0]
				},
				"RightAss": {
					"rotation": [10, 0, 0]
				},
				"blush": {
					"position": [0, -1, -4.2]
				}
			}
		}
	},
	"geckolib_format_version": 2
}