{
	"format_version": "1.12.0",
	"minecraft:geometry": [
		{
			"description": {
				"identifier": "geometry.unknown",
				"texture_width": 128,
				"texture_height": 128,
				"visible_bounds_width": 3,
				"visible_bounds_height": 4.5,
				"visible_bounds_offset": [0, 1.75, 0]
			},
			"bones": [
				{
					"name": "LeftArm",
					"pivot": [1.15, 29.775, 0],
					"rotation": [0, 0, -0.5],
					"cubes": [
						{"origin": [0.2, 23.65, -1.7], "size": [3.25, 7.3, 3.4], "uv": [22, 46]},
						{"origin": [0.35, 23.825, -1.5], "size": [3.05, 7, 3], "uv": [22, 56]},
						{"origin": [0.55, 22.875, -1.125], "size": [2.7, 2.05, 2.3], "uv": [24, 57]}
					]
				},
				{
					"name": "LeftForeArm",
					"parent": "LeftArm",
					"pivot": [1.875, 23.825, 0.025],
					"cubes": [
						{"origin": [0.375, 16.825, -1.475], "size": [2.9, 7, 3], "uv": [38, 0]},
						{"origin": [0.275, 19.125, -1.575], "size": [3.1, 5, 3.2], "uv": [34, 46]},
						{"origin": [0.225, 18.725, -1.625], "size": [3.3, 0.5, 3.3], "uv": [0, 119]},
						{"origin": [0.225, 23.125, -1.625], "size": [3.3, 0.5, 3.3], "uv": [0, 119]}
					]
				},
				{
					"name": "LeftHand",
					"parent": "LeftForeArm",
					"pivot": [1.875, 18.325, 0.025]
				},
				{
					"name": "LeftHandLocator",
					"parent": "LeftHand",
					"pivot": [1.875, 18.325, 0.025]
				},
				{
					"name": "SheathLocator",
					"parent": "LeftHand",
					"pivot": [1.875, 18.325, 0.025]
				},
				{
					"name": "LeftWaistLocator",
					"parent": "LeftHand",
					"pivot": [1.875, 18.325, 0.025]
				},
				{
					"name": "RightArm",
					"pivot": [-1.15, 29.775, 0],
					"rotation": [0, 0, 0.5],
					"cubes": [
						{"origin": [-3.4, 23.825, -1.5], "size": [3.05, 7, 3], "uv": [22, 56], "mirror": true},
						{"origin": [-3.45, 23.65, -1.7], "size": [3.25, 7.3, 3.4], "uv": [22, 46], "mirror": true},
						{"origin": [-3.25, 22.875, -1.125], "size": [2.7, 2.05, 2.3], "uv": [24, 57], "mirror": true}
					]
				},
				{
					"name": "RightForeArm",
					"parent": "RightArm",
					"pivot": [-1.875, 23.825, 0.025],
					"cubes": [
						{"origin": [-3.525, 23.125, -1.625], "size": [3.3, 0.5, 3.3], "uv": [0, 119], "mirror": true},
						{"origin": [-3.275, 16.825, -1.475], "size": [2.9, 7, 3], "uv": [38, 0], "mirror": true},
						{"origin": [-3.375, 19.125, -1.575], "size": [3.1, 5, 3.2], "uv": [34, 46], "mirror": true},
						{"origin": [-3.525, 18.725, -1.625], "size": [3.3, 0.5, 3.3], "uv": [0, 119], "mirror": true}
					]
				},
				{
					"name": "RightHand",
					"parent": "RightForeArm",
					"pivot": [-1.875, 18.325, 0.025]
				},
				{
					"name": "RightHandLocator",
					"parent": "RightHand",
					"pivot": [-1.875, 18.325, 0.025]
				},
				{
					"name": "BladeLocator",
					"parent": "RightHand",
					"pivot": [-1.875, 18.325, 0.025]
				}
			]
		}
	]
}