{
	"format_version": "1.21.0",
	"minecraft:geometry": [
		{
			"description": {
				"identifier": "geometry.unknown",
				"texture_width": 128,
				"texture_height": 128,
				"visible_bounds_width": 7,
				"visible_bounds_height": 7,
				"visible_bounds_offset": [0, 2.5, 0]
			},
			"bones": [
				{
					"name": "Root",
					"pivot": [0, 0, 0]
				},
				{
					"name": "MAllBody",
					"parent": "Root",
					"pivot": [0, 0, 0]
				},
				{
					"name": "AllBody",
					"parent": "MAllBody",
					"pivot": [0, 0, 0]
				},
				{
					"name": "UpBody",
					"parent": "AllBody",
					"pivot": [0, 21, 0]
				},
				{
					"name": "MUpperBody",
					"parent": "UpBody",
					"pivot": [0, 0, 0]
				},
				{
					"name": "UpperBody",
					"parent": "MUpperBody",
					"pivot": [0, 19.9, 0],
					"cubes": [
						{"origin": [-3.5, 19.95, -2.025], "size": [7, 11.8, 4.05], "uv": [0, 45]},
						{"origin": [-3.8, 22.35, -2.225], "size": [7.5, 1, 4.65], "uv": [0, 66]},
						{"origin": [-1.3, 20.4, 1.925], "size": [2.5, 2.5, 2.4], "pivot": [-0.05, 21.65, 3.125], "rotation": [15, 0, 0], "uv": [34, 10]},
						{"origin": [2.95, 20.85, -1.15], "size": [1.5, 3.25, 2.675], "pivot": [0, 22.675, 0], "rotation": [0, 0, -5], "uv": [24, 37]},
						{"origin": [2.95, 22.6, -0.9], "size": [1.6, 1.5, 2.175], "pivot": [0, 22.675, 0], "rotation": [0, 0, -5], "uv": [20, 40]},
						{"origin": [-2.65, 22.2, -2.3], "size": [0.3, 1.3, 3.175], "uv": [20, 35]},
						{"origin": [-2.15, 22.2, -2.3], "size": [0.3, 1.3, 3.175], "uv": [20, 35]},
						{"origin": [2.45, 22.2, -2.3], "size": [0.3, 1.3, 3.175], "uv": [20, 35]},
						{"origin": [1.85, 23.1, -2.1], "size": [0.5, 5.3, 3.175], "uv": [4, 120]},
						{"origin": [-0.25, 23.1, -1.1], "size": [0.5, 7, 3.175], "uv": [2, 118]},
						{"origin": [-2.35, 23.1, -2.1], "size": [0.5, 5.4, 3.175], "uv": [4, 120]},
						{"origin": [-1.1, 22.35, -2.475], "size": [1.9, 1, 2.575], "uv": [2, 68]},
						{"origin": [-2.7, 19.25, -2.025], "size": [5.3, 0.7, 4.05], "uv": [30, 35]},
						{"origin": [-1.7, 18.35, -2.025], "size": [3.4, 0.9, 4.05], "uv": [30, 34]},
						{"origin": [3, 19.85, -2.025], "size": [0.75, 2.5, 4.05], "pivot": [3.375, 21, 0], "rotation": [0, 0, -10], "uv": [32, 34]},
						{"origin": [3.8, 18.05, -2.025], "size": [0.75, 2.7, 4.05], "pivot": [3.375, 21, 0], "rotation": [0, 0, 55], "uv": [32, 34]},
						{
							"origin": [-3.5, 31.825, -2.15],
							"size": [7, 0.75, 4.45],
							"uv": {
								"north": {"uv": [4, 79], "uv_size": [7, 0]},
								"east": {"uv": [0, 79], "uv_size": [4, 0]},
								"south": {"uv": [15, 79], "uv_size": [7, 0]},
								"west": {"uv": [11, 79], "uv_size": [4, 0]},
								"up": {"uv": [4, 75], "uv_size": [7, 4]},
								"down": {"uv": [11, 79], "uv_size": [7, -4]}
							}
						},
						{
							"origin": [-0.95, 30.58705, -2.1377],
							"size": [1.9, 0.75, 4.45],
							"pivot": [0, 30.46205, 0.0873],
							"rotation": [-23, 0, 0],
							"uv": {
								"north": {"uv": [4, 95], "uv_size": [1, 0.5]},
								"east": {"uv": [0, 95], "uv_size": [4, 0.5]},
								"south": {"uv": [9, 95], "uv_size": [1, 0.5]},
								"west": {"uv": [5, 95], "uv_size": [4, 0.5]},
								"up": {"uv": [4, 91], "uv_size": [1, 4.5]},
								"down": {"uv": [5, 95.5], "uv_size": [1, -4.5]}
							}
						},
						{
							"origin": [-0.7, 31.00755, -1.74697],
							"size": [1.4, 0.5, 4.45],
							"pivot": [0, 31.38255, 0.47803],
							"rotation": [-18, 0, 0],
							"uv": {
								"north": {"uv": [4, 95], "uv_size": [1, 0.5]},
								"east": {"uv": [0, 95], "uv_size": [4, 0.5]},
								"south": {"uv": [9, 95], "uv_size": [1, 0.5]},
								"west": {"uv": [5, 95], "uv_size": [4, 0.5]},
								"up": {"uv": [4, 91], "uv_size": [1, 4.5]},
								"down": {"uv": [5, 95.5], "uv_size": [1, -4.5]}
							}
						},
						{
							"origin": [-0.25, 32.075, 2.35],
							"size": [3.8, 1.5, 0.45],
							"pivot": [2, 32.825, 2.075],
							"rotation": [1.10693, 12.45167, 5.12076],
							"uv": {
								"north": {"uv": [12, 80], "uv_size": [3, 1]},
								"east": {"uv": [12, 79.5], "uv_size": [0, 1]},
								"south": {"uv": [15, 80], "uv_size": [3, 1]},
								"west": {"uv": [15, 80], "uv_size": [0, 1]},
								"up": {"uv": [10.5, 83], "uv_size": [3, 0]},
								"down": {"uv": [15, 79], "uv_size": [3, 0]}
							}
						},
						{"origin": [-0.05, 31.325, 2.25], "size": [2.1, 1, 0.45], "pivot": [2, 32.825, 2.075], "rotation": [-9.89307, 12.45167, 5.12076], "uv": [5, 98]},
						{"origin": [0.05, 30.825, 2.25], "size": [1.8, 0.6, 0.45], "pivot": [2, 32.825, 2.075], "rotation": [-9.89307, 12.45167, 5.12076], "uv": [7, 98]},
						{"origin": [2.15, 29.875, 2.35], "size": [1.1, 3.05, 0.45], "pivot": [2, 32.825, 2.075], "rotation": [-2.47165, 17.53668, 40.32945], "uv": [1, 96]},
						{
							"origin": [2.2, 33.225, -2.3],
							"size": [2, 0.8, 4.6],
							"pivot": [3.7, 32.825, 0.075],
							"rotation": [0, 0, -47.5],
							"uv": {
								"north": {"uv": [4, 85.5], "uv_size": [3, 0]},
								"east": {"uv": [0, 85.5], "uv_size": [4, 0]},
								"south": {"uv": [11, 85.5], "uv_size": [3, 0]},
								"west": {"uv": [7, 85.5], "uv_size": [4, 0]},
								"up": {"uv": [4, 80.5], "uv_size": [3, 4]},
								"down": {"uv": [7, 84.5], "uv_size": [3, -4]}
							}
						},
						{"origin": [2.2, 32.875, -2.4], "size": [2.1, 0.8, 4.8], "pivot": [3.7, 32.875, 0.075], "rotation": [0, 0, -47.5], "uv": [0, 80]},
						{"origin": [5, 30.125, -1.15], "size": [0.7, 1, 2.2], "pivot": [4, 32.075, 0.075], "rotation": [0, 0, -27.5], "uv": [10, 87]},
						{"origin": [4.3, 31.025, -2.15], "size": [1.4, 1.1, 4.2], "pivot": [4, 32.075, 0.075], "rotation": [0, 0, -27.5], "uv": [0, 91]},
						{"origin": [3.71789, 31.64324, -2.25], "size": [1.4, 1.9, 4.4], "pivot": [4.41789, 32.49324, -0.05], "rotation": [0, 0, -72.5], "uv": [0, 86]},
						{"origin": [4.90156, 31.88395, -2.35], "size": [0.7, 2.5, 0.7], "pivot": [5.75156, 31.63395, -1.25], "rotation": [0, 0, -62.5], "uv": [1, 87]},
						{"origin": [5.83595, 30.09413, -1.55], "size": [0.7, 1.75, 0.7], "pivot": [6.18595, 30.84413, -2], "rotation": [45, 0, -62.5], "uv": [1, 87]},
						{"origin": [6.23595, 30.69413, -1.45], "size": [0.8, 0.95, 0.6], "pivot": [6.18595, 30.84413, -2], "rotation": [45, 0, -62.5], "uv": [10, 88]},
						{"origin": [5.83595, 32.89413, -0.35], "size": [0.7, 1.65, 0.7], "pivot": [6.18595, 30.84413, -2], "rotation": [-45, 0, -62.5], "uv": [1, 87]},
						{"origin": [6.53595, 33.49413, -0.35], "size": [0.5, 0.95, 0.6], "pivot": [6.18595, 30.84413, -2], "rotation": [-45, 0, -62.5], "uv": [10, 88]},
						{"origin": [5.83595, 31.69413, -2.55], "size": [0.7, 2.25, 0.7], "pivot": [6.18595, 30.84413, -2], "rotation": [-90, 0, -62.5], "uv": [1, 87]},
						{"origin": [4.90156, 31.88395, 1.55], "size": [0.7, 2.3, 0.7], "pivot": [5.75156, 31.63395, -1.25], "rotation": [0, 0, -62.5], "uv": [1, 87]},
						{"origin": [-2.05, 30.375, -3.35], "size": [4.1, 0.99, 1.1], "pivot": [0, 32.075, -3.3], "rotation": [55, 0, 0], "uv": [1, 79]},
						{"origin": [-1.75, 30.375, -3.95], "size": [3.5, 1, 0.7], "pivot": [0, 32.075, -3.3], "rotation": [55, 0, 0], "uv": [2, 127]},
						{"origin": [-2.35, 31.05054, -3.1523], "size": [0.7, 1, 1.5], "pivot": [-2.25, 31.55054, -2.2023], "rotation": [60.16243, -19.20748, -29.83757], "uv": [4, 126], "mirror": true},
						{"origin": [1.65, 31.05054, -3.1523], "size": [0.7, 1, 1.5], "pivot": [2.25, 31.55054, -2.2023], "rotation": [60.16243, 19.20748, 29.83757], "uv": [3, 125]},
						{"origin": [-4.45, 20.85, -1.15], "size": [1.5, 3.25, 2.675], "pivot": [0, 22.675, 0], "rotation": [0, 0, 5], "uv": [24, 37], "mirror": true},
						{"origin": [-4.55, 22.6, -1.05], "size": [1.6, 1.5, 2.475], "pivot": [0, 22.675, 0], "rotation": [0, 0, 5], "uv": [20, 40], "mirror": true},
						{
							"origin": [-4.2, 33.225, -2.3],
							"size": [2, 0.8, 4.6],
							"pivot": [-3.7, 32.825, 0.075],
							"rotation": [0, 0, 47.5],
							"uv": {
								"north": {"uv": [7, 85.5], "uv_size": [-3, 0]},
								"east": {"uv": [11, 85.5], "uv_size": [-4, 0]},
								"south": {"uv": [14, 85.5], "uv_size": [-3, 0]},
								"west": {"uv": [4, 85.5], "uv_size": [-4, 0]},
								"up": {"uv": [7, 80.5], "uv_size": [-3, 4]},
								"down": {"uv": [10, 84.5], "uv_size": [-3, -4]}
							}
						},
						{"origin": [-4.3, 32.875, -2.4], "size": [2.1, 0.8, 4.8], "pivot": [-3.7, 32.875, 0.075], "rotation": [0, 0, 47.5], "uv": [0, 80], "mirror": true},
						{"origin": [-2.05, 31.325, 2.25], "size": [2.1, 1, 0.45], "pivot": [-2, 32.825, 2.075], "rotation": [-9.89307, -12.45167, -5.12076], "uv": [5, 98], "mirror": true},
						{"origin": [-1.85, 30.825, 2.25], "size": [1.8, 0.6, 0.45], "pivot": [-2, 32.825, 2.075], "rotation": [-9.89307, -12.45167, -5.12076], "uv": [7, 98], "mirror": true},
						{
							"origin": [-3.55, 32.075, 2.35],
							"size": [3.8, 1.5, 0.45],
							"pivot": [-2, 32.825, 2.075],
							"rotation": [1.10693, -12.45167, -5.12076],
							"uv": {
								"north": {"uv": [15, 80], "uv_size": [-3, 1]},
								"east": {"uv": [15, 80], "uv_size": [0, 1]},
								"south": {"uv": [18, 80], "uv_size": [-3, 1]},
								"west": {"uv": [12, 79.5], "uv_size": [0, 1]},
								"up": {"uv": [13.5, 83], "uv_size": [-3, 0]},
								"down": {"uv": [18, 79], "uv_size": [-3, 0]}
							}
						},
						{"origin": [-3.25, 29.875, 2.35], "size": [1.1, 3.05, 0.45], "pivot": [-2, 32.825, 2.075], "rotation": [-2.47165, -17.53668, -40.32945], "uv": [1, 96], "mirror": true},
						{"origin": [-5.60156, 31.88395, 1.55], "size": [0.7, 2.3, 0.7], "pivot": [-5.75156, 31.63395, -1.25], "rotation": [0, 0, 62.5], "uv": [1, 87], "mirror": true},
						{"origin": [-5.11789, 31.64324, -2.25], "size": [1.4, 1.9, 4.4], "pivot": [-4.41789, 32.49324, -0.05], "rotation": [0, 0, 72.5], "uv": [0, 86], "mirror": true},
						{"origin": [-6.53595, 31.69413, -2.55], "size": [0.7, 2.25, 0.7], "pivot": [-6.18595, 30.84413, -2], "rotation": [-90, 0, 62.5], "uv": [1, 87], "mirror": true},
						{"origin": [-5.60156, 31.88395, -2.35], "size": [0.7, 2.5, 0.7], "pivot": [-5.75156, 31.63395, -1.25], "rotation": [0, 0, 62.5], "uv": [1, 87], "mirror": true},
						{"origin": [-7.03595, 30.69413, -1.45], "size": [0.8, 0.95, 0.6], "pivot": [-6.18595, 30.84413, -2], "rotation": [45, 0, 62.5], "uv": [10, 88], "mirror": true},
						{"origin": [-7.03595, 33.49413, -0.35], "size": [0.5, 0.95, 0.6], "pivot": [-6.18595, 30.84413, -2], "rotation": [-45, 0, 62.5], "uv": [10, 88], "mirror": true},
						{"origin": [-5.7, 30.125, -1.15], "size": [0.7, 1, 2.2], "pivot": [-4, 32.075, 0.075], "rotation": [0, 0, 27.5], "uv": [7, 85], "mirror": true},
						{"origin": [-6.53595, 30.09413, -1.55], "size": [0.7, 1.75, 0.7], "pivot": [-6.18595, 30.84413, -2], "rotation": [45, 0, 62.5], "uv": [1, 87], "mirror": true},
						{"origin": [-6.53595, 32.89413, -0.35], "size": [0.7, 1.65, 0.7], "pivot": [-6.18595, 30.84413, -2], "rotation": [-45, 0, 62.5], "uv": [1, 87], "mirror": true},
						{"origin": [-1, 22.1, -2.4], "size": [2.3, 1.5, 3.175], "uv": [19, 33], "mirror": true},
						{"origin": [-3.75, 19.85, -2.025], "size": [0.75, 2.5, 4.05], "pivot": [-3.375, 21, 0], "rotation": [0, 0, 10], "uv": [32, 34], "mirror": true},
						{"origin": [-4.55, 18.05, -2.025], "size": [0.75, 2.7, 4.05], "pivot": [-3.375, 21, 0], "rotation": [0, 0, -55], "uv": [32, 34], "mirror": true},
						{"origin": [-5.7, 31.025, -2.15], "size": [1.4, 1.1, 4.2], "pivot": [-4, 32.075, 0.075], "rotation": [0, 0, 27.5], "uv": [0, 86], "mirror": true}
					]
				},
				{
					"name": "AllHead",
					"parent": "UpperBody",
					"pivot": [0, 32.5, 0],
					"cubes": [
						{"origin": [-1.5, 31.925, -1.525], "size": [3, 2, 3], "uv": [8, 9]}
					]
				},
				{
					"name": "MHead",
					"parent": "AllHead",
					"pivot": [0, 33.05, 0]
				},
				{
					"name": "Head",
					"parent": "MHead",
					"pivot": [0, 33.05, 0],
					"cubes": [
						{"origin": [-3.5, 33.05, -3.5], "size": [7, 7, 7], "uv": [0, 0]}
					]
				},
				{
					"name": "Shade",
					"parent": "Head",
					"pivot": [0, 36.275, -3.5],
					"cubes": [
						{
							"origin": [-3.55, 33.9, -3.51],
							"size": [7.1, 4.5, 0],
							"uv": {
								"north": {"uv": [21, 0], "uv_size": [7, 4]}
							}
						}
					]
				},
				{
					"name": "Hair",
					"parent": "Head",
					"pivot": [-0.14783, 37.76957, 0.42174],
					"cubes": [
						{"origin": [-2.975, 41.3, -3.8], "size": [6, 0.75, 7], "uv": [3, 15]},
						{"origin": [-2, 40, -4.4], "size": [4, 2, 1], "uv": [12, 20]},
						{"origin": [-4, 40.6, -4], "size": [8, 1, 8], "uv": [0, 14]},
						{"origin": [-2, 41.55, -2.8], "size": [4, 1, 5], "uv": [6, 17]},
						{"origin": [-3, 41.55, -1.8], "size": [1, 1, 3], "uv": [5, 19]},
						{"origin": [2, 41.55, -1.8], "size": [1, 1, 3], "uv": [19, 19], "mirror": true},
						{"origin": [-3.975, 41.3, -2.8], "size": [1, 0.75, 5], "uv": [9, 17]},
						{"origin": [3.025, 41.3, -2.8], "size": [1, 0.75, 5], "uv": [6, 16]},
						{"origin": [-5.5, 34.4, 0.825], "size": [1, 6, 2], "uv": [30, 22]},
						{"origin": [4.5, 34.4, 0.825], "size": [1, 6, 2], "uv": [30, 22], "mirror": true},
						{"origin": [-5.5, 32.8, -0.275], "size": [1, 2.6, 1], "pivot": [-5, 34.1, 0.325], "rotation": [-10, 0, 0], "uv": [0, 18]},
						{"origin": [-5.5, 33.8, -1.275], "size": [1, 2.6, 1], "pivot": [-5, 34.1, 0.325], "rotation": [-10, 0, 0], "uv": [0, 18]},
						{"origin": [-5.5, 34.8, -0.175], "size": [1, 5.6, 1], "uv": [0, 14]},
						{"origin": [-5.5, 35.4, -1.175], "size": [1, 4, 1], "uv": [0, 14]},
						{"origin": [3.5, 33.4, -2.65], "size": [1, 8, 6], "uv": [0, 23], "mirror": true},
						{"origin": [4.5, 32.8, -0.275], "size": [1, 2.6, 1], "pivot": [5, 34.1, 0.325], "rotation": [-10, 0, 0], "uv": [0, 18], "mirror": true},
						{"origin": [4.5, 33.8, -1.275], "size": [1, 2.6, 1], "pivot": [5, 34.1, 0.325], "rotation": [-10, 0, 0], "uv": [0, 18], "mirror": true},
						{"origin": [4.5, 34.8, -0.175], "size": [1, 5.6, 1], "uv": [0, 14], "mirror": true},
						{"origin": [4.5, 35.4, -1.175], "size": [1, 4, 1], "uv": [0, 14], "mirror": true},
						{"origin": [-4.4, 36, -3.8], "size": [1, 4, 2], "uv": [30, 22]},
						{"origin": [1.84924, 33.14972, 7.48277], "size": [2, 6, 1], "pivot": [2.36604, 17.10616, 2.88004], "rotation": [49.1895, 86.7138, 42.8839], "uv": [20, 23]},
						{"origin": [4.76118, 32.83784, 1.16442], "size": [2, 1, 1], "pivot": [5.76118, 33.08784, 1.91442], "rotation": [44.1895, 86.7138, 42.8839], "uv": [28, 2]},
						{"origin": [-5.65695, 33.11898, 2.99112], "size": [2, 6.5, 1], "pivot": [-4.65695, 36.61898, 3.44112], "rotation": [1.2933, -55.2049, 3.0808], "uv": [20, 23], "mirror": true},
						{"origin": [3.65695, 33.11898, 2.99112], "size": [2, 6.5, 1], "pivot": [4.65695, 36.61898, 3.44112], "rotation": [1.2933, 55.2049, -3.0808], "uv": [20, 23]},
						{"origin": [-3.84924, 33.14972, 7.48277], "size": [2, 6, 1], "pivot": [-2.36604, 17.10616, 2.88004], "rotation": [49.1895, -86.7138, -42.8839], "uv": [20, 23], "mirror": true},
						{"origin": [-6.76118, 32.83784, 1.16442], "size": [2, 1, 1], "pivot": [-5.76118, 33.08784, 1.91442], "rotation": [44.1895, -86.7138, -42.8839], "uv": [28, 2], "mirror": true},
						{"origin": [-4.5, 33.4, -2.65], "size": [1, 8, 6], "uv": [0, 23]},
						{"origin": [-2.2, 32.89696, 4.5414], "size": [4.4, 5, 1], "pivot": [0, 35.39696, 5.0414], "rotation": [5, 0, 0], "uv": [10, 23]},
						{"origin": [-4, 33.6, 3], "size": [8, 7, 1], "uv": [0, 37]},
						{"origin": [-3, 33.2, 4], "size": [6, 7.7, 1], "uv": [24, 14]},
						{"origin": [2.6, 32.9, 3.7], "size": [1, 7.5, 1], "uv": [26, 23]},
						{"origin": [-3.5, 32.9, 3.7], "size": [1, 7.5, 1], "uv": [26, 23]}
					]
				},
				{
					"name": "front_h1",
					"parent": "Hair",
					"pivot": [0, 40.5, -4.3],
					"cubes": [
						{"origin": [-4.3375, 36.825, -4.25], "size": [1, 4, 3], "uv": [24, 21]},
						{"origin": [-3.05, 37.175, -4.775], "size": [1, 3.55, 1], "uv": [34, 3]},
						{"origin": [-1.5, 38.825, -5.025], "size": [3, 2.2, 1], "uv": [28, 8]},
						{"origin": [2.275, 37.175, -4.8], "size": [1, 3.25, 1], "uv": [34, 3]},
						{"origin": [3.3875, 36.825, -4.3], "size": [1, 4, 3], "uv": [14, 29]},
						{"origin": [1.4, 37.65, -5.225], "size": [1, 3, 1], "pivot": [2.75, 38.925, -4.8], "rotation": [-5, 0, -10], "uv": [34, 3]},
						{"origin": [-1.6, 36.775, -5.4], "size": [1, 3.25, 1], "pivot": [0.6, 38.15, -4.9], "rotation": [-2.5, 0, 12.5], "uv": [34, 5]},
						{"origin": [0.4, 37.275, -5.5], "size": [1, 3.75, 1], "pivot": [0.6, 38.15, -5], "rotation": [-5, 0, 12.5], "uv": [34, 4]},
						{"origin": [-0.6, 36.95, -5.5], "size": [1, 4, 1], "pivot": [0.6, 38.05, -5], "rotation": [-2.5, 0, 12.5], "uv": [34, 3]},
						{"origin": [3.3375, 36.825, -4.25], "size": [1, 4, 3], "uv": [24, 21], "mirror": true},
						{"origin": [1.295, 37.625, -4.725], "size": [1.2, 3.2, 1], "uv": [34, 1], "mirror": true},
						{"origin": [-2.299, 37.125, -5.1], "size": [1, 3.4, 1], "pivot": [-1.799, 38.825, -4.6], "rotation": [-2.5, 0, 7.5], "uv": [34, 4], "mirror": true},
						{"origin": [-4.3875, 36.825, -4.3], "size": [1, 4, 3], "uv": [14, 29], "mirror": true}
					]
				},
				{
					"name": "corner_h1",
					"parent": "Hair",
					"pivot": [-4.37735, 36.62243, -2.61577],
					"cubes": [
						{"origin": [3.9496, 38.39333, -3.73563], "size": [1.025, 2, 2.3], "pivot": [4.4621, 38.64333, -3.48563], "rotation": [7.0834, 4.17422, -9.5422], "uv": [28, 0]},
						{"origin": [-4.9746, 38.39333, -3.73563], "size": [1.025, 2, 2.3], "pivot": [-4.4621, 38.64333, -3.48563], "rotation": [7.0834, -4.17422, 9.5422], "uv": [28, 0], "mirror": true},
						{"origin": [3.9496, 36.64333, -3.73563], "size": [1.025, 2, 2.3], "pivot": [4.4621, 38.64333, -3.48563], "rotation": [4.92914, 3.75937, -4.54745], "uv": [28, 2]},
						{"origin": [-4.9746, 36.64333, -3.73563], "size": [1.025, 2, 2.3], "pivot": [-4.4621, 38.64333, -3.48563], "rotation": [4.92914, -3.75937, 4.54745], "uv": [28, 2], "mirror": true},
						{"origin": [4.1496, 34.04333, -3.33563], "size": [1.025, 4.8, 1], "pivot": [4.4621, 38.64333, -3.48563], "rotation": [4.92914, 3.75937, -4.54745], "uv": [0, 15]},
						{"origin": [-5.1746, 34.04333, -3.33563], "size": [1.025, 4.8, 1], "pivot": [-4.4621, 38.64333, -3.48563], "rotation": [4.92914, -3.75937, 4.54745], "uv": [0, 15], "mirror": true},
						{"origin": [4.2559, 33.84692, -3.58367], "size": [1.025, 3, 2.3], "pivot": [4.7684, 35.74692, -2.33367], "rotation": [0.42914, 3.75937, -4.54745], "uv": [28, 3]},
						{"origin": [-5.2809, 33.84692, -3.58367], "size": [1.025, 3, 2.3], "pivot": [-4.7684, 35.74692, -2.33367], "rotation": [0.42914, -3.75937, 4.54745], "uv": [28, 3], "mirror": true},
						{"origin": [4.2559, 32.84692, -3.58367], "size": [1.025, 1.1, 1.3], "pivot": [4.7684, 35.74692, -2.33367], "rotation": [0.42914, 3.75937, -4.54745], "uv": [0, 19]},
						{"origin": [-5.2809, 32.84692, -3.58367], "size": [1.025, 1.1, 1.3], "pivot": [-4.7684, 35.74692, -2.33367], "rotation": [0.42914, -3.75937, 4.54745], "uv": [0, 19], "mirror": true},
						{"origin": [2.64985, 39.19593, -5.34748], "size": [1.425, 2, 1], "pivot": [2.77735, 39.37243, -4.41577], "rotation": [-13.04701, -25.2385, -16.75732], "uv": [34, 1]},
						{"origin": [-4.07485, 37.54593, -5.34748], "size": [1.425, 2, 1], "pivot": [-2.77735, 39.37243, -4.41577], "rotation": [0.06388, 25.30894, 12.33439], "uv": [34, 2], "mirror": true},
						{"origin": [-4.07485, 39.19593, -5.34748], "size": [1.425, 2, 1], "pivot": [-2.77735, 39.37243, -4.41577], "rotation": [-13.04701, 25.2385, 16.75732], "uv": [34, 1], "mirror": true},
						{"origin": [2.64985, 37.54593, -5.34748], "size": [1.425, 2, 1], "pivot": [2.77735, 39.37243, -4.41577], "rotation": [0.06388, -25.30894, -12.33439], "uv": [34, 2]},
						{"origin": [3.26436, 33.46281, -4.95311], "size": [1.425, 4.4, 1], "pivot": [4.07686, 36.76281, -4.55311], "rotation": [4.17432, -25.24741, -7.91114], "uv": [34, 3]},
						{"origin": [3.23754, 32.62155, -5.27643], "size": [0.925, 5.2, 1], "pivot": [3.35004, 35.87155, -4.77643], "rotation": [1.39553, -13.57346, 0.08025], "uv": [35, 3]},
						{"origin": [-4.68936, 33.46281, -4.95311], "size": [1.425, 4.4, 1], "pivot": [-4.07686, 36.76281, -4.55311], "rotation": [4.17432, 25.24741, 7.91114], "uv": [34, 3], "mirror": true},
						{"origin": [-4.16254, 32.62155, -5.27643], "size": [0.925, 5.2, 1], "pivot": [-3.35004, 35.87155, -4.77643], "rotation": [1.39553, 13.57346, -0.08025], "uv": [35, 3], "mirror": true},
						{"origin": [2.29985, 40.44593, -5.19748], "size": [1.425, 2, 1], "pivot": [2.62735, 40.62243, -4.36577], "rotation": [-73.04701, -25.2385, -16.75732], "uv": [34, 0]},
						{"origin": [-3.72485, 40.44593, -5.19748], "size": [1.425, 2, 1], "pivot": [-2.62735, 40.62243, -4.36577], "rotation": [-73.04701, 25.2385, 16.75732], "uv": [34, 0], "mirror": true}
					]
				},
				{
					"name": "FLongHair",
					"parent": "Hair",
					"pivot": [0.325, 35.56866, 5.28289]
				},
				{
					"name": "MLongHair",
					"parent": "FLongHair",
					"pivot": [0.325, 35.5687, 5.28289]
				},
				{
					"name": "Face",
					"parent": "Head",
					"pivot": [-1.05, 16.05, -4.5]
				},
				{
					"name": "Eyes",
					"parent": "Face",
					"pivot": [-1.05, 16.05, -4.5]
				},
				{
					"name": "Eyebrow",
					"parent": "Eyes",
					"pivot": [0, 36, -3]
				},
				{
					"name": "RightEyebrow",
					"parent": "Eyebrow",
					"pivot": [-2.875, 35.85, -3.2],
					"cubes": [
						{"origin": [-3.675, 35.85, -3.7], "size": [2.3, 1, 1], "pivot": [-2.525, 36.35, -3.2], "rotation": [0, 0, 2.5], "uv": [0, 0]},
						{"origin": [-4.45, 35.575, -3.95], "size": [1.1, 1, 1], "uv": [0, 0]}
					]
				},
				{
					"name": "LeftEyebrow",
					"parent": "Eyebrow",
					"pivot": [2.875, 35.85, -3.2],
					"cubes": [
						{"origin": [1.375, 35.85, -3.7], "size": [2.3, 1, 1], "pivot": [2.525, 36.35, -3.2], "rotation": [0, 0, -2.5], "uv": [0, 0], "mirror": true},
						{"origin": [3.35, 35.575, -3.875], "size": [1.1, 1, 1], "uv": [49, 47]}
					]
				},
				{
					"name": "Eyelid",
					"parent": "Eyes",
					"pivot": [0, 35.05, -3.075]
				},
				{
					"name": "RightEyelid",
					"parent": "Eyelid",
					"pivot": [-2.325, 34.55, -3.075],
					"cubes": [
						{"origin": [-3.5, 34.3, -3.525], "size": [2, 1.75, 1], "uv": [0, 2]}
					]
				},
				{
					"name": "ysmGlowRightEyesBase",
					"parent": "RightEyelid",
					"pivot": [-2.2875, 35.05, -3.0875],
					"cubes": [
						{"origin": [-3.025, 34.3, -3.575], "size": [1.4, 1.75, 1], "uv": [0, 4]},
						{"origin": [-3.075, 35.4, -3.6], "size": [0.4, 0.3, 1], "uv": [1, 2], "mirror": true}
					]
				},
				{
					"name": "RightPupil",
					"parent": "ysmGlowRightEyesBase",
					"pivot": [-2.325, 35.05, -3.125],
					"cubes": [
						{"origin": [-2.625, 34.55, -3.625], "size": [0.6, 1, 1], "uv": [4, 4], "mirror": true}
					]
				},
				{
					"name": "LeftEyelid",
					"parent": "Eyelid",
					"pivot": [2.325, 34.55, -3.075],
					"cubes": [
						{"origin": [1.5, 34.3, -3.525], "size": [2, 1.75, 1], "uv": [0, 2], "mirror": true}
					]
				},
				{
					"name": "ysmGlowLeftEyesBase",
					"parent": "LeftEyelid",
					"pivot": [2.2875, 35.05, -3.0875],
					"cubes": [
						{"origin": [1.625, 34.3, -3.575], "size": [1.4, 1.75, 1], "uv": [0, 4], "mirror": true},
						{"origin": [1.55, 35.4, -3.6], "size": [0.4, 0.3, 1], "uv": [1, 2], "mirror": true}
					]
				},
				{
					"name": "LeftPupil",
					"parent": "ysmGlowLeftEyesBase",
					"pivot": [2.325, 35.05, -3.125],
					"cubes": [
						{"origin": [2.025, 34.55, -3.625], "size": [0.6, 1, 1], "uv": [4, 4]}
					]
				},
				{
					"name": "LeftShoulderLocator",
					"parent": "Head",
					"pivot": [3, 42.8, 0]
				},
				{
					"name": "RightShoulderLocator",
					"parent": "Head",
					"pivot": [-3, 42.8, 0]
				},
				{
					"name": "Breast",
					"parent": "UpperBody",
					"pivot": [-0.0125, 28.74747, -1.65834],
					"rotation": [-25, 0, 0],
					"cubes": [
						{"origin": [-3.45, 28.30171, -3.32996], "size": [6.875, 3, 3], "uv": [0, 60]},
						{"origin": [1.925, 28.20171, -3.42996], "size": [0.5, 0.35, 3.1], "pivot": [2.425, 28.37671, -1.87996], "rotation": [0, -17.5, 0], "uv": [2, 124]},
						{"origin": [1.925, 28.30171, -3.42996], "size": [0.5, 3, 3.1], "pivot": [2.175, 29.80171, -1.87996], "rotation": [0, 0, -20], "uv": [1, 122]},
						{"origin": [-2.425, 28.30171, -3.42996], "size": [0.5, 3, 3.1], "pivot": [-2.175, 29.80171, -1.87996], "rotation": [0, 0, 20], "uv": [1, 122], "mirror": true},
						{"origin": [-2.425, 28.20171, -3.42996], "size": [0.5, 0.35, 3.1], "pivot": [-2.425, 28.37671, -1.87996], "rotation": [0, 17.5, 0], "uv": [2, 124], "mirror": true}
					]
				},
				{
					"name": "Arm",
					"parent": "UpperBody",
					"pivot": [-0.2, 31.275, 0]
				},
				{
					"name": "LeftArms",
					"parent": "Arm",
					"pivot": [4.975, 30.55, 0.6],
					"cubes": [
						{"origin": [2.45, 24.95, 2.2], "size": [1.75, 7.25, 0], "pivot": [4.075, 28.55, 2.2], "rotation": [2.52154, 7.49282, 0.32902], "uv": [13, 117]},
						{"origin": [4.2403, 23.75, 1.83205], "size": [1.55, 7.95, 0], "pivot": [5.775, 28.55, 2.2], "rotation": [2.56062, 12.48791, 0.55404], "uv": [14, 117]},
						{"origin": [5.88613, 25.08621, 0.78234], "size": [1.35, 5.25, 0], "pivot": [5.9597, 28.50365, 0.73849], "rotation": [134.97272, 86.46503, 135.02728], "uv": [17, 117]},
						{"origin": [5.93379, 26.63391, -0.41538], "size": [1.25, 3.95, 0], "pivot": [5.90736, 28.45136, -0.45922], "rotation": [161.50494, 82.09657, 161.66882], "uv": [18, 117]},
						{"origin": [5.77716, 28.08202, -1.60398], "size": [1.25, 2.95, 0], "pivot": [5.75073, 28.39946, -1.64783], "rotation": [177.46148, 9.99038, 179.55933], "uv": [19, 117]},
						{"origin": [3.107, 28.06557, -2.07157], "size": [1.25, 3.95, 0], "pivot": [4.132, 30.54057, -2.07157], "rotation": [175.34367, 9.20282, 166.90628], "uv": [20, 117]},
						{"origin": [5.65143, 23.73255, 1.84384], "size": [1.15, 6.65, 0], "pivot": [5.675, 28.55, 1.8], "rotation": [9.57524, 74.79781, 9.24606], "uv": [16, 117]}
					]
				},
				{
					"name": "LeftArm",
					"parent": "Arm",
					"pivot": [3.4, 31.025, 0],
					"rotation": [0, 0, -18],
					"cubes": [
						{"origin": [2.45, 24.9, -1.7], "size": [3.25, 7.3, 3.4], "uv": [22, 46]},
						{"origin": [2.6, 25.075, -1.5], "size": [3.05, 7, 3], "uv": [22, 56]},
						{"origin": [2.8, 24.125, -1.125], "size": [2.7, 2.05, 2.3], "uv": [24, 57]}
					]
				},
				{
					"name": "LeftForeArm",
					"parent": "LeftArm",
					"pivot": [4.125, 25.075, 0.025],
					"cubes": [
						{"origin": [2.625, 18.075, -1.475], "size": [2.9, 7, 3], "uv": [38, 0]},
						{"origin": [2.525, 20.375, -1.575], "size": [3.1, 5, 3.2], "uv": [34, 46]},
						{"origin": [2.475, 19.975, -1.625], "size": [3.3, 0.5, 3.3], "uv": [0, 119]},
						{"origin": [2.475, 24.375, -1.625], "size": [3.3, 0.5, 3.3], "uv": [0, 119]}
					]
				},
				{
					"name": "LeftHand",
					"parent": "LeftForeArm",
					"pivot": [4.125, 19.575, 0.025]
				},
				{
					"name": "LeftHandLocator",
					"parent": "LeftHand",
					"pivot": [4.125, 19.575, 0.025]
				},
				{
					"name": "SheathLocator",
					"parent": "LeftHand",
					"pivot": [4.125, 19.575, 0.025]
				},
				{
					"name": "LeftWaistLocator",
					"parent": "LeftHand",
					"pivot": [4.125, 19.575, 0.025]
				},
				{
					"name": "ysmGlowLeftDagger",
					"parent": "LeftHand",
					"pivot": [4.125, 19.575, 0.025],
					"cubes": [
						{"origin": [3.625, 18.575, -2.175], "size": [1, 1, 4], "uv": [118, 123]},
						{"origin": [3.525, 18.475, -1.925], "size": [1.2, 1.2, 3.75], "uv": [110, 124]},
						{"origin": [3.375, 17.825, 1.825], "size": [1.5, 2.5, 0.5], "uv": [116, 125]},
						{
							"origin": [4.075, 18.075, 2.325],
							"size": [0.1, 1, 5],
							"uv": {
								"north": {"uv": [105, 127], "uv_size": [0, 1]},
								"east": {"uv": [100, 127], "uv_size": [5, 1]},
								"south": {"uv": [110, 127], "uv_size": [0, 1]},
								"west": {"uv": [105, 127], "uv_size": [5, 1]},
								"up": {"uv": [105, 122], "uv_size": [0, 5]},
								"down": {"uv": [105, 127], "uv_size": [0, -5]}
							}
						},
						{
							"origin": [3.975, 18.175, 2.325],
							"size": [0.3, 0.9, 5],
							"uv": {
								"north": {"uv": [105, 120], "uv_size": [0, -1.5]},
								"east": {"uv": [100, 120], "uv_size": [5, -1.5]},
								"south": {"uv": [110, 120], "uv_size": [0, -1.5]},
								"west": {"uv": [105, 120], "uv_size": [5, -1.5]},
								"up": {"uv": [105, 115], "uv_size": [0, 3.5]},
								"down": {"uv": [105, 118.5], "uv_size": [0, -3.5]}
							}
						},
						{"origin": [4.075, 19.17627, 6.49163], "size": [0.1, 1, 2.3], "pivot": [4.125, 20.07627, 8.89163], "rotation": [31, 0, 0], "uv": [103, 125]},
						{"origin": [3.975, 19.27627, 6.49163], "size": [0.3, 0.9, 2.2], "pivot": [4.125, 20.07627, 8.89163], "rotation": [31, 0, 0], "uv": [103, 117]},
						{
							"origin": [4.075, 19.075, 2.325],
							"size": [0.1, 0.9, 5.6],
							"uv": {
								"north": {"uv": [123, 116], "uv_size": [0, 1]},
								"east": {"uv": [118, 116], "uv_size": [5, 1]},
								"south": {"uv": [128, 116], "uv_size": [0, 1]},
								"west": {"uv": [123, 116], "uv_size": [5, 1]},
								"up": {"uv": [123, 111], "uv_size": [0, 5]},
								"down": {"uv": [123, 116], "uv_size": [0, -5]}
							}
						},
						{
							"origin": [3.875, 19.275, 4.425],
							"size": [0.5, 0.5, 3],
							"uv": {
								"north": {"uv": [115, 121], "uv_size": [0, 0]},
								"east": {"uv": [112, 121], "uv_size": [3, 0]},
								"south": {"uv": [118, 121], "uv_size": [0, 0]},
								"west": {"uv": [115, 121], "uv_size": [3, 0]},
								"up": {"uv": [115, 118], "uv_size": [0, 3]},
								"down": {"uv": [115, 121], "uv_size": [0, -3]}
							}
						},
						{"origin": [3.875, 19.675, 4.425], "size": [0.5, 0.4, 3.5], "uv": [121, 118]},
						{"origin": [3.975, 19.275, 2.325], "size": [0.3, 0.9, 0.5], "uv": [115, 127]},
						{"origin": [3.975, 19.275, 3.025], "size": [0.3, 0.9, 0.5], "uv": [115, 127]},
						{"origin": [3.975, 19.275, 3.725], "size": [0.3, 0.9, 0.5], "uv": [115, 127]},
						{"origin": [3.975, 19.375, 5.825], "size": [0.3, 0.8, 0.5], "uv": [97, 126]},
						{"origin": [3.975, 19.375, 6.525], "size": [0.3, 0.8, 0.5], "uv": [97, 126]},
						{"origin": [3.975, 19.775, 7.325], "size": [0.3, 0.4, 0.5], "uv": [97, 126]},
						{"origin": [3.975, 19.675, 7.825], "size": [0.3, 0.4, 0.9], "uv": [107, 119]},
						{"origin": [3.875, 19.35934, 7.47873], "size": [0.5, 0.9, 0.4], "pivot": [4.125, 19.725, 7.575], "rotation": [-57.5, 0, 0], "uv": [115, 121]},
						{"origin": [3.975, 19.375, 5.125], "size": [0.3, 0.8, 0.5], "uv": [97, 126]},
						{"origin": [3.975, 19.375, 4.425], "size": [0.3, 0.8, 0.5], "uv": [97, 126]}
					]
				},
				{
					"name": "RightArm",
					"parent": "Arm",
					"pivot": [-3.4, 31.025, 0],
					"rotation": [0, 0, 18],
					"cubes": [
						{"origin": [-5.65, 25.075, -1.5], "size": [3.05, 7, 3], "uv": [22, 56], "mirror": true},
						{"origin": [-5.7, 24.9, -1.7], "size": [3.25, 7.3, 3.4], "uv": [22, 46], "mirror": true},
						{"origin": [-5.5, 24.125, -1.125], "size": [2.7, 2.05, 2.3], "uv": [24, 57], "mirror": true}
					]
				},
				{
					"name": "RightForeArm",
					"parent": "RightArm",
					"pivot": [-4.125, 25.075, 0.025],
					"cubes": [
						{"origin": [-5.775, 24.375, -1.625], "size": [3.3, 0.5, 3.3], "uv": [0, 119], "mirror": true},
						{"origin": [-5.525, 18.075, -1.475], "size": [2.9, 7, 3], "uv": [38, 0], "mirror": true},
						{"origin": [-5.625, 20.375, -1.575], "size": [3.1, 5, 3.2], "uv": [34, 46], "mirror": true},
						{"origin": [-5.775, 19.975, -1.625], "size": [3.3, 0.5, 3.3], "uv": [0, 119], "mirror": true}
					]
				},
				{
					"name": "RightHand",
					"parent": "RightForeArm",
					"pivot": [-4.125, 19.575, 0.025]
				},
				{
					"name": "RightHandLocator",
					"parent": "RightHand",
					"pivot": [-4.125, 19.575, 0.025]
				},
				{
					"name": "BladeLocator",
					"parent": "RightHand",
					"pivot": [-4.125, 19.575, 0.025]
				},
				{
					"name": "Gun",
					"parent": "RightHand",
					"pivot": [-4.025, 18.775, -0.775],
					"cubes": [
						{
							"origin": [-4.325, 18.325, -2.375],
							"size": [0.6, 1.5, 2.8],
							"pivot": [-4.025, 19.075, -0.575],
							"rotation": [20, 0, 0],
							"uv": {
								"north": {"uv": [89, 127], "uv_size": [0.5, 1]},
								"east": {"uv": [87, 127], "uv_size": [2.5, 1]},
								"south": {"uv": [91, 127], "uv_size": [0.5, 1]},
								"west": {"uv": [89, 127], "uv_size": [2.5, 1]},
								"up": {"uv": [89.5, 125], "uv_size": [-0.5, 2]},
								"down": {"uv": [89.5, 127], "uv_size": [-0.5, -2]}
							}
						},
						{"origin": [-4.375, 16.775, -3.675], "size": [0.7, 4.35, 1.5], "uv": [98, 117]},
						{
							"origin": [-4.575, 17.575, -2.125],
							"size": [1.1, 3.55, 0.45],
							"uv": {
								"north": {"uv": [85.5, 124.5], "uv_size": [1.5, 2.5]},
								"east": {"uv": [85, 124.5], "uv_size": [0.5, 2.5]},
								"south": {"uv": [87.5, 124.5], "uv_size": [1.5, 2.5]},
								"west": {"uv": [87, 124.5], "uv_size": [0.5, 2.5]},
								"up": {"uv": [85.5, 124], "uv_size": [1.5, 0.5]},
								"down": {"uv": [87, 124], "uv_size": [1.5, 0.5]}
							}
						},
						{
							"origin": [-4.575, 11.525, -2.125],
							"size": [1.1, 4.1, 0.45],
							"uv": {
								"north": {"uv": [75.5, 123.5], "uv_size": [1.5, 4.5]},
								"east": {"uv": [75, 123.5], "uv_size": [0.5, 4.5]},
								"south": {"uv": [77.5, 123.5], "uv_size": [1.5, 4.5]},
								"west": {"uv": [77, 123.5], "uv_size": [0.5, 4.5]},
								"up": {"uv": [75.5, 123.5], "uv_size": [1.5, -0.5]},
								"down": {"uv": [77, 123.5], "uv_size": [1.5, -0.5]}
							}
						},
						{
							"origin": [-4.475, 12.125, -1.875],
							"size": [0.9, 3.3, 0.35],
							"uv": {
								"north": {"uv": [44.5, 123.5], "uv_size": [1.5, 4.5]},
								"east": {"uv": [44, 123.5], "uv_size": [0.5, 4.5]},
								"south": {"uv": [46.5, 123.5], "uv_size": [1.5, 4.5]},
								"west": {"uv": [46, 123.5], "uv_size": [0.5, 4.5]},
								"up": {"uv": [44.5, 123.5], "uv_size": [1.5, -0.5]},
								"down": {"uv": [46, 123.5], "uv_size": [1.5, -0.5]}
							}
						},
						{
							"origin": [-4.575, 6.525, -2.125],
							"size": [1.1, 5, 0.75],
							"uv": {
								"north": {"uv": [78.5, 118.5], "uv_size": [0.5, 4.5]},
								"east": {"uv": [78.5, 118.5], "uv_size": [-0.5, 4.5]},
								"south": {"uv": [79.5, 118.5], "uv_size": [0.5, 4.5]},
								"west": {"uv": [79.5, 118.5], "uv_size": [-0.5, 4.5]},
								"up": {"uv": [78.5, 118], "uv_size": [0.5, 0.5]},
								"down": {"uv": [79, 118], "uv_size": [0.5, 0.5]}
							}
						},
						{
							"origin": [-4.575, 5.525, -1.825],
							"size": [1.1, 1, 0.45],
							"uv": {
								"north": {"uv": [78, 121.5], "uv_size": [0.5, 1.5], "uv_rotation": 90},
								"east": {"uv": [78.5, 121], "uv_size": [0.5, 0.5], "uv_rotation": 90},
								"south": {"uv": [78.5, 121.5], "uv_size": [0.5, 1.5], "uv_rotation": 90},
								"west": {"uv": [79, 121], "uv_size": [0.5, 0.5], "uv_rotation": 90},
								"up": {"uv": [79.5, 121.5], "uv_size": [0.5, 1.5], "uv_rotation": 90},
								"down": {"uv": [79, 121.5], "uv_size": [0.5, 1.5], "uv_rotation": 90}
							}
						},
						{
							"origin": [-4.475, 5.625, -2.125],
							"size": [0.9, 5.8, 0.95],
							"uv": {
								"north": {"uv": [76, 117.5], "uv_size": [0.5, 5.5]},
								"east": {"uv": [76.5, 117.5], "uv_size": [0.5, 5.5]},
								"south": {"uv": [77.5, 117.5], "uv_size": [0.5, 5.5]},
								"west": {"uv": [77, 117.5], "uv_size": [0.5, 5.5]},
								"up": {"uv": [77.5, 117.5], "uv_size": [-0.5, -0.5]},
								"down": {"uv": [77, 117.5], "uv_size": [-0.5, -0.5]}
							}
						},
						{
							"origin": [-4.575, 6.525, -3.025],
							"size": [1.1, 14.6, 0.95],
							"uv": {
								"north": {"uv": [81, 114.5], "uv_size": [1.5, 13.5]},
								"east": {"uv": [80, 114.5], "uv_size": [1, 13.5]},
								"south": {"uv": [83.5, 114.5], "uv_size": [1.5, 13.5]},
								"west": {"uv": [82.5, 114.5], "uv_size": [1, 13.5]},
								"up": {"uv": [81.5, 114], "uv_size": [1.5, 0.5]},
								"down": {"uv": [83, 114], "uv_size": [1.5, 0.5]}
							}
						},
						{
							"origin": [-4.475, 5.825, -4.525],
							"size": [0.9, 12.2, 1.95],
							"uv": {
								"north": {"uv": [69, 115.5], "uv_size": [1, 12.5]},
								"east": {"uv": [70, 115.5], "uv_size": [2, 12.5]},
								"south": {"uv": [72, 115.5], "uv_size": [1, 12.5]},
								"west": {"uv": [73, 115.5], "uv_size": [2, 12.5]},
								"up": {"uv": [72, 114], "uv_size": [-1, 1.5]},
								"down": {"uv": [73, 115.5], "uv_size": [-1, -1.5]}
							}
						},
						{
							"origin": [-4.675, 6.625, -4.225],
							"size": [1.3, 7.7, 0.85],
							"uv": {
								"north": {"uv": [48.5, 120.5], "uv_size": [1.5, 7.5]},
								"east": {"uv": [48, 120.5], "uv_size": [0.5, 7.5]},
								"south": {"uv": [50.5, 120.5], "uv_size": [1.5, 7.5]},
								"west": {"uv": [50, 120.5], "uv_size": [0.5, 7.5]},
								"up": {"uv": [48.5, 120.5], "uv_size": [1.5, -0.5]},
								"down": {"uv": [50, 120.5], "uv_size": [1.5, -0.5]}
							}
						},
						{"origin": [-4.575, 6.525, -4.325], "size": [1.1, 7.9, 1.05], "uv": [52, 120]},
						{"origin": [-4.575, 5.125, -4.725], "size": [1.1, 1.4, 2.95], "uv": [85, 121]},
						{
							"origin": [-4.475, 4.875, -4.125],
							"size": [0.9, 1.65, 1],
							"uv": {
								"north": {"uv": [89, 121.5], "uv_size": [0.5, 1.5]},
								"east": {"uv": [89.5, 121.5], "uv_size": [1.5, 1.5]},
								"south": {"uv": [91, 121.5], "uv_size": [0.5, 1.5]},
								"west": {"uv": [91.5, 121.5], "uv_size": [1.5, 1.5]},
								"up": {"uv": [91.5, 120], "uv_size": [-0.5, 1.5]},
								"down": {"uv": [91, 121.5], "uv_size": [-0.5, -1.5]}
							}
						},
						{"origin": [-4.375, 4.775, -4.025], "size": [0.7, 1.85, 0.8], "uv": [95, 126]},
						{"origin": [-4.575, 17.175, -2.325], "size": [1.1, 0.65, 0.35], "pivot": [-4.025, 17.35, -2.15], "rotation": [-45, 0, 0], "uv": [83, 117]},
						{"origin": [-4.575, 16.275, -4.025], "size": [1.1, 0.65, 0.35], "pivot": [-4.025, 16.45, -3.85], "rotation": [-45, 0, 0], "uv": [81, 122]},
						{"origin": [-4.575, 14.675, -4.525], "size": [1.1, 0.65, 0.35], "pivot": [-4.025, 14.85, -4.35], "rotation": [-45, 0, 0], "uv": [82, 125]},
						{"origin": [-4.575, 10.875, -5.025], "size": [1.1, 0.85, 0.45], "pivot": [-4.025, 11.35, -4.85], "rotation": [-45, 0, 0], "uv": [68, 126]},
						{
							"origin": [-4.575, 5.175, -2.025],
							"size": [1.1, 0.55, 0.35],
							"pivot": [-4.025, 5.25, -1.75],
							"rotation": [-45, 0, 0],
							"uv": {
								"north": {"uv": [79.5, 121.5], "uv_size": [-0.5, 1.5], "uv_rotation": 90},
								"east": {"uv": [79.5, 121], "uv_size": [-0.5, 0.5], "uv_rotation": 90},
								"south": {"uv": [79, 121.5], "uv_size": [-0.5, 1.5], "uv_rotation": 90},
								"west": {"uv": [79, 121], "uv_size": [-0.5, 0.5], "uv_rotation": 90},
								"up": {"uv": [79.5, 121.5], "uv_size": [0.5, 1.5], "uv_rotation": 90},
								"down": {"uv": [78, 121.5], "uv_size": [0.5, 1.5], "uv_rotation": 90}
							}
						},
						{"origin": [-4.575, 15.475, -2.025], "size": [1.1, 0.65, 0.45], "pivot": [-4.025, 15.45, -1.85], "rotation": [45, 0, 0], "uv": [81, 126]},
						{"origin": [-4.575, 11.375, -1.525], "size": [1.1, 0.45, 0.25], "pivot": [-4.025, 11.35, -1.55], "rotation": [45, 0, 0], "uv": [81, 126]},
						{"origin": [-4.575, 6.225, -4.875], "size": [1.1, 0.85, 0.45], "pivot": [-4.025, 6.45, -4.85], "rotation": [45, 0, 0], "uv": [69, 125]},
						{"origin": [-4.175, 6.90784, -5.675], "size": [0.3, 0.75, 0.3], "pivot": [-4.025, 7.33284, -5.45], "rotation": [59.88282, 0.14686, -1.32415], "uv": [73, 125]},
						{"origin": [-4.175, 7.10784, -5.675], "size": [0.3, 0.85, 0.25], "pivot": [-4.025, 7.53284, -5.45], "rotation": [89.88282, 0.14686, -1.32415], "uv": [72, 124]},
						{
							"origin": [-4.575, 16.675, -3.925],
							"size": [1.1, 3.75, 0.55],
							"uv": {
								"north": {"uv": [89.5, 117], "uv_size": [1.5, 2.5]},
								"east": {"uv": [89, 117], "uv_size": [0.5, 2.5]},
								"south": {"uv": [91.5, 117], "uv_size": [1.5, 2.5]},
								"west": {"uv": [91, 117], "uv_size": [0.5, 2.5]},
								"up": {"uv": [89.5, 116.5], "uv_size": [1.5, 0.5]},
								"down": {"uv": [91, 116.5], "uv_size": [1.5, 0.5]}
							}
						},
						{
							"origin": [-4.575, 15.075, -4.725],
							"size": [1.1, 5.35, 0.85],
							"uv": {
								"north": {"uv": [93.5, 114.5], "uv_size": [1.5, 5.5]},
								"east": {"uv": [93, 114.5], "uv_size": [0.5, 5.5]},
								"south": {"uv": [95.5, 114.5], "uv_size": [1.5, 5.5]},
								"west": {"uv": [95, 114.5], "uv_size": [0.5, 5.5]},
								"up": {"uv": [93.5, 114.5], "uv_size": [1.5, -0.5]},
								"down": {"uv": [95, 114.5], "uv_size": [1.5, -0.5]}
							}
						},
						{"origin": [-4.375, 11.975, -4.825], "size": [0.7, 8.15, 0.75], "uv": [60, 120]},
						{
							"origin": [-4.475, 11.875, -5.025],
							"size": [0.9, 7.65, 0.2],
							"uv": {
								"north": {"uv": [60, 121], "uv_size": [0.5, 7]},
								"east": {"uv": [59, 121], "uv_size": [0, 7]},
								"south": {"uv": [59, 121], "uv_size": [0, 7]},
								"west": {"uv": [59, 121], "uv_size": [0, 7]},
								"up": {"uv": [59, 121], "uv_size": [0, 0]},
								"down": {"uv": [59, 121], "uv_size": [0, 0]}
							}
						},
						{"origin": [-4.375, 11.975, -5.125], "size": [0.7, 0.55, 0.3], "uv": [58, 127]},
						{"origin": [-4.375, 12.725, -5.125], "size": [0.7, 0.55, 0.3], "uv": [58, 127]},
						{"origin": [-4.375, 14.225, -5.125], "size": [0.7, 0.55, 0.3], "uv": [58, 127]},
						{"origin": [-4.375, 13.475, -5.125], "size": [0.7, 0.55, 0.3], "uv": [58, 127]},
						{"origin": [-4.375, 17.225, -5.125], "size": [0.7, 0.55, 0.3], "uv": [58, 127]},
						{"origin": [-4.375, 16.475, -5.125], "size": [0.7, 0.55, 0.3], "uv": [58, 127]},
						{"origin": [-4.375, 17.975, -5.125], "size": [0.7, 0.55, 0.3], "uv": [58, 127]},
						{"origin": [-4.375, 18.725, -5.125], "size": [0.7, 0.55, 0.3], "uv": [58, 127]},
						{"origin": [-4.375, 15.725, -5.125], "size": [0.7, 0.55, 0.3], "uv": [58, 127]},
						{"origin": [-4.375, 14.975, -5.125], "size": [0.7, 0.55, 0.3], "uv": [58, 127]},
						{"origin": [-4.475, 19.475, -5.125], "size": [0.9, 0.65, 0.4], "uv": [57, 127]},
						{
							"origin": [-4.575, 5.775, -4.725],
							"size": [1.1, 9.35, 0.35],
							"uv": {
								"north": {"uv": [65.5, 119.5], "uv_size": [1.5, 8.5]},
								"east": {"uv": [65, 119.5], "uv_size": [0.5, 8.5]},
								"south": {"uv": [67.5, 119.5], "uv_size": [1.5, 8.5]},
								"west": {"uv": [67, 119.5], "uv_size": [0.5, 8.5]},
								"up": {"uv": [65.5, 119], "uv_size": [1.5, 0.5]},
								"down": {"uv": [67, 119], "uv_size": [1.5, 0.5]}
							}
						},
						{
							"origin": [-4.575, 6.875, -5.325],
							"size": [1.1, 4.25, 0.65],
							"uv": {
								"north": {"uv": [61.5, 124.5], "uv_size": [1.5, 3.5]},
								"east": {"uv": [61, 124.5], "uv_size": [0.5, 3.5]},
								"south": {"uv": [63.5, 124.5], "uv_size": [1.5, 3.5]},
								"west": {"uv": [63, 124.5], "uv_size": [0.5, 3.5]},
								"up": {"uv": [61.5, 124], "uv_size": [1.5, 0.5]},
								"down": {"uv": [63, 124], "uv_size": [1.5, 0.5]}
							}
						},
						{"origin": [-4.675, 20.625, -4.925], "size": [1.3, 1, 3.4], "uv": [91, 120]},
						{
							"origin": [-4.675, 20.225, -4.925],
							"size": [1.3, 0.4, 2.4],
							"uv": {
								"north": {"uv": [87, 119.5], "uv_size": [1, 0.5]},
								"east": {"uv": [85, 119.5], "uv_size": [2, 0.5]},
								"south": {"uv": [90, 119.5], "uv_size": [1, 0.5]},
								"west": {"uv": [88, 119.5], "uv_size": [2, 0.5]},
								"up": {"uv": [87, 117.5], "uv_size": [1, 2.5]},
								"down": {"uv": [88, 120], "uv_size": [1, -2.5]}
							}
						},
						{
							"origin": [-4.675, 20.03358, -3.03358],
							"size": [1.3, 0.5, 0.65],
							"pivot": [-4.025, 20.675, -3.025],
							"rotation": [45, 0, 0],
							"uv": {
								"north": {"uv": [96.5, 122.5], "uv_size": [1.5, 0.5]},
								"east": {"uv": [98, 122.5], "uv_size": [0.5, 0.5]},
								"south": {"uv": [98.5, 122.5], "uv_size": [1.5, 0.5]},
								"west": {"uv": [96, 122.5], "uv_size": [0.5, 0.5]},
								"up": {"uv": [98, 122.5], "uv_size": [1.5, -0.5]},
								"down": {"uv": [96.5, 122.5], "uv_size": [1.5, -0.5]}
							}
						},
						{
							"origin": [-4.425, 18.475, 0.025],
							"size": [0.8, 1.7, 0.6],
							"uv": {
								"north": {"uv": [86.5, 127], "uv_size": [0, 1]},
								"east": {"uv": [86.5, 127], "uv_size": [0.5, 1]},
								"south": {"uv": [86.5, 127], "uv_size": [0, 1]},
								"west": {"uv": [86.5, 127], "uv_size": [-0.5, 1]},
								"up": {"uv": [86.5, 127], "uv_size": [0, 0]},
								"down": {"uv": [86.5, 127], "uv_size": [0, 0]}
							}
						}
					]
				},
				{
					"name": "ysmGlowEnergy",
					"parent": "Gun",
					"pivot": [-4.025, 6.775, -3.8],
					"cubes": [
						{
							"origin": [-4.775, 6.625, -4.225],
							"size": [1.5, 7.7, 0.85],
							"uv": {
								"north": {"uv": [40.5, 120.5], "uv_size": [1.5, 7.5]},
								"east": {"uv": [40, 120.5], "uv_size": [0.5, 7.5]},
								"south": {"uv": [42.5, 120.5], "uv_size": [1.5, 7.5]},
								"west": {"uv": [42, 120.5], "uv_size": [0.5, 7.5]},
								"up": {"uv": [40.5, 120.5], "uv_size": [1.5, -0.5]},
								"down": {"uv": [42, 120.5], "uv_size": [1.5, -0.5]}
							}
						}
					]
				},
				{
					"name": "Magazine",
					"parent": "Gun",
					"pivot": [-1.025, 13.075, -0.475],
					"cubes": [
						{
							"origin": [-4.425, 14.525, -1.475],
							"size": [0.8, 0.8, 1.7],
							"pivot": [-3.725, 13.325, -0.975],
							"rotation": [13, 0, 0],
							"uv": {
								"north": {"uv": [108.5, 113], "uv_size": [1, 1]},
								"east": {"uv": [106.5, 113], "uv_size": [2, 1]},
								"south": {"uv": [111.5, 113], "uv_size": [1, 1]},
								"west": {"uv": [109.5, 113], "uv_size": [2, 1]},
								"up": {"uv": [109.5, 111], "uv_size": [-1, 2]},
								"down": {"uv": [110.5, 113], "uv_size": [-1, -2]}
							}
						},
						{
							"origin": [-4.425, 13.425, -1.175],
							"size": [0.8, 0.8, 1.4],
							"pivot": [-3.725, 12.225, -0.975],
							"rotation": [13, 0, 0],
							"uv": {
								"north": {"uv": [108.5, 113], "uv_size": [1, 1]},
								"east": {"uv": [106.5, 113], "uv_size": [2, 1]},
								"south": {"uv": [111.5, 113], "uv_size": [1, 1]},
								"west": {"uv": [109.5, 113], "uv_size": [2, 1]},
								"up": {"uv": [109.5, 111], "uv_size": [-1, 2]},
								"down": {"uv": [110.5, 113], "uv_size": [-1, -2]}
							}
						},
						{
							"origin": [-4.425, 12.325, -1.175],
							"size": [0.8, 0.8, 1.5],
							"pivot": [-3.725, 11.125, -0.975],
							"rotation": [13, 0, 0],
							"uv": {
								"north": {"uv": [108.5, 113], "uv_size": [1, 1]},
								"east": {"uv": [106.5, 113], "uv_size": [2, 1]},
								"south": {"uv": [111.5, 113], "uv_size": [1, 1]},
								"west": {"uv": [109.5, 113], "uv_size": [2, 1]},
								"up": {"uv": [109.5, 111], "uv_size": [-1, 2]},
								"down": {"uv": [110.5, 113], "uv_size": [-1, -2]}
							}
						},
						{
							"origin": [-4.425, 14.18015, -3.36866],
							"size": [0.8, 0.5, 2.8],
							"pivot": [-4.025, 14.23015, -1.36866],
							"rotation": [90, 0, 0],
							"uv": {
								"north": {"uv": [112.5, 114], "uv_size": [1, 1]},
								"east": {"uv": [109.5, 114], "uv_size": [3, 1]},
								"south": {"uv": [116.5, 114], "uv_size": [1, 1]},
								"west": {"uv": [113.5, 114], "uv_size": [3, 1]},
								"up": {"uv": [113.5, 111], "uv_size": [-1, 3]},
								"down": {"uv": [114.5, 114], "uv_size": [-1, -3]}
							}
						},
						{
							"origin": [-4.525, 14.68015, -2.16866],
							"size": [1, 0.3, 3],
							"pivot": [-4.025, 14.73015, -0.06866],
							"rotation": [90, 0, 0],
							"uv": {
								"north": {"uv": [104.5, 114], "uv_size": [1, 1]},
								"east": {"uv": [101.5, 114], "uv_size": [3, 1]},
								"south": {"uv": [108.5, 114], "uv_size": [1, 1]},
								"west": {"uv": [105.5, 114], "uv_size": [3, 1]},
								"up": {"uv": [104.5, 110], "uv_size": [1, 4]},
								"down": {"uv": [105.5, 114], "uv_size": [1, -4]}
							}
						},
						{
							"origin": [-4.225, 14.18015, -3.26866],
							"size": [0.4, 0.5, 2.6],
							"pivot": [-4.025, 14.23015, -1.46866],
							"rotation": [90, 0, 0],
							"uv": {
								"north": {"uv": [117.5, 115], "uv_size": [1, 1]},
								"east": {"uv": [114.5, 115], "uv_size": [3, 1]},
								"south": {"uv": [121.5, 115], "uv_size": [1, 1]},
								"west": {"uv": [118.5, 115], "uv_size": [3, 1]},
								"up": {"uv": [118.5, 112], "uv_size": [-1, 3]},
								"down": {"uv": [119.5, 115], "uv_size": [-1, -3]}
							}
						},
						{"origin": [-4.325, 13.88015, -1.96866], "size": [0.6, 1.1, 2.1], "pivot": [-4.025, 14.33015, -0.66866], "rotation": [90, 0, 0], "uv": [124, 113]}
					]
				},
				{
					"name": "ysmGlowRightDagger",
					"parent": "RightHand",
					"pivot": [-4.125, 19.575, 0.025],
					"cubes": [
						{"origin": [-4.875, 17.825, 1.825], "size": [1.5, 2.5, 0.5], "uv": [116, 125], "mirror": true},
						{
							"origin": [-4.275, 18.175, 2.325],
							"size": [0.3, 0.9, 5],
							"uv": {
								"north": {"uv": [105, 120], "uv_size": [0, -1.5]},
								"east": {"uv": [110, 120], "uv_size": [-5, -1.5]},
								"south": {"uv": [110, 120], "uv_size": [0, -1.5]},
								"west": {"uv": [105, 120], "uv_size": [-5, -1.5]},
								"up": {"uv": [105, 115], "uv_size": [0, 3.5]},
								"down": {"uv": [105, 118.5], "uv_size": [0, -3.5]}
							}
						},
						{"origin": [-4.275, 19.27627, 6.49163], "size": [0.3, 0.9, 2.2], "pivot": [-4.125, 20.07627, 8.89163], "rotation": [31, 0, 0], "uv": [103, 117], "mirror": true},
						{"origin": [-4.375, 19.275, 4.425], "size": [0.5, 0.5, 3], "uv": [112, 118], "mirror": true},
						{"origin": [-4.275, 19.275, 2.325], "size": [0.3, 0.9, 0.5], "uv": [115, 127], "mirror": true},
						{"origin": [-4.275, 19.275, 3.725], "size": [0.3, 0.9, 0.5], "uv": [115, 127], "mirror": true},
						{"origin": [-4.275, 19.375, 6.525], "size": [0.3, 0.8, 0.5], "uv": [97, 126], "mirror": true},
						{"origin": [-4.275, 19.675, 7.825], "size": [0.3, 0.4, 0.9], "uv": [107, 119], "mirror": true},
						{"origin": [-4.275, 19.375, 5.125], "size": [0.3, 0.8, 0.5], "uv": [97, 126], "mirror": true},
						{"origin": [-4.275, 19.375, 4.425], "size": [0.3, 0.8, 0.5], "uv": [97, 126], "mirror": true},
						{"origin": [-4.375, 19.35934, 7.47873], "size": [0.5, 0.9, 0.4], "pivot": [-4.125, 19.725, 7.575], "rotation": [-57.5, 0, 0], "uv": [115, 121], "mirror": true},
						{"origin": [-4.275, 19.525, 7.325], "size": [0.3, 0.65, 0.5], "uv": [97, 126], "mirror": true},
						{"origin": [-4.275, 19.375, 5.825], "size": [0.3, 0.8, 0.5], "uv": [97, 126], "mirror": true},
						{"origin": [-4.275, 19.275, 3.025], "size": [0.3, 0.9, 0.5], "uv": [115, 127], "mirror": true},
						{"origin": [-4.375, 19.675, 4.425], "size": [0.5, 0.4, 3.5], "uv": [121, 118], "mirror": true},
						{"origin": [-4.175, 19.17627, 6.49163], "size": [0.1, 1, 2.3], "pivot": [-4.125, 20.07627, 8.89163], "rotation": [31, 0, 0], "uv": [103, 125], "mirror": true},
						{"origin": [-4.175, 18.075, 2.325], "size": [0.1, 1, 5], "uv": [100, 122], "mirror": true},
						{"origin": [-4.725, 18.475, -1.925], "size": [1.2, 1.2, 3.75], "uv": [110, 124], "mirror": true},
						{"origin": [-4.625, 18.575, -2.175], "size": [1, 1, 4], "uv": [118, 123], "mirror": true},
						{
							"origin": [-4.175, 19.075, 2.325],
							"size": [0.1, 0.9, 5.6],
							"uv": {
								"north": {"uv": [123, 116], "uv_size": [0, 1]},
								"east": {"uv": [128, 116], "uv_size": [-5, 1]},
								"south": {"uv": [128, 116], "uv_size": [0, 1]},
								"west": {"uv": [123, 116], "uv_size": [-5, 1]},
								"up": {"uv": [123, 111], "uv_size": [0, 5]},
								"down": {"uv": [123, 116], "uv_size": [0, -5]}
							}
						}
					]
				},
				{
					"name": "Collar",
					"parent": "UpperBody",
					"pivot": [0, 30.925, -0.025],
					"rotation": [-15, 0, 0]
				},
				{
					"name": "ElytraLocator",
					"parent": "UpperBody",
					"pivot": [0, 31.65, 2]
				},
				{
					"name": "RifleLocator",
					"parent": "UpperBody",
					"pivot": [0, 25.15, 2.3],
					"rotation": [0, 0, 45]
				},
				{
					"name": "ysmGlowSS1",
					"parent": "MUpperBody",
					"pivot": [0, 24, 0],
					"cubes": [
						{
							"origin": [-27.5, 24, -27.5],
							"size": [55, 0, 55],
							"pivot": [0, 24, 0],
							"rotation": [0, 0, -45],
							"uv": {
								"down": {"uv": [96, 32], "uv_size": [32, -32]}
							}
						}
					]
				},
				{
					"name": "ysmGlowSS2",
					"parent": "MUpperBody",
					"pivot": [0, 24, 0],
					"rotation": [0, 0, 45],
					"cubes": [
						{
							"origin": [-27.5, 24, -27.5],
							"size": [55, 0, 55],
							"uv": {
								"down": {"uv": [96, 32], "uv_size": [32, -32]}
							}
						}
					]
				},
				{
					"name": "ysmGlowSS3",
					"parent": "MUpperBody",
					"pivot": [0, 24, 0],
					"rotation": [0, 0, -45],
					"cubes": [
						{
							"origin": [-12.5, 24, -38.25],
							"size": [25, 0, 76.5],
							"uv": {
								"down": {"uv": [112.5, 65], "uv_size": [15.5, -32]}
							}
						},
						{
							"origin": [-12.5, 24, -38.25],
							"size": [25, 0, 76.5],
							"pivot": [0, 24, 0],
							"rotation": [0, 0, 90],
							"uv": {
								"down": {"uv": [112.5, 65], "uv_size": [15.5, -32]}
							}
						}
					]
				},
				{
					"name": "PistolLocator",
					"parent": "UpBody",
					"pivot": [-4, 24.75, -1.6],
					"rotation": [-30, 0, 0]
				},
				{
					"name": "RightWaistLocator",
					"parent": "UpBody",
					"pivot": [-4, 23, 0],
					"rotation": [-5, 0, 0]
				},
				{
					"name": "DownBody",
					"parent": "AllBody",
					"pivot": [0, 20.65, 0]
				},
				{
					"name": "Leg",
					"parent": "DownBody",
					"pivot": [0, 21.15, 0]
				},
				{
					"name": "LeftLeg",
					"parent": "Leg",
					"pivot": [2.4, 21.15, 0],
					"cubes": [
						{"origin": [0.375, 11.65, -2], "size": [2.75, 10.4, 4], "uv": [34, 54]},
						{"origin": [3.075, 11.65, -1.99], "size": [1.35, 5.4, 3.95], "pivot": [3.05, 16.35, 0.1], "rotation": [0, 0, 6], "uv": [20, 68]},
						{"origin": [3.475, 15.75, -0.6], "size": [1.05, 2.1, 0.5], "pivot": [3.05, 16.35, 0], "rotation": [45, 0, 6], "uv": [5, 120]},
						{"origin": [3.43321, 14.75262, 0.2], "size": [1.05, 2.1, 0.5], "pivot": [3.95821, 15.90262, 1.25], "rotation": [-45, 0, 6], "uv": [5, 120]},
						{
							"origin": [1.625, 16.45, -1.99],
							"size": [2.85, 5.5, 3.95],
							"pivot": [2.2, 16.65, 0.1],
							"rotation": [0, 0, -9.5],
							"uv": {
								"north": {"uv": [22, 71], "uv_size": [2, 5]},
								"east": {"uv": [19, 71], "uv_size": [3, 5]},
								"south": {"uv": [27, 71], "uv_size": [2, 5]},
								"west": {"uv": [19, 71], "uv_size": [3, 5]},
								"up": {"uv": [22, 68], "uv_size": [2, 3]},
								"down": {"uv": [24, 71], "uv_size": [2, -3]}
							}
						},
						{"origin": [3.575, 16.45, -1.5], "size": [1, 5.5, 0.5], "pivot": [2.2, 16.65, 0], "rotation": [0, 0, -9.5], "uv": [6, 120]},
						{"origin": [3.575, 16.45, 1], "size": [1, 5.5, 0.5], "pivot": [2.2, 16.65, 0], "rotation": [0, 0, -9.5], "uv": [6, 120]}
					]
				},
				{
					"name": "LeftLowerLeg",
					"parent": "LeftLeg",
					"pivot": [2.2, 11.7, 0],
					"cubes": [
						{"origin": [0, 9, -2.7], "size": [4.4, 0.9, 5.2], "pivot": [2.2, 7, 0.1], "rotation": [1, 0, 0], "uv": [37, 77]},
						{"origin": [0, 7, -2.6], "size": [4.4, 0.9, 5.1], "pivot": [2.2, 7, 0.1], "rotation": [1, 0, 0], "uv": [37, 77]},
						{"origin": [4, 5.9, -1], "size": [1, 4.5, 2.1], "pivot": [2.2, 7, 0.1], "rotation": [1, 0, 0], "uv": [41, 83]},
						{"origin": [0.5, 2, -1.9], "size": [3.4, 10, 4], "pivot": [2.2, 7, 0.1], "rotation": [1, 0, 0], "uv": [46, 40]},
						{"origin": [3.59615, 4.05168, -1.97048], "size": [0.5, 7.9, 2.2], "pivot": [3.84615, 8.00168, -0.87048], "rotation": [3.62949, 6.93669, 1.12827], "uv": [44, 67]},
						{"origin": [3.69615, 4.15168, -0.07048], "size": [0.5, 7.9, 2], "pivot": [3.84615, 8.00168, -0.87048], "rotation": [-1.36048, -0.06133, 1.29527], "uv": [44, 67]},
						{"origin": [3.75365, 10.02539, 1.85695], "size": [0.5, 2, 0.5], "pivot": [4.00365, 10.67539, 1.90695], "rotation": [13.13952, -0.06133, 1.29527], "uv": [50, 69]},
						{"origin": [3.69549, 3.30669, 1.83149], "size": [0.5, 7, 0.5], "pivot": [3.94549, 8.05669, 0.93149], "rotation": [-3.86048, -0.06133, 1.29527], "uv": [53, 69]},
						{"origin": [3.69549, 3.30669, 1.83149], "size": [0.5, 7, 0.5], "pivot": [3.94549, 8.05669, 0.93149], "rotation": [-3.86048, -0.06133, 1.29527], "uv": [62, 53]},
						{"origin": [3.75365, 10.02539, 1.85695], "size": [0.5, 2, 0.5], "pivot": [4.00365, 10.67539, 1.90695], "rotation": [13.13952, -0.06133, 1.29527], "uv": [62, 53]},
						{"origin": [3.69615, 4.15168, -0.07048], "size": [0.5, 7.9, 2], "pivot": [3.84615, 8.00168, -0.87048], "rotation": [-1.36048, -0.06133, 1.29527], "uv": [60, 51]},
						{"origin": [3.59615, 4.05168, -1.97048], "size": [0.5, 7.9, 2.2], "pivot": [3.84615, 8.00168, -0.87048], "rotation": [3.62949, 6.93669, 1.12827], "uv": [59, 50]},
						{"origin": [1.31505, 12.36335, -2.65], "size": [0.5, 1.35, 0.6], "pivot": [1.56505, 13.03835, -2.3925], "rotation": [-1.84819, 2.6857, 17.09904], "uv": [40, 74]},
						{"origin": [1.6, 12.05896, -2.70306], "size": [1.2, 1.65, 0.6], "pivot": [2.2, 12.88396, -2.30306], "rotation": [-4, 0, 0], "uv": [39, 74]},
						{"origin": [2.5, 12.56593, -2.63], "size": [0.6, 1.25, 0.6], "pivot": [3.15, 12.89093, -2.40281], "rotation": [-1.89698, -4.51774, -14.55402], "uv": [40, 74]},
						{"origin": [0.5, 1.96248, -2.29967], "size": [1.8, 9.1, 0.5], "pivot": [1.7, 6.96248, -2.04967], "rotation": [7.01542, 9.99846, 0.17632], "uv": [51, 58]},
						{"origin": [1.27517, 10.85678, -2.59884], "size": [1, 0.9, 0.5], "pivot": [1.37517, 11.60678, -2.44884], "rotation": [-6.98458, 9.99846, 0.17632], "uv": [58, 51]},
						{"origin": [0.07517, 11.65, -2.79884], "size": [2.2, 0.9, 0.6], "pivot": [1.37517, 11.80678, -2.54884], "rotation": [2.29604, 9.93221, 24.54947], "uv": [5, 122]},
						{"origin": [0.24891, 11.84098, -2.63445], "size": [0.7, 1.1, 4.8], "pivot": [0.55538, 12.45055, -2.57456], "rotation": [-0.73839, -0.05992, 24.15087], "uv": [1, 118]},
						{"origin": [0.47517, 10.85678, -2.59884], "size": [0.8, 1.5, 0.5], "pivot": [1.37517, 11.60678, -2.44884], "rotation": [-6.98458, 9.99846, 0.17632], "uv": [57, 51]},
						{"origin": [2.2, 1.96248, -2.29967], "size": [1.7, 9.1, 0.5], "pivot": [2.7, 6.96248, -2.04967], "rotation": [7.01542, -9.99846, -0.17632], "uv": [52, 58]},
						{"origin": [2.22407, 10.85694, -2.59016], "size": [1, 0.9, 0.5], "pivot": [3.07407, 11.60694, -2.44016], "rotation": [-6.98458, -9.99846, -0.17632], "uv": [58, 51]},
						{"origin": [2.22407, 11.65, -2.79016], "size": [2, 0.9, 0.6], "pivot": [3.07407, 11.80694, -2.54016], "rotation": [2.03279, -9.98887, -23.0276], "uv": [5, 122]},
						{"origin": [3.62407, 11.4, -2.44016], "size": [0.75, 1.15, 4.55], "pivot": [3.07407, 11.80694, -2.24016], "rotation": [0.00196, 0.00497, -22.67468], "uv": [3, 120]},
						{"origin": [3.22407, 10.85694, -2.59016], "size": [0.7, 1.4, 0.5], "pivot": [3.07407, 11.60694, -2.44016], "rotation": [-6.98458, -9.99846, -0.17632], "uv": [59, 51]},
						{"origin": [0.30385, 4.05168, -1.97048], "size": [0.5, 7.9, 2.2], "pivot": [0.55385, 8.00168, -0.87048], "rotation": [3.62949, -6.93669, -1.12827], "uv": [44, 67], "mirror": true},
						{"origin": [0.14635, 10.02539, 1.85695], "size": [0.5, 2, 0.5], "pivot": [0.39635, 10.67539, 1.90695], "rotation": [13.13952, 0.06133, -1.29527], "uv": [50, 69], "mirror": true},
						{"origin": [0.20451, 3.30669, 1.83149], "size": [0.5, 7, 0.5], "pivot": [0.45451, 8.05669, 0.93149], "rotation": [-3.86048, 0.06133, -1.29527], "uv": [53, 69], "mirror": true},
						{"origin": [0.20385, 4.15168, -0.07048], "size": [0.5, 7.9, 2], "pivot": [0.55385, 8.00168, -0.87048], "rotation": [-1.36048, 0.06133, -1.29527], "uv": [44, 67], "mirror": true}
					]
				},
				{
					"name": "L",
					"parent": "LeftLowerLeg",
					"pivot": [2.2, 7, 0.1],
					"cubes": [
						{"origin": [3.9, 10.5, -1.3], "size": [1.1, 0.4, 2.6], "pivot": [2.2, 7, 0.1], "rotation": [1, 0, 0], "uv": [43, 79]},
						{"origin": [3.9, 8.2, -0.5], "size": [1, 4.7, 1], "pivot": [2.2, 7, 0.1], "rotation": [1, 0, 0], "uv": [47, 83]}
					]
				},
				{
					"name": "LeftFoot",
					"parent": "LeftLowerLeg",
					"pivot": [2.1875, 2.5, 0.1375],
					"cubes": [
						{"origin": [0.25, 0.1, -2.1], "size": [3.875, 3.9, 4.375], "uv": [19, 78]},
						{"origin": [0.3, 0.8, -4.35], "size": [3.775, 1.8, 3.05], "pivot": [0, 0.2, 0], "rotation": [5, 0, 0], "uv": [20, 86]},
						{"origin": [0.1, 0, -4.65], "size": [4.175, 1.1, 3.65], "uv": [7, 90]},
						{"origin": [0.1, 0, -4.85], "size": [1.875, 1.6, 1.65], "uv": [21, 92]},
						{"origin": [2.2, 0, -4.85], "size": [2.075, 1.6, 1.65], "uv": [28, 90]},
						{"origin": [0.1, 0.1, -1.05], "size": [4.175, 1.1, 1.65], "pivot": [0, 0, 0], "rotation": [7.5, 0, 0], "uv": [18, 90]},
						{"origin": [0.1, 0, 0.65], "size": [4.175, 1.4, 1.85], "uv": [18, 90]},
						{"origin": [0.75, 1.875, -4.4], "size": [2.875, 1, 3.5], "pivot": [2.6875, 2.7, -2.9], "rotation": [37.5, 0, 0], "uv": [30, 83]}
					]
				},
				{
					"name": "RightLeg",
					"parent": "Leg",
					"pivot": [-2.4, 21.15, 0],
					"cubes": [
						{"origin": [-4.48321, 14.75262, 0.2], "size": [1.05, 2.1, 0.5], "pivot": [-3.95821, 15.90262, 1.25], "rotation": [-45, 0, -6], "uv": [5, 120], "mirror": true},
						{"origin": [-4.575, 16.45, 1], "size": [1, 5.5, 0.5], "pivot": [-2.2, 16.65, 0], "rotation": [0, 0, 9.5], "uv": [6, 120], "mirror": true},
						{"origin": [-3.125, 11.65, -2], "size": [2.75, 10.4, 4], "uv": [34, 54], "mirror": true},
						{"origin": [-4.725, 16.55, -2.1], "size": [4.45, 1.5, 4.2], "uv": [26, 72], "mirror": true},
						{"origin": [-5.525, 13.65, -1.3], "size": [1.15, 5, 2.6], "pivot": [-5, 16.05, 0], "rotation": [0, 0, 2.5], "uv": [41, 83], "mirror": true},
						{"origin": [-4.725, 15.45, -2.1], "size": [4.45, 0.8, 4.2], "pivot": [-2.55, 16.15, 0], "rotation": [0, 0, -7.5], "uv": [26, 73], "mirror": true},
						{
							"origin": [-4.475, 16.45, -1.99],
							"size": [2.85, 5.5, 3.95],
							"pivot": [-2.2, 16.65, 0.1],
							"rotation": [0, 0, 9.5],
							"uv": {
								"north": {"uv": [24, 71], "uv_size": [-2, 5]},
								"east": {"uv": [22, 71], "uv_size": [-3, 5]},
								"south": {"uv": [29, 71], "uv_size": [-2, 5]},
								"west": {"uv": [22, 71], "uv_size": [-3, 5]},
								"up": {"uv": [24, 68], "uv_size": [-2, 3]},
								"down": {"uv": [26, 71], "uv_size": [-2, -3]}
							}
						},
						{"origin": [-4.575, 16.45, -1.5], "size": [1, 5.5, 0.5], "pivot": [-2.2, 16.65, 0], "rotation": [0, 0, 9.5], "uv": [6, 120], "mirror": true},
						{"origin": [-4.425, 11.65, -1.99], "size": [1.35, 5.4, 3.95], "pivot": [-3.05, 16.35, 0.1], "rotation": [0, 0, -6], "uv": [20, 68], "mirror": true},
						{"origin": [-4.525, 15.75, -0.6], "size": [1.05, 2.1, 0.5], "pivot": [-3.05, 16.35, 0], "rotation": [45, 0, -6], "uv": [5, 120], "mirror": true}
					]
				},
				{
					"name": "R",
					"parent": "RightLeg",
					"pivot": [-5, 16.05, 0],
					"cubes": [
						{"origin": [-5.425, 16.65, -0.55], "size": [0.95, 5, 1.1], "pivot": [-5, 16.05, 0], "rotation": [0, 0, 2.5], "uv": [48, 83], "mirror": true},
						{"origin": [-5.525, 18.85, -1.25], "size": [1.15, 0.5, 2.5], "pivot": [-5, 16.05, 0], "rotation": [0, 0, 2.5], "uv": [43, 79], "mirror": true}
					]
				},
				{
					"name": "RightLowerLeg",
					"parent": "RightLeg",
					"pivot": [-2.2, 11.7, 0],
					"cubes": [
						{"origin": [-3.92407, 10.85694, -2.59016], "size": [0.7, 1.4, 0.5], "pivot": [-3.07407, 11.60694, -2.44016], "rotation": [-6.98458, 9.99846, 0.17632], "uv": [59, 51], "mirror": true},
						{"origin": [-3.1, 12.56593, -2.63], "size": [0.6, 1.25, 0.6], "pivot": [-3.15, 12.89093, -2.40281], "rotation": [-1.89698, 4.51774, 14.55402], "uv": [40, 74], "mirror": true},
						{"origin": [-1.27517, 10.85678, -2.59884], "size": [0.8, 1.5, 0.5], "pivot": [-1.37517, 11.60678, -2.44884], "rotation": [-6.98458, -9.99846, -0.17632], "uv": [57, 51], "mirror": true},
						{"origin": [-3.9, 1.96248, -2.29967], "size": [1.7, 9.1, 0.5], "pivot": [-2.7, 6.96248, -2.04967], "rotation": [7.01542, 9.99846, 0.17632], "uv": [52, 58], "mirror": true},
						{"origin": [-2.3, 1.96248, -2.29967], "size": [1.8, 9.1, 0.5], "pivot": [-1.7, 6.96248, -2.04967], "rotation": [7.01542, -9.99846, -0.17632], "uv": [51, 58], "mirror": true},
						{"origin": [-0.94891, 11.84098, -2.63445], "size": [0.7, 1.1, 4.8], "pivot": [-0.55538, 12.45055, -2.57456], "rotation": [-0.73839, 0.05992, -24.15087], "uv": [1, 118], "mirror": true},
						{"origin": [-4.37407, 11.4, -2.44016], "size": [0.75, 1.15, 4.55], "pivot": [-3.07407, 11.80694, -2.24016], "rotation": [0.00196, -0.00497, 22.67468], "uv": [3, 120], "mirror": true},
						{"origin": [-3.22407, 10.85694, -2.59016], "size": [1, 0.9, 0.5], "pivot": [-3.07407, 11.60694, -2.44016], "rotation": [-6.98458, 9.99846, 0.17632], "uv": [58, 51], "mirror": true},
						{"origin": [-2.27517, 10.85678, -2.59884], "size": [1, 0.9, 0.5], "pivot": [-1.37517, 11.60678, -2.44884], "rotation": [-6.98458, -9.99846, -0.17632], "uv": [58, 51], "mirror": true},
						{"origin": [-4.22407, 11.65, -2.79016], "size": [2, 0.9, 0.6], "pivot": [-3.07407, 11.80694, -2.54016], "rotation": [2.03279, 9.98887, 23.0276], "uv": [5, 122], "mirror": true},
						{"origin": [-2.27517, 11.65, -2.79884], "size": [2.2, 0.9, 0.6], "pivot": [-1.37517, 11.80678, -2.54884], "rotation": [2.29604, -9.93221, -24.54947], "uv": [5, 122], "mirror": true},
						{"origin": [-4.19549, 3.30669, 1.83149], "size": [0.5, 7, 0.5], "pivot": [-3.94549, 8.05669, 0.93149], "rotation": [-3.86048, 0.06133, -1.29527], "uv": [53, 69], "mirror": true},
						{"origin": [-1.81505, 12.36335, -2.65], "size": [0.5, 1.35, 0.6], "pivot": [-1.56505, 13.03835, -2.3925], "rotation": [-1.84819, -2.6857, -17.09904], "uv": [40, 74], "mirror": true},
						{"origin": [-2.8, 12.05896, -2.70306], "size": [1.2, 1.65, 0.6], "pivot": [-2.2, 12.88396, -2.30306], "rotation": [-4, 0, 0], "uv": [39, 74], "mirror": true},
						{"origin": [-0.80385, 4.05168, -1.97048], "size": [0.5, 7.9, 2.2], "pivot": [-0.55385, 8.00168, -0.87048], "rotation": [3.62949, 6.93669, 1.12827], "uv": [44, 67]},
						{"origin": [-0.64635, 10.02539, 1.85695], "size": [0.5, 2, 0.5], "pivot": [-0.39635, 10.67539, 1.90695], "rotation": [13.13952, -0.06133, 1.29527], "uv": [50, 69]},
						{"origin": [-0.70385, 4.15168, -0.07048], "size": [0.5, 7.9, 2], "pivot": [-0.55385, 8.00168, -0.87048], "rotation": [-1.36048, -0.06133, 1.29527], "uv": [44, 67]},
						{"origin": [-0.70451, 3.30669, 1.83149], "size": [0.5, 7, 0.5], "pivot": [-0.45451, 8.05669, 0.93149], "rotation": [-3.86048, -0.06133, 1.29527], "uv": [53, 69]},
						{"origin": [-4.09615, 4.05168, -1.97048], "size": [0.5, 7.9, 2.2], "pivot": [-3.84615, 8.00168, -0.87048], "rotation": [3.62949, -6.93669, -1.12827], "uv": [44, 67], "mirror": true},
						{"origin": [-4.19615, 4.15168, -0.07048], "size": [0.5, 7.9, 2], "pivot": [-3.84615, 8.00168, -0.87048], "rotation": [-1.36048, 0.06133, -1.29527], "uv": [44, 67], "mirror": true},
						{"origin": [-4.25365, 10.02539, 1.85695], "size": [0.5, 2, 0.5], "pivot": [-4.00365, 10.67539, 1.90695], "rotation": [13.13952, 0.06133, -1.29527], "uv": [50, 69], "mirror": true},
						{"origin": [-4.09615, 4.05168, -1.97048], "size": [0.5, 7.9, 2.2], "pivot": [-3.84615, 8.00168, -0.87048], "rotation": [3.62949, -6.93669, -1.12827], "uv": [59, 50], "mirror": true},
						{"origin": [-4.19615, 4.15168, -0.07048], "size": [0.5, 7.9, 2], "pivot": [-3.84615, 8.00168, -0.87048], "rotation": [-1.36048, 0.06133, -1.29527], "uv": [60, 51], "mirror": true},
						{"origin": [-4.25365, 10.02539, 1.85695], "size": [0.5, 2, 0.5], "pivot": [-4.00365, 10.67539, 1.90695], "rotation": [13.13952, 0.06133, -1.29527], "uv": [62, 53], "mirror": true},
						{"origin": [-4.19549, 3.30669, 1.83149], "size": [0.5, 7, 0.5], "pivot": [-3.94549, 8.05669, 0.93149], "rotation": [-3.86048, 0.06133, -1.29527], "uv": [62, 53], "mirror": true},
						{"origin": [-3.9, 2, -1.9], "size": [3.4, 10, 4], "pivot": [-2.2, 7, 0.1], "rotation": [1, 0, 0], "uv": [46, 40], "mirror": true}
					]
				},
				{
					"name": "RightFoot",
					"parent": "RightLowerLeg",
					"pivot": [-2.1875, 2.5, 0.1375],
					"cubes": [
						{"origin": [-4.125, 0.1, -2.1], "size": [3.875, 3.9, 4.375], "uv": [19, 78], "mirror": true},
						{"origin": [-3.625, 1.875, -4.4], "size": [2.875, 1, 3.5], "pivot": [-2.6875, 2.7, -2.9], "rotation": [37.5, 0, 0], "uv": [30, 83], "mirror": true},
						{"origin": [-4.075, 0.8, -4.35], "size": [3.775, 1.8, 3.05], "pivot": [0, 0.2, 0], "rotation": [5, 0, 0], "uv": [20, 86], "mirror": true},
						{"origin": [-4.275, 0.1, -1.05], "size": [4.175, 1.1, 1.65], "pivot": [0, 0, 0], "rotation": [7.5, 0, 0], "uv": [18, 90], "mirror": true},
						{"origin": [-4.275, 0, -4.85], "size": [2.075, 1.6, 1.65], "uv": [28, 90], "mirror": true},
						{"origin": [-4.275, 0, 0.65], "size": [4.175, 1.4, 1.85], "uv": [18, 90], "mirror": true},
						{"origin": [-4.275, 0, -4.65], "size": [4.175, 1.1, 3.65], "uv": [7, 90], "mirror": true},
						{"origin": [-1.975, 0, -4.85], "size": [1.875, 1.6, 1.65], "uv": [21, 92], "mirror": true}
					]
				},
				{
					"name": "Skirt",
					"parent": "DownBody",
					"pivot": [0, 23.85, 0.1]
				},
				{
					"name": "molang",
					"parent": "Root",
					"pivot": [0, -0.35, 0]
				}
			]
		}
	]
}